sza_deg,vza_deg,raa_deg,rep_eI,rep_eP,med_eI,med_eP,q25_eP,slope
25,0,0,7.451278332890054e-08,0.0535670249719743,5.219192403353983e-06,0.03510840600941195,0.006390050036746675,1.9417041419996022
25,0,5,7.451278332890054e-08,0.05356702395697691,5.219192403353983e-06,0.035108406085643,0.0063900507966156055,1.9417041544036258
25,0,10,7.451278332890054e-08,0.05356702379849184,5.219192403353983e-06,0.035108406145986246,0.0063900513738564405,1.9417041758638973
25,0,15,7.451278332890054e-08,0.05356702379798751,5.219192403353983e-06,0.035108408107009964,0.006390052509652836,1.9417042012402477
25,0,20,7.451278332890054e-08,0.0535670244853471,5.219192403353983e-06,0.035108406383502946,0.006390053131166994,1.941704162546096
25,0,25,7.451278332890054e-08,0.0535670244853471,5.219192403353983e-06,0.035108406383502946,0.006390053131166994,1.941704162546096
25,0,30,7.451278332890054e-08,0.05356702379798751,5.219192403353983e-06,0.035108408107009964,0.006390052509652836,1.9417042012402477
25,0,35,7.451278332890054e-08,0.05356702379849184,5.219192403353983e-06,0.035108406145986246,0.0063900513738564405,1.9417041758638973
25,0,40,7.451278332890054e-08,0.05356702395697691,5.219192403353983e-06,0.035108406085643,0.0063900507966156055,1.9417041544036258
25,0,45,7.451278332890054e-08,0.0535670249719743,5.219192403353983e-06,0.03510840600941195,0.006390050036746675,1.9417041419996022
25,0,50,7.451278332890054e-08,0.05356702395697691,5.219192403353983e-06,0.035108406085643,0.0063900507966156055,1.9417041544036258
25,0,55,7.451278332890054e-08,0.05356702379849184,5.219192403353983e-06,0.035108406145986246,0.0063900513738564405,1.9417041758638973
25,0,60,7.451278332890054e-08,0.05356702379798751,5.219192403353983e-06,0.035108408107009964,0.006390052509652836,1.9417042012402477
25,0,65,7.451278332890054e-08,0.0535670244853471,5.219192403353983e-06,0.035108406383502946,0.006390053131166994,1.941704162546096
25,0,70,7.451278332890054e-08,0.0535670244853471,5.219192403353983e-06,0.035108406383502946,0.006390053131166994,1.941704162546096
25,0,75,7.451278332890054e-08,0.05356702379798751,5.219192403353983e-06,0.035108408107009964,0.006390052509652836,1.9417042012402477
25,0,80,7.451278332890054e-08,0.05356702379849184,5.219192403353983e-06,0.035108406145986246,0.0063900513738564405,1.9417041758638973
25,0,85,7.451278332890054e-08,0.05356702395697691,5.219192403353983e-06,0.035108406085643,0.0063900507966156055,1.9417041544036258
25,0,90,7.451278332890054e-08,0.0535670249719743,5.219192403353983e-06,0.03510840600941195,0.006390050036746675,1.9417041419996022
25,0,95,7.451278332890054e-08,0.05356702395697691,5.219192403353983e-06,0.035108406085643,0.0063900507966156055,1.9417041544036258
25,0,100,7.451278332890054e-08,0.05356702379849184,5.219192403353983e-06,0.035108406145986246,0.0063900513738564405,1.9417041758638973
25,0,105,7.451278332890054e-08,0.05356702379798751,5.219192403353983e-06,0.035108408107009964,0.006390052509652836,1.9417042012402477
25,0,110,7.451278332890054e-08,0.0535670244853471,5.219192403353983e-06,0.035108406383502946,0.006390053131166994,1.941704162546096
25,0,115,7.451278332890054e-08,0.0535670244853471,5.219192403353983e-06,0.035108406383502946,0.006390053131166994,1.941704162546096
25,0,120,7.451278332890054e-08,0.05356702379798751,5.219192403353983e-06,0.035108408107009964,0.006390052509652836,1.9417042012402477
25,0,125,7.451278332890054e-08,0.05356702379849184,5.219192403353983e-06,0.035108406145986246,0.0063900513738564405,1.9417041758638973
25,0,130,7.451278332890054e-08,0.05356702395697691,5.219192403353983e-06,0.035108406085643,0.0063900507966156055,1.9417041544036258
25,0,135,7.451278332890054e-08,0.0535670249719743,5.219192403353983e-06,0.03510840600941195,0.006390050036746675,1.9417041419996022
25,0,140,7.451278332890054e-08,0.05356702395697691,5.219192403353983e-06,0.035108406085643,0.0063900507966156055,1.9417041544036258
25,0,145,7.451278332890054e-08,0.05356702379849184,5.219192403353983e-06,0.035108406145986246,0.0063900513738564405,1.9417041758638973
25,0,150,7.451278332890054e-08,0.05356702379798751,5.219192403353983e-06,0.035108408107009964,0.006390052509652836,1.9417042012402477
25,0,155,7.451278332890054e-08,0.0535670244853471,5.219192403353983e-06,0.035108406383502946,0.006390053131166994,1.941704162546096
25,0,160,7.451278332890054e-08,0.0535670244853471,5.219192403353983e-06,0.035108406383502946,0.006390053131166994,1.941704162546096
25,0,165,7.451278332890054e-08,0.05356702379798751,5.219192403353983e-06,0.035108408107009964,0.006390052509652836,1.9417042012402477
25,0,170,7.451278332890054e-08,0.05356702379849184,5.219192403353983e-06,0.035108406145986246,0.0063900513738564405,1.9417041758638973
25,0,175,7.451278332890054e-08,0.05356702395697691,5.219192403353983e-06,0.035108406085643,0.0063900507966156055,1.9417041544036258
25,0,180,7.451278332890054e-08,0.0535670249719743,5.219192403353983e-06,0.03510840600941195,0.006390050036746675,1.9417041419996022
25,0,185,7.451278332890054e-08,0.05356702395697691,5.219192403353983e-06,0.035108406085643,0.0063900507966156055,1.9417041544036258
25,0,190,7.451278332890054e-08,0.05356702379849184,5.219192403353983e-06,0.035108406145986246,0.0063900513738564405,1.9417041758638973
25,0,195,7.451278332890054e-08,0.05356702379798751,5.219192403353983e-06,0.035108408107009964,0.006390052509652836,1.9417042012402477
25,0,200,7.451278332890054e-08,0.0535670244853471,5.219192403353983e-06,0.035108406383502946,0.006390053131166994,1.941704162546096
25,0,205,7.451278332890054e-08,0.0535670244853471,5.219192403353983e-06,0.035108406383502946,0.006390053131166994,1.941704162546096
25,0,210,7.451278332890054e-08,0.05356702379798751,5.219192403353983e-06,0.035108408107009964,0.006390052509652836,1.9417042012402477
25,0,215,7.451278332890054e-08,0.05356702379849184,5.219192403353983e-06,0.035108406145986246,0.0063900513738564405,1.9417041758638973
25,0,220,7.451278332890054e-08,0.05356702395697691,5.219192403353983e-06,0.035108406085643,0.0063900507966156055,1.9417041544036258
25,0,225,7.451278332890054e-08,0.0535670249719743,5.219192403353983e-06,0.03510840600941195,0.006390050036746675,1.9417041419996022
25,0,230,7.451278332890054e-08,0.05356702395697691,5.219192403353983e-06,0.035108406085643,0.0063900507966156055,1.9417041544036258
25,0,235,7.451278332890054e-08,0.05356702379849184,5.219192403353983e-06,0.035108406145986246,0.0063900513738564405,1.9417041758638973
25,0,240,7.451278332890054e-08,0.05356702379798751,5.219192403353983e-06,0.035108408107009964,0.006390052509652836,1.9417042012402477
25,0,245,7.451278332890054e-08,0.0535670244853471,5.219192403353983e-06,0.035108406383502946,0.006390053131166994,1.941704162546096
25,0,250,7.451278332890054e-08,0.0535670244853471,5.219192403353983e-06,0.035108406383502946,0.006390053131166994,1.941704162546096
25,0,255,7.451278332890054e-08,0.05356702379798751,5.219192403353983e-06,0.035108408107009964,0.006390052509652836,1.9417042012402477
25,0,260,7.451278332890054e-08,0.05356702379849184,5.219192403353983e-06,0.035108406145986246,0.0063900513738564405,1.9417041758638973
25,0,265,7.451278332890054e-08,0.05356702395697691,5.219192403353983e-06,0.035108406085643,0.0063900507966156055,1.9417041544036258
25,0,270,7.451278332890054e-08,0.0535670249719743,5.219192403353983e-06,0.03510840600941195,0.006390050036746675,1.9417041419996022
25,0,275,7.451278332890054e-08,0.05356702395697691,5.219192403353983e-06,0.035108406085643,0.0063900507966156055,1.9417041544036258
25,0,280,7.451278332890054e-08,0.05356702379849184,5.219192403353983e-06,0.035108406145986246,0.0063900513738564405,1.9417041758638973
25,0,285,7.451278332890054e-08,0.05356702379798751,5.219192403353983e-06,0.035108408107009964,0.006390052509652836,1.9417042012402477
25,0,290,7.451278332890054e-08,0.0535670244853471,5.219192403353983e-06,0.035108406383502946,0.006390053131166994,1.941704162546096
25,0,295,7.451278332890054e-08,0.0535670244853471,5.219192403353983e-06,0.035108406383502946,0.006390053131166994,1.941704162546096
25,0,300,7.451278332890054e-08,0.05356702379798751,5.219192403353983e-06,0.035108408107009964,0.006390052509652836,1.9417042012402477
25,0,305,7.451278332890054e-08,0.05356702379849184,5.219192403353983e-06,0.035108406145986246,0.0063900513738564405,1.9417041758638973
25,0,310,7.451278332890054e-08,0.05356702395697691,5.219192403353983e-06,0.035108406085643,0.0063900507966156055,1.9417041544036258
25,0,315,7.451278332890054e-08,0.0535670249719743,5.219192403353983e-06,0.03510840600941195,0.006390050036746675,1.9417041419996022
25,0,320,7.451278332890054e-08,0.05356702395697691,5.219192403353983e-06,0.035108406085643,0.0063900507966156055,1.9417041544036258
25,0,325,7.451278332890054e-08,0.05356702379849184,5.219192403353983e-06,0.035108406145986246,0.0063900513738564405,1.9417041758638973
25,0,330,7.451278332890054e-08,0.05356702379798751,5.219192403353983e-06,0.035108408107009964,0.006390052509652836,1.9417042012402477
25,0,335,7.451278332890054e-08,0.0535670244853471,5.219192403353983e-06,0.035108406383502946,0.006390053131166994,1.941704162546096
25,0,340,7.451278332890054e-08,0.0535670244853471,5.219192403353983e-06,0.035108406383502946,0.006390053131166994,1.941704162546096
25,0,345,7.451278332890054e-08,0.05356702379798751,5.219192403353983e-06,0.035108408107009964,0.006390052509652836,1.9417042012402477
25,0,350,7.451278332890054e-08,0.05356702379849184,5.219192403353983e-06,0.035108406145986246,0.0063900513738564405,1.9417041758638973
25,0,355,7.451278332890054e-08,0.05356702395697691,5.219192403353983e-06,0.035108406085643,0.0063900507966156055,1.9417041544036258
25,5,0,4.3521706645510694e-07,0.03503429109795939,2.2454092780806786e-05,0.021593926584218374,0.00827118324825304,1.4107050881677146
25,5,5,5.763618975036799e-07,0.03513440336951521,2.241065088665669e-05,0.021690412287692716,0.00821732821163465,1.4142150906451265
25,5,10,4.3530313218256844e-07,0.03541379059947828,2.228732037957027e-05,0.021973532465614475,0.008060682674949178,1.42469977316861
25,5,15,3.458001689715662e-07,0.035845202322319136,2.2106934792678846e-05,0.022424853682899988,0.007818130498317925,1.4420317746778974
25,5,20,5.417050801016787e-07,0.036380443761742834,2.1910571142118394e-05,0.023014969720316414,0.007523406693561179,1.4660225977056245
25,5,25,2.5119151751684665e-08,0.03699661520408212,2.171720192051989e-05,0.023705048567663374,0.007229792672107205,1.4963936376663187
25,5,30,1.981023844722929e-07,0.03770013178979161,2.1508545762620804e-05,0.02445113404154973,0.007003272736971274,1.5326151550200513
25,5,35,4.894219470634453e-07,0.0385120090098633,2.1258369897029583e-05,0.025213540691178916,0.006902003026665288,1.5736503277220761
25,5,40,3.49599783355109e-07,0.039462909405052524,1.890751223947184e-05,0.027990240268807837,0.0069475500380748335,1.6178847596762385
25,5,45,4.234151687911025e-07,0.04057540226004128,1.8378175179143644e-05,0.028778720748255243,0.0071029800616467876,1.6635008563559612
25,5,50,1.4334372831076303e-07,0.041832499033452854,1.98335276036638e-05,0.029568363418156676,0.00727350958557391,1.7091841816213793
25,5,55,3.9321647474915844e-07,0.04317554717639269,1.8652009052855332e-05,0.028398600517276246,0.0073348750670026094,1.7546400082739702
25,5,60,5.403939895079479e-07,0.04452660025982798,1.696418927094501e-05,0.029429567162900384,0.007179004800444359,1.8004412112081565
25,5,65,1.8116564542980385e-07,0.045838643827981924,1.498822610664194e-05,0.030642163893138747,0.0067563796119613035,1.8472257762576576
25,5,70,1.7306252857868243e-07,0.04713688598259174,1.3036019956561484e-05,0.032026608719962504,0.006216180295254356,1.8947197547600019
25,5,75,6.295469516248708e-07,0.048534486982090584,1.1441666316201705e-05,0.033524429735737965,0.0056360575467231016,1.9411448234377744
25,5,80,6.061697950705824e-07,0.05014938489362799,1.0544120689219387e-05,0.03426424954938467,0.0055890689017179945,1.8794496275340848
25,5,85,2.155667052500254e-08,0.05202756031870437,9.623624458811103e-06,0.03484982135515367,0.005641928139353126,1.923111464635427
25,5,90,3.774422549264467e-07,0.05378084431097885,8.781068069104846e-06,0.038584385488161704,0.005741965172332563,1.9639677473538697
25,5,95,4.5154643635303415e-07,0.055335043693735785,6.035704014991858e-06,0.03951967592007201,0.005895307734158885,2.0002904625755917
25,5,100,4.7208326046585536e-07,0.05681019731519825,7.657673819136011e-06,0.03791011241111405,0.006041866851011068,2.0311266648801913
25,5,105,3.8580565366388986e-07,0.05819077568612034,7.239137601086805e-06,0.03621237638087714,0.006168355692625658,2.084353397731742
25,5,110,7.008107510975137e-09,0.05952747867387476,7.035308345678922e-06,0.03758717102722087,0.006271527887567844,2.1314714554316363
25,5,115,4.8568550112260134e-08,0.060735871435576017,7.5741360309076675e-06,0.03611182704763699,0.006355472455041904,2.1717477660303315
25,5,120,2.1575319201008747e-07,0.06176500918953038,6.760491748585831e-06,0.03469718358750222,0.006453504408287152,2.1991456715633113
25,5,125,2.9386947095894067e-07,0.06257323631319002,7.0153882654132825e-06,0.0336312180470823,0.006564158888396533,2.1574541668128515
25,5,130,5.705186758818426e-07,0.06318447354711862,7.176766217766766e-06,0.03242202914565472,0.006669486570059531,2.16908995510201
25,5,135,6.589549460742083e-07,0.06373504909397353,7.263760924685432e-06,0.039076572333080685,0.006845288028408997,2.2794419495857228
25,5,140,1.2803300390197558e-07,0.0641583410378215,5.2126908988837754e-06,0.03828410362026592,0.007030000577515332,2.295253078035934
25,5,145,5.661192999176223e-07,0.06451373178521916,5.175319824750075e-06,0.03752005598057712,0.00704164267462655,2.3073590723402893
25,5,150,3.5855000195261777e-07,0.06476535665685061,5.135292376739218e-06,0.03678786951338486,0.0070557947569379175,2.3162225592129557
25,5,155,2.3721973399504215e-07,0.0649550445053457,5.102771848450489e-06,0.03612225207701915,0.007087522660487004,2.3000969966447666
25,5,160,1.689414574467668e-07,0.06509779321652279,5.083402960933845e-06,0.03555384618229626,0.007118055010300924,2.2370193408349364
25,5,165,2.6584963931652883e-07,0.06520912997473544,5.071269556482976e-06,0.035104111750495395,0.0071392339731968695,2.1874676739115104
25,5,170,6.830474431722411e-07,0.06526606361928533,5.584001304142442e-06,0.03474302962791417,0.007143909504577777,2.1480689324039104
25,5,175,4.138685107020479e-07,0.06531546151713731,7.261070780660789e-06,0.034498424071945824,0.007147208546939111,2.1216029665885787
25,5,180,6.949028918661754e-07,0.06529462695668176,7.255093108966349e-06,0.03441566384842741,0.007151756819244905,2.1126875025477636
25,5,185,4.138685107020479e-07,0.06531546151713731,7.261070780660789e-06,0.034498424071945824,0.007147208546939111,2.1216029665885787
25,5,190,6.830474431722411e-07,0.06526606361928533,5.584001304142442e-06,0.03474302962791417,0.007143909504577777,2.1480689324039104
25,5,195,2.6584963931652883e-07,0.06520912997473544,5.071269556482976e-06,0.035104111750495395,0.0071392339731968695,2.1874676739115104
25,5,200,1.689414574467668e-07,0.06509779321652279,5.083402960933845e-06,0.03555384618229626,0.007118055010300924,2.2370193408349364
25,5,205,2.3721973399504215e-07,0.0649550445053457,5.102771848450489e-06,0.03612225207701915,0.007087522660487004,2.3000969966447666
25,5,210,3.5855000195261777e-07,0.06476535665685061,5.135292376739218e-06,0.03678786951338486,0.0070557947569379175,2.3162225592129557
25,5,215,5.661192999176223e-07,0.06451373178521916,5.175319824750075e-06,0.03752005598057712,0.00704164267462655,2.3073590723402893
25,5,220,1.2803300390197558e-07,0.0641583410378215,5.2126908988837754e-06,0.03828410362026592,0.007030000577515332,2.295253078035934
25,5,225,6.589549460742083e-07,0.06373504909397353,7.263760924685432e-06,0.039076572333080685,0.006845288028408997,2.2794419495857228
25,5,230,5.705186758818426e-07,0.06318447354711862,7.176766217766766e-06,0.03242202914565472,0.006669486570059531,2.16908995510201
25,5,235,2.9386947095894067e-07,0.06257323631319002,7.0153882654132825e-06,0.0336312180470823,0.006564158888396533,2.1574541668128515
25,5,240,2.1575319201008747e-07,0.06176500918953038,6.760491748585831e-06,0.03469718358750222,0.006453504408287152,2.1991456715633113
25,5,245,4.8568550112260134e-08,0.060735871435576017,7.5741360309076675e-06,0.03611182704763699,0.006355472455041904,2.1717477660303315
25,5,250,7.008107510975137e-09,0.05952747867387476,7.035308345678922e-06,0.03758717102722087,0.006271527887567844,2.1314714554316363
25,5,255,3.8580565366388986e-07,0.05819077568612034,7.239137601086805e-06,0.03621237638087714,0.006168355692625658,2.084353397731742
25,5,260,4.7208326046585536e-07,0.05681019731519825,7.657673819136011e-06,0.03791011241111405,0.006041866851011068,2.0311266648801913
25,5,265,4.5154643635303415e-07,0.055335043693735785,6.035704014991858e-06,0.03951967592007201,0.005895307734158885,2.0002904625755917
25,5,270,3.774422549264467e-07,0.05378084431097885,8.781068069104846e-06,0.038584385488161704,0.005741965172332563,1.9639677473538697
25,5,275,2.155667052500254e-08,0.05202756031870437,9.623624458811103e-06,0.03484982135515367,0.005641928139353126,1.923111464635427
25,5,280,6.061697950705824e-07,0.05014938489362799,1.0544120689219387e-05,0.03426424954938467,0.0055890689017179945,1.8794496275340848
25,5,285,6.295469516248708e-07,0.048534486982090584,1.1441666316201705e-05,0.033524429735737965,0.0056360575467231016,1.9411448234377744
25,5,290,1.7306252857868243e-07,0.04713688598259174,1.3036019956561484e-05,0.032026608719962504,0.006216180295254356,1.8947197547600019
25,5,295,1.8116564542980385e-07,0.045838643827981924,1.498822610664194e-05,0.030642163893138747,0.0067563796119613035,1.8472257762576576
25,5,300,5.403939895079479e-07,0.04452660025982798,1.696418927094501e-05,0.029429567162900384,0.007179004800444359,1.8004412112081565
25,5,305,3.9321647474915844e-07,0.04317554717639269,1.8652009052855332e-05,0.028398600517276246,0.0073348750670026094,1.7546400082739702
25,5,310,1.4334372831076303e-07,0.041832499033452854,1.98335276036638e-05,0.029568363418156676,0.00727350958557391,1.7091841816213793
25,5,315,4.234151687911025e-07,0.04057540226004128,1.8378175179143644e-05,0.028778720748255243,0.0071029800616467876,1.6635008563559612
25,5,320,3.49599783355109e-07,0.039462909405052524,1.890751223947184e-05,0.027990240268807837,0.0069475500380748335,1.6178847596762385
25,5,325,4.894219470634453e-07,0.0385120090098633,2.1258369897029583e-05,0.025213540691178916,0.006902003026665288,1.5736503277220761
25,5,330,1.981023844722929e-07,0.03770013178979161,2.1508545762620804e-05,0.02445113404154973,0.007003272736971274,1.5326151550200513
25,5,335,2.5119151751684665e-08,0.03699661520408212,2.171720192051989e-05,0.023705048567663374,0.007229792672107205,1.4963936376663187
25,5,340,5.417050801016787e-07,0.036380443761742834,2.1910571142118394e-05,0.023014969720316414,0.007523406693561179,1.4660225977056245
25,5,345,3.458001689715662e-07,0.035845202322319136,2.2106934792678846e-05,0.022424853682899988,0.007818130498317925,1.4420317746778974
25,5,350,4.3530313218256844e-07,0.03541379059947828,2.228732037957027e-05,0.021973532465614475,0.008060682674949178,1.42469977316861
25,5,355,5.763618975036799e-07,0.03513440336951521,2.241065088665669e-05,0.021690412287692716,0.00821732821163465,1.4142150906451265
25,10,0,8.946415629151883e-09,0.020192650222819363,3.87584250392866e-05,0.011052872063847124,0.006091242277320986,0.8369894500422674
25,10,5,1.705947352704379e-07,0.020192221577618172,3.782018257544569e-05,0.011168505672975691,0.006223521118699989,0.8358648357483702
25,10,10,1.818731134133056e-07,0.020145337400290477,3.523847383028571e-05,0.011533340178669065,0.006594432256751997,0.8351673522440314
25,10,15,1.4741257173961353e-07,0.01989455858219564,3.279706827593394e-05,0.012079479248887772,0.007026723432905457,0.8416807461017731
25,10,20,3.8842074952250005e-08,0.019811441430017528,3.273676585529672e-05,0.012639532923926817,0.007180724503400191,0.8646639466586834
25,10,25,1.3054340665397124e-07,0.02025103001792191,3.192623686355746e-05,0.01302215766435378,0.007230293341680013,0.9163004530359864
25,10,30,1.1185753513720531e-07,0.021276040746557486,3.7622609771232165e-05,0.013064409408470682,0.007107929681335039,0.9749776666918788
25,10,35,3.280739820157863e-07,0.022860869476083023,3.405792150536105e-05,0.014658167223692238,0.006840415978527716,0.9419293029398592
25,10,40,9.776765466651405e-09,0.024822704438596407,3.124328305462989e-05,0.016921149284101523,0.006518542774234708,1.1001795696171266
25,10,45,3.926478304161485e-07,0.027078856967540463,3.049451903275281e-05,0.018557920087642583,0.006066348754274815,1.2023577890631443
25,10,50,5.058586671040366e-07,0.029421138210493424,2.552370911988928e-05,0.022303989333719472,0.005503604228839725,1.3240864171070368
25,10,55,6.214951178036554e-07,0.031951365896356436,2.6461094274784136e-05,0.02428981640333016,0.006089416357404533,1.446995013058019
25,10,60,9.816309762961106e-08,0.034842851891327326,2.5445795983026912e-05,0.02610602750421857,0.0070788540325245185,1.5588882270079019
25,10,65,2.1188522662113352e-07,0.037929041904719456,2.2552971564369223e-05,0.028327981944472894,0.007410682570879833,1.6628411707226949
25,10,70,4.978186359562431e-07,0.040746608881625616,2.6657033099282672e-05,0.02889303039675779,0.006656799258012833,1.7675279155278112
25,10,75,4.585062143951102e-07,0.04357533891334841,2.4710095556151153e-05,0.03203294676852384,0.005908144662277707,1.869308376339586
25,10,80,5.845311104243911e-08,0.04664211211631138,2.3887691182527876e-05,0.03366491223732673,0.005547978120492002,1.8465844808499512
25,10,85,4.705298051431439e-07,0.05008599041776735,1.7628964891208384e-05,0.03811026809122135,0.005408341981547171,1.9292637894770084
25,10,90,3.1878997752352034e-07,0.05363788354045392,1.8827579654222097e-05,0.03441762752115288,0.005214947620781778,2.016621328578106
25,10,95,2.8307340598290875e-08,0.05652624555081622,1.4448062247390207e-05,0.03399522427581117,0.005008200279073718,2.112411536045448
25,10,100,9.191766172853e-09,0.05857514807794667,9.213871974252455e-06,0.03926960454852002,0.004851395318324975,2.1831900427378717
25,10,105,5.465561110883088e-07,0.060126796942209244,8.303561492483454e-06,0.036245690905269135,0.0047472949912237584,2.0204452186669233
25,10,110,4.57325104412723e-07,0.06129957231722062,7.163880390068057e-06,0.035341445758428854,0.005144651799403471,1.9627688824025828
25,10,115,5.491676986803251e-07,0.06198092530537386,6.4727660120682175e-06,0.03367818162418928,0.0049026046351524875,1.9692901450587739
25,10,120,4.09804885786319e-07,0.06180280740409236,5.226379007337769e-06,0.031202164792358322,0.004728506771974457,2.0001361720788724
25,10,125,7.848840301652449e-08,0.060538550842980696,5.966834701866264e-06,0.02944701588743547,0.0046032215877975634,1.9790200815509675
25,10,130,1.318681024375934e-07,0.05915053099811845,2.9798241483400267e-06,0.02904360301666514,0.004210728209223076,1.9485682049266821
25,10,135,3.4989607841304227e-08,0.057007361906661246,1.2794199794848634e-06,0.031257117633279576,0.0046879319872321894,1.9798901637299493
25,10,140,1.0425374612384186e-07,0.05457713754368554,1.1851169720870827e-06,0.03428628471669825,0.0046259724078402415,2.36101569158153
25,10,145,6.225881884688866e-08,0.05321327579770409,1.0651741222914186e-06,0.036761272794736864,0.004625868017649477,2.711225782169418
25,10,150,1.6895175886273706e-07,0.052463660219814245,1.1038977450930198e-06,0.038475505362504284,0.004696748753923951,2.8788987526973173
25,10,155,1.400359481464053e-07,0.051714669333138855,1.3459013418924345e-06,0.03965453133500619,0.0047671308877421745,2.7689744845843594
25,10,160,2.1285188184921866e-08,0.050699122089488166,1.3361981805902132e-06,0.040609937937410495,0.004805562000699855,2.696421664634896
25,10,165,1.8933558939247808e-07,0.04970882180384166,1.5519024321320862e-06,0.03977054274749853,0.004837620412598092,2.7241490368522294
25,10,170,8.257426645751076e-08,0.04897759141373285,1.7281750519990407e-06,0.03916561070319346,0.004876689511672309,2.736604202962645
25,10,175,1.0290454950136196e-07,0.04869761239478575,1.5664622759026074e-06,0.038827623025449086,0.004915843325446165,2.7369760951608013
25,10,180,1.3768046151774183e-07,0.04863813989879239,1.4377806242878328e-06,0.038720744080931235,0.00493653745577053,2.7351020769784187
25,10,185,1.0290454950136196e-07,0.04869761239478575,1.5664622759026074e-06,0.038827623025449086,0.004915843325446165,2.7369760951608013
25,10,190,8.257426645751076e-08,0.04897759141373285,1.7281750519990407e-06,0.03916561070319346,0.004876689511672309,2.736604202962645
25,10,195,1.8933558939247808e-07,0.04970882180384166,1.5519024321320862e-06,0.03977054274749853,0.004837620412598092,2.7241490368522294
25,10,200,2.1285188184921866e-08,0.050699122089488166,1.3361981805902132e-06,0.040609937937410495,0.004805562000699855,2.696421664634896
25,10,205,1.400359481464053e-07,0.051714669333138855,1.3459013418924345e-06,0.03965453133500619,0.0047671308877421745,2.7689744845843594
25,10,210,1.6895175886273706e-07,0.052463660219814245,1.1038977450930198e-06,0.038475505362504284,0.004696748753923951,2.8788987526973173
25,10,215,6.225881884688866e-08,0.05321327579770409,1.0651741222914186e-06,0.036761272794736864,0.004625868017649477,2.711225782169418
25,10,220,1.0425374612384186e-07,0.05457713754368554,1.1851169720870827e-06,0.03428628471669825,0.0046259724078402415,2.36101569158153
25,10,225,3.4989607841304227e-08,0.057007361906661246,1.2794199794848634e-06,0.031257117633279576,0.0046879319872321894,1.9798901637299493
25,10,230,1.318681024375934e-07,0.05915053099811845,2.9798241483400267e-06,0.02904360301666514,0.004210728209223076,1.9485682049266821
25,10,235,7.848840301652449e-08,0.060538550842980696,5.966834701866264e-06,0.02944701588743547,0.0046032215877975634,1.9790200815509675
25,10,240,4.09804885786319e-07,0.06180280740409236,5.226379007337769e-06,0.031202164792358322,0.004728506771974457,2.0001361720788724
25,10,245,5.491676986803251e-07,0.06198092530537386,6.4727660120682175e-06,0.03367818162418928,0.0049026046351524875,1.9692901450587739
25,10,250,4.57325104412723e-07,0.06129957231722062,7.163880390068057e-06,0.035341445758428854,0.005144651799403471,1.9627688824025828
25,10,255,5.465561110883088e-07,0.060126796942209244,8.303561492483454e-06,0.036245690905269135,0.0047472949912237584,2.0204452186669233
25,10,260,9.191766172853e-09,0.05857514807794667,9.213871974252455e-06,0.03926960454852002,0.004851395318324975,2.1831900427378717
25,10,265,2.8307340598290875e-08,0.05652624555081622,1.4448062247390207e-05,0.03399522427581117,0.005008200279073718,2.112411536045448
25,10,270,3.1878997752352034e-07,0.05363788354045392,1.8827579654222097e-05,0.03441762752115288,0.005214947620781778,2.016621328578106
25,10,275,4.705298051431439e-07,0.05008599041776735,1.7628964891208384e-05,0.03811026809122135,0.005408341981547171,1.9292637894770084
25,10,280,5.845311104243911e-08,0.04664211211631138,2.3887691182527876e-05,0.03366491223732673,0.005547978120492002,1.8465844808499512
25,10,285,4.585062143951102e-07,0.04357533891334841,2.4710095556151153e-05,0.03203294676852384,0.005908144662277707,1.869308376339586
25,10,290,4.978186359562431e-07,0.040746608881625616,2.6657033099282672e-05,0.02889303039675779,0.006656799258012833,1.7675279155278112
25,10,295,2.1188522662113352e-07,0.037929041904719456,2.2552971564369223e-05,0.028327981944472894,0.007410682570879833,1.6628411707226949
25,10,300,9.816309762961106e-08,0.034842851891327326,2.5445795983026912e-05,0.02610602750421857,0.0070788540325245185,1.5588882270079019
25,10,305,6.214951178036554e-07,0.031951365896356436,2.6461094274784136e-05,0.02428981640333016,0.006089416357404533,1.446995013058019
25,10,310,5.058586671040366e-07,0.029421138210493424,2.552370911988928e-05,0.022303989333719472,0.005503604228839725,1.3240864171070368
25,10,315,3.926478304161485e-07,0.027078856967540463,3.049451903275281e-05,0.018557920087642583,0.006066348754274815,1.2023577890631443
25,10,320,9.776765466651405e-09,0.024822704438596407,3.124328305462989e-05,0.016921149284101523,0.006518542774234708,1.1001795696171266
25,10,325,3.280739820157863e-07,0.022860869476083023,3.405792150536105e-05,0.014658167223692238,0.006840415978527716,0.9419293029398592
25,10,330,1.1185753513720531e-07,0.021276040746557486,3.7622609771232165e-05,0.013064409408470682,0.007107929681335039,0.9749776666918788
25,10,335,1.3054340665397124e-07,0.02025103001792191,3.192623686355746e-05,0.01302215766435378,0.007230293341680013,0.9163004530359864
25,10,340,3.8842074952250005e-08,0.019811441430017528,3.273676585529672e-05,0.012639532923926817,0.007180724503400191,0.8646639466586834
25,10,345,1.4741257173961353e-07,0.01989455858219564,3.279706827593394e-05,0.012079479248887772,0.007026723432905457,0.8416807461017731
25,10,350,1.818731134133056e-07,0.020145337400290477,3.523847383028571e-05,0.011533340178669065,0.006594432256751997,0.8351673522440314
25,10,355,1.705947352704379e-07,0.020192221577618172,3.782018257544569e-05,0.011168505672975691,0.006223521118699989,0.8358648357483702
25,15,0,6.761819175191836e-05,0.009597993177673157,4.826022297003117e-05,0.008086308472401018,0.004877703391243653,0.44462802480729935
25,15,5,6.705577969381852e-05,0.00974073218949306,4.7303630922745313e-05,0.007327176528690991,0.0031514885843030816,0.41385099905340095
25,15,10,6.287188130060057e-05,0.010055258714476033,4.363364629729927e-05,0.007341483028398602,0.0021005794048569635,0.4284682058068767
25,15,15,5.14887922613708e-05,0.010328173501953981,3.522329551740224e-05,0.007183051764383127,0.0018683799345353305,0.4229389755318822
25,15,20,3.389181461279159e-05,0.010403018842518508,2.5984703215726265e-05,0.0067545392284483405,0.0024272284913691602,0.4975792828382575
25,15,25,1.4275073307075045e-05,0.01010458996840372,3.0131616210030132e-05,0.0065010641196590144,0.0017425982884893385,0.5064467812397052
25,15,30,2.406755595946858e-08,0.0128567719739765,3.064943654810821e-05,0.008258579795499195,0.004384587234563127,0.6004261898419678
25,15,35,1.6990442013725682e-07,0.01601077189002539,3.853153103809161e-05,0.009655362645510812,0.005242031098911454,0.7128687111372125
25,15,40,2.5601088707305486e-07,0.01616175588262317,4.4263477526899e-05,0.01110431609634153,0.00563956058353405,0.7919426586489191
25,15,45,3.627134303602064e-07,0.016414816945948308,4.8025195301740426e-05,0.01225867172375013,0.005120860314210621,0.7973259912025692
25,15,50,8.136003334588415e-08,0.01915580098619288,4.9280592255581237e-05,0.01467481971081733,0.005099799333105742,0.986904426664785
25,15,55,4.6395443348279386e-07,0.022614039454997393,3.879469817333705e-05,0.01848300590485338,0.005240597383477169,1.188713997485232
25,15,60,6.802464710617406e-08,0.02592465835728811,3.849616302890055e-05,0.0214426964698678,0.00614242788611196,1.3952112457805246
25,15,65,6.24061180336255e-08,0.02982007988390167,3.573516486845879e-05,0.02458610685730632,0.006791290396349098,1.5826153148363984
25,15,70,9.146818297917081e-08,0.03456717874663783,4.5794810199922386e-05,0.02856639948431037,0.0067091210109324765,1.7446880457885081
25,15,75,3.275634800192079e-07,0.04004055503623771,3.256222570468528e-05,0.03408334012479744,0.006622504115535763,1.7538489044213958
25,15,80,9.318011848398478e-08,0.044554356071225265,3.304218961453203e-05,0.03498944446258387,0.006045850418811889,1.8804319425611364
25,15,85,3.0959932223115216e-07,0.048275413276292395,2.151176128283158e-05,0.03144128819896096,0.005692033555671182,2.006829681760873
25,15,90,2.101445801920565e-08,0.05194145269718341,1.6344185870413846e-05,0.03803595337990133,0.005476356360351797,2.142043675698201
25,15,95,3.5791911477851823e-07,0.05434253869284224,2.034575163996767e-05,0.03497141997723859,0.005226314519537621,1.9370422690329914
25,15,100,4.9907334882803855e-08,0.054530458959777164,2.1465816522406138e-05,0.031850683474676594,0.004214369706406373,1.8682407594257777
25,15,105,6.122140982188495e-08,0.052699821445269315,5.978909589481225e-06,0.029571992040721813,0.0040858945295412325,1.7202209780365225
25,15,110,1.9444215570811607e-07,0.048049299183251105,5.1848628353627114e-06,0.031292353926554106,0.003035409776274172,1.797238871130117
25,15,115,4.132955016764028e-08,0.0454547093998433,4.503897763638706e-06,0.03571741220071954,0.0022309093182200533,2.562064220608055
25,15,120,9.683301914562709e-08,0.04356684925099115,3.43014801654825e-06,0.038988757876488846,0.002150243444218624,2.6311929490392267
25,15,125,4.7046790939593575e-08,0.041612904206480464,3.6871405489403725e-06,0.03637065277614328,0.001984459501167558,2.5418927229086274
25,15,130,2.1292457021149236e-07,0.0392888855318824,4.125820818909158e-06,0.03360681907910118,0.0022605392914409883,2.2990334713958243
25,15,135,2.2597261388306034e-07,0.03678946079886334,3.927836561156209e-06,0.031530764356562,0.002146007746654566,2.038476147390077
25,15,140,2.7906092986938746e-07,0.03447448427463062,3.2543740808063226e-06,0.029885533710301185,0.0018283793482584438,1.8695956559014113
25,15,145,1.4993985580653152e-07,0.03236583234668338,3.135566746389649e-06,0.028525903473541336,0.0015765529841051558,1.6134825850200283
25,15,150,1.4180785765614823e-07,0.030419678253286463,2.787288559330265e-06,0.0274721480705423,0.0015085487575739328,1.3637004344458243
25,15,155,1.9985857885838898e-07,0.028623595501708458,2.229333112779624e-06,0.026663619927133952,0.0017183480173333255,1.2925754960084097
25,15,160,2.9894231661289905e-07,0.027304165236362452,2.856471466714276e-06,0.025963854537481436,0.0018936941027257277,1.2297034071058839
25,15,165,2.8226083600806084e-07,0.026502446768028213,3.631744570168575e-06,0.02535517587263891,0.0020471110869396195,1.1891678752117363
25,15,170,1.1114587927796293e-07,0.025975809595505994,4.132668706008976e-06,0.024884932008371184,0.0020736348324182506,1.1759228591930544
25,15,175,1.7404268359052372e-07,0.02556259307911836,4.415799375857843e-06,0.024659610108547107,0.002120221377386938,1.17710734744342
25,15,180,9.850914075345413e-08,0.02537250141891277,4.5573606537905546e-06,0.02460750293001581,0.002147313226274851,1.1796409388401647
25,15,185,1.7404268359052372e-07,0.02556259307911836,4.415799375857843e-06,0.024659610108547107,0.002120221377386938,1.17710734744342
25,15,190,1.1114587927796293e-07,0.025975809595505994,4.132668706008976e-06,0.024884932008371184,0.0020736348324182506,1.1759228591930544
25,15,195,2.8226083600806084e-07,0.026502446768028213,3.631744570168575e-06,0.02535517587263891,0.0020471110869396195,1.1891678752117363
25,15,200,2.9894231661289905e-07,0.027304165236362452,2.856471466714276e-06,0.025963854537481436,0.0018936941027257277,1.2297034071058839
25,15,205,1.9985857885838898e-07,0.028623595501708458,2.229333112779624e-06,0.026663619927133952,0.0017183480173333255,1.2925754960084097
25,15,210,1.4180785765614823e-07,0.030419678253286463,2.787288559330265e-06,0.0274721480705423,0.0015085487575739328,1.3637004344458243
25,15,215,1.4993985580653152e-07,0.03236583234668338,3.135566746389649e-06,0.028525903473541336,0.0015765529841051558,1.6134825850200283
25,15,220,2.7906092986938746e-07,0.03447448427463062,3.2543740808063226e-06,0.029885533710301185,0.0018283793482584438,1.8695956559014113
25,15,225,2.2597261388306034e-07,0.03678946079886334,3.927836561156209e-06,0.031530764356562,0.002146007746654566,2.038476147390077
25,15,230,2.1292457021149236e-07,0.0392888855318824,4.125820818909158e-06,0.03360681907910118,0.0022605392914409883,2.2990334713958243
25,15,235,4.7046790939593575e-08,0.041612904206480464,3.6871405489403725e-06,0.03637065277614328,0.001984459501167558,2.5418927229086274
25,15,240,9.683301914562709e-08,0.04356684925099115,3.43014801654825e-06,0.038988757876488846,0.002150243444218624,2.6311929490392267
25,15,245,4.132955016764028e-08,0.0454547093998433,4.503897763638706e-06,0.03571741220071954,0.0022309093182200533,2.562064220608055
25,15,250,1.9444215570811607e-07,0.048049299183251105,5.1848628353627114e-06,0.031292353926554106,0.003035409776274172,1.797238871130117
25,15,255,6.122140982188495e-08,0.052699821445269315,5.978909589481225e-06,0.029571992040721813,0.0040858945295412325,1.7202209780365225
25,15,260,4.9907334882803855e-08,0.054530458959777164,2.1465816522406138e-05,0.031850683474676594,0.004214369706406373,1.8682407594257777
25,15,265,3.5791911477851823e-07,0.05434253869284224,2.034575163996767e-05,0.03497141997723859,0.005226314519537621,1.9370422690329914
25,15,270,2.101445801920565e-08,0.05194145269718341,1.6344185870413846e-05,0.03803595337990133,0.005476356360351797,2.142043675698201
25,15,275,3.0959932223115216e-07,0.048275413276292395,2.151176128283158e-05,0.03144128819896096,0.005692033555671182,2.006829681760873
25,15,280,9.318011848398478e-08,0.044554356071225265,3.304218961453203e-05,0.03498944446258387,0.006045850418811889,1.8804319425611364
25,15,285,3.275634800192079e-07,0.04004055503623771,3.256222570468528e-05,0.03408334012479744,0.006622504115535763,1.7538489044213958
25,15,290,9.146818297917081e-08,0.03456717874663783,4.5794810199922386e-05,0.02856639948431037,0.0067091210109324765,1.7446880457885081
25,15,295,6.24061180336255e-08,0.02982007988390167,3.573516486845879e-05,0.02458610685730632,0.006791290396349098,1.5826153148363984
25,15,300,6.802464710617406e-08,0.02592465835728811,3.849616302890055e-05,0.0214426964698678,0.00614242788611196,1.3952112457805246
25,15,305,4.6395443348279386e-07,0.022614039454997393,3.879469817333705e-05,0.01848300590485338,0.005240597383477169,1.188713997485232
25,15,310,8.136003334588415e-08,0.01915580098619288,4.9280592255581237e-05,0.01467481971081733,0.005099799333105742,0.986904426664785
25,15,315,3.627134303602064e-07,0.016414816945948308,4.8025195301740426e-05,0.01225867172375013,0.005120860314210621,0.7973259912025692
25,15,320,2.5601088707305486e-07,0.01616175588262317,4.4263477526899e-05,0.01110431609634153,0.00563956058353405,0.7919426586489191
25,15,325,1.6990442013725682e-07,0.01601077189002539,3.853153103809161e-05,0.009655362645510812,0.005242031098911454,0.7128687111372125
25,15,330,2.406755595946858e-08,0.0128567719739765,3.064943654810821e-05,0.008258579795499195,0.004384587234563127,0.6004261898419678
25,15,335,1.4275073307075045e-05,0.01010458996840372,3.0131616210030132e-05,0.0065010641196590144,0.0017425982884893385,0.5064467812397052
25,15,340,3.389181461279159e-05,0.010403018842518508,2.5984703215726265e-05,0.0067545392284483405,0.0024272284913691602,0.4975792828382575
25,15,345,5.14887922613708e-05,0.010328173501953981,3.522329551740224e-05,0.007183051764383127,0.0018683799345353305,0.4229389755318822
25,15,350,6.287188130060057e-05,0.010055258714476033,4.363364629729927e-05,0.007341483028398602,0.0021005794048569635,0.4284682058068767
25,15,355,6.705577969381852e-05,0.00974073218949306,4.7303630922745313e-05,0.007327176528690991,0.0031514885843030816,0.41385099905340095
25,20,0,7.884266890053953e-05,0.01521039905138273,4.326868354413791e-05,0.01314702485549675,0.004922351796378062,0.9005979676779947
25,20,5,8.61086054195501e-05,0.013741119434679469,4.422080155284838e-05,0.009945779921234316,0.0029420579930553984,0.6122165754565924
25,20,10,9.98828260793715e-05,0.011127323401594783,5.2815227284425115e-05,0.006646473492567174,0.002908684945201393,0.36741663762314636
25,20,15,0.00010521024551193945,0.009681861539610766,5.545539561448566e-05,0.005315269841822554,0.0037039506693592123,0.30947735934257514
25,20,20,9.520515585465742e-05,0.009687928420018525,5.342374642464012e-05,0.004472875262871247,0.0033908632307758195,0.3700166894995618
25,20,25,7.321306430299167e-05,0.010204207232095423,4.508851393441541e-05,0.0051042474927884135,0.003824044246256079,0.4189214896521396
25,20,30,4.3962813932096455e-05,0.010081587534984966,3.5780030673956444e-05,0.005067432768936283,0.003124897042818975,0.4149273578715529
25,20,35,1.0142288684402215e-05,0.008362209748063095,2.7697534239277954e-05,0.006035519813383896,0.0026882477803471068,0.4962387599538337
25,20,40,6.920433478357912e-08,0.0148393417770384,3.453081536688887e-05,0.0075056634885231135,0.0033404820249441766,0.4959361763432758
25,20,45,8.880774025193938e-08,0.010978056523380091,4.6301299159586754e-05,0.010072138884707666,0.005005528091493603,0.7055222718627245
25,20,50,2.3985839650575436e-07,0.010179644838316562,4.665812660849321e-05,0.010677948398686925,0.0066946022007817576,0.7537456462708328
25,20,55,1.3007836651909854e-07,0.013600963372377423,4.4284684099719484e-05,0.013605572948705649,0.006286182141401031,1.1005352746268946
25,20,60,2.0737276420351725e-07,0.017238967886415466,4.171776315951663e-05,0.018282364251610107,0.006035641935374488,1.417893061084714
25,20,65,1.2329861326897118e-07,0.02210300181694521,4.076151245595663e-05,0.023628695378419794,0.005861403685302705,1.6414572143567303
25,20,70,1.2094836589898739e-07,0.02783737822387962,4.143188624248541e-05,0.028459382968790692,0.0061341145203782895,1.6732475605579356
25,20,75,4.2395792486035755e-08,0.033266276431440645,3.152209383506469e-05,0.0311021618275438,0.0059619981442420355,1.8369702983470906
25,20,80,1.3257721136281791e-07,0.03738358549118662,2.8588496570355545e-05,0.03245235289785417,0.0055070684498077565,1.963506597007633
25,20,85,8.793908196687988e-08,0.04011630707557484,2.7960100974275e-05,0.030523622544905787,0.005279611459472699,2.0703279372080483
25,20,90,1.105639609293857e-08,0.039941365676106635,1.3920910914746142e-05,0.025670920799828013,0.004908428817527329,1.7756433835408227
25,20,95,1.0831434634189091e-07,0.035898406389387356,7.3929567917217515e-06,0.02593835384891821,0.0038783923042841643,2.571341915200694
25,20,100,5.454410517431035e-09,0.02683403840268988,1.3128387147147294e-05,0.027552832778726978,0.002359058245672268,2.6026615712975474
25,20,105,4.028535151951937e-08,0.023512088207609833,1.313088103534546e-05,0.02428549778656376,0.0019749973222732615,2.1499362496434573
25,20,110,1.3240621618212933e-08,0.022620711225347055,1.1005792615949566e-05,0.024255697652007625,0.002202298509616879,1.8036237647631388
25,20,115,2.479188371175972e-08,0.021733337958511005,8.611378239641813e-06,0.024961121020999406,0.0016626772481748212,1.4282613789472185
25,20,120,1.5293741160646301e-09,0.019615697838859348,7.16317972101338e-06,0.02259011886707504,0.00122150617763099,1.5107320647130211
25,20,125,2.1898799615685527e-08,0.01796817104284104,6.0699821219684265e-06,0.01996999851756371,0.0010697157249434453,1.617131759169653
25,20,130,1.820617584902956e-08,0.017942770745223595,4.319345065459954e-06,0.018919407353643634,0.0011362870845322375,1.3130141404523055
25,20,135,6.902267295477021e-08,0.0180380809027972,3.4486408218724254e-06,0.018342216841475877,0.0014654513550131877,1.4395370852232918
25,20,140,1.634239714734531e-08,0.016325518181755108,2.83832965638337e-06,0.016488477676901488,0.002105253545608257,1.3734971570121934
25,20,145,4.294205145291552e-08,0.014296583571180486,3.5031145354416475e-06,0.014482368817062205,0.0021505995068651176,1.7077639272547454
25,20,150,4.9264484922040275e-09,0.01363736624133,4.095495518249229e-06,0.013853735927579727,0.002377309426942449,1.7024096822276324
25,20,155,2.4261553373088052e-08,0.013613507539737738,3.667175533287291e-06,0.011954959873316576,0.002435741452161184,0.9021064133149843
25,20,160,3.3816139572567794e-08,0.012655482807736226,4.231066448124937e-06,0.010796256028550624,0.002797117061441789,0.823076969021699
25,20,165,1.7801299654826575e-08,0.01101958390058517,5.071874582362199e-06,0.009833738900927824,0.0034693565530344653,1.1860658395851542
25,20,170,1.667360707054838e-08,0.010207223497946874,5.760445585080822e-06,0.009528204201030942,0.003676400148125524,1.2572853833060673
25,20,175,3.273801306002272e-08,0.010483288548517204,5.016432544526937e-06,0.009723148147204364,0.003632296593945458,0.9115950833501734
25,20,180,2.1683538574054917e-08,0.01085610476348718,4.43921625680084e-06,0.009926076805633196,0.0034303943022724105,0.6390627428409978
25,20,185,3.273801306002272e-08,0.010483288548517204,5.016432544526937e-06,0.009723148147204364,0.003632296593945458,0.9115950833501734
25,20,190,1.667360707054838e-08,0.010207223497946874,5.760445585080822e-06,0.009528204201030942,0.003676400148125524,1.2572853833060673
25,20,195,1.7801299654826575e-08,0.01101958390058517,5.071874582362199e-06,0.009833738900927824,0.0034693565530344653,1.1860658395851542
25,20,200,3.3816139572567794e-08,0.012655482807736226,4.231066448124937e-06,0.010796256028550624,0.002797117061441789,0.823076969021699
25,20,205,2.4261553373088052e-08,0.013613507539737738,3.667175533287291e-06,0.011954959873316576,0.002435741452161184,0.9021064133149843
25,20,210,4.9264484922040275e-09,0.01363736624133,4.095495518249229e-06,0.013853735927579727,0.002377309426942449,1.7024096822276324
25,20,215,4.294205145291552e-08,0.014296583571180486,3.5031145354416475e-06,0.014482368817062205,0.0021505995068651176,1.7077639272547454
25,20,220,1.634239714734531e-08,0.016325518181755108,2.83832965638337e-06,0.016488477676901488,0.002105253545608257,1.3734971570121934
25,20,225,6.902267295477021e-08,0.0180380809027972,3.4486408218724254e-06,0.018342216841475877,0.0014654513550131877,1.4395370852232918
25,20,230,1.820617584902956e-08,0.017942770745223595,4.319345065459954e-06,0.018919407353643634,0.0011362870845322375,1.3130141404523055
25,20,235,2.1898799615685527e-08,0.01796817104284104,6.0699821219684265e-06,0.01996999851756371,0.0010697157249434453,1.617131759169653
25,20,240,1.5293741160646301e-09,0.019615697838859348,7.16317972101338e-06,0.02259011886707504,0.00122150617763099,1.5107320647130211
25,20,245,2.479188371175972e-08,0.021733337958511005,8.611378239641813e-06,0.024961121020999406,0.0016626772481748212,1.4282613789472185
25,20,250,1.3240621618212933e-08,0.022620711225347055,1.1005792615949566e-05,0.024255697652007625,0.002202298509616879,1.8036237647631388
25,20,255,4.028535151951937e-08,0.023512088207609833,1.313088103534546e-05,0.02428549778656376,0.0019749973222732615,2.1499362496434573
25,20,260,5.454410517431035e-09,0.02683403840268988,1.3128387147147294e-05,0.027552832778726978,0.002359058245672268,2.6026615712975474
25,20,265,1.0831434634189091e-07,0.035898406389387356,7.3929567917217515e-06,0.02593835384891821,0.0038783923042841643,2.571341915200694
25,20,270,1.105639609293857e-08,0.039941365676106635,1.3920910914746142e-05,0.025670920799828013,0.004908428817527329,1.7756433835408227
25,20,275,8.793908196687988e-08,0.04011630707557484,2.7960100974275e-05,0.030523622544905787,0.005279611459472699,2.0703279372080483
25,20,280,1.3257721136281791e-07,0.03738358549118662,2.8588496570355545e-05,0.03245235289785417,0.0055070684498077565,1.963506597007633
25,20,285,4.2395792486035755e-08,0.033266276431440645,3.152209383506469e-05,0.0311021618275438,0.0059619981442420355,1.8369702983470906
25,20,290,1.2094836589898739e-07,0.02783737822387962,4.143188624248541e-05,0.028459382968790692,0.0061341145203782895,1.6732475605579356
25,20,295,1.2329861326897118e-07,0.02210300181694521,4.076151245595663e-05,0.023628695378419794,0.005861403685302705,1.6414572143567303
25,20,300,2.0737276420351725e-07,0.017238967886415466,4.171776315951663e-05,0.018282364251610107,0.006035641935374488,1.417893061084714
25,20,305,1.3007836651909854e-07,0.013600963372377423,4.4284684099719484e-05,0.013605572948705649,0.006286182141401031,1.1005352746268946
25,20,310,2.3985839650575436e-07,0.010179644838316562,4.665812660849321e-05,0.010677948398686925,0.0066946022007817576,0.7537456462708328
25,20,315,8.880774025193938e-08,0.010978056523380091,4.6301299159586754e-05,0.010072138884707666,0.005005528091493603,0.7055222718627245
25,20,320,6.920433478357912e-08,0.0148393417770384,3.453081536688887e-05,0.0075056634885231135,0.0033404820249441766,0.4959361763432758
25,20,325,1.0142288684402215e-05,0.008362209748063095,2.7697534239277954e-05,0.006035519813383896,0.0026882477803471068,0.4962387599538337
25,20,330,4.3962813932096455e-05,0.010081587534984966,3.5780030673956444e-05,0.005067432768936283,0.003124897042818975,0.4149273578715529
25,20,335,7.321306430299167e-05,0.010204207232095423,4.508851393441541e-05,0.0051042474927884135,0.003824044246256079,0.4189214896521396
25,20,340,9.520515585465742e-05,0.009687928420018525,5.342374642464012e-05,0.004472875262871247,0.0033908632307758195,0.3700166894995618
25,20,345,0.00010521024551193945,0.009681861539610766,5.545539561448566e-05,0.005315269841822554,0.0037039506693592123,0.30947735934257514
25,20,350,9.98828260793715e-05,0.011127323401594783,5.2815227284425115e-05,0.006646473492567174,0.002908684945201393,0.36741663762314636
25,20,355,8.61086054195501e-05,0.013741119434679469,4.422080155284838e-05,0.009945779921234316,0.0029420579930553984,0.6122165754565924
25,25,0,1.4800153163135096e-05,0.005182261513343778,5.05860817487764e-05,0.002646238035380927,0.0010245794724985317,0.15090856785980436
25,25,5,3.6840691414173534e-05,0.005139932734627731,4.2368770262084894e-05,0.004571653802218124,0.0022923961160976475,0.30204162072485596
25,25,10,8.486406887190387e-05,0.0059216814900000525,4.9655928661345534e-05,0.005618355246568521,0.003331363938935622,0.3942363687612551
25,25,15,0.0001217352252839087,0.008651419087875804,6.428294724023843e-05,0.007814031436524663,0.005440883385401665,0.5103019633957097
25,25,20,0.00012395511237169856,0.012405768652630567,6.399352914472568e-05,0.009196005235247287,0.003882153680368031,0.6738311464636594
25,25,25,9.559047518144714e-05,0.015237415390025407,5.3447451404787334e-05,0.009731962986426661,0.005616861176514675,0.845786899307883
25,25,30,5.4712388232825825e-05,0.01625062121282963,4.04956494381584e-05,0.010722104709613206,0.006155715636125982,0.891409856735463
25,25,35,1.5761661214169342e-05,0.010072222506645625,2.740889259281805e-05,0.009985633161412526,0.00564812016781226,0.7912687319143042
25,25,40,2.920780818767288e-08,0.011875299433965248,3.9415858191265774e-05,0.009466142725180923,0.004514906323330723,0.6332602725093501
25,25,45,6.707946123216124e-08,0.005292121420669469,4.771460000276397e-05,0.012210466095789373,0.007628322503316267,0.7591366284655624
25,25,50,6.489395092644512e-08,0.011402235176645749,4.319956996643218e-05,0.013441426608916878,0.00869454420214256,0.8980429499552651
25,25,55,2.0160370851896037e-08,0.009292764482205859,4.0562616312185594e-05,0.01649015608973261,0.008419079500815394,1.3164521783349086
25,25,60,2.5611305117488603e-08,0.011189228617276989,4.189934360354381e-05,0.02074070655079514,0.008294938185805924,1.5569159430009845
25,25,65,5.2683935963804274e-08,0.016467788471863674,4.211928072657238e-05,0.019117813293362526,0.00730407029507636,1.5937673988505607
25,25,70,5.7732587809347646e-08,0.02239893565536415,3.915362004480705e-05,0.021031088814175845,0.0062468432386804575,1.8906491759756228
25,25,75,9.475190610418183e-09,0.02207475616543696,3.9791292665810165e-05,0.022891772219202758,0.005307550360349526,2.0314029991078533
25,25,80,7.274056694901634e-06,0.022140830222234568,1.1149491172928946e-05,0.015567464808051178,0.004702367652030068,1.346722197167153
25,25,85,1.6329442609716062e-05,0.022024055288839217,1.9760356973164963e-05,0.01696448937804918,0.0034793220117521465,1.8838498421702998
25,25,90,2.150699301989691e-05,0.020882643353519848,2.6756974562959805e-05,0.016657556847298534,0.004263804910613964,1.8119366507921648
25,25,95,2.317036648147308e-05,0.01859736555831747,2.1637251090004172e-05,0.01756838445419795,0.001593834747630839,1.3695098399482786
25,25,100,2.1803977676478764e-05,0.015164030175860706,1.929077555918126e-05,0.015128661549514644,0.001202933709604427,0.7810040640585711
25,25,105,1.6875166641963212e-05,0.011574025374472397,1.9635090644398723e-05,0.012246089455693226,0.0012157221796116127,1.0081954093776797
25,25,110,9.502067600128394e-06,0.009107841430760832,1.434731182445954e-05,0.009343642786394268,0.0016741904309772496,0.9186075486337694
25,25,115,2.905387971697832e-06,0.007920514521271193,1.2018210160799495e-05,0.008935857836904603,0.0016470517675037841,0.9520362010018604
25,25,120,2.7183639610128818e-08,0.007262850003723942,1.1193134287193398e-05,0.009153167379157437,0.0018865002281049795,1.230930144319875
25,25,125,1.545088875679751e-08,0.006690085765330452,9.527177354376687e-06,0.008043092129111775,0.0026114477983266563,1.2590807662624874
25,25,130,1.1126147344588111e-08,0.00630785344514566,6.731094167140286e-06,0.007784141592002648,0.0032145656417003586,1.3255389155486277
25,25,135,2.130073557512005e-08,0.006172517331168444,4.475160802587487e-06,0.007687540383598125,0.0027766332677764604,1.0639561830925506
25,25,140,4.830615678687658e-08,0.005822730552647806,5.452621739213039e-06,0.007665667135817136,0.002921554001797089,1.0002058121681863
25,25,145,3.5010244494714654e-08,0.005467024926440078,7.699515080716044e-06,0.007901031155117776,0.0033018025773046173,1.194295250965412
25,25,150,5.919087205487686e-08,0.0058656857820365595,7.202545935553915e-06,0.008144349120677682,0.003579623416458665,1.2496933020482945
25,25,155,1.0250572058702334e-08,0.006740051468794407,4.980129875301834e-06,0.009026211959007376,0.003972860094740323,0.8928699348090459
25,25,160,4.248606691893003e-08,0.00682409398848344,4.793935069930021e-06,0.008161469166311823,0.0033151671361448714,0.45353619117798794
25,25,165,2.654528179039939e-08,0.005933535021712472,6.276428703247535e-06,0.008940477977384417,0.00369041952227478,0.6719512265235973
25,25,170,8.90774392203926e-08,0.005317027063991549,5.97467838464095e-06,0.009631293039323263,0.003692270465648741,0.6883184468663683
25,25,175,3.0892792711109673e-08,0.005603550780896537,4.794390874027828e-06,0.009817867437404062,0.0033956579886146587,0.5908385997259585
25,25,180,7.005370122534216e-08,0.005929100667709193,4.120752224311521e-06,0.009684896162219469,0.00335052046430487,0.4472425487619592
25,25,185,3.0892792711109673e-08,0.005603550780896537,4.794390874027828e-06,0.009817867437404062,0.0033956579886146587,0.5908385997259585
25,25,190,8.90774392203926e-08,0.005317027063991549,5.97467838464095e-06,0.009631293039323263,0.003692270465648741,0.6883184468663683
25,25,195,2.654528179039939e-08,0.005933535021712472,6.276428703247535e-06,0.008940477977384417,0.00369041952227478,0.6719512265235973
25,25,200,4.248606691893003e-08,0.00682409398848344,4.793935069930021e-06,0.008161469166311823,0.0033151671361448714,0.45353619117798794
25,25,205,1.0250572058702334e-08,0.006740051468794407,4.980129875301834e-06,0.009026211959007376,0.003972860094740323,0.8928699348090459
25,25,210,5.919087205487686e-08,0.0058656857820365595,7.202545935553915e-06,0.008144349120677682,0.003579623416458665,1.2496933020482945
25,25,215,3.5010244494714654e-08,0.005467024926440078,7.699515080716044e-06,0.007901031155117776,0.0033018025773046173,1.194295250965412
25,25,220,4.830615678687658e-08,0.005822730552647806,5.452621739213039e-06,0.007665667135817136,0.002921554001797089,1.0002058121681863
25,25,225,2.130073557512005e-08,0.006172517331168444,4.475160802587487e-06,0.007687540383598125,0.0027766332677764604,1.0639561830925506
25,25,230,1.1126147344588111e-08,0.00630785344514566,6.731094167140286e-06,0.007784141592002648,0.0032145656417003586,1.3255389155486277
25,25,235,1.545088875679751e-08,0.006690085765330452,9.527177354376687e-06,0.008043092129111775,0.0026114477983266563,1.2590807662624874
25,25,240,2.7183639610128818e-08,0.007262850003723942,1.1193134287193398e-05,0.009153167379157437,0.0018865002281049795,1.230930144319875
25,25,245,2.905387971697832e-06,0.007920514521271193,1.2018210160799495e-05,0.008935857836904603,0.0016470517675037841,0.9520362010018604
25,25,250,9.502067600128394e-06,0.009107841430760832,1.434731182445954e-05,0.009343642786394268,0.0016741904309772496,0.9186075486337694
25,25,255,1.6875166641963212e-05,0.011574025374472397,1.9635090644398723e-05,0.012246089455693226,0.0012157221796116127,1.0081954093776797
25,25,260,2.1803977676478764e-05,0.015164030175860706,1.929077555918126e-05,0.015128661549514644,0.001202933709604427,0.7810040640585711
25,25,265,2.317036648147308e-05,0.01859736555831747,2.1637251090004172e-05,0.01756838445419795,0.001593834747630839,1.3695098399482786
25,25,270,2.150699301989691e-05,0.020882643353519848,2.6756974562959805e-05,0.016657556847298534,0.004263804910613964,1.8119366507921648
25,25,275,1.6329442609716062e-05,0.022024055288839217,1.9760356973164963e-05,0.01696448937804918,0.0034793220117521465,1.8838498421702998
25,25,280,7.274056694901634e-06,0.022140830222234568,1.1149491172928946e-05,0.015567464808051178,0.004702367652030068,1.346722197167153
25,25,285,9.475190610418183e-09,0.02207475616543696,3.9791292665810165e-05,0.022891772219202758,0.005307550360349526,2.0314029991078533
25,25,290,5.7732587809347646e-08,0.02239893565536415,3.915362004480705e-05,0.021031088814175845,0.0062468432386804575,1.8906491759756228
25,25,295,5.2683935963804274e-08,0.016467788471863674,4.211928072657238e-05,0.019117813293362526,0.00730407029507636,1.5937673988505607
25,25,300,2.5611305117488603e-08,0.011189228617276989,4.189934360354381e-05,0.02074070655079514,0.008294938185805924,1.5569159430009845
25,25,305,2.0160370851896037e-08,0.009292764482205859,4.0562616312185594e-05,0.01649015608973261,0.008419079500815394,1.3164521783349086
25,25,310,6.489395092644512e-08,0.011402235176645749,4.319956996643218e-05,0.013441426608916878,0.00869454420214256,0.8980429499552651
25,25,315,6.707946123216124e-08,0.005292121420669469,4.771460000276397e-05,0.012210466095789373,0.007628322503316267,0.7591366284655624
25,25,320,2.920780818767288e-08,0.011875299433965248,3.9415858191265774e-05,0.009466142725180923,0.004514906323330723,0.6332602725093501
25,25,325,1.5761661214169342e-05,0.010072222506645625,2.740889259281805e-05,0.009985633161412526,0.00564812016781226,0.7912687319143042
25,25,330,5.4712388232825825e-05,0.01625062121282963,4.04956494381584e-05,0.010722104709613206,0.006155715636125982,0.891409856735463
25,25,335,9.559047518144714e-05,0.015237415390025407,5.3447451404787334e-05,0.009731962986426661,0.005616861176514675,0.845786899307883
25,25,340,0.00012395511237169856,0.012405768652630567,6.399352914472568e-05,0.009196005235247287,0.003882153680368031,0.6738311464636594
25,25,345,0.0001217352252839087,0.008651419087875804,6.428294724023843e-05,0.007814031436524663,0.005440883385401665,0.5103019633957097
25,25,350,8.486406887190387e-05,0.0059216814900000525,4.9655928661345534e-05,0.005618355246568521,0.003331363938935622,0.3942363687612551
25,25,355,3.6840691414173534e-05,0.005139932734627731,4.2368770262084894e-05,0.004571653802218124,0.0022923961160976475,0.30204162072485596
25,30,0,0.00011274512586862415,0.016078612180449627,5.700192366993057e-05,0.013758558543410895,0.005117688776048534,0.9326764135436378
25,30,5,0.00012076174950610826,0.01431088720898462,5.8497075072805414e-05,0.011594048386297687,0.002160293113218257,0.6643415918584039
25,30,10,0.00013516581046086815,0.011702257690754229,6.977135958056361e-05,0.005936075071104691,0.003429181819939257,0.42968275981910387
25,30,15,0.0001364202814157895,0.011329509285380797,7.332911304338391e-05,0.004897707488006862,0.004055922749733943,0.3963286812162931
25,30,20,0.00011341715157833082,0.012764231180109548,6.669950184633004e-05,0.005668017449777201,0.0047207428123063645,0.4414228238513781
25,30,25,7.216484331677882e-05,0.013524218158737653,4.511497414184701e-05,0.0060221683196834165,0.0048403902164877045,0.5482324419219873
25,30,30,2.9029692057958544e-05,0.011447496892042159,2.6315599558818887e-05,0.007742341486997743,0.002797843430856502,0.46084650035117614
25,30,35,2.9189631848766662e-08,0.009640777638833383,3.345145532361376e-05,0.007332998367143774,0.003645496797141862,0.4916360146706872
25,30,40,8.75705357186729e-09,0.009221051844581243,4.502443312049851e-05,0.009421672492474272,0.003990414520366758,0.6528890275724584
25,30,45,2.5105726244450954e-08,0.006605154093932695,4.382540208578301e-05,0.011165417294749031,0.006727875813034219,0.9531899414234856
25,30,50,1.6288924954413128e-06,0.0072099807848516355,4.3625001922216336e-05,0.01701920740441222,0.006854833776577182,1.37462562265374
25,30,55,9.819517773965517e-06,0.011570045563967265,4.504590927244473e-05,0.01909850071497953,0.007153252075426364,1.532345552301184
25,30,60,1.3113913436431889e-05,0.015993621216532583,4.7493002632561284e-05,0.016925188999318563,0.0066078809936698886,1.748456085269504
25,30,65,1.6514081282687203e-05,0.019566600250788296,4.880768776986178e-05,0.015057738545855976,0.005882761772256644,1.607437742701522
25,30,70,2.5296916294919886e-05,0.021959045648092163,3.619325496625266e-05,0.014629783343540608,0.005194687910403367,1.2910474139273718
25,30,75,3.8374876675877165e-05,0.022574324838773557,3.5523480636562646e-05,0.014487729312914638,0.003549818546605285,1.0547094704267668
25,30,80,4.9522599403710454e-05,0.02096093450998875,4.238493512666091e-05,0.016453395287305835,0.0019574357500882398,1.2293361773346305
25,30,85,5.3858873324208034e-05,0.01754911817205704,3.657035805070571e-05,0.016051650510823856,0.0016937883381221513,0.931154846353744
25,30,90,5.167344914571055e-05,0.013472983648459284,2.5277077545987408e-05,0.012743598159051576,0.0010881365085162104,0.724876881388049
25,30,95,4.6314041829116116e-05,0.009751759580228699,2.160204413688264e-05,0.009764329747401579,0.00152252265136301,0.3485812524978401
25,30,100,4.0351928743221754e-05,0.006895802470020204,1.875578698580754e-05,0.009427503947146483,0.0024591730782484627,0.48593022482852466
25,30,105,3.456264431298244e-05,0.0050475445146318,3.251240874838123e-05,0.007916203958854505,0.0028409418960486177,0.48352879340736366
25,30,110,2.9123591087466122e-05,0.004042566532213509,2.7468623789092105e-05,0.007479334184420809,0.0023334677659311975,0.5450795410937219
25,30,115,2.4131443043117536e-05,0.003457929574877912,2.4415381935457073e-05,0.009549432047420554,0.0021876003999943376,0.5802112864978142
25,30,120,1.9174730418980348e-05,0.003012545275857295,2.2715126146053213e-05,0.009152848064442134,0.0024030699041591146,0.7514976400070457
25,30,125,1.3736671695168106e-05,0.0028858941067532373,2.122550748121085e-05,0.009157027401701608,0.0022584380734033647,0.8214361490500964
25,30,130,8.261254660622743e-06,0.0033452882942377046,1.6255819681058013e-05,0.009463915410121353,0.001644660541058105,1.023546631995533
25,30,135,3.98445340344571e-06,0.004090698972377188,1.252419081930944e-05,0.009647073106020213,0.0024567398807559654,0.87545468837504
25,30,140,1.480946631837038e-06,0.004443255635425073,1.0180549026863944e-05,0.009281896022217179,0.002980853637660032,0.3045372864803877
25,30,145,7.131286311459414e-07,0.0042585573900726075,7.317668125462681e-06,0.009094656518251984,0.0034633850530003053,0.45421140837172735
25,30,150,1.0546434430877723e-06,0.004007368259561378,6.290440459742405e-06,0.008957550271762923,0.003281880394882989,0.5819549451087122
25,30,155,2.1547008496338414e-06,0.004012101507105023,1.1160147012674896e-05,0.008750584113341196,0.0032689692625522157,0.8805479299008898
25,30,160,4.23462039221079e-06,0.00409469528326746,1.0657064021155852e-05,0.0091035513084651,0.003332201517230844,1.047845653820667
25,30,165,6.74710196346337e-06,0.004012871394201492,8.210166062403877e-06,0.009546331954797142,0.003302260671472299,1.17671646220017
25,30,170,8.746239495044036e-06,0.0038928484717214253,8.611331800176042e-06,0.010052436083588216,0.003195435342384208,1.200386622866973
25,30,175,9.306199216395708e-06,0.003867530344814827,8.450733722816569e-06,0.008715877939560353,0.0031677675109674694,0.7795993711499801
25,30,180,9.398928662538667e-06,0.003900847073520062,8.376389254109674e-06,0.008778777582391059,0.0031958306133249414,0.7846458212193286
25,30,185,9.306199216395708e-06,0.003867530344814827,8.450733722816569e-06,0.008715877939560353,0.0031677675109674694,0.7795993711499801
25,30,190,8.746239495044036e-06,0.0038928484717214253,8.611331800176042e-06,0.010052436083588216,0.003195435342384208,1.200386622866973
25,30,195,6.74710196346337e-06,0.004012871394201492,8.210166062403877e-06,0.009546331954797142,0.003302260671472299,1.17671646220017
25,30,200,4.23462039221079e-06,0.00409469528326746,1.0657064021155852e-05,0.0091035513084651,0.003332201517230844,1.047845653820667
25,30,205,2.1547008496338414e-06,0.004012101507105023,1.1160147012674896e-05,0.008750584113341196,0.0032689692625522157,0.8805479299008898
25,30,210,1.0546434430877723e-06,0.004007368259561378,6.290440459742405e-06,0.008957550271762923,0.003281880394882989,0.5819549451087122
25,30,215,7.131286311459414e-07,0.0042585573900726075,7.317668125462681e-06,0.009094656518251984,0.0034633850530003053,0.45421140837172735
25,30,220,1.480946631837038e-06,0.004443255635425073,1.0180549026863944e-05,0.009281896022217179,0.002980853637660032,0.3045372864803877
25,30,225,3.98445340344571e-06,0.004090698972377188,1.252419081930944e-05,0.009647073106020213,0.0024567398807559654,0.87545468837504
25,30,230,8.261254660622743e-06,0.0033452882942377046,1.6255819681058013e-05,0.009463915410121353,0.001644660541058105,1.023546631995533
25,30,235,1.3736671695168106e-05,0.0028858941067532373,2.122550748121085e-05,0.009157027401701608,0.0022584380734033647,0.8214361490500964
25,30,240,1.9174730418980348e-05,0.003012545275857295,2.2715126146053213e-05,0.009152848064442134,0.0024030699041591146,0.7514976400070457
25,30,245,2.4131443043117536e-05,0.003457929574877912,2.4415381935457073e-05,0.009549432047420554,0.0021876003999943376,0.5802112864978142
25,30,250,2.9123591087466122e-05,0.004042566532213509,2.7468623789092105e-05,0.007479334184420809,0.0023334677659311975,0.5450795410937219
25,30,255,3.456264431298244e-05,0.0050475445146318,3.251240874838123e-05,0.007916203958854505,0.0028409418960486177,0.48352879340736366
25,30,260,4.0351928743221754e-05,0.006895802470020204,1.875578698580754e-05,0.009427503947146483,0.0024591730782484627,0.48593022482852466
25,30,265,4.6314041829116116e-05,0.009751759580228699,2.160204413688264e-05,0.009764329747401579,0.00152252265136301,0.3485812524978401
25,30,270,5.167344914571055e-05,0.013472983648459284,2.5277077545987408e-05,0.012743598159051576,0.0010881365085162104,0.724876881388049
25,30,275,5.3858873324208034e-05,0.01754911817205704,3.657035805070571e-05,0.016051650510823856,0.0016937883381221513,0.931154846353744
25,30,280,4.9522599403710454e-05,0.02096093450998875,4.238493512666091e-05,0.016453395287305835,0.0019574357500882398,1.2293361773346305
25,30,285,3.8374876675877165e-05,0.022574324838773557,3.5523480636562646e-05,0.014487729312914638,0.003549818546605285,1.0547094704267668
25,30,290,2.5296916294919886e-05,0.021959045648092163,3.619325496625266e-05,0.014629783343540608,0.005194687910403367,1.2910474139273718
25,30,295,1.6514081282687203e-05,0.019566600250788296,4.880768776986178e-05,0.015057738545855976,0.005882761772256644,1.607437742701522
25,30,300,1.3113913436431889e-05,0.015993621216532583,4.7493002632561284e-05,0.016925188999318563,0.0066078809936698886,1.748456085269504
25,30,305,9.819517773965517e-06,0.011570045563967265,4.504590927244473e-05,0.01909850071497953,0.007153252075426364,1.532345552301184
25,30,310,1.6288924954413128e-06,0.0072099807848516355,4.3625001922216336e-05,0.01701920740441222,0.006854833776577182,1.37462562265374
25,30,315,2.5105726244450954e-08,0.006605154093932695,4.382540208578301e-05,0.011165417294749031,0.006727875813034219,0.9531899414234856
25,30,320,8.75705357186729e-09,0.009221051844581243,4.502443312049851e-05,0.009421672492474272,0.003990414520366758,0.6528890275724584
25,30,325,2.9189631848766662e-08,0.009640777638833383,3.345145532361376e-05,0.007332998367143774,0.003645496797141862,0.4916360146706872
25,30,330,2.9029692057958544e-05,0.011447496892042159,2.6315599558818887e-05,0.007742341486997743,0.002797843430856502,0.46084650035117614
25,30,335,7.216484331677882e-05,0.013524218158737653,4.511497414184701e-05,0.0060221683196834165,0.0048403902164877045,0.5482324419219873
25,30,340,0.00011341715157833082,0.012764231180109548,6.669950184633004e-05,0.005668017449777201,0.0047207428123063645,0.4414228238513781
25,30,345,0.0001364202814157895,0.011329509285380797,7.332911304338391e-05,0.004897707488006862,0.004055922749733943,0.3963286812162931
25,30,350,0.00013516581046086815,0.011702257690754229,6.977135958056361e-05,0.005936075071104691,0.003429181819939257,0.42968275981910387
25,30,355,0.00012076174950610826,0.01431088720898462,5.8497075072805414e-05,0.011594048386297687,0.002160293113218257,0.6643415918584039
25,35,0,0.00012496358799238315,0.010065387351813657,7.841604985770823e-05,0.008237102234813757,0.004618843453443539,0.4090772007946767
25,35,5,0.00012210660220490126,0.010397408574854687,7.679122408840505e-05,0.007768885513595697,0.003650143568431033,0.4176659648348534
25,35,10,0.0001102051892083694,0.0112104112648883,6.218223891436229e-05,0.00843484099929618,0.0019197717214270516,0.4229262839493578
25,35,15,8.451921576923009e-05,0.011874009797240886,4.990493243632512e-05,0.008942150056900786,0.001473937681306539,0.5643246757151146
25,35,20,4.818867904885253e-05,0.011820500410702662,2.8494876426297857e-05,0.008218105580151618,0.003604978886243855,0.5264168822943637
25,35,25,1.405621293210698e-05,0.011241674385021985,2.906443171624704e-05,0.00927276906616795,0.0056077861946138875,0.599247107339998
25,35,30,1.5945758244199915e-08,0.014457996826006377,4.096915880822316e-05,0.011872401698563203,0.005390985787705496,0.763553361958379
25,35,35,1.4454639429839489e-09,0.015895705529239385,4.183241143318516e-05,0.01609938269475488,0.004963760852931241,1.0287009901480786
25,35,40,7.564523247248316e-06,0.01204301687101337,4.63491590147701e-05,0.015455573401019988,0.005167855694336944,1.326033840083075
25,35,45,1.7166004124481455e-05,0.014458823198397286,4.534853765406099e-05,0.017014677993254936,0.005921025411912692,1.5585567924690986
25,35,50,2.1706653194442788e-05,0.01786414844634289,4.846592030320531e-05,0.017914793407444844,0.006115530195991658,1.6970694830835473
25,35,55,2.613311081589402e-05,0.021409622404194646,5.0012332653807815e-05,0.016932097515970596,0.005907815576605127,1.7515535075257058
25,35,60,3.6367235879833284e-05,0.024059462367103074,4.099448334836278e-05,0.015296872421572901,0.003862264347738082,1.2260149774646836
25,35,65,5.2457025407836536e-05,0.024765454204976698,4.2558008243306694e-05,0.01506658122462192,0.0028130786624821717,1.1308080372923577
25,35,70,6.858703562232817e-05,0.022910236659946258,3.4665516077180035e-05,0.0175784117033342,0.0036091148456678748,1.306280315103316
25,35,75,7.842241433652026e-05,0.01881602536956244,3.5484354550790976e-05,0.016506184818082588,0.00231191269936555,1.0001986352873644
25,35,80,8.002053257097786e-05,0.013716452092510384,2.841334165729493e-05,0.013221605378755198,0.0009171130206203911,0.6859733771791479
25,35,85,7.639308160774282e-05,0.009072312977019237,2.360255854190387e-05,0.00908011937636643,0.0014460976647155978,0.48581564765517926
25,35,90,7.20324931720623e-05,0.005728999896724785,1.979443594417947e-05,0.007714814601279022,0.0024730540047699554,0.49750088093027256
25,35,95,6.892397345309702e-05,0.003647882368903622,2.5428028841682163e-05,0.007231712830541522,0.002221818379151094,0.441511475696286
25,35,100,6.587057834298851e-05,0.002423360248808192,2.1913462986166256e-05,0.0067658413756986144,0.0022204018251580572,0.39493685414743396
25,35,105,6.115632438551555e-05,0.0018858698185278073,3.034839519759679e-05,0.006872366008305313,0.0017879388231056084,0.39785153632038667
25,35,110,5.4824239111741883e-05,0.002010742410412906,3.353815733520742e-05,0.007273588417570022,0.0019358040281396006,0.42108324687654997
25,35,115,4.815895488288931e-05,0.0026199661950778775,3.889031576782137e-05,0.007687562958796521,0.002088303676226158,0.44502805166439235
25,35,120,4.1903077924523423e-05,0.0032295754132739217,3.9728419995672514e-05,0.009053028954980093,0.0019699617035814185,0.5204129051292772
25,35,125,3.5839458136373206e-05,0.003374467562020385,3.6888770144746265e-05,0.01058707289810343,0.0018746088731334365,0.5528311745393111
25,35,130,2.9829568832426788e-05,0.003172173870336159,3.393926757058437e-05,0.011073137764484778,0.0018358779990567155,0.9790914791469998
25,35,135,2.4365818412209247e-05,0.003144140565326991,3.158083110481346e-05,0.010421285793894381,0.002035245250754925,1.0243251148640726
25,35,140,1.993922940798573e-05,0.003560890814973367,2.701991454322184e-05,0.010313027893701561,0.002091267702807123,1.190642122054823
25,35,145,1.64977316840266e-05,0.004172834777243175,2.2761712195169424e-05,0.010682320870649704,0.002935978325143636,1.349896656906846
25,35,150,1.445190761768583e-05,0.004608292166038708,1.8873877641539718e-05,0.010352635081174457,0.003589910294897424,1.4133849057813053
25,35,155,1.4458620310239551e-05,0.004814763017800308,1.5943165287306445e-05,0.0099941215277652,0.003722617492554175,1.2208374811475438
25,35,160,1.651266413874898e-05,0.004963163223511747,2.1844090126589815e-05,0.009672368166571374,0.0040313131441894415,1.079380256203335
25,35,165,1.950163135071986e-05,0.005111070027869083,2.730660164901007e-05,0.00962376014358161,0.004146283043457882,1.1204736996167366
25,35,170,2.2946963309396478e-05,0.005248593159773126,2.5654321378584507e-05,0.009510520260971747,0.004264954837906979,1.1561911566157037
25,35,175,2.5142270816503904e-05,0.005265266793856226,2.5711966291959085e-05,0.0094569259120992,0.004291854557017985,1.0955293615153818
25,35,180,2.599981916844322e-05,0.005260150617618725,2.562915051415311e-05,0.009442742644861016,0.00429414547191417,1.041230172805844
25,35,185,2.5142270816503904e-05,0.005265266793856226,2.5711966291959085e-05,0.0094569259120992,0.004291854557017985,1.0955293615153818
25,35,190,2.2946963309396478e-05,0.005248593159773126,2.5654321378584507e-05,0.009510520260971747,0.004264954837906979,1.1561911566157037
25,35,195,1.950163135071986e-05,0.005111070027869083,2.730660164901007e-05,0.00962376014358161,0.004146283043457882,1.1204736996167366
25,35,200,1.651266413874898e-05,0.004963163223511747,2.1844090126589815e-05,0.009672368166571374,0.0040313131441894415,1.079380256203335
25,35,205,1.4458620310239551e-05,0.004814763017800308,1.5943165287306445e-05,0.0099941215277652,0.003722617492554175,1.2208374811475438
25,35,210,1.445190761768583e-05,0.004608292166038708,1.8873877641539718e-05,0.010352635081174457,0.003589910294897424,1.4133849057813053
25,35,215,1.64977316840266e-05,0.004172834777243175,2.2761712195169424e-05,0.010682320870649704,0.002935978325143636,1.349896656906846
25,35,220,1.993922940798573e-05,0.003560890814973367,2.701991454322184e-05,0.010313027893701561,0.002091267702807123,1.190642122054823
25,35,225,2.4365818412209247e-05,0.003144140565326991,3.158083110481346e-05,0.010421285793894381,0.002035245250754925,1.0243251148640726
25,35,230,2.9829568832426788e-05,0.003172173870336159,3.393926757058437e-05,0.011073137764484778,0.0018358779990567155,0.9790914791469998
25,35,235,3.5839458136373206e-05,0.003374467562020385,3.6888770144746265e-05,0.01058707289810343,0.0018746088731334365,0.5528311745393111
25,35,240,4.1903077924523423e-05,0.0032295754132739217,3.9728419995672514e-05,0.009053028954980093,0.0019699617035814185,0.5204129051292772
25,35,245,4.815895488288931e-05,0.0026199661950778775,3.889031576782137e-05,0.007687562958796521,0.002088303676226158,0.44502805166439235
25,35,250,5.4824239111741883e-05,0.002010742410412906,3.353815733520742e-05,0.007273588417570022,0.0019358040281396006,0.42108324687654997
25,35,255,6.115632438551555e-05,0.0018858698185278073,3.034839519759679e-05,0.006872366008305313,0.0017879388231056084,0.39785153632038667
25,35,260,6.587057834298851e-05,0.002423360248808192,2.1913462986166256e-05,0.0067658413756986144,0.0022204018251580572,0.39493685414743396
25,35,265,6.892397345309702e-05,0.003647882368903622,2.5428028841682163e-05,0.007231712830541522,0.002221818379151094,0.441511475696286
25,35,270,7.20324931720623e-05,0.005728999896724785,1.979443594417947e-05,0.007714814601279022,0.0024730540047699554,0.49750088093027256
25,35,275,7.639308160774282e-05,0.009072312977019237,2.360255854190387e-05,0.00908011937636643,0.0014460976647155978,0.48581564765517926
25,35,280,8.002053257097786e-05,0.013716452092510384,2.841334165729493e-05,0.013221605378755198,0.0009171130206203911,0.6859733771791479
25,35,285,7.842241433652026e-05,0.01881602536956244,3.5484354550790976e-05,0.016506184818082588,0.00231191269936555,1.0001986352873644
25,35,290,6.858703562232817e-05,0.022910236659946258,3.4665516077180035e-05,0.0175784117033342,0.0036091148456678748,1.306280315103316
25,35,295,5.2457025407836536e-05,0.024765454204976698,4.2558008243306694e-05,0.01506658122462192,0.0028130786624821717,1.1308080372923577
25,35,300,3.6367235879833284e-05,0.024059462367103074,4.099448334836278e-05,0.015296872421572901,0.003862264347738082,1.2260149774646836
25,35,305,2.613311081589402e-05,0.021409622404194646,5.0012332653807815e-05,0.016932097515970596,0.005907815576605127,1.7515535075257058
25,35,310,2.1706653194442788e-05,0.01786414844634289,4.846592030320531e-05,0.017914793407444844,0.006115530195991658,1.6970694830835473
25,35,315,1.7166004124481455e-05,0.014458823198397286,4.534853765406099e-05,0.017014677993254936,0.005921025411912692,1.5585567924690986
25,35,320,7.564523247248316e-06,0.01204301687101337,4.63491590147701e-05,0.015455573401019988,0.005167855694336944,1.326033840083075
25,35,325,1.4454639429839489e-09,0.015895705529239385,4.183241143318516e-05,0.01609938269475488,0.004963760852931241,1.0287009901480786
25,35,330,1.5945758244199915e-08,0.014457996826006377,4.096915880822316e-05,0.011872401698563203,0.005390985787705496,0.763553361958379
25,35,335,1.405621293210698e-05,0.011241674385021985,2.906443171624704e-05,0.00927276906616795,0.0056077861946138875,0.599247107339998
25,35,340,4.818867904885253e-05,0.011820500410702662,2.8494876426297857e-05,0.008218105580151618,0.003604978886243855,0.5264168822943637
25,35,345,8.451921576923009e-05,0.011874009797240886,4.990493243632512e-05,0.008942150056900786,0.001473937681306539,0.5643246757151146
25,35,350,0.0001102051892083694,0.0112104112648883,6.218223891436229e-05,0.00843484099929618,0.0019197717214270516,0.4229262839493578
25,35,355,0.00012210660220490126,0.010397408574854687,7.679122408840505e-05,0.007768885513595697,0.003650143568431033,0.4176659648348534
25,40,0,2.629611393492083e-05,0.012910043362986224,3.165438824495148e-05,0.01108046339536222,0.00749427502121806,1.0212202937361363
25,40,5,2.2780645349611012e-05,0.01291479334681504,2.9344358418224078e-05,0.011242027584819823,0.007713083508528436,0.9970814793751607
25,40,10,2.551244776480277e-07,0.015990116416038154,2.6873599995712143e-05,0.011926892357974086,0.007945418582432766,1.0290331967548232
25,40,15,2.3027423463883867e-07,0.019984210367436136,3.2258375498229585e-05,0.014876014302837555,0.007626322380176258,1.0057204675193117
25,40,20,1.2501644275353385e-08,0.02230397553268113,4.290444975497271e-05,0.016682447800249203,0.007103573088307459,1.208308930059017
25,40,25,3.3458913893842646e-08,0.02305522225998798,4.6412341313263475e-05,0.019233022160574376,0.006474806755818907,1.3555053954369627
25,40,30,5.994006717590077e-06,0.018373135769324384,4.784993718987061e-05,0.021817617031756335,0.005803681502589341,1.4346570097369464
25,40,35,1.8808257907003845e-05,0.019828408878955973,4.685629880127307e-05,0.018464274677094585,0.005217023185832944,1.6403121015043451
25,40,40,2.6588997085118596e-05,0.022131821410247884,4.4855943774503755e-05,0.01947678692871655,0.005251259005125643,1.7901506244534593
25,40,45,3.151434480704648e-05,0.024851185028611396,4.660784945070373e-05,0.01835800696835485,0.005149843502266836,1.7063212591494041
25,40,50,4.116589669143434e-05,0.027176012194524195,4.2582235250180874e-05,0.01750612326124981,0.004401679519406777,1.2126743652949017
25,40,55,5.891283736601891e-05,0.028107900743445016,4.085575235379863e-05,0.017146143562927596,0.0020791364639335605,1.2450192786366583
25,40,60,7.944638053371342e-05,0.026658219880069663,3.1750108018161784e-05,0.018682316074660324,0.002284335013737749,1.4035475940565911
25,40,65,9.418603443735922e-05,0.022598993006437258,4.144185713026013e-05,0.01810219951928848,0.0025385200814035925,1.1216062178136506
25,40,70,9.942272286604745e-05,0.016962957022456357,3.969716741060664e-05,0.014685553318623087,0.002138497357685418,0.6966136562940795
25,40,75,9.841536366960628e-05,0.01147299259628896,3.218833802899287e-05,0.011489795400346664,0.000777045652401226,0.42462123898147497
25,40,80,9.670408314928214e-05,0.0073302102065138635,2.5741307185214463e-05,0.007735013022758454,0.0018559064511858934,0.5455490941668257
25,40,85,9.659034580057667e-05,0.004614404473412082,2.487239457145147e-05,0.007223119394581003,0.0019361590852574385,0.4624661842384686
25,40,90,9.652467295144995e-05,0.0028808227064404564,2.7234688902045005e-05,0.007235073068719566,0.0017660590452680744,0.4222911030551291
25,40,95,9.475257321515766e-05,0.0019728126101721845,2.8354198392420622e-05,0.007358417693256375,0.0016690214820973136,0.379559205270965
25,40,100,9.16553253135226e-05,0.001895878709849796,2.7037214445349653e-05,0.007828080744501004,0.0017485254549810276,0.4035981267869668
25,40,105,8.836003221358597e-05,0.0023239863744865465,2.986854645284885e-05,0.008259022259137019,0.001658248560218261,0.423959374328683
25,40,110,8.471163858674935e-05,0.002595133242307618,3.2596548384678566e-05,0.00851303756693404,0.0018591200458641655,0.34743990978398487
25,40,115,7.962401443306188e-05,0.002457131431274739,4.062898522348875e-05,0.008785311419596202,0.002012826705276726,0.510485304310889
25,40,120,7.278886645587608e-05,0.002438837836413172,4.22995590257456e-05,0.00933803905405875,0.0024352165987093877,0.7167595160762288
25,40,125,6.515044187147901e-05,0.0031208692048943568,4.535523786555382e-05,0.010072914212187296,0.0025927678206162505,0.7138355745622232
25,40,130,5.7825641313212234e-05,0.00437340818916356,5.242844318093984e-05,0.010845146723376678,0.001673990208398713,0.6722448149029187
25,40,135,5.121840710392957e-05,0.005511855000296263,5.178245676722756e-05,0.011999254216813419,0.0011197660485036405,0.7703323456923232
25,40,140,4.528894268797422e-05,0.006141539750158215,4.995485953581519e-05,0.01181482009211488,0.0017536925868065917,0.4110970751953297
25,40,145,4.024190834237386e-05,0.0065040536993845694,4.8665460350862284e-05,0.011392958355182106,0.0012584947058857105,0.869431255634556
25,40,150,3.665767818210883e-05,0.0069188314331805984,4.444949934580495e-05,0.011223618106279034,0.0014475406968670653,0.9966065025160878
25,40,155,3.499983723879172e-05,0.007254590130434237,4.1413412720317034e-05,0.011020842395054586,0.0016698042094325247,0.9519501906417525
25,40,160,3.5897628766136825e-05,0.0072681331326195754,3.964102320593824e-05,0.010758441597122977,0.0018984950704554564,0.8104030347639994
25,40,165,3.904882762235896e-05,0.007119828651508316,3.901814069878426e-05,0.010611568767877949,0.002095867138948263,0.7732831221919335
25,40,170,4.1486997428885446e-05,0.007099025829740782,3.9071742862798516e-05,0.010461518787512279,0.002244543268167162,0.8610643510905931
25,40,175,4.303263023385136e-05,0.007336425027578523,4.222232351916238e-05,0.0102735775147671,0.0023402474670865953,0.8167309889802277
25,40,180,4.366387703019087e-05,0.007504557533796271,4.218175874223535e-05,0.010179710851915373,0.00237447079295516,0.7627493425997949
25,40,185,4.303263023385136e-05,0.007336425027578523,4.222232351916238e-05,0.0102735775147671,0.0023402474670865953,0.8167309889802277
25,40,190,4.1486997428885446e-05,0.007099025829740782,3.9071742862798516e-05,0.010461518787512279,0.002244543268167162,0.8610643510905931
25,40,195,3.904882762235896e-05,0.007119828651508316,3.901814069878426e-05,0.010611568767877949,0.002095867138948263,0.7732831221919335
25,40,200,3.5897628766136825e-05,0.0072681331326195754,3.964102320593824e-05,0.010758441597122977,0.0018984950704554564,0.8104030347639994
25,40,205,3.499983723879172e-05,0.007254590130434237,4.1413412720317034e-05,0.011020842395054586,0.0016698042094325247,0.9519501906417525
25,40,210,3.665767818210883e-05,0.0069188314331805984,4.444949934580495e-05,0.011223618106279034,0.0014475406968670653,0.9966065025160878
25,40,215,4.024190834237386e-05,0.0065040536993845694,4.8665460350862284e-05,0.011392958355182106,0.0012584947058857105,0.869431255634556
25,40,220,4.528894268797422e-05,0.006141539750158215,4.995485953581519e-05,0.01181482009211488,0.0017536925868065917,0.4110970751953297
25,40,225,5.121840710392957e-05,0.005511855000296263,5.178245676722756e-05,0.011999254216813419,0.0011197660485036405,0.7703323456923232
25,40,230,5.7825641313212234e-05,0.00437340818916356,5.242844318093984e-05,0.010845146723376678,0.001673990208398713,0.6722448149029187
25,40,235,6.515044187147901e-05,0.0031208692048943568,4.535523786555382e-05,0.010072914212187296,0.0025927678206162505,0.7138355745622232
25,40,240,7.278886645587608e-05,0.002438837836413172,4.22995590257456e-05,0.00933803905405875,0.0024352165987093877,0.7167595160762288
25,40,245,7.962401443306188e-05,0.002457131431274739,4.062898522348875e-05,0.008785311419596202,0.002012826705276726,0.510485304310889
25,40,250,8.471163858674935e-05,0.002595133242307618,3.2596548384678566e-05,0.00851303756693404,0.0018591200458641655,0.34743990978398487
25,40,255,8.836003221358597e-05,0.0023239863744865465,2.986854645284885e-05,0.008259022259137019,0.001658248560218261,0.423959374328683
25,40,260,9.16553253135226e-05,0.001895878709849796,2.7037214445349653e-05,0.007828080744501004,0.0017485254549810276,0.4035981267869668
25,40,265,9.475257321515766e-05,0.0019728126101721845,2.8354198392420622e-05,0.007358417693256375,0.0016690214820973136,0.379559205270965
25,40,270,9.652467295144995e-05,0.0028808227064404564,2.7234688902045005e-05,0.007235073068719566,0.0017660590452680744,0.4222911030551291
25,40,275,9.659034580057667e-05,0.004614404473412082,2.487239457145147e-05,0.007223119394581003,0.0019361590852574385,0.4624661842384686
25,40,280,9.670408314928214e-05,0.0073302102065138635,2.5741307185214463e-05,0.007735013022758454,0.0018559064511858934,0.5455490941668257
25,40,285,9.841536366960628e-05,0.01147299259628896,3.218833802899287e-05,0.011489795400346664,0.000777045652401226,0.42462123898147497
25,40,290,9.942272286604745e-05,0.016962957022456357,3.969716741060664e-05,0.014685553318623087,0.002138497357685418,0.6966136562940795
25,40,295,9.418603443735922e-05,0.022598993006437258,4.144185713026013e-05,0.01810219951928848,0.0025385200814035925,1.1216062178136506
25,40,300,7.944638053371342e-05,0.026658219880069663,3.1750108018161784e-05,0.018682316074660324,0.002284335013737749,1.4035475940565911
25,40,305,5.891283736601891e-05,0.028107900743445016,4.085575235379863e-05,0.017146143562927596,0.0020791364639335605,1.2450192786366583
25,40,310,4.116589669143434e-05,0.027176012194524195,4.2582235250180874e-05,0.01750612326124981,0.004401679519406777,1.2126743652949017
25,40,315,3.151434480704648e-05,0.024851185028611396,4.660784945070373e-05,0.01835800696835485,0.005149843502266836,1.7063212591494041
25,40,320,2.6588997085118596e-05,0.022131821410247884,4.4855943774503755e-05,0.01947678692871655,0.005251259005125643,1.7901506244534593
25,40,325,1.8808257907003845e-05,0.019828408878955973,4.685629880127307e-05,0.018464274677094585,0.005217023185832944,1.6403121015043451
25,40,330,5.994006717590077e-06,0.018373135769324384,4.784993718987061e-05,0.021817617031756335,0.005803681502589341,1.4346570097369464
25,40,335,3.3458913893842646e-08,0.02305522225998798,4.6412341313263475e-05,0.019233022160574376,0.006474806755818907,1.3555053954369627
25,40,340,1.2501644275353385e-08,0.02230397553268113,4.290444975497271e-05,0.016682447800249203,0.007103573088307459,1.208308930059017
25,40,345,2.3027423463883867e-07,0.019984210367436136,3.2258375498229585e-05,0.014876014302837555,0.007626322380176258,1.0057204675193117
25,40,350,2.551244776480277e-07,0.015990116416038154,2.6873599995712143e-05,0.011926892357974086,0.007945418582432766,1.0290331967548232
25,40,355,2.2780645349611012e-05,0.01291479334681504,2.9344358418224078e-05,0.011242027584819823,0.007713083508528436,0.9970814793751607
25,45,0,1.122301699709935e-05,0.04162780214063464,4.304526752210063e-05,0.01829965786348934,0.007949935192206046,1.6070995182816712
25,45,5,5.7560375354981375e-09,0.04234879171544477,4.005594906478422e-05,0.0183818600530305,0.007681954590098261,1.6309760907670512
25,45,10,2.5206282582013184e-08,0.031089958266762526,4.533534038922795e-05,0.024341889019072194,0.007424284179761868,1.7924476607683817
25,45,15,2.1637336453800282e-07,0.031574083583487136,4.55174331357481e-05,0.031129336955340044,0.007416902457485656,1.7776273110088079
25,45,20,1.1073529740639708e-05,0.024528733004265318,4.499501733474338e-05,0.02158163227801608,0.007387274729605387,1.8767078817851426
25,45,25,1.8753230802770384e-05,0.02590243749899136,4.3828477454684826e-05,0.02104968014953751,0.007322187740872512,1.9339396421517132
25,45,30,2.512646702128047e-05,0.027558589469299295,4.438196726822886e-05,0.020550691748912626,0.007179443544124916,1.8591871646905975
25,45,35,3.1945584918575184e-05,0.029275311040007097,4.396636988840993e-05,0.019716203007699662,0.006901152287391696,1.6104944777318395
25,45,40,4.285906795130226e-05,0.03070619448333429,4.151502869881611e-05,0.02012804338779372,0.004311611774792244,1.3862559093872884
25,45,45,6.021366677459207e-05,0.031162677676886498,4.1802485208587356e-05,0.019586985429184765,0.003089534838061215,1.3324502445805153
25,45,50,8.126303860266212e-05,0.02973646684663866,3.0318849688423452e-05,0.019532155458986657,0.003692343456180616,1.446396741195806
25,45,55,9.928197373168827e-05,0.026000350059269796,4.151277454813901e-05,0.01919328608786103,0.0023654449450656733,1.2507567125647647
25,45,60,0.0001092864180133402,0.020577746592131445,4.157770565880862e-05,0.016681378380905776,0.002227858443358707,0.9011949187182943
25,45,65,0.00011218064043066762,0.014854998890166577,4.255541890180376e-05,0.013080261275619667,0.0018703013711009278,0.686106480925559
25,45,70,0.00011298658108388438,0.010077259533343161,3.839762262877592e-05,0.008966065831767674,0.001129784389224693,0.6199768938019199
25,45,75,0.00011537087808947142,0.006717220751424367,3.7910038093793685e-05,0.006817273261508848,0.001800645959691588,0.5291873499663375
25,45,80,0.00011880413229189589,0.004622976900003911,4.077554702893349e-05,0.007275721256232583,0.0015932581541249552,0.4835857219268599
25,45,85,0.00012117656234670975,0.0034995793714732762,4.11317183416607e-05,0.007657948544469806,0.0011458378848068812,0.38886636296728794
25,45,90,0.00012231083668825908,0.003060043960730303,3.8747289220210064e-05,0.00823755449864398,0.0012363917992818225,0.4092624833120696
25,45,95,0.0001234346410685502,0.0029417099460020864,3.707707028379327e-05,0.008777818531225055,0.0011756249567463559,0.2899811954642234
25,45,100,0.00012445328407558994,0.00282588965716748,3.6147523839478784e-05,0.009119775918075095,0.0013749431911142817,0.501805446212434
25,45,105,0.0001236641312667027,0.0027322401096142087,3.527046525967411e-05,0.009563907909516112,0.0022653152695244227,0.5596444689473454
25,45,110,0.00012011522603204341,0.002953487541239527,3.368595765131381e-05,0.010312323728757922,0.0024054558242968082,0.6063653581962041
25,45,115,0.0001148124085612939,0.0036314116089679266,3.842573368873295e-05,0.01126586642200331,0.0018195112051609826,0.6388174944966076
25,45,120,0.0001092368215898352,0.004551634387982736,4.491615359592557e-05,0.012129501338640727,0.0015106375347971818,0.5612609920490461
25,45,125,0.00010369597127727042,0.0053788251017239065,5.396791826223668e-05,0.012674053086101277,0.0014042828005821932,0.4306897123322544
25,45,130,9.780050981904494e-05,0.00597560005035374,5.778279074711767e-05,0.013044124629767145,0.0015590525688486472,0.6520845245951694
25,45,135,9.187606364425335e-05,0.0064398595052381,6.255833589521149e-05,0.013482646299785253,0.0019976791198996306,0.6792889238415827
25,45,140,8.698793313242654e-05,0.006933237954980989,7.005413468659538e-05,0.01343247219001827,0.0019738215640150566,0.7052272377373018
25,45,145,8.368284899178428e-05,0.0075444606408900695,7.40982233173519e-05,0.013234766780937981,0.002004410948245767,0.7237573997041179
25,45,150,8.139427926679875e-05,0.008257490992727668,8.003316714260463e-05,0.01285243324001491,0.0032407550271931797,0.6648632954130002
25,45,155,7.92853154620095e-05,0.00897778348292348,8.11069397158241e-05,0.012312632485266286,0.003310252903054159,0.6234478670811447
25,45,160,7.728833923970231e-05,0.009577959654214378,8.084554873443893e-05,0.011802905313644304,0.0028590346303185173,0.57581759648094
25,45,165,7.601944113616328e-05,0.009959450226798384,7.892262899230219e-05,0.01138211003110488,0.003082828012963312,0.5644787427644375
25,45,170,7.585787984107275e-05,0.010115960935829763,7.775988477169357e-05,0.011091039681511405,0.0032540004758648414,0.46828331548324664
25,45,175,7.694651054937149e-05,0.010161429053109525,7.766078839611555e-05,0.010933136010140518,0.0033635612183962986,0.4710285837578333
25,45,180,7.726547406615913e-05,0.010152116573518988,7.7623243952661e-05,0.010885252752586609,0.0034018616365826346,0.47274855743671
25,45,185,7.694651054937149e-05,0.010161429053109525,7.766078839611555e-05,0.010933136010140518,0.0033635612183962986,0.4710285837578333
25,45,190,7.585787984107275e-05,0.010115960935829763,7.775988477169357e-05,0.011091039681511405,0.0032540004758648414,0.46828331548324664
25,45,195,7.601944113616328e-05,0.009959450226798384,7.892262899230219e-05,0.01138211003110488,0.003082828012963312,0.5644787427644375
25,45,200,7.728833923970231e-05,0.009577959654214378,8.084554873443893e-05,0.011802905313644304,0.0028590346303185173,0.57581759648094
25,45,205,7.92853154620095e-05,0.00897778348292348,8.11069397158241e-05,0.012312632485266286,0.003310252903054159,0.6234478670811447
25,45,210,8.139427926679875e-05,0.008257490992727668,8.003316714260463e-05,0.01285243324001491,0.0032407550271931797,0.6648632954130002
25,45,215,8.368284899178428e-05,0.0075444606408900695,7.40982233173519e-05,0.013234766780937981,0.002004410948245767,0.7237573997041179
25,45,220,8.698793313242654e-05,0.006933237954980989,7.005413468659538e-05,0.01343247219001827,0.0019738215640150566,0.7052272377373018
25,45,225,9.187606364425335e-05,0.0064398595052381,6.255833589521149e-05,0.013482646299785253,0.0019976791198996306,0.6792889238415827
25,45,230,9.780050981904494e-05,0.00597560005035374,5.778279074711767e-05,0.013044124629767145,0.0015590525688486472,0.6520845245951694
25,45,235,0.00010369597127727042,0.0053788251017239065,5.396791826223668e-05,0.012674053086101277,0.0014042828005821932,0.4306897123322544
25,45,240,0.0001092368215898352,0.004551634387982736,4.491615359592557e-05,0.012129501338640727,0.0015106375347971818,0.5612609920490461
25,45,245,0.0001148124085612939,0.0036314116089679266,3.842573368873295e-05,0.01126586642200331,0.0018195112051609826,0.6388174944966076
25,45,250,0.00012011522603204341,0.002953487541239527,3.368595765131381e-05,0.010312323728757922,0.0024054558242968082,0.6063653581962041
25,45,255,0.0001236641312667027,0.0027322401096142087,3.527046525967411e-05,0.009563907909516112,0.0022653152695244227,0.5596444689473454
25,45,260,0.00012445328407558994,0.00282588965716748,3.6147523839478784e-05,0.009119775918075095,0.0013749431911142817,0.501805446212434
25,45,265,0.0001234346410685502,0.0029417099460020864,3.707707028379327e-05,0.008777818531225055,0.0011756249567463559,0.2899811954642234
25,45,270,0.00012231083668825908,0.003060043960730303,3.8747289220210064e-05,0.00823755449864398,0.0012363917992818225,0.4092624833120696
25,45,275,0.00012117656234670975,0.0034995793714732762,4.11317183416607e-05,0.007657948544469806,0.0011458378848068812,0.38886636296728794
25,45,280,0.00011880413229189589,0.004622976900003911,4.077554702893349e-05,0.007275721256232583,0.0015932581541249552,0.4835857219268599
25,45,285,0.00011537087808947142,0.006717220751424367,3.7910038093793685e-05,0.006817273261508848,0.001800645959691588,0.5291873499663375
25,45,290,0.00011298658108388438,0.010077259533343161,3.839762262877592e-05,0.008966065831767674,0.001129784389224693,0.6199768938019199
25,45,295,0.00011218064043066762,0.014854998890166577,4.255541890180376e-05,0.013080261275619667,0.0018703013711009278,0.686106480925559
25,45,300,0.0001092864180133402,0.020577746592131445,4.157770565880862e-05,0.016681378380905776,0.002227858443358707,0.9011949187182943
25,45,305,9.928197373168827e-05,0.026000350059269796,4.151277454813901e-05,0.01919328608786103,0.0023654449450656733,1.2507567125647647
25,45,310,8.126303860266212e-05,0.02973646684663866,3.0318849688423452e-05,0.019532155458986657,0.003692343456180616,1.446396741195806
25,45,315,6.021366677459207e-05,0.031162677676886498,4.1802485208587356e-05,0.019586985429184765,0.003089534838061215,1.3324502445805153
25,45,320,4.285906795130226e-05,0.03070619448333429,4.151502869881611e-05,0.02012804338779372,0.004311611774792244,1.3862559093872884
25,45,325,3.1945584918575184e-05,0.029275311040007097,4.396636988840993e-05,0.019716203007699662,0.006901152287391696,1.6104944777318395
25,45,330,2.512646702128047e-05,0.027558589469299295,4.438196726822886e-05,0.020550691748912626,0.007179443544124916,1.8591871646905975
25,45,335,1.8753230802770384e-05,0.02590243749899136,4.3828477454684826e-05,0.02104968014953751,0.007322187740872512,1.9339396421517132
25,45,340,1.1073529740639708e-05,0.024528733004265318,4.499501733474338e-05,0.02158163227801608,0.007387274729605387,1.8767078817851426
25,45,345,2.1637336453800282e-07,0.031574083583487136,4.55174331357481e-05,0.031129336955340044,0.007416902457485656,1.7776273110088079
25,45,350,2.5206282582013184e-08,0.031089958266762526,4.533534038922795e-05,0.024341889019072194,0.007424284179761868,1.7924476607683817
25,45,355,5.7560375354981375e-09,0.04234879171544477,4.005594906478422e-05,0.0183818600530305,0.007681954590098261,1.6309760907670512
25,50,0,1.3036432271100549e-05,0.030611147434800208,5.3042146471120495e-05,0.02312381412191057,0.008220100836838991,2.0827382223141826
25,50,5,1.6849500499744718e-05,0.03089766830573536,5.1305452173902675e-05,0.02281784031402075,0.008282604627662652,2.0456269433849927
25,50,10,2.348066669648121e-05,0.03154645879989104,5.202837803976049e-05,0.0220131780909478,0.008407468720354758,1.9157299383682025
25,50,15,2.5329752513279704e-05,0.032166249693483966,5.638138217832446e-05,0.021689220979485516,0.007900141124227208,1.7645459362186058
25,50,20,2.314436235829366e-05,0.03262169467794393,5.392474804918239e-05,0.021933462173832373,0.007664048191164977,1.6570802518356504
25,50,25,2.617279948716536e-05,0.03308577083843589,5.2072122042619295e-05,0.025025395274301712,0.006040133911625991,2.0449472429003865
25,50,30,4.139992352337552e-05,0.03353931643132221,4.4468095265715e-05,0.021810882515016623,0.00320890319000839,1.4686196202409871
25,50,35,6.567031501614586e-05,0.0333213495062929,4.0823515525305115e-05,0.02051922595749235,0.004163051292055009,1.373095809118749
25,50,40,8.919141256062907e-05,0.03145731674650966,4.1539389562564224e-05,0.020728104361679132,0.005450223679473834,1.548613337691636
25,50,45,0.00010498070119002809,0.02757755325680062,4.750680424021815e-05,0.019848593426473937,0.004646713492600805,1.255416987717017
25,50,50,0.0001132274398923743,0.02237256650516159,4.522197797485845e-05,0.017075454623135995,0.0023728438902872765,0.9291305633874558
25,50,55,0.00011796381508543969,0.01706517873439791,4.037320422315858e-05,0.01349384334075764,0.001915845702781937,0.7475229052260479
25,50,60,0.00012224708053096452,0.012573442163568642,3.843775597842623e-05,0.010249309476099325,0.0021997381441624646,0.6930310628988221
25,50,65,0.0001267997735807597,0.009220500438370942,3.9938182737995955e-05,0.007155140597413762,0.0016652745104170478,0.5962730834404075
25,50,70,0.00013151205546313004,0.007002021771388612,4.337891504805746e-05,0.006066688034666826,0.0015236123028325081,0.523207557831217
25,50,75,0.00013658659803972946,0.005756171064886789,4.6546739183743685e-05,0.006792698025756829,0.0012214410825858528,0.4662157518275029
25,50,80,0.0001421021498650794,0.005068073162590569,5.00884210975828e-05,0.007818389416121854,0.0006807105084771574,0.42787958372948787
25,50,85,0.0001475044514296221,0.004439828828158209,5.193515511246185e-05,0.008826857661032049,0.00048213695906994,0.3947474556828727
25,50,90,0.00015208574659245772,0.003747003653777729,5.246112047775772e-05,0.009385760282133282,0.0018789466344474339,0.5910656057017603
25,50,95,0.0001556287486154887,0.0033367726244309813,5.172679802343074e-05,0.010146262618842624,0.0024174266866514096,0.62947548648779
25,50,100,0.00015830882715816338,0.0034489918008543167,5.16710523820504e-05,0.01111153454011543,0.0021271696474324184,0.6730429044443154
25,50,105,0.00016030260525583956,0.0037879388426457564,5.197792679005131e-05,0.012091913665034103,0.0015606428541448216,0.5902035861296544
25,50,110,0.00016179397021623843,0.00395386128601781,4.862114887847356e-05,0.012869880477096276,0.001657867351071293,0.4679595648103539
25,50,115,0.00016311669022420943,0.004005880899131531,4.815796285940772e-05,0.013582582505167227,0.001102775987229302,0.6773637448119301
25,50,120,0.00016442474718980204,0.004284415340109012,4.761029498968829e-05,0.014298042806953726,0.001432236260615977,0.7166950210439276
25,50,125,0.00016516160634841683,0.004847910496290636,4.801312940794786e-05,0.014860736636000016,0.0016264815144633792,0.7474199003844235
25,50,130,0.00016417081176209282,0.005486795677568269,4.92553527012469e-05,0.015354861273424503,0.0013624704252057963,0.7661386116784119
25,50,135,0.00016061362465967727,0.00617493106093148,5.545384363839136e-05,0.015670487751975593,0.0019063437140590272,0.5255769985052734
25,50,140,0.0001548376915478664,0.007106989606733299,6.767415981140108e-05,0.015261062644477286,0.00232633761383121,0.7886267487959843
25,50,145,0.0001482820712603401,0.008317076854922006,7.847416028085134e-05,0.014737062480853963,0.0024633387174082108,0.8190070183310498
25,50,150,0.00014253046424027652,0.009573787873497453,9.0686797554597e-05,0.013951825054807746,0.002930379070599104,0.8283574779066871
25,50,155,0.0001384037972932779,0.010695634756644957,0.00010235823799953619,0.013226660858174904,0.0034021255451183487,0.7578456153322431
25,50,160,0.00013581431274599376,0.011709388400184149,0.00010973004046116496,0.012575625706538286,0.003759728950995982,0.516265588446267
25,50,165,0.0001342520789817097,0.01263318176291844,0.00011180454293049577,0.012386644600896436,0.004017069270028211,0.6566467883104696
25,50,170,0.00013328555045230128,0.013333299831911583,0.00011341738282632402,0.01295008475652365,0.0040246197464858255,0.8882659694635532
25,50,175,0.00013272717308550775,0.013703543596738723,0.00011483026562621461,0.01315693013440421,0.004280657060561031,1.016973127834452
25,50,180,0.0001325399153068495,0.01380410776456775,0.00011544976278506287,0.013170076477564916,0.004465935547095712,1.0414693568991518
25,50,185,0.00013272717308550775,0.013703543596738723,0.00011483026562621461,0.01315693013440421,0.004280657060561031,1.016973127834452
25,50,190,0.00013328555045230128,0.013333299831911583,0.00011341738282632402,0.01295008475652365,0.0040246197464858255,0.8882659694635532
25,50,195,0.0001342520789817097,0.01263318176291844,0.00011180454293049577,0.012386644600896436,0.004017069270028211,0.6566467883104696
25,50,200,0.00013581431274599376,0.011709388400184149,0.00010973004046116496,0.012575625706538286,0.003759728950995982,0.516265588446267
25,50,205,0.0001384037972932779,0.010695634756644957,0.00010235823799953619,0.013226660858174904,0.0034021255451183487,0.7578456153322431
25,50,210,0.00014253046424027652,0.009573787873497453,9.0686797554597e-05,0.013951825054807746,0.002930379070599104,0.8283574779066871
25,50,215,0.0001482820712603401,0.008317076854922006,7.847416028085134e-05,0.014737062480853963,0.0024633387174082108,0.8190070183310498
25,50,220,0.0001548376915478664,0.007106989606733299,6.767415981140108e-05,0.015261062644477286,0.00232633761383121,0.7886267487959843
25,50,225,0.00016061362465967727,0.00617493106093148,5.545384363839136e-05,0.015670487751975593,0.0019063437140590272,0.5255769985052734
25,50,230,0.00016417081176209282,0.005486795677568269,4.92553527012469e-05,0.015354861273424503,0.0013624704252057963,0.7661386116784119
25,50,235,0.00016516160634841683,0.004847910496290636,4.801312940794786e-05,0.014860736636000016,0.0016264815144633792,0.7474199003844235
25,50,240,0.00016442474718980204,0.004284415340109012,4.761029498968829e-05,0.014298042806953726,0.001432236260615977,0.7166950210439276
25,50,245,0.00016311669022420943,0.004005880899131531,4.815796285940772e-05,0.013582582505167227,0.001102775987229302,0.6773637448119301
25,50,250,0.00016179397021623843,0.00395386128601781,4.862114887847356e-05,0.012869880477096276,0.001657867351071293,0.4679595648103539
25,50,255,0.00016030260525583956,0.0037879388426457564,5.197792679005131e-05,0.012091913665034103,0.0015606428541448216,0.5902035861296544
25,50,260,0.00015830882715816338,0.0034489918008543167,5.16710523820504e-05,0.01111153454011543,0.0021271696474324184,0.6730429044443154
25,50,265,0.0001556287486154887,0.0033367726244309813,5.172679802343074e-05,0.010146262618842624,0.0024174266866514096,0.62947548648779
25,50,270,0.00015208574659245772,0.003747003653777729,5.246112047775772e-05,0.009385760282133282,0.0018789466344474339,0.5910656057017603
25,50,275,0.0001475044514296221,0.004439828828158209,5.193515511246185e-05,0.008826857661032049,0.00048213695906994,0.3947474556828727
25,50,280,0.0001421021498650794,0.005068073162590569,5.00884210975828e-05,0.007818389416121854,0.0006807105084771574,0.42787958372948787
25,50,285,0.00013658659803972946,0.005756171064886789,4.6546739183743685e-05,0.006792698025756829,0.0012214410825858528,0.4662157518275029
25,50,290,0.00013151205546313004,0.007002021771388612,4.337891504805746e-05,0.006066688034666826,0.0015236123028325081,0.523207557831217
25,50,295,0.0001267997735807597,0.009220500438370942,3.9938182737995955e-05,0.007155140597413762,0.0016652745104170478,0.5962730834404075
25,50,300,0.00012224708053096452,0.012573442163568642,3.843775597842623e-05,0.010249309476099325,0.0021997381441624646,0.6930310628988221
25,50,305,0.00011796381508543969,0.01706517873439791,4.037320422315858e-05,0.01349384334075764,0.001915845702781937,0.7475229052260479
25,50,310,0.0001132274398923743,0.02237256650516159,4.522197797485845e-05,0.017075454623135995,0.0023728438902872765,0.9291305633874558
25,50,315,0.00010498070119002809,0.02757755325680062,4.750680424021815e-05,0.019848593426473937,0.004646713492600805,1.255416987717017
25,50,320,8.919141256062907e-05,0.03145731674650966,4.1539389562564224e-05,0.020728104361679132,0.005450223679473834,1.548613337691636
25,50,325,6.567031501614586e-05,0.0333213495062929,4.0823515525305115e-05,0.02051922595749235,0.004163051292055009,1.373095809118749
25,50,330,4.139992352337552e-05,0.03353931643132221,4.4468095265715e-05,0.021810882515016623,0.00320890319000839,1.4686196202409871
25,50,335,2.617279948716536e-05,0.03308577083843589,5.2072122042619295e-05,0.025025395274301712,0.006040133911625991,2.0449472429003865
25,50,340,2.314436235829366e-05,0.03262169467794393,5.392474804918239e-05,0.021933462173832373,0.007664048191164977,1.6570802518356504
25,50,345,2.5329752513279704e-05,0.032166249693483966,5.638138217832446e-05,0.021689220979485516,0.007900141124227208,1.7645459362186058
25,50,350,2.348066669648121e-05,0.03154645879989104,5.202837803976049e-05,0.0220131780909478,0.008407468720354758,1.9157299383682025
25,50,355,1.6849500499744718e-05,0.03089766830573536,5.1305452173902675e-05,0.02281784031402075,0.008282604627662652,2.0456269433849927
25,55,0,2.7257779113908087e-05,0.0347559507449703,4.185531291675949e-05,0.02606988415219235,0.004218501738222606,1.780908843717376
25,55,5,2.8680057231349112e-05,0.034767798381639,3.9994215665913524e-05,0.030166933466337857,0.004149961143371411,2.0930117173806284
25,55,10,3.445229801837162e-05,0.034660997517285075,3.6601047923213396e-05,0.025591861648357684,0.0039381023553829555,1.7314206693704128
25,55,15,4.696571974548364e-05,0.03426287295931938,3.854840444813515e-05,0.02210461972773251,0.0035216564806618985,1.5834866047663088
25,55,20,6.571180158458341e-05,0.03358088845411815,3.561296735395841e-05,0.02110549876455571,0.0037724051725755974,1.4082726886829728
25,55,25,8.63563440016593e-05,0.0324287595270514,4.145027287354402e-05,0.020758024705760252,0.005423715826671055,1.5517671842935965
25,55,30,0.00010371752049780037,0.030168185467166174,4.735328144597089e-05,0.02107423020433869,0.005352986111265889,1.3970402327418219
25,55,35,0.00011529109107994394,0.026356259469164353,5.096342497903504e-05,0.019545547446194078,0.0044170986878580105,1.1048315983061077
25,55,40,0.00012194244149359374,0.021507886119621882,4.750566068470463e-05,0.01647137930580706,0.0025218038885595896,0.8010062636148317
25,55,45,0.00012618441708495088,0.01678889842672988,4.263588558705016e-05,0.013071122317897442,0.0015503864391935359,0.698389600521387
25,55,50,0.0001303626427357745,0.01301342909703032,3.895122877570212e-05,0.01032598940805931,0.0013998426549148442,0.7163915563503782
25,55,55,0.00013576256718989032,0.010226487609695413,4.0529233844347834e-05,0.007858561768579944,0.0022638300108871494,0.6288852323762804
25,55,60,0.00014250619900426286,0.008224627550440261,4.529070688542424e-05,0.006348786800313124,0.0018590001736993231,0.5548591273746502
25,55,65,0.00015005717810968357,0.0069711141637911304,5.141184373152552e-05,0.006232209318858669,0.0016133063669748462,0.521784398226538
25,55,70,0.0001579337660568515,0.006305754557553948,5.671491413051155e-05,0.007017974455542052,0.0013447741762880865,0.4482428480844395
25,55,75,0.0001660156769505215,0.005760917064621619,5.977163654276611e-05,0.008078483382573285,0.0010531617102355713,0.3318676130694693
25,55,80,0.0001742446475209384,0.0049994438296906505,6.116209537423566e-05,0.009278552035690984,0.001742311961987865,0.6208623032691188
25,55,85,0.00018225177619914188,0.0042719215237045725,6.205595885722679e-05,0.010482448567965253,0.0026708821385584116,0.6705155210572871
25,55,90,0.00018963667794588126,0.003998052948530504,6.420070664250898e-05,0.011599154248890884,0.002158727530127753,0.7095967499278117
25,55,95,0.00019667695014102295,0.004055347763620707,6.80017107750298e-05,0.01278344788141039,0.0016807428587887958,0.5520248385993667
25,55,100,0.00020438378823561029,0.003921317869350192,7.140210170230124e-05,0.013715582970636549,0.001250082930984884,0.6413705381270496
25,55,105,0.0002135321600885147,0.003418218704990581,7.384875606521288e-05,0.014499615650061356,0.0013850342121662046,0.7330449387730431
25,55,110,0.0002235630391523983,0.002946873672937792,7.555669524822732e-05,0.015288154551145381,0.0019794858544434596,0.7798367239818642
25,55,115,0.0002326335153674461,0.0028923981965121534,7.454016582502179e-05,0.015920136025301443,0.002002604572542248,0.8119527662704671
25,55,120,0.00023882440956501938,0.003195672653581348,7.103594028987949e-05,0.016422727097516167,0.0014508084248259965,0.6088658140784142
25,55,125,0.00024135044567364077,0.0036980139984979397,6.709142327264981e-05,0.017054918680657116,0.0016512120523782489,0.8412786149709715
25,55,130,0.00024079738476697962,0.004561613471403154,6.894628192316609e-05,0.017788822893197432,0.002210460341963064,0.8808257741888893
25,55,135,0.00023848775481320576,0.006016317837961716,6.748946031309017e-05,0.018451700246117655,0.0021399216242001208,0.9032960090933507
25,55,140,0.00023564007578362467,0.0078581966321498,6.42103279959185e-05,0.0180221213623674,0.0026434397318251808,0.8914566707097027
25,55,145,0.00023286891920069452,0.009579965450645921,6.855072732962243e-05,0.01721854892356693,0.0031784158712579867,1.132180779085369
25,55,150,0.00023018536193084374,0.01092720785484478,7.472374876697102e-05,0.01620776176123901,0.003676450679984954,1.180859632662203
25,55,155,0.0002274100979783372,0.012100211137872534,8.075509816643056e-05,0.015185482161640892,0.004045583461171195,1.1349424488704396
25,55,160,0.00022462074960124742,0.013367194238560625,9.157072649093666e-05,0.014201529511519161,0.0044946918785744245,1.0765592104704504
25,55,165,0.00022223011553119867,0.01466028169480868,0.00010368333633132198,0.014165158192146015,0.004912931613050234,1.1250113738695018
25,55,170,0.00022063872277907574,0.015670643940646895,0.00011282854563307359,0.014921566107535218,0.005242619334200978,1.1539705636796276
25,55,175,0.0002198843241569626,0.01622036674876141,0.00011709302650298641,0.015171104039939758,0.005444158407516785,1.2125808334033694
25,55,180,0.00021968974477862193,0.01637741648951315,0.00011805079065281988,0.01525371118354564,0.005510441085973232,1.1406317023287742
25,55,185,0.0002198843241569626,0.01622036674876141,0.00011709302650298641,0.015171104039939758,0.005444158407516785,1.2125808334033694
25,55,190,0.00022063872277907574,0.015670643940646895,0.00011282854563307359,0.014921566107535218,0.005242619334200978,1.1539705636796276
25,55,195,0.00022223011553119867,0.01466028169480868,0.00010368333633132198,0.014165158192146015,0.004912931613050234,1.1250113738695018
25,55,200,0.00022462074960124742,0.013367194238560625,9.157072649093666e-05,0.014201529511519161,0.0044946918785744245,1.0765592104704504
25,55,205,0.0002274100979783372,0.012100211137872534,8.075509816643056e-05,0.015185482161640892,0.004045583461171195,1.1349424488704396
25,55,210,0.00023018536193084374,0.01092720785484478,7.472374876697102e-05,0.01620776176123901,0.003676450679984954,1.180859632662203
25,55,215,0.00023286891920069452,0.009579965450645921,6.855072732962243e-05,0.01721854892356693,0.0031784158712579867,1.132180779085369
25,55,220,0.00023564007578362467,0.0078581966321498,6.42103279959185e-05,0.0180221213623674,0.0026434397318251808,0.8914566707097027
25,55,225,0.00023848775481320576,0.006016317837961716,6.748946031309017e-05,0.018451700246117655,0.0021399216242001208,0.9032960090933507
25,55,230,0.00024079738476697962,0.004561613471403154,6.894628192316609e-05,0.017788822893197432,0.002210460341963064,0.8808257741888893
25,55,235,0.00024135044567364077,0.0036980139984979397,6.709142327264981e-05,0.017054918680657116,0.0016512120523782489,0.8412786149709715
25,55,240,0.00023882440956501938,0.003195672653581348,7.103594028987949e-05,0.016422727097516167,0.0014508084248259965,0.6088658140784142
25,55,245,0.0002326335153674461,0.0028923981965121534,7.454016582502179e-05,0.015920136025301443,0.002002604572542248,0.8119527662704671
25,55,250,0.0002235630391523983,0.002946873672937792,7.555669524822732e-05,0.015288154551145381,0.0019794858544434596,0.7798367239818642
25,55,255,0.0002135321600885147,0.003418218704990581,7.384875606521288e-05,0.014499615650061356,0.0013850342121662046,0.7330449387730431
25,55,260,0.00020438378823561029,0.003921317869350192,7.140210170230124e-05,0.013715582970636549,0.001250082930984884,0.6413705381270496
25,55,265,0.00019667695014102295,0.004055347763620707,6.80017107750298e-05,0.01278344788141039,0.0016807428587887958,0.5520248385993667
25,55,270,0.00018963667794588126,0.003998052948530504,6.420070664250898e-05,0.011599154248890884,0.002158727530127753,0.7095967499278117
25,55,275,0.00018225177619914188,0.0042719215237045725,6.205595885722679e-05,0.010482448567965253,0.0026708821385584116,0.6705155210572871
25,55,280,0.0001742446475209384,0.0049994438296906505,6.116209537423566e-05,0.009278552035690984,0.001742311961987865,0.6208623032691188
25,55,285,0.0001660156769505215,0.005760917064621619,5.977163654276611e-05,0.008078483382573285,0.0010531617102355713,0.3318676130694693
25,55,290,0.0001579337660568515,0.006305754557553948,5.671491413051155e-05,0.007017974455542052,0.0013447741762880865,0.4482428480844395
25,55,295,0.00015005717810968357,0.0069711141637911304,5.141184373152552e-05,0.006232209318858669,0.0016133063669748462,0.521784398226538
25,55,300,0.00014250619900426286,0.008224627550440261,4.529070688542424e-05,0.006348786800313124,0.0018590001736993231,0.5548591273746502
25,55,305,0.00013576256718989032,0.010226487609695413,4.0529233844347834e-05,0.007858561768579944,0.0022638300108871494,0.6288852323762804
25,55,310,0.0001303626427357745,0.01301342909703032,3.895122877570212e-05,0.01032598940805931,0.0013998426549148442,0.7163915563503782
25,55,315,0.00012618441708495088,0.01678889842672988,4.263588558705016e-05,0.013071122317897442,0.0015503864391935359,0.698389600521387
25,55,320,0.00012194244149359374,0.021507886119621882,4.750566068470463e-05,0.01647137930580706,0.0025218038885595896,0.8010062636148317
25,55,325,0.00011529109107994394,0.026356259469164353,5.096342497903504e-05,0.019545547446194078,0.0044170986878580105,1.1048315983061077
25,55,330,0.00010371752049780037,0.030168185467166174,4.735328144597089e-05,0.02107423020433869,0.005352986111265889,1.3970402327418219
25,55,335,8.63563440016593e-05,0.0324287595270514,4.145027287354402e-05,0.020758024705760252,0.005423715826671055,1.5517671842935965
25,55,340,6.571180158458341e-05,0.03358088845411815,3.561296735395841e-05,0.02110549876455571,0.0037724051725755974,1.4082726886829728
25,55,345,4.696571974548364e-05,0.03426287295931938,3.854840444813515e-05,0.02210461972773251,0.0035216564806618985,1.5834866047663088
25,55,350,3.445229801837162e-05,0.034660997517285075,3.6601047923213396e-05,0.025591861648357684,0.0039381023553829555,1.7314206693704128
25,55,355,2.8680057231349112e-05,0.034767798381639,3.9994215665913524e-05,0.030166933466337857,0.004149961143371411,2.0930117173806284
25,60,0,0.0001052572044016693,0.02848626854519022,4.7386202875873175e-05,0.019741509839634856,0.00359027103225814,1.4299638927496905
25,60,5,0.00010613511671818572,0.028243757022442955,4.8053823168162264e-05,0.01977595881828368,0.0035241942240663753,1.404158016940742
25,60,10,0.00010927062752318865,0.0274816742752254,4.999477796883457e-05,0.019749629519448562,0.003462192163160264,1.3314523737562967
25,60,15,0.0001149711057758648,0.02604782913026331,5.3049920739200486e-05,0.019309284129695722,0.003207272378339547,1.225996457057637
25,60,20,0.00012176807758728985,0.023739097261211935,5.248732901830949e-05,0.018101175091632636,0.0028064242851914807,1.061502308262344
25,60,25,0.00012734995079001369,0.020619765369306174,4.844474877417019e-05,0.01611528032172261,0.0025647029364771353,0.868101587191333
25,60,30,0.00013106406905978541,0.017181575008849873,4.378985078645585e-05,0.013747591214632454,0.0014523912573645719,0.7398980480133196
25,60,35,0.00013463073325158505,0.014018138438611022,3.831311834594643e-05,0.01146894245679366,0.0017525317257847564,0.7741829109775475
25,60,40,0.00014013082276147486,0.01139588198292564,3.839056561045443e-05,0.009076710769676472,0.002659833800154566,0.6896713277130335
25,60,45,0.0001479012165838409,0.009285079090669768,4.172548555832212e-05,0.006883047786854193,0.0022085045172086214,0.5918586139257322
25,60,50,0.00015686560411625524,0.007702454705581543,4.663312076453891e-05,0.006462771346499469,0.002009980115237218,0.5805778198193313
25,60,55,0.00016629953517801862,0.00671938463245903,5.3420045221731945e-05,0.006518046090592767,0.0018333336460849372,0.5353983813870227
25,60,60,0.00017637821924767474,0.006154285642516521,6.02566121447887e-05,0.007419104141397456,0.0016330096835368692,0.46915080484779603
25,60,65,0.00018718812521292903,0.005595364756825849,6.59249610636941e-05,0.008489642971598352,0.001429016233129584,0.37294777496913045
25,60,70,0.00019813390707839554,0.004855630983165952,6.972354655425742e-05,0.009719282616231147,0.001651047860965547,0.6130010056875379
25,60,75,0.00020864409541115252,0.0041901592460535115,7.284773462807649e-05,0.01111495359179586,0.002143308278862728,0.7048864137957646
25,60,80,0.0002190189931619282,0.003872678310029666,7.567225259320605e-05,0.01220976128946797,0.001947434820988513,0.6731920427932223
25,60,85,0.00023032033574267585,0.003747239695763796,8.077433705407696e-05,0.01348613036512912,0.0011480355837067717,0.5121142905648831
25,60,90,0.00024368509096828628,0.0034256788834084347,8.623940918686744e-05,0.014356289555597705,0.0009451912545207492,0.7207228060171886
25,60,95,0.00025963939441202115,0.00281455005772932,9.087797465156177e-05,0.01500065360667185,0.0016777640245600554,0.7746683828101646
25,60,100,0.00027752602612959344,0.0022109976964827505,9.575588463423945e-05,0.015577074003920704,0.0018381201084402767,0.8168184064576728
25,60,105,0.0002954099476349054,0.0018869180240947568,0.00010118395335319882,0.01613427759888643,0.0015984346497632568,0.6612751628287069
25,60,110,0.0003110949178082795,0.0018023084801315023,0.00010664443690840066,0.016724883479027734,0.0015938224878074528,0.878628304430353
25,60,115,0.0003238198036797542,0.0018658866169946266,0.00011110326759692312,0.017370715629949296,0.0017082231936410403,0.9113662471082336
25,60,120,0.00033472915095448044,0.0022489896868289677,0.00011410040004025787,0.018045214644166082,0.0018902847386203941,0.7278707576879888
25,60,125,0.00034523634836361363,0.003128923153879737,0.00011591797701428685,0.018704860285123658,0.0017972568451715845,0.9814349102167113
25,60,130,0.00035509330434414354,0.004290105883807079,0.0001158209261908098,0.0193464003439418,0.002202258804036373,1.0054774400872788
25,60,135,0.0003626616499948932,0.005476476810351157,0.00011039514443507729,0.02001953887505943,0.002391375608590612,1.0183790087848075
25,60,140,0.00036694851653524315,0.006736567797183471,0.00010243980956805947,0.020609253336179655,0.0028346371145357,1.0247059787996942
25,60,145,0.00036870778908642925,0.008250313444405306,9.799858031836776e-05,0.020277022586028745,0.00333371172720908,0.9238940718146739
25,60,150,0.00036931224453882073,0.009966676311591644,9.816443810273766e-05,0.018961560462311965,0.0036121782142898356,0.8630023372339697
25,60,155,0.0003692652044468099,0.011571048472317456,9.7985904548343e-05,0.01763940954081998,0.004062951384985071,0.8944722898754642
25,60,160,0.0003683369760873927,0.01282217435293442,9.301919875853585e-05,0.016505641095196387,0.004469076841705517,0.929891392735364
25,60,165,0.0003667065356695769,0.013785771461881143,9.811391997360591e-05,0.015587200030647248,0.004800656645378231,0.9288125223019535
25,60,170,0.00036520332958508636,0.01464128326025214,0.00010430732731191248,0.014874977801415393,0.005075595630895223,0.9378525887561153
25,60,175,0.0003644123285053919,0.015346712281310557,0.00010714653962625147,0.014974633282902586,0.005275912380930213,0.980590379107309
25,60,180,0.0003642173044740068,0.015634633637491485,0.0001081432929128088,0.01524348579101565,0.005351925632932323,1.0076139425926918
25,60,185,0.0003644123285053919,0.015346712281310557,0.00010714653962625147,0.014974633282902586,0.005275912380930213,0.980590379107309
25,60,190,0.00036520332958508636,0.01464128326025214,0.00010430732731191248,0.014874977801415393,0.005075595630895223,0.9378525887561153
25,60,195,0.0003667065356695769,0.013785771461881143,9.811391997360591e-05,0.015587200030647248,0.004800656645378231,0.9288125223019535
25,60,200,0.0003683369760873927,0.01282217435293442,9.301919875853585e-05,0.016505641095196387,0.004469076841705517,0.929891392735364
25,60,205,0.0003692652044468099,0.011571048472317456,9.7985904548343e-05,0.01763940954081998,0.004062951384985071,0.8944722898754642
25,60,210,0.00036931224453882073,0.009966676311591644,9.816443810273766e-05,0.018961560462311965,0.0036121782142898356,0.8630023372339697
25,60,215,0.00036870778908642925,0.008250313444405306,9.799858031836776e-05,0.020277022586028745,0.00333371172720908,0.9238940718146739
25,60,220,0.00036694851653524315,0.006736567797183471,0.00010243980956805947,0.020609253336179655,0.0028346371145357,1.0247059787996942
25,60,225,0.0003626616499948932,0.005476476810351157,0.00011039514443507729,0.02001953887505943,0.002391375608590612,1.0183790087848075
25,60,230,0.00035509330434414354,0.004290105883807079,0.0001158209261908098,0.0193464003439418,0.002202258804036373,1.0054774400872788
25,60,235,0.00034523634836361363,0.003128923153879737,0.00011591797701428685,0.018704860285123658,0.0017972568451715845,0.9814349102167113
25,60,240,0.00033472915095448044,0.0022489896868289677,0.00011410040004025787,0.018045214644166082,0.0018902847386203941,0.7278707576879888
25,60,245,0.0003238198036797542,0.0018658866169946266,0.00011110326759692312,0.017370715629949296,0.0017082231936410403,0.9113662471082336
25,60,250,0.0003110949178082795,0.0018023084801315023,0.00010664443690840066,0.016724883479027734,0.0015938224878074528,0.878628304430353
25,60,255,0.0002954099476349054,0.0018869180240947568,0.00010118395335319882,0.01613427759888643,0.0015984346497632568,0.6612751628287069
25,60,260,0.00027752602612959344,0.0022109976964827505,9.575588463423945e-05,0.015577074003920704,0.0018381201084402767,0.8168184064576728
25,60,265,0.00025963939441202115,0.00281455005772932,9.087797465156177e-05,0.01500065360667185,0.0016777640245600554,0.7746683828101646
25,60,270,0.00024368509096828628,0.0034256788834084347,8.623940918686744e-05,0.014356289555597705,0.0009451912545207492,0.7207228060171886
25,60,275,0.00023032033574267585,0.003747239695763796,8.077433705407696e-05,0.01348613036512912,0.0011480355837067717,0.5121142905648831
25,60,280,0.0002190189931619282,0.003872678310029666,7.567225259320605e-05,0.01220976128946797,0.001947434820988513,0.6731920427932223
25,60,285,0.00020864409541115252,0.0041901592460535115,7.284773462807649e-05,0.01111495359179586,0.002143308278862728,0.7048864137957646
25,60,290,0.00019813390707839554,0.004855630983165952,6.972354655425742e-05,0.009719282616231147,0.001651047860965547,0.6130010056875379
25,60,295,0.00018718812521292903,0.005595364756825849,6.59249610636941e-05,0.008489642971598352,0.001429016233129584,0.37294777496913045
25,60,300,0.00017637821924767474,0.006154285642516521,6.02566121447887e-05,0.007419104141397456,0.0016330096835368692,0.46915080484779603
25,60,305,0.00016629953517801862,0.00671938463245903,5.3420045221731945e-05,0.006518046090592767,0.0018333336460849372,0.5353983813870227
25,60,310,0.00015686560411625524,0.007702454705581543,4.663312076453891e-05,0.006462771346499469,0.002009980115237218,0.5805778198193313
25,60,315,0.0001479012165838409,0.009285079090669768,4.172548555832212e-05,0.006883047786854193,0.0022085045172086214,0.5918586139257322
25,60,320,0.00014013082276147486,0.01139588198292564,3.839056561045443e-05,0.009076710769676472,0.002659833800154566,0.6896713277130335
25,60,325,0.00013463073325158505,0.014018138438611022,3.831311834594643e-05,0.01146894245679366,0.0017525317257847564,0.7741829109775475
25,60,330,0.00013106406905978541,0.017181575008849873,4.378985078645585e-05,0.013747591214632454,0.0014523912573645719,0.7398980480133196
25,60,335,0.00012734995079001369,0.020619765369306174,4.844474877417019e-05,0.01611528032172261,0.0025647029364771353,0.868101587191333
25,60,340,0.00012176807758728985,0.023739097261211935,5.248732901830949e-05,0.018101175091632636,0.0028064242851914807,1.061502308262344
25,60,345,0.0001149711057758648,0.02604782913026331,5.3049920739200486e-05,0.019309284129695722,0.003207272378339547,1.225996457057637
25,60,350,0.00010927062752318865,0.0274816742752254,4.999477796883457e-05,0.019749629519448562,0.003462192163160264,1.3314523737562967
25,60,355,0.00010613511671818572,0.028243757022442955,4.8053823168162264e-05,0.01977595881828368,0.0035241942240663753,1.404158016940742
25,65,0,0.00013952678785792653,0.014325773551660677,3.355487264607073e-05,0.012276639246018413,0.002750101605520379,0.8029447151129516
25,65,5,0.0001398246754071514,0.013862379740678922,3.406469413012262e-05,0.011938383412221056,0.002694698530811541,0.7950950102058847
25,65,10,0.00014093341183763018,0.012830607538117688,3.477055354485269e-05,0.010971930025025856,0.0025582891981006167,0.7741394194213109
25,65,15,0.00014350557032505405,0.011815520806474526,3.451313933398414e-05,0.009984392452779677,0.002385671428830394,0.7440338170351606
25,65,20,0.00014823660960753757,0.010860704182775885,3.671875664209277e-05,0.009008807491091068,0.0021813544015308935,0.7065233195699788
25,65,25,0.00015496677187162248,0.009542987561483878,4.114215629873728e-05,0.00759452380963989,0.002022930488419968,0.665739791462349
25,65,30,0.00016248139732241446,0.007783676716432848,4.526119592137027e-05,0.006925642502917825,0.0017094691383113332,0.5673146046954988
25,65,35,0.00016975056134781695,0.006204103749927741,4.7767893827278026e-05,0.007318498763488789,0.0015313113290813044,0.5379512135283526
25,65,40,0.00017727309756072982,0.005452014830047758,4.890672279553136e-05,0.007959663470847245,0.0014315523612771887,0.541936038062871
25,65,45,0.0001865763372660978,0.005378480120710963,5.447903055799544e-05,0.008567413367082357,0.0012728757420288062,0.5176008800614781
25,65,50,0.00019832004946379166,0.005223584910741913,6.132309553125701e-05,0.009306595138035348,0.001183391481469163,0.4031250751658897
25,65,55,0.00021146548004460398,0.00458178747350623,6.495647979301382e-05,0.010260661254767253,0.0014241223130146252,0.5151721529475417
25,65,60,0.00022451947787308687,0.0038345896718693082,6.708853080398354e-05,0.010991708205268447,0.0019178539227558762,0.6464221723233704
25,65,65,0.00023718468401107834,0.003512910028753568,7.216828104798876e-05,0.011776347566711783,0.002180744651015924,0.7069960492754481
25,65,70,0.00025062895239003676,0.0035440441065646183,8.215220895783264e-05,0.012899090899137065,0.002022640337058056,0.6282309823025884
25,65,75,0.00026666473554496587,0.0033882725875363953,9.28358419952282e-05,0.01393605415422735,0.0012889389684206797,0.44089630642688576
25,65,80,0.0002868166849951193,0.0028181590658766693,0.00010199579695358788,0.014725186257500453,0.0013977413227475354,0.7626315423405468
25,65,85,0.0003113871351046373,0.002287975196581818,0.00011036590242876764,0.015229179957081512,0.0022083594102754313,0.8145703542405667
25,65,90,0.00033867274342082657,0.0023006984483560193,0.00011882495515342967,0.015713035447619438,0.002015110106025652,0.8530399753689883
25,65,95,0.0003655310973296119,0.0026672015649602068,0.0001284691393422287,0.01643019444057906,0.0021851361322497817,0.8406094955676936
25,65,100,0.0003898265701300528,0.003000627591662161,0.00013783962538031942,0.017196566545960877,0.0024984646587987995,0.9339709265817018
25,65,105,0.0004125484678697009,0.0030413609202332706,0.00014592915431966506,0.017664890869622914,0.002407021623334572,0.9388270353863544
25,65,110,0.0004366889311102325,0.0027346771464335667,0.0001532923523714755,0.01792581201730785,0.002417181639360554,1.0165678606362123
25,65,115,0.0004634268618507456,0.002288626184770618,0.00016080240462559674,0.018452606566714477,0.0024613551319570466,1.0492091100911376
25,65,120,0.000490120436872298,0.001875877180605751,0.00016795792788314948,0.019395578999731863,0.0018747522663282489,1.0773232985068688
25,65,125,0.0005128278572983239,0.001652271990832926,0.0001723345308419122,0.02030968152403272,0.0016393607026559634,0.9995415774478081
25,65,130,0.0005303859722875139,0.0021100817584403034,0.00017408700947577896,0.02077127540772625,0.002062736389477325,0.9852885959764713
25,65,135,0.0005450879107683389,0.003348282949460678,0.00017661549317543428,0.02097892180174069,0.0021788202473589985,1.1069899745473104
25,65,140,0.0005593924682332782,0.004914775192411863,0.0001769007115935673,0.02147469314499608,0.002648821609542244,1.1116673643458665
25,65,145,0.0005730540138130132,0.0065201835632626,0.00017419716924460668,0.022430203628714798,0.003198921531140067,1.1226493508511695
25,65,150,0.000583940911223324,0.00814552104796552,0.0001703421417168314,0.022417696731431395,0.003847174217451155,0.9300016779841248
25,65,155,0.0005908714444985506,0.009774810821157973,0.00016674560316848764,0.020875188246479645,0.004391175456955875,0.825157469434243
25,65,160,0.0005948034197108525,0.011242384594082494,0.0001630718929067727,0.019505518404080872,0.004379031369222816,0.7930917808252789
25,65,165,0.0005974986022275943,0.012389664037709355,0.000160400313366641,0.018384602262741627,0.004564605908020736,0.8375833286097538
25,65,170,0.000599847587368604,0.013198642775131829,0.0001634936666908074,0.01756734374816781,0.004874547101551651,0.8861962086385947
25,65,175,0.0006016304743233399,0.013703901181865388,0.00016602255796306772,0.017078603586142056,0.00502752977164132,0.9533341621979678
25,65,180,0.000602304002957018,0.013882388261342185,0.0001670081613133821,0.016917331728104126,0.005068984254895797,0.9912354702112792
25,65,185,0.0006016304743233399,0.013703901181865388,0.00016602255796306772,0.017078603586142056,0.00502752977164132,0.9533341621979678
25,65,190,0.000599847587368604,0.013198642775131829,0.0001634936666908074,0.01756734374816781,0.004874547101551651,0.8861962086385947
25,65,195,0.0005974986022275943,0.012389664037709355,0.000160400313366641,0.018384602262741627,0.004564605908020736,0.8375833286097538
25,65,200,0.0005948034197108525,0.011242384594082494,0.0001630718929067727,0.019505518404080872,0.004379031369222816,0.7930917808252789
25,65,205,0.0005908714444985506,0.009774810821157973,0.00016674560316848764,0.020875188246479645,0.004391175456955875,0.825157469434243
25,65,210,0.000583940911223324,0.00814552104796552,0.0001703421417168314,0.022417696731431395,0.003847174217451155,0.9300016779841248
25,65,215,0.0005730540138130132,0.0065201835632626,0.00017419716924460668,0.022430203628714798,0.003198921531140067,1.1226493508511695
25,65,220,0.0005593924682332782,0.004914775192411863,0.0001769007115935673,0.02147469314499608,0.002648821609542244,1.1116673643458665
25,65,225,0.0005450879107683389,0.003348282949460678,0.00017661549317543428,0.02097892180174069,0.0021788202473589985,1.1069899745473104
25,65,230,0.0005303859722875139,0.0021100817584403034,0.00017408700947577896,0.02077127540772625,0.002062736389477325,0.9852885959764713
25,65,235,0.0005128278572983239,0.001652271990832926,0.0001723345308419122,0.02030968152403272,0.0016393607026559634,0.9995415774478081
25,65,240,0.000490120436872298,0.001875877180605751,0.00016795792788314948,0.019395578999731863,0.0018747522663282489,1.0773232985068688
25,65,245,0.0004634268618507456,0.002288626184770618,0.00016080240462559674,0.018452606566714477,0.0024613551319570466,1.0492091100911376
25,65,250,0.0004366889311102325,0.0027346771464335667,0.0001532923523714755,0.01792581201730785,0.002417181639360554,1.0165678606362123
25,65,255,0.0004125484678697009,0.0030413609202332706,0.00014592915431966506,0.017664890869622914,0.002407021623334572,0.9388270353863544
25,65,260,0.0003898265701300528,0.003000627591662161,0.00013783962538031942,0.017196566545960877,0.0024984646587987995,0.9339709265817018
25,65,265,0.0003655310973296119,0.0026672015649602068,0.0001284691393422287,0.01643019444057906,0.0021851361322497817,0.8406094955676936
25,65,270,0.00033867274342082657,0.0023006984483560193,0.00011882495515342967,0.015713035447619438,0.002015110106025652,0.8530399753689883
25,65,275,0.0003113871351046373,0.002287975196581818,0.00011036590242876764,0.015229179957081512,0.0022083594102754313,0.8145703542405667
25,65,280,0.0002868166849951193,0.0028181590658766693,0.00010199579695358788,0.014725186257500453,0.0013977413227475354,0.7626315423405468
25,65,285,0.00026666473554496587,0.0033882725875363953,9.28358419952282e-05,0.01393605415422735,0.0012889389684206797,0.44089630642688576
25,65,290,0.00025062895239003676,0.0035440441065646183,8.215220895783264e-05,0.012899090899137065,0.002022640337058056,0.6282309823025884
25,65,295,0.00023718468401107834,0.003512910028753568,7.216828104798876e-05,0.011776347566711783,0.002180744651015924,0.7069960492754481
25,65,300,0.00022451947787308687,0.0038345896718693082,6.708853080398354e-05,0.010991708205268447,0.0019178539227558762,0.6464221723233704
25,65,305,0.00021146548004460398,0.00458178747350623,6.495647979301382e-05,0.010260661254767253,0.0014241223130146252,0.5151721529475417
25,65,310,0.00019832004946379166,0.005223584910741913,6.132309553125701e-05,0.009306595138035348,0.001183391481469163,0.4031250751658897
25,65,315,0.0001865763372660978,0.005378480120710963,5.447903055799544e-05,0.008567413367082357,0.0012728757420288062,0.5176008800614781
25,65,320,0.00017727309756072982,0.005452014830047758,4.890672279553136e-05,0.007959663470847245,0.0014315523612771887,0.541936038062871
25,65,325,0.00016975056134781695,0.006204103749927741,4.7767893827278026e-05,0.007318498763488789,0.0015313113290813044,0.5379512135283526
25,65,330,0.00016248139732241446,0.007783676716432848,4.526119592137027e-05,0.006925642502917825,0.0017094691383113332,0.5673146046954988
25,65,335,0.00015496677187162248,0.009542987561483878,4.114215629873728e-05,0.00759452380963989,0.002022930488419968,0.665739791462349
25,65,340,0.00014823660960753757,0.010860704182775885,3.671875664209277e-05,0.009008807491091068,0.0021813544015308935,0.7065233195699788
25,65,345,0.00014350557032505405,0.011815520806474526,3.451313933398414e-05,0.009984392452779677,0.002385671428830394,0.7440338170351606
25,65,350,0.00014093341183763018,0.012830607538117688,3.477055354485269e-05,0.010971930025025856,0.0025582891981006167,0.7741394194213109
25,65,355,0.0001398246754071514,0.013862379740678922,3.406469413012262e-05,0.011938383412221056,0.002694698530811541,0.7950950102058847
25,70,0,0.00019216815847857352,0.005397201245440158,5.373388830420475e-05,0.009261132491520854,0.0014890082255950602,0.5144463865273566
25,70,5,0.000193535416884715,0.00527764431700707,5.461772316689298e-05,0.00925889243365626,0.001635784604140587,0.5438980611592126
25,70,10,0.00019757653623087533,0.0048100021351517586,5.659737489523836e-05,0.009280385702963799,0.0018256319174293038,0.5798768656907078
25,70,15,0.000203488906907222,0.003942970203496191,5.8631646131654e-05,0.009377293030892936,0.0016810858826158358,0.5492326587302778
25,70,20,0.00020952421059784124,0.003049733824329554,6.350053816758989e-05,0.009560781598493544,0.0012842602918066424,0.48199791058001995
25,70,25,0.00021485945753548126,0.002683520968869334,6.302750034216571e-05,0.009790250127846756,0.0010659898408092216,0.48971059470888445
25,70,30,0.00022121213262903984,0.0029577889700913708,6.013728816550495e-05,0.010050017426422152,0.0011264615900979358,0.5038061017539431
25,70,35,0.00023110451691636148,0.0033690191925279628,6.219189812622992e-05,0.010410036498291175,0.0009893756619029428,0.5199175848748827
25,70,40,0.00024464444873898827,0.003323618180165758,6.934978884260974e-05,0.010731310832401766,0.0012640531103805099,0.37146896734467294
25,70,45,0.0002593898920340036,0.0028815439224562805,7.47373191380856e-05,0.011005107999012546,0.0015198609573775516,0.5498273174663455
25,70,50,0.00027350032008390066,0.0025819648853956764,7.925217292796116e-05,0.011343610330161617,0.0019651325935160398,0.6587472621017794
25,70,55,0.0002877356485468923,0.002611313670049409,8.304012369960475e-05,0.011917521190589456,0.002098018122851799,0.692050451286425
25,70,60,0.0003040287091377143,0.0027883729485718976,8.989246709979488e-05,0.012806215744559746,0.001549635706096703,0.6638336900828371
25,70,65,0.00032372343631752176,0.0028746713841813227,0.00010408776019310432,0.013806263461778202,0.0009972116737840605,0.5441145154820219
25,70,70,0.00034793931662184616,0.0029532124458822927,0.00011672533095622752,0.014590189459501622,0.002078355495521104,0.7958563790488966
25,70,75,0.00037790345369562075,0.003362516229040969,0.00013032161815151834,0.015122191436730232,0.003014920362875512,0.8497188677067411
25,70,80,0.0004130955517922903,0.004055608316451323,0.0001477168884538478,0.01571283032273998,0.0033563871123675785,0.8936950247985869
25,70,85,0.00044997245093551796,0.0047866306743487895,0.00016055371167565538,0.01661806285794174,0.0036242830897014427,0.9009789070011642
25,70,90,0.00048490447588212665,0.005374860992257876,0.0001735879998481446,0.017646788231020512,0.004022715885771284,0.946523826196108
25,70,95,0.0005186499553300134,0.005640701916302891,0.0001857341210803362,0.01815672473489844,0.004171567843130892,0.968412592186698
25,70,100,0.0005558685505061608,0.00551835572152037,0.00019777885221269236,0.01874385432830321,0.004203128029417428,1.0228119594917247
25,70,105,0.0005990209874340586,0.005157666856154737,0.00021075276120813193,0.019378421013322225,0.004114146650098356,1.06440007915436
25,70,110,0.0006445156257377221,0.004750783843491946,0.0002241729956104256,0.0199223429372074,0.0037478610428888053,1.1156016172805354
25,70,115,0.0006866563918232534,0.00431960984456834,0.00023703702035253677,0.020268468546286906,0.003490631658162364,1.1134169150558764
25,70,120,0.0007243659659650452,0.0036998989978992286,0.0002498125068153452,0.020442763818486066,0.003104934518982703,1.1201967881507575
25,70,125,0.0007617168299289233,0.0028492657904450667,0.0002640310712838478,0.02068377856223149,0.002689794313147048,1.1897134575056523
25,70,130,0.0008017616085701802,0.0020971747261975355,0.00027271077917208515,0.021378800642031966,0.002216994441759106,1.2035754833875667
25,70,135,0.000842047759866859,0.0020628399772257586,0.0002760182528951556,0.022420624558934645,0.0020860421285054122,1.1646234118960246
25,70,140,0.0008772718224666787,0.0029292703251009157,0.00027750541960654476,0.023265588816541383,0.002729583083943039,0.9887624410107887
25,70,145,0.0009048967666160576,0.004247850620962803,0.000278540660838625,0.023583624142996244,0.0032048865934411275,1.0319332554798213
25,70,150,0.0009266709048618461,0.00573187828659831,0.0002796433398442816,0.02353980830987365,0.0036010551523077746,1.1989363965630406
25,70,155,0.000945326412536052,0.007249696340245038,0.0002815060217044238,0.023478508643916964,0.003974904823260027,1.1806324087669358
25,70,160,0.0009615957648740712,0.008699017867363146,0.00028464842254750065,0.02278571687932662,0.004121221501814113,1.2283481531449283
25,70,165,0.0009745504172451024,0.009944073365543541,0.0002880414786401641,0.021687674571282053,0.004499306658008049,1.2650679865431722
25,70,170,0.0009834766481662954,0.010834362785911184,0.0002897837531229096,0.020766324261606725,0.004840837272254941,1.2839360946687859
25,70,175,0.00098852824095968,0.011316015068941953,0.0002895602205807372,0.020205162434300244,0.005136506447088924,1.2795125636461568
25,70,180,0.0009901512561804535,0.011458174481586248,0.00028909788757128414,0.02001717761966402,0.005197177345220792,1.2721537330488166
25,70,185,0.00098852824095968,0.011316015068941953,0.0002895602205807372,0.020205162434300244,0.005136506447088924,1.2795125636461568
25,70,190,0.0009834766481662954,0.010834362785911184,0.0002897837531229096,0.020766324261606725,0.004840837272254941,1.2839360946687859
25,70,195,0.0009745504172451024,0.009944073365543541,0.0002880414786401641,0.021687674571282053,0.004499306658008049,1.2650679865431722
25,70,200,0.0009615957648740712,0.008699017867363146,0.00028464842254750065,0.02278571687932662,0.004121221501814113,1.2283481531449283
25,70,205,0.000945326412536052,0.007249696340245038,0.0002815060217044238,0.023478508643916964,0.003974904823260027,1.1806324087669358
25,70,210,0.0009266709048618461,0.00573187828659831,0.0002796433398442816,0.02353980830987365,0.0036010551523077746,1.1989363965630406
25,70,215,0.0009048967666160576,0.004247850620962803,0.000278540660838625,0.023583624142996244,0.0032048865934411275,1.0319332554798213
25,70,220,0.0008772718224666787,0.0029292703251009157,0.00027750541960654476,0.023265588816541383,0.002729583083943039,0.9887624410107887
25,70,225,0.000842047759866859,0.0020628399772257586,0.0002760182528951556,0.022420624558934645,0.0020860421285054122,1.1646234118960246
25,70,230,0.0008017616085701802,0.0020971747261975355,0.00027271077917208515,0.021378800642031966,0.002216994441759106,1.2035754833875667
25,70,235,0.0007617168299289233,0.0028492657904450667,0.0002640310712838478,0.02068377856223149,0.002689794313147048,1.1897134575056523
25,70,240,0.0007243659659650452,0.0036998989978992286,0.0002498125068153452,0.020442763818486066,0.003104934518982703,1.1201967881507575
25,70,245,0.0006866563918232534,0.00431960984456834,0.00023703702035253677,0.020268468546286906,0.003490631658162364,1.1134169150558764
25,70,250,0.0006445156257377221,0.004750783843491946,0.0002241729956104256,0.0199223429372074,0.0037478610428888053,1.1156016172805354
25,70,255,0.0005990209874340586,0.005157666856154737,0.00021075276120813193,0.019378421013322225,0.004114146650098356,1.06440007915436
25,70,260,0.0005558685505061608,0.00551835572152037,0.00019777885221269236,0.01874385432830321,0.004203128029417428,1.0228119594917247
25,70,265,0.0005186499553300134,0.005640701916302891,0.0001857341210803362,0.01815672473489844,0.004171567843130892,0.968412592186698
25,70,270,0.00048490447588212665,0.005374860992257876,0.0001735879998481446,0.017646788231020512,0.004022715885771284,0.946523826196108
25,70,275,0.00044997245093551796,0.0047866306743487895,0.00016055371167565538,0.01661806285794174,0.0036242830897014427,0.9009789070011642
25,70,280,0.0004130955517922903,0.004055608316451323,0.0001477168884538478,0.01571283032273998,0.0033563871123675785,0.8936950247985869
25,70,285,0.00037790345369562075,0.003362516229040969,0.00013032161815151834,0.015122191436730232,0.003014920362875512,0.8497188677067411
25,70,290,0.00034793931662184616,0.0029532124458822927,0.00011672533095622752,0.014590189459501622,0.002078355495521104,0.7958563790488966
25,70,295,0.00032372343631752176,0.0028746713841813227,0.00010408776019310432,0.013806263461778202,0.0009972116737840605,0.5441145154820219
25,70,300,0.0003040287091377143,0.0027883729485718976,8.989246709979488e-05,0.012806215744559746,0.001549635706096703,0.6638336900828371
25,70,305,0.0002877356485468923,0.002611313670049409,8.304012369960475e-05,0.011917521190589456,0.002098018122851799,0.692050451286425
25,70,310,0.00027350032008390066,0.0025819648853956764,7.925217292796116e-05,0.011343610330161617,0.0019651325935160398,0.6587472621017794
25,70,315,0.0002593898920340036,0.0028815439224562805,7.47373191380856e-05,0.011005107999012546,0.0015198609573775516,0.5498273174663455
25,70,320,0.00024464444873898827,0.003323618180165758,6.934978884260974e-05,0.010731310832401766,0.0012640531103805099,0.37146896734467294
25,70,325,0.00023110451691636148,0.0033690191925279628,6.219189812622992e-05,0.010410036498291175,0.0009893756619029428,0.5199175848748827
25,70,330,0.00022121213262903984,0.0029577889700913708,6.013728816550495e-05,0.010050017426422152,0.0011264615900979358,0.5038061017539431
25,70,335,0.00021485945753548126,0.002683520968869334,6.302750034216571e-05,0.009790250127846756,0.0010659898408092216,0.48971059470888445
25,70,340,0.00020952421059784124,0.003049733824329554,6.350053816758989e-05,0.009560781598493544,0.0012842602918066424,0.48199791058001995
25,70,345,0.000203488906907222,0.003942970203496191,5.8631646131654e-05,0.009377293030892936,0.0016810858826158358,0.5492326587302778
25,70,350,0.00019757653623087533,0.0048100021351517586,5.659737489523836e-05,0.009280385702963799,0.0018256319174293038,0.5798768656907078
25,70,355,0.000193535416884715,0.00527764431700707,5.461772316689298e-05,0.00925889243365626,0.001635784604140587,0.5438980611592126
25,75,0,0.00030747675395093217,0.002752230261089973,9.859220025808767e-05,0.009492813573701776,0.0016629079394343033,0.5300321345279491
25,75,5,0.00030861271199376754,0.0027542420532216663,9.926198134447119e-05,0.009526589457998396,0.001659816803881777,0.5305651427446691
25,75,10,0.0003118279046257803,0.002807159288540902,0.00010029273740095029,0.009593855910294363,0.001654527925317162,0.5150190435368487
25,75,15,0.00031703594830335795,0.0029317577681685814,0.00010074620656128682,0.009651153731951755,0.0016526475984184074,0.4935530530229852
25,75,20,0.0003246482214543517,0.0031089390675965475,0.00010244593763825355,0.009725270290499636,0.0016540684267374918,0.40602724918580535
25,75,25,0.0003347616067744504,0.0033418309043764484,0.00010532498456819299,0.009885206022675317,0.001654994647509488,0.5329626079820732
25,75,30,0.0003464348277553292,0.0035805199954437625,0.00010824280024835037,0.010156112586089693,0.0017041341783450331,0.5735175260890971
25,75,35,0.0003587019806428537,0.00376368652961791,0.00010953192492932189,0.010521382725256151,0.0018701817786243523,0.6391580078367329
25,75,40,0.00037201332276330483,0.003901552167754676,0.00011046046294586843,0.011003248466927212,0.001959625864045465,0.6712068115264302
25,75,45,0.0003878771582511301,0.004055748709609745,0.00011415073885847867,0.011660208669412078,0.001672680065317941,0.6642350791897346
25,75,50,0.00040745187487631254,0.004291675709052265,0.00011814523282113959,0.01247126783168108,0.0016101456649201588,0.7109419566800437
25,75,55,0.00043154944085514475,0.004672832641094578,0.00012853670672864984,0.01329785868807537,0.0022465221673274027,0.6367831645330405
25,75,60,0.00046163728239521657,0.005264357306607615,0.00014343895703484728,0.01449615600337264,0.0032342041693981765,0.8015127779545268
25,75,65,0.0004989778647459262,0.006077608409130103,0.0001606531080013073,0.015547786637243148,0.00410684614722853,0.8251204300737556
25,75,70,0.0005421094236313095,0.007023789186327027,0.0001854743972531771,0.016414880345194307,0.004560543405523905,0.823067127663704
25,75,75,0.0005870118709264127,0.007937391477582573,0.0002118859607207449,0.01745883377839926,0.004889590867402557,0.8844602666811899
25,75,80,0.0006314414794156929,0.008623739694762326,0.00022919672310509022,0.01805281677267413,0.005139578948138908,0.915927410894384
25,75,85,0.000678212191691431,0.00895171523097948,0.0002452438970481515,0.018689408280904894,0.005276355667419674,0.8989928865227331
25,75,90,0.0007320445429428602,0.008962102400657982,0.00026216656772986603,0.019390214024627928,0.005260251847165268,0.9862436681880626
25,75,95,0.0007932962389039927,0.008838937912986991,0.000280634083357636,0.020183272509982607,0.005235761165862413,1.0212339245021582
25,75,100,0.0008571601314003828,0.008711214669118748,0.0003002622867586801,0.020965578811302697,0.0050076139679390685,1.0536769118070035
25,75,105,0.0009199207906366406,0.00848564716914092,0.0003211330748386903,0.021511015093645405,0.004774988941863394,1.085347695848366
25,75,110,0.000983800119758179,0.007953346645694772,0.0003448386001639499,0.021896802320481683,0.004640246159111017,1.1190768792980768
25,75,115,0.001053489975756156,0.0070666177152152515,0.0003725730875902772,0.022283575503404936,0.004542261278210615,1.1628930885024111
25,75,120,0.0011289801384761922,0.005986257600596432,0.0004024817048813873,0.022531248391943703,0.0043466072360254645,1.2082628870780252
25,75,125,0.0012044117083703319,0.004860807107629941,0.0004175571580235047,0.02250696829018349,0.004023233014494776,1.2333939874754185
25,75,130,0.0012742751989352243,0.003691191330112465,0.00043334601923972725,0.02224493694097028,0.0032203953598074577,1.2641477084145585
25,75,135,0.0013383925074006067,0.0025624721927588094,0.0004474743671126387,0.022311091374449053,0.002473183232708497,1.2771283919087844
25,75,140,0.0013994284519488857,0.0021544244014549845,0.00045801989531929835,0.022729202766568108,0.002505613732014567,1.2700264785374324
25,75,145,0.0014571368392005523,0.0028932236277761977,0.000466364520120637,0.02331373347466259,0.002607965327247227,1.2637346342977929
25,75,150,0.0015072874457503112,0.004007707390013319,0.00047428147272898097,0.023830566203959895,0.0033737821102667815,1.2550754405372333
25,75,155,0.001546121196643449,0.005213007896970161,0.0004805254692565779,0.024206233206547106,0.0038396704429769267,1.123380239434053
25,75,160,0.0015741785006284335,0.006531655858508126,0.00048351567230595343,0.02452493019871442,0.00425753247573153,1.1173803634251085
25,75,165,0.0015950660836676588,0.007838013410682057,0.00048593798261990697,0.02435592903566336,0.0046151227327231575,1.1851829341208688
25,75,170,0.0016114038324394689,0.00886589920642375,0.0004891018034434711,0.02337767690282479,0.004883435413315454,1.225276194323164
25,75,175,0.0016227295825742977,0.009455506276081369,0.0004921381609959167,0.02278497908940566,0.004737039483155146,1.221012442930296
25,75,180,0.0016268861085614698,0.009635515036477731,0.0004933896218424372,0.022592557553741018,0.004649699247562566,1.2191841329619986
25,75,185,0.0016227295825742977,0.009455506276081369,0.0004921381609959167,0.02278497908940566,0.004737039483155146,1.221012442930296
25,75,190,0.0016114038324394689,0.00886589920642375,0.0004891018034434711,0.02337767690282479,0.004883435413315454,1.225276194323164
25,75,195,0.0015950660836676588,0.007838013410682057,0.00048593798261990697,0.02435592903566336,0.0046151227327231575,1.1851829341208688
25,75,200,0.0015741785006284335,0.006531655858508126,0.00048351567230595343,0.02452493019871442,0.00425753247573153,1.1173803634251085
25,75,205,0.001546121196643449,0.005213007896970161,0.0004805254692565779,0.024206233206547106,0.0038396704429769267,1.123380239434053
25,75,210,0.0015072874457503112,0.004007707390013319,0.00047428147272898097,0.023830566203959895,0.0033737821102667815,1.2550754405372333
25,75,215,0.0014571368392005523,0.0028932236277761977,0.000466364520120637,0.02331373347466259,0.002607965327247227,1.2637346342977929
25,75,220,0.0013994284519488857,0.0021544244014549845,0.00045801989531929835,0.022729202766568108,0.002505613732014567,1.2700264785374324
25,75,225,0.0013383925074006067,0.0025624721927588094,0.0004474743671126387,0.022311091374449053,0.002473183232708497,1.2771283919087844
25,75,230,0.0012742751989352243,0.003691191330112465,0.00043334601923972725,0.02224493694097028,0.0032203953598074577,1.2641477084145585
25,75,235,0.0012044117083703319,0.004860807107629941,0.0004175571580235047,0.02250696829018349,0.004023233014494776,1.2333939874754185
25,75,240,0.0011289801384761922,0.005986257600596432,0.0004024817048813873,0.022531248391943703,0.0043466072360254645,1.2082628870780252
25,75,245,0.001053489975756156,0.0070666177152152515,0.0003725730875902772,0.022283575503404936,0.004542261278210615,1.1628930885024111
25,75,250,0.000983800119758179,0.007953346645694772,0.0003448386001639499,0.021896802320481683,0.004640246159111017,1.1190768792980768
25,75,255,0.0009199207906366406,0.00848564716914092,0.0003211330748386903,0.021511015093645405,0.004774988941863394,1.085347695848366
25,75,260,0.0008571601314003828,0.008711214669118748,0.0003002622867586801,0.020965578811302697,0.0050076139679390685,1.0536769118070035
25,75,265,0.0007932962389039927,0.008838937912986991,0.000280634083357636,0.020183272509982607,0.005235761165862413,1.0212339245021582
25,75,270,0.0007320445429428602,0.008962102400657982,0.00026216656772986603,0.019390214024627928,0.005260251847165268,0.9862436681880626
25,75,275,0.000678212191691431,0.00895171523097948,0.0002452438970481515,0.018689408280904894,0.005276355667419674,0.8989928865227331
25,75,280,0.0006314414794156929,0.008623739694762326,0.00022919672310509022,0.01805281677267413,0.005139578948138908,0.915927410894384
25,75,285,0.0005870118709264127,0.007937391477582573,0.0002118859607207449,0.01745883377839926,0.004889590867402557,0.8844602666811899
25,75,290,0.0005421094236313095,0.007023789186327027,0.0001854743972531771,0.016414880345194307,0.004560543405523905,0.823067127663704
25,75,295,0.0004989778647459262,0.006077608409130103,0.0001606531080013073,0.015547786637243148,0.00410684614722853,0.8251204300737556
25,75,300,0.00046163728239521657,0.005264357306607615,0.00014343895703484728,0.01449615600337264,0.0032342041693981765,0.8015127779545268
25,75,305,0.00043154944085514475,0.004672832641094578,0.00012853670672864984,0.01329785868807537,0.0022465221673274027,0.6367831645330405
25,75,310,0.00040745187487631254,0.004291675709052265,0.00011814523282113959,0.01247126783168108,0.0016101456649201588,0.7109419566800437
25,75,315,0.0003878771582511301,0.004055748709609745,0.00011415073885847867,0.011660208669412078,0.001672680065317941,0.6642350791897346
25,75,320,0.00037201332276330483,0.003901552167754676,0.00011046046294586843,0.011003248466927212,0.001959625864045465,0.6712068115264302
25,75,325,0.0003587019806428537,0.00376368652961791,0.00010953192492932189,0.010521382725256151,0.0018701817786243523,0.6391580078367329
25,75,330,0.0003464348277553292,0.0035805199954437625,0.00010824280024835037,0.010156112586089693,0.0017041341783450331,0.5735175260890971
25,75,335,0.0003347616067744504,0.0033418309043764484,0.00010532498456819299,0.009885206022675317,0.001654994647509488,0.5329626079820732
25,75,340,0.0003246482214543517,0.0031089390675965475,0.00010244593763825355,0.009725270290499636,0.0016540684267374918,0.40602724918580535
25,75,345,0.00031703594830335795,0.0029317577681685814,0.00010074620656128682,0.009651153731951755,0.0016526475984184074,0.4935530530229852
25,75,350,0.0003118279046257803,0.002807159288540902,0.00010029273740095029,0.009593855910294363,0.001654527925317162,0.5150190435368487
25,75,355,0.00030861271199376754,0.0027542420532216663,9.926198134447119e-05,0.009526589457998396,0.001659816803881777,0.5305651427446691
25,80,0,0.0006068659287710616,0.00739598615497798,0.00022189303678778628,0.010687410122412838,0.003430576271909166,0.6054850055695246
25,80,5,0.0006092043007984074,0.007473214875966659,0.0002256563946390574,0.010652749438841173,0.0034576447923256736,0.6010590735792045
25,80,10,0.0006149821747779248,0.0076032780200652045,0.00023114608398440125,0.0107051097692006,0.0034829631803220936,0.6023220739428756
25,80,15,0.0006218011802452163,0.007589277512066254,0.00023062543803026216,0.011040781287546481,0.003427520544132194,0.6272097549773903
25,80,20,0.0006286709645971725,0.007374222786127504,0.000221403911710064,0.011499371860692964,0.0033347617025228384,0.6562249656010997
25,80,25,0.0006371492897158642,0.00715363995712218,0.00021468866083731867,0.011788747318160804,0.0032518988630978775,0.6729496423750319
25,80,30,0.0006494460440668245,0.007211112115600699,0.00021375181750150083,0.011999027553970473,0.003246893622894489,0.6610806345733616
25,80,35,0.0006660126180428987,0.007652526302832425,0.00021477130573693956,0.01248924109194864,0.0032314418630882374,0.6779494413487339
25,80,40,0.0006865206160097496,0.008328011211869962,0.00022506986084637687,0.013361283404243689,0.0033860191257113585,0.6581358312614417
25,80,45,0.0007131179677640556,0.009025329784573889,0.00023767566172694723,0.013742915416059775,0.004655323576733099,0.6896046620429093
25,80,50,0.0007500875784769052,0.009722985130477691,0.0002552995815224865,0.013866813377942128,0.005545093907577634,0.7610999487257653
25,80,55,0.0007982894079812519,0.010584635492824221,0.00028319657924642024,0.014291347603908221,0.005925332245053169,0.7963241251729363
25,80,60,0.0008519818760565102,0.011681416525051513,0.0003182492150562953,0.014963344735050827,0.006237771398500783,0.7498226836858704
25,80,65,0.0009044082804983162,0.012789230133851224,0.00034880071913413486,0.015412949138900272,0.006686887800124382,0.8883234862039433
25,80,70,0.0009565502176579529,0.013545823869900017,0.00036968673590565253,0.015885237487029642,0.007056560902819022,0.9286457070307157
25,80,75,0.0010171867944601329,0.013823125595473554,0.00039164313798569113,0.016606981687370508,0.007161015268864612,0.8897481730493457
25,80,80,0.001092443899202612,0.013862760590170654,0.0004213357982206763,0.017411287438996143,0.007113326014427332,0.9922249554610851
25,80,85,0.0011780982018017722,0.013974203454975498,0.0004452913951823942,0.018275094353967087,0.006973148171121714,1.0406643037582588
25,80,90,0.0012655101200353593,0.014139525145664692,0.0004664771270396235,0.018836981161500895,0.006739185662941912,1.0733262438373568
25,80,95,0.0013538433969459505,0.014032851873772125,0.00048760457798317433,0.019304309271727643,0.006482117461494631,1.0999068579434073
25,80,100,0.001451915567364159,0.0134636674617461,0.0005161709231397043,0.020200843665828687,0.006436019237448828,1.1470077285925786
25,80,105,0.0015664370477527709,0.0126108406206164,0.0005602667861888261,0.021456104731472463,0.006601206242388887,1.1086677315645486
25,80,110,0.00169217892388163,0.01171094996890127,0.0006084762149571477,0.02232771023588181,0.006493138159733786,1.1254694394787335
25,80,115,0.001817473134227296,0.010693425261432025,0.0006567407754010397,0.022491082137822388,0.005752411147670344,1.1734521570046303
25,80,120,0.0019378707946904154,0.009323604552154975,0.0006948736405501749,0.022680694732551125,0.005168944246696682,1.159328191218322
25,80,125,0.002059314260418787,0.007634611363587438,0.0007317434435152783,0.023555609711640543,0.004748355432151094,1.2150443630084127
25,80,130,0.002186366311945718,0.005938372848920817,0.0007638745674811848,0.023739941092013567,0.00435524900918084,1.2772126737209204
25,80,135,0.002311631157710433,0.004438957124506922,0.0007986924783857201,0.0236276463384981,0.003819313708120687,1.2898078364174603
25,80,140,0.002421087598272257,0.0031552436512840374,0.000825748264958355,0.023407949947650913,0.002953494919924439,1.1966068078947658
25,80,145,0.0025089847376031683,0.002606471263681851,0.0008373093580252636,0.022941233515166002,0.0027098317201376507,1.3071677183508557
25,80,150,0.0025833108590159436,0.003496836812746663,0.0008550303661228678,0.023093775049895175,0.003433301982252954,1.3359859538734162
25,80,155,0.0026550292468175,0.00473428664214383,0.0008546145879446132,0.02383136579362343,0.004220390486706007,1.378276864450808
25,80,160,0.0027245269494969825,0.0055409599777046835,0.000870890183950453,0.024464976983240773,0.004228452452685053,1.4151032607521503
25,80,165,0.002781203899183706,0.006021333063809267,0.0008971707536566953,0.024657140280456517,0.004217292591088578,1.4265271726571904
25,80,170,0.0028156507341625912,0.006488563885780946,0.000907448235330021,0.024691451288732763,0.004478016808530447,1.4288663926051113
25,80,175,0.002829592720190552,0.006962169723260013,0.0009061067505174714,0.024719164601176027,0.004624598777559892,1.34461257401819
25,80,180,0.002832479636869646,0.007175646195898997,0.0009038934692915043,0.02470133885043259,0.004683732606325133,1.2947724118851913
25,80,185,0.002829592720190552,0.006962169723260013,0.0009061067505174714,0.024719164601176027,0.004624598777559892,1.34461257401819
25,80,190,0.0028156507341625912,0.006488563885780946,0.000907448235330021,0.024691451288732763,0.004478016808530447,1.4288663926051113
25,80,195,0.002781203899183706,0.006021333063809267,0.0008971707536566953,0.024657140280456517,0.004217292591088578,1.4265271726571904
25,80,200,0.0027245269494969825,0.0055409599777046835,0.000870890183950453,0.024464976983240773,0.004228452452685053,1.4151032607521503
25,80,205,0.0026550292468175,0.00473428664214383,0.0008546145879446132,0.02383136579362343,0.004220390486706007,1.378276864450808
25,80,210,0.0025833108590159436,0.003496836812746663,0.0008550303661228678,0.023093775049895175,0.003433301982252954,1.3359859538734162
25,80,215,0.0025089847376031683,0.002606471263681851,0.0008373093580252636,0.022941233515166002,0.0027098317201376507,1.3071677183508557
25,80,220,0.002421087598272257,0.0031552436512840374,0.000825748264958355,0.023407949947650913,0.002953494919924439,1.1966068078947658
25,80,225,0.002311631157710433,0.004438957124506922,0.0007986924783857201,0.0236276463384981,0.003819313708120687,1.2898078364174603
25,80,230,0.002186366311945718,0.005938372848920817,0.0007638745674811848,0.023739941092013567,0.00435524900918084,1.2772126737209204
25,80,235,0.002059314260418787,0.007634611363587438,0.0007317434435152783,0.023555609711640543,0.004748355432151094,1.2150443630084127
25,80,240,0.0019378707946904154,0.009323604552154975,0.0006948736405501749,0.022680694732551125,0.005168944246696682,1.159328191218322
25,80,245,0.001817473134227296,0.010693425261432025,0.0006567407754010397,0.022491082137822388,0.005752411147670344,1.1734521570046303
25,80,250,0.00169217892388163,0.01171094996890127,0.0006084762149571477,0.02232771023588181,0.006493138159733786,1.1254694394787335
25,80,255,0.0015664370477527709,0.0126108406206164,0.0005602667861888261,0.021456104731472463,0.006601206242388887,1.1086677315645486
25,80,260,0.001451915567364159,0.0134636674617461,0.0005161709231397043,0.020200843665828687,0.006436019237448828,1.1470077285925786
25,80,265,0.0013538433969459505,0.014032851873772125,0.00048760457798317433,0.019304309271727643,0.006482117461494631,1.0999068579434073
25,80,270,0.0012655101200353593,0.014139525145664692,0.0004664771270396235,0.018836981161500895,0.006739185662941912,1.0733262438373568
25,80,275,0.0011780982018017722,0.013974203454975498,0.0004452913951823942,0.018275094353967087,0.006973148171121714,1.0406643037582588
25,80,280,0.001092443899202612,0.013862760590170654,0.0004213357982206763,0.017411287438996143,0.007113326014427332,0.9922249554610851
25,80,285,0.0010171867944601329,0.013823125595473554,0.00039164313798569113,0.016606981687370508,0.007161015268864612,0.8897481730493457
25,80,290,0.0009565502176579529,0.013545823869900017,0.00036968673590565253,0.015885237487029642,0.007056560902819022,0.9286457070307157
25,80,295,0.0009044082804983162,0.012789230133851224,0.00034880071913413486,0.015412949138900272,0.006686887800124382,0.8883234862039433
25,80,300,0.0008519818760565102,0.011681416525051513,0.0003182492150562953,0.014963344735050827,0.006237771398500783,0.7498226836858704
25,80,305,0.0007982894079812519,0.010584635492824221,0.00028319657924642024,0.014291347603908221,0.005925332245053169,0.7963241251729363
25,80,310,0.0007500875784769052,0.009722985130477691,0.0002552995815224865,0.013866813377942128,0.005545093907577634,0.7610999487257653
25,80,315,0.0007131179677640556,0.009025329784573889,0.00023767566172694723,0.013742915416059775,0.004655323576733099,0.6896046620429093
25,80,320,0.0006865206160097496,0.008328011211869962,0.00022506986084637687,0.013361283404243689,0.0033860191257113585,0.6581358312614417
25,80,325,0.0006660126180428987,0.007652526302832425,0.00021477130573693956,0.01248924109194864,0.0032314418630882374,0.6779494413487339
25,80,330,0.0006494460440668245,0.007211112115600699,0.00021375181750150083,0.011999027553970473,0.003246893622894489,0.6610806345733616
25,80,335,0.0006371492897158642,0.00715363995712218,0.00021468866083731867,0.011788747318160804,0.0032518988630978775,0.6729496423750319
25,80,340,0.0006286709645971725,0.007374222786127504,0.000221403911710064,0.011499371860692964,0.0033347617025228384,0.6562249656010997
25,80,345,0.0006218011802452163,0.007589277512066254,0.00023062543803026216,0.011040781287546481,0.003427520544132194,0.6272097549773903
25,80,350,0.0006149821747779248,0.0076032780200652045,0.00023114608398440125,0.0107051097692006,0.0034829631803220936,0.6023220739428756
25,80,355,0.0006092043007984074,0.007473214875966659,0.0002256563946390574,0.010652749438841173,0.0034576447923256736,0.6010590735792045
25,85,0,0.0018976410614094386,0.105266219477691,0.0004786903252646645,0.020927154044317033,0.008662516285170316,1.9638212536459698
25,85,5,0.0019180899383087063,0.10562866127493906,0.00047849008403300346,0.020843812052223437,0.008558380227720765,1.9850381378422912
25,85,10,0.001960522841803855,0.10622207359226599,0.0004828072172433501,0.02094283623517717,0.00838950225379971,2.00288621290131
25,85,15,0.001952490393438741,0.10651889321194334,0.0004950623465970238,0.020686368821488665,0.008376573868240861,1.985858597377129
25,85,20,0.0019518906632234878,0.1069044823093718,0.0005073371175033023,0.020392922985215854,0.008484352549582847,1.9942101926812015
25,85,25,0.0020109344871792802,0.019787081284182703,0.0005157210433104171,0.020267270349704075,0.008434409762781887,1.6479687162909815
25,85,30,0.002039681991219299,0.02087895320884999,0.0005354196990774926,0.02133825056484564,0.009286018360022293,1.6168830410002668
25,85,35,0.002067071108533044,0.021906086327709427,0.0005519994314425796,0.022418228911266373,0.010703591761791488,1.6154562077048675
25,85,40,0.0020930001023650585,0.022613134145738026,0.0005475180129061131,0.023018173490921372,0.011196134311852741,2.0051903191895057
25,85,45,0.0021361946935977705,0.023377617178141564,0.0005487100915258824,0.02378194497581227,0.009950280969254068,2.016952888536703
25,85,50,0.0022012784783648313,0.024611068642501965,0.000667229254234146,0.02421835983852234,0.01017118154228235,1.332197729864712
25,85,55,0.0022680969623158145,0.026059548541333313,0.0007171488545055851,0.02248012501059382,0.010448712147057792,1.7437681063855233
25,85,60,0.0023247379223175456,0.027058543626493077,0.0007886599195679397,0.02318172827530115,0.010903215303804361,1.6178047607940085
25,85,65,0.0023912313904171853,0.027393095985548104,0.0009109417272580769,0.02389797894283421,0.011641545245974145,1.4130985104040215
25,85,70,0.0024919693930706456,0.027512811845886213,0.0009460729739845814,0.025220270144691317,0.012152376759018783,1.4984142282705482
25,85,75,0.0026190805254977557,0.02782906706439943,0.0009840936296649765,0.025870101983265115,0.012880792316875722,1.5370884927502635
25,85,80,0.0027464395255764953,0.028155567230988044,0.0010254707355579241,0.024162234223189485,0.010506210117640103,1.3520710619675065
25,85,85,0.002873391617645705,0.028042145958247007,0.0010688720309831607,0.023012046632943386,0.009672647131179837,1.220541028537836
25,85,90,0.0030285553620233406,0.027412156793669394,0.0011253134475537295,0.02377886085713521,0.00998723348160861,1.2645135632799904
25,85,95,0.0032266591908450167,0.026527234876425197,0.0012002757816974817,0.024183479137470376,0.010333112835851173,1.2152728725367905
25,85,100,0.0034457363862448326,0.025454455343704357,0.0014187395379822807,0.023465554448776516,0.010637086230015429,1.1748600912443168
25,85,105,0.0036596179497564406,0.023946394291535944,0.00148484776590691,0.02236666058487916,0.010540115965708563,1.1712105304794864
25,85,110,0.003874019029124178,0.021896271648236917,0.0015472416451718651,0.020735743982767493,0.009352901864578237,1.16529173853581
25,85,115,0.004110120892592238,0.019573982496150607,0.0016103037127044324,0.019460075290935314,0.008644317700281394,1.11034773735839
25,85,120,0.004364180806814742,0.017272273396601392,0.001714627538364006,0.019466100711955668,0.00820551114005373,1.1623378341202548
25,85,125,0.00460766837521262,0.014957084994007368,0.0018098608329252912,0.02076455062720007,0.007294957975894992,1.020932115865779
25,85,130,0.004826011620517101,0.012464617502318106,0.0018860397240610498,0.021649352839921636,0.005888353475031948,1.1802350347787827
25,85,135,0.005033541517965062,0.009900671829814453,0.0019578108353151165,0.02222523600629085,0.005379325457123792,1.1917923541065747
25,85,140,0.005242462592442633,0.0076053658626943745,0.002015344270841735,0.023244282864517136,0.005242652226906261,1.2324828252594497
25,85,145,0.005436745083711614,0.00582987130184405,0.0020559556431848855,0.023862519521300075,0.005011552684727311,1.28104747895122
25,85,150,0.00559164788246911,0.0045905234226136455,0.0020524377146282358,0.02331758055370858,0.00395674223832454,1.2807389514198881
25,85,155,0.0057071176436595955,0.0037620484512945096,0.0020499895364270333,0.022471634240580175,0.003402721529129348,1.2757612780200183
25,85,160,0.00580425337249952,0.003186805384720536,0.0020497794419263686,0.022096066000378015,0.003031340652041178,1.2530329452540323
25,85,165,0.005893623518204737,0.002746507225560594,0.002059166022578888,0.022200355451768197,0.0028035588992327796,1.270535156575803
25,85,170,0.00596433513864892,0.002468182736468305,0.0020686453544836447,0.022370169559661625,0.0028321100411220637,1.265309873886047
25,85,175,0.00600465246603666,0.0024020100527899838,0.00207043652043077,0.022362099319039597,0.0027698505255883757,1.2589412357757772
25,85,180,0.006016615495362532,0.0024185427216815614,0.002069318369648007,0.022308504449653703,0.002772927809197031,1.2553742799652379
25,85,185,0.00600465246603666,0.0024020100527899838,0.00207043652043077,0.022362099319039597,0.0027698505255883757,1.2589412357757772
25,85,190,0.00596433513864892,0.002468182736468305,0.0020686453544836447,0.022370169559661625,0.0028321100411220637,1.265309873886047
25,85,195,0.005893623518204737,0.002746507225560594,0.002059166022578888,0.022200355451768197,0.0028035588992327796,1.270535156575803
25,85,200,0.00580425337249952,0.003186805384720536,0.0020497794419263686,0.022096066000378015,0.003031340652041178,1.2530329452540323
25,85,205,0.0057071176436595955,0.0037620484512945096,0.0020499895364270333,0.022471634240580175,0.003402721529129348,1.2757612780200183
25,85,210,0.00559164788246911,0.0045905234226136455,0.0020524377146282358,0.02331758055370858,0.00395674223832454,1.2807389514198881
25,85,215,0.005436745083711614,0.00582987130184405,0.0020559556431848855,0.023862519521300075,0.005011552684727311,1.28104747895122
25,85,220,0.005242462592442633,0.0076053658626943745,0.002015344270841735,0.023244282864517136,0.005242652226906261,1.2324828252594497
25,85,225,0.005033541517965062,0.009900671829814453,0.0019578108353151165,0.02222523600629085,0.005379325457123792,1.1917923541065747
25,85,230,0.004826011620517101,0.012464617502318106,0.0018860397240610498,0.021649352839921636,0.005888353475031948,1.1802350347787827
25,85,235,0.00460766837521262,0.014957084994007368,0.0018098608329252912,0.02076455062720007,0.007294957975894992,1.020932115865779
25,85,240,0.004364180806814742,0.017272273396601392,0.001714627538364006,0.019466100711955668,0.00820551114005373,1.1623378341202548
25,85,245,0.004110120892592238,0.019573982496150607,0.0016103037127044324,0.019460075290935314,0.008644317700281394,1.11034773735839
25,85,250,0.003874019029124178,0.021896271648236917,0.0015472416451718651,0.020735743982767493,0.009352901864578237,1.16529173853581
25,85,255,0.0036596179497564406,0.023946394291535944,0.00148484776590691,0.02236666058487916,0.010540115965708563,1.1712105304794864
25,85,260,0.0034457363862448326,0.025454455343704357,0.0014187395379822807,0.023465554448776516,0.010637086230015429,1.1748600912443168
25,85,265,0.0032266591908450167,0.026527234876425197,0.0012002757816974817,0.024183479137470376,0.010333112835851173,1.2152728725367905
25,85,270,0.0030285553620233406,0.027412156793669394,0.0011253134475537295,0.02377886085713521,0.00998723348160861,1.2645135632799904
25,85,275,0.002873391617645705,0.028042145958247007,0.0010688720309831607,0.023012046632943386,0.009672647131179837,1.220541028537836
25,85,280,0.0027464395255764953,0.028155567230988044,0.0010254707355579241,0.024162234223189485,0.010506210117640103,1.3520710619675065
25,85,285,0.0026190805254977557,0.02782906706439943,0.0009840936296649765,0.025870101983265115,0.012880792316875722,1.5370884927502635
25,85,290,0.0024919693930706456,0.027512811845886213,0.0009460729739845814,0.025220270144691317,0.012152376759018783,1.4984142282705482
25,85,295,0.0023912313904171853,0.027393095985548104,0.0009109417272580769,0.02389797894283421,0.011641545245974145,1.4130985104040215
25,85,300,0.0023247379223175456,0.027058543626493077,0.0007886599195679397,0.02318172827530115,0.010903215303804361,1.6178047607940085
25,85,305,0.0022680969623158145,0.026059548541333313,0.0007171488545055851,0.02248012501059382,0.010448712147057792,1.7437681063855233
25,85,310,0.0022012784783648313,0.024611068642501965,0.000667229254234146,0.02421835983852234,0.01017118154228235,1.332197729864712
25,85,315,0.0021361946935977705,0.023377617178141564,0.0005487100915258824,0.02378194497581227,0.009950280969254068,2.016952888536703
25,85,320,0.0020930001023650585,0.022613134145738026,0.0005475180129061131,0.023018173490921372,0.011196134311852741,2.0051903191895057
25,85,325,0.002067071108533044,0.021906086327709427,0.0005519994314425796,0.022418228911266373,0.010703591761791488,1.6154562077048675
25,85,330,0.002039681991219299,0.02087895320884999,0.0005354196990774926,0.02133825056484564,0.009286018360022293,1.6168830410002668
25,85,335,0.0020109344871792802,0.019787081284182703,0.0005157210433104171,0.020267270349704075,0.008434409762781887,1.6479687162909815
25,85,340,0.0019518906632234878,0.1069044823093718,0.0005073371175033023,0.020392922985215854,0.008484352549582847,1.9942101926812015
25,85,345,0.001952490393438741,0.10651889321194334,0.0004950623465970238,0.020686368821488665,0.008376573868240861,1.985858597377129
25,85,350,0.001960522841803855,0.10622207359226599,0.0004828072172433501,0.02094283623517717,0.00838950225379971,2.00288621290131
25,85,355,0.0019180899383087063,0.10562866127493906,0.00047849008403300346,0.020843812052223437,0.008558380227720765,1.9850381378422912
50,0,0,0.00013195154475475817,0.014419294665197329,4.4838315004319456e-05,0.009676903681090527,0.0012519417479291382,0.7079768129907773
50,0,5,0.00013195154475475817,0.014419297121313106,4.4838315004319456e-05,0.009676900376256379,0.00125194998633066,0.7079765576095629
50,0,10,0.00013195154475475817,0.014419290128732486,4.4838315004319456e-05,0.009676898860893523,0.0012519422148269876,0.7079767001251372
50,0,15,0.00013195154475475817,0.014419290708924977,4.4838315004319456e-05,0.009676903358096012,0.0012519519015420266,0.7079769880788889
50,0,20,0.00013195154475475817,0.014419294072582092,4.4838315004319456e-05,0.009676902258005536,0.0012519466189858637,0.7079766235112266
50,0,25,0.00013195154475475817,0.014419294072582092,4.4838315004319456e-05,0.009676902258005536,0.0012519466189858637,0.7079766235112266
50,0,30,0.00013195154475475817,0.014419290708924977,4.4838315004319456e-05,0.009676903358096012,0.0012519519015420266,0.7079769880788889
50,0,35,0.00013195154475475817,0.014419290128732486,4.4838315004319456e-05,0.009676898860893523,0.0012519422148269876,0.7079767001251372
50,0,40,0.00013195154475475817,0.014419297121313106,4.4838315004319456e-05,0.009676900376256379,0.00125194998633066,0.7079765576095629
50,0,45,0.00013195154475475817,0.014419294665197329,4.4838315004319456e-05,0.009676903681090527,0.0012519417479291382,0.7079768129907773
50,0,50,0.00013195154475475817,0.014419297121313106,4.4838315004319456e-05,0.009676900376256379,0.00125194998633066,0.7079765576095629
50,0,55,0.00013195154475475817,0.014419290128732486,4.4838315004319456e-05,0.009676898860893523,0.0012519422148269876,0.7079767001251372
50,0,60,0.00013195154475475817,0.014419290708924977,4.4838315004319456e-05,0.009676903358096012,0.0012519519015420266,0.7079769880788889
50,0,65,0.00013195154475475817,0.014419294072582092,4.4838315004319456e-05,0.009676902258005536,0.0012519466189858637,0.7079766235112266
50,0,70,0.00013195154475475817,0.014419294072582092,4.4838315004319456e-05,0.009676902258005536,0.0012519466189858637,0.7079766235112266
50,0,75,0.00013195154475475817,0.014419290708924977,4.4838315004319456e-05,0.009676903358096012,0.0012519519015420266,0.7079769880788889
50,0,80,0.00013195154475475817,0.014419290128732486,4.4838315004319456e-05,0.009676898860893523,0.0012519422148269876,0.7079767001251372
50,0,85,0.00013195154475475817,0.014419297121313106,4.4838315004319456e-05,0.009676900376256379,0.00125194998633066,0.7079765576095629
50,0,90,0.00013195154475475817,0.014419294665197329,4.4838315004319456e-05,0.009676903681090527,0.0012519417479291382,0.7079768129907773
50,0,95,0.00013195154475475817,0.014419297121313106,4.4838315004319456e-05,0.009676900376256379,0.00125194998633066,0.7079765576095629
50,0,100,0.00013195154475475817,0.014419290128732486,4.4838315004319456e-05,0.009676898860893523,0.0012519422148269876,0.7079767001251372
50,0,105,0.00013195154475475817,0.014419290708924977,4.4838315004319456e-05,0.009676903358096012,0.0012519519015420266,0.7079769880788889
50,0,110,0.00013195154475475817,0.014419294072582092,4.4838315004319456e-05,0.009676902258005536,0.0012519466189858637,0.7079766235112266
50,0,115,0.00013195154475475817,0.014419294072582092,4.4838315004319456e-05,0.009676902258005536,0.0012519466189858637,0.7079766235112266
50,0,120,0.00013195154475475817,0.014419290708924977,4.4838315004319456e-05,0.009676903358096012,0.0012519519015420266,0.7079769880788889
50,0,125,0.00013195154475475817,0.014419290128732486,4.4838315004319456e-05,0.009676898860893523,0.0012519422148269876,0.7079767001251372
50,0,130,0.00013195154475475817,0.014419297121313106,4.4838315004319456e-05,0.009676900376256379,0.00125194998633066,0.7079765576095629
50,0,135,0.00013195154475475817,0.014419294665197329,4.4838315004319456e-05,0.009676903681090527,0.0012519417479291382,0.7079768129907773
50,0,140,0.00013195154475475817,0.014419297121313106,4.4838315004319456e-05,0.009676900376256379,0.00125194998633066,0.7079765576095629
50,0,145,0.00013195154475475817,0.014419290128732486,4.4838315004319456e-05,0.009676898860893523,0.0012519422148269876,0.7079767001251372
50,0,150,0.00013195154475475817,0.014419290708924977,4.4838315004319456e-05,0.009676903358096012,0.0012519519015420266,0.7079769880788889
50,0,155,0.00013195154475475817,0.014419294072582092,4.4838315004319456e-05,0.009676902258005536,0.0012519466189858637,0.7079766235112266
50,0,160,0.00013195154475475817,0.014419294072582092,4.4838315004319456e-05,0.009676902258005536,0.0012519466189858637,0.7079766235112266
50,0,165,0.00013195154475475817,0.014419290708924977,4.4838315004319456e-05,0.009676903358096012,0.0012519519015420266,0.7079769880788889
50,0,170,0.00013195154475475817,0.014419290128732486,4.4838315004319456e-05,0.009676898860893523,0.0012519422148269876,0.7079767001251372
50,0,175,0.00013195154475475817,0.014419297121313106,4.4838315004319456e-05,0.009676900376256379,0.00125194998633066,0.7079765576095629
50,0,180,0.00013195154475475817,0.014419294665197329,4.4838315004319456e-05,0.009676903681090527,0.0012519417479291382,0.7079768129907773
50,0,185,0.00013195154475475817,0.014419297121313106,4.4838315004319456e-05,0.009676900376256379,0.00125194998633066,0.7079765576095629
50,0,190,0.00013195154475475817,0.014419290128732486,4.4838315004319456e-05,0.009676898860893523,0.0012519422148269876,0.7079767001251372
50,0,195,0.00013195154475475817,0.014419290708924977,4.4838315004319456e-05,0.009676903358096012,0.0012519519015420266,0.7079769880788889
50,0,200,0.00013195154475475817,0.014419294072582092,4.4838315004319456e-05,0.009676902258005536,0.0012519466189858637,0.7079766235112266
50,0,205,0.00013195154475475817,0.014419294072582092,4.4838315004319456e-05,0.009676902258005536,0.0012519466189858637,0.7079766235112266
50,0,210,0.00013195154475475817,0.014419290708924977,4.4838315004319456e-05,0.009676903358096012,0.0012519519015420266,0.7079769880788889
50,0,215,0.00013195154475475817,0.014419290128732486,4.4838315004319456e-05,0.009676898860893523,0.0012519422148269876,0.7079767001251372
50,0,220,0.00013195154475475817,0.014419297121313106,4.4838315004319456e-05,0.009676900376256379,0.00125194998633066,0.7079765576095629
50,0,225,0.00013195154475475817,0.014419294665197329,4.4838315004319456e-05,0.009676903681090527,0.0012519417479291382,0.7079768129907773
50,0,230,0.00013195154475475817,0.014419297121313106,4.4838315004319456e-05,0.009676900376256379,0.00125194998633066,0.7079765576095629
50,0,235,0.00013195154475475817,0.014419290128732486,4.4838315004319456e-05,0.009676898860893523,0.0012519422148269876,0.7079767001251372
50,0,240,0.00013195154475475817,0.014419290708924977,4.4838315004319456e-05,0.009676903358096012,0.0012519519015420266,0.7079769880788889
50,0,245,0.00013195154475475817,0.014419294072582092,4.4838315004319456e-05,0.009676902258005536,0.0012519466189858637,0.7079766235112266
50,0,250,0.00013195154475475817,0.014419294072582092,4.4838315004319456e-05,0.009676902258005536,0.0012519466189858637,0.7079766235112266
50,0,255,0.00013195154475475817,0.014419290708924977,4.4838315004319456e-05,0.009676903358096012,0.0012519519015420266,0.7079769880788889
50,0,260,0.00013195154475475817,0.014419290128732486,4.4838315004319456e-05,0.009676898860893523,0.0012519422148269876,0.7079767001251372
50,0,265,0.00013195154475475817,0.014419297121313106,4.4838315004319456e-05,0.009676900376256379,0.00125194998633066,0.7079765576095629
50,0,270,0.00013195154475475817,0.014419294665197329,4.4838315004319456e-05,0.009676903681090527,0.0012519417479291382,0.7079768129907773
50,0,275,0.00013195154475475817,0.014419297121313106,4.4838315004319456e-05,0.009676900376256379,0.00125194998633066,0.7079765576095629
50,0,280,0.00013195154475475817,0.014419290128732486,4.4838315004319456e-05,0.009676898860893523,0.0012519422148269876,0.7079767001251372
50,0,285,0.00013195154475475817,0.014419290708924977,4.4838315004319456e-05,0.009676903358096012,0.0012519519015420266,0.7079769880788889
50,0,290,0.00013195154475475817,0.014419294072582092,4.4838315004319456e-05,0.009676902258005536,0.0012519466189858637,0.7079766235112266
50,0,295,0.00013195154475475817,0.014419294072582092,4.4838315004319456e-05,0.009676902258005536,0.0012519466189858637,0.7079766235112266
50,0,300,0.00013195154475475817,0.014419290708924977,4.4838315004319456e-05,0.009676903358096012,0.0012519519015420266,0.7079769880788889
50,0,305,0.00013195154475475817,0.014419290128732486,4.4838315004319456e-05,0.009676898860893523,0.0012519422148269876,0.7079767001251372
50,0,310,0.00013195154475475817,0.014419297121313106,4.4838315004319456e-05,0.009676900376256379,0.00125194998633066,0.7079765576095629
50,0,315,0.00013195154475475817,0.014419294665197329,4.4838315004319456e-05,0.009676903681090527,0.0012519417479291382,0.7079768129907773
50,0,320,0.00013195154475475817,0.014419297121313106,4.4838315004319456e-05,0.009676900376256379,0.00125194998633066,0.7079765576095629
50,0,325,0.00013195154475475817,0.014419290128732486,4.4838315004319456e-05,0.009676898860893523,0.0012519422148269876,0.7079767001251372
50,0,330,0.00013195154475475817,0.014419290708924977,4.4838315004319456e-05,0.009676903358096012,0.0012519519015420266,0.7079769880788889
50,0,335,0.00013195154475475817,0.014419294072582092,4.4838315004319456e-05,0.009676902258005536,0.0012519466189858637,0.7079766235112266
50,0,340,0.00013195154475475817,0.014419294072582092,4.4838315004319456e-05,0.009676902258005536,0.0012519466189858637,0.7079766235112266
50,0,345,0.00013195154475475817,0.014419290708924977,4.4838315004319456e-05,0.009676903358096012,0.0012519519015420266,0.7079769880788889
50,0,350,0.00013195154475475817,0.014419290128732486,4.4838315004319456e-05,0.009676898860893523,0.0012519422148269876,0.7079767001251372
50,0,355,0.00013195154475475817,0.014419297121313106,4.4838315004319456e-05,0.009676900376256379,0.00125194998633066,0.7079765576095629
50,5,0,0.0001289779982813562,0.015166433334201014,4.5715685053265625e-05,0.010039758913053544,0.0026430178964171602,0.7514655529221406
50,5,5,0.0001289383988914202,0.015163237620845347,4.558819954197848e-05,0.010036056931817652,0.0026378613949723092,0.751122417164884
50,5,10,0.00012886917284563905,0.015153208448275958,4.529179308388918e-05,0.010023704673474184,0.0026223205397577186,0.7499783127501651
50,5,15,0.00012884151433152765,0.015134027360289955,4.494730604157689e-05,0.009999070215541191,0.0025962214929575785,0.7476903490810309
50,5,20,0.00012888017031340796,0.015098757302692466,4.458009709904453e-05,0.009955887165027984,0.0025589087821573852,0.7449809164339904
50,5,25,0.00012900690398874853,0.015033827339788116,4.421777188712349e-05,0.00988429517835336,0.0025293513074976393,0.7435866756840905
50,5,30,0.0001292984953444377,0.014920112122463386,4.402240048596178e-05,0.00977148207190581,0.002551568029598721,0.7411251282325266
50,5,35,0.00012977536981538312,0.014739945719841581,4.409216745387447e-05,0.009607338301764455,0.0025533081612540702,0.7369690335831628
50,5,40,0.0001302907679046096,0.014488749452781606,4.423943856925964e-05,0.009396383944175862,0.002378354607522438,0.7300156192009943
50,5,45,0.0001306458279982485,0.014187469024528554,4.418909858691362e-05,0.00925495074595853,0.002177766531771312,0.7191696350282643
50,5,50,0.00013081370519959102,0.01388709469187905,4.3963393190868914e-05,0.00910171998257254,0.001966975210347327,0.7042087873075996
50,5,55,0.00013090333282520438,0.013657936653043627,4.378563553702531e-05,0.008988140764949533,0.001777992236292349,0.6867168825920791
50,5,60,0.00013087773100300872,0.01356163268212519,4.3580173453358325e-05,0.00894210592211698,0.0016208874449219603,0.6698924769228379
50,5,65,0.00013053408162837362,0.013616768913963127,4.2946535006832976e-05,0.008970504225343616,0.0014935719916261687,0.6568202695632155
50,5,70,0.00012988791357958045,0.01378031282534708,4.1886017100583846e-05,0.00905175202944085,0.0013888761707387955,0.6621111948682743
50,5,75,0.00012943765466137463,0.013962407582231618,4.125872386932599e-05,0.009277614350646142,0.0012860381841476747,0.6816952280495652
50,5,80,0.0001297743703376989,0.014070408134439879,4.202057828420571e-05,0.00945139464670199,0.0011633425013000017,0.6953912469596761
50,5,85,0.00013091587289385193,0.014056670434313448,4.4026884989441066e-05,0.009487709829636108,0.0010476182316259462,0.7008205551208206
50,5,90,0.00013222115121009704,0.013939208633933773,4.568253380720158e-05,0.009414996766377368,0.0009124890558235999,0.6997010692608936
50,5,95,0.00013306042755755268,0.013782375609152518,4.570806518514048e-05,0.009308868225284667,0.0008868896405104708,0.6695714018238504
50,5,100,0.00013340624804961078,0.013653759731766631,4.5292924882332775e-05,0.009247697437857116,0.0009856961517064615,0.6003051647078198
50,5,105,0.00013365974394834558,0.013587242293400725,4.482953452770609e-05,0.009274306463572494,0.0010201723176656741,0.5318536420591067
50,5,110,0.00013404116302393994,0.013571500657067404,4.44918424013104e-05,0.009382468141202253,0.0009902652055983232,0.4610474030704095
50,5,115,0.00013436666118871697,0.013563896927430024,4.383050901528296e-05,0.009528704159462659,0.001009672011552232,0.37710655648893976
50,5,120,0.0001344072650254582,0.013517683249406507,4.263826833296306e-05,0.009659430831345975,0.0010465078612333168,0.37757749264219354
50,5,125,0.00013422299779640738,0.013406415210387978,4.130978981650886e-05,0.009703419950878478,0.0011174271471889768,0.5125985785247206
50,5,130,0.0001340464031148003,0.01323400364231468,4.01865788766274e-05,0.009641085532372765,0.0012244459718950018,0.6249585374782076
50,5,135,0.0001339893929890399,0.013027999710086627,3.928313352111407e-05,0.009528327430256164,0.001363360771845313,0.7271473844960525
50,5,140,0.00013398891819142071,0.01282374893123724,3.8401154171861015e-05,0.009394497328660812,0.0015060424985988586,0.7221538643544669
50,5,145,0.0001339946050475417,0.012651349565148995,3.753025372088938e-05,0.009267558176894852,0.0016450488841571703,0.716804957869063
50,5,150,0.00013403617121142105,0.012529746090132772,3.685806484501962e-05,0.009168869606894933,0.0017613860478348112,0.7123911727595307
50,5,155,0.00013412719360207962,0.0124645880530299,3.644081990314711e-05,0.009110749548516456,0.0018504683372479922,0.7098092936078941
50,5,160,0.00013421067241007776,0.012446869499765027,3.6128363398490624e-05,0.009092728122090693,0.0019306805350867437,0.7098798860740623
50,5,165,0.00013424498362964903,0.012456243668085096,3.582272799154901e-05,0.009101037466824589,0.001983762640403298,0.7207041145510892
50,5,170,0.00013425723808052278,0.012471436411884116,3.560371198569256e-05,0.009116870598763215,0.0020256019894217387,0.7276857885340278
50,5,175,0.00013427792685466065,0.012480897019037884,3.553948262556301e-05,0.00912788983093081,0.002050127104274804,0.7315910424279071
50,5,180,0.00013429250478233642,0.012483580645878546,3.553960439820294e-05,0.00913136425377578,0.0020583489782307605,0.7328458324714968
50,5,185,0.00013427792685466065,0.012480897019037884,3.553948262556301e-05,0.00912788983093081,0.002050127104274804,0.7315910424279071
50,5,190,0.00013425723808052278,0.012471436411884116,3.560371198569256e-05,0.009116870598763215,0.0020256019894217387,0.7276857885340278
50,5,195,0.00013424498362964903,0.012456243668085096,3.582272799154901e-05,0.009101037466824589,0.001983762640403298,0.7207041145510892
50,5,200,0.00013421067241007776,0.012446869499765027,3.6128363398490624e-05,0.009092728122090693,0.0019306805350867437,0.7098798860740623
50,5,205,0.00013412719360207962,0.0124645880530299,3.644081990314711e-05,0.009110749548516456,0.0018504683372479922,0.7098092936078941
50,5,210,0.00013403617121142105,0.012529746090132772,3.685806484501962e-05,0.009168869606894933,0.0017613860478348112,0.7123911727595307
50,5,215,0.0001339946050475417,0.012651349565148995,3.753025372088938e-05,0.009267558176894852,0.0016450488841571703,0.716804957869063
50,5,220,0.00013398891819142071,0.01282374893123724,3.8401154171861015e-05,0.009394497328660812,0.0015060424985988586,0.7221538643544669
50,5,225,0.0001339893929890399,0.013027999710086627,3.928313352111407e-05,0.009528327430256164,0.001363360771845313,0.7271473844960525
50,5,230,0.0001340464031148003,0.01323400364231468,4.01865788766274e-05,0.009641085532372765,0.0012244459718950018,0.6249585374782076
50,5,235,0.00013422299779640738,0.013406415210387978,4.130978981650886e-05,0.009703419950878478,0.0011174271471889768,0.5125985785247206
50,5,240,0.0001344072650254582,0.013517683249406507,4.263826833296306e-05,0.009659430831345975,0.0010465078612333168,0.37757749264219354
50,5,245,0.00013436666118871697,0.013563896927430024,4.383050901528296e-05,0.009528704159462659,0.001009672011552232,0.37710655648893976
50,5,250,0.00013404116302393994,0.013571500657067404,4.44918424013104e-05,0.009382468141202253,0.0009902652055983232,0.4610474030704095
50,5,255,0.00013365974394834558,0.013587242293400725,4.482953452770609e-05,0.009274306463572494,0.0010201723176656741,0.5318536420591067
50,5,260,0.00013340624804961078,0.013653759731766631,4.5292924882332775e-05,0.009247697437857116,0.0009856961517064615,0.6003051647078198
50,5,265,0.00013306042755755268,0.013782375609152518,4.570806518514048e-05,0.009308868225284667,0.0008868896405104708,0.6695714018238504
50,5,270,0.00013222115121009704,0.013939208633933773,4.568253380720158e-05,0.009414996766377368,0.0009124890558235999,0.6997010692608936
50,5,275,0.00013091587289385193,0.014056670434313448,4.4026884989441066e-05,0.009487709829636108,0.0010476182316259462,0.7008205551208206
50,5,280,0.0001297743703376989,0.014070408134439879,4.202057828420571e-05,0.00945139464670199,0.0011633425013000017,0.6953912469596761
50,5,285,0.00012943765466137463,0.013962407582231618,4.125872386932599e-05,0.009277614350646142,0.0012860381841476747,0.6816952280495652
50,5,290,0.00012988791357958045,0.01378031282534708,4.1886017100583846e-05,0.00905175202944085,0.0013888761707387955,0.6621111948682743
50,5,295,0.00013053408162837362,0.013616768913963127,4.2946535006832976e-05,0.008970504225343616,0.0014935719916261687,0.6568202695632155
50,5,300,0.00013087773100300872,0.01356163268212519,4.3580173453358325e-05,0.00894210592211698,0.0016208874449219603,0.6698924769228379
50,5,305,0.00013090333282520438,0.013657936653043627,4.378563553702531e-05,0.008988140764949533,0.001777992236292349,0.6867168825920791
50,5,310,0.00013081370519959102,0.01388709469187905,4.3963393190868914e-05,0.00910171998257254,0.001966975210347327,0.7042087873075996
50,5,315,0.0001306458279982485,0.014187469024528554,4.418909858691362e-05,0.00925495074595853,0.002177766531771312,0.7191696350282643
50,5,320,0.0001302907679046096,0.014488749452781606,4.423943856925964e-05,0.009396383944175862,0.002378354607522438,0.7300156192009943
50,5,325,0.00012977536981538312,0.014739945719841581,4.409216745387447e-05,0.009607338301764455,0.0025533081612540702,0.7369690335831628
50,5,330,0.0001292984953444377,0.014920112122463386,4.402240048596178e-05,0.00977148207190581,0.002551568029598721,0.7411251282325266
50,5,335,0.00012900690398874853,0.015033827339788116,4.421777188712349e-05,0.00988429517835336,0.0025293513074976393,0.7435866756840905
50,5,340,0.00012888017031340796,0.015098757302692466,4.458009709904453e-05,0.009955887165027984,0.0025589087821573852,0.7449809164339904
50,5,345,0.00012884151433152765,0.015134027360289955,4.494730604157689e-05,0.009999070215541191,0.0025962214929575785,0.7476903490810309
50,5,350,0.00012886917284563905,0.015153208448275958,4.529179308388918e-05,0.010023704673474184,0.0026223205397577186,0.7499783127501651
50,5,355,0.0001289383988914202,0.015163237620845347,4.558819954197848e-05,0.010036056931817652,0.0026378613949723092,0.751122417164884
50,10,0,0.00012404716583564466,0.021748150137458327,4.429582376837683e-05,0.015272538545504238,0.0049613885931163336,0.8428099234042341
50,10,5,0.00012407593338055424,0.021614001575487728,4.415145325628871e-05,0.015177670200212205,0.0049070266779994275,0.8376328426747311
50,10,10,0.0001241065812035637,0.021285679583919748,4.3869886462732195e-05,0.014942562139476482,0.004775880164071324,0.8251824106120365
50,10,15,0.00012389422497841767,0.020871160045499996,4.344326904865358e-05,0.01463866946852101,0.004611900929221147,0.8474381200905015
50,10,20,0.00012316072715832767,0.02034658649822271,4.244049684830808e-05,0.01424981117819666,0.004395787585865327,0.9198250932774383
50,10,25,0.00012213709017557407,0.019598585646055627,4.0977474673186375e-05,0.013706539362746285,0.004064607308545671,0.9032630462123725
50,10,30,0.00012168820988863295,0.018629247806917958,4.032287917925042e-05,0.013029408468232848,0.003608165677347212,0.87817073877034
50,10,35,0.00012244976350784826,0.017647435960092803,4.143904973830407e-05,0.012380102014231618,0.003117157649202443,0.8582459269316369
50,10,40,0.0001240018333390591,0.016906525864186464,4.3297466107457836e-05,0.011914519000244502,0.002814777966697069,0.8417663329260756
50,10,45,0.00012544262777616864,0.01643806701639113,4.3907047639426405e-05,0.011571235906559778,0.002597435007537823,0.825521307518363
50,10,50,0.00012668575257056888,0.01596255858687481,4.312557175400848e-05,0.011081905030597448,0.0024102625794429284,0.8080857602889138
50,10,55,0.0001284955044212107,0.015123094169935576,4.299286528576833e-05,0.010252845608892686,0.002154070185416292,0.7863735732461741
50,10,60,0.00013104190190638652,0.013889032483613,4.469209685906269e-05,0.00919025604699664,0.0017952167237822922,0.7260646848125617
50,10,65,0.00013316723293509743,0.01272164879311382,4.649491215616484e-05,0.008235728583350631,0.0015940415762802254,0.6883060496994481
50,10,70,0.00013367451665287355,0.012193856520039825,4.6417266583122316e-05,0.007966677647681003,0.0014359606084433313,0.6482233754505582
50,10,75,0.00013297988847449675,0.012382152313498866,4.47585749238789e-05,0.008058144395732448,0.001273752119132485,0.6226296189364585
50,10,80,0.00013270904555392473,0.012776634779450617,4.430867892261502e-05,0.008477435425279553,0.0011421521509790732,0.6407746301245403
50,10,85,0.000133777232355112,0.012847674091281566,4.611414285431766e-05,0.008628957842175593,0.0010534408197005393,0.6556408812121274
50,10,90,0.00013559574207163338,0.012585571110739425,4.75394858750046e-05,0.00843480250613634,0.0014037128482472382,0.6258224641969317
50,10,95,0.00013714505064059412,0.012378322402963162,4.760419782145423e-05,0.008565249811982457,0.001706244652007268,0.4972669810911342
50,10,100,0.00013807256436359876,0.01243681938016092,4.635227842601417e-05,0.008806468480481331,0.001817034321209738,0.34601359155632494
50,10,105,0.0001384512669147537,0.012532712492695115,4.386811304804301e-05,0.009291208789189402,0.002115447915934503,0.5032743381878704
50,10,110,0.00013816568566112986,0.012325871587978363,4.129198685156135e-05,0.00942436384221553,0.002518065684611847,0.7356010624409206
50,10,115,0.00013720509161453068,0.011790514155257793,3.830319955419256e-05,0.009171840845330185,0.003004512310753314,0.7323056997740405
50,10,120,0.0001361781663864626,0.011242228330185441,3.673156238146423e-05,0.008858147016572126,0.003170349625420913,0.8273803781906024
50,10,125,0.00013573944027581554,0.01102593700849769,3.6954957245907824e-05,0.008910842956068421,0.003436397200342135,0.8469523065291691
50,10,130,0.00013559037595059498,0.011245631903840576,3.712387305425456e-05,0.009149573721441666,0.0036157990109563897,0.8689412512024899
50,10,135,0.0001347701963460451,0.011742979531778934,3.7007900994014565e-05,0.00949485960639166,0.003653533834452255,0.8495049157479012
50,10,140,0.00013306338713322315,0.0122489501467755,3.8723502187816344e-05,0.009825064445452785,0.0036993336867304745,0.7910377557052104
50,10,145,0.00013144054409372713,0.012561505703953925,3.774174673679847e-05,0.010057190343410178,0.003763424670751963,0.7565289725097433
50,10,150,0.0001307628168796004,0.012650837943770447,3.781022017637159e-05,0.010183984326007756,0.0038467193102664533,0.7674429547024014
50,10,155,0.00013063014155573075,0.012631149890598006,3.806790371644621e-05,0.010252052514452124,0.003931890377525334,0.7697998817791993
50,10,160,0.0001300919633486961,0.012624471194860095,3.880338867941094e-05,0.010306961400165326,0.003975314367370376,0.7743835330307148
50,10,165,0.00012908087339011517,0.012653582126577379,4.150384565991755e-05,0.010358646703664758,0.0039834774372920385,0.7107668241215642
50,10,170,0.00012840418989703466,0.012668954867679732,4.261194764844595e-05,0.01039333258286678,0.003991883027960937,0.6633705232989167
50,10,175,0.000128424545583592,0.01264940504490292,4.263644701834354e-05,0.010405490092364963,0.004011278437928165,0.6330651850201743
50,10,180,0.0001285807061220082,0.012633147296071104,4.24609820555697e-05,0.010406682666929679,0.004022676310846706,0.6220186307369941
50,10,185,0.000128424545583592,0.01264940504490292,4.263644701834354e-05,0.010405490092364963,0.004011278437928165,0.6330651850201743
50,10,190,0.00012840418989703466,0.012668954867679732,4.261194764844595e-05,0.01039333258286678,0.003991883027960937,0.6633705232989167
50,10,195,0.00012908087339011517,0.012653582126577379,4.150384565991755e-05,0.010358646703664758,0.0039834774372920385,0.7107668241215642
50,10,200,0.0001300919633486961,0.012624471194860095,3.880338867941094e-05,0.010306961400165326,0.003975314367370376,0.7743835330307148
50,10,205,0.00013063014155573075,0.012631149890598006,3.806790371644621e-05,0.010252052514452124,0.003931890377525334,0.7697998817791993
50,10,210,0.0001307628168796004,0.012650837943770447,3.781022017637159e-05,0.010183984326007756,0.0038467193102664533,0.7674429547024014
50,10,215,0.00013144054409372713,0.012561505703953925,3.774174673679847e-05,0.010057190343410178,0.003763424670751963,0.7565289725097433
50,10,220,0.00013306338713322315,0.0122489501467755,3.8723502187816344e-05,0.009825064445452785,0.0036993336867304745,0.7910377557052104
50,10,225,0.0001347701963460451,0.011742979531778934,3.7007900994014565e-05,0.00949485960639166,0.003653533834452255,0.8495049157479012
50,10,230,0.00013559037595059498,0.011245631903840576,3.712387305425456e-05,0.009149573721441666,0.0036157990109563897,0.8689412512024899
50,10,235,0.00013573944027581554,0.01102593700849769,3.6954957245907824e-05,0.008910842956068421,0.003436397200342135,0.8469523065291691
50,10,240,0.0001361781663864626,0.011242228330185441,3.673156238146423e-05,0.008858147016572126,0.003170349625420913,0.8273803781906024
50,10,245,0.00013720509161453068,0.011790514155257793,3.830319955419256e-05,0.009171840845330185,0.003004512310753314,0.7323056997740405
50,10,250,0.00013816568566112986,0.012325871587978363,4.129198685156135e-05,0.00942436384221553,0.002518065684611847,0.7356010624409206
50,10,255,0.0001384512669147537,0.012532712492695115,4.386811304804301e-05,0.009291208789189402,0.002115447915934503,0.5032743381878704
50,10,260,0.00013807256436359876,0.01243681938016092,4.635227842601417e-05,0.008806468480481331,0.001817034321209738,0.34601359155632494
50,10,265,0.00013714505064059412,0.012378322402963162,4.760419782145423e-05,0.008565249811982457,0.001706244652007268,0.4972669810911342
50,10,270,0.00013559574207163338,0.012585571110739425,4.75394858750046e-05,0.00843480250613634,0.0014037128482472382,0.6258224641969317
50,10,275,0.000133777232355112,0.012847674091281566,4.611414285431766e-05,0.008628957842175593,0.0010534408197005393,0.6556408812121274
50,10,280,0.00013270904555392473,0.012776634779450617,4.430867892261502e-05,0.008477435425279553,0.0011421521509790732,0.6407746301245403
50,10,285,0.00013297988847449675,0.012382152313498866,4.47585749238789e-05,0.008058144395732448,0.001273752119132485,0.6226296189364585
50,10,290,0.00013367451665287355,0.012193856520039825,4.6417266583122316e-05,0.007966677647681003,0.0014359606084433313,0.6482233754505582
50,10,295,0.00013316723293509743,0.01272164879311382,4.649491215616484e-05,0.008235728583350631,0.0015940415762802254,0.6883060496994481
50,10,300,0.00013104190190638652,0.013889032483613,4.469209685906269e-05,0.00919025604699664,0.0017952167237822922,0.7260646848125617
50,10,305,0.0001284955044212107,0.015123094169935576,4.299286528576833e-05,0.010252845608892686,0.002154070185416292,0.7863735732461741
50,10,310,0.00012668575257056888,0.01596255858687481,4.312557175400848e-05,0.011081905030597448,0.0024102625794429284,0.8080857602889138
50,10,315,0.00012544262777616864,0.01643806701639113,4.3907047639426405e-05,0.011571235906559778,0.002597435007537823,0.825521307518363
50,10,320,0.0001240018333390591,0.016906525864186464,4.3297466107457836e-05,0.011914519000244502,0.002814777966697069,0.8417663329260756
50,10,325,0.00012244976350784826,0.017647435960092803,4.143904973830407e-05,0.012380102014231618,0.003117157649202443,0.8582459269316369
50,10,330,0.00012168820988863295,0.018629247806917958,4.032287917925042e-05,0.013029408468232848,0.003608165677347212,0.87817073877034
50,10,335,0.00012213709017557407,0.019598585646055627,4.0977474673186375e-05,0.013706539362746285,0.004064607308545671,0.9032630462123725
50,10,340,0.00012316072715832767,0.02034658649822271,4.244049684830808e-05,0.01424981117819666,0.004395787585865327,0.9198250932774383
50,10,345,0.00012389422497841767,0.020871160045499996,4.344326904865358e-05,0.01463866946852101,0.004611900929221147,0.8474381200905015
50,10,350,0.0001241065812035637,0.021285679583919748,4.3869886462732195e-05,0.014942562139476482,0.004775880164071324,0.8251824106120365
50,10,355,0.00012407593338055424,0.021614001575487728,4.415145325628871e-05,0.015177670200212205,0.0049070266779994275,0.8376328426747311
50,15,0,0.00011034040978146224,0.03383592687632712,4.808925928366601e-05,0.02277860392333588,0.007945778907184783,1.52190855262479
50,15,5,0.00011081527391285833,0.03349142122845181,4.854083326889607e-05,0.022566469546402228,0.007832287176494049,1.510923814721532
50,15,10,0.00011199675896551419,0.03268922937753627,4.891414552651418e-05,0.022124346513887356,0.007585462209954611,1.4799446346099372
50,15,15,0.00011357845722738532,0.03168594694374823,4.8954138650877596e-05,0.0216806440458034,0.007306110216643624,1.4328167243549672
50,15,20,0.00011571270194252366,0.030319394223898954,4.809053768056954e-05,0.02109947870234101,0.006918109061534752,1.2899943072891324
50,15,25,0.00011872311279739365,0.02840957132053633,4.571762121455443e-05,0.020135013063708903,0.006330881440730373,1.1148470274242577
50,15,30,0.00012221840514581262,0.026173693793420875,4.610395322038178e-05,0.018800294788538265,0.005608487965138286,0.9473907862866033
50,15,35,0.00012491359326913124,0.023871407878858667,4.598152882758638e-05,0.01724343067362032,0.004828579823294082,0.8136114732418962
50,15,40,0.0001257146831719555,0.02148626545058914,4.412645365058413e-05,0.015559199402175102,0.003957981461608264,0.8524125307046917
50,15,45,0.00012501187080246525,0.019110626407089853,4.1595824500280506e-05,0.01392428505921037,0.0030063811853459996,0.8647821368312997
50,15,50,0.0001246277218129874,0.017156366210272993,4.080363625297203e-05,0.012611701326390865,0.0023622199803545615,0.8427020563672576
50,15,55,0.0001261889034269285,0.01574994833887427,4.21047889672798e-05,0.011601568483923722,0.0016619030122844226,0.7978702217970165
50,15,60,0.00012956260994572994,0.01440832241013215,4.422788494480253e-05,0.010482601814636387,0.0017455524219461712,0.7657018331715977
50,15,65,0.0001330289046401808,0.012803264388288856,4.5523129813610386e-05,0.008902974668241827,0.0017691613227978934,0.6989299830387663
50,15,70,0.00013502175962395307,0.011374768500336968,4.5628880092875995e-05,0.0074332754522142275,0.0016663682023054243,0.6609912947418985
50,15,75,0.00013561538600989414,0.010714409383312907,4.5721262299520515e-05,0.007390637124250591,0.0018988182144846352,0.6092493022287405
50,15,80,0.00013627504841185996,0.010715480630778733,4.7068433321984784e-05,0.007638904958223175,0.0023112045822939985,0.5670470524704738
50,15,85,0.00013816864195416835,0.010815723836740824,4.8682561227960134e-05,0.007950158157287366,0.0027497221157816417,0.5938250885782402
50,15,90,0.00014091182903361527,0.010731324073276002,4.957084815076108e-05,0.00822649957528878,0.00296138507886605,0.4503412640061039
50,15,95,0.00014304349359374902,0.010481788688738917,4.9224675631531246e-05,0.008476971758770178,0.0029767051436670297,0.3734802791522196
50,15,100,0.00014359012400312794,0.010026572869041796,4.616776909472471e-05,0.00846956896904187,0.0028880206381691844,0.6373314591582859
50,15,105,0.00014292123578762018,0.009398461991484768,4.240425970475749e-05,0.00840678278447007,0.0029619907948649996,0.7611819463308841
50,15,110,0.00014200103080745305,0.008999129103161058,3.9896421208357024e-05,0.008480375000465851,0.0030717041929224785,0.8016274035819073
50,15,115,0.0001411346550985247,0.009252349562618795,4.016741749221834e-05,0.00885016884333285,0.0030794729867745754,0.8389638201674323
50,15,120,0.0001398243567402339,0.010009430699267857,3.9867552873540857e-05,0.009416427343545706,0.003127481214688233,0.7345087186435892
50,15,125,0.00013776201839115366,0.010675866870232134,4.1801186461874534e-05,0.009910453580138461,0.003164572378513039,0.7025809769535056
50,15,130,0.0001354577257627115,0.010912314674735236,3.979780888810542e-05,0.01019541698069298,0.0032105598255302977,0.4828684728916516
50,15,135,0.0001336053743358598,0.01091002460565835,4.186232580644404e-05,0.010261981447909923,0.003270833938866528,0.3592365193925207
50,15,140,0.00013212761903670916,0.01100142009681371,4.458713860281023e-05,0.010344291455378301,0.003344683447865336,0.5523814225541557
50,15,145,0.00013032771541604277,0.011281148934510425,4.6735649413035506e-05,0.010492543973147743,0.0034291658214780697,0.7109166352942459
50,15,150,0.00012796855765572109,0.01163244130158569,4.95459542843189e-05,0.010661632274401346,0.0035205128459899655,0.7434863936824185
50,15,155,0.00012574209760236486,0.01190788154260203,5.450482598643239e-05,0.010808296346313775,0.003617480347260245,0.7632310651801836
50,15,160,0.00012443749075439353,0.012024677100382769,5.78046276898574e-05,0.010908018571122953,0.003711922417607835,0.780660413455072
50,15,165,0.0001239955705923555,0.012001049452957194,6.017236079683148e-05,0.010956773589368918,0.0037918109641870406,0.7813111360159354
50,15,170,0.00012372889588672812,0.011937478701785244,6.205448277067497e-05,0.010974322544069024,0.0038512142507625934,0.7799137889338399
50,15,175,0.00012331287480486655,0.011911913283426643,6.3547593758554e-05,0.010983663816713684,0.0038889688020850846,0.7840358468541582
50,15,180,0.000123080356300956,0.011912538127174343,6.415873011660425e-05,0.010988198105906755,0.0038850832718482276,0.7873657892778394
50,15,185,0.00012331287480486655,0.011911913283426643,6.3547593758554e-05,0.010983663816713684,0.0038889688020850846,0.7840358468541582
50,15,190,0.00012372889588672812,0.011937478701785244,6.205448277067497e-05,0.010974322544069024,0.0038512142507625934,0.7799137889338399
50,15,195,0.0001239955705923555,0.012001049452957194,6.017236079683148e-05,0.010956773589368918,0.0037918109641870406,0.7813111360159354
50,15,200,0.00012443749075439353,0.012024677100382769,5.78046276898574e-05,0.010908018571122953,0.003711922417607835,0.780660413455072
50,15,205,0.00012574209760236486,0.01190788154260203,5.450482598643239e-05,0.010808296346313775,0.003617480347260245,0.7632310651801836
50,15,210,0.00012796855765572109,0.01163244130158569,4.95459542843189e-05,0.010661632274401346,0.0035205128459899655,0.7434863936824185
50,15,215,0.00013032771541604277,0.011281148934510425,4.6735649413035506e-05,0.010492543973147743,0.0034291658214780697,0.7109166352942459
50,15,220,0.00013212761903670916,0.01100142009681371,4.458713860281023e-05,0.010344291455378301,0.003344683447865336,0.5523814225541557
50,15,225,0.0001336053743358598,0.01091002460565835,4.186232580644404e-05,0.010261981447909923,0.003270833938866528,0.3592365193925207
50,15,230,0.0001354577257627115,0.010912314674735236,3.979780888810542e-05,0.01019541698069298,0.0032105598255302977,0.4828684728916516
50,15,235,0.00013776201839115366,0.010675866870232134,4.1801186461874534e-05,0.009910453580138461,0.003164572378513039,0.7025809769535056
50,15,240,0.0001398243567402339,0.010009430699267857,3.9867552873540857e-05,0.009416427343545706,0.003127481214688233,0.7345087186435892
50,15,245,0.0001411346550985247,0.009252349562618795,4.016741749221834e-05,0.00885016884333285,0.0030794729867745754,0.8389638201674323
50,15,250,0.00014200103080745305,0.008999129103161058,3.9896421208357024e-05,0.008480375000465851,0.0030717041929224785,0.8016274035819073
50,15,255,0.00014292123578762018,0.009398461991484768,4.240425970475749e-05,0.00840678278447007,0.0029619907948649996,0.7611819463308841
50,15,260,0.00014359012400312794,0.010026572869041796,4.616776909472471e-05,0.00846956896904187,0.0028880206381691844,0.6373314591582859
50,15,265,0.00014304349359374902,0.010481788688738917,4.9224675631531246e-05,0.008476971758770178,0.0029767051436670297,0.3734802791522196
50,15,270,0.00014091182903361527,0.010731324073276002,4.957084815076108e-05,0.00822649957528878,0.00296138507886605,0.4503412640061039
50,15,275,0.00013816864195416835,0.010815723836740824,4.8682561227960134e-05,0.007950158157287366,0.0027497221157816417,0.5938250885782402
50,15,280,0.00013627504841185996,0.010715480630778733,4.7068433321984784e-05,0.007638904958223175,0.0023112045822939985,0.5670470524704738
50,15,285,0.00013561538600989414,0.010714409383312907,4.5721262299520515e-05,0.007390637124250591,0.0018988182144846352,0.6092493022287405
50,15,290,0.00013502175962395307,0.011374768500336968,4.5628880092875995e-05,0.0074332754522142275,0.0016663682023054243,0.6609912947418985
50,15,295,0.0001330289046401808,0.012803264388288856,4.5523129813610386e-05,0.008902974668241827,0.0017691613227978934,0.6989299830387663
50,15,300,0.00012956260994572994,0.01440832241013215,4.422788494480253e-05,0.010482601814636387,0.0017455524219461712,0.7657018331715977
50,15,305,0.0001261889034269285,0.01574994833887427,4.21047889672798e-05,0.011601568483923722,0.0016619030122844226,0.7978702217970165
50,15,310,0.0001246277218129874,0.017156366210272993,4.080363625297203e-05,0.012611701326390865,0.0023622199803545615,0.8427020563672576
50,15,315,0.00012501187080246525,0.019110626407089853,4.1595824500280506e-05,0.01392428505921037,0.0030063811853459996,0.8647821368312997
50,15,320,0.0001257146831719555,0.02148626545058914,4.412645365058413e-05,0.015559199402175102,0.003957981461608264,0.8524125307046917
50,15,325,0.00012491359326913124,0.023871407878858667,4.598152882758638e-05,0.01724343067362032,0.004828579823294082,0.8136114732418962
50,15,330,0.00012221840514581262,0.026173693793420875,4.610395322038178e-05,0.018800294788538265,0.005608487965138286,0.9473907862866033
50,15,335,0.00011872311279739365,0.02840957132053633,4.571762121455443e-05,0.020135013063708903,0.006330881440730373,1.1148470274242577
50,15,340,0.00011571270194252366,0.030319394223898954,4.809053768056954e-05,0.02109947870234101,0.006918109061534752,1.2899943072891324
50,15,345,0.00011357845722738532,0.03168594694374823,4.8954138650877596e-05,0.0216806440458034,0.007306110216643624,1.4328167243549672
50,15,350,0.00011199675896551419,0.03268922937753627,4.891414552651418e-05,0.022124346513887356,0.007585462209954611,1.4799446346099372
50,15,355,0.00011081527391285833,0.03349142122845181,4.854083326889607e-05,0.022566469546402228,0.007832287176494049,1.510923814721532
50,20,0,5.3098078792226337e-05,0.03589148217832965,4.7282197992162215e-05,0.023351252212286466,0.0032359066544592583,1.5990978204735933
50,20,5,5.233772315912976e-05,0.03577693940367707,4.6813811932340955e-05,0.023274765694881346,0.003173615137807382,1.5850159935220138
50,20,10,5.2014396908843e-05,0.035602022257107166,4.455534824916382e-05,0.023120239037023097,0.0030526342981715437,1.5464003268515991
50,20,15,5.575355596275887e-05,0.03554966595626671,4.1431884223772086e-05,0.022947872543909356,0.0033480661362700307,1.5149654943276667
50,20,20,6.50113106660708e-05,0.03543540424901615,3.292844727929454e-05,0.02261197963150781,0.003558105780445732,1.4713947181879476
50,20,25,7.805873654578074e-05,0.03489445564565409,3.4579766678583326e-05,0.021054744148157868,0.005617299827954816,1.4863811108753158
50,20,30,9.194515295188549e-05,0.033666377696187584,3.985532404075158e-05,0.021696953312911844,0.006264444745346068,1.6390490953717314
50,20,35,0.0001043011278820242,0.03148670500892349,5.1577861205422864e-05,0.02176339699488719,0.0060380844319551505,1.45181290993031
50,20,40,0.00011350941436455387,0.028105905090238355,5.0310425673229546e-05,0.020509278682842955,0.005351914959728218,1.1955280718198371
50,20,45,0.00011873331926712293,0.02377792256794269,4.764924236918622e-05,0.017902137745298717,0.00371405052568471,0.9479249406588182
50,20,50,0.0001207447088617114,0.019440215908054895,4.540135738901273e-05,0.014861449280852562,0.002529923183443642,0.7344099619229394
50,20,55,0.0001220504650265384,0.015993105273449576,4.3297374794015134e-05,0.012364828687120116,0.0013449795561136955,0.8213603196391863
50,20,60,0.00012499596993420297,0.013486131756076358,4.396528851038006e-05,0.010537521948654179,0.0016443435638287104,0.7321188262871094
50,20,65,0.00012957471828546879,0.011396591505576807,4.561178896069916e-05,0.008516402925027955,0.0025342799195917647,0.6841296229802931
50,20,70,0.00013396956500605394,0.009581936144238995,4.6862794219948e-05,0.006971078107587759,0.0022296981688872917,0.6158865261607461
50,20,75,0.0001371834350313403,0.008461154346752492,4.8212632676363724e-05,0.006834942814755433,0.0022750659593785438,0.557818780396248
50,20,80,0.0001401055576453836,0.008226950446040552,4.965072749767651e-05,0.00707473599172954,0.0021543772077072055,0.5189359335677027
50,20,85,0.00014376226425094748,0.008338433419958567,5.0907630754011514e-05,0.007521368784799497,0.002055788614021671,0.47764414196886734
50,20,90,0.00014755943578187132,0.008071165761786729,5.101828694947493e-05,0.007851846558787363,0.0019013556038998572,0.3966322559055485
50,20,95,0.0001500568434380633,0.007353815464122525,4.863213532770483e-05,0.008166875943094115,0.0018345127948339616,0.6449210677760188
50,20,100,0.00015085646896799898,0.006801234762454922,4.5423119797079756e-05,0.0088544299910191,0.0027090240742930678,0.7345374903459673
50,20,105,0.00015079154611778202,0.006958817178709596,4.375253646955713e-05,0.009606718475792054,0.0026723209582325165,0.7823465380600746
50,20,110,0.00015047750091678243,0.007674085593978219,4.2363574310914486e-05,0.010202084458057604,0.0018830615386911504,0.6613635784828659
50,20,115,0.00014960531088742618,0.008297674201308931,4.283216325894675e-05,0.010749357402595468,0.0018738867639653363,0.45299570122903654
50,20,120,0.00014782213832475024,0.008440875467617162,4.540742459175793e-05,0.011296618821105942,0.0019582438874942423,0.49513094995922746
50,20,125,0.00014555347635438398,0.008363368096344406,4.288631501492865e-05,0.011763601670452296,0.0021071089060736535,0.6762039856387505
50,20,130,0.00014347474256241324,0.00856937008835652,4.582468687724245e-05,0.012029595108567756,0.002145978312061828,0.730003511879979
50,20,135,0.00014161152138746514,0.009159337973887578,4.952290452939234e-05,0.01206888880367881,0.002206003528165681,0.8022645506286603
50,20,140,0.00013951224215296007,0.00975473328027919,5.385051260713451e-05,0.011974709925293545,0.0024963380937434673,0.8424774004286126
50,20,145,0.00013713347738928414,0.010027817281497318,6.061272487577424e-05,0.011848761188754869,0.002940092731814992,0.8038166875636894
50,20,150,0.00013502724415603677,0.010099986359450515,6.887233944968059e-05,0.01169796019965045,0.003170074789027151,0.7637494976707855
50,20,155,0.0001336091593249402,0.010331448517926582,7.640526584634525e-05,0.011465901809912863,0.0033259829584211045,0.5715623790105249
50,20,160,0.00013263093256842213,0.010849412209371929,8.118651593522967e-05,0.011145640762705258,0.0035265889917823787,0.5110515879458364
50,20,165,0.0001315480863583636,0.01142085443060365,8.387657776087851e-05,0.01144284903168231,0.003678017378538889,0.5825654290508312
50,20,170,0.00013020757851887324,0.011757494706645777,8.62819250292868e-05,0.011850570209945685,0.0037907807540944576,0.765400956280784
50,20,175,0.00012901808471487038,0.011826590401147833,8.873245732657071e-05,0.011952174221966493,0.0038428200049815857,0.7942064848282833
50,20,180,0.00012853922818161986,0.011811531762417985,8.985267633698779e-05,0.011943350159475214,0.0038536199984405698,0.7962573486961294
50,20,185,0.00012901808471487038,0.011826590401147833,8.873245732657071e-05,0.011952174221966493,0.0038428200049815857,0.7942064848282833
50,20,190,0.00013020757851887324,0.011757494706645777,8.62819250292868e-05,0.011850570209945685,0.0037907807540944576,0.765400956280784
50,20,195,0.0001315480863583636,0.01142085443060365,8.387657776087851e-05,0.01144284903168231,0.003678017378538889,0.5825654290508312
50,20,200,0.00013263093256842213,0.010849412209371929,8.118651593522967e-05,0.011145640762705258,0.0035265889917823787,0.5110515879458364
50,20,205,0.0001336091593249402,0.010331448517926582,7.640526584634525e-05,0.011465901809912863,0.0033259829584211045,0.5715623790105249
50,20,210,0.00013502724415603677,0.010099986359450515,6.887233944968059e-05,0.01169796019965045,0.003170074789027151,0.7637494976707855
50,20,215,0.00013713347738928414,0.010027817281497318,6.061272487577424e-05,0.011848761188754869,0.002940092731814992,0.8038166875636894
50,20,220,0.00013951224215296007,0.00975473328027919,5.385051260713451e-05,0.011974709925293545,0.0024963380937434673,0.8424774004286126
50,20,225,0.00014161152138746514,0.009159337973887578,4.952290452939234e-05,0.01206888880367881,0.002206003528165681,0.8022645506286603
50,20,230,0.00014347474256241324,0.00856937008835652,4.582468687724245e-05,0.012029595108567756,0.002145978312061828,0.730003511879979
50,20,235,0.00014555347635438398,0.008363368096344406,4.288631501492865e-05,0.011763601670452296,0.0021071089060736535,0.6762039856387505
50,20,240,0.00014782213832475024,0.008440875467617162,4.540742459175793e-05,0.011296618821105942,0.0019582438874942423,0.49513094995922746
50,20,245,0.00014960531088742618,0.008297674201308931,4.283216325894675e-05,0.010749357402595468,0.0018738867639653363,0.45299570122903654
50,20,250,0.00015047750091678243,0.007674085593978219,4.2363574310914486e-05,0.010202084458057604,0.0018830615386911504,0.6613635784828659
50,20,255,0.00015079154611778202,0.006958817178709596,4.375253646955713e-05,0.009606718475792054,0.0026723209582325165,0.7823465380600746
50,20,260,0.00015085646896799898,0.006801234762454922,4.5423119797079756e-05,0.0088544299910191,0.0027090240742930678,0.7345374903459673
50,20,265,0.0001500568434380633,0.007353815464122525,4.863213532770483e-05,0.008166875943094115,0.0018345127948339616,0.6449210677760188
50,20,270,0.00014755943578187132,0.008071165761786729,5.101828694947493e-05,0.007851846558787363,0.0019013556038998572,0.3966322559055485
50,20,275,0.00014376226425094748,0.008338433419958567,5.0907630754011514e-05,0.007521368784799497,0.002055788614021671,0.47764414196886734
50,20,280,0.0001401055576453836,0.008226950446040552,4.965072749767651e-05,0.00707473599172954,0.0021543772077072055,0.5189359335677027
50,20,285,0.0001371834350313403,0.008461154346752492,4.8212632676363724e-05,0.006834942814755433,0.0022750659593785438,0.557818780396248
50,20,290,0.00013396956500605394,0.009581936144238995,4.6862794219948e-05,0.006971078107587759,0.0022296981688872917,0.6158865261607461
50,20,295,0.00012957471828546879,0.011396591505576807,4.561178896069916e-05,0.008516402925027955,0.0025342799195917647,0.6841296229802931
50,20,300,0.00012499596993420297,0.013486131756076358,4.396528851038006e-05,0.010537521948654179,0.0016443435638287104,0.7321188262871094
50,20,305,0.0001220504650265384,0.015993105273449576,4.3297374794015134e-05,0.012364828687120116,0.0013449795561136955,0.8213603196391863
50,20,310,0.0001207447088617114,0.019440215908054895,4.540135738901273e-05,0.014861449280852562,0.002529923183443642,0.7344099619229394
50,20,315,0.00011873331926712293,0.02377792256794269,4.764924236918622e-05,0.017902137745298717,0.00371405052568471,0.9479249406588182
50,20,320,0.00011350941436455387,0.028105905090238355,5.0310425673229546e-05,0.020509278682842955,0.005351914959728218,1.1955280718198371
50,20,325,0.0001043011278820242,0.03148670500892349,5.1577861205422864e-05,0.02176339699488719,0.0060380844319551505,1.45181290993031
50,20,330,9.194515295188549e-05,0.033666377696187584,3.985532404075158e-05,0.021696953312911844,0.006264444745346068,1.6390490953717314
50,20,335,7.805873654578074e-05,0.03489445564565409,3.4579766678583326e-05,0.021054744148157868,0.005617299827954816,1.4863811108753158
50,20,340,6.50113106660708e-05,0.03543540424901615,3.292844727929454e-05,0.02261197963150781,0.003558105780445732,1.4713947181879476
50,20,345,5.575355596275887e-05,0.03554966595626671,4.1431884223772086e-05,0.022947872543909356,0.0033480661362700307,1.5149654943276667
50,20,350,5.2014396908843e-05,0.035602022257107166,4.455534824916382e-05,0.023120239037023097,0.0030526342981715437,1.5464003268515991
50,20,355,5.233772315912976e-05,0.03577693940367707,4.6813811932340955e-05,0.023274765694881346,0.003173615137807382,1.5850159935220138
50,25,0,4.169657047324148e-06,0.027736144085830465,5.078960095459108e-05,0.023817214915713154,0.006788298208764856,2.129548721825253
50,25,5,9.600473708203973e-06,0.028103414497031944,5.4429434759227686e-05,0.02709055988915206,0.0067319455219801245,2.20202997403287
50,25,10,2.1806426818259637e-05,0.029090790602098283,4.747429177089416e-05,0.021966191274818393,0.006644085696596595,2.0033963580158223
50,25,15,3.2004346919799285e-05,0.03038096481729714,5.252478171245234e-05,0.020846299094092677,0.006759764508570305,1.7839990230170149
50,25,20,3.514395729313415e-05,0.03156443222462046,5.1398358448648826e-05,0.021118082260870693,0.006864792145700771,1.6064156460975227
50,25,25,3.5705829239757614e-05,0.03235465499969546,4.7222871587329846e-05,0.021326942734247123,0.005757437486042625,1.579071585660178
50,25,30,4.366940107327754e-05,0.032713178525880876,4.331199202332924e-05,0.02114711019197419,0.004484747027886136,1.471150651349398
50,25,35,6.392888791002587e-05,0.03250886285625217,3.193050632666473e-05,0.020395894949331177,0.003726117384571884,1.3763972261596884
50,25,40,9.008948888942917e-05,0.031068430365149564,3.806466180076304e-05,0.020685784612154846,0.00435872985193941,1.5626402562075334
50,25,45,0.00011026155869811117,0.027590522894322844,5.20540344510715e-05,0.02029880914463652,0.003693306294458525,1.2805343259407478
50,25,50,0.00011871719851343481,0.022300751978013074,4.749309911964111e-05,0.017610295109684246,0.0025255773209682973,0.9507970912879381
50,25,55,0.00012002348900758131,0.016704425051860834,4.274807937423397e-05,0.01373641722964479,0.0017057539212211733,0.725225600886048
50,25,60,0.00012228690193761974,0.012284646535439599,3.8033552726372735e-05,0.010143168602683762,0.0023171400785293975,0.717986810287162
50,25,65,0.00012827844295248405,0.009304861898056939,4.317086246548177e-05,0.007112229994320353,0.0017116851425408375,0.6171071877884955
50,25,70,0.0001346983308248514,0.007309850640459577,4.885078023560141e-05,0.006454152507090503,0.001656586712597617,0.5722510424681347
50,25,75,0.00013897205182080525,0.006161709889402266,4.994663069801436e-05,0.007300207083477719,0.0013496774640704432,0.5203705095772226
50,25,80,0.00014282905813529185,0.005769368460566876,5.011965973818677e-05,0.00825258867928513,0.0008849197553178962,0.4683786123564268
50,25,85,0.00014840149036166213,0.0054892544511265145,5.1959164698350086e-05,0.009154884172074641,0.000755193774384098,0.3117309589852848
50,25,90,0.00015427714366534912,0.004834747822845027,5.352855220878299e-05,0.010165882709713407,0.0016864064933751572,0.6212266179819961
50,25,95,0.0001576804998716162,0.004300699993435194,5.24269074934807e-05,0.010840758337129639,0.002708553751764451,0.6802412224436807
50,25,100,0.00015866936410937737,0.004537788360896292,4.8160474517232365e-05,0.011759562692787114,0.002305331873460649,0.7239755304588824
50,25,105,0.00015960940025821872,0.005160370685628814,4.684661135655275e-05,0.012803563481501783,0.0010187998535668005,0.6273878977764387
50,25,110,0.00016138497667609556,0.005309495272287121,4.7158497041956474e-05,0.013674703516653793,0.0015621110734770683,0.5074761129250644
50,25,115,0.0001625283399199159,0.005089649190826704,5.0664656257798715e-05,0.014410146914779749,0.0012155812555698885,0.7209126869056897
50,25,120,0.00016208398640946012,0.005327848005004521,4.9012546210781436e-05,0.01503731762277106,0.00145863531167427,0.7567730364099299
50,25,125,0.00016104959218659004,0.006125025356528944,4.625322685919788e-05,0.015538625494354084,0.0017522183178131673,0.7859919252075758
50,25,130,0.00016015369094812956,0.006771499335575874,5.023726831102689e-05,0.015799632331946097,0.0016055735726165925,0.8065767286004146
50,25,135,0.00015805603269821496,0.007108017227397171,5.6651061239779534e-05,0.015618219561823604,0.001903570288604817,0.5933162794028775
50,25,140,0.00015313473906768647,0.007829058288623753,7.094662855729791e-05,0.015129664436881622,0.0022872985791289376,0.814792366505978
50,25,145,0.00014612364218770553,0.0092481126534009,8.126961262896765e-05,0.014254322465792744,0.0027315937122447858,0.8689124753572546
50,25,150,0.0001395701199657911,0.010778194471388284,9.186112099370588e-05,0.013303153328182143,0.003212362126312358,0.9165187296743877
50,25,155,0.00013510711263976447,0.011930261405854712,0.00010326244030578447,0.012687937118599526,0.0036792516291699667,0.8989192454709426
50,25,160,0.00013243049727669313,0.012943834459875998,0.00011054770817044797,0.013137686512894466,0.00412453945201812,0.8135091162026404
50,25,165,0.00013074089664703512,0.014070232026484494,0.00011316902935187443,0.013612397123741217,0.0044926270330585966,0.5310681497591914
50,25,170,0.0001298735202543708,0.014995936870361158,0.00011517926487321622,0.01371856953881698,0.004769110727033505,0.5847829567788512
50,25,175,0.000129753427335926,0.01539623696879206,0.0001170508010009026,0.013762601801134994,0.004520105092232382,0.7260034832041824
50,25,180,0.00012983762146605033,0.015456514026596967,0.00011791360324174202,0.013766615281328096,0.004431426639571594,0.7487864014897664
50,25,185,0.000129753427335926,0.01539623696879206,0.0001170508010009026,0.013762601801134994,0.004520105092232382,0.7260034832041824
50,25,190,0.0001298735202543708,0.014995936870361158,0.00011517926487321622,0.01371856953881698,0.004769110727033505,0.5847829567788512
50,25,195,0.00013074089664703512,0.014070232026484494,0.00011316902935187443,0.013612397123741217,0.0044926270330585966,0.5310681497591914
50,25,200,0.00013243049727669313,0.012943834459875998,0.00011054770817044797,0.013137686512894466,0.00412453945201812,0.8135091162026404
50,25,205,0.00013510711263976447,0.011930261405854712,0.00010326244030578447,0.012687937118599526,0.0036792516291699667,0.8989192454709426
50,25,210,0.0001395701199657911,0.010778194471388284,9.186112099370588e-05,0.013303153328182143,0.003212362126312358,0.9165187296743877
50,25,215,0.00014612364218770553,0.0092481126534009,8.126961262896765e-05,0.014254322465792744,0.0027315937122447858,0.8689124753572546
50,25,220,0.00015313473906768647,0.007829058288623753,7.094662855729791e-05,0.015129664436881622,0.0022872985791289376,0.814792366505978
50,25,225,0.00015805603269821496,0.007108017227397171,5.6651061239779534e-05,0.015618219561823604,0.001903570288604817,0.5933162794028775
50,25,230,0.00016015369094812956,0.006771499335575874,5.023726831102689e-05,0.015799632331946097,0.0016055735726165925,0.8065767286004146
50,25,235,0.00016104959218659004,0.006125025356528944,4.625322685919788e-05,0.015538625494354084,0.0017522183178131673,0.7859919252075758
50,25,240,0.00016208398640946012,0.005327848005004521,4.9012546210781436e-05,0.01503731762277106,0.00145863531167427,0.7567730364099299
50,25,245,0.0001625283399199159,0.005089649190826704,5.0664656257798715e-05,0.014410146914779749,0.0012155812555698885,0.7209126869056897
50,25,250,0.00016138497667609556,0.005309495272287121,4.7158497041956474e-05,0.013674703516653793,0.0015621110734770683,0.5074761129250644
50,25,255,0.00015960940025821872,0.005160370685628814,4.684661135655275e-05,0.012803563481501783,0.0010187998535668005,0.6273878977764387
50,25,260,0.00015866936410937737,0.004537788360896292,4.8160474517232365e-05,0.011759562692787114,0.002305331873460649,0.7239755304588824
50,25,265,0.0001576804998716162,0.004300699993435194,5.24269074934807e-05,0.010840758337129639,0.002708553751764451,0.6802412224436807
50,25,270,0.00015427714366534912,0.004834747822845027,5.352855220878299e-05,0.010165882709713407,0.0016864064933751572,0.6212266179819961
50,25,275,0.00014840149036166213,0.0054892544511265145,5.1959164698350086e-05,0.009154884172074641,0.000755193774384098,0.3117309589852848
50,25,280,0.00014282905813529185,0.005769368460566876,5.011965973818677e-05,0.00825258867928513,0.0008849197553178962,0.4683786123564268
50,25,285,0.00013897205182080525,0.006161709889402266,4.994663069801436e-05,0.007300207083477719,0.0013496774640704432,0.5203705095772226
50,25,290,0.0001346983308248514,0.007309850640459577,4.885078023560141e-05,0.006454152507090503,0.001656586712597617,0.5722510424681347
50,25,295,0.00012827844295248405,0.009304861898056939,4.317086246548177e-05,0.007112229994320353,0.0017116851425408375,0.6171071877884955
50,25,300,0.00012228690193761974,0.012284646535439599,3.8033552726372735e-05,0.010143168602683762,0.0023171400785293975,0.717986810287162
50,25,305,0.00012002348900758131,0.016704425051860834,4.274807937423397e-05,0.01373641722964479,0.0017057539212211733,0.725225600886048
50,25,310,0.00011871719851343481,0.022300751978013074,4.749309911964111e-05,0.017610295109684246,0.0025255773209682973,0.9507970912879381
50,25,315,0.00011026155869811117,0.027590522894322844,5.20540344510715e-05,0.02029880914463652,0.003693306294458525,1.2805343259407478
50,25,320,9.008948888942917e-05,0.031068430365149564,3.806466180076304e-05,0.020685784612154846,0.00435872985193941,1.5626402562075334
50,25,325,6.392888791002587e-05,0.03250886285625217,3.193050632666473e-05,0.020395894949331177,0.003726117384571884,1.3763972261596884
50,25,330,4.366940107327754e-05,0.032713178525880876,4.331199202332924e-05,0.02114711019197419,0.004484747027886136,1.471150651349398
50,25,335,3.5705829239757614e-05,0.03235465499969546,4.7222871587329846e-05,0.021326942734247123,0.005757437486042625,1.579071585660178
50,25,340,3.514395729313415e-05,0.03156443222462046,5.1398358448648826e-05,0.021118082260870693,0.006864792145700771,1.6064156460975227
50,25,345,3.2004346919799285e-05,0.03038096481729714,5.252478171245234e-05,0.020846299094092677,0.006759764508570305,1.7839990230170149
50,25,350,2.1806426818259637e-05,0.029090790602098283,4.747429177089416e-05,0.021966191274818393,0.006644085696596595,2.0033963580158223
50,25,355,9.600473708203973e-06,0.028103414497031944,5.4429434759227686e-05,0.02709055988915206,0.0067319455219801245,2.20202997403287
50,30,0,3.0421242183317765e-09,0.023791512339068812,4.6843010199315105e-05,0.019505175879367294,0.007997615268045563,1.4566081724942272
50,30,5,1.078663029036031e-08,0.027288622872570462,4.899432308139726e-05,0.01899191432577271,0.007989903213681624,1.4768412351233415
50,30,10,3.270142209653437e-06,0.03214770852832938,4.872639101933737e-05,0.018666664339275867,0.007716217141645842,1.5521453271259058
50,30,15,5.119509604786798e-08,0.03345239911779169,4.707728610772364e-05,0.019422893973430874,0.006907900732657316,1.6784399643733061
50,30,20,4.677810112353742e-09,0.02841246668198033,4.782359657546243e-05,0.030181351231840577,0.006487100478333846,1.8383612393225859
50,30,25,7.3920594658104764e-06,0.024197489046438637,5.156832830857574e-05,0.020839608637260445,0.006147422079951765,1.8927151296030678
50,30,30,1.757098791795985e-05,0.02707516215329294,5.402267465698949e-05,0.018472705498688666,0.00579714788445133,1.6404111503879428
50,30,35,3.2109162632619394e-05,0.02935744531295292,4.9543368982986075e-05,0.018998030020221362,0.004486946810864681,1.3810021968920785
50,30,40,5.789593962598604e-05,0.030024306488626026,4.6369484885127156e-05,0.018626920097888224,0.0033900820335784946,1.29884330230024
50,30,45,8.824267898065218e-05,0.028154483149281453,3.718359723052793e-05,0.019528531523369905,0.002753271900476358,1.4693773250473117
50,30,50,0.0001101655816294362,0.023440709663539262,4.614480103584022e-05,0.018398631585908015,0.0028773736925076007,1.1090851259317613
50,30,55,0.00011884156092259067,0.016965635525032767,4.562866146728614e-05,0.01456644912589547,0.0024824846514097734,0.7762562019021104
50,30,60,0.000121044723808856,0.010899714183560479,3.81359424361169e-05,0.009870497879515331,0.0013600700330389666,0.6432690050980681
50,30,65,0.00012549182335327633,0.006896322828338225,3.650635689887217e-05,0.007166652840905339,0.0014874177606358909,0.5215696797275874
50,30,70,0.0001335483182722504,0.004903142727435175,4.4631512734261136e-05,0.008122571374147425,0.0018123226169489658,0.5358746196507891
50,30,75,0.00014126425339288685,0.0038718612008781885,5.1248124152287024e-05,0.008725055766313446,0.00132791528117506,0.46946263888280715
50,30,80,0.00014711445099345292,0.0031607699557715595,5.2114473840799954e-05,0.009524840479550083,0.0012720732227972792,0.27146090152918056
50,30,85,0.0001532269257883672,0.0027034282791111044,5.142641679209241e-05,0.009897678215019788,0.0016084739142617458,0.5731623567443442
50,30,90,0.00016046795177668185,0.0024030799476021628,5.2946838735386595e-05,0.010435774285365844,0.0022950510375410863,0.6063396621749659
50,30,95,0.00016670281565038525,0.0022223303057518485,5.5477385049438905e-05,0.0114093390642412,0.0021578318270543168,0.6625325817261363
50,30,100,0.00017048830837617084,0.002257064341486215,5.597294195348922e-05,0.012489456317164353,0.001133720139218224,0.6378104670449793
50,30,105,0.00017354065929969537,0.0023980838899072517,5.446005655599913e-05,0.013371175440463318,0.001081505164312945,0.7066512815531172
50,30,110,0.00017809375716738417,0.002370677321153921,5.253346379886369e-05,0.014180967883779289,0.001697013130854434,0.7576692945026087
50,30,115,0.00018349878472485566,0.0022139189491321397,5.517815379992431e-05,0.015059641562562155,0.0017090937977799947,0.7992178858386201
50,30,120,0.00018680279021825305,0.0023932794812648343,5.168299461271505e-05,0.015848678410543993,0.0018040121954789605,0.7171861188167257
50,30,125,0.00018584302325446887,0.0032630310601546066,5.402473700220293e-05,0.016489894866633797,0.0013445299676448925,0.8328749552185828
50,30,130,0.00018064657564911303,0.0047877450460178505,5.465188590082987e-05,0.017275273455937414,0.0019797018697128655,0.8417355106670676
50,30,135,0.00017261141174774747,0.006768707249054477,6.885315748319707e-05,0.01763962233945103,0.00235450341734557,0.8638436573861945
50,30,140,0.00016355560400184,0.009074395797135962,8.53062837891821e-05,0.016765242249150276,0.0026934755296359166,0.6068725911008119
50,30,145,0.0001553442268401239,0.011610554404488393,9.939838787890814e-05,0.01532078781964205,0.0032925970027208075,0.9084829611230871
50,30,150,0.00014933487753548361,0.01418587847572355,0.00011329785344431462,0.013974931927653884,0.004050090148973444,1.1402053850358072
50,30,155,0.00014579857122318154,0.016522101115787533,0.00012319425789803114,0.014214925965725865,0.004786898865723841,1.2148430081199473
50,30,160,0.00014428412542573116,0.01844936625677497,0.00013056332753747738,0.014765234704528857,0.005382897894157378,1.4280267536982028
50,30,165,0.0001444472244829919,0.02000287756770046,0.00013281509627532202,0.015233182268806204,0.005339964193891554,1.5452606517644147
50,30,170,0.00014602412208691937,0.02126583380534328,0.0001371459351216693,0.015637443876066116,0.006105603682549536,1.4119617327151675
50,30,175,0.00014901906797177948,0.022208911682594604,0.00013745132886424077,0.015984930388729623,0.006630529285534644,1.2604436682867641
50,30,180,0.00015094046905325762,0.02259128862880146,0.0001380350162876803,0.016141289944309772,0.006798240145959031,1.196770849076029
50,30,185,0.00014901906797177948,0.022208911682594604,0.00013745132886424077,0.015984930388729623,0.006630529285534644,1.2604436682867641
50,30,190,0.00014602412208691937,0.02126583380534328,0.0001371459351216693,0.015637443876066116,0.006105603682549536,1.4119617327151675
50,30,195,0.0001444472244829919,0.02000287756770046,0.00013281509627532202,0.015233182268806204,0.005339964193891554,1.5452606517644147
50,30,200,0.00014428412542573116,0.01844936625677497,0.00013056332753747738,0.014765234704528857,0.005382897894157378,1.4280267536982028
50,30,205,0.00014579857122318154,0.016522101115787533,0.00012319425789803114,0.014214925965725865,0.004786898865723841,1.2148430081199473
50,30,210,0.00014933487753548361,0.01418587847572355,0.00011329785344431462,0.013974931927653884,0.004050090148973444,1.1402053850358072
50,30,215,0.0001553442268401239,0.011610554404488393,9.939838787890814e-05,0.01532078781964205,0.0032925970027208075,0.9084829611230871
50,30,220,0.00016355560400184,0.009074395797135962,8.53062837891821e-05,0.016765242249150276,0.0026934755296359166,0.6068725911008119
50,30,225,0.00017261141174774747,0.006768707249054477,6.885315748319707e-05,0.01763962233945103,0.00235450341734557,0.8638436573861945
50,30,230,0.00018064657564911303,0.0047877450460178505,5.465188590082987e-05,0.017275273455937414,0.0019797018697128655,0.8417355106670676
50,30,235,0.00018584302325446887,0.0032630310601546066,5.402473700220293e-05,0.016489894866633797,0.0013445299676448925,0.8328749552185828
50,30,240,0.00018680279021825305,0.0023932794812648343,5.168299461271505e-05,0.015848678410543993,0.0018040121954789605,0.7171861188167257
50,30,245,0.00018349878472485566,0.0022139189491321397,5.517815379992431e-05,0.015059641562562155,0.0017090937977799947,0.7992178858386201
50,30,250,0.00017809375716738417,0.002370677321153921,5.253346379886369e-05,0.014180967883779289,0.001697013130854434,0.7576692945026087
50,30,255,0.00017354065929969537,0.0023980838899072517,5.446005655599913e-05,0.013371175440463318,0.001081505164312945,0.7066512815531172
50,30,260,0.00017048830837617084,0.002257064341486215,5.597294195348922e-05,0.012489456317164353,0.001133720139218224,0.6378104670449793
50,30,265,0.00016670281565038525,0.0022223303057518485,5.5477385049438905e-05,0.0114093390642412,0.0021578318270543168,0.6625325817261363
50,30,270,0.00016046795177668185,0.0024030799476021628,5.2946838735386595e-05,0.010435774285365844,0.0022950510375410863,0.6063396621749659
50,30,275,0.0001532269257883672,0.0027034282791111044,5.142641679209241e-05,0.009897678215019788,0.0016084739142617458,0.5731623567443442
50,30,280,0.00014711445099345292,0.0031607699557715595,5.2114473840799954e-05,0.009524840479550083,0.0012720732227972792,0.27146090152918056
50,30,285,0.00014126425339288685,0.0038718612008781885,5.1248124152287024e-05,0.008725055766313446,0.00132791528117506,0.46946263888280715
50,30,290,0.0001335483182722504,0.004903142727435175,4.4631512734261136e-05,0.008122571374147425,0.0018123226169489658,0.5358746196507891
50,30,295,0.00012549182335327633,0.006896322828338225,3.650635689887217e-05,0.007166652840905339,0.0014874177606358909,0.5215696797275874
50,30,300,0.000121044723808856,0.010899714183560479,3.81359424361169e-05,0.009870497879515331,0.0013600700330389666,0.6432690050980681
50,30,305,0.00011884156092259067,0.016965635525032767,4.562866146728614e-05,0.01456644912589547,0.0024824846514097734,0.7762562019021104
50,30,310,0.0001101655816294362,0.023440709663539262,4.614480103584022e-05,0.018398631585908015,0.0028773736925076007,1.1090851259317613
50,30,315,8.824267898065218e-05,0.028154483149281453,3.718359723052793e-05,0.019528531523369905,0.002753271900476358,1.4693773250473117
50,30,320,5.789593962598604e-05,0.030024306488626026,4.6369484885127156e-05,0.018626920097888224,0.0033900820335784946,1.29884330230024
50,30,325,3.2109162632619394e-05,0.02935744531295292,4.9543368982986075e-05,0.018998030020221362,0.004486946810864681,1.3810021968920785
50,30,330,1.757098791795985e-05,0.02707516215329294,5.402267465698949e-05,0.018472705498688666,0.00579714788445133,1.6404111503879428
50,30,335,7.3920594658104764e-06,0.024197489046438637,5.156832830857574e-05,0.020839608637260445,0.006147422079951765,1.8927151296030678
50,30,340,4.677810112353742e-09,0.02841246668198033,4.782359657546243e-05,0.030181351231840577,0.006487100478333846,1.8383612393225859
50,30,345,5.119509604786798e-08,0.03345239911779169,4.707728610772364e-05,0.019422893973430874,0.006907900732657316,1.6784399643733061
50,30,350,3.270142209653437e-06,0.03214770852832938,4.872639101933737e-05,0.018666664339275867,0.007716217141645842,1.5521453271259058
50,30,355,1.078663029036031e-08,0.027288622872570462,4.899432308139726e-05,0.01899191432577271,0.007989903213681624,1.4768412351233415
50,35,0,3.0323691603724445e-08,0.011830029384105652,4.62607601605311e-05,0.011033149870010726,0.0056554902229916035,0.7789237560307705
50,35,5,3.572459547976359e-08,0.014863445023573521,4.825082791890369e-05,0.011167571386383432,0.00573290050869192,0.7935972309747261
50,35,10,3.348204509714785e-05,0.010427981459421056,5.1445800360390165e-05,0.011407851603124993,0.005926820860688224,0.8591205973075053
50,35,15,4.393445984268024e-05,0.011408279796796802,5.602892050981514e-05,0.012391614435160424,0.006196803584559595,1.0141395183079642
50,35,20,3.3457675300703135e-05,0.013041470480340881,5.735044454927571e-05,0.015592948353884698,0.005823733618173355,1.257641500394044
50,35,25,2.240483870999399e-08,0.025159622359385608,5.680950674131092e-05,0.024466706638028225,0.0057205879687637915,1.488420132737313
50,35,30,1.8946164630218032e-08,0.01987224215113946,5.52383485433682e-05,0.019199012530641314,0.00578979324311973,1.5837877560157834
50,35,35,1.6678571840328567e-05,0.02343153782970351,5.5930885603112154e-05,0.017664128514470336,0.005556024545315762,1.588227149956623
50,35,40,4.253864203040492e-05,0.027018230407480057,4.621807188662881e-05,0.01703748552701977,0.0025736164105574074,1.2572901069601095
50,35,45,7.699915166023462e-05,0.027343400837135438,4.5230008334975124e-05,0.018537032935645417,0.0019614896258837765,1.3406418404866807
50,35,50,0.00010699738914996546,0.023255390764350847,4.2206844578266626e-05,0.01811837555915261,0.0023974826627889715,1.1618919904779461
50,35,55,0.00012236122283244616,0.01617830537547701,4.475924233595047e-05,0.014154674435532484,0.0018280434727487112,0.7609814272518982
50,35,60,0.00012567200948567512,0.009184085810347423,4.043071373240905e-05,0.009127375344290058,0.0008866855034690432,0.5004736406931004
50,35,65,0.00012743414407589363,0.004650923064665465,3.514256224057305e-05,0.008000709720414336,0.0012721711690755458,0.4405981607686285
50,35,70,0.00013437284507657491,0.0026816016988229353,3.984857658203048e-05,0.008287741334609104,0.001591279555213339,0.49262655357443164
50,35,75,0.0001448304359251331,0.0019356837163583152,4.9902315001358e-05,0.008560267958074672,0.0014769533487034854,0.44585550620257186
50,35,80,0.00015430224267664727,0.0016086830902817086,5.4360862326795515e-05,0.008967994853916948,0.0016008267295968292,0.48857659247964325
50,35,85,0.00016137850453442877,0.0016662402096867092,5.214849280602051e-05,0.009584435666609565,0.0021928935090512287,0.5700564492932636
50,35,90,0.0001675032381643531,0.001782196852761747,5.1272122098715896e-05,0.010326613041042536,0.0020141942820847414,0.6226933567623898
50,35,95,0.00017424637616850506,0.0018549178120244685,5.641833718063793e-05,0.011311397071867336,0.0018908614667823176,0.6228828373277764
50,35,100,0.00018246886333464192,0.0020160966209939813,6.299145888767166e-05,0.012482488332364487,0.002080416071384739,0.7209057628547476
50,35,105,0.00019228283534949162,0.0022687580660221127,6.351378623249758e-05,0.01360100525841815,0.0022303566657053933,0.7789862932906724
50,35,110,0.0002020620062975144,0.00235142190084346,6.165241449785199e-05,0.014179413189387084,0.002305928465750827,0.7789555170553901
50,35,115,0.00020846351138781262,0.0019274584113859216,5.859555145469185e-05,0.014833184975984584,0.0018913649237988397,0.7942824003752967
50,35,120,0.00020903742691771865,0.0010933092797380725,6.14932923211969e-05,0.01602058021164371,0.0014477296413294774,0.8781247044111509
50,35,125,0.000204563751310889,0.002117888548257356,5.754602821267255e-05,0.0172978086222443,0.0018039457738812802,0.6930746370958383
50,35,130,0.0001976750055202453,0.004805445295314327,6.188255751701332e-05,0.018265021866703104,0.0016410789572699476,0.9413615579150296
50,35,135,0.00018954607534547863,0.00798072219731593,7.376509279769677e-05,0.018650564921163487,0.0028777111280259733,1.075005122179861
50,35,140,0.00017936422448535608,0.011313988919701527,9.648263278483338e-05,0.016854962315129667,0.0032080669314457503,1.0469545431274696
50,35,145,0.00016711696038337193,0.01477163919877645,0.00012400454291186525,0.014443543087660396,0.004519084791997472,1.0248660193568206
50,35,150,0.0001554857081459875,0.018422101070810642,0.00013515369561780148,0.015881183085578017,0.005814140673383764,0.8754609937220801
50,35,155,0.00014820679125479835,0.022193793232218182,0.00013887017729469946,0.016731404920095783,0.006065542154050123,0.9699385614227933
50,35,160,0.0001471620118111,0.025810102245631312,0.00014992476762323978,0.017623910911003265,0.0071797350681212695,1.256498443515911
50,35,165,0.00015697728741975812,0.029176233682938587,0.00016605028693029988,0.019628202889036273,0.007927233756932887,1.327284876980545
50,35,170,0.00016989133632846348,0.0318806604752555,0.00016856024100074442,0.021767941569040536,0.008248227854816855,1.3108795575005883
50,35,175,0.00018119596742450107,0.03366124964804712,0.00017333322974811454,0.023161122246432683,0.007786675550789322,1.3212385904103416
50,35,180,0.0001850488872388945,0.03424866724798935,0.00017693790467776136,0.02333895017902353,0.007739293778918079,1.3190259111961153
50,35,185,0.00018119596742450107,0.03366124964804712,0.00017333322974811454,0.023161122246432683,0.007786675550789322,1.3212385904103416
50,35,190,0.00016989133632846348,0.0318806604752555,0.00016856024100074442,0.021767941569040536,0.008248227854816855,1.3108795575005883
50,35,195,0.00015697728741975812,0.029176233682938587,0.00016605028693029988,0.019628202889036273,0.007927233756932887,1.327284876980545
50,35,200,0.0001471620118111,0.025810102245631312,0.00014992476762323978,0.017623910911003265,0.0071797350681212695,1.256498443515911
50,35,205,0.00014820679125479835,0.022193793232218182,0.00013887017729469946,0.016731404920095783,0.006065542154050123,0.9699385614227933
50,35,210,0.0001554857081459875,0.018422101070810642,0.00013515369561780148,0.015881183085578017,0.005814140673383764,0.8754609937220801
50,35,215,0.00016711696038337193,0.01477163919877645,0.00012400454291186525,0.014443543087660396,0.004519084791997472,1.0248660193568206
50,35,220,0.00017936422448535608,0.011313988919701527,9.648263278483338e-05,0.016854962315129667,0.0032080669314457503,1.0469545431274696
50,35,225,0.00018954607534547863,0.00798072219731593,7.376509279769677e-05,0.018650564921163487,0.0028777111280259733,1.075005122179861
50,35,230,0.0001976750055202453,0.004805445295314327,6.188255751701332e-05,0.018265021866703104,0.0016410789572699476,0.9413615579150296
50,35,235,0.000204563751310889,0.002117888548257356,5.754602821267255e-05,0.0172978086222443,0.0018039457738812802,0.6930746370958383
50,35,240,0.00020903742691771865,0.0010933092797380725,6.14932923211969e-05,0.01602058021164371,0.0014477296413294774,0.8781247044111509
50,35,245,0.00020846351138781262,0.0019274584113859216,5.859555145469185e-05,0.014833184975984584,0.0018913649237988397,0.7942824003752967
50,35,250,0.0002020620062975144,0.00235142190084346,6.165241449785199e-05,0.014179413189387084,0.002305928465750827,0.7789555170553901
50,35,255,0.00019228283534949162,0.0022687580660221127,6.351378623249758e-05,0.01360100525841815,0.0022303566657053933,0.7789862932906724
50,35,260,0.00018246886333464192,0.0020160966209939813,6.299145888767166e-05,0.012482488332364487,0.002080416071384739,0.7209057628547476
50,35,265,0.00017424637616850506,0.0018549178120244685,5.641833718063793e-05,0.011311397071867336,0.0018908614667823176,0.6228828373277764
50,35,270,0.0001675032381643531,0.001782196852761747,5.1272122098715896e-05,0.010326613041042536,0.0020141942820847414,0.6226933567623898
50,35,275,0.00016137850453442877,0.0016662402096867092,5.214849280602051e-05,0.009584435666609565,0.0021928935090512287,0.5700564492932636
50,35,280,0.00015430224267664727,0.0016086830902817086,5.4360862326795515e-05,0.008967994853916948,0.0016008267295968292,0.48857659247964325
50,35,285,0.0001448304359251331,0.0019356837163583152,4.9902315001358e-05,0.008560267958074672,0.0014769533487034854,0.44585550620257186
50,35,290,0.00013437284507657491,0.0026816016988229353,3.984857658203048e-05,0.008287741334609104,0.001591279555213339,0.49262655357443164
50,35,295,0.00012743414407589363,0.004650923064665465,3.514256224057305e-05,0.008000709720414336,0.0012721711690755458,0.4405981607686285
50,35,300,0.00012567200948567512,0.009184085810347423,4.043071373240905e-05,0.009127375344290058,0.0008866855034690432,0.5004736406931004
50,35,305,0.00012236122283244616,0.01617830537547701,4.475924233595047e-05,0.014154674435532484,0.0018280434727487112,0.7609814272518982
50,35,310,0.00010699738914996546,0.023255390764350847,4.2206844578266626e-05,0.01811837555915261,0.0023974826627889715,1.1618919904779461
50,35,315,7.699915166023462e-05,0.027343400837135438,4.5230008334975124e-05,0.018537032935645417,0.0019614896258837765,1.3406418404866807
50,35,320,4.253864203040492e-05,0.027018230407480057,4.621807188662881e-05,0.01703748552701977,0.0025736164105574074,1.2572901069601095
50,35,325,1.6678571840328567e-05,0.02343153782970351,5.5930885603112154e-05,0.017664128514470336,0.005556024545315762,1.588227149956623
50,35,330,1.8946164630218032e-08,0.01987224215113946,5.52383485433682e-05,0.019199012530641314,0.00578979324311973,1.5837877560157834
50,35,335,2.240483870999399e-08,0.025159622359385608,5.680950674131092e-05,0.024466706638028225,0.0057205879687637915,1.488420132737313
50,35,340,3.3457675300703135e-05,0.013041470480340881,5.735044454927571e-05,0.015592948353884698,0.005823733618173355,1.257641500394044
50,35,345,4.393445984268024e-05,0.011408279796796802,5.602892050981514e-05,0.012391614435160424,0.006196803584559595,1.0141395183079642
50,35,350,3.348204509714785e-05,0.010427981459421056,5.1445800360390165e-05,0.011407851603124993,0.005926820860688224,0.8591205973075053
50,35,355,3.572459547976359e-08,0.014863445023573521,4.825082791890369e-05,0.011167571386383432,0.00573290050869192,0.7935972309747261
50,40,0,0.00014726593863037193,0.005395668341064325,0.00010793016731783407,0.005911363445943273,0.003272897442205294,0.4669574584894255
50,40,5,0.00012161339246415364,0.005484714568309085,9.484674680766995e-05,0.005535427058212407,0.002574365314153281,0.4435794691038036
50,40,10,5.700983555502557e-05,0.00632733603603698,5.399629208267462e-05,0.0036772447197641464,0.0023314523473417373,0.3315932337030388
50,40,15,7.508300483433095e-08,0.009163986624558937,3.3886796411355816e-05,0.003549895928490831,0.002097506444262232,0.3916377853474253
50,40,20,6.237550372121831e-05,0.007334174840305579,5.6315974177882384e-05,0.007046996423572095,0.003245522682558586,0.5408198406987016
50,40,25,6.97778421406758e-05,0.00835263780669629,6.997857152282782e-05,0.010444454467163165,0.0037742558247577922,0.8393347937260758
50,40,30,4.773732331022403e-05,0.011863894645140718,6.0295355917248505e-05,0.016375827435063807,0.004678931129899903,1.20761674841296
50,40,35,4.8735251220038966e-08,0.025014535049951415,5.188651637922596e-05,0.025067331424752266,0.005531474450827722,1.6394318869243936
50,40,40,1.8882861097335377e-05,0.024188652099267457,4.86799206998892e-05,0.015282349255382183,0.004381750651794135,1.3638042577348102
50,40,45,5.3628295302486466e-05,0.026277532651922467,4.296057307661555e-05,0.017244592461480572,0.0020593007404048937,1.2538874334467225
50,40,50,8.683018603686038e-05,0.02241233502031843,3.7763957977943836e-05,0.017989310849116653,0.0026783770718016506,1.1311693590322753
50,40,55,0.00011020940593578629,0.014573550567819525,3.845143991774449e-05,0.013128878225131924,0.0013694856802935853,0.7173231349625107
50,40,60,0.00011902394263690972,0.007055887223801628,3.681400657240693e-05,0.008321587883062014,0.0016184547881070244,0.5435201843693387
50,40,65,0.00012073605767293953,0.002828466036954786,3.3958616639071784e-05,0.007938575475872778,0.0014722139056979344,0.413346067375494
50,40,70,0.00012807885045116197,0.0014887700905572613,3.819603340998604e-05,0.008086187519378491,0.0014895344883190467,0.42819615572401787
50,40,75,0.00014374414036093502,0.0014168316293783091,4.668526460338985e-05,0.00814867958801163,0.0014374582505951334,0.4007096411035034
50,40,80,0.00015882745094668391,0.0021458131689803565,5.1877497509513273e-05,0.008470457257515092,0.0021089729809813666,0.5292150224667448
50,40,85,0.00016716065053168404,0.002731741267968936,5.2573050777890125e-05,0.009620054811688424,0.002662179135141495,0.6074208540161554
50,40,90,0.00017409802831702898,0.0029869728900039144,5.4046218201048244e-05,0.011062449061999637,0.0024961293931649634,0.634599533838456
50,40,95,0.00018808641141045395,0.003550554778706678,6.0180627573468625e-05,0.012624836670242378,0.0029532246029122184,0.7018001567318417
50,40,100,0.00020829447467515718,0.004545614332040332,6.890581718688995e-05,0.013869780050031685,0.0037490824957640565,0.744786868496699
50,40,105,0.0002261157738143258,0.0052096003259566185,7.027961346735517e-05,0.014729288067966615,0.004069839622527539,0.7178190081785645
50,40,110,0.00023678597201616611,0.004892407641496885,6.933640287844016e-05,0.01605070188692004,0.0037596582926825344,0.8923516696129965
50,40,115,0.00024361465879531828,0.003626523499449238,6.952517547442164e-05,0.016592253034852747,0.0030801063445397817,0.9317170079624604
50,40,120,0.00025044997843958004,0.0016349201939266803,7.01323478101176e-05,0.016678976671781497,0.0024259863110284836,0.959482240664224
50,40,125,0.00025500058818931845,0.001786771006902485,6.918421354609543e-05,0.01765760938309984,0.0020227042508751516,0.9906424518533884
50,40,130,0.0002521995834084004,0.0053656333277503875,7.505750551715733e-05,0.019788404962317187,0.0020255014326206622,1.0109393133922786
50,40,135,0.00024097114476458788,0.009457739329239646,9.403283682630787e-05,0.01977200546760303,0.002946998122812155,0.7954824857698095
50,40,140,0.000224815255096298,0.013900796035706313,0.0001224812958338364,0.01608107758646831,0.004381192475398749,0.8339784459206312
50,40,145,0.00020786348132994115,0.01894654582185173,0.00014662142154130012,0.015990245485234048,0.005963644927567775,1.1352052834781023
50,40,150,0.00019370961822724828,0.02465954948166164,0.00017147037695367873,0.017377180188676945,0.006775949959385159,1.3428268679000335
50,40,155,0.0001868662132269456,0.03058757486933907,0.00019216491259422055,0.019939525454261225,0.009381792286419032,1.3775362280025514
50,40,160,0.00019463882254492759,0.03626592112838902,0.00021116855343083574,0.023600917682313906,0.008197346016590277,1.0814301764523258
50,40,165,0.00021915444030046888,0.04166970552594422,0.00021587801514371752,0.023671901216634428,0.009659359008682308,1.2176477461570898
50,40,170,0.00024836620229673565,0.04646104116723652,0.00023981074848133943,0.024650685245551262,0.011409245941905807,1.336717110951236
50,40,175,0.0002698077959364144,0.04991577868417349,0.00026147345262381595,0.025503125215780423,0.012310964512988517,1.4188703551172765
50,40,180,0.0002779788249747811,0.051235743527400845,0.0002755905480330348,0.025846434972910858,0.012642800592429497,1.4471988755950913
50,40,185,0.0002698077959364144,0.04991577868417349,0.00026147345262381595,0.025503125215780423,0.012310964512988517,1.4188703551172765
50,40,190,0.00024836620229673565,0.04646104116723652,0.00023981074848133943,0.024650685245551262,0.011409245941905807,1.336717110951236
50,40,195,0.00021915444030046888,0.04166970552594422,0.00021587801514371752,0.023671901216634428,0.009659359008682308,1.2176477461570898
50,40,200,0.00019463882254492759,0.03626592112838902,0.00021116855343083574,0.023600917682313906,0.008197346016590277,1.0814301764523258
50,40,205,0.0001868662132269456,0.03058757486933907,0.00019216491259422055,0.019939525454261225,0.009381792286419032,1.3775362280025514
50,40,210,0.00019370961822724828,0.02465954948166164,0.00017147037695367873,0.017377180188676945,0.006775949959385159,1.3428268679000335
50,40,215,0.00020786348132994115,0.01894654582185173,0.00014662142154130012,0.015990245485234048,0.005963644927567775,1.1352052834781023
50,40,220,0.000224815255096298,0.013900796035706313,0.0001224812958338364,0.01608107758646831,0.004381192475398749,0.8339784459206312
50,40,225,0.00024097114476458788,0.009457739329239646,9.403283682630787e-05,0.01977200546760303,0.002946998122812155,0.7954824857698095
50,40,230,0.0002521995834084004,0.0053656333277503875,7.505750551715733e-05,0.019788404962317187,0.0020255014326206622,1.0109393133922786
50,40,235,0.00025500058818931845,0.001786771006902485,6.918421354609543e-05,0.01765760938309984,0.0020227042508751516,0.9906424518533884
50,40,240,0.00025044997843958004,0.0016349201939266803,7.01323478101176e-05,0.016678976671781497,0.0024259863110284836,0.959482240664224
50,40,245,0.00024361465879531828,0.003626523499449238,6.952517547442164e-05,0.016592253034852747,0.0030801063445397817,0.9317170079624604
50,40,250,0.00023678597201616611,0.004892407641496885,6.933640287844016e-05,0.01605070188692004,0.0037596582926825344,0.8923516696129965
50,40,255,0.0002261157738143258,0.0052096003259566185,7.027961346735517e-05,0.014729288067966615,0.004069839622527539,0.7178190081785645
50,40,260,0.00020829447467515718,0.004545614332040332,6.890581718688995e-05,0.013869780050031685,0.0037490824957640565,0.744786868496699
50,40,265,0.00018808641141045395,0.003550554778706678,6.0180627573468625e-05,0.012624836670242378,0.0029532246029122184,0.7018001567318417
50,40,270,0.00017409802831702898,0.0029869728900039144,5.4046218201048244e-05,0.011062449061999637,0.0024961293931649634,0.634599533838456
50,40,275,0.00016716065053168404,0.002731741267968936,5.2573050777890125e-05,0.009620054811688424,0.002662179135141495,0.6074208540161554
50,40,280,0.00015882745094668391,0.0021458131689803565,5.1877497509513273e-05,0.008470457257515092,0.0021089729809813666,0.5292150224667448
50,40,285,0.00014374414036093502,0.0014168316293783091,4.668526460338985e-05,0.00814867958801163,0.0014374582505951334,0.4007096411035034
50,40,290,0.00012807885045116197,0.0014887700905572613,3.819603340998604e-05,0.008086187519378491,0.0014895344883190467,0.42819615572401787
50,40,295,0.00012073605767293953,0.002828466036954786,3.3958616639071784e-05,0.007938575475872778,0.0014722139056979344,0.413346067375494
50,40,300,0.00011902394263690972,0.007055887223801628,3.681400657240693e-05,0.008321587883062014,0.0016184547881070244,0.5435201843693387
50,40,305,0.00011020940593578629,0.014573550567819525,3.845143991774449e-05,0.013128878225131924,0.0013694856802935853,0.7173231349625107
50,40,310,8.683018603686038e-05,0.02241233502031843,3.7763957977943836e-05,0.017989310849116653,0.0026783770718016506,1.1311693590322753
50,40,315,5.3628295302486466e-05,0.026277532651922467,4.296057307661555e-05,0.017244592461480572,0.0020593007404048937,1.2538874334467225
50,40,320,1.8882861097335377e-05,0.024188652099267457,4.86799206998892e-05,0.015282349255382183,0.004381750651794135,1.3638042577348102
50,40,325,4.8735251220038966e-08,0.025014535049951415,5.188651637922596e-05,0.025067331424752266,0.005531474450827722,1.6394318869243936
50,40,330,4.773732331022403e-05,0.011863894645140718,6.0295355917248505e-05,0.016375827435063807,0.004678931129899903,1.20761674841296
50,40,335,6.97778421406758e-05,0.00835263780669629,6.997857152282782e-05,0.010444454467163165,0.0037742558247577922,0.8393347937260758
50,40,340,6.237550372121831e-05,0.007334174840305579,5.6315974177882384e-05,0.007046996423572095,0.003245522682558586,0.5408198406987016
50,40,345,7.508300483433095e-08,0.009163986624558937,3.3886796411355816e-05,0.003549895928490831,0.002097506444262232,0.3916377853474253
50,40,350,5.700983555502557e-05,0.00632733603603698,5.399629208267462e-05,0.0036772447197641464,0.0023314523473417373,0.3315932337030388
50,40,355,0.00012161339246415364,0.005484714568309085,9.484674680766995e-05,0.005535427058212407,0.002574365314153281,0.4435794691038036
50,45,0,0.00011901614576495436,0.005018827385135078,7.745326832214738e-05,0.0053237536586574034,0.0030125096943617886,0.40495686394249447
50,45,5,0.00012330783438096234,0.005219810268153738,8.122241132485584e-05,0.0043263779656456565,0.002129726747158302,0.3600916393765202
50,45,10,0.0001115494433606588,0.006681701826803221,8.986176173381676e-05,0.004509220437360149,0.0020419308856240194,0.4483443469800667
50,45,15,4.96431557803342e-05,0.00838199043441977,4.9129187786321835e-05,0.005458069183776222,0.00250426952216718,0.5057925187894128
50,45,20,1.9495947800814845e-05,0.008652850118945994,4.533006403104967e-05,0.004912342621942275,0.0025557230160769746,0.44999805263366915
50,45,25,0.00010377836825750577,0.004284711951076926,6.881605508996446e-05,0.0032732997027009707,0.001619524691558767,0.17373583644259077
50,45,30,9.128401971770887e-05,0.005594672052759906,7.35138737401734e-05,0.011835231413154167,0.002726582646863986,0.8568515903023617
50,45,35,3.978597749171309e-08,0.028814663507599047,5.614466609604003e-05,0.02882248375898035,0.00556212754575065,1.5532163573823765
50,45,40,1.2338368995697471e-05,0.024208285491168966,4.5289588313056264e-05,0.01579852486692886,0.004716658072096806,1.0284485492929076
50,45,45,4.526715343394685e-05,0.026006342969446174,3.4856597851973e-05,0.017581986356407828,0.0019993822827517505,1.285949925402506
50,45,50,7.562101645621714e-05,0.021060353372866165,3.4633513618804665e-05,0.01737379429557384,0.0026428245931801025,1.034421549407423
50,45,55,0.00010450446219466107,0.012627353696014868,3.4319013257500886e-05,0.011710071057450071,0.0010716813756177714,0.6605463989050948
50,45,60,0.00011895817328328069,0.005225846119035942,3.399401689886997e-05,0.007947201817890192,0.0018301462037353825,0.39552083208931066
50,45,65,0.00011943455754810477,0.00171431240781872,3.096991713182561e-05,0.008269244797339401,0.0015824577413777244,0.4145780641685626
50,45,70,0.00012501450414837247,0.001324023278994915,3.2464721565217576e-05,0.007876212351205008,0.001348818487764176,0.4331527115226068
50,45,75,0.0001452876715001038,0.0017297625820760238,4.365130518844138e-05,0.007891124819753138,0.0017824331057893546,0.4523515145130251
50,45,80,0.00016680602057207337,0.0028502673610309483,5.2842388466680474e-05,0.009095280286865478,0.0027856225203766703,0.5772316561306554
50,45,85,0.00017730291365043553,0.0036697105459558782,5.255955650357389e-05,0.011049448160035221,0.00274022176180069,0.6750155284524894
50,45,90,0.00018629821511563244,0.004132297919904569,5.300012368481921e-05,0.012585487713623895,0.0031860337394465756,0.6910317836279379
50,45,95,0.0002087647736888614,0.00531467157148758,6.502504112027106e-05,0.01389083846215939,0.003574372706160746,0.7438914698658676
50,45,100,0.00023970699378237162,0.007174830320755977,7.726479499436034e-05,0.014840774876465795,0.004538963467398662,0.7278875906462176
50,45,105,0.0002619078598739598,0.00786475064629764,8.425876452311282e-05,0.016039639324507485,0.005340264992312771,0.8519487275263637
50,45,110,0.00027273790709118114,0.006538890104849391,8.411502788179632e-05,0.01746239041434705,0.0048713097571599275,0.8971058446126076
50,45,115,0.0002856200768901907,0.004464593838133971,8.161734455776641e-05,0.017933556795823445,0.0036403434738545982,1.0027497207910434
50,45,120,0.00030528624442021333,0.002397565800538878,8.347566494708173e-05,0.017871035059809026,0.0026936015052733166,1.0069888498184367
50,45,125,0.0003182704516003533,0.0007365015947860734,8.693448154389839e-05,0.018748487746658438,0.001580089315219038,1.045848333310281
50,45,130,0.00031342107809777253,0.005613149008144896,8.478256608903615e-05,0.021149227138243923,0.002211351668831237,0.8953430042693491
50,45,135,0.00029783134401534673,0.01168433518140458,0.00010889972911543293,0.019246153827539275,0.0037782767845272983,1.0420254008194485
50,45,140,0.0002836856555704899,0.01758044229921288,0.00014783857514256548,0.0161804678813805,0.005857019699916901,1.161487079580325
50,45,145,0.000270181045672821,0.023609320744414825,0.0001796552447539423,0.017330352753173142,0.006913296521309679,1.4172300681921368
50,45,150,0.00025105685706187583,0.030779931720046512,0.0002150256189082612,0.02144109012535783,0.008734763002817836,1.6511520692810224
50,45,155,0.00023364545209143134,0.03877176408495939,0.00024052500637988155,0.02292553827885611,0.010639597368031915,1.541724471278566
50,45,160,0.00024367446313878702,0.046615169834854496,0.0002695636669720184,0.02636569116611786,0.012845363089146801,1.733330023451876
50,45,165,0.00028693022855309433,0.05408969241026003,0.0002803927462088924,0.028513010290861784,0.014634467290944381,1.899491257155805
50,45,170,0.0003407877502583489,0.06124368711995545,0.0003473331937137213,0.029509842103954534,0.016692578244234504,1.9919999153144503
50,45,175,0.0003810766020819721,0.06718779024597071,0.0003930455011018144,0.03208556852730611,0.01748306963436691,2.0777385164328512
50,45,180,0.00039420500422521557,0.06955272856554787,0.00040533708946778515,0.033238077061259697,0.01781974682296114,2.1220606461422538
50,45,185,0.0003810766020819721,0.06718779024597071,0.0003930455011018144,0.03208556852730611,0.01748306963436691,2.0777385164328512
50,45,190,0.0003407877502583489,0.06124368711995545,0.0003473331937137213,0.029509842103954534,0.016692578244234504,1.9919999153144503
50,45,195,0.00028693022855309433,0.05408969241026003,0.0002803927462088924,0.028513010290861784,0.014634467290944381,1.899491257155805
50,45,200,0.00024367446313878702,0.046615169834854496,0.0002695636669720184,0.02636569116611786,0.012845363089146801,1.733330023451876
50,45,205,0.00023364545209143134,0.03877176408495939,0.00024052500637988155,0.02292553827885611,0.010639597368031915,1.541724471278566
50,45,210,0.00025105685706187583,0.030779931720046512,0.0002150256189082612,0.02144109012535783,0.008734763002817836,1.6511520692810224
50,45,215,0.000270181045672821,0.023609320744414825,0.0001796552447539423,0.017330352753173142,0.006913296521309679,1.4172300681921368
50,45,220,0.0002836856555704899,0.01758044229921288,0.00014783857514256548,0.0161804678813805,0.005857019699916901,1.161487079580325
50,45,225,0.00029783134401534673,0.01168433518140458,0.00010889972911543293,0.019246153827539275,0.0037782767845272983,1.0420254008194485
50,45,230,0.00031342107809777253,0.005613149008144896,8.478256608903615e-05,0.021149227138243923,0.002211351668831237,0.8953430042693491
50,45,235,0.0003182704516003533,0.0007365015947860734,8.693448154389839e-05,0.018748487746658438,0.001580089315219038,1.045848333310281
50,45,240,0.00030528624442021333,0.002397565800538878,8.347566494708173e-05,0.017871035059809026,0.0026936015052733166,1.0069888498184367
50,45,245,0.0002856200768901907,0.004464593838133971,8.161734455776641e-05,0.017933556795823445,0.0036403434738545982,1.0027497207910434
50,45,250,0.00027273790709118114,0.006538890104849391,8.411502788179632e-05,0.01746239041434705,0.0048713097571599275,0.8971058446126076
50,45,255,0.0002619078598739598,0.00786475064629764,8.425876452311282e-05,0.016039639324507485,0.005340264992312771,0.8519487275263637
50,45,260,0.00023970699378237162,0.007174830320755977,7.726479499436034e-05,0.014840774876465795,0.004538963467398662,0.7278875906462176
50,45,265,0.0002087647736888614,0.00531467157148758,6.502504112027106e-05,0.01389083846215939,0.003574372706160746,0.7438914698658676
50,45,270,0.00018629821511563244,0.004132297919904569,5.300012368481921e-05,0.012585487713623895,0.0031860337394465756,0.6910317836279379
50,45,275,0.00017730291365043553,0.0036697105459558782,5.255955650357389e-05,0.011049448160035221,0.00274022176180069,0.6750155284524894
50,45,280,0.00016680602057207337,0.0028502673610309483,5.2842388466680474e-05,0.009095280286865478,0.0027856225203766703,0.5772316561306554
50,45,285,0.0001452876715001038,0.0017297625820760238,4.365130518844138e-05,0.007891124819753138,0.0017824331057893546,0.4523515145130251
50,45,290,0.00012501450414837247,0.001324023278994915,3.2464721565217576e-05,0.007876212351205008,0.001348818487764176,0.4331527115226068
50,45,295,0.00011943455754810477,0.00171431240781872,3.096991713182561e-05,0.008269244797339401,0.0015824577413777244,0.4145780641685626
50,45,300,0.00011895817328328069,0.005225846119035942,3.399401689886997e-05,0.007947201817890192,0.0018301462037353825,0.39552083208931066
50,45,305,0.00010450446219466107,0.012627353696014868,3.4319013257500886e-05,0.011710071057450071,0.0010716813756177714,0.6605463989050948
50,45,310,7.562101645621714e-05,0.021060353372866165,3.4633513618804665e-05,0.01737379429557384,0.0026428245931801025,1.034421549407423
50,45,315,4.526715343394685e-05,0.026006342969446174,3.4856597851973e-05,0.017581986356407828,0.0019993822827517505,1.285949925402506
50,45,320,1.2338368995697471e-05,0.024208285491168966,4.5289588313056264e-05,0.01579852486692886,0.004716658072096806,1.0284485492929076
50,45,325,3.978597749171309e-08,0.028814663507599047,5.614466609604003e-05,0.02882248375898035,0.00556212754575065,1.5532163573823765
50,45,330,9.128401971770887e-05,0.005594672052759906,7.35138737401734e-05,0.011835231413154167,0.002726582646863986,0.8568515903023617
50,45,335,0.00010377836825750577,0.004284711951076926,6.881605508996446e-05,0.0032732997027009707,0.001619524691558767,0.17373583644259077
50,45,340,1.9495947800814845e-05,0.008652850118945994,4.533006403104967e-05,0.004912342621942275,0.0025557230160769746,0.44999805263366915
50,45,345,4.96431557803342e-05,0.00838199043441977,4.9129187786321835e-05,0.005458069183776222,0.00250426952216718,0.5057925187894128
50,45,350,0.0001115494433606588,0.006681701826803221,8.986176173381676e-05,0.004509220437360149,0.0020419308856240194,0.4483443469800667
50,45,355,0.00012330783438096234,0.005219810268153738,8.122241132485584e-05,0.0043263779656456565,0.002129726747158302,0.3600916393765202
50,50,0,1.9438606334819253e-07,0.001903302259824326,5.565945337438708e-05,0.0024399162744394467,0.0010135422794316576,0.2725621957655246
50,50,5,2.2687513456570198e-05,0.0027745734094483435,6.189083655868538e-05,0.003086021752978104,0.001694881602908881,0.23962936628352238
50,50,10,9.019139327534793e-05,0.006383137706839361,8.344771174361798e-05,0.006113919460774546,0.0025386357758996237,0.530350007974882
50,50,15,6.57899364632699e-05,0.010311586514582227,6.255694140616186e-05,0.008773394693584912,0.003607578177683469,0.767807802708292
50,50,20,1.2211705603157319e-05,0.015613591863102566,3.982898402541887e-05,0.010642450486088178,0.006062748732179035,1.0148343015784587
50,50,25,0.00015294245550755842,0.0066639641055578295,8.676188573135683e-05,0.010189345811558094,0.007687239644553913,0.7862247284071318
50,50,30,0.0001371340187758018,0.004236914902991545,7.875756387683373e-05,0.006276968898030999,0.0032988419256906516,0.8854700369270673
50,50,35,1.8005720813646375e-08,0.04945824969111164,5.849720987539508e-05,0.030380976456237812,0.006662843820169948,1.8838367199125479
50,50,40,1.4691242844515166e-05,0.026693028679101873,4.630699127379447e-05,0.016838510233238305,0.0023408473940517006,1.0569521431217428
50,50,45,4.0663748039694234e-05,0.025971866826361045,2.684261045650415e-05,0.018705195145284553,0.0017356239171355094,1.4076387146852638
50,50,50,6.279893866043863e-05,0.019310327750603536,3.129906770506859e-05,0.015780442949347002,0.0028327739714593004,0.913795546124993
50,50,55,9.70588582884296e-05,0.010466138546441486,2.9374815473921442e-05,0.010241850000441331,0.0009364135644940168,0.6140894615058219
50,50,60,0.00012049141096997108,0.003643600400809691,3.575410513633826e-05,0.0077996347455994985,0.0011390973872091772,0.3934245923596961
50,50,65,0.00012094165835959021,0.0012660151437847067,2.906085279085857e-05,0.007983322267442916,0.0012421411933001812,0.4119006191830076
50,50,70,0.0001226135869360958,0.0014904221134211368,3.2435801110925356e-05,0.008239005387039788,0.0016149787758168365,0.3151773405570734
50,50,75,0.00014649893974274728,0.0017863667634677367,3.596258589057852e-05,0.009076782359561476,0.0020499330828724696,0.5506683901656351
50,50,80,0.00017780098714699055,0.0031769306035884233,5.55980421398886e-05,0.010351788577268551,0.0024425927016625167,0.641572590771929
50,50,85,0.0001948408186812113,0.00468224837604836,5.882248109780703e-05,0.012188321770500363,0.003193064501640439,0.6159945350551805
50,50,90,0.00020634856889554902,0.005567133325858142,5.92174001490546e-05,0.014076514080531736,0.0037536746735979992,0.7777216195322723
50,50,95,0.00023483358324309037,0.006924001106321363,6.887655313819415e-05,0.015443542394006422,0.004583509457333365,0.7927085036099429
50,50,100,0.00027729419298744545,0.00879096577772844,9.361463071625104e-05,0.01594704760348509,0.005740787653973627,0.8388153655560475
50,50,105,0.00031031518866699286,0.009297779685791775,0.00010446851461699824,0.016667684092819924,0.005996089919215502,0.838283724883644
50,50,110,0.0003282271754742865,0.007540735334300747,9.859806678902102e-05,0.018568306102394405,0.004926315061461549,0.9721397980626705
50,50,115,0.00034906016886274583,0.005033417178275951,9.38318205012936e-05,0.01909934200456614,0.003644940996190605,1.0645657313707
50,50,120,0.0003807624247864211,0.002712911001620291,0.00010545293858454322,0.018960748107194968,0.002674539610399232,1.0756026265224548
50,50,125,0.0004061216443499811,0.0009253412108061288,0.00011531780037042812,0.019797775562969907,0.001418218013788421,1.0216073342619498
50,50,130,0.0004099935704207835,0.006468048326044333,0.00010184572900022448,0.02226243076394878,0.0025831377927666163,0.8886546447351509
50,50,135,0.00040059414423234806,0.013495243580592852,0.0001271700934017783,0.018068443632072804,0.004550973137245465,0.9799732163659671
50,50,140,0.0003906050385821102,0.020238937021798332,0.00015696286464423953,0.016836576984986546,0.006820085673706469,1.2335112908946162
50,50,145,0.00037423864787691427,0.02709802870522399,0.0002090323487171238,0.018882100758721192,0.008322943722914693,1.4396921024207137
50,50,150,0.00034262296097273444,0.035494823988515584,0.00027205743077042674,0.02457183617377514,0.00923849096258579,1.8823460967170882
50,50,155,0.00031183112309366573,0.045235087484901,0.00030502945250577684,0.027023253470877383,0.013362802153939974,1.5156116674630566
50,50,160,0.0003260802977615995,0.055230396344161485,0.0003466216419209106,0.031201193422324795,0.016503826720948293,1.7006231487242722
50,50,165,0.0003890523216115646,0.06490180046958514,0.0003875730859281357,0.03355119674856298,0.01908635925641897,2.1149581911410804
50,50,170,0.00046680919184267575,0.07423446899639455,0.0004515100861492505,0.035728932339220906,0.019926212485961943,2.2546925634745625
50,50,175,0.0005228379829795866,0.08200657148562021,0.0005211532261494532,0.03818107394052866,0.02066984297718724,2.2679047719006995
50,50,180,0.0005419048588102496,0.0851847458387481,0.0005478202486937428,0.03889133000541817,0.021009951364283533,2.3727742047049123
50,50,185,0.0005228379829795866,0.08200657148562021,0.0005211532261494532,0.03818107394052866,0.02066984297718724,2.2679047719006995
50,50,190,0.00046680919184267575,0.07423446899639455,0.0004515100861492505,0.035728932339220906,0.019926212485961943,2.2546925634745625
50,50,195,0.0003890523216115646,0.06490180046958514,0.0003875730859281357,0.03355119674856298,0.01908635925641897,2.1149581911410804
50,50,200,0.0003260802977615995,0.055230396344161485,0.0003466216419209106,0.031201193422324795,0.016503826720948293,1.7006231487242722
50,50,205,0.00031183112309366573,0.045235087484901,0.00030502945250577684,0.027023253470877383,0.013362802153939974,1.5156116674630566
50,50,210,0.00034262296097273444,0.035494823988515584,0.00027205743077042674,0.02457183617377514,0.00923849096258579,1.8823460967170882
50,50,215,0.00037423864787691427,0.02709802870522399,0.0002090323487171238,0.018882100758721192,0.008322943722914693,1.4396921024207137
50,50,220,0.0003906050385821102,0.020238937021798332,0.00015696286464423953,0.016836576984986546,0.006820085673706469,1.2335112908946162
50,50,225,0.00040059414423234806,0.013495243580592852,0.0001271700934017783,0.018068443632072804,0.004550973137245465,0.9799732163659671
50,50,230,0.0004099935704207835,0.006468048326044333,0.00010184572900022448,0.02226243076394878,0.0025831377927666163,0.8886546447351509
50,50,235,0.0004061216443499811,0.0009253412108061288,0.00011531780037042812,0.019797775562969907,0.001418218013788421,1.0216073342619498
50,50,240,0.0003807624247864211,0.002712911001620291,0.00010545293858454322,0.018960748107194968,0.002674539610399232,1.0756026265224548
50,50,245,0.00034906016886274583,0.005033417178275951,9.38318205012936e-05,0.01909934200456614,0.003644940996190605,1.0645657313707
50,50,250,0.0003282271754742865,0.007540735334300747,9.859806678902102e-05,0.018568306102394405,0.004926315061461549,0.9721397980626705
50,50,255,0.00031031518866699286,0.009297779685791775,0.00010446851461699824,0.016667684092819924,0.005996089919215502,0.838283724883644
50,50,260,0.00027729419298744545,0.00879096577772844,9.361463071625104e-05,0.01594704760348509,0.005740787653973627,0.8388153655560475
50,50,265,0.00023483358324309037,0.006924001106321363,6.887655313819415e-05,0.015443542394006422,0.004583509457333365,0.7927085036099429
50,50,270,0.00020634856889554902,0.005567133325858142,5.92174001490546e-05,0.014076514080531736,0.0037536746735979992,0.7777216195322723
50,50,275,0.0001948408186812113,0.00468224837604836,5.882248109780703e-05,0.012188321770500363,0.003193064501640439,0.6159945350551805
50,50,280,0.00017780098714699055,0.0031769306035884233,5.55980421398886e-05,0.010351788577268551,0.0024425927016625167,0.641572590771929
50,50,285,0.00014649893974274728,0.0017863667634677367,3.596258589057852e-05,0.009076782359561476,0.0020499330828724696,0.5506683901656351
50,50,290,0.0001226135869360958,0.0014904221134211368,3.2435801110925356e-05,0.008239005387039788,0.0016149787758168365,0.3151773405570734
50,50,295,0.00012094165835959021,0.0012660151437847067,2.906085279085857e-05,0.007983322267442916,0.0012421411933001812,0.4119006191830076
50,50,300,0.00012049141096997108,0.003643600400809691,3.575410513633826e-05,0.0077996347455994985,0.0011390973872091772,0.3934245923596961
50,50,305,9.70588582884296e-05,0.010466138546441486,2.9374815473921442e-05,0.010241850000441331,0.0009364135644940168,0.6140894615058219
50,50,310,6.279893866043863e-05,0.019310327750603536,3.129906770506859e-05,0.015780442949347002,0.0028327739714593004,0.913795546124993
50,50,315,4.0663748039694234e-05,0.025971866826361045,2.684261045650415e-05,0.018705195145284553,0.0017356239171355094,1.4076387146852638
50,50,320,1.4691242844515166e-05,0.026693028679101873,4.630699127379447e-05,0.016838510233238305,0.0023408473940517006,1.0569521431217428
50,50,325,1.8005720813646375e-08,0.04945824969111164,5.849720987539508e-05,0.030380976456237812,0.006662843820169948,1.8838367199125479
50,50,330,0.0001371340187758018,0.004236914902991545,7.875756387683373e-05,0.006276968898030999,0.0032988419256906516,0.8854700369270673
50,50,335,0.00015294245550755842,0.0066639641055578295,8.676188573135683e-05,0.010189345811558094,0.007687239644553913,0.7862247284071318
50,50,340,1.2211705603157319e-05,0.015613591863102566,3.982898402541887e-05,0.010642450486088178,0.006062748732179035,1.0148343015784587
50,50,345,6.57899364632699e-05,0.010311586514582227,6.255694140616186e-05,0.008773394693584912,0.003607578177683469,0.767807802708292
50,50,350,9.019139327534793e-05,0.006383137706839361,8.344771174361798e-05,0.006113919460774546,0.0025386357758996237,0.530350007974882
50,50,355,2.2687513456570198e-05,0.0027745734094483435,6.189083655868538e-05,0.003086021752978104,0.001694881602908881,0.23962936628352238
50,55,0,0.0001560059647630072,0.005223482980620026,9.49284386297009e-05,0.006585474265878131,0.0037154255548904405,0.4992512147855833
50,55,5,0.0001343604796319774,0.004967031651082714,9.55840000871626e-05,0.004412496248537385,0.002348737952519334,0.4156519154034064
50,55,10,6.708238582112374e-05,0.005575685613608269,7.019145064472146e-05,0.0042696185225690915,0.0017656154410259927,0.3718398109638352
50,55,15,7.874664565907241e-08,0.00955499882978943,4.060160102601533e-05,0.005538528064227685,0.0030000186187635622,0.46241572715041984
50,55,20,0.0001381523091576898,0.006367155206617025,6.805800847485555e-05,0.005667643882935032,0.0031380101098084324,0.4524567925018413
50,55,25,0.00018078438609567,0.002606706640602999,9.258351810509597e-05,0.0026503133594058866,0.0014173116468942913,0.16460337719822002
50,55,30,0.00014556963999067148,0.004594218744582301,7.393280585298685e-05,0.01118897678350859,0.002630309895752726,0.7646858788590556
50,55,35,1.9179596105756147e-08,0.04991607187075827,6.09185615764226e-05,0.03373240817106146,0.005519718049476444,1.6528179169152573
50,55,40,7.21647255901188e-07,0.025930171640012274,5.003146271011227e-05,0.016336143033254993,0.002015694226092194,1.2666499372800133
50,55,45,4.374064653028895e-05,0.02319597116548797,3.036751024551197e-05,0.017775764518396655,0.002517046604462765,1.1549393223695879
50,55,50,7.040222586346748e-05,0.015531358124589535,3.149908623023708e-05,0.013051540943402232,0.0020874111524068965,0.7557891782062514
50,55,55,9.183434363415049e-05,0.007822131355343438,2.3028340956558584e-05,0.007498388014198735,0.0013146749645695619,0.5673506323677902
50,55,60,0.00010886460972680742,0.0029615884109056635,2.3447311386666893e-05,0.007956121368442119,0.000870890723086728,0.3977905804236388
50,55,65,0.0001212880201418064,0.0014876414205075,3.153161768389059e-05,0.00816697929824154,0.0014672577964865339,0.36160569631296513
50,55,70,0.00013580715960034677,0.0016592420261659349,3.6722636720478525e-05,0.009147631435141655,0.001647208350498491,0.48099323846132525
50,55,75,0.00015856415642324494,0.001966329077009502,4.3335596595061145e-05,0.010758833290678936,0.0021577721592683516,0.6316336180763528
50,55,80,0.00018678328486614916,0.003255548471062163,4.59961034017652e-05,0.011673996234092227,0.0025726458623920386,0.6710088364935591
50,55,85,0.00021510886094126044,0.0053589876214700976,5.452371835657811e-05,0.013370459511025007,0.00318310390381502,0.7515417765074757
50,55,90,0.00024562577302663854,0.007068174961914527,7.184291743567313e-05,0.015610179317877497,0.004608243532886954,0.8134968541754304
50,55,95,0.0002838911852075677,0.00830653248355355,8.289296981135665e-05,0.017280476677257666,0.005981156316991025,0.8851139783528184
50,55,100,0.00032802549568452643,0.009323717245078748,0.00010668575686909737,0.017634604393497906,0.0060906915551231676,0.9363714892019619
50,55,105,0.0003703083575439057,0.009615915261018921,9.327458478577879e-05,0.01818654966225449,0.00510823519263465,0.9206440142544969
50,55,110,0.0004089814043831113,0.008454243561341496,0.00010337037994421951,0.019735411308923957,0.0044936439462228295,1.0093329895402783
50,55,115,0.0004500449128736657,0.006061222825638553,0.00010436963564696387,0.02157066299309599,0.004364056250577869,1.1743974188171125
50,55,120,0.0004951039447570931,0.0030782016640546425,0.00012230750224991732,0.021445080590602208,0.00289503309376049,1.1263104185904087
50,55,125,0.0005348448879635617,0.001465410754365661,0.00013981781802137935,0.021507935791226042,0.0016825058682762848,1.0475029987563729
50,55,130,0.0005589420701321464,0.006817359631900781,0.00013208800532767215,0.022598560080457412,0.0034090979662259983,1.1143187980068305
50,55,135,0.0005663896698617065,0.013981366946542867,0.00011799272863775509,0.017153607773696906,0.005075367448609171,1.2622600251605434
50,55,140,0.0005601712725072528,0.02167289600759044,0.00018240925884204905,0.01730990780307661,0.007371477854763888,1.1690560575664923
50,55,145,0.0005373567933765217,0.02948105160042602,0.00023791849626269602,0.020318726680849282,0.008430200128234118,1.143364793560358
50,55,150,0.0004953766456129716,0.03803678590670384,0.0003313205089134708,0.029791003378748307,0.010823373391524562,1.9099143917591155
50,55,155,0.0004489792864358008,0.04782133733994626,0.0003847757323586073,0.028612843836999455,0.015536281577506025,1.9137879889521883
50,55,160,0.00044923834220929153,0.059089488537709574,0.0004447095546324829,0.03294397094706165,0.019545898431925342,2.1947071233687163
50,55,165,0.0005060627738689861,0.07110413449326967,0.0005262478811437158,0.03593611940007986,0.021012944583502027,2.596380838761543
50,55,170,0.000612029893600801,0.08294096021146934,0.0005964216577723641,0.04003181848689429,0.021965720208728515,2.6376223011212128
50,55,175,0.000710184967936265,0.09204297698372874,0.0006943537794280637,0.041652463923138525,0.022691506286972755,2.6017664880501927
50,55,180,0.0007489856275339837,0.0955122751570473,0.0007335851764217957,0.04233288320549512,0.022999919043051216,2.712347423903397
50,55,185,0.000710184967936265,0.09204297698372874,0.0006943537794280637,0.041652463923138525,0.022691506286972755,2.6017664880501927
50,55,190,0.000612029893600801,0.08294096021146934,0.0005964216577723641,0.04003181848689429,0.021965720208728515,2.6376223011212128
50,55,195,0.0005060627738689861,0.07110413449326967,0.0005262478811437158,0.03593611940007986,0.021012944583502027,2.596380838761543
50,55,200,0.00044923834220929153,0.059089488537709574,0.0004447095546324829,0.03294397094706165,0.019545898431925342,2.1947071233687163
50,55,205,0.0004489792864358008,0.04782133733994626,0.0003847757323586073,0.028612843836999455,0.015536281577506025,1.9137879889521883
50,55,210,0.0004953766456129716,0.03803678590670384,0.0003313205089134708,0.029791003378748307,0.010823373391524562,1.9099143917591155
50,55,215,0.0005373567933765217,0.02948105160042602,0.00023791849626269602,0.020318726680849282,0.008430200128234118,1.143364793560358
50,55,220,0.0005601712725072528,0.02167289600759044,0.00018240925884204905,0.01730990780307661,0.007371477854763888,1.1690560575664923
50,55,225,0.0005663896698617065,0.013981366946542867,0.00011799272863775509,0.017153607773696906,0.005075367448609171,1.2622600251605434
50,55,230,0.0005589420701321464,0.006817359631900781,0.00013208800532767215,0.022598560080457412,0.0034090979662259983,1.1143187980068305
50,55,235,0.0005348448879635617,0.001465410754365661,0.00013981781802137935,0.021507935791226042,0.0016825058682762848,1.0475029987563729
50,55,240,0.0004951039447570931,0.0030782016640546425,0.00012230750224991732,0.021445080590602208,0.00289503309376049,1.1263104185904087
50,55,245,0.0004500449128736657,0.006061222825638553,0.00010436963564696387,0.02157066299309599,0.004364056250577869,1.1743974188171125
50,55,250,0.0004089814043831113,0.008454243561341496,0.00010337037994421951,0.019735411308923957,0.0044936439462228295,1.0093329895402783
50,55,255,0.0003703083575439057,0.009615915261018921,9.327458478577879e-05,0.01818654966225449,0.00510823519263465,0.9206440142544969
50,55,260,0.00032802549568452643,0.009323717245078748,0.00010668575686909737,0.017634604393497906,0.0060906915551231676,0.9363714892019619
50,55,265,0.0002838911852075677,0.00830653248355355,8.289296981135665e-05,0.017280476677257666,0.005981156316991025,0.8851139783528184
50,55,270,0.00024562577302663854,0.007068174961914527,7.184291743567313e-05,0.015610179317877497,0.004608243532886954,0.8134968541754304
50,55,275,0.00021510886094126044,0.0053589876214700976,5.452371835657811e-05,0.013370459511025007,0.00318310390381502,0.7515417765074757
50,55,280,0.00018678328486614916,0.003255548471062163,4.59961034017652e-05,0.011673996234092227,0.0025726458623920386,0.6710088364935591
50,55,285,0.00015856415642324494,0.001966329077009502,4.3335596595061145e-05,0.010758833290678936,0.0021577721592683516,0.6316336180763528
50,55,290,0.00013580715960034677,0.0016592420261659349,3.6722636720478525e-05,0.009147631435141655,0.001647208350498491,0.48099323846132525
50,55,295,0.0001212880201418064,0.0014876414205075,3.153161768389059e-05,0.00816697929824154,0.0014672577964865339,0.36160569631296513
50,55,300,0.00010886460972680742,0.0029615884109056635,2.3447311386666893e-05,0.007956121368442119,0.000870890723086728,0.3977905804236388
50,55,305,9.183434363415049e-05,0.007822131355343438,2.3028340956558584e-05,0.007498388014198735,0.0013146749645695619,0.5673506323677902
50,55,310,7.040222586346748e-05,0.015531358124589535,3.149908623023708e-05,0.013051540943402232,0.0020874111524068965,0.7557891782062514
50,55,315,4.374064653028895e-05,0.02319597116548797,3.036751024551197e-05,0.017775764518396655,0.002517046604462765,1.1549393223695879
50,55,320,7.21647255901188e-07,0.025930171640012274,5.003146271011227e-05,0.016336143033254993,0.002015694226092194,1.2666499372800133
50,55,325,1.9179596105756147e-08,0.04991607187075827,6.09185615764226e-05,0.03373240817106146,0.005519718049476444,1.6528179169152573
50,55,330,0.00014556963999067148,0.004594218744582301,7.393280585298685e-05,0.01118897678350859,0.002630309895752726,0.7646858788590556
50,55,335,0.00018078438609567,0.002606706640602999,9.258351810509597e-05,0.0026503133594058866,0.0014173116468942913,0.16460337719822002
50,55,340,0.0001381523091576898,0.006367155206617025,6.805800847485555e-05,0.005667643882935032,0.0031380101098084324,0.4524567925018413
50,55,345,7.874664565907241e-08,0.00955499882978943,4.060160102601533e-05,0.005538528064227685,0.0030000186187635622,0.46241572715041984
50,55,350,6.708238582112374e-05,0.005575685613608269,7.019145064472146e-05,0.0042696185225690915,0.0017656154410259927,0.3718398109638352
50,55,355,0.0001343604796319774,0.004967031651082714,9.55840000871626e-05,0.004412496248537385,0.002348737952519334,0.4156519154034064
50,60,0,6.93902121799081e-05,0.005154619711360703,6.43170520030806e-05,0.0077048374917157575,0.0033616683384598734,0.5004103090298949
50,60,5,2.334345437253558e-05,0.004611424143750176,4.3094896199611515e-05,0.007476610558852435,0.003047117100784933,0.47613498234765517
50,60,10,7.84186814442589e-09,0.005712464567125909,5.363718733616225e-05,0.005859629642814694,0.002280464777658177,0.3924303667764344
50,60,15,0.00018302601832356161,0.004112309160482521,8.780088056958412e-05,0.0038703169040828914,0.0020055945061023743,0.3267501647607073
50,60,20,0.00022637025875933258,0.0044637030753565485,0.00010850492771563537,0.0046012830310162706,0.0020424477698463513,0.3952941354562698
50,60,25,0.00020739077161158193,0.005378619083801514,9.942527837301495e-05,0.009756376832615826,0.002361100425016484,0.6433981622207414
50,60,30,0.00014764521545518848,0.011119528404039953,7.656988609324377e-05,0.01519741796726555,0.003640433019155123,1.0745083731197516
50,60,35,1.0702433891549012e-07,0.04350472172434521,3.8656982265938486e-05,0.025142165565607673,0.0039409829570388605,1.3452659493606718
50,60,40,3.835406003904751e-08,0.02310811784374451,1.331531501558552e-05,0.01649098029348075,0.0012529468002445475,1.1753427917426573
50,60,45,4.980914385221448e-05,0.01784660829589134,3.9872491497092415e-05,0.015012772534278667,0.002165548135461046,0.8874063679746917
50,60,50,7.513867551238278e-05,0.01025877935628862,2.3530506546397397e-05,0.009980468167860586,0.001014946523870366,0.6053195946325642
50,60,55,8.734166501599486e-05,0.004836360667530091,2.4507532153187836e-05,0.007506017777325484,0.0011372109912308305,0.41757344116264283
50,60,60,0.00010404557156663569,0.002607081111181183,2.8535076302655272e-05,0.008464247598862072,0.0009544067919342968,0.4206111440106114
50,60,65,0.0001288172837538822,0.0018981904130713878,3.564679086064159e-05,0.009229202699848631,0.0013214687781447792,0.46658971225048135
50,60,70,0.0001539965930536704,0.0018261114874765978,4.336520445341065e-05,0.010341998211958865,0.0018124240484933708,0.6005432342414618
50,60,75,0.0001787282828954453,0.0024704601487016463,4.7116880070493085e-05,0.011826414811708569,0.0020145312670385865,0.6536939727673376
50,60,80,0.00021175797118392486,0.00390264017393087,5.2980479647628254e-05,0.013243855633899008,0.0028161868867472087,0.7275218292818563
50,60,85,0.00025676931088695204,0.00628939396452464,7.527699907040712e-05,0.015667514323710358,0.00439684776231346,0.8435601746536799
50,60,90,0.00030646395340036894,0.008620217278963392,9.088645427570959e-05,0.01746405362219481,0.005552943076071387,0.8538180203702943
50,60,95,0.00035476855650885646,0.009691110094039316,9.842259243889994e-05,0.018270333562877147,0.006047213500376141,0.9377081482788356
50,60,100,0.0004058847571555991,0.00974124987387238,0.00010651150878884233,0.019201953067646788,0.005667630371744966,0.958785979328826
50,60,105,0.00046591535711041927,0.009596588822544251,0.00011791201233263791,0.02045943532114337,0.005116334881280109,1.022344944905159
50,60,110,0.0005326434772662623,0.009027218963890285,0.00011561195981918144,0.022079322145046758,0.005031976059967969,1.1164121163441503
50,60,115,0.0006000897964091711,0.007051184911126512,0.00013601521696593238,0.022172431273375648,0.004624294059369583,1.1388784566163388
50,60,120,0.000667278851537275,0.0036092177613192113,0.00013536170848534295,0.02156797392419487,0.003184406606149567,1.1697587722720741
50,60,125,0.000734173692967837,0.0020613635758312938,0.00011707678481257455,0.022367380662501594,0.0020190430778980295,1.2143843789494075
50,60,130,0.0007918923112128166,0.006874474295126171,0.00015322740114664685,0.02374996141128907,0.0029139033538874396,1.1897996751143798
50,60,135,0.0008256703341645456,0.013508561143594309,0.00017351623966766708,0.016578511087506666,0.004858676846050685,1.0364097016509977
50,60,140,0.0008273790464458711,0.02157372448230423,0.000175144154295522,0.01689748634308907,0.007201986826979268,1.3280969924182724
50,60,145,0.0007990390244244985,0.030015846387114964,0.00026327865641083675,0.020378006915658865,0.007992220452613516,1.7437319645452025
50,60,150,0.0007467511609416579,0.037967850144363775,0.00038574679894743964,0.02631720154464235,0.010852054356192055,2.0521322177637016
50,60,155,0.0006831262326082756,0.04596192203753219,0.0005181155545947577,0.028676717592692642,0.014824734377339922,2.222114741369751
50,60,160,0.0006632716145172669,0.05597164049149687,0.0005707275463797418,0.033360273896306705,0.019497044815728705,2.018021733661185
50,60,165,0.0007037234669886108,0.06845221490009709,0.0006989860828469294,0.036699182219021895,0.021174426289118226,2.3313226344555797
50,60,170,0.0008126571024332646,0.08161481121872828,0.0008176218173677578,0.040315276732992955,0.021986728119353163,2.48302530381374
50,60,175,0.00093730258270203,0.09182934254627982,0.000904073133178928,0.04183831520557496,0.022510152819523038,2.5988079993276703
50,60,180,0.000992990545339932,0.09569026009027888,0.0009504528919431158,0.04230639132637985,0.02270448936147442,2.6530503661446554
50,60,185,0.00093730258270203,0.09182934254627982,0.000904073133178928,0.04183831520557496,0.022510152819523038,2.5988079993276703
50,60,190,0.0008126571024332646,0.08161481121872828,0.0008176218173677578,0.040315276732992955,0.021986728119353163,2.48302530381374
50,60,195,0.0007037234669886108,0.06845221490009709,0.0006989860828469294,0.036699182219021895,0.021174426289118226,2.3313226344555797
50,60,200,0.0006632716145172669,0.05597164049149687,0.0005707275463797418,0.033360273896306705,0.019497044815728705,2.018021733661185
50,60,205,0.0006831262326082756,0.04596192203753219,0.0005181155545947577,0.028676717592692642,0.014824734377339922,2.222114741369751
50,60,210,0.0007467511609416579,0.037967850144363775,0.00038574679894743964,0.02631720154464235,0.010852054356192055,2.0521322177637016
50,60,215,0.0007990390244244985,0.030015846387114964,0.00026327865641083675,0.020378006915658865,0.007992220452613516,1.7437319645452025
50,60,220,0.0008273790464458711,0.02157372448230423,0.000175144154295522,0.01689748634308907,0.007201986826979268,1.3280969924182724
50,60,225,0.0008256703341645456,0.013508561143594309,0.00017351623966766708,0.016578511087506666,0.004858676846050685,1.0364097016509977
50,60,230,0.0007918923112128166,0.006874474295126171,0.00015322740114664685,0.02374996141128907,0.0029139033538874396,1.1897996751143798
50,60,235,0.000734173692967837,0.0020613635758312938,0.00011707678481257455,0.022367380662501594,0.0020190430778980295,1.2143843789494075
50,60,240,0.000667278851537275,0.0036092177613192113,0.00013536170848534295,0.02156797392419487,0.003184406606149567,1.1697587722720741
50,60,245,0.0006000897964091711,0.007051184911126512,0.00013601521696593238,0.022172431273375648,0.004624294059369583,1.1388784566163388
50,60,250,0.0005326434772662623,0.009027218963890285,0.00011561195981918144,0.022079322145046758,0.005031976059967969,1.1164121163441503
50,60,255,0.00046591535711041927,0.009596588822544251,0.00011791201233263791,0.02045943532114337,0.005116334881280109,1.022344944905159
50,60,260,0.0004058847571555991,0.00974124987387238,0.00010651150878884233,0.019201953067646788,0.005667630371744966,0.958785979328826
50,60,265,0.00035476855650885646,0.009691110094039316,9.842259243889994e-05,0.018270333562877147,0.006047213500376141,0.9377081482788356
50,60,270,0.00030646395340036894,0.008620217278963392,9.088645427570959e-05,0.01746405362219481,0.005552943076071387,0.8538180203702943
50,60,275,0.00025676931088695204,0.00628939396452464,7.527699907040712e-05,0.015667514323710358,0.00439684776231346,0.8435601746536799
50,60,280,0.00021175797118392486,0.00390264017393087,5.2980479647628254e-05,0.013243855633899008,0.0028161868867472087,0.7275218292818563
50,60,285,0.0001787282828954453,0.0024704601487016463,4.7116880070493085e-05,0.011826414811708569,0.0020145312670385865,0.6536939727673376
50,60,290,0.0001539965930536704,0.0018261114874765978,4.336520445341065e-05,0.010341998211958865,0.0018124240484933708,0.6005432342414618
50,60,295,0.0001288172837538822,0.0018981904130713878,3.564679086064159e-05,0.009229202699848631,0.0013214687781447792,0.46658971225048135
50,60,300,0.00010404557156663569,0.002607081111181183,2.8535076302655272e-05,0.008464247598862072,0.0009544067919342968,0.4206111440106114
50,60,305,8.734166501599486e-05,0.004836360667530091,2.4507532153187836e-05,0.007506017777325484,0.0011372109912308305,0.41757344116264283
50,60,310,7.513867551238278e-05,0.01025877935628862,2.3530506546397397e-05,0.009980468167860586,0.001014946523870366,0.6053195946325642
50,60,315,4.980914385221448e-05,0.01784660829589134,3.9872491497092415e-05,0.015012772534278667,0.002165548135461046,0.8874063679746917
50,60,320,3.835406003904751e-08,0.02310811784374451,1.331531501558552e-05,0.01649098029348075,0.0012529468002445475,1.1753427917426573
50,60,325,1.0702433891549012e-07,0.04350472172434521,3.8656982265938486e-05,0.025142165565607673,0.0039409829570388605,1.3452659493606718
50,60,330,0.00014764521545518848,0.011119528404039953,7.656988609324377e-05,0.01519741796726555,0.003640433019155123,1.0745083731197516
50,60,335,0.00020739077161158193,0.005378619083801514,9.942527837301495e-05,0.009756376832615826,0.002361100425016484,0.6433981622207414
50,60,340,0.00022637025875933258,0.0044637030753565485,0.00010850492771563537,0.0046012830310162706,0.0020424477698463513,0.3952941354562698
50,60,345,0.00018302601832356161,0.004112309160482521,8.780088056958412e-05,0.0038703169040828914,0.0020055945061023743,0.3267501647607073
50,60,350,7.84186814442589e-09,0.005712464567125909,5.363718733616225e-05,0.005859629642814694,0.002280464777658177,0.3924303667764344
50,60,355,2.334345437253558e-05,0.004611424143750176,4.3094896199611515e-05,0.007476610558852435,0.003047117100784933,0.47613498234765517
50,65,0,0.00021698979271534205,0.00700240658755341,7.109782927394118e-05,0.011703969359968893,0.00876196538490731,0.8174853368936926
50,65,5,0.0002382416981069075,0.00664934526236338,7.617874534802341e-05,0.011407556023878584,0.007832117987841869,0.789131109725259
50,65,10,0.000278658589585503,0.006106655788716708,0.0001202651424395771,0.012095313981103896,0.006068263159819108,0.7742979449070737
50,65,15,0.0002933347409550275,0.006769731220319858,0.00013152016656772575,0.012268665783762685,0.005208534557756274,0.8427228233625614
50,65,20,0.00026210113241771117,0.00858575872740917,0.00011885126406046458,0.011777463451431294,0.006479850659966056,0.9062266730638158
50,65,25,0.00019993719350089225,0.011386938481899669,6.42353088407808e-05,0.018246537048138695,0.005271035811233305,1.2554463825945954
50,65,30,3.5262536388080967e-07,0.04509345142017623,2.6289331164872955e-05,0.02919241003447417,0.00426242942223961,1.6229577944518758
50,65,35,7.35075865281043e-08,0.034755742445982944,3.8610134661195075e-05,0.023671831212798842,0.003660409878846362,1.2343321929888127
50,65,40,6.864023609867188e-06,0.017846342388551074,1.6273652455618855e-05,0.01521519075092274,0.002559281186461415,0.9016612595094837
50,65,45,5.1825955637989016e-05,0.011367824880858463,3.385751475472407e-05,0.010800827777953007,0.0009777186725375313,0.685899131446948
50,65,50,7.432509780209377e-05,0.005179243900453504,2.7897666271955394e-05,0.007563642890977126,0.0015829156569164941,0.5091302552939326
50,65,55,8.815751589003051e-05,0.00277629383443536,3.231186609460547e-05,0.00851759427979372,0.0009389501437090423,0.5059665988931913
50,65,60,0.00011180940458099635,0.002527737123636264,4.471143355004592e-05,0.009407929986775782,0.0017992654732630177,0.464989407243762
50,65,65,0.00014698191969650387,0.0021292343498661467,5.446507332529469e-05,0.01003646042315985,0.0017098362377108377,0.5731125370066978
50,65,70,0.00018328115291453562,0.002839503088255539,5.672042611469443e-05,0.011345768491820986,0.001876787794919272,0.6323393920671789
50,65,75,0.00021938821164064776,0.004115676371737543,6.425155458264454e-05,0.0133129463793923,0.003018410988585758,0.6948465082824383
50,65,80,0.0002658957305936311,0.005585082130313472,6.740477765149015e-05,0.015385014625419944,0.004141892492536668,0.8409977373602665
50,65,85,0.00032744314550685154,0.007869969836001673,9.019686242223374e-05,0.017198563876921563,0.004289731061885527,0.827220575425311
50,65,90,0.000395407300528834,0.010101639390912714,0.0001176200091865219,0.018529893101895307,0.005275925506247393,0.9080348999300142
50,65,95,0.0004628802005820689,0.010766972545661094,0.0001457962995943629,0.01936383019012322,0.006487686977669057,0.9718647109386782
50,65,100,0.0005360943149053145,0.010186293533607099,0.00013843786057901814,0.020983334368163464,0.0062036871737945806,1.1043541883699985
50,65,105,0.0006246277241255,0.009659928691804641,0.00015353316324090774,0.021976131189165367,0.004978614730315206,1.121229838601063
50,65,110,0.0007276947977691763,0.00918901867082652,0.00019485279609435247,0.022396271504529136,0.004590053663974085,1.1468969684798354
50,65,115,0.0008371305867607669,0.007547185367433544,0.00021293495621073832,0.02234525998866262,0.004827761773708521,1.1576466876645772
50,65,120,0.0009475061321229973,0.0041739019864987,0.00022403991576904446,0.021877818803408087,0.0036099333242041393,1.19899864362297
50,65,125,0.001054862376596086,0.0023437967401262676,0.00021486221916948867,0.022951619984923295,0.0021720005667628236,1.2451640610031274
50,65,130,0.0011488358891015103,0.006959302883887121,0.0002452831442721244,0.024137213569159217,0.003679726500812815,1.264109990570923
50,65,135,0.0012143630831852152,0.012601475300383226,0.0002211808637954029,0.016820767208705744,0.004686533202698203,1.5316369877019804
50,65,140,0.0012402961549089937,0.019132450913511123,0.0002747850239566193,0.015728465048239777,0.006752103848134357,1.5146619754546764
50,65,145,0.0012210318762259816,0.026576931645212163,0.0002987725725346899,0.018175181533083375,0.0065947535996462,1.4968080965830939
50,65,150,0.0011551980196903462,0.03426772394820668,0.0004640342517869059,0.02417177334717839,0.010113039199371586,1.7318273137562001
50,65,155,0.0010615689246646978,0.04183971046381716,0.0006733358271549823,0.03153023263207564,0.014362124702995983,2.318127972154693
50,65,160,0.0010126005738626646,0.05057036696879849,0.000766277042411747,0.030447218389079225,0.01743527804945633,2.1479720975658605
50,65,165,0.0010379264204125015,0.0615805470295585,0.000900524311571952,0.034429275869544945,0.0201132098275823,2.184710036072017
50,65,170,0.0011590921476350054,0.07411421871392021,0.0011394381540553167,0.036811667430808374,0.020953403980136127,2.17525585309773
50,65,175,0.0013129609478720536,0.08457073819848653,0.0012741068608908331,0.03888442187926294,0.021279062577992145,2.497185539555175
50,65,180,0.0013774387236174662,0.08857036110822775,0.0013281433658457412,0.03927038326998693,0.02134596941070991,2.6264972251792584
50,65,185,0.0013129609478720536,0.08457073819848653,0.0012741068608908331,0.03888442187926294,0.021279062577992145,2.497185539555175
50,65,190,0.0011590921476350054,0.07411421871392021,0.0011394381540553167,0.036811667430808374,0.020953403980136127,2.17525585309773
50,65,195,0.0010379264204125015,0.0615805470295585,0.000900524311571952,0.034429275869544945,0.0201132098275823,2.184710036072017
50,65,200,0.0010126005738626646,0.05057036696879849,0.000766277042411747,0.030447218389079225,0.01743527804945633,2.1479720975658605
50,65,205,0.0010615689246646978,0.04183971046381716,0.0006733358271549823,0.03153023263207564,0.014362124702995983,2.318127972154693
50,65,210,0.0011551980196903462,0.03426772394820668,0.0004640342517869059,0.02417177334717839,0.010113039199371586,1.7318273137562001
50,65,215,0.0012210318762259816,0.026576931645212163,0.0002987725725346899,0.018175181533083375,0.0065947535996462,1.4968080965830939
50,65,220,0.0012402961549089937,0.019132450913511123,0.0002747850239566193,0.015728465048239777,0.006752103848134357,1.5146619754546764
50,65,225,0.0012143630831852152,0.012601475300383226,0.0002211808637954029,0.016820767208705744,0.004686533202698203,1.5316369877019804
50,65,230,0.0011488358891015103,0.006959302883887121,0.0002452831442721244,0.024137213569159217,0.003679726500812815,1.264109990570923
50,65,235,0.001054862376596086,0.0023437967401262676,0.00021486221916948867,0.022951619984923295,0.0021720005667628236,1.2451640610031274
50,65,240,0.0009475061321229973,0.0041739019864987,0.00022403991576904446,0.021877818803408087,0.0036099333242041393,1.19899864362297
50,65,245,0.0008371305867607669,0.007547185367433544,0.00021293495621073832,0.02234525998866262,0.004827761773708521,1.1576466876645772
50,65,250,0.0007276947977691763,0.00918901867082652,0.00019485279609435247,0.022396271504529136,0.004590053663974085,1.1468969684798354
50,65,255,0.0006246277241255,0.009659928691804641,0.00015353316324090774,0.021976131189165367,0.004978614730315206,1.121229838601063
50,65,260,0.0005360943149053145,0.010186293533607099,0.00013843786057901814,0.020983334368163464,0.0062036871737945806,1.1043541883699985
50,65,265,0.0004628802005820689,0.010766972545661094,0.0001457962995943629,0.01936383019012322,0.006487686977669057,0.9718647109386782
50,65,270,0.000395407300528834,0.010101639390912714,0.0001176200091865219,0.018529893101895307,0.005275925506247393,0.9080348999300142
50,65,275,0.00032744314550685154,0.007869969836001673,9.019686242223374e-05,0.017198563876921563,0.004289731061885527,0.827220575425311
50,65,280,0.0002658957305936311,0.005585082130313472,6.740477765149015e-05,0.015385014625419944,0.004141892492536668,0.8409977373602665
50,65,285,0.00021938821164064776,0.004115676371737543,6.425155458264454e-05,0.0133129463793923,0.003018410988585758,0.6948465082824383
50,65,290,0.00018328115291453562,0.002839503088255539,5.672042611469443e-05,0.011345768491820986,0.001876787794919272,0.6323393920671789
50,65,295,0.00014698191969650387,0.0021292343498661467,5.446507332529469e-05,0.01003646042315985,0.0017098362377108377,0.5731125370066978
50,65,300,0.00011180940458099635,0.002527737123636264,4.471143355004592e-05,0.009407929986775782,0.0017992654732630177,0.464989407243762
50,65,305,8.815751589003051e-05,0.00277629383443536,3.231186609460547e-05,0.00851759427979372,0.0009389501437090423,0.5059665988931913
50,65,310,7.432509780209377e-05,0.005179243900453504,2.7897666271955394e-05,0.007563642890977126,0.0015829156569164941,0.5091302552939326
50,65,315,5.1825955637989016e-05,0.011367824880858463,3.385751475472407e-05,0.010800827777953007,0.0009777186725375313,0.685899131446948
50,65,320,6.864023609867188e-06,0.017846342388551074,1.6273652455618855e-05,0.01521519075092274,0.002559281186461415,0.9016612595094837
50,65,325,7.35075865281043e-08,0.034755742445982944,3.8610134661195075e-05,0.023671831212798842,0.003660409878846362,1.2343321929888127
50,65,330,3.5262536388080967e-07,0.04509345142017623,2.6289331164872955e-05,0.02919241003447417,0.00426242942223961,1.6229577944518758
50,65,335,0.00019993719350089225,0.011386938481899669,6.42353088407808e-05,0.018246537048138695,0.005271035811233305,1.2554463825945954
50,65,340,0.00026210113241771117,0.00858575872740917,0.00011885126406046458,0.011777463451431294,0.006479850659966056,0.9062266730638158
50,65,345,0.0002933347409550275,0.006769731220319858,0.00013152016656772575,0.012268665783762685,0.005208534557756274,0.8427228233625614
50,65,350,0.000278658589585503,0.006106655788716708,0.0001202651424395771,0.012095313981103896,0.006068263159819108,0.7742979449070737
50,65,355,0.0002382416981069075,0.00664934526236338,7.617874534802341e-05,0.011407556023878584,0.007832117987841869,0.789131109725259
50,70,0,0.00034756948995340667,0.009428159610559804,0.0001499358321516873,0.018626165587156178,0.007236434207450118,1.233888915087554
50,70,5,0.00033344137146539866,0.009235354541005427,0.00014412548213775566,0.018555492550735003,0.007090635460804753,1.2496038283446458
50,70,10,0.00030442860731141885,0.009314812071939056,0.00012593133789380552,0.018075399319928406,0.007000788859273696,1.2914345632482138
50,70,15,0.00027900806724568024,0.010794287336081773,9.797437469654096e-05,0.023804408501125748,0.007975838683814535,1.429939176930833
50,70,20,0.00012943370034075585,0.028015964483292903,7.817163333360706e-05,0.031505934072606864,0.009247893661132304,2.149870949108651
50,70,25,9.174665763223011e-09,0.040702862422248215,2.0853386918449034e-05,0.03373713412476696,0.005194453961424138,1.694192010300243
50,70,30,2.6478939393892453e-07,0.03779921949542186,2.4092952594938558e-05,0.02704117769990519,0.004092365754294349,1.1751565836193223
50,70,35,1.7800940087936423e-07,0.021437343050540257,1.6883406163603273e-05,0.015504131411339895,0.002073037112710293,0.8952387826057404
50,70,40,3.436928138926369e-05,0.010597091063774199,1.759260974934897e-05,0.010754992935892214,0.0008861833225669271,0.6411390734841222
50,70,45,5.5292254203627954e-05,0.004612947926146325,2.8704768488435704e-05,0.009289211271562719,0.0020786200491731397,0.5293531794908686
50,70,50,7.256975232356345e-05,0.0018496401628528979,3.341992054157377e-05,0.009920283994426536,0.001577834215222301,0.6149193755008198
50,70,55,0.00010854446519073611,0.0018986926724375603,3.4214523401352066e-05,0.009793168521783524,0.0017926503706977197,0.47087695862732615
50,70,60,0.0001550911683179763,0.002301276729814438,5.195417368359821e-05,0.009788190262182181,0.002189380230043737,0.5367653354086112
50,70,65,0.00019492285972864,0.0034527457532159086,6.732733117662459e-05,0.010915831915250617,0.0021743944596031195,0.6171304503033994
50,70,70,0.00023288277244446886,0.004885940974949855,7.491439763061391e-05,0.013011730616785521,0.0041563602052071165,0.7089666788304214
50,70,75,0.00028967058511237924,0.006091304191638039,7.796550275871025e-05,0.015268298227596594,0.004005830285549304,0.8287003881514908
50,70,80,0.0003704177676463454,0.008070168018072197,9.820844266032833e-05,0.0173272541850875,0.005503142708801284,0.8635342072815442
50,70,85,0.000457746744379919,0.01067439121522171,0.0001289094891627051,0.01836451713000723,0.0059486454075237975,0.8974268041510338
50,70,90,0.0005409022050820549,0.01195779083629431,0.00015921976752257105,0.019635992520060847,0.005800787884405193,0.9840348941158682
50,70,95,0.0006339646060341472,0.011429759201200266,0.00019851813050424452,0.020798994366369672,0.005773992947891528,1.063380932205063
50,70,100,0.0007552504963435017,0.010819445719661003,0.000245334633607556,0.0215539038465771,0.006113631321914087,1.1294379941607628
50,70,105,0.0009010273470354876,0.01089053041551381,0.00028902528663734325,0.02205043395793771,0.006190452563351688,1.1509523802241282
50,70,110,0.0010547742332703489,0.010149130193283246,0.0003212938493985344,0.022694963816867288,0.00541733009281543,1.114750881398027
50,70,115,0.0012134653724958106,0.007423926412799021,0.0003632111272724907,0.02247268301776378,0.004105359327266488,1.2013721784191669
50,70,120,0.0013850598321019161,0.0038652157189294884,0.00041110589775337613,0.0214577977681506,0.0031675478217045865,1.2346351691598074
50,70,125,0.0015613120096401138,0.002717313265741349,0.00046540338419157404,0.0224912354638135,0.0025018737880485547,1.2169556181689594
50,70,130,0.0017125135590207313,0.0056226169409157555,0.00045122106333980814,0.02497197660625306,0.0025901845681215755,1.2658022273063718
50,70,135,0.00181556471769629,0.010262060701735394,0.00042472320322777327,0.01789495547211397,0.004060533505178099,1.2577791647285725
50,70,140,0.0018708113094498095,0.016312981081445473,0.00037622554808692393,0.015019131103820305,0.006558659881214326,1.3805296148531307
50,70,145,0.0018814203968723596,0.023063337857963242,0.00042634715362789045,0.015556799367928857,0.00497998551828075,1.9117863135135444
50,70,150,0.0018330823811795495,0.029521256622098264,0.0005256349700877901,0.019835244255917782,0.007042313966315213,2.0316553986951593
50,70,155,0.0017318737258995437,0.03552842508566397,0.0008173124898254325,0.025561084597553033,0.009963727922079644,2.1436096706493366
50,70,160,0.001649741631110327,0.04255514524661491,0.0007745647294153148,0.02613016811026797,0.014525278467318284,2.023828868824304
50,70,165,0.001626054652704531,0.05196229838283136,0.0010160573904661394,0.029591382148415134,0.0205781955678022,1.7204640597853296
50,70,170,0.0017246297103134522,0.06330859525887719,0.0013727380328624646,0.032078614568897684,0.0237099947396479,1.7929554847339513
50,70,175,0.0018665652914625214,0.07291784682439635,0.0016441133999133134,0.035250581948140576,0.028505492140109442,2.647694495562245
50,70,180,0.0019337419972506667,0.07670063804086984,0.0017516197194831946,0.03569453993192522,0.025604345317880063,2.5052947922259214
50,70,185,0.0018665652914625214,0.07291784682439635,0.0016441133999133134,0.035250581948140576,0.028505492140109442,2.647694495562245
50,70,190,0.0017246297103134522,0.06330859525887719,0.0013727380328624646,0.032078614568897684,0.0237099947396479,1.7929554847339513
50,70,195,0.001626054652704531,0.05196229838283136,0.0010160573904661394,0.029591382148415134,0.0205781955678022,1.7204640597853296
50,70,200,0.001649741631110327,0.04255514524661491,0.0007745647294153148,0.02613016811026797,0.014525278467318284,2.023828868824304
50,70,205,0.0017318737258995437,0.03552842508566397,0.0008173124898254325,0.025561084597553033,0.009963727922079644,2.1436096706493366
50,70,210,0.0018330823811795495,0.029521256622098264,0.0005256349700877901,0.019835244255917782,0.007042313966315213,2.0316553986951593
50,70,215,0.0018814203968723596,0.023063337857963242,0.00042634715362789045,0.015556799367928857,0.00497998551828075,1.9117863135135444
50,70,220,0.0018708113094498095,0.016312981081445473,0.00037622554808692393,0.015019131103820305,0.006558659881214326,1.3805296148531307
50,70,225,0.00181556471769629,0.010262060701735394,0.00042472320322777327,0.01789495547211397,0.004060533505178099,1.2577791647285725
50,70,230,0.0017125135590207313,0.0056226169409157555,0.00045122106333980814,0.02497197660625306,0.0025901845681215755,1.2658022273063718
50,70,235,0.0015613120096401138,0.002717313265741349,0.00046540338419157404,0.0224912354638135,0.0025018737880485547,1.2169556181689594
50,70,240,0.0013850598321019161,0.0038652157189294884,0.00041110589775337613,0.0214577977681506,0.0031675478217045865,1.2346351691598074
50,70,245,0.0012134653724958106,0.007423926412799021,0.0003632111272724907,0.02247268301776378,0.004105359327266488,1.2013721784191669
50,70,250,0.0010547742332703489,0.010149130193283246,0.0003212938493985344,0.022694963816867288,0.00541733009281543,1.114750881398027
50,70,255,0.0009010273470354876,0.01089053041551381,0.00028902528663734325,0.02205043395793771,0.006190452563351688,1.1509523802241282
50,70,260,0.0007552504963435017,0.010819445719661003,0.000245334633607556,0.0215539038465771,0.006113631321914087,1.1294379941607628
50,70,265,0.0006339646060341472,0.011429759201200266,0.00019851813050424452,0.020798994366369672,0.005773992947891528,1.063380932205063
50,70,270,0.0005409022050820549,0.01195779083629431,0.00015921976752257105,0.019635992520060847,0.005800787884405193,0.9840348941158682
50,70,275,0.000457746744379919,0.01067439121522171,0.0001289094891627051,0.01836451713000723,0.0059486454075237975,0.8974268041510338
50,70,280,0.0003704177676463454,0.008070168018072197,9.820844266032833e-05,0.0173272541850875,0.005503142708801284,0.8635342072815442
50,70,285,0.00028967058511237924,0.006091304191638039,7.796550275871025e-05,0.015268298227596594,0.004005830285549304,0.8287003881514908
50,70,290,0.00023288277244446886,0.004885940974949855,7.491439763061391e-05,0.013011730616785521,0.0041563602052071165,0.7089666788304214
50,70,295,0.00019492285972864,0.0034527457532159086,6.732733117662459e-05,0.010915831915250617,0.0021743944596031195,0.6171304503033994
50,70,300,0.0001550911683179763,0.002301276729814438,5.195417368359821e-05,0.009788190262182181,0.002189380230043737,0.5367653354086112
50,70,305,0.00010854446519073611,0.0018986926724375603,3.4214523401352066e-05,0.009793168521783524,0.0017926503706977197,0.47087695862732615
50,70,310,7.256975232356345e-05,0.0018496401628528979,3.341992054157377e-05,0.009920283994426536,0.001577834215222301,0.6149193755008198
50,70,315,5.5292254203627954e-05,0.004612947926146325,2.8704768488435704e-05,0.009289211271562719,0.0020786200491731397,0.5293531794908686
50,70,320,3.436928138926369e-05,0.010597091063774199,1.759260974934897e-05,0.010754992935892214,0.0008861833225669271,0.6411390734841222
50,70,325,1.7800940087936423e-07,0.021437343050540257,1.6883406163603273e-05,0.015504131411339895,0.002073037112710293,0.8952387826057404
50,70,330,2.6478939393892453e-07,0.03779921949542186,2.4092952594938558e-05,0.02704117769990519,0.004092365754294349,1.1751565836193223
50,70,335,9.174665763223011e-09,0.040702862422248215,2.0853386918449034e-05,0.03373713412476696,0.005194453961424138,1.694192010300243
50,70,340,0.00012943370034075585,0.028015964483292903,7.817163333360706e-05,0.031505934072606864,0.009247893661132304,2.149870949108651
50,70,345,0.00027900806724568024,0.010794287336081773,9.797437469654096e-05,0.023804408501125748,0.007975838683814535,1.429939176930833
50,70,350,0.00030442860731141885,0.009314812071939056,0.00012593133789380552,0.018075399319928406,0.007000788859273696,1.2914345632482138
50,70,355,0.00033344137146539866,0.009235354541005427,0.00014412548213775566,0.018555492550735003,0.007090635460804753,1.2496038283446458
50,75,0,8.729094211207267e-07,0.012683473935528917,4.206831279920421e-05,0.034632812668271215,0.010719867192015651,2.7396938918594715
50,75,5,2.2430771324383203e-06,0.012312526795917142,6.563374541121523e-05,0.03802310852260902,0.010424524263678497,2.662534986677062
50,75,10,2.201088664804951e-07,0.01152752251870829,5.1575423406751385e-05,0.03208050218599848,0.006031748348451079,2.161699040611824
50,75,15,8.009434147859817e-08,0.02457368419657773,3.244319842716538e-05,0.036341032292514855,0.009073162804469901,1.816181143886114
50,75,20,2.577558974592442e-08,0.034979102086890305,2.415255315148159e-05,0.030505116853251184,0.007060220863701287,1.5510487472099277
50,75,25,9.85837912137466e-07,0.03151141753234994,2.0721764664648028e-05,0.02043895534650949,0.004308088396545206,1.1253726638526806
50,75,30,3.921984232865827e-08,0.01765213237692359,9.09137509680618e-06,0.015061185446249709,0.0038333850710713818,0.8591874275318705
50,75,35,2.992821398784505e-05,0.008485967426216628,1.6864226420139263e-05,0.010611216609918003,0.005138145067258992,0.6957137307463824
50,75,40,6.365624593283187e-05,0.0032666069399680643,2.4230775618999667e-05,0.01218880152218171,0.0021164891322536464,0.69912699013281
50,75,45,9.555692451899966e-05,0.002011684456890875,2.9491941649761617e-05,0.012127858146985145,0.0021284828770187884,0.7682279414684181
50,75,50,0.00013687802109402063,0.0029823346038243153,3.212587126270915e-05,0.010572336872118712,0.002482276545557778,0.5234342559885338
50,75,55,0.0001865160365633091,0.003350269620166491,3.200622645470547e-05,0.008982750800488482,0.0026481264134862775,0.5213088677264222
50,75,60,0.00023860785912506975,0.004430980589150382,3.6733665065864524e-05,0.010538290512866193,0.0034061729788348546,0.6085078905826472
50,75,65,0.00029339033759515423,0.006501841630728756,6.919794599990125e-05,0.012919837643187854,0.0053658670956156125,0.7222529012966137
50,75,70,0.0003607284658523162,0.008303528197849974,9.171453527876457e-05,0.015141035105877582,0.00605345193406282,0.743740715496046
50,75,75,0.00045117943509696834,0.009593490816269869,0.00011006643779632201,0.016427094487252457,0.005512199780526429,0.8232655407100926
50,75,80,0.0005628040485098403,0.011488060006627037,0.00015768345448098197,0.01747941053178937,0.006257936123806995,0.8453302162986016
50,75,85,0.0006837257566653238,0.013703625875367827,0.00019552123748309454,0.018643688358379627,0.006709795002791267,0.9377969122287202
50,75,90,0.0008116878564424085,0.014420193130758806,0.00024475640297373733,0.019940909156876026,0.006768437085787685,1.0822696056919328
50,75,95,0.0009618341870734626,0.01343343496227525,0.00031250771306520764,0.02102964325587943,0.006672005749834525,1.1507637036567573
50,75,100,0.0011489642057384251,0.012452234545289403,0.00038484975654076367,0.021804267906756,0.006553551011894665,1.187781576969908
50,75,105,0.001369266864147553,0.011902275573646306,0.0004483288864355235,0.0224944050228522,0.006144300796434985,1.1370795646836083
50,75,110,0.0016094298359577881,0.010301260206140141,0.0005101500398874588,0.02336288365383602,0.0052055754298626555,1.1714094061709175
50,75,115,0.001864699131155792,0.007130405868810503,0.0005743666538415831,0.02316678306442955,0.0042738829478684215,1.231383554871108
50,75,120,0.0021327910657554343,0.003994986384449946,0.000656562485647617,0.02184959621852863,0.0035780429337481613,1.2185307468981699
50,75,125,0.0023949363723411964,0.002869401391691794,0.0007274152218032289,0.020854367158192916,0.0027636622124866334,1.2072277710961705
50,75,130,0.0026212289651539183,0.004577361291290805,0.0007762623583933165,0.02079649729220433,0.002213674925259313,1.1332059589994852
50,75,135,0.0027968101797102053,0.00826824395167297,0.0007454814740926533,0.019385471358533905,0.00353459096642784,1.2299112619349
50,75,140,0.0029242836521657448,0.013298567524571668,0.0008527967053635049,0.01304768143644674,0.0049088299312139835,1.6450234385537463
50,75,145,0.0029922010259943593,0.01894487721786051,0.0009748819036179759,0.014377680605304536,0.005355153601288888,1.859771242113051
50,75,150,0.0029610569257691732,0.024313802554122296,0.0007701249708536723,0.018265466024033946,0.005255607361074166,2.120879235208032
50,75,155,0.0028586879063280737,0.029022334712985924,0.0009574054803743251,0.023798651995858643,0.00793932740964007,2.187066829846234
50,75,160,0.001622722584137648,0.05457848340038868,0.0012840943276340375,0.029238053351381577,0.011005103655930963,1.9736921428495944
50,75,165,0.00025401878154140967,0.06848447567751241,0.0007127909855422256,0.02718550680351191,0.01420192998891732,1.865161137943657
50,75,170,2.199003509395503e-06,0.08253483185911903,0.0010655733145839806,0.029649113043033654,0.020090489249848673,2.2894367444069967
50,75,175,0.00027742444597256277,0.09439995244395459,0.0012774669856186298,0.03278671746936536,0.022953162759536946,2.4219474416309454
50,75,180,0.0005244113913484005,0.09913252598480274,0.0014781511889071612,0.03300931926742878,0.02343895972763565,2.448984051734281
50,75,185,0.00027742444597256277,0.09439995244395459,0.0012774669856186298,0.03278671746936536,0.022953162759536946,2.4219474416309454
50,75,190,2.199003509395503e-06,0.08253483185911903,0.0010655733145839806,0.029649113043033654,0.020090489249848673,2.2894367444069967
50,75,195,0.00025401878154140967,0.06848447567751241,0.0007127909855422256,0.02718550680351191,0.01420192998891732,1.865161137943657
50,75,200,0.001622722584137648,0.05457848340038868,0.0012840943276340375,0.029238053351381577,0.011005103655930963,1.9736921428495944
50,75,205,0.0028586879063280737,0.029022334712985924,0.0009574054803743251,0.023798651995858643,0.00793932740964007,2.187066829846234
50,75,210,0.0029610569257691732,0.024313802554122296,0.0007701249708536723,0.018265466024033946,0.005255607361074166,2.120879235208032
50,75,215,0.0029922010259943593,0.01894487721786051,0.0009748819036179759,0.014377680605304536,0.005355153601288888,1.859771242113051
50,75,220,0.0029242836521657448,0.013298567524571668,0.0008527967053635049,0.01304768143644674,0.0049088299312139835,1.6450234385537463
50,75,225,0.0027968101797102053,0.00826824395167297,0.0007454814740926533,0.019385471358533905,0.00353459096642784,1.2299112619349
50,75,230,0.0026212289651539183,0.004577361291290805,0.0007762623583933165,0.02079649729220433,0.002213674925259313,1.1332059589994852
50,75,235,0.0023949363723411964,0.002869401391691794,0.0007274152218032289,0.020854367158192916,0.0027636622124866334,1.2072277710961705
50,75,240,0.0021327910657554343,0.003994986384449946,0.000656562485647617,0.02184959621852863,0.0035780429337481613,1.2185307468981699
50,75,245,0.001864699131155792,0.007130405868810503,0.0005743666538415831,0.02316678306442955,0.0042738829478684215,1.231383554871108
50,75,250,0.0016094298359577881,0.010301260206140141,0.0005101500398874588,0.02336288365383602,0.0052055754298626555,1.1714094061709175
50,75,255,0.001369266864147553,0.011902275573646306,0.0004483288864355235,0.0224944050228522,0.006144300796434985,1.1370795646836083
50,75,260,0.0011489642057384251,0.012452234545289403,0.00038484975654076367,0.021804267906756,0.006553551011894665,1.187781576969908
50,75,265,0.0009618341870734626,0.01343343496227525,0.00031250771306520764,0.02102964325587943,0.006672005749834525,1.1507637036567573
50,75,270,0.0008116878564424085,0.014420193130758806,0.00024475640297373733,0.019940909156876026,0.006768437085787685,1.0822696056919328
50,75,275,0.0006837257566653238,0.013703625875367827,0.00019552123748309454,0.018643688358379627,0.006709795002791267,0.9377969122287202
50,75,280,0.0005628040485098403,0.011488060006627037,0.00015768345448098197,0.01747941053178937,0.006257936123806995,0.8453302162986016
50,75,285,0.00045117943509696834,0.009593490816269869,0.00011006643779632201,0.016427094487252457,0.005512199780526429,0.8232655407100926
50,75,290,0.0003607284658523162,0.008303528197849974,9.171453527876457e-05,0.015141035105877582,0.00605345193406282,0.743740715496046
50,75,295,0.00029339033759515423,0.006501841630728756,6.919794599990125e-05,0.012919837643187854,0.0053658670956156125,0.7222529012966137
50,75,300,0.00023860785912506975,0.004430980589150382,3.6733665065864524e-05,0.010538290512866193,0.0034061729788348546,0.6085078905826472
50,75,305,0.0001865160365633091,0.003350269620166491,3.200622645470547e-05,0.008982750800488482,0.0026481264134862775,0.5213088677264222
50,75,310,0.00013687802109402063,0.0029823346038243153,3.212587126270915e-05,0.010572336872118712,0.002482276545557778,0.5234342559885338
50,75,315,9.555692451899966e-05,0.002011684456890875,2.9491941649761617e-05,0.012127858146985145,0.0021284828770187884,0.7682279414684181
50,75,320,6.365624593283187e-05,0.0032666069399680643,2.4230775618999667e-05,0.01218880152218171,0.0021164891322536464,0.69912699013281
50,75,325,2.992821398784505e-05,0.008485967426216628,1.6864226420139263e-05,0.010611216609918003,0.005138145067258992,0.6957137307463824
50,75,330,3.921984232865827e-08,0.01765213237692359,9.09137509680618e-06,0.015061185446249709,0.0038333850710713818,0.8591874275318705
50,75,335,9.85837912137466e-07,0.03151141753234994,2.0721764664648028e-05,0.02043895534650949,0.004308088396545206,1.1253726638526806
50,75,340,2.577558974592442e-08,0.034979102086890305,2.415255315148159e-05,0.030505116853251184,0.007060220863701287,1.5510487472099277
50,75,345,8.009434147859817e-08,0.02457368419657773,3.244319842716538e-05,0.036341032292514855,0.009073162804469901,1.816181143886114
50,75,350,2.201088664804951e-07,0.01152752251870829,5.1575423406751385e-05,0.03208050218599848,0.006031748348451079,2.161699040611824
50,75,355,2.2430771324383203e-06,0.012312526795917142,6.563374541121523e-05,0.03802310852260902,0.010424524263678497,2.662534986677062
50,80,0,6.49895616423174e-07,0.024468762822929247,1.0742129176039006e-06,0.027088236634916264,0.009540599941688129,1.9881473990453644
50,80,5,3.8806217895343e-08,0.023984201259629623,2.2173989640689173e-06,0.026156952451935334,0.009464446714751627,1.6941252418824235
50,80,10,1.6960182147585101e-09,0.022895539933326367,2.8033800501051087e-06,0.022199485997871703,0.0026904379096029706,1.3161524573004817
50,80,15,2.733880815619649e-07,0.02106475909730719,2.8537151829246578e-05,0.019391694199218934,0.0023059628697381564,1.022380279275528
50,80,20,6.120416595303824e-05,0.015314792413613706,3.41752148583091e-05,0.015066415068117435,0.0035351180301165627,0.9914257332116214
50,80,25,0.00012395712273363495,0.010425879163935663,2.5995619747940478e-05,0.012752165561339037,0.003685121805105525,0.6823825476199585
50,80,30,0.00016731883797271516,0.0046453094674365715,2.4024545326267743e-05,0.012046926031364664,0.004291730641317642,0.5162122857166684
50,80,35,0.00020858018150821805,0.0022137650968772024,3.3645006615943586e-05,0.009592165616911936,0.0022786242087066144,0.6115690019671521
50,80,40,0.0002638337057450542,0.0039013405372976665,4.306060210183555e-05,0.009136257577826221,0.0037542048611067125,0.4931077730555047
50,80,45,0.0003241118802724263,0.005427430359334804,5.208854396620503e-05,0.008099011646459594,0.0038738651603530804,0.40936218349105347
50,80,50,0.00037369872455879534,0.006408998636808191,6.658217905432338e-05,0.00925906575732785,0.004024421279371695,0.5342789770740428
50,80,55,0.00042147227537739015,0.007098190950782299,8.226167088010942e-05,0.010460086491432395,0.004190457775216259,0.5959742196403061
50,80,60,0.0004920610980490708,0.008501655867795376,0.00010181493418662951,0.01226454143135856,0.005911872780280507,0.6300101162356658
50,80,65,0.0005922078053445471,0.010991027278555374,0.00011897794894777554,0.013421866821548091,0.00505614832856763,0.6764792522722187
50,80,70,0.0007094081630573262,0.01349201763365021,0.0001804655357865075,0.014415438473054529,0.006817409767342485,0.7678877766560309
50,80,75,0.0008404324786469297,0.015186372714773948,0.00024968992696758775,0.01545000364131545,0.007856934011868504,0.8617480892634988
50,80,80,0.0009980079311146944,0.016593018217631768,0.00031172400788369043,0.01670838307728112,0.008190967292050932,0.9600033309560703
50,80,85,0.0011887511073157137,0.017890283904620153,0.00038752651386015323,0.018057275683805635,0.00823115734456581,1.0259431448944563
50,80,90,0.0014081885540237482,0.018125721019651795,0.0004662128549553883,0.019072950787340066,0.008179131105280863,1.0868213499942663
50,80,95,0.0016611540660387662,0.01695140762766776,0.000564932549157785,0.020232480500655924,0.007974427465231493,1.1514116293423062
50,80,100,0.001965118490796263,0.01525269262479512,0.0006776248815292801,0.0211681441045989,0.007433908789425816,1.0994269155871805
50,80,105,0.002324339640772683,0.013393151756646002,0.0007887215026252583,0.022170856302422444,0.0064635793155441035,1.2014975822373737
50,80,110,0.0027177212837432504,0.010768273745136977,0.0008900031670593563,0.023366385344183945,0.0052569173264366345,1.1866759444114399
50,80,115,0.003121395230684422,0.007472680653809435,0.0009860876673709745,0.023445298346766622,0.004310619447000954,1.2326715758736946
50,80,120,0.003528001226970473,0.00465575049545878,0.001110052956232302,0.022001393716847138,0.0036236935226150414,1.2206740695554177
50,80,125,0.003933489697979062,0.003219406534386039,0.0012168492502556312,0.020598662626073065,0.0029928189677131322,1.1925297462747944
50,80,130,0.00431596375939973,0.004076038444938901,0.0013070079554285755,0.020299906104525596,0.00259439641468085,1.1369988326452094
50,80,135,0.004639643183545802,0.006993018778510112,0.001379032506970565,0.019945292714926295,0.003048374928257134,1.1725159764439783
50,80,140,0.004870113956448395,0.010713716751998737,0.0014255864814406403,0.014940221085404475,0.003946431976545025,1.1780236583666803
50,80,145,0.004973909425153342,0.014570514341745605,0.001619676550155668,0.013217214366400835,0.0055018652459655005,1.5607056483217416
50,80,150,0.0049159570385399615,0.018268911577501677,0.0015398502024243609,0.016563567685138496,0.00442144766677013,1.6383867214256644
50,80,155,0.004814826997493263,0.021873250502202065,0.001290397593438998,0.021063084260254238,0.004555035579322539,1.7460868062682682
50,80,160,0.004445903996716849,0.054606906637036774,0.002001105380652353,0.024037979167899848,0.007292151122268801,1.6119481449844923
50,80,165,0.0012029529076892365,0.06829419962197926,0.0016913475545284398,0.026325634252435913,0.010412180174218766,1.7181030466038774
50,80,170,3.7274713554635852e-06,0.07665664449833341,0.0013308573093282067,0.03129081154151934,0.013075557090299022,1.9660159530093366
50,80,175,2.4677151381213847e-06,0.08155843437145131,0.0017731718765219492,0.029858927544082245,0.017552530334466077,2.0568160374657944
50,80,180,2.397106225293655e-06,0.08384311382181833,0.0018483171042473628,0.02984799485226107,0.017430038967026114,2.007002141595228
50,80,185,2.4677151381213847e-06,0.08155843437145131,0.0017731718765219492,0.029858927544082245,0.017552530334466077,2.0568160374657944
50,80,190,3.7274713554635852e-06,0.07665664449833341,0.0013308573093282067,0.03129081154151934,0.013075557090299022,1.9660159530093366
50,80,195,0.0012029529076892365,0.06829419962197926,0.0016913475545284398,0.026325634252435913,0.010412180174218766,1.7181030466038774
50,80,200,0.004445903996716849,0.054606906637036774,0.002001105380652353,0.024037979167899848,0.007292151122268801,1.6119481449844923
50,80,205,0.004814826997493263,0.021873250502202065,0.001290397593438998,0.021063084260254238,0.004555035579322539,1.7460868062682682
50,80,210,0.0049159570385399615,0.018268911577501677,0.0015398502024243609,0.016563567685138496,0.00442144766677013,1.6383867214256644
50,80,215,0.004973909425153342,0.014570514341745605,0.001619676550155668,0.013217214366400835,0.0055018652459655005,1.5607056483217416
50,80,220,0.004870113956448395,0.010713716751998737,0.0014255864814406403,0.014940221085404475,0.003946431976545025,1.1780236583666803
50,80,225,0.004639643183545802,0.006993018778510112,0.001379032506970565,0.019945292714926295,0.003048374928257134,1.1725159764439783
50,80,230,0.00431596375939973,0.004076038444938901,0.0013070079554285755,0.020299906104525596,0.00259439641468085,1.1369988326452094
50,80,235,0.003933489697979062,0.003219406534386039,0.0012168492502556312,0.020598662626073065,0.0029928189677131322,1.1925297462747944
50,80,240,0.003528001226970473,0.00465575049545878,0.001110052956232302,0.022001393716847138,0.0036236935226150414,1.2206740695554177
50,80,245,0.003121395230684422,0.007472680653809435,0.0009860876673709745,0.023445298346766622,0.004310619447000954,1.2326715758736946
50,80,250,0.0027177212837432504,0.010768273745136977,0.0008900031670593563,0.023366385344183945,0.0052569173264366345,1.1866759444114399
50,80,255,0.002324339640772683,0.013393151756646002,0.0007887215026252583,0.022170856302422444,0.0064635793155441035,1.2014975822373737
50,80,260,0.001965118490796263,0.01525269262479512,0.0006776248815292801,0.0211681441045989,0.007433908789425816,1.0994269155871805
50,80,265,0.0016611540660387662,0.01695140762766776,0.000564932549157785,0.020232480500655924,0.007974427465231493,1.1514116293423062
50,80,270,0.0014081885540237482,0.018125721019651795,0.0004662128549553883,0.019072950787340066,0.008179131105280863,1.0868213499942663
50,80,275,0.0011887511073157137,0.017890283904620153,0.00038752651386015323,0.018057275683805635,0.00823115734456581,1.0259431448944563
50,80,280,0.0009980079311146944,0.016593018217631768,0.00031172400788369043,0.01670838307728112,0.008190967292050932,0.9600033309560703
50,80,285,0.0008404324786469297,0.015186372714773948,0.00024968992696758775,0.01545000364131545,0.007856934011868504,0.8617480892634988
50,80,290,0.0007094081630573262,0.01349201763365021,0.0001804655357865075,0.014415438473054529,0.006817409767342485,0.7678877766560309
50,80,295,0.0005922078053445471,0.010991027278555374,0.00011897794894777554,0.013421866821548091,0.00505614832856763,0.6764792522722187
50,80,300,0.0004920610980490708,0.008501655867795376,0.00010181493418662951,0.01226454143135856,0.005911872780280507,0.6300101162356658
50,80,305,0.00042147227537739015,0.007098190950782299,8.226167088010942e-05,0.010460086491432395,0.004190457775216259,0.5959742196403061
50,80,310,0.00037369872455879534,0.006408998636808191,6.658217905432338e-05,0.00925906575732785,0.004024421279371695,0.5342789770740428
50,80,315,0.0003241118802724263,0.005427430359334804,5.208854396620503e-05,0.008099011646459594,0.0038738651603530804,0.40936218349105347
50,80,320,0.0002638337057450542,0.0039013405372976665,4.306060210183555e-05,0.009136257577826221,0.0037542048611067125,0.4931077730555047
50,80,325,0.00020858018150821805,0.0022137650968772024,3.3645006615943586e-05,0.009592165616911936,0.0022786242087066144,0.6115690019671521
50,80,330,0.00016731883797271516,0.0046453094674365715,2.4024545326267743e-05,0.012046926031364664,0.004291730641317642,0.5162122857166684
50,80,335,0.00012395712273363495,0.010425879163935663,2.5995619747940478e-05,0.012752165561339037,0.003685121805105525,0.6823825476199585
50,80,340,6.120416595303824e-05,0.015314792413613706,3.41752148583091e-05,0.015066415068117435,0.0035351180301165627,0.9914257332116214
50,80,345,2.733880815619649e-07,0.02106475909730719,2.8537151829246578e-05,0.019391694199218934,0.0023059628697381564,1.022380279275528
50,80,350,1.6960182147585101e-09,0.022895539933326367,2.8033800501051087e-06,0.022199485997871703,0.0026904379096029706,1.3161524573004817
50,80,355,3.8806217895343e-08,0.023984201259629623,2.2173989640689173e-06,0.026156952451935334,0.009464446714751627,1.6941252418824235
50,85,0,1.2122615881376975e-05,0.021507680172177815,1.3224195374368641e-05,0.03347520152696634,0.01426952179727247,1.5871546122242566
50,85,5,5.4681819066093595e-06,0.02028170611742269,1.400683638444998e-05,0.03212552094572434,0.013935103254314157,1.5537210596184456
50,85,10,1.3508891797769929e-05,0.01857854707186834,1.3669539088968785e-05,0.028760553816537585,0.013439301346425847,1.5469715872422027
50,85,15,1.9742917000381555e-05,0.019759982297999194,2.584011764893146e-05,0.02487997084581863,0.01219137622701915,1.4049100088418847
50,85,20,1.9306519470713157e-05,0.024931617684408866,2.4385457957160073e-05,0.02375217665269885,0.010134782751399316,1.0606261855586183
50,85,25,5.546376629333993e-06,0.0322716384075579,6.309166295128885e-05,0.019677635990674777,0.0081533513110015,0.9171631372759411
50,85,30,8.745467703297205e-06,0.03934487691430079,6.80974789855366e-05,0.018422994983488518,0.006692578190415266,1.2052077997744277
50,85,35,3.483035677848134e-06,0.04545796096886148,7.834850903768592e-05,0.016303769646175102,0.006931497512426355,1.2801058807082977
50,85,40,1.5032883546206577e-05,0.05154279615248364,8.617147088631118e-05,0.016440992172660717,0.007424852366928819,1.1886211824054937
50,85,45,0.0001392068582211914,0.05839186930819256,0.0001209109261678526,0.01792782223138953,0.008349647665483196,1.5018037794863237
50,85,50,0.0003434587338129458,0.0658273448376664,0.0001537589261491083,0.020049563544649457,0.009323423158228272,1.79399940551002
50,85,55,0.0006409936043581255,0.07358821447278656,0.00032287206264195855,0.02255053465075396,0.008771358761890759,1.7545101646961339
50,85,60,0.001088528714703496,0.08193079576927415,0.0004912197473149809,0.02551054313810601,0.008711374243969615,1.8543224508926894
50,85,65,0.0017065021709382067,0.09077049453538837,0.000528603292718071,0.028384774763945866,0.009573298207315825,2.042492916362407
50,85,70,0.0020416043477518263,0.024939756464297,0.0005886458102385764,0.023194892045401535,0.00954253800971251,1.3692109024012136
50,85,75,0.002270650522940329,0.026683721678978388,0.00064829001090011,0.023300197907163134,0.00997724910000266,1.028457992569823
50,85,80,0.0025555072256176585,0.027751813528052508,0.0007847752991740689,0.023001116153756346,0.010786435554442392,1.206177088671549
50,85,85,0.002910880641179843,0.028758656086994273,0.0008930449952204277,0.02413589075731254,0.011175428557809954,1.3476596746185576
50,85,90,0.00333924559013897,0.02883509949942421,0.0011428534740727248,0.025191792026923114,0.011418726452544131,1.3179441910494452
50,85,95,0.003854350056456117,0.027009781524978422,0.0014025654870170826,0.024425155946721254,0.011824657945130494,1.2564791999330929
50,85,100,0.0044687354410564775,0.023699718408209402,0.0016765754606539469,0.022140494633170492,0.010337797845451803,1.1986835824336044
50,85,105,0.0051581465533114615,0.019868503745556595,0.0019403810003232533,0.019372227153014406,0.008539476621375911,1.111632977271694
50,85,110,0.005872061182577493,0.015838848512710422,0.00214632442008204,0.019966030404048964,0.007085168029277186,1.1080784199124611
50,85,115,0.00658456289280223,0.011625250690442743,0.0023049649857385425,0.021250865116478963,0.0058792314839606705,1.1275820527007627
50,85,120,0.007305888334973254,0.0075999959897307305,0.0024147800479211202,0.02206264838999253,0.004541328663689469,1.1331652924278088
50,85,125,0.00803045567670288,0.004501255383961829,0.002585118565609546,0.020606557330614908,0.0032339303320157342,1.1391735598537711
50,85,130,0.008697007866370926,0.0037022744905853815,0.002756029957330916,0.01929121809535706,0.0032228383072840567,1.134200372270445
50,85,135,0.00921804330808182,0.005280863230572135,0.002867683806620766,0.018837224414278153,0.003732740014024201,1.0894215943629293
50,85,140,0.009527245963454695,0.007619842474784456,0.002882135433401871,0.017360010336820327,0.0037798945147562244,1.0652085306297654
50,85,145,0.00957555955027245,0.01041301703103499,0.0027554680607042165,0.01262651026686833,0.003645482455337322,1.062362655648574
50,85,150,0.009311381517379189,0.013413648253096554,0.0026726034225309225,0.012207588767619824,0.0046594978126659956,1.0789241144997468
50,85,155,0.00906899076067419,0.016300481932275988,0.002476937393570154,0.01555236479997766,0.0035840496720363976,1.2767804919609715
50,85,160,0.008528611685152954,0.01884456368612044,0.0018978690824170419,0.02096564981988825,0.0029366904380128175,1.4463679759427281
50,85,165,0.008015572618709471,0.022105720387154786,0.0006841047982696913,0.021696575339771228,0.004389920834164734,1.4034241670199776
50,85,170,0.007763472349200495,0.026696011006349857,0.0010889893332204775,0.025503987199898513,0.006578473448163223,2.1785083050145757
50,85,175,0.007733922143468436,0.031188692839504425,0.0008359290972855399,0.029884174633788754,0.008673361844200813,2.3027211195876625
50,85,180,0.007769931789571721,0.03311283366056013,0.0007309084973930458,0.0320949235902096,0.009063240863104519,2.2294451011012764
50,85,185,0.007733922143468436,0.031188692839504425,0.0008359290972855399,0.029884174633788754,0.008673361844200813,2.3027211195876625
50,85,190,0.007763472349200495,0.026696011006349857,0.0010889893332204775,0.025503987199898513,0.006578473448163223,2.1785083050145757
50,85,195,0.008015572618709471,0.022105720387154786,0.0006841047982696913,0.021696575339771228,0.004389920834164734,1.4034241670199776
50,85,200,0.008528611685152954,0.01884456368612044,0.0018978690824170419,0.02096564981988825,0.0029366904380128175,1.4463679759427281
50,85,205,0.00906899076067419,0.016300481932275988,0.002476937393570154,0.01555236479997766,0.0035840496720363976,1.2767804919609715
50,85,210,0.009311381517379189,0.013413648253096554,0.0026726034225309225,0.012207588767619824,0.0046594978126659956,1.0789241144997468
50,85,215,0.00957555955027245,0.01041301703103499,0.0027554680607042165,0.01262651026686833,0.003645482455337322,1.062362655648574
50,85,220,0.009527245963454695,0.007619842474784456,0.002882135433401871,0.017360010336820327,0.0037798945147562244,1.0652085306297654
50,85,225,0.00921804330808182,0.005280863230572135,0.002867683806620766,0.018837224414278153,0.003732740014024201,1.0894215943629293
50,85,230,0.008697007866370926,0.0037022744905853815,0.002756029957330916,0.01929121809535706,0.0032228383072840567,1.134200372270445
50,85,235,0.00803045567670288,0.004501255383961829,0.002585118565609546,0.020606557330614908,0.0032339303320157342,1.1391735598537711
50,85,240,0.007305888334973254,0.0075999959897307305,0.0024147800479211202,0.02206264838999253,0.004541328663689469,1.1331652924278088
50,85,245,0.00658456289280223,0.011625250690442743,0.0023049649857385425,0.021250865116478963,0.0058792314839606705,1.1275820527007627
50,85,250,0.005872061182577493,0.015838848512710422,0.00214632442008204,0.019966030404048964,0.007085168029277186,1.1080784199124611
50,85,255,0.0051581465533114615,0.019868503745556595,0.0019403810003232533,0.019372227153014406,0.008539476621375911,1.111632977271694
50,85,260,0.0044687354410564775,0.023699718408209402,0.0016765754606539469,0.022140494633170492,0.010337797845451803,1.1986835824336044
50,85,265,0.003854350056456117,0.027009781524978422,0.0014025654870170826,0.024425155946721254,0.011824657945130494,1.2564791999330929
50,85,270,0.00333924559013897,0.02883509949942421,0.0011428534740727248,0.025191792026923114,0.011418726452544131,1.3179441910494452
50,85,275,0.002910880641179843,0.028758656086994273,0.0008930449952204277,0.02413589075731254,0.011175428557809954,1.3476596746185576
50,85,280,0.0025555072256176585,0.027751813528052508,0.0007847752991740689,0.023001116153756346,0.010786435554442392,1.206177088671549
50,85,285,0.002270650522940329,0.026683721678978388,0.00064829001090011,0.023300197907163134,0.00997724910000266,1.028457992569823
50,85,290,0.0020416043477518263,0.024939756464297,0.0005886458102385764,0.023194892045401535,0.00954253800971251,1.3692109024012136
50,85,295,0.0017065021709382067,0.09077049453538837,0.000528603292718071,0.028384774763945866,0.009573298207315825,2.042492916362407
50,85,300,0.001088528714703496,0.08193079576927415,0.0004912197473149809,0.02551054313810601,0.008711374243969615,1.8543224508926894
50,85,305,0.0006409936043581255,0.07358821447278656,0.00032287206264195855,0.02255053465075396,0.008771358761890759,1.7545101646961339
50,85,310,0.0003434587338129458,0.0658273448376664,0.0001537589261491083,0.020049563544649457,0.009323423158228272,1.79399940551002
50,85,315,0.0001392068582211914,0.05839186930819256,0.0001209109261678526,0.01792782223138953,0.008349647665483196,1.5018037794863237
50,85,320,1.5032883546206577e-05,0.05154279615248364,8.617147088631118e-05,0.016440992172660717,0.007424852366928819,1.1886211824054937
50,85,325,3.483035677848134e-06,0.04545796096886148,7.834850903768592e-05,0.016303769646175102,0.006931497512426355,1.2801058807082977
50,85,330,8.745467703297205e-06,0.03934487691430079,6.80974789855366e-05,0.018422994983488518,0.006692578190415266,1.2052077997744277
50,85,335,5.546376629333993e-06,0.0322716384075579,6.309166295128885e-05,0.019677635990674777,0.0081533513110015,0.9171631372759411
50,85,340,1.9306519470713157e-05,0.024931617684408866,2.4385457957160073e-05,0.02375217665269885,0.010134782751399316,1.0606261855586183
50,85,345,1.9742917000381555e-05,0.019759982297999194,2.584011764893146e-05,0.02487997084581863,0.01219137622701915,1.4049100088418847
50,85,350,1.3508891797769929e-05,0.01857854707186834,1.3669539088968785e-05,0.028760553816537585,0.013439301346425847,1.5469715872422027
50,85,355,5.4681819066093595e-06,0.02028170611742269,1.400683638444998e-05,0.03212552094572434,0.013935103254314157,1.5537210596184456
75,0,0,0.0007286879563079378,0.013876043226785472,0.0002646239630222521,0.01703017315124678,0.007771108937013334,0.9584635676746948
75,0,5,0.0007286879563079378,0.013876044895463716,0.0002646239630222521,0.017030184984171616,0.007771113671720326,0.9584629701335534
75,0,10,0.0007286879563079378,0.01387607141431453,0.0002646239630222521,0.017030175040586015,0.007771102628484842,0.9584612546919171
75,0,15,0.0007286879563079378,0.01387604601275015,0.0002646239630222521,0.017030185736313236,0.007771113571370314,0.9584619340589902
75,0,20,0.0007286879563079378,0.013876061851213506,0.0002646239630222521,0.01703016736868454,0.007771130599565785,0.9584613438219307
75,0,25,0.0007286879563079378,0.013876061851213506,0.0002646239630222521,0.01703016736868454,0.007771130599565785,0.9584613438219307
75,0,30,0.0007286879563079378,0.01387604601275015,0.0002646239630222521,0.017030185736313236,0.007771113571370314,0.9584619340589902
75,0,35,0.0007286879563079378,0.01387607141431453,0.0002646239630222521,0.017030175040586015,0.007771102628484842,0.9584612546919171
75,0,40,0.0007286879563079378,0.013876044895463716,0.0002646239630222521,0.017030184984171616,0.007771113671720326,0.9584629701335534
75,0,45,0.0007286879563079378,0.013876043226785472,0.0002646239630222521,0.01703017315124678,0.007771108937013334,0.9584635676746948
75,0,50,0.0007286879563079378,0.013876044895463716,0.0002646239630222521,0.017030184984171616,0.007771113671720326,0.9584629701335534
75,0,55,0.0007286879563079378,0.01387607141431453,0.0002646239630222521,0.017030175040586015,0.007771102628484842,0.9584612546919171
75,0,60,0.0007286879563079378,0.01387604601275015,0.0002646239630222521,0.017030185736313236,0.007771113571370314,0.9584619340589902
75,0,65,0.0007286879563079378,0.013876061851213506,0.0002646239630222521,0.01703016736868454,0.007771130599565785,0.9584613438219307
75,0,70,0.0007286879563079378,0.013876061851213506,0.0002646239630222521,0.01703016736868454,0.007771130599565785,0.9584613438219307
75,0,75,0.0007286879563079378,0.01387604601275015,0.0002646239630222521,0.017030185736313236,0.007771113571370314,0.9584619340589902
75,0,80,0.0007286879563079378,0.01387607141431453,0.0002646239630222521,0.017030175040586015,0.007771102628484842,0.9584612546919171
75,0,85,0.0007286879563079378,0.013876044895463716,0.0002646239630222521,0.017030184984171616,0.007771113671720326,0.9584629701335534
75,0,90,0.0007286879563079378,0.013876043226785472,0.0002646239630222521,0.01703017315124678,0.007771108937013334,0.9584635676746948
75,0,95,0.0007286879563079378,0.013876044895463716,0.0002646239630222521,0.017030184984171616,0.007771113671720326,0.9584629701335534
75,0,100,0.0007286879563079378,0.01387607141431453,0.0002646239630222521,0.017030175040586015,0.007771102628484842,0.9584612546919171
75,0,105,0.0007286879563079378,0.01387604601275015,0.0002646239630222521,0.017030185736313236,0.007771113571370314,0.9584619340589902
75,0,110,0.0007286879563079378,0.013876061851213506,0.0002646239630222521,0.01703016736868454,0.007771130599565785,0.9584613438219307
75,0,115,0.0007286879563079378,0.013876061851213506,0.0002646239630222521,0.01703016736868454,0.007771130599565785,0.9584613438219307
75,0,120,0.0007286879563079378,0.01387604601275015,0.0002646239630222521,0.017030185736313236,0.007771113571370314,0.9584619340589902
75,0,125,0.0007286879563079378,0.01387607141431453,0.0002646239630222521,0.017030175040586015,0.007771102628484842,0.9584612546919171
75,0,130,0.0007286879563079378,0.013876044895463716,0.0002646239630222521,0.017030184984171616,0.007771113671720326,0.9584629701335534
75,0,135,0.0007286879563079378,0.013876043226785472,0.0002646239630222521,0.01703017315124678,0.007771108937013334,0.9584635676746948
75,0,140,0.0007286879563079378,0.013876044895463716,0.0002646239630222521,0.017030184984171616,0.007771113671720326,0.9584629701335534
75,0,145,0.0007286879563079378,0.01387607141431453,0.0002646239630222521,0.017030175040586015,0.007771102628484842,0.9584612546919171
75,0,150,0.0007286879563079378,0.01387604601275015,0.0002646239630222521,0.017030185736313236,0.007771113571370314,0.9584619340589902
75,0,155,0.0007286879563079378,0.013876061851213506,0.0002646239630222521,0.01703016736868454,0.007771130599565785,0.9584613438219307
75,0,160,0.0007286879563079378,0.013876061851213506,0.0002646239630222521,0.01703016736868454,0.007771130599565785,0.9584613438219307
75,0,165,0.0007286879563079378,0.01387604601275015,0.0002646239630222521,0.017030185736313236,0.007771113571370314,0.9584619340589902
75,0,170,0.0007286879563079378,0.01387607141431453,0.0002646239630222521,0.017030175040586015,0.007771102628484842,0.9584612546919171
75,0,175,0.0007286879563079378,0.013876044895463716,0.0002646239630222521,0.017030184984171616,0.007771113671720326,0.9584629701335534
75,0,180,0.0007286879563079378,0.013876043226785472,0.0002646239630222521,0.01703017315124678,0.007771108937013334,0.9584635676746948
75,0,185,0.0007286879563079378,0.013876044895463716,0.0002646239630222521,0.017030184984171616,0.007771113671720326,0.9584629701335534
75,0,190,0.0007286879563079378,0.01387607141431453,0.0002646239630222521,0.017030175040586015,0.007771102628484842,0.9584612546919171
75,0,195,0.0007286879563079378,0.01387604601275015,0.0002646239630222521,0.017030185736313236,0.007771113571370314,0.9584619340589902
75,0,200,0.0007286879563079378,0.013876061851213506,0.0002646239630222521,0.01703016736868454,0.007771130599565785,0.9584613438219307
75,0,205,0.0007286879563079378,0.013876061851213506,0.0002646239630222521,0.01703016736868454,0.007771130599565785,0.9584613438219307
75,0,210,0.0007286879563079378,0.01387604601275015,0.0002646239630222521,0.017030185736313236,0.007771113571370314,0.9584619340589902
75,0,215,0.0007286879563079378,0.01387607141431453,0.0002646239630222521,0.017030175040586015,0.007771102628484842,0.9584612546919171
75,0,220,0.0007286879563079378,0.013876044895463716,0.0002646239630222521,0.017030184984171616,0.007771113671720326,0.9584629701335534
75,0,225,0.0007286879563079378,0.013876043226785472,0.0002646239630222521,0.01703017315124678,0.007771108937013334,0.9584635676746948
75,0,230,0.0007286879563079378,0.013876044895463716,0.0002646239630222521,0.017030184984171616,0.007771113671720326,0.9584629701335534
75,0,235,0.0007286879563079378,0.01387607141431453,0.0002646239630222521,0.017030175040586015,0.007771102628484842,0.9584612546919171
75,0,240,0.0007286879563079378,0.01387604601275015,0.0002646239630222521,0.017030185736313236,0.007771113571370314,0.9584619340589902
75,0,245,0.0007286879563079378,0.013876061851213506,0.0002646239630222521,0.01703016736868454,0.007771130599565785,0.9584613438219307
75,0,250,0.0007286879563079378,0.013876061851213506,0.0002646239630222521,0.01703016736868454,0.007771130599565785,0.9584613438219307
75,0,255,0.0007286879563079378,0.01387604601275015,0.0002646239630222521,0.017030185736313236,0.007771113571370314,0.9584619340589902
75,0,260,0.0007286879563079378,0.01387607141431453,0.0002646239630222521,0.017030175040586015,0.007771102628484842,0.9584612546919171
75,0,265,0.0007286879563079378,0.013876044895463716,0.0002646239630222521,0.017030184984171616,0.007771113671720326,0.9584629701335534
75,0,270,0.0007286879563079378,0.013876043226785472,0.0002646239630222521,0.01703017315124678,0.007771108937013334,0.9584635676746948
75,0,275,0.0007286879563079378,0.013876044895463716,0.0002646239630222521,0.017030184984171616,0.007771113671720326,0.9584629701335534
75,0,280,0.0007286879563079378,0.01387607141431453,0.0002646239630222521,0.017030175040586015,0.007771102628484842,0.9584612546919171
75,0,285,0.0007286879563079378,0.01387604601275015,0.0002646239630222521,0.017030185736313236,0.007771113571370314,0.9584619340589902
75,0,290,0.0007286879563079378,0.013876061851213506,0.0002646239630222521,0.01703016736868454,0.007771130599565785,0.9584613438219307
75,0,295,0.0007286879563079378,0.013876061851213506,0.0002646239630222521,0.01703016736868454,0.007771130599565785,0.9584613438219307
75,0,300,0.0007286879563079378,0.01387604601275015,0.0002646239630222521,0.017030185736313236,0.007771113571370314,0.9584619340589902
75,0,305,0.0007286879563079378,0.01387607141431453,0.0002646239630222521,0.017030175040586015,0.007771102628484842,0.9584612546919171
75,0,310,0.0007286879563079378,0.013876044895463716,0.0002646239630222521,0.017030184984171616,0.007771113671720326,0.9584629701335534
75,0,315,0.0007286879563079378,0.013876043226785472,0.0002646239630222521,0.01703017315124678,0.007771108937013334,0.9584635676746948
75,0,320,0.0007286879563079378,0.013876044895463716,0.0002646239630222521,0.017030184984171616,0.007771113671720326,0.9584629701335534
75,0,325,0.0007286879563079378,0.01387607141431453,0.0002646239630222521,0.017030175040586015,0.007771102628484842,0.9584612546919171
75,0,330,0.0007286879563079378,0.01387604601275015,0.0002646239630222521,0.017030185736313236,0.007771113571370314,0.9584619340589902
75,0,335,0.0007286879563079378,0.013876061851213506,0.0002646239630222521,0.01703016736868454,0.007771130599565785,0.9584613438219307
75,0,340,0.0007286879563079378,0.013876061851213506,0.0002646239630222521,0.01703016736868454,0.007771130599565785,0.9584613438219307
75,0,345,0.0007286879563079378,0.01387604601275015,0.0002646239630222521,0.017030185736313236,0.007771113571370314,0.9584619340589902
75,0,350,0.0007286879563079378,0.01387607141431453,0.0002646239630222521,0.017030175040586015,0.007771102628484842,0.9584612546919171
75,0,355,0.0007286879563079378,0.013876044895463716,0.0002646239630222521,0.017030184984171616,0.007771113671720326,0.9584629701335534
75,5,0,0.0006157020583624105,0.013285365377309762,0.0002313517484993006,0.014800931172333939,0.006674073253794125,0.7925701723003348
75,5,5,0.0006160183111616627,0.013293458305394744,0.00023146799414458996,0.014803461022033173,0.006685310537842125,0.7935295041734969
75,5,10,0.0006170269379728319,0.0133141035154906,0.00023195086530448895,0.014815030356230087,0.0067182071141794275,0.7963409109586327
75,5,15,0.0006188258678085628,0.01334340408082155,0.00023301146227349507,0.014840060899706468,0.006772589597606626,0.8272955436375461
75,5,20,0.0006214813237395041,0.013386850840996965,0.00023378755788987324,0.014874696817979838,0.006850848365458434,0.8491601903283941
75,5,25,0.0006251221720536973,0.013455249276102213,0.00023449857969424105,0.014912247592279692,0.006952092749327835,0.8603373297873618
75,5,30,0.0006300114577227969,0.013552176154966832,0.00023604002831832628,0.014955188298228294,0.007064489236512001,0.8729348121149926
75,5,35,0.000636310671334071,0.013670098229912055,0.00023869802585861806,0.015014872842702129,0.007165682883308778,0.8853336050358122
75,5,40,0.0006436500778995054,0.01379609914951563,0.00024229818730089848,0.015101142020069364,0.007232220965956021,0.8956110035829097
75,5,45,0.0006511159251078209,0.013912899671414592,0.0002459923137996191,0.015219788709536015,0.00724951516960781,0.9023221354956998
75,5,50,0.000657898147697596,0.01399305540652029,0.00024867915240990796,0.015379236184535676,0.007219837516596838,0.9055843745001588
75,5,55,0.0006640227775749057,0.014004877120800637,0.0002499030710311802,0.015587893184967217,0.007165414981322629,0.907499863179094
75,5,60,0.0006703669929226334,0.013937078309935545,0.00025032873539835307,0.015836938439253434,0.007123586203383618,0.9112612020782952
75,5,65,0.0006778691649561176,0.013819559964851942,0.0002511609072645758,0.01609421373285521,0.007135371854215445,0.9196411701565173
75,5,70,0.0006867591661075464,0.013713088814951278,0.00025304353726107384,0.016325693908357836,0.0072292836099623475,0.9338408685447616
75,5,75,0.0006965223303040894,0.013671394553856376,0.0002556047336489645,0.016521706945079914,0.007401364240219424,0.9526005997916476
75,5,80,0.0007065025971519159,0.013707665309872722,0.00025863102946363905,0.0166949953744963,0.007608878843910873,0.9232109999934159
75,5,85,0.0007164014023052986,0.01379010456957437,0.0002618092746917151,0.016853516470941285,0.007786451506687535,0.8748421153573591
75,5,90,0.000726310232087116,0.013862962387656198,0.0002646513283223709,0.016977308284205468,0.007872421561024192,0.9549096747346462
75,5,95,0.0007364810503508751,0.013873559222441784,0.00026728441493592027,0.016975820806769466,0.007854435158183593,0.9857148122080208
75,5,100,0.0007471591314576406,0.013796385719085586,0.0002702809527808489,0.01695801079100797,0.007722071849549865,0.969653381799883
75,5,105,0.0007584341079077735,0.013646746079083479,0.0002750322353095203,0.016957492371279557,0.00751320833882028,0.9493219520367914
75,5,110,0.0007700483401695008,0.013472751371590331,0.00027984238026558094,0.017000665607434292,0.007284321882008319,0.9619112040143605
75,5,115,0.0007813827913639784,0.01332400996999627,0.000284055731166345,0.01710381620136525,0.0070705579154873854,0.960539641284907
75,5,120,0.0007918660025420295,0.013219103259773555,0.00028713445714846414,0.017278792877505958,0.006878554669394539,0.9477427447626935
75,5,125,0.0008014972582765841,0.013141221106108806,0.00028914462968627824,0.017525349665691296,0.006704517517669075,0.9545345197670674
75,5,130,0.0008108367650485008,0.013062724938208092,0.00029090417339502385,0.017815613380143716,0.006553830667351722,0.964413210704107
75,5,135,0.0008203643781181484,0.01296962476927332,0.00029330956500692954,0.01809889134812799,0.0064418744543003,0.9756792049405902
75,5,140,0.0008298527502433282,0.012864088265341928,0.0002964367708262936,0.018332830684626045,0.0063786224217183924,0.9863535397168497
75,5,145,0.0008385389603917867,0.012752878494977743,0.0002994985257996465,0.01850736997476546,0.006356439063998849,0.9952277054275135
75,5,150,0.000845836714687959,0.012641903825516719,0.00030174177206568386,0.018635083780017617,0.006358831140523404,1.0021494460779974
75,5,155,0.0008517592796783557,0.012538692612748915,0.00030316844818647007,0.01872709122339454,0.006376930594079382,1.0074697006717566
75,5,160,0.000856612212905573,0.012451976129102801,0.00030424824536723523,0.018786984475040295,0.006412807222770531,1.0115046016374032
75,5,165,0.0008604847333732232,0.01238648397841423,0.0003051765478949489,0.018821634196550495,0.006455610552269897,1.0144578622244718
75,5,170,0.0008632124232584096,0.012340874564415584,0.0003060562678122219,0.01884380854470275,0.006491413647531208,1.0165275862280843
75,5,175,0.0008647308434476635,0.012312907705747125,0.0003065171133551912,0.01886043934260142,0.006511292568120785,1.0178087118852477
75,5,180,0.0008651967970358509,0.012303206989689864,0.00030663563345724107,0.01886736103450308,0.006516909466778651,1.0182519809157449
75,5,185,0.0008647308434476635,0.012312907705747125,0.0003065171133551912,0.01886043934260142,0.006511292568120785,1.0178087118852477
75,5,190,0.0008632124232584096,0.012340874564415584,0.0003060562678122219,0.01884380854470275,0.006491413647531208,1.0165275862280843
75,5,195,0.0008604847333732232,0.01238648397841423,0.0003051765478949489,0.018821634196550495,0.006455610552269897,1.0144578622244718
75,5,200,0.000856612212905573,0.012451976129102801,0.00030424824536723523,0.018786984475040295,0.006412807222770531,1.0115046016374032
75,5,205,0.0008517592796783557,0.012538692612748915,0.00030316844818647007,0.01872709122339454,0.006376930594079382,1.0074697006717566
75,5,210,0.000845836714687959,0.012641903825516719,0.00030174177206568386,0.018635083780017617,0.006358831140523404,1.0021494460779974
75,5,215,0.0008385389603917867,0.012752878494977743,0.0002994985257996465,0.01850736997476546,0.006356439063998849,0.9952277054275135
75,5,220,0.0008298527502433282,0.012864088265341928,0.0002964367708262936,0.018332830684626045,0.0063786224217183924,0.9863535397168497
75,5,225,0.0008203643781181484,0.01296962476927332,0.00029330956500692954,0.01809889134812799,0.0064418744543003,0.9756792049405902
75,5,230,0.0008108367650485008,0.013062724938208092,0.00029090417339502385,0.017815613380143716,0.006553830667351722,0.964413210704107
75,5,235,0.0008014972582765841,0.013141221106108806,0.00028914462968627824,0.017525349665691296,0.006704517517669075,0.9545345197670674
75,5,240,0.0007918660025420295,0.013219103259773555,0.00028713445714846414,0.017278792877505958,0.006878554669394539,0.9477427447626935
75,5,245,0.0007813827913639784,0.01332400996999627,0.000284055731166345,0.01710381620136525,0.0070705579154873854,0.960539641284907
75,5,250,0.0007700483401695008,0.013472751371590331,0.00027984238026558094,0.017000665607434292,0.007284321882008319,0.9619112040143605
75,5,255,0.0007584341079077735,0.013646746079083479,0.0002750322353095203,0.016957492371279557,0.00751320833882028,0.9493219520367914
75,5,260,0.0007471591314576406,0.013796385719085586,0.0002702809527808489,0.01695801079100797,0.007722071849549865,0.969653381799883
75,5,265,0.0007364810503508751,0.013873559222441784,0.00026728441493592027,0.016975820806769466,0.007854435158183593,0.9857148122080208
75,5,270,0.000726310232087116,0.013862962387656198,0.0002646513283223709,0.016977308284205468,0.007872421561024192,0.9549096747346462
75,5,275,0.0007164014023052986,0.01379010456957437,0.0002618092746917151,0.016853516470941285,0.007786451506687535,0.8748421153573591
75,5,280,0.0007065025971519159,0.013707665309872722,0.00025863102946363905,0.0166949953744963,0.007608878843910873,0.9232109999934159
75,5,285,0.0006965223303040894,0.013671394553856376,0.0002556047336489645,0.016521706945079914,0.007401364240219424,0.9526005997916476
75,5,290,0.0006867591661075464,0.013713088814951278,0.00025304353726107384,0.016325693908357836,0.0072292836099623475,0.9338408685447616
75,5,295,0.0006778691649561176,0.013819559964851942,0.0002511609072645758,0.01609421373285521,0.007135371854215445,0.9196411701565173
75,5,300,0.0006703669929226334,0.013937078309935545,0.00025032873539835307,0.015836938439253434,0.007123586203383618,0.9112612020782952
75,5,305,0.0006640227775749057,0.014004877120800637,0.0002499030710311802,0.015587893184967217,0.007165414981322629,0.907499863179094
75,5,310,0.000657898147697596,0.01399305540652029,0.00024867915240990796,0.015379236184535676,0.007219837516596838,0.9055843745001588
75,5,315,0.0006511159251078209,0.013912899671414592,0.0002459923137996191,0.015219788709536015,0.00724951516960781,0.9023221354956998
75,5,320,0.0006436500778995054,0.01379609914951563,0.00024229818730089848,0.015101142020069364,0.007232220965956021,0.8956110035829097
75,5,325,0.000636310671334071,0.013670098229912055,0.00023869802585861806,0.015014872842702129,0.007165682883308778,0.8853336050358122
75,5,330,0.0006300114577227969,0.013552176154966832,0.00023604002831832628,0.014955188298228294,0.007064489236512001,0.8729348121149926
75,5,335,0.0006251221720536973,0.013455249276102213,0.00023449857969424105,0.014912247592279692,0.006952092749327835,0.8603373297873618
75,5,340,0.0006214813237395041,0.013386850840996965,0.00023378755788987324,0.014874696817979838,0.006850848365458434,0.8491601903283941
75,5,345,0.0006188258678085628,0.01334340408082155,0.00023301146227349507,0.014840060899706468,0.006772589597606626,0.8272955436375461
75,5,350,0.0006170269379728319,0.0133141035154906,0.00023195086530448895,0.014815030356230087,0.0067182071141794275,0.7963409109586327
75,5,355,0.0006160183111616627,0.013293458305394744,0.00023146799414458996,0.014803461022033173,0.006685310537842125,0.7935295041734969
75,10,0,0.0005159310083014488,0.011851178815207445,0.0001786084279472894,0.013078049862770651,0.007147184172433891,0.8161982680268126
75,10,5,0.000517387663539857,0.011880904213724225,0.0001801974305147727,0.013089935284127266,0.007154942227957146,0.8173484217538423
75,10,10,0.0005205094264592418,0.011951823784703127,0.00018285099027354548,0.013131919488926926,0.00719180222509654,0.8218586590188388
75,10,15,0.0005235343833357451,0.012031968323698945,0.00018361606133671928,0.01321977338518511,0.007254556583206306,0.8294943299048194
75,10,20,0.0005271258424600304,0.012113936611630707,0.0001836544534668228,0.013365187036194963,0.00727144547726857,0.8345307074510342
75,10,25,0.0005337366395932758,0.012215001609183198,0.00018690273803812158,0.013558977896711677,0.007143878350203482,0.8287201453304462
75,10,30,0.0005440403464677399,0.012334505046742883,0.00019409797849451963,0.01377583030723235,0.00684702810187495,0.8094304154015989
75,10,35,0.0005556105722169646,0.012435411030378669,0.00020114083680300866,0.013996403807432261,0.00648608408716946,0.784954033394882
75,10,40,0.0005660507875611485,0.012499865676623456,0.00020488387622435988,0.014210993554341573,0.006265104365520914,0.7805185716764615
75,10,45,0.0005764043495732115,0.012603990639160558,0.00020828056582091305,0.014398021364476057,0.0063627870730120755,0.7903981232856262
75,10,50,0.0005899213008668429,0.012895302188967063,0.00021699970538811625,0.014528455784351097,0.006776615623344032,0.8015365367795684
75,10,55,0.0006075630376073671,0.01344338460963061,0.00022818065857027918,0.014591067096745536,0.007278728094780246,0.7800363275999151
75,10,60,0.0006262562986436692,0.014090285386711613,0.0002368769129111859,0.014650248925553354,0.007534914531380588,0.9013759406697176
75,10,65,0.0006423565977743632,0.014517605161723195,0.00024343071567408574,0.01492046455207606,0.007402722856110909,0.9072438268393898
75,10,70,0.0006558990969936854,0.014529904965601395,0.00024615338021767704,0.015411771248907365,0.007110979420161216,0.8982597330175502
75,10,75,0.0006702182065981312,0.014246645922890874,0.0002473784159902231,0.0159871365314955,0.007004938449529702,0.9063195122644848
75,10,80,0.0006877876339221808,0.013988096349805888,0.00025095611085044003,0.01648001359174258,0.007248230675543327,0.9393834671888088
75,10,85,0.0007078713240905084,0.01395944174714117,0.00025828790820114087,0.016812065970047488,0.0076903799475171696,0.8729272623699358
75,10,90,0.0007285135786914698,0.014055090972425008,0.00026436101969022976,0.016951167655160904,0.007901087232648308,0.9918928171683541
75,10,95,0.0007494510740245642,0.01401808585974072,0.0002699808912042822,0.016897560249094126,0.00768563261186336,0.9631275045749268
75,10,100,0.0007718703927828037,0.013759136324719203,0.00027854112202489994,0.016944710921027995,0.007177623892449125,0.9716599800987139
75,10,105,0.0007959476423018506,0.013442125194252813,0.0002868983890506106,0.01723726638199529,0.0066846748317263595,0.9425924519804745
75,10,110,0.000820134338565431,0.013254179232828995,0.0002931209681969254,0.017840294531073678,0.006335488670597878,0.9649402991851843
75,10,115,0.0008431523327392925,0.01316433051087102,0.0002981800549205346,0.018657174534431255,0.006171108933310739,1.0047274978054617
75,10,120,0.0008653992439298219,0.012981229507928415,0.0003052395574653557,0.019443757973240917,0.006235784342363333,0.9914028425577095
75,10,125,0.000887573145864384,0.01261805273459879,0.00031292545140016847,0.019924359775720955,0.00645387980739665,1.0030571580881025
75,10,130,0.0009086241873485241,0.012209379192168643,0.00032043870391613126,0.020098359219658024,0.006694767315855086,1.0126340468792998
75,10,135,0.000926343387326169,0.011948237710897086,0.0003260859481223656,0.020095242316383728,0.006809617111873704,1.0111972331147252
75,10,140,0.0009400148517572648,0.011870471135196087,0.00032951923731862906,0.020011951904946722,0.006697218005693411,1.007222240415924
75,10,145,0.0009514521634987026,0.011844933532224801,0.00033237679980486394,0.019991884740195,0.006354790127439989,1.0904548640435783
75,10,150,0.0009629752492871114,0.011736087863594398,0.00033636336093812195,0.020057352127249496,0.005883066879142385,1.0744408388168634
75,10,155,0.000975005681969919,0.011518451039809504,0.0003414043514054703,0.020178353034822592,0.005442990192648954,1.0550036456311327
75,10,160,0.000986153875445572,0.011250524971981875,0.0003461571975437788,0.020320964069076228,0.005158710616314113,1.0426237585512979
75,10,165,0.0009951172382218314,0.010996489774691948,0.00034979019693793644,0.020456657071156063,0.0050221285872854085,1.042127007590515
75,10,170,0.0010016321711665867,0.01079233052406526,0.0003524845062553017,0.020561525626626866,0.004941156842483692,1.0487602797826687
75,10,175,0.001005764999711842,0.010658204192924714,0.00035442264543788723,0.02062328794984266,0.004879644939260528,1.0525409324612074
75,10,180,0.0010072254453585942,0.010610963827750104,0.00035518102006790175,0.020642833892486084,0.004853223738478429,1.0537348475336399
75,10,185,0.001005764999711842,0.010658204192924714,0.00035442264543788723,0.02062328794984266,0.004879644939260528,1.0525409324612074
75,10,190,0.0010016321711665867,0.01079233052406526,0.0003524845062553017,0.020561525626626866,0.004941156842483692,1.0487602797826687
75,10,195,0.0009951172382218314,0.010996489774691948,0.00034979019693793644,0.020456657071156063,0.0050221285872854085,1.042127007590515
75,10,200,0.000986153875445572,0.011250524971981875,0.0003461571975437788,0.020320964069076228,0.005158710616314113,1.0426237585512979
75,10,205,0.000975005681969919,0.011518451039809504,0.0003414043514054703,0.020178353034822592,0.005442990192648954,1.0550036456311327
75,10,210,0.0009629752492871114,0.011736087863594398,0.00033636336093812195,0.020057352127249496,0.005883066879142385,1.0744408388168634
75,10,215,0.0009514521634987026,0.011844933532224801,0.00033237679980486394,0.019991884740195,0.006354790127439989,1.0904548640435783
75,10,220,0.0009400148517572648,0.011870471135196087,0.00032951923731862906,0.020011951904946722,0.006697218005693411,1.007222240415924
75,10,225,0.000926343387326169,0.011948237710897086,0.0003260859481223656,0.020095242316383728,0.006809617111873704,1.0111972331147252
75,10,230,0.0009086241873485241,0.012209379192168643,0.00032043870391613126,0.020098359219658024,0.006694767315855086,1.0126340468792998
75,10,235,0.000887573145864384,0.01261805273459879,0.00031292545140016847,0.019924359775720955,0.00645387980739665,1.0030571580881025
75,10,240,0.0008653992439298219,0.012981229507928415,0.0003052395574653557,0.019443757973240917,0.006235784342363333,0.9914028425577095
75,10,245,0.0008431523327392925,0.01316433051087102,0.0002981800549205346,0.018657174534431255,0.006171108933310739,1.0047274978054617
75,10,250,0.000820134338565431,0.013254179232828995,0.0002931209681969254,0.017840294531073678,0.006335488670597878,0.9649402991851843
75,10,255,0.0007959476423018506,0.013442125194252813,0.0002868983890506106,0.01723726638199529,0.0066846748317263595,0.9425924519804745
75,10,260,0.0007718703927828037,0.013759136324719203,0.00027854112202489994,0.016944710921027995,0.007177623892449125,0.9716599800987139
75,10,265,0.0007494510740245642,0.01401808585974072,0.0002699808912042822,0.016897560249094126,0.00768563261186336,0.9631275045749268
75,10,270,0.0007285135786914698,0.014055090972425008,0.00026436101969022976,0.016951167655160904,0.007901087232648308,0.9918928171683541
75,10,275,0.0007078713240905084,0.01395944174714117,0.00025828790820114087,0.016812065970047488,0.0076903799475171696,0.8729272623699358
75,10,280,0.0006877876339221808,0.013988096349805888,0.00025095611085044003,0.01648001359174258,0.007248230675543327,0.9393834671888088
75,10,285,0.0006702182065981312,0.014246645922890874,0.0002473784159902231,0.0159871365314955,0.007004938449529702,0.9063195122644848
75,10,290,0.0006558990969936854,0.014529904965601395,0.00024615338021767704,0.015411771248907365,0.007110979420161216,0.8982597330175502
75,10,295,0.0006423565977743632,0.014517605161723195,0.00024343071567408574,0.01492046455207606,0.007402722856110909,0.9072438268393898
75,10,300,0.0006262562986436692,0.014090285386711613,0.0002368769129111859,0.014650248925553354,0.007534914531380588,0.9013759406697176
75,10,305,0.0006075630376073671,0.01344338460963061,0.00022818065857027918,0.014591067096745536,0.007278728094780246,0.7800363275999151
75,10,310,0.0005899213008668429,0.012895302188967063,0.00021699970538811625,0.014528455784351097,0.006776615623344032,0.8015365367795684
75,10,315,0.0005764043495732115,0.012603990639160558,0.00020828056582091305,0.014398021364476057,0.0063627870730120755,0.7903981232856262
75,10,320,0.0005660507875611485,0.012499865676623456,0.00020488387622435988,0.014210993554341573,0.006265104365520914,0.7805185716764615
75,10,325,0.0005556105722169646,0.012435411030378669,0.00020114083680300866,0.013996403807432261,0.00648608408716946,0.784954033394882
75,10,330,0.0005440403464677399,0.012334505046742883,0.00019409797849451963,0.01377583030723235,0.00684702810187495,0.8094304154015989
75,10,335,0.0005337366395932758,0.012215001609183198,0.00018690273803812158,0.013558977896711677,0.007143878350203482,0.8287201453304462
75,10,340,0.0005271258424600304,0.012113936611630707,0.0001836544534668228,0.013365187036194963,0.00727144547726857,0.8345307074510342
75,10,345,0.0005235343833357451,0.012031968323698945,0.00018361606133671928,0.01321977338518511,0.007254556583206306,0.8294943299048194
75,10,350,0.0005205094264592418,0.011951823784703127,0.00018285099027354548,0.013131919488926926,0.00719180222509654,0.8218586590188388
75,10,355,0.000517387663539857,0.011880904213724225,0.0001801974305147727,0.013089935284127266,0.007154942227957146,0.8173484217538423
75,15,0,0.0004383072997088027,0.010169655703262585,0.0001368705101612109,0.012244203433661054,0.004393094094894113,0.6254066395147359
75,15,5,0.00043880400210870654,0.010220318627197422,0.00013677232399635043,0.012266060308858923,0.004395622195923829,0.6272243779290995
75,15,10,0.000440711224118007,0.010330940488372676,0.0001372241778801156,0.01233393527938609,0.004397719500939569,0.6207428510976561
75,15,15,0.00044436889134952164,0.010434290979980363,0.0001388232135093705,0.012458493278822468,0.004391643790627684,0.6244587665009655
75,15,20,0.000449138223296266,0.010526556684421887,0.00014044419113549804,0.012635757136775965,0.004374933278996687,0.6339152202659609
75,15,25,0.0004546330654949665,0.010667703453595412,0.00014150436416013584,0.01275483071547847,0.004339904271446744,0.6441749812734952
75,15,30,0.00046221014132376195,0.010904336322444249,0.00014443462862352967,0.01278824120957428,0.004522179379771249,0.6537576486573236
75,15,35,0.0004737336610663081,0.01122601128085795,0.0001520314774403099,0.012762740396563227,0.005419523074978604,0.6657532865797837
75,15,40,0.0004889535928853106,0.011570079283543698,0.0001633705200387069,0.012837420828476278,0.006292731449259431,0.7339266576388362
75,15,45,0.0005057629038545414,0.011850652749116146,0.00017206992469857548,0.01314703642108736,0.006644298017013884,0.7725141182212559
75,15,50,0.0005234228711603964,0.012054937269282494,0.0001788725847840767,0.013626264465142927,0.0064720921887778254,0.7705214616483651
75,15,55,0.0005439213997879217,0.012315436039245434,0.00018806528693516037,0.014048415978749094,0.006362565129778126,0.77322297651152
75,15,60,0.0005689029396581695,0.012820061329021519,0.00020386340324743662,0.014282927239189516,0.006729835395370844,0.8133332023566793
75,15,65,0.0005964753123404295,0.013583318866203543,0.00022336734697629918,0.01447845804775057,0.00726331702902281,0.8141260883941888
75,15,70,0.0006228449622859393,0.014319456941084786,0.0002333945380313179,0.014715127985488723,0.007435181247707361,0.8974755192662367
75,15,75,0.0006468753841253425,0.014678302280661857,0.000240093987269751,0.015314176588596937,0.007302754008974569,0.9087817281024769
75,15,80,0.0006713184289300934,0.014614377318735699,0.0002447995471198342,0.016102208001907647,0.007341325008826758,0.9342949972252227
75,15,85,0.0006992945432288469,0.014407150094259639,0.0002545270369635833,0.016713358243327953,0.007731699022420935,0.9309027564553796
75,15,90,0.0007310837730815836,0.014302550117130787,0.0002642674711473038,0.01687014798895102,0.007951259311239875,0.987823468760411
75,15,95,0.0007651534795636208,0.014250485652212668,0.00027381793377118145,0.01688083429954474,0.007539030217253389,0.9599887086722891
75,15,100,0.0008008018533931984,0.014058709029769157,0.0002854691900428725,0.017380872222936078,0.006822060802980109,0.9523214208930847
75,15,105,0.0008380303032389201,0.013686938321154892,0.0002950246298195022,0.018429054214309123,0.006367789380420914,0.994557600213607
75,15,110,0.0008754460707583473,0.013269824018816129,0.00030758993720676146,0.019524639622926332,0.0064790059175814825,0.9815722393133163
75,15,115,0.0009103844180978499,0.012910404764722057,0.00031916485295510047,0.020061411913249852,0.006864000107752373,1.0122023707595755
75,15,120,0.000941751752950604,0.012567492479343273,0.00032912468996228617,0.020185004711522174,0.006851539738510324,1.0156101061826956
75,15,125,0.0009714396061527193,0.012144709410173005,0.00033914092907134886,0.020125986169651115,0.0063162581304401205,1.0940398785282526
75,15,130,0.0010020154557739622,0.011591703338925577,0.0003509096347130104,0.020351531458656074,0.00562399450891309,1.0722800233983045
75,15,135,0.0010337867197650775,0.010896731475950962,0.00036400784920890845,0.02090404749008009,0.005114405941130008,1.0624026526140504
75,15,140,0.0010649797328821063,0.010075339318502626,0.00037674596254456873,0.02160091314380516,0.004892310943536881,1.0941225576928877
75,15,145,0.0010941795374919735,0.009217776482283847,0.0003883630395251107,0.022284956029910756,0.004884196378178298,1.1203848741483857
75,15,150,0.0011212902169598273,0.008478090257427491,0.00039617749394697897,0.022657025487492943,0.004995571335703715,1.1480769076677113
75,15,155,0.0011460985550781726,0.007959832815998777,0.0003977439052765784,0.02284603926587635,0.005035766453160463,1.1459216703214832
75,15,160,0.0011670365163267762,0.0076357487019587805,0.00040052603309892465,0.02296266399148826,0.004954604336977127,1.1623140067626139
75,15,165,0.0011821655451231625,0.007403505619681816,0.0004042734555958164,0.022989075095189958,0.004834246453930465,1.1742122486743607
75,15,170,0.0011910131970343674,0.007199083721155552,0.0004068907802291877,0.02298564866933045,0.0047383862691185,1.1696422567213296
75,15,175,0.0011949803538207834,0.0070402103610011845,0.00040743081922836686,0.022998239824783162,0.004679029055141341,1.1784882049779621
75,15,180,0.0011960125362517823,0.006979021244809493,0.0004072458521407951,0.023009735088350042,0.0046580591207311456,1.1957965648476363
75,15,185,0.0011949803538207834,0.0070402103610011845,0.00040743081922836686,0.022998239824783162,0.004679029055141341,1.1784882049779621
75,15,190,0.0011910131970343674,0.007199083721155552,0.0004068907802291877,0.02298564866933045,0.0047383862691185,1.1696422567213296
75,15,195,0.0011821655451231625,0.007403505619681816,0.0004042734555958164,0.022989075095189958,0.004834246453930465,1.1742122486743607
75,15,200,0.0011670365163267762,0.0076357487019587805,0.00040052603309892465,0.02296266399148826,0.004954604336977127,1.1623140067626139
75,15,205,0.0011460985550781726,0.007959832815998777,0.0003977439052765784,0.02284603926587635,0.005035766453160463,1.1459216703214832
75,15,210,0.0011212902169598273,0.008478090257427491,0.00039617749394697897,0.022657025487492943,0.004995571335703715,1.1480769076677113
75,15,215,0.0010941795374919735,0.009217776482283847,0.0003883630395251107,0.022284956029910756,0.004884196378178298,1.1203848741483857
75,15,220,0.0010649797328821063,0.010075339318502626,0.00037674596254456873,0.02160091314380516,0.004892310943536881,1.0941225576928877
75,15,225,0.0010337867197650775,0.010896731475950962,0.00036400784920890845,0.02090404749008009,0.005114405941130008,1.0624026526140504
75,15,230,0.0010020154557739622,0.011591703338925577,0.0003509096347130104,0.020351531458656074,0.00562399450891309,1.0722800233983045
75,15,235,0.0009714396061527193,0.012144709410173005,0.00033914092907134886,0.020125986169651115,0.0063162581304401205,1.0940398785282526
75,15,240,0.000941751752950604,0.012567492479343273,0.00032912468996228617,0.020185004711522174,0.006851539738510324,1.0156101061826956
75,15,245,0.0009103844180978499,0.012910404764722057,0.00031916485295510047,0.020061411913249852,0.006864000107752373,1.0122023707595755
75,15,250,0.0008754460707583473,0.013269824018816129,0.00030758993720676146,0.019524639622926332,0.0064790059175814825,0.9815722393133163
75,15,255,0.0008380303032389201,0.013686938321154892,0.0002950246298195022,0.018429054214309123,0.006367789380420914,0.994557600213607
75,15,260,0.0008008018533931984,0.014058709029769157,0.0002854691900428725,0.017380872222936078,0.006822060802980109,0.9523214208930847
75,15,265,0.0007651534795636208,0.014250485652212668,0.00027381793377118145,0.01688083429954474,0.007539030217253389,0.9599887086722891
75,15,270,0.0007310837730815836,0.014302550117130787,0.0002642674711473038,0.01687014798895102,0.007951259311239875,0.987823468760411
75,15,275,0.0006992945432288469,0.014407150094259639,0.0002545270369635833,0.016713358243327953,0.007731699022420935,0.9309027564553796
75,15,280,0.0006713184289300934,0.014614377318735699,0.0002447995471198342,0.016102208001907647,0.007341325008826758,0.9342949972252227
75,15,285,0.0006468753841253425,0.014678302280661857,0.000240093987269751,0.015314176588596937,0.007302754008974569,0.9087817281024769
75,15,290,0.0006228449622859393,0.014319456941084786,0.0002333945380313179,0.014715127985488723,0.007435181247707361,0.8974755192662367
75,15,295,0.0005964753123404295,0.013583318866203543,0.00022336734697629918,0.01447845804775057,0.00726331702902281,0.8141260883941888
75,15,300,0.0005689029396581695,0.012820061329021519,0.00020386340324743662,0.014282927239189516,0.006729835395370844,0.8133332023566793
75,15,305,0.0005439213997879217,0.012315436039245434,0.00018806528693516037,0.014048415978749094,0.006362565129778126,0.77322297651152
75,15,310,0.0005234228711603964,0.012054937269282494,0.0001788725847840767,0.013626264465142927,0.0064720921887778254,0.7705214616483651
75,15,315,0.0005057629038545414,0.011850652749116146,0.00017206992469857548,0.01314703642108736,0.006644298017013884,0.7725141182212559
75,15,320,0.0004889535928853106,0.011570079283543698,0.0001633705200387069,0.012837420828476278,0.006292731449259431,0.7339266576388362
75,15,325,0.0004737336610663081,0.01122601128085795,0.0001520314774403099,0.012762740396563227,0.005419523074978604,0.6657532865797837
75,15,330,0.00046221014132376195,0.010904336322444249,0.00014443462862352967,0.01278824120957428,0.004522179379771249,0.6537576486573236
75,15,335,0.0004546330654949665,0.010667703453595412,0.00014150436416013584,0.01275483071547847,0.004339904271446744,0.6441749812734952
75,15,340,0.000449138223296266,0.010526556684421887,0.00014044419113549804,0.012635757136775965,0.004374933278996687,0.6339152202659609
75,15,345,0.00044436889134952164,0.010434290979980363,0.0001388232135093705,0.012458493278822468,0.004391643790627684,0.6244587665009655
75,15,350,0.000440711224118007,0.010330940488372676,0.0001372241778801156,0.01233393527938609,0.004397719500939569,0.6207428510976561
75,15,355,0.00043880400210870654,0.010220318627197422,0.00013677232399635043,0.012266060308858923,0.004395622195923829,0.6272243779290995
75,20,0,0.00038292650373682874,0.009926122710148663,0.0001267549048572709,0.010456607022974214,0.0047767516410400284,0.5574353893263875
75,20,5,0.000382691916339801,0.009881287903211312,0.0001246489279236795,0.010508344282758542,0.004773979440328831,0.5596855354703405
75,20,10,0.00038272962290713045,0.009801489746495067,0.00012050532835543911,0.01061512385914327,0.004768203993369466,0.5663773190227932
75,20,15,0.00038459330917432234,0.009797660637019583,0.00011786741670372037,0.010679664706813268,0.004753911875142643,0.5755408603241263
75,20,20,0.0003893540274497488,0.009916163408674563,0.00011952158352396139,0.0106839661134147,0.004711550972792534,0.5839520981430375
75,20,25,0.00039691340249622953,0.010051450516599503,0.00012127861938140668,0.010763909258425566,0.004634034365369119,0.6010738425606986
75,20,30,0.0004064662642194279,0.010040432115291103,0.0001230561909471655,0.011135969615860932,0.004544379465619166,0.6227619981732851
75,20,35,0.0004174556351245395,0.009924954034895926,0.0001258567115799262,0.011902392617550092,0.0044693696128617014,0.6157440297600787
75,20,40,0.0004300938840345221,0.009990847070470203,0.00012984470951324335,0.012542346772057116,0.004407950109455327,0.6238133965441026
75,20,45,0.0004452526276286289,0.010434896311234683,0.00013544308256724022,0.012816028855985609,0.004340103874926464,0.6426888863196094
75,20,50,0.00046407007082142297,0.01111245275131049,0.00014512752989810944,0.012917735038883028,0.005134675133695898,0.6623817195953383
75,20,55,0.000487620290524602,0.011720888173445283,0.00016001049843591226,0.013161234760247692,0.006203465698385628,0.7307034712426085
75,20,60,0.0005164375964837606,0.012211475371470593,0.0001726230666617124,0.013560603943832693,0.006811609253275635,0.7925116043869402
75,20,65,0.000549870418435741,0.012833044420822831,0.00019062799999126218,0.014027936239059341,0.006971117764563504,0.8209852091270036
75,20,70,0.0005858259655007261,0.013699737375132425,0.0002123023784230925,0.01462179664077021,0.007026810543270943,0.7953643502963509
75,20,75,0.0006217269892703058,0.01453066142635435,0.00022754945418232246,0.015168570551543515,0.007311298118527404,0.8997104801375074
75,20,80,0.0006565590775696531,0.014956642950203651,0.00023846381858799986,0.015843825742974122,0.007751428165790845,0.9586068592966441
75,20,85,0.0006924256291219247,0.014940446198765221,0.0002507718036251828,0.016453955097991205,0.007972762605950517,0.8774814717763566
75,20,90,0.0007332981249537299,0.014739535564947252,0.0002624689178479019,0.016816623193013924,0.007715946163419999,0.9572657442304757
75,20,95,0.0007811250008032435,0.014546619580527855,0.00027638280236128064,0.017368699884364555,0.007234920679758847,0.9625814075651871
75,20,100,0.0008330569338017759,0.014339702496656224,0.00029261168070763297,0.018346034135065838,0.0069258653361962035,1.0072367907051276
75,20,105,0.0008835488045760183,0.01403410885238814,0.00030877581543291115,0.01928654217161988,0.006956379869530276,0.9791957059712182
75,20,110,0.0009299418005065865,0.013582119261271544,0.0003238234232424814,0.01976185743869812,0.006879208086943802,1.0084706549650888
75,20,115,0.0009754018606141918,0.012933598404129361,0.00033986318328562554,0.020007973014540006,0.00636870231581573,1.0922142832237252
75,20,120,0.0010251580314345008,0.012049880400374417,0.00035932445679873973,0.020585594825085048,0.00579133255436885,1.0980907738446182
75,20,125,0.0010799634383600772,0.010973934807240609,0.0003813865820524809,0.021610245234363598,0.0055263905189898484,1.11022924928528
75,20,130,0.0011346440989100665,0.009835794816837242,0.00039983349209161707,0.022673333669711825,0.005597192651341413,1.1109399298013023
75,20,135,0.0011835880082019627,0.008736060166878827,0.0004054691909219626,0.023281925179557895,0.005561747277859904,1.1093337369884773
75,20,140,0.0012263907895000044,0.007666919171812903,0.00041366834385739206,0.0230472972603359,0.005046718227144616,1.169788742333577
75,20,145,0.0012665563346379895,0.006580302956073942,0.00042523070703040684,0.022630261513723913,0.004303861978040856,1.2010337279876593
75,20,150,0.0013053963168697235,0.005469096362259411,0.0004377275739959668,0.02215292627149315,0.003760799316032026,1.2235001380590345
75,20,155,0.0013393967800866668,0.004392129641808186,0.00044701092329234044,0.021745014502603986,0.0034464765521458043,1.2114817355180696
75,20,160,0.0013642764368560923,0.0034786156125394137,0.0004505826913835144,0.021554266184081225,0.003275443550003949,1.2280235812625242
75,20,165,0.0013799249266825356,0.0028903784343600387,0.0004497439827287281,0.021727954577424685,0.0027982109411630097,1.2582254286059897
75,20,170,0.0013897544221054669,0.002661033530421659,0.00044795409829858496,0.022122714110816254,0.002557595998193143,1.271795038211934
75,20,175,0.0013961438626570802,0.0026291190352461724,0.000447273156041021,0.02221735282823696,0.002534703929703463,1.2696499789348854
75,20,180,0.0013985589341489104,0.0026356244116999914,0.00044727483027562093,0.022195089563375493,0.0025543842297566727,1.2676818440149162
75,20,185,0.0013961438626570802,0.0026291190352461724,0.000447273156041021,0.02221735282823696,0.002534703929703463,1.2696499789348854
75,20,190,0.0013897544221054669,0.002661033530421659,0.00044795409829858496,0.022122714110816254,0.002557595998193143,1.271795038211934
75,20,195,0.0013799249266825356,0.0028903784343600387,0.0004497439827287281,0.021727954577424685,0.0027982109411630097,1.2582254286059897
75,20,200,0.0013642764368560923,0.0034786156125394137,0.0004505826913835144,0.021554266184081225,0.003275443550003949,1.2280235812625242
75,20,205,0.0013393967800866668,0.004392129641808186,0.00044701092329234044,0.021745014502603986,0.0034464765521458043,1.2114817355180696
75,20,210,0.0013053963168697235,0.005469096362259411,0.0004377275739959668,0.02215292627149315,0.003760799316032026,1.2235001380590345
75,20,215,0.0012665563346379895,0.006580302956073942,0.00042523070703040684,0.022630261513723913,0.004303861978040856,1.2010337279876593
75,20,220,0.0012263907895000044,0.007666919171812903,0.00041366834385739206,0.0230472972603359,0.005046718227144616,1.169788742333577
75,20,225,0.0011835880082019627,0.008736060166878827,0.0004054691909219626,0.023281925179557895,0.005561747277859904,1.1093337369884773
75,20,230,0.0011346440989100665,0.009835794816837242,0.00039983349209161707,0.022673333669711825,0.005597192651341413,1.1109399298013023
75,20,235,0.0010799634383600772,0.010973934807240609,0.0003813865820524809,0.021610245234363598,0.0055263905189898484,1.11022924928528
75,20,240,0.0010251580314345008,0.012049880400374417,0.00035932445679873973,0.020585594825085048,0.00579133255436885,1.0980907738446182
75,20,245,0.0009754018606141918,0.012933598404129361,0.00033986318328562554,0.020007973014540006,0.00636870231581573,1.0922142832237252
75,20,250,0.0009299418005065865,0.013582119261271544,0.0003238234232424814,0.01976185743869812,0.006879208086943802,1.0084706549650888
75,20,255,0.0008835488045760183,0.01403410885238814,0.00030877581543291115,0.01928654217161988,0.006956379869530276,0.9791957059712182
75,20,260,0.0008330569338017759,0.014339702496656224,0.00029261168070763297,0.018346034135065838,0.0069258653361962035,1.0072367907051276
75,20,265,0.0007811250008032435,0.014546619580527855,0.00027638280236128064,0.017368699884364555,0.007234920679758847,0.9625814075651871
75,20,270,0.0007332981249537299,0.014739535564947252,0.0002624689178479019,0.016816623193013924,0.007715946163419999,0.9572657442304757
75,20,275,0.0006924256291219247,0.014940446198765221,0.0002507718036251828,0.016453955097991205,0.007972762605950517,0.8774814717763566
75,20,280,0.0006565590775696531,0.014956642950203651,0.00023846381858799986,0.015843825742974122,0.007751428165790845,0.9586068592966441
75,20,285,0.0006217269892703058,0.01453066142635435,0.00022754945418232246,0.015168570551543515,0.007311298118527404,0.8997104801375074
75,20,290,0.0005858259655007261,0.013699737375132425,0.0002123023784230925,0.01462179664077021,0.007026810543270943,0.7953643502963509
75,20,295,0.000549870418435741,0.012833044420822831,0.00019062799999126218,0.014027936239059341,0.006971117764563504,0.8209852091270036
75,20,300,0.0005164375964837606,0.012211475371470593,0.0001726230666617124,0.013560603943832693,0.006811609253275635,0.7925116043869402
75,20,305,0.000487620290524602,0.011720888173445283,0.00016001049843591226,0.013161234760247692,0.006203465698385628,0.7307034712426085
75,20,310,0.00046407007082142297,0.01111245275131049,0.00014512752989810944,0.012917735038883028,0.005134675133695898,0.6623817195953383
75,20,315,0.0004452526276286289,0.010434896311234683,0.00013544308256724022,0.012816028855985609,0.004340103874926464,0.6426888863196094
75,20,320,0.0004300938840345221,0.009990847070470203,0.00012984470951324335,0.012542346772057116,0.004407950109455327,0.6238133965441026
75,20,325,0.0004174556351245395,0.009924954034895926,0.0001258567115799262,0.011902392617550092,0.0044693696128617014,0.6157440297600787
75,20,330,0.0004064662642194279,0.010040432115291103,0.0001230561909471655,0.011135969615860932,0.004544379465619166,0.6227619981732851
75,20,335,0.00039691340249622953,0.010051450516599503,0.00012127861938140668,0.010763909258425566,0.004634034365369119,0.6010738425606986
75,20,340,0.0003893540274497488,0.009916163408674563,0.00011952158352396139,0.0106839661134147,0.004711550972792534,0.5839520981430375
75,20,345,0.00038459330917432234,0.009797660637019583,0.00011786741670372037,0.010679664706813268,0.004753911875142643,0.5755408603241263
75,20,350,0.00038272962290713045,0.009801489746495067,0.00012050532835543911,0.01061512385914327,0.004768203993369466,0.5663773190227932
75,20,355,0.000382691916339801,0.009881287903211312,0.0001246489279236795,0.010508344282758542,0.004773979440328831,0.5596855354703405
75,25,0,0.00031421222124668104,0.008063455783662524,9.293767998572481e-05,0.00908313325758377,0.0047935640267930905,0.46881320222060274
75,25,5,0.000315554671329564,0.007974644040931437,9.234168670920048e-05,0.009066840176264631,0.004774197227698766,0.48068753490323257
75,25,10,0.00031965457185789345,0.00787584607867664,9.422005996119693e-05,0.009089028559340535,0.0047189983752938605,0.484391533358147
75,25,15,0.0003265774485678684,0.007980573605170902,9.84617222061562e-05,0.00922465957474279,0.004654724257680106,0.4810577327606417
75,25,20,0.00033583384796563413,0.008253951832658752,0.00010423855599768408,0.009530205824494393,0.004638429459779106,0.4837800920113513
75,25,25,0.0003460749761630775,0.00861637220992195,0.00011092217298131445,0.009857208560902303,0.004698112978997209,0.4934116660158563
75,25,30,0.0003561251705525197,0.009117210917571854,0.00011255605866567018,0.010152925515107825,0.004774206036378312,0.525193478609289
75,25,35,0.0003666040934932708,0.00965335986789453,0.00010998204933990088,0.010350341767753164,0.004769012627753843,0.5626884715834
75,25,40,0.00037958999086463996,0.009896839017337998,0.00011332320011809508,0.010663891184549867,0.00466228506899784,0.5995980574657538
75,25,45,0.0003961668816369803,0.00980851864590576,0.00011718010068552647,0.011575155578132452,0.004529233096405882,0.6396345549909834
75,25,50,0.00041561860238035434,0.009874101633876762,0.00012128185517422136,0.012606715260818836,0.0044281623860943,0.6402110149279925
75,25,55,0.00043819992419086816,0.010458379103458433,0.00013140472829362496,0.01312679701176915,0.004347755538864391,0.6671165488236008
75,25,60,0.00046719679942079217,0.011375607859324054,0.00014558043075542067,0.013277479680967211,0.005720093994937546,0.7072627876389196
75,25,65,0.000505542793446858,0.012316543253051008,0.00016263672530173563,0.013589009071719622,0.006842180602987828,0.7935311293141971
75,25,70,0.0005506842111404672,0.01328750686229007,0.00018890773313428406,0.014318064026936406,0.007179231276002134,0.801029737513289
75,25,75,0.0005960672016786153,0.014322977875701378,0.0002132850869329692,0.015104266379231089,0.007334084405672535,0.8922852835879218
75,25,80,0.0006390325616151549,0.015099222827332835,0.00022898997074557526,0.015779306462152653,0.007706934888555864,0.9459160921015989
75,25,85,0.000684664971005871,0.01530606245394856,0.0002458293684621535,0.01645883046912809,0.007904790259184162,0.8847467890649383
75,25,90,0.0007392988960664652,0.015143121188599564,0.00026305060319899284,0.017080617806449337,0.007709543206728335,0.9596868620597913
75,25,95,0.0008020058830732844,0.015003033876717158,0.00028077295861503575,0.017937577006892125,0.007475107513512542,0.9965108985075681
75,25,100,0.00086600787426791,0.014879621619095236,0.0002995828732835744,0.018905529946645322,0.007361943128968087,1.0469195630668167
75,25,105,0.0009279829191606737,0.014458235774424153,0.00032078605628883816,0.019591665039978973,0.007051367198012774,1.0469656343046512
75,25,110,0.0009919475235580094,0.013634615860095383,0.0003454150053663809,0.02006151532051268,0.006442712326611151,1.097184313389424
75,25,115,0.0010625963237192726,0.012566295539898733,0.0003729320836941951,0.020844648794887843,0.006141385880290214,1.128350932370351
75,25,120,0.001138283974773809,0.011330241351863909,0.00040145101360410367,0.022117219339980475,0.006289955003377678,1.1119509387301432
75,25,125,0.0012131913740550376,0.00988413179504099,0.0004116606977569255,0.02321902307401883,0.0061707768010336155,1.1183706015257444
75,25,130,0.0012839142499604123,0.00826099972179345,0.00042714996895051264,0.023244533953782703,0.00501962848488069,1.181706243744324
75,25,135,0.0013502752818566593,0.006550707318863398,0.00044949773970208266,0.022313532463443073,0.004015061082673176,1.189773488909351
75,25,140,0.001411069332010715,0.004789699437815466,0.00046810862826154615,0.02176433639369117,0.003679640626365069,1.199458117399464
75,25,145,0.001463757898082901,0.0031933313428240723,0.0004734024175615196,0.021854788143205864,0.0030727528222732566,1.2622553838158315
75,25,150,0.0015091054587534798,0.002540803250720519,0.0004683250113501078,0.023178041914923477,0.00241581983698473,1.1988908959577906
75,25,155,0.0015515755535893405,0.0031260547849688413,0.0004804242221473111,0.023900821920844206,0.0025940836489182135,1.0671494047206644
75,25,160,0.0015922076773198443,0.004063900178072578,0.0004971361717405146,0.023958487111726212,0.0029257830960404472,1.057374500391143
75,25,165,0.0016242023899722957,0.005056168141553421,0.0005068379544896952,0.02382611871428599,0.0033025536042341655,1.0436504406016949
75,25,170,0.0016400185186156262,0.006044325793100299,0.0005058904449545499,0.02372903775808986,0.00360324623481045,1.003118167121475
75,25,175,0.001641870901282358,0.006807134469526271,0.0004986343523594597,0.023636440100418293,0.0037767378868525255,1.099139097781531
75,25,180,0.00164043196852608,0.00709600807324957,0.0004945537087304675,0.02358525116748858,0.003827668822493892,1.143931210260412
75,25,185,0.001641870901282358,0.006807134469526271,0.0004986343523594597,0.023636440100418293,0.0037767378868525255,1.099139097781531
75,25,190,0.0016400185186156262,0.006044325793100299,0.0005058904449545499,0.02372903775808986,0.00360324623481045,1.003118167121475
75,25,195,0.0016242023899722957,0.005056168141553421,0.0005068379544896952,0.02382611871428599,0.0033025536042341655,1.0436504406016949
75,25,200,0.0015922076773198443,0.004063900178072578,0.0004971361717405146,0.023958487111726212,0.0029257830960404472,1.057374500391143
75,25,205,0.0015515755535893405,0.0031260547849688413,0.0004804242221473111,0.023900821920844206,0.0025940836489182135,1.0671494047206644
75,25,210,0.0015091054587534798,0.002540803250720519,0.0004683250113501078,0.023178041914923477,0.00241581983698473,1.1988908959577906
75,25,215,0.001463757898082901,0.0031933313428240723,0.0004734024175615196,0.021854788143205864,0.0030727528222732566,1.2622553838158315
75,25,220,0.001411069332010715,0.004789699437815466,0.00046810862826154615,0.02176433639369117,0.003679640626365069,1.199458117399464
75,25,225,0.0013502752818566593,0.006550707318863398,0.00044949773970208266,0.022313532463443073,0.004015061082673176,1.189773488909351
75,25,230,0.0012839142499604123,0.00826099972179345,0.00042714996895051264,0.023244533953782703,0.00501962848488069,1.181706243744324
75,25,235,0.0012131913740550376,0.00988413179504099,0.0004116606977569255,0.02321902307401883,0.0061707768010336155,1.1183706015257444
75,25,240,0.001138283974773809,0.011330241351863909,0.00040145101360410367,0.022117219339980475,0.006289955003377678,1.1119509387301432
75,25,245,0.0010625963237192726,0.012566295539898733,0.0003729320836941951,0.020844648794887843,0.006141385880290214,1.128350932370351
75,25,250,0.0009919475235580094,0.013634615860095383,0.0003454150053663809,0.02006151532051268,0.006442712326611151,1.097184313389424
75,25,255,0.0009279829191606737,0.014458235774424153,0.00032078605628883816,0.019591665039978973,0.007051367198012774,1.0469656343046512
75,25,260,0.00086600787426791,0.014879621619095236,0.0002995828732835744,0.018905529946645322,0.007361943128968087,1.0469195630668167
75,25,265,0.0008020058830732844,0.015003033876717158,0.00028077295861503575,0.017937577006892125,0.007475107513512542,0.9965108985075681
75,25,270,0.0007392988960664652,0.015143121188599564,0.00026305060319899284,0.017080617806449337,0.007709543206728335,0.9596868620597913
75,25,275,0.000684664971005871,0.01530606245394856,0.0002458293684621535,0.01645883046912809,0.007904790259184162,0.8847467890649383
75,25,280,0.0006390325616151549,0.015099222827332835,0.00022898997074557526,0.015779306462152653,0.007706934888555864,0.9459160921015989
75,25,285,0.0005960672016786153,0.014322977875701378,0.0002132850869329692,0.015104266379231089,0.007334084405672535,0.8922852835879218
75,25,290,0.0005506842111404672,0.01328750686229007,0.00018890773313428406,0.014318064026936406,0.007179231276002134,0.801029737513289
75,25,295,0.000505542793446858,0.012316543253051008,0.00016263672530173563,0.013589009071719622,0.006842180602987828,0.7935311293141971
75,25,300,0.00046719679942079217,0.011375607859324054,0.00014558043075542067,0.013277479680967211,0.005720093994937546,0.7072627876389196
75,25,305,0.00043819992419086816,0.010458379103458433,0.00013140472829362496,0.01312679701176915,0.004347755538864391,0.6671165488236008
75,25,310,0.00041561860238035434,0.009874101633876762,0.00012128185517422136,0.012606715260818836,0.0044281623860943,0.6402110149279925
75,25,315,0.0003961668816369803,0.00980851864590576,0.00011718010068552647,0.011575155578132452,0.004529233096405882,0.6396345549909834
75,25,320,0.00037958999086463996,0.009896839017337998,0.00011332320011809508,0.010663891184549867,0.00466228506899784,0.5995980574657538
75,25,325,0.0003666040934932708,0.00965335986789453,0.00010998204933990088,0.010350341767753164,0.004769012627753843,0.5626884715834
75,25,330,0.0003561251705525197,0.009117210917571854,0.00011255605866567018,0.010152925515107825,0.004774206036378312,0.525193478609289
75,25,335,0.0003460749761630775,0.00861637220992195,0.00011092217298131445,0.009857208560902303,0.004698112978997209,0.4934116660158563
75,25,340,0.00033583384796563413,0.008253951832658752,0.00010423855599768408,0.009530205824494393,0.004638429459779106,0.4837800920113513
75,25,345,0.0003265774485678684,0.007980573605170902,9.84617222061562e-05,0.00922465957474279,0.004654724257680106,0.4810577327606417
75,25,350,0.00031965457185789345,0.00787584607867664,9.422005996119693e-05,0.009089028559340535,0.0047189983752938605,0.484391533358147
75,25,355,0.000315554671329564,0.007974644040931437,9.234168670920048e-05,0.009066840176264631,0.004774197227698766,0.48068753490323257
75,30,0,0.0002528882881337466,0.005553772739215246,6.392040768766561e-05,0.00808165536345789,0.004549867222449615,0.45954876644668224
75,30,5,0.0002549849616594376,0.005633899025749419,6.666998120465799e-05,0.008163950322747526,0.004613351013054671,0.45687048734716984
75,30,10,0.0002596163922278429,0.005945490559960603,7.148727901897314e-05,0.008317774906055564,0.0047128328748010555,0.4504776472413208
75,30,15,0.00026445628985494445,0.006486549557120294,7.243383518176251e-05,0.008272715963295025,0.004755547143061611,0.444025244983423
75,30,20,0.00027033763405171114,0.00699199425180869,6.959640700470587e-05,0.008326533594665514,0.004770057585593764,0.44613196972650765
75,30,25,0.00028029147556276127,0.007251434904118756,7.264722837810236e-05,0.008540241161950006,0.004697778822983627,0.45574477844482975
75,30,30,0.0002953835493718854,0.00744603177651641,8.120021163441444e-05,0.008881758001935847,0.004593811184376487,0.4712719798671836
75,30,35,0.00031346823783911116,0.007892147777508338,8.897530981374566e-05,0.009502196182111658,0.004564524975554029,0.48188418088109697
75,30,40,0.00033197546129726165,0.008563924036264613,9.6028547882104e-05,0.009872819942618788,0.004614490955369045,0.5077587556773977
75,30,45,0.0003503215333229264,0.009116900882310416,0.00010134378951291191,0.010374055404174146,0.004633434291695957,0.5724131738951941
75,30,50,0.00036970317505659583,0.009382667405463991,0.00010493977394460422,0.011420458102187728,0.00454637259312828,0.6348612689406397
75,30,55,0.0003926912923823784,0.00963234829850876,0.00010909233408040384,0.01263630811907893,0.0044043856924556495,0.6440407549307003
75,30,60,0.00042324961912424547,0.010255052781629005,0.00012181967177691102,0.013361111412781339,0.004503578373916216,0.6755029894085409
75,30,65,0.00046448167445959417,0.011368985360644667,0.00014162582811166934,0.013627238700540313,0.005871798583348898,0.7296470209477057
75,30,70,0.0005148690975855016,0.012780611203415932,0.00016790826027291046,0.014178019739391373,0.007019686778480918,0.8248176967464526
75,30,75,0.000568829331380449,0.014122312401658727,0.00019930196997765314,0.015019268674973786,0.00757105882216224,0.8510422067869554
75,30,80,0.000623037747803222,0.015057706617463109,0.00022185217393157035,0.015879443509753427,0.007741819474959007,0.9442938419991469
75,30,85,0.0006806632358873684,0.015480367364629398,0.00024211871066631262,0.01678127990015705,0.007888802607702743,0.9012220694516795
75,30,90,0.0007470398695013196,0.015548887439101051,0.00026211635726511046,0.017616434061128505,0.00796910067473294,0.994471194790477
75,30,95,0.0008222559194991878,0.015482734457074824,0.0002836417432967972,0.018400789961596595,0.00774155370190743,1.0271708558217112
75,30,100,0.0009015415847124144,0.015286487794373813,0.00030861405210566963,0.01912920571450924,0.007263932953983545,1.0611082287967928
75,30,105,0.0009829876648109696,0.0147521740118024,0.0003382203258308408,0.019935031907744538,0.006930514621198787,1.0985606546262243
75,30,110,0.001070676560473634,0.013749344420386837,0.000372678521540111,0.020998158110807682,0.00687077917638137,1.1487051505492576
75,30,115,0.0011678209165551234,0.012355428606154932,0.000408316206210034,0.022050193021512426,0.00668069414789581,1.1092266691423867
75,30,120,0.001269915509138568,0.010671656154683648,0.0004292010466351616,0.02265600797387784,0.005918523865793893,1.1630097839814026
75,30,125,0.0013683907842623327,0.008682808824409914,0.00045224736729333314,0.02306275901625179,0.004880769031405498,1.1667527146173076
75,30,130,0.0014596472848882568,0.006404763000649281,0.0004736083222824615,0.02263235127085951,0.004081566963715257,1.2215895930905238
75,30,135,0.0015461813510716377,0.004106496461423653,0.0004883731715639448,0.02233257279860068,0.0033129026313630286,1.2715607776749414
75,30,140,0.0016285807732499095,0.0026482371230255536,0.0005037716859486556,0.02293323439975105,0.002434655780353047,1.2093532932733293
75,30,145,0.001700793715607763,0.0035787008259777673,0.0005261382123308558,0.02331909444859894,0.002516292195947427,1.2004046049418777
75,30,150,0.001755776680137166,0.005889103925955612,0.0005361704136024256,0.023265968509933198,0.0032572030847480486,1.2251297532788374
75,30,155,0.0017932736888816407,0.00837896247635473,0.0005345429604770822,0.022973209942042015,0.004268249783597527,1.3388650942216156
75,30,160,0.0018190915423689225,0.01061457548084601,0.0005291795161726761,0.021062960873528113,0.004784277264219251,1.3767154360034248
75,30,165,0.001838085490843265,0.012476440866516308,0.0005253452902051915,0.018807504935699694,0.005217505895046814,1.4095876860732097
75,30,170,0.001851002702326722,0.013990125279535939,0.0005221528316008434,0.01711707512764716,0.00538801997845696,1.4337636206126239
75,30,175,0.0018576602901708879,0.01507026525484271,0.0005184131475966039,0.016044490709355014,0.0056721432368543705,1.4458342757640024
75,30,180,0.0018595017195393929,0.015476536512468175,0.000516504019176068,0.015776501356970368,0.005833257543754146,1.4492267903380538
75,30,185,0.0018576602901708879,0.01507026525484271,0.0005184131475966039,0.016044490709355014,0.0056721432368543705,1.4458342757640024
75,30,190,0.001851002702326722,0.013990125279535939,0.0005221528316008434,0.01711707512764716,0.00538801997845696,1.4337636206126239
75,30,195,0.001838085490843265,0.012476440866516308,0.0005253452902051915,0.018807504935699694,0.005217505895046814,1.4095876860732097
75,30,200,0.0018190915423689225,0.01061457548084601,0.0005291795161726761,0.021062960873528113,0.004784277264219251,1.3767154360034248
75,30,205,0.0017932736888816407,0.00837896247635473,0.0005345429604770822,0.022973209942042015,0.004268249783597527,1.3388650942216156
75,30,210,0.001755776680137166,0.005889103925955612,0.0005361704136024256,0.023265968509933198,0.0032572030847480486,1.2251297532788374
75,30,215,0.001700793715607763,0.0035787008259777673,0.0005261382123308558,0.02331909444859894,0.002516292195947427,1.2004046049418777
75,30,220,0.0016285807732499095,0.0026482371230255536,0.0005037716859486556,0.02293323439975105,0.002434655780353047,1.2093532932733293
75,30,225,0.0015461813510716377,0.004106496461423653,0.0004883731715639448,0.02233257279860068,0.0033129026313630286,1.2715607776749414
75,30,230,0.0014596472848882568,0.006404763000649281,0.0004736083222824615,0.02263235127085951,0.004081566963715257,1.2215895930905238
75,30,235,0.0013683907842623327,0.008682808824409914,0.00045224736729333314,0.02306275901625179,0.004880769031405498,1.1667527146173076
75,30,240,0.001269915509138568,0.010671656154683648,0.0004292010466351616,0.02265600797387784,0.005918523865793893,1.1630097839814026
75,30,245,0.0011678209165551234,0.012355428606154932,0.000408316206210034,0.022050193021512426,0.00668069414789581,1.1092266691423867
75,30,250,0.001070676560473634,0.013749344420386837,0.000372678521540111,0.020998158110807682,0.00687077917638137,1.1487051505492576
75,30,255,0.0009829876648109696,0.0147521740118024,0.0003382203258308408,0.019935031907744538,0.006930514621198787,1.0985606546262243
75,30,260,0.0009015415847124144,0.015286487794373813,0.00030861405210566963,0.01912920571450924,0.007263932953983545,1.0611082287967928
75,30,265,0.0008222559194991878,0.015482734457074824,0.0002836417432967972,0.018400789961596595,0.00774155370190743,1.0271708558217112
75,30,270,0.0007470398695013196,0.015548887439101051,0.00026211635726511046,0.017616434061128505,0.00796910067473294,0.994471194790477
75,30,275,0.0006806632358873684,0.015480367364629398,0.00024211871066631262,0.01678127990015705,0.007888802607702743,0.9012220694516795
75,30,280,0.000623037747803222,0.015057706617463109,0.00022185217393157035,0.015879443509753427,0.007741819474959007,0.9442938419991469
75,30,285,0.000568829331380449,0.014122312401658727,0.00019930196997765314,0.015019268674973786,0.00757105882216224,0.8510422067869554
75,30,290,0.0005148690975855016,0.012780611203415932,0.00016790826027291046,0.014178019739391373,0.007019686778480918,0.8248176967464526
75,30,295,0.00046448167445959417,0.011368985360644667,0.00014162582811166934,0.013627238700540313,0.005871798583348898,0.7296470209477057
75,30,300,0.00042324961912424547,0.010255052781629005,0.00012181967177691102,0.013361111412781339,0.004503578373916216,0.6755029894085409
75,30,305,0.0003926912923823784,0.00963234829850876,0.00010909233408040384,0.01263630811907893,0.0044043856924556495,0.6440407549307003
75,30,310,0.00036970317505659583,0.009382667405463991,0.00010493977394460422,0.011420458102187728,0.00454637259312828,0.6348612689406397
75,30,315,0.0003503215333229264,0.009116900882310416,0.00010134378951291191,0.010374055404174146,0.004633434291695957,0.5724131738951941
75,30,320,0.00033197546129726165,0.008563924036264613,9.6028547882104e-05,0.009872819942618788,0.004614490955369045,0.5077587556773977
75,30,325,0.00031346823783911116,0.007892147777508338,8.897530981374566e-05,0.009502196182111658,0.004564524975554029,0.48188418088109697
75,30,330,0.0002953835493718854,0.00744603177651641,8.120021163441444e-05,0.008881758001935847,0.004593811184376487,0.4712719798671836
75,30,335,0.00028029147556276127,0.007251434904118756,7.264722837810236e-05,0.008540241161950006,0.004697778822983627,0.45574477844482975
75,30,340,0.00027033763405171114,0.00699199425180869,6.959640700470587e-05,0.008326533594665514,0.004770057585593764,0.44613196972650765
75,30,345,0.00026445628985494445,0.006486549557120294,7.243383518176251e-05,0.008272715963295025,0.004755547143061611,0.444025244983423
75,30,350,0.0002596163922278429,0.005945490559960603,7.148727901897314e-05,0.008317774906055564,0.0047128328748010555,0.4504776472413208
75,30,355,0.0002549849616594376,0.005633899025749419,6.666998120465799e-05,0.008163950322747526,0.004613351013054671,0.45687048734716984
75,35,0,0.00018808565744639523,0.004485709875552745,2.9206432741672728e-05,0.010236159695814285,0.0036175220546266484,0.4110765087161785
75,35,5,0.00018823696412508754,0.004198246550662279,3.0384228838825546e-05,0.009945186340217214,0.0036899684050973203,0.4139364990801627
75,35,10,0.0001898892328370998,0.0035399850821248432,3.3120447277384165e-05,0.009150307855856975,0.003556340960967332,0.49912479341337457
75,35,15,0.0001952288116933926,0.003007648572879329,3.6152142684587035e-05,0.008212325898362377,0.0029946152993424817,0.49179420071081725
75,35,20,0.00020504107585858286,0.003208904671787425,3.960857906542279e-05,0.007342891962660802,0.0032927531545377626,0.4316628090850263
75,35,25,0.00021833394291152167,0.0042177890061311915,4.629521567821359e-05,0.007657074917501457,0.0038754816592081825,0.4270755977980496
75,35,30,0.00023426228535784657,0.0054183709941087385,5.326637259747604e-05,0.00819243851374033,0.0044223267151081835,0.4532677703866645
75,35,35,0.00025337437317458477,0.006358931112302758,5.921568533908414e-05,0.008481723380476848,0.004395885630931068,0.44167274645171195
75,35,40,0.0002761678963929424,0.007036392045468061,6.758899936916982e-05,0.008942226384203233,0.004360266527997535,0.4669451813210375
75,35,45,0.00030104910622139394,0.007646579294868615,7.86865194792423e-05,0.00994064153404339,0.004351861917084289,0.5046268092897181
75,35,50,0.000325545175192358,0.008254473432012811,8.675477701696258e-05,0.010927235216669823,0.004370363685244609,0.6117534184221178
75,35,55,0.00035041100282669907,0.008803742164237518,9.361430998494407e-05,0.011977518623689442,0.004349169773187425,0.6628549362923324
75,35,60,0.00038120182755421207,0.009409614055944295,0.00010142018638882372,0.013078737094923798,0.004258559327947647,0.6260591971785733
75,35,65,0.000423893632582429,0.010415340898468975,0.00011955743592793975,0.013839309605544897,0.005083259639839769,0.719274045305038
75,35,70,0.0004789389096654748,0.011989426280596953,0.00015040793292685943,0.014505743366857577,0.006478736503941573,0.787836439659303
75,35,75,0.0005412933947131701,0.01376802132370287,0.00018322594770686304,0.015235366739546763,0.007405508813377358,0.8045832394954985
75,35,80,0.000606876325949815,0.015103374950922564,0.00021232274667275838,0.016068816526355917,0.007884409941004845,0.9577226756974055
75,35,85,0.0006771718272821983,0.01572776539892221,0.00023728178736948493,0.01715524537921479,0.008061480605972643,0.9203481784416506
75,35,90,0.0007564521048152324,0.01591943479582473,0.0002621813415577107,0.018054959755420593,0.007964047181172319,1.0072944723270982
75,35,95,0.0008462437248970937,0.01598321684584573,0.00028821788730108537,0.018817785794732034,0.007746943080349957,1.0504553518732354
75,35,100,0.0009448367588855144,0.015830834186494103,0.0003198823851124329,0.019794778756706898,0.0076394495447095374,1.103503370299781
75,35,105,0.0010514271847045266,0.015157946673345777,0.00036024544680594763,0.02083080659390287,0.007601730247735897,1.0585725000225568
75,35,110,0.001167541594622453,0.013863663007106888,0.0004067109865431729,0.02152669486962847,0.007213519782704628,1.181232776481461
75,35,115,0.0012932246356104314,0.012105164448733994,0.00043648386951861216,0.022000229640445984,0.006382390776533832,1.1849732244966538
75,35,120,0.001423892530580926,0.010012668966584768,0.000466085374110573,0.022843387957833063,0.00537700144049667,1.1559139121793771
75,35,125,0.0015525665843456674,0.007538995994442284,0.0004937775263092817,0.023172018229028923,0.004411639402263564,1.2211121140266985
75,35,130,0.0016737979812569657,0.004729710771572094,0.0005187457181483942,0.022512024026530814,0.0034256176249184106,1.2363876252608839
75,35,135,0.0017837120513110143,0.00287539383136551,0.000549512266876797,0.02218938091663966,0.0027766831533215528,1.2824000942506562
75,35,140,0.001877778346306272,0.004743509886465831,0.0005708998351470007,0.02257765907740243,0.003353842577462525,1.3062959840686155
75,35,145,0.001951691376497651,0.00783027868261981,0.0005811746104540366,0.023242888794426944,0.003970294459669291,1.3467790195434088
75,35,150,0.0020050404477259427,0.010755334910646685,0.0005826742590868891,0.02013637163339122,0.004142630143761944,1.2765808064054034
75,35,155,0.0020417277954184986,0.013535280843145312,0.0005786731016551323,0.016020392878630448,0.005236217453392854,1.118810965791015
75,35,160,0.00206551929670468,0.01635413472246568,0.0005688800066930167,0.01593542006729369,0.006395343516853461,1.075210320402721
75,35,165,0.0020769641282737464,0.019123152955500704,0.0005504273074587226,0.01675582833397704,0.007230377640796153,1.1314238255769402
75,35,170,0.002076662209690886,0.021471521607956946,0.0005369330192551858,0.017006008569622862,0.0070311275925056095,1.2399010793152612
75,35,175,0.0020702049519850524,0.023014740860448555,0.0005301174269750231,0.017155562792361908,0.006366225294416781,1.3179017780381899
75,35,180,0.0020665542198233,0.023546070157374054,0.0005360733700621317,0.0171987270686464,0.006294314501571774,1.3462060410563885
75,35,185,0.0020702049519850524,0.023014740860448555,0.0005301174269750231,0.017155562792361908,0.006366225294416781,1.3179017780381899
75,35,190,0.002076662209690886,0.021471521607956946,0.0005369330192551858,0.017006008569622862,0.0070311275925056095,1.2399010793152612
75,35,195,0.0020769641282737464,0.019123152955500704,0.0005504273074587226,0.01675582833397704,0.007230377640796153,1.1314238255769402
75,35,200,0.00206551929670468,0.01635413472246568,0.0005688800066930167,0.01593542006729369,0.006395343516853461,1.075210320402721
75,35,205,0.0020417277954184986,0.013535280843145312,0.0005786731016551323,0.016020392878630448,0.005236217453392854,1.118810965791015
75,35,210,0.0020050404477259427,0.010755334910646685,0.0005826742590868891,0.02013637163339122,0.004142630143761944,1.2765808064054034
75,35,215,0.001951691376497651,0.00783027868261981,0.0005811746104540366,0.023242888794426944,0.003970294459669291,1.3467790195434088
75,35,220,0.001877778346306272,0.004743509886465831,0.0005708998351470007,0.02257765907740243,0.003353842577462525,1.3062959840686155
75,35,225,0.0017837120513110143,0.00287539383136551,0.000549512266876797,0.02218938091663966,0.0027766831533215528,1.2824000942506562
75,35,230,0.0016737979812569657,0.004729710771572094,0.0005187457181483942,0.022512024026530814,0.0034256176249184106,1.2363876252608839
75,35,235,0.0015525665843456674,0.007538995994442284,0.0004937775263092817,0.023172018229028923,0.004411639402263564,1.2211121140266985
75,35,240,0.001423892530580926,0.010012668966584768,0.000466085374110573,0.022843387957833063,0.00537700144049667,1.1559139121793771
75,35,245,0.0012932246356104314,0.012105164448733994,0.00043648386951861216,0.022000229640445984,0.006382390776533832,1.1849732244966538
75,35,250,0.001167541594622453,0.013863663007106888,0.0004067109865431729,0.02152669486962847,0.007213519782704628,1.181232776481461
75,35,255,0.0010514271847045266,0.015157946673345777,0.00036024544680594763,0.02083080659390287,0.007601730247735897,1.0585725000225568
75,35,260,0.0009448367588855144,0.015830834186494103,0.0003198823851124329,0.019794778756706898,0.0076394495447095374,1.103503370299781
75,35,265,0.0008462437248970937,0.01598321684584573,0.00028821788730108537,0.018817785794732034,0.007746943080349957,1.0504553518732354
75,35,270,0.0007564521048152324,0.01591943479582473,0.0002621813415577107,0.018054959755420593,0.007964047181172319,1.0072944723270982
75,35,275,0.0006771718272821983,0.01572776539892221,0.00023728178736948493,0.01715524537921479,0.008061480605972643,0.9203481784416506
75,35,280,0.000606876325949815,0.015103374950922564,0.00021232274667275838,0.016068816526355917,0.007884409941004845,0.9577226756974055
75,35,285,0.0005412933947131701,0.01376802132370287,0.00018322594770686304,0.015235366739546763,0.007405508813377358,0.8045832394954985
75,35,290,0.0004789389096654748,0.011989426280596953,0.00015040793292685943,0.014505743366857577,0.006478736503941573,0.787836439659303
75,35,295,0.000423893632582429,0.010415340898468975,0.00011955743592793975,0.013839309605544897,0.005083259639839769,0.719274045305038
75,35,300,0.00038120182755421207,0.009409614055944295,0.00010142018638882372,0.013078737094923798,0.004258559327947647,0.6260591971785733
75,35,305,0.00035041100282669907,0.008803742164237518,9.361430998494407e-05,0.011977518623689442,0.004349169773187425,0.6628549362923324
75,35,310,0.000325545175192358,0.008254473432012811,8.675477701696258e-05,0.010927235216669823,0.004370363685244609,0.6117534184221178
75,35,315,0.00030104910622139394,0.007646579294868615,7.86865194792423e-05,0.00994064153404339,0.004351861917084289,0.5046268092897181
75,35,320,0.0002761678963929424,0.007036392045468061,6.758899936916982e-05,0.008942226384203233,0.004360266527997535,0.4669451813210375
75,35,325,0.00025337437317458477,0.006358931112302758,5.921568533908414e-05,0.008481723380476848,0.004395885630931068,0.44167274645171195
75,35,330,0.00023426228535784657,0.0054183709941087385,5.326637259747604e-05,0.00819243851374033,0.0044223267151081835,0.4532677703866645
75,35,335,0.00021833394291152167,0.0042177890061311915,4.629521567821359e-05,0.007657074917501457,0.0038754816592081825,0.4270755977980496
75,35,340,0.00020504107585858286,0.003208904671787425,3.960857906542279e-05,0.007342891962660802,0.0032927531545377626,0.4316628090850263
75,35,345,0.0001952288116933926,0.003007648572879329,3.6152142684587035e-05,0.008212325898362377,0.0029946152993424817,0.49179420071081725
75,35,350,0.0001898892328370998,0.0035399850821248432,3.3120447277384165e-05,0.009150307855856975,0.003556340960967332,0.49912479341337457
75,35,355,0.00018823696412508754,0.004198246550662279,3.0384228838825546e-05,0.009945186340217214,0.0036899684050973203,0.4139364990801627
75,40,0,9.015955684006823e-05,0.01665297082704636,3.6059820938335284e-05,0.01632864666494612,0.00164933461425599,1.0220483664195563
75,40,5,9.548464565680738e-05,0.016122094534451487,3.6343050333920504e-05,0.016095298029079566,0.0016187838377874529,0.9983524346150161
75,40,10,0.00010858916588673932,0.014424662616533687,4.118038148148836e-05,0.01462881479374132,0.0018000106981836729,0.9301513954662082
75,40,15,0.00012376710661890153,0.01149780322626616,3.5808507805781386e-05,0.0138899881699972,0.00227979051760243,0.7457878183055564
75,40,20,0.00013748279252183068,0.0077447841992721155,2.1396066448073087e-05,0.011807819656856986,0.0032346146492974698,0.49627472631581176
75,40,25,0.00015042904031340593,0.00416562841485578,2.41022509298236e-05,0.011686085403292266,0.0033880287361309097,0.517466041453293
75,40,30,0.00016598902564665327,0.0026320993633798823,2.4869835651963705e-05,0.009624146207991404,0.002643329555536373,0.5743827959386454
75,40,35,0.0001871185903176394,0.0037626523741563006,3.230962959111785e-05,0.007640211993705733,0.0038370302815397216,0.4218697503178697
75,40,40,0.0002141255390013634,0.0050304449681606205,3.752353638447701e-05,0.008424172989324961,0.003926826336141863,0.45060841469034996
75,40,45,0.00024449525401602605,0.005920344613887929,4.8126729946167644e-05,0.008996561051419652,0.003908609935619103,0.44888051206204393
75,40,50,0.0002748457878130675,0.006659778913307797,6.46072800007621e-05,0.009875014788378256,0.003959438995937229,0.5483969143913847
75,40,55,0.00030457140656948815,0.007416806194272036,7.241914681120534e-05,0.011078300401239086,0.004011965463493541,0.6313642692032129
75,40,60,0.0003383449262547699,0.008265820197965885,8.110240921632445e-05,0.012603516726026368,0.004014192922902582,0.6653810560050581
75,40,65,0.00038352146050039775,0.009361956646766728,9.443595799617883e-05,0.014105886219837892,0.004369055125656165,0.7138053076471643
75,40,70,0.0004435539361587644,0.010928241827747655,0.00012301108693589958,0.014992392177559353,0.005842501533500666,0.7940826933168135
75,40,75,0.0005149151560609536,0.012906369460903575,0.00016051574303486754,0.015982794732964198,0.007059722180457707,0.8131486965568225
75,40,80,0.0005921707555905896,0.014713937293910464,0.00019918318134426677,0.016751262225465836,0.0078008764537583365,0.9119855902815361
75,40,85,0.0006751236173353353,0.01573163762526724,0.00023087007045691351,0.017694310638658707,0.007989153941176929,0.9387485729926608
75,40,90,0.000768746684737899,0.016008574057453123,0.0002586795390930531,0.01871351313495035,0.007821671941601844,1.0365622369055205
75,40,95,0.0008768251795444656,0.016045346960401174,0.00029303656309334885,0.01979472378456879,0.007688113138652473,1.1006356780913014
75,40,100,0.0009988841808279431,0.01594811645898701,0.00033698725883843806,0.020701171806350144,0.007700378986989985,1.1188950300675775
75,40,105,0.0011338662071540256,0.01529299692097052,0.0003887607989987857,0.021286914150338114,0.0075364167479497635,1.1652927221626521
75,40,110,0.0012829242807472583,0.013838327714516556,0.0004354827359203794,0.02180753288001619,0.00702906324131806,1.1862122956566208
75,40,115,0.0014454314889042717,0.01179518826770695,0.0004705411484608865,0.022602647207399518,0.0062001481750981365,1.1890988961244862
75,40,120,0.0016140585070416498,0.009295830422138744,0.0005070807214157102,0.023711898362318563,0.005091276254895388,1.187448313464071
75,40,125,0.001777346787859596,0.006267903790084803,0.0005507606560881959,0.022841814399101726,0.0038322916345261,1.274010905192935
75,40,130,0.001926911009302909,0.0034864769920242506,0.0005897716596832466,0.02195536635697304,0.0032228787284350677,1.2488343836358657
75,40,135,0.0020590062987297306,0.003947158363971689,0.0006222023553409655,0.022098991837010775,0.0033616332746212226,1.2784789016641316
75,40,140,0.0021685955919046145,0.006743803968850717,0.0006446555726464312,0.022789271325727237,0.003162848484438927,1.211100545818125
75,40,145,0.0022460658981357344,0.010227769356826578,0.0006454767289324551,0.01905022864733344,0.00415677003091306,1.1166887476512743
75,40,150,0.0022842128740328538,0.01456904973827272,0.0006186267896486145,0.014168756346947963,0.006134705245884352,1.048172412981438
75,40,155,0.0022885632840586936,0.01941513507428069,0.0005960061124103168,0.015929083739187746,0.0067449664756212375,1.3446527134537423
75,40,160,0.0022778588923696684,0.023912224010071252,0.0006927404007903114,0.016276310919585476,0.005463665479835413,1.4596651649347827
75,40,165,0.0022719436348593164,0.027573664617058895,0.0006075503976935327,0.017990166757005856,0.005976942013342915,1.5277954291261533
75,40,170,0.0022784084347454714,0.03043458691432281,0.0005708157433423986,0.019024666984024146,0.007040943348069841,1.5575466629227606
75,40,175,0.00229046506371805,0.03243919623265345,0.0006069077485037003,0.021327898785641147,0.006549764551725154,1.8230871734299614
75,40,180,0.0022963170035147085,0.033191771765951915,0.0006172021429321391,0.021762671342280937,0.006525450981020351,1.8419106623594839
75,40,185,0.00229046506371805,0.03243919623265345,0.0006069077485037003,0.021327898785641147,0.006549764551725154,1.8230871734299614
75,40,190,0.0022784084347454714,0.03043458691432281,0.0005708157433423986,0.019024666984024146,0.007040943348069841,1.5575466629227606
75,40,195,0.0022719436348593164,0.027573664617058895,0.0006075503976935327,0.017990166757005856,0.005976942013342915,1.5277954291261533
75,40,200,0.0022778588923696684,0.023912224010071252,0.0006927404007903114,0.016276310919585476,0.005463665479835413,1.4596651649347827
75,40,205,0.0022885632840586936,0.01941513507428069,0.0005960061124103168,0.015929083739187746,0.0067449664756212375,1.3446527134537423
75,40,210,0.0022842128740328538,0.01456904973827272,0.0006186267896486145,0.014168756346947963,0.006134705245884352,1.048172412981438
75,40,215,0.0022460658981357344,0.010227769356826578,0.0006454767289324551,0.01905022864733344,0.00415677003091306,1.1166887476512743
75,40,220,0.0021685955919046145,0.006743803968850717,0.0006446555726464312,0.022789271325727237,0.003162848484438927,1.211100545818125
75,40,225,0.0020590062987297306,0.003947158363971689,0.0006222023553409655,0.022098991837010775,0.0033616332746212226,1.2784789016641316
75,40,230,0.001926911009302909,0.0034864769920242506,0.0005897716596832466,0.02195536635697304,0.0032228787284350677,1.2488343836358657
75,40,235,0.001777346787859596,0.006267903790084803,0.0005507606560881959,0.022841814399101726,0.0038322916345261,1.274010905192935
75,40,240,0.0016140585070416498,0.009295830422138744,0.0005070807214157102,0.023711898362318563,0.005091276254895388,1.187448313464071
75,40,245,0.0014454314889042717,0.01179518826770695,0.0004705411484608865,0.022602647207399518,0.0062001481750981365,1.1890988961244862
75,40,250,0.0012829242807472583,0.013838327714516556,0.0004354827359203794,0.02180753288001619,0.00702906324131806,1.1862122956566208
75,40,255,0.0011338662071540256,0.01529299692097052,0.0003887607989987857,0.021286914150338114,0.0075364167479497635,1.1652927221626521
75,40,260,0.0009988841808279431,0.01594811645898701,0.00033698725883843806,0.020701171806350144,0.007700378986989985,1.1188950300675775
75,40,265,0.0008768251795444656,0.016045346960401174,0.00029303656309334885,0.01979472378456879,0.007688113138652473,1.1006356780913014
75,40,270,0.000768746684737899,0.016008574057453123,0.0002586795390930531,0.01871351313495035,0.007821671941601844,1.0365622369055205
75,40,275,0.0006751236173353353,0.01573163762526724,0.00023087007045691351,0.017694310638658707,0.007989153941176929,0.9387485729926608
75,40,280,0.0005921707555905896,0.014713937293910464,0.00019918318134426677,0.016751262225465836,0.0078008764537583365,0.9119855902815361
75,40,285,0.0005149151560609536,0.012906369460903575,0.00016051574303486754,0.015982794732964198,0.007059722180457707,0.8131486965568225
75,40,290,0.0004435539361587644,0.010928241827747655,0.00012301108693589958,0.014992392177559353,0.005842501533500666,0.7940826933168135
75,40,295,0.00038352146050039775,0.009361956646766728,9.443595799617883e-05,0.014105886219837892,0.004369055125656165,0.7138053076471643
75,40,300,0.0003383449262547699,0.008265820197965885,8.110240921632445e-05,0.012603516726026368,0.004014192922902582,0.6653810560050581
75,40,305,0.00030457140656948815,0.007416806194272036,7.241914681120534e-05,0.011078300401239086,0.004011965463493541,0.6313642692032129
75,40,310,0.0002748457878130675,0.006659778913307797,6.46072800007621e-05,0.009875014788378256,0.003959438995937229,0.5483969143913847
75,40,315,0.00024449525401602605,0.005920344613887929,4.8126729946167644e-05,0.008996561051419652,0.003908609935619103,0.44888051206204393
75,40,320,0.0002141255390013634,0.0050304449681606205,3.752353638447701e-05,0.008424172989324961,0.003926826336141863,0.45060841469034996
75,40,325,0.0001871185903176394,0.0037626523741563006,3.230962959111785e-05,0.007640211993705733,0.0038370302815397216,0.4218697503178697
75,40,330,0.00016598902564665327,0.0026320993633798823,2.4869835651963705e-05,0.009624146207991404,0.002643329555536373,0.5743827959386454
75,40,335,0.00015042904031340593,0.00416562841485578,2.41022509298236e-05,0.011686085403292266,0.0033880287361309097,0.517466041453293
75,40,340,0.00013748279252183068,0.0077447841992721155,2.1396066448073087e-05,0.011807819656856986,0.0032346146492974698,0.49627472631581176
75,40,345,0.00012376710661890153,0.01149780322626616,3.5808507805781386e-05,0.0138899881699972,0.00227979051760243,0.7457878183055564
75,40,350,0.00010858916588673932,0.014424662616533687,4.118038148148836e-05,0.01462881479374132,0.0018000106981836729,0.9301513954662082
75,40,355,9.548464565680738e-05,0.016122094534451487,3.6343050333920504e-05,0.016095298029079566,0.0016187838377874529,0.9983524346150161
75,45,0,3.735544335595198e-07,0.029647551677192557,2.8832108016099006e-05,0.029567185115130915,0.009299332072976582,1.7451978334000975
75,45,5,1.3836494325986104e-07,0.03002512652654329,2.552529403298913e-05,0.029771283019223264,0.009186566740304707,1.885699417433394
75,45,10,2.40524163478556e-07,0.030034522430753576,2.0311799485846736e-05,0.026686347837382222,0.004644801592317925,1.4215999164309587
75,45,15,2.132608555895088e-07,0.024245404512112486,2.047204591518713e-05,0.02297372344877409,0.003120377351264729,1.2571716873458887
75,45,20,2.3893708462001395e-05,0.016248416656169332,2.3430389429018178e-05,0.01601155142273287,0.004140098963847056,1.007974720548058
75,45,25,6.993671804672585e-05,0.012388070693431341,2.4712773968763296e-05,0.012491994966677817,0.003522912334927727,0.7337454392793026
75,45,30,9.539905267796217e-05,0.007289102085306559,2.0488232347840116e-05,0.010606543705814616,0.005057384291759565,0.6147156899610915
75,45,35,0.00011423066281310984,0.0029704978400884904,1.997102271816386e-05,0.011824545640018662,0.0028894876935449563,0.5913222059224712
75,45,40,0.00014240779721627628,0.0028248479773034154,2.580912329505679e-05,0.01232506413769829,0.0030084543080678506,0.6919670847004941
75,45,45,0.00017968359842021088,0.0040885490690419106,3.119543362038908e-05,0.00837435797871576,0.0032549450880430047,0.4662355781540043
75,45,50,0.0002162114124900725,0.0048478763462921366,4.071551865045221e-05,0.009090920385264845,0.003292206332776802,0.4348576939620745
75,45,55,0.00025076794117051895,0.005658091097494291,4.836655456008686e-05,0.010178632053417071,0.003438483955500694,0.60840985348625
75,45,60,0.0002918422950371497,0.006793180009837983,5.1775101466919066e-05,0.011821516174175952,0.005137406715626474,0.6747510959771132
75,45,65,0.0003449829983205449,0.008245883834439112,6.783864423933134e-05,0.014024485082516951,0.003688181002551481,0.652837117584885
75,45,70,0.0004094397788679746,0.009946528233428276,9.250230597587002e-05,0.01575022906980452,0.0053382343227317795,0.7889595812168178
75,45,75,0.00048557688591618735,0.011893809125888723,0.00013280092418208305,0.016657919646927703,0.0067429295670417486,0.8366078039992708
75,45,80,0.0005758479368558923,0.013941052161206877,0.00017525373470742445,0.01764386349728993,0.007304591052087294,0.8752850247918931
75,45,85,0.0006785892328900027,0.015524133004408889,0.00021889653450679007,0.018758300746930003,0.007600989304334796,0.9617250605284595
75,45,90,0.0007902944234641079,0.016102033344338126,0.00026036639132054687,0.019789482019179412,0.007860012158642155,1.0901972699854996
75,45,95,0.0009153281845654202,0.015904151933472287,0.0003029998922624618,0.020724875259560252,0.007894918537860847,1.147387853979358
75,45,100,0.001064306409686409,0.01560098761991305,0.0003563156577098816,0.02147523799061104,0.007693525313024818,1.1838274248873992
75,45,105,0.0012398886151043457,0.015196036286060898,0.0004199434225882403,0.02199622910256722,0.007409959438893616,1.20244687695565
75,45,110,0.0014324927861865018,0.01391441835261136,0.00046443838081556416,0.022466220385857615,0.006910430109470023,1.2086808865520773
75,45,115,0.0016334061111053996,0.011354520572511115,0.0005158793484365109,0.02315806595392164,0.005929082853982405,1.1819316681849577
75,45,120,0.0018419291678374167,0.008150243507532736,0.0005676264698130651,0.023517637487539392,0.004791546561427718,1.2208786814078474
75,45,125,0.002052662627944981,0.005191193813067135,0.0006297410418078589,0.022569403687103598,0.003911068085655983,1.2443657176736798
75,45,130,0.002245052885973261,0.0032028954118754624,0.0006832850306602266,0.02138398407406722,0.0030104571628571638,1.229235851244089
75,45,135,0.0023969640251963915,0.004494863608980731,0.0007100894974959582,0.02136501511395412,0.0024231107907895302,1.174908261443019
75,45,140,0.0025038203714021975,0.008745619385003981,0.000707968597842926,0.020545852695632714,0.0036364419809116356,1.093634378652044
75,45,145,0.00257265598600933,0.0139513580006888,0.0007052766510347065,0.013939019185429167,0.005454583934879973,1.2218048482909585
75,45,150,0.0026008183146932207,0.019051641837703272,0.0008150542316622683,0.015192898535253931,0.006637999101118992,1.7279164688373996
75,45,155,0.0025777016188494387,0.023772831510021707,0.0007317909518684221,0.015741037138874904,0.004685790272182129,1.7495776246120014
75,45,160,0.0025132016433818127,0.02865811595252157,0.0007026041477007153,0.019027076763580144,0.007013339603599596,1.8061597897945727
75,45,165,0.00248476420062068,0.03438569510972759,0.0009782104504490081,0.02331070023368481,0.009877221886522916,1.9448147714776893
75,45,170,0.0025142831159559523,0.04053045924397841,0.0011578898503893237,0.027034332886601675,0.01262388206147012,2.047776406018703
75,45,175,0.002563612562229617,0.04540448660318376,0.0013285457578157515,0.030828448994473255,0.016493521765925633,2.0318992695014115
75,45,180,0.0025941205159067046,0.04729954382147877,0.0013035322776201869,0.03197542489755131,0.017356756187250345,2.0922297861815826
75,45,185,0.002563612562229617,0.04540448660318376,0.0013285457578157515,0.030828448994473255,0.016493521765925633,2.0318992695014115
75,45,190,0.0025142831159559523,0.04053045924397841,0.0011578898503893237,0.027034332886601675,0.01262388206147012,2.047776406018703
75,45,195,0.00248476420062068,0.03438569510972759,0.0009782104504490081,0.02331070023368481,0.009877221886522916,1.9448147714776893
75,45,200,0.0025132016433818127,0.02865811595252157,0.0007026041477007153,0.019027076763580144,0.007013339603599596,1.8061597897945727
75,45,205,0.0025777016188494387,0.023772831510021707,0.0007317909518684221,0.015741037138874904,0.004685790272182129,1.7495776246120014
75,45,210,0.0026008183146932207,0.019051641837703272,0.0008150542316622683,0.015192898535253931,0.006637999101118992,1.7279164688373996
75,45,215,0.00257265598600933,0.0139513580006888,0.0007052766510347065,0.013939019185429167,0.005454583934879973,1.2218048482909585
75,45,220,0.0025038203714021975,0.008745619385003981,0.000707968597842926,0.020545852695632714,0.0036364419809116356,1.093634378652044
75,45,225,0.0023969640251963915,0.004494863608980731,0.0007100894974959582,0.02136501511395412,0.0024231107907895302,1.174908261443019
75,45,230,0.002245052885973261,0.0032028954118754624,0.0006832850306602266,0.02138398407406722,0.0030104571628571638,1.229235851244089
75,45,235,0.002052662627944981,0.005191193813067135,0.0006297410418078589,0.022569403687103598,0.003911068085655983,1.2443657176736798
75,45,240,0.0018419291678374167,0.008150243507532736,0.0005676264698130651,0.023517637487539392,0.004791546561427718,1.2208786814078474
75,45,245,0.0016334061111053996,0.011354520572511115,0.0005158793484365109,0.02315806595392164,0.005929082853982405,1.1819316681849577
75,45,250,0.0014324927861865018,0.01391441835261136,0.00046443838081556416,0.022466220385857615,0.006910430109470023,1.2086808865520773
75,45,255,0.0012398886151043457,0.015196036286060898,0.0004199434225882403,0.02199622910256722,0.007409959438893616,1.20244687695565
75,45,260,0.001064306409686409,0.01560098761991305,0.0003563156577098816,0.02147523799061104,0.007693525313024818,1.1838274248873992
75,45,265,0.0009153281845654202,0.015904151933472287,0.0003029998922624618,0.020724875259560252,0.007894918537860847,1.147387853979358
75,45,270,0.0007902944234641079,0.016102033344338126,0.00026036639132054687,0.019789482019179412,0.007860012158642155,1.0901972699854996
75,45,275,0.0006785892328900027,0.015524133004408889,0.00021889653450679007,0.018758300746930003,0.007600989304334796,0.9617250605284595
75,45,280,0.0005758479368558923,0.013941052161206877,0.00017525373470742445,0.01764386349728993,0.007304591052087294,0.8752850247918931
75,45,285,0.00048557688591618735,0.011893809125888723,0.00013280092418208305,0.016657919646927703,0.0067429295670417486,0.8366078039992708
75,45,290,0.0004094397788679746,0.009946528233428276,9.250230597587002e-05,0.01575022906980452,0.0053382343227317795,0.7889595812168178
75,45,295,0.0003449829983205449,0.008245883834439112,6.783864423933134e-05,0.014024485082516951,0.003688181002551481,0.652837117584885
75,45,300,0.0002918422950371497,0.006793180009837983,5.1775101466919066e-05,0.011821516174175952,0.005137406715626474,0.6747510959771132
75,45,305,0.00025076794117051895,0.005658091097494291,4.836655456008686e-05,0.010178632053417071,0.003438483955500694,0.60840985348625
75,45,310,0.0002162114124900725,0.0048478763462921366,4.071551865045221e-05,0.009090920385264845,0.003292206332776802,0.4348576939620745
75,45,315,0.00017968359842021088,0.0040885490690419106,3.119543362038908e-05,0.00837435797871576,0.0032549450880430047,0.4662355781540043
75,45,320,0.00014240779721627628,0.0028248479773034154,2.580912329505679e-05,0.01232506413769829,0.0030084543080678506,0.6919670847004941
75,45,325,0.00011423066281310984,0.0029704978400884904,1.997102271816386e-05,0.011824545640018662,0.0028894876935449563,0.5913222059224712
75,45,330,9.539905267796217e-05,0.007289102085306559,2.0488232347840116e-05,0.010606543705814616,0.005057384291759565,0.6147156899610915
75,45,335,6.993671804672585e-05,0.012388070693431341,2.4712773968763296e-05,0.012491994966677817,0.003522912334927727,0.7337454392793026
75,45,340,2.3893708462001395e-05,0.016248416656169332,2.3430389429018178e-05,0.01601155142273287,0.004140098963847056,1.007974720548058
75,45,345,2.132608555895088e-07,0.024245404512112486,2.047204591518713e-05,0.02297372344877409,0.003120377351264729,1.2571716873458887
75,45,350,2.40524163478556e-07,0.030034522430753576,2.0311799485846736e-05,0.026686347837382222,0.004644801592317925,1.4215999164309587
75,45,355,1.3836494325986104e-07,0.03002512652654329,2.552529403298913e-05,0.029771283019223264,0.009186566740304707,1.885699417433394
75,50,0,2.6463664371673135e-06,0.011164973632918634,3.994770129580466e-05,0.025608238577750554,0.009387753769357602,1.5509627353544773
75,50,5,7.720228648033789e-08,0.009963300690810833,3.808052757929732e-05,0.03247500848057887,0.008432121814915847,2.137203956001237
75,50,10,2.5857348712882144e-06,0.012461389818371277,3.3817985763088566e-05,0.03629605771780788,0.0056763931873270715,2.5939827279728123
75,50,15,3.6004473215334176e-07,0.022293864060372467,2.9066944096136672e-05,0.03330357264236314,0.013100486433871239,2.002143886510758
75,50,20,3.820362560469359e-07,0.03166064395342008,2.468213925000979e-05,0.03012275445356933,0.007349130201209119,1.4623949535318246
75,50,25,1.0016796993250754e-07,0.028151931528947533,2.0812600444016817e-05,0.02298385792302604,0.00370889719669348,1.1501217727189526
75,50,30,2.2447287352858614e-07,0.017531636182697163,9.767026253582577e-06,0.01630291268473771,0.0037711464069706373,0.8620757219071262
75,50,35,3.760915440100335e-05,0.008342672778376267,1.896407741716708e-05,0.010860963524212097,0.00591243368819267,0.6760661492690234
75,50,40,7.45604970054034e-05,0.0030049395274213916,2.6284912957478396e-05,0.009556862459598386,0.002196935334603639,0.5859293627423017
75,50,45,0.00010477953419664975,0.002312651606533548,2.959688785066474e-05,0.012437268940032064,0.0023020861653016205,0.7892639354773701
75,50,50,0.0001413844332161674,0.002896372913085896,3.1354583602989216e-05,0.015012835560541197,0.0027609952238213356,0.6019030304102737
75,50,55,0.00018956629800895644,0.0035549274016729335,3.127341706311588e-05,0.009923901980991391,0.0029147845548334918,0.6063852196949028
75,50,60,0.0002447418047484221,0.005037485702916692,4.008398085704728e-05,0.011595150301339181,0.0032945841833055757,0.6862274862467426
75,50,65,0.0003021384906487373,0.0071263827094788235,7.606757834924911e-05,0.014121854628165603,0.005884720663118667,0.7916205213131924
75,50,70,0.000368291902161701,0.008471516899415612,9.23883198743385e-05,0.016337267651456412,0.004870531163408356,0.8283894616780296
75,50,75,0.00045659653229800264,0.009866637998744822,0.00010582280518384515,0.017789146139136604,0.006527165721495956,0.8930987894612813
75,50,80,0.0005688650229096048,0.012521008603894783,0.0001518712588499619,0.018864811152713157,0.007231097116325016,0.9052606274501568
75,50,85,0.0006915993536951784,0.015258912317811998,0.00019970834087699486,0.02007415964621254,0.007292256291988001,1.0093415211723593
75,50,90,0.0008187205172686431,0.015814750724980627,0.00025119308751261546,0.021134160542232848,0.007466849655862652,1.1523599497534227
75,50,95,0.0009666520784003593,0.014749934467812807,0.0003125813970826308,0.021957498366279388,0.007932461024848892,1.216431451268848
75,50,100,0.0011552272559733553,0.014359134082053669,0.0003821770294059144,0.022545796609595402,0.007948317734095604,1.2502089744409792
75,50,105,0.001380622002357168,0.014657656009091774,0.00044868149878814906,0.022953764675711585,0.007199592140150689,1.247424524598006
75,50,110,0.001622886830979383,0.013500982449935438,0.0005125927693970973,0.02329193034989093,0.006313405468224596,1.215776914165011
75,50,115,0.001873828724075658,0.010337936640614479,0.0005765415315789908,0.02368072593646692,0.0056438335062264896,1.2048984134969514
75,50,120,0.002137317453129794,0.0070279006959761085,0.0006573611852457202,0.02305891735429953,0.00486945566529174,1.2151793958213608
75,50,125,0.002402231839547752,0.004714108876971329,0.0007277503963723127,0.021619802935076277,0.0035952947531551625,1.19507093335879
75,50,130,0.002636480303393394,0.0032784875968050672,0.0007782530939534349,0.020173141393976406,0.0025437268963301183,1.1619117937951327
75,50,135,0.0028161790817569435,0.0050423594850751725,0.0007511283582782007,0.02439367994645196,0.0024016245872569087,1.226005446440451
75,50,140,0.00294081643501707,0.010103727155020344,0.0008568730376966437,0.01683935038780221,0.0035415226280814047,1.4591772382524832
75,50,145,0.003004947232590538,0.01624570261376146,0.0009399645638157698,0.014230655152679648,0.006049916422983479,1.7148137180893674
75,50,150,0.002974105585051713,0.022088565844326252,0.0007648287710513499,0.015019315031209752,0.003917425893582577,1.9883021842232447
75,50,155,0.0028639727590258207,0.02717961510405841,0.0009518275411506787,0.021119552794339073,0.007570622618395213,2.0987197367306774
75,50,160,0.002730655704276601,0.03257700297371245,0.0012877242297190152,0.026885408760225337,0.010074129440920038,1.944076470712478
75,50,165,0.0014062490792751126,0.06429806482648032,0.0012341561041865796,0.02643947422228314,0.013689586409491744,1.7516204867519285
75,50,170,0.0010002552417585076,0.07951419132683593,0.0013321199160233853,0.02840533525134729,0.020099860647790214,2.201042122376058
75,50,175,0.0012770022141678217,0.09171913466115753,0.0017949344439630935,0.030022064928539996,0.019817633314632616,2.278581766029185
75,50,180,0.0015004271933537483,0.09650948827900638,0.001970628649464422,0.03193452689997475,0.020640800794581922,2.3372878691420897
75,50,185,0.0012770022141678217,0.09171913466115753,0.0017949344439630935,0.030022064928539996,0.019817633314632616,2.278581766029185
75,50,190,0.0010002552417585076,0.07951419132683593,0.0013321199160233853,0.02840533525134729,0.020099860647790214,2.201042122376058
75,50,195,0.0014062490792751126,0.06429806482648032,0.0012341561041865796,0.02643947422228314,0.013689586409491744,1.7516204867519285
75,50,200,0.002730655704276601,0.03257700297371245,0.0012877242297190152,0.026885408760225337,0.010074129440920038,1.944076470712478
75,50,205,0.0028639727590258207,0.02717961510405841,0.0009518275411506787,0.021119552794339073,0.007570622618395213,2.0987197367306774
75,50,210,0.002974105585051713,0.022088565844326252,0.0007648287710513499,0.015019315031209752,0.003917425893582577,1.9883021842232447
75,50,215,0.003004947232590538,0.01624570261376146,0.0009399645638157698,0.014230655152679648,0.006049916422983479,1.7148137180893674
75,50,220,0.00294081643501707,0.010103727155020344,0.0008568730376966437,0.01683935038780221,0.0035415226280814047,1.4591772382524832
75,50,225,0.0028161790817569435,0.0050423594850751725,0.0007511283582782007,0.02439367994645196,0.0024016245872569087,1.226005446440451
75,50,230,0.002636480303393394,0.0032784875968050672,0.0007782530939534349,0.020173141393976406,0.0025437268963301183,1.1619117937951327
75,50,235,0.002402231839547752,0.004714108876971329,0.0007277503963723127,0.021619802935076277,0.0035952947531551625,1.19507093335879
75,50,240,0.002137317453129794,0.0070279006959761085,0.0006573611852457202,0.02305891735429953,0.00486945566529174,1.2151793958213608
75,50,245,0.001873828724075658,0.010337936640614479,0.0005765415315789908,0.02368072593646692,0.0056438335062264896,1.2048984134969514
75,50,250,0.001622886830979383,0.013500982449935438,0.0005125927693970973,0.02329193034989093,0.006313405468224596,1.215776914165011
75,50,255,0.001380622002357168,0.014657656009091774,0.00044868149878814906,0.022953764675711585,0.007199592140150689,1.247424524598006
75,50,260,0.0011552272559733553,0.014359134082053669,0.0003821770294059144,0.022545796609595402,0.007948317734095604,1.2502089744409792
75,50,265,0.0009666520784003593,0.014749934467812807,0.0003125813970826308,0.021957498366279388,0.007932461024848892,1.216431451268848
75,50,270,0.0008187205172686431,0.015814750724980627,0.00025119308751261546,0.021134160542232848,0.007466849655862652,1.1523599497534227
75,50,275,0.0006915993536951784,0.015258912317811998,0.00019970834087699486,0.02007415964621254,0.007292256291988001,1.0093415211723593
75,50,280,0.0005688650229096048,0.012521008603894783,0.0001518712588499619,0.018864811152713157,0.007231097116325016,0.9052606274501568
75,50,285,0.00045659653229800264,0.009866637998744822,0.00010582280518384515,0.017789146139136604,0.006527165721495956,0.8930987894612813
75,50,290,0.000368291902161701,0.008471516899415612,9.23883198743385e-05,0.016337267651456412,0.004870531163408356,0.8283894616780296
75,50,295,0.0003021384906487373,0.0071263827094788235,7.606757834924911e-05,0.014121854628165603,0.005884720663118667,0.7916205213131924
75,50,300,0.0002447418047484221,0.005037485702916692,4.008398085704728e-05,0.011595150301339181,0.0032945841833055757,0.6862274862467426
75,50,305,0.00018956629800895644,0.0035549274016729335,3.127341706311588e-05,0.009923901980991391,0.0029147845548334918,0.6063852196949028
75,50,310,0.0001413844332161674,0.002896372913085896,3.1354583602989216e-05,0.015012835560541197,0.0027609952238213356,0.6019030304102737
75,50,315,0.00010477953419664975,0.002312651606533548,2.959688785066474e-05,0.012437268940032064,0.0023020861653016205,0.7892639354773701
75,50,320,7.45604970054034e-05,0.0030049395274213916,2.6284912957478396e-05,0.009556862459598386,0.002196935334603639,0.5859293627423017
75,50,325,3.760915440100335e-05,0.008342672778376267,1.896407741716708e-05,0.010860963524212097,0.00591243368819267,0.6760661492690234
75,50,330,2.2447287352858614e-07,0.017531636182697163,9.767026253582577e-06,0.01630291268473771,0.0037711464069706373,0.8620757219071262
75,50,335,1.0016796993250754e-07,0.028151931528947533,2.0812600444016817e-05,0.02298385792302604,0.00370889719669348,1.1501217727189526
75,50,340,3.820362560469359e-07,0.03166064395342008,2.468213925000979e-05,0.03012275445356933,0.007349130201209119,1.4623949535318246
75,50,345,3.6004473215334176e-07,0.022293864060372467,2.9066944096136672e-05,0.03330357264236314,0.013100486433871239,2.002143886510758
75,50,350,2.5857348712882144e-06,0.012461389818371277,3.3817985763088566e-05,0.03629605771780788,0.0056763931873270715,2.5939827279728123
75,50,355,7.720228648033789e-08,0.009963300690810833,3.808052757929732e-05,0.03247500848057887,0.008432121814915847,2.137203956001237
75,55,0,2.5300573242126312e-05,0.036875433168256096,2.151432220792726e-06,0.029571736365412656,0.007391784464757222,1.6779215721939709
75,55,5,5.919280837257679e-05,0.015382575313727406,5.181210701227235e-06,0.027405442361055295,0.007306935742509312,1.5103173804510697
75,55,10,7.764698895129651e-05,0.0025834352204645254,3.231724916700346e-05,0.024158969012670936,0.005008215906516131,1.549437046301809
75,55,15,7.159041972931712e-06,0.02038361901592469,6.371473042913502e-05,0.026506357961956883,0.005201374486871893,1.995995262256181
75,55,20,5.012902057066615e-07,0.03165181839116704,4.832490243383402e-05,0.029545887116056845,0.008497742091753385,1.3759828331226576
75,55,25,4.066136904679052e-07,0.04085589859772102,2.5064926395210532e-05,0.0281957232480453,0.010290275679446221,1.4554959182060085
75,55,30,3.026017838039796e-07,0.03806754228626445,1.1788512111719773e-05,0.02538907393777801,0.006071445350078862,1.5121528601864418
75,55,35,5.416375875935686e-08,0.02268336714797623,2.2662208159279426e-05,0.015667782911665047,0.0019412919938767699,0.7857976371089779
75,55,40,6.330093006712278e-08,0.007490108215286563,1.1125885753212814e-05,0.009782372343138144,0.0057511700516375,0.7265335396718102
75,55,45,3.097907739571873e-05,0.0026561833055918638,2.7765274372989514e-05,0.009980405519853134,0.0020780012779547863,0.7555956937360468
75,55,50,5.550805702442957e-05,0.0030972644468489938,3.2886984411117925e-05,0.011937554406815053,0.0025644436286114706,0.7820166547970415
75,55,55,0.00010579004078231126,0.004025879326169732,3.5747614012636344e-05,0.013310536124312863,0.003337928744862792,0.7800941978575865
75,55,60,0.00018709171339906412,0.003456310349165884,3.761280750186422e-05,0.011787646011887112,0.003053730761723014,0.6683069515185713
75,55,65,0.0002660736996523468,0.0065450239611434076,9.7280763169884e-05,0.014761658070284796,0.005308369627134174,0.8183523141647158
75,55,70,0.00033215147342973567,0.007381500107373757,0.00013438495046058825,0.01654335122333661,0.0062159984829686455,0.9111802777850992
75,55,75,0.0004217700063956359,0.007446840206882263,0.00012989436918612717,0.017438262748876714,0.005809016653446428,0.9312328213314067
75,55,80,0.0005623679265463408,0.010559431951959344,0.00015048045546972501,0.02030087532041997,0.0065099874950089575,0.9910405685982446
75,55,85,0.00072425969882812,0.015788960360192485,0.0001754066714587197,0.021532923938666466,0.006970079998638726,1.081345026521061
75,55,90,0.0008742830955915225,0.0163839786841359,0.00023894375240596927,0.02264180495394883,0.007161551718232328,1.2214513370681037
75,55,95,0.0010407003740616413,0.01292817846929868,0.00033261983103875705,0.02343943967994061,0.007144221075699075,1.261885198866886
75,55,100,0.0012778030067043325,0.011932175666773391,0.00042230155082296616,0.023794957162344782,0.007151046571727473,1.2820359622862898
75,55,105,0.0015800239962942032,0.014042438267858656,0.0004941707119298921,0.02398609262897116,0.006898493143520361,1.278318138501057
75,55,110,0.001891640305752243,0.013701275760701239,0.0005734906344863379,0.02423908746404238,0.0059769815397146256,1.2294123287009644
75,55,115,0.002193784979018284,0.00928374787998314,0.0006659638253101174,0.024213788944002827,0.004865078886619642,1.2278311413387564
75,55,120,0.0025179411328811047,0.0056894640837415675,0.0007712277491249871,0.021812821179676,0.004250786375184832,1.2236230052724888
75,55,125,0.0028658928555658734,0.004427876717625386,0.0007219847002354011,0.022715969458721702,0.003762292397649145,1.2457529066124808
75,55,130,0.003173920193462569,0.003470425004594803,0.0008486315916468711,0.02403654894032432,0.0027378623197708914,1.2339110728782188
75,55,135,0.0033861793072490556,0.005212955422638043,0.000591148508788969,0.02183353029905261,0.0049363853966555345,1.4351807297498276
75,55,140,0.003505270526803876,0.010949618620351572,0.0003401917901304889,0.01363207545196327,0.003942320742832328,1.6266263233614748
75,55,145,0.0028683374986292476,0.018027451843554372,0.0006635416259987703,0.013208555291556096,0.005017835507205061,1.7854592365972086
75,55,150,6.039753788211755e-07,0.03276517203182548,0.00045979049522024487,0.021829014584907738,0.005084269515178587,1.8320139851584032
75,55,155,1.5949182740948586e-05,0.04836122682137044,0.00030731569431370273,0.027509511432909074,0.00921045207743066,1.8144875999994754
75,55,160,1.678448574138347e-05,0.06047742532573649,0.0005541792432802728,0.02945701607760312,0.01940208209693438,1.866566009978232
75,55,165,4.571868373659527e-06,0.0739739528917459,0.000729779246007152,0.0319421581173408,0.02238062341934495,2.045141567706607
75,55,170,2.4978832789623873e-05,0.09427533581242381,0.0012815131746825512,0.03234954141462193,0.026123678233323948,2.35605263238882
75,55,175,7.60220780504639e-06,0.11481242844977867,0.001710421109543503,0.032999680538544324,0.02710469425889029,2.3088225640067845
75,55,180,1.625069235666743e-05,0.12363980988283779,0.0018566873859684543,0.033158585283641906,0.02747613984436347,2.4304211383401935
75,55,185,7.60220780504639e-06,0.11481242844977867,0.001710421109543503,0.032999680538544324,0.02710469425889029,2.3088225640067845
75,55,190,2.4978832789623873e-05,0.09427533581242381,0.0012815131746825512,0.03234954141462193,0.026123678233323948,2.35605263238882
75,55,195,4.571868373659527e-06,0.0739739528917459,0.000729779246007152,0.0319421581173408,0.02238062341934495,2.045141567706607
75,55,200,1.678448574138347e-05,0.06047742532573649,0.0005541792432802728,0.02945701607760312,0.01940208209693438,1.866566009978232
75,55,205,1.5949182740948586e-05,0.04836122682137044,0.00030731569431370273,0.027509511432909074,0.00921045207743066,1.8144875999994754
75,55,210,6.039753788211755e-07,0.03276517203182548,0.00045979049522024487,0.021829014584907738,0.005084269515178587,1.8320139851584032
75,55,215,0.0028683374986292476,0.018027451843554372,0.0006635416259987703,0.013208555291556096,0.005017835507205061,1.7854592365972086
75,55,220,0.003505270526803876,0.010949618620351572,0.0003401917901304889,0.01363207545196327,0.003942320742832328,1.6266263233614748
75,55,225,0.0033861793072490556,0.005212955422638043,0.000591148508788969,0.02183353029905261,0.0049363853966555345,1.4351807297498276
75,55,230,0.003173920193462569,0.003470425004594803,0.0008486315916468711,0.02403654894032432,0.0027378623197708914,1.2339110728782188
75,55,235,0.0028658928555658734,0.004427876717625386,0.0007219847002354011,0.022715969458721702,0.003762292397649145,1.2457529066124808
75,55,240,0.0025179411328811047,0.0056894640837415675,0.0007712277491249871,0.021812821179676,0.004250786375184832,1.2236230052724888
75,55,245,0.002193784979018284,0.00928374787998314,0.0006659638253101174,0.024213788944002827,0.004865078886619642,1.2278311413387564
75,55,250,0.001891640305752243,0.013701275760701239,0.0005734906344863379,0.02423908746404238,0.0059769815397146256,1.2294123287009644
75,55,255,0.0015800239962942032,0.014042438267858656,0.0004941707119298921,0.02398609262897116,0.006898493143520361,1.278318138501057
75,55,260,0.0012778030067043325,0.011932175666773391,0.00042230155082296616,0.023794957162344782,0.007151046571727473,1.2820359622862898
75,55,265,0.0010407003740616413,0.01292817846929868,0.00033261983103875705,0.02343943967994061,0.007144221075699075,1.261885198866886
75,55,270,0.0008742830955915225,0.0163839786841359,0.00023894375240596927,0.02264180495394883,0.007161551718232328,1.2214513370681037
75,55,275,0.00072425969882812,0.015788960360192485,0.0001754066714587197,0.021532923938666466,0.006970079998638726,1.081345026521061
75,55,280,0.0005623679265463408,0.010559431951959344,0.00015048045546972501,0.02030087532041997,0.0065099874950089575,0.9910405685982446
75,55,285,0.0004217700063956359,0.007446840206882263,0.00012989436918612717,0.017438262748876714,0.005809016653446428,0.9312328213314067
75,55,290,0.00033215147342973567,0.007381500107373757,0.00013438495046058825,0.01654335122333661,0.0062159984829686455,0.9111802777850992
75,55,295,0.0002660736996523468,0.0065450239611434076,9.7280763169884e-05,0.014761658070284796,0.005308369627134174,0.8183523141647158
75,55,300,0.00018709171339906412,0.003456310349165884,3.761280750186422e-05,0.011787646011887112,0.003053730761723014,0.6683069515185713
75,55,305,0.00010579004078231126,0.004025879326169732,3.5747614012636344e-05,0.013310536124312863,0.003337928744862792,0.7800941978575865
75,55,310,5.550805702442957e-05,0.0030972644468489938,3.2886984411117925e-05,0.011937554406815053,0.0025644436286114706,0.7820166547970415
75,55,315,3.097907739571873e-05,0.0026561833055918638,2.7765274372989514e-05,0.009980405519853134,0.0020780012779547863,0.7555956937360468
75,55,320,6.330093006712278e-08,0.007490108215286563,1.1125885753212814e-05,0.009782372343138144,0.0057511700516375,0.7265335396718102
75,55,325,5.416375875935686e-08,0.02268336714797623,2.2662208159279426e-05,0.015667782911665047,0.0019412919938767699,0.7857976371089779
75,55,330,3.026017838039796e-07,0.03806754228626445,1.1788512111719773e-05,0.02538907393777801,0.006071445350078862,1.5121528601864418
75,55,335,4.066136904679052e-07,0.04085589859772102,2.5064926395210532e-05,0.0281957232480453,0.010290275679446221,1.4554959182060085
75,55,340,5.012902057066615e-07,0.03165181839116704,4.832490243383402e-05,0.029545887116056845,0.008497742091753385,1.3759828331226576
75,55,345,7.159041972931712e-06,0.02038361901592469,6.371473042913502e-05,0.026506357961956883,0.005201374486871893,1.995995262256181
75,55,350,7.764698895129651e-05,0.0025834352204645254,3.231724916700346e-05,0.024158969012670936,0.005008215906516131,1.549437046301809
75,55,355,5.919280837257679e-05,0.015382575313727406,5.181210701227235e-06,0.027405442361055295,0.007306935742509312,1.5103173804510697
75,60,0,2.6725840713559545e-06,0.050604597630865916,7.873215038668203e-05,0.01683905180051811,0.010662238802108885,1.3603922103701884
75,60,5,3.1682203693872424e-07,0.0419434020335827,6.831945212811691e-05,0.01728677473972472,0.009769954848135308,1.2076405569073816
75,60,10,0.0001946073033005924,0.01831360400099959,2.6635188680542224e-05,0.013739485809157367,0.005515545947402172,1.1588054989797887
75,60,15,0.000586876382570406,0.03037108469462742,2.113412905668799e-05,0.01139631503867956,0.007519117557822352,0.8110603148473037
75,60,20,0.0002928619641596464,0.046942380546060695,7.024235500651885e-05,0.013228781163849013,0.003176724608387018,0.9126882998991521
75,60,25,1.4454004925446018e-06,0.05707651504006942,6.346082524403846e-05,0.021842344155950544,0.004589647654382488,1.441965905739132
75,60,30,3.7612025644423452e-06,0.06409567798530827,2.92214472538228e-05,0.02153264785547889,0.004022484504163031,1.412735582158747
75,60,35,3.506842607067795e-07,0.049153919452076145,2.170216580429929e-06,0.02877900552379696,0.003303351159047215,1.5342195207385776
75,60,40,3.781247902671925e-07,0.020826873903917666,1.2432699694467884e-05,0.016800028163361198,0.0024858429256987037,0.8062108658350067
75,60,45,4.0454375112644603e-07,0.005775991097766348,3.345375294271612e-05,0.009642174894566152,0.0030453743743513685,0.7732719044846119
75,60,50,1.4103649783117622e-07,0.007518366528495819,3.8401651062832526e-05,0.009943701098511925,0.002868903150737344,0.7007421007466111
75,60,55,6.702389604464065e-07,0.009904759837818654,3.6371339772211554e-05,0.012234603061620879,0.005941406703829094,0.8039611281315104
75,60,60,0.00010852552603019504,0.003571294418031225,5.690913200549763e-05,0.015020407781889959,0.002901604814058753,0.8637957848854356
75,60,65,0.0002540481339727077,0.007732675562461267,0.00011319095035268109,0.01626133345621612,0.006004113246926216,0.8256056077124572
75,60,70,0.0003168405804298384,0.0070106773148004035,0.00015737225578028521,0.018677470667431036,0.005720256359627014,0.9271251500248212
75,60,75,0.000369773834977976,0.006115116604170976,0.0001680495531013182,0.017995567926817474,0.005120459453652415,0.8943897640681913
75,60,80,0.0005483815174447838,0.00807872133697241,0.00018361332437552037,0.019709619434792304,0.005795592708355659,1.029038414770818
75,60,85,0.0008028229894968542,0.018090024554278227,0.00018798689301194153,0.02318487196886055,0.006559085651789595,1.1592720204069145
75,60,90,0.0009929569427773108,0.018859115204285865,0.00025466269627347996,0.02387276582393135,0.00706463337982723,1.2530062027700588
75,60,95,0.001146509990235741,0.010212207873401638,0.00035581914584095244,0.02443238083551759,0.006744346420521609,1.287526006706853
75,60,100,0.0014347728268151276,0.008045726802493176,0.0004714525588004146,0.023643818820232258,0.006182816651083108,1.2668101244211074
75,60,105,0.001879200453160399,0.013407671991296104,0.0005658462901510491,0.025579156619764808,0.0059646225880285435,1.2858845046169585
75,60,110,0.002306855565795747,0.015326921347049112,0.0006717260363438126,0.02509217924971144,0.005613613144689917,1.2778646060224905
75,60,115,0.0026418683220359278,0.008406817992213026,0.0006440125490470711,0.024475255325264247,0.004881461494123806,1.2701234231332048
75,60,120,0.0030148643563235045,0.0045360364303612495,0.0007641006739270133,0.02225198599790746,0.003912860446065684,1.273766240958873
75,60,125,0.003509900476673336,0.004163025411000654,0.0005106470337498201,0.022781590153422786,0.004571653458408553,1.2935342375919272
75,60,130,0.00396397301166776,0.003916915450099082,0.0003114750235454142,0.02373779607476345,0.004509133588586261,1.3496944385777117
75,60,135,0.0024945622339291873,0.02131789420929059,0.0002913160216451577,0.02079206108769916,0.0074019442376544245,1.4275950121458743
75,60,140,8.110989966447768e-06,0.013761528355287109,0.00019644164832196762,0.019462929480711218,0.003815259961943011,1.5203826869186472
75,60,145,1.650046833179264e-05,0.023090492179882363,2.624256584033563e-05,0.021346389674562597,0.006879189159928709,1.573072856506315
75,60,150,1.8898704936542998e-05,0.0405618149552551,4.435237656172375e-05,0.019955302985089345,0.008558313665422966,1.370066739572954
75,60,155,2.500322028231583e-05,0.053070685109709186,0.00014816609961956773,0.025017239600298287,0.018604225265785736,1.6008936712448953
75,60,160,1.2951002330563455e-06,0.05654096652224305,0.0001659894647594029,0.027366822497179685,0.02177617999845668,1.601147526007086
75,60,165,2.231408657032974e-05,0.06428783273979578,0.0001435175519572049,0.02684205172361646,0.020541959860212955,1.8065307908357142
75,60,170,9.025413939933724e-06,0.08758412828274792,0.000711577654632034,0.026363082706366704,0.0215234846888963,2.0920999219446603
75,60,175,1.7219787608935277e-05,0.11442036131509298,0.0011956472021813838,0.025583697967528095,0.022400363274149043,2.2496306643570305
75,60,180,1.4255890255499004e-05,0.1266004397213952,0.0013881394171917846,0.025290503677334594,0.022645780237839752,2.315101520879463
75,60,185,1.7219787608935277e-05,0.11442036131509298,0.0011956472021813838,0.025583697967528095,0.022400363274149043,2.2496306643570305
75,60,190,9.025413939933724e-06,0.08758412828274792,0.000711577654632034,0.026363082706366704,0.0215234846888963,2.0920999219446603
75,60,195,2.231408657032974e-05,0.06428783273979578,0.0001435175519572049,0.02684205172361646,0.020541959860212955,1.8065307908357142
75,60,200,1.2951002330563455e-06,0.05654096652224305,0.0001659894647594029,0.027366822497179685,0.02177617999845668,1.601147526007086
75,60,205,2.500322028231583e-05,0.053070685109709186,0.00014816609961956773,0.025017239600298287,0.018604225265785736,1.6008936712448953
75,60,210,1.8898704936542998e-05,0.0405618149552551,4.435237656172375e-05,0.019955302985089345,0.008558313665422966,1.370066739572954
75,60,215,1.650046833179264e-05,0.023090492179882363,2.624256584033563e-05,0.021346389674562597,0.006879189159928709,1.573072856506315
75,60,220,8.110989966447768e-06,0.013761528355287109,0.00019644164832196762,0.019462929480711218,0.003815259961943011,1.5203826869186472
75,60,225,0.0024945622339291873,0.02131789420929059,0.0002913160216451577,0.02079206108769916,0.0074019442376544245,1.4275950121458743
75,60,230,0.00396397301166776,0.003916915450099082,0.0003114750235454142,0.02373779607476345,0.004509133588586261,1.3496944385777117
75,60,235,0.003509900476673336,0.004163025411000654,0.0005106470337498201,0.022781590153422786,0.004571653458408553,1.2935342375919272
75,60,240,0.0030148643563235045,0.0045360364303612495,0.0007641006739270133,0.02225198599790746,0.003912860446065684,1.273766240958873
75,60,245,0.0026418683220359278,0.008406817992213026,0.0006440125490470711,0.024475255325264247,0.004881461494123806,1.2701234231332048
75,60,250,0.002306855565795747,0.015326921347049112,0.0006717260363438126,0.02509217924971144,0.005613613144689917,1.2778646060224905
75,60,255,0.001879200453160399,0.013407671991296104,0.0005658462901510491,0.025579156619764808,0.0059646225880285435,1.2858845046169585
75,60,260,0.0014347728268151276,0.008045726802493176,0.0004714525588004146,0.023643818820232258,0.006182816651083108,1.2668101244211074
75,60,265,0.001146509990235741,0.010212207873401638,0.00035581914584095244,0.02443238083551759,0.006744346420521609,1.287526006706853
75,60,270,0.0009929569427773108,0.018859115204285865,0.00025466269627347996,0.02387276582393135,0.00706463337982723,1.2530062027700588
75,60,275,0.0008028229894968542,0.018090024554278227,0.00018798689301194153,0.02318487196886055,0.006559085651789595,1.1592720204069145
75,60,280,0.0005483815174447838,0.00807872133697241,0.00018361332437552037,0.019709619434792304,0.005795592708355659,1.029038414770818
75,60,285,0.000369773834977976,0.006115116604170976,0.0001680495531013182,0.017995567926817474,0.005120459453652415,0.8943897640681913
75,60,290,0.0003168405804298384,0.0070106773148004035,0.00015737225578028521,0.018677470667431036,0.005720256359627014,0.9271251500248212
75,60,295,0.0002540481339727077,0.007732675562461267,0.00011319095035268109,0.01626133345621612,0.006004113246926216,0.8256056077124572
75,60,300,0.00010852552603019504,0.003571294418031225,5.690913200549763e-05,0.015020407781889959,0.002901604814058753,0.8637957848854356
75,60,305,6.702389604464065e-07,0.009904759837818654,3.6371339772211554e-05,0.012234603061620879,0.005941406703829094,0.8039611281315104
75,60,310,1.4103649783117622e-07,0.007518366528495819,3.8401651062832526e-05,0.009943701098511925,0.002868903150737344,0.7007421007466111
75,60,315,4.0454375112644603e-07,0.005775991097766348,3.345375294271612e-05,0.009642174894566152,0.0030453743743513685,0.7732719044846119
75,60,320,3.781247902671925e-07,0.020826873903917666,1.2432699694467884e-05,0.016800028163361198,0.0024858429256987037,0.8062108658350067
75,60,325,3.506842607067795e-07,0.049153919452076145,2.170216580429929e-06,0.02877900552379696,0.003303351159047215,1.5342195207385776
75,60,330,3.7612025644423452e-06,0.06409567798530827,2.92214472538228e-05,0.02153264785547889,0.004022484504163031,1.412735582158747
75,60,335,1.4454004925446018e-06,0.05707651504006942,6.346082524403846e-05,0.021842344155950544,0.004589647654382488,1.441965905739132
75,60,340,0.0002928619641596464,0.046942380546060695,7.024235500651885e-05,0.013228781163849013,0.003176724608387018,0.9126882998991521
75,60,345,0.000586876382570406,0.03037108469462742,2.113412905668799e-05,0.01139631503867956,0.007519117557822352,0.8110603148473037
75,60,350,0.0001946073033005924,0.01831360400099959,2.6635188680542224e-05,0.013739485809157367,0.005515545947402172,1.1588054989797887
75,60,355,3.1682203693872424e-07,0.0419434020335827,6.831945212811691e-05,0.01728677473972472,0.009769954848135308,1.2076405569073816
75,65,0,1.3260124374220306e-07,0.012530173286281435,0.00028030246083362957,0.01224066052496139,0.0057631452817587395,0.9309089247831579
75,65,5,6.600352399771525e-07,0.02239854712605539,0.00030068790240577424,0.010715851685841736,0.005535130781688419,0.8016088829852661
75,65,10,1.1413009156913123e-06,0.04406720713363701,0.00011968976031327509,0.009241047618925049,0.005777298336211649,0.5890052639065229
75,65,15,3.679240317661092e-06,0.014803874678597577,4.46052128221866e-05,0.006949635771618995,0.002698464954903225,0.5495685597197372
75,65,20,0.00038385721622732905,0.05891151778355938,2.2902622168936154e-05,0.008762289930659707,0.0012177449451952773,0.6966443117544838
75,65,25,8.089473807715297e-05,0.07198533560446715,7.544253349048291e-05,0.008898363194350386,0.0012566120981695266,1.4285970718643046
75,65,30,4.311842580373426e-06,0.0794392638864177,3.53395913017876e-05,0.015145981992713203,0.003314428942593764,0.7957702247496379
75,65,35,3.0685486379911087e-06,0.07750501701343207,3.503016389875841e-05,0.0313739056061209,0.007712101449889465,2.131486748677755
75,65,40,6.445105322425149e-07,0.036764247125399184,4.065203414657659e-06,0.024971041762967258,0.004136137469701805,1.3797623125053833
75,65,45,6.533233771269242e-07,0.009404716960817868,2.2873423347544164e-06,0.011543489420625302,0.002881924659091259,0.7587119591893488
75,65,50,7.90270088535383e-08,0.017714772270095415,3.0186851428855993e-05,0.014551200809520937,0.004424556990806444,0.6766961497827026
75,65,55,1.9639022147410756e-06,0.023905751518306085,4.02290773247509e-05,0.01842570930495216,0.00599369370779473,0.8705461999097635
75,65,60,4.054074858811374e-05,0.004827830148240146,4.486739899860551e-05,0.014659671277570823,0.003966870704533561,0.9206601976406401
75,65,65,0.00028575664892963384,0.011529874731755298,0.0001285460038309271,0.019418377967926885,0.008641704453488719,0.926159359119652
75,65,70,0.00030978373497619373,0.007229794196574914,0.00015268719735740937,0.02246198529103688,0.005755697544525217,1.0114374408974043
75,65,75,0.00028424873066612913,0.010555150569393027,0.00021011044350587559,0.023143568730260515,0.006260926994163802,0.998859491411799
75,65,80,0.000552958162410952,0.006314380397530341,0.00022476124839567423,0.02096029554278917,0.005269372352339287,1.0916133593984125
75,65,85,0.0009769335688763897,0.022711379735290048,0.0002490860881964778,0.02512728412398905,0.006180096638836336,1.2257730535016036
75,65,90,0.0012046234145200035,0.023161815821539006,0.0002960485596745733,0.025279535706495465,0.006788293563218606,1.3096682171503893
75,65,95,0.001295455627655373,0.006843638310167954,0.0004120459473167942,0.02437924725314001,0.005679612121262799,1.2714709840435132
75,65,100,0.0016662551943416523,0.006821709056873656,0.000562716287578811,0.024635115803045594,0.005261898916437377,1.3382501472090274
75,65,105,0.0023612769547017506,0.01312519841031621,0.0006562485484898593,0.027084097125012044,0.005183088662311715,1.359340201981865
75,65,110,0.0029529837305505013,0.018316210815914728,0.0006536811771183475,0.026146543427580382,0.005083871088938522,1.3258604222169468
75,65,115,0.0032863525013327316,0.006792847806118401,0.0005691314380676608,0.02425087212528273,0.004287941762768561,1.3177843928480368
75,65,120,0.0037119178885577572,0.006295005596805905,0.00044177337543628223,0.022561573709009314,0.006103538761519448,1.3060843303383503
75,65,125,0.003418803922058289,0.03854107300806202,0.00018157775505011492,0.02964457906456905,0.014590453919978846,1.3100670050403525
75,65,130,0.0006772307235256569,0.03123505124372714,0.00030362301961157565,0.027045699352352466,0.012043044108975776,1.4525691632959936
75,65,135,2.072225399329941e-05,0.02022811692333953,6.685067029393171e-05,0.021252702483850576,0.008986200403202579,1.2871620045617969
75,65,140,2.100379062230928e-06,0.012820305416108162,3.617742711697902e-05,0.02342164839360226,0.008442305791304497,1.3896183823771837
75,65,145,1.7307610333583412e-05,0.025659518056881762,2.3162501991913498e-05,0.021402311043010096,0.0079937151801049,1.2411869208653847
75,65,150,9.168999734132655e-06,0.04362148947268021,0.00011981507044576956,0.017115034606391785,0.013499653810105573,1.2733466012666648
75,65,155,3.347431496114606e-05,0.04843654910513835,0.00019617005700876128,0.02185179690036685,0.016048036523605598,1.3250387504653056
75,65,160,1.166376291938942e-05,0.039291101368101364,0.00016693867070002172,0.0226267631480586,0.018305284313394763,1.4677615436381894
75,65,165,0.0007307019868906806,0.045744835180491425,0.0013221883729921252,0.02001458123811204,0.017708206456256387,1.6786091574862883
75,65,170,1.8984422500145648e-06,0.06049845380459896,0.002260473537922872,0.01948108421703169,0.0173229092360721,1.7259740844486482
75,65,175,1.77854832367208e-06,0.09807561858493284,0.0032706759258918777,0.020466047245802324,0.015405032511199112,1.8777417627231743
75,65,180,3.667525188544296e-06,0.1203006439134249,0.0036726450574640773,0.020970984576515063,0.015454793714786976,1.8966203517266322
75,65,185,1.77854832367208e-06,0.09807561858493284,0.0032706759258918777,0.020466047245802324,0.015405032511199112,1.8777417627231743
75,65,190,1.8984422500145648e-06,0.06049845380459896,0.002260473537922872,0.01948108421703169,0.0173229092360721,1.7259740844486482
75,65,195,0.0007307019868906806,0.045744835180491425,0.0013221883729921252,0.02001458123811204,0.017708206456256387,1.6786091574862883
75,65,200,1.166376291938942e-05,0.039291101368101364,0.00016693867070002172,0.0226267631480586,0.018305284313394763,1.4677615436381894
75,65,205,3.347431496114606e-05,0.04843654910513835,0.00019617005700876128,0.02185179690036685,0.016048036523605598,1.3250387504653056
75,65,210,9.168999734132655e-06,0.04362148947268021,0.00011981507044576956,0.017115034606391785,0.013499653810105573,1.2733466012666648
75,65,215,1.7307610333583412e-05,0.025659518056881762,2.3162501991913498e-05,0.021402311043010096,0.0079937151801049,1.2411869208653847
75,65,220,2.100379062230928e-06,0.012820305416108162,3.617742711697902e-05,0.02342164839360226,0.008442305791304497,1.3896183823771837
75,65,225,2.072225399329941e-05,0.02022811692333953,6.685067029393171e-05,0.021252702483850576,0.008986200403202579,1.2871620045617969
75,65,230,0.0006772307235256569,0.03123505124372714,0.00030362301961157565,0.027045699352352466,0.012043044108975776,1.4525691632959936
75,65,235,0.003418803922058289,0.03854107300806202,0.00018157775505011492,0.02964457906456905,0.014590453919978846,1.3100670050403525
75,65,240,0.0037119178885577572,0.006295005596805905,0.00044177337543628223,0.022561573709009314,0.006103538761519448,1.3060843303383503
75,65,245,0.0032863525013327316,0.006792847806118401,0.0005691314380676608,0.02425087212528273,0.004287941762768561,1.3177843928480368
75,65,250,0.0029529837305505013,0.018316210815914728,0.0006536811771183475,0.026146543427580382,0.005083871088938522,1.3258604222169468
75,65,255,0.0023612769547017506,0.01312519841031621,0.0006562485484898593,0.027084097125012044,0.005183088662311715,1.359340201981865
75,65,260,0.0016662551943416523,0.006821709056873656,0.000562716287578811,0.024635115803045594,0.005261898916437377,1.3382501472090274
75,65,265,0.001295455627655373,0.006843638310167954,0.0004120459473167942,0.02437924725314001,0.005679612121262799,1.2714709840435132
75,65,270,0.0012046234145200035,0.023161815821539006,0.0002960485596745733,0.025279535706495465,0.006788293563218606,1.3096682171503893
75,65,275,0.0009769335688763897,0.022711379735290048,0.0002490860881964778,0.02512728412398905,0.006180096638836336,1.2257730535016036
75,65,280,0.000552958162410952,0.006314380397530341,0.00022476124839567423,0.02096029554278917,0.005269372352339287,1.0916133593984125
75,65,285,0.00028424873066612913,0.010555150569393027,0.00021011044350587559,0.023143568730260515,0.006260926994163802,0.998859491411799
75,65,290,0.00030978373497619373,0.007229794196574914,0.00015268719735740937,0.02246198529103688,0.005755697544525217,1.0114374408974043
75,65,295,0.00028575664892963384,0.011529874731755298,0.0001285460038309271,0.019418377967926885,0.008641704453488719,0.926159359119652
75,65,300,4.054074858811374e-05,0.004827830148240146,4.486739899860551e-05,0.014659671277570823,0.003966870704533561,0.9206601976406401
75,65,305,1.9639022147410756e-06,0.023905751518306085,4.02290773247509e-05,0.01842570930495216,0.00599369370779473,0.8705461999097635
75,65,310,7.90270088535383e-08,0.017714772270095415,3.0186851428855993e-05,0.014551200809520937,0.004424556990806444,0.6766961497827026
75,65,315,6.533233771269242e-07,0.009404716960817868,2.2873423347544164e-06,0.011543489420625302,0.002881924659091259,0.7587119591893488
75,65,320,6.445105322425149e-07,0.036764247125399184,4.065203414657659e-06,0.024971041762967258,0.004136137469701805,1.3797623125053833
75,65,325,3.0685486379911087e-06,0.07750501701343207,3.503016389875841e-05,0.0313739056061209,0.007712101449889465,2.131486748677755
75,65,330,4.311842580373426e-06,0.0794392638864177,3.53395913017876e-05,0.015145981992713203,0.003314428942593764,0.7957702247496379
75,65,335,8.089473807715297e-05,0.07198533560446715,7.544253349048291e-05,0.008898363194350386,0.0012566120981695266,1.4285970718643046
75,65,340,0.00038385721622732905,0.05891151778355938,2.2902622168936154e-05,0.008762289930659707,0.0012177449451952773,0.6966443117544838
75,65,345,3.679240317661092e-06,0.014803874678597577,4.46052128221866e-05,0.006949635771618995,0.002698464954903225,0.5495685597197372
75,65,350,1.1413009156913123e-06,0.04406720713363701,0.00011968976031327509,0.009241047618925049,0.005777298336211649,0.5890052639065229
75,65,355,6.600352399771525e-07,0.02239854712605539,0.00030068790240577424,0.010715851685841736,0.005535130781688419,0.8016088829852661
75,70,0,0.0002697575326667395,0.006393403439758865,0.0003805335221768579,0.007966990043638565,0.004661495835162637,0.6699674134141478
75,70,5,1.0328862494121682e-07,0.013026213881902662,0.0003732041061276156,0.007552923679890218,0.0041566061730491256,0.6383303942058017
75,70,10,2.8519377942570756e-08,0.04289237253030717,0.0003738936190548405,0.007067969301612365,0.002599719103260939,0.5821706776689538
75,70,15,3.8063461762771755e-06,0.026928787364077243,0.00016693704694565464,0.009033235359240232,0.0036788697329085776,0.6261639057214212
75,70,20,2.2904353479402673e-06,0.039320404478765184,6.285556673948228e-06,0.01597633477703898,0.008609645730642563,1.3651120716787037
75,70,25,4.530599345964337e-07,0.0824730434251222,7.63588814449434e-06,0.042479243740675264,0.007637837090545328,3.0981190138693693
75,70,30,4.073140783794615e-06,0.08933678329960684,1.97825647766086e-05,0.02001662124802142,0.006229775145979543,2.0016921613734686
75,70,35,3.676788202233716e-07,0.08719195632861768,2.241717188621213e-05,0.035207250969131895,0.010424179445770305,2.383371814334833
75,70,40,1.7806520972857287e-06,0.044403169703321047,4.2569221454513695e-06,0.028036470401051776,0.006740521213220814,1.3001843427049886
75,70,45,6.274844157883042e-07,0.00937655462851582,3.975343711368207e-06,0.012698468080936536,0.003354128896385116,0.8926312236649663
75,70,50,1.036875899335099e-06,0.0265695347559089,3.949305605099873e-06,0.016371145814619098,0.0038159384959358554,0.99054449635986
75,70,55,4.966539993295216e-07,0.036509404302472986,3.984201086472492e-05,0.021086855244016302,0.005407646446720442,1.0391573293898828
75,70,60,5.326518920968637e-07,0.0077872103316680395,6.182083752774223e-05,0.014926968369089598,0.006294378983222495,1.1590999355156426
75,70,65,0.00040014818940954655,0.01754770179290589,0.00014971165010214168,0.017612796109758876,0.010419940089440829,1.0807190918941674
75,70,70,0.00033792489045062976,0.008554500005564698,0.00015880375079426086,0.02270193760445636,0.006821495740714956,1.1202448374551466
75,70,75,0.00015501063767241197,0.020951708351804585,0.00011692348334467126,0.025109147533716118,0.00869087233424213,1.2082640030202556
75,70,80,0.000596344140097918,0.009782864492910237,0.0002080902323618808,0.021335981072448378,0.0078356571257483,1.0250049961426877
75,70,85,0.0013113519850093507,0.029539378691144848,0.00031189435034670136,0.02775395952536836,0.012464602924945013,1.2215978075342524
75,70,90,0.0015822564818974184,0.028857910383423786,0.0003490420587866812,0.0292363706762883,0.006828364350931674,1.3645823854368593
75,70,95,0.0015389266742321835,0.009349302185534833,0.0005285592087060521,0.025309442822549207,0.005881581648206513,1.3510790956426937
75,70,100,0.0020409190072811847,0.014669815933809168,0.0007535223976517184,0.02532440736897842,0.005001570295799367,1.4178249715344822
75,70,105,0.0031505187265551474,0.013999954462181087,0.0008566957886519348,0.02814772096375781,0.004833452948517636,1.4205544287432441
75,70,110,0.0039770543664493715,0.022434705838789974,0.0008500744854195268,0.027149793987541783,0.004671498733356826,1.390540867221882
75,70,115,0.004272181547092968,0.005131124996735029,0.0006338874154600514,0.02375570276492288,0.005888803055972705,1.3430766127541434
75,70,120,0.0022868315058564015,0.04320154124550015,0.00015285331289950285,0.03089714635133986,0.009739369158733625,1.3352603199719177
75,70,125,1.3655904244069816e-06,0.037685886779072204,8.995483948709068e-05,0.029083295563951637,0.013479253832474974,1.4041973311324045
75,70,130,2.626529299054603e-06,0.0314455442024194,2.0031189144842365e-05,0.029132210311166633,0.014177461482468491,1.4629332198124403
75,70,135,3.810540903259607e-05,0.019588660518680707,3.231491805164022e-05,0.022192799186955423,0.009371890788925315,1.3711090121391356
75,70,140,1.4418766141499617e-05,0.011741022862049531,2.4418481233856593e-05,0.018391007988345795,0.007796956339131436,1.1992644389908058
75,70,145,4.0172560686113634e-05,0.024346516222534708,0.0001605686003178508,0.013588342427120424,0.00797647319056028,0.9152654023093608
75,70,150,3.622523542567979e-05,0.03988075929990272,0.00015763363202318803,0.01638621466363359,0.012511948582749483,1.0943880512232942
75,70,155,2.5431293891875484e-06,0.039206961748396024,0.0002882682961835997,0.018601099258516652,0.014129683000882567,1.1876726865785319
75,70,160,0.0026577298827622498,0.022478725739762954,0.002525631376690929,0.01611790671101647,0.013215285413880572,1.144110666751582
75,70,165,0.006467557030938098,0.028464930618600625,0.006242220110983396,0.014619347107408075,0.011981969535521449,1.3144609696350475
75,70,170,0.005754831582548525,0.05034697519383664,0.007703454935331727,0.015472680558998147,0.010344709944657532,1.3890196386956626
75,70,175,4.816060531709354e-06,0.0814224663695664,0.008566653837236565,0.016734873027645987,0.01072191313682534,1.4461869050757437
75,70,180,6.965995795360502e-06,0.08410003743057266,0.009646880678837177,0.017303840619535646,0.01091465734226445,1.4728747143697434
75,70,185,4.816060531709354e-06,0.0814224663695664,0.008566653837236565,0.016734873027645987,0.01072191313682534,1.4461869050757437
75,70,190,0.005754831582548525,0.05034697519383664,0.007703454935331727,0.015472680558998147,0.010344709944657532,1.3890196386956626
75,70,195,0.006467557030938098,0.028464930618600625,0.006242220110983396,0.014619347107408075,0.011981969535521449,1.3144609696350475
75,70,200,0.0026577298827622498,0.022478725739762954,0.002525631376690929,0.01611790671101647,0.013215285413880572,1.144110666751582
75,70,205,2.5431293891875484e-06,0.039206961748396024,0.0002882682961835997,0.018601099258516652,0.014129683000882567,1.1876726865785319
75,70,210,3.622523542567979e-05,0.03988075929990272,0.00015763363202318803,0.01638621466363359,0.012511948582749483,1.0943880512232942
75,70,215,4.0172560686113634e-05,0.024346516222534708,0.0001605686003178508,0.013588342427120424,0.00797647319056028,0.9152654023093608
75,70,220,1.4418766141499617e-05,0.011741022862049531,2.4418481233856593e-05,0.018391007988345795,0.007796956339131436,1.1992644389908058
75,70,225,3.810540903259607e-05,0.019588660518680707,3.231491805164022e-05,0.022192799186955423,0.009371890788925315,1.3711090121391356
75,70,230,2.626529299054603e-06,0.0314455442024194,2.0031189144842365e-05,0.029132210311166633,0.014177461482468491,1.4629332198124403
75,70,235,1.3655904244069816e-06,0.037685886779072204,8.995483948709068e-05,0.029083295563951637,0.013479253832474974,1.4041973311324045
75,70,240,0.0022868315058564015,0.04320154124550015,0.00015285331289950285,0.03089714635133986,0.009739369158733625,1.3352603199719177
75,70,245,0.004272181547092968,0.005131124996735029,0.0006338874154600514,0.02375570276492288,0.005888803055972705,1.3430766127541434
75,70,250,0.0039770543664493715,0.022434705838789974,0.0008500744854195268,0.027149793987541783,0.004671498733356826,1.390540867221882
75,70,255,0.0031505187265551474,0.013999954462181087,0.0008566957886519348,0.02814772096375781,0.004833452948517636,1.4205544287432441
75,70,260,0.0020409190072811847,0.014669815933809168,0.0007535223976517184,0.02532440736897842,0.005001570295799367,1.4178249715344822
75,70,265,0.0015389266742321835,0.009349302185534833,0.0005285592087060521,0.025309442822549207,0.005881581648206513,1.3510790956426937
75,70,270,0.0015822564818974184,0.028857910383423786,0.0003490420587866812,0.0292363706762883,0.006828364350931674,1.3645823854368593
75,70,275,0.0013113519850093507,0.029539378691144848,0.00031189435034670136,0.02775395952536836,0.012464602924945013,1.2215978075342524
75,70,280,0.000596344140097918,0.009782864492910237,0.0002080902323618808,0.021335981072448378,0.0078356571257483,1.0250049961426877
75,70,285,0.00015501063767241197,0.020951708351804585,0.00011692348334467126,0.025109147533716118,0.00869087233424213,1.2082640030202556
75,70,290,0.00033792489045062976,0.008554500005564698,0.00015880375079426086,0.02270193760445636,0.006821495740714956,1.1202448374551466
75,70,295,0.00040014818940954655,0.01754770179290589,0.00014971165010214168,0.017612796109758876,0.010419940089440829,1.0807190918941674
75,70,300,5.326518920968637e-07,0.0077872103316680395,6.182083752774223e-05,0.014926968369089598,0.006294378983222495,1.1590999355156426
75,70,305,4.966539993295216e-07,0.036509404302472986,3.984201086472492e-05,0.021086855244016302,0.005407646446720442,1.0391573293898828
75,70,310,1.036875899335099e-06,0.0265695347559089,3.949305605099873e-06,0.016371145814619098,0.0038159384959358554,0.99054449635986
75,70,315,6.274844157883042e-07,0.00937655462851582,3.975343711368207e-06,0.012698468080936536,0.003354128896385116,0.8926312236649663
75,70,320,1.7806520972857287e-06,0.044403169703321047,4.2569221454513695e-06,0.028036470401051776,0.006740521213220814,1.3001843427049886
75,70,325,3.676788202233716e-07,0.08719195632861768,2.241717188621213e-05,0.035207250969131895,0.010424179445770305,2.383371814334833
75,70,330,4.073140783794615e-06,0.08933678329960684,1.97825647766086e-05,0.02001662124802142,0.006229775145979543,2.0016921613734686
75,70,335,4.530599345964337e-07,0.0824730434251222,7.63588814449434e-06,0.042479243740675264,0.007637837090545328,3.0981190138693693
75,70,340,2.2904353479402673e-06,0.039320404478765184,6.285556673948228e-06,0.01597633477703898,0.008609645730642563,1.3651120716787037
75,70,345,3.8063461762771755e-06,0.026928787364077243,0.00016693704694565464,0.009033235359240232,0.0036788697329085776,0.6261639057214212
75,70,350,2.8519377942570756e-08,0.04289237253030717,0.0003738936190548405,0.007067969301612365,0.002599719103260939,0.5821706776689538
75,70,355,1.0328862494121682e-07,0.013026213881902662,0.0003732041061276156,0.007552923679890218,0.0041566061730491256,0.6383303942058017
75,75,0,2.484776357142282e-06,0.015026474628359722,0.0004202173735044952,0.009095182100067566,0.005643235648336701,0.7871869054720905
75,75,5,1.933049362703998e-06,0.027024082910104743,0.0004707901395245122,0.009157944542106672,0.005127755040014847,0.7466573772223131
75,75,10,8.068788254211867e-07,0.046831164869385364,0.0005253418258148283,0.008500821210201886,0.002784557940571613,0.5615114518099462
75,75,15,3.1035968556247795e-06,0.037950372037137435,0.00036946089537640003,0.01169616397566919,0.004991159637168935,0.6602288097058174
75,75,20,1.5707429662503714e-09,0.022937994755155604,8.056306441802871e-05,0.019056513402920815,0.009433298127617012,1.905877730858558
75,75,25,4.60912759497889e-06,0.08051419522456756,5.771863235332075e-06,0.04320752305873196,0.009808713363544308,2.9880135094520046
75,75,30,2.51083797145335e-06,0.09868694358665868,5.596234484345208e-06,0.05786584404134941,0.007598322803615097,2.6881611679988553
75,75,35,8.933665336885444e-06,0.09311005662397892,5.7670214982791235e-06,0.03957757707696994,0.01097628212664423,2.570747500845119
75,75,40,1.3749853340558338e-06,0.03315622791841815,4.656295438332236e-06,0.02540038701823196,0.0073365530811619435,1.3129308992909565
75,75,45,8.91847065552509e-07,0.0009694057944442643,3.479987654889105e-06,0.013129814944225729,0.002673392207756961,1.0871797899600857
75,75,50,4.852987265657749e-07,0.029216543147640186,4.47639125052135e-06,0.015502400379738202,0.004057029684800862,0.8199426790415387
75,75,55,6.6897447787428455e-06,0.032428278091348045,4.348004999432664e-06,0.02194313725748271,0.0063894248395191195,0.9209707657696659
75,75,60,6.348202085768723e-05,0.006676646362424144,8.079199447022511e-06,0.014259142527759758,0.005445373358160025,1.0939481441945564
75,75,65,0.000733910825875695,0.026146148634339304,6.786319282373054e-05,0.025164814745812416,0.009926222793344895,1.1475764999032143
75,75,70,0.00046537853561191486,0.01190162801666385,8.565911870689856e-05,0.026047469816965266,0.009410939534765895,1.184958535019619
75,75,75,1.3363526194520858e-06,0.026922820616123815,5.640781800635153e-05,0.027703037118746488,0.015538090096865834,1.3111781593848757
75,75,80,0.000725494491771124,0.013011158719785101,0.00017118088499466604,0.021065711303995024,0.006549868132439932,1.0953397265301108
75,75,85,0.002015809121290471,0.03897349859802615,0.0003216513899380602,0.03254852403887942,0.00728805395108695,1.1928725981608144
75,75,90,0.0023287261242584956,0.03670896561862755,0.0004588675755696492,0.032403254186959864,0.007654138549492281,1.3561323467488693
75,75,95,0.0019345396925328495,0.014459097483705035,0.0007449307880006417,0.02581085139003449,0.005821957029496118,1.3751573134791963
75,75,100,0.0026358685630513898,0.023017844168905694,0.001094311147445997,0.025620935018383993,0.004155026156021779,1.447051319697639
75,75,105,0.0045531023965641945,0.016385695469283153,0.0012875223830201565,0.02818742918978006,0.004682199720584201,1.4342838601315044
75,75,110,0.0057839042161693735,0.027703462000690644,0.0011805714496114818,0.029894792077562723,0.018800812594705563,1.4018294698555192
75,75,115,0.005888600454966558,0.004371272447511726,0.00087332618352403,0.02441552963565005,0.00464651303182751,1.3827248804301875
75,75,120,0.00042319972729620847,0.03957246139190013,0.0002542938590140084,0.030889717128994194,0.007710727710929661,1.3937599815309718
75,75,125,4.750773997863611e-06,0.03532454594118902,0.00011897850712311309,0.03145744729629146,0.014082579142849312,1.4811283707365148
75,75,130,1.3915587157353748e-05,0.03235281238566764,1.5580693521560773e-05,0.029518012210415834,0.014078992697403973,1.4766238953577446
75,75,135,2.1820629210411724e-05,0.019742109346391312,3.916199102296791e-05,0.021296354422486254,0.010337547185265986,1.2246460460512547
75,75,140,4.244534963770974e-05,0.011085348141408833,4.7536381998433686e-05,0.016392200911162107,0.007582874833025672,0.9874214297306533
75,75,145,7.760237553666727e-06,0.019152062468064057,0.0002372699541721146,0.013324742562337354,0.006490377907827052,0.7201038876693673
75,75,150,7.887567160214104e-05,0.03374031440514527,0.0005438775842555865,0.011840424850792473,0.008789838747692364,0.8317199626511278
75,75,155,3.658941578998931e-05,0.029213003691045437,0.0007263709986008171,0.012417384893164617,0.00997599880887998,0.88451557514746
75,75,160,0.009791114084694796,0.015869572373786164,0.009458073403687567,0.012234556379570202,0.009170902218749534,0.9009583567889847
75,75,165,0.017788566177678877,0.019661199965875623,0.016844085440326145,0.010999100574867755,0.00794141171410844,0.8376826078244106
75,75,170,0.017490128530225135,0.042435819598377646,0.018672509763277556,0.012792309953904502,0.006884132475470154,0.9617553345889771
75,75,175,0.010741225949999711,0.07345416898792355,0.01884786220844134,0.014093459222150571,0.005956525419709175,0.9265807064072863
75,75,180,0.006207772631481867,0.08334300907871378,0.020101758493966893,0.013340727526316024,0.0064101324585727005,1.039451569589314
75,75,185,0.010741225949999711,0.07345416898792355,0.01884786220844134,0.014093459222150571,0.005956525419709175,0.9265807064072863
75,75,190,0.017490128530225135,0.042435819598377646,0.018672509763277556,0.012792309953904502,0.006884132475470154,0.9617553345889771
75,75,195,0.017788566177678877,0.019661199965875623,0.016844085440326145,0.010999100574867755,0.00794141171410844,0.8376826078244106
75,75,200,0.009791114084694796,0.015869572373786164,0.009458073403687567,0.012234556379570202,0.009170902218749534,0.9009583567889847
75,75,205,3.658941578998931e-05,0.029213003691045437,0.0007263709986008171,0.012417384893164617,0.00997599880887998,0.88451557514746
75,75,210,7.887567160214104e-05,0.03374031440514527,0.0005438775842555865,0.011840424850792473,0.008789838747692364,0.8317199626511278
75,75,215,7.760237553666727e-06,0.019152062468064057,0.0002372699541721146,0.013324742562337354,0.006490377907827052,0.7201038876693673
75,75,220,4.244534963770974e-05,0.011085348141408833,4.7536381998433686e-05,0.016392200911162107,0.007582874833025672,0.9874214297306533
75,75,225,2.1820629210411724e-05,0.019742109346391312,3.916199102296791e-05,0.021296354422486254,0.010337547185265986,1.2246460460512547
75,75,230,1.3915587157353748e-05,0.03235281238566764,1.5580693521560773e-05,0.029518012210415834,0.014078992697403973,1.4766238953577446
75,75,235,4.750773997863611e-06,0.03532454594118902,0.00011897850712311309,0.03145744729629146,0.014082579142849312,1.4811283707365148
75,75,240,0.00042319972729620847,0.03957246139190013,0.0002542938590140084,0.030889717128994194,0.007710727710929661,1.3937599815309718
75,75,245,0.005888600454966558,0.004371272447511726,0.00087332618352403,0.02441552963565005,0.00464651303182751,1.3827248804301875
75,75,250,0.0057839042161693735,0.027703462000690644,0.0011805714496114818,0.029894792077562723,0.018800812594705563,1.4018294698555192
75,75,255,0.0045531023965641945,0.016385695469283153,0.0012875223830201565,0.02818742918978006,0.004682199720584201,1.4342838601315044
75,75,260,0.0026358685630513898,0.023017844168905694,0.001094311147445997,0.025620935018383993,0.004155026156021779,1.447051319697639
75,75,265,0.0019345396925328495,0.014459097483705035,0.0007449307880006417,0.02581085139003449,0.005821957029496118,1.3751573134791963
75,75,270,0.0023287261242584956,0.03670896561862755,0.0004588675755696492,0.032403254186959864,0.007654138549492281,1.3561323467488693
75,75,275,0.002015809121290471,0.03897349859802615,0.0003216513899380602,0.03254852403887942,0.00728805395108695,1.1928725981608144
75,75,280,0.000725494491771124,0.013011158719785101,0.00017118088499466604,0.021065711303995024,0.006549868132439932,1.0953397265301108
75,75,285,1.3363526194520858e-06,0.026922820616123815,5.640781800635153e-05,0.027703037118746488,0.015538090096865834,1.3111781593848757
75,75,290,0.00046537853561191486,0.01190162801666385,8.565911870689856e-05,0.026047469816965266,0.009410939534765895,1.184958535019619
75,75,295,0.000733910825875695,0.026146148634339304,6.786319282373054e-05,0.025164814745812416,0.009926222793344895,1.1475764999032143
75,75,300,6.348202085768723e-05,0.006676646362424144,8.079199447022511e-06,0.014259142527759758,0.005445373358160025,1.0939481441945564
75,75,305,6.6897447787428455e-06,0.032428278091348045,4.348004999432664e-06,0.02194313725748271,0.0063894248395191195,0.9209707657696659
75,75,310,4.852987265657749e-07,0.029216543147640186,4.47639125052135e-06,0.015502400379738202,0.004057029684800862,0.8199426790415387
75,75,315,8.91847065552509e-07,0.0009694057944442643,3.479987654889105e-06,0.013129814944225729,0.002673392207756961,1.0871797899600857
75,75,320,1.3749853340558338e-06,0.03315622791841815,4.656295438332236e-06,0.02540038701823196,0.0073365530811619435,1.3129308992909565
75,75,325,8.933665336885444e-06,0.09311005662397892,5.7670214982791235e-06,0.03957757707696994,0.01097628212664423,2.570747500845119
75,75,330,2.51083797145335e-06,0.09868694358665868,5.596234484345208e-06,0.05786584404134941,0.007598322803615097,2.6881611679988553
75,75,335,4.60912759497889e-06,0.08051419522456756,5.771863235332075e-06,0.04320752305873196,0.009808713363544308,2.9880135094520046
75,75,340,1.5707429662503714e-09,0.022937994755155604,8.056306441802871e-05,0.019056513402920815,0.009433298127617012,1.905877730858558
75,75,345,3.1035968556247795e-06,0.037950372037137435,0.00036946089537640003,0.01169616397566919,0.004991159637168935,0.6602288097058174
75,75,350,8.068788254211867e-07,0.046831164869385364,0.0005253418258148283,0.008500821210201886,0.002784557940571613,0.5615114518099462
75,75,355,1.933049362703998e-06,0.027024082910104743,0.0004707901395245122,0.009157944542106672,0.005127755040014847,0.7466573772223131
75,80,0,0.0022138047393325602,0.011289269297366867,0.0015865562126261036,0.00929078577482302,0.007446012419938237,0.8178709667670553
75,80,5,0.0019181953346779496,0.022712203752094633,0.0013896624677030359,0.011197715867772393,0.006088542559869658,0.8038776099959761
75,80,10,0.0010792220752345802,0.04161336272734968,0.0010635600239740015,0.011138390295463325,0.005657300430712309,0.8512045668997235
75,80,15,0.0006012500932165571,0.030487767921572016,0.0008601693273285818,0.016145597826178637,0.008087053103014505,0.8856688480672927
75,80,20,0.00020079093863002023,0.00954261638782714,0.00038674432221735833,0.016024466380216575,0.009101151808852567,1.0599155714506927
75,80,25,1.6603520113789294e-06,0.008028887022073052,2.0889462406629977e-06,0.011318242928377641,0.0031721819222116903,1.1546247996376877
75,80,30,1.2847369628699035e-06,0.08998112106254384,2.6882711093856315e-06,0.03468355991682988,0.006543532138087376,1.8212847074301437
75,80,35,4.318549718829168e-06,0.08853154367729026,3.253114622597808e-06,0.02534010367321821,0.011508867893383675,1.63088129521197
75,80,40,2.8792835827032293e-06,0.02271454862560163,6.429606831490076e-06,0.019893138675946345,0.005588592487740563,0.9956715526419141
75,80,45,0.0002462434968150788,0.00519991122082241,4.463445553382073e-05,0.012070897749138804,0.00292434448331081,1.153674409831583
75,80,50,2.1248844562365976e-07,0.023329311099050353,2.628289026587391e-05,0.014252083645852003,0.003150208049292808,0.7617131221221534
75,80,55,5.209284994894814e-06,0.04353338920257486,7.248042523735898e-06,0.019105110220624427,0.005304781004782485,1.1741233013186043
75,80,60,0.0003245098781772121,0.0062264226404207266,5.781474607249003e-05,0.01518041638703422,0.004534028269291713,0.9782195481281579
75,80,65,0.0014788120080372266,0.03397686090527062,0.00011572638562692625,0.030713726993592615,0.007529011931477507,0.9551310981479286
75,80,70,0.0010937105414313489,0.01648745153132605,0.00013009085525964373,0.024531548000135323,0.013154236801060327,1.1754580568875515
75,80,75,1.5334645480646891e-06,0.03347807099547452,0.00015853009266515554,0.02708844209756554,0.010065231969198033,1.05061470826434
75,80,80,0.0011144410257907592,0.016024114987650644,0.0002231843757506298,0.020256201722148745,0.011477101829404151,1.111662645447818
75,80,85,0.0034032063870468587,0.047755930949089885,0.0003683238258401743,0.03208186815520423,0.008018190627302515,1.2766303620540056
75,80,90,0.003968032523882295,0.044581150991532384,0.0007820693837149763,0.03401013414244386,0.008193386379934027,1.3149577162329116
75,80,95,0.003014946370930055,0.018443858545183718,0.0013332266779197098,0.024719309223342725,0.006045747947168003,1.2807934804037102
75,80,100,0.003913867878985608,0.029387981304072684,0.0017503356012922265,0.029288682439388394,0.005004910450236777,1.4018096639884094
75,80,105,0.00719144186378308,0.01934739695454851,0.002074776349579928,0.027699925038499936,0.004723527773550424,1.4072064079644244
75,80,110,0.00920710998470721,0.03246095879074213,0.0023385093134788357,0.03271088255943269,0.004359428078352931,1.3691941282693851
75,80,115,0.009080866450746072,0.005258235232657814,0.0024418511517666913,0.02415142105867895,0.005121153017887707,1.397621908122957
75,80,120,0.0076881410059054245,0.0346266277137852,0.0011539371458145348,0.029597032155685078,0.007870958436590253,1.3590578748866158
75,80,125,0.0028302565634434895,0.03294558148116646,0.0005152731925625736,0.02756939551591528,0.01173628746307888,1.3722409049480988
75,80,130,8.429372721829864e-06,0.0332665053737681,0.000124071665178499,0.029213823640246606,0.013648246046303174,1.4521917812266296
75,80,135,1.4113834665208103e-05,0.02039929895531493,6.266555016609665e-05,0.021500563639781478,0.010074962263115201,1.2458447373268695
75,80,140,4.8536291391010344e-05,0.009814415515018823,7.620059676444191e-05,0.012858955037815895,0.007276339148708644,0.8371642882310557
75,80,145,8.085403354440857e-05,0.0136770171667969,0.0005244908770702245,0.010922742306824544,0.004297327891014388,0.5446042394075172
75,80,150,2.4252278605696453e-05,0.021990425786180504,0.0010521852865744974,0.007283132392408699,0.005741737365689808,0.5744739078771577
75,80,155,0.005118698344604211,0.017289000248664307,0.004402916663492351,0.008527800609012492,0.006355699203082982,0.5903657693375128
75,80,160,0.025384623752597535,0.010896142770096375,0.02124398516181994,0.008197880020583036,0.005104684389339804,0.6553448463131271
75,80,165,0.042350506568868074,0.012915688833356816,0.03201575226426251,0.008239348602087679,0.004854140750953743,0.6696930868629352
75,80,170,0.0448528965389956,0.03499464357359221,0.04290982801195553,0.009970969590004894,0.006199513846099904,0.8266834416816435
75,80,175,0.037098432152866234,0.06101072472187858,0.04434949437478958,0.011089025303415144,0.005455647580964184,0.9415140517615258
75,80,180,0.031899445029109685,0.07401213427967375,0.046401382102233046,0.011808492240684774,0.0071706008772381155,1.0023288626673414
75,80,185,0.037098432152866234,0.06101072472187858,0.04434949437478958,0.011089025303415144,0.005455647580964184,0.9415140517615258
75,80,190,0.0448528965389956,0.03499464357359221,0.04290982801195553,0.009970969590004894,0.006199513846099904,0.8266834416816435
75,80,195,0.042350506568868074,0.012915688833356816,0.03201575226426251,0.008239348602087679,0.004854140750953743,0.6696930868629352
75,80,200,0.025384623752597535,0.010896142770096375,0.02124398516181994,0.008197880020583036,0.005104684389339804,0.6553448463131271
75,80,205,0.005118698344604211,0.017289000248664307,0.004402916663492351,0.008527800609012492,0.006355699203082982,0.5903657693375128
75,80,210,2.4252278605696453e-05,0.021990425786180504,0.0010521852865744974,0.007283132392408699,0.005741737365689808,0.5744739078771577
75,80,215,8.085403354440857e-05,0.0136770171667969,0.0005244908770702245,0.010922742306824544,0.004297327891014388,0.5446042394075172
75,80,220,4.8536291391010344e-05,0.009814415515018823,7.620059676444191e-05,0.012858955037815895,0.007276339148708644,0.8371642882310557
75,80,225,1.4113834665208103e-05,0.02039929895531493,6.266555016609665e-05,0.021500563639781478,0.010074962263115201,1.2458447373268695
75,80,230,8.429372721829864e-06,0.0332665053737681,0.000124071665178499,0.029213823640246606,0.013648246046303174,1.4521917812266296
75,80,235,0.0028302565634434895,0.03294558148116646,0.0005152731925625736,0.02756939551591528,0.01173628746307888,1.3722409049480988
75,80,240,0.0076881410059054245,0.0346266277137852,0.0011539371458145348,0.029597032155685078,0.007870958436590253,1.3590578748866158
75,80,245,0.009080866450746072,0.005258235232657814,0.0024418511517666913,0.02415142105867895,0.005121153017887707,1.397621908122957
75,80,250,0.00920710998470721,0.03246095879074213,0.0023385093134788357,0.03271088255943269,0.004359428078352931,1.3691941282693851
75,80,255,0.00719144186378308,0.01934739695454851,0.002074776349579928,0.027699925038499936,0.004723527773550424,1.4072064079644244
75,80,260,0.003913867878985608,0.029387981304072684,0.0017503356012922265,0.029288682439388394,0.005004910450236777,1.4018096639884094
75,80,265,0.003014946370930055,0.018443858545183718,0.0013332266779197098,0.024719309223342725,0.006045747947168003,1.2807934804037102
75,80,270,0.003968032523882295,0.044581150991532384,0.0007820693837149763,0.03401013414244386,0.008193386379934027,1.3149577162329116
75,80,275,0.0034032063870468587,0.047755930949089885,0.0003683238258401743,0.03208186815520423,0.008018190627302515,1.2766303620540056
75,80,280,0.0011144410257907592,0.016024114987650644,0.0002231843757506298,0.020256201722148745,0.011477101829404151,1.111662645447818
75,80,285,1.5334645480646891e-06,0.03347807099547452,0.00015853009266515554,0.02708844209756554,0.010065231969198033,1.05061470826434
75,80,290,0.0010937105414313489,0.01648745153132605,0.00013009085525964373,0.024531548000135323,0.013154236801060327,1.1754580568875515
75,80,295,0.0014788120080372266,0.03397686090527062,0.00011572638562692625,0.030713726993592615,0.007529011931477507,0.9551310981479286
75,80,300,0.0003245098781772121,0.0062264226404207266,5.781474607249003e-05,0.01518041638703422,0.004534028269291713,0.9782195481281579
75,80,305,5.209284994894814e-06,0.04353338920257486,7.248042523735898e-06,0.019105110220624427,0.005304781004782485,1.1741233013186043
75,80,310,2.1248844562365976e-07,0.023329311099050353,2.628289026587391e-05,0.014252083645852003,0.003150208049292808,0.7617131221221534
75,80,315,0.0002462434968150788,0.00519991122082241,4.463445553382073e-05,0.012070897749138804,0.00292434448331081,1.153674409831583
75,80,320,2.8792835827032293e-06,0.02271454862560163,6.429606831490076e-06,0.019893138675946345,0.005588592487740563,0.9956715526419141
75,80,325,4.318549718829168e-06,0.08853154367729026,3.253114622597808e-06,0.02534010367321821,0.011508867893383675,1.63088129521197
75,80,330,1.2847369628699035e-06,0.08998112106254384,2.6882711093856315e-06,0.03468355991682988,0.006543532138087376,1.8212847074301437
75,80,335,1.6603520113789294e-06,0.008028887022073052,2.0889462406629977e-06,0.011318242928377641,0.0031721819222116903,1.1546247996376877
75,80,340,0.00020079093863002023,0.00954261638782714,0.00038674432221735833,0.016024466380216575,0.009101151808852567,1.0599155714506927
75,80,345,0.0006012500932165571,0.030487767921572016,0.0008601693273285818,0.016145597826178637,0.008087053103014505,0.8856688480672927
75,80,350,0.0010792220752345802,0.04161336272734968,0.0010635600239740015,0.011138390295463325,0.005657300430712309,0.8512045668997235
75,80,355,0.0019181953346779496,0.022712203752094633,0.0013896624677030359,0.011197715867772393,0.006088542559869658,0.8038776099959761
75,85,0,0.008034227731533464,0.02513945778707799,0.00618431355084368,0.019405932485089022,0.015681823442243642,1.4687558484785117
75,85,5,0.00975046245399884,0.04251139396593691,0.006995847860052175,0.02249597670287924,0.01671985718917953,1.593031932669049
75,85,10,0.010565874139069897,0.058940455232775586,0.006350983551332345,0.02109048277787458,0.016659670394625473,1.648720801661609
75,85,15,0.00874476383086012,0.03332624957693856,0.004904111756057761,0.01491930731877551,0.009846959309440911,0.9836578763247832
75,85,20,0.003752313808738944,0.006286359422967467,0.0037010514354256646,0.0075204766955525755,0.0034125192854885323,0.5101534813231668
75,85,25,0.001624449654937049,0.01231593082974845,0.0001103731421642426,0.011664110445326063,0.0034334541847458274,1.1704948066336365
75,85,30,0.00048298789869434533,0.04300129385638795,0.00016988833896543903,0.022110532272249763,0.010613224863989527,1.2169391527819338
75,85,35,3.0207025095152495e-07,0.04940104251222121,7.600232704493837e-05,0.023095789212824146,0.010858084238453256,1.3056019236477623
75,85,40,0.0008016510436003252,0.010900268517881647,0.00012294128811603244,0.012536159677342153,0.005108853480265276,0.9994659471537017
75,85,45,0.001479550584704191,0.008181037611295737,0.00015266683841507964,0.009833897025701978,0.0027803093525319953,0.9151412675344197
75,85,50,0.0008371894550105591,0.01446789676734079,0.00019475110183791305,0.011926277198588749,0.0032644496895194355,0.5346683936403692
75,85,55,2.553587270659463e-05,0.033678094291597495,0.00010858710313317935,0.016233253780665355,0.004639158589483149,0.9495200793782723
75,85,60,0.0015633998275838557,0.00540948882481346,0.00020276633321591325,0.018177744375806916,0.004507579666696243,0.9152186214013946
75,85,65,0.0035642698044739546,0.03859253284889695,0.0002078309488141826,0.02698007794403004,0.01081479943701549,1.0763910721962362
75,85,70,0.003040154516712322,0.02409185832870124,0.0007020868039231548,0.026465271960980336,0.011865475103180057,0.9879595275604497
75,85,75,0.00046154898827482915,0.02574453719932848,0.0008006085622721017,0.021158044372757954,0.00918537442011849,0.9403139441940467
75,85,80,0.0028953852878120384,0.013793262486145553,0.0010847621522749665,0.01669041586522148,0.009172075655611317,1.0768131564189911
75,85,85,0.00715461467003585,0.054261305720193165,0.001600230478388743,0.024870809360407684,0.011209489485571288,1.37511212321498
75,85,90,0.008305259987152341,0.051112207746056036,0.0023136554419501687,0.02821388057716006,0.012032712167800812,1.4364762510083675
75,85,95,0.006562423936087927,0.014554913915795761,0.00298902221597188,0.020065463008446003,0.009468469037534495,1.2010887378650592
75,85,100,0.008284164076459474,0.023172540660534334,0.0037756841464421237,0.023138242539106835,0.00653728728623564,1.1465565456410611
75,85,105,0.014472951314399823,0.023910707358080124,0.004534429558996564,0.02510880816080687,0.0058184818289796795,1.2005995158983938
75,85,110,0.01825907706913779,0.03522653443075494,0.004939512415691627,0.03191332357640711,0.0054436822597742724,1.2294786533476456
75,85,115,0.017798688726300305,0.005274268882808051,0.005836575821675044,0.021330666648236227,0.0041474160919496034,1.2570949524707553
75,85,120,0.01759113117411565,0.02601526767179639,0.0063990555428995455,0.025410816204141526,0.008109811737286,1.2742240615226055
75,85,125,0.02079369895316363,0.02338223208941634,0.005330143623311634,0.023901138480086986,0.011185659445009448,1.2158790877666923
75,85,130,0.02001357002692572,0.025213140889695236,0.003815792779025884,0.025791468683586845,0.010119441064369215,1.2030360565380565
75,85,135,0.00022620246931692733,0.023227721189918223,0.0033012629000168103,0.023647718861861844,0.008432372021201303,1.1147532828927633
75,85,140,5.781811054839103e-05,0.010777599442937026,0.0010813016903957196,0.015124728227393445,0.005868162675440722,1.0811738233948502
75,85,145,2.8124475290214335e-05,0.010196104974310085,0.0012315201777948204,0.010385343805360226,0.003953411406497053,0.533379018461159
75,85,150,2.165814659171872e-06,0.011209276636754436,0.002277978228097721,0.005491912575035507,0.003742493992222171,0.47555172046487737
75,85,155,0.02705432914094441,0.01277729450308229,0.025234176289696653,0.005298932479766755,0.004244777558282176,0.4615976322559956
75,85,160,0.07429064379123751,0.007783379571639953,0.04804504473492205,0.005967855620112251,0.0035396686500598993,0.44781379592350223
75,85,165,0.11851672070746333,0.0094199505457077,0.07199439052399181,0.007303604206903322,0.004019604084270875,0.5598994656106124
75,85,170,0.13627420232730536,0.030925335253054145,0.09552651223864217,0.008967923787293552,0.0064453904837756815,0.8145136384686174
75,85,175,0.13280803003377084,0.05716901826118524,0.12130949540965508,0.01148626304819074,0.0074537033518614305,1.052949621374282
75,85,180,0.12946742230569885,0.06809418441052616,0.13050247126735026,0.012475188136726118,0.008062439451079668,1.1788313850249843
75,85,185,0.13280803003377084,0.05716901826118524,0.12130949540965508,0.01148626304819074,0.0074537033518614305,1.052949621374282
75,85,190,0.13627420232730536,0.030925335253054145,0.09552651223864217,0.008967923787293552,0.0064453904837756815,0.8145136384686174
75,85,195,0.11851672070746333,0.0094199505457077,0.07199439052399181,0.007303604206903322,0.004019604084270875,0.5598994656106124
75,85,200,0.07429064379123751,0.007783379571639953,0.04804504473492205,0.005967855620112251,0.0035396686500598993,0.44781379592350223
75,85,205,0.02705432914094441,0.01277729450308229,0.025234176289696653,0.005298932479766755,0.004244777558282176,0.4615976322559956
75,85,210,2.165814659171872e-06,0.011209276636754436,0.002277978228097721,0.005491912575035507,0.003742493992222171,0.47555172046487737
75,85,215,2.8124475290214335e-05,0.010196104974310085,0.0012315201777948204,0.010385343805360226,0.003953411406497053,0.533379018461159
75,85,220,5.781811054839103e-05,0.010777599442937026,0.0010813016903957196,0.015124728227393445,0.005868162675440722,1.0811738233948502
75,85,225,0.00022620246931692733,0.023227721189918223,0.0033012629000168103,0.023647718861861844,0.008432372021201303,1.1147532828927633
75,85,230,0.02001357002692572,0.025213140889695236,0.003815792779025884,0.025791468683586845,0.010119441064369215,1.2030360565380565
75,85,235,0.02079369895316363,0.02338223208941634,0.005330143623311634,0.023901138480086986,0.011185659445009448,1.2158790877666923
75,85,240,0.01759113117411565,0.02601526767179639,0.0063990555428995455,0.025410816204141526,0.008109811737286,1.2742240615226055
75,85,245,0.017798688726300305,0.005274268882808051,0.005836575821675044,0.021330666648236227,0.0041474160919496034,1.2570949524707553
75,85,250,0.01825907706913779,0.03522653443075494,0.004939512415691627,0.03191332357640711,0.0054436822597742724,1.2294786533476456
75,85,255,0.014472951314399823,0.023910707358080124,0.004534429558996564,0.02510880816080687,0.0058184818289796795,1.2005995158983938
75,85,260,0.008284164076459474,0.023172540660534334,0.0037756841464421237,0.023138242539106835,0.00653728728623564,1.1465565456410611
75,85,265,0.006562423936087927,0.014554913915795761,0.00298902221597188,0.020065463008446003,0.009468469037534495,1.2010887378650592
75,85,270,0.008305259987152341,0.051112207746056036,0.0023136554419501687,0.02821388057716006,0.012032712167800812,1.4364762510083675
75,85,275,0.00715461467003585,0.054261305720193165,0.001600230478388743,0.024870809360407684,0.011209489485571288,1.37511212321498
75,85,280,0.0028953852878120384,0.013793262486145553,0.0010847621522749665,0.01669041586522148,0.009172075655611317,1.0768131564189911
75,85,285,0.00046154898827482915,0.02574453719932848,0.0008006085622721017,0.021158044372757954,0.00918537442011849,0.9403139441940467
75,85,290,0.003040154516712322,0.02409185832870124,0.0007020868039231548,0.026465271960980336,0.011865475103180057,0.9879595275604497
75,85,295,0.0035642698044739546,0.03859253284889695,0.0002078309488141826,0.02698007794403004,0.01081479943701549,1.0763910721962362
75,85,300,0.0015633998275838557,0.00540948882481346,0.00020276633321591325,0.018177744375806916,0.004507579666696243,0.9152186214013946
75,85,305,2.553587270659463e-05,0.033678094291597495,0.00010858710313317935,0.016233253780665355,0.004639158589483149,0.9495200793782723
75,85,310,0.0008371894550105591,0.01446789676734079,0.00019475110183791305,0.011926277198588749,0.0032644496895194355,0.5346683936403692
75,85,315,0.001479550584704191,0.008181037611295737,0.00015266683841507964,0.009833897025701978,0.0027803093525319953,0.9151412675344197
75,85,320,0.0008016510436003252,0.010900268517881647,0.00012294128811603244,0.012536159677342153,0.005108853480265276,0.9994659471537017
75,85,325,3.0207025095152495e-07,0.04940104251222121,7.600232704493837e-05,0.023095789212824146,0.010858084238453256,1.3056019236477623
75,85,330,0.00048298789869434533,0.04300129385638795,0.00016988833896543903,0.022110532272249763,0.010613224863989527,1.2169391527819338
75,85,335,0.001624449654937049,0.01231593082974845,0.0001103731421642426,0.011664110445326063,0.0034334541847458274,1.1704948066336365
75,85,340,0.003752313808738944,0.006286359422967467,0.0037010514354256646,0.0075204766955525755,0.0034125192854885323,0.5101534813231668
75,85,345,0.00874476383086012,0.03332624957693856,0.004904111756057761,0.01491930731877551,0.009846959309440911,0.9836578763247832
75,85,350,0.010565874139069897,0.058940455232775586,0.006350983551332345,0.02109048277787458,0.016659670394625473,1.648720801661609
75,85,355,0.00975046245399884,0.04251139396593691,0.006995847860052175,0.02249597670287924,0.01671985718917953,1.593031932669049
