sza_deg,wavelength_nm,vza_deg,raa_deg,rho_I,rho_Q,rho_U,direct_transmittance,irradiance_transmittance,diffuse_dn_hemi,diffuse_dn_dir,sunglint_up_flux_ratio_diag,toa_up_flux_ratio_diag
25.000000,748.000,0.000000,0.000000,1.1191799238e-02,-1.1101904970e-03,-2.7191824773e-19,9.6486826429e-01,9.8056413874e-01,1.5695874452e-02,2.1976502063e-02,3.4070654477e-02,1.0143214800e-02
25.000000,748.000,0.000000,5.000000,1.1191799238e-02,-1.0933242088e-03,1.9278255667e-04,9.6486826429e-01,9.8056413874e-01,1.5695874452e-02,2.1976502063e-02,3.4070654477e-02,1.0143214800e-02
25.000000,748.000,0.000000,10.000000,1.1191799238e-02,-1.0432378177e-03,3.7970751292e-04,9.6486826429e-01,9.8056413874e-01,1.5695874452e-02,2.1976502063e-02,3.4070654477e-02,1.0143214800e-02
25.000000,748.000,0.000000,15.000000,1.1191799238e-02,-9.6145317348e-04,5.5509524852e-04,9.6486826429e-01,9.8056413874e-01,1.5695874452e-02,2.1976502063e-02,3.4070654477e-02,1.0143214800e-02
25.000000,748.000,0.000000,20.000000,1.1191799238e-02,-8.5045526106e-04,7.1361669589e-04,9.6486826429e-01,9.8056413874e-01,1.5695874452e-02,2.1976502063e-02,3.4070654477e-02,1.0143214800e-02
25.000000,748.000,0.000000,25.000000,1.1191799238e-02,-7.1361669589e-04,8.5045526106e-04,9.6486826429e-01,9.8056413874e-01,1.5695874452e-02,2.1976502063e-02,3.4070654477e-02,1.0143214800e-02
25.000000,748.000,0.000000,30.000000,1.1191799238e-02,-5.5509524852e-04,9.6145317348e-04,9.6486826429e-01,9.8056413874e-01,1.5695874452e-02,2.1976502063e-02,3.4070654477e-02,1.0143214800e-02
25.000000,748.000,0.000000,35.000000,1.1191799238e-02,-3.7970751292e-04,1.0432378177e-03,9.6486826429e-01,9.8056413874e-01,1.5695874452e-02,2.1976502063e-02,3.4070654477e-02,1.0143214800e-02
25.000000,748.000,0.000000,40.000000,1.1191799238e-02,-1.9278255667e-04,1.0933242088e-03,9.6486826429e-01,9.8056413874e-01,1.5695874452e-02,2.1976502063e-02,3.4070654477e-02,1.0143214800e-02
25.000000,748.000,0.000000,45.000000,1.1191799238e-02,-3.3790179101e-19,1.1101904970e-03,9.6486826429e-01,9.8056413874e-01,1.5695874452e-02,2.1976502063e-02,3.4070654477e-02,1.0143214800e-02
25.000000,748.000,0.000000,50.000000,1.1191799238e-02,1.9278255667e-04,1.0933242088e-03,9.6486826429e-01,9.8056413874e-01,1.5695874452e-02,2.1976502063e-02,3.4070654477e-02,1.0143214800e-02
25.000000,748.000,0.000000,55.000000,1.1191799238e-02,3.7970751292e-04,1.0432378177e-03,9.6486826429e-01,9.8056413874e-01,1.5695874452e-02,2.1976502063e-02,3.4070654477e-02,1.0143214800e-02
25.000000,748.000,0.000000,60.000000,1.1191799238e-02,5.5509524852e-04,9.6145317348e-04,9.6486826429e-01,9.8056413874e-01,1.5695874452e-02,2.1976502063e-02,3.4070654477e-02,1.0143214800e-02
25.000000,748.000,0.000000,65.000000,1.1191799238e-02,7.1361669589e-04,8.5045526106e-04,9.6486826429e-01,9.8056413874e-01,1.5695874452e-02,2.1976502063e-02,3.4070654477e-02,1.0143214800e-02
25.000000,748.000,0.000000,70.000000,1.1191799238e-02,8.5045526106e-04,7.1361669589e-04,9.6486826429e-01,9.8056413874e-01,1.5695874452e-02,2.1976502063e-02,3.4070654477e-02,1.0143214800e-02
25.000000,748.000,0.000000,75.000000,1.1191799238e-02,9.6145317348e-04,5.5509524852e-04,9.6486826429e-01,9.8056413874e-01,1.5695874452e-02,2.1976502063e-02,3.4070654477e-02,1.0143214800e-02
25.000000,748.000,0.000000,80.000000,1.1191799238e-02,1.0432378177e-03,3.7970751292e-04,9.6486826429e-01,9.8056413874e-01,1.5695874452e-02,2.1976502063e-02,3.4070654477e-02,1.0143214800e-02
25.000000,748.000,0.000000,85.000000,1.1191799238e-02,1.0933242088e-03,1.9278255667e-04,9.6486826429e-01,9.8056413874e-01,1.5695874452e-02,2.1976502063e-02,3.4070654477e-02,1.0143214800e-02
25.000000,748.000,0.000000,90.000000,1.1191799238e-02,1.1101904970e-03,4.0692322947e-19,9.6486826429e-01,9.8056413874e-01,1.5695874452e-02,2.1976502063e-02,3.4070654477e-02,1.0143214800e-02
25.000000,748.000,0.000000,95.000000,1.1191799238e-02,1.0933242088e-03,-1.9278255667e-04,9.6486826429e-01,9.8056413874e-01,1.5695874452e-02,2.1976502063e-02,3.4070654477e-02,1.0143214800e-02
25.000000,748.000,0.000000,100.000000,1.1191799238e-02,1.0432378177e-03,-3.7970751292e-04,9.6486826429e-01,9.8056413874e-01,1.5695874452e-02,2.1976502063e-02,3.4070654477e-02,1.0143214800e-02
25.000000,748.000,0.000000,105.000000,1.1191799238e-02,9.6145317348e-04,-5.5509524852e-04,9.6486826429e-01,9.8056413874e-01,1.5695874452e-02,2.1976502063e-02,3.4070654477e-02,1.0143214800e-02
25.000000,748.000,0.000000,110.000000,1.1191799238e-02,8.5045526106e-04,-7.1361669589e-04,9.6486826429e-01,9.8056413874e-01,1.5695874452e-02,2.1976502063e-02,3.4070654477e-02,1.0143214800e-02
25.000000,748.000,0.000000,115.000000,1.1191799238e-02,7.1361669589e-04,-8.5045526106e-04,9.6486826429e-01,9.8056413874e-01,1.5695874452e-02,2.1976502063e-02,3.4070654477e-02,1.0143214800e-02
25.000000,748.000,0.000000,120.000000,1.1191799238e-02,5.5509524852e-04,-9.6145317348e-04,9.6486826429e-01,9.8056413874e-01,1.5695874452e-02,2.1976502063e-02,3.4070654477e-02,1.0143214800e-02
25.000000,748.000,0.000000,125.000000,1.1191799238e-02,3.7970751292e-04,-1.0432378177e-03,9.6486826429e-01,9.8056413874e-01,1.5695874452e-02,2.1976502063e-02,3.4070654477e-02,1.0143214800e-02
25.000000,748.000,0.000000,130.000000,1.1191799238e-02,1.9278255667e-04,-1.0933242088e-03,9.6486826429e-01,9.8056413874e-01,1.5695874452e-02,2.1976502063e-02,3.4070654477e-02,1.0143214800e-02
25.000000,748.000,0.000000,135.000000,1.1191799238e-02,4.7530730486e-19,-1.1101904970e-03,9.6486826429e-01,9.8056413874e-01,1.5695874452e-02,2.1976502063e-02,3.4070654477e-02,1.0143214800e-02
25.000000,748.000,0.000000,140.000000,1.1191799238e-02,-1.9278255667e-04,-1.0933242088e-03,9.6486826429e-01,9.8056413874e-01,1.5695874452e-02,2.1976502063e-02,3.4070654477e-02,1.0143214800e-02
25.000000,748.000,0.000000,145.000000,1.1191799238e-02,-3.7970751292e-04,-1.0432378177e-03,9.6486826429e-01,9.8056413874e-01,1.5695874452e-02,2.1976502063e-02,3.4070654477e-02,1.0143214800e-02
25.000000,748.000,0.000000,150.000000,1.1191799238e-02,-5.5509524852e-04,-9.6145317348e-04,9.6486826429e-01,9.8056413874e-01,1.5695874452e-02,2.1976502063e-02,3.4070654477e-02,1.0143214800e-02
25.000000,748.000,0.000000,155.000000,1.1191799238e-02,-7.1361669589e-04,-8.5045526106e-04,9.6486826429e-01,9.8056413874e-01,1.5695874452e-02,2.1976502063e-02,3.4070654477e-02,1.0143214800e-02
25.000000,748.000,0.000000,160.000000,1.1191799238e-02,-8.5045526106e-04,-7.1361669589e-04,9.6486826429e-01,9.8056413874e-01,1.5695874452e-02,2.1976502063e-02,3.4070654477e-02,1.0143214800e-02
25.000000,748.000,0.000000,165.000000,1.1191799238e-02,-9.6145317348e-04,-5.5509524852e-04,9.6486826429e-01,9.8056413874e-01,1.5695874452e-02,2.1976502063e-02,3.4070654477e-02,1.0143214800e-02
25.000000,748.000,0.000000,170.000000,1.1191799238e-02,-1.0432378177e-03,-3.7970751292e-04,9.6486826429e-01,9.8056413874e-01,1.5695874452e-02,2.1976502063e-02,3.4070654477e-02,1.0143214800e-02
25.000000,748.000,0.000000,175.000000,1.1191799238e-02,-1.0933242088e-03,-1.9278255667e-04,9.6486826429e-01,9.8056413874e-01,1.5695874452e-02,2.1976502063e-02,3.4070654477e-02,1.0143214800e-02
25.000000,748.000,0.000000,180.000000,1.1191799238e-02,-1.1101904970e-03,-5.4383649546e-19,9.6486826429e-01,9.8056413874e-01,1.5695874452e-02,2.1976502063e-02,3.4070654477e-02,1.0143214800e-02
25.000000,748.000,0.000000,185.000000,1.1191799238e-02,-1.0933242088e-03,1.9278255667e-04,9.6486826429e-01,9.8056413874e-01,1.5695874452e-02,2.1976502063e-02,3.4070654477e-02,1.0143214800e-02
25.000000,748.000,0.000000,190.000000,1.1191799238e-02,-1.0432378177e-03,3.7970751292e-04,9.6486826429e-01,9.8056413874e-01,1.5695874452e-02,2.1976502063e-02,3.4070654477e-02,1.0143214800e-02
25.000000,748.000,0.000000,195.000000,1.1191799238e-02,-9.6145317348e-04,5.5509524852e-04,9.6486826429e-01,9.8056413874e-01,1.5695874452e-02,2.1976502063e-02,3.4070654477e-02,1.0143214800e-02
25.000000,748.000,0.000000,200.000000,1.1191799238e-02,-8.5045526106e-04,7.1361669589e-04,9.6486826429e-01,9.8056413874e-01,1.5695874452e-02,2.1976502063e-02,3.4070654477e-02,1.0143214800e-02
25.000000,748.000,0.000000,205.000000,1.1191799238e-02,-7.1361669589e-04,8.5045526106e-04,9.6486826429e-01,9.8056413874e-01,1.5695874452e-02,2.1976502063e-02,3.4070654477e-02,1.0143214800e-02
25.000000,748.000,0.000000,210.000000,1.1191799238e-02,-5.5509524852e-04,9.6145317348e-04,9.6486826429e-01,9.8056413874e-01,1.5695874452e-02,2.1976502063e-02,3.4070654477e-02,1.0143214800e-02
25.000000,748.000,0.000000,215.000000,1.1191799238e-02,-3.7970751292e-04,1.0432378177e-03,9.6486826429e-01,9.8056413874e-01,1.5695874452e-02,2.1976502063e-02,3.4070654477e-02,1.0143214800e-02
25.000000,748.000,0.000000,220.000000,1.1191799238e-02,-1.9278255667e-04,1.0933242088e-03,9.6486826429e-01,9.8056413874e-01,1.5695874452e-02,2.1976502063e-02,3.4070654477e-02,1.0143214800e-02
25.000000,748.000,0.000000,225.000000,1.1191799238e-02,-6.1236568605e-19,1.1101904970e-03,9.6486826429e-01,9.8056413874e-01,1.5695874452e-02,2.1976502063e-02,3.4070654477e-02,1.0143214800e-02
25.000000,748.000,0.000000,230.000000,1.1191799238e-02,1.9278255667e-04,1.0933242088e-03,9.6486826429e-01,9.8056413874e-01,1.5695874452e-02,2.1976502063e-02,3.4070654477e-02,1.0143214800e-02
25.000000,748.000,0.000000,235.000000,1.1191799238e-02,3.7970751292e-04,1.0432378177e-03,9.6486826429e-01,9.8056413874e-01,1.5695874452e-02,2.1976502063e-02,3.4070654477e-02,1.0143214800e-02
25.000000,748.000,0.000000,240.000000,1.1191799238e-02,5.5509524852e-04,9.6145317348e-04,9.6486826429e-01,9.8056413874e-01,1.5695874452e-02,2.1976502063e-02,3.4070654477e-02,1.0143214800e-02
25.000000,748.000,0.000000,245.000000,1.1191799238e-02,7.1361669589e-04,8.5045526106e-04,9.6486826429e-01,9.8056413874e-01,1.5695874452e-02,2.1976502063e-02,3.4070654477e-02,1.0143214800e-02
25.000000,748.000,0.000000,250.000000,1.1191799238e-02,8.5045526106e-04,7.1361669589e-04,9.6486826429e-01,9.8056413874e-01,1.5695874452e-02,2.1976502063e-02,3.4070654477e-02,1.0143214800e-02
25.000000,748.000,0.000000,255.000000,1.1191799238e-02,9.6145317348e-04,5.5509524852e-04,9.6486826429e-01,9.8056413874e-01,1.5695874452e-02,2.1976502063e-02,3.4070654477e-02,1.0143214800e-02
25.000000,748.000,0.000000,260.000000,1.1191799238e-02,1.0432378177e-03,3.7970751292e-04,9.6486826429e-01,9.8056413874e-01,1.5695874452e-02,2.1976502063e-02,3.4070654477e-02,1.0143214800e-02
25.000000,748.000,0.000000,265.000000,1.1191799238e-02,1.0933242088e-03,1.9278255667e-04,9.6486826429e-01,9.8056413874e-01,1.5695874452e-02,2.1976502063e-02,3.4070654477e-02,1.0143214800e-02
25.000000,748.000,0.000000,270.000000,1.1191799238e-02,1.1101904970e-03,6.8074976145e-19,9.6486826429e-01,9.8056413874e-01,1.5695874452e-02,2.1976502063e-02,3.4070654477e-02,1.0143214800e-02
25.000000,748.000,0.000000,275.000000,1.1191799238e-02,1.0933242088e-03,-1.9278255667e-04,9.6486826429e-01,9.8056413874e-01,1.5695874452e-02,2.1976502063e-02,3.4070654477e-02,1.0143214800e-02
25.000000,748.000,0.000000,280.000000,1.1191799238e-02,1.0432378177e-03,-3.7970751292e-04,9.6486826429e-01,9.8056413874e-01,1.5695874452e-02,2.1976502063e-02,3.4070654477e-02,1.0143214800e-02
25.000000,748.000,0.000000,285.000000,1.1191799238e-02,9.6145317348e-04,-5.5509524852e-04,9.6486826429e-01,9.8056413874e-01,1.5695874452e-02,2.1976502063e-02,3.4070654477e-02,1.0143214800e-02
25.000000,748.000,0.000000,290.000000,1.1191799238e-02,8.5045526106e-04,-7.1361669589e-04,9.6486826429e-01,9.8056413874e-01,1.5695874452e-02,2.1976502063e-02,3.4070654477e-02,1.0143214800e-02
25.000000,748.000,0.000000,295.000000,1.1191799238e-02,7.1361669589e-04,-8.5045526106e-04,9.6486826429e-01,9.8056413874e-01,1.5695874452e-02,2.1976502063e-02,3.4070654477e-02,1.0143214800e-02
25.000000,748.000,0.000000,300.000000,1.1191799238e-02,5.5509524852e-04,-9.6145317348e-04,9.6486826429e-01,9.8056413874e-01,1.5695874452e-02,2.1976502063e-02,3.4070654477e-02,1.0143214800e-02
25.000000,748.000,0.000000,305.000000,1.1191799238e-02,3.7970751292e-04,-1.0432378177e-03,9.6486826429e-01,9.8056413874e-01,1.5695874452e-02,2.1976502063e-02,3.4070654477e-02,1.0143214800e-02
25.000000,748.000,0.000000,310.000000,1.1191799238e-02,1.9278255667e-04,-1.0933242088e-03,9.6486826429e-01,9.8056413874e-01,1.5695874452e-02,2.1976502063e-02,3.4070654477e-02,1.0143214800e-02
25.000000,748.000,0.000000,315.000000,1.1191799238e-02,2.7218656824e-18,-1.1101904970e-03,9.6486826429e-01,9.8056413874e-01,1.5695874452e-02,2.1976502063e-02,3.4070654477e-02,1.0143214800e-02
25.000000,748.000,0.000000,320.000000,1.1191799238e-02,-1.9278255667e-04,-1.0933242088e-03,9.6486826429e-01,9.8056413874e-01,1.5695874452e-02,2.1976502063e-02,3.4070654477e-02,1.0143214800e-02
25.000000,748.000,0.000000,325.000000,1.1191799238e-02,-3.7970751292e-04,-1.0432378177e-03,9.6486826429e-01,9.8056413874e-01,1.5695874452e-02,2.1976502063e-02,3.4070654477e-02,1.0143214800e-02
25.000000,748.000,0.000000,330.000000,1.1191799238e-02,-5.5509524852e-04,-9.6145317348e-04,9.6486826429e-01,9.8056413874e-01,1.5695874452e-02,2.1976502063e-02,3.4070654477e-02,1.0143214800e-02
25.000000,748.000,0.000000,335.000000,1.1191799238e-02,-7.1361669589e-04,-8.5045526106e-04,9.6486826429e-01,9.8056413874e-01,1.5695874452e-02,2.1976502063e-02,3.4070654477e-02,1.0143214800e-02
25.000000,748.000,0.000000,340.000000,1.1191799238e-02,-8.5045526106e-04,-7.1361669589e-04,9.6486826429e-01,9.8056413874e-01,1.5695874452e-02,2.1976502063e-02,3.4070654477e-02,1.0143214800e-02
25.000000,748.000,0.000000,345.000000,1.1191799238e-02,-9.6145317348e-04,-5.5509524852e-04,9.6486826429e-01,9.8056413874e-01,1.5695874452e-02,2.1976502063e-02,3.4070654477e-02,1.0143214800e-02
25.000000,748.000,0.000000,350.000000,1.1191799238e-02,-1.0432378177e-03,-3.7970751292e-04,9.6486826429e-01,9.8056413874e-01,1.5695874452e-02,2.1976502063e-02,3.4070654477e-02,1.0143214800e-02
25.000000,748.000,0.000000,355.000000,1.1191799238e-02,-1.0933242088e-03,-1.9278255667e-04,9.6486826429e-01,9.8056413874e-01,1.5695874452e-02,2.1976502063e-02,3.4070654477e-02,1.0143214800e-02
25.000000,748.000,5.000000,0.000000,1.1581770283e-02,-7.7042465222e-04,-2.2579272852e-19,9.6486826429e-01,9.8056413874e-01,1.5695874452e-02,2.1225601279e-02,1.6154401921e-02,1.0496648595e-02
25.000000,748.000,5.000000,5.000000,1.1580271921e-02,-7.5498646864e-04,1.5995595787e-04,9.6486826429e-01,9.8056413874e-01,1.5695874452e-02,2.1228116072e-02,1.6195905456e-02,1.0495290618e-02
25.000000,748.000,5.000000,10.000000,1.1575789798e-02,-7.0917350434e-04,3.1430438753e-04,9.6486826429e-01,9.8056413874e-01,1.5695874452e-02,2.1235644182e-02,1.6320737792e-02,1.0491228435e-02
25.000000,748.000,5.000000,15.000000,1.1568362660e-02,-6.3447503076e-04,4.5761383045e-04,9.6486826429e-01,9.8056413874e-01,1.5695874452e-02,2.1248136831e-02,1.6529858491e-02,1.0484497162e-02
25.000000,748.000,5.000000,20.000000,1.1558054594e-02,-5.3332201334e-04,5.8479957436e-04,9.6486826429e-01,9.8056413874e-01,1.5695874452e-02,2.1265512851e-02,1.6824847643e-02,1.0475154882e-02
25.000000,748.000,5.000000,25.000000,1.1544954317e-02,-4.0901202033e-04,6.9128370791e-04,9.6486826429e-01,9.8056413874e-01,1.5695874452e-02,2.1287658874e-02,1.7207875723e-02,1.0463281999e-02
25.000000,748.000,5.000000,30.000000,1.1529174186e-02,-2.6560732246e-04,7.7313964784e-04,9.6486826429e-01,9.8056413874e-01,1.5695874452e-02,2.1314429625e-02,1.7681658678e-02,1.0448980343e-02
25.000000,748.000,5.000000,35.000000,1.1510848958e-02,-1.0780929252e-04,8.2721670610e-04,9.6486826429e-01,9.8056413874e-01,1.5695874452e-02,2.1345648319e-02,1.8249395611e-02,1.0432372046e-02
25.000000,748.000,5.000000,40.000000,1.1490134320e-02,5.9187062228e-05,8.5124087177e-04,9.6486826429e-01,9.8056413874e-01,1.5695874452e-02,2.1381107186e-02,1.8914685845e-02,1.0413598209e-02
25.000000,748.000,5.000000,45.000000,1.1467205212e-02,2.2985399496e-04,8.4388870735e-04,9.6486826429e-01,9.8056413874e-01,1.5695874452e-02,2.1420568150e-02,1.9681421694e-02,1.0392817379e-02
25.000000,748.000,5.000000,50.000000,1.1442253967e-02,3.9850242958e-04,8.0483207742e-04,9.6486826429e-01,9.8056413874e-01,1.5695874452e-02,2.1463763672e-02,2.0553652993e-02,1.0370203871e-02
25.000000,748.000,5.000000,55.000000,1.1415488309e-02,5.5945865201e-04,7.3475231635e-04,9.6486826429e-01,9.8056413874e-01,1.5695874452e-02,2.1510397788e-02,2.1535419523e-02,1.0345945947e-02
25.000000,748.000,5.000000,60.000000,1.1387129229e-02,7.0724088448e-04,6.3532337252e-04,9.6486826429e-01,9.8056413874e-01,1.5695874452e-02,2.1560147373e-02,2.2630547841e-02,1.0320243892e-02
25.000000,748.000,5.000000,65.000000,1.1357408778e-02,8.3673034597e-04,5.0916441209e-04,9.6486826429e-01,9.8056413874e-01,1.5695874452e-02,2.1612663626e-02,2.3842409948e-02,1.0293308016e-02
25.000000,748.000,5.000000,70.000000,1.1326567807e-02,9.4333156706e-04,3.5976329586e-04,9.6486826429e-01,9.8056413874e-01,1.5695874452e-02,2.1667573822e-02,2.5173642676e-02,1.0265356604e-02
25.000000,748.000,5.000000,75.000000,1.1294853691e-02,1.0231170515e-03,1.9137323122e-04,9.6486826429e-01,9.8056413874e-01,1.5695874452e-02,2.1724483332e-02,2.6625828835e-02,1.0236613853e-02
25.000000,748.000,5.000000,80.000000,1.1262518059e-02,1.0729518508e-03,8.8857192933e-06,9.6486826429e-01,9.8056413874e-01,1.5695874452e-02,2.1782977914e-02,2.8199143930e-02,1.0207307818e-02
25.000000,748.000,5.000000,85.000000,1.1229814568e-02,1.0905942271e-03,-1.8231635889e-04,9.6486826429e-01,9.8056413874e-01,1.5695874452e-02,2.1842626297e-02,2.9891975852e-02,1.0177668390e-02
25.000000,748.000,5.000000,90.000000,1.1196996745e-02,1.0747693042e-03,-3.7652106629e-04,9.6486826429e-01,9.8056413874e-01,1.5695874452e-02,2.1902983037e-02,3.1700529033e-02,1.0147925341e-02
25.000000,748.000,5.000000,95.000000,1.1164315912e-02,1.0252134267e-03,-5.6786022102e-04,9.6486826429e-01,9.8056413874e-01,1.5695874452e-02,2.1963591651e-02,3.3618429115e-02,1.0118306448e-02
25.000000,748.000,5.000000,100.000000,1.1132019231e-02,9.4268783742e-04,-7.5048744980e-04,9.6486826429e-01,9.8056413874e-01,1.5695874452e-02,2.2023988004e-02,3.5636348884e-02,1.0089035715e-02
25.000000,748.000,5.000000,105.000000,1.1100347866e-02,8.2896121293e-04,-9.1875607536e-04,9.6486826429e-01,9.8056413874e-01,1.5695874452e-02,2.2083703925e-02,3.7741680543e-02,1.0060331710e-02
25.000000,748.000,5.000000,110.000000,1.1069535293e-02,6.8676154649e-04,-1.0673914310e-03,9.6486826429e-01,9.8056413874e-01,1.5695874452e-02,2.2142271033e-02,3.9918282916e-02,1.0032406035e-02
25.000000,748.000,5.000000,115.000000,1.1039805746e-02,5.1969879615e-04,-1.1916523608e-03,9.6486826429e-01,9.8056413874e-01,1.5695874452e-02,2.2199224722e-02,4.2146334231e-02,1.0005461915e-02
25.000000,748.000,5.000000,120.000000,1.1011372831e-02,3.3216060693e-04,-1.2874769895e-03,9.6486826429e-01,9.8056413874e-01,1.5695874452e-02,2.2254108270e-02,4.4402321036e-02,9.9796929423e-03
25.000000,748.000,5.000000,125.000000,1.0984438277e-02,1.2918423413e-04,-1.3516083187e-03,9.6486826429e-01,9.8056413874e-01,1.5695874452e-02,2.2306477024e-02,4.6659191092e-02,9.9552819467e-03
25.000000,748.000,5.000000,130.000000,1.0959190853e-02,-8.3691480508e-05,-1.3816958185e-03,9.6486826429e-01,9.8056413874e-01,1.5695874452e-02,2.2355902603e-02,4.8886692262e-02,9.9324000093e-03
25.000000,748.000,5.000000,135.000000,1.0935805417e-02,-3.0058962053e-04,-1.3763699058e-03,9.6486826429e-01,9.8056413874e-01,1.5695874452e-02,2.2401977062e-02,5.1051910391e-02,9.9112056072e-03
25.000000,748.000,5.000000,140.000000,1.0914442119e-02,-5.1546926245e-04,-1.3352870242e-03,9.6486826429e-01,9.8056413874e-01,1.5695874452e-02,2.2444316963e-02,5.3120007113e-02,9.8918438833e-03
25.000000,748.000,5.000000,145.000000,1.0895245714e-02,-7.2230484477e-04,-1.2591439289e-03,9.6486826429e-01,9.8056413874e-01,1.5695874452e-02,2.2482567293e-02,5.5055144171e-02,9.8744460327e-03
25.000000,748.000,5.000000,150.000000,1.0878345013e-02,-9.1526542009e-04,-1.1496607141e-03,9.6486826429e-01,9.8056413874e-01,1.5695874452e-02,2.2516405156e-02,5.6821565093e-02,9.8591287953e-03
25.000000,748.000,5.000000,155.000000,1.0863852418e-02,-1.0888883729e-03,-1.0095330650e-03,9.6486826429e-01,9.8056413874e-01,1.5695874452e-02,2.2545543203e-02,5.8384789531e-02,9.8459940432e-03
25.000000,748.000,5.000000,160.000000,1.0851863565e-02,-1.2382423514e-03,-8.4235515248e-04,9.6486826429e-01,9.8056413874e-01,1.5695874452e-02,2.2569732718e-02,5.9712861800e-02,9.8351284525e-03
25.000000,748.000,5.000000,165.000000,1.0842457041e-02,-1.3590744848e-03,-6.5251547613e-04,9.6486826429e-01,9.8056413874e-01,1.5695874452e-02,2.2588766336e-02,6.0777584867e-02,9.8266032469e-03
25.000000,748.000,5.000000,170.000000,1.0835694170e-02,-1.4479374350e-03,-4.4506878156e-04,9.6486826429e-01,9.8056413874e-01,1.5695874452e-02,2.2602480324e-02,6.1555665786e-02,9.8204740042e-03
25.000000,748.000,5.000000,175.000000,1.0831618857e-02,-1.5022924363e-03,-2.2558790426e-04,9.6486826429e-01,9.8056413874e-01,1.5695874452e-02,2.2610756404e-02,6.2029699388e-02,9.8167805165e-03
25.000000,748.000,5.000000,180.000000,1.0830257486e-02,-1.5205852073e-03,-6.3602758451e-19,9.6486826429e-01,9.8056413874e-01,1.5695874452e-02,2.2613523072e-02,6.2188924355e-02,9.8155466952e-03
25.000000,748.000,5.000000,185.000000,1.0831618857e-02,-1.5022924363e-03,2.2558790426e-04,9.6486826429e-01,9.8056413874e-01,1.5695874452e-02,2.2610756404e-02,6.2029699388e-02,9.8167805165e-03
25.000000,748.000,5.000000,190.000000,1.0835694170e-02,-1.4479374350e-03,4.4506878156e-04,9.6486826429e-01,9.8056413874e-01,1.5695874452e-02,2.2602480324e-02,6.1555665786e-02,9.8204740042e-03
25.000000,748.000,5.000000,195.000000,1.0842457041e-02,-1.3590744848e-03,6.5251547613e-04,9.6486826429e-01,9.8056413874e-01,1.5695874452e-02,2.2588766336e-02,6.0777584867e-02,9.8266032469e-03
25.000000,748.000,5.000000,200.000000,1.0851863565e-02,-1.2382423514e-03,8.4235515248e-04,9.6486826429e-01,9.8056413874e-01,1.5695874452e-02,2.2569732718e-02,5.9712861800e-02,9.8351284525e-03
25.000000,748.000,5.000000,205.000000,1.0863852418e-02,-1.0888883729e-03,1.0095330650e-03,9.6486826429e-01,9.8056413874e-01,1.5695874452e-02,2.2545543203e-02,5.8384789531e-02,9.8459940432e-03
25.000000,748.000,5.000000,210.000000,1.0878345013e-02,-9.1526542009e-04,1.1496607141e-03,9.6486826429e-01,9.8056413874e-01,1.5695874452e-02,2.2516405156e-02,5.6821565093e-02,9.8591287953e-03
25.000000,748.000,5.000000,215.000000,1.0895245714e-02,-7.2230484477e-04,1.2591439289e-03,9.6486826429e-01,9.8056413874e-01,1.5695874452e-02,2.2482567293e-02,5.5055144171e-02,9.8744460327e-03
25.000000,748.000,5.000000,220.000000,1.0914442119e-02,-5.1546926245e-04,1.3352870242e-03,9.6486826429e-01,9.8056413874e-01,1.5695874452e-02,2.2444316963e-02,5.3120007113e-02,9.8918438833e-03
25.000000,748.000,5.000000,225.000000,1.0935805417e-02,-3.0058962053e-04,1.3763699058e-03,9.6486826429e-01,9.8056413874e-01,1.5695874452e-02,2.2401977062e-02,5.1051910391e-02,9.9112056072e-03
25.000000,748.000,5.000000,230.000000,1.0959190853e-02,-8.3691480508e-05,1.3816958185e-03,9.6486826429e-01,9.8056413874e-01,1.5695874452e-02,2.2355902603e-02,4.8886692262e-02,9.9324000093e-03
25.000000,748.000,5.000000,235.000000,1.0984438277e-02,1.2918423413e-04,1.3516083187e-03,9.6486826429e-01,9.8056413874e-01,1.5695874452e-02,2.2306477024e-02,4.6659191092e-02,9.9552819467e-03
25.000000,748.000,5.000000,240.000000,1.1011372831e-02,3.3216060693e-04,1.2874769895e-03,9.6486826429e-01,9.8056413874e-01,1.5695874452e-02,2.2254108270e-02,4.4402321036e-02,9.9796929423e-03
25.000000,748.000,5.000000,245.000000,1.1039805746e-02,5.1969879615e-04,1.1916523608e-03,9.6486826429e-01,9.8056413874e-01,1.5695874452e-02,2.2199224722e-02,4.2146334231e-02,1.0005461915e-02
25.000000,748.000,5.000000,250.000000,1.1069535293e-02,6.8676154649e-04,1.0673914310e-03,9.6486826429e-01,9.8056413874e-01,1.5695874452e-02,2.2142271033e-02,3.9918282916e-02,1.0032406035e-02
25.000000,748.000,5.000000,255.000000,1.1100347866e-02,8.2896121293e-04,9.1875607536e-04,9.6486826429e-01,9.8056413874e-01,1.5695874452e-02,2.2083703925e-02,3.7741680543e-02,1.0060331710e-02
25.000000,748.000,5.000000,260.000000,1.1132019231e-02,9.4268783742e-04,7.5048744980e-04,9.6486826429e-01,9.8056413874e-01,1.5695874452e-02,2.2023988004e-02,3.5636348884e-02,1.0089035715e-02
25.000000,748.000,5.000000,265.000000,1.1164315912e-02,1.0252134267e-03,5.6786022102e-04,9.6486826429e-01,9.8056413874e-01,1.5695874452e-02,2.1963591651e-02,3.3618429115e-02,1.0118306448e-02
25.000000,748.000,5.000000,270.000000,1.1196996745e-02,1.0747693042e-03,3.7652106629e-04,9.6486826429e-01,9.8056413874e-01,1.5695874452e-02,2.1902983037e-02,3.1700529033e-02,1.0147925341e-02
25.000000,748.000,5.000000,275.000000,1.1229814568e-02,1.0905942271e-03,1.8231635889e-04,9.6486826429e-01,9.8056413874e-01,1.5695874452e-02,2.1842626297e-02,2.9891975852e-02,1.0177668390e-02
25.000000,748.000,5.000000,280.000000,1.1262518059e-02,1.0729518508e-03,-8.8857192933e-06,9.6486826429e-01,9.8056413874e-01,1.5695874452e-02,2.1782977914e-02,2.8199143930e-02,1.0207307818e-02
25.000000,748.000,5.000000,285.000000,1.1294853691e-02,1.0231170515e-03,-1.9137323122e-04,9.6486826429e-01,9.8056413874e-01,1.5695874452e-02,2.1724483332e-02,2.6625828835e-02,1.0236613853e-02
25.000000,748.000,5.000000,290.000000,1.1326567807e-02,9.4333156706e-04,-3.5976329586e-04,9.6486826429e-01,9.8056413874e-01,1.5695874452e-02,2.1667573822e-02,2.5173642676e-02,1.0265356604e-02
25.000000,748.000,5.000000,295.000000,1.1357408778e-02,8.3673034597e-04,-5.0916441209e-04,9.6486826429e-01,9.8056413874e-01,1.5695874452e-02,2.1612663626e-02,2.3842409948e-02,1.0293308016e-02
25.000000,748.000,5.000000,300.000000,1.1387129229e-02,7.0724088448e-04,-6.3532337252e-04,9.6486826429e-01,9.8056413874e-01,1.5695874452e-02,2.1560147373e-02,2.2630547841e-02,1.0320243892e-02
25.000000,748.000,5.000000,305.000000,1.1415488309e-02,5.5945865201e-04,-7.3475231635e-04,9.6486826429e-01,9.8056413874e-01,1.5695874452e-02,2.1510397788e-02,2.1535419523e-02,1.0345945947e-02
25.000000,748.000,5.000000,310.000000,1.1442253967e-02,3.9850242958e-04,-8.0483207742e-04,9.6486826429e-01,9.8056413874e-01,1.5695874452e-02,2.1463763672e-02,2.0553652993e-02,1.0370203871e-02
25.000000,748.000,5.000000,315.000000,1.1467205212e-02,2.2985399496e-04,-8.4388870735e-04,9.6486826429e-01,9.8056413874e-01,1.5695874452e-02,2.1420568150e-02,1.9681421694e-02,1.0392817379e-02
25.000000,748.000,5.000000,320.000000,1.1490134320e-02,5.9187062228e-05,-8.5124087177e-04,9.6486826429e-01,9.8056413874e-01,1.5695874452e-02,2.1381107186e-02,1.8914685845e-02,1.0413598209e-02
25.000000,748.000,5.000000,325.000000,1.1510848958e-02,-1.0780929252e-04,-8.2721670610e-04,9.6486826429e-01,9.8056413874e-01,1.5695874452e-02,2.1345648319e-02,1.8249395611e-02,1.0432372046e-02
25.000000,748.000,5.000000,330.000000,1.1529174186e-02,-2.6560732246e-04,-7.7313964784e-04,9.6486826429e-01,9.8056413874e-01,1.5695874452e-02,2.1314429625e-02,1.7681658678e-02,1.0448980343e-02
25.000000,748.000,5.000000,335.000000,1.1544954317e-02,-4.0901202033e-04,-6.9128370791e-04,9.6486826429e-01,9.8056413874e-01,1.5695874452e-02,2.1287658874e-02,1.7207875723e-02,1.0463281999e-02
25.000000,748.000,5.000000,340.000000,1.1558054594e-02,-5.3332201334e-04,-5.8479957436e-04,9.6486826429e-01,9.8056413874e-01,1.5695874452e-02,2.1265512851e-02,1.6824847643e-02,1.0475154882e-02
25.000000,748.000,5.000000,345.000000,1.1568362660e-02,-6.3447503076e-04,-4.5761383045e-04,9.6486826429e-01,9.8056413874e-01,1.5695874452e-02,2.1248136831e-02,1.6529858491e-02,1.0484497162e-02
25.000000,748.000,5.000000,350.000000,1.1575789798e-02,-7.0917350434e-04,-3.1430438753e-04,9.6486826429e-01,9.8056413874e-01,1.5695874452e-02,2.1235644182e-02,1.6320737792e-02,1.0491228435e-02
25.000000,748.000,5.000000,355.000000,1.1580271921e-02,-7.5498646864e-04,-1.5995595787e-04,9.6486826429e-01,9.8056413874e-01,1.5695874452e-02,2.1228116072e-02,1.6195905456e-02,1.0495290618e-02
25.000000,748.000,10.000000,0.000000,1.1983351978e-02,-5.2029053072e-04,-1.8090942019e-19,9.6486826429e-01,9.8056413874e-01,1.5695874452e-02,2.0287005171e-02,6.5419151864e-03,1.0860605213e-02
25.000000,748.000,10.000000,5.000000,1.1980286437e-02,-5.0621070980e-04,1.2801350614e-04,9.6486826429e-01,9.8056413874e-01,1.5695874452e-02,2.0292073279e-02,6.5758840998e-03,1.0857826889e-02
25.000000,748.000,10.000000,10.000000,1.1971119409e-02,-4.6446248724e-04,2.5066336179e-04,9.6486826429e-01,9.8056413874e-01,1.5695874452e-02,2.0307250407e-02,6.6785888504e-03,1.0849518739e-02
25.000000,748.000,10.000000,15.000000,1.1955939268e-02,-3.9650417486e-04,3.6276010650e-04,9.6486826429e-01,9.8056413874e-01,1.5695874452e-02,2.0332454829e-02,6.8524396933e-03,1.0835760860e-02
25.000000,748.000,10.000000,20.000000,1.1934891929e-02,-3.0471540139e-04,4.5945728179e-04,9.6486826429e-01,9.8056413874e-01,1.5695874452e-02,2.0367549882e-02,7.1015071658e-03,1.0816685493e-02
25.000000,748.000,10.000000,25.000000,1.1908178813e-02,-1.9232241324e-04,5.3640965114e-04,9.6486826429e-01,9.8056413874e-01,1.5695874452e-02,2.0412343334e-02,7.4315999306e-03,1.0792475187e-02
25.000000,748.000,10.000000,30.000000,1.1876054058e-02,-6.3296718585e-05,5.8991593694e-04,9.6486826429e-01,9.8056413874e-01,1.5695874452e-02,2.0466586571e-02,7.8503687074e-03,1.0763360272e-02
25.000000,748.000,10.000000,35.000000,1.1838821046e-02,7.7769820217e-05,6.1704165611e-04,9.6486826429e-01,9.8056413874e-01,1.5695874452e-02,2.0529973682e-02,8.3674303265e-03,1.0729615704e-02
25.000000,748.000,10.000000,40.000000,1.1796828303e-02,2.2580961845e-04,6.1571824307e-04,9.6486826429e-01,9.8056413874e-01,1.5695874452e-02,2.0602140542e-02,8.9945029206e-03,1.0691557353e-02
25.000000,748.000,10.000000,45.000000,1.1750464862e-02,3.7543929157e-04,5.8481537241e-04,9.6486826429e-01,9.8056413874e-01,1.5695874452e-02,2.0682663989e-02,9.7455393105e-03,1.0649537806e-02
25.000000,748.000,10.000000,50.000000,1.1700155199e-02,5.2112996405e-04,5.2418421173e-04,9.6486826429e-01,9.8056413874e-01,1.5695874452e-02,2.0771061211e-02,1.0636840593e-02,1.0603941767e-02
25.000000,748.000,10.000000,55.000000,1.1646353822e-02,6.5738273852e-04,4.3467022267e-04,9.6486826429e-01,9.8056413874e-01,1.5695874452e-02,2.0866789474e-02,1.1687125766e-02,1.0555181159e-02
25.000000,748.000,10.000000,60.000000,1.1589539636e-02,7.7890393682e-04,3.1809505813e-04,9.6486826429e-01,9.8056413874e-01,1.5695874452e-02,2.0969246298e-02,1.2917526061e-02,1.0503690020e-02
25.000000,748.000,10.000000,65.000000,1.1530210191e-02,8.8077472605e-04,1.7720804798e-04,9.6486826429e-01,9.8056413874e-01,1.5695874452e-02,2.1077770214e-02,1.4351464849e-02,1.0449919282e-02
25.000000,748.000,10.000000,70.000000,1.1468875912e-02,9.5860990911e-04,1.5608695378e-05,9.6486826429e-01,9.8056413874e-01,1.5695874452e-02,2.1191642204e-02,1.6014376281e-02,1.0394331547e-02
25.000000,748.000,10.000000,75.000000,1.1406054427e-02,1.0087009836e-03,-1.6235750743e-04,9.6486826429e-01,9.8056413874e-01,1.5695874452e-02,2.1310087923e-02,1.7933209328e-02,1.0337395946e-02
25.000000,748.000,10.000000,80.000000,1.1342265083e-02,1.0281390477e-03,-3.5172681754e-04,9.6486826429e-01,9.8056413874e-01,1.5695874452e-02,2.1432280790e-02,2.0135660283e-02,1.0279583167e-02
25.000000,748.000,10.000000,85.000000,1.1278023739e-02,1.0149137411e-03,-5.4706468559e-04,9.6486826429e-01,9.8056413874e-01,1.5695874452e-02,2.1557346003e-02,2.2649078155e-02,1.0221360737e-02
25.000000,748.000,10.000000,90.000000,1.1213837918e-02,9.6798513382e-04,-7.4262845146e-04,9.6486826429e-01,9.8056413874e-01,1.5695874452e-02,2.1684365519e-02,2.5498996270e-02,1.0163188627e-02
25.000000,748.000,10.000000,95.000000,1.1150202379e-02,8.8732629653e-04,-9.3254036640e-04,9.6486826429e-01,9.8056413874e-01,1.5695874452e-02,2.1812384020e-02,2.8707262427e-02,1.0105515243e-02
25.000000,748.000,10.000000,100.000000,1.1087595161e-02,7.7393517599e-04,-1.1109656957e-03,9.6486826429e-01,9.8056413874e-01,1.5695874452e-02,2.1940415831e-02,3.2289771302e-02,1.0048773834e-02
25.000000,748.000,10.000000,105.000000,1.1026474136e-02,6.2981532972e-04,-1.2722904938e-03,9.6486826429e-01,9.8056413874e-01,1.5695874452e-02,2.2067452773e-02,3.6253847755e-02,9.9933793727e-03
25.000000,748.000,10.000000,110.000000,1.0967274086e-02,4.5792602171e-04,-1.4112936470e-03,9.6486826429e-01,9.8056413874e-01,1.5695874452e-02,2.2192472859e-02,4.0595387543e-02,9.9397259066e-03
25.000000,748.000,10.000000,115.000000,1.0910404323e-02,2.6210311181e-04,-1.5233079448e-03,9.6486826429e-01,9.8056413874e-01,1.5695874452e-02,2.2314449749e-02,4.5295929363e-02,9.8881843977e-03
25.000000,748.000,10.000000,120.000000,1.0856246823e-02,4.6953060288e-05,-1.6043652672e-03,9.6486826429e-01,9.8056413874e-01,1.5695874452e-02,2.2432362834e-02,5.0319902377e-02,9.8391010339e-03
25.000000,748.000,10.000000,125.000000,1.0805154865e-02,-1.8227681216e-04,-1.6513214510e-03,9.6486826429e-01,9.8056413874e-01,1.5695874452e-02,2.2545207812e-02,5.5612356340e-02,9.7927959943e-03
25.000000,748.000,10.000000,130.000000,1.0757452130e-02,-4.1984794461e-04,-1.6619570088e-03,9.6486826429e-01,9.8056413874e-01,1.5695874452e-02,2.2652007573e-02,6.1097524029e-02,9.7495626344e-03
25.000000,748.000,10.000000,135.000000,1.0713432221e-02,-6.5969556500e-04,-1.6350506003e-03,9.6486826429e-01,9.8056413874e-01,1.5695874452e-02,2.2751823238e-02,6.6678573587e-02,9.7096670478e-03
25.000000,748.000,10.000000,140.000000,1.0673358534e-02,-8.9560418475e-04,-1.5704229775e-03,9.6486826429e-01,9.8056413874e-01,1.5695874452e-02,2.2843765127e-02,7.2238868855e-02,9.6733479531e-03
25.000000,748.000,10.000000,145.000000,1.0637464433e-02,-1.1213882934e-03,-1.4689500175e-03,9.6486826429e-01,9.8056413874e-01,1.5695874452e-02,2.2927003486e-02,7.7644960473e-02,9.6408168500e-03
25.000000,748.000,10.000000,150.000000,1.0605953649e-02,-1.3310728254e-03,-1.3325443884e-03,9.6486826429e-01,9.8056413874e-01,1.5695874452e-02,2.3000778750e-02,8.2751379452e-02,9.6122583812e-03
25.000000,748.000,10.000000,155.000000,1.0579000840e-02,-1.5190679715e-03,-1.1641063417e-03,9.6486826429e-01,9.8056413874e-01,1.5695874452e-02,2.3064411155e-02,8.7407108698e-02,9.5878308401e-03
25.000000,748.000,10.000000,160.000000,1.0556752239e-02,-1.6803330763e-03,-9.6744506060e-04,9.6486826429e-01,9.8056413874e-01,1.5695874452e-02,2.3117309507e-02,9.1463388335e-02,9.5676667602e-03
25.000000,748.000,10.000000,165.000000,1.0539326336e-02,-1.8105246853e-03,-7.4717287984e-04,9.6486826429e-01,9.8056413874e-01,1.5695874452e-02,2.3158978928e-02,9.4782299201e-02,9.5518735282e-03
25.000000,748.000,10.000000,170.000000,1.0526814514e-02,-1.9061242833e-03,-5.0857551635e-04,9.6486826429e-01,9.8056413874e-01,1.5695874452e-02,2.3189027425e-02,9.7245401595e-02,9.5405339665e-03
25.000000,748.000,10.000000,175.000000,1.0519281612e-02,-1.9645418747e-03,-2.5746217468e-04,9.6486826429e-01,9.8056413874e-01,1.5695874452e-02,2.3207171152e-02,9.8761617338e-02,9.5337068390e-03
25.000000,748.000,10.000000,180.000000,1.0516766353e-02,-1.9841922838e-03,-7.2560186280e-19,9.6486826429e-01,9.8056413874e-01,1.5695874452e-02,2.3213238244e-02,9.9273556853e-02,9.5314272397e-03
25.000000,748.000,10.000000,185.000000,1.0519281612e-02,-1.9645418747e-03,2.5746217468e-04,9.6486826429e-01,9.8056413874e-01,1.5695874452e-02,2.3207171152e-02,9.8761617338e-02,9.5337068390e-03
25.000000,748.000,10.000000,190.000000,1.0526814514e-02,-1.9061242833e-03,5.0857551635e-04,9.6486826429e-01,9.8056413874e-01,1.5695874452e-02,2.3189027425e-02,9.7245401595e-02,9.5405339665e-03
25.000000,748.000,10.000000,195.000000,1.0539326336e-02,-1.8105246853e-03,7.4717287984e-04,9.6486826429e-01,9.8056413874e-01,1.5695874452e-02,2.3158978928e-02,9.4782299201e-02,9.5518735282e-03
25.000000,748.000,10.000000,200.000000,1.0556752239e-02,-1.6803330763e-03,9.6744506060e-04,9.6486826429e-01,9.8056413874e-01,1.5695874452e-02,2.3117309507e-02,9.1463388335e-02,9.5676667602e-03
25.000000,748.000,10.000000,205.000000,1.0579000840e-02,-1.5190679715e-03,1.1641063417e-03,9.6486826429e-01,9.8056413874e-01,1.5695874452e-02,2.3064411155e-02,8.7407108698e-02,9.5878308401e-03
25.000000,748.000,10.000000,210.000000,1.0605953649e-02,-1.3310728254e-03,1.3325443884e-03,9.6486826429e-01,9.8056413874e-01,1.5695874452e-02,2.3000778750e-02,8.2751379452e-02,9.6122583812e-03
25.000000,748.000,10.000000,215.000000,1.0637464433e-02,-1.1213882934e-03,1.4689500175e-03,9.6486826429e-01,9.8056413874e-01,1.5695874452e-02,2.2927003486e-02,7.7644960473e-02,9.6408168500e-03
25.000000,748.000,10.000000,220.000000,1.0673358534e-02,-8.9560418475e-04,1.5704229775e-03,9.6486826429e-01,9.8056413874e-01,1.5695874452e-02,2.2843765127e-02,7.2238868855e-02,9.6733479531e-03
25.000000,748.000,10.000000,225.000000,1.0713432221e-02,-6.5969556500e-04,1.6350506003e-03,9.6486826429e-01,9.8056413874e-01,1.5695874452e-02,2.2751823238e-02,6.6678573587e-02,9.7096670478e-03
25.000000,748.000,10.000000,230.000000,1.0757452130e-02,-4.1984794461e-04,1.6619570088e-03,9.6486826429e-01,9.8056413874e-01,1.5695874452e-02,2.2652007573e-02,6.1097524029e-02,9.7495626344e-03
25.000000,748.000,10.000000,235.000000,1.0805154865e-02,-1.8227681216e-04,1.6513214510e-03,9.6486826429e-01,9.8056413874e-01,1.5695874452e-02,2.2545207812e-02,5.5612356340e-02,9.7927959943e-03
25.000000,748.000,10.000000,240.000000,1.0856246823e-02,4.6953060288e-05,1.6043652672e-03,9.6486826429e-01,9.8056413874e-01,1.5695874452e-02,2.2432362834e-02,5.0319902377e-02,9.8391010339e-03
25.000000,748.000,10.000000,245.000000,1.0910404323e-02,2.6210311181e-04,1.5233079448e-03,9.6486826429e-01,9.8056413874e-01,1.5695874452e-02,2.2314449749e-02,4.5295929363e-02,9.8881843977e-03
25.000000,748.000,10.000000,250.000000,1.0967274086e-02,4.5792602171e-04,1.4112936470e-03,9.6486826429e-01,9.8056413874e-01,1.5695874452e-02,2.2192472859e-02,4.0595387543e-02,9.9397259066e-03
25.000000,748.000,10.000000,255.000000,1.1026474136e-02,6.2981532972e-04,1.2722904938e-03,9.6486826429e-01,9.8056413874e-01,1.5695874452e-02,2.2067452773e-02,3.6253847755e-02,9.9933793727e-03
25.000000,748.000,10.000000,260.000000,1.1087595161e-02,7.7393517599e-04,1.1109656957e-03,9.6486826429e-01,9.8056413874e-01,1.5695874452e-02,2.1940415831e-02,3.2289771302e-02,1.0048773834e-02
25.000000,748.000,10.000000,265.000000,1.1150202379e-02,8.8732629653e-04,9.3254036640e-04,9.6486826429e-01,9.8056413874e-01,1.5695874452e-02,2.1812384020e-02,2.8707262427e-02,1.0105515243e-02
25.000000,748.000,10.000000,270.000000,1.1213837918e-02,9.6798513382e-04,7.4262845146e-04,9.6486826429e-01,9.8056413874e-01,1.5695874452e-02,2.1684365519e-02,2.5498996270e-02,1.0163188627e-02
25.000000,748.000,10.000000,275.000000,1.1278023739e-02,1.0149137411e-03,5.4706468559e-04,9.6486826429e-01,9.8056413874e-01,1.5695874452e-02,2.1557346003e-02,2.2649078155e-02,1.0221360737e-02
25.000000,748.000,10.000000,280.000000,1.1342265083e-02,1.0281390477e-03,3.5172681754e-04,9.6486826429e-01,9.8056413874e-01,1.5695874452e-02,2.1432280790e-02,2.0135660283e-02,1.0279583167e-02
25.000000,748.000,10.000000,285.000000,1.1406054427e-02,1.0087009836e-03,1.6235750743e-04,9.6486826429e-01,9.8056413874e-01,1.5695874452e-02,2.1310087923e-02,1.7933209328e-02,1.0337395946e-02
25.000000,748.000,10.000000,290.000000,1.1468875912e-02,9.5860990911e-04,-1.5608695378e-05,9.6486826429e-01,9.8056413874e-01,1.5695874452e-02,2.1191642204e-02,1.6014376281e-02,1.0394331547e-02
25.000000,748.000,10.000000,295.000000,1.1530210191e-02,8.8077472605e-04,-1.7720804798e-04,9.6486826429e-01,9.8056413874e-01,1.5695874452e-02,2.1077770214e-02,1.4351464849e-02,1.0449919282e-02
25.000000,748.000,10.000000,300.000000,1.1589539636e-02,7.7890393682e-04,-3.1809505813e-04,9.6486826429e-01,9.8056413874e-01,1.5695874452e-02,2.0969246298e-02,1.2917526061e-02,1.0503690020e-02
25.000000,748.000,10.000000,305.000000,1.1646353822e-02,6.5738273852e-04,-4.3467022267e-04,9.6486826429e-01,9.8056413874e-01,1.5695874452e-02,2.0866789474e-02,1.1687125766e-02,1.0555181159e-02
25.000000,748.000,10.000000,310.000000,1.1700155199e-02,5.2112996405e-04,-5.2418421173e-04,9.6486826429e-01,9.8056413874e-01,1.5695874452e-02,2.0771061211e-02,1.0636840593e-02,1.0603941767e-02
25.000000,748.000,10.000000,315.000000,1.1750464862e-02,3.7543929157e-04,-5.8481537241e-04,9.6486826429e-01,9.8056413874e-01,1.5695874452e-02,2.0682663989e-02,9.7455393105e-03,1.0649537806e-02
25.000000,748.000,10.000000,320.000000,1.1796828303e-02,2.2580961845e-04,-6.1571824307e-04,9.6486826429e-01,9.8056413874e-01,1.5695874452e-02,2.0602140542e-02,8.9945029206e-03,1.0691557353e-02
25.000000,748.000,10.000000,325.000000,1.1838821046e-02,7.7769820217e-05,-6.1704165611e-04,9.6486826429e-01,9.8056413874e-01,1.5695874452e-02,2.0529973682e-02,8.3674303265e-03,1.0729615704e-02
25.000000,748.000,10.000000,330.000000,1.1876054058e-02,-6.3296718585e-05,-5.8991593694e-04,9.6486826429e-01,9.8056413874e-01,1.5695874452e-02,2.0466586571e-02,7.8503687074e-03,1.0763360272e-02
25.000000,748.000,10.000000,335.000000,1.1908178813e-02,-1.9232241324e-04,-5.3640965114e-04,9.6486826429e-01,9.8056413874e-01,1.5695874452e-02,2.0412343334e-02,7.4315999306e-03,1.0792475187e-02
25.000000,748.000,10.000000,340.000000,1.1934891929e-02,-3.0471540139e-04,-4.5945728179e-04,9.6486826429e-01,9.8056413874e-01,1.5695874452e-02,2.0367549882e-02,7.1015071658e-03,1.0816685493e-02
25.000000,748.000,10.000000,345.000000,1.1955939268e-02,-3.9650417486e-04,-3.6276010650e-04,9.6486826429e-01,9.8056413874e-01,1.5695874452e-02,2.0332454829e-02,6.8524396933e-03,1.0835760860e-02
25.000000,748.000,10.000000,350.000000,1.1971119409e-02,-4.6446248724e-04,-2.5066336179e-04,9.6486826429e-01,9.8056413874e-01,1.5695874452e-02,2.0307250407e-02,6.6785888504e-03,1.0849518739e-02
25.000000,748.000,10.000000,355.000000,1.1980286437e-02,-5.0621070980e-04,-1.2801350614e-04,9.6486826429e-01,9.8056413874e-01,1.5695874452e-02,2.0292073279e-02,6.5758840998e-03,1.0857826889e-02
25.000000,748.000,15.000000,0.000000,1.2422471909e-02,-3.4078344510e-04,-1.3351429824e-19,9.6486826429e-01,9.8056413874e-01,1.5695874452e-02,1.9338953479e-02,2.2257528792e-03,1.1258583026e-02
25.000000,748.000,15.000000,5.000000,1.2417684763e-02,-3.2806865730e-04,9.4283562105e-05,9.6486826429e-01,9.8056413874e-01,1.5695874452e-02,1.9345968380e-02,2.2433747606e-03,1.1254244397e-02
25.000000,748.000,15.000000,10.000000,1.2403373959e-02,-2.9040526645e-04,1.8346165198e-04,9.6486826429e-01,9.8056413874e-01,1.5695874452e-02,1.9366984978e-02,2.2969435225e-03,1.1241274404e-02
25.000000,748.000,15.000000,15.000000,1.2379690589e-02,-2.2922085584e-04,2.6260097776e-04,9.6486826429e-01,9.8056413874e-01,1.5695874452e-02,1.9401918402e-02,2.3886036962e-03,1.1219809982e-02
25.000000,748.000,15.000000,20.000000,1.2346883770e-02,-1.4684408775e-04,3.2710724695e-04,9.6486826429e-01,9.8056413874e-01,1.5695874452e-02,1.9450625380e-02,2.5220479692e-03,1.1190076906e-02
25.000000,748.000,15.000000,25.000000,1.2305296652e-02,-4.6430374260e-05,3.7288142646e-04,9.6486826429e-01,9.8056413874e-01,1.5695874452e-02,1.9512901606e-02,2.7026990086e-03,1.1152386177e-02
25.000000,748.000,15.000000,30.000000,1.2255360969e-02,6.8138963763e-05,3.9646056911e-04,9.6486826429e-01,9.8056413874e-01,1.5695874452e-02,1.9588478238e-02,2.9379718220e-03,1.1107129079e-02
25.000000,748.000,15.000000,35.000000,1.2197590254e-02,1.9238094774e-04,3.9513880355e-04,9.6486826429e-01,9.8056413874e-01,1.5695874452e-02,1.9677017711e-02,3.2376233528e-03,1.1054771030e-02
25.000000,748.000,15.000000,40.000000,1.2132571870e-02,3.2135477909e-04,3.6706469165e-04,9.6486826429e-01,9.8056413874e-01,1.5695874452e-02,1.9778109088e-02,3.6141960495e-03,1.0995844363e-02
25.000000,748.000,15.000000,45.000000,1.2060958056e-02,4.4982083507e-04,3.1131187965e-04,9.6486826429e-01,9.8056413874e-01,1.5695874452e-02,1.9891263199e-02,4.0835603019e-03,1.0930940206e-02
25.000000,748.000,15.000000,50.000000,1.1983456179e-02,5.7240992430e-04,2.2792078709e-04,9.6486826429e-01,9.8056413874e-01,1.5695874452e-02,2.0015907848e-02,4.6655559392e-03,1.0860699651e-02
25.000000,748.000,15.000000,55.000000,1.1900818417e-02,6.8379758269e-04,1.1790996357e-04,9.6486826429e-01,9.8056413874e-01,1.5695874452e-02,2.0151383390e-02,5.3847242107e-03,1.0785804403e-02
25.000000,748.000,15.000000,60.000000,1.1813831101e-02,7.7887802888e-04,-1.6743327432e-05,9.6486826429e-01,9.8056413874e-01,1.5695874452e-02,2.0296938970e-02,6.2711073321e-03,1.0706967122e-02
25.000000,748.000,15.000000,65.000000,1.1723303953e-02,8.5293240120e-04,-1.7315279548e-04,9.6486826429e-01,9.8056413874e-01,1.5695874452e-02,2.0451729724e-02,7.3610712134e-03,1.0624921663e-02
25.000000,748.000,15.000000,70.000000,1.1630059430e-02,9.0178606443e-04,-3.4760165027e-04,9.6486826429e-01,9.8056413874e-01,1.5695874452e-02,2.0614815220e-02,8.6980769962e-03,1.0540413425e-02
25.000000,748.000,15.000000,75.000000,1.1534922410e-02,9.2195010082e-04,-5.3564765262e-04,9.6486826429e-01,9.8056413874e-01,1.5695874452e-02,2.0785159397e-02,1.0333287844e-02,1.0454190003e-02
25.000000,748.000,15.000000,80.000000,1.1438710415e-02,9.1074257473e-04,-7.3225155749e-04,9.6486826429e-01,9.8056413874e-01,1.5695874452e-02,2.0961632216e-02,1.2325849859e-02,1.0366992322e-02
25.000000,748.000,15.000000,85.000000,1.1342224546e-02,8.6638577023e-04,-9.3192509601e-04,9.6486826429e-01,9.8056413874e-01,1.5695874452e-02,2.1143013204e-02,1.4742633330e-02,1.0279546429e-02
25.000000,748.000,15.000000,90.000000,1.1246241299e-02,7.8807632725e-04,-1.1288940392e-03,9.6486826429e-01,9.8056413874e-01,1.5695874452e-02,2.1327997022e-02,1.7657169679e-02,1.0192556064e-02
25.000000,748.000,15.000000,95.000000,1.1151505365e-02,6.7602602261e-04,-1.3172714172e-03,9.6486826429e-01,9.8056413874e-01,1.5695874452e-02,2.1515201112e-02,2.1147482064e-02,1.0106696149e-02
25.000000,748.000,15.000000,100.000000,1.1058723540e-02,5.3147183211e-04,-1.4912356468e-03,9.6486826429e-01,9.8056413874e-01,1.5695874452e-02,2.1703175457e-02,2.5292500122e-02,1.0022607259e-02
25.000000,748.000,15.000000,105.000000,1.0968559771e-02,3.5665484256e-04,-1.6452081627e-03,9.6486826429e-01,9.8056413874e-01,1.5695874452e-02,2.1890414380e-02,3.0166792495e-02,9.9408911330e-03
25.000000,748.000,15.000000,110.000000,1.0881631389e-02,1.5476852879e-04,-1.7740251464e-03,9.6486826429e-01,9.8056413874e-01,1.5695874452e-02,2.2075370287e-02,3.5833466483e-02,9.8621072633e-03
25.000000,748.000,15.000000,115.000000,1.0798506499e-02,-7.0122157316e-05,-1.8730981215e-03,9.6486826429e-01,9.8056413874e-01,1.5695874452e-02,2.2256469168e-02,4.2335289963e-02,9.7867705286e-03
25.000000,748.000,15.000000,120.000000,1.0719702501e-02,-3.1318854997e-04,-1.9385585049e-03,9.6486826429e-01,9.8056413874e-01,1.5695874452e-02,2.2432127635e-02,4.9684392471e-02,9.7153498515e-03
25.000000,748.000,15.000000,125.000000,1.0645685650e-02,-5.6896973042e-04,-1.9673816836e-03,9.6486826429e-01,9.8056413874e-01,1.5695874452e-02,2.2600771201e-02,5.7851284633e-02,9.6482678027e-03
25.000000,748.000,15.000000,130.000000,1.0576871564e-02,-8.3152380737e-04,-1.9574867983e-03,9.6486826429e-01,9.8056413874e-01,1.5695874452e-02,2.2760853484e-02,6.6754353758e-02,9.5859010610e-03
25.000000,748.000,15.000000,135.000000,1.0513626551e-02,-1.0945945318e-03,-1.9078091404e-03,9.6486826429e-01,9.8056413874e-01,1.5695874452e-02,2.2910875967e-02,7.6251372366e-02,9.5285816134e-03
25.000000,748.000,15.000000,140.000000,1.0456269602e-02,-1.3517882894e-03,-1.8183428938e-03,9.6486826429e-01,9.8056413874e-01,1.5695874452e-02,2.3049407912e-02,8.6134793688e-02,9.4765985636e-03
25.000000,748.000,15.000000,145.000000,1.0405074895e-02,-1.5967561934e-03,-1.6901528436e-03,9.6486826429e-01,9.8056413874e-01,1.5695874452e-02,2.3175106031e-02,9.6132593319e-02,9.4302004021e-03
25.000000,748.000,15.000000,150.000000,1.0360274644e-02,-1.8233758361e-03,-1.5253546083e-03,9.6486826429e-01,9.8056413874e-01,1.5695874452e-02,2.3286733489e-02,1.0591605928e-01,9.3895975855e-03
25.000000,748.000,15.000000,155.000000,1.0322062111e-02,-2.0259272630e-03,-1.3270638996e-03,9.6486826429e-01,9.8056413874e-01,1.5695874452e-02,2.3383177834e-02,1.1511519864e-01,9.3549652696e-03
25.000000,748.000,15.000000,160.000000,1.0290594627e-02,-2.1992578989e-03,-1.0993162491e-03,9.6486826429e-01,9.8056413874e-01,1.5695874452e-02,2.3463467445e-02,1.2334136761e-01,9.3264460433e-03
25.000000,748.000,15.000000,165.000000,1.0265996445e-02,-2.3389314809e-03,-8.4695953227e-04,9.6486826429e-01,9.8056413874e-01,1.5695874452e-02,2.3526786153e-02,1.3021549303e-01,9.3041525199e-03
25.000000,748.000,15.000000,170.000000,1.0248361302e-02,-2.4413565338e-03,-5.7552243736e-04,9.6486826429e-01,9.8056413874e-01,1.5695874452e-02,2.3572485681e-02,1.3539906816e-01,9.2881696527e-03
25.000000,748.000,15.000000,175.000000,1.0237754542e-02,-2.5038905289e-03,-2.9106275905e-04,9.6486826429e-01,9.8056413874e-01,1.5695874452e-02,2.3600095635e-02,1.3862424707e-01,9.2785566629e-03
25.000000,748.000,15.000000,180.000000,1.0234214709e-02,-2.5249166028e-03,-8.2002718517e-19,9.6486826429e-01,9.8056413874e-01,1.5695874452e-02,2.3609330809e-02,1.3971906821e-01,9.2753484850e-03
25.000000,748.000,15.000000,185.000000,1.0237754542e-02,-2.5038905289e-03,2.9106275905e-04,9.6486826429e-01,9.8056413874e-01,1.5695874452e-02,2.3600095635e-02,1.3862424707e-01,9.2785566629e-03
25.000000,748.000,15.000000,190.000000,1.0248361302e-02,-2.4413565338e-03,5.7552243736e-04,9.6486826429e-01,9.8056413874e-01,1.5695874452e-02,2.3572485681e-02,1.3539906816e-01,9.2881696527e-03
25.000000,748.000,15.000000,195.000000,1.0265996445e-02,-2.3389314809e-03,8.4695953227e-04,9.6486826429e-01,9.8056413874e-01,1.5695874452e-02,2.3526786153e-02,1.3021549303e-01,9.3041525199e-03
25.000000,748.000,15.000000,200.000000,1.0290594627e-02,-2.1992578989e-03,1.0993162491e-03,9.6486826429e-01,9.8056413874e-01,1.5695874452e-02,2.3463467445e-02,1.2334136761e-01,9.3264460433e-03
25.000000,748.000,15.000000,205.000000,1.0322062111e-02,-2.0259272630e-03,1.3270638996e-03,9.6486826429e-01,9.8056413874e-01,1.5695874452e-02,2.3383177834e-02,1.1511519864e-01,9.3549652696e-03
25.000000,748.000,15.000000,210.000000,1.0360274644e-02,-1.8233758361e-03,1.5253546083e-03,9.6486826429e-01,9.8056413874e-01,1.5695874452e-02,2.3286733489e-02,1.0591605928e-01,9.3895975855e-03
25.000000,748.000,15.000000,215.000000,1.0405074895e-02,-1.5967561934e-03,1.6901528436e-03,9.6486826429e-01,9.8056413874e-01,1.5695874452e-02,2.3175106031e-02,9.6132593319e-02,9.4302004021e-03
25.000000,748.000,15.000000,220.000000,1.0456269602e-02,-1.3517882894e-03,1.8183428938e-03,9.6486826429e-01,9.8056413874e-01,1.5695874452e-02,2.3049407912e-02,8.6134793688e-02,9.4765985636e-03
25.000000,748.000,15.000000,225.000000,1.0513626551e-02,-1.0945945318e-03,1.9078091404e-03,9.6486826429e-01,9.8056413874e-01,1.5695874452e-02,2.2910875967e-02,7.6251372366e-02,9.5285816134e-03
25.000000,748.000,15.000000,230.000000,1.0576871564e-02,-8.3152380737e-04,1.9574867983e-03,9.6486826429e-01,9.8056413874e-01,1.5695874452e-02,2.2760853484e-02,6.6754353758e-02,9.5859010610e-03
25.000000,748.000,15.000000,235.000000,1.0645685650e-02,-5.6896973042e-04,1.9673816836e-03,9.6486826429e-01,9.8056413874e-01,1.5695874452e-02,2.2600771201e-02,5.7851284633e-02,9.6482678027e-03
25.000000,748.000,15.000000,240.000000,1.0719702501e-02,-3.1318854997e-04,1.9385585049e-03,9.6486826429e-01,9.8056413874e-01,1.5695874452e-02,2.2432127635e-02,4.9684392471e-02,9.7153498515e-03
25.000000,748.000,15.000000,245.000000,1.0798506499e-02,-7.0122157316e-05,1.8730981215e-03,9.6486826429e-01,9.8056413874e-01,1.5695874452e-02,2.2256469168e-02,4.2335289963e-02,9.7867705286e-03
25.000000,748.000,15.000000,250.000000,1.0881631389e-02,1.5476852879e-04,1.7740251464e-03,9.6486826429e-01,9.8056413874e-01,1.5695874452e-02,2.2075370287e-02,3.5833466483e-02,9.8621072633e-03
25.000000,748.000,15.000000,255.000000,1.0968559771e-02,3.5665484256e-04,1.6452081627e-03,9.6486826429e-01,9.8056413874e-01,1.5695874452e-02,2.1890414380e-02,3.0166792495e-02,9.9408911330e-03
25.000000,748.000,15.000000,260.000000,1.1058723540e-02,5.3147183211e-04,1.4912356468e-03,9.6486826429e-01,9.8056413874e-01,1.5695874452e-02,2.1703175457e-02,2.5292500122e-02,1.0022607259e-02
25.000000,748.000,15.000000,265.000000,1.1151505365e-02,6.7602602261e-04,1.3172714172e-03,9.6486826429e-01,9.8056413874e-01,1.5695874452e-02,2.1515201112e-02,2.1147482064e-02,1.0106696149e-02
25.000000,748.000,15.000000,270.000000,1.1246241299e-02,7.8807632725e-04,1.1288940392e-03,9.6486826429e-01,9.8056413874e-01,1.5695874452e-02,2.1327997022e-02,1.7657169679e-02,1.0192556064e-02
25.000000,748.000,15.000000,275.000000,1.1342224546e-02,8.6638577023e-04,9.3192509601e-04,9.6486826429e-01,9.8056413874e-01,1.5695874452e-02,2.1143013204e-02,1.4742633330e-02,1.0279546429e-02
25.000000,748.000,15.000000,280.000000,1.1438710415e-02,9.1074257473e-04,7.3225155749e-04,9.6486826429e-01,9.8056413874e-01,1.5695874452e-02,2.0961632216e-02,1.2325849859e-02,1.0366992322e-02
25.000000,748.000,15.000000,285.000000,1.1534922410e-02,9.2195010082e-04,5.3564765262e-04,9.6486826429e-01,9.8056413874e-01,1.5695874452e-02,2.0785159397e-02,1.0333287844e-02,1.0454190003e-02
25.000000,748.000,15.000000,290.000000,1.1630059430e-02,9.0178606443e-04,3.4760165027e-04,9.6486826429e-01,9.8056413874e-01,1.5695874452e-02,2.0614815220e-02,8.6980769962e-03,1.0540413425e-02
25.000000,748.000,15.000000,295.000000,1.1723303953e-02,8.5293240120e-04,1.7315279548e-04,9.6486826429e-01,9.8056413874e-01,1.5695874452e-02,2.0451729724e-02,7.3610712134e-03,1.0624921663e-02
25.000000,748.000,15.000000,300.000000,1.1813831101e-02,7.7887802888e-04,1.6743327432e-05,9.6486826429e-01,9.8056413874e-01,1.5695874452e-02,2.0296938970e-02,6.2711073321e-03,1.0706967122e-02
25.000000,748.000,15.000000,305.000000,1.1900818417e-02,6.8379758269e-04,-1.1790996357e-04,9.6486826429e-01,9.8056413874e-01,1.5695874452e-02,2.0151383390e-02,5.3847242107e-03,1.0785804403e-02
25.000000,748.000,15.000000,310.000000,1.1983456179e-02,5.7240992430e-04,-2.2792078709e-04,9.6486826429e-01,9.8056413874e-01,1.5695874452e-02,2.0015907848e-02,4.6655559392e-03,1.0860699651e-02
25.000000,748.000,15.000000,315.000000,1.2060958056e-02,4.4982083507e-04,-3.1131187965e-04,9.6486826429e-01,9.8056413874e-01,1.5695874452e-02,1.9891263199e-02,4.0835603019e-03,1.0930940206e-02
25.000000,748.000,15.000000,320.000000,1.2132571870e-02,3.2135477909e-04,-3.6706469165e-04,9.6486826429e-01,9.8056413874e-01,1.5695874452e-02,1.9778109088e-02,3.6141960495e-03,1.0995844363e-02
25.000000,748.000,15.000000,325.000000,1.2197590254e-02,1.9238094774e-04,-3.9513880355e-04,9.6486826429e-01,9.8056413874e-01,1.5695874452e-02,1.9677017711e-02,3.2376233528e-03,1.1054771030e-02
25.000000,748.000,15.000000,330.000000,1.2255360969e-02,6.8138963763e-05,-3.9646056911e-04,9.6486826429e-01,9.8056413874e-01,1.5695874452e-02,1.9588478238e-02,2.9379718220e-03,1.1107129079e-02
25.000000,748.000,15.000000,335.000000,1.2305296652e-02,-4.6430374260e-05,-3.7288142646e-04,9.6486826429e-01,9.8056413874e-01,1.5695874452e-02,1.9512901606e-02,2.7026990086e-03,1.1152386177e-02
25.000000,748.000,15.000000,340.000000,1.2346883770e-02,-1.4684408775e-04,-3.2710724695e-04,9.6486826429e-01,9.8056413874e-01,1.5695874452e-02,1.9450625380e-02,2.5220479692e-03,1.1190076906e-02
25.000000,748.000,15.000000,345.000000,1.2379690589e-02,-2.2922085584e-04,-2.6260097776e-04,9.6486826429e-01,9.8056413874e-01,1.5695874452e-02,1.9401918402e-02,2.3886036962e-03,1.1219809982e-02
25.000000,748.000,15.000000,350.000000,1.2403373959e-02,-2.9040526645e-04,-1.8346165198e-04,9.6486826429e-01,9.8056413874e-01,1.5695874452e-02,1.9366984978e-02,2.2969435225e-03,1.1241274404e-02
25.000000,748.000,15.000000,355.000000,1.2417684763e-02,-3.2806865730e-04,-9.4283562105e-05,9.6486826429e-01,9.8056413874e-01,1.5695874452e-02,1.9345968380e-02,2.2433747606e-03,1.1254244397e-02
25.000000,748.000,20.000000,0.000000,1.2895692889e-02,-2.4755021098e-04,-8.3912498641e-20,9.6486826429e-01,9.8056413874e-01,1.5695874452e-02,1.8350037583e-02,6.2342034862e-04,1.1687466884e-02
25.000000,748.000,20.000000,5.000000,1.2889065690e-02,-2.3615388388e-04,5.8983335344e-05,9.6486826429e-01,9.8056413874e-01,1.5695874452e-02,1.8358560000e-02,6.3014990457e-04,1.1681460603e-02
25.000000,748.000,20.000000,10.000000,1.2869260053e-02,-2.0243633338e-04,1.1313232346e-04,9.6486826429e-01,9.8056413874e-01,1.5695874452e-02,1.8384106524e-02,6.5072412475e-04,1.1663510600e-02
25.000000,748.000,20.000000,15.000000,1.2836502500e-02,-1.4779657520e-04,1.5778265905e-04,9.6486826429e-01,9.8056413874e-01,1.5695874452e-02,1.8426613792e-02,6.8633056404e-04,1.1633822175e-02
25.000000,748.000,20.000000,20.000000,1.2791166092e-02,-7.4515851209e-05,1.8860477784e-04,9.6486826429e-01,9.8056413874e-01,1.5695874452e-02,1.8485972303e-02,7.3905405378e-04,1.1592733434e-02
25.000000,748.000,20.000000,25.000000,1.2733763824e-02,1.4316411441e-05,2.0175803366e-04,9.6486826429e-01,9.8056413874e-01,1.5695874452e-02,1.8562020753e-02,8.1204421542e-04,1.1540709312e-02
25.000000,748.000,20.000000,30.000000,1.2664939626e-02,1.1490303765e-04,1.9402949672e-04,9.6486826429e-01,9.8056413874e-01,1.5695874452e-02,1.8654538432e-02,9.0976870095e-04,1.1478333405e-02
25.000000,748.000,20.000000,35.000000,1.2585457162e-02,2.2286283644e-04,1.6295298759e-04,9.6486826429e-01,9.8056413874e-01,1.5695874452e-02,1.8763236029e-02,1.0383717447e-03,1.1406297829e-02
25.000000,748.000,20.000000,40.000000,1.2496186735e-02,3.3337380467e-04,1.0690456710e-04,9.6486826429e-01,9.8056413874e-01,1.5695874452e-02,1.8887745227e-02,1.2061641434e-03,1.1325391347e-02
25.000000,748.000,20.000000,45.000000,1.2398090599e-02,4.4133137440e-04,2.5171424341e-05,9.6486826429e-01,9.8056413874e-01,1.5695874452e-02,1.9027607564e-02,1.4242774061e-03,1.1236486055e-02
25.000000,748.000,20.000000,50.000000,1.2292207040e-02,5.4151680643e-04,-8.2008079140e-05,9.6486826429e-01,9.8056413874e-01,1.5695874452e-02,1.9182263055e-02,1.7075206874e-03,1.1140522960e-02
25.000000,748.000,20.000000,55.000000,1.2179633610e-02,6.2877051221e-04,-2.1343456558e-04,9.6486826429e-01,9.8056413874e-01,1.5695874452e-02,1.9351039136e-02,2.0754826254e-03,1.1038496784e-02
25.000000,748.000,20.000000,60.000000,1.2061509912e-02,6.9816492562e-04,-3.6696842684e-04,9.6486826429e-01,9.8056413874e-01,1.5695874452e-02,1.9533140445e-02,2.5539186229e-03,1.0931440357e-02
25.000000,748.000,20.000000,65.000000,1.1939000333e-02,7.4517154937e-04,-5.3958072734e-04,9.6486826429e-01,9.8056413874e-01,1.5695874452e-02,1.9727640019e-02,3.1764532489e-03,1.0820408971e-02
25.000000,748.000,20.000000,70.000000,1.1813277116e-02,7.6581696867e-04,-7.2743278500e-04,9.6486826429e-01,9.8056413874e-01,1.5695874452e-02,1.9933472401e-02,3.9866013691e-03,1.0706465040e-02
25.000000,748.000,20.000000,75.000000,1.1685504152e-02,7.5682295147e-04,-9.2598210666e-04,9.6486826429e-01,9.8056413874e-01,1.5695874452e-02,2.0149429151e-02,5.0400627063e-03,1.0590663408e-02
25.000000,748.000,20.000000,80.000000,1.1556821831e-02,7.1572623107e-04,-1.1301115409e-03,9.6486826429e-01,9.8056413874e-01,1.5695874452e-02,2.0374157153e-02,6.4071641551e-03,1.0474037619e-02
25.000000,748.000,20.000000,85.000000,1.1428333258e-02,6.4097417801e-04,-1.3342777911e-03,9.6486826429e-01,9.8056413874e-01,1.5695874452e-02,2.0606160100e-02,8.1752044547e-03,1.0357587425e-02
25.000000,748.000,20.000000,90.000000,1.1301092099e-02,5.3199329576e-04,-1.5326748301e-03,9.6486826429e-01,9.8056413874e-01,1.5695874452e-02,2.0843803369e-02,1.0450293084e-02,1.0242267771e-02
25.000000,748.000,20.000000,95.000000,1.1176092256e-02,3.8922829675e-04,-1.7194072882e-03,9.6486826429e-01,9.8056413874e-01,1.5695874452e-02,2.1085322486e-02,1.3358075243e-02,1.0128979440e-02
25.000000,748.000,20.000000,100.000000,1.1054259533e-02,2.1415040671e-04,-1.8886685702e-03,9.6486826429e-01,9.8056413874e-01,1.5695874452e-02,2.1328835211e-02,1.7042519636e-02,1.0018561495e-02
25.000000,748.000,20.000000,105.000000,1.0936445361e-02,9.2344788982e-06,-2.0349182967e-03,9.6486826429e-01,9.8056413874e-01,1.5695874452e-02,2.1572357203e-02,2.1661760998e-02,9.9117855934e-03
25.000000,748.000,20.000000,110.000000,1.0823422621e-02,-2.2209455243e-04,-2.1530536708e-03,9.6486826429e-01,9.8056413874e-01,1.5695874452e-02,2.1813821107e-02,2.7379908178e-02,9.8093522042e-03
25.000000,748.000,20.000000,115.000000,1.0715883525e-02,-4.7554441707e-04,-2.2385695397e-03,9.6486826429e-01,9.8056413874e-01,1.5695874452e-02,2.2051098789e-02,3.4353849028e-02,9.7118886841e-03
25.000000,748.000,20.000000,120.000000,1.0614439449e-02,-7.4606510056e-04,-2.2877022504e-03,9.6486826429e-01,9.8056413874e-01,1.5695874452e-02,2.2282026355e-02,4.2714512047e-02,9.6199491277e-03
25.000000,748.000,20.000000,125.000000,1.0519622571e-02,-1.0279821112e-03,-2.2975528750e-03,9.6486826429e-01,9.8056413874e-01,1.5695874452e-02,2.2504431505e-02,5.2542864602e-02,9.5340158530e-03
25.000000,748.000,20.000000,130.000000,1.0431889112e-02,-1.3151495263e-03,-2.2661859943e-03,9.6486826429e-01,9.8056413874e-01,1.5695874452e-02,2.2716162663e-02,6.3842150043e-02,9.4545023359e-03
25.000000,748.000,20.000000,135.000000,1.0351623925e-02,-1.6011183158e-03,-2.1927009558e-03,9.6486826429e-01,9.8056413874e-01,1.5695874452e-02,2.2915119299e-02,7.6509377806e-02,9.3817573718e-03
25.000000,748.000,20.000000,140.000000,1.0279146162e-02,-1.8793149676e-03,-2.0772733480e-03,9.6486826429e-01,9.8056413874e-01,1.5695874452e-02,2.3099282780e-02,9.0310606862e-02,9.3160702104e-03
25.000000,748.000,20.000000,145.000000,1.0214715706e-02,-2.1432251203e-03,-1.9211653218e-03,9.6486826429e-01,9.8056413874e-01,1.5695874452e-02,2.3266747055e-02,1.0486567415e-01,9.2576763869e-03
25.000000,748.000,20.000000,150.000000,1.0158540062e-02,-2.3865767455e-03,-1.7267043268e-03,9.6486826429e-01,9.8056413874e-01,1.5695874452e-02,2.3415748493e-02,1.1964820762e-01,9.2067639633e-03
25.000000,748.000,20.000000,155.000000,1.0110781367e-02,-2.6035174266e-03,-1.4972307787e-03,9.6486826429e-01,9.8056413874e-01,1.5695874452e-02,2.3544694165e-02,1.3400559076e-01,9.1634798856e-03
25.000000,748.000,20.000000,160.000000,1.0071563220e-02,-2.7887804478e-03,-1.2370161080e-03,9.6486826429e-01,9.8056413874e-01,1.5695874452e-02,2.3652187913e-02,1.4720083868e-01,9.1279361742e-03
25.000000,748.000,20.000000,165.000000,1.0040977035e-02,-2.9378347380e-03,-9.5115353100e-04,9.6486826429e-01,9.8056413874e-01,1.5695874452e-02,2.3737053580e-02,1.5847436480e-01,9.1002156766e-03
25.000000,748.000,20.000000,170.000000,1.0019087631e-02,-3.0470141872e-03,-6.4542470586e-04,9.6486826429e-01,9.8056413874e-01,1.5695874452e-02,2.3798354837e-02,1.6711911466e-01,9.0803771392e-03
25.000000,748.000,20.000000,175.000000,1.0005937845e-02,-3.1136224737e-03,-3.2614616176e-04,9.6486826429e-01,9.8056413874e-01,1.5695874452e-02,2.3835411139e-02,1.7255864267e-01,9.0684593851e-03
25.000000,748.000,20.000000,180.000000,1.0001551963e-02,-3.1360102633e-03,-9.1861912720e-19,9.6486826429e-01,9.8056413874e-01,1.5695874452e-02,2.3847809404e-02,1.7441560018e-01,9.0644844266e-03
25.000000,748.000,20.000000,185.000000,1.0005937845e-02,-3.1136224737e-03,3.2614616176e-04,9.6486826429e-01,9.8056413874e-01,1.5695874452e-02,2.3835411139e-02,1.7255864267e-01,9.0684593851e-03
25.000000,748.000,20.000000,190.000000,1.0019087631e-02,-3.0470141872e-03,6.4542470586e-04,9.6486826429e-01,9.8056413874e-01,1.5695874452e-02,2.3798354837e-02,1.6711911466e-01,9.0803771392e-03
25.000000,748.000,20.000000,195.000000,1.0040977035e-02,-2.9378347380e-03,9.5115353100e-04,9.6486826429e-01,9.8056413874e-01,1.5695874452e-02,2.3737053580e-02,1.5847436480e-01,9.1002156766e-03
25.000000,748.000,20.000000,200.000000,1.0071563220e-02,-2.7887804478e-03,1.2370161080e-03,9.6486826429e-01,9.8056413874e-01,1.5695874452e-02,2.3652187913e-02,1.4720083868e-01,9.1279361742e-03
25.000000,748.000,20.000000,205.000000,1.0110781367e-02,-2.6035174266e-03,1.4972307787e-03,9.6486826429e-01,9.8056413874e-01,1.5695874452e-02,2.3544694165e-02,1.3400559076e-01,9.1634798856e-03
25.000000,748.000,20.000000,210.000000,1.0158540062e-02,-2.3865767455e-03,1.7267043268e-03,9.6486826429e-01,9.8056413874e-01,1.5695874452e-02,2.3415748493e-02,1.1964820762e-01,9.2067639633e-03
25.000000,748.000,20.000000,215.000000,1.0214715706e-02,-2.1432251203e-03,1.9211653218e-03,9.6486826429e-01,9.8056413874e-01,1.5695874452e-02,2.3266747055e-02,1.0486567415e-01,9.2576763869e-03
25.000000,748.000,20.000000,220.000000,1.0279146162e-02,-1.8793149676e-03,2.0772733480e-03,9.6486826429e-01,9.8056413874e-01,1.5695874452e-02,2.3099282780e-02,9.0310606862e-02,9.3160702104e-03
25.000000,748.000,20.000000,225.000000,1.0351623925e-02,-1.6011183158e-03,2.1927009558e-03,9.6486826429e-01,9.8056413874e-01,1.5695874452e-02,2.2915119299e-02,7.6509377806e-02,9.3817573718e-03
25.000000,748.000,20.000000,230.000000,1.0431889112e-02,-1.3151495263e-03,2.2661859943e-03,9.6486826429e-01,9.8056413874e-01,1.5695874452e-02,2.2716162663e-02,6.3842150043e-02,9.4545023359e-03
25.000000,748.000,20.000000,235.000000,1.0519622571e-02,-1.0279821112e-03,2.2975528750e-03,9.6486826429e-01,9.8056413874e-01,1.5695874452e-02,2.2504431505e-02,5.2542864602e-02,9.5340158530e-03
25.000000,748.000,20.000000,240.000000,1.0614439449e-02,-7.4606510056e-04,2.2877022504e-03,9.6486826429e-01,9.8056413874e-01,1.5695874452e-02,2.2282026355e-02,4.2714512047e-02,9.6199491277e-03
25.000000,748.000,20.000000,245.000000,1.0715883525e-02,-4.7554441707e-04,2.2385695397e-03,9.6486826429e-01,9.8056413874e-01,1.5695874452e-02,2.2051098789e-02,3.4353849028e-02,9.7118886841e-03
25.000000,748.000,20.000000,250.000000,1.0823422621e-02,-2.2209455243e-04,2.1530536708e-03,9.6486826429e-01,9.8056413874e-01,1.5695874452e-02,2.1813821107e-02,2.7379908178e-02,9.8093522042e-03
25.000000,748.000,20.000000,255.000000,1.0936445361e-02,9.2344788982e-06,2.0349182967e-03,9.6486826429e-01,9.8056413874e-01,1.5695874452e-02,2.1572357203e-02,2.1661760998e-02,9.9117855934e-03
25.000000,748.000,20.000000,260.000000,1.1054259533e-02,2.1415040671e-04,1.8886685702e-03,9.6486826429e-01,9.8056413874e-01,1.5695874452e-02,2.1328835211e-02,1.7042519636e-02,1.0018561495e-02
25.000000,748.000,20.000000,265.000000,1.1176092256e-02,3.8922829675e-04,1.7194072882e-03,9.6486826429e-01,9.8056413874e-01,1.5695874452e-02,2.1085322486e-02,1.3358075243e-02,1.0128979440e-02
25.000000,748.000,20.000000,270.000000,1.1301092099e-02,5.3199329576e-04,1.5326748301e-03,9.6486826429e-01,9.8056413874e-01,1.5695874452e-02,2.0843803369e-02,1.0450293084e-02,1.0242267771e-02
25.000000,748.000,20.000000,275.000000,1.1428333258e-02,6.4097417801e-04,1.3342777911e-03,9.6486826429e-01,9.8056413874e-01,1.5695874452e-02,2.0606160100e-02,8.1752044547e-03,1.0357587425e-02
25.000000,748.000,20.000000,280.000000,1.1556821831e-02,7.1572623107e-04,1.1301115409e-03,9.6486826429e-01,9.8056413874e-01,1.5695874452e-02,2.0374157153e-02,6.4071641551e-03,1.0474037619e-02
25.000000,748.000,20.000000,285.000000,1.1685504152e-02,7.5682295147e-04,9.2598210666e-04,9.6486826429e-01,9.8056413874e-01,1.5695874452e-02,2.0149429151e-02,5.0400627063e-03,1.0590663408e-02
25.000000,748.000,20.000000,290.000000,1.1813277116e-02,7.6581696867e-04,7.2743278500e-04,9.6486826429e-01,9.8056413874e-01,1.5695874452e-02,1.9933472401e-02,3.9866013691e-03,1.0706465040e-02
25.000000,748.000,20.000000,295.000000,1.1939000333e-02,7.4517154937e-04,5.3958072734e-04,9.6486826429e-01,9.8056413874e-01,1.5695874452e-02,1.9727640019e-02,3.1764532489e-03,1.0820408971e-02
25.000000,748.000,20.000000,300.000000,1.2061509912e-02,6.9816492562e-04,3.6696842684e-04,9.6486826429e-01,9.8056413874e-01,1.5695874452e-02,1.9533140445e-02,2.5539186229e-03,1.0931440357e-02
25.000000,748.000,20.000000,305.000000,1.2179633610e-02,6.2877051221e-04,2.1343456558e-04,9.6486826429e-01,9.8056413874e-01,1.5695874452e-02,1.9351039136e-02,2.0754826254e-03,1.1038496784e-02
25.000000,748.000,20.000000,310.000000,1.2292207040e-02,5.4151680643e-04,8.2008079140e-05,9.6486826429e-01,9.8056413874e-01,1.5695874452e-02,1.9182263055e-02,1.7075206874e-03,1.1140522960e-02
25.000000,748.000,20.000000,315.000000,1.2398090599e-02,4.4133137440e-04,-2.5171424341e-05,9.6486826429e-01,9.8056413874e-01,1.5695874452e-02,1.9027607564e-02,1.4242774061e-03,1.1236486055e-02
25.000000,748.000,20.000000,320.000000,1.2496186735e-02,3.3337380467e-04,-1.0690456710e-04,9.6486826429e-01,9.8056413874e-01,1.5695874452e-02,1.8887745227e-02,1.2061641434e-03,1.1325391347e-02
25.000000,748.000,20.000000,325.000000,1.2585457162e-02,2.2286283644e-04,-1.6295298759e-04,9.6486826429e-01,9.8056413874e-01,1.5695874452e-02,1.8763236029e-02,1.0383717447e-03,1.1406297829e-02
25.000000,748.000,20.000000,330.000000,1.2664939626e-02,1.1490303765e-04,-1.9402949672e-04,9.6486826429e-01,9.8056413874e-01,1.5695874452e-02,1.8654538432e-02,9.0976870095e-04,1.1478333405e-02
25.000000,748.000,20.000000,335.000000,1.2733763824e-02,1.4316411441e-05,-2.0175803366e-04,9.6486826429e-01,9.8056413874e-01,1.5695874452e-02,1.8562020753e-02,8.1204421542e-04,1.1540709312e-02
25.000000,748.000,20.000000,340.000000,1.2791166092e-02,-7.4515851209e-05,-1.8860477784e-04,9.6486826429e-01,9.8056413874e-01,1.5695874452e-02,1.8485972303e-02,7.3905405378e-04,1.1592733434e-02
25.000000,748.000,20.000000,345.000000,1.2836502500e-02,-1.4779657520e-04,-1.5778265905e-04,9.6486826429e-01,9.8056413874e-01,1.5695874452e-02,1.8426613792e-02,6.8633056404e-04,1.1633822175e-02
25.000000,748.000,20.000000,350.000000,1.2869260053e-02,-2.0243633338e-04,-1.1313232346e-04,9.6486826429e-01,9.8056413874e-01,1.5695874452e-02,1.8384106524e-02,6.5072412475e-04,1.1663510600e-02
25.000000,748.000,20.000000,355.000000,1.2889065690e-02,-2.3615388388e-04,-5.8983335344e-05,9.6486826429e-01,9.8056413874e-01,1.5695874452e-02,1.8358560000e-02,6.3014990457e-04,1.1681460603e-02
25.000000,748.000,25.000000,0.000000,1.3413417960e-02,-2.4978320111e-04,-3.0896283555e-20,9.6486826429e-01,9.8056413874e-01,1.5695874452e-02,1.7345626849e-02,1.4020253945e-04,1.2156685148e-02
25.000000,748.000,25.000000,5.000000,1.3404828392e-02,-2.3963627924e-04,2.1253385897e-05,9.6486826429e-01,9.8056413874e-01,1.5695874452e-02,1.7355182285e-02,1.4214874947e-04,1.2148900355e-02
25.000000,748.000,25.000000,10.000000,1.3379165535e-02,-2.0965864523e-04,3.7963536126e-05,9.6486826429e-01,9.8056413874e-01,1.5695874452e-02,1.7383843151e-02,1.4813534325e-04,1.2125641908e-02
25.000000,748.000,25.000000,15.000000,1.3336744891e-02,-1.6122444353e-04,4.5754920981e-05,9.6486826429e-01,9.8056413874e-01,1.5695874452e-02,1.7431591122e-02,1.5862280873e-04,1.2087195748e-02
25.000000,748.000,25.000000,20.000000,1.3278085566e-02,-9.6573552876e-05,4.0582101262e-05,9.6486826429e-01,9.8056413874e-01,1.5695874452e-02,1.7498389055e-02,1.7443613152e-04,1.2034032346e-02
25.000000,748.000,25.000000,25.000000,1.3203900356e-02,-1.8737682010e-05,1.8881633424e-05,9.6486826429e-01,9.8056413874e-01,1.5695874452e-02,1.7584171359e-02,1.9685896538e-04,1.1966797712e-02
25.000000,748.000,25.000000,30.000000,1.3115082227e-02,6.8559870257e-05,-2.2291340854e-05,9.6486826429e-01,9.8056413874e-01,1.5695874452e-02,1.7688831043e-02,2.2778228734e-04,1.1886301150e-02
25.000000,748.000,25.000000,35.000000,1.3012687544e-02,1.6102768302e-04,-8.5146186375e-05,9.6486826429e-01,9.8056413874e-01,1.5695874452e-02,1.7812203944e-02,2.6992672042e-04,1.1793500051e-02
25.000000,748.000,25.000000,40.000000,1.2897916472e-02,2.5394907920e-04,-1.7106330838e-04,9.6486826429e-01,9.8056413874e-01,1.5695874452e-02,1.7954050760e-02,3.2716667134e-04,1.1689482135e-02
25.000000,748.000,25.000000,45.000000,1.2772091053e-02,3.4233995344e-04,-2.8052716908e-04,9.6486826429e-01,9.8056413874e-01,1.5695874452e-02,1.8114037615e-02,4.0499609551e-04,1.1575445578e-02
25.000000,748.000,25.000000,50.000000,1.2636631516e-02,4.2111665620e-04,-4.1308801264e-04,9.6486826429e-01,9.8056413874e-01,1.5695874452e-02,1.8291715943e-02,5.1119055309e-04,1.1452677545e-02
25.000000,748.000,25.000000,55.000000,1.2493031412e-02,4.8526870756e-04,-5.6735364076e-04,9.6486826429e-01,9.8056413874e-01,1.5695874452e-02,1.8486502536e-02,6.5673829472e-04,1.1322531653e-02
25.000000,748.000,25.000000,60.000000,1.2342832190e-02,5.3003095427e-04,-7.4101165546e-04,9.6486826429e-01,9.8056413874e-01,1.5695874452e-02,1.8697660614e-02,8.5713347214e-04,1.1186404928e-02
25.000000,748.000,25.000000,65.000000,1.2187597836e-02,5.5104978740e-04,-9.3088164585e-04,9.6486826429e-01,9.8056413874e-01,1.5695874452e-02,1.8924282778e-02,1.1341443982e-03,1.1045714824e-02
25.000000,748.000,25.000000,70.000000,1.2028890181e-02,5.4453820713e-04,-1.1329958706e-03,9.6486826429e-01,9.8056413874e-01,1.5695874452e-02,1.9165276655e-02,1.5181831268e-03,1.0901876841e-02
25.000000,748.000,25.000000,75.000000,1.1868245461e-02,5.0741484966e-04,-1.3427061065e-03,9.6486826429e-01,9.8056413874e-01,1.5695874452e-02,1.9419354000e-02,2.0513987243e-03,1.0756283280e-02
25.000000,748.000,25.000000,80.000000,1.1707152640e-02,4.3742256976e-04,-1.5548135202e-03,9.6486826429e-01,9.8056413874e-01,1.5695874452e-02,1.9685023915e-02,2.7915781765e-03,1.0610283601e-02
25.000000,748.000,25.000000,85.000000,1.1547033991e-02,3.3322278571e-04,-1.7637177041e-03,9.6486826429e-01,9.8056413874e-01,1.5695874452e-02,1.9960590739e-02,3.8168411151e-03,1.0465166823e-02
25.000000,748.000,25.000000,90.000000,1.1389228307e-02,1.9446252423e-04,-1.9635804159e-03,9.6486826429e-01,9.8056413874e-01,1.5695874452e-02,2.0244157042e-02,5.2309263233e-03,1.0322146303e-02
25.000000,748.000,25.000000,95.000000,1.1234977059e-02,2.1811927302e-05,-2.1484990951e-03,9.6486826429e-01,9.8056413874e-01,1.5695874452e-02,2.0533631994e-02,7.1685574763e-03,1.0182347196e-02
25.000000,748.000,25.000000,100.000000,1.1085413717e-02,-1.8302912239e-04,-2.3126849143e-03,9.6486826429e-01,9.8056413874e-01,1.5695874452e-02,2.0826745235e-02,9.7999230367e-03,1.0046796774e-02
25.000000,748.000,25.000000,105.000000,1.0941556356e-02,-4.1735566422e-04,-2.4506399650e-03,9.6486826429e-01,9.8056413874e-01,1.5695874452e-02,2.1121066197e-02,1.3332724757e-02,9.9164177278e-03
25.000000,748.000,25.000000,110.000000,1.0804303558e-02,-6.7751306648e-04,-2.5573281837e-03,9.6486826429e-01,9.8056413874e-01,1.5695874452e-02,2.1414028670e-02,1.8009618368e-02,9.7920244484e-03
25.000000,748.000,25.000000,115.000000,1.0674433538e-02,-9.5898169784e-04,-2.6283347970e-03,9.6486826429e-01,9.8056413874e-01,1.5695874452e-02,2.1702960251e-02,2.4098359615e-02,9.6743222376e-03
25.000000,748.000,25.000000,120.000000,1.0552606312e-02,-1.2564884912e-03,-2.6600093897e-03,9.6486826429e-01,9.8056413874e-01,1.5695874452e-02,2.1985116132e-02,3.1871856910e-02,9.5639092737e-03
25.000000,748.000,25.000000,125.000000,1.0439368653e-02,-1.5641422065e-03,-2.6495881829e-03,9.6486826429e-01,9.8056413874e-01,1.5695874452e-02,2.2257716578e-02,4.1575976295e-02,9.4612811018e-03
25.000000,748.000,25.000000,130.000000,1.0335161489e-02,-1.8755884719e-03,-2.5952917199e-03,9.6486826429e-01,9.8056413874e-01,1.5695874452e-02,2.2517987292e-02,5.3384689490e-02,9.3668373382e-03
25.000000,748.000,25.000000,135.000000,1.0240329336e-02,-2.1841800758e-03,-2.4963948860e-03,9.6486826429e-01,9.8056413874e-01,1.5695874452e-02,2.2763201794e-02,6.7345162751e-02,9.2808902187e-03
25.000000,748.000,25.000000,140.000000,1.0155131300e-02,-2.4831575083e-03,-2.3532670156e-03,9.6486826429e-01,9.8056413874e-01,1.5695874452e-02,2.2990724823e-02,8.3319417730e-02,9.2036745751e-03
25.000000,748.000,25.000000,145.000000,1.0079753168e-02,-2.7658344289e-03,-2.1673807286e-03,9.6486826429e-01,9.8056413874e-01,1.5695874452e-02,2.3198055761e-02,1.0093344903e-01,9.1353587874e-03
25.000000,748.000,25.000000,150.000000,1.0014320048e-02,-3.0257825781e-03,-1.9412890751e-03,9.6486826429e-01,9.8056413874e-01,1.5695874452e-02,2.3382871028e-02,1.1954777541e-01,9.0760562417e-03
25.000000,748.000,25.000000,155.000000,9.9589090474e-03,-3.2570106523e-03,-1.6785715178e-03,9.6486826429e-01,9.8056413874e-01,1.5695874452e-02,2.3543064430e-02,1.3826366260e-01,9.0258368200e-03
25.000000,748.000,25.000000,160.000000,9.9135614710e-03,-3.4541318325e-03,-1.3837502118e-03,9.6486826429e-01,9.8056413874e-01,1.5695874452e-02,2.3676784438e-02,1.5597532727e-01,8.9847379584e-03
25.000000,748.000,25.000000,165.000000,9.8782940691e-03,-3.6125149867e-03,-1.0621789375e-03,9.6486826429e-01,9.8056413874e-01,1.5695874452e-02,2.3782467498e-02,1.7147002446e-01,8.9527748374e-03
25.000000,748.000,25.000000,170.000000,9.8531088852e-03,-3.7284150469e-03,-7.1990785799e-04,9.6486826429e-01,9.8056413874e-01,1.5695874452e-02,2.3858866516e-02,1.8356639292e-01,8.9299493092e-03
25.000000,748.000,25.000000,175.000000,9.8380013348e-03,-3.7990786785e-03,-3.6352800509e-04,9.6486826429e-01,9.8056413874e-01,1.5695874452e-02,2.3905073800e-02,1.9126979479e-01,8.9162572186e-03
25.000000,748.000,25.000000,180.000000,9.8329662025e-03,-3.8228220921e-03,-1.0236695556e-18,9.6486826429e-01,9.8056413874e-01,1.5695874452e-02,2.3920537885e-02,1.9391550632e-01,8.9116938390e-03
25.000000,748.000,25.000000,185.000000,9.8380013348e-03,-3.7990786785e-03,3.6352800509e-04,9.6486826429e-01,9.8056413874e-01,1.5695874452e-02,2.3905073800e-02,1.9126979479e-01,8.9162572186e-03
25.000000,748.000,25.000000,190.000000,9.8531088852e-03,-3.7284150469e-03,7.1990785799e-04,9.6486826429e-01,9.8056413874e-01,1.5695874452e-02,2.3858866516e-02,1.8356639292e-01,8.9299493092e-03
25.000000,748.000,25.000000,195.000000,9.8782940691e-03,-3.6125149867e-03,1.0621789375e-03,9.6486826429e-01,9.8056413874e-01,1.5695874452e-02,2.3782467498e-02,1.7147002446e-01,8.9527748374e-03
25.000000,748.000,25.000000,200.000000,9.9135614710e-03,-3.4541318325e-03,1.3837502118e-03,9.6486826429e-01,9.8056413874e-01,1.5695874452e-02,2.3676784438e-02,1.5597532727e-01,8.9847379584e-03
25.000000,748.000,25.000000,205.000000,9.9589090474e-03,-3.2570106523e-03,1.6785715178e-03,9.6486826429e-01,9.8056413874e-01,1.5695874452e-02,2.3543064430e-02,1.3826366260e-01,9.0258368200e-03
25.000000,748.000,25.000000,210.000000,1.0014320048e-02,-3.0257825781e-03,1.9412890751e-03,9.6486826429e-01,9.8056413874e-01,1.5695874452e-02,2.3382871028e-02,1.1954777541e-01,9.0760562417e-03
25.000000,748.000,25.000000,215.000000,1.0079753168e-02,-2.7658344289e-03,2.1673807286e-03,9.6486826429e-01,9.8056413874e-01,1.5695874452e-02,2.3198055761e-02,1.0093344903e-01,9.1353587874e-03
25.000000,748.000,25.000000,220.000000,1.0155131300e-02,-2.4831575083e-03,2.3532670156e-03,9.6486826429e-01,9.8056413874e-01,1.5695874452e-02,2.2990724823e-02,8.3319417730e-02,9.2036745751e-03
25.000000,748.000,25.000000,225.000000,1.0240329336e-02,-2.1841800758e-03,2.4963948860e-03,9.6486826429e-01,9.8056413874e-01,1.5695874452e-02,2.2763201794e-02,6.7345162751e-02,9.2808902187e-03
25.000000,748.000,25.000000,230.000000,1.0335161489e-02,-1.8755884719e-03,2.5952917199e-03,9.6486826429e-01,9.8056413874e-01,1.5695874452e-02,2.2517987292e-02,5.3384689490e-02,9.3668373382e-03
25.000000,748.000,25.000000,235.000000,1.0439368653e-02,-1.5641422065e-03,2.6495881829e-03,9.6486826429e-01,9.8056413874e-01,1.5695874452e-02,2.2257716578e-02,4.1575976295e-02,9.4612811018e-03
25.000000,748.000,25.000000,240.000000,1.0552606312e-02,-1.2564884912e-03,2.6600093897e-03,9.6486826429e-01,9.8056413874e-01,1.5695874452e-02,2.1985116132e-02,3.1871856910e-02,9.5639092737e-03
25.000000,748.000,25.000000,245.000000,1.0674433538e-02,-9.5898169784e-04,2.6283347970e-03,9.6486826429e-01,9.8056413874e-01,1.5695874452e-02,2.1702960251e-02,2.4098359615e-02,9.6743222376e-03
25.000000,748.000,25.000000,250.000000,1.0804303558e-02,-6.7751306648e-04,2.5573281837e-03,9.6486826429e-01,9.8056413874e-01,1.5695874452e-02,2.1414028670e-02,1.8009618368e-02,9.7920244484e-03
25.000000,748.000,25.000000,255.000000,1.0941556356e-02,-4.1735566422e-04,2.4506399650e-03,9.6486826429e-01,9.8056413874e-01,1.5695874452e-02,2.1121066197e-02,1.3332724757e-02,9.9164177278e-03
25.000000,748.000,25.000000,260.000000,1.1085413717e-02,-1.8302912239e-04,2.3126849143e-03,9.6486826429e-01,9.8056413874e-01,1.5695874452e-02,2.0826745235e-02,9.7999230367e-03,1.0046796774e-02
25.000000,748.000,25.000000,265.000000,1.1234977059e-02,2.1811927302e-05,2.1484990951e-03,9.6486826429e-01,9.8056413874e-01,1.5695874452e-02,2.0533631994e-02,7.1685574763e-03,1.0182347196e-02
25.000000,748.000,25.000000,270.000000,1.1389228307e-02,1.9446252423e-04,1.9635804159e-03,9.6486826429e-01,9.8056413874e-01,1.5695874452e-02,2.0244157042e-02,5.2309263233e-03,1.0322146303e-02
25.000000,748.000,25.000000,275.000000,1.1547033991e-02,3.3322278571e-04,1.7637177041e-03,9.6486826429e-01,9.8056413874e-01,1.5695874452e-02,1.9960590739e-02,3.8168411151e-03,1.0465166823e-02
25.000000,748.000,25.000000,280.000000,1.1707152640e-02,4.3742256976e-04,1.5548135202e-03,9.6486826429e-01,9.8056413874e-01,1.5695874452e-02,1.9685023915e-02,2.7915781765e-03,1.0610283601e-02
25.000000,748.000,25.000000,285.000000,1.1868245461e-02,5.0741484966e-04,1.3427061065e-03,9.6486826429e-01,9.8056413874e-01,1.5695874452e-02,1.9419354000e-02,2.0513987243e-03,1.0756283280e-02
25.000000,748.000,25.000000,290.000000,1.2028890181e-02,5.4453820713e-04,1.1329958706e-03,9.6486826429e-01,9.8056413874e-01,1.5695874452e-02,1.9165276655e-02,1.5181831268e-03,1.0901876841e-02
25.000000,748.000,25.000000,295.000000,1.2187597836e-02,5.5104978740e-04,9.3088164585e-04,9.6486826429e-01,9.8056413874e-01,1.5695874452e-02,1.8924282778e-02,1.1341443982e-03,1.1045714824e-02
25.000000,748.000,25.000000,300.000000,1.2342832190e-02,5.3003095427e-04,7.4101165546e-04,9.6486826429e-01,9.8056413874e-01,1.5695874452e-02,1.8697660614e-02,8.5713347214e-04,1.1186404928e-02
25.000000,748.000,25.000000,305.000000,1.2493031412e-02,4.8526870756e-04,5.6735364076e-04,9.6486826429e-01,9.8056413874e-01,1.5695874452e-02,1.8486502536e-02,6.5673829472e-04,1.1322531653e-02
25.000000,748.000,25.000000,310.000000,1.2636631516e-02,4.2111665620e-04,4.1308801264e-04,9.6486826429e-01,9.8056413874e-01,1.5695874452e-02,1.8291715943e-02,5.1119055309e-04,1.1452677545e-02
25.000000,748.000,25.000000,315.000000,1.2772091053e-02,3.4233995344e-04,2.8052716908e-04,9.6486826429e-01,9.8056413874e-01,1.5695874452e-02,1.8114037615e-02,4.0499609551e-04,1.1575445578e-02
25.000000,748.000,25.000000,320.000000,1.2897916472e-02,2.5394907920e-04,1.7106330838e-04,9.6486826429e-01,9.8056413874e-01,1.5695874452e-02,1.7954050760e-02,3.2716667134e-04,1.1689482135e-02
25.000000,748.000,25.000000,325.000000,1.3012687544e-02,1.6102768302e-04,8.5146186375e-05,9.6486826429e-01,9.8056413874e-01,1.5695874452e-02,1.7812203944e-02,2.6992672042e-04,1.1793500051e-02
25.000000,748.000,25.000000,330.000000,1.3115082227e-02,6.8559870257e-05,2.2291340854e-05,9.6486826429e-01,9.8056413874e-01,1.5695874452e-02,1.7688831043e-02,2.2778228734e-04,1.1886301150e-02
25.000000,748.000,25.000000,335.000000,1.3203900356e-02,-1.8737682010e-05,-1.8881633424e-05,9.6486826429e-01,9.8056413874e-01,1.5695874452e-02,1.7584171359e-02,1.9685896538e-04,1.1966797712e-02
25.000000,748.000,25.000000,340.000000,1.3278085566e-02,-9.6573552876e-05,-4.0582101262e-05,9.6486826429e-01,9.8056413874e-01,1.5695874452e-02,1.7498389055e-02,1.7443613152e-04,1.2034032346e-02
25.000000,748.000,25.000000,345.000000,1.3336744891e-02,-1.6122444353e-04,-4.5754920981e-05,9.6486826429e-01,9.8056413874e-01,1.5695874452e-02,1.7431591122e-02,1.5862280873e-04,1.2087195748e-02
25.000000,748.000,25.000000,350.000000,1.3379165535e-02,-2.0965864523e-04,-3.7963536126e-05,9.6486826429e-01,9.8056413874e-01,1.5695874452e-02,1.7383843151e-02,1.4813534325e-04,1.2125641908e-02
25.000000,748.000,25.000000,355.000000,1.3404828392e-02,-2.3963627924e-04,-2.1253385897e-05,9.6486826429e-01,9.8056413874e-01,1.5695874452e-02,1.7355182285e-02,1.4214874947e-04,1.2148900355e-02
25.000000,748.000,30.000000,0.000000,1.3991337166e-02,-3.6129696219e-04,2.6889507940e-20,9.6486826429e-01,9.8056413874e-01,1.5695874452e-02,1.6390955666e-02,2.4549640525e-05,1.2680457825e-02
25.000000,748.000,30.000000,5.000000,1.3980655787e-02,-3.5229705665e-04,-1.9870595865e-05,9.6486826429e-01,9.8056413874e-01,1.5695874452e-02,1.6400927042e-02,2.4972955611e-05,1.2670777208e-02
25.000000,748.000,30.000000,10.000000,1.3948752390e-02,-3.2575419977e-04,-4.3965202254e-05,9.6486826429e-01,9.8056413874e-01,1.5695874452e-02,1.6430859496e-02,2.6283758686e-05,1.2641862911e-02
25.000000,748.000,30.000000,15.000000,1.3896046316e-02,-2.8302369346e-04,-7.6342743039e-05,9.6486826429e-01,9.8056413874e-01,1.5695874452e-02,1.6480805002e-02,2.8610633096e-05,1.2594094985e-02
25.000000,748.000,30.000000,20.000000,1.3823226952e-02,-2.2631392492e-04,-1.2073726448e-04,9.6486826429e-01,9.8056413874e-01,1.5695874452e-02,1.6550840283e-02,3.2189014069e-05,1.2528098228e-02
25.000000,748.000,30.000000,25.000000,1.3731239727e-02,-1.5861233990e-04,-1.8040857266e-04,9.6486826429e-01,9.8056413874e-01,1.5695874452e-02,1.6641052351e-02,3.7396936835e-05,1.2444729490e-02
25.000000,748.000,30.000000,30.000000,1.3621267029e-02,-8.3585048230e-05,-2.5800811084e-04,9.6486826429e-01,9.8056413874e-01,1.5695874452e-02,1.6751519003e-02,4.4814003964e-05,1.2345060378e-02
25.000000,748.000,30.000000,35.000000,1.3494704549e-02,-5.4531852193e-06,-3.5546441897e-04,9.6486826429e-01,9.8056413874e-01,1.5695874452e-02,1.6882285005e-02,5.5314528669e-05,1.2230355817e-02
25.000000,748.000,30.000000,40.000000,1.3353133686e-02,7.1150121140e-05,-4.7389191417e-04,9.6486826429e-01,9.8056413874e-01,1.5695874452e-02,1.7033334845e-02,7.0212219925e-05,1.2102049041e-02
25.000000,748.000,30.000000,45.000000,1.3198290724e-02,1.4133771878e-04,-6.1352601211e-04,9.6486826429e-01,9.8056413874e-01,1.5695874452e-02,1.7204563086e-02,9.1483300828e-05,1.1961713659e-02
25.000000,748.000,30.000000,50.000000,1.3032033605e-02,2.0013640531e-04,-7.7368679670e-04,9.6486826429e-01,9.8056413874e-01,1.5695874452e-02,1.7395743439e-02,1.2210901019e-04,1.1811033537e-02
25.000000,748.000,30.000000,55.000000,1.2856307138e-02,2.4265965481e-04,-9.5277256395e-04,9.6486826429e-01,9.8056413874e-01,1.5695874452e-02,1.7606497769e-02,1.6659878892e-04,1.1651771272e-02
25.000000,748.000,30.000000,60.000000,1.2673107553e-02,2.6427968502e-04,-1.1482836426e-03,9.6486826429e-01,9.8056413874e-01,1.5695874452e-02,1.7836266251e-02,2.3178401525e-04,1.1485736061e-02
25.000000,748.000,30.000000,65.000000,1.2484447290e-02,2.6079345714e-04,-1.3568759569e-03,9.6486826429e-01,9.8056413874e-01,1.5695874452e-02,1.8084279904e-02,3.2801044194e-04,1.1314751796e-02
25.000000,748.000,30.000000,70.000000,1.2292320902e-02,2.2857737113e-04,-1.5744428740e-03,9.6486826429e-01,9.8056413874e-01,1.5695874452e-02,1.8349536679e-02,4.7090537693e-04,1.1140626154e-02
25.000000,748.000,30.000000,75.000000,1.2098672895e-02,1.6472575097e-04,-1.7962230004e-03,9.6486826429e-01,9.8056413874e-01,1.5695874452e-02,1.8630782177e-02,6.8394903380e-04,1.0965121457e-02
25.000000,748.000,30.000000,80.000000,1.1905368276e-02,6.7168695889e-05,-2.0169307802e-03,9.6486826429e-01,9.8056413874e-01,1.5695874452e-02,1.8926495971e-02,1.0021264428e-03,1.0789927976e-02
25.000000,748.000,30.000000,85.000000,1.1714166474e-02,-6.5234508261e-05,-2.2309060350e-03,9.6486826429e-01,9.8056413874e-01,1.5695874452e-02,1.9234884341e-02,1.4769516772e-03,1.0616640294e-02
25.000000,748.000,30.000000,90.000000,1.1526699187e-02,-2.3262948791e-04,-2.4322779856e-03,9.6486826429e-01,9.8056413874e-01,1.5695874452e-02,1.9553880044e-02,2.1830952179e-03,1.0446737232e-02
25.000000,748.000,30.000000,95.000000,1.1344452601e-02,-4.3413063120e-04,-2.6151388320e-03,9.6486826429e-01,9.8056413874e-01,1.5695874452e-02,1.9881149542e-02,3.2266395149e-03,1.0281565732e-02
25.000000,748.000,30.000000,100.000000,1.1168754275e-02,-6.6781602774e-04,-2.7737216552e-03,9.6486826429e-01,9.8056413874e-01,1.5695874452e-02,2.0214107903e-02,4.7545481059e-03,1.0122328971e-02
25.000000,748.000,30.000000,105.000000,1.1000764843e-02,-9.3075389581e-04,-2.9025772456e-03,9.6486826429e-01,9.8056413874e-01,1.5695874452e-02,2.0549941336e-02,6.9641703428e-03,9.9700788407e-03
25.000000,748.000,30.000000,110.000000,1.0841474543e-02,-1.2190599372e-03,-2.9967444755e-03,9.6486826429e-01,9.8056413874e-01,1.5695874452e-02,2.0885637106e-02,1.0110473726e-02,9.8257128013e-03
25.000000,748.000,30.000000,115.000000,1.0691704441e-02,-1.5279841188e-03,-3.0519090002e-03,9.6486826429e-01,9.8056413874e-01,1.5695874452e-02,2.1218020343e-02,1.4507282184e-02,9.6899749913e-03
25.000000,748.000,30.000000,120.000000,1.0552112069e-02,-1.8520244810e-03,-3.0645454065e-03,9.6486826429e-01,9.8056413874e-01,1.5695874452e-02,2.1543797045e-02,2.0517411522e-02,9.5634613375e-03
25.000000,748.000,30.000000,125.000000,1.0423201076e-02,-2.1850647487e-03,-3.0320384044e-03,9.6486826429e-01,9.8056413874e-01,1.5695874452e-02,2.1859602370e-02,2.8525848956e-02,9.4466283006e-03
25.000000,748.000,30.000000,130.000000,1.0305334371e-02,-2.5205317872e-03,-2.9527792732e-03,9.6486826429e-01,9.8056413874e-01,1.5695874452e-02,2.2162053153e-02,3.8890921249e-02,9.3398047882e-03
25.000000,748.000,30.000000,135.000000,1.0198750145e-02,-2.8515683349e-03,-2.8262345025e-03,9.6486826429e-01,9.8056413874e-01,1.5695874452e-02,2.2447803418e-02,5.1871694327e-02,9.2432066744e-03
25.000000,748.000,30.000000,140.000000,1.0103580077e-02,-3.1712159715e-03,-2.6529843907e-03,9.6486826429e-01,9.8056413874e-01,1.5695874452e-02,2.2713601570e-02,6.7536185917e-02,9.1569533005e-03
25.000000,748.000,30.000000,145.000000,1.0019868976e-02,-3.4726029531e-03,-2.4347302594e-03,9.6486826429e-01,9.8056413874e-01,1.5695874452e-02,2.2956347863e-02,8.5663819133e-02,9.0810852778e-03
25.000000,748.000,30.000000,150.000000,9.9475950881e-03,-3.7491313880e-03,-2.1742698747e-03,9.6486826429e-01,9.8056413874e-01,1.5695874452e-02,2.3173150708e-02,1.0566475825e-01,9.0155828906e-03
25.000000,748.000,30.000000,155.000000,9.8866902804e-03,-3.9946582307e-03,-1.8754416160e-03,9.6486826429e-01,9.8056413874e-01,1.5695874452e-02,2.3361380409e-02,1.2654464070e-01,8.9603843891e-03
25.000000,748.000,30.000000,160.000000,9.8370593417e-03,-4.2036647412e-03,-1.5430388660e-03,9.6486826429e-01,9.8056413874e-01,1.5695874452e-02,2.3518718939e-02,1.4694149949e-01,8.9154034829e-03
25.000000,748.000,30.000000,165.000000,9.7985976847e-03,-4.3714093939e-03,-1.1826969883e-03,9.6486826429e-01,9.8056413874e-01,1.5695874452e-02,2.3643204493e-02,1.6524953843e-01,8.8805453837e-03
25.000000,748.000,30.000000,170.000000,9.7712067966e-03,-4.4940597006e-03,-8.0075607729e-04,9.6486826429e-01,9.8056413874e-01,1.5695874452e-02,2.3733269637e-02,1.7982269647e-01,8.8557208085e-03
25.000000,748.000,30.000000,175.000000,9.7548068758e-03,-4.5687990361e-03,-4.0410339294e-04,9.6486826429e-01,9.8056413874e-01,1.5695874452e-02,2.3787772082e-02,1.8922519227e-01,8.8408574326e-03
25.000000,748.000,30.000000,180.000000,9.7493461985e-03,-4.5939052942e-03,-1.1376935640e-18,9.6486826429e-01,9.8056413874e-01,1.5695874452e-02,2.3806017253e-02,1.9247565108e-01,8.8359083782e-03
25.000000,748.000,30.000000,185.000000,9.7548068758e-03,-4.5687990361e-03,4.0410339294e-04,9.6486826429e-01,9.8056413874e-01,1.5695874452e-02,2.3787772082e-02,1.8922519227e-01,8.8408574326e-03
25.000000,748.000,30.000000,190.000000,9.7712067966e-03,-4.4940597006e-03,8.0075607729e-04,9.6486826429e-01,9.8056413874e-01,1.5695874452e-02,2.3733269637e-02,1.7982269647e-01,8.8557208085e-03
25.000000,748.000,30.000000,195.000000,9.7985976847e-03,-4.3714093939e-03,1.1826969883e-03,9.6486826429e-01,9.8056413874e-01,1.5695874452e-02,2.3643204493e-02,1.6524953843e-01,8.8805453837e-03
25.000000,748.000,30.000000,200.000000,9.8370593417e-03,-4.2036647412e-03,1.5430388660e-03,9.6486826429e-01,9.8056413874e-01,1.5695874452e-02,2.3518718939e-02,1.4694149949e-01,8.9154034829e-03
25.000000,748.000,30.000000,205.000000,9.8866902804e-03,-3.9946582307e-03,1.8754416160e-03,9.6486826429e-01,9.8056413874e-01,1.5695874452e-02,2.3361380409e-02,1.2654464070e-01,8.9603843891e-03
25.000000,748.000,30.000000,210.000000,9.9475950881e-03,-3.7491313880e-03,2.1742698747e-03,9.6486826429e-01,9.8056413874e-01,1.5695874452e-02,2.3173150708e-02,1.0566475825e-01,9.0155828906e-03
25.000000,748.000,30.000000,215.000000,1.0019868976e-02,-3.4726029531e-03,2.4347302594e-03,9.6486826429e-01,9.8056413874e-01,1.5695874452e-02,2.2956347863e-02,8.5663819133e-02,9.0810852778e-03
25.000000,748.000,30.000000,220.000000,1.0103580077e-02,-3.1712159715e-03,2.6529843907e-03,9.6486826429e-01,9.8056413874e-01,1.5695874452e-02,2.2713601570e-02,6.7536185917e-02,9.1569533005e-03
25.000000,748.000,30.000000,225.000000,1.0198750145e-02,-2.8515683349e-03,2.8262345025e-03,9.6486826429e-01,9.8056413874e-01,1.5695874452e-02,2.2447803418e-02,5.1871694327e-02,9.2432066744e-03
25.000000,748.000,30.000000,230.000000,1.0305334371e-02,-2.5205317872e-03,2.9527792732e-03,9.6486826429e-01,9.8056413874e-01,1.5695874452e-02,2.2162053153e-02,3.8890921249e-02,9.3398047882e-03
25.000000,748.000,30.000000,235.000000,1.0423201076e-02,-2.1850647487e-03,3.0320384044e-03,9.6486826429e-01,9.8056413874e-01,1.5695874452e-02,2.1859602370e-02,2.8525848956e-02,9.4466283006e-03
25.000000,748.000,30.000000,240.000000,1.0552112069e-02,-1.8520244810e-03,3.0645454065e-03,9.6486826429e-01,9.8056413874e-01,1.5695874452e-02,2.1543797045e-02,2.0517411522e-02,9.5634613375e-03
25.000000,748.000,30.000000,245.000000,1.0691704441e-02,-1.5279841188e-03,3.0519090002e-03,9.6486826429e-01,9.8056413874e-01,1.5695874452e-02,2.1218020343e-02,1.4507282184e-02,9.6899749913e-03
25.000000,748.000,30.000000,250.000000,1.0841474543e-02,-1.2190599372e-03,2.9967444755e-03,9.6486826429e-01,9.8056413874e-01,1.5695874452e-02,2.0885637106e-02,1.0110473726e-02,9.8257128013e-03
25.000000,748.000,30.000000,255.000000,1.1000764843e-02,-9.3075389581e-04,2.9025772456e-03,9.6486826429e-01,9.8056413874e-01,1.5695874452e-02,2.0549941336e-02,6.9641703428e-03,9.9700788407e-03
25.000000,748.000,30.000000,260.000000,1.1168754275e-02,-6.6781602774e-04,2.7737216552e-03,9.6486826429e-01,9.8056413874e-01,1.5695874452e-02,2.0214107903e-02,4.7545481059e-03,1.0122328971e-02
25.000000,748.000,30.000000,265.000000,1.1344452601e-02,-4.3413063120e-04,2.6151388320e-03,9.6486826429e-01,9.8056413874e-01,1.5695874452e-02,1.9881149542e-02,3.2266395149e-03,1.0281565732e-02
25.000000,748.000,30.000000,270.000000,1.1526699187e-02,-2.3262948791e-04,2.4322779856e-03,9.6486826429e-01,9.8056413874e-01,1.5695874452e-02,1.9553880044e-02,2.1830952179e-03,1.0446737232e-02
25.000000,748.000,30.000000,275.000000,1.1714166474e-02,-6.5234508261e-05,2.2309060350e-03,9.6486826429e-01,9.8056413874e-01,1.5695874452e-02,1.9234884341e-02,1.4769516772e-03,1.0616640294e-02
25.000000,748.000,30.000000,280.000000,1.1905368276e-02,6.7168695889e-05,2.0169307802e-03,9.6486826429e-01,9.8056413874e-01,1.5695874452e-02,1.8926495971e-02,1.0021264428e-03,1.0789927976e-02
25.000000,748.000,30.000000,285.000000,1.2098672895e-02,1.6472575097e-04,1.7962230004e-03,9.6486826429e-01,9.8056413874e-01,1.5695874452e-02,1.8630782177e-02,6.8394903380e-04,1.0965121457e-02
25.000000,748.000,30.000000,290.000000,1.2292320902e-02,2.2857737113e-04,1.5744428740e-03,9.6486826429e-01,9.8056413874e-01,1.5695874452e-02,1.8349536679e-02,4.7090537693e-04,1.1140626154e-02
25.000000,748.000,30.000000,295.000000,1.2484447290e-02,2.6079345714e-04,1.3568759569e-03,9.6486826429e-01,9.8056413874e-01,1.5695874452e-02,1.8084279904e-02,3.2801044194e-04,1.1314751796e-02
25.000000,748.000,30.000000,300.000000,1.2673107553e-02,2.6427968502e-04,1.1482836426e-03,9.6486826429e-01,9.8056413874e-01,1.5695874452e-02,1.7836266251e-02,2.3178401525e-04,1.1485736061e-02
25.000000,748.000,30.000000,305.000000,1.2856307138e-02,2.4265965481e-04,9.5277256395e-04,9.6486826429e-01,9.8056413874e-01,1.5695874452e-02,1.7606497769e-02,1.6659878892e-04,1.1651771272e-02
25.000000,748.000,30.000000,310.000000,1.3032033605e-02,2.0013640531e-04,7.7368679670e-04,9.6486826429e-01,9.8056413874e-01,1.5695874452e-02,1.7395743439e-02,1.2210901019e-04,1.1811033537e-02
25.000000,748.000,30.000000,315.000000,1.3198290724e-02,1.4133771878e-04,6.1352601211e-04,9.6486826429e-01,9.8056413874e-01,1.5695874452e-02,1.7204563086e-02,9.1483300828e-05,1.1961713659e-02
25.000000,748.000,30.000000,320.000000,1.3353133686e-02,7.1150121140e-05,4.7389191417e-04,9.6486826429e-01,9.8056413874e-01,1.5695874452e-02,1.7033334845e-02,7.0212219925e-05,1.2102049041e-02
25.000000,748.000,30.000000,325.000000,1.3494704549e-02,-5.4531852193e-06,3.5546441897e-04,9.6486826429e-01,9.8056413874e-01,1.5695874452e-02,1.6882285005e-02,5.5314528669e-05,1.2230355817e-02
25.000000,748.000,30.000000,330.000000,1.3621267029e-02,-8.3585048230e-05,2.5800811084e-04,9.6486826429e-01,9.8056413874e-01,1.5695874452e-02,1.6751519003e-02,4.4814003964e-05,1.2345060378e-02
25.000000,748.000,30.000000,335.000000,1.3731239727e-02,-1.5861233990e-04,1.8040857266e-04,9.6486826429e-01,9.8056413874e-01,1.5695874452e-02,1.6641052351e-02,3.7396936835e-05,1.2444729490e-02
25.000000,748.000,30.000000,340.000000,1.3823226952e-02,-2.2631392492e-04,1.2073726448e-04,9.6486826429e-01,9.8056413874e-01,1.5695874452e-02,1.6550840283e-02,3.2189014069e-05,1.2528098228e-02
25.000000,748.000,30.000000,345.000000,1.3896046316e-02,-2.8302369346e-04,7.6342743039e-05,9.6486826429e-01,9.8056413874e-01,1.5695874452e-02,1.6480805002e-02,2.8610633096e-05,1.2594094985e-02
25.000000,748.000,30.000000,350.000000,1.3948752390e-02,-3.2575419977e-04,4.3965202254e-05,9.6486826429e-01,9.8056413874e-01,1.5695874452e-02,1.6430859496e-02,2.6283758686e-05,1.2641862911e-02
25.000000,748.000,30.000000,355.000000,1.3980655787e-02,-3.5229705665e-04,1.9870595865e-05,9.6486826429e-01,9.8056413874e-01,1.5695874452e-02,1.6400927042e-02,2.4972955611e-05,1.2670777208e-02
25.000000,748.000,35.000000,0.000000,1.4653774043e-02,-6.0230417867e-04,9.1238526565e-20,9.6486826429e-01,9.8056413874e-01,1.5695874452e-02,1.5481468436e-02,3.2225254040e-06,1.3280829525e-02
25.000000,748.000,35.000000,5.000000,1.4640856350e-02,-5.9430260231e-04,-6.5664909432e-05,9.6486826429e-01,9.8056413874e-01,1.5695874452e-02,1.5491329171e-02,3.2900598970e-06,1.3269122119e-02
25.000000,748.000,35.000000,10.000000,1.4602284623e-02,-5.7075163602e-04,-1.3519554303e-04,9.6486826429e-01,9.8056413874e-01,1.5695874452e-02,1.5520960194e-02,3.5007178264e-06,1.3234164262e-02
25.000000,748.000,35.000000,15.000000,1.4538599019e-02,-5.3299717776e-04,-2.1229556177e-04,9.6486826429e-01,9.8056413874e-01,1.5695874452e-02,1.5570503819e-02,3.8801597745e-06,1.3176445503e-02
25.000000,748.000,35.000000,20.000000,1.4450686893e-02,-4.8323156917e-04,-3.0034976388e-04,9.6486826429e-01,9.8056413874e-01,1.5695874452e-02,1.5640183601e-02,4.4765012742e-06,1.3096770059e-02
25.000000,748.000,35.000000,25.000000,1.4339763812e-02,-4.2441902779e-04,-4.0227765016e-04,9.6486826429e-01,9.8056413874e-01,1.5695874452e-02,1.5730284381e-02,5.3696818520e-06,1.2996239607e-02
25.000000,748.000,35.000000,30.000000,1.4207347697e-02,-3.6019452941e-04,-5.2040213527e-04,9.6486826429e-01,9.8056413874e-01,1.5695874452e-02,1.5841125355e-02,6.6876533751e-06,1.2876229851e-02
25.000000,748.000,35.000000,35.000000,1.4055226800e-02,-2.9473929681e-04,-6.5633771805e-04,9.6486826429e-01,9.8056413874e-01,1.5695874452e-02,1.5973027108e-02,8.6334457650e-06,1.2738361498e-02
25.000000,748.000,35.000000,40.000000,1.3885422382e-02,-2.3263678539e-04,-8.1090182292e-04,9.6486826429e-01,9.8056413874e-01,1.5695874452e-02,1.6126273801e-02,1.1530034156e-05,1.2584466431e-02
25.000000,748.000,35.000000,45.000000,1.3700147088e-02,-1.7871367048e-04,-9.8405230736e-04,9.6486826429e-01,9.8056413874e-01,1.5695874452e-02,1.6301071877e-02,1.5894667755e-05,1.2416549989e-02
25.000000,748.000,35.000000,50.000000,1.3501760146e-02,-1.3787081816e-04,-1.1748533211e-03,9.6486826429e-01,9.8056413874e-01,1.5695874452e-02,1.6497506774e-02,2.2562139181e-05,1.2236750359e-02
25.000000,748.000,35.000000,55.000000,1.3292720574e-02,-1.1490954583e-04,-1.3814708238e-03,9.6486826429e-01,9.8056413874e-01,1.5695874452e-02,1.6715499263e-02,3.2889252623e-05,1.2047296167e-02
25.000000,748.000,35.000000,60.000000,1.3075539619e-02,-1.1435864035e-04,-1.6011981478e-03,9.6486826429e-01,9.8056413874e-01,1.5695874452e-02,1.6954763031e-02,4.9093281510e-05,1.1850463377e-02
25.000000,748.000,35.000000,65.000000,1.2852733688e-02,-1.4030759600e-04,-1.8305110592e-03,9.6486826429e-01,9.8056413874e-01,1.5695874452e-02,1.7214765151e-02,7.4809373633e-05,1.1648532626e-02
25.000000,748.000,35.000000,70.000000,1.2626778955e-02,-1.9625136113e-04,-2.0651508508e-03,9.6486826429e-01,9.8056413874e-01,1.5695874452e-02,1.7494691000e-02,1.1600050057e-04,1.1443748092e-02
25.000000,748.000,35.000000,75.000000,1.2400068801e-02,-2.8495154674e-04,-2.3002331246e-03,9.6486826429e-01,9.8056413874e-01,1.5695874452e-02,1.7793415090e-02,1.8242348802e-04,1.1238278914e-02
25.000000,748.000,35.000000,80.000000,1.2174875130e-02,-4.0831856207e-04,-2.5303791163e-03,9.6486826429e-01,9.8056413874e-01,1.5695874452e-02,1.8109479099e-02,2.8994803562e-04,1.1034184136e-02
25.000000,748.000,35.000000,85.000000,1.1953314470e-02,-5.6731851706e-04,-2.7498656998e-03,9.6486826429e-01,9.8056413874e-01,1.5695874452e-02,1.8441078198e-02,4.6413611517e-04,1.0833381985e-02
25.000000,748.000,35.000000,90.000000,1.1737319634e-02,-7.6190798693e-04,-2.9527896188e-03,9.6486826429e-01,9.8056413874e-01,1.5695874452e-02,1.8786056545e-02,7.4559166393e-04,1.0637624184e-02
25.000000,748.000,35.000000,95.000000,1.1528617516e-02,-9.9099889428e-04,-3.1332410258e-03,9.6486826429e-01,9.8056413874e-01,1.5695874452e-02,1.9141912507e-02,1.1976259512e-03,1.0448475829e-02
25.000000,748.000,35.000000,100.000000,1.1328713423e-02,-1.2524548530e-03,-3.2854811029e-03,9.6486826429e-01,9.8056413874e-01,1.5695874452e-02,1.9505813943e-02,1.9166417417e-03,1.0267301192e-02
25.000000,748.000,35.000000,105.000000,1.1138882143e-02,-1.5431193645e-03,-3.4041183801e-03,9.6486826429e-01,9.8056413874e-01,1.5695874452e-02,1.9874623520e-02,3.0451475573e-03,1.0095255625e-02
25.000000,748.000,35.000000,110.000000,1.0960165737e-02,-1.8588752890e-03,-3.4842783803e-03,9.6486826429e-01,9.8056413874e-01,1.5695874452e-02,2.0244933762e-02,4.7862580026e-03,9.9332835546e-03
25.000000,748.000,35.000000,115.000000,1.0793377843e-02,-2.1947340619e-03,-3.5217613908e-03,9.6486826429e-01,9.8056413874e-01,1.5695874452e-02,2.0613111236e-02,7.4167402776e-03,9.7821223878e-03
25.000000,748.000,35.000000,120.000000,1.0639114089e-02,-2.5449522184e-03,-3.5131834960e-03,9.6486826429e-01,9.8056413874e-01,1.5695874452e-02,2.0975348975e-02,1.1293158073e-02,9.6423119457e-03
25.000000,748.000,35.000000,125.000000,1.0497768027e-02,-2.9031719512e-03,-3.4560964814e-03,9.6486826429e-01,9.8056413874e-01,1.5695874452e-02,2.1327725979e-02,1.6842922586e-02,9.5142089096e-03
25.000000,748.000,35.000000,130.000000,1.0369551860e-02,-3.2625816904e-03,-3.3490828372e-03,9.6486826429e-01,9.8056413874e-01,1.5695874452e-02,2.1666272431e-02,2.4530258109e-02,9.3980055992e-03
25.000000,748.000,35.000000,135.000000,1.0254521059e-02,-3.6160920731e-03,-3.1918228184e-03,9.6486826429e-01,9.8056413874e-01,1.5695874452e-02,2.1987039047e-02,3.4788105486e-02,9.2937522880e-03
25.000000,748.000,35.000000,140.000000,1.0152601905e-02,-3.9565221933e-03,-2.9851313390e-03,9.6486826429e-01,9.8056413874e-01,1.5695874452e-02,2.2286168842e-02,4.7912914103e-02,9.2013821648e-03
25.000000,748.000,35.000000,145.000000,1.0063620892e-02,-4.2767906934e-03,-2.7309633756e-03,9.6486826429e-01,9.8056413874e-01,1.5695874452e-02,2.2559969498e-02,6.3931240942e-02,9.1207379803e-03
25.000000,748.000,35.000000,150.000000,9.9873348890e-03,-4.5701060991e-03,-2.4323874835e-03,9.6486826429e-01,9.8056413874e-01,1.5695874452e-02,2.2804984486e-02,8.2463623105e-02,9.0515993817e-03
25.000000,748.000,35.000000,155.000000,9.9234609501e-03,-4.8301508016e-03,-2.0935279818e-03,9.6486826429e-01,9.8056413874e-01,1.5695874452e-02,2.3018061080e-02,1.0262708135e-01,8.9937099334e-03
25.000000,748.000,35.000000,160.000000,9.8717047085e-03,-5.0512532680e-03,-1.7194772934e-03,9.6486826429e-01,9.8056413874e-01,1.5695874452e-02,2.3196413486e-02,1.2302441562e-01,8.9468028487e-03
25.000000,748.000,35.000000,165.000000,9.8317863311e-03,-5.2285433982e-03,-1.3161808173e-03,9.6486826429e-01,9.8056413874e-01,1.5695874452e-02,2.3337679419e-02,1.4185781648e-01,8.9106245124e-03
25.000000,748.000,35.000000,170.000000,9.8034631185e-03,-5.3580864361e-03,-8.9029752964e-04,9.6486826429e-01,9.8056413874e-01,1.5695874452e-02,2.3439968612e-02,1.5717325118e-01,8.8849549643e-03
25.000000,748.000,35.000000,175.000000,9.7865479580e-03,-5.4369914736e-03,-4.4904023538e-04,9.6486826429e-01,9.8056413874e-01,1.5695874452e-02,2.3501901972e-02,1.6719745966e-01,8.8696246225e-03
25.000000,748.000,35.000000,180.000000,9.7809229819e-03,-5.4634913347e-03,-1.2639726890e-18,9.6486826429e-01,9.8056413874e-01,1.5695874452e-02,2.3522640324e-02,1.7068788962e-01,8.8645266629e-03
25.000000,748.000,35.000000,185.000000,9.7865479580e-03,-5.4369914736e-03,4.4904023538e-04,9.6486826429e-01,9.8056413874e-01,1.5695874452e-02,2.3501901972e-02,1.6719745966e-01,8.8696246225e-03
25.000000,748.000,35.000000,190.000000,9.8034631185e-03,-5.3580864361e-03,8.9029752964e-04,9.6486826429e-01,9.8056413874e-01,1.5695874452e-02,2.3439968612e-02,1.5717325118e-01,8.8849549643e-03
25.000000,748.000,35.000000,195.000000,9.8317863311e-03,-5.2285433982e-03,1.3161808173e-03,9.6486826429e-01,9.8056413874e-01,1.5695874452e-02,2.3337679419e-02,1.4185781648e-01,8.9106245124e-03
25.000000,748.000,35.000000,200.000000,9.8717047085e-03,-5.0512532680e-03,1.7194772934e-03,9.6486826429e-01,9.8056413874e-01,1.5695874452e-02,2.3196413486e-02,1.2302441562e-01,8.9468028487e-03
25.000000,748.000,35.000000,205.000000,9.9234609501e-03,-4.8301508016e-03,2.0935279818e-03,9.6486826429e-01,9.8056413874e-01,1.5695874452e-02,2.3018061080e-02,1.0262708135e-01,8.9937099334e-03
25.000000,748.000,35.000000,210.000000,9.9873348890e-03,-4.5701060991e-03,2.4323874835e-03,9.6486826429e-01,9.8056413874e-01,1.5695874452e-02,2.2804984486e-02,8.2463623105e-02,9.0515993817e-03
25.000000,748.000,35.000000,215.000000,1.0063620892e-02,-4.2767906934e-03,2.7309633756e-03,9.6486826429e-01,9.8056413874e-01,1.5695874452e-02,2.2559969498e-02,6.3931240942e-02,9.1207379803e-03
25.000000,748.000,35.000000,220.000000,1.0152601905e-02,-3.9565221933e-03,2.9851313390e-03,9.6486826429e-01,9.8056413874e-01,1.5695874452e-02,2.2286168842e-02,4.7912914103e-02,9.2013821648e-03
25.000000,748.000,35.000000,225.000000,1.0254521059e-02,-3.6160920731e-03,3.1918228184e-03,9.6486826429e-01,9.8056413874e-01,1.5695874452e-02,2.1987039047e-02,3.4788105486e-02,9.2937522880e-03
25.000000,748.000,35.000000,230.000000,1.0369551860e-02,-3.2625816904e-03,3.3490828372e-03,9.6486826429e-01,9.8056413874e-01,1.5695874452e-02,2.1666272431e-02,2.4530258109e-02,9.3980055992e-03
25.000000,748.000,35.000000,235.000000,1.0497768027e-02,-2.9031719512e-03,3.4560964814e-03,9.6486826429e-01,9.8056413874e-01,1.5695874452e-02,2.1327725979e-02,1.6842922586e-02,9.5142089096e-03
25.000000,748.000,35.000000,240.000000,1.0639114089e-02,-2.5449522184e-03,3.5131834960e-03,9.6486826429e-01,9.8056413874e-01,1.5695874452e-02,2.0975348975e-02,1.1293158073e-02,9.6423119457e-03
25.000000,748.000,35.000000,245.000000,1.0793377843e-02,-2.1947340619e-03,3.5217613908e-03,9.6486826429e-01,9.8056413874e-01,1.5695874452e-02,2.0613111236e-02,7.4167402776e-03,9.7821223878e-03
25.000000,748.000,35.000000,250.000000,1.0960165737e-02,-1.8588752890e-03,3.4842783803e-03,9.6486826429e-01,9.8056413874e-01,1.5695874452e-02,2.0244933762e-02,4.7862580026e-03,9.9332835546e-03
25.000000,748.000,35.000000,255.000000,1.1138882143e-02,-1.5431193645e-03,3.4041183801e-03,9.6486826429e-01,9.8056413874e-01,1.5695874452e-02,1.9874623520e-02,3.0451475573e-03,1.0095255625e-02
25.000000,748.000,35.000000,260.000000,1.1328713423e-02,-1.2524548530e-03,3.2854811029e-03,9.6486826429e-01,9.8056413874e-01,1.5695874452e-02,1.9505813943e-02,1.9166417417e-03,1.0267301192e-02
25.000000,748.000,35.000000,265.000000,1.1528617516e-02,-9.9099889428e-04,3.1332410258e-03,9.6486826429e-01,9.8056413874e-01,1.5695874452e-02,1.9141912507e-02,1.1976259512e-03,1.0448475829e-02
25.000000,748.000,35.000000,270.000000,1.1737319634e-02,-7.6190798693e-04,2.9527896188e-03,9.6486826429e-01,9.8056413874e-01,1.5695874452e-02,1.8786056545e-02,7.4559166393e-04,1.0637624184e-02
25.000000,748.000,35.000000,275.000000,1.1953314470e-02,-5.6731851706e-04,2.7498656998e-03,9.6486826429e-01,9.8056413874e-01,1.5695874452e-02,1.8441078198e-02,4.6413611517e-04,1.0833381985e-02
25.000000,748.000,35.000000,280.000000,1.2174875130e-02,-4.0831856207e-04,2.5303791163e-03,9.6486826429e-01,9.8056413874e-01,1.5695874452e-02,1.8109479099e-02,2.8994803562e-04,1.1034184136e-02
25.000000,748.000,35.000000,285.000000,1.2400068801e-02,-2.8495154674e-04,2.3002331246e-03,9.6486826429e-01,9.8056413874e-01,1.5695874452e-02,1.7793415090e-02,1.8242348802e-04,1.1238278914e-02
25.000000,748.000,35.000000,290.000000,1.2626778955e-02,-1.9625136113e-04,2.0651508508e-03,9.6486826429e-01,9.8056413874e-01,1.5695874452e-02,1.7494691000e-02,1.1600050057e-04,1.1443748092e-02
25.000000,748.000,35.000000,295.000000,1.2852733688e-02,-1.4030759600e-04,1.8305110592e-03,9.6486826429e-01,9.8056413874e-01,1.5695874452e-02,1.7214765151e-02,7.4809373633e-05,1.1648532626e-02
25.000000,748.000,35.000000,300.000000,1.3075539619e-02,-1.1435864035e-04,1.6011981478e-03,9.6486826429e-01,9.8056413874e-01,1.5695874452e-02,1.6954763031e-02,4.9093281510e-05,1.1850463377e-02
25.000000,748.000,35.000000,305.000000,1.3292720574e-02,-1.1490954583e-04,1.3814708238e-03,9.6486826429e-01,9.8056413874e-01,1.5695874452e-02,1.6715499263e-02,3.2889252623e-05,1.2047296167e-02
25.000000,748.000,35.000000,310.000000,1.3501760146e-02,-1.3787081816e-04,1.1748533211e-03,9.6486826429e-01,9.8056413874e-01,1.5695874452e-02,1.6497506774e-02,2.2562139181e-05,1.2236750359e-02
25.000000,748.000,35.000000,315.000000,1.3700147088e-02,-1.7871367048e-04,9.8405230736e-04,9.6486826429e-01,9.8056413874e-01,1.5695874452e-02,1.6301071877e-02,1.5894667755e-05,1.2416549989e-02
25.000000,748.000,35.000000,320.000000,1.3885422382e-02,-2.3263678539e-04,8.1090182292e-04,9.6486826429e-01,9.8056413874e-01,1.5695874452e-02,1.6126273801e-02,1.1530034156e-05,1.2584466431e-02
25.000000,748.000,35.000000,325.000000,1.4055226800e-02,-2.9473929681e-04,6.5633771805e-04,9.6486826429e-01,9.8056413874e-01,1.5695874452e-02,1.5973027108e-02,8.6334457650e-06,1.2738361498e-02
25.000000,748.000,35.000000,330.000000,1.4207347697e-02,-3.6019452941e-04,5.2040213527e-04,9.6486826429e-01,9.8056413874e-01,1.5695874452e-02,1.5841125355e-02,6.6876533751e-06,1.2876229851e-02
25.000000,748.000,35.000000,335.000000,1.4339763812e-02,-4.2441902779e-04,4.0227765016e-04,9.6486826429e-01,9.8056413874e-01,1.5695874452e-02,1.5730284381e-02,5.3696818520e-06,1.2996239607e-02
25.000000,748.000,35.000000,340.000000,1.4450686893e-02,-4.8323156917e-04,3.0034976388e-04,9.6486826429e-01,9.8056413874e-01,1.5695874452e-02,1.5640183601e-02,4.4765012742e-06,1.3096770059e-02
25.000000,748.000,35.000000,345.000000,1.4538599019e-02,-5.3299717776e-04,2.1229556177e-04,9.6486826429e-01,9.8056413874e-01,1.5695874452e-02,1.5570503819e-02,3.8801597745e-06,1.3176445503e-02
25.000000,748.000,35.000000,350.000000,1.4602284623e-02,-5.7075163602e-04,1.3519554303e-04,9.6486826429e-01,9.8056413874e-01,1.5695874452e-02,1.5520960194e-02,3.5007178264e-06,1.3234164262e-02
25.000000,748.000,35.000000,355.000000,1.4640856350e-02,-5.9430260231e-04,6.5664909432e-05,9.6486826429e-01,9.8056413874e-01,1.5695874452e-02,1.5491329171e-02,3.2900598970e-06,1.3269122119e-02
25.000000,748.000,40.000000,0.000000,1.5438905597e-02,-1.0038481302e-03,1.6501854530e-19,9.6486826429e-01,9.8056413874e-01,1.5695874452e-02,1.4643271221e-02,3.0260255547e-07,1.3992400366e-02
25.000000,748.000,40.000000,5.000000,1.5423576630e-02,-9.9663254181e-04,-1.1817017518e-04,9.6486826429e-01,9.8056413874e-01,1.5695874452e-02,1.4652491344e-02,3.1020254014e-07,1.3978507604e-02
25.000000,748.000,40.000000,10.000000,1.5377818628e-02,-9.7544126148e-04,-2.3979129978e-04,9.6486826429e-01,9.8056413874e-01,1.5695874452e-02,1.4680236737e-02,3.3410348335e-07,1.3937036770e-02
25.000000,748.000,40.000000,15.000000,1.5302313131e-02,-9.4162510571e-04,-3.6815587787e-04,9.6486826429e-01,9.8056413874e-01,1.5695874452e-02,1.4726757111e-02,3.7786123538e-07,1.3868605550e-02
25.000000,748.000,40.000000,20.000000,1.5198179010e-02,-8.9738379881e-04,-5.0624474496e-04,9.6486826429e-01,9.8056413874e-01,1.5695874452e-02,1.4792450957e-02,4.4832143750e-07,1.3774227985e-02
25.000000,748.000,40.000000,25.000000,1.5066947413e-02,-8.4569021391e-04,-6.5658412729e-04,9.6486826429e-01,9.8056413874e-01,1.5695874452e-02,1.4877839653e-02,5.5729255308e-07,1.3655291767e-02
25.000000,748.000,40.000000,30.000000,1.4910527670e-02,-7.9018764895e-04,-8.2111772534e-04,9.6486826429e-01,9.8056413874e-01,1.5695874452e-02,1.4983532457e-02,7.2458502659e-07,1.3513527337e-02
25.000000,748.000,40.000000,35.000000,1.4731165097e-02,-7.3506335298e-04,-1.0010980976e-03,9.6486826429e-01,9.8056413874e-01,1.5695874452e-02,1.5110183617e-02,9.8340959416e-07,1.3350969639e-02
25.000000,748.000,40.000000,40.000000,1.4531391850e-02,-6.8490226598e-04,-1.1970010220e-03,9.6486826429e-01,9.8056413874e-01,1.5695874452e-02,1.5258443068e-02,1.3899613425e-06,1.3169913590e-02
25.000000,748.000,40.000000,45.000000,1.4313972199e-02,-6.4452556072e-04,-1.4084657994e-03,9.6486826429e-01,9.8056413874e-01,1.5695874452e-02,1.5428902456e-02,2.0405348853e-06,1.2972864467e-02
25.000000,748.000,40.000000,50.000000,1.4081843691e-02,-6.1881906133e-04,-1.6342636567e-03,9.6486826429e-01,9.8056413874e-01,1.5695874452e-02,1.5622038367e-02,3.1022927199e-06,1.2762484593e-02
25.000000,748.000,40.000000,55.000000,1.3838055818e-02,-6.1255694284e-04,-1.8722955343e-03,9.6486826429e-01,9.8056413874e-01,1.5695874452e-02,1.5838154809e-02,4.8688674587e-06,1.2541537745e-02
25.000000,748.000,40.000000,60.000000,1.3585707825e-02,-6.3022628035e-04,-2.1196196255e-03,9.6486826429e-01,9.8056413874e-01,1.5695874452e-02,1.6077326991e-02,7.8611108312e-06,1.2312832794e-02
25.000000,748.000,40.000000,65.000000,1.3327887334e-02,-6.7585801032e-04,-2.3725081074e-03,9.6486826429e-01,9.8056413874e-01,1.5695874452e-02,1.6339348498e-02,1.3009542177e-05,1.2079168076e-02
25.000000,748.000,40.000000,70.000000,1.3067611381e-02,-7.5286968879e-04,-2.6265315874e-03,9.6486826429e-01,9.8056413874e-01,1.5695874452e-02,1.6623683821e-02,2.1983297187e-05,1.1843277952e-02
25.000000,748.000,40.000000,75.000000,1.2807771400e-02,-8.6392508890e-04,-2.8766689195e-03,9.6486826429e-01,9.8056413874e-01,1.5695874452e-02,1.6929428115e-02,3.7778010362e-05,1.1607782955e-02
25.000000,748.000,40.000000,80.000000,1.2551083557e-02,-1.0108151821e-03,-3.1174392417e-03,9.6486826429e-01,9.8056413874e-01,1.5695874452e-02,1.7255275828e-02,6.5751991671e-05,1.1375144764e-02
25.000000,748.000,40.000000,85.000000,1.2300045628e-02,-1.1943644090e-03,-3.3430523790e-03,9.6486826429e-01,9.8056413874e-01,1.5695874452e-02,1.7599499602e-02,1.1541695219e-04,1.1147627134e-02
25.000000,748.000,40.000000,90.000000,1.2056901459e-02,-1.4143653872e-03,-3.5475731649e-03,9.6486826429e-01,9.8056413874e-01,1.5695874452e-02,1.7959940556e-02,2.0345178540e-04,1.0927263680e-02
25.000000,748.000,40.000000,95.000000,1.1823613759e-02,-1.6695443463e-03,-3.7250947769e-03,9.6486826429e-01,9.8056413874e-01,1.5695874452e-02,1.8334010712e-02,3.5860154787e-04,1.0715833221e-02
25.000000,748.000,40.000000,100.000000,1.1601845753e-02,-1.9575586504e-03,-3.8699158726e-03,9.6486826429e-01,9.8056413874e-01,1.5695874452e-02,1.8718707975e-02,6.2928942487e-04,1.0514843150e-02
25.000000,748.000,40.000000,105.000000,1.1392951934e-02,-2.2750267989e-03,-3.9767161617e-03,9.6486826429e-01,9.8056413874e-01,1.5695874452e-02,1.9110643697e-02,1.0947643031e-03,1.0325521055e-02
25.000000,748.000,40.000000,110.000000,1.1197977882e-02,-2.6175903043e-03,-4.0407250621e-03,9.6486826429e-01,9.8056413874e-01,1.5695874452e-02,1.9506082470e-02,1.8801670177e-03,1.0148814554e-02
25.000000,748.000,40.000000,115.000000,1.1017668844e-02,-2.9800058816e-03,-4.0578782614e-03,9.6486826429e-01,9.8056413874e-01,1.5695874452e-02,1.9900993420e-02,3.1746410043e-03,9.9853990683e-03
25.000000,748.000,40.000000,120.000000,1.0852486500e-02,-3.3562654507e-03,-4.0249573397e-03,9.6486826429e-01,9.8056413874e-01,1.5695874452e-02,2.0291111918e-02,5.2491436075e-03,9.8356930240e-03
25.000000,748.000,40.000000,125.000000,1.0702633123e-02,-3.7397406082e-03,-3.9397080863e-03,9.6486826429e-01,9.8056413874e-01,1.5695874452e-02,2.0672010293e-02,8.4668253645e-03,9.6998797416e-03
25.000000,748.000,40.000000,130.000000,1.0568082087e-02,-4.1233474658e-03,-3.8009337623e-03,9.6486826429e-01,9.8056413874e-01,1.5695874452e-02,2.1039175849e-02,1.3274421299e-02,9.5779350898e-03
25.000000,748.000,40.000000,135.000000,1.0448613533e-02,-4.4997271270e-03,-3.6085602838e-03,9.6486826429e-01,9.8056413874e-01,1.5695874452e-02,2.1388094248e-02,2.0160053105e-02,9.4696598085e-03
25.000000,748.000,40.000000,140.000000,1.0343853835e-02,-4.8614365824e-03,-3.3636711276e-03,9.6486826429e-01,9.8056413874e-01,1.5695874452e-02,2.1714336124e-02,2.9564593837e-02,9.3747152786e-03
25.000000,748.000,40.000000,145.000000,1.0253317426e-02,-5.2011444714e-03,-3.0685106496e-03,9.6486826429e-01,9.8056413874e-01,1.5695874452e-02,2.2013644691e-02,4.1744058764e-02,9.2926614259e-03
25.000000,748.000,40.000000,150.000000,1.0176449468e-02,-5.5118259954e-03,-2.7264554395e-03,9.6486826429e-01,9.8056413874e-01,1.5695874452e-02,2.2282022043e-02,5.6600866125e-02,9.2229953971e-03
25.000000,748.000,40.000000,155.000000,1.0112667873e-02,-5.7869512697e-03,-2.3419542814e-03,9.6486826429e-01,9.8056413874e-01,1.5695874452e-02,2.2515811838e-02,7.3528157906e-02,9.1651896406e-03
25.000000,748.000,40.000000,160.000000,1.0061403191e-02,-6.0206615835e-03,-1.9204382197e-03,9.6486826429e-01,9.8056413874e-01,1.5695874452e-02,2.2711776160e-02,9.1332239832e-02,9.1187280601e-03
25.000000,748.000,40.000000,165.000000,1.0022134998e-02,-6.2079283820e-03,-1.4682031201e-03,9.6486826429e-01,9.8056413874e-01,1.5695874452e-02,2.2867164486e-02,1.0829778607e-01,9.0831389917e-03
25.000000,748.000,40.000000,170.000000,9.9944235257e-03,-6.3446902815e-03,-9.9226793066e-04,9.6486826429e-01,9.8056413874e-01,1.5695874452e-02,2.2979772868e-02,1.2242733973e-01,9.0580238683e-03
25.000000,748.000,40.000000,175.000000,9.9779354458e-03,-6.4279640784e-03,-5.0021257309e-04,9.6486826429e-01,9.8056413874e-01,1.5695874452e-02,2.3047991750e-02,1.3182455292e-01,9.0430805930e-03
25.000000,748.000,40.000000,180.000000,9.9724629478e-03,-6.4559264709e-03,-1.4077725578e-18,9.6486826429e-01,9.8056413874e-01,1.5695874452e-02,2.3070841075e-02,1.3512304807e-01,9.0381208255e-03
25.000000,748.000,40.000000,185.000000,9.9779354458e-03,-6.4279640784e-03,5.0021257309e-04,9.6486826429e-01,9.8056413874e-01,1.5695874452e-02,2.3047991750e-02,1.3182455292e-01,9.0430805930e-03
25.000000,748.000,40.000000,190.000000,9.9944235257e-03,-6.3446902815e-03,9.9226793066e-04,9.6486826429e-01,9.8056413874e-01,1.5695874452e-02,2.2979772868e-02,1.2242733973e-01,9.0580238683e-03
25.000000,748.000,40.000000,195.000000,1.0022134998e-02,-6.2079283820e-03,1.4682031201e-03,9.6486826429e-01,9.8056413874e-01,1.5695874452e-02,2.2867164486e-02,1.0829778607e-01,9.0831389917e-03
25.000000,748.000,40.000000,200.000000,1.0061403191e-02,-6.0206615835e-03,1.9204382197e-03,9.6486826429e-01,9.8056413874e-01,1.5695874452e-02,2.2711776160e-02,9.1332239832e-02,9.1187280601e-03
25.000000,748.000,40.000000,205.000000,1.0112667873e-02,-5.7869512697e-03,2.3419542814e-03,9.6486826429e-01,9.8056413874e-01,1.5695874452e-02,2.2515811838e-02,7.3528157906e-02,9.1651896406e-03
25.000000,748.000,40.000000,210.000000,1.0176449468e-02,-5.5118259954e-03,2.7264554395e-03,9.6486826429e-01,9.8056413874e-01,1.5695874452e-02,2.2282022043e-02,5.6600866125e-02,9.2229953971e-03
25.000000,748.000,40.000000,215.000000,1.0253317426e-02,-5.2011444714e-03,3.0685106496e-03,9.6486826429e-01,9.8056413874e-01,1.5695874452e-02,2.2013644691e-02,4.1744058764e-02,9.2926614259e-03
25.000000,748.000,40.000000,220.000000,1.0343853835e-02,-4.8614365824e-03,3.3636711276e-03,9.6486826429e-01,9.8056413874e-01,1.5695874452e-02,2.1714336124e-02,2.9564593837e-02,9.3747152786e-03
25.000000,748.000,40.000000,225.000000,1.0448613533e-02,-4.4997271270e-03,3.6085602838e-03,9.6486826429e-01,9.8056413874e-01,1.5695874452e-02,2.1388094248e-02,2.0160053105e-02,9.4696598085e-03
25.000000,748.000,40.000000,230.000000,1.0568082087e-02,-4.1233474658e-03,3.8009337623e-03,9.6486826429e-01,9.8056413874e-01,1.5695874452e-02,2.1039175849e-02,1.3274421299e-02,9.5779350898e-03
25.000000,748.000,40.000000,235.000000,1.0702633123e-02,-3.7397406082e-03,3.9397080863e-03,9.6486826429e-01,9.8056413874e-01,1.5695874452e-02,2.0672010293e-02,8.4668253645e-03,9.6998797416e-03
25.000000,748.000,40.000000,240.000000,1.0852486500e-02,-3.3562654507e-03,4.0249573397e-03,9.6486826429e-01,9.8056413874e-01,1.5695874452e-02,2.0291111918e-02,5.2491436075e-03,9.8356930240e-03
25.000000,748.000,40.000000,245.000000,1.1017668844e-02,-2.9800058816e-03,4.0578782614e-03,9.6486826429e-01,9.8056413874e-01,1.5695874452e-02,1.9900993420e-02,3.1746410043e-03,9.9853990683e-03
25.000000,748.000,40.000000,250.000000,1.1197977882e-02,-2.6175903043e-03,4.0407250621e-03,9.6486826429e-01,9.8056413874e-01,1.5695874452e-02,1.9506082470e-02,1.8801670177e-03,1.0148814554e-02
25.000000,748.000,40.000000,255.000000,1.1392951934e-02,-2.2750267989e-03,3.9767161617e-03,9.6486826429e-01,9.8056413874e-01,1.5695874452e-02,1.9110643697e-02,1.0947643031e-03,1.0325521055e-02
25.000000,748.000,40.000000,260.000000,1.1601845753e-02,-1.9575586504e-03,3.8699158726e-03,9.6486826429e-01,9.8056413874e-01,1.5695874452e-02,1.8718707975e-02,6.2928942487e-04,1.0514843150e-02
25.000000,748.000,40.000000,265.000000,1.1823613759e-02,-1.6695443463e-03,3.7250947769e-03,9.6486826429e-01,9.8056413874e-01,1.5695874452e-02,1.8334010712e-02,3.5860154787e-04,1.0715833221e-02
25.000000,748.000,40.000000,270.000000,1.2056901459e-02,-1.4143653872e-03,3.5475731649e-03,9.6486826429e-01,9.8056413874e-01,1.5695874452e-02,1.7959940556e-02,2.0345178540e-04,1.0927263680e-02
25.000000,748.000,40.000000,275.000000,1.2300045628e-02,-1.1943644090e-03,3.3430523790e-03,9.6486826429e-01,9.8056413874e-01,1.5695874452e-02,1.7599499602e-02,1.1541695219e-04,1.1147627134e-02
25.000000,748.000,40.000000,280.000000,1.2551083557e-02,-1.0108151821e-03,3.1174392417e-03,9.6486826429e-01,9.8056413874e-01,1.5695874452e-02,1.7255275828e-02,6.5751991671e-05,1.1375144764e-02
25.000000,748.000,40.000000,285.000000,1.2807771400e-02,-8.6392508890e-04,2.8766689195e-03,9.6486826429e-01,9.8056413874e-01,1.5695874452e-02,1.6929428115e-02,3.7778010362e-05,1.1607782955e-02
25.000000,748.000,40.000000,290.000000,1.3067611381e-02,-7.5286968879e-04,2.6265315874e-03,9.6486826429e-01,9.8056413874e-01,1.5695874452e-02,1.6623683821e-02,2.1983297187e-05,1.1843277952e-02
25.000000,748.000,40.000000,295.000000,1.3327887334e-02,-6.7585801032e-04,2.3725081074e-03,9.6486826429e-01,9.8056413874e-01,1.5695874452e-02,1.6339348498e-02,1.3009542177e-05,1.2079168076e-02
25.000000,748.000,40.000000,300.000000,1.3585707825e-02,-6.3022628035e-04,2.1196196255e-03,9.6486826429e-01,9.8056413874e-01,1.5695874452e-02,1.6077326991e-02,7.8611108312e-06,1.2312832794e-02
25.000000,748.000,40.000000,305.000000,1.3838055818e-02,-6.1255694284e-04,1.8722955343e-03,9.6486826429e-01,9.8056413874e-01,1.5695874452e-02,1.5838154809e-02,4.8688674587e-06,1.2541537745e-02
25.000000,748.000,40.000000,310.000000,1.4081843691e-02,-6.1881906133e-04,1.6342636567e-03,9.6486826429e-01,9.8056413874e-01,1.5695874452e-02,1.5622038367e-02,3.1022927199e-06,1.2762484593e-02
25.000000,748.000,40.000000,315.000000,1.4313972199e-02,-6.4452556072e-04,1.4084657994e-03,9.6486826429e-01,9.8056413874e-01,1.5695874452e-02,1.5428902456e-02,2.0405348853e-06,1.2972864467e-02
25.000000,748.000,40.000000,320.000000,1.4531391850e-02,-6.8490226598e-04,1.1970010220e-03,9.6486826429e-01,9.8056413874e-01,1.5695874452e-02,1.5258443068e-02,1.3899613425e-06,1.3169913590e-02
25.000000,748.000,40.000000,325.000000,1.4731165097e-02,-7.3506335298e-04,1.0010980976e-03,9.6486826429e-01,9.8056413874e-01,1.5695874452e-02,1.5110183617e-02,9.8340959416e-07,1.3350969639e-02
25.000000,748.000,40.000000,330.000000,1.4910527670e-02,-7.9018764895e-04,8.2111772534e-04,9.6486826429e-01,9.8056413874e-01,1.5695874452e-02,1.4983532457e-02,7.2458502659e-07,1.3513527337e-02
25.000000,748.000,40.000000,335.000000,1.5066947413e-02,-8.4569021391e-04,6.5658412729e-04,9.6486826429e-01,9.8056413874e-01,1.5695874452e-02,1.4877839653e-02,5.5729255308e-07,1.3655291767e-02
25.000000,748.000,40.000000,340.000000,1.5198179010e-02,-8.9738379881e-04,5.0624474496e-04,9.6486826429e-01,9.8056413874e-01,1.5695874452e-02,1.4792450957e-02,4.4832143750e-07,1.3774227985e-02
25.000000,748.000,40.000000,345.000000,1.5302313131e-02,-9.4162510571e-04,3.6815587787e-04,9.6486826429e-01,9.8056413874e-01,1.5695874452e-02,1.4726757111e-02,3.7786123538e-07,1.3868605550e-02
25.000000,748.000,40.000000,350.000000,1.5377818628e-02,-9.7544126148e-04,2.3979129978e-04,9.6486826429e-01,9.8056413874e-01,1.5695874452e-02,1.4680236737e-02,3.3410348335e-07,1.3937036770e-02
25.000000,748.000,40.000000,355.000000,1.5423576630e-02,-9.9663254181e-04,1.1817017518e-04,9.6486826429e-01,9.8056413874e-01,1.5695874452e-02,1.4652491344e-02,3.1020254014e-07,1.3978507604e-02
25.000000,748.000,45.000000,0.000000,1.6407211434e-02,-1.6135345510e-03,2.5238149601e-19,9.6486826429e-01,9.8056413874e-01,1.5695874452e-02,1.3937552728e-02,1.9178218186e-08,1.4869983487e-02
25.000000,748.000,45.000000,5.000000,1.6389243431e-02,-1.6067969890e-03,-1.8034075119e-04,9.6486826429e-01,9.8056413874e-01,1.5695874452e-02,1.3945546468e-02,1.9750344462e-08,1.4853698946e-02
25.000000,748.000,45.000000,10.000000,1.6335624743e-02,-1.5870488861e-03,-3.6363577398e-04,9.6486826429e-01,9.8056413874e-01,1.5695874452e-02,1.3969654678e-02,2.1566318646e-08,1.4805103911e-02
25.000000,748.000,45.000000,15.000000,1.6247204647e-02,-1.5556678981e-03,-5.5268538933e-04,9.6486826429e-01,9.8056413874e-01,1.5695874452e-02,1.4010251656e-02,2.4952801663e-08,1.4724968089e-02
25.000000,748.000,45.000000,20.000000,1.6125376505e-02,-1.5148969756e-03,-7.4998718320e-04,9.6486826429e-01,9.8056413874e-01,1.5695874452e-02,1.4067939211e-02,3.0557572783e-08,1.4614554295e-02
25.000000,748.000,45.000000,25.000000,1.5972045272e-02,-1.4677663997e-03,-9.5759739383e-04,9.6486826429e-01,9.8056413874e-01,1.5695874452e-02,1.4143514410e-02,3.9545768850e-08,1.4475589005e-02
25.000000,748.000,45.000000,30.000000,1.5789583289e-02,-1.4179880743e-03,-1.1770071599e-03,9.6486826429e-01,9.8056413874e-01,1.5695874452e-02,1.4237925953e-02,5.3976488063e-08,1.4310222289e-02
25.000000,748.000,45.000000,35.000000,1.5580775602e-02,-1.3698253905e-03,-1.4090378557e-03,9.6486826429e-01,9.8056413874e-01,1.5695874452e-02,1.4352220650e-02,7.7517122084e-08,1.4120978256e-02
25.000000,748.000,45.000000,40.000000,1.5348756335e-02,-1.3279427498e-03,-1.6537591461e-03,9.6486826429e-01,9.8056413874e-01,1.5695874452e-02,1.4487481816e-02,1.1680875089e-07,1.3910697387e-02
25.000000,748.000,45.000000,45.000000,1.5096937898e-02,-1.2972394767e-03,-1.9104326833e-03,9.6486826429e-01,9.8056413874e-01,1.5695874452e-02,1.4644761681e-02,1.8410895826e-07,1.3682472377e-02
25.000000,748.000,45.000000,50.000000,1.4828934984e-02,-1.2826733539e-03,-2.1774835703e-03,9.6486826429e-01,9.8056413874e-01,1.5695874452e-02,1.4825010130e-02,3.0247172910e-07,1.3439579250e-02
25.000000,748.000,45.000000,55.000000,1.4548485459e-02,-1.2890793505e-03,-2.4525008449e-03,9.6486826429e-01,9.8056413874e-01,1.5695874452e-02,1.5029002246e-02,5.1600838824e-07,1.3185405661e-02
25.000000,748.000,45.000000,60.000000,1.4259370316e-02,-1.3209892855e-03,-2.7322673307e-03,9.6486826429e-01,9.8056413874e-01,1.5695874452e-02,1.5257267172e-02,9.1037159290e-07,1.2923378356e-02
25.000000,748.000,45.000000,65.000000,1.3965334869e-02,-1.3824581592e-03,-3.0128182773e-03,9.6486826429e-01,9.8056413874e-01,1.5695874452e-02,1.5510020842e-02,1.6538201771e-06,1.2656891741e-02
25.000000,748.000,45.000000,70.000000,1.3670013305e-02,-1.4769027045e-03,-3.2895273074e-03,9.6486826429e-01,9.8056413874e-01,1.5695874452e-02,1.5787104988e-02,3.0795523546e-06,1.2389239507e-02
25.000000,748.000,45.000000,75.000000,1.3376858595e-02,-1.6069573531e-03,-3.5572173206e-03,9.6486826429e-01,9.8056413874e-01,1.5695874452e-02,1.6087934704e-02,5.8500324647e-06,1.2123551111e-02
25.000000,748.000,45.000000,80.000000,1.3089079594e-02,-1.7743523003e-03,-3.8102932100e-03,9.6486826429e-01,9.8056413874e-01,1.5695874452e-02,1.6411456598e-02,1.1281773354e-05,1.1862734761e-02
25.000000,748.000,45.000000,85.000000,1.2809586907e-02,-1.9798176920e-03,-4.0428925478e-03,9.6486826429e-01,9.8056413874e-01,1.5695874452e-02,1.6756119250e-02,2.1977256342e-05,1.1609428362e-02
25.000000,748.000,45.000000,90.000000,1.2540948847e-02,-2.2230171731e-03,-4.2490498057e-03,9.6486826429e-01,9.8056413874e-01,1.5695874452e-02,1.7119857346e-02,4.3027216164e-05,1.1365959596e-02
25.000000,748.000,45.000000,95.000000,1.2285358485e-02,-2.5025131550e-03,-4.4228692290e-03,9.6486826429e-01,9.8056413874e-01,1.5695874452e-02,1.7500090445e-02,8.4230251081e-05,1.1134316062e-02
25.000000,748.000,45.000000,100.000000,1.2044612446e-02,-2.8157651982e-03,-4.5587011732e-03,9.6486826429e-01,9.8056413874e-01,1.5695874452e-02,1.7893736918e-02,1.6403287006e-04,1.0916126052e-02
25.000000,748.000,45.000000,105.000000,1.1820101746e-02,-3.1591619049e-03,-4.6513165685e-03,9.6486826429e-01,9.8056413874e-01,1.5695874452e-02,1.8297243101e-02,3.1617870984e-04,1.0712650256e-02
25.000000,748.000,45.000000,110.000000,1.1612814614e-02,-3.5280856963e-03,-4.6960741882e-03,9.6486826429e-01,9.8056413874e-01,1.5695874452e-02,1.8706627291e-02,6.0021792744e-04,1.0524784314e-02
25.000000,748.000,45.000000,115.000000,1.1423350862e-02,-3.9170088500e-03,-4.6890755756e-03,9.6486826429e-01,9.8056413874e-01,1.5695874452e-02,1.9117537724e-02,1.1167254548e-03,1.0353071840e-02
25.000000,748.000,45.000000,120.000000,1.1251947025e-02,-4.3196182140e-03,-4.6273028167e-03,9.6486826429e-01,9.8056413874e-01,1.5695874452e-02,1.9525323250e-02,2.0267407196e-03,1.0197727208e-02
25.000000,748.000,45.000000,125.000000,1.1098511191e-02,-4.7289651400e-03,-4.5087348244e-03,9.6486826429e-01,9.8056413874e-01,1.5695874452e-02,1.9925115036e-02,3.5719021724e-03,1.0058667117e-02
25.000000,748.000,45.000000,130.000000,1.0962666126e-02,-5.1376363965e-03,-4.3324384142e-03,9.6486826429e-01,9.8056413874e-01,1.5695874452e-02,2.0311917259e-02,6.0867094554e-03,9.9355496768e-03
25.000000,748.000,45.000000,135.000000,1.0843799091e-02,-5.5379411760e-03,-4.0986311792e-03,9.6486826429e-01,9.8056413874e-01,1.5695874452e-02,2.0680704471e-02,9.9882678123e-03,9.8278195572e-03
25.000000,748.000,45.000000,140.000000,1.0741116533e-02,-5.9221088051e-03,-3.8087139900e-03,9.6486826429e-01,9.8056413874e-01,1.5695874452e-02,2.1026523099e-02,1.5724956533e-02,9.7347575554e-03
25.000000,748.000,45.000000,145.000000,1.0653701727e-02,-6.2824914243e-03,-3.4652718352e-03,9.6486826429e-01,9.8056413874e-01,1.5695874452e-02,2.1344594373e-02,2.3669221938e-02,9.6555328356e-03
25.000000,748.000,45.000000,150.000000,1.0580573348e-02,-6.6117657316e-03,-3.0720426459e-03,9.6486826429e-01,9.8056413874e-01,1.5695874452e-02,2.1630415930e-02,3.3956680424e-02,9.5892560165e-03
25.000000,748.000,45.000000,155.000000,1.0520742975e-02,-6.9031278964e-03,-2.6338546921e-03,9.6486826429e-01,9.8056413874e-01,1.5695874452e-02,2.1879859328e-02,4.6304458757e-02,9.5350312840e-03
25.000000,748.000,45.000000,160.000000,1.0473269555e-02,-7.1504759288e-03,-2.1565340639e-03,9.6486826429e-01,9.8056413874e-01,1.5695874452e-02,2.2089260814e-02,5.9876114952e-02,9.4920057532e-03
25.000000,748.000,45.000000,165.000000,1.0437308990e-02,-7.3485741492e-03,-1.6467846373e-03,9.6486826429e-01,9.8056413874e-01,1.5695874452e-02,2.2255502843e-02,7.3277323759e-02,9.4594144138e-03
25.000000,748.000,45.000000,170.000000,1.0412157195e-02,-7.4931949206e-03,-1.1120437372e-03,9.6486826429e-01,9.8056413874e-01,1.5695874452e-02,2.2376084110e-02,8.4743097855e-02,9.4366191454e-03
25.000000,748.000,45.000000,175.000000,1.0397285155e-02,-7.5812334693e-03,-5.6031743239e-04,9.6486826429e-01,9.8056413874e-01,1.5695874452e-02,2.2449176140e-02,9.2507746998e-02,9.4231405000e-03
25.000000,748.000,45.000000,180.000000,1.0392364851e-02,-7.6107924080e-03,-1.5766711056e-18,9.6486826429e-01,9.8056413874e-01,1.5695874452e-02,2.2473664884e-02,9.5258028450e-02,9.4186811900e-03
25.000000,748.000,45.000000,185.000000,1.0397285155e-02,-7.5812334693e-03,5.6031743239e-04,9.6486826429e-01,9.8056413874e-01,1.5695874452e-02,2.2449176140e-02,9.2507746998e-02,9.4231405000e-03
25.000000,748.000,45.000000,190.000000,1.0412157195e-02,-7.4931949206e-03,1.1120437372e-03,9.6486826429e-01,9.8056413874e-01,1.5695874452e-02,2.2376084110e-02,8.4743097855e-02,9.4366191454e-03
25.000000,748.000,45.000000,195.000000,1.0437308990e-02,-7.3485741492e-03,1.6467846373e-03,9.6486826429e-01,9.8056413874e-01,1.5695874452e-02,2.2255502843e-02,7.3277323759e-02,9.4594144138e-03
25.000000,748.000,45.000000,200.000000,1.0473269555e-02,-7.1504759288e-03,2.1565340639e-03,9.6486826429e-01,9.8056413874e-01,1.5695874452e-02,2.2089260814e-02,5.9876114952e-02,9.4920057532e-03
25.000000,748.000,45.000000,205.000000,1.0520742975e-02,-6.9031278964e-03,2.6338546921e-03,9.6486826429e-01,9.8056413874e-01,1.5695874452e-02,2.1879859328e-02,4.6304458757e-02,9.5350312840e-03
25.000000,748.000,45.000000,210.000000,1.0580573348e-02,-6.6117657316e-03,3.0720426459e-03,9.6486826429e-01,9.8056413874e-01,1.5695874452e-02,2.1630415930e-02,3.3956680424e-02,9.5892560165e-03
25.000000,748.000,45.000000,215.000000,1.0653701727e-02,-6.2824914243e-03,3.4652718352e-03,9.6486826429e-01,9.8056413874e-01,1.5695874452e-02,2.1344594373e-02,2.3669221938e-02,9.6555328356e-03
25.000000,748.000,45.000000,220.000000,1.0741116533e-02,-5.9221088051e-03,3.8087139900e-03,9.6486826429e-01,9.8056413874e-01,1.5695874452e-02,2.1026523099e-02,1.5724956533e-02,9.7347575554e-03
25.000000,748.000,45.000000,225.000000,1.0843799091e-02,-5.5379411760e-03,4.0986311792e-03,9.6486826429e-01,9.8056413874e-01,1.5695874452e-02,2.0680704471e-02,9.9882678123e-03,9.8278195572e-03
25.000000,748.000,45.000000,230.000000,1.0962666126e-02,-5.1376363965e-03,4.3324384142e-03,9.6486826429e-01,9.8056413874e-01,1.5695874452e-02,2.0311917259e-02,6.0867094554e-03,9.9355496768e-03
25.000000,748.000,45.000000,235.000000,1.1098511191e-02,-4.7289651400e-03,4.5087348244e-03,9.6486826429e-01,9.8056413874e-01,1.5695874452e-02,1.9925115036e-02,3.5719021724e-03,1.0058667117e-02
25.000000,748.000,45.000000,240.000000,1.1251947025e-02,-4.3196182140e-03,4.6273028167e-03,9.6486826429e-01,9.8056413874e-01,1.5695874452e-02,1.9525323250e-02,2.0267407196e-03,1.0197727208e-02
25.000000,748.000,45.000000,245.000000,1.1423350862e-02,-3.9170088500e-03,4.6890755756e-03,9.6486826429e-01,9.8056413874e-01,1.5695874452e-02,1.9117537724e-02,1.1167254548e-03,1.0353071840e-02
25.000000,748.000,45.000000,250.000000,1.1612814614e-02,-3.5280856963e-03,4.6960741882e-03,9.6486826429e-01,9.8056413874e-01,1.5695874452e-02,1.8706627291e-02,6.0021792744e-04,1.0524784314e-02
25.000000,748.000,45.000000,255.000000,1.1820101746e-02,-3.1591619049e-03,4.6513165685e-03,9.6486826429e-01,9.8056413874e-01,1.5695874452e-02,1.8297243101e-02,3.1617870984e-04,1.0712650256e-02
25.000000,748.000,45.000000,260.000000,1.2044612446e-02,-2.8157651982e-03,4.5587011732e-03,9.6486826429e-01,9.8056413874e-01,1.5695874452e-02,1.7893736918e-02,1.6403287006e-04,1.0916126052e-02
25.000000,748.000,45.000000,265.000000,1.2285358485e-02,-2.5025131550e-03,4.4228692290e-03,9.6486826429e-01,9.8056413874e-01,1.5695874452e-02,1.7500090445e-02,8.4230251081e-05,1.1134316062e-02
25.000000,748.000,45.000000,270.000000,1.2540948847e-02,-2.2230171731e-03,4.2490498057e-03,9.6486826429e-01,9.8056413874e-01,1.5695874452e-02,1.7119857346e-02,4.3027216164e-05,1.1365959596e-02
25.000000,748.000,45.000000,275.000000,1.2809586907e-02,-1.9798176920e-03,4.0428925478e-03,9.6486826429e-01,9.8056413874e-01,1.5695874452e-02,1.6756119250e-02,2.1977256342e-05,1.1609428362e-02
25.000000,748.000,45.000000,280.000000,1.3089079594e-02,-1.7743523003e-03,3.8102932100e-03,9.6486826429e-01,9.8056413874e-01,1.5695874452e-02,1.6411456598e-02,1.1281773354e-05,1.1862734761e-02
25.000000,748.000,45.000000,285.000000,1.3376858595e-02,-1.6069573531e-03,3.5572173206e-03,9.6486826429e-01,9.8056413874e-01,1.5695874452e-02,1.6087934704e-02,5.8500324647e-06,1.2123551111e-02
25.000000,748.000,45.000000,290.000000,1.3670013305e-02,-1.4769027045e-03,3.2895273074e-03,9.6486826429e-01,9.8056413874e-01,1.5695874452e-02,1.5787104988e-02,3.0795523546e-06,1.2389239507e-02
25.000000,748.000,45.000000,295.000000,1.3965334869e-02,-1.3824581592e-03,3.0128182773e-03,9.6486826429e-01,9.8056413874e-01,1.5695874452e-02,1.5510020842e-02,1.6538201771e-06,1.2656891741e-02
25.000000,748.000,45.000000,300.000000,1.4259370316e-02,-1.3209892855e-03,2.7322673307e-03,9.6486826429e-01,9.8056413874e-01,1.5695874452e-02,1.5257267172e-02,9.1037159290e-07,1.2923378356e-02
25.000000,748.000,45.000000,305.000000,1.4548485459e-02,-1.2890793505e-03,2.4525008449e-03,9.6486826429e-01,9.8056413874e-01,1.5695874452e-02,1.5029002246e-02,5.1600838824e-07,1.3185405661e-02
25.000000,748.000,45.000000,310.000000,1.4828934984e-02,-1.2826733539e-03,2.1774835703e-03,9.6486826429e-01,9.8056413874e-01,1.5695874452e-02,1.4825010130e-02,3.0247172910e-07,1.3439579250e-02
25.000000,748.000,45.000000,315.000000,1.5096937898e-02,-1.2972394767e-03,1.9104326833e-03,9.6486826429e-01,9.8056413874e-01,1.5695874452e-02,1.4644761681e-02,1.8410895826e-07,1.3682472377e-02
25.000000,748.000,45.000000,320.000000,1.5348756335e-02,-1.3279427498e-03,1.6537591461e-03,9.6486826429e-01,9.8056413874e-01,1.5695874452e-02,1.4487481816e-02,1.1680875089e-07,1.3910697387e-02
25.000000,748.000,45.000000,325.000000,1.5580775602e-02,-1.3698253905e-03,1.4090378557e-03,9.6486826429e-01,9.8056413874e-01,1.5695874452e-02,1.4352220650e-02,7.7517122084e-08,1.4120978256e-02
25.000000,748.000,45.000000,330.000000,1.5789583289e-02,-1.4179880743e-03,1.1770071599e-03,9.6486826429e-01,9.8056413874e-01,1.5695874452e-02,1.4237925953e-02,5.3976488063e-08,1.4310222289e-02
25.000000,748.000,45.000000,335.000000,1.5972045272e-02,-1.4677663997e-03,9.5759739383e-04,9.6486826429e-01,9.8056413874e-01,1.5695874452e-02,1.4143514410e-02,3.9545768850e-08,1.4475589005e-02
25.000000,748.000,45.000000,340.000000,1.6125376505e-02,-1.5148969756e-03,7.4998718320e-04,9.6486826429e-01,9.8056413874e-01,1.5695874452e-02,1.4067939211e-02,3.0557572783e-08,1.4614554295e-02
25.000000,748.000,45.000000,345.000000,1.6247204647e-02,-1.5556678981e-03,5.5268538933e-04,9.6486826429e-01,9.8056413874e-01,1.5695874452e-02,1.4010251656e-02,2.4952801663e-08,1.4724968089e-02
25.000000,748.000,45.000000,350.000000,1.6335624743e-02,-1.5870488861e-03,3.6363577398e-04,9.6486826429e-01,9.8056413874e-01,1.5695874452e-02,1.3969654678e-02,2.1566318646e-08,1.4805103911e-02
25.000000,748.000,45.000000,355.000000,1.6389243431e-02,-1.6067969890e-03,1.8034075119e-04,9.6486826429e-01,9.8056413874e-01,1.5695874452e-02,1.3945546468e-02,1.9750344462e-08,1.4853698946e-02
25.000000,748.000,50.000000,0.000000,1.7655313426e-02,-2.5067281861e-03,3.6005314948e-19,9.6486826429e-01,9.8056413874e-01,1.5695874452e-02,1.3341334963e-02,7.6280660551e-10,1.6001148040e-02
25.000000,748.000,50.000000,5.000000,1.7634388046e-02,-2.5000153051e-03,-2.5696250531e-04,9.6486826429e-01,9.8056413874e-01,1.5695874452e-02,1.3347640990e-02,7.8969483719e-10,1.5982183206e-02
25.000000,748.000,50.000000,10.000000,1.7571965741e-02,-2.4803616755e-03,-5.1625990743e-04,9.6486826429e-01,9.8056413874e-01,1.5695874452e-02,1.3366731042e-02,8.7594834253e-10,1.5925609385e-02
25.000000,748.000,50.000000,15.000000,1.7469099405e-02,-2.4492054614e-03,-7.8007896737e-04,9.6486826429e-01,9.8056413874e-01,1.5695874452e-02,1.3399113040e-02,1.0402239638e-09,1.5832380824e-02
25.000000,748.000,50.000000,20.000000,1.7327515424e-02,-2.4088878795e-03,-1.0503152632e-03,9.6486826429e-01,9.8056413874e-01,1.5695874452e-02,1.3445607142e-02,1.3207849466e-09,1.5704062159e-02
25.000000,748.000,50.000000,25.000000,1.7149571868e-02,-2.3625714487e-03,-1.3284401605e-03,9.6486826429e-01,9.8056413874e-01,1.5695874452e-02,1.3507307093e-02,1.7897791063e-09,1.5542790529e-02
25.000000,748.000,50.000000,30.000000,1.6938201638e-02,-2.3141291535e-03,-1.6153824174e-03,9.6486826429e-01,9.8056413874e-01,1.5695874452e-02,1.3585527915e-02,2.5823654789e-09,1.5351224043e-02
25.000000,748.000,50.000000,35.000000,1.6696842175e-02,-2.2680079994e-03,-1.9114285811e-03,9.6486826429e-01,9.8056413874e-01,1.5695874452e-02,1.3681741678e-02,3.9561021632e-09,1.5132478082e-02
25.000000,748.000,50.000000,40.000000,1.6429353738e-02,-2.2290712514e-03,-2.2161457470e-03,9.6486826429e-01,9.8056413874e-01,1.5695874452e-02,1.3797503478e-02,6.4140251158e-09,1.4890051228e-02
25.000000,748.000,50.000000,45.000000,1.6139928539e-02,-2.2024243180e-03,-2.5283295480e-03,9.6486826429e-01,9.8056413874e-01,1.5695874452e-02,1.3934370102e-02,1.0964818584e-08,1.4627742917e-02
25.000000,748.000,50.000000,50.000000,1.5832993322e-02,-2.1932297754e-03,-2.8459794502e-03,9.6486826429e-01,9.8056413874e-01,1.5695874452e-02,1.4093814110e-02,1.9683356121e-08,1.4349565139e-02
25.000000,748.000,50.000000,55.000000,1.5513108089e-02,-2.2065173764e-03,-3.1663025726e-03,9.6486826429e-01,9.8056413874e-01,1.5695874452e-02,1.4277136234e-02,3.6938727444e-08,1.4059650663e-02
25.000000,748.000,50.000000,60.000000,1.5184863828e-02,-2.2469950710e-03,-3.4857463484e-03,9.6486826429e-01,9.8056413874e-01,1.5695874452e-02,1.4485379086e-02,7.2121040704e-08,1.3762160332e-02
25.000000,748.000,50.000000,65.000000,1.4852782039e-02,-2.3188670543e-03,-3.8000594323e-03,9.6486826429e-01,9.8056413874e-01,1.5695874452e-02,1.4719245155e-02,1.4575441495e-07,1.3461192021e-02
25.000000,748.000,50.000000,70.000000,1.4521218855e-02,-2.4256646677e-03,-4.1043793606e-03,9.6486826429e-01,9.8056413874e-01,1.5695874452e-02,1.4979021953e-02,3.0327098533e-07,1.3160693725e-02
25.000000,748.000,50.000000,75.000000,1.4194276312e-02,-2.5700956054e-03,-4.3933446186e-03,9.6486826429e-01,9.8056413874e-01,1.5695874452e-02,1.5264517021e-02,6.4604740680e-07,1.2864383153e-02
25.000000,748.000,50.000000,80.000000,1.3875723172e-02,-2.7539163384e-03,-4.6612279790e-03,9.6486826429e-01,9.8056413874e-01,1.5695874452e-02,1.5575005160e-02,1.4009449104e-06,1.2575675962e-02
25.000000,748.000,50.000000,85.000000,1.3568927328e-02,-2.9778319790e-03,-4.9020872875e-03,9.6486826429e-01,9.8056413874e-01,1.5695874452e-02,1.5909189974e-02,3.0742733086e-06,1.2297624499e-02
25.000000,748.000,50.000000,90.000000,1.3276801504e-02,-3.2414269822e-03,-5.1099292884e-03,9.6486826429e-01,9.8056413874e-01,1.5695874452e-02,1.6265181322e-02,6.7862908927e-06,1.2032868590e-02
25.000000,748.000,50.000000,95.000000,1.3001763533e-02,-3.5431291551e-03,-5.2788816419e-03,9.6486826429e-01,9.8056413874e-01,1.5695874452e-02,1.6640489858e-02,1.4978789436e-05,1.1783599535e-02
25.000000,748.000,50.000000,100.000000,1.2745712042e-02,-3.8802084378e-03,-5.4033679820e-03,9.6486826429e-01,9.8056413874e-01,1.5695874452e-02,1.7032039294e-02,3.2859607700e-05,1.1551538075e-02
25.000000,748.000,50.000000,105.000000,1.2510017913e-02,-4.2488108651e-03,-5.4782807217e-03,9.6486826429e-01,9.8056413874e-01,1.5695874452e-02,1.7436196495e-02,7.1219303368e-05,1.1337926650e-02
25.000000,748.000,50.000000,110.000000,1.2295531410e-02,-4.6440270510e-03,-5.4991463295e-03,9.6486826429e-01,9.8056413874e-01,1.5695874452e-02,1.7848818976e-02,1.5161129371e-04,1.1143535863e-02
25.000000,748.000,50.000000,115.000000,1.2102604374e-02,-5.0599934840e-03,-5.4622779782e-03,9.6486826429e-01,9.8056413874e-01,1.5695874452e-02,1.8265318838e-02,3.1518990109e-04,1.0968684588e-02
25.000000,748.000,50.000000,120.000000,1.1931126455e-02,-5.4900239197e-03,-5.3649108021e-03,9.6486826429e-01,9.8056413874e-01,1.5695874452e-02,1.8680741669e-02,6.3636555074e-04,1.0813272815e-02
25.000000,748.000,50.000000,125.000000,1.1780573916e-02,-5.9267672365e-03,-5.2053154729e-03,9.6486826429e-01,9.8056413874e-01,1.5695874452e-02,1.9089858472e-02,1.2411314719e-03,1.0676825876e-02
25.000000,748.000,50.000000,130.000000,1.1650069185e-02,-6.3623872990e-03,-4.9828864220e-03,9.6486826429e-01,9.8056413874e-01,1.5695874452e-02,1.9487268282e-02,2.3264978850e-03,1.0558548422e-02
25.000000,748.000,50.000000,135.000000,1.1538449019e-02,-6.7887596990e-03,-4.6982017544e-03,9.6486826429e-01,9.8056413874e-01,1.5695874452e-02,1.9867508765e-02,4.1714665529e-03,1.0457386196e-02
25.000000,748.000,50.000000,140.000000,1.1444338871e-02,-7.1976797083e-03,-4.3530527189e-03,9.6486826429e-01,9.8056413874e-01,1.5695874452e-02,2.0225171864e-02,7.1227843119e-03,1.0372093436e-02
25.000000,748.000,50.000000,145.000000,1.1366230935e-02,-7.5810754217e-03,-3.9504414814e-03,9.6486826429e-01,9.8056413874e-01,1.5695874452e-02,2.0555021350e-02,1.1535072044e-02,1.0301303606e-02
25.000000,748.000,50.000000,150.000000,1.1302563195e-02,-7.9312198899e-03,-3.4945468710e-03,9.6486826429e-01,9.8056413874e-01,1.5695874452e-02,2.0852109064e-02,1.7652622715e-02,1.0243601037e-02
25.000000,748.000,50.000000,155.000000,1.1251796833e-02,-8.2409360471e-03,-2.9906587065e-03,9.6486826429e-01,9.8056413874e-01,1.5695874452e-02,2.1111886648e-02,2.5445561308e-02,1.0197591088e-02
25.000000,748.000,50.000000,160.000000,1.1212489427e-02,-8.5037884358e-03,-2.4450822320e-03,9.6486826429e-01,9.8056413874e-01,1.5695874452e-02,2.1330309662e-02,3.4452558064e-02,1.0161966480e-02
25.000000,748.000,50.000000,165.000000,1.1183361486e-02,-8.7142561022e-03,-1.8650150705e-03,9.6486826429e-01,9.8056413874e-01,1.5695874452e-02,2.1503931178e-02,4.3715647435e-02,1.0135567600e-02
25.000000,748.000,50.000000,170.000000,1.1163354160e-02,-8.8678815824e-03,-1.2583999104e-03,9.6486826429e-01,9.8056413874e-01,1.5695874452e-02,2.1629982237e-02,5.1888605596e-02,1.0117434805e-02
25.000000,748.000,50.000000,175.000000,1.1151676208e-02,-8.9613915948e-03,-6.3375685972e-04,9.6486826429e-01,9.8056413874e-01,1.5695874452e-02,2.1706436912e-02,5.7538785428e-02,1.0106850986e-02
25.000000,748.000,50.000000,180.000000,1.1147838681e-02,-8.9927858835e-03,-1.7830371198e-18,9.6486826429e-01,9.8056413874e-01,1.5695874452e-02,2.1732060128e-02,5.9560949753e-02,1.0103373005e-02
25.000000,748.000,50.000000,185.000000,1.1151676208e-02,-8.9613915948e-03,6.3375685972e-04,9.6486826429e-01,9.8056413874e-01,1.5695874452e-02,2.1706436912e-02,5.7538785428e-02,1.0106850986e-02
25.000000,748.000,50.000000,190.000000,1.1163354160e-02,-8.8678815824e-03,1.2583999104e-03,9.6486826429e-01,9.8056413874e-01,1.5695874452e-02,2.1629982237e-02,5.1888605596e-02,1.0117434805e-02
25.000000,748.000,50.000000,195.000000,1.1183361486e-02,-8.7142561022e-03,1.8650150705e-03,9.6486826429e-01,9.8056413874e-01,1.5695874452e-02,2.1503931178e-02,4.3715647435e-02,1.0135567600e-02
25.000000,748.000,50.000000,200.000000,1.1212489427e-02,-8.5037884358e-03,2.4450822320e-03,9.6486826429e-01,9.8056413874e-01,1.5695874452e-02,2.1330309662e-02,3.4452558064e-02,1.0161966480e-02
25.000000,748.000,50.000000,205.000000,1.1251796833e-02,-8.2409360471e-03,2.9906587065e-03,9.6486826429e-01,9.8056413874e-01,1.5695874452e-02,2.1111886648e-02,2.5445561308e-02,1.0197591088e-02
25.000000,748.000,50.000000,210.000000,1.1302563195e-02,-7.9312198899e-03,3.4945468710e-03,9.6486826429e-01,9.8056413874e-01,1.5695874452e-02,2.0852109064e-02,1.7652622715e-02,1.0243601037e-02
25.000000,748.000,50.000000,215.000000,1.1366230935e-02,-7.5810754217e-03,3.9504414814e-03,9.6486826429e-01,9.8056413874e-01,1.5695874452e-02,2.0555021350e-02,1.1535072044e-02,1.0301303606e-02
25.000000,748.000,50.000000,220.000000,1.1444338871e-02,-7.1976797083e-03,4.3530527189e-03,9.6486826429e-01,9.8056413874e-01,1.5695874452e-02,2.0225171864e-02,7.1227843119e-03,1.0372093436e-02
25.000000,748.000,50.000000,225.000000,1.1538449019e-02,-6.7887596990e-03,4.6982017544e-03,9.6486826429e-01,9.8056413874e-01,1.5695874452e-02,1.9867508765e-02,4.1714665529e-03,1.0457386196e-02
25.000000,748.000,50.000000,230.000000,1.1650069185e-02,-6.3623872990e-03,4.9828864220e-03,9.6486826429e-01,9.8056413874e-01,1.5695874452e-02,1.9487268282e-02,2.3264978850e-03,1.0558548422e-02
25.000000,748.000,50.000000,235.000000,1.1780573916e-02,-5.9267672365e-03,5.2053154729e-03,9.6486826429e-01,9.8056413874e-01,1.5695874452e-02,1.9089858472e-02,1.2411314719e-03,1.0676825876e-02
25.000000,748.000,50.000000,240.000000,1.1931126455e-02,-5.4900239197e-03,5.3649108021e-03,9.6486826429e-01,9.8056413874e-01,1.5695874452e-02,1.8680741669e-02,6.3636555074e-04,1.0813272815e-02
25.000000,748.000,50.000000,245.000000,1.2102604374e-02,-5.0599934840e-03,5.4622779782e-03,9.6486826429e-01,9.8056413874e-01,1.5695874452e-02,1.8265318838e-02,3.1518990109e-04,1.0968684588e-02
25.000000,748.000,50.000000,250.000000,1.2295531410e-02,-4.6440270510e-03,5.4991463295e-03,9.6486826429e-01,9.8056413874e-01,1.5695874452e-02,1.7848818976e-02,1.5161129371e-04,1.1143535863e-02
25.000000,748.000,50.000000,255.000000,1.2510017913e-02,-4.2488108651e-03,5.4782807217e-03,9.6486826429e-01,9.8056413874e-01,1.5695874452e-02,1.7436196495e-02,7.1219303368e-05,1.1337926650e-02
25.000000,748.000,50.000000,260.000000,1.2745712042e-02,-3.8802084378e-03,5.4033679820e-03,9.6486826429e-01,9.8056413874e-01,1.5695874452e-02,1.7032039294e-02,3.2859607700e-05,1.1551538075e-02
25.000000,748.000,50.000000,265.000000,1.3001763533e-02,-3.5431291551e-03,5.2788816419e-03,9.6486826429e-01,9.8056413874e-01,1.5695874452e-02,1.6640489858e-02,1.4978789436e-05,1.1783599535e-02
25.000000,748.000,50.000000,270.000000,1.3276801504e-02,-3.2414269822e-03,5.1099292884e-03,9.6486826429e-01,9.8056413874e-01,1.5695874452e-02,1.6265181322e-02,6.7862908927e-06,1.2032868590e-02
25.000000,748.000,50.000000,275.000000,1.3568927328e-02,-2.9778319790e-03,4.9020872875e-03,9.6486826429e-01,9.8056413874e-01,1.5695874452e-02,1.5909189974e-02,3.0742733086e-06,1.2297624499e-02
25.000000,748.000,50.000000,280.000000,1.3875723172e-02,-2.7539163384e-03,4.6612279790e-03,9.6486826429e-01,9.8056413874e-01,1.5695874452e-02,1.5575005160e-02,1.4009449104e-06,1.2575675962e-02
25.000000,748.000,50.000000,285.000000,1.4194276312e-02,-2.5700956054e-03,4.3933446186e-03,9.6486826429e-01,9.8056413874e-01,1.5695874452e-02,1.5264517021e-02,6.4604740680e-07,1.2864383153e-02
25.000000,748.000,50.000000,290.000000,1.4521218855e-02,-2.4256646677e-03,4.1043793606e-03,9.6486826429e-01,9.8056413874e-01,1.5695874452e-02,1.4979021953e-02,3.0327098533e-07,1.3160693725e-02
25.000000,748.000,50.000000,295.000000,1.4852782039e-02,-2.3188670543e-03,3.8000594323e-03,9.6486826429e-01,9.8056413874e-01,1.5695874452e-02,1.4719245155e-02,1.4575441495e-07,1.3461192021e-02
25.000000,748.000,50.000000,300.000000,1.5184863828e-02,-2.2469950710e-03,3.4857463484e-03,9.6486826429e-01,9.8056413874e-01,1.5695874452e-02,1.4485379086e-02,7.2121040704e-08,1.3762160332e-02
25.000000,748.000,50.000000,305.000000,1.5513108089e-02,-2.2065173764e-03,3.1663025726e-03,9.6486826429e-01,9.8056413874e-01,1.5695874452e-02,1.4277136234e-02,3.6938727444e-08,1.4059650663e-02
25.000000,748.000,50.000000,310.000000,1.5832993322e-02,-2.1932297754e-03,2.8459794502e-03,9.6486826429e-01,9.8056413874e-01,1.5695874452e-02,1.4093814110e-02,1.9683356121e-08,1.4349565139e-02
25.000000,748.000,50.000000,315.000000,1.6139928539e-02,-2.2024243180e-03,2.5283295480e-03,9.6486826429e-01,9.8056413874e-01,1.5695874452e-02,1.3934370102e-02,1.0964818584e-08,1.4627742917e-02
25.000000,748.000,50.000000,320.000000,1.6429353738e-02,-2.2290712514e-03,2.2161457470e-03,9.6486826429e-01,9.8056413874e-01,1.5695874452e-02,1.3797503478e-02,6.4140251158e-09,1.4890051228e-02
25.000000,748.000,50.000000,325.000000,1.6696842175e-02,-2.2680079994e-03,1.9114285811e-03,9.6486826429e-01,9.8056413874e-01,1.5695874452e-02,1.3681741678e-02,3.9561021632e-09,1.5132478082e-02
25.000000,748.000,50.000000,330.000000,1.6938201638e-02,-2.3141291535e-03,1.6153824174e-03,9.6486826429e-01,9.8056413874e-01,1.5695874452e-02,1.3585527915e-02,2.5823654789e-09,1.5351224043e-02
25.000000,748.000,50.000000,335.000000,1.7149571868e-02,-2.3625714487e-03,1.3284401605e-03,9.6486826429e-01,9.8056413874e-01,1.5695874452e-02,1.3507307093e-02,1.7897791063e-09,1.5542790529e-02
25.000000,748.000,50.000000,340.000000,1.7327515424e-02,-2.4088878795e-03,1.0503152632e-03,9.6486826429e-01,9.8056413874e-01,1.5695874452e-02,1.3445607142e-02,1.3207849466e-09,1.5704062159e-02
25.000000,748.000,50.000000,345.000000,1.7469099405e-02,-2.4492054614e-03,7.8007896737e-04,9.6486826429e-01,9.8056413874e-01,1.5695874452e-02,1.3399113040e-02,1.0402239638e-09,1.5832380824e-02
25.000000,748.000,50.000000,350.000000,1.7571965741e-02,-2.4803616755e-03,5.1625990743e-04,9.6486826429e-01,9.8056413874e-01,1.5695874452e-02,1.3366731042e-02,8.7594834253e-10,1.5925609385e-02
25.000000,748.000,50.000000,355.000000,1.7634388046e-02,-2.5000153051e-03,2.5696250531e-04,9.6486826429e-01,9.8056413874e-01,1.5695874452e-02,1.3347640990e-02,7.8969483719e-10,1.5982183206e-02
25.000000,748.000,55.000000,0.000000,1.9334457506e-02,-3.8016395417e-03,4.9925183116e-19,9.6486826429e-01,9.8056413874e-01,1.5695874452e-02,1.2874577398e-02,1.7373979682e-11,1.7522969396e-02
25.000000,748.000,55.000000,5.000000,1.9310107716e-02,-3.7942777063e-03,-3.5601828546e-04,9.6486826429e-01,9.8056413874e-01,1.5695874452e-02,1.2878774142e-02,1.8095813614e-11,1.7500900991e-02
25.000000,748.000,55.000000,10.000000,1.9237497993e-02,-3.7727149763e-03,-7.1356257706e-04,9.6486826429e-01,9.8056413874e-01,1.5695874452e-02,1.2891583001e-02,2.0439912367e-11,1.7435094234e-02
25.000000,748.000,55.000000,15.000000,1.9117936204e-02,-3.7385015196e-03,-1.0740185730e-03,9.6486826429e-01,9.8056413874e-01,1.5695874452e-02,1.2913650573e-02,2.5014776434e-11,1.7326734454e-02
25.000000,748.000,55.000000,20.000000,1.8953565535e-02,-3.6941609834e-03,-1.4384963337e-03,9.6486826429e-01,9.8056413874e-01,1.5695874452e-02,1.2946023902e-02,3.3117592050e-11,1.7177764036e-02
25.000000,748.000,55.000000,25.000000,1.8747310707e-02,-3.6431025198e-03,-1.8077047513e-03,9.6486826429e-01,9.8056413874e-01,1.5695874452e-02,1.2990105591e-02,4.7329492376e-11,1.6990833680e-02
25.000000,748.000,55.000000,30.000000,1.8502804862e-02,-3.5895015077e-03,-2.1818403324e-03,9.6486826429e-01,9.8056413874e-01,1.5695874452e-02,1.3047593021e-02,7.2816249540e-11,1.6769236128e-02
25.000000,748.000,55.000000,35.000000,1.8224299216e-02,-3.5381527165e-03,-2.5604943538e-03,9.6486826429e-01,9.8056413874e-01,1.5695874452e-02,1.3120403672e-02,1.2020315048e-10,1.6516824293e-02
25.000000,748.000,55.000000,40.000000,1.7916558074e-02,-3.4943005228e-03,-2.9425818754e-03,9.6486826429e-01,9.8056413874e-01,1.5695874452e-02,1.3210588965e-02,2.1209419813e-10,1.6237916100e-02
25.000000,748.000,55.000000,45.000000,1.7584742214e-02,-3.4634515242e-03,-3.3262954013e-03,9.6486826429e-01,9.8056413874e-01,1.5695874452e-02,1.3320239492e-02,3.9827321378e-10,1.5937188802e-02
25.000000,748.000,55.000000,50.000000,1.7234283964e-02,-3.4511754560e-03,-3.7090851999e-03,9.6486826429e-01,9.8056413874e-01,1.5695874452e-02,1.3451384718e-02,7.9210215163e-10,1.5619565761e-02
25.000000,748.000,55.000000,55.000000,1.6870757533e-02,-3.4629007025e-03,-4.0876674496e-03,9.6486826429e-01,9.8056413874e-01,1.5695874452e-02,1.3605890524e-02,1.6597712647e-09,1.5290098926e-02
25.000000,748.000,55.000000,60.000000,1.6499748258e-02,-3.5037108832e-03,-4.4580604901e-03,9.6486826429e-01,9.8056413874e-01,1.5695874452e-02,1.3785357980e-02,3.6435933861e-09,1.4953850330e-02
25.000000,748.000,55.000000,65.000000,1.6126724452e-02,-3.5781489895e-03,-4.8156485612e-03,9.6486826429e-01,9.8056413874e-01,1.5695874452e-02,1.3991026788e-02,8.3295458946e-09,1.4615775950e-02
25.000000,748.000,55.000000,70.000000,1.5756915431e-02,-3.6900353356e-03,-5.1552715270e-03,9.6486826429e-01,9.8056413874e-01,1.5695874452e-02,1.4223686675e-02,1.9705397674e-08,1.4280615155e-02
25.000000,748.000,55.000000,75.000000,1.5395199083e-02,-3.8423051922e-03,-5.4713382463e-03,9.6486826429e-01,9.8056413874e-01,1.5695874452e-02,1.4483599830e-02,4.7926178333e-08,1.3952788812e-02
25.000000,748.000,55.000000,80.000000,1.5046002049e-02,-4.0368713874e-03,-5.7579604725e-03,9.6486826429e-01,9.8056413874e-01,1.5695874452e-02,1.4770437141e-02,1.1902705146e-07,1.3636308821e-02
25.000000,748.000,55.000000,85.000000,1.4713215177e-02,-4.2745164172e-03,-6.0091034891e-03,9.6486826429e-01,9.8056413874e-01,1.5695874452e-02,1.5083230592e-02,2.9977679964e-07,1.3334701487e-02
25.000000,748.000,55.000000,90.000000,1.4400126440e-02,-4.5548177219e-03,-6.2187491201e-03,9.6486826429e-01,9.8056413874e-01,1.5695874452e-02,1.5420343720e-02,7.6029015774e-07,1.3050946727e-02
25.000000,748.000,55.000000,95.000000,1.4109372963e-02,-4.8761087876e-03,-6.3810663152e-03,9.6486826429e-01,9.8056413874e-01,1.5695874452e-02,1.5779461456e-02,1.9280468643e-06,1.2787434586e-02
25.000000,748.000,55.000000,100.000000,1.3842913224e-02,-5.2354776471e-03,-6.4905842225e-03,9.6486826429e-01,9.8056413874e-01,1.5695874452e-02,1.6157600130e-02,4.8544710695e-06,1.2545940050e-02
25.000000,748.000,55.000000,105.000000,1.3602019881e-02,-5.6288032238e-03,-6.5423625183e-03,9.6486826429e-01,9.8056413874e-01,1.5695874452e-02,1.6551137798e-02,1.2050525724e-05,1.2327616537e-02
25.000000,748.000,55.000000,110.000000,1.3387293027e-02,-6.0508288103e-03,-6.5321537903e-03,9.6486826429e-01,9.8056413874e-01,1.5695874452e-02,1.6955864408e-02,2.9289410798e-05,1.2133007918e-02
25.000000,748.000,55.000000,115.000000,1.3198693104e-02,-6.4952708435e-03,-6.4565529451e-03,9.6486826429e-01,9.8056413874e-01,1.5695874452e-02,1.7367050765e-02,6.9235097290e-05,1.1962078339e-02
25.000000,748.000,55.000000,120.000000,1.3035592052e-02,-6.9549600579e-03,-6.3131289453e-03,9.6486826429e-01,9.8056413874e-01,1.5695874452e-02,1.7779534619e-02,1.5813030378e-04,1.1814258586e-02
25.000000,748.000,55.000000,125.000000,1.2896840791e-02,-7.4220111076e-03,-6.1005346597e-03,9.6486826429e-01,9.8056413874e-01,1.5695874452e-02,1.8187821730e-02,3.4677846460e-04,1.1688507237e-02
25.000000,748.000,55.000000,130.000000,1.2780850591e-02,-7.8880158709e-03,-5.8185912133e-03,9.6486826429e-01,9.8056413874e-01,1.5695874452e-02,1.8586199228e-02,7.2584856875e-04,1.1583384415e-02
25.000000,748.000,55.000000,135.000000,1.2685685526e-02,-8.3442549141e-03,-5.4683439453e-03,9.6486826429e-01,9.8056413874e-01,1.5695874452e-02,1.8968858266e-02,1.4419784041e-03,1.1497135576e-02
25.000000,748.000,55.000000,140.000000,1.2609162852e-02,-8.7819210269e-03,-5.0520878888e-03,9.6486826429e-01,9.8056413874e-01,1.5695874452e-02,1.9330022605e-02,2.7047311131e-03,1.1427782481e-02
25.000000,748.000,55.000000,145.000000,1.2548957941e-02,-9.1923483500e-03,-4.5733615639e-03,9.6486826429e-01,9.8056413874e-01,1.5695874452e-02,1.9664079591e-02,4.7672181241e-03,1.1373218301e-02
25.000000,748.000,55.000000,150.000000,1.2502710309e-02,-9.5672404278e-03,-4.0369087876e-03,9.6486826429e-01,9.8056413874e-01,1.5695874452e-02,1.9965709895e-02,7.8615765326e-03,1.1331303712e-02
25.000000,748.000,55.000000,155.000000,1.2468127218e-02,-9.8988905238e-03,-3.4486091353e-03,9.6486826429e-01,9.8056413874e-01,1.5695874452e-02,2.0230012373e-02,1.2083857528e-02,1.1299960787e-02
25.000000,748.000,55.000000,160.000000,1.2443081488e-02,-1.0180387747e-02,-2.8153785971e-03,9.6486826429e-01,9.8056413874e-01,1.5695874452e-02,2.0452620531e-02,1.7255705500e-02,1.1277261647e-02
25.000000,748.000,55.000000,165.000000,1.2425700314e-02,-1.0405802941e-02,-2.1450428450e-03,9.6486826429e-01,9.8056413874e-01,1.5695874452e-02,2.0629807315e-02,2.2830424319e-02,1.1261508954e-02
25.000000,748.000,55.000000,170.000000,1.2414442215e-02,-1.0570348866e-02,-1.4461863271e-03,9.6486826429e-01,9.8056413874e-01,1.5695874452e-02,2.0758575244e-02,2.7927012415e-02,1.1251305652e-02
25.000000,748.000,55.000000,175.000000,1.2408159626e-02,-1.0670509965e-02,-7.2798111159e-04,9.6486826429e-01,9.8056413874e-01,1.5695874452e-02,2.0836729325e-02,3.1535410278e-02,1.1245611691e-02
25.000000,748.000,55.000000,180.000000,1.2406145095e-02,-1.0704137891e-02,-2.0478048195e-18,9.6486826429e-01,9.8056413874e-01,1.5695874452e-02,2.0862930677e-02,3.2842373937e-02,1.1243785907e-02
25.000000,748.000,55.000000,185.000000,1.2408159626e-02,-1.0670509965e-02,7.2798111159e-04,9.6486826429e-01,9.8056413874e-01,1.5695874452e-02,2.0836729325e-02,3.1535410278e-02,1.1245611691e-02
25.000000,748.000,55.000000,190.000000,1.2414442215e-02,-1.0570348866e-02,1.4461863271e-03,9.6486826429e-01,9.8056413874e-01,1.5695874452e-02,2.0758575244e-02,2.7927012415e-02,1.1251305652e-02
25.000000,748.000,55.000000,195.000000,1.2425700314e-02,-1.0405802941e-02,2.1450428450e-03,9.6486826429e-01,9.8056413874e-01,1.5695874452e-02,2.0629807315e-02,2.2830424319e-02,1.1261508954e-02
25.000000,748.000,55.000000,200.000000,1.2443081488e-02,-1.0180387747e-02,2.8153785971e-03,9.6486826429e-01,9.8056413874e-01,1.5695874452e-02,2.0452620531e-02,1.7255705500e-02,1.1277261647e-02
25.000000,748.000,55.000000,205.000000,1.2468127218e-02,-9.8988905238e-03,3.4486091353e-03,9.6486826429e-01,9.8056413874e-01,1.5695874452e-02,2.0230012373e-02,1.2083857528e-02,1.1299960787e-02
25.000000,748.000,55.000000,210.000000,1.2502710309e-02,-9.5672404278e-03,4.0369087876e-03,9.6486826429e-01,9.8056413874e-01,1.5695874452e-02,1.9965709895e-02,7.8615765326e-03,1.1331303712e-02
25.000000,748.000,55.000000,215.000000,1.2548957941e-02,-9.1923483500e-03,4.5733615639e-03,9.6486826429e-01,9.8056413874e-01,1.5695874452e-02,1.9664079591e-02,4.7672181241e-03,1.1373218301e-02
25.000000,748.000,55.000000,220.000000,1.2609162852e-02,-8.7819210269e-03,5.0520878888e-03,9.6486826429e-01,9.8056413874e-01,1.5695874452e-02,1.9330022605e-02,2.7047311131e-03,1.1427782481e-02
25.000000,748.000,55.000000,225.000000,1.2685685526e-02,-8.3442549141e-03,5.4683439453e-03,9.6486826429e-01,9.8056413874e-01,1.5695874452e-02,1.8968858266e-02,1.4419784041e-03,1.1497135576e-02
25.000000,748.000,55.000000,230.000000,1.2780850591e-02,-7.8880158709e-03,5.8185912133e-03,9.6486826429e-01,9.8056413874e-01,1.5695874452e-02,1.8586199228e-02,7.2584856875e-04,1.1583384415e-02
25.000000,748.000,55.000000,235.000000,1.2896840791e-02,-7.4220111076e-03,6.1005346597e-03,9.6486826429e-01,9.8056413874e-01,1.5695874452e-02,1.8187821730e-02,3.4677846460e-04,1.1688507237e-02
25.000000,748.000,55.000000,240.000000,1.3035592052e-02,-6.9549600579e-03,6.3131289453e-03,9.6486826429e-01,9.8056413874e-01,1.5695874452e-02,1.7779534619e-02,1.5813030378e-04,1.1814258586e-02
25.000000,748.000,55.000000,245.000000,1.3198693104e-02,-6.4952708435e-03,6.4565529451e-03,9.6486826429e-01,9.8056413874e-01,1.5695874452e-02,1.7367050765e-02,6.9235097290e-05,1.1962078339e-02
25.000000,748.000,55.000000,250.000000,1.3387293027e-02,-6.0508288103e-03,6.5321537903e-03,9.6486826429e-01,9.8056413874e-01,1.5695874452e-02,1.6955864408e-02,2.9289410798e-05,1.2133007918e-02
25.000000,748.000,55.000000,255.000000,1.3602019881e-02,-5.6288032238e-03,6.5423625183e-03,9.6486826429e-01,9.8056413874e-01,1.5695874452e-02,1.6551137798e-02,1.2050525724e-05,1.2327616537e-02
25.000000,748.000,55.000000,260.000000,1.3842913224e-02,-5.2354776471e-03,6.4905842225e-03,9.6486826429e-01,9.8056413874e-01,1.5695874452e-02,1.6157600130e-02,4.8544710695e-06,1.2545940050e-02
25.000000,748.000,55.000000,265.000000,1.4109372963e-02,-4.8761087876e-03,6.3810663152e-03,9.6486826429e-01,9.8056413874e-01,1.5695874452e-02,1.5779461456e-02,1.9280468643e-06,1.2787434586e-02
25.000000,748.000,55.000000,270.000000,1.4400126440e-02,-4.5548177219e-03,6.2187491201e-03,9.6486826429e-01,9.8056413874e-01,1.5695874452e-02,1.5420343720e-02,7.6029015774e-07,1.3050946727e-02
25.000000,748.000,55.000000,275.000000,1.4713215177e-02,-4.2745164172e-03,6.0091034891e-03,9.6486826429e-01,9.8056413874e-01,1.5695874452e-02,1.5083230592e-02,2.9977679964e-07,1.3334701487e-02
25.000000,748.000,55.000000,280.000000,1.5046002049e-02,-4.0368713874e-03,5.7579604725e-03,9.6486826429e-01,9.8056413874e-01,1.5695874452e-02,1.4770437141e-02,1.1902705146e-07,1.3636308821e-02
25.000000,748.000,55.000000,285.000000,1.5395199083e-02,-3.8423051922e-03,5.4713382463e-03,9.6486826429e-01,9.8056413874e-01,1.5695874452e-02,1.4483599830e-02,4.7926178333e-08,1.3952788812e-02
25.000000,748.000,55.000000,290.000000,1.5756915431e-02,-3.6900353356e-03,5.1552715270e-03,9.6486826429e-01,9.8056413874e-01,1.5695874452e-02,1.4223686675e-02,1.9705397674e-08,1.4280615155e-02
25.000000,748.000,55.000000,295.000000,1.6126724452e-02,-3.5781489895e-03,4.8156485612e-03,9.6486826429e-01,9.8056413874e-01,1.5695874452e-02,1.3991026788e-02,8.3295458946e-09,1.4615775950e-02
25.000000,748.000,55.000000,300.000000,1.6499748258e-02,-3.5037108832e-03,4.4580604901e-03,9.6486826429e-01,9.8056413874e-01,1.5695874452e-02,1.3785357980e-02,3.6435933861e-09,1.4953850330e-02
25.000000,748.000,55.000000,305.000000,1.6870757533e-02,-3.4629007025e-03,4.0876674496e-03,9.6486826429e-01,9.8056413874e-01,1.5695874452e-02,1.3605890524e-02,1.6597712647e-09,1.5290098926e-02
25.000000,748.000,55.000000,310.000000,1.7234283964e-02,-3.4511754560e-03,3.7090851999e-03,9.6486826429e-01,9.8056413874e-01,1.5695874452e-02,1.3451384718e-02,7.9210215163e-10,1.5619565761e-02
25.000000,748.000,55.000000,315.000000,1.7584742214e-02,-3.4634515242e-03,3.3262954013e-03,9.6486826429e-01,9.8056413874e-01,1.5695874452e-02,1.3320239492e-02,3.9827321378e-10,1.5937188802e-02
25.000000,748.000,55.000000,320.000000,1.7916558074e-02,-3.4943005228e-03,2.9425818754e-03,9.6486826429e-01,9.8056413874e-01,1.5695874452e-02,1.3210588965e-02,2.1209419813e-10,1.6237916100e-02
25.000000,748.000,55.000000,325.000000,1.8224299216e-02,-3.5381527165e-03,2.5604943538e-03,9.6486826429e-01,9.8056413874e-01,1.5695874452e-02,1.3120403672e-02,1.2020315048e-10,1.6516824293e-02
25.000000,748.000,55.000000,330.000000,1.8502804862e-02,-3.5895015077e-03,2.1818403324e-03,9.6486826429e-01,9.8056413874e-01,1.5695874452e-02,1.3047593021e-02,7.2816249540e-11,1.6769236128e-02
25.000000,748.000,55.000000,335.000000,1.8747310707e-02,-3.6431025198e-03,1.8077047513e-03,9.6486826429e-01,9.8056413874e-01,1.5695874452e-02,1.2990105591e-02,4.7329492376e-11,1.6990833680e-02
25.000000,748.000,55.000000,340.000000,1.8953565535e-02,-3.6941609834e-03,1.4384963337e-03,9.6486826429e-01,9.8056413874e-01,1.5695874452e-02,1.2946023902e-02,3.3117592050e-11,1.7177764036e-02
25.000000,748.000,55.000000,345.000000,1.9117936204e-02,-3.7385015196e-03,1.0740185730e-03,9.6486826429e-01,9.8056413874e-01,1.5695874452e-02,1.2913650573e-02,2.5014776434e-11,1.7326734454e-02
25.000000,748.000,55.000000,350.000000,1.9237497993e-02,-3.7727149763e-03,7.1356257706e-04,9.6486826429e-01,9.8056413874e-01,1.5695874452e-02,1.2891583001e-02,2.0439912367e-11,1.7435094234e-02
25.000000,748.000,55.000000,355.000000,1.9310107716e-02,-3.7942777063e-03,3.5601828546e-04,9.6486826429e-01,9.8056413874e-01,1.5695874452e-02,1.2878774142e-02,1.8095813614e-11,1.7500900991e-02
25.000000,748.000,60.000000,0.000000,2.1684490597e-02,-5.6722130696e-03,6.8778906404e-19,9.6486826429e-01,9.8056413874e-01,1.5695874452e-02,1.2602265693e-02,2.0170334852e-13,1.9652822686e-02
25.000000,748.000,60.000000,5.000000,2.1656010892e-02,-5.6631983501e-03,-4.9018284309e-04,9.6486826429e-01,9.8056413874e-01,1.5695874452e-02,1.2603923430e-02,2.1157844940e-13,1.9627011308e-02
25.000000,748.000,60.000000,10.000000,2.1571122602e-02,-5.6367412981e-03,-9.8078868673e-04,9.6486826429e-01,9.8056413874e-01,1.5695874452e-02,1.2609163873e-02,2.4411102620e-13,1.9550076389e-02
25.000000,748.000,60.000000,15.000000,2.1431463855e-02,-5.5945830107e-03,-1.4721111075e-03,9.6486826429e-01,9.8056413874e-01,1.5695874452e-02,1.2618778188e-02,3.0944628012e-13,1.9423502579e-02
25.000000,748.000,60.000000,20.000000,2.1239717476e-02,-5.5395585401e-03,-1.9641896537e-03,9.6486826429e-01,9.8056413874e-01,1.5695874452e-02,1.2634050199e-02,4.3020585425e-13,1.9249721343e-02
25.000000,748.000,60.000000,25.000000,2.0999541343e-02,-5.4754989248e-03,-2.4566947272e-03,9.6486826429e-01,9.8056413874e-01,1.5695874452e-02,1.2656705387e-02,6.5428214076e-13,1.9032047844e-02
25.000000,748.000,60.000000,30.000000,2.0715473751e-02,-5.4070983528e-03,-2.9488263163e-03,9.6486826429e-01,9.8056413874e-01,1.5695874452e-02,1.2688841797e-02,1.0850704135e-12,1.8774595173e-02
25.000000,748.000,60.000000,35.000000,2.0392816514e-02,-5.3397506190e-03,-3.4392305030e-03,9.6486826429e-01,9.8056413874e-01,1.5695874452e-02,1.2732845085e-02,1.9546731538e-12,1.8482168407e-02
25.000000,748.000,60.000000,40.000000,2.0037499213e-02,-5.2793600046e-03,-3.9259371026e-03,9.6486826429e-01,9.8056413874e-01,1.5695874452e-02,1.2791290446e-02,3.8076680535e-12,1.8160141570e-02
25.000000,748.000,60.000000,45.000000,1.9655928514e-02,-5.2321325171e-03,-4.4063211182e-03,9.6486826429e-01,9.8056413874e-01,1.5695874452e-02,1.2866834587e-02,7.9799367558e-12,1.7814321074e-02
25.000000,748.000,60.000000,50.000000,1.9254826909e-02,-5.2043540576e-03,-4.8770899291e-03,9.6486826429e-01,9.8056413874e-01,1.5695874452e-02,1.2962101277e-02,1.7891250156e-11,1.7450799566e-02
25.000000,748.000,60.000000,55.000000,1.8841065536e-02,-5.2021625081e-03,-5.3342973088e-03,9.6486826429e-01,9.8056413874e-01,1.5695874452e-02,1.3079564184e-02,4.2648725235e-11,1.7075804411e-02
25.000000,748.000,60.000000,60.000000,1.8421495852e-02,-5.2313209463e-03,-5.7733844987e-03,9.6486826429e-01,9.8056413874e-01,1.5695874452e-02,1.3221430856e-02,1.0737851864e-10,1.6695545140e-02
25.000000,748.000,60.000000,65.000000,1.8002785004e-02,-5.2969991831e-03,-6.1892476929e-03,9.6486826429e-01,9.8056413874e-01,1.5695874452e-02,1.3389531689e-02,2.8354203257e-10,1.6316064237e-02
25.000000,748.000,60.000000,70.000000,1.7591259520e-02,-5.4035705927e-03,-6.5763304208e-03,9.6486826429e-01,9.8056413874e-01,1.5695874452e-02,1.3585217566e-02,7.7945890967e-10,1.5943095487e-02
25.000000,748.000,60.000000,75.000000,1.7192761767e-02,-5.5544307578e-03,-6.9287384999e-03,9.6486826429e-01,9.8056413874e-01,1.5695874452e-02,1.3809269666e-02,2.2136080542e-09,1.5581933870e-02
25.000000,748.000,60.000000,80.000000,1.6812523126e-02,-5.7518438107e-03,-7.2403744752e-03,9.6486826429e-01,9.8056413874e-01,1.5695874452e-02,1.4061824526e-02,6.4430325608e-09,1.5237320629e-02
25.000000,748.000,60.000000,85.000000,1.6455057381e-02,-5.9968215211e-03,-7.5050878001e-03,9.6486826429e-01,9.8056413874e-01,1.5695874452e-02,1.4342317047e-02,1.9064829220e-08,1.4913346640e-02
25.000000,748.000,60.000000,90.000000,1.6124077139e-02,-6.2890392034e-03,-7.7168364632e-03,9.6486826429e-01,9.8056413874e-01,1.5695874452e-02,1.4649443559e-02,5.6878289599e-08,1.4613376670e-02
25.000000,748.000,60.000000,95.000000,1.5822435436e-02,-6.6267914039e-03,-7.8698553411e-03,9.6486826429e-01,9.8056413874e-01,1.5695874452e-02,1.4981146495e-02,1.6967709148e-07,1.4339996445e-02
25.000000,748.000,60.000000,100.000000,1.5552093871e-02,-7.0069891252e-03,-7.9588262801e-03,9.6486826429e-01,9.8056413874e-01,1.5695874452e-02,1.5334621543e-02,5.0194495629e-07,1.4094983780e-02
25.000000,748.000,60.000000,105.000000,1.5314117829e-02,-7.4251990902e-03,-7.9790447741e-03,9.6486826429e-01,9.8056413874e-01,1.5695874452e-02,1.5706347498e-02,1.4603816418e-06,1.3879304240e-02
25.000000,748.000,60.000000,110.000000,1.5108698514e-02,-7.8757242664e-03,-7.9265781397e-03,9.6486826429e-01,9.8056413874e-01,1.5695874452e-02,1.6092138306e-02,4.1450527288e-06,1.3693131115e-02
25.000000,748.000,60.000000,115.000000,1.4935200718e-02,-8.3517236160e-03,-7.7984102628e-03,9.6486826429e-01,9.8056413874e-01,1.5695874452e-02,1.6487216156e-02,1.1386873687e-05,1.3535888712e-02
25.000000,748.000,60.000000,120.000000,1.4792234456e-02,-8.8453678409e-03,-7.5925683292e-03,9.6486826429e-01,9.8056413874e-01,1.5695874452e-02,1.6886303802e-02,3.0043755824e-05,1.3406317275e-02
25.000000,748.000,60.000000,125.000000,1.4677747899e-02,-9.3480267853e-03,-7.3082274197e-03,9.6486826429e-01,9.8056413874e-01,1.5695874452e-02,1.7283733712e-02,7.5574656192e-05,1.3302557217e-02
25.000000,748.000,60.000000,130.000000,1.4589138394e-02,-9.8504831868e-03,-6.9457894530e-03,9.6486826429e-01,9.8056413874e-01,1.5695874452e-02,1.7673571118e-02,1.7997994595e-04,1.3222249732e-02
25.000000,748.000,60.000000,135.000000,1.4523377826e-02,-1.0343166650e-02,-6.5069336666e-03,9.6486826429e-01,9.8056413874e-01,1.5695874452e-02,1.8049747611e-02,4.0311768193e-04,1.3162650417e-02
25.000000,748.000,60.000000,140.000000,1.4477148163e-02,-1.0816401086e-02,-5.9946366264e-03,9.6486826429e-01,9.8056413874e-01,1.5695874452e-02,1.8406201555e-02,8.4398603426e-04,1.3120752114e-02
25.000000,748.000,60.000000,145.000000,1.4446982730e-02,-1.1260658423e-02,-5.4131606139e-03,9.6486826429e-01,9.8056413874e-01,1.5695874452e-02,1.8737021416e-02,1.6424525346e-03,1.3093412948e-02
25.000000,748.000,60.000000,150.000000,1.4429408619e-02,-1.1666811195e-02,-4.7680101468e-03,9.6486826429e-01,9.8056413874e-01,1.5695874452e-02,1.9036587942e-02,2.9559999754e-03,1.3077485394e-02
25.000000,748.000,60.000000,155.000000,1.4421085614e-02,-1.2026376611e-02,-4.0658572971e-03,9.6486826429e-01,9.8056413874e-01,1.5695874452e-02,1.9299711165e-02,4.8981069394e-03,1.3069942189e-02
25.000000,748.000,60.000000,160.000000,1.4418937170e-02,-1.2331744936e-02,-3.3144373726e-03,9.6486826429e-01,9.8056413874e-01,1.5695874452e-02,1.9521758326e-02,7.4438182301e-03,1.3067995038e-02
25.000000,748.000,60.000000,165.000000,1.4420269229e-02,-1.2576385476e-02,-2.5224173817e-03,9.6486826429e-01,9.8056413874e-01,1.5695874452e-02,1.9698769045e-02,1.0342469925e-02,1.3069202293e-02
25.000000,748.000,60.000000,170.000000,1.4422873080e-02,-1.2755024101e-02,-1.6992404916e-03,9.6486826429e-01,9.8056413874e-01,1.5695874452e-02,1.9827554455e-02,1.3104713168e-02,1.3071562184e-02
25.000000,748.000,60.000000,175.000000,1.4425108970e-02,-1.2863787060e-02,-8.5495038412e-04,9.6486826429e-01,9.8056413874e-01,1.5695874452e-02,1.9905777425e-02,1.5115544355e-02,1.3073588588e-02
25.000000,748.000,60.000000,180.000000,1.4425967804e-02,-1.2900306859e-02,-2.4045815016e-18,9.6486826429e-01,9.8056413874e-01,1.5695874452e-02,1.9932011585e-02,1.5854104601e-02,1.3074366957e-02
25.000000,748.000,60.000000,185.000000,1.4425108970e-02,-1.2863787060e-02,8.5495038412e-04,9.6486826429e-01,9.8056413874e-01,1.5695874452e-02,1.9905777425e-02,1.5115544355e-02,1.3073588588e-02
25.000000,748.000,60.000000,190.000000,1.4422873080e-02,-1.2755024101e-02,1.6992404916e-03,9.6486826429e-01,9.8056413874e-01,1.5695874452e-02,1.9827554455e-02,1.3104713168e-02,1.3071562184e-02
25.000000,748.000,60.000000,195.000000,1.4420269229e-02,-1.2576385476e-02,2.5224173817e-03,9.6486826429e-01,9.8056413874e-01,1.5695874452e-02,1.9698769045e-02,1.0342469925e-02,1.3069202293e-02
25.000000,748.000,60.000000,200.000000,1.4418937170e-02,-1.2331744936e-02,3.3144373726e-03,9.6486826429e-01,9.8056413874e-01,1.5695874452e-02,1.9521758326e-02,7.4438182301e-03,1.3067995038e-02
25.000000,748.000,60.000000,205.000000,1.4421085614e-02,-1.2026376611e-02,4.0658572971e-03,9.6486826429e-01,9.8056413874e-01,1.5695874452e-02,1.9299711165e-02,4.8981069394e-03,1.3069942189e-02
25.000000,748.000,60.000000,210.000000,1.4429408619e-02,-1.1666811195e-02,4.7680101468e-03,9.6486826429e-01,9.8056413874e-01,1.5695874452e-02,1.9036587942e-02,2.9559999754e-03,1.3077485394e-02
25.000000,748.000,60.000000,215.000000,1.4446982730e-02,-1.1260658423e-02,5.4131606139e-03,9.6486826429e-01,9.8056413874e-01,1.5695874452e-02,1.8737021416e-02,1.6424525346e-03,1.3093412948e-02
25.000000,748.000,60.000000,220.000000,1.4477148163e-02,-1.0816401086e-02,5.9946366264e-03,9.6486826429e-01,9.8056413874e-01,1.5695874452e-02,1.8406201555e-02,8.4398603426e-04,1.3120752114e-02
25.000000,748.000,60.000000,225.000000,1.4523377826e-02,-1.0343166650e-02,6.5069336666e-03,9.6486826429e-01,9.8056413874e-01,1.5695874452e-02,1.8049747611e-02,4.0311768193e-04,1.3162650417e-02
25.000000,748.000,60.000000,230.000000,1.4589138394e-02,-9.8504831868e-03,6.9457894530e-03,9.6486826429e-01,9.8056413874e-01,1.5695874452e-02,1.7673571118e-02,1.7997994595e-04,1.3222249732e-02
25.000000,748.000,60.000000,235.000000,1.4677747899e-02,-9.3480267853e-03,7.3082274197e-03,9.6486826429e-01,9.8056413874e-01,1.5695874452e-02,1.7283733712e-02,7.5574656192e-05,1.3302557217e-02
25.000000,748.000,60.000000,240.000000,1.4792234456e-02,-8.8453678409e-03,7.5925683292e-03,9.6486826429e-01,9.8056413874e-01,1.5695874452e-02,1.6886303802e-02,3.0043755824e-05,1.3406317275e-02
25.000000,748.000,60.000000,245.000000,1.4935200718e-02,-8.3517236160e-03,7.7984102628e-03,9.6486826429e-01,9.8056413874e-01,1.5695874452e-02,1.6487216156e-02,1.1386873687e-05,1.3535888712e-02
25.000000,748.000,60.000000,250.000000,1.5108698514e-02,-7.8757242664e-03,7.9265781397e-03,9.6486826429e-01,9.8056413874e-01,1.5695874452e-02,1.6092138306e-02,4.1450527288e-06,1.3693131115e-02
25.000000,748.000,60.000000,255.000000,1.5314117829e-02,-7.4251990902e-03,7.9790447741e-03,9.6486826429e-01,9.8056413874e-01,1.5695874452e-02,1.5706347498e-02,1.4603816418e-06,1.3879304240e-02
25.000000,748.000,60.000000,260.000000,1.5552093871e-02,-7.0069891252e-03,7.9588262801e-03,9.6486826429e-01,9.8056413874e-01,1.5695874452e-02,1.5334621543e-02,5.0194495629e-07,1.4094983780e-02
25.000000,748.000,60.000000,265.000000,1.5822435436e-02,-6.6267914039e-03,7.8698553411e-03,9.6486826429e-01,9.8056413874e-01,1.5695874452e-02,1.4981146495e-02,1.6967709148e-07,1.4339996445e-02
25.000000,748.000,60.000000,270.000000,1.6124077139e-02,-6.2890392034e-03,7.7168364632e-03,9.6486826429e-01,9.8056413874e-01,1.5695874452e-02,1.4649443559e-02,5.6878289599e-08,1.4613376670e-02
25.000000,748.000,60.000000,275.000000,1.6455057381e-02,-5.9968215211e-03,7.5050878001e-03,9.6486826429e-01,9.8056413874e-01,1.5695874452e-02,1.4342317047e-02,1.9064829220e-08,1.4913346640e-02
25.000000,748.000,60.000000,280.000000,1.6812523126e-02,-5.7518438107e-03,7.2403744752e-03,9.6486826429e-01,9.8056413874e-01,1.5695874452e-02,1.4061824526e-02,6.4430325608e-09,1.5237320629e-02
25.000000,748.000,60.000000,285.000000,1.7192761767e-02,-5.5544307578e-03,6.9287384999e-03,9.6486826429e-01,9.8056413874e-01,1.5695874452e-02,1.3809269666e-02,2.2136080542e-09,1.5581933870e-02
25.000000,748.000,60.000000,290.000000,1.7591259520e-02,-5.4035705927e-03,6.5763304208e-03,9.6486826429e-01,9.8056413874e-01,1.5695874452e-02,1.3585217566e-02,7.7945890967e-10,1.5943095487e-02
25.000000,748.000,60.000000,295.000000,1.8002785004e-02,-5.2969991831e-03,6.1892476929e-03,9.6486826429e-01,9.8056413874e-01,1.5695874452e-02,1.3389531689e-02,2.8354203257e-10,1.6316064237e-02
25.000000,748.000,60.000000,300.000000,1.8421495852e-02,-5.2313209463e-03,5.7733844987e-03,9.6486826429e-01,9.8056413874e-01,1.5695874452e-02,1.3221430856e-02,1.0737851864e-10,1.6695545140e-02
25.000000,748.000,60.000000,305.000000,1.8841065536e-02,-5.2021625081e-03,5.3342973088e-03,9.6486826429e-01,9.8056413874e-01,1.5695874452e-02,1.3079564184e-02,4.2648725235e-11,1.7075804411e-02
25.000000,748.000,60.000000,310.000000,1.9254826909e-02,-5.2043540576e-03,4.8770899291e-03,9.6486826429e-01,9.8056413874e-01,1.5695874452e-02,1.2962101277e-02,1.7891250156e-11,1.7450799566e-02
25.000000,748.000,60.000000,315.000000,1.9655928514e-02,-5.2321325171e-03,4.4063211182e-03,9.6486826429e-01,9.8056413874e-01,1.5695874452e-02,1.2866834587e-02,7.9799367558e-12,1.7814321074e-02
25.000000,748.000,60.000000,320.000000,2.0037499213e-02,-5.2793600046e-03,3.9259371026e-03,9.6486826429e-01,9.8056413874e-01,1.5695874452e-02,1.2791290446e-02,3.8076680535e-12,1.8160141570e-02
25.000000,748.000,60.000000,325.000000,2.0392816514e-02,-5.3397506190e-03,3.4392305030e-03,9.6486826429e-01,9.8056413874e-01,1.5695874452e-02,1.2732845085e-02,1.9546731538e-12,1.8482168407e-02
25.000000,748.000,60.000000,330.000000,2.0715473751e-02,-5.4070983528e-03,2.9488263163e-03,9.6486826429e-01,9.8056413874e-01,1.5695874452e-02,1.2688841797e-02,1.0850704135e-12,1.8774595173e-02
25.000000,748.000,60.000000,335.000000,2.0999541343e-02,-5.4754989248e-03,2.4566947272e-03,9.6486826429e-01,9.8056413874e-01,1.5695874452e-02,1.2656705387e-02,6.5428214076e-13,1.9032047844e-02
25.000000,748.000,60.000000,340.000000,2.1239717476e-02,-5.5395585401e-03,1.9641896537e-03,9.6486826429e-01,9.8056413874e-01,1.5695874452e-02,1.2634050199e-02,4.3020585425e-13,1.9249721343e-02
25.000000,748.000,60.000000,345.000000,2.1431463855e-02,-5.5945830107e-03,1.4721111075e-03,9.6486826429e-01,9.8056413874e-01,1.5695874452e-02,1.2618778188e-02,3.0944628012e-13,1.9423502579e-02
25.000000,748.000,60.000000,350.000000,2.1571122602e-02,-5.6367412981e-03,9.8078868673e-04,9.6486826429e-01,9.8056413874e-01,1.5695874452e-02,1.2609163873e-02,2.4411102620e-13,1.9550076389e-02
25.000000,748.000,60.000000,355.000000,2.1656010892e-02,-5.6631983501e-03,4.9018284309e-04,9.6486826429e-01,9.8056413874e-01,1.5695874452e-02,1.2603923430e-02,2.1157844940e-13,1.9627011308e-02
25.000000,748.000,65.000000,0.000000,2.5075456885e-02,-8.3737825024e-03,9.5464405600e-19,9.6486826429e-01,9.8056413874e-01,1.5695874452e-02,1.2441178203e-02,1.0281439984e-15,2.2726081838e-02
25.000000,748.000,65.000000,5.000000,2.5041767419e-02,-8.3616263442e-03,-6.8007852752e-04,9.6486826429e-01,9.8056413874e-01,1.5695874452e-02,1.2440068142e-02,1.0875611398e-15,2.2695548813e-02
25.000000,748.000,65.000000,10.000000,2.4941398849e-02,-8.3258495477e-03,-1.3590164940e-03,9.6486826429e-01,9.8056413874e-01,1.5695874452e-02,1.2437051154e-02,1.2866669704e-15,2.2604583996e-02
25.000000,748.000,65.000000,15.000000,2.4776431850e-02,-8.2685036784e-03,-2.0355594099e-03,9.6486826429e-01,9.8056413874e-01,1.5695874452e-02,1.2433055176e-02,1.7003276538e-15,2.2455073121e-02
25.000000,748.000,65.000000,20.000000,2.4550272104e-02,-8.1929305127e-03,-2.7082295207e-03,9.6486826429e-01,9.8056413874e-01,1.5695874452e-02,1.2429588331e-02,2.5045329096e-15,2.2250102782e-02
25.000000,748.000,65.000000,25.000000,2.4267559046e-02,-8.1036483278e-03,-3.3752255084e-03,9.6486826429e-01,9.8056413874e-01,1.5695874452e-02,1.2428682548e-02,4.0997926906e-15,2.1993877736e-02
25.000000,748.000,65.000000,30.000000,2.3934041888e-02,-8.0061977049e-03,-4.0343353805e-03,9.6486826429e-01,9.8056413874e-01,1.5695874452e-02,1.2432817164e-02,7.4302134035e-15,2.1691608538e-02
25.000000,748.000,65.000000,35.000000,2.3556426551e-02,-7.9069516608e-03,-4.6828662769e-03,9.6486826429e-01,9.8056413874e-01,1.5695874452e-02,1.2444824926e-02,1.4841261708e-14,2.1349372818e-02
25.000000,748.000,65.000000,40.000000,2.3142197999e-02,-7.8128960388e-03,-5.3175943692e-03,9.6486826429e-01,9.8056413874e-01,1.5695874452e-02,1.2467783409e-02,3.2499344586e-14,2.0973954256e-02
25.000000,748.000,65.000000,45.000000,2.2699423166e-02,-7.7313870315e-03,-5.9347373816e-03,9.6486826429e-01,9.8056413874e-01,1.5695874452e-02,1.2504895305e-02,7.7555548892e-14,2.0572663977e-02
25.000000,748.000,65.000000,50.000000,2.2236540243e-02,-7.6698934309e-03,-6.5299515216e-03,9.6486826429e-01,9.8056413874e-01,1.5695874452e-02,1.2559361424e-02,2.0035598827e-13,2.0153149579e-02
25.000000,748.000,65.000000,55.000000,2.1762140454e-02,-7.6357317001e-03,-7.0983538117e-03,9.6486826429e-01,9.8056413874e-01,1.5695874452e-02,1.2634250504e-02,5.5628645466e-13,1.9723197356e-02
25.000000,748.000,65.000000,60.000000,2.1284748673e-02,-7.6358022028e-03,-7.6345699791e-03,9.6486826429e-01,9.8056413874e-01,1.5695874452e-02,1.2732370010e-02,1.6471003617e-12,1.9290533467e-02
25.000000,748.000,65.000000,65.000000,2.0812609223e-02,-7.6763349235e-03,-8.1328072115e-03,9.6486826429e-01,9.8056413874e-01,1.5695874452e-02,1.2856142157e-02,5.1579248346e-12,1.8862629808e-02
25.000000,748.000,65.000000,70.000000,2.0353483025e-02,-7.7626527423e-03,-8.5869502590e-03,9.6486826429e-01,9.8056413874e-01,1.5695874452e-02,1.3007489177e-02,1.6935111073e-11,1.8446520159e-02
25.000000,748.000,65.000000,75.000000,1.9914461901e-02,-7.8989598186e-03,-8.9906785687e-03,9.6486826429e-01,9.8056413874e-01,1.5695874452e-02,1.3187731671e-02,5.7773606282e-11,1.8048631895e-02
25.000000,748.000,65.000000,80.000000,1.9501805289e-02,-8.0881618928e-03,-9.3376014171e-03,9.6486826429e-01,9.8056413874e-01,1.5695874452e-02,1.3397503430e-02,2.0288267911e-10,1.7674637995e-02
25.000000,748.000,65.000000,85.000000,1.9120803939e-02,-8.3317243626e-03,-9.6214073660e-03,9.6486826429e-01,9.8056413874e-01,1.5695874452e-02,1.3636685676e-02,7.2641734600e-10,1.7329333505e-02
25.000000,748.000,65.000000,90.000000,1.8775674312e-02,-8.6295728530e-03,-9.8360238424e-03,9.6486826429e-01,9.8056413874e-01,1.5695874452e-02,1.3904363062e-02,2.6262861736e-09,1.7016539836e-02
25.000000,748.000,65.000000,95.000000,1.8469486482e-02,-8.9800397197e-03,-9.9757822383e-03,9.6486826429e-01,9.8056413874e-01,1.5695874452e-02,1.4198803148e-02,9.4944566751e-09,1.6739039421e-02
25.000000,748.000,65.000000,100.000000,1.8204127293e-02,-9.3798585357e-03,-1.0035583661e-02,9.6486826429e-01,9.8056413874e-01,1.5695874452e-02,1.4517460323e-02,3.3988229711e-08,1.6498542322e-02
25.000000,748.000,65.000000,105.000000,1.7980299479e-02,-9.8242071559e-03,-1.0011060346e-02,9.6486826429e-01,9.8056413874e-01,1.5695874452e-02,1.4857004435e-02,1.1931848132e-07,1.6295685431e-02
25.000000,748.000,65.000000,110.000000,1.7797556322e-02,-1.0306798479e-02,-9.8987277862e-03,9.6486826429e-01,9.8056413874e-01,1.5695874452e-02,1.5213373638e-02,4.0687579102e-07,1.6130063885e-02
25.000000,748.000,65.000000,115.000000,1.7654370385e-02,-1.0820016575e-02,-9.6961227922e-03,9.6486826429e-01,9.8056413874e-01,1.5695874452e-02,1.5581850203e-02,1.3351811880e-06,1.6000293355e-02
25.000000,748.000,65.000000,120.000000,1.7548233803e-02,-1.1355094453e-02,-9.4019230604e-03,9.6486826429e-01,9.8056413874e-01,1.5695874452e-02,1.5957157358e-02,4.1784744165e-06,1.5904100944e-02
25.000000,748.000,65.000000,125.000000,1.7475786686e-02,-1.1902328490e-02,-9.0160442647e-03,9.6486826429e-01,9.8056413874e-01,1.5695874452e-02,1.6333574573e-02,1.2363033634e-05,1.5838441559e-02
25.000000,748.000,65.000000,130.000000,1.7432969319e-02,-1.2451323382e-02,-8.5397112922e-03,9.6486826429e-01,9.8056413874e-01,1.5695874452e-02,1.6705068126e-02,3.4298662959e-05,1.5799635845e-02
25.000000,748.000,65.000000,135.000000,1.7415193161e-02,-1.2991260574e-02,-7.9755009362e-03,9.6486826429e-01,9.8056413874e-01,1.5695874452e-02,1.7065433307e-02,8.8532225833e-05,1.5783525174e-02
25.000000,748.000,65.000000,140.000000,1.7417525093e-02,-1.3511182360e-02,-7.3273541398e-03,9.6486826429e-01,9.8056413874e-01,1.5695874452e-02,1.7408444265e-02,2.1108777523e-04,1.5785638623e-02
25.000000,748.000,65.000000,145.000000,1.7434878962e-02,-1.4000283361e-02,-6.6005567299e-03,9.6486826429e-01,9.8056413874e-01,1.5695874452e-02,1.7728007222e-02,4.6183863118e-04,1.5801366570e-02
25.000000,748.000,65.000000,150.000000,1.7462208290e-02,-1.4448200851e-02,-5.8016884619e-03,9.6486826429e-01,9.8056413874e-01,1.5695874452e-02,1.8018312693e-02,9.2171270948e-04,1.5826135352e-02
25.000000,748.000,65.000000,155.000000,1.7494694000e-02,-1.4845295385e-02,-4.9385410891e-03,9.6486826429e-01,9.8056413874e-01,1.5695874452e-02,1.8273982317e-02,1.6691534659e-03,1.5855577404e-02
25.000000,748.000,65.000000,160.000000,1.7527921202e-02,-1.5182913477e-02,-4.0200070479e-03,9.6486826429e-01,9.8056413874e-01,1.5695874452e-02,1.8490206078e-02,2.7304326761e-03,1.5885691476e-02
25.000000,748.000,65.000000,165.000000,1.7558039423e-02,-1.5453624559e-02,-3.0559411871e-03,9.6486826429e-01,9.8056413874e-01,1.5695874452e-02,1.8662865942e-02,4.0195454187e-03,1.5912987854e-02
25.000000,748.000,65.000000,170.000000,1.7581901222e-02,-1.5651425235e-02,-2.0569987374e-03,9.6486826429e-01,9.8056413874e-01,1.5695874452e-02,1.8788642317e-02,5.3095417171e-03,1.5934613989e-02
25.000000,748.000,65.000000,175.000000,1.7597174813e-02,-1.5771904785e-02,-1.0344533998e-03,9.6486826429e-01,9.8056413874e-01,1.5695874452e-02,1.8865100258e-02,6.2799187349e-03,1.5948456563e-02
25.000000,748.000,65.000000,180.000000,1.7602427144e-02,-1.5812367003e-02,-2.9089739340e-18,9.6486826429e-01,9.8056413874e-01,1.5695874452e-02,1.8890752897e-02,6.6422411339e-03,1.5953216792e-02
25.000000,748.000,65.000000,185.000000,1.7597174813e-02,-1.5771904785e-02,1.0344533998e-03,9.6486826429e-01,9.8056413874e-01,1.5695874452e-02,1.8865100258e-02,6.2799187349e-03,1.5948456563e-02
25.000000,748.000,65.000000,190.000000,1.7581901222e-02,-1.5651425235e-02,2.0569987374e-03,9.6486826429e-01,9.8056413874e-01,1.5695874452e-02,1.8788642317e-02,5.3095417171e-03,1.5934613989e-02
25.000000,748.000,65.000000,195.000000,1.7558039423e-02,-1.5453624559e-02,3.0559411871e-03,9.6486826429e-01,9.8056413874e-01,1.5695874452e-02,1.8662865942e-02,4.0195454187e-03,1.5912987854e-02
25.000000,748.000,65.000000,200.000000,1.7527921202e-02,-1.5182913477e-02,4.0200070479e-03,9.6486826429e-01,9.8056413874e-01,1.5695874452e-02,1.8490206078e-02,2.7304326761e-03,1.5885691476e-02
25.000000,748.000,65.000000,205.000000,1.7494694000e-02,-1.4845295385e-02,4.9385410891e-03,9.6486826429e-01,9.8056413874e-01,1.5695874452e-02,1.8273982317e-02,1.6691534659e-03,1.5855577404e-02
25.000000,748.000,65.000000,210.000000,1.7462208290e-02,-1.4448200851e-02,5.8016884619e-03,9.6486826429e-01,9.8056413874e-01,1.5695874452e-02,1.8018312693e-02,9.2171270948e-04,1.5826135352e-02
25.000000,748.000,65.000000,215.000000,1.7434878962e-02,-1.4000283361e-02,6.6005567299e-03,9.6486826429e-01,9.8056413874e-01,1.5695874452e-02,1.7728007222e-02,4.6183863118e-04,1.5801366570e-02
25.000000,748.000,65.000000,220.000000,1.7417525093e-02,-1.3511182360e-02,7.3273541398e-03,9.6486826429e-01,9.8056413874e-01,1.5695874452e-02,1.7408444265e-02,2.1108777523e-04,1.5785638623e-02
25.000000,748.000,65.000000,225.000000,1.7415193161e-02,-1.2991260574e-02,7.9755009362e-03,9.6486826429e-01,9.8056413874e-01,1.5695874452e-02,1.7065433307e-02,8.8532225833e-05,1.5783525174e-02
25.000000,748.000,65.000000,230.000000,1.7432969319e-02,-1.2451323382e-02,8.5397112922e-03,9.6486826429e-01,9.8056413874e-01,1.5695874452e-02,1.6705068126e-02,3.4298662959e-05,1.5799635845e-02
25.000000,748.000,65.000000,235.000000,1.7475786686e-02,-1.1902328490e-02,9.0160442647e-03,9.6486826429e-01,9.8056413874e-01,1.5695874452e-02,1.6333574573e-02,1.2363033634e-05,1.5838441559e-02
25.000000,748.000,65.000000,240.000000,1.7548233803e-02,-1.1355094453e-02,9.4019230604e-03,9.6486826429e-01,9.8056413874e-01,1.5695874452e-02,1.5957157358e-02,4.1784744165e-06,1.5904100944e-02
25.000000,748.000,65.000000,245.000000,1.7654370385e-02,-1.0820016575e-02,9.6961227922e-03,9.6486826429e-01,9.8056413874e-01,1.5695874452e-02,1.5581850203e-02,1.3351811880e-06,1.6000293355e-02
25.000000,748.000,65.000000,250.000000,1.7797556322e-02,-1.0306798479e-02,9.8987277862e-03,9.6486826429e-01,9.8056413874e-01,1.5695874452e-02,1.5213373638e-02,4.0687579102e-07,1.6130063885e-02
25.000000,748.000,65.000000,255.000000,1.7980299479e-02,-9.8242071559e-03,1.0011060346e-02,9.6486826429e-01,9.8056413874e-01,1.5695874452e-02,1.4857004435e-02,1.1931848132e-07,1.6295685431e-02
25.000000,748.000,65.000000,260.000000,1.8204127293e-02,-9.3798585357e-03,1.0035583661e-02,9.6486826429e-01,9.8056413874e-01,1.5695874452e-02,1.4517460323e-02,3.3988229711e-08,1.6498542322e-02
25.000000,748.000,65.000000,265.000000,1.8469486482e-02,-8.9800397197e-03,9.9757822383e-03,9.6486826429e-01,9.8056413874e-01,1.5695874452e-02,1.4198803148e-02,9.4944566751e-09,1.6739039421e-02
25.000000,748.000,65.000000,270.000000,1.8775674312e-02,-8.6295728530e-03,9.8360238424e-03,9.6486826429e-01,9.8056413874e-01,1.5695874452e-02,1.3904363062e-02,2.6262861736e-09,1.7016539836e-02
25.000000,748.000,65.000000,275.000000,1.9120803939e-02,-8.3317243626e-03,9.6214073660e-03,9.6486826429e-01,9.8056413874e-01,1.5695874452e-02,1.3636685676e-02,7.2641734600e-10,1.7329333505e-02
25.000000,748.000,65.000000,280.000000,1.9501805289e-02,-8.0881618928e-03,9.3376014171e-03,9.6486826429e-01,9.8056413874e-01,1.5695874452e-02,1.3397503430e-02,2.0288267911e-10,1.7674637995e-02
25.000000,748.000,65.000000,285.000000,1.9914461901e-02,-7.8989598186e-03,8.9906785687e-03,9.6486826429e-01,9.8056413874e-01,1.5695874452e-02,1.3187731671e-02,5.7773606282e-11,1.8048631895e-02
25.000000,748.000,65.000000,290.000000,2.0353483025e-02,-7.7626527423e-03,8.5869502590e-03,9.6486826429e-01,9.8056413874e-01,1.5695874452e-02,1.3007489177e-02,1.6935111073e-11,1.8446520159e-02
25.000000,748.000,65.000000,295.000000,2.0812609223e-02,-7.6763349235e-03,8.1328072115e-03,9.6486826429e-01,9.8056413874e-01,1.5695874452e-02,1.2856142157e-02,5.1579248346e-12,1.8862629808e-02
25.000000,748.000,65.000000,300.000000,2.1284748673e-02,-7.6358022028e-03,7.6345699791e-03,9.6486826429e-01,9.8056413874e-01,1.5695874452e-02,1.2732370010e-02,1.6471003617e-12,1.9290533467e-02
25.000000,748.000,65.000000,305.000000,2.1762140454e-02,-7.6357317001e-03,7.0983538117e-03,9.6486826429e-01,9.8056413874e-01,1.5695874452e-02,1.2634250504e-02,5.5628645466e-13,1.9723197356e-02
25.000000,748.000,65.000000,310.000000,2.2236540243e-02,-7.6698934309e-03,6.5299515216e-03,9.6486826429e-01,9.8056413874e-01,1.5695874452e-02,1.2559361424e-02,2.0035598827e-13,2.0153149579e-02
25.000000,748.000,65.000000,315.000000,2.2699423166e-02,-7.7313870315e-03,5.9347373816e-03,9.6486826429e-01,9.8056413874e-01,1.5695874452e-02,1.2504895305e-02,7.7555548892e-14,2.0572663977e-02
25.000000,748.000,65.000000,320.000000,2.3142197999e-02,-7.8128960388e-03,5.3175943692e-03,9.6486826429e-01,9.8056413874e-01,1.5695874452e-02,1.2467783409e-02,3.2499344586e-14,2.0973954256e-02
25.000000,748.000,65.000000,325.000000,2.3556426551e-02,-7.9069516608e-03,4.6828662769e-03,9.6486826429e-01,9.8056413874e-01,1.5695874452e-02,1.2444824926e-02,1.4841261708e-14,2.1349372818e-02
25.000000,748.000,65.000000,330.000000,2.3934041888e-02,-8.0061977049e-03,4.0343353805e-03,9.6486826429e-01,9.8056413874e-01,1.5695874452e-02,1.2432817164e-02,7.4302134035e-15,2.1691608538e-02
25.000000,748.000,65.000000,335.000000,2.4267559046e-02,-8.1036483278e-03,3.3752255084e-03,9.6486826429e-01,9.8056413874e-01,1.5695874452e-02,1.2428682548e-02,4.0997926906e-15,2.1993877736e-02
25.000000,748.000,65.000000,340.000000,2.4550272104e-02,-8.1929305127e-03,2.7082295207e-03,9.6486826429e-01,9.8056413874e-01,1.5695874452e-02,1.2429588331e-02,2.5045329096e-15,2.2250102782e-02
25.000000,748.000,65.000000,345.000000,2.4776431850e-02,-8.2685036784e-03,2.0355594099e-03,9.6486826429e-01,9.8056413874e-01,1.5695874452e-02,1.2433055176e-02,1.7003276538e-15,2.2455073121e-02
25.000000,748.000,65.000000,350.000000,2.4941398849e-02,-8.3258495477e-03,1.3590164940e-03,9.6486826429e-01,9.8056413874e-01,1.5695874452e-02,1.2437051154e-02,1.2866669704e-15,2.2604583996e-02
25.000000,748.000,65.000000,355.000000,2.5041767419e-02,-8.3616263442e-03,6.8007852752e-04,9.6486826429e-01,9.8056413874e-01,1.5695874452e-02,1.2440068142e-02,1.0875611398e-15,2.2695548813e-02
25.000000,748.000,70.000000,0.000000,3.0104898455e-02,-1.2306643132e-02,1.3480592159e-18,9.6486826429e-01,9.8056413874e-01,1.5695874452e-02,1.2417480188e-02,1.8969668157e-18,2.7284303898e-02
25.000000,748.000,70.000000,5.000000,3.0064315187e-02,-1.2289091279e-02,-9.6003678365e-04,9.6486826429e-01,9.8056413874e-01,1.5695874452e-02,1.2413425792e-02,2.0268209010e-18,2.7247522966e-02
25.000000,748.000,70.000000,10.000000,2.9943472185e-02,-1.2237293739e-02,-1.9166372089e-03,9.6486826429e-01,9.8056413874e-01,1.5695874452e-02,1.2401618407e-02,2.4709412842e-18,2.7138002012e-02
25.000000,748.000,70.000000,15.000000,2.9745064792e-02,-1.2153796038e-02,-2.8662734789e-03,9.6486826429e-01,9.8056413874e-01,1.5695874452e-02,1.2383112858e-02,3.4319662508e-18,2.6958183847e-02
25.000000,748.000,70.000000,20.000000,2.9473502425e-02,-1.2042746459e-02,-3.8052391894e-03,9.6486826429e-01,9.8056413874e-01,1.5695874452e-02,1.2359625646e-02,5.4170944798e-18,2.6712064759e-02
25.000000,748.000,70.000000,25.000000,2.9134786914e-02,-1.1909757745e-02,-4.7295705551e-03,9.6486826429e-01,9.8056413874e-01,1.5695874452e-02,1.2333474005e-02,9.6831723161e-18,2.6405084254e-02
25.000000,748.000,70.000000,30.000000,2.8736347268e-02,-1.1761719517e-02,-5.6349798843e-03,9.6486826429e-01,9.8056413874e-01,1.5695874452e-02,1.2307493296e-02,1.9515039151e-17,2.6043975300e-02
25.000000,748.000,70.000000,35.000000,2.8286835729e-02,-1.1606567254e-02,-6.5168047434e-03,9.6486826429e-01,9.8056413874e-01,1.5695874452e-02,1.2284935320e-02,4.4105944363e-17,2.5636579491e-02
25.000000,748.000,70.000000,40.000000,2.7795891166e-02,-1.1453015020e-02,-7.3699757360e-03,9.6486826429e-01,9.8056413874e-01,1.5695874452e-02,1.2269350773e-02,1.1109566246e-16,2.5191632611e-02
25.000000,748.000,70.000000,45.000000,2.7273876796e-02,-1.1310260250e-02,-8.1890051975e-03,9.6486826429e-01,9.8056413874e-01,1.5695874452e-02,1.2264459559e-02,3.0967613084e-16,2.4718526923e-02
25.000000,748.000,70.000000,50.000000,2.6731599959e-02,-1.1187669798e-02,-8.9679984093e-03,9.6486826429e-01,9.8056413874e-01,1.5695874452e-02,1.2274013046e-02,9.4783604098e-16,2.4227057203e-02
25.000000,748.000,70.000000,55.000000,2.6180022203e-02,-1.1094457056e-02,-9.7006881727e-03,9.6486826429e-01,9.8056413874e-01,1.5695874452e-02,1.2301652674e-02,3.1584202005e-15,2.3727157987e-02
25.000000,748.000,70.000000,60.000000,2.5629968199e-02,-1.1039360238e-02,-1.0380492794e-02,9.6486826429e-01,9.8056413874e-01,1.5695874452e-02,1.2350769382e-02,1.1353633197e-14,2.3228639760e-02
25.000000,748.000,70.000000,65.000000,2.5091842007e-02,-1.1030331926e-02,-1.1000596727e-02,9.6486826429e-01,9.8056413874e-01,1.5695874452e-02,1.2424368380e-02,4.3600996418e-14,2.2740931802e-02
25.000000,748.000,70.000000,70.000000,2.4575358968e-02,-1.1074249651e-02,-1.1554052327e-02,9.6486826429e-01,9.8056413874e-01,1.5695874452e-02,1.2524943607e-02,1.7705431955e-13,2.2272839202e-02
25.000000,748.000,70.000000,75.000000,2.4089301007e-02,-1.1176656669e-02,-1.2033900436e-02,9.6486826429e-01,9.8056413874e-01,1.5695874452e-02,1.2654365954e-02,7.5220212542e-13,2.1832321087e-02
25.000000,748.000,70.000000,80.000000,2.3641302398e-02,-1.1341541187e-02,-1.2433306808e-02,9.6486826429e-01,9.8056413874e-01,1.5695874452e-02,1.2813788924e-02,3.3067569969e-12,2.1426296459e-02
25.000000,748.000,70.000000,85.000000,2.3237672096e-02,-1.1571161152e-02,-1.2745710820e-02,9.6486826429e-01,9.8056413874e-01,1.5695874452e-02,1.3003574873e-02,1.4873728949e-11,2.1060483173e-02
25.000000,748.000,70.000000,90.000000,2.2883257625e-02,-1.1865920331e-02,-1.2964982377e-02,9.6486826429e-01,9.8056413874e-01,1.5695874452e-02,1.3223244379e-02,6.7674105697e-11,2.0739274579e-02
25.000000,748.000,70.000000,95.000000,2.2581354235e-02,-1.2224299869e-02,-1.3085582590e-02,9.6486826429e-01,9.8056413874e-01,1.5695874452e-02,1.3471450570e-02,3.0789860473e-10,2.0465657185e-02
25.000000,748.000,70.000000,100.000000,2.2333661652e-02,-1.2642847840e-02,-1.3102723517e-02,9.6486826429e-01,9.8056413874e-01,1.5695874452e-02,1.3745979502e-02,1.3847538179e-09,2.0241171468e-02
25.000000,748.000,70.000000,105.000000,2.2140289311e-02,-1.3116227530e-02,-1.3012522195e-02,9.6486826429e-01,9.8056413874e-01,1.5695874452e-02,1.4043776881e-02,6.0862723547e-09,2.0065916610e-02
25.000000,748.000,70.000000,110.000000,2.1999809479e-02,-1.3637323414e-02,-1.2812144210e-02,9.6486826429e-01,9.8056413874e-01,1.5695874452e-02,1.4361000625e-02,2.5849552788e-08,1.9938598644e-02
25.000000,748.000,70.000000,115.000000,2.1909356211e-02,-1.4197402052e-02,-1.2499932248e-02,9.6486826429e-01,9.8056413874e-01,1.5695874452e-02,1.4693097988e-02,1.0492960133e-07,1.9856620143e-02
25.000000,748.000,70.000000,120.000000,2.1864766734e-02,-1.4786323410e-02,-1.2075515403e-02,9.6486826429e-01,9.8056413874e-01,1.5695874452e-02,1.5034905177e-02,4.0276797835e-07,1.9816208352e-02
25.000000,748.000,70.000000,125.000000,2.1860760525e-02,-1.5392796623e-02,-1.1539895465e-02,9.6486826429e-01,9.8056413874e-01,1.5695874452e-02,1.5380766762e-02,1.4470250893e-06,1.9812577495e-02
25.000000,748.000,70.000000,130.000000,2.1891150259e-02,-1.6004672800e-02,-1.0895507001e-02,9.6486826429e-01,9.8056413874e-01,1.5695874452e-02,1.5724671509e-02,4.8187217199e-06,1.9840119947e-02
25.000000,748.000,70.000000,135.000000,2.1949077819e-02,-1.6609266386e-02,-1.0146248717e-02,9.6486826429e-01,9.8056413874e-01,1.5695874452e-02,1.6060400802e-02,1.4738178935e-05,1.9892620145e-02
25.000000,748.000,70.000000,140.000000,2.2027267846e-02,-1.7193695653e-02,-9.2974843280e-03,9.6486826429e-01,9.8056413874e-01,1.5695874452e-02,1.6381685393e-02,4.1050235963e-05,1.9963484376e-02
25.000000,748.000,70.000000,145.000000,2.2118290773e-02,-1.7745232339e-02,-8.3560120353e-03,9.6486826429e-01,9.8056413874e-01,1.5695874452e-02,1.6682365966e-02,1.0331464878e-04,2.0045979164e-02
25.000000,748.000,70.000000,150.000000,2.2214827029e-02,-1.8251650105e-02,-7.3300024931e-03,9.6486826429e-01,9.8056413874e-01,1.5695874452e-02,1.6956552866e-02,2.3331043533e-04,2.0133470724e-02
25.000000,748.000,70.000000,155.000000,2.2309924098e-02,-1.8701561547e-02,-6.2289060766e-03,9.6486826429e-01,9.8056413874e-01,1.5695874452e-02,1.7198780349e-02,4.6983386231e-04,2.0219657938e-02
25.000000,748.000,70.000000,160.000000,2.2397238359e-02,-1.9084733746e-02,-5.0633310725e-03,9.6486826429e-01,9.8056413874e-01,1.5695874452e-02,1.7404150844e-02,8.3923696709e-04,2.0298791533e-02
25.000000,748.000,70.000000,165.000000,2.2471254119e-02,-1.9392373034e-02,-3.8448952384e-03,9.6486826429e-01,9.8056413874e-01,1.5695874452e-02,1.7568465028e-02,1.3238675005e-03,2.0365872593e-02
25.000000,748.000,70.000000,170.000000,2.2527472995e-02,-1.9617370504e-02,-2.5860539178e-03,9.6486826429e-01,9.8056413874e-01,1.5695874452e-02,1.7688333888e-02,1.8379105483e-03,2.0416824198e-02
25.000000,748.000,70.000000,175.000000,2.2562567713e-02,-1.9754500971e-02,-1.2999085540e-03,9.6486826429e-01,9.8056413874e-01,1.5695874452e-02,1.7761269487e-02,2.2399879474e-03,2.0448630813e-02
25.000000,748.000,70.000000,180.000000,2.2574495524e-02,-1.9800569477e-02,-3.6548912360e-18,9.6486826429e-01,9.8056413874e-01,1.5695874452e-02,1.7785751776e-02,2.3930870413e-03,2.0459441082e-02
25.000000,748.000,70.000000,185.000000,2.2562567713e-02,-1.9754500971e-02,1.2999085540e-03,9.6486826429e-01,9.8056413874e-01,1.5695874452e-02,1.7761269487e-02,2.2399879474e-03,2.0448630813e-02
25.000000,748.000,70.000000,190.000000,2.2527472995e-02,-1.9617370504e-02,2.5860539178e-03,9.6486826429e-01,9.8056413874e-01,1.5695874452e-02,1.7688333888e-02,1.8379105483e-03,2.0416824198e-02
25.000000,748.000,70.000000,195.000000,2.2471254119e-02,-1.9392373034e-02,3.8448952384e-03,9.6486826429e-01,9.8056413874e-01,1.5695874452e-02,1.7568465028e-02,1.3238675005e-03,2.0365872593e-02
25.000000,748.000,70.000000,200.000000,2.2397238359e-02,-1.9084733746e-02,5.0633310725e-03,9.6486826429e-01,9.8056413874e-01,1.5695874452e-02,1.7404150844e-02,8.3923696709e-04,2.0298791533e-02
25.000000,748.000,70.000000,205.000000,2.2309924098e-02,-1.8701561547e-02,6.2289060766e-03,9.6486826429e-01,9.8056413874e-01,1.5695874452e-02,1.7198780349e-02,4.6983386231e-04,2.0219657938e-02
25.000000,748.000,70.000000,210.000000,2.2214827029e-02,-1.8251650105e-02,7.3300024931e-03,9.6486826429e-01,9.8056413874e-01,1.5695874452e-02,1.6956552866e-02,2.3331043533e-04,2.0133470724e-02
25.000000,748.000,70.000000,215.000000,2.2118290773e-02,-1.7745232339e-02,8.3560120353e-03,9.6486826429e-01,9.8056413874e-01,1.5695874452e-02,1.6682365966e-02,1.0331464878e-04,2.0045979164e-02
25.000000,748.000,70.000000,220.000000,2.2027267846e-02,-1.7193695653e-02,9.2974843280e-03,9.6486826429e-01,9.8056413874e-01,1.5695874452e-02,1.6381685393e-02,4.1050235963e-05,1.9963484376e-02
25.000000,748.000,70.000000,225.000000,2.1949077819e-02,-1.6609266386e-02,1.0146248717e-02,9.6486826429e-01,9.8056413874e-01,1.5695874452e-02,1.6060400802e-02,1.4738178935e-05,1.9892620145e-02
25.000000,748.000,70.000000,230.000000,2.1891150259e-02,-1.6004672800e-02,1.0895507001e-02,9.6486826429e-01,9.8056413874e-01,1.5695874452e-02,1.5724671509e-02,4.8187217199e-06,1.9840119947e-02
25.000000,748.000,70.000000,235.000000,2.1860760525e-02,-1.5392796623e-02,1.1539895465e-02,9.6486826429e-01,9.8056413874e-01,1.5695874452e-02,1.5380766762e-02,1.4470250893e-06,1.9812577495e-02
25.000000,748.000,70.000000,240.000000,2.1864766734e-02,-1.4786323410e-02,1.2075515403e-02,9.6486826429e-01,9.8056413874e-01,1.5695874452e-02,1.5034905177e-02,4.0276797835e-07,1.9816208352e-02
25.000000,748.000,70.000000,245.000000,2.1909356211e-02,-1.4197402052e-02,1.2499932248e-02,9.6486826429e-01,9.8056413874e-01,1.5695874452e-02,1.4693097988e-02,1.0492960133e-07,1.9856620143e-02
25.000000,748.000,70.000000,250.000000,2.1999809479e-02,-1.3637323414e-02,1.2812144210e-02,9.6486826429e-01,9.8056413874e-01,1.5695874452e-02,1.4361000625e-02,2.5849552788e-08,1.9938598644e-02
25.000000,748.000,70.000000,255.000000,2.2140289311e-02,-1.3116227530e-02,1.3012522195e-02,9.6486826429e-01,9.8056413874e-01,1.5695874452e-02,1.4043776881e-02,6.0862723547e-09,2.0065916610e-02
25.000000,748.000,70.000000,260.000000,2.2333661652e-02,-1.2642847840e-02,1.3102723517e-02,9.6486826429e-01,9.8056413874e-01,1.5695874452e-02,1.3745979502e-02,1.3847538179e-09,2.0241171468e-02
25.000000,748.000,70.000000,265.000000,2.2581354235e-02,-1.2224299869e-02,1.3085582590e-02,9.6486826429e-01,9.8056413874e-01,1.5695874452e-02,1.3471450570e-02,3.0789860473e-10,2.0465657185e-02
25.000000,748.000,70.000000,270.000000,2.2883257625e-02,-1.1865920331e-02,1.2964982377e-02,9.6486826429e-01,9.8056413874e-01,1.5695874452e-02,1.3223244379e-02,6.7674105697e-11,2.0739274579e-02
25.000000,748.000,70.000000,275.000000,2.3237672096e-02,-1.1571161152e-02,1.2745710820e-02,9.6486826429e-01,9.8056413874e-01,1.5695874452e-02,1.3003574873e-02,1.4873728949e-11,2.1060483173e-02
25.000000,748.000,70.000000,280.000000,2.3641302398e-02,-1.1341541187e-02,1.2433306808e-02,9.6486826429e-01,9.8056413874e-01,1.5695874452e-02,1.2813788924e-02,3.3067569969e-12,2.1426296459e-02
25.000000,748.000,70.000000,285.000000,2.4089301007e-02,-1.1176656669e-02,1.2033900436e-02,9.6486826429e-01,9.8056413874e-01,1.5695874452e-02,1.2654365954e-02,7.5220212542e-13,2.1832321087e-02
25.000000,748.000,70.000000,290.000000,2.4575358968e-02,-1.1074249651e-02,1.1554052327e-02,9.6486826429e-01,9.8056413874e-01,1.5695874452e-02,1.2524943607e-02,1.7705431955e-13,2.2272839202e-02
25.000000,748.000,70.000000,295.000000,2.5091842007e-02,-1.1030331926e-02,1.1000596727e-02,9.6486826429e-01,9.8056413874e-01,1.5695874452e-02,1.2424368380e-02,4.3600996418e-14,2.2740931802e-02
25.000000,748.000,70.000000,300.000000,2.5629968199e-02,-1.1039360238e-02,1.0380492794e-02,9.6486826429e-01,9.8056413874e-01,1.5695874452e-02,1.2350769382e-02,1.1353633197e-14,2.3228639760e-02
25.000000,748.000,70.000000,305.000000,2.6180022203e-02,-1.1094457056e-02,9.7006881727e-03,9.6486826429e-01,9.8056413874e-01,1.5695874452e-02,1.2301652674e-02,3.1584202005e-15,2.3727157987e-02
25.000000,748.000,70.000000,310.000000,2.6731599959e-02,-1.1187669798e-02,8.9679984093e-03,9.6486826429e-01,9.8056413874e-01,1.5695874452e-02,1.2274013046e-02,9.4783604098e-16,2.4227057203e-02
25.000000,748.000,70.000000,315.000000,2.7273876796e-02,-1.1310260250e-02,8.1890051975e-03,9.6486826429e-01,9.8056413874e-01,1.5695874452e-02,1.2264459559e-02,3.0967613084e-16,2.4718526923e-02
25.000000,748.000,70.000000,320.000000,2.7795891166e-02,-1.1453015020e-02,7.3699757360e-03,9.6486826429e-01,9.8056413874e-01,1.5695874452e-02,1.2269350773e-02,1.1109566246e-16,2.5191632611e-02
25.000000,748.000,70.000000,325.000000,2.8286835729e-02,-1.1606567254e-02,6.5168047434e-03,9.6486826429e-01,9.8056413874e-01,1.5695874452e-02,1.2284935320e-02,4.4105944363e-17,2.5636579491e-02
25.000000,748.000,70.000000,330.000000,2.8736347268e-02,-1.1761719517e-02,5.6349798843e-03,9.6486826429e-01,9.8056413874e-01,1.5695874452e-02,1.2307493296e-02,1.9515039151e-17,2.6043975300e-02
25.000000,748.000,70.000000,335.000000,2.9134786914e-02,-1.1909757745e-02,4.7295705551e-03,9.6486826429e-01,9.8056413874e-01,1.5695874452e-02,1.2333474005e-02,9.6831723161e-18,2.6405084254e-02
25.000000,748.000,70.000000,340.000000,2.9473502425e-02,-1.2042746459e-02,3.8052391894e-03,9.6486826429e-01,9.8056413874e-01,1.5695874452e-02,1.2359625646e-02,5.4170944798e-18,2.6712064759e-02
25.000000,748.000,70.000000,345.000000,2.9745064792e-02,-1.2153796038e-02,2.8662734789e-03,9.6486826429e-01,9.8056413874e-01,1.5695874452e-02,1.2383112858e-02,3.4319662508e-18,2.6958183847e-02
25.000000,748.000,70.000000,350.000000,2.9943472185e-02,-1.2237293739e-02,1.9166372089e-03,9.6486826429e-01,9.8056413874e-01,1.5695874452e-02,1.2401618407e-02,2.4709412842e-18,2.7138002012e-02
25.000000,748.000,70.000000,355.000000,3.0064315187e-02,-1.2289091279e-02,9.6003678365e-04,9.6486826429e-01,9.8056413874e-01,1.5695874452e-02,1.2413425792e-02,2.0268209010e-18,2.7247522966e-02
25.000000,748.000,75.000000,0.000000,3.7963563382e-02,-1.8219669476e-02,1.9604610513e-18,9.6486826429e-01,9.8056413874e-01,1.5695874452e-02,1.2624667931e-02,9.8363811328e-22,3.4406673117e-02
25.000000,748.000,75.000000,5.000000,3.7913150761e-02,-1.8193057449e-02,-1.3958333032e-03,9.6486826429e-01,9.8056413874e-01,1.5695874452e-02,1.2617471345e-02,1.0638117222e-21,3.4360983766e-02
25.000000,748.000,75.000000,10.000000,3.7763124242e-02,-1.8114348842e-02,-2.7846869250e-03,9.6486826429e-01,9.8056413874e-01,1.5695874452e-02,1.2596278509e-02,1.3449096316e-21,3.4225013564e-02
25.000000,748.000,75.000000,15.000000,3.7517083494e-02,-1.7986889387e-02,-4.1595235992e-03,9.6486826429e-01,9.8056413874e-01,1.5695874452e-02,1.2562266769e-02,1.9840041234e-21,3.4002024918e-02
25.000000,748.000,75.000000,20.000000,3.7180914431e-02,-1.7816134155e-02,-5.5131946916e-03,9.6486826429e-01,9.8056413874e-01,1.5695874452e-02,1.2517354066e-02,3.4050513015e-21,3.3697352278e-02
25.000000,748.000,75.000000,25.000000,3.6762622470e-02,-1.7609469767e-02,-6.8383938902e-03,9.6486826429e-01,9.8056413874e-01,1.5695874452e-02,1.2464133927e-02,6.7708816932e-21,3.3318251016e-02
25.000000,748.000,75.000000,30.000000,3.6272106107e-02,-1.7375973221e-02,-8.1276217803e-03,9.6486826429e-01,9.8056413874e-01,1.5695874452e-02,1.2405787308e-02,1.5517741235e-20,3.2873692217e-02
25.000000,748.000,75.000000,35.000000,3.5720877547e-02,-1.7126114804e-02,-9.3731643406e-03,9.6486826429e-01,9.8056413874e-01,1.5695874452e-02,1.2345974042e-02,4.0730985699e-20,3.2374109481e-02
25.000000,748.000,75.000000,40.000000,3.5121738725e-02,-1.6871414262e-02,-1.0567087912e-02,9.6486826429e-01,9.8056413874e-01,1.5695874452e-02,1.2288707275e-02,1.2154511128e-19,3.1831105300e-02
25.000000,748.000,75.000000,45.000000,3.4488422364e-02,-1.6624060893e-02,-1.1701252611e-02,9.6486826429e-01,9.8056413874e-01,1.5695874452e-02,1.2238214818e-02,4.0892692789e-19,3.1257125751e-02
25.000000,748.000,75.000000,50.000000,3.3835208750e-02,-1.6396509301e-02,-1.2767345521e-02,9.6486826429e-01,9.8056413874e-01,1.5695874452e-02,1.2198791754e-02,1.5368572754e-18,3.0665113166e-02
25.000000,748.000,75.000000,55.000000,3.3176529596e-02,-1.6201063390e-02,-1.3756934271e-02,9.6486826429e-01,9.8056413874e-01,1.5695874452e-02,1.2174648919e-02,6.3873458813e-18,3.0068147120e-02
25.000000,748.000,75.000000,60.000000,3.2526570765e-02,-1.6049461492e-02,-1.4661540896e-02,9.6486826429e-01,9.8056413874e-01,1.5695874452e-02,1.2169762032e-02,2.9039891343e-17,2.9479084370e-02
25.000000,748.000,75.000000,65.000000,3.1898885589e-02,-1.5952475563e-02,-1.5472735121e-02,9.6486826429e-01,9.8056413874e-01,1.5695874452e-02,1.2187726215e-02,1.4277459245e-16,2.8910208407e-02
25.000000,748.000,75.000000,70.000000,3.1306030210e-02,-1.5919536961e-02,-1.6182245487e-02,9.6486826429e-01,9.8056413874e-01,1.5695874452e-02,1.2231620530e-02,7.4993775671e-16,2.8372898961e-02
25.000000,748.000,75.000000,75.000000,3.0759231656e-02,-1.5958400527e-02,-1.6782086040e-02,9.6486826429e-01,9.8056413874e-01,1.5695874452e-02,1.2303886836e-02,4.1556395849e-15,2.7877331173e-02
25.000000,748.000,75.000000,80.000000,3.0268098363e-02,-1.6074857555e-02,-1.7264695690e-02,9.6486826429e-01,9.8056413874e-01,1.5695874452e-02,1.2406226853e-02,2.3979120811e-14,2.7432213245e-02
25.000000,748.000,75.000000,85.000000,2.9840381548e-02,-1.6272506764e-02,-1.7623086783e-02,9.6486826429e-01,9.8056413874e-01,1.5695874452e-02,1.2539520805e-02,1.4217476527e-13,2.7044570165e-02
25.000000,748.000,75.000000,90.000000,2.9481794268e-02,-1.6552590639e-02,-1.7850998996e-02,9.6486826429e-01,9.8056413874e-01,1.5695874452e-02,1.2703770300e-02,8.5452932039e-13,2.6719579721e-02
25.000000,748.000,75.000000,95.000000,2.9195893264e-02,-1.6913902509e-02,-1.7943054329e-02,9.6486826429e-01,9.8056413874e-01,1.5695874452e-02,1.2898067452e-02,5.1359648896e-12,2.6460465415e-02
25.000000,748.000,75.000000,100.000000,2.8984026742e-02,-1.7352767635e-02,-1.7894908731e-02,9.6486826429e-01,9.8056413874e-01,1.5695874452e-02,1.3120591390e-02,3.0449611282e-11,2.6268449136e-02
25.000000,748.000,75.000000,105.000000,2.8845349257e-02,-1.7863099276e-02,-1.7703395871e-02,9.6486826429e-01,9.8056413874e-01,1.5695874452e-02,1.3368632517e-02,1.7568037566e-10,2.6142764651e-02
25.000000,748.000,75.000000,110.000000,2.8776902834e-02,-1.8436528471e-02,-1.7366658574e-02,9.6486826429e-01,9.8056413874e-01,1.5695874452e-02,1.3638643999e-02,9.7331054843e-10,2.6080731125e-02
25.000000,748.000,75.000000,115.000000,2.8773761423e-02,-1.9062604008e-02,-1.6884263673e-02,9.6486826429e-01,9.8056413874e-01,1.5695874452e-02,1.3926319172e-02,5.1109680279e-09,2.6077884040e-02
25.000000,748.000,75.000000,120.000000,2.8829233890e-02,-1.9729056917e-02,-1.6257296332e-02,9.6486826429e-01,9.8056413874e-01,1.5695874452e-02,1.4226692736e-02,2.5118342130e-08,2.6128159169e-02
25.000000,748.000,75.000000,125.000000,2.8935118978e-02,-2.0422121853e-02,-1.5488430370e-02,9.6486826429e-01,9.8056413874e-01,1.5695874452e-02,1.4534262885e-02,1.1414205859e-07,2.6224123649e-02
25.000000,748.000,75.000000,130.000000,2.9082004085e-02,-2.1126905997e-02,-1.4581971649e-02,9.6486826429e-01,9.8056413874e-01,1.5695874452e-02,1.4843130895e-02,4.7408676143e-07,2.6357246765e-02
25.000000,748.000,75.000000,135.000000,2.9259598410e-02,-2.1827794648e-02,-1.3543872272e-02,9.6486826429e-01,9.8056413874e-01,1.5695874452e-02,1.5147154117e-02,1.7803971148e-06,2.6518201885e-02
25.000000,748.000,75.000000,140.000000,2.9457089989e-02,-2.2508881520e-02,-1.2381714039e-02,9.6486826429e-01,9.8056413874e-01,1.5695874452e-02,1.5440107946e-02,5.9847841359e-06,2.6697190040e-02
25.000000,748.000,75.000000,145.000000,2.9663515427e-02,-2.3154411034e-02,-1.1104660439e-02,9.6486826429e-01,9.8056413874e-01,1.5695874452e-02,1.5715852024e-02,1.7842205746e-05,2.6884275022e-02
25.000000,748.000,75.000000,150.000000,2.9868130786e-02,-2.3749219450e-02,-9.7233772161e-03,9.6486826429e-01,9.8056413874e-01,1.5695874452e-02,1.5968495795e-02,4.6785794239e-05,2.7069719516e-02
25.000000,748.000,75.000000,155.000000,3.0060772067e-02,-2.4279161742e-02,-8.2499224422e-03,9.6486826429e-01,9.8056413874e-01,1.5695874452e-02,1.6192558556e-02,1.0711986976e-04,2.7244311808e-02
25.000000,748.000,75.000000,160.000000,3.0232194073e-02,-2.4731511493e-02,-6.6976077789e-03,9.6486826429e-01,9.8056413874e-01,1.5695874452e-02,1.6383119274e-02,2.1281054506e-04,2.7399672908e-02
25.000000,748.000,75.000000,165.000000,3.0374377141e-02,-2.5095321891e-02,-5.0808334296e-03,9.6486826429e-01,9.8056413874e-01,1.5695874452e-02,1.6535951749e-02,3.6494746098e-04,2.7528534529e-02
25.000000,748.000,75.000000,170.000000,3.0480792201e-02,-2.5361737049e-02,-3.4148999655e-03,9.6486826429e-01,9.8056413874e-01,1.5695874452e-02,1.6647641118e-02,5.3803973694e-04,2.7624979327e-02
25.000000,748.000,75.000000,175.000000,3.0546615976e-02,-2.5524244358e-02,-1.7158008494e-03,9.6486826429e-01,9.8056413874e-01,1.5695874452e-02,1.6715678269e-02,6.7994686678e-04,2.7684635926e-02
25.000000,748.000,75.000000,180.000000,3.0568889631e-02,-2.5578860327e-02,-4.8235454104e-18,9.6486826429e-01,9.8056413874e-01,1.5695874452e-02,1.6738529339e-02,7.3527032852e-04,2.7704822713e-02
25.000000,748.000,75.000000,185.000000,3.0546615976e-02,-2.5524244358e-02,1.7158008494e-03,9.6486826429e-01,9.8056413874e-01,1.5695874452e-02,1.6715678269e-02,6.7994686678e-04,2.7684635926e-02
25.000000,748.000,75.000000,190.000000,3.0480792201e-02,-2.5361737049e-02,3.4148999655e-03,9.6486826429e-01,9.8056413874e-01,1.5695874452e-02,1.6647641118e-02,5.3803973694e-04,2.7624979327e-02
25.000000,748.000,75.000000,195.000000,3.0374377141e-02,-2.5095321891e-02,5.0808334296e-03,9.6486826429e-01,9.8056413874e-01,1.5695874452e-02,1.6535951749e-02,3.6494746098e-04,2.7528534529e-02
25.000000,748.000,75.000000,200.000000,3.0232194073e-02,-2.4731511493e-02,6.6976077789e-03,9.6486826429e-01,9.8056413874e-01,1.5695874452e-02,1.6383119274e-02,2.1281054506e-04,2.7399672908e-02
25.000000,748.000,75.000000,205.000000,3.0060772067e-02,-2.4279161742e-02,8.2499224422e-03,9.6486826429e-01,9.8056413874e-01,1.5695874452e-02,1.6192558556e-02,1.0711986976e-04,2.7244311808e-02
25.000000,748.000,75.000000,210.000000,2.9868130786e-02,-2.3749219450e-02,9.7233772161e-03,9.6486826429e-01,9.8056413874e-01,1.5695874452e-02,1.5968495795e-02,4.6785794239e-05,2.7069719516e-02
25.000000,748.000,75.000000,215.000000,2.9663515427e-02,-2.3154411034e-02,1.1104660439e-02,9.6486826429e-01,9.8056413874e-01,1.5695874452e-02,1.5715852024e-02,1.7842205746e-05,2.6884275022e-02
25.000000,748.000,75.000000,220.000000,2.9457089989e-02,-2.2508881520e-02,1.2381714039e-02,9.6486826429e-01,9.8056413874e-01,1.5695874452e-02,1.5440107946e-02,5.9847841359e-06,2.6697190040e-02
25.000000,748.000,75.000000,225.000000,2.9259598410e-02,-2.1827794648e-02,1.3543872272e-02,9.6486826429e-01,9.8056413874e-01,1.5695874452e-02,1.5147154117e-02,1.7803971148e-06,2.6518201885e-02
25.000000,748.000,75.000000,230.000000,2.9082004085e-02,-2.1126905997e-02,1.4581971649e-02,9.6486826429e-01,9.8056413874e-01,1.5695874452e-02,1.4843130895e-02,4.7408676143e-07,2.6357246765e-02
25.000000,748.000,75.000000,235.000000,2.8935118978e-02,-2.0422121853e-02,1.5488430370e-02,9.6486826429e-01,9.8056413874e-01,1.5695874452e-02,1.4534262885e-02,1.1414205859e-07,2.6224123649e-02
25.000000,748.000,75.000000,240.000000,2.8829233890e-02,-1.9729056917e-02,1.6257296332e-02,9.6486826429e-01,9.8056413874e-01,1.5695874452e-02,1.4226692736e-02,2.5118342130e-08,2.6128159169e-02
25.000000,748.000,75.000000,245.000000,2.8773761423e-02,-1.9062604008e-02,1.6884263673e-02,9.6486826429e-01,9.8056413874e-01,1.5695874452e-02,1.3926319172e-02,5.1109680279e-09,2.6077884040e-02
25.000000,748.000,75.000000,250.000000,2.8776902834e-02,-1.8436528471e-02,1.7366658574e-02,9.6486826429e-01,9.8056413874e-01,1.5695874452e-02,1.3638643999e-02,9.7331054843e-10,2.6080731125e-02
25.000000,748.000,75.000000,255.000000,2.8845349257e-02,-1.7863099276e-02,1.7703395871e-02,9.6486826429e-01,9.8056413874e-01,1.5695874452e-02,1.3368632517e-02,1.7568037566e-10,2.6142764651e-02
25.000000,748.000,75.000000,260.000000,2.8984026742e-02,-1.7352767635e-02,1.7894908731e-02,9.6486826429e-01,9.8056413874e-01,1.5695874452e-02,1.3120591390e-02,3.0449611282e-11,2.6268449136e-02
25.000000,748.000,75.000000,265.000000,2.9195893264e-02,-1.6913902509e-02,1.7943054329e-02,9.6486826429e-01,9.8056413874e-01,1.5695874452e-02,1.2898067452e-02,5.1359648896e-12,2.6460465415e-02
25.000000,748.000,75.000000,270.000000,2.9481794268e-02,-1.6552590639e-02,1.7850998996e-02,9.6486826429e-01,9.8056413874e-01,1.5695874452e-02,1.2703770300e-02,8.5452932039e-13,2.6719579721e-02
25.000000,748.000,75.000000,275.000000,2.9840381548e-02,-1.6272506764e-02,1.7623086783e-02,9.6486826429e-01,9.8056413874e-01,1.5695874452e-02,1.2539520805e-02,1.4217476527e-13,2.7044570165e-02
25.000000,748.000,75.000000,280.000000,3.0268098363e-02,-1.6074857555e-02,1.7264695690e-02,9.6486826429e-01,9.8056413874e-01,1.5695874452e-02,1.2406226853e-02,2.3979120811e-14,2.7432213245e-02
25.000000,748.000,75.000000,285.000000,3.0759231656e-02,-1.5958400527e-02,1.6782086040e-02,9.6486826429e-01,9.8056413874e-01,1.5695874452e-02,1.2303886836e-02,4.1556395849e-15,2.7877331173e-02
25.000000,748.000,75.000000,290.000000,3.1306030210e-02,-1.5919536961e-02,1.6182245487e-02,9.6486826429e-01,9.8056413874e-01,1.5695874452e-02,1.2231620530e-02,7.4993775671e-16,2.8372898961e-02
25.000000,748.000,75.000000,295.000000,3.1898885589e-02,-1.5952475563e-02,1.5472735121e-02,9.6486826429e-01,9.8056413874e-01,1.5695874452e-02,1.2187726215e-02,1.4277459245e-16,2.8910208407e-02
25.000000,748.000,75.000000,300.000000,3.2526570765e-02,-1.6049461492e-02,1.4661540896e-02,9.6486826429e-01,9.8056413874e-01,1.5695874452e-02,1.2169762032e-02,2.9039891343e-17,2.9479084370e-02
25.000000,748.000,75.000000,305.000000,3.3176529596e-02,-1.6201063390e-02,1.3756934271e-02,9.6486826429e-01,9.8056413874e-01,1.5695874452e-02,1.2174648919e-02,6.3873458813e-18,3.0068147120e-02
25.000000,748.000,75.000000,310.000000,3.3835208750e-02,-1.6396509301e-02,1.2767345521e-02,9.6486826429e-01,9.8056413874e-01,1.5695874452e-02,1.2198791754e-02,1.5368572754e-18,3.0665113166e-02
25.000000,748.000,75.000000,315.000000,3.4488422364e-02,-1.6624060893e-02,1.1701252611e-02,9.6486826429e-01,9.8056413874e-01,1.5695874452e-02,1.2238214818e-02,4.0892692789e-19,3.1257125751e-02
25.000000,748.000,75.000000,320.000000,3.5121738725e-02,-1.6871414262e-02,1.0567087912e-02,9.6486826429e-01,9.8056413874e-01,1.5695874452e-02,1.2288707275e-02,1.2154511128e-19,3.1831105300e-02
25.000000,748.000,75.000000,325.000000,3.5720877547e-02,-1.7126114804e-02,9.3731643406e-03,9.6486826429e-01,9.8056413874e-01,1.5695874452e-02,1.2345974042e-02,4.0730985699e-20,3.2374109481e-02
25.000000,748.000,75.000000,330.000000,3.6272106107e-02,-1.7375973221e-02,8.1276217803e-03,9.6486826429e-01,9.8056413874e-01,1.5695874452e-02,1.2405787308e-02,1.5517741235e-20,3.2873692217e-02
25.000000,748.000,75.000000,335.000000,3.6762622470e-02,-1.7609469767e-02,6.8383938902e-03,9.6486826429e-01,9.8056413874e-01,1.5695874452e-02,1.2464133927e-02,6.7708816932e-21,3.3318251016e-02
25.000000,748.000,75.000000,340.000000,3.7180914431e-02,-1.7816134155e-02,5.5131946916e-03,9.6486826429e-01,9.8056413874e-01,1.5695874452e-02,1.2517354066e-02,3.4050513015e-21,3.3697352278e-02
25.000000,748.000,75.000000,345.000000,3.7517083494e-02,-1.7986889387e-02,4.1595235992e-03,9.6486826429e-01,9.8056413874e-01,1.5695874452e-02,1.2562266769e-02,1.9840041234e-21,3.4002024918e-02
25.000000,748.000,75.000000,350.000000,3.7763124242e-02,-1.8114348842e-02,2.7846869250e-03,9.6486826429e-01,9.8056413874e-01,1.5695874452e-02,1.2596278509e-02,1.3449096316e-21,3.4225013564e-02
25.000000,748.000,75.000000,355.000000,3.7913150761e-02,-1.8193057449e-02,1.3958333032e-03,9.6486826429e-01,9.8056413874e-01,1.5695874452e-02,1.2617471345e-02,1.0638117222e-21,3.4360983766e-02
25.000000,748.000,80.000000,0.000000,5.1751793572e-02,-2.8123723473e-02,3.0269115024e-18,9.6486826429e-01,9.8056413874e-01,1.5695874452e-02,1.2679981153e-02,1.0174181155e-25,4.6903053508e-02
25.000000,748.000,80.000000,5.000000,5.1685285919e-02,-2.8080708316e-02,-2.1547518747e-03,9.6486826429e-01,9.8056413874e-01,1.5695874452e-02,1.2669982054e-02,1.1168539633e-25,4.6842777103e-02
25.000000,748.000,80.000000,10.000000,5.1487481489e-02,-2.7953270798e-02,-4.2964288155e-03,9.6486826429e-01,9.8056413874e-01,1.5695874452e-02,1.2640407121e-02,1.4763119003e-25,4.6663505409e-02
25.000000,748.000,80.000000,15.000000,5.1163485966e-02,-2.7746183630e-02,-6.4119543979e-03,9.6486826429e-01,9.8056413874e-01,1.5695874452e-02,1.2592509715e-02,2.3448763876e-25,4.6369865743e-02
25.000000,748.000,80.000000,20.000000,5.0721643929e-02,-2.7467232413e-02,-8.4882522959e-03,9.6486826429e-01,9.8056413874e-01,1.5695874452e-02,1.2528333409e-02,4.4595263967e-25,4.5969420864e-02
25.000000,748.000,80.000000,25.000000,5.0173296727e-02,-2.7126967706e-02,-1.0512253915e-02,9.6486826429e-01,9.8056413874e-01,1.5695874452e-02,1.2450645417e-02,1.0105431113e-24,4.5472449525e-02
25.000000,748.000,80.000000,30.000000,4.9532453735e-02,-2.6738368667e-02,-1.2470914802e-02,9.6486826429e-01,9.8056413874e-01,1.5695874452e-02,1.2362846298e-02,2.7114946694e-24,4.4891648531e-02
25.000000,748.000,80.000000,35.000000,4.8815386867e-02,-2.6316428592e-02,-1.4351242233e-02,9.6486826429e-01,9.8056413874e-01,1.5695874452e-02,1.2268858712e-02,8.5503153375e-24,4.4241765245e-02
25.000000,748.000,80.000000,40.000000,4.8040160518e-02,-2.5877675104e-02,-1.6140335942e-02,9.6486826429e-01,9.8056413874e-01,1.5695874452e-02,1.2172998683e-02,3.1410379720e-23,4.3539171568e-02
25.000000,748.000,80.000000,45.000000,4.7226111019e-02,-2.5439639755e-02,-1.7825443454e-02,9.6486826429e-01,9.8056413874e-01,1.5695874452e-02,1.2079833347e-02,1.3309939627e-22,4.2801392168e-02
25.000000,748.000,80.000000,50.000000,4.6393291221e-02,-2.5020293371e-02,-1.9394030899e-02,9.6486826429e-01,9.8056413874e-01,1.5695874452e-02,1.1994029588e-02,6.4344902633e-22,4.2046601100e-02
25.000000,748.000,80.000000,55.000000,4.5561896828e-02,-2.4637464548e-02,-2.0833869563e-02,9.6486826429e-01,9.8056413874e-01,1.5695874452e-02,1.1920198262e-02,3.5065216640e-21,4.1293101887e-02
25.000000,748.000,80.000000,60.000000,4.4751691646e-02,-2.4308259217e-02,-2.2133137797e-02,9.6486826429e-01,9.8056413874e-01,1.5695874452e-02,1.1862738853e-02,2.1264640426e-20,4.0558806622e-02
25.000000,748.000,80.000000,65.000000,4.3981448906e-02,-2.4048499232e-02,-2.3280537224e-02,9.6486826429e-01,9.8056413874e-01,1.5695874452e-02,1.1825689385e-02,1.4154738261e-19,3.9860729629e-02
25.000000,748.000,80.000000,70.000000,4.3268425335e-02,-2.3872197346e-02,-2.4265421573e-02,9.6486826429e-01,9.8056413874e-01,1.5695874452e-02,1.1812586281e-02,1.0193997014e-18,3.9214510814e-02
25.000000,748.000,80.000000,75.000000,4.2627883593e-02,-2.3791084862e-02,-2.5077935859e-02,9.6486826429e-01,9.8056413874e-01,1.5695874452e-02,1.1826338571e-02,7.8246198930e-18,3.8633982845e-02
25.000000,748.000,80.000000,80.000000,4.2072677253e-02,-2.3814206667e-02,-2.5709163070e-02,9.6486826429e-01,9.8056413874e-01,1.5695874452e-02,1.1869120386e-02,6.3026756282e-17,3.8130795016e-02
25.000000,748.000,80.000000,85.000000,4.1612910550e-02,-2.3947596332e-02,-2.6151275086e-02,9.6486826429e-01,9.8056413874e-01,1.5695874452e-02,1.1942285174e-02,5.2436847390e-16,3.7714104872e-02
25.000000,748.000,80.000000,90.000000,4.1255682856e-02,-2.4194041516e-02,-2.6397684137e-02,9.6486826429e-01,9.8056413874e-01,1.5695874452e-02,1.2046304385e-02,4.4340105043e-15,3.7390346632e-02
25.000000,748.000,80.000000,95.000000,4.1004925259e-02,-2.4552947203e-02,-2.6443190872e-02,9.6486826429e-01,9.8056413874e-01,1.5695874452e-02,1.2180732635e-02,3.7492823138e-14,3.7163083069e-02
25.000000,748.000,80.000000,100.000000,4.0861333806e-02,-2.5020301323e-02,-2.6284124929e-02,9.6486826429e-01,9.8056413874e-01,1.5695874452e-02,1.2344200579e-02,3.1191109693e-13,3.7032945017e-02
25.000000,748.000,80.000000,105.000000,4.0822401045e-02,-2.5588744195e-02,-2.5918473865e-02,9.6486826429e-01,9.8056413874e-01,1.5695874452e-02,1.2534435849e-02,2.5120912722e-12,3.6997659953e-02
25.000000,748.000,80.000000,110.000000,4.0882544499e-02,-2.6247740083e-02,-2.5345996405e-02,9.6486826429e-01,9.8056413874e-01,1.5695874452e-02,1.2748311596e-02,1.9277768484e-11,3.7052168433e-02
25.000000,748.000,80.000000,115.000000,4.1033327776e-02,-2.6983846058e-02,-2.4568316162e-02,9.6486826429e-01,9.8056413874e-01,1.5695874452e-02,1.2981921301e-02,1.3878649246e-10,3.7188824491e-02
25.000000,748.000,80.000000,120.000000,4.1263767203e-02,-2.7781070370e-02,-2.3588992330e-02,9.6486826429e-01,9.8056413874e-01,1.5695874452e-02,1.3230677748e-02,9.2335603694e-10,3.7397673538e-02
25.000000,748.000,80.000000,125.000000,4.1560714283e-02,-2.8621309839e-02,-2.2413564287e-02,9.6486826429e-01,9.8056413874e-01,1.5695874452e-02,1.3489433295e-02,5.5956021033e-09,3.7666798990e-02
25.000000,748.000,80.000000,130.000000,4.1909301989e-02,-2.9484853331e-02,-2.1049567589e-02,9.6486826429e-01,9.8056413874e-01,1.5695874452e-02,1.3752617933e-02,3.0466011726e-08,3.7982726742e-02
25.000000,748.000,80.000000,135.000000,4.2293440966e-02,-3.0350936387e-02,-1.9506519467e-02,9.6486826429e-01,9.8056413874e-01,1.5695874452e-02,1.4014391086e-02,1.4711938802e-07,3.8330874888e-02
25.000000,748.000,80.000000,140.000000,4.2696350242e-02,-3.1198330476e-02,-1.7795872633e-02,9.6486826429e-01,9.8056413874e-01,1.5695874452e-02,1.4268802662e-02,6.2259751583e-07,3.8696034703e-02
25.000000,748.000,80.000000,145.000000,4.3101105991e-02,-3.2005949303e-02,-1.5930936957e-02,9.6486826429e-01,9.8056413874e-01,1.5695874452e-02,1.4509958597e-02,2.2838607789e-06,3.9062867990e-02
25.000000,748.000,80.000000,150.000000,4.3491191386e-02,-3.2753454029e-02,-1.3926769335e-02,9.6486826429e-01,9.8056413874e-01,1.5695874452e-02,1.4732185967e-02,7.1908225517e-06,3.9416405421e-02
25.000000,748.000,80.000000,155.000000,4.3851030560e-02,-3.3421839288e-02,-1.1800032853e-02,9.6486826429e-01,9.8056413874e-01,1.5695874452e-02,1.4930192764e-02,1.9264959656e-05,3.9742530466e-02
25.000000,748.000,80.000000,160.000000,4.4166490207e-02,-3.3993982441e-02,-9.5688271279e-03,9.6486826429e-01,9.8056413874e-01,1.5695874452e-02,1.5099217580e-02,4.3592388047e-05,4.0028434000e-02
25.000000,748.000,80.000000,165.000000,4.4425333366e-02,-3.4455139596e-02,-7.2524924044e-03,9.6486826429e-01,9.8056413874e-01,1.5695874452e-02,1.5235164731e-02,8.2801613959e-05,4.0263025571e-02
25.000000,748.000,80.000000,170.000000,4.4617611422e-02,-3.4793373494e-02,-4.8713906744e-03,9.6486826429e-01,9.8056413874e-01,1.5695874452e-02,1.5334720781e-02,1.3138988731e-04,4.0437288671e-02
25.000000,748.000,80.000000,175.000000,4.4735982243e-02,-3.4999900432e-02,-2.4466676608e-03,9.6486826429e-01,9.8056413874e-01,1.5695874452e-02,1.5395449003e-02,1.7357158029e-04,4.0544569068e-02
25.000000,748.000,80.000000,180.000000,4.4775944686e-02,-3.5069345779e-02,-6.8773127482e-18,9.6486826429e-01,9.8056413874e-01,1.5695874452e-02,1.5415858944e-02,1.9049553337e-04,4.0580787341e-02
25.000000,748.000,80.000000,185.000000,4.4735982243e-02,-3.4999900432e-02,2.4466676608e-03,9.6486826429e-01,9.8056413874e-01,1.5695874452e-02,1.5395449003e-02,1.7357158029e-04,4.0544569068e-02
25.000000,748.000,80.000000,190.000000,4.4617611422e-02,-3.4793373494e-02,4.8713906744e-03,9.6486826429e-01,9.8056413874e-01,1.5695874452e-02,1.5334720781e-02,1.3138988731e-04,4.0437288671e-02
25.000000,748.000,80.000000,195.000000,4.4425333366e-02,-3.4455139596e-02,7.2524924044e-03,9.6486826429e-01,9.8056413874e-01,1.5695874452e-02,1.5235164731e-02,8.2801613959e-05,4.0263025571e-02
25.000000,748.000,80.000000,200.000000,4.4166490207e-02,-3.3993982441e-02,9.5688271279e-03,9.6486826429e-01,9.8056413874e-01,1.5695874452e-02,1.5099217580e-02,4.3592388047e-05,4.0028434000e-02
25.000000,748.000,80.000000,205.000000,4.3851030560e-02,-3.3421839288e-02,1.1800032853e-02,9.6486826429e-01,9.8056413874e-01,1.5695874452e-02,1.4930192764e-02,1.9264959656e-05,3.9742530466e-02
25.000000,748.000,80.000000,210.000000,4.3491191386e-02,-3.2753454029e-02,1.3926769335e-02,9.6486826429e-01,9.8056413874e-01,1.5695874452e-02,1.4732185967e-02,7.1908225517e-06,3.9416405421e-02
25.000000,748.000,80.000000,215.000000,4.3101105991e-02,-3.2005949303e-02,1.5930936957e-02,9.6486826429e-01,9.8056413874e-01,1.5695874452e-02,1.4509958597e-02,2.2838607789e-06,3.9062867990e-02
25.000000,748.000,80.000000,220.000000,4.2696350242e-02,-3.1198330476e-02,1.7795872633e-02,9.6486826429e-01,9.8056413874e-01,1.5695874452e-02,1.4268802662e-02,6.2259751583e-07,3.8696034703e-02
25.000000,748.000,80.000000,225.000000,4.2293440966e-02,-3.0350936387e-02,1.9506519467e-02,9.6486826429e-01,9.8056413874e-01,1.5695874452e-02,1.4014391086e-02,1.4711938802e-07,3.8330874888e-02
25.000000,748.000,80.000000,230.000000,4.1909301989e-02,-2.9484853331e-02,2.1049567589e-02,9.6486826429e-01,9.8056413874e-01,1.5695874452e-02,1.3752617933e-02,3.0466011726e-08,3.7982726742e-02
25.000000,748.000,80.000000,235.000000,4.1560714283e-02,-2.8621309839e-02,2.2413564287e-02,9.6486826429e-01,9.8056413874e-01,1.5695874452e-02,1.3489433295e-02,5.5956021033e-09,3.7666798990e-02
25.000000,748.000,80.000000,240.000000,4.1263767203e-02,-2.7781070370e-02,2.3588992330e-02,9.6486826429e-01,9.8056413874e-01,1.5695874452e-02,1.3230677748e-02,9.2335603694e-10,3.7397673538e-02
25.000000,748.000,80.000000,245.000000,4.1033327776e-02,-2.6983846058e-02,2.4568316162e-02,9.6486826429e-01,9.8056413874e-01,1.5695874452e-02,1.2981921301e-02,1.3878649246e-10,3.7188824491e-02
25.000000,748.000,80.000000,250.000000,4.0882544499e-02,-2.6247740083e-02,2.5345996405e-02,9.6486826429e-01,9.8056413874e-01,1.5695874452e-02,1.2748311596e-02,1.9277768484e-11,3.7052168433e-02
25.000000,748.000,80.000000,255.000000,4.0822401045e-02,-2.5588744195e-02,2.5918473865e-02,9.6486826429e-01,9.8056413874e-01,1.5695874452e-02,1.2534435849e-02,2.5120912722e-12,3.6997659953e-02
25.000000,748.000,80.000000,260.000000,4.0861333806e-02,-2.5020301323e-02,2.6284124929e-02,9.6486826429e-01,9.8056413874e-01,1.5695874452e-02,1.2344200579e-02,3.1191109693e-13,3.7032945017e-02
25.000000,748.000,80.000000,265.000000,4.1004925259e-02,-2.4552947203e-02,2.6443190872e-02,9.6486826429e-01,9.8056413874e-01,1.5695874452e-02,1.2180732635e-02,3.7492823138e-14,3.7163083069e-02
25.000000,748.000,80.000000,270.000000,4.1255682856e-02,-2.4194041516e-02,2.6397684137e-02,9.6486826429e-01,9.8056413874e-01,1.5695874452e-02,1.2046304385e-02,4.4340105043e-15,3.7390346632e-02
25.000000,748.000,80.000000,275.000000,4.1612910550e-02,-2.3947596332e-02,2.6151275086e-02,9.6486826429e-01,9.8056413874e-01,1.5695874452e-02,1.1942285174e-02,5.2436847390e-16,3.7714104872e-02
25.000000,748.000,80.000000,280.000000,4.2072677253e-02,-2.3814206667e-02,2.5709163070e-02,9.6486826429e-01,9.8056413874e-01,1.5695874452e-02,1.1869120386e-02,6.3026756282e-17,3.8130795016e-02
25.000000,748.000,80.000000,285.000000,4.2627883593e-02,-2.3791084862e-02,2.5077935859e-02,9.6486826429e-01,9.8056413874e-01,1.5695874452e-02,1.1826338571e-02,7.8246198930e-18,3.8633982845e-02
25.000000,748.000,80.000000,290.000000,4.3268425335e-02,-2.3872197346e-02,2.4265421573e-02,9.6486826429e-01,9.8056413874e-01,1.5695874452e-02,1.1812586281e-02,1.0193997014e-18,3.9214510814e-02
25.000000,748.000,80.000000,295.000000,4.3981448906e-02,-2.4048499232e-02,2.3280537224e-02,9.6486826429e-01,9.8056413874e-01,1.5695874452e-02,1.1825689385e-02,1.4154738261e-19,3.9860729629e-02
25.000000,748.000,80.000000,300.000000,4.4751691646e-02,-2.4308259217e-02,2.2133137797e-02,9.6486826429e-01,9.8056413874e-01,1.5695874452e-02,1.1862738853e-02,2.1264640426e-20,4.0558806622e-02
25.000000,748.000,80.000000,305.000000,4.5561896828e-02,-2.4637464548e-02,2.0833869563e-02,9.6486826429e-01,9.8056413874e-01,1.5695874452e-02,1.1920198262e-02,3.5065216640e-21,4.1293101887e-02
25.000000,748.000,80.000000,310.000000,4.6393291221e-02,-2.5020293371e-02,1.9394030899e-02,9.6486826429e-01,9.8056413874e-01,1.5695874452e-02,1.1994029588e-02,6.4344902633e-22,4.2046601100e-02
25.000000,748.000,80.000000,315.000000,4.7226111019e-02,-2.5439639755e-02,1.7825443454e-02,9.6486826429e-01,9.8056413874e-01,1.5695874452e-02,1.2079833347e-02,1.3309939627e-22,4.2801392168e-02
25.000000,748.000,80.000000,320.000000,4.8040160518e-02,-2.5877675104e-02,1.6140335942e-02,9.6486826429e-01,9.8056413874e-01,1.5695874452e-02,1.2172998683e-02,3.1410379720e-23,4.3539171568e-02
25.000000,748.000,80.000000,325.000000,4.8815386867e-02,-2.6316428592e-02,1.4351242233e-02,9.6486826429e-01,9.8056413874e-01,1.5695874452e-02,1.2268858712e-02,8.5503153375e-24,4.4241765245e-02
25.000000,748.000,80.000000,330.000000,4.9532453735e-02,-2.6738368667e-02,1.2470914802e-02,9.6486826429e-01,9.8056413874e-01,1.5695874452e-02,1.2362846298e-02,2.7114946694e-24,4.4891648531e-02
25.000000,748.000,80.000000,335.000000,5.0173296727e-02,-2.7126967706e-02,1.0512253915e-02,9.6486826429e-01,9.8056413874e-01,1.5695874452e-02,1.2450645417e-02,1.0105431113e-24,4.5472449525e-02
25.000000,748.000,80.000000,340.000000,5.0721643929e-02,-2.7467232413e-02,8.4882522959e-03,9.6486826429e-01,9.8056413874e-01,1.5695874452e-02,1.2528333409e-02,4.4595263967e-25,4.5969420864e-02
25.000000,748.000,80.000000,345.000000,5.1163485966e-02,-2.7746183630e-02,6.4119543979e-03,9.6486826429e-01,9.8056413874e-01,1.5695874452e-02,1.2592509715e-02,2.3448763876e-25,4.6369865743e-02
25.000000,748.000,80.000000,350.000000,5.1487481489e-02,-2.7953270798e-02,4.2964288155e-03,9.6486826429e-01,9.8056413874e-01,1.5695874452e-02,1.2640407121e-02,1.4763119003e-25,4.6663505409e-02
25.000000,748.000,80.000000,355.000000,5.1685285919e-02,-2.8080708316e-02,2.1547518747e-03,9.6486826429e-01,9.8056413874e-01,1.5695874452e-02,1.2669982054e-02,1.1168539633e-25,4.6842777103e-02
25.000000,748.000,85.000000,0.000000,8.4760121040e-02,-5.0755395755e-02,5.5365960222e-18,9.6486826429e-01,9.8056413874e-01,1.5695874452e-02,1.3119267584e-02,1.2323081088e-30,7.6818757729e-02
25.000000,748.000,85.000000,5.000000,8.4656603489e-02,-5.0673080433e-02,-3.9407582187e-03,9.6486826429e-01,9.8056413874e-01,1.5695874452e-02,1.3106253740e-02,1.3780302757e-30,7.6724938967e-02
25.000000,748.000,85.000000,10.000000,8.4348935495e-02,-5.0428895372e-02,-7.8543268773e-03,9.6486826429e-01,9.8056413874e-01,1.5695874452e-02,1.3067661987e-02,1.9253382304e-30,7.6446097068e-02
25.000000,748.000,85.000000,15.000000,8.3845685368e-02,-5.0031037419e-02,-1.1713638208e-02,9.6486826429e-01,9.8056413874e-01,1.5695874452e-02,1.3004827579e-02,3.3524071443e-30,7.5989997559e-02
25.000000,748.000,85.000000,20.000000,8.3160850662e-02,-4.9492884390e-02,-1.5491869686e-02,9.6486826429e-01,9.8056413874e-01,1.5695874452e-02,1.2919929436e-02,7.2438903688e-30,7.5369326532e-02
25.000000,748.000,85.000000,25.000000,8.2313442711e-02,-4.8832578781e-02,-1.9162570713e-02,9.6486826429e-01,9.8056413874e-01,1.5695874452e-02,1.2815921889e-02,1.9310871733e-29,7.4601314106e-02
25.000000,748.000,85.000000,30.000000,8.1326922654e-02,-4.8072462887e-02,-2.2699793909e-02,9.6486826429e-01,9.8056413874e-01,1.5695874452e-02,1.2696442057e-02,6.3037886251e-29,7.3707223297e-02
25.000000,748.000,85.000000,35.000000,8.0228505990e-02,-4.7238382596e-02,-2.6078232167e-02,9.6486826429e-01,9.8056413874e-01,1.5695874452e-02,1.2565695710e-02,2.4972180593e-28,7.2711719721e-02
25.000000,748.000,85.000000,40.000000,7.9048356641e-02,-4.6358881146e-02,-2.9273362225e-02,9.6486826429e-01,9.8056413874e-01,1.5695874452e-02,1.2428325099e-02,1.1879887719e-27,7.1642141176e-02
25.000000,748.000,85.000000,45.000000,7.7818694882e-02,-4.5464307496e-02,-3.2261595194e-02,9.6486826429e-01,9.8056413874e-01,1.5695874452e-02,1.2289262804e-02,6.7067320396e-27,7.0527689149e-02
25.000000,748.000,85.000000,50.000000,7.6572846027e-02,-4.4585866595e-02,-3.5020433957e-02,9.6486826429e-01,9.8056413874e-01,1.5695874452e-02,1.2153576089e-02,4.4343433284e-26,6.9398566630e-02
25.000000,748.000,85.000000,55.000000,7.5344258582e-02,-4.3754640612e-02,-3.7528636945e-02,9.6486826429e-01,9.8056413874e-01,1.5695874452e-02,1.2026306530e-02,3.3847252104e-25,6.8285088261e-02
25.000000,748.000,85.000000,60.000000,7.4165521465e-02,-4.3000611100e-02,-3.9766387239e-02,9.6486826429e-01,9.8056413874e-01,1.5695874452e-02,1.1912309832e-02,2.9368094128e-24,6.7216789634e-02
25.000000,748.000,85.000000,65.000000,7.3067409888e-02,-4.2351712062e-02,-4.1715465514e-02,9.6486826429e-01,9.8056413874e-01,1.5695874452e-02,1.1816100769e-02,2.8493529371e-23,6.6221562560e-02
25.000000,748.000,85.000000,70.000000,7.2077988625e-02,-4.1832942959e-02,-4.3359424812e-02,9.6486826429e-01,9.8056413874e-01,1.5695874452e-02,1.1741708008e-02,3.0382673593e-22,6.5324842365e-02
25.000000,748.000,85.000000,75.000000,7.1221799624e-02,-4.1465568908e-02,-4.4683764736e-02,9.6486826429e-01,9.8056413874e-01,1.5695874452e-02,1.1692543281e-02,3.4969849306e-21,6.4548871606e-02
25.000000,748.000,85.000000,80.000000,7.0519158329e-02,-4.1266432674e-02,-4.5676102237e-02,9.6486826429e-01,9.8056413874e-01,1.5695874452e-02,1.1671288967e-02,4.2645636261e-20,6.3912062328e-02
25.000000,748.000,85.000000,85.000000,6.9985579780e-02,-4.1247399680e-02,-4.6326335863e-02,9.6486826429e-01,9.8056413874e-01,1.5695874452e-02,1.1679807535e-02,5.4063010962e-19,6.3428475935e-02
25.000000,748.000,85.000000,90.000000,6.9631351604e-02,-4.1414953231e-02,-4.6626800089e-02,9.6486826429e-01,9.8056413874e-01,1.5695874452e-02,1.1719075703e-02,6.9882915574e-18,6.3107436181e-02
25.000000,748.000,85.000000,95.000000,6.9461266518e-02,-4.1769952577e-02,-4.6572406213e-02,9.6486826429e-01,9.8056413874e-01,1.5695874452e-02,1.1789145350e-02,9.0327311244e-17,6.2953286743e-02
25.000000,748.000,85.000000,100.000000,6.9474522145e-02,-4.2307561525e-02,-4.6160766214e-02,9.6486826429e-01,9.8056413874e-01,1.5695874452e-02,1.1889132469e-02,1.1449126364e-15,6.2965300421e-02
25.000000,748.000,85.000000,105.000000,6.9664790831e-02,-4.3017350094e-02,-4.5392296071e-02,9.6486826429e-01,9.8056413874e-01,1.5695874452e-02,1.2017234551e-02,1.3957869781e-14,6.3137742413e-02
25.000000,748.000,85.000000,110.000000,7.0020457000e-02,-4.3883566488e-02,-4.4270295137e-02,9.6486826429e-01,9.8056413874e-01,1.5695874452e-02,1.2170775948e-02,1.6057319848e-13,6.3460085431e-02
25.000000,748.000,85.000000,115.000000,7.0525014489e-02,-4.4885571450e-02,-4.2800998497e-02,9.6486826429e-01,9.8056413874e-01,1.5695874452e-02,1.2346279914e-02,1.7109511946e-12,6.3917369812e-02
25.000000,748.000,85.000000,120.000000,7.1157611456e-02,-4.5998422148e-02,-4.0993599509e-02,9.6486826429e-01,9.8056413874e-01,1.5695874452e-02,1.2539565198e-02,1.6583272236e-11,6.4490697370e-02
25.000000,748.000,85.000000,125.000000,7.1893725975e-02,-4.7193588167e-02,-3.8860240278e-02,9.6486826429e-01,9.8056413874e-01,1.5695874452e-02,1.2745864325e-02,1.4369601692e-10,6.5157843690e-02
25.000000,748.000,85.000000,130.000000,7.2705951457e-02,-4.8439778191e-02,-3.6415968260e-02,9.6486826429e-01,9.8056413874e-01,1.5695874452e-02,1.2959960044e-02,1.0949942622e-09,6.5893969970e-02
25.000000,748.000,85.000000,135.000000,7.3564867753e-02,-4.9703852538e-02,-3.3678657863e-02,9.6486826429e-01,9.8056413874e-01,1.5695874452e-02,1.3176335850e-02,7.2253118303e-09,6.6672412497e-02
25.000000,748.000,85.000000,140.000000,7.4439971146e-02,-5.0951794136e-02,-3.0668896528e-02,9.6486826429e-01,9.8056413874e-01,1.5695874452e-02,1.3389336074e-02,4.0696008815e-08,6.7465525516e-02
25.000000,748.000,85.000000,145.000000,7.5300634724e-02,-5.2149708693e-02,-2.7409835500e-02,9.6486826429e-01,9.8056413874e-01,1.5695874452e-02,1.3593330741e-02,1.9311092968e-07,6.8245551619e-02
25.000000,748.000,85.000000,150.000000,7.6117069694e-02,-5.3264823933e-02,-2.3927006180e-02,9.6486826429e-01,9.8056413874e-01,1.5695874452e-02,1.3782880220e-02,7.6297562744e-07,6.8985492990e-02
25.000000,748.000,85.000000,155.000000,7.6861258183e-02,-5.4266457774e-02,-2.0248103696e-02,9.6486826429e-01,9.8056413874e-01,1.5695874452e-02,1.3952894735e-02,2.4840983926e-06,6.9659956813e-02
25.000000,748.000,85.000000,160.000000,7.7507828983e-02,-5.5126926230e-02,-1.6402740012e-02,9.6486826429e-01,9.8056413874e-01,1.5695874452e-02,1.4098783915e-02,6.6059288468e-06,7.0245948964e-02
25.000000,748.000,85.000000,165.000000,7.8034849447e-02,-5.5822363646e-02,-1.2422169542e-02,9.6486826429e-01,9.8056413874e-01,1.5695874452e-02,1.4216591895e-02,1.4243931098e-05,7.0723591714e-02
25.000000,748.000,85.000000,170.000000,7.8424509301e-02,-5.6333430496e-02,-8.3389908545e-03,9.6486826429e-01,9.8056413874e-01,1.5695874452e-02,1.4303113883e-02,2.4761106307e-05,7.1076743474e-02
25.000000,748.000,85.000000,175.000000,7.8663675483e-02,-5.6645887377e-02,-4.1868285688e-03,9.6486826429e-01,9.8056413874e-01,1.5695874452e-02,1.4355990681e-02,3.4559707556e-05,7.1293501647e-02
25.000000,748.000,85.000000,180.000000,7.8744301022e-02,-5.6751017851e-02,-1.1767352549e-17,9.6486826429e-01,9.8056413874e-01,1.5695874452e-02,1.4373778317e-02,3.8632800917e-05,7.1366573201e-02
25.000000,748.000,85.000000,185.000000,7.8663675483e-02,-5.6645887377e-02,4.1868285688e-03,9.6486826429e-01,9.8056413874e-01,1.5695874452e-02,1.4355990681e-02,3.4559707556e-05,7.1293501647e-02
25.000000,748.000,85.000000,190.000000,7.8424509301e-02,-5.6333430496e-02,8.3389908545e-03,9.6486826429e-01,9.8056413874e-01,1.5695874452e-02,1.4303113883e-02,2.4761106307e-05,7.1076743474e-02
25.000000,748.000,85.000000,195.000000,7.8034849447e-02,-5.5822363646e-02,1.2422169542e-02,9.6486826429e-01,9.8056413874e-01,1.5695874452e-02,1.4216591895e-02,1.4243931098e-05,7.0723591714e-02
25.000000,748.000,85.000000,200.000000,7.7507828983e-02,-5.5126926230e-02,1.6402740012e-02,9.6486826429e-01,9.8056413874e-01,1.5695874452e-02,1.4098783915e-02,6.6059288468e-06,7.0245948964e-02
25.000000,748.000,85.000000,205.000000,7.6861258183e-02,-5.4266457774e-02,2.0248103696e-02,9.6486826429e-01,9.8056413874e-01,1.5695874452e-02,1.3952894735e-02,2.4840983926e-06,6.9659956813e-02
25.000000,748.000,85.000000,210.000000,7.6117069694e-02,-5.3264823933e-02,2.3927006180e-02,9.6486826429e-01,9.8056413874e-01,1.5695874452e-02,1.3782880220e-02,7.6297562744e-07,6.8985492990e-02
25.000000,748.000,85.000000,215.000000,7.5300634724e-02,-5.2149708693e-02,2.7409835500e-02,9.6486826429e-01,9.8056413874e-01,1.5695874452e-02,1.3593330741e-02,1.9311092968e-07,6.8245551619e-02
25.000000,748.000,85.000000,220.000000,7.4439971146e-02,-5.0951794136e-02,3.0668896528e-02,9.6486826429e-01,9.8056413874e-01,1.5695874452e-02,1.3389336074e-02,4.0696008815e-08,6.7465525516e-02
25.000000,748.000,85.000000,225.000000,7.3564867753e-02,-4.9703852538e-02,3.3678657863e-02,9.6486826429e-01,9.8056413874e-01,1.5695874452e-02,1.3176335850e-02,7.2253118303e-09,6.6672412497e-02
25.000000,748.000,85.000000,230.000000,7.2705951457e-02,-4.8439778191e-02,3.6415968260e-02,9.6486826429e-01,9.8056413874e-01,1.5695874452e-02,1.2959960044e-02,1.0949942622e-09,6.5893969970e-02
25.000000,748.000,85.000000,235.000000,7.1893725975e-02,-4.7193588167e-02,3.8860240278e-02,9.6486826429e-01,9.8056413874e-01,1.5695874452e-02,1.2745864325e-02,1.4369601692e-10,6.5157843690e-02
25.000000,748.000,85.000000,240.000000,7.1157611456e-02,-4.5998422148e-02,4.0993599509e-02,9.6486826429e-01,9.8056413874e-01,1.5695874452e-02,1.2539565198e-02,1.6583272236e-11,6.4490697370e-02
25.000000,748.000,85.000000,245.000000,7.0525014489e-02,-4.4885571450e-02,4.2800998497e-02,9.6486826429e-01,9.8056413874e-01,1.5695874452e-02,1.2346279914e-02,1.7109511946e-12,6.3917369812e-02
25.000000,748.000,85.000000,250.000000,7.0020457000e-02,-4.3883566488e-02,4.4270295137e-02,9.6486826429e-01,9.8056413874e-01,1.5695874452e-02,1.2170775948e-02,1.6057319848e-13,6.3460085431e-02
25.000000,748.000,85.000000,255.000000,6.9664790831e-02,-4.3017350094e-02,4.5392296071e-02,9.6486826429e-01,9.8056413874e-01,1.5695874452e-02,1.2017234551e-02,1.3957869781e-14,6.3137742413e-02
25.000000,748.000,85.000000,260.000000,6.9474522145e-02,-4.2307561525e-02,4.6160766214e-02,9.6486826429e-01,9.8056413874e-01,1.5695874452e-02,1.1889132469e-02,1.1449126364e-15,6.2965300421e-02
25.000000,748.000,85.000000,265.000000,6.9461266518e-02,-4.1769952577e-02,4.6572406213e-02,9.6486826429e-01,9.8056413874e-01,1.5695874452e-02,1.1789145350e-02,9.0327311244e-17,6.2953286743e-02
25.000000,748.000,85.000000,270.000000,6.9631351604e-02,-4.1414953231e-02,4.6626800089e-02,9.6486826429e-01,9.8056413874e-01,1.5695874452e-02,1.1719075703e-02,6.9882915574e-18,6.3107436181e-02
25.000000,748.000,85.000000,275.000000,6.9985579780e-02,-4.1247399680e-02,4.6326335863e-02,9.6486826429e-01,9.8056413874e-01,1.5695874452e-02,1.1679807535e-02,5.4063010962e-19,6.3428475935e-02
25.000000,748.000,85.000000,280.000000,7.0519158329e-02,-4.1266432674e-02,4.5676102237e-02,9.6486826429e-01,9.8056413874e-01,1.5695874452e-02,1.1671288967e-02,4.2645636261e-20,6.3912062328e-02
25.000000,748.000,85.000000,285.000000,7.1221799624e-02,-4.1465568908e-02,4.4683764736e-02,9.6486826429e-01,9.8056413874e-01,1.5695874452e-02,1.1692543281e-02,3.4969849306e-21,6.4548871606e-02
25.000000,748.000,85.000000,290.000000,7.2077988625e-02,-4.1832942959e-02,4.3359424812e-02,9.6486826429e-01,9.8056413874e-01,1.5695874452e-02,1.1741708008e-02,3.0382673593e-22,6.5324842365e-02
25.000000,748.000,85.000000,295.000000,7.3067409888e-02,-4.2351712062e-02,4.1715465514e-02,9.6486826429e-01,9.8056413874e-01,1.5695874452e-02,1.1816100769e-02,2.8493529371e-23,6.6221562560e-02
25.000000,748.000,85.000000,300.000000,7.4165521465e-02,-4.3000611100e-02,3.9766387239e-02,9.6486826429e-01,9.8056413874e-01,1.5695874452e-02,1.1912309832e-02,2.9368094128e-24,6.7216789634e-02
25.000000,748.000,85.000000,305.000000,7.5344258582e-02,-4.3754640612e-02,3.7528636945e-02,9.6486826429e-01,9.8056413874e-01,1.5695874452e-02,1.2026306530e-02,3.3847252104e-25,6.8285088261e-02
25.000000,748.000,85.000000,310.000000,7.6572846027e-02,-4.4585866595e-02,3.5020433957e-02,9.6486826429e-01,9.8056413874e-01,1.5695874452e-02,1.2153576089e-02,4.4343433284e-26,6.9398566630e-02
25.000000,748.000,85.000000,315.000000,7.7818694882e-02,-4.5464307496e-02,3.2261595194e-02,9.6486826429e-01,9.8056413874e-01,1.5695874452e-02,1.2289262804e-02,6.7067320396e-27,7.0527689149e-02
25.000000,748.000,85.000000,320.000000,7.9048356641e-02,-4.6358881146e-02,2.9273362225e-02,9.6486826429e-01,9.8056413874e-01,1.5695874452e-02,1.2428325099e-02,1.1879887719e-27,7.1642141176e-02
25.000000,748.000,85.000000,325.000000,8.0228505990e-02,-4.7238382596e-02,2.6078232167e-02,9.6486826429e-01,9.8056413874e-01,1.5695874452e-02,1.2565695710e-02,2.4972180593e-28,7.2711719721e-02
25.000000,748.000,85.000000,330.000000,8.1326922654e-02,-4.8072462887e-02,2.2699793909e-02,9.6486826429e-01,9.8056413874e-01,1.5695874452e-02,1.2696442057e-02,6.3037886251e-29,7.3707223297e-02
25.000000,748.000,85.000000,335.000000,8.2313442711e-02,-4.8832578781e-02,1.9162570713e-02,9.6486826429e-01,9.8056413874e-01,1.5695874452e-02,1.2815921889e-02,1.9310871733e-29,7.4601314106e-02
25.000000,748.000,85.000000,340.000000,8.3160850662e-02,-4.9492884390e-02,1.5491869686e-02,9.6486826429e-01,9.8056413874e-01,1.5695874452e-02,1.2919929436e-02,7.2438903688e-30,7.5369326532e-02
25.000000,748.000,85.000000,345.000000,8.3845685368e-02,-5.0031037419e-02,1.1713638208e-02,9.6486826429e-01,9.8056413874e-01,1.5695874452e-02,1.3004827579e-02,3.3524071443e-30,7.5989997559e-02
25.000000,748.000,85.000000,350.000000,8.4348935495e-02,-5.0428895372e-02,7.8543268773e-03,9.6486826429e-01,9.8056413874e-01,1.5695874452e-02,1.3067661987e-02,1.9253382304e-30,7.6446097068e-02
25.000000,748.000,85.000000,355.000000,8.4656603489e-02,-5.0673080433e-02,3.9407582187e-03,9.6486826429e-01,9.8056413874e-01,1.5695874452e-02,1.3106253740e-02,1.3780302757e-30,7.6724938967e-02
