sza_deg,wavelength_nm,vza_deg,raa_deg,rho_I,rho_Q,rho_U,direct_transmittance,irradiance_transmittance,diffuse_dn_hemi,diffuse_dn_dir,sunglint_up_flux_ratio_diag,toa_up_flux_ratio_diag
50.000000,748.000,0.000000,0.000000,1.2755217726e-02,-5.3377799204e-03,-1.3073790188e-18,9.5092307463e-01,9.7336578312e-01,2.2442708490e-02,2.5030103066e-02,1.2853537283e-04,8.1988959134e-03
50.000000,748.000,0.000000,5.000000,1.2755217726e-02,-5.2566870495e-03,9.2689575596e-04,9.5092307463e-01,9.7336578312e-01,2.2442708490e-02,2.5030103066e-02,1.2853537283e-04,8.1988959134e-03
50.000000,748.000,0.000000,10.000000,1.2755217726e-02,-5.0158724026e-03,1.8256282534e-03,9.5092307463e-01,9.7336578312e-01,2.2442708490e-02,2.5030103066e-02,1.2853537283e-04,8.1988959134e-03
50.000000,748.000,0.000000,15.000000,1.2755217726e-02,-4.6226530109e-03,2.6688899602e-03,9.5092307463e-01,9.7336578312e-01,2.2442708490e-02,2.5030103066e-02,1.2853537283e-04,8.1988959134e-03
50.000000,748.000,0.000000,20.000000,1.2755217726e-02,-4.0889766466e-03,3.4310587961e-03,9.5092307463e-01,9.7336578312e-01,2.2442708490e-02,2.5030103066e-02,1.2853537283e-04,8.1988959134e-03
50.000000,748.000,0.000000,25.000000,1.2755217726e-02,-3.4310587961e-03,4.0889766466e-03,9.5092307463e-01,9.7336578312e-01,2.2442708490e-02,2.5030103066e-02,1.2853537283e-04,8.1988959134e-03
50.000000,748.000,0.000000,30.000000,1.2755217726e-02,-2.6688899602e-03,4.6226530109e-03,9.5092307463e-01,9.7336578312e-01,2.2442708490e-02,2.5030103066e-02,1.2853537283e-04,8.1988959134e-03
50.000000,748.000,0.000000,35.000000,1.2755217726e-02,-1.8256282534e-03,5.0158724026e-03,9.5092307463e-01,9.7336578312e-01,2.2442708490e-02,2.5030103066e-02,1.2853537283e-04,8.1988959134e-03
50.000000,748.000,0.000000,40.000000,1.2755217726e-02,-9.2689575596e-04,5.2566870495e-03,9.5092307463e-01,9.7336578312e-01,2.2442708490e-02,2.5030103066e-02,1.2853537283e-04,8.1988959134e-03
50.000000,748.000,0.000000,45.000000,1.2755217726e-02,-1.6311968466e-18,5.3377799204e-03,9.5092307463e-01,9.7336578312e-01,2.2442708490e-02,2.5030103066e-02,1.2853537283e-04,8.1988959134e-03
50.000000,748.000,0.000000,50.000000,1.2755217726e-02,9.2689575596e-04,5.2566870495e-03,9.5092307463e-01,9.7336578312e-01,2.2442708490e-02,2.5030103066e-02,1.2853537283e-04,8.1988959134e-03
50.000000,748.000,0.000000,55.000000,1.2755217726e-02,1.8256282534e-03,5.0158724026e-03,9.5092307463e-01,9.7336578312e-01,2.2442708490e-02,2.5030103066e-02,1.2853537283e-04,8.1988959134e-03
50.000000,748.000,0.000000,60.000000,1.2755217726e-02,2.6688899602e-03,4.6226530109e-03,9.5092307463e-01,9.7336578312e-01,2.2442708490e-02,2.5030103066e-02,1.2853537283e-04,8.1988959134e-03
50.000000,748.000,0.000000,65.000000,1.2755217726e-02,3.4310587961e-03,4.0889766466e-03,9.5092307463e-01,9.7336578312e-01,2.2442708490e-02,2.5030103066e-02,1.2853537283e-04,8.1988959134e-03
50.000000,748.000,0.000000,70.000000,1.2755217726e-02,4.0889766466e-03,3.4310587961e-03,9.5092307463e-01,9.7336578312e-01,2.2442708490e-02,2.5030103066e-02,1.2853537283e-04,8.1988959134e-03
50.000000,748.000,0.000000,75.000000,1.2755217726e-02,4.6226530109e-03,2.6688899602e-03,9.5092307463e-01,9.7336578312e-01,2.2442708490e-02,2.5030103066e-02,1.2853537283e-04,8.1988959134e-03
50.000000,748.000,0.000000,80.000000,1.2755217726e-02,5.0158724026e-03,1.8256282534e-03,9.5092307463e-01,9.7336578312e-01,2.2442708490e-02,2.5030103066e-02,1.2853537283e-04,8.1988959134e-03
50.000000,748.000,0.000000,85.000000,1.2755217726e-02,5.2566870495e-03,9.2689575596e-04,9.5092307463e-01,9.7336578312e-01,2.2442708490e-02,2.5030103066e-02,1.2853537283e-04,8.1988959134e-03
50.000000,748.000,0.000000,90.000000,1.2755217726e-02,5.3377799204e-03,1.9593344444e-18,9.5092307463e-01,9.7336578312e-01,2.2442708490e-02,2.5030103066e-02,1.2853537283e-04,8.1988959134e-03
50.000000,748.000,0.000000,95.000000,1.2755217726e-02,5.2566870495e-03,-9.2689575596e-04,9.5092307463e-01,9.7336578312e-01,2.2442708490e-02,2.5030103066e-02,1.2853537283e-04,8.1988959134e-03
50.000000,748.000,0.000000,100.000000,1.2755217726e-02,5.0158724026e-03,-1.8256282534e-03,9.5092307463e-01,9.7336578312e-01,2.2442708490e-02,2.5030103066e-02,1.2853537283e-04,8.1988959134e-03
50.000000,748.000,0.000000,105.000000,1.2755217726e-02,4.6226530109e-03,-2.6688899602e-03,9.5092307463e-01,9.7336578312e-01,2.2442708490e-02,2.5030103066e-02,1.2853537283e-04,8.1988959134e-03
50.000000,748.000,0.000000,110.000000,1.2755217726e-02,4.0889766466e-03,-3.4310587961e-03,9.5092307463e-01,9.7336578312e-01,2.2442708490e-02,2.5030103066e-02,1.2853537283e-04,8.1988959134e-03
50.000000,748.000,0.000000,115.000000,1.2755217726e-02,3.4310587961e-03,-4.0889766466e-03,9.5092307463e-01,9.7336578312e-01,2.2442708490e-02,2.5030103066e-02,1.2853537283e-04,8.1988959134e-03
50.000000,748.000,0.000000,120.000000,1.2755217726e-02,2.6688899602e-03,-4.6226530109e-03,9.5092307463e-01,9.7336578312e-01,2.2442708490e-02,2.5030103066e-02,1.2853537283e-04,8.1988959134e-03
50.000000,748.000,0.000000,125.000000,1.2755217726e-02,1.8256282534e-03,-5.0158724026e-03,9.5092307463e-01,9.7336578312e-01,2.2442708490e-02,2.5030103066e-02,1.2853537283e-04,8.1988959134e-03
50.000000,748.000,0.000000,130.000000,1.2755217726e-02,9.2689575596e-04,-5.2566870495e-03,9.5092307463e-01,9.7336578312e-01,2.2442708490e-02,2.5030103066e-02,1.2853537283e-04,8.1988959134e-03
50.000000,748.000,0.000000,135.000000,1.2755217726e-02,2.2863136742e-18,-5.3377799204e-03,9.5092307463e-01,9.7336578312e-01,2.2442708490e-02,2.5030103066e-02,1.2853537283e-04,8.1988959134e-03
50.000000,748.000,0.000000,140.000000,1.2755217726e-02,-9.2689575596e-04,-5.2566870495e-03,9.5092307463e-01,9.7336578312e-01,2.2442708490e-02,2.5030103066e-02,1.2853537283e-04,8.1988959134e-03
50.000000,748.000,0.000000,145.000000,1.2755217726e-02,-1.8256282534e-03,-5.0158724026e-03,9.5092307463e-01,9.7336578312e-01,2.2442708490e-02,2.5030103066e-02,1.2853537283e-04,8.1988959134e-03
50.000000,748.000,0.000000,150.000000,1.2755217726e-02,-2.6688899602e-03,-4.6226530109e-03,9.5092307463e-01,9.7336578312e-01,2.2442708490e-02,2.5030103066e-02,1.2853537283e-04,8.1988959134e-03
50.000000,748.000,0.000000,155.000000,1.2755217726e-02,-3.4310587961e-03,-4.0889766466e-03,9.5092307463e-01,9.7336578312e-01,2.2442708490e-02,2.5030103066e-02,1.2853537283e-04,8.1988959134e-03
50.000000,748.000,0.000000,160.000000,1.2755217726e-02,-4.0889766466e-03,-3.4310587961e-03,9.5092307463e-01,9.7336578312e-01,2.2442708490e-02,2.5030103066e-02,1.2853537283e-04,8.1988959134e-03
50.000000,748.000,0.000000,165.000000,1.2755217726e-02,-4.6226530109e-03,-2.6688899602e-03,9.5092307463e-01,9.7336578312e-01,2.2442708490e-02,2.5030103066e-02,1.2853537283e-04,8.1988959134e-03
50.000000,748.000,0.000000,170.000000,1.2755217726e-02,-5.0158724026e-03,-1.8256282534e-03,9.5092307463e-01,9.7336578312e-01,2.2442708490e-02,2.5030103066e-02,1.2853537283e-04,8.1988959134e-03
50.000000,748.000,0.000000,175.000000,1.2755217726e-02,-5.2566870495e-03,-9.2689575596e-04,9.5092307463e-01,9.7336578312e-01,2.2442708490e-02,2.5030103066e-02,1.2853537283e-04,8.1988959134e-03
50.000000,748.000,0.000000,180.000000,1.2755217726e-02,-5.3377799204e-03,-2.6147580376e-18,9.5092307463e-01,9.7336578312e-01,2.2442708490e-02,2.5030103066e-02,1.2853537283e-04,8.1988959134e-03
50.000000,748.000,0.000000,185.000000,1.2755217726e-02,-5.2566870495e-03,9.2689575596e-04,9.5092307463e-01,9.7336578312e-01,2.2442708490e-02,2.5030103066e-02,1.2853537283e-04,8.1988959134e-03
50.000000,748.000,0.000000,190.000000,1.2755217726e-02,-5.0158724026e-03,1.8256282534e-03,9.5092307463e-01,9.7336578312e-01,2.2442708490e-02,2.5030103066e-02,1.2853537283e-04,8.1988959134e-03
50.000000,748.000,0.000000,195.000000,1.2755217726e-02,-4.6226530109e-03,2.6688899602e-03,9.5092307463e-01,9.7336578312e-01,2.2442708490e-02,2.5030103066e-02,1.2853537283e-04,8.1988959134e-03
50.000000,748.000,0.000000,200.000000,1.2755217726e-02,-4.0889766466e-03,3.4310587961e-03,9.5092307463e-01,9.7336578312e-01,2.2442708490e-02,2.5030103066e-02,1.2853537283e-04,8.1988959134e-03
50.000000,748.000,0.000000,205.000000,1.2755217726e-02,-3.4310587961e-03,4.0889766466e-03,9.5092307463e-01,9.7336578312e-01,2.2442708490e-02,2.5030103066e-02,1.2853537283e-04,8.1988959134e-03
50.000000,748.000,0.000000,210.000000,1.2755217726e-02,-2.6688899602e-03,4.6226530109e-03,9.5092307463e-01,9.7336578312e-01,2.2442708490e-02,2.5030103066e-02,1.2853537283e-04,8.1988959134e-03
50.000000,748.000,0.000000,215.000000,1.2755217726e-02,-1.8256282534e-03,5.0158724026e-03,9.5092307463e-01,9.7336578312e-01,2.2442708490e-02,2.5030103066e-02,1.2853537283e-04,8.1988959134e-03
50.000000,748.000,0.000000,220.000000,1.2755217726e-02,-9.2689575596e-04,5.2566870495e-03,9.5092307463e-01,9.7336578312e-01,2.2442708490e-02,2.5030103066e-02,1.2853537283e-04,8.1988959134e-03
50.000000,748.000,0.000000,225.000000,1.2755217726e-02,-2.9432024011e-18,5.3377799204e-03,9.5092307463e-01,9.7336578312e-01,2.2442708490e-02,2.5030103066e-02,1.2853537283e-04,8.1988959134e-03
50.000000,748.000,0.000000,230.000000,1.2755217726e-02,9.2689575596e-04,5.2566870495e-03,9.5092307463e-01,9.7336578312e-01,2.2442708490e-02,2.5030103066e-02,1.2853537283e-04,8.1988959134e-03
50.000000,748.000,0.000000,235.000000,1.2755217726e-02,1.8256282534e-03,5.0158724026e-03,9.5092307463e-01,9.7336578312e-01,2.2442708490e-02,2.5030103066e-02,1.2853537283e-04,8.1988959134e-03
50.000000,748.000,0.000000,240.000000,1.2755217726e-02,2.6688899602e-03,4.6226530109e-03,9.5092307463e-01,9.7336578312e-01,2.2442708490e-02,2.5030103066e-02,1.2853537283e-04,8.1988959134e-03
50.000000,748.000,0.000000,245.000000,1.2755217726e-02,3.4310587961e-03,4.0889766466e-03,9.5092307463e-01,9.7336578312e-01,2.2442708490e-02,2.5030103066e-02,1.2853537283e-04,8.1988959134e-03
50.000000,748.000,0.000000,250.000000,1.2755217726e-02,4.0889766466e-03,3.4310587961e-03,9.5092307463e-01,9.7336578312e-01,2.2442708490e-02,2.5030103066e-02,1.2853537283e-04,8.1988959134e-03
50.000000,748.000,0.000000,255.000000,1.2755217726e-02,4.6226530109e-03,2.6688899602e-03,9.5092307463e-01,9.7336578312e-01,2.2442708490e-02,2.5030103066e-02,1.2853537283e-04,8.1988959134e-03
50.000000,748.000,0.000000,260.000000,1.2755217726e-02,5.0158724026e-03,1.8256282534e-03,9.5092307463e-01,9.7336578312e-01,2.2442708490e-02,2.5030103066e-02,1.2853537283e-04,8.1988959134e-03
50.000000,748.000,0.000000,265.000000,1.2755217726e-02,5.2566870495e-03,9.2689575596e-04,9.5092307463e-01,9.7336578312e-01,2.2442708490e-02,2.5030103066e-02,1.2853537283e-04,8.1988959134e-03
50.000000,748.000,0.000000,270.000000,1.2755217726e-02,5.3377799204e-03,3.2701816309e-18,9.5092307463e-01,9.7336578312e-01,2.2442708490e-02,2.5030103066e-02,1.2853537283e-04,8.1988959134e-03
50.000000,748.000,0.000000,275.000000,1.2755217726e-02,5.2566870495e-03,-9.2689575596e-04,9.5092307463e-01,9.7336578312e-01,2.2442708490e-02,2.5030103066e-02,1.2853537283e-04,8.1988959134e-03
50.000000,748.000,0.000000,280.000000,1.2755217726e-02,5.0158724026e-03,-1.8256282534e-03,9.5092307463e-01,9.7336578312e-01,2.2442708490e-02,2.5030103066e-02,1.2853537283e-04,8.1988959134e-03
50.000000,748.000,0.000000,285.000000,1.2755217726e-02,4.6226530109e-03,-2.6688899602e-03,9.5092307463e-01,9.7336578312e-01,2.2442708490e-02,2.5030103066e-02,1.2853537283e-04,8.1988959134e-03
50.000000,748.000,0.000000,290.000000,1.2755217726e-02,4.0889766466e-03,-3.4310587961e-03,9.5092307463e-01,9.7336578312e-01,2.2442708490e-02,2.5030103066e-02,1.2853537283e-04,8.1988959134e-03
50.000000,748.000,0.000000,295.000000,1.2755217726e-02,3.4310587961e-03,-4.0889766466e-03,9.5092307463e-01,9.7336578312e-01,2.2442708490e-02,2.5030103066e-02,1.2853537283e-04,8.1988959134e-03
50.000000,748.000,0.000000,300.000000,1.2755217726e-02,2.6688899602e-03,-4.6226530109e-03,9.5092307463e-01,9.7336578312e-01,2.2442708490e-02,2.5030103066e-02,1.2853537283e-04,8.1988959134e-03
50.000000,748.000,0.000000,305.000000,1.2755217726e-02,1.8256282534e-03,-5.0158724026e-03,9.5092307463e-01,9.7336578312e-01,2.2442708490e-02,2.5030103066e-02,1.2853537283e-04,8.1988959134e-03
50.000000,748.000,0.000000,310.000000,1.2755217726e-02,9.2689575596e-04,-5.2566870495e-03,9.5092307463e-01,9.7336578312e-01,2.2442708490e-02,2.5030103066e-02,1.2853537283e-04,8.1988959134e-03
50.000000,748.000,0.000000,315.000000,1.2755217726e-02,1.3080121097e-17,-5.3377799204e-03,9.5092307463e-01,9.7336578312e-01,2.2442708490e-02,2.5030103066e-02,1.2853537283e-04,8.1988959134e-03
50.000000,748.000,0.000000,320.000000,1.2755217726e-02,-9.2689575596e-04,-5.2566870495e-03,9.5092307463e-01,9.7336578312e-01,2.2442708490e-02,2.5030103066e-02,1.2853537283e-04,8.1988959134e-03
50.000000,748.000,0.000000,325.000000,1.2755217726e-02,-1.8256282534e-03,-5.0158724026e-03,9.5092307463e-01,9.7336578312e-01,2.2442708490e-02,2.5030103066e-02,1.2853537283e-04,8.1988959134e-03
50.000000,748.000,0.000000,330.000000,1.2755217726e-02,-2.6688899602e-03,-4.6226530109e-03,9.5092307463e-01,9.7336578312e-01,2.2442708490e-02,2.5030103066e-02,1.2853537283e-04,8.1988959134e-03
50.000000,748.000,0.000000,335.000000,1.2755217726e-02,-3.4310587961e-03,-4.0889766466e-03,9.5092307463e-01,9.7336578312e-01,2.2442708490e-02,2.5030103066e-02,1.2853537283e-04,8.1988959134e-03
50.000000,748.000,0.000000,340.000000,1.2755217726e-02,-4.0889766466e-03,-3.4310587961e-03,9.5092307463e-01,9.7336578312e-01,2.2442708490e-02,2.5030103066e-02,1.2853537283e-04,8.1988959134e-03
50.000000,748.000,0.000000,345.000000,1.2755217726e-02,-4.6226530109e-03,-2.6688899602e-03,9.5092307463e-01,9.7336578312e-01,2.2442708490e-02,2.5030103066e-02,1.2853537283e-04,8.1988959134e-03
50.000000,748.000,0.000000,350.000000,1.2755217726e-02,-5.0158724026e-03,-1.8256282534e-03,9.5092307463e-01,9.7336578312e-01,2.2442708490e-02,2.5030103066e-02,1.2853537283e-04,8.1988959134e-03
50.000000,748.000,0.000000,355.000000,1.2755217726e-02,-5.2566870495e-03,-9.2689575596e-04,9.5092307463e-01,9.7336578312e-01,2.2442708490e-02,2.5030103066e-02,1.2853537283e-04,8.1988959134e-03
50.000000,748.000,5.000000,0.000000,1.3499213052e-02,-4.6678027757e-03,-1.2234986549e-18,9.5092307463e-01,9.7336578312e-01,2.2442708490e-02,2.3790255304e-02,2.1444427217e-05,8.6771268903e-03
50.000000,748.000,5.000000,5.000000,1.3496284870e-02,-4.5893079843e-03,8.6719991927e-04,9.5092307463e-01,9.7336578312e-01,2.2442708490e-02,2.3794449160e-02,2.1580910289e-05,8.6752446912e-03
50.000000,748.000,5.000000,10.000000,1.3487530109e-02,-4.3562677143e-03,1.7066920644e-03,9.5092307463e-01,9.7336578312e-01,2.2442708490e-02,2.3807012598e-02,2.1994530052e-05,8.6696172396e-03
50.000000,748.000,5.000000,15.000000,1.3473037671e-02,-3.9759395654e-03,2.4916208859e-03,9.5092307463e-01,9.7336578312e-01,2.2442708490e-02,2.3827890953e-02,2.2697937648e-05,8.6603016800e-03
50.000000,748.000,5.000000,20.000000,1.3452954220e-02,-3.4601727695e-03,3.1968093100e-03,9.5092307463e-01,9.7336578312e-01,2.2442708490e-02,2.3856992194e-02,2.3712683481e-05,8.6473922860e-03
50.000000,748.000,5.000000,25.000000,1.3427481959e-02,-2.8250459259e-03,3.7995338339e-03,9.5092307463e-01,9.7336578312e-01,2.2442708490e-02,2.3894185591e-02,2.5069914728e-05,8.6310190324e-03
50.000000,748.000,5.000000,30.000000,1.3396875597e-02,-2.0903753620e-03,4.2802248369e-03,9.5092307463e-01,9.7336578312e-01,2.2442708490e-02,2.3939299959e-02,2.6811348603e-05,8.6113456424e-03
50.000000,748.000,5.000000,35.000000,1.3361438558e-02,-1.2791090797e-03,4.6230707529e-03,9.5092307463e-01,9.7336578312e-01,2.2442708490e-02,2.3992121551e-02,2.8990511392e-05,8.5885671525e-03
50.000000,748.000,5.000000,40.000000,1.3321518528e-02,-4.1662473153e-04,4.8165076756e-03,9.5092307463e-01,9.7336578312e-01,2.2442708490e-02,2.4052391759e-02,3.1674220276e-05,8.5629070520e-03
50.000000,748.000,5.000000,45.000000,1.3277502444e-02,4.7004700443e-04,4.8535794491e-03,9.5092307463e-01,9.7336578312e-01,2.2442708490e-02,2.4119804715e-02,3.4944263551e-05,8.5346140587e-03
50.000000,748.000,5.000000,50.000000,1.3229811021e-02,1.3530500133e-03,4.7321572363e-03,9.5092307463e-01,9.7336578312e-01,2.2442708490e-02,2.4194004982e-02,3.8899202466e-05,8.5039586025e-03
50.000000,748.000,5.000000,55.000000,1.3178892943e-02,2.2045561016e-03,4.4550118322e-03,9.5092307463e-01,9.7336578312e-01,2.2442708490e-02,2.4274585464e-02,4.3656172118e-05,8.4712290931e-03
50.000000,748.000,5.000000,60.000000,1.3125218849e-02,2.9976181424e-03,4.0297364646e-03,9.5092307463e-01,9.7336578312e-01,2.2442708490e-02,2.4361085724e-02,4.9352497687e-05,8.4367280507e-03
50.000000,748.000,5.000000,65.000000,1.3069275222e-02,3.7069970282e-03,3.4685223777e-03,9.5092307463e-01,9.7336578312e-01,2.2442708490e-02,2.4452990833e-02,5.6146864985e-05,8.4007681803e-03
50.000000,748.000,5.000000,70.000000,1.3011558316e-02,4.3099372423e-03,2.7877939669e-03,9.5092307463e-01,9.7336578312e-01,2.2442708490e-02,2.4549730944e-02,6.4219692757e-05,8.3636684685e-03
50.000000,748.000,5.000000,75.000000,1.2952568241e-02,4.7868674170e-03,2.0077145097e-03,9.5092307463e-01,9.7336578312e-01,2.2442708490e-02,2.4650681682e-02,7.3772253688e-05,8.3257503791e-03
50.000000,748.000,5.000000,80.000000,1.2892803305e-02,5.1220045230e-03,1.1515774749e-03,9.5092307463e-01,9.7336578312e-01,2.2442708490e-02,2.4755165500e-02,8.5023992822e-05,8.2873342184e-03
50.000000,748.000,5.000000,85.000000,1.2832754721e-02,5.3038432597e-03,2.4510187362e-04,9.5092307463e-01,9.7336578312e-01,2.2442708490e-02,2.4862454080e-02,9.8207413878e-05,8.2487357331e-03
50.000000,748.000,5.000000,90.000000,1.2772901769e-02,5.3255157017e-03,-6.8434696004e-04,9.5092307463e-01,9.7336578312e-01,2.2442708490e-02,2.4971771839e-02,1.1355987146e-04,8.2102629972e-03
50.000000,748.000,5.000000,95.000000,1.2713707466e-02,5.1850101974e-03,-1.6085875001e-03,9.5092307463e-01,9.7336578312e-01,2.2442708490e-02,2.5082300593e-02,1.3131165325e-04,8.1722136323e-03
50.000000,748.000,5.000000,100.000000,1.2655614815e-02,4.8852427899e-03,-2.4994778589e-03,9.5092307463e-01,9.7336578312e-01,2.2442708490e-02,2.5193185362e-02,1.5166989806e-04,8.1348723962e-03
50.000000,748.000,5.000000,105.000000,1.2599043665e-02,4.4339789128e-03,-3.3297713154e-03,9.5092307463e-01,9.7336578312e-01,2.2442708490e-02,2.5303541297e-02,1.7479820841e-04,8.0985091620e-03
50.000000,748.000,5.000000,110.000000,1.2544388189e-02,3.8436076616e-03,-4.0739455437e-03,9.5092307463e-01,9.7336578312e-01,2.2442708490e-02,2.5412461656e-02,2.0079230406e-04,8.0633772993e-03
50.000000,748.000,5.000000,115.000000,1.2492014991e-02,3.1307754206e-03,-4.7089803355e-03,9.5092307463e-01,9.7336578312e-01,2.2442708490e-02,2.5519026741e-02,2.2965272554e-04,8.0297124561e-03
50.000000,748.000,5.000000,120.000000,1.2442261813e-02,2.3158899023e-03,-5.2150601693e-03,9.5092307463e-01,9.7336578312e-01,2.2442708490e-02,2.5622313650e-02,2.6125639686e-04,7.9977317297e-03
50.000000,748.000,5.000000,125.000000,1.2395436817e-02,1.4225095927e-03,-5.5761802548e-03,9.5092307463e-01,9.7336578312e-01,2.2442708490e-02,2.5721406703e-02,2.9532970779e-04,7.9676332024e-03
50.000000,748.000,5.000000,130.000000,1.2351818379e-02,4.7663708160e-04,-5.7806376081e-03,9.5092307463e-01,9.7336578312e-01,2.2442708490e-02,2.5815408350e-02,3.3142654091e-04,7.9395958109e-03
50.000000,748.000,5.000000,135.000000,1.2311655341e-02,-4.9406231848e-04,-5.8213922013e-03,9.5092307463e-01,9.7336578312e-01,2.2442708490e-02,2.5903450354e-02,3.6891516667e-04,7.9137795078e-03
50.000000,748.000,5.000000,140.000000,1.2275167643e-02,-1.4610929915e-03,-5.6962871689e-03,9.5092307463e-01,9.7336578312e-01,2.2442708490e-02,2.5984705048e-02,4.0697796530e-04,7.8903256676e-03
50.000000,748.000,5.000000,145.000000,1.2242547253e-02,-2.3959872427e-03,-5.4081213340e-03,9.5092307463e-01,9.7336578312e-01,2.2442708490e-02,2.6058396420e-02,4.4462733764e-04,7.8693576850e-03
50.000000,748.000,5.000000,150.000000,1.2213959311e-02,-3.2711633107e-03,-4.9645717970e-03,9.5092307463e-01,9.7336578312e-01,2.2442708490e-02,2.6123810807e-02,4.8073984871e-04,7.8509817102e-03
50.000000,748.000,5.000000,155.000000,1.2189543398e-02,-4.0607571510e-03,-4.3779688793e-03,9.5092307463e-01,9.7336578312e-01,2.2442708490e-02,2.6180306973e-02,5.1410864826e-04,7.8352874642e-03
50.000000,748.000,5.000000,160.000000,1.2169414845e-02,-4.7414027626e-03,-3.6649302007e-03,9.5092307463e-01,9.7336578312e-01,2.2442708490e-02,2.6227325345e-02,5.4351173334e-04,7.8223490793e-03
50.000000,748.000,5.000000,165.000000,1.2153665992e-02,-5.2929373926e-03,-2.8458649393e-03,9.5092307463e-01,9.7336578312e-01,2.2442708490e-02,2.6264396207e-02,5.6779101939e-04,7.8122259119e-03
50.000000,748.000,5.000000,170.000000,1.2142367341e-02,-5.6990102267e-03,-1.9443632694e-03,9.5092307463e-01,9.7336578312e-01,2.2442708490e-02,2.6291146678e-02,5.8593493553e-04,7.8049632788e-03
50.000000,748.000,5.000000,175.000000,1.2135568513e-02,-5.9475761009e-03,-9.8648945447e-04,9.5092307463e-01,9.7336578312e-01,2.2442708490e-02,2.6307306306e-02,5.9715583985e-04,7.8005930764e-03
50.000000,748.000,5.000000,180.000000,1.2133298979e-02,-6.0312592558e-03,-2.7822306353e-18,9.5092307463e-01,9.7336578312e-01,2.2442708490e-02,2.6312711157e-02,6.0095334620e-04,7.7991342484e-03
50.000000,748.000,5.000000,185.000000,1.2135568513e-02,-5.9475761009e-03,9.8648945447e-04,9.5092307463e-01,9.7336578312e-01,2.2442708490e-02,2.6307306306e-02,5.9715583985e-04,7.8005930764e-03
50.000000,748.000,5.000000,190.000000,1.2142367341e-02,-5.6990102267e-03,1.9443632694e-03,9.5092307463e-01,9.7336578312e-01,2.2442708490e-02,2.6291146678e-02,5.8593493553e-04,7.8049632788e-03
50.000000,748.000,5.000000,195.000000,1.2153665992e-02,-5.2929373926e-03,2.8458649393e-03,9.5092307463e-01,9.7336578312e-01,2.2442708490e-02,2.6264396207e-02,5.6779101939e-04,7.8122259119e-03
50.000000,748.000,5.000000,200.000000,1.2169414845e-02,-4.7414027626e-03,3.6649302007e-03,9.5092307463e-01,9.7336578312e-01,2.2442708490e-02,2.6227325345e-02,5.4351173334e-04,7.8223490793e-03
50.000000,748.000,5.000000,205.000000,1.2189543398e-02,-4.0607571510e-03,4.3779688793e-03,9.5092307463e-01,9.7336578312e-01,2.2442708490e-02,2.6180306973e-02,5.1410864826e-04,7.8352874642e-03
50.000000,748.000,5.000000,210.000000,1.2213959311e-02,-3.2711633107e-03,4.9645717970e-03,9.5092307463e-01,9.7336578312e-01,2.2442708490e-02,2.6123810807e-02,4.8073984871e-04,7.8509817102e-03
50.000000,748.000,5.000000,215.000000,1.2242547253e-02,-2.3959872427e-03,5.4081213340e-03,9.5092307463e-01,9.7336578312e-01,2.2442708490e-02,2.6058396420e-02,4.4462733764e-04,7.8693576850e-03
50.000000,748.000,5.000000,220.000000,1.2275167643e-02,-1.4610929915e-03,5.6962871689e-03,9.5092307463e-01,9.7336578312e-01,2.2442708490e-02,2.5984705048e-02,4.0697796530e-04,7.8903256676e-03
50.000000,748.000,5.000000,225.000000,1.2311655341e-02,-4.9406231848e-04,5.8213922013e-03,9.5092307463e-01,9.7336578312e-01,2.2442708490e-02,2.5903450354e-02,3.6891516667e-04,7.9137795078e-03
50.000000,748.000,5.000000,230.000000,1.2351818379e-02,4.7663708160e-04,5.7806376081e-03,9.5092307463e-01,9.7336578312e-01,2.2442708490e-02,2.5815408350e-02,3.3142654091e-04,7.9395958109e-03
50.000000,748.000,5.000000,235.000000,1.2395436817e-02,1.4225095927e-03,5.5761802548e-03,9.5092307463e-01,9.7336578312e-01,2.2442708490e-02,2.5721406703e-02,2.9532970779e-04,7.9676332024e-03
50.000000,748.000,5.000000,240.000000,1.2442261813e-02,2.3158899023e-03,5.2150601693e-03,9.5092307463e-01,9.7336578312e-01,2.2442708490e-02,2.5622313650e-02,2.6125639686e-04,7.9977317297e-03
50.000000,748.000,5.000000,245.000000,1.2492014991e-02,3.1307754206e-03,4.7089803355e-03,9.5092307463e-01,9.7336578312e-01,2.2442708490e-02,2.5519026741e-02,2.2965272554e-04,8.0297124561e-03
50.000000,748.000,5.000000,250.000000,1.2544388189e-02,3.8436076616e-03,4.0739455437e-03,9.5092307463e-01,9.7336578312e-01,2.2442708490e-02,2.5412461656e-02,2.0079230406e-04,8.0633772993e-03
50.000000,748.000,5.000000,255.000000,1.2599043665e-02,4.4339789128e-03,3.3297713154e-03,9.5092307463e-01,9.7336578312e-01,2.2442708490e-02,2.5303541297e-02,1.7479820841e-04,8.0985091620e-03
50.000000,748.000,5.000000,260.000000,1.2655614815e-02,4.8852427899e-03,2.4994778589e-03,9.5092307463e-01,9.7336578312e-01,2.2442708490e-02,2.5193185362e-02,1.5166989806e-04,8.1348723962e-03
50.000000,748.000,5.000000,265.000000,1.2713707466e-02,5.1850101974e-03,1.6085875001e-03,9.5092307463e-01,9.7336578312e-01,2.2442708490e-02,2.5082300593e-02,1.3131165325e-04,8.1722136323e-03
50.000000,748.000,5.000000,270.000000,1.2772901769e-02,5.3255157017e-03,6.8434696004e-04,9.5092307463e-01,9.7336578312e-01,2.2442708490e-02,2.4971771839e-02,1.1355987146e-04,8.2102629972e-03
50.000000,748.000,5.000000,275.000000,1.2832754721e-02,5.3038432597e-03,-2.4510187362e-04,9.5092307463e-01,9.7336578312e-01,2.2442708490e-02,2.4862454080e-02,9.8207413878e-05,8.2487357331e-03
50.000000,748.000,5.000000,280.000000,1.2892803305e-02,5.1220045230e-03,-1.1515774749e-03,9.5092307463e-01,9.7336578312e-01,2.2442708490e-02,2.4755165500e-02,8.5023992822e-05,8.2873342184e-03
50.000000,748.000,5.000000,285.000000,1.2952568241e-02,4.7868674170e-03,-2.0077145097e-03,9.5092307463e-01,9.7336578312e-01,2.2442708490e-02,2.4650681682e-02,7.3772253688e-05,8.3257503791e-03
50.000000,748.000,5.000000,290.000000,1.3011558316e-02,4.3099372423e-03,-2.7877939669e-03,9.5092307463e-01,9.7336578312e-01,2.2442708490e-02,2.4549730944e-02,6.4219692757e-05,8.3636684685e-03
50.000000,748.000,5.000000,295.000000,1.3069275222e-02,3.7069970282e-03,-3.4685223777e-03,9.5092307463e-01,9.7336578312e-01,2.2442708490e-02,2.4452990833e-02,5.6146864985e-05,8.4007681803e-03
50.000000,748.000,5.000000,300.000000,1.3125218849e-02,2.9976181424e-03,-4.0297364646e-03,9.5092307463e-01,9.7336578312e-01,2.2442708490e-02,2.4361085724e-02,4.9352497687e-05,8.4367280507e-03
50.000000,748.000,5.000000,305.000000,1.3178892943e-02,2.2045561016e-03,-4.4550118322e-03,9.5092307463e-01,9.7336578312e-01,2.2442708490e-02,2.4274585464e-02,4.3656172118e-05,8.4712290931e-03
50.000000,748.000,5.000000,310.000000,1.3229811021e-02,1.3530500133e-03,-4.7321572363e-03,9.5092307463e-01,9.7336578312e-01,2.2442708490e-02,2.4194004982e-02,3.8899202466e-05,8.5039586025e-03
50.000000,748.000,5.000000,315.000000,1.3277502444e-02,4.7004700443e-04,-4.8535794491e-03,9.5092307463e-01,9.7336578312e-01,2.2442708490e-02,2.4119804715e-02,3.4944263551e-05,8.5346140587e-03
50.000000,748.000,5.000000,320.000000,1.3321518528e-02,-4.1662473153e-04,-4.8165076756e-03,9.5092307463e-01,9.7336578312e-01,2.2442708490e-02,2.4052391759e-02,3.1674220276e-05,8.5629070520e-03
50.000000,748.000,5.000000,325.000000,1.3361438558e-02,-1.2791090797e-03,-4.6230707529e-03,9.5092307463e-01,9.7336578312e-01,2.2442708490e-02,2.3992121551e-02,2.8990511392e-05,8.5885671525e-03
50.000000,748.000,5.000000,330.000000,1.3396875597e-02,-2.0903753620e-03,-4.2802248369e-03,9.5092307463e-01,9.7336578312e-01,2.2442708490e-02,2.3939299959e-02,2.6811348603e-05,8.6113456424e-03
50.000000,748.000,5.000000,335.000000,1.3427481959e-02,-2.8250459259e-03,-3.7995338339e-03,9.5092307463e-01,9.7336578312e-01,2.2442708490e-02,2.3894185591e-02,2.5069914728e-05,8.6310190324e-03
50.000000,748.000,5.000000,340.000000,1.3452954220e-02,-3.4601727695e-03,-3.1968093100e-03,9.5092307463e-01,9.7336578312e-01,2.2442708490e-02,2.3856992194e-02,2.3712683481e-05,8.6473922860e-03
50.000000,748.000,5.000000,345.000000,1.3473037671e-02,-3.9759395654e-03,-2.4916208859e-03,9.5092307463e-01,9.7336578312e-01,2.2442708490e-02,2.3827890953e-02,2.2697937648e-05,8.6603016800e-03
50.000000,748.000,5.000000,350.000000,1.3487530109e-02,-4.3562677143e-03,-1.7066920644e-03,9.5092307463e-01,9.7336578312e-01,2.2442708490e-02,2.3807012598e-02,2.1994530052e-05,8.6696172396e-03
50.000000,748.000,5.000000,355.000000,1.3496284870e-02,-4.5893079843e-03,-8.6719991927e-04,9.5092307463e-01,9.7336578312e-01,2.2442708490e-02,2.3794449160e-02,2.1580910289e-05,8.6752446912e-03
50.000000,748.000,10.000000,0.000000,1.4334386637e-02,-4.0554888424e-03,-1.1417770920e-18,9.5092307463e-01,9.7336578312e-01,2.2442708490e-02,2.2455163431e-02,2.6827671484e-06,9.2139661227e-03
50.000000,748.000,10.000000,5.000000,1.4327992062e-02,-3.9794640265e-03,8.0904089039e-04,9.5092307463e-01,9.7336578312e-01,2.2442708490e-02,2.2462880647e-02,2.7174110129e-06,9.2098557691e-03
50.000000,748.000,10.000000,10.000000,1.4308887131e-02,-3.7538148454e-03,1.5908203635e-03,9.5092307463e-01,9.7336578312e-01,2.2442708490e-02,2.2486028254e-02,2.8237734531e-06,9.1975753560e-03
50.000000,748.000,10.000000,15.000000,1.4277306708e-02,-3.3857425310e-03,2.3189257162e-03,9.5092307463e-01,9.7336578312e-01,2.2442708490e-02,2.2524592500e-02,3.0093954715e-06,9.1772758518e-03
50.000000,748.000,10.000000,20.000000,1.4233637227e-02,-2.8870028488e-03,2.9686157304e-03,9.5092307463e-01,9.7336578312e-01,2.2442708490e-02,2.2578545089e-02,3.2877026570e-06,9.1492056504e-03
50.000000,748.000,10.000000,25.000000,1.4178409305e-02,-2.2735445514e-03,3.5175923484e-03,9.5092307463e-01,9.7336578312e-01,2.2442708490e-02,2.2647835341e-02,3.6793956843e-06,9.1137058264e-03
50.000000,748.000,10.000000,30.000000,1.4112287685e-02,-1.5650187348e-03,3.9466976517e-03,9.5092307463e-01,9.7336578312e-01,2.2442708490e-02,2.2732379638e-02,4.2146170077e-06,9.0712036680e-03
50.000000,748.000,10.000000,35.000000,1.4036058746e-02,-7.8417405171e-04,4.2405148213e-03,9.5092307463e-01,9.7336578312e-01,2.2442708490e-02,2.2832048585e-02,4.9361388572e-06,9.0222046507e-03
50.000000,748.000,10.000000,40.000000,1.3950615919e-02,4.3843783219e-05,4.3878546722e-03,9.5092307463e-01,9.7336578312e-01,2.2442708490e-02,2.2946652365e-02,5.9039232109e-06,8.9672830602e-03
50.000000,748.000,10.000000,45.000000,1.3856943365e-02,8.9226684109e-04,4.3821128445e-03,9.5092307463e-01,9.7336578312e-01,2.2442708490e-02,2.3075924916e-02,7.2015347710e-06,8.9070715035e-03
50.000000,748.000,10.000000,50.000000,1.3756098343e-02,1.7335305546e-03,4.2214866651e-03,9.5092307463e-01,9.7336578312e-01,2.2442708490e-02,2.3219507526e-02,8.9450437186e-06,8.8422495724e-03
50.000000,748.000,10.000000,55.000000,1.3649192695e-02,2.5401248434e-03,3.9090449681e-03,9.5092307463e-01,9.7336578312e-01,2.2442708490e-02,2.3376932580e-02,1.1295229223e-05,8.7735319469e-03
50.000000,748.000,10.000000,60.000000,1.3537373930e-02,3.2854448247e-03,3.4526486381e-03,9.5092307463e-01,9.7336578312e-01,2.2442708490e-02,2.3547608115e-02,1.4474066478e-05,8.7016562298e-03
50.000000,748.000,10.000000,65.000000,1.3421806336e-02,3.9446151483e-03,2.8647241857e-03,9.5092307463e-01,9.7336578312e-01,2.2442708490e-02,2.3730803916e-02,1.8786605248e-05,8.6273708124e-03
50.000000,748.000,10.000000,70.000000,1.3303652608e-02,4.4952627865e-03,2.1618971397e-03,9.5092307463e-01,9.7336578312e-01,2.2442708490e-02,2.3925639787e-02,2.4649346686e-05,8.5514230601e-03
50.000000,748.000,10.000000,75.000000,1.3184056392e-02,4.9182146705e-03,1.3644963128e-03,9.5092307463e-01,9.7336578312e-01,2.2442708490e-02,2.4131076634e-02,3.2625968673e-05,8.4745480941e-03
50.000000,748.000,10.000000,80.000000,1.3064126154e-02,5.1980988386e-03,4.9594393167e-04,9.5092307463e-01,9.7336578312e-01,2.2442708490e-02,2.4345910888e-02,4.3470549928e-05,8.3974584229e-03
50.000000,748.000,10.000000,85.000000,1.2944920721e-02,5.3238306902e-03,-4.1794989919e-04,9.5092307463e-01,9.7336578312e-01,2.2442708490e-02,2.4568772735e-02,5.8177055426e-05,8.3208346476e-03
50.000000,748.000,10.000000,90.000000,1.2827436784e-02,5.2889694246e-03,-1.3497670065e-03,9.5092307463e-01,9.7336578312e-01,2.2442708490e-02,2.4798128475e-02,7.8031499943e-05,8.2453174288e-03
50.000000,748.000,10.000000,95.000000,1.2712598594e-02,5.0919336854e-03,-2.2713115719e-03,9.5092307463e-01,9.7336578312e-01,2.2442708490e-02,2.5032287264e-02,1.0465968499e-04,8.1715008632e-03
50.000000,748.000,10.000000,100.000000,1.2601250012e-02,4.7360697053e-03,-3.1544659573e-03,9.5092307463e-01,9.7336578312e-01,2.2442708490e-02,2.5269412321e-02,1.4005868423e-04,8.0999273744e-03
50.000000,748.000,10.000000,105.000000,1.2494149003e-02,4.2295697294e-03,-3.9720459350e-03,9.5092307463e-01,9.7336578312e-01,2.2442708490e-02,2.5507536566e-02,1.8659471873e-04,8.0310841724e-03
50.000000,748.000,10.000000,110.000000,1.2391964583e-02,3.5852430414e-03,-4.6986293313e-03,9.5092307463e-01,9.7336578312e-01,2.2442708490e-02,2.5744582528e-02,2.4694475732e-04,7.9654012934e-03
50.000000,748.000,10.000000,115.000000,1.2295276171e-02,2.8201463989e-03,-5.3113328831e-03,9.5092307463e-01,9.7336578312e-01,2.2442708490e-02,2.5978386213e-02,3.2395599370e-04,7.9032511803e-03
50.000000,748.000,10.000000,120.000000,1.2204575200e-02,1.9550849572e-03,-5.7905136718e-03,9.5092307463e-01,9.7336578312e-01,2.2442708490e-02,2.6206724510e-02,4.2039901870e-04,7.8449497198e-03
50.000000,748.000,10.000000,125.000000,1.2120268803e-02,1.0139986996e-03,-6.1203737735e-03,9.5092307463e-01,9.7336578312e-01,2.2442708490e-02,2.6427345591e-02,5.3860015142e-04,7.7907586129e-03
50.000000,748.000,10.000000,130.000000,1.2042685323e-02,2.3252876039e-05,-6.2894496948e-03,9.5092307463e-01,9.7336578312e-01,2.2442708490e-02,2.6638001669e-02,6.7995852945e-04,7.7408889129e-03
50.000000,748.000,10.000000,135.000000,1.1972081325e-02,-9.8914612643e-04,-6.2909716512e-03,9.5092307463e-01,9.7336578312e-01,2.2442708490e-02,2.6836483385e-02,8.4438451830e-04,7.6955055380e-03
50.000000,748.000,10.000000,140.000000,1.1908649797e-02,-1.9943857846e-03,-6.1230816877e-03,9.5092307463e-01,9.7336578312e-01,2.2442708490e-02,2.7020655041e-02,1.0297342068e-03,7.6547325375e-03
50.000000,748.000,10.000000,145.000000,1.1852529137e-02,-2.9637080620e-03,-5.7889039203e-03,9.5092307463e-01,9.7336578312e-01,2.2442708490e-02,2.7188489847e-02,1.2313516375e-03,7.6186588726e-03
50.000000,748.000,10.000000,150.000000,1.1803812568e-02,-3.8692696178e-03,-5.2964646583e-03,9.5092307463e-01,9.7336578312e-01,2.2442708490e-02,2.7338104338e-02,1.4418530047e-03,7.5873444655e-03
50.000000,748.000,10.000000,155.000000,1.1762557570e-02,-4.6849755665e-03,-4.6584647205e-03,9.5092307463e-01,9.7336578312e-01,2.2442708490e-02,2.7467791131e-02,1.6512810571e-03,7.5608262639e-03
50.000000,748.000,10.000000,160.000000,1.1728794964e-02,-5.3872615498e-03,-3.8919107405e-03,9.5092307463e-01,9.7336578312e-01,2.2442708490e-02,2.7576049197e-02,1.8477131963e-03,7.5391240791e-03
50.000000,748.000,10.000000,165.000000,1.1702537279e-02,-5.9558004397e-03,-3.0176165317e-03,9.5092307463e-01,9.7336578312e-01,2.2442708490e-02,2.7661610902e-02,2.0183233994e-03,7.5222459647e-03
50.000000,748.000,10.000000,170.000000,1.1683786085e-02,-6.3741122692e-03,-2.0595895254e-03,9.5092307463e-01,9.7336578312e-01,2.2442708490e-02,2.7723465138e-02,2.1507906094e-03,7.5101929297e-03
50.000000,748.000,10.000000,175.000000,1.1672538005e-02,-6.6300589197e-03,-1.0443207824e-03,9.5092307463e-01,9.7336578312e-01,2.2442708490e-02,2.7760875956e-02,2.2348424679e-03,7.5029628030e-03
50.000000,748.000,10.000000,180.000000,1.1668789177e-02,-6.7162085775e-03,-2.9447493218e-18,9.5092307463e-01,9.7336578312e-01,2.2442708490e-02,2.7773396221e-02,2.2636568997e-03,7.5005531027e-03
50.000000,748.000,10.000000,185.000000,1.1672538005e-02,-6.6300589197e-03,1.0443207824e-03,9.5092307463e-01,9.7336578312e-01,2.2442708490e-02,2.7760875956e-02,2.2348424679e-03,7.5029628030e-03
50.000000,748.000,10.000000,190.000000,1.1683786085e-02,-6.3741122692e-03,2.0595895254e-03,9.5092307463e-01,9.7336578312e-01,2.2442708490e-02,2.7723465138e-02,2.1507906094e-03,7.5101929297e-03
50.000000,748.000,10.000000,195.000000,1.1702537279e-02,-5.9558004397e-03,3.0176165317e-03,9.5092307463e-01,9.7336578312e-01,2.2442708490e-02,2.7661610902e-02,2.0183233994e-03,7.5222459647e-03
50.000000,748.000,10.000000,200.000000,1.1728794964e-02,-5.3872615498e-03,3.8919107405e-03,9.5092307463e-01,9.7336578312e-01,2.2442708490e-02,2.7576049197e-02,1.8477131963e-03,7.5391240791e-03
50.000000,748.000,10.000000,205.000000,1.1762557570e-02,-4.6849755665e-03,4.6584647205e-03,9.5092307463e-01,9.7336578312e-01,2.2442708490e-02,2.7467791131e-02,1.6512810571e-03,7.5608262639e-03
50.000000,748.000,10.000000,210.000000,1.1803812568e-02,-3.8692696178e-03,5.2964646583e-03,9.5092307463e-01,9.7336578312e-01,2.2442708490e-02,2.7338104338e-02,1.4418530047e-03,7.5873444655e-03
50.000000,748.000,10.000000,215.000000,1.1852529137e-02,-2.9637080620e-03,5.7889039203e-03,9.5092307463e-01,9.7336578312e-01,2.2442708490e-02,2.7188489847e-02,1.2313516375e-03,7.6186588726e-03
50.000000,748.000,10.000000,220.000000,1.1908649797e-02,-1.9943857846e-03,6.1230816877e-03,9.5092307463e-01,9.7336578312e-01,2.2442708490e-02,2.7020655041e-02,1.0297342068e-03,7.6547325375e-03
50.000000,748.000,10.000000,225.000000,1.1972081325e-02,-9.8914612643e-04,6.2909716512e-03,9.5092307463e-01,9.7336578312e-01,2.2442708490e-02,2.6836483385e-02,8.4438451830e-04,7.6955055380e-03
50.000000,748.000,10.000000,230.000000,1.2042685323e-02,2.3252876039e-05,6.2894496948e-03,9.5092307463e-01,9.7336578312e-01,2.2442708490e-02,2.6638001669e-02,6.7995852945e-04,7.7408889129e-03
50.000000,748.000,10.000000,235.000000,1.2120268803e-02,1.0139986996e-03,6.1203737735e-03,9.5092307463e-01,9.7336578312e-01,2.2442708490e-02,2.6427345591e-02,5.3860015142e-04,7.7907586129e-03
50.000000,748.000,10.000000,240.000000,1.2204575200e-02,1.9550849572e-03,5.7905136718e-03,9.5092307463e-01,9.7336578312e-01,2.2442708490e-02,2.6206724510e-02,4.2039901870e-04,7.8449497198e-03
50.000000,748.000,10.000000,245.000000,1.2295276171e-02,2.8201463989e-03,5.3113328831e-03,9.5092307463e-01,9.7336578312e-01,2.2442708490e-02,2.5978386213e-02,3.2395599370e-04,7.9032511803e-03
50.000000,748.000,10.000000,250.000000,1.2391964583e-02,3.5852430414e-03,4.6986293313e-03,9.5092307463e-01,9.7336578312e-01,2.2442708490e-02,2.5744582528e-02,2.4694475732e-04,7.9654012934e-03
50.000000,748.000,10.000000,255.000000,1.2494149003e-02,4.2295697294e-03,3.9720459350e-03,9.5092307463e-01,9.7336578312e-01,2.2442708490e-02,2.5507536566e-02,1.8659471873e-04,8.0310841724e-03
50.000000,748.000,10.000000,260.000000,1.2601250012e-02,4.7360697053e-03,3.1544659573e-03,9.5092307463e-01,9.7336578312e-01,2.2442708490e-02,2.5269412321e-02,1.4005868423e-04,8.0999273744e-03
50.000000,748.000,10.000000,265.000000,1.2712598594e-02,5.0919336854e-03,2.2713115719e-03,9.5092307463e-01,9.7336578312e-01,2.2442708490e-02,2.5032287264e-02,1.0465968499e-04,8.1715008632e-03
50.000000,748.000,10.000000,270.000000,1.2827436784e-02,5.2889694246e-03,1.3497670065e-03,9.5092307463e-01,9.7336578312e-01,2.2442708490e-02,2.4798128475e-02,7.8031499943e-05,8.2453174288e-03
50.000000,748.000,10.000000,275.000000,1.2944920721e-02,5.3238306902e-03,4.1794989919e-04,9.5092307463e-01,9.7336578312e-01,2.2442708490e-02,2.4568772735e-02,5.8177055426e-05,8.3208346476e-03
50.000000,748.000,10.000000,280.000000,1.3064126154e-02,5.1980988386e-03,-4.9594393167e-04,9.5092307463e-01,9.7336578312e-01,2.2442708490e-02,2.4345910888e-02,4.3470549928e-05,8.3974584229e-03
50.000000,748.000,10.000000,285.000000,1.3184056392e-02,4.9182146705e-03,-1.3644963128e-03,9.5092307463e-01,9.7336578312e-01,2.2442708490e-02,2.4131076634e-02,3.2625968673e-05,8.4745480941e-03
50.000000,748.000,10.000000,290.000000,1.3303652608e-02,4.4952627865e-03,-2.1618971397e-03,9.5092307463e-01,9.7336578312e-01,2.2442708490e-02,2.3925639787e-02,2.4649346686e-05,8.5514230601e-03
50.000000,748.000,10.000000,295.000000,1.3421806336e-02,3.9446151483e-03,-2.8647241857e-03,9.5092307463e-01,9.7336578312e-01,2.2442708490e-02,2.3730803916e-02,1.8786605248e-05,8.6273708124e-03
50.000000,748.000,10.000000,300.000000,1.3537373930e-02,3.2854448247e-03,-3.4526486381e-03,9.5092307463e-01,9.7336578312e-01,2.2442708490e-02,2.3547608115e-02,1.4474066478e-05,8.7016562298e-03
50.000000,748.000,10.000000,305.000000,1.3649192695e-02,2.5401248434e-03,-3.9090449681e-03,9.5092307463e-01,9.7336578312e-01,2.2442708490e-02,2.3376932580e-02,1.1295229223e-05,8.7735319469e-03
50.000000,748.000,10.000000,310.000000,1.3756098343e-02,1.7335305546e-03,-4.2214866651e-03,9.5092307463e-01,9.7336578312e-01,2.2442708490e-02,2.3219507526e-02,8.9450437186e-06,8.8422495724e-03
50.000000,748.000,10.000000,315.000000,1.3856943365e-02,8.9226684109e-04,-4.3821128445e-03,9.5092307463e-01,9.7336578312e-01,2.2442708490e-02,2.3075924916e-02,7.2015347710e-06,8.9070715035e-03
50.000000,748.000,10.000000,320.000000,1.3950615919e-02,4.3843783219e-05,-4.3878546722e-03,9.5092307463e-01,9.7336578312e-01,2.2442708490e-02,2.2946652365e-02,5.9039232109e-06,8.9672830602e-03
50.000000,748.000,10.000000,325.000000,1.4036058746e-02,-7.8417405171e-04,-4.2405148213e-03,9.5092307463e-01,9.7336578312e-01,2.2442708490e-02,2.2832048585e-02,4.9361388572e-06,9.0222046507e-03
50.000000,748.000,10.000000,330.000000,1.4112287685e-02,-1.5650187348e-03,-3.9466976517e-03,9.5092307463e-01,9.7336578312e-01,2.2442708490e-02,2.2732379638e-02,4.2146170077e-06,9.0712036680e-03
50.000000,748.000,10.000000,335.000000,1.4178409305e-02,-2.2735445514e-03,-3.5175923484e-03,9.5092307463e-01,9.7336578312e-01,2.2442708490e-02,2.2647835341e-02,3.6793956843e-06,9.1137058264e-03
50.000000,748.000,10.000000,340.000000,1.4233637227e-02,-2.8870028488e-03,-2.9686157304e-03,9.5092307463e-01,9.7336578312e-01,2.2442708490e-02,2.2578545089e-02,3.2877026570e-06,9.1492056504e-03
50.000000,748.000,10.000000,345.000000,1.4277306708e-02,-3.3857425310e-03,-2.3189257162e-03,9.5092307463e-01,9.7336578312e-01,2.2442708490e-02,2.2524592500e-02,3.0093954715e-06,9.1772758518e-03
50.000000,748.000,10.000000,350.000000,1.4308887131e-02,-3.7538148454e-03,-1.5908203635e-03,9.5092307463e-01,9.7336578312e-01,2.2442708490e-02,2.2486028254e-02,2.8237734531e-06,9.1975753560e-03
50.000000,748.000,10.000000,355.000000,1.4327992062e-02,-3.9794640265e-03,-8.0904089039e-04,9.5092307463e-01,9.7336578312e-01,2.2442708490e-02,2.2462880647e-02,2.7174110129e-06,9.2098557691e-03
50.000000,748.000,15.000000,0.000000,1.5306868888e-02,-3.4648069542e-03,-1.0553610723e-18,9.5092307463e-01,9.7336578312e-01,2.2442708490e-02,2.1337513098e-02,2.3976175535e-07,9.8390656646e-03
50.000000,748.000,15.000000,5.000000,1.5296302988e-02,-3.3912472586e-03,7.4754146898e-04,9.5092307463e-01,9.7336578312e-01,2.2442708490e-02,2.1346942339e-02,2.4450797309e-07,9.8322740345e-03
50.000000,748.000,15.000000,10.000000,1.5264753987e-02,-3.1729752595e-03,1.4682966484e-03,9.5092307463e-01,9.7336578312e-01,2.2442708490e-02,2.1375279856e-02,2.5927896533e-07,9.8119947275e-03
50.000000,748.000,15.000000,15.000000,1.5212664782e-02,-2.8171377730e-03,2.1363241317e-03,9.5092307463e-01,9.7336578312e-01,2.2442708490e-02,2.1422670953e-02,2.8576427190e-07,9.7785124323e-03
50.000000,748.000,15.000000,20.000000,1.5140762934e-02,-2.3354002736e-03,2.7273463710e-03,9.5092307463e-01,9.7336578312e-01,2.2442708490e-02,2.1489344376e-02,3.2710866416e-07,9.7322948152e-03
50.000000,748.000,15.000000,25.000000,1.5050045067e-02,-1.7435859490e-03,3.2195176272e-03,9.5092307463e-01,9.7336578312e-01,2.2442708490e-02,2.1575592656e-02,3.8848216607e-07,9.6739824946e-03
50.000000,748.000,15.000000,30.000000,1.4941755632e-02,-1.0611858952e-03,3.5941173306e-03,9.5092307463e-01,9.7336578312e-01,2.2442708490e-02,2.1681745583e-02,4.7805112304e-07,9.6043753873e-03
50.000000,748.000,15.000000,35.000000,1.4817360598e-02,-3.1075540451e-04,3.8361475591e-03,9.5092307463e-01,9.7336578312e-01,2.2442708490e-02,2.1808137727e-02,6.0857400038e-07,9.5244158005e-03
50.000000,748.000,15.000000,40.000000,1.4678516796e-02,4.8278522394e-04,3.9348162610e-03,9.5092307463e-01,9.7336578312e-01,2.2442708490e-02,2.1955071183e-02,7.9999531700e-07,9.4351687250e-03
50.000000,748.000,15.000000,45.000000,1.4527037733e-02,1.2929240007e-03,3.8838913330e-03,9.5092307463e-01,9.7336578312e-01,2.2442708490e-02,2.2122774857e-02,1.0836512296e-06,9.3377998605e-03
50.000000,748.000,15.000000,50.000000,1.4364856796e-02,2.0923810698e-03,3.6819145918e-03,9.5092307463e-01,9.7336578312e-01,2.2442708490e-02,2.2311361803e-02,1.5090843931e-06,9.2335519633e-03
50.000000,748.000,15.000000,55.000000,1.4193988816e-02,2.8539578694e-03,3.3322689549e-03,9.5092307463e-01,9.7336578312e-01,2.2442708490e-02,2.2520786135e-02,2.1550728026e-06,9.1237201430e-03
50.000000,748.000,15.000000,60.000000,1.4016491025e-02,3.5513856741e-03,2.8430966120e-03,9.5092307463e-01,9.7336578312e-01,2.2442708490e-02,2.2750801171e-02,3.1474175769e-06,9.0096267619e-03
50.000000,748.000,15.000000,65.000000,1.3834424397e-02,4.1601475674e-03,2.2270705153e-03,9.5092307463e-01,9.7336578312e-01,2.2442708490e-02,2.3000920370e-02,4.6874487182e-06,8.8925965894e-03
50.000000,748.000,15.000000,70.000000,1.3649816391e-02,4.6582486876e-03,1.5010259876e-03,9.5092307463e-01,9.7336578312e-01,2.2442708490e-02,2.3270382632e-02,7.0972477658e-06,8.7739328508e-03
50.000000,748.000,15.000000,75.000000,1.3464626019e-02,5.0269111529e-03,6.8546351538e-04,9.5092307463e-01,9.7336578312e-01,2.2442708490e-02,2.3558123377e-02,1.0890356376e-05,8.6548947739e-03
50.000000,748.000,15.000000,80.000000,1.3280712098e-02,5.2511723449e-03,-1.9606227551e-04,9.5092307463e-01,9.7336578312e-01,2.2442708490e-02,2.3862752684e-02,1.6880165145e-05,8.5366771845e-03
50.000000,748.000,15.000000,85.000000,1.3099805455e-02,5.3203681641e-03,-1.1176489862e-03,9.5092307463e-01,9.7336578312e-01,2.2442708490e-02,2.4182541557e-02,2.6341755896e-05,8.4203926360e-03
50.000000,748.000,15.000000,90.000000,1.2923485689e-02,5.2284863542e-03,-2.0518267607e-03,9.5092307463e-01,9.7336578312e-01,2.2442708490e-02,2.4515417182e-02,4.1245382105e-05,8.3070564746e-03
50.000000,748.000,15.000000,95.000000,1.2753162986e-02,4.9743789372e-03,-2.9703888948e-03,9.5092307463e-01,9.7336578312e-01,2.2442708490e-02,2.4858967728e-02,6.4578363560e-05,8.1975751519e-03
50.000000,748.000,15.000000,100.000000,1.2590065319e-02,4.5618270780e-03,-3.8452475281e-03,9.5092307463e-01,9.7336578312e-01,2.2442708490e-02,2.5210457015e-02,1.0076250141e-04,8.0927379920e-03
50.000000,748.000,15.000000,105.000000,1.2435231168e-02,3.9994561797e-03,-4.6492884339e-03,9.5092307463e-01,9.7336578312e-01,2.2442708490e-02,2.5566849024e-02,1.5614998782e-04,7.9932125182e-03
50.000000,748.000,15.000000,110.000000,1.2289507785e-02,3.3005035608e-03,-5.3571989200e-03,9.5092307463e-01,9.7336578312e-01,2.2442708490e-02,2.5924841979e-02,2.3953550750e-04,7.8995433335e-03
50.000000,748.000,15.000000,115.000000,1.2153554805e-02,2.4824455472e-03,-5.9462436571e-03,9.5092307463e-01,9.7336578312e-01,2.2442708490e-02,2.6280911380e-02,3.6255210891e-04,7.8121544425e-03
50.000000,748.000,15.000000,120.000000,1.2027852880e-02,1.5664950861e-03,-6.3969648100e-03,9.5092307463e-01,9.7336578312e-01,2.2442708490e-02,2.6631361131e-02,5.3972896582e-04,7.7313548027e-03
50.000000,748.000,15.000000,125.000000,1.1912716856e-02,5.7698492933e-04,-6.6937851261e-03,9.5092307463e-01,9.7336578312e-01,2.2442708490e-02,2.6972381641e-02,7.8790303186e-04,7.6573467929e-03
50.000000,748.000,15.000000,130.000000,1.1808312878e-02,-4.5934508337e-04,-6.8254955684e-03,9.5092307463e-01,9.7336578312e-01,2.2442708490e-02,2.7300113525e-02,1.1246394860e-03,7.5902372090e-03
50.000000,748.000,15.000000,135.000000,1.1714678699e-02,-1.5141351887e-03,-6.7856125656e-03,9.5092307463e-01,9.7336578312e-01,2.2442708490e-02,2.7610715383e-02,1.5653928258e-03,7.5300503195e-03
50.000000,748.000,15.000000,140.000000,1.1631746397e-02,-2.5582435864e-03,-6.5725938991e-03,9.5092307463e-01,9.7336578312e-01,2.2442708490e-02,2.7900433970e-02,2.1193946033e-03,7.4767424628e-03
50.000000,748.000,15.000000,145.000000,1.1559366596e-02,-3.5626097702e-03,-6.1899065219e-03,9.5092307463e-01,9.7336578312e-01,2.2442708490e-02,2.8165674976e-02,2.7847046079e-03,7.4302176235e-03
50.000000,748.000,15.000000,150.000000,1.1497333329e-02,-4.4991172411e-03,-5.6459440914e-03,9.5092307463e-01,9.7336578312e-01,2.2442708490e-02,2.8403072596e-02,3.5434354780e-03,7.3903434081e-03
50.000000,748.000,15.000000,155.000000,1.1445408596e-02,-5.3414295417e-03,-4.9537965452e-03,9.5092307463e-01,9.7336578312e-01,2.2442708490e-02,2.8609556076e-02,4.3586602702e-03,7.3569668335e-03
50.000000,748.000,15.000000,160.000000,1.1403345755e-02,-6.0657743509e-03,-4.1308785366e-03,9.5092307463e-01,9.7336578312e-01,2.2442708490e-02,2.8782411494e-02,5.1746549994e-03,7.3299293605e-03
50.000000,748.000,15.000000,165.000000,1.1370910897e-02,-6.6516519357e-03,-3.1984278176e-03,9.5092307463e-01,9.7336578312e-01,2.2442708490e-02,2.8919337126e-02,5.9216596965e-03,7.3090806355e-03
50.000000,748.000,15.000000,170.000000,1.1347901462e-02,-7.0824465394e-03,-2.1808886042e-03,9.5092307463e-01,9.7336578312e-01,2.2442708490e-02,2.9018490926e-02,6.5252059520e-03,7.2942904559e-03
50.000000,748.000,15.000000,175.000000,1.1334161437e-02,-7.3459222188e-03,-1.1051984396e-03,9.5092307463e-01,9.7336578312e-01,2.2442708490e-02,2.9078528855e-02,6.9185244375e-03,7.2854585376e-03
50.000000,748.000,15.000000,180.000000,1.1329592600e-02,-7.4345881303e-03,-3.1158273746e-18,9.5092307463e-01,9.7336578312e-01,2.2442708490e-02,2.9098633018e-02,7.0551796763e-03,7.2825217462e-03
50.000000,748.000,15.000000,185.000000,1.1334161437e-02,-7.3459222188e-03,1.1051984396e-03,9.5092307463e-01,9.7336578312e-01,2.2442708490e-02,2.9078528855e-02,6.9185244375e-03,7.2854585376e-03
50.000000,748.000,15.000000,190.000000,1.1347901462e-02,-7.0824465394e-03,2.1808886042e-03,9.5092307463e-01,9.7336578312e-01,2.2442708490e-02,2.9018490926e-02,6.5252059520e-03,7.2942904559e-03
50.000000,748.000,15.000000,195.000000,1.1370910897e-02,-6.6516519357e-03,3.1984278176e-03,9.5092307463e-01,9.7336578312e-01,2.2442708490e-02,2.8919337126e-02,5.9216596965e-03,7.3090806355e-03
50.000000,748.000,15.000000,200.000000,1.1403345755e-02,-6.0657743509e-03,4.1308785366e-03,9.5092307463e-01,9.7336578312e-01,2.2442708490e-02,2.8782411494e-02,5.1746549994e-03,7.3299293605e-03
50.000000,748.000,15.000000,205.000000,1.1445408596e-02,-5.3414295417e-03,4.9537965452e-03,9.5092307463e-01,9.7336578312e-01,2.2442708490e-02,2.8609556076e-02,4.3586602702e-03,7.3569668335e-03
50.000000,748.000,15.000000,210.000000,1.1497333329e-02,-4.4991172411e-03,5.6459440914e-03,9.5092307463e-01,9.7336578312e-01,2.2442708490e-02,2.8403072596e-02,3.5434354780e-03,7.3903434081e-03
50.000000,748.000,15.000000,215.000000,1.1559366596e-02,-3.5626097702e-03,6.1899065219e-03,9.5092307463e-01,9.7336578312e-01,2.2442708490e-02,2.8165674976e-02,2.7847046079e-03,7.4302176235e-03
50.000000,748.000,15.000000,220.000000,1.1631746397e-02,-2.5582435864e-03,6.5725938991e-03,9.5092307463e-01,9.7336578312e-01,2.2442708490e-02,2.7900433970e-02,2.1193946033e-03,7.4767424628e-03
50.000000,748.000,15.000000,225.000000,1.1714678699e-02,-1.5141351887e-03,6.7856125656e-03,9.5092307463e-01,9.7336578312e-01,2.2442708490e-02,2.7610715383e-02,1.5653928258e-03,7.5300503195e-03
50.000000,748.000,15.000000,230.000000,1.1808312878e-02,-4.5934508337e-04,6.8254955684e-03,9.5092307463e-01,9.7336578312e-01,2.2442708490e-02,2.7300113525e-02,1.1246394860e-03,7.5902372090e-03
50.000000,748.000,15.000000,235.000000,1.1912716856e-02,5.7698492933e-04,6.6937851261e-03,9.5092307463e-01,9.7336578312e-01,2.2442708490e-02,2.6972381641e-02,7.8790303186e-04,7.6573467929e-03
50.000000,748.000,15.000000,240.000000,1.2027852880e-02,1.5664950861e-03,6.3969648100e-03,9.5092307463e-01,9.7336578312e-01,2.2442708490e-02,2.6631361131e-02,5.3972896582e-04,7.7313548027e-03
50.000000,748.000,15.000000,245.000000,1.2153554805e-02,2.4824455472e-03,5.9462436571e-03,9.5092307463e-01,9.7336578312e-01,2.2442708490e-02,2.6280911380e-02,3.6255210891e-04,7.8121544425e-03
50.000000,748.000,15.000000,250.000000,1.2289507785e-02,3.3005035608e-03,5.3571989200e-03,9.5092307463e-01,9.7336578312e-01,2.2442708490e-02,2.5924841979e-02,2.3953550750e-04,7.8995433335e-03
50.000000,748.000,15.000000,255.000000,1.2435231168e-02,3.9994561797e-03,4.6492884339e-03,9.5092307463e-01,9.7336578312e-01,2.2442708490e-02,2.5566849024e-02,1.5614998782e-04,7.9932125182e-03
50.000000,748.000,15.000000,260.000000,1.2590065319e-02,4.5618270780e-03,3.8452475281e-03,9.5092307463e-01,9.7336578312e-01,2.2442708490e-02,2.5210457015e-02,1.0076250141e-04,8.0927379920e-03
50.000000,748.000,15.000000,265.000000,1.2753162986e-02,4.9743789372e-03,2.9703888948e-03,9.5092307463e-01,9.7336578312e-01,2.2442708490e-02,2.4858967728e-02,6.4578363560e-05,8.1975751519e-03
50.000000,748.000,15.000000,270.000000,1.2923485689e-02,5.2284863542e-03,2.0518267607e-03,9.5092307463e-01,9.7336578312e-01,2.2442708490e-02,2.4515417182e-02,4.1245382105e-05,8.3070564746e-03
50.000000,748.000,15.000000,275.000000,1.3099805455e-02,5.3203681641e-03,1.1176489862e-03,9.5092307463e-01,9.7336578312e-01,2.2442708490e-02,2.4182541557e-02,2.6341755896e-05,8.4203926360e-03
50.000000,748.000,15.000000,280.000000,1.3280712098e-02,5.2511723449e-03,1.9606227551e-04,9.5092307463e-01,9.7336578312e-01,2.2442708490e-02,2.3862752684e-02,1.6880165145e-05,8.5366771845e-03
50.000000,748.000,15.000000,285.000000,1.3464626019e-02,5.0269111529e-03,-6.8546351538e-04,9.5092307463e-01,9.7336578312e-01,2.2442708490e-02,2.3558123377e-02,1.0890356376e-05,8.6548947739e-03
50.000000,748.000,15.000000,290.000000,1.3649816391e-02,4.6582486876e-03,-1.5010259876e-03,9.5092307463e-01,9.7336578312e-01,2.2442708490e-02,2.3270382632e-02,7.0972477658e-06,8.7739328508e-03
50.000000,748.000,15.000000,295.000000,1.3834424397e-02,4.1601475674e-03,-2.2270705153e-03,9.5092307463e-01,9.7336578312e-01,2.2442708490e-02,2.3000920370e-02,4.6874487182e-06,8.8925965894e-03
50.000000,748.000,15.000000,300.000000,1.4016491025e-02,3.5513856741e-03,-2.8430966120e-03,9.5092307463e-01,9.7336578312e-01,2.2442708490e-02,2.2750801171e-02,3.1474175769e-06,9.0096267619e-03
50.000000,748.000,15.000000,305.000000,1.4193988816e-02,2.8539578694e-03,-3.3322689549e-03,9.5092307463e-01,9.7336578312e-01,2.2442708490e-02,2.2520786135e-02,2.1550728026e-06,9.1237201430e-03
50.000000,748.000,15.000000,310.000000,1.4364856796e-02,2.0923810698e-03,-3.6819145918e-03,9.5092307463e-01,9.7336578312e-01,2.2442708490e-02,2.2311361803e-02,1.5090843931e-06,9.2335519633e-03
50.000000,748.000,15.000000,315.000000,1.4527037733e-02,1.2929240007e-03,-3.8838913330e-03,9.5092307463e-01,9.7336578312e-01,2.2442708490e-02,2.2122774857e-02,1.0836512296e-06,9.3377998605e-03
50.000000,748.000,15.000000,320.000000,1.4678516796e-02,4.8278522394e-04,-3.9348162610e-03,9.5092307463e-01,9.7336578312e-01,2.2442708490e-02,2.1955071183e-02,7.9999531700e-07,9.4351687250e-03
50.000000,748.000,15.000000,325.000000,1.4817360598e-02,-3.1075540451e-04,-3.8361475591e-03,9.5092307463e-01,9.7336578312e-01,2.2442708490e-02,2.1808137727e-02,6.0857400038e-07,9.5244158005e-03
50.000000,748.000,15.000000,330.000000,1.4941755632e-02,-1.0611858952e-03,-3.5941173306e-03,9.5092307463e-01,9.7336578312e-01,2.2442708490e-02,2.1681745583e-02,4.7805112304e-07,9.6043753873e-03
50.000000,748.000,15.000000,335.000000,1.5050045067e-02,-1.7435859490e-03,-3.2195176272e-03,9.5092307463e-01,9.7336578312e-01,2.2442708490e-02,2.1575592656e-02,3.8848216607e-07,9.6739824946e-03
50.000000,748.000,15.000000,340.000000,1.5140762934e-02,-2.3354002736e-03,-2.7273463710e-03,9.5092307463e-01,9.7336578312e-01,2.2442708490e-02,2.1489344376e-02,3.2710866416e-07,9.7322948152e-03
50.000000,748.000,15.000000,345.000000,1.5212664782e-02,-2.8171377730e-03,-2.1363241317e-03,9.5092307463e-01,9.7336578312e-01,2.2442708490e-02,2.1422670953e-02,2.8576427190e-07,9.7785124323e-03
50.000000,748.000,15.000000,350.000000,1.5264753987e-02,-3.1729752595e-03,-1.4682966484e-03,9.5092307463e-01,9.7336578312e-01,2.2442708490e-02,2.1375279856e-02,2.5927896533e-07,9.8119947275e-03
50.000000,748.000,15.000000,355.000000,1.5296302988e-02,-3.3912472586e-03,-7.4754146898e-04,9.5092307463e-01,9.7336578312e-01,2.2442708490e-02,2.1346942339e-02,2.4450797309e-07,9.8322740345e-03
50.000000,748.000,20.000000,0.000000,1.6408649209e-02,-2.9218222748e-03,-9.6474968766e-19,9.5092307463e-01,9.7336578312e-01,2.2442708490e-02,2.0361610756e-02,1.4416104937e-08,1.0547276403e-02
50.000000,748.000,20.000000,5.000000,1.6393252657e-02,-2.8505942743e-03,6.8305709058e-04,9.5092307463e-01,9.7336578312e-01,2.2442708490e-02,2.0371304289e-02,1.4807885084e-08,1.0537379690e-02
50.000000,748.000,20.000000,10.000000,1.6347302888e-02,-2.6393019834e-03,1.3398305242e-03,9.5092307463e-01,9.7336578312e-01,2.2442708490e-02,2.0400523309e-02,1.6044979408e-08,1.0507843748e-02
50.000000,748.000,20.000000,15.000000,1.6271514002e-02,-2.2950461317e-03,1.9448773408e-03,9.5092307463e-01,9.7336578312e-01,2.2442708490e-02,2.0449675573e-02,1.8328186802e-08,1.0459127591e-02
50.000000,748.000,20.000000,20.000000,1.6167057811e-02,-1.8294155348e-03,2.4744101101e-03,9.5092307463e-01,9.7336578312e-01,2.2442708490e-02,2.0519415931e-02,2.2049141373e-08,1.0391984446e-02
50.000000,748.000,20.000000,25.000000,1.6035536838e-02,-1.2581263837e-03,2.9070608235e-03,9.5092307463e-01,9.7336578312e-01,2.2442708490e-02,2.0610610074e-02,2.7895956303e-08,1.0307444394e-02
50.000000,748.000,20.000000,30.000000,1.5878947586e-02,-6.0053278090e-04,3.2245703223e-03,9.5092307463e-01,9.7336578312e-01,2.2442708490e-02,2.0724285514e-02,3.7049854557e-08,1.0206790763e-02
50.000000,748.000,20.000000,35.000000,1.5699635094e-02,1.2097651341e-04,3.4123820079e-03,9.5092307463e-01,9.7336578312e-01,2.2442708490e-02,2.0861571462e-02,5.1544767953e-08,1.0091530915e-02
50.000000,748.000,20.000000,40.000000,1.5500240044e-02,8.8167667948e-04,3.4601214995e-03,9.5092307463e-01,9.7336578312e-01,2.2442708490e-02,2.1023629627e-02,7.4927091378e-08,9.9633622476e-03
50.000000,748.000,20.000000,45.000000,1.5283639899e-02,1.6552794151e-03,3.3619473786e-03,9.5092307463e-01,9.7336578312e-01,2.2442708490e-02,2.1211578340e-02,1.1347691609e-07,9.8241343579e-03
50.000000,748.000,20.000000,50.000000,1.5052885677e-02,2.4147558544e-03,3.1167620954e-03,9.5092307463e-01,9.7336578312e-01,2.2442708490e-02,2.1426412581e-02,1.7848969993e-07,9.6758084029e-03
50.000000,748.000,20.000000,55.000000,1.4811136117e-02,3.1331846415e-03,2.7282763722e-03,9.5092307463e-01,9.7336578312e-01,2.2442708490e-02,2.1668922716e-02,2.9057185870e-07,9.5204147815e-03
50.000000,748.000,20.000000,60.000000,1.4561591025e-02,3.7845991848e-03,2.2049249118e-03,9.5092307463e-01,9.7336578312e-01,2.2442708490e-02,2.1939614785e-02,4.8776795573e-07,9.3600102885e-03
50.000000,748.000,20.000000,65.000000,1.4307425598e-02,4.3448081278e-03,1.5596357556e-03,9.5092307463e-01,9.7336578312e-01,2.2442708490e-02,2.2238635199e-02,8.4096154020e-07,9.1966359008e-03
50.000000,748.000,20.000000,70.000000,1.4051727486e-02,4.7921638665e-03,8.0946010312e-04,9.5092307463e-01,9.7336578312e-01,2.2442708490e-02,2.2565702580e-02,1.4829908470e-06,9.0322763225e-03
50.000000,748.000,20.000000,75.000000,1.3797438255e-02,5.1082555065e-03,-2.4926330421e-05,9.5092307463e-01,9.7336578312e-01,2.2442708490e-02,2.2920049304e-02,2.6633172648e-06,8.8688223558e-03
50.000000,748.000,20.000000,80.000000,1.3547300749e-02,5.2785049387e-03,-9.1983541591e-04,9.5092307463e-01,9.7336578312e-01,2.2442708490e-02,2.3300375034e-02,4.8494528520e-06,8.7080370662e-03
50.000000,748.000,20.000000,85.000000,1.3303813677e-02,5.2926476411e-03,-1.8492736961e-03,9.5092307463e-01,9.7336578312e-01,2.2442708490e-02,2.3704814190e-02,8.9118264590e-06,8.5515265934e-03
50.000000,748.000,20.000000,90.000000,1.3069194520e-02,5.1450833116e-03,-2.7857230670e-03,9.5092307463e-01,9.7336578312e-01,2.2442708490e-02,2.4130918878e-02,1.6452582138e-05,8.4007163058e-03
50.000000,748.000,20.000000,95.000000,1.2845351577e-02,4.8350853815e-03,-3.7009714033e-03,9.5092307463e-01,9.7336578312e-01,2.2442708490e-02,2.4575658378e-02,3.0371743432e-05,8.2568328360e-03
50.000000,748.000,20.000000,100.000000,1.2633865723e-02,4.3668627446e-03,-4.5669679324e-03,9.5092307463e-01,9.7336578312e-01,2.2442708490e-02,2.5035435761e-02,5.5801984293e-05,8.1208923490e-03
50.000000,748.000,20.000000,105.000000,1.2435982094e-02,3.7494715256e-03,-5.3566773802e-03,9.5092307463e-01,9.7336578312e-01,2.2442708490e-02,2.5506121709e-02,1.0157014284e-04,7.9936952044e-03
50.000000,748.000,20.000000,110.000000,1.2252611694e-02,2.9965792653e-03,-6.0449069224e-03,9.5092307463e-01,9.7336578312e-01,2.2442708490e-02,2.5983105092e-02,1.8232348621e-04,7.8758269831e-03
50.000000,748.000,20.000000,115.000000,1.2084342532e-02,2.1260883892e-03,-6.6090807720e-03,9.5092307463e-01,9.7336578312e-01,2.2442708490e-02,2.6461359320e-02,3.2132846619e-04,7.7676656511e-03
50.000000,748.000,20.000000,120.000000,1.1931459691e-02,1.1596301057e-03,-7.0299387997e-03,9.5092307463e-01,9.7336578312e-01,2.2442708490e-02,2.6935523035e-02,5.5362603472e-04,7.6693944549e-03
50.000000,748.000,20.000000,125.000000,1.1793973401e-02,1.2194382176e-04,-7.2921378625e-03,9.5092307463e-01,9.7336578312e-01,2.2442708490e-02,2.7399993217e-02,9.2864575729e-04,7.5810199714e-03
50.000000,748.000,20.000000,130.000000,1.1671654009e-02,-9.5983934518e-04,-7.3847374465e-03,9.5092307463e-01,9.7336578312e-01,2.2442708490e-02,2.7849028426e-02,1.5105804582e-03,7.5023945818e-03
50.000000,748.000,20.000000,135.000000,1.1564072495e-02,-2.0569874573e-03,-7.3015547210e-03,9.5092307463e-01,9.7336578312e-01,2.2442708490e-02,2.8276859544e-02,2.3740675098e-03,7.4332425174e-03
50.000000,748.000,20.000000,140.000000,1.1470645058e-02,-3.1400092732e-03,-7.0413780425e-03,9.5092307463e-01,9.7336578312e-01,2.2442708490e-02,2.8677805134e-02,3.5925788489e-03,7.3731885182e-03
50.000000,748.000,20.000000,145.000000,1.1390680175e-02,-4.1795210612e-03,-6.6080322268e-03,9.5092307463e-01,9.7336578312e-01,2.2442708490e-02,2.9046388374e-02,5.2181545537e-03,7.3217880827e-03
50.000000,748.000,20.000000,150.000000,1.1323426485e-02,-5.1471125941e-03,-6.0102933893e-03,9.5092307463e-01,9.7336578312e-01,2.2442708490e-02,2.9377452434e-02,7.2542647806e-03,7.2785582437e-03
50.000000,748.000,20.000000,155.000000,1.1268119820e-02,-6.0161862178e-03,-5.2616557041e-03,9.5092307463e-01,9.7336578312e-01,2.2442708490e-02,2.9666271175e-02,9.6282784238e-03,7.2430078045e-03
50.000000,748.000,20.000000,160.000000,1.1224027798e-02,-6.7627436815e-03,-4.3799569154e-03,9.5092307463e-01,9.7336578312e-01,2.2442708490e-02,2.9908652165e-02,1.2174422375e-02,7.2146659991e-03
50.000000,748.000,20.000000,165.000000,1.1190490437e-02,-7.3660969850e-03,-3.3868737090e-03,9.5092307463e-01,9.7336578312e-01,2.2442708490e-02,3.0101029183e-02,1.4639229210e-02,7.1931085992e-03
50.000000,748.000,20.000000,170.000000,1.1166955429e-02,-7.8094817843e-03,-2.3073019923e-03,9.5092307463e-01,9.7336578312e-01,2.2442708490e-02,3.0240541665e-02,1.6716665571e-02,7.1779805874e-03
50.000000,748.000,20.000000,175.000000,1.1153006876e-02,-8.0805548327e-03,-1.1686406166e-03,9.5092307463e-01,9.7336578312e-01,2.2442708490e-02,3.0325098912e-02,1.8109425539e-02,7.1690146307e-03
50.000000,748.000,20.000000,180.000000,1.1148386540e-02,-8.1717604329e-03,-3.2941101103e-18,9.5092307463e-01,9.7336578312e-01,2.2442708490e-02,3.0353427257e-02,1.8600263953e-02,7.1660447359e-03
50.000000,748.000,20.000000,185.000000,1.1153006876e-02,-8.0805548327e-03,1.1686406166e-03,9.5092307463e-01,9.7336578312e-01,2.2442708490e-02,3.0325098912e-02,1.8109425539e-02,7.1690146307e-03
50.000000,748.000,20.000000,190.000000,1.1166955429e-02,-7.8094817843e-03,2.3073019923e-03,9.5092307463e-01,9.7336578312e-01,2.2442708490e-02,3.0240541665e-02,1.6716665571e-02,7.1779805874e-03
50.000000,748.000,20.000000,195.000000,1.1190490437e-02,-7.3660969850e-03,3.3868737090e-03,9.5092307463e-01,9.7336578312e-01,2.2442708490e-02,3.0101029183e-02,1.4639229210e-02,7.1931085992e-03
50.000000,748.000,20.000000,200.000000,1.1224027798e-02,-6.7627436815e-03,4.3799569154e-03,9.5092307463e-01,9.7336578312e-01,2.2442708490e-02,2.9908652165e-02,1.2174422375e-02,7.2146659991e-03
50.000000,748.000,20.000000,205.000000,1.1268119820e-02,-6.0161862178e-03,5.2616557041e-03,9.5092307463e-01,9.7336578312e-01,2.2442708490e-02,2.9666271175e-02,9.6282784238e-03,7.2430078045e-03
50.000000,748.000,20.000000,210.000000,1.1323426485e-02,-5.1471125941e-03,6.0102933893e-03,9.5092307463e-01,9.7336578312e-01,2.2442708490e-02,2.9377452434e-02,7.2542647806e-03,7.2785582437e-03
50.000000,748.000,20.000000,215.000000,1.1390680175e-02,-4.1795210612e-03,6.6080322268e-03,9.5092307463e-01,9.7336578312e-01,2.2442708490e-02,2.9046388374e-02,5.2181545537e-03,7.3217880827e-03
50.000000,748.000,20.000000,220.000000,1.1470645058e-02,-3.1400092732e-03,7.0413780425e-03,9.5092307463e-01,9.7336578312e-01,2.2442708490e-02,2.8677805134e-02,3.5925788489e-03,7.3731885182e-03
50.000000,748.000,20.000000,225.000000,1.1564072495e-02,-2.0569874573e-03,7.3015547210e-03,9.5092307463e-01,9.7336578312e-01,2.2442708490e-02,2.8276859544e-02,2.3740675098e-03,7.4332425174e-03
50.000000,748.000,20.000000,230.000000,1.1671654009e-02,-9.5983934518e-04,7.3847374465e-03,9.5092307463e-01,9.7336578312e-01,2.2442708490e-02,2.7849028426e-02,1.5105804582e-03,7.5023945818e-03
50.000000,748.000,20.000000,235.000000,1.1793973401e-02,1.2194382176e-04,7.2921378625e-03,9.5092307463e-01,9.7336578312e-01,2.2442708490e-02,2.7399993217e-02,9.2864575729e-04,7.5810199714e-03
50.000000,748.000,20.000000,240.000000,1.1931459691e-02,1.1596301057e-03,7.0299387997e-03,9.5092307463e-01,9.7336578312e-01,2.2442708490e-02,2.6935523035e-02,5.5362603472e-04,7.6693944549e-03
50.000000,748.000,20.000000,245.000000,1.2084342532e-02,2.1260883892e-03,6.6090807720e-03,9.5092307463e-01,9.7336578312e-01,2.2442708490e-02,2.6461359320e-02,3.2132846619e-04,7.7676656511e-03
50.000000,748.000,20.000000,250.000000,1.2252611694e-02,2.9965792653e-03,6.0449069224e-03,9.5092307463e-01,9.7336578312e-01,2.2442708490e-02,2.5983105092e-02,1.8232348621e-04,7.8758269831e-03
50.000000,748.000,20.000000,255.000000,1.2435982094e-02,3.7494715256e-03,5.3566773802e-03,9.5092307463e-01,9.7336578312e-01,2.2442708490e-02,2.5506121709e-02,1.0157014284e-04,7.9936952044e-03
50.000000,748.000,20.000000,260.000000,1.2633865723e-02,4.3668627446e-03,4.5669679324e-03,9.5092307463e-01,9.7336578312e-01,2.2442708490e-02,2.5035435761e-02,5.5801984293e-05,8.1208923490e-03
50.000000,748.000,20.000000,265.000000,1.2845351577e-02,4.8350853815e-03,3.7009714033e-03,9.5092307463e-01,9.7336578312e-01,2.2442708490e-02,2.4575658378e-02,3.0371743432e-05,8.2568328360e-03
50.000000,748.000,20.000000,270.000000,1.3069194520e-02,5.1450833116e-03,2.7857230670e-03,9.5092307463e-01,9.7336578312e-01,2.2442708490e-02,2.4130918878e-02,1.6452582138e-05,8.4007163058e-03
50.000000,748.000,20.000000,275.000000,1.3303813677e-02,5.2926476411e-03,1.8492736961e-03,9.5092307463e-01,9.7336578312e-01,2.2442708490e-02,2.3704814190e-02,8.9118264590e-06,8.5515265934e-03
50.000000,748.000,20.000000,280.000000,1.3547300749e-02,5.2785049387e-03,9.1983541591e-04,9.5092307463e-01,9.7336578312e-01,2.2442708490e-02,2.3300375034e-02,4.8494528520e-06,8.7080370662e-03
50.000000,748.000,20.000000,285.000000,1.3797438255e-02,5.1082555065e-03,2.4926330421e-05,9.5092307463e-01,9.7336578312e-01,2.2442708490e-02,2.2920049304e-02,2.6633172648e-06,8.8688223558e-03
50.000000,748.000,20.000000,290.000000,1.4051727486e-02,4.7921638665e-03,-8.0946010312e-04,9.5092307463e-01,9.7336578312e-01,2.2442708490e-02,2.2565702580e-02,1.4829908470e-06,9.0322763225e-03
50.000000,748.000,20.000000,295.000000,1.4307425598e-02,4.3448081278e-03,-1.5596357556e-03,9.5092307463e-01,9.7336578312e-01,2.2442708490e-02,2.2238635199e-02,8.4096154020e-07,9.1966359008e-03
50.000000,748.000,20.000000,300.000000,1.4561591025e-02,3.7845991848e-03,-2.2049249118e-03,9.5092307463e-01,9.7336578312e-01,2.2442708490e-02,2.1939614785e-02,4.8776795573e-07,9.3600102885e-03
50.000000,748.000,20.000000,305.000000,1.4811136117e-02,3.1331846415e-03,-2.7282763722e-03,9.5092307463e-01,9.7336578312e-01,2.2442708490e-02,2.1668922716e-02,2.9057185870e-07,9.5204147815e-03
50.000000,748.000,20.000000,310.000000,1.5052885677e-02,2.4147558544e-03,-3.1167620954e-03,9.5092307463e-01,9.7336578312e-01,2.2442708490e-02,2.1426412581e-02,1.7848969993e-07,9.6758084029e-03
50.000000,748.000,20.000000,315.000000,1.5283639899e-02,1.6552794151e-03,-3.3619473786e-03,9.5092307463e-01,9.7336578312e-01,2.2442708490e-02,2.1211578340e-02,1.1347691609e-07,9.8241343579e-03
50.000000,748.000,20.000000,320.000000,1.5500240044e-02,8.8167667948e-04,-3.4601214995e-03,9.5092307463e-01,9.7336578312e-01,2.2442708490e-02,2.1023629627e-02,7.4927091378e-08,9.9633622476e-03
50.000000,748.000,20.000000,325.000000,1.5699635094e-02,1.2097651341e-04,-3.4123820079e-03,9.5092307463e-01,9.7336578312e-01,2.2442708490e-02,2.0861571462e-02,5.1544767953e-08,1.0091530915e-02
50.000000,748.000,20.000000,330.000000,1.5878947586e-02,-6.0053278090e-04,-3.2245703223e-03,9.5092307463e-01,9.7336578312e-01,2.2442708490e-02,2.0724285514e-02,3.7049854557e-08,1.0206790763e-02
50.000000,748.000,20.000000,335.000000,1.6035536838e-02,-1.2581263837e-03,-2.9070608235e-03,9.5092307463e-01,9.7336578312e-01,2.2442708490e-02,2.0610610074e-02,2.7895956303e-08,1.0307444394e-02
50.000000,748.000,20.000000,340.000000,1.6167057811e-02,-1.8294155348e-03,-2.4744101101e-03,9.5092307463e-01,9.7336578312e-01,2.2442708490e-02,2.0519415931e-02,2.2049141373e-08,1.0391984446e-02
50.000000,748.000,20.000000,345.000000,1.6271514002e-02,-2.2950461317e-03,-1.9448773408e-03,9.5092307463e-01,9.7336578312e-01,2.2442708490e-02,2.0449675573e-02,1.8328186802e-08,1.0459127591e-02
50.000000,748.000,20.000000,350.000000,1.6347302888e-02,-2.6393019834e-03,-1.3398305242e-03,9.5092307463e-01,9.7336578312e-01,2.2442708490e-02,2.0400523309e-02,1.6044979408e-08,1.0507843748e-02
50.000000,748.000,20.000000,355.000000,1.6393252657e-02,-2.8505942743e-03,-6.8305709058e-04,9.5092307463e-01,9.7336578312e-01,2.2442708490e-02,2.0371304289e-02,1.4807885084e-08,1.0537379690e-02
50.000000,748.000,25.000000,0.000000,1.7656242275e-02,-2.4387510542e-03,-8.6765529818e-19,9.5092307463e-01,9.7336578312e-01,2.2442708490e-02,1.9548181734e-02,5.4107011028e-10,1.1349213768e-02
50.000000,748.000,25.000000,5.000000,1.7635315601e-02,-2.3696350964e-03,6.1396008842e-04,9.5092307463e-01,9.7336578312e-01,2.2442708490e-02,1.9556713134e-02,5.6014233433e-10,1.1335762361e-02
50.000000,748.000,25.000000,10.000000,1.7572889440e-02,-2.1646686752e-03,1.2021814435e-03,9.5092307463e-01,9.7336578312e-01,2.2442708490e-02,1.9582565890e-02,6.2132323300e-10,1.1295635599e-02
50.000000,748.000,25.000000,15.000000,1.7470016779e-02,-1.8309216468e-03,1.7397613029e-03,9.5092307463e-01,9.7336578312e-01,2.2442708490e-02,1.9626503873e-02,7.3784638302e-10,1.1229510327e-02
50.000000,748.000,25.000000,20.000000,1.7328424152e-02,-1.3799310485e-03,2.2034430349e-03,9.5092307463e-01,9.7336578312e-01,2.2442708490e-02,1.9689761264e-02,9.3685247549e-10,1.1138496341e-02
50.000000,748.000,25.000000,25.000000,1.7150469832e-02,-8.2733992508e-04,2.5723754648e-03,9.5092307463e-01,9.7336578312e-01,2.2442708490e-02,1.9773985506e-02,1.2695170328e-09,1.1024109508e-02
50.000000,748.000,25.000000,30.000000,1.6939086967e-02,-1.9240725900e-04,2.8287978929e-03,9.5092307463e-01,9.7336578312e-01,2.2442708490e-02,1.9881160077e-02,1.8317103763e-09,1.0888235222e-02
50.000000,748.000,25.000000,35.000000,1.6697713291e-02,5.0259599329e-04,2.9586296007e-03,9.5092307463e-01,9.7336578312e-01,2.2442708490e-02,2.0013509656e-02,2.8061223097e-09,1.0733083214e-02
50.000000,748.000,25.000000,40.000000,1.6430209385e-02,1.2330862637e-03,2.9519455532e-03,9.5092307463e-01,9.7336578312e-01,2.2442708490e-02,2.0173390805e-02,4.5495637449e-09,1.0561135017e-02
50.000000,748.000,25.000000,45.000000,1.6140767808e-02,1.9729407121e-03,2.8033234783e-03,9.5092307463e-01,9.7336578312e-01,2.2442708490e-02,2.0363171835e-02,7.7775094729e-09,1.0375085558e-02
50.000000,748.000,25.000000,50.000000,1.5833815666e-02,2.6953208444e-03,2.5120514326e-03,9.5092307463e-01,9.7336578312e-01,2.2442708490e-02,2.0585105844e-02,1.3961698273e-08,1.0177780524e-02
50.000000,748.000,25.000000,55.000000,1.5513913325e-02,3.3735211566e-03,2.0821892193e-03,9.5092307463e-01,9.7336578312e-01,2.2442708490e-02,2.0841201226e-02,2.6201190691e-08,9.9721512633e-03
50.000000,748.000,25.000000,60.000000,1.5185652132e-02,3.9818167666e-03,1.5224814912e-03,9.5092307463e-01,9.7336578312e-01,2.2442708490e-02,2.1133094041e-02,5.1156530588e-08,9.7611490357e-03
50.000000,748.000,25.000000,65.000000,1.4853553933e-02,4.4962840040e-03,8.4612489940e-04,9.5092307463e-01,9.7336578312e-01,2.2442708490e-02,2.1461926635e-02,1.0338578193e-07,9.5476804281e-03
50.000000,748.000,25.000000,70.000000,1.4521975178e-02,4.8955687269e-03,7.0396114963e-05,9.5092307463e-01,9.7336578312e-01,2.2442708490e-02,2.1828236732e-02,2.1511463626e-07,9.3345457125e-03
50.000000,748.000,25.000000,75.000000,1.4195018190e-02,5.1615787071e-03,-7.8384819662e-04,9.5092307463e-01,9.7336578312e-01,2.2442708490e-02,2.2231860969e-02,4.5825106799e-07,9.1243818121e-03
50.000000,748.000,25.000000,80.000000,1.3876451978e-02,5.2800787141e-03,-1.6927844434e-03,9.5092307463e-01,9.7336578312e-01,2.2442708490e-02,2.2671856389e-02,9.9371113424e-07,8.9196113980e-03
50.000000,748.000,25.000000,85.000000,1.3569644633e-02,5.2411698704e-03,-2.6303297475e-03,9.5092307463e-01,9.7336578312e-01,2.2442708490e-02,2.3146442939e-02,2.1806279418e-06,8.7223994382e-03
50.000000,748.000,25.000000,90.000000,1.3277509030e-02,5.0396383578e-03,-3.5689227803e-03,9.5092307463e-01,9.7336578312e-01,2.2442708490e-02,2.3652969354e-02,4.8136174165e-06,8.5346182919e-03
50.000000,748.000,25.000000,95.000000,1.3002463095e-02,4.6751625146e-03,-4.4803541558e-03,9.5092307463e-01,9.7336578312e-01,2.2442708490e-02,2.4187904147e-02,1.0624678907e-05,8.3578221729e-03
50.000000,748.000,25.000000,100.000000,1.2746405496e-02,4.1523716604e-03,-5.3366212045e-03,9.5092307463e-01,9.7336578312e-01,2.2442708490e-02,2.4746852657e-02,2.3307810176e-05,8.1932315206e-03
50.000000,748.000,25.000000,105.000000,1.2510707100e-02,3.4807544869e-03,-6.1107811744e-03,9.5092307463e-01,9.7336578312e-01,2.2442708490e-02,2.5324600322e-02,5.0516914837e-05,8.0417275120e-03
50.000000,748.000,25.000000,110.000000,1.2296218103e-02,2.6744194275e-03,-6.7777769166e-03,9.5092307463e-01,9.7336578312e-01,2.2442708490e-02,2.5915181557e-02,1.0754015345e-04,7.9038566427e-03
50.000000,748.000,25.000000,115.000000,1.2103290230e-02,1.7517139128e-03,-7.3152099136e-03,9.5092307463e-01,9.7336578312e-01,2.2442708490e-02,2.6511972813e-02,2.2356890109e-04,7.7798449963e-03
50.000000,748.000,25.000000,120.000000,1.1931812968e-02,7.3471371914e-04,-7.7040370749e-03,9.5092307463e-01,9.7336578312e-01,2.2442708490e-02,2.7107807672e-02,4.5138358298e-04,7.6696215369e-03
50.000000,748.000,25.000000,125.000000,1.1781262381e-02,-3.5140243231e-04,-7.9291700021e-03,9.5092307463e-01,9.7336578312e-01,2.2442708490e-02,2.7695111130e-02,8.8035307706e-04,7.5728494848e-03
50.000000,748.000,25.000000,130.000000,1.1650760668e-02,-1.4790743682e-03,-7.9799583601e-03,9.5092307463e-01,9.7336578312e-01,2.2442708490e-02,2.8266049630e-02,1.6502196731e-03,7.4889646008e-03
50.000000,748.000,25.000000,135.000000,1.1539144332e-02,-2.6191564561e-03,-7.8505424773e-03,9.5092307463e-01,9.7336578312e-01,2.2442708490e-02,2.8812692883e-02,2.9588834857e-03,7.4172190033e-03
50.000000,748.000,25.000000,140.000000,1.1445038563e-02,-3.7417642278e-03,-7.5400642394e-03,9.5092307463e-01,9.7336578312e-01,2.2442708490e-02,2.9327183157e-02,5.0522972210e-03,7.3567289809e-03
50.000000,748.000,25.000000,145.000000,1.1366935285e-02,-4.8171462055e-03,-7.0527296206e-03,9.5092307463e-01,9.7336578312e-01,2.2442708490e-02,2.9801907424e-02,8.1819987635e-03,7.3065251611e-03
50.000000,748.000,25.000000,150.000000,1.1303272215e-02,-5.8165547147e-03,-6.3977206732e-03,9.5092307463e-01,9.7336578312e-01,2.2442708490e-02,3.0229667646e-02,1.2521268760e-02,7.2656033284e-03
50.000000,748.000,25.000000,155.000000,1.1252510287e-02,-6.7130894796e-03,-5.5889593482e-03,9.5092307463e-01,9.7336578312e-01,2.2442708490e-02,3.0603844483e-02,1.8048916414e-02,7.2329741902e-03
50.000000,748.000,25.000000,160.000000,1.1213206848e-02,-7.4824885938e-03,-4.6447299966e-03,9.5092307463e-01,9.7336578312e-01,2.2442708490e-02,3.0918549883e-02,2.4437713644e-02,7.2077104270e-03
50.000000,748.000,25.000000,165.000000,1.1184082212e-02,-8.1038430352e-03,-3.5871716749e-03,9.5092307463e-01,9.7336578312e-01,2.2442708490e-02,3.1168764273e-02,3.1008161188e-02,7.1889894719e-03
50.000000,748.000,25.000000,170.000000,1.1164077368e-02,-8.5602131872e-03,-2.4416553176e-03,9.5092307463e-01,9.7336578312e-01,2.2442708490e-02,3.1350454501e-02,3.6805362394e-02,7.1761306057e-03
50.000000,748.000,25.000000,175.000000,1.1152400953e-02,-8.8391287765e-03,-1.2360643199e-03,9.5092307463e-01,9.7336578312e-01,2.2442708490e-02,3.1460669216e-02,4.0813119278e-02,7.1686251506e-03
50.000000,748.000,25.000000,180.000000,1.1148563947e-02,-8.9329571492e-03,-3.4835785401e-18,9.5092307463e-01,9.7336578312e-01,2.2442708490e-02,3.1497608994e-02,4.2247470615e-02,7.1661587707e-03
50.000000,748.000,25.000000,185.000000,1.1152400953e-02,-8.8391287765e-03,1.2360643199e-03,9.5092307463e-01,9.7336578312e-01,2.2442708490e-02,3.1460669216e-02,4.0813119278e-02,7.1686251506e-03
50.000000,748.000,25.000000,190.000000,1.1164077368e-02,-8.5602131872e-03,2.4416553176e-03,9.5092307463e-01,9.7336578312e-01,2.2442708490e-02,3.1350454501e-02,3.6805362394e-02,7.1761306057e-03
50.000000,748.000,25.000000,195.000000,1.1184082212e-02,-8.1038430352e-03,3.5871716749e-03,9.5092307463e-01,9.7336578312e-01,2.2442708490e-02,3.1168764273e-02,3.1008161188e-02,7.1889894719e-03
50.000000,748.000,25.000000,200.000000,1.1213206848e-02,-7.4824885938e-03,4.6447299966e-03,9.5092307463e-01,9.7336578312e-01,2.2442708490e-02,3.0918549883e-02,2.4437713644e-02,7.2077104270e-03
50.000000,748.000,25.000000,205.000000,1.1252510287e-02,-6.7130894796e-03,5.5889593482e-03,9.5092307463e-01,9.7336578312e-01,2.2442708490e-02,3.0603844483e-02,1.8048916414e-02,7.2329741902e-03
50.000000,748.000,25.000000,210.000000,1.1303272215e-02,-5.8165547147e-03,6.3977206732e-03,9.5092307463e-01,9.7336578312e-01,2.2442708490e-02,3.0229667646e-02,1.2521268760e-02,7.2656033284e-03
50.000000,748.000,25.000000,215.000000,1.1366935285e-02,-4.8171462055e-03,7.0527296206e-03,9.5092307463e-01,9.7336578312e-01,2.2442708490e-02,2.9801907424e-02,8.1819987635e-03,7.3065251611e-03
50.000000,748.000,25.000000,220.000000,1.1445038563e-02,-3.7417642278e-03,7.5400642394e-03,9.5092307463e-01,9.7336578312e-01,2.2442708490e-02,2.9327183157e-02,5.0522972210e-03,7.3567289809e-03
50.000000,748.000,25.000000,225.000000,1.1539144332e-02,-2.6191564561e-03,7.8505424773e-03,9.5092307463e-01,9.7336578312e-01,2.2442708490e-02,2.8812692883e-02,2.9588834857e-03,7.4172190033e-03
50.000000,748.000,25.000000,230.000000,1.1650760668e-02,-1.4790743682e-03,7.9799583601e-03,9.5092307463e-01,9.7336578312e-01,2.2442708490e-02,2.8266049630e-02,1.6502196731e-03,7.4889646008e-03
50.000000,748.000,25.000000,235.000000,1.1781262381e-02,-3.5140243231e-04,7.9291700021e-03,9.5092307463e-01,9.7336578312e-01,2.2442708490e-02,2.7695111130e-02,8.8035307706e-04,7.5728494848e-03
50.000000,748.000,25.000000,240.000000,1.1931812968e-02,7.3471371914e-04,7.7040370749e-03,9.5092307463e-01,9.7336578312e-01,2.2442708490e-02,2.7107807672e-02,4.5138358298e-04,7.6696215369e-03
50.000000,748.000,25.000000,245.000000,1.2103290230e-02,1.7517139128e-03,7.3152099136e-03,9.5092307463e-01,9.7336578312e-01,2.2442708490e-02,2.6511972813e-02,2.2356890109e-04,7.7798449963e-03
50.000000,748.000,25.000000,250.000000,1.2296218103e-02,2.6744194275e-03,6.7777769166e-03,9.5092307463e-01,9.7336578312e-01,2.2442708490e-02,2.5915181557e-02,1.0754015345e-04,7.9038566427e-03
50.000000,748.000,25.000000,255.000000,1.2510707100e-02,3.4807544869e-03,6.1107811744e-03,9.5092307463e-01,9.7336578312e-01,2.2442708490e-02,2.5324600322e-02,5.0516914837e-05,8.0417275120e-03
50.000000,748.000,25.000000,260.000000,1.2746405496e-02,4.1523716604e-03,5.3366212045e-03,9.5092307463e-01,9.7336578312e-01,2.2442708490e-02,2.4746852657e-02,2.3307810176e-05,8.1932315206e-03
50.000000,748.000,25.000000,265.000000,1.3002463095e-02,4.6751625146e-03,4.4803541558e-03,9.5092307463e-01,9.7336578312e-01,2.2442708490e-02,2.4187904147e-02,1.0624678907e-05,8.3578221729e-03
50.000000,748.000,25.000000,270.000000,1.3277509030e-02,5.0396383578e-03,3.5689227803e-03,9.5092307463e-01,9.7336578312e-01,2.2442708490e-02,2.3652969354e-02,4.8136174165e-06,8.5346182919e-03
50.000000,748.000,25.000000,275.000000,1.3569644633e-02,5.2411698704e-03,2.6303297475e-03,9.5092307463e-01,9.7336578312e-01,2.2442708490e-02,2.3146442939e-02,2.1806279418e-06,8.7223994382e-03
50.000000,748.000,25.000000,280.000000,1.3876451978e-02,5.2800787141e-03,1.6927844434e-03,9.5092307463e-01,9.7336578312e-01,2.2442708490e-02,2.2671856389e-02,9.9371113424e-07,8.9196113980e-03
50.000000,748.000,25.000000,285.000000,1.4195018190e-02,5.1615787071e-03,7.8384819662e-04,9.5092307463e-01,9.7336578312e-01,2.2442708490e-02,2.2231860969e-02,4.5825106799e-07,9.1243818121e-03
50.000000,748.000,25.000000,290.000000,1.4521975178e-02,4.8955687269e-03,-7.0396114963e-05,9.5092307463e-01,9.7336578312e-01,2.2442708490e-02,2.1828236732e-02,2.1511463626e-07,9.3345457125e-03
50.000000,748.000,25.000000,295.000000,1.4853553933e-02,4.4962840040e-03,-8.4612489940e-04,9.5092307463e-01,9.7336578312e-01,2.2442708490e-02,2.1461926635e-02,1.0338578193e-07,9.5476804281e-03
50.000000,748.000,25.000000,300.000000,1.5185652132e-02,3.9818167666e-03,-1.5224814912e-03,9.5092307463e-01,9.7336578312e-01,2.2442708490e-02,2.1133094041e-02,5.1156530588e-08,9.7611490357e-03
50.000000,748.000,25.000000,305.000000,1.5513913325e-02,3.3735211566e-03,-2.0821892193e-03,9.5092307463e-01,9.7336578312e-01,2.2442708490e-02,2.0841201226e-02,2.6201190691e-08,9.9721512633e-03
50.000000,748.000,25.000000,310.000000,1.5833815666e-02,2.6953208444e-03,-2.5120514326e-03,9.5092307463e-01,9.7336578312e-01,2.2442708490e-02,2.0585105844e-02,1.3961698273e-08,1.0177780524e-02
50.000000,748.000,25.000000,315.000000,1.6140767808e-02,1.9729407121e-03,-2.8033234783e-03,9.5092307463e-01,9.7336578312e-01,2.2442708490e-02,2.0363171835e-02,7.7775094729e-09,1.0375085558e-02
50.000000,748.000,25.000000,320.000000,1.6430209385e-02,1.2330862637e-03,-2.9519455532e-03,9.5092307463e-01,9.7336578312e-01,2.2442708490e-02,2.0173390805e-02,4.5495637449e-09,1.0561135017e-02
50.000000,748.000,25.000000,325.000000,1.6697713291e-02,5.0259599329e-04,-2.9586296007e-03,9.5092307463e-01,9.7336578312e-01,2.2442708490e-02,2.0013509656e-02,2.8061223097e-09,1.0733083214e-02
50.000000,748.000,25.000000,330.000000,1.6939086967e-02,-1.9240725900e-04,-2.8287978929e-03,9.5092307463e-01,9.7336578312e-01,2.2442708490e-02,1.9881160077e-02,1.8317103763e-09,1.0888235222e-02
50.000000,748.000,25.000000,335.000000,1.7150469832e-02,-8.2733992508e-04,-2.5723754648e-03,9.5092307463e-01,9.7336578312e-01,2.2442708490e-02,1.9773985506e-02,1.2695170328e-09,1.1024109508e-02
50.000000,748.000,25.000000,340.000000,1.7328424152e-02,-1.3799310485e-03,-2.2034430349e-03,9.5092307463e-01,9.7336578312e-01,2.2442708490e-02,1.9689761264e-02,9.3685247549e-10,1.1138496341e-02
50.000000,748.000,25.000000,345.000000,1.7470016779e-02,-1.8309216468e-03,-1.7397613029e-03,9.5092307463e-01,9.7336578312e-01,2.2442708490e-02,1.9626503873e-02,7.3784638302e-10,1.1229510327e-02
50.000000,748.000,25.000000,350.000000,1.7572889440e-02,-2.1646686752e-03,-1.2021814435e-03,9.5092307463e-01,9.7336578312e-01,2.2442708490e-02,1.9582565890e-02,6.2132323300e-10,1.1295635599e-02
50.000000,748.000,25.000000,355.000000,1.7635315601e-02,-2.3696350964e-03,-6.1396008842e-04,9.5092307463e-01,9.7336578312e-01,2.2442708490e-02,1.9556713134e-02,5.6014233433e-10,1.1335762361e-02
50.000000,748.000,30.000000,0.000000,1.9074781955e-02,-2.0338358658e-03,-7.6146874791e-19,9.5092307463e-01,9.7336578312e-01,2.2442708490e-02,1.8985581065e-02,1.1534377752e-11,1.2261033498e-02
50.000000,748.000,30.000000,5.000000,1.9047561845e-02,-1.9664819695e-03,5.3839421221e-04,9.5092307463e-01,9.7336578312e-01,2.2442708490e-02,1.8991331882e-02,1.2044715125e-11,1.2243536748e-02
50.000000,748.000,30.000000,10.000000,1.8966394500e-02,-1.7668001393e-03,1.0516548217e-03,9.5092307463e-01,9.7336578312e-01,2.2442708490e-02,1.9008993539e-02,1.3710689104e-11,1.2191363385e-02
50.000000,748.000,30.000000,15.000000,1.8832746443e-02,-1.4418551034e-03,1.5154786789e-03,9.5092307463e-01,9.7336578312e-01,2.2442708490e-02,1.9039776767e-02,1.6996150212e-11,1.2105456070e-02
50.000000,748.000,30.000000,20.000000,1.8649020776e-02,-1.0031742098e-03,1.9071977992e-03,9.5092307463e-01,9.7336578312e-01,2.2442708490e-02,1.9085643743e-02,2.2906272134e-11,1.1987359488e-02
50.000000,748.000,30.000000,25.000000,1.8418496789e-02,-4.6638458519e-04,2.2065333785e-03,9.5092307463e-01,9.7336578312e-01,2.2442708490e-02,1.9149226414e-02,3.3487020061e-11,1.1839181525e-02
50.000000,748.000,30.000000,30.000000,1.8145247841e-02,1.4927917661e-04,2.3962757060e-03,9.5092307463e-01,9.7336578312e-01,2.2442708490e-02,1.9233715893e-02,5.2948294208e-11,1.1663540487e-02
50.000000,748.000,30.000000,35.000000,1.7834039902e-02,8.2158170545e-04,2.4628688286e-03,9.5092307463e-01,9.7336578312e-01,2.2442708490e-02,1.9342726506e-02,9.0230946803e-11,1.1463499880e-02
50.000000,748.000,30.000000,40.000000,1.7490213660e-02,1.5259893211e-03,2.3968817341e-03,9.5092307463e-01,9.7336578312e-01,2.2442708490e-02,1.9480138929e-02,1.6504919786e-10,1.1242492632e-02
50.000000,748.000,30.000000,45.000000,1.7119553561e-02,2.2364467269e-03,2.1933512841e-03,9.5092307463e-01,9.7336578312e-01,2.2442708490e-02,1.9649927534e-02,3.2256525998e-10,1.1004236912e-02
50.000000,748.000,30.000000,50.000000,1.6728147539e-02,2.9262040925e-03,1.8519860483e-03,9.5092307463e-01,9.7336578312e-01,2.2442708490e-02,1.9855977604e-02,6.7010271534e-10,1.0752645971e-02
50.000000,748.000,30.000000,55.000000,1.6322241417e-02,3.5686691276e-03,1.3772244422e-03,9.5092307463e-01,9.7336578312e-01,2.2442708490e-02,2.0101898454e-02,1.4714890101e-09,1.0491734545e-02
50.000000,748.000,30.000000,60.000000,1.5908092106e-02,4.1382579559e-03,7.7814502834e-04,9.5092307463e-01,9.7336578312e-01,2.2442708490e-02,2.0390838640e-02,3.3951163690e-09,1.0225524500e-02
50.000000,748.000,30.000000,65.000000,1.5491823741e-02,4.6112186104e-03,6.8231361070e-05,9.5092307463e-01,9.7336578312e-01,2.2442708490e-02,2.0725309466e-02,8.1782924355e-09,9.9579523519e-03
50.000000,748.000,30.000000,70.000000,1.5079290754e-02,4.9664017779e-03,-7.3500178859e-04,9.5092307463e-01,9.7336578312e-01,2.2442708490e-02,2.1107022748e-02,2.0430026172e-08,9.6927812596e-03
50.000000,748.000,30.000000,75.000000,1.4675951705e-02,5.1859549992e-03,-1.6105097449e-03,9.5092307463e-01,9.7336578312e-01,2.2442708490e-02,2.1536748433e-02,5.2558574832e-08,9.4335199165e-03
50.000000,748.000,30.000000,80.000000,1.4286757272e-02,5.2559188416e-03,-2.5343317787e-03,9.5092307463e-01,9.7336578312e-01,2.2442708490e-02,2.2014197073e-02,1.3824897313e-07,9.1833505573e-03
50.000000,748.000,30.000000,85.000000,1.3916055422e-02,5.1667065179e-03,-3.4802990415e-03,9.5092307463e-01,9.7336578312e-01,2.2442708490e-02,2.2537931449e-02,3.6908657103e-07,8.9450680011e-03
50.000000,748.000,30.000000,90.000000,1.3567516208e-02,4.9134519589e-03,-4.4208152247e-03,9.5092307463e-01,9.7336578312e-01,2.2442708490e-02,2.3105310776e-02,9.9265894613e-07,8.7210313129e-03
50.000000,748.000,30.000000,95.000000,1.3244078049e-02,4.4962153299e-03,-5.3276863348e-03,9.5092307463e-01,9.7336578312e-01,2.2442708490e-02,2.3712469925e-02,2.6693923153e-06,8.5131292714e-03
50.000000,748.000,30.000000,100.000000,1.2947916679e-02,3.9200393084e-03,-6.1729744373e-03,9.5092307463e-01,9.7336578312e-01,2.2442708490e-02,2.4354335077e-02,7.1236455951e-06,8.3227604123e-03
50.000000,748.000,30.000000,105.000000,1.2680437277e-02,3.1948539706e-03,-6.9298494528e-03,9.5092307463e-01,9.7336578312e-01,2.2442708490e-02,2.5024676102e-02,1.8725486546e-05,8.1508279670e-03
50.000000,748.000,30.000000,110.000000,1.2442289561e-02,2.3352327350e-03,-7.5734131005e-03,9.5092307463e-01,9.7336578312e-01,2.2442708490e-02,2.5716194847e-02,4.8130304364e-05,7.9977495658e-03
50.000000,748.000,30.000000,115.000000,1.2233404953e-02,1.3600063384e-03,-8.0814698875e-03,9.5092307463e-01,9.7336578312e-01,2.2442708490e-02,2.6420647411e-02,1.2010103432e-04,7.8634811284e-03
50.000000,748.000,30.000000,120.000000,1.2053054260e-02,2.9174614334e-04,-8.4352216085e-03,9.5092307463e-01,9.7336578312e-01,2.2442708490e-02,2.7128997472e-02,2.8893681248e-04,7.7475539373e-03
50.000000,748.000,30.000000,125.000000,1.1899923677e-02,-8.4386794804e-04,-8.6198640997e-03,9.5092307463e-01,9.7336578312e-01,2.2442708490e-02,2.7831596715e-02,6.6572111543e-04,7.6491234957e-03
50.000000,748.000,30.000000,130.000000,1.1772206414e-02,-2.0187761748e-03,-8.6250679222e-03,9.5092307463e-01,9.7336578312e-01,2.2442708490e-02,2.8518387623e-02,1.4596953902e-03,7.5670284215e-03
50.000000,748.000,30.000000,135.000000,1.1667706756e-02,-3.2033424463e-03,-8.4453281317e-03,9.5092307463e-01,9.7336578312e-01,2.2442708490e-02,2.9179123139e-02,3.0277663874e-03,7.4998573359e-03
50.000000,748.000,30.000000,140.000000,1.1583953020e-02,-4.3672086776e-03,-8.0801722364e-03,9.5092307463e-01,9.7336578312e-01,2.2442708490e-02,2.9803597189e-02,5.9083318355e-03,7.4460214726e-03
50.000000,748.000,30.000000,145.000000,1.1518315637e-02,-5.4801743238e-03,-7.5342197133e-03,9.5092307463e-01,9.7336578312e-01,2.2442708490e-02,3.0381879669e-02,1.0791524372e-02,7.4038305762e-03
50.000000,748.000,30.000000,150.000000,1.1468126426e-02,-6.5130747146e-03,-6.8170909308e-03,9.5092307463e-01,9.7336578312e-01,2.2442708490e-02,3.0904549339e-02,1.8364831789e-02,7.3715695729e-03
50.000000,748.000,30.000000,155.000000,1.1430795150e-02,-7.4386318024e-03,-5.9431678701e-03,9.5092307463e-01,9.7336578312e-01,2.2442708490e-02,3.1362918053e-02,2.9001560458e-02,7.3475734914e-03
50.000000,748.000,30.000000,160.000000,1.1403919542e-02,-8.2322517418e-03,-4.9312135127e-03,9.5092307463e-01,9.7336578312e-01,2.2442708490e-02,3.1749240007e-02,4.2352276185e-02,7.3302981836e-03
50.000000,748.000,30.000000,165.000000,1.1385385209e-02,-8.8727453051e-03,-3.8038610290e-03,9.5092307463e-01,9.7336578312e-01,2.2442708490e-02,3.2056900042e-02,5.7029844901e-02,7.3183845435e-03
50.000000,748.000,30.000000,170.000000,1.1373452182e-02,-9.3429494494e-03,-2.5869878369e-03,9.5092307463e-01,9.7336578312e-01,2.2442708490e-02,3.2280575656e-02,7.0650408922e-02,7.3107141420e-03
50.000000,748.000,30.000000,175.000000,1.1366825318e-02,-9.6302313171e-03,-1.3089930811e-03,9.5092307463e-01,9.7336578312e-01,2.2442708490e-02,3.2416368089e-02,8.0390864054e-02,7.3064544758e-03
50.000000,748.000,30.000000,180.000000,1.1364706262e-02,-9.7268594908e-03,-3.6885123817e-18,9.5092307463e-01,9.7336578312e-01,2.2442708490e-02,3.2461898728e-02,8.3936636848e-02,7.3050923730e-03
50.000000,748.000,30.000000,185.000000,1.1366825318e-02,-9.6302313171e-03,1.3089930811e-03,9.5092307463e-01,9.7336578312e-01,2.2442708490e-02,3.2416368089e-02,8.0390864054e-02,7.3064544758e-03
50.000000,748.000,30.000000,190.000000,1.1373452182e-02,-9.3429494494e-03,2.5869878369e-03,9.5092307463e-01,9.7336578312e-01,2.2442708490e-02,3.2280575656e-02,7.0650408922e-02,7.3107141420e-03
50.000000,748.000,30.000000,195.000000,1.1385385209e-02,-8.8727453051e-03,3.8038610290e-03,9.5092307463e-01,9.7336578312e-01,2.2442708490e-02,3.2056900042e-02,5.7029844901e-02,7.3183845435e-03
50.000000,748.000,30.000000,200.000000,1.1403919542e-02,-8.2322517418e-03,4.9312135127e-03,9.5092307463e-01,9.7336578312e-01,2.2442708490e-02,3.1749240007e-02,4.2352276185e-02,7.3302981836e-03
50.000000,748.000,30.000000,205.000000,1.1430795150e-02,-7.4386318024e-03,5.9431678701e-03,9.5092307463e-01,9.7336578312e-01,2.2442708490e-02,3.1362918053e-02,2.9001560458e-02,7.3475734914e-03
50.000000,748.000,30.000000,210.000000,1.1468126426e-02,-6.5130747146e-03,6.8170909308e-03,9.5092307463e-01,9.7336578312e-01,2.2442708490e-02,3.0904549339e-02,1.8364831789e-02,7.3715695729e-03
50.000000,748.000,30.000000,215.000000,1.1518315637e-02,-5.4801743238e-03,7.5342197133e-03,9.5092307463e-01,9.7336578312e-01,2.2442708490e-02,3.0381879669e-02,1.0791524372e-02,7.4038305762e-03
50.000000,748.000,30.000000,220.000000,1.1583953020e-02,-4.3672086776e-03,8.0801722364e-03,9.5092307463e-01,9.7336578312e-01,2.2442708490e-02,2.9803597189e-02,5.9083318355e-03,7.4460214726e-03
50.000000,748.000,30.000000,225.000000,1.1667706756e-02,-3.2033424463e-03,8.4453281317e-03,9.5092307463e-01,9.7336578312e-01,2.2442708490e-02,2.9179123139e-02,3.0277663874e-03,7.4998573359e-03
50.000000,748.000,30.000000,230.000000,1.1772206414e-02,-2.0187761748e-03,8.6250679222e-03,9.5092307463e-01,9.7336578312e-01,2.2442708490e-02,2.8518387623e-02,1.4596953902e-03,7.5670284215e-03
50.000000,748.000,30.000000,235.000000,1.1899923677e-02,-8.4386794804e-04,8.6198640997e-03,9.5092307463e-01,9.7336578312e-01,2.2442708490e-02,2.7831596715e-02,6.6572111543e-04,7.6491234957e-03
50.000000,748.000,30.000000,240.000000,1.2053054260e-02,2.9174614334e-04,8.4352216085e-03,9.5092307463e-01,9.7336578312e-01,2.2442708490e-02,2.7128997472e-02,2.8893681248e-04,7.7475539373e-03
50.000000,748.000,30.000000,245.000000,1.2233404953e-02,1.3600063384e-03,8.0814698875e-03,9.5092307463e-01,9.7336578312e-01,2.2442708490e-02,2.6420647411e-02,1.2010103432e-04,7.8634811284e-03
50.000000,748.000,30.000000,250.000000,1.2442289561e-02,2.3352327350e-03,7.5734131005e-03,9.5092307463e-01,9.7336578312e-01,2.2442708490e-02,2.5716194847e-02,4.8130304364e-05,7.9977495658e-03
50.000000,748.000,30.000000,255.000000,1.2680437277e-02,3.1948539706e-03,6.9298494528e-03,9.5092307463e-01,9.7336578312e-01,2.2442708490e-02,2.5024676102e-02,1.8725486546e-05,8.1508279670e-03
50.000000,748.000,30.000000,260.000000,1.2947916679e-02,3.9200393084e-03,6.1729744373e-03,9.5092307463e-01,9.7336578312e-01,2.2442708490e-02,2.4354335077e-02,7.1236455951e-06,8.3227604123e-03
50.000000,748.000,30.000000,265.000000,1.3244078049e-02,4.4962153299e-03,5.3276863348e-03,9.5092307463e-01,9.7336578312e-01,2.2442708490e-02,2.3712469925e-02,2.6693923153e-06,8.5131292714e-03
50.000000,748.000,30.000000,270.000000,1.3567516208e-02,4.9134519589e-03,4.4208152247e-03,9.5092307463e-01,9.7336578312e-01,2.2442708490e-02,2.3105310776e-02,9.9265894613e-07,8.7210313129e-03
50.000000,748.000,30.000000,275.000000,1.3916055422e-02,5.1667065179e-03,3.4802990415e-03,9.5092307463e-01,9.7336578312e-01,2.2442708490e-02,2.2537931449e-02,3.6908657103e-07,8.9450680011e-03
50.000000,748.000,30.000000,280.000000,1.4286757272e-02,5.2559188416e-03,2.5343317787e-03,9.5092307463e-01,9.7336578312e-01,2.2442708490e-02,2.2014197073e-02,1.3824897313e-07,9.1833505573e-03
50.000000,748.000,30.000000,285.000000,1.4675951705e-02,5.1859549992e-03,1.6105097449e-03,9.5092307463e-01,9.7336578312e-01,2.2442708490e-02,2.1536748433e-02,5.2558574832e-08,9.4335199165e-03
50.000000,748.000,30.000000,290.000000,1.5079290754e-02,4.9664017779e-03,7.3500178859e-04,9.5092307463e-01,9.7336578312e-01,2.2442708490e-02,2.1107022748e-02,2.0430026172e-08,9.6927812596e-03
50.000000,748.000,30.000000,295.000000,1.5491823741e-02,4.6112186104e-03,-6.8231361070e-05,9.5092307463e-01,9.7336578312e-01,2.2442708490e-02,2.0725309466e-02,8.1782924355e-09,9.9579523519e-03
50.000000,748.000,30.000000,300.000000,1.5908092106e-02,4.1382579559e-03,-7.7814502834e-04,9.5092307463e-01,9.7336578312e-01,2.2442708490e-02,2.0390838640e-02,3.3951163690e-09,1.0225524500e-02
50.000000,748.000,30.000000,305.000000,1.6322241417e-02,3.5686691276e-03,-1.3772244422e-03,9.5092307463e-01,9.7336578312e-01,2.2442708490e-02,2.0101898454e-02,1.4714890101e-09,1.0491734545e-02
50.000000,748.000,30.000000,310.000000,1.6728147539e-02,2.9262040925e-03,-1.8519860483e-03,9.5092307463e-01,9.7336578312e-01,2.2442708490e-02,1.9855977604e-02,6.7010271534e-10,1.0752645971e-02
50.000000,748.000,30.000000,315.000000,1.7119553561e-02,2.2364467269e-03,-2.1933512841e-03,9.5092307463e-01,9.7336578312e-01,2.2442708490e-02,1.9649927534e-02,3.2256525998e-10,1.1004236912e-02
50.000000,748.000,30.000000,320.000000,1.7490213660e-02,1.5259893211e-03,-2.3968817341e-03,9.5092307463e-01,9.7336578312e-01,2.2442708490e-02,1.9480138929e-02,1.6504919786e-10,1.1242492632e-02
50.000000,748.000,30.000000,325.000000,1.7834039902e-02,8.2158170545e-04,-2.4628688286e-03,9.5092307463e-01,9.7336578312e-01,2.2442708490e-02,1.9342726506e-02,9.0230946803e-11,1.1463499880e-02
50.000000,748.000,30.000000,330.000000,1.8145247841e-02,1.4927917661e-04,-2.3962757060e-03,9.5092307463e-01,9.7336578312e-01,2.2442708490e-02,1.9233715893e-02,5.2948294208e-11,1.1663540487e-02
50.000000,748.000,30.000000,335.000000,1.8418496789e-02,-4.6638458519e-04,-2.2065333785e-03,9.5092307463e-01,9.7336578312e-01,2.2442708490e-02,1.9149226414e-02,3.3487020061e-11,1.1839181525e-02
50.000000,748.000,30.000000,340.000000,1.8649020776e-02,-1.0031742098e-03,-1.9071977992e-03,9.5092307463e-01,9.7336578312e-01,2.2442708490e-02,1.9085643743e-02,2.2906272134e-11,1.1987359488e-02
50.000000,748.000,30.000000,345.000000,1.8832746443e-02,-1.4418551034e-03,-1.5154786789e-03,9.5092307463e-01,9.7336578312e-01,2.2442708490e-02,1.9039776767e-02,1.6996150212e-11,1.2105456070e-02
50.000000,748.000,30.000000,350.000000,1.8966394500e-02,-1.7668001393e-03,-1.0516548217e-03,9.5092307463e-01,9.7336578312e-01,2.2442708490e-02,1.9008993539e-02,1.3710689104e-11,1.2191363385e-02
50.000000,748.000,30.000000,355.000000,1.9047561845e-02,-1.9664819695e-03,-5.3839421221e-04,9.5092307463e-01,9.7336578312e-01,2.2442708490e-02,1.8991331882e-02,1.2044715125e-11,1.2243536748e-02
50.000000,748.000,35.000000,0.000000,2.0703738917e-02,-1.7330352129e-03,-6.4270123100e-19,9.5092307463e-01,9.7336578312e-01,2.2442708490e-02,1.8628764944e-02,1.2383781307e-13,1.3308106850e-02
50.000000,748.000,35.000000,5.000000,2.0669356031e-02,-1.6669048305e-03,4.5387754157e-04,9.5092307463e-01,9.7336578312e-01,2.2442708490e-02,1.8630421262e-02,1.3058101285e-13,1.3286005957e-02
50.000000,748.000,35.000000,10.000000,2.0566868313e-02,-1.4709058713e-03,8.8331164073e-04,9.5092307463e-01,9.7336578312e-01,2.2442708490e-02,1.8635973134e-02,1.5303240507e-13,1.3220128121e-02
50.000000,748.000,35.000000,15.000000,2.0398241414e-02,-1.1521393006e-03,1.2646826294e-03,9.5092307463e-01,9.7336578312e-01,2.2442708490e-02,1.8647146782e-02,1.9908295667e-13,1.3111736840e-02
50.000000,748.000,35.000000,20.000000,2.0166694718e-02,-7.2219038218e-04,1.5759927413e-03,9.5092307463e-01,9.7336578312e-01,2.2442708490e-02,1.8666744861e-02,2.8691588553e-13,1.2962901493e-02
50.000000,748.000,35.000000,25.000000,1.9876618009e-02,-1.9676220864e-04,1.7976137293e-03,9.5092307463e-01,9.7336578312e-01,2.2442708490e-02,1.8698537389e-02,4.5680022040e-13,1.2776443779e-02
50.000000,748.000,35.000000,30.000000,1.9533458228e-02,4.0482151622e-04,1.9129606540e-03,9.5092307463e-01,9.7336578312e-01,2.2442708490e-02,1.8747113971e-02,8.0056967937e-13,1.2555864923e-02
50.000000,748.000,35.000000,35.000000,1.9143579594e-02,1.0602291811e-03,1.9090707811e-03,9.5092307463e-01,9.7336578312e-01,2.2442708490e-02,1.8817702065e-02,1.5378144141e-12,1.2305255768e-02
50.000000,748.000,35.000000,40.000000,1.8714101148e-02,1.7448306459e-03,1.7770694290e-03,9.5092307463e-01,9.7336578312e-01,2.2442708490e-02,1.8915957132e-02,3.2215678590e-12,1.2029192344e-02
50.000000,748.000,35.000000,45.000000,1.8252716421e-02,2.4324815074e-03,1.5125080626e-03,9.5092307463e-01,9.7336578312e-01,2.2442708490e-02,1.9047731432e-02,7.3186139411e-12,1.1732619958e-02
50.000000,748.000,35.000000,50.000000,1.7767500434e-02,3.0963581477e-03,1.1155638398e-03,9.5092307463e-01,9.7336578312e-01,2.2442708490e-02,1.9218828948e-02,1.7916810883e-11,1.1420729134e-02
50.000000,748.000,35.000000,55.000000,1.7266709579e-02,3.7098178853e-03,5.9109405964e-04,9.5092307463e-01,9.7336578312e-01,2.2442708490e-02,1.9434754388e-02,4.6944963228e-11,1.1098826977e-02
50.000000,748.000,35.000000,60.000000,1.6758580117e-02,4.2472577482e-03,-5.1456601038e-05,9.5092307463e-01,9.7336578312e-01,2.2442708490e-02,1.9700464470e-02,1.3068241512e-10,1.0772207655e-02
50.000000,748.000,35.000000,65.000000,1.6251131050e-02,4.6849454028e-03,-7.9829365776e-04,9.5092307463e-01,9.7336578312e-01,2.2442708490e-02,2.0020129658e-02,3.8348719558e-10,1.0446025682e-02
50.000000,748.000,35.000000,70.000000,1.5751976938e-02,5.0017965856e-03,-1.6316483552e-03,9.5092307463e-01,9.7336578312e-01,2.2442708490e-02,2.0396914264e-02,1.1765881675e-09,1.0125175604e-02
50.000000,748.000,35.000000,75.000000,1.5268155925e-02,5.1800749899e-03,-2.5302800910e-03,9.5092307463e-01,9.7336578312e-01,2.2442708490e-02,2.0832782294e-02,3.7422120753e-09,9.8141814516e-03
50.000000,748.000,35.000000,80.000000,1.4805977758e-02,5.2059928875e-03,-3.4700907458e-03,9.5092307463e-01,9.7336578312e-01,2.2442708490e-02,2.1328335700e-02,1.2230311200e-08,9.5170990523e-03
50.000000,748.000,35.000000,85.000000,1.4370895921e-02,5.0701937698e-03,-4.4248324902e-03,9.5092307463e-01,9.7336578312e-01,2.2442708490e-02,2.1882690714e-02,4.0704290849e-08,9.2374338380e-03
50.000000,748.000,35.000000,90.000000,1.3967407308e-02,4.7681018553e-03,-5.3668877479e-03,9.5092307463e-01,9.7336578312e-01,2.2442708490e-02,2.2493396836e-02,1.3669977330e-07,8.9780763572e-03
50.000000,748.000,35.000000,95.000000,1.3598981976e-02,4.3001273501e-03,-6.2680977492e-03,9.5092307463e-01,9.7336578312e-01,2.2442708490e-02,2.3156401747e-02,4.5901228162e-07,8.7412571186e-03
50.000000,748.000,35.000000,100.000000,1.3268024600e-02,3.6717207185e-03,-7.1006145816e-03,9.5092307463e-01,9.7336578312e-01,2.2442708490e-02,2.3866064055e-02,1.5269193324e-06,8.5285218178e-03
50.000000,748.000,35.000000,105.000000,1.2975868306e-02,2.8932738092e-03,-7.8377508740e-03,9.5092307463e-01,9.7336578312e-01,2.2442708490e-02,2.4615214327e-02,4.9863354086e-06,8.3407273717e-03
50.000000,748.000,35.000000,110.000000,1.2722800549e-02,1.9798703311e-03,-8.4548012714e-03,9.5092307463e-01,9.7336578312e-01,2.2442708490e-02,2.5395263383e-02,1.5842368085e-05,8.1780585536e-03
50.000000,748.000,35.000000,115.000000,1.2508119755e-02,9.5089275792e-04,-8.9298106584e-03,9.5092307463e-01,9.7336578312e-01,2.2442708490e-02,2.6196355408e-02,4.8542453443e-05,8.0400643988e-03
50.000000,748.000,35.000000,120.000000,1.2330220490e-02,-1.7050289169e-04,-9.2442656569e-03,9.5092307463e-01,9.7336578312e-01,2.2442708490e-02,2.7007562043e-02,1.4223114201e-04,7.9257129560e-03
50.000000,748.000,35.000000,125.000000,1.2186704112e-02,-1.3580289237e-03,-9.3836882000e-03,9.5092307463e-01,9.7336578312e-01,2.2442708490e-02,2.7817112360e-02,3.9526974544e-04,7.8334624059e-03
50.000000,748.000,35.000000,130.000000,1.2074511036e-02,-2.5830054561e-03,-9.3381129121e-03,9.5092307463e-01,9.7336578312e-01,2.2442708490e-02,2.8612652514e-02,1.0338223587e-03,7.7613460867e-03
50.000000,748.000,35.000000,135.000000,1.1990070178e-02,-3.8151755049e-03,-9.1024335034e-03,9.5092307463e-01,9.7336578312e-01,2.2442708490e-02,2.9381527922e-02,2.5262600513e-03,7.7070685495e-03
50.000000,748.000,35.000000,140.000000,1.1929460580e-02,-5.0235713326e-03,-8.6766073229e-03,9.5092307463e-01,9.7336578312e-01,2.2442708490e-02,3.0111080115e-02,5.7284809794e-03,7.6681094507e-03
50.000000,748.000,35.000000,145.000000,1.1888579912e-02,-6.1774061377e-03,-8.0657114785e-03,9.5092307463e-01,9.7336578312e-01,2.2442708490e-02,3.0788949895e-02,1.1979142452e-02,7.6418318644e-03
50.000000,748.000,35.000000,150.000000,1.1863314361e-02,-7.2469643678e-03,-7.2798484019e-03,9.5092307463e-01,9.7336578312e-01,2.2442708490e-02,3.1403378224e-02,2.2972033497e-02,7.6255914810e-03
50.000000,748.000,35.000000,155.000000,1.1849704383e-02,-8.2044639471e-03,-6.3339032713e-03,9.5092307463e-01,9.7336578312e-01,2.2442708490e-02,3.1943496252e-02,4.0198445292e-02,7.6168431555e-03
50.000000,748.000,35.000000,160.000000,1.1844100992e-02,-9.0248645297e-03,-5.2471601748e-03,9.5092307463e-01,9.7336578312e-01,2.2442708490e-02,3.2399596199e-02,6.3915543622e-02,7.6132413653e-03
50.000000,748.000,35.000000,165.000000,1.1843307552e-02,-9.6865974935e-03,-4.0427881536e-03,9.5092307463e-01,9.7336578312e-01,2.2442708490e-02,3.2763375305e-02,9.2015137435e-02,7.6127313518e-03
50.000000,748.000,35.000000,170.000000,1.1844702526e-02,-1.0172195730e-02,-2.7472121951e-03,9.5092307463e-01,9.7336578312e-01,2.2442708490e-02,3.3028145819e-02,1.1960910050e-01,7.6136280241e-03
50.000000,748.000,35.000000,175.000000,1.1846339269e-02,-1.0468804284e-02,-1.3893877174e-03,9.5092307463e-01,9.7336578312e-01,2.2442708490e-02,3.3189004985e-02,1.4010555622e-01,7.6146801020e-03
50.000000,748.000,35.000000,180.000000,1.1847019664e-02,-1.0568556493e-02,-3.9144192228e-18,9.5092307463e-01,9.7336578312e-01,2.2442708490e-02,3.3242960091e-02,1.4771022447e-01,7.6151174514e-03
50.000000,748.000,35.000000,185.000000,1.1846339269e-02,-1.0468804284e-02,1.3893877174e-03,9.5092307463e-01,9.7336578312e-01,2.2442708490e-02,3.3189004985e-02,1.4010555622e-01,7.6146801020e-03
50.000000,748.000,35.000000,190.000000,1.1844702526e-02,-1.0172195730e-02,2.7472121951e-03,9.5092307463e-01,9.7336578312e-01,2.2442708490e-02,3.3028145819e-02,1.1960910050e-01,7.6136280241e-03
50.000000,748.000,35.000000,195.000000,1.1843307552e-02,-9.6865974935e-03,4.0427881536e-03,9.5092307463e-01,9.7336578312e-01,2.2442708490e-02,3.2763375305e-02,9.2015137435e-02,7.6127313518e-03
50.000000,748.000,35.000000,200.000000,1.1844100992e-02,-9.0248645297e-03,5.2471601748e-03,9.5092307463e-01,9.7336578312e-01,2.2442708490e-02,3.2399596199e-02,6.3915543622e-02,7.6132413653e-03
50.000000,748.000,35.000000,205.000000,1.1849704383e-02,-8.2044639471e-03,6.3339032713e-03,9.5092307463e-01,9.7336578312e-01,2.2442708490e-02,3.1943496252e-02,4.0198445292e-02,7.6168431555e-03
50.000000,748.000,35.000000,210.000000,1.1863314361e-02,-7.2469643678e-03,7.2798484019e-03,9.5092307463e-01,9.7336578312e-01,2.2442708490e-02,3.1403378224e-02,2.2972033497e-02,7.6255914810e-03
50.000000,748.000,35.000000,215.000000,1.1888579912e-02,-6.1774061377e-03,8.0657114785e-03,9.5092307463e-01,9.7336578312e-01,2.2442708490e-02,3.0788949895e-02,1.1979142452e-02,7.6418318644e-03
50.000000,748.000,35.000000,220.000000,1.1929460580e-02,-5.0235713326e-03,8.6766073229e-03,9.5092307463e-01,9.7336578312e-01,2.2442708490e-02,3.0111080115e-02,5.7284809794e-03,7.6681094507e-03
50.000000,748.000,35.000000,225.000000,1.1990070178e-02,-3.8151755049e-03,9.1024335034e-03,9.5092307463e-01,9.7336578312e-01,2.2442708490e-02,2.9381527922e-02,2.5262600513e-03,7.7070685495e-03
50.000000,748.000,35.000000,230.000000,1.2074511036e-02,-2.5830054561e-03,9.3381129121e-03,9.5092307463e-01,9.7336578312e-01,2.2442708490e-02,2.8612652514e-02,1.0338223587e-03,7.7613460867e-03
50.000000,748.000,35.000000,235.000000,1.2186704112e-02,-1.3580289237e-03,9.3836882000e-03,9.5092307463e-01,9.7336578312e-01,2.2442708490e-02,2.7817112360e-02,3.9526974544e-04,7.8334624059e-03
50.000000,748.000,35.000000,240.000000,1.2330220490e-02,-1.7050289169e-04,9.2442656569e-03,9.5092307463e-01,9.7336578312e-01,2.2442708490e-02,2.7007562043e-02,1.4223114201e-04,7.9257129560e-03
50.000000,748.000,35.000000,245.000000,1.2508119755e-02,9.5089275792e-04,8.9298106584e-03,9.5092307463e-01,9.7336578312e-01,2.2442708490e-02,2.6196355408e-02,4.8542453443e-05,8.0400643988e-03
50.000000,748.000,35.000000,250.000000,1.2722800549e-02,1.9798703311e-03,8.4548012714e-03,9.5092307463e-01,9.7336578312e-01,2.2442708490e-02,2.5395263383e-02,1.5842368085e-05,8.1780585536e-03
50.000000,748.000,35.000000,255.000000,1.2975868306e-02,2.8932738092e-03,7.8377508740e-03,9.5092307463e-01,9.7336578312e-01,2.2442708490e-02,2.4615214327e-02,4.9863354086e-06,8.3407273717e-03
50.000000,748.000,35.000000,260.000000,1.3268024600e-02,3.6717207185e-03,7.1006145816e-03,9.5092307463e-01,9.7336578312e-01,2.2442708490e-02,2.3866064055e-02,1.5269193324e-06,8.5285218178e-03
50.000000,748.000,35.000000,265.000000,1.3598981976e-02,4.3001273501e-03,6.2680977492e-03,9.5092307463e-01,9.7336578312e-01,2.2442708490e-02,2.3156401747e-02,4.5901228162e-07,8.7412571186e-03
50.000000,748.000,35.000000,270.000000,1.3967407308e-02,4.7681018553e-03,5.3668877479e-03,9.5092307463e-01,9.7336578312e-01,2.2442708490e-02,2.2493396836e-02,1.3669977330e-07,8.9780763572e-03
50.000000,748.000,35.000000,275.000000,1.4370895921e-02,5.0701937698e-03,4.4248324902e-03,9.5092307463e-01,9.7336578312e-01,2.2442708490e-02,2.1882690714e-02,4.0704290849e-08,9.2374338380e-03
50.000000,748.000,35.000000,280.000000,1.4805977758e-02,5.2059928875e-03,3.4700907458e-03,9.5092307463e-01,9.7336578312e-01,2.2442708490e-02,2.1328335700e-02,1.2230311200e-08,9.5170990523e-03
50.000000,748.000,35.000000,285.000000,1.5268155925e-02,5.1800749899e-03,2.5302800910e-03,9.5092307463e-01,9.7336578312e-01,2.2442708490e-02,2.0832782294e-02,3.7422120753e-09,9.8141814516e-03
50.000000,748.000,35.000000,290.000000,1.5751976938e-02,5.0017965856e-03,1.6316483552e-03,9.5092307463e-01,9.7336578312e-01,2.2442708490e-02,2.0396914264e-02,1.1765881675e-09,1.0125175604e-02
50.000000,748.000,35.000000,295.000000,1.6251131050e-02,4.6849454028e-03,7.9829365776e-04,9.5092307463e-01,9.7336578312e-01,2.2442708490e-02,2.0020129658e-02,3.8348719558e-10,1.0446025682e-02
50.000000,748.000,35.000000,300.000000,1.6758580117e-02,4.2472577482e-03,5.1456601038e-05,9.5092307463e-01,9.7336578312e-01,2.2442708490e-02,1.9700464470e-02,1.3068241512e-10,1.0772207655e-02
50.000000,748.000,35.000000,305.000000,1.7266709579e-02,3.7098178853e-03,-5.9109405964e-04,9.5092307463e-01,9.7336578312e-01,2.2442708490e-02,1.9434754388e-02,4.6944963228e-11,1.1098826977e-02
50.000000,748.000,35.000000,310.000000,1.7767500434e-02,3.0963581477e-03,-1.1155638398e-03,9.5092307463e-01,9.7336578312e-01,2.2442708490e-02,1.9218828948e-02,1.7916810883e-11,1.1420729134e-02
50.000000,748.000,35.000000,315.000000,1.8252716421e-02,2.4324815074e-03,-1.5125080626e-03,9.5092307463e-01,9.7336578312e-01,2.2442708490e-02,1.9047731432e-02,7.3186139411e-12,1.1732619958e-02
50.000000,748.000,35.000000,320.000000,1.8714101148e-02,1.7448306459e-03,-1.7770694290e-03,9.5092307463e-01,9.7336578312e-01,2.2442708490e-02,1.8915957132e-02,3.2215678590e-12,1.2029192344e-02
50.000000,748.000,35.000000,325.000000,1.9143579594e-02,1.0602291811e-03,-1.9090707811e-03,9.5092307463e-01,9.7336578312e-01,2.2442708490e-02,1.8817702065e-02,1.5378144141e-12,1.2305255768e-02
50.000000,748.000,35.000000,330.000000,1.9533458228e-02,4.0482151622e-04,-1.9129606540e-03,9.5092307463e-01,9.7336578312e-01,2.2442708490e-02,1.8747113971e-02,8.0056967937e-13,1.2555864923e-02
50.000000,748.000,35.000000,335.000000,1.9876618009e-02,-1.9676220864e-04,-1.7976137293e-03,9.5092307463e-01,9.7336578312e-01,2.2442708490e-02,1.8698537389e-02,4.5680022040e-13,1.2776443779e-02
50.000000,748.000,35.000000,340.000000,2.0166694718e-02,-7.2219038218e-04,-1.5759927413e-03,9.5092307463e-01,9.7336578312e-01,2.2442708490e-02,1.8666744861e-02,2.8691588553e-13,1.2962901493e-02
50.000000,748.000,35.000000,345.000000,2.0398241414e-02,-1.1521393006e-03,-1.2646826294e-03,9.5092307463e-01,9.7336578312e-01,2.2442708490e-02,1.8647146782e-02,1.9908295667e-13,1.3111736840e-02
50.000000,748.000,35.000000,350.000000,2.0566868313e-02,-1.4709058713e-03,-8.8331164073e-04,9.5092307463e-01,9.7336578312e-01,2.2442708490e-02,1.8635973134e-02,1.5303240507e-13,1.3220128121e-02
50.000000,748.000,35.000000,355.000000,2.0669356031e-02,-1.6669048305e-03,-4.5387754157e-04,9.5092307463e-01,9.7336578312e-01,2.2442708490e-02,1.8630421262e-02,1.3058101285e-13,1.3286005957e-02
50.000000,748.000,40.000000,0.000000,2.2607444477e-02,-1.5738459705e-03,-5.0578892205e-19,9.5092307463e-01,9.7336578312e-01,2.2442708490e-02,1.8485049356e-02,5.7353574170e-16,1.4531785197e-02
50.000000,748.000,40.000000,5.000000,2.2564845547e-02,-1.5081326163e-03,3.5645193924e-04,9.5092307463e-01,9.7336578312e-01,2.2442708490e-02,1.8481427031e-02,6.1152542407e-16,1.4504403132e-02
50.000000,748.000,40.000000,10.000000,2.2437912586e-02,-1.3134186084e-03,6.8927486917e-04,9.5092307463e-01,9.7336578312e-01,2.2442708490e-02,1.8471333791e-02,7.4090498239e-16,1.4422812198e-02
50.000000,748.000,40.000000,15.000000,2.2229214107e-02,-9.9690512776e-04,9.7565513949e-04,9.5092307463e-01,9.7336578312e-01,2.2442708490e-02,1.8457062277e-02,1.0185067717e-15,1.4288663401e-02
50.000000,748.000,40.000000,20.000000,2.1942955074e-02,-5.7033989927e-04,1.1943843024e-03,9.5092307463e-01,9.7336578312e-01,2.2442708490e-02,1.8442339262e-02,1.5847356873e-15,1.4104659641e-02
50.000000,748.000,40.000000,25.000000,2.1584865387e-02,-4.9644027235e-05,1.3265987058e-03,9.5092307463e-01,9.7336578312e-01,2.2442708490e-02,1.8432187353e-02,2.7814197877e-15,1.3874484027e-02
50.000000,748.000,40.000000,30.000000,2.1162048376e-02,5.4559428752e-04,1.3564456396e-03,9.5092307463e-01,9.7336578312e-01,2.2442708490e-02,1.8432737560e-02,5.4829876724e-15,1.3602702492e-02
50.000000,748.000,40.000000,35.000000,2.0682793714e-02,1.1927435953e-03,1.2716550876e-03,9.5092307463e-01,9.7336578312e-01,2.2442708490e-02,1.8450998697e-02,1.2076670919e-14,1.3294643533e-02
50.000000,748.000,40.000000,40.000000,2.0156360221e-02,1.8668514363e-03,1.0639990253e-03,9.5092307463e-01,9.7336578312e-01,2.2442708490e-02,1.8494590952e-02,2.9541098863e-14,1.2956258607e-02
50.000000,748.000,40.000000,45.000000,1.9592734904e-02,2.5414427619e-03,7.2962365259e-04,9.5092307463e-01,9.7336578312e-01,2.2442708490e-02,1.8571452134e-02,7.9703736050e-14,1.2593967236e-02
50.000000,748.000,40.000000,50.000000,1.9002375228e-02,3.1893699735e-03,2.6924383790e-04,9.5092307463e-01,9.7336578312e-01,2.2442708490e-02,1.8689525999e-02,2.3539817013e-13,1.2214491351e-02
50.000000,748.000,40.000000,55.000000,1.8395942127e-02,3.7836884022e-03,-3.1180672042e-04,9.5092307463e-01,9.7336578312e-01,2.2442708490e-02,1.8856442647e-02,7.5474855730e-13,1.1824683668e-02
50.000000,748.000,40.000000,60.000000,1.7784031451e-02,4.2985302451e-03,-1.0036716885e-03,9.5092307463e-01,9.7336578312e-01,2.2442708490e-02,1.9079201316e-02,2.6038127098e-12,1.1431355067e-02
50.000000,748.000,40.000000,65.000000,1.7176911614e-02,4.7099499820e-03,-1.7922122245e-03,9.5092307463e-01,9.7336578312e-01,2.2442708490e-02,1.9363865844e-02,9.5745887916e-12,1.1041105958e-02
50.000000,748.000,40.000000,70.000000,1.6584274943e-02,4.9967151337e-03,-2.6593841957e-03,9.5092307463e-01,9.7336578312e-01,2.2442708490e-02,1.9715282763e-02,3.7155346460e-11,1.0660166449e-02
50.000000,748.000,40.000000,75.000000,1.6015009813e-02,5.1410178534e-03,-3.5837414211e-03,9.5092307463e-01,9.7336578312e-01,2.2442708490e-02,2.0136831325e-02,1.5060089791e-10,1.0294249877e-02
50.000000,748.000,40.000000,80.000000,1.5476999971e-02,5.1290852248e-03,-4.5410499931e-03,9.5092307463e-01,9.7336578312e-01,2.2442708490e-02,2.0630213848e-02,6.3083215052e-10,9.9484238167e-03
50.000000,748.000,40.000000,85.000000,1.4976956640e-02,4.9516691965e-03,-5.5049952943e-03,9.5092307463e-01,9.7336578312e-01,2.2442708490e-02,2.1195293551e-02,2.7011626470e-09,9.6270021589e-03
50.000000,748.000,40.000000,90.000000,1.4520287928e-02,4.6044007214e-03,-6.4479604522e-03,9.5092307463e-01,9.7336578312e-01,2.2442708490e-02,2.1829985663e-02,1.1693381525e-08,9.3334611689e-03
50.000000,748.000,40.000000,95.000000,1.4111008984e-02,4.0879967862e-03,-7.3418527377e-03,9.5092307463e-01,9.7336578312e-01,2.2442708490e-02,2.2530205958e-02,5.0611664684e-08,9.0703817350e-03
50.000000,748.000,40.000000,100.000000,1.3751695044e-02,3.4083134729e-03,-8.1589528958e-03,9.5092307463e-01,9.7336578312e-01,2.2442708490e-02,2.3289879171e-02,2.1659748537e-07,8.8394191865e-03
50.000000,748.000,40.000000,105.000000,1.3443478226e-02,2.5762428719e-03,-8.8727616343e-03,9.5092307463e-01,9.7336578312e-01,2.2442708490e-02,2.4101007906e-02,9.0647886685e-07,8.6413012349e-03
50.000000,748.000,40.000000,110.000000,1.3186087606e-02,1.6074564089e-03,-9.4588175165e-03,9.5092307463e-01,9.7336578312e-01,2.2442708490e-02,2.4953800824e-02,3.6698294897e-06,8.4758537333e-03
50.000000,748.000,40.000000,115.000000,1.2977930783e-02,5.2200181917e-04,-9.8954613122e-03,9.5092307463e-01,9.7336578312e-01,2.2442708490e-02,2.5836857101e-02,1.4220291823e-05,8.3420531068e-03
50.000000,748.000,40.000000,120.000000,1.2816213906e-02,-6.5623454149e-04,-1.0164523420e-02,9.5092307463e-01,9.7336578312e-01,2.2442708490e-02,2.6737402396e-02,5.2200944557e-05,8.2381035021e-03
50.000000,748.000,40.000000,125.000000,1.2697095959e-02,-1.9001842563e-03,-1.0251913251e-02,9.5092307463e-01,9.7336578312e-01,2.2442708490e-02,2.7641570015e-02,1.7974804138e-04,8.1615359617e-03
50.000000,748.000,40.000000,130.000000,1.2615872098e-02,-3.1803528539e-03,-1.0148092386e-02,9.5092307463e-01,9.7336578312e-01,2.2442708490e-02,2.8534719532e-02,5.7515284628e-04,8.1093262700e-03
50.000000,748.000,40.000000,135.000000,1.2567179956e-02,-4.4656527976e-03,-9.8484167738e-03,9.5092307463e-01,9.7336578312e-01,2.2442708490e-02,2.9401783964e-02,1.6950917496e-03,8.0780275646e-03
50.000000,748.000,40.000000,140.000000,1.2545222172e-02,-5.7242886271e-03,-9.3533371982e-03,9.5092307463e-01,9.7336578312e-01,2.2442708490e-02,3.0227635714e-02,4.5637488434e-03,8.0639133730e-03
50.000000,748.000,40.000000,145.000000,1.2543997919e-02,-6.9246678124e-03,-8.6684514434e-03,9.5092307463e-01,9.7336578312e-01,2.2442708490e-02,3.0997460837e-02,1.1140251142e-02,8.0631264384e-03
50.000000,748.000,40.000000,150.000000,1.2557535986e-02,-8.0363100624e-03,-7.8044060919e-03,9.5092307463e-01,9.7336578312e-01,2.2442708490e-02,3.1697130925e-02,2.4488560886e-02,8.0718285400e-03
50.000000,748.000,40.000000,155.000000,1.2580121936e-02,-9.0307278452e-03,-6.7766503819e-03,9.5092307463e-01,9.7336578312e-01,2.2442708490e-02,3.2313561899e-02,4.8186366774e-02,8.0863465087e-03
50.000000,748.000,40.000000,160.000000,1.2606512097e-02,-9.8822517146e-03,-5.6050490184e-03,9.5092307463e-01,9.7336578312e-01,2.2442708490e-02,3.2835049348e-02,8.4438922763e-02,8.1033097773e-03
50.000000,748.000,40.000000,165.000000,1.2632127574e-02,-1.0568775669e-02,-4.3133650737e-03,9.5092307463e-01,9.7336578312e-01,2.2442708490e-02,3.3251570689e-02,1.3121029314e-01,8.1197750883e-03
50.000000,748.000,40.000000,170.000000,1.2653222118e-02,-1.1072400161e-02,-2.9286280336e-03,9.5092307463e-01,9.7336578312e-01,2.2442708490e-02,3.3555045386e-02,1.8019665062e-01,8.1333344004e-03
50.000000,748.000,40.000000,175.000000,1.2667018549e-02,-1.1379953438e-02,-1.4804055041e-03,9.5092307463e-01,9.7336578312e-01,2.2442708490e-02,3.3739545657e-02,2.1818958215e-01,8.1422025748e-03
50.000000,748.000,40.000000,180.000000,1.2671809387e-02,-1.1483375544e-02,-4.1701674956e-18,9.5092307463e-01,9.7336578312e-01,2.2442708490e-02,3.3801451516e-02,2.3259475510e-01,8.1452820666e-03
50.000000,748.000,40.000000,185.000000,1.2667018549e-02,-1.1379953438e-02,1.4804055041e-03,9.5092307463e-01,9.7336578312e-01,2.2442708490e-02,3.3739545657e-02,2.1818958215e-01,8.1422025748e-03
50.000000,748.000,40.000000,190.000000,1.2653222118e-02,-1.1072400161e-02,2.9286280336e-03,9.5092307463e-01,9.7336578312e-01,2.2442708490e-02,3.3555045386e-02,1.8019665062e-01,8.1333344004e-03
50.000000,748.000,40.000000,195.000000,1.2632127574e-02,-1.0568775669e-02,4.3133650737e-03,9.5092307463e-01,9.7336578312e-01,2.2442708490e-02,3.3251570689e-02,1.3121029314e-01,8.1197750883e-03
50.000000,748.000,40.000000,200.000000,1.2606512097e-02,-9.8822517146e-03,5.6050490184e-03,9.5092307463e-01,9.7336578312e-01,2.2442708490e-02,3.2835049348e-02,8.4438922763e-02,8.1033097773e-03
50.000000,748.000,40.000000,205.000000,1.2580121936e-02,-9.0307278452e-03,6.7766503819e-03,9.5092307463e-01,9.7336578312e-01,2.2442708490e-02,3.2313561899e-02,4.8186366774e-02,8.0863465087e-03
50.000000,748.000,40.000000,210.000000,1.2557535986e-02,-8.0363100624e-03,7.8044060919e-03,9.5092307463e-01,9.7336578312e-01,2.2442708490e-02,3.1697130925e-02,2.4488560886e-02,8.0718285400e-03
50.000000,748.000,40.000000,215.000000,1.2543997919e-02,-6.9246678124e-03,8.6684514434e-03,9.5092307463e-01,9.7336578312e-01,2.2442708490e-02,3.0997460837e-02,1.1140251142e-02,8.0631264384e-03
50.000000,748.000,40.000000,220.000000,1.2545222172e-02,-5.7242886271e-03,9.3533371982e-03,9.5092307463e-01,9.7336578312e-01,2.2442708490e-02,3.0227635714e-02,4.5637488434e-03,8.0639133730e-03
50.000000,748.000,40.000000,225.000000,1.2567179956e-02,-4.4656527976e-03,9.8484167738e-03,9.5092307463e-01,9.7336578312e-01,2.2442708490e-02,2.9401783964e-02,1.6950917496e-03,8.0780275646e-03
50.000000,748.000,40.000000,230.000000,1.2615872098e-02,-3.1803528539e-03,1.0148092386e-02,9.5092307463e-01,9.7336578312e-01,2.2442708490e-02,2.8534719532e-02,5.7515284628e-04,8.1093262700e-03
50.000000,748.000,40.000000,235.000000,1.2697095959e-02,-1.9001842563e-03,1.0251913251e-02,9.5092307463e-01,9.7336578312e-01,2.2442708490e-02,2.7641570015e-02,1.7974804138e-04,8.1615359617e-03
50.000000,748.000,40.000000,240.000000,1.2816213906e-02,-6.5623454149e-04,1.0164523420e-02,9.5092307463e-01,9.7336578312e-01,2.2442708490e-02,2.6737402396e-02,5.2200944557e-05,8.2381035021e-03
50.000000,748.000,40.000000,245.000000,1.2977930783e-02,5.2200181917e-04,9.8954613122e-03,9.5092307463e-01,9.7336578312e-01,2.2442708490e-02,2.5836857101e-02,1.4220291823e-05,8.3420531068e-03
50.000000,748.000,40.000000,250.000000,1.3186087606e-02,1.6074564089e-03,9.4588175165e-03,9.5092307463e-01,9.7336578312e-01,2.2442708490e-02,2.4953800824e-02,3.6698294897e-06,8.4758537333e-03
50.000000,748.000,40.000000,255.000000,1.3443478226e-02,2.5762428719e-03,8.8727616343e-03,9.5092307463e-01,9.7336578312e-01,2.2442708490e-02,2.4101007906e-02,9.0647886685e-07,8.6413012349e-03
50.000000,748.000,40.000000,260.000000,1.3751695044e-02,3.4083134729e-03,8.1589528958e-03,9.5092307463e-01,9.7336578312e-01,2.2442708490e-02,2.3289879171e-02,2.1659748537e-07,8.8394191865e-03
50.000000,748.000,40.000000,265.000000,1.4111008984e-02,4.0879967862e-03,7.3418527377e-03,9.5092307463e-01,9.7336578312e-01,2.2442708490e-02,2.2530205958e-02,5.0611664684e-08,9.0703817350e-03
50.000000,748.000,40.000000,270.000000,1.4520287928e-02,4.6044007214e-03,6.4479604522e-03,9.5092307463e-01,9.7336578312e-01,2.2442708490e-02,2.1829985663e-02,1.1693381525e-08,9.3334611689e-03
50.000000,748.000,40.000000,275.000000,1.4976956640e-02,4.9516691965e-03,5.5049952943e-03,9.5092307463e-01,9.7336578312e-01,2.2442708490e-02,2.1195293551e-02,2.7011626470e-09,9.6270021589e-03
50.000000,748.000,40.000000,280.000000,1.5476999971e-02,5.1290852248e-03,4.5410499931e-03,9.5092307463e-01,9.7336578312e-01,2.2442708490e-02,2.0630213848e-02,6.3083215052e-10,9.9484238167e-03
50.000000,748.000,40.000000,285.000000,1.6015009813e-02,5.1410178534e-03,3.5837414211e-03,9.5092307463e-01,9.7336578312e-01,2.2442708490e-02,2.0136831325e-02,1.5060089791e-10,1.0294249877e-02
50.000000,748.000,40.000000,290.000000,1.6584274943e-02,4.9967151337e-03,2.6593841957e-03,9.5092307463e-01,9.7336578312e-01,2.2442708490e-02,1.9715282763e-02,3.7155346460e-11,1.0660166449e-02
50.000000,748.000,40.000000,295.000000,1.7176911614e-02,4.7099499820e-03,1.7922122245e-03,9.5092307463e-01,9.7336578312e-01,2.2442708490e-02,1.9363865844e-02,9.5745887916e-12,1.1041105958e-02
50.000000,748.000,40.000000,300.000000,1.7784031451e-02,4.2985302451e-03,1.0036716885e-03,9.5092307463e-01,9.7336578312e-01,2.2442708490e-02,1.9079201316e-02,2.6038127098e-12,1.1431355067e-02
50.000000,748.000,40.000000,305.000000,1.8395942127e-02,3.7836884022e-03,3.1180672042e-04,9.5092307463e-01,9.7336578312e-01,2.2442708490e-02,1.8856442647e-02,7.5474855730e-13,1.1824683668e-02
50.000000,748.000,40.000000,310.000000,1.9002375228e-02,3.1893699735e-03,-2.6924383790e-04,9.5092307463e-01,9.7336578312e-01,2.2442708490e-02,1.8689525999e-02,2.3539817013e-13,1.2214491351e-02
50.000000,748.000,40.000000,315.000000,1.9592734904e-02,2.5414427619e-03,-7.2962365259e-04,9.5092307463e-01,9.7336578312e-01,2.2442708490e-02,1.8571452134e-02,7.9703736050e-14,1.2593967236e-02
50.000000,748.000,40.000000,320.000000,2.0156360221e-02,1.8668514363e-03,-1.0639990253e-03,9.5092307463e-01,9.7336578312e-01,2.2442708490e-02,1.8494590952e-02,2.9541098863e-14,1.2956258607e-02
50.000000,748.000,40.000000,325.000000,2.0682793714e-02,1.1927435953e-03,-1.2716550876e-03,9.5092307463e-01,9.7336578312e-01,2.2442708490e-02,1.8450998697e-02,1.2076670919e-14,1.3294643533e-02
50.000000,748.000,40.000000,330.000000,2.1162048376e-02,5.4559428752e-04,-1.3564456396e-03,9.5092307463e-01,9.7336578312e-01,2.2442708490e-02,1.8432737560e-02,5.4829876724e-15,1.3602702492e-02
50.000000,748.000,40.000000,335.000000,2.1584865387e-02,-4.9644027235e-05,-1.3265987058e-03,9.5092307463e-01,9.7336578312e-01,2.2442708490e-02,1.8432187353e-02,2.7814197877e-15,1.3874484027e-02
50.000000,748.000,40.000000,340.000000,2.1942955074e-02,-5.7033989927e-04,-1.1943843024e-03,9.5092307463e-01,9.7336578312e-01,2.2442708490e-02,1.8442339262e-02,1.5847356873e-15,1.4104659641e-02
50.000000,748.000,40.000000,345.000000,2.2229214107e-02,-9.9690512776e-04,-9.7565513949e-04,9.5092307463e-01,9.7336578312e-01,2.2442708490e-02,1.8457062277e-02,1.0185067717e-15,1.4288663401e-02
50.000000,748.000,40.000000,350.000000,2.2437912586e-02,-1.3134186084e-03,-6.8927486917e-04,9.5092307463e-01,9.7336578312e-01,2.2442708490e-02,1.8471333791e-02,7.4090498239e-16,1.4422812198e-02
50.000000,748.000,40.000000,355.000000,2.2564845547e-02,-1.5081326163e-03,-3.5645193924e-04,9.5092307463e-01,9.7336578312e-01,2.2442708490e-02,1.8481427031e-02,6.1152542407e-16,1.4504403132e-02
50.000000,748.000,45.000000,0.000000,2.4888190101e-02,-1.6127581851e-03,-3.4264264980e-19,9.5092307463e-01,9.7336578312e-01,2.2442708490e-02,1.8625573887e-02,9.3611184324e-19,1.5997820224e-02
50.000000,748.000,45.000000,5.000000,2.4836022914e-02,-1.5462412955e-03,2.4036286146e-04,9.5092307463e-01,9.7336578312e-01,2.2442708490e-02,1.8615437529e-02,1.0110799621e-18,1.5964287803e-02
50.000000,748.000,45.000000,10.000000,2.4680632718e-02,-1.3491840343e-03,4.5809330268e-04,9.5092307463e-01,9.7336578312e-01,2.2442708490e-02,1.8586008659e-02,1.2732145604e-18,1.5864404911e-02
50.000000,748.000,45.000000,15.000000,2.4425323438e-02,-1.0289872688e-03,6.3136324190e-04,9.5092307463e-01,9.7336578312e-01,2.2442708490e-02,1.8540192993e-02,1.8659778692e-18,1.5700295269e-02
50.000000,748.000,45.000000,20.000000,2.4075501963e-02,-5.9772369766e-04,7.3992794700e-04,9.5092307463e-01,9.7336578312e-01,2.2442708490e-02,1.8482718159e-02,3.1733976199e-18,1.5475434359e-02
50.000000,748.000,45.000000,25.000000,2.3638531747e-02,-7.1753191198e-05,7.6585516836e-04,9.5092307463e-01,9.7336578312e-01,2.2442708490e-02,1.8419964667e-02,6.2371184459e-18,1.5194555318e-02
50.000000,748.000,45.000000,30.000000,2.3123533931e-02,5.2879907620e-04,6.9418137148e-04,9.5092307463e-01,9.7336578312e-01,2.2442708490e-02,1.8359736769e-02,1.4093915030e-17,1.4863521103e-02
50.000000,748.000,45.000000,35.000000,2.2541141830e-02,1.1806856563e-03,5.1347428244e-04,9.5092307463e-01,9.7336578312e-01,2.2442708490e-02,1.8310980451e-02,3.6387351228e-17,1.4489166677e-02
50.000000,748.000,45.000000,40.000000,2.1903216008e-02,1.8582812419e-03,2.1628383239e-04,9.5092307463e-01,9.7336578312e-01,2.2442708490e-02,1.8283457452e-02,1.0655685584e-16,1.4079115862e-02
50.000000,748.000,45.000000,45.000000,2.1222528312e-02,2.5344055577e-03,-2.0053298887e-04,9.5092307463e-01,9.7336578312e-01,2.2442708490e-02,1.8287385643e-02,3.5103368165e-16,1.3641578245e-02
50.000000,748.000,45.000000,50.000000,2.0512424119e-02,3.1811993872e-03,-7.3562399026e-04,9.5092307463e-01,9.7336578312e-01,2.2442708490e-02,1.8333057164e-02,1.2891059097e-15,1.3185132068e-02
50.000000,748.000,45.000000,55.000000,1.9786472684e-02,3.7710267369e-03,-1.3830967695e-03,9.5092307463e-01,9.7336578312e-01,2.2442708490e-02,1.8430446462e-02,5.2249235124e-15,1.2718499480e-02
50.000000,748.000,45.000000,60.000000,1.9058115781e-02,4.2773753007e-03,-2.1326188590e-03,9.5092307463e-01,9.7336578312e-01,2.2442708490e-02,1.8588820749e-02,2.3124860364e-14,1.2250320688e-02
50.000000,748.000,45.000000,65.000000,1.8340324856e-02,4.6757274034e-03,-2.9696605839e-03,9.5092307463e-01,9.7336578312e-01,2.2442708490e-02,1.8816365378e-02,1.1049841944e-13,1.1788933575e-02
50.000000,748.000,45.000000,70.000000,1.7645276601e-02,4.9443744623e-03,-3.8758737967e-03,9.5092307463e-01,9.7336578312e-01,2.2442708490e-02,1.9119836210e-02,5.6329078686e-13,1.1342165169e-02
50.000000,748.000,45.000000,75.000000,1.6984056287e-02,5.0651496897e-03,-4.8295954548e-03,9.5092307463e-01,9.7336578312e-01,2.2442708490e-02,1.9504250310e-02,3.0256771911e-12,1.0917140943e-02
50.000000,748.000,45.000000,80.000000,1.6366397300e-02,5.0240562192e-03,-5.8064611539e-03,9.5092307463e-01,9.7336578312e-01,2.2442708490e-02,1.9972625145e-02,1.6907233956e-11,1.0520117400e-02
50.000000,748.000,45.000000,85.000000,1.5800464231e-02,4.8117709889e-03,-6.7801103130e-03,9.5092307463e-01,9.7336578312e-01,2.2442708490e-02,2.0525775044e-02,9.7007219292e-11,1.0156342635e-02
50.000000,748.000,45.000000,90.000000,1.5292685484e-02,4.4240084750e-03,-7.7229618524e-03,9.5092307463e-01,9.7336578312e-01,2.2442708490e-02,2.1162171946e-02,5.6396967288e-10,9.8299487479e-03
50.000000,748.000,45.000000,95.000000,1.4847639901e-02,3.8617326105e-03,-8.6070369889e-03,9.5092307463e-01,9.7336578312e-01,2.2442708490e-02,2.1877875547e-02,3.2781290510e-09,9.5438789611e-03
50.000000,748.000,45.000000,100.000000,1.4468000207e-02,3.1312098282e-03,-9.4048042630e-03,9.5092307463e-01,9.7336578312e-01,2.2442708490e-02,2.2666535850e-02,1.8798169457e-08,9.2998512703e-03
50.000000,748.000,45.000000,105.000000,1.4154534380e-02,2.2439009901e-03,-1.0090021163e-02,9.5092307463e-01,9.7336578312e-01,2.2442708490e-02,2.3519468930e-02,1.0494685618e-07,9.0983593201e-03
50.000000,748.000,45.000000,110.000000,1.3906164251e-02,1.2161948601e-03,-1.0638546730e-02,9.5092307463e-01,9.7336578312e-01,2.2442708490e-02,2.4425804507e-02,5.6301421013e-07,8.9387100785e-03
50.000000,748.000,45.000000,115.000000,1.3720078964e-02,6.8990596555e-05,-1.1029100348e-02,9.5092307463e-01,9.7336578312e-01,2.2442708490e-02,2.5372701729e-02,2.8656638805e-06,8.8190967622e-03
50.000000,748.000,45.000000,120.000000,1.3591899209e-02,-1.1728586621e-03,-1.1243943454e-02,9.5092307463e-01,9.7336578312e-01,2.2442708490e-02,2.6345627476e-02,1.3668363702e-05,8.7367044037e-03
50.000000,748.000,45.000000,125.000000,1.3515886640e-02,-2.4812248104e-03,-1.1269463209e-02,9.5092307463e-01,9.7336578312e-01,2.2442708490e-02,2.7328689581e-02,6.0371615779e-05,8.6878444662e-03
50.000000,748.000,45.000000,130.000000,1.3485191550e-02,-3.8254863351e-03,-1.1096640033e-02,9.5092307463e-01,9.7336578312e-01,2.2442708490e-02,2.8305015673e-02,2.4415396772e-04,8.6681140425e-03
50.000000,748.000,45.000000,135.000000,1.3492130701e-02,-5.1733892306e-03,-1.0721384405e-02,9.5092307463e-01,9.7336578312e-01,2.2442708490e-02,2.9257166917e-02,8.9451580629e-04,8.6725744427e-03
50.000000,748.000,45.000000,140.000000,1.3528486348e-02,-6.4919616398e-03,-1.0144732210e-02,9.5092307463e-01,9.7336578312e-01,2.2442708490e-02,3.0167574830e-02,2.9397461081e-03,8.6959434025e-03
50.000000,748.000,45.000000,145.000000,1.3585816871e-02,-7.7484549286e-03,-9.3728921572e-03,9.5092307463e-01,9.7336578312e-01,2.2442708490e-02,3.1018988626e-02,8.5880375319e-03,8.7327947522e-03
50.000000,748.000,45.000000,150.000000,1.3655769103e-02,-8.9112830605e-03,-8.4171432239e-03,9.5092307463e-01,9.7336578312e-01,2.2442708490e-02,3.1794920124e-02,2.2120607633e-02,8.7777591804e-03
50.000000,748.000,45.000000,155.000000,1.3730382457e-02,-9.9509321545e-03,-7.2935845955e-03,9.5092307463e-01,9.7336578312e-01,2.2442708490e-02,3.2480073345e-02,4.9876476270e-02,8.8257197198e-03
50.000000,748.000,45.000000,160.000000,1.3802375210e-02,-1.0840812970e-02,-6.0227449863e-03,9.5092307463e-01,9.7336578312e-01,2.2442708490e-02,3.3060746243e-02,9.7838619757e-02,8.8719957693e-03
50.000000,748.000,45.000000,165.000000,1.3865403920e-02,-1.1558030757e-02,-4.6290624659e-03,9.5092307463e-01,9.7336578312e-01,2.2442708490e-02,3.3525192886e-02,1.6612082454e-01,8.9125098432e-03
50.000000,748.000,45.000000,170.000000,1.3914287799e-02,-1.2084049359e-02,-3.1402498064e-03,9.5092307463e-01,9.7336578312e-01,2.2442708490e-02,3.3863935465e-02,2.4316365170e-01,8.9439317946e-03
50.000000,748.000,45.000000,175.000000,1.3945190979e-02,-1.2405229650e-02,-1.5865638144e-03,9.5092307463e-01,9.7336578312e-01,2.2442708490e-02,3.4070016999e-02,3.0597433655e-01,8.9637959759e-03
50.000000,748.000,45.000000,180.000000,1.3955756956e-02,-1.2513226111e-02,-4.4684455046e-18,9.5092307463e-01,9.7336578312e-01,2.2442708490e-02,3.4139187341e-02,3.3039301278e-01,8.9705876554e-03
50.000000,748.000,45.000000,185.000000,1.3945190979e-02,-1.2405229650e-02,1.5865638144e-03,9.5092307463e-01,9.7336578312e-01,2.2442708490e-02,3.4070016999e-02,3.0597433655e-01,8.9637959759e-03
50.000000,748.000,45.000000,190.000000,1.3914287799e-02,-1.2084049359e-02,3.1402498064e-03,9.5092307463e-01,9.7336578312e-01,2.2442708490e-02,3.3863935465e-02,2.4316365170e-01,8.9439317946e-03
50.000000,748.000,45.000000,195.000000,1.3865403920e-02,-1.1558030757e-02,4.6290624659e-03,9.5092307463e-01,9.7336578312e-01,2.2442708490e-02,3.3525192886e-02,1.6612082454e-01,8.9125098432e-03
50.000000,748.000,45.000000,200.000000,1.3802375210e-02,-1.0840812970e-02,6.0227449863e-03,9.5092307463e-01,9.7336578312e-01,2.2442708490e-02,3.3060746243e-02,9.7838619757e-02,8.8719957693e-03
50.000000,748.000,45.000000,205.000000,1.3730382457e-02,-9.9509321545e-03,7.2935845955e-03,9.5092307463e-01,9.7336578312e-01,2.2442708490e-02,3.2480073345e-02,4.9876476270e-02,8.8257197198e-03
50.000000,748.000,45.000000,210.000000,1.3655769103e-02,-8.9112830605e-03,8.4171432239e-03,9.5092307463e-01,9.7336578312e-01,2.2442708490e-02,3.1794920124e-02,2.2120607633e-02,8.7777591804e-03
50.000000,748.000,45.000000,215.000000,1.3585816871e-02,-7.7484549286e-03,9.3728921572e-03,9.5092307463e-01,9.7336578312e-01,2.2442708490e-02,3.1018988626e-02,8.5880375319e-03,8.7327947522e-03
50.000000,748.000,45.000000,220.000000,1.3528486348e-02,-6.4919616398e-03,1.0144732210e-02,9.5092307463e-01,9.7336578312e-01,2.2442708490e-02,3.0167574830e-02,2.9397461081e-03,8.6959434025e-03
50.000000,748.000,45.000000,225.000000,1.3492130701e-02,-5.1733892306e-03,1.0721384405e-02,9.5092307463e-01,9.7336578312e-01,2.2442708490e-02,2.9257166917e-02,8.9451580629e-04,8.6725744427e-03
50.000000,748.000,45.000000,230.000000,1.3485191550e-02,-3.8254863351e-03,1.1096640033e-02,9.5092307463e-01,9.7336578312e-01,2.2442708490e-02,2.8305015673e-02,2.4415396772e-04,8.6681140425e-03
50.000000,748.000,45.000000,235.000000,1.3515886640e-02,-2.4812248104e-03,1.1269463209e-02,9.5092307463e-01,9.7336578312e-01,2.2442708490e-02,2.7328689581e-02,6.0371615779e-05,8.6878444662e-03
50.000000,748.000,45.000000,240.000000,1.3591899209e-02,-1.1728586621e-03,1.1243943454e-02,9.5092307463e-01,9.7336578312e-01,2.2442708490e-02,2.6345627476e-02,1.3668363702e-05,8.7367044037e-03
50.000000,748.000,45.000000,245.000000,1.3720078964e-02,6.8990596555e-05,1.1029100348e-02,9.5092307463e-01,9.7336578312e-01,2.2442708490e-02,2.5372701729e-02,2.8656638805e-06,8.8190967622e-03
50.000000,748.000,45.000000,250.000000,1.3906164251e-02,1.2161948601e-03,1.0638546730e-02,9.5092307463e-01,9.7336578312e-01,2.2442708490e-02,2.4425804507e-02,5.6301421013e-07,8.9387100785e-03
50.000000,748.000,45.000000,255.000000,1.4154534380e-02,2.2439009901e-03,1.0090021163e-02,9.5092307463e-01,9.7336578312e-01,2.2442708490e-02,2.3519468930e-02,1.0494685618e-07,9.0983593201e-03
50.000000,748.000,45.000000,260.000000,1.4468000207e-02,3.1312098282e-03,9.4048042630e-03,9.5092307463e-01,9.7336578312e-01,2.2442708490e-02,2.2666535850e-02,1.8798169457e-08,9.2998512703e-03
50.000000,748.000,45.000000,265.000000,1.4847639901e-02,3.8617326105e-03,8.6070369889e-03,9.5092307463e-01,9.7336578312e-01,2.2442708490e-02,2.1877875547e-02,3.2781290510e-09,9.5438789611e-03
50.000000,748.000,45.000000,270.000000,1.5292685484e-02,4.4240084750e-03,7.7229618524e-03,9.5092307463e-01,9.7336578312e-01,2.2442708490e-02,2.1162171946e-02,5.6396967288e-10,9.8299487479e-03
50.000000,748.000,45.000000,275.000000,1.5800464231e-02,4.8117709889e-03,6.7801103130e-03,9.5092307463e-01,9.7336578312e-01,2.2442708490e-02,2.0525775044e-02,9.7007219292e-11,1.0156342635e-02
50.000000,748.000,45.000000,280.000000,1.6366397300e-02,5.0240562192e-03,5.8064611539e-03,9.5092307463e-01,9.7336578312e-01,2.2442708490e-02,1.9972625145e-02,1.6907233956e-11,1.0520117400e-02
50.000000,748.000,45.000000,285.000000,1.6984056287e-02,5.0651496897e-03,4.8295954548e-03,9.5092307463e-01,9.7336578312e-01,2.2442708490e-02,1.9504250310e-02,3.0256771911e-12,1.0917140943e-02
50.000000,748.000,45.000000,290.000000,1.7645276601e-02,4.9443744623e-03,3.8758737967e-03,9.5092307463e-01,9.7336578312e-01,2.2442708490e-02,1.9119836210e-02,5.6329078686e-13,1.1342165169e-02
50.000000,748.000,45.000000,295.000000,1.8340324856e-02,4.6757274034e-03,2.9696605839e-03,9.5092307463e-01,9.7336578312e-01,2.2442708490e-02,1.8816365378e-02,1.1049841944e-13,1.1788933575e-02
50.000000,748.000,45.000000,300.000000,1.9058115781e-02,4.2773753007e-03,2.1326188590e-03,9.5092307463e-01,9.7336578312e-01,2.2442708490e-02,1.8588820749e-02,2.3124860364e-14,1.2250320688e-02
50.000000,748.000,45.000000,305.000000,1.9786472684e-02,3.7710267369e-03,1.3830967695e-03,9.5092307463e-01,9.7336578312e-01,2.2442708490e-02,1.8430446462e-02,5.2249235124e-15,1.2718499480e-02
50.000000,748.000,45.000000,310.000000,2.0512424119e-02,3.1811993872e-03,7.3562399026e-04,9.5092307463e-01,9.7336578312e-01,2.2442708490e-02,1.8333057164e-02,1.2891059097e-15,1.3185132068e-02
50.000000,748.000,45.000000,315.000000,2.1222528312e-02,2.5344055577e-03,2.0053298887e-04,9.5092307463e-01,9.7336578312e-01,2.2442708490e-02,1.8287385643e-02,3.5103368165e-16,1.3641578245e-02
50.000000,748.000,45.000000,320.000000,2.1903216008e-02,1.8582812419e-03,-2.1628383239e-04,9.5092307463e-01,9.7336578312e-01,2.2442708490e-02,1.8283457452e-02,1.0655685584e-16,1.4079115862e-02
50.000000,748.000,45.000000,325.000000,2.2541141830e-02,1.1806856563e-03,-5.1347428244e-04,9.5092307463e-01,9.7336578312e-01,2.2442708490e-02,1.8310980451e-02,3.6387351228e-17,1.4489166677e-02
50.000000,748.000,45.000000,330.000000,2.3123533931e-02,5.2879907620e-04,-6.9418137148e-04,9.5092307463e-01,9.7336578312e-01,2.2442708490e-02,1.8359736769e-02,1.4093915030e-17,1.4863521103e-02
50.000000,748.000,45.000000,335.000000,2.3638531747e-02,-7.1753191198e-05,-7.6585516836e-04,9.5092307463e-01,9.7336578312e-01,2.2442708490e-02,1.8419964667e-02,6.2371184459e-18,1.5194555318e-02
50.000000,748.000,45.000000,340.000000,2.4075501963e-02,-5.9772369766e-04,-7.3992794700e-04,9.5092307463e-01,9.7336578312e-01,2.2442708490e-02,1.8482718159e-02,3.1733976199e-18,1.5475434359e-02
50.000000,748.000,45.000000,345.000000,2.4425323438e-02,-1.0289872688e-03,-6.3136324190e-04,9.5092307463e-01,9.7336578312e-01,2.2442708490e-02,1.8540192993e-02,1.8659778692e-18,1.5700295269e-02
50.000000,748.000,45.000000,350.000000,2.4680632718e-02,-1.3491840343e-03,-4.5809330268e-04,9.5092307463e-01,9.7336578312e-01,2.2442708490e-02,1.8586008659e-02,1.2732145604e-18,1.5864404911e-02
50.000000,748.000,45.000000,355.000000,2.4836022914e-02,-1.5462412955e-03,-2.4036286146e-04,9.5092307463e-01,9.7336578312e-01,2.2442708490e-02,1.8615437529e-02,1.0110799621e-18,1.5964287803e-02
50.000000,748.000,50.000000,0.000000,2.7713292453e-02,-1.9351844960e-03,-1.4022873057e-19,9.5092307463e-01,9.7336578312e-01,2.2442708490e-02,1.8962010199e-02,4.1202804387e-22,1.7813761012e-02
50.000000,748.000,50.000000,5.000000,2.7649709057e-02,-1.8660052213e-03,9.6338012126e-05,9.5092307463e-01,9.7336578312e-01,2.2442708490e-02,1.8944586592e-02,4.5184693259e-22,1.7772890393e-02
50.000000,748.000,50.000000,10.000000,2.7460378307e-02,-1.6610801986e-03,1.7131392897e-04,9.5092307463e-01,9.7336578312e-01,2.2442708490e-02,1.8893505940e-02,5.9549359327e-22,1.7651190933e-02
50.000000,748.000,50.000000,15.000000,2.7149519290e-02,-1.3281645563e-03,2.0435503251e-04,9.5092307463e-01,9.7336578312e-01,2.2442708490e-02,1.8812297570e-02,9.4115839452e-22,1.7451374608e-02
50.000000,748.000,50.000000,20.000000,2.6724034219e-02,-8.7990848048e-04,1.7644230671e-04,9.5092307463e-01,9.7336578312e-01,2.2442708490e-02,1.8706707673e-02,1.7775462103e-21,1.7177878077e-02
50.000000,748.000,50.000000,25.000000,2.6193318066e-02,-3.3345355463e-04,7.0825426275e-05,9.5092307463e-01,9.7336578312e-01,2.2442708490e-02,1.8584499761e-02,3.9923680143e-21,1.6836740309e-02
50.000000,748.000,50.000000,30.000000,2.5568999992e-02,2.9011487968e-04,-1.2633435842e-04,9.5092307463e-01,9.7336578312e-01,2.2442708490e-02,1.8455184106e-02,1.0597268079e-20,1.6435436387e-02
50.000000,748.000,50.000000,35.000000,2.4864624218e-02,9.6644249789e-04,-4.2541399338e-04,9.5092307463e-01,9.7336578312e-01,2.2442708490e-02,1.8329684658e-02,3.2995752288e-20,1.5982672367e-02
50.000000,748.000,50.000000,40.000000,2.4095279786e-02,1.6686871407e-03,-8.3288875583e-04,9.5092307463e-01,9.7336578312e-01,2.2442708490e-02,1.8219953891e-02,1.1946505617e-19,1.5488147298e-02
50.000000,748.000,50.000000,45.000000,2.3277190125e-02,2.3683822874e-03,-1.3510170649e-03,9.5092307463e-01,9.7336578312e-01,2.2442708490e-02,1.8138547690e-02,4.9803698153e-19,1.4962289401e-02
50.000000,748.000,50.000000,50.000000,2.2427274556e-02,3.0363562545e-03,-1.9776604467e-03,9.5092307463e-01,9.7336578312e-01,2.2442708490e-02,1.8098173660e-02,2.3646913070e-18,1.4415974203e-02
50.000000,748.000,50.000000,55.000000,2.1562694609e-02,3.6436787757e-03,-2.7062449713e-03,9.5092307463e-01,9.7336578312e-01,2.2442708490e-02,1.8111227129e-02,1.2635914406e-17,1.3860232926e-02
50.000000,748.000,50.000000,60.000000,2.0700398516e-02,4.1626057449e-03,-3.5258661225e-03,9.5092307463e-01,9.7336578312e-01,2.2442708490e-02,1.8189329517e-02,7.5023818875e-17,1.3305959682e-02
50.000000,748.000,50.000000,65.000000,1.9856677187e-02,4.5674929169e-03,-4.4215346345e-03,9.5092307463e-01,9.7336578312e-01,2.2442708490e-02,1.8342883767e-02,4.8825888294e-16,1.2763626066e-02
50.000000,748.000,50.000000,70.000000,1.9046744635e-02,4.8356502635e-03,-5.3745564782e-03,9.5092307463e-01,9.7336578312e-01,2.2442708490e-02,1.8580661017e-02,3.4336898154e-15,1.2243011456e-02
50.000000,748.000,50.000000,75.000000,1.8284355025e-02,4.9481104559e-03,-6.3630360239e-03,9.5092307463e-01,9.7336578312e-01,2.2442708490e-02,1.8909431836e-02,2.5708943166e-14,1.1752956861e-02
50.000000,748.000,50.000000,80.000000,1.7581467377e-02,4.8902875198e-03,-7.3624875876e-03,9.5092307463e-01,9.7336578312e-01,2.2442708490e-02,1.9333653988e-02,2.0182359170e-13,1.1301149390e-02
50.000000,748.000,50.000000,85.000000,1.6947967478e-02,4.6525050258e-03,-8.3465371860e-03,9.5092307463e-01,9.7336578312e-01,2.2442708490e-02,1.9855227033e-02,1.6354087922e-12,1.0893943504e-02
50.000000,748.000,50.000000,90.000000,1.6391454810e-02,4.2303771171e-03,-9.2876935014e-03,9.5092307463e-01,9.7336578312e-01,2.2442708490e-02,2.0473322056e-02,1.3463246714e-11,1.0536224057e-02
50.000000,748.000,50.000000,95.000000,1.5917100302e-02,3.6250301364e-03,-1.0158164861e-02,9.5092307463e-01,9.7336578312e-01,2.2442708490e-02,2.1184292548e-02,1.1081422203e-10,1.0231314857e-02
50.000000,748.000,50.000000,100.000000,1.5527578548e-02,2.8431574452e-03,-1.0930697548e-02,9.5092307463e-01,9.7336578312e-01,2.2442708490e-02,2.1981670026e-02,8.9746548662e-10,9.9809350990e-03
50.000000,748.000,50.000000,105.000000,1.5223075876e-02,1.8969050921e-03,-1.1579410015e-02,9.5092307463e-01,9.7336578312e-01,2.2442708490e-02,2.2856245397e-02,7.0391844673e-09,9.7852045547e-03
50.000000,748.000,50.000000,110.000000,1.5001373350e-02,8.0359112576e-04,-1.2080597617e-02,9.5092307463e-01,9.7336578312e-01,2.2442708490e-02,2.3796234466e-02,5.2640081136e-08,9.6426969175e-03
50.000000,748.000,50.000000,115.000000,1.4858001484e-02,-4.1473359020e-04,-1.2413483253e-02,9.5092307463e-01,9.7336578312e-01,2.2442708490e-02,2.4787523440e-02,3.6962304063e-07,9.5505392583e-03
50.000000,748.000,50.000000,120.000000,1.4786461335e-02,-1.7318703795e-03,-1.2560890907e-02,9.5092307463e-01,9.7336578312e-01,2.2442708490e-02,2.5813987816e-02,2.4010964175e-06,9.5045541370e-03
50.000000,748.000,50.000000,125.000000,1.4778504582e-02,-3.1181864435e-03,-1.2509821266e-02,9.5092307463e-01,9.7336578312e-01,2.2442708490e-02,2.6857875799e-02,1.4225863599e-05,9.4994396348e-03
50.000000,748.000,50.000000,130.000000,1.4824463466e-02,-4.5414361821e-03,-1.2251911546e-02,9.5092307463e-01,9.7336578312e-01,2.2442708490e-02,2.7900245425e-02,7.5836108544e-05,9.5289814360e-03
50.000000,748.000,50.000000,135.000000,1.4913619956e-02,-5.9676657907e-03,-1.1783765048e-02,9.5092307463e-01,9.7336578312e-01,2.2442708490e-02,2.8921442865e-02,3.5913595805e-04,9.5862901232e-03
50.000000,748.000,50.000000,140.000000,1.5034602355e-02,-7.3621742196e-03,-1.1107139855e-02,9.5092307463e-01,9.7336578312e-01,2.2442708490e-02,2.9901608132e-02,1.4930598760e-03,9.6640561107e-03
50.000000,748.000,50.000000,145.000000,1.5175796754e-02,-8.6905018366e-03,-1.0228990288e-02,9.5092307463e-01,9.7336578312e-01,2.2442708490e-02,3.0821193523e-02,5.3903468978e-03,9.7548141203e-03
50.000000,748.000,50.000000,150.000000,1.5325760320e-02,-9.9194172517e-03,-9.1613591430e-03,9.5092307463e-01,9.7336578312e-01,2.2442708490e-02,3.1661479670e-02,1.6735445273e-02,9.8512088426e-03
50.000000,748.000,50.000000,155.000000,1.5473623426e-02,-1.1017872779e-02,-7.9211231926e-03,9.5092307463e-01,9.7336578312e-01,2.2442708490e-02,3.2405074140e-02,4.4300287602e-02,9.9462534151e-03
50.000000,748.000,50.000000,160.000000,1.5609467959e-02,-1.1957899915e-02,-6.5295988318e-03,9.5092307463e-01,9.7336578312e-01,2.2442708490e-02,3.3036377952e-02,9.9249348980e-02,1.0033572598e-02
50.000000,748.000,50.000000,165.000000,1.5724669972e-02,-1.2715417998e-02,-5.0120189590e-03,9.5092307463e-01,9.7336578312e-01,2.2442708490e-02,3.3542006305e-02,1.8705139931e-01,1.0107623024e-02
50.000000,748.000,50.000000,170.000000,1.5812195931e-02,-1.3270931773e-02,-3.3968960315e-03,9.5092307463e-01,9.7336578312e-01,2.2442708490e-02,3.3911151154e-02,2.9514803279e-01,1.0163883627e-02
50.000000,748.000,50.000000,175.000000,1.5866843326e-02,-1.3610096947e-02,-1.7152896632e-03,9.5092307463e-01,9.7336578312e-01,2.2442708490e-02,3.4135874936e-02,3.8858130768e-01,1.0199010295e-02
50.000000,748.000,50.000000,180.000000,1.5885418089e-02,-1.3724136745e-02,-4.8301151083e-18,9.5092307463e-01,9.7336578312e-01,2.2442708490e-02,3.4211326797e-02,4.2598580500e-01,1.0210949922e-02
50.000000,748.000,50.000000,185.000000,1.5866843326e-02,-1.3610096947e-02,1.7152896632e-03,9.5092307463e-01,9.7336578312e-01,2.2442708490e-02,3.4135874936e-02,3.8858130768e-01,1.0199010295e-02
50.000000,748.000,50.000000,190.000000,1.5812195931e-02,-1.3270931773e-02,3.3968960315e-03,9.5092307463e-01,9.7336578312e-01,2.2442708490e-02,3.3911151154e-02,2.9514803279e-01,1.0163883627e-02
50.000000,748.000,50.000000,195.000000,1.5724669972e-02,-1.2715417998e-02,5.0120189590e-03,9.5092307463e-01,9.7336578312e-01,2.2442708490e-02,3.3542006305e-02,1.8705139931e-01,1.0107623024e-02
50.000000,748.000,50.000000,200.000000,1.5609467959e-02,-1.1957899915e-02,6.5295988318e-03,9.5092307463e-01,9.7336578312e-01,2.2442708490e-02,3.3036377952e-02,9.9249348980e-02,1.0033572598e-02
50.000000,748.000,50.000000,205.000000,1.5473623426e-02,-1.1017872779e-02,7.9211231926e-03,9.5092307463e-01,9.7336578312e-01,2.2442708490e-02,3.2405074140e-02,4.4300287602e-02,9.9462534151e-03
50.000000,748.000,50.000000,210.000000,1.5325760320e-02,-9.9194172517e-03,9.1613591430e-03,9.5092307463e-01,9.7336578312e-01,2.2442708490e-02,3.1661479670e-02,1.6735445273e-02,9.8512088426e-03
50.000000,748.000,50.000000,215.000000,1.5175796754e-02,-8.6905018366e-03,1.0228990288e-02,9.5092307463e-01,9.7336578312e-01,2.2442708490e-02,3.0821193523e-02,5.3903468978e-03,9.7548141203e-03
50.000000,748.000,50.000000,220.000000,1.5034602355e-02,-7.3621742196e-03,1.1107139855e-02,9.5092307463e-01,9.7336578312e-01,2.2442708490e-02,2.9901608132e-02,1.4930598760e-03,9.6640561107e-03
50.000000,748.000,50.000000,225.000000,1.4913619956e-02,-5.9676657907e-03,1.1783765048e-02,9.5092307463e-01,9.7336578312e-01,2.2442708490e-02,2.8921442865e-02,3.5913595805e-04,9.5862901232e-03
50.000000,748.000,50.000000,230.000000,1.4824463466e-02,-4.5414361821e-03,1.2251911546e-02,9.5092307463e-01,9.7336578312e-01,2.2442708490e-02,2.7900245425e-02,7.5836108544e-05,9.5289814360e-03
50.000000,748.000,50.000000,235.000000,1.4778504582e-02,-3.1181864435e-03,1.2509821266e-02,9.5092307463e-01,9.7336578312e-01,2.2442708490e-02,2.6857875799e-02,1.4225863599e-05,9.4994396348e-03
50.000000,748.000,50.000000,240.000000,1.4786461335e-02,-1.7318703795e-03,1.2560890907e-02,9.5092307463e-01,9.7336578312e-01,2.2442708490e-02,2.5813987816e-02,2.4010964175e-06,9.5045541370e-03
50.000000,748.000,50.000000,245.000000,1.4858001484e-02,-4.1473359020e-04,1.2413483253e-02,9.5092307463e-01,9.7336578312e-01,2.2442708490e-02,2.4787523440e-02,3.6962304063e-07,9.5505392583e-03
50.000000,748.000,50.000000,250.000000,1.5001373350e-02,8.0359112576e-04,1.2080597617e-02,9.5092307463e-01,9.7336578312e-01,2.2442708490e-02,2.3796234466e-02,5.2640081136e-08,9.6426969175e-03
50.000000,748.000,50.000000,255.000000,1.5223075876e-02,1.8969050921e-03,1.1579410015e-02,9.5092307463e-01,9.7336578312e-01,2.2442708490e-02,2.2856245397e-02,7.0391844673e-09,9.7852045547e-03
50.000000,748.000,50.000000,260.000000,1.5527578548e-02,2.8431574452e-03,1.0930697548e-02,9.5092307463e-01,9.7336578312e-01,2.2442708490e-02,2.1981670026e-02,8.9746548662e-10,9.9809350990e-03
50.000000,748.000,50.000000,265.000000,1.5917100302e-02,3.6250301364e-03,1.0158164861e-02,9.5092307463e-01,9.7336578312e-01,2.2442708490e-02,2.1184292548e-02,1.1081422203e-10,1.0231314857e-02
50.000000,748.000,50.000000,270.000000,1.6391454810e-02,4.2303771171e-03,9.2876935014e-03,9.5092307463e-01,9.7336578312e-01,2.2442708490e-02,2.0473322056e-02,1.3463246714e-11,1.0536224057e-02
50.000000,748.000,50.000000,275.000000,1.6947967478e-02,4.6525050258e-03,8.3465371860e-03,9.5092307463e-01,9.7336578312e-01,2.2442708490e-02,1.9855227033e-02,1.6354087922e-12,1.0893943504e-02
50.000000,748.000,50.000000,280.000000,1.7581467377e-02,4.8902875198e-03,7.3624875876e-03,9.5092307463e-01,9.7336578312e-01,2.2442708490e-02,1.9333653988e-02,2.0182359170e-13,1.1301149390e-02
50.000000,748.000,50.000000,285.000000,1.8284355025e-02,4.9481104559e-03,6.3630360239e-03,9.5092307463e-01,9.7336578312e-01,2.2442708490e-02,1.8909431836e-02,2.5708943166e-14,1.1752956861e-02
50.000000,748.000,50.000000,290.000000,1.9046744635e-02,4.8356502635e-03,5.3745564782e-03,9.5092307463e-01,9.7336578312e-01,2.2442708490e-02,1.8580661017e-02,3.4336898154e-15,1.2243011456e-02
50.000000,748.000,50.000000,295.000000,1.9856677187e-02,4.5674929169e-03,4.4215346345e-03,9.5092307463e-01,9.7336578312e-01,2.2442708490e-02,1.8342883767e-02,4.8825888294e-16,1.2763626066e-02
50.000000,748.000,50.000000,300.000000,2.0700398516e-02,4.1626057449e-03,3.5258661225e-03,9.5092307463e-01,9.7336578312e-01,2.2442708490e-02,1.8189329517e-02,7.5023818875e-17,1.3305959682e-02
50.000000,748.000,50.000000,305.000000,2.1562694609e-02,3.6436787757e-03,2.7062449713e-03,9.5092307463e-01,9.7336578312e-01,2.2442708490e-02,1.8111227129e-02,1.2635914406e-17,1.3860232926e-02
50.000000,748.000,50.000000,310.000000,2.2427274556e-02,3.0363562545e-03,1.9776604467e-03,9.5092307463e-01,9.7336578312e-01,2.2442708490e-02,1.8098173660e-02,2.3646913070e-18,1.4415974203e-02
50.000000,748.000,50.000000,315.000000,2.3277190125e-02,2.3683822874e-03,1.3510170649e-03,9.5092307463e-01,9.7336578312e-01,2.2442708490e-02,1.8138547690e-02,4.9803698153e-19,1.4962289401e-02
50.000000,748.000,50.000000,320.000000,2.4095279786e-02,1.6686871407e-03,8.3288875583e-04,9.5092307463e-01,9.7336578312e-01,2.2442708490e-02,1.8219953891e-02,1.1946505617e-19,1.5488147298e-02
50.000000,748.000,50.000000,325.000000,2.4864624218e-02,9.6644249789e-04,4.2541399338e-04,9.5092307463e-01,9.7336578312e-01,2.2442708490e-02,1.8329684658e-02,3.2995752288e-20,1.5982672367e-02
50.000000,748.000,50.000000,330.000000,2.5568999992e-02,2.9011487968e-04,1.2633435842e-04,9.5092307463e-01,9.7336578312e-01,2.2442708490e-02,1.8455184106e-02,1.0597268079e-20,1.6435436387e-02
50.000000,748.000,50.000000,335.000000,2.6193318066e-02,-3.3345355463e-04,-7.0825426275e-05,9.5092307463e-01,9.7336578312e-01,2.2442708490e-02,1.8584499761e-02,3.9923680143e-21,1.6836740309e-02
50.000000,748.000,50.000000,340.000000,2.6724034219e-02,-8.7990848048e-04,-1.7644230671e-04,9.5092307463e-01,9.7336578312e-01,2.2442708490e-02,1.8706707673e-02,1.7775462103e-21,1.7177878077e-02
50.000000,748.000,50.000000,345.000000,2.7149519290e-02,-1.3281645563e-03,-2.0435503251e-04,9.5092307463e-01,9.7336578312e-01,2.2442708490e-02,1.8812297570e-02,9.4115839452e-22,1.7451374608e-02
50.000000,748.000,50.000000,350.000000,2.7460378307e-02,-1.6610801986e-03,-1.7131392897e-04,9.5092307463e-01,9.7336578312e-01,2.2442708490e-02,1.8893505940e-02,5.9549359327e-22,1.7651190933e-02
50.000000,748.000,50.000000,355.000000,2.7649709057e-02,-1.8660052213e-03,-9.6338012126e-05,9.5092307463e-01,9.7336578312e-01,2.2442708490e-02,1.8944586592e-02,4.5184693259e-22,1.7772890393e-02
50.000000,748.000,55.000000,0.000000,3.1355042596e-02,-2.6653360576e-03,1.2296488138e-19,9.5092307463e-01,9.7336578312e-01,2.2442708490e-02,1.9486913938e-02,3.4116113446e-26,2.0154632882e-02
50.000000,748.000,55.000000,5.000000,3.1277388994e-02,-2.5906673520e-03,-9.0927425108e-05,9.5092307463e-01,9.7336578312e-01,2.2442708490e-02,1.9461638420e-02,3.8100991547e-26,2.0104718109e-02
50.000000,748.000,55.000000,10.000000,3.1046241995e-02,-2.3694736314e-03,-2.0152724976e-04,9.5092307463e-01,9.7336578312e-01,2.2442708490e-02,1.9387208926e-02,5.3027101633e-26,1.9956139682e-02
50.000000,748.000,55.000000,15.000000,3.0666992062e-02,-2.0101024947e-03,-3.5070339231e-04,9.5092307463e-01,9.7336578312e-01,2.2442708490e-02,1.9267769392e-02,9.1736385318e-26,1.9712362524e-02
50.000000,748.000,55.000000,20.000000,3.0148454952e-02,-1.5261707247e-03,-5.5584745809e-04,9.5092307463e-01,9.7336578312e-01,2.2442708490e-02,1.9110070398e-02,1.9644426996e-25,1.9379053294e-02
50.000000,748.000,55.000000,25.000000,2.9502624463e-02,-9.3613002020e-04,-8.3214344755e-04,9.5092307463e-01,9.7336578312e-01,2.2442708490e-02,1.8923240295e-02,5.1766917043e-25,1.8963921458e-02
50.000000,748.000,55.000000,30.000000,2.8744336636e-02,-2.6267782806e-04,-1.1919434003e-03,9.5092307463e-01,9.7336578312e-01,2.2442708490e-02,1.8718474843e-02,1.6662925690e-24,1.8476503438e-02
50.000000,748.000,55.000000,35.000000,2.7890855401e-02,4.6796860475e-04,-1.6442341861e-03,9.5092307463e-01,9.7336578312e-01,2.2442708490e-02,1.8508655027e-02,6.4929574215e-24,1.7927896275e-02
50.000000,748.000,55.000000,40.000000,2.6961391985e-02,1.2269126261e-03,-2.1942128464e-03,9.5092307463e-01,9.7336578312e-01,2.2442708490e-02,1.8307904993e-02,3.0310922578e-23,1.7330448708e-02
50.000000,748.000,55.000000,45.000000,2.5976572339e-02,1.9835071520e-03,-2.8429845425e-03,9.5092307463e-01,9.7336578312e-01,2.2442708490e-02,1.8131103924e-02,1.6753162856e-22,1.6697418842e-02
50.000000,748.000,55.000000,50.000000,2.4957868391e-02,2.7063436038e-03,-3.5873933852e-03,9.5092307463e-01,9.7336578312e-01,2.2442708490e-02,1.7993367123e-02,1.0820688002e-21,1.6042608566e-02
50.000000,748.000,55.000000,55.000000,2.3927009947e-02,3.3642703223e-03,-4.4199923185e-03,9.5092307463e-01,9.7336578312e-01,2.2442708490e-02,1.7909512588e-02,8.0515849997e-21,1.5379985531e-02
50.000000,748.000,55.000000,60.000000,2.2905394635e-02,3.9274090263e-03,-5.3291539309e-03,9.5092307463e-01,9.7336578312e-01,2.2442708490e-02,1.7893529857e-02,6.7970726615e-20,1.4723303867e-02
50.000000,748.000,55.000000,65.000000,2.1913513286e-02,4.3681378984e-03,-6.2993197062e-03,9.5092307463e-01,9.7336578312e-01,2.2442708490e-02,1.7958067861e-02,6.4048910195e-19,1.4085734825e-02
50.000000,748.000,55.000000,70.000000,2.0970407616e-02,4.6620108568e-03,-7.3113809322e-03,9.5092307463e-01,9.7336578312e-01,2.2442708490e-02,1.8113958022e-02,6.6226333141e-18,1.3479518186e-02
50.000000,748.000,55.000000,75.000000,2.0093176111e-02,4.7885844698e-03,-8.3431803930e-03,9.5092307463e-01,9.7336578312e-01,2.2442708490e-02,1.8369787790e-02,7.3817640424e-17,1.2915644643e-02
50.000000,748.000,55.000000,80.000000,1.9296542448e-02,4.7321267503e-03,-9.3701202011e-03,9.5092307463e-01,9.7336578312e-01,2.2442708490e-02,1.8731538315e-02,8.7084615471e-16,1.2403578396e-02
50.000000,748.000,55.000000,85.000000,1.8592498928e-02,4.4821856238e-03,-1.0365857799e-02,9.5092307463e-01,9.7336578312e-01,2.2442708490e-02,1.9202298027e-02,1.0671741629e-14,1.1951027944e-02
50.000000,748.000,55.000000,90.000000,1.7990035042e-02,4.0339991124e-03,-1.1303069371e-02,9.5092307463e-01,9.7336578312e-01,2.2442708490e-02,1.9782061647e-02,1.3328515406e-13,1.1563771623e-02
50.000000,748.000,55.000000,95.000000,1.7494958719e-02,3.3887340635e-03,-1.2154257761e-02,9.5092307463e-01,9.7336578312e-01,2.2442708490e-02,2.0467621518e-02,1.6644092868e-12,1.1245542696e-02
50.000000,748.000,55.000000,100.000000,1.7109814973e-02,2.5535454562e-03,-1.2892580498e-02,9.5092307463e-01,9.7336578312e-01,2.2442708490e-02,2.1252555421e-02,2.0386783568e-11,1.0997977069e-02
50.000000,748.000,55.000000,105.000000,1.6833903686e-02,1.5414537612e-03,-1.3492672851e-02,9.5092307463e-01,9.7336578312e-01,2.2442708490e-02,2.2127312049e-02,2.4031711512e-10,1.0820624712e-02
50.000000,748.000,55.000000,110.000000,1.6663395274e-02,3.7104335890e-04,-1.3931440829e-02,9.5092307463e-01,9.7336578312e-01,2.2442708490e-02,2.3079392405e-02,2.6756163028e-09,1.0711024017e-02
50.000000,748.000,55.000000,115.000000,1.6591539989e-02,-9.3400953509e-04,-1.4188799871e-02,9.5092307463e-01,9.7336578312e-01,2.2442708490e-02,2.4093622414e-02,2.7624875179e-08,1.0664836331e-02
50.000000,748.000,55.000000,120.000000,1.6608963816e-02,-2.3455657993e-03,-1.4248336502e-02,9.5092307463e-01,9.7336578312e-01,2.2442708490e-02,2.5152509306e-02,2.5982870263e-07,1.0676036150e-02
50.000000,748.000,55.000000,125.000000,1.6704041244e-02,-3.8317907692e-03,-1.4097872446e-02,9.5092307463e-01,9.7336578312e-01,2.2442708490e-02,2.6236671716e-02,2.1885497124e-06,1.0737150743e-02
50.000000,748.000,55.000000,130.000000,1.6863332959e-02,-5.3580373838e-03,-1.3729913579e-02,9.5092307463e-01,9.7336578312e-01,2.2442708490e-02,2.7325331220e-02,1.6242015797e-05,1.0839541484e-02
50.000000,748.000,55.000000,135.000000,1.7072074479e-02,-6.8878189228e-03,-1.3141969459e-02,9.5092307463e-01,9.7336578312e-01,2.2442708490e-02,2.8396851109e-02,1.0458953198e-04,1.0973717947e-02
50.000000,748.000,55.000000,140.000000,1.7314700303e-02,-8.3838423878e-03,-1.2336733040e-02,9.5092307463e-01,9.7336578312e-01,2.2442708490e-02,2.9429306732e-02,5.7613944600e-04,1.1129674820e-02
50.000000,748.000,55.000000,145.000000,1.7575387046e-02,-9.8090716996e-03,-1.1322114314e-02,9.5092307463e-01,9.7336578312e-01,2.2442708490e-02,3.0401070736e-02,2.6798665671e-03,1.1297241028e-02
50.000000,748.000,55.000000,150.000000,1.7838598550e-02,-1.1127788941e-02,-1.0111125971e-02,9.5092307463e-01,9.7336578312e-01,2.2442708490e-02,3.1291396060e-02,1.0403417354e-02,1.1466430122e-02
50.000000,748.000,55.000000,155.000000,1.8089615899e-02,-1.2306621885e-02,-8.7216236126e-03,9.5092307463e-01,9.7336578312e-01,2.2442708490e-02,3.2080979496e-02,3.3362872066e-02,1.1627780964e-02
50.000000,748.000,55.000000,160.000000,1.8315035795e-02,-1.3315507033e-02,-7.1759073547e-03,9.5092307463e-01,9.7336578312e-01,2.2442708490e-02,3.2752489242e-02,8.7613422525e-02,1.1772678080e-02
50.000000,748.000,55.000000,165.000000,1.8503221778e-02,-1.4128559278e-02,-5.5001958505e-03,9.5092307463e-01,9.7336578312e-01,2.2442708490e-02,3.3291040836e-02,1.8705279143e-01,1.1893641698e-02
50.000000,748.000,55.000000,170.000000,1.8644694220e-02,-1.4724822117e-02,-3.7239875470e-03,9.5092307463e-01,9.7336578312e-01,2.2442708490e-02,3.3684607406e-02,3.2284734353e-01,1.1984578431e-02
50.000000,748.000,55.000000,175.000000,1.8732446996e-02,-1.5088875877e-02,-1.8793273877e-03,9.5092307463e-01,9.7336578312e-01,2.2442708490e-02,3.3924352101e-02,4.4866095823e-01,1.2040984828e-02
50.000000,748.000,55.000000,180.000000,1.8762180957e-02,-1.5211285709e-02,-5.2909773277e-18,9.5092307463e-01,9.7336578312e-01,2.2442708490e-02,3.4004872835e-02,5.0081293919e-01,1.2060097450e-02
50.000000,748.000,55.000000,185.000000,1.8732446996e-02,-1.5088875877e-02,1.8793273877e-03,9.5092307463e-01,9.7336578312e-01,2.2442708490e-02,3.3924352101e-02,4.4866095823e-01,1.2040984828e-02
50.000000,748.000,55.000000,190.000000,1.8644694220e-02,-1.4724822117e-02,3.7239875470e-03,9.5092307463e-01,9.7336578312e-01,2.2442708490e-02,3.3684607406e-02,3.2284734353e-01,1.1984578431e-02
50.000000,748.000,55.000000,195.000000,1.8503221778e-02,-1.4128559278e-02,5.5001958505e-03,9.5092307463e-01,9.7336578312e-01,2.2442708490e-02,3.3291040836e-02,1.8705279143e-01,1.1893641698e-02
50.000000,748.000,55.000000,200.000000,1.8315035795e-02,-1.3315507033e-02,7.1759073547e-03,9.5092307463e-01,9.7336578312e-01,2.2442708490e-02,3.2752489242e-02,8.7613422525e-02,1.1772678080e-02
50.000000,748.000,55.000000,205.000000,1.8089615899e-02,-1.2306621885e-02,8.7216236126e-03,9.5092307463e-01,9.7336578312e-01,2.2442708490e-02,3.2080979496e-02,3.3362872066e-02,1.1627780964e-02
50.000000,748.000,55.000000,210.000000,1.7838598550e-02,-1.1127788941e-02,1.0111125971e-02,9.5092307463e-01,9.7336578312e-01,2.2442708490e-02,3.1291396060e-02,1.0403417354e-02,1.1466430122e-02
50.000000,748.000,55.000000,215.000000,1.7575387046e-02,-9.8090716996e-03,1.1322114314e-02,9.5092307463e-01,9.7336578312e-01,2.2442708490e-02,3.0401070736e-02,2.6798665671e-03,1.1297241028e-02
50.000000,748.000,55.000000,220.000000,1.7314700303e-02,-8.3838423878e-03,1.2336733040e-02,9.5092307463e-01,9.7336578312e-01,2.2442708490e-02,2.9429306732e-02,5.7613944600e-04,1.1129674820e-02
50.000000,748.000,55.000000,225.000000,1.7072074479e-02,-6.8878189228e-03,1.3141969459e-02,9.5092307463e-01,9.7336578312e-01,2.2442708490e-02,2.8396851109e-02,1.0458953198e-04,1.0973717947e-02
50.000000,748.000,55.000000,230.000000,1.6863332959e-02,-5.3580373838e-03,1.3729913579e-02,9.5092307463e-01,9.7336578312e-01,2.2442708490e-02,2.7325331220e-02,1.6242015797e-05,1.0839541484e-02
50.000000,748.000,55.000000,235.000000,1.6704041244e-02,-3.8317907692e-03,1.4097872446e-02,9.5092307463e-01,9.7336578312e-01,2.2442708490e-02,2.6236671716e-02,2.1885497124e-06,1.0737150743e-02
50.000000,748.000,55.000000,240.000000,1.6608963816e-02,-2.3455657993e-03,1.4248336502e-02,9.5092307463e-01,9.7336578312e-01,2.2442708490e-02,2.5152509306e-02,2.5982870263e-07,1.0676036150e-02
50.000000,748.000,55.000000,245.000000,1.6591539989e-02,-9.3400953509e-04,1.4188799871e-02,9.5092307463e-01,9.7336578312e-01,2.2442708490e-02,2.4093622414e-02,2.7624875179e-08,1.0664836331e-02
50.000000,748.000,55.000000,250.000000,1.6663395274e-02,3.7104335890e-04,1.3931440829e-02,9.5092307463e-01,9.7336578312e-01,2.2442708490e-02,2.3079392405e-02,2.6756163028e-09,1.0711024017e-02
50.000000,748.000,55.000000,255.000000,1.6833903686e-02,1.5414537612e-03,1.3492672851e-02,9.5092307463e-01,9.7336578312e-01,2.2442708490e-02,2.2127312049e-02,2.4031711512e-10,1.0820624712e-02
50.000000,748.000,55.000000,260.000000,1.7109814973e-02,2.5535454562e-03,1.2892580498e-02,9.5092307463e-01,9.7336578312e-01,2.2442708490e-02,2.1252555421e-02,2.0386783568e-11,1.0997977069e-02
50.000000,748.000,55.000000,265.000000,1.7494958719e-02,3.3887340635e-03,1.2154257761e-02,9.5092307463e-01,9.7336578312e-01,2.2442708490e-02,2.0467621518e-02,1.6644092868e-12,1.1245542696e-02
50.000000,748.000,55.000000,270.000000,1.7990035042e-02,4.0339991124e-03,1.1303069371e-02,9.5092307463e-01,9.7336578312e-01,2.2442708490e-02,1.9782061647e-02,1.3328515406e-13,1.1563771623e-02
50.000000,748.000,55.000000,275.000000,1.8592498928e-02,4.4821856238e-03,1.0365857799e-02,9.5092307463e-01,9.7336578312e-01,2.2442708490e-02,1.9202298027e-02,1.0671741629e-14,1.1951027944e-02
50.000000,748.000,55.000000,280.000000,1.9296542448e-02,4.7321267503e-03,9.3701202011e-03,9.5092307463e-01,9.7336578312e-01,2.2442708490e-02,1.8731538315e-02,8.7084615471e-16,1.2403578396e-02
50.000000,748.000,55.000000,285.000000,2.0093176111e-02,4.7885844698e-03,8.3431803930e-03,9.5092307463e-01,9.7336578312e-01,2.2442708490e-02,1.8369787790e-02,7.3817640424e-17,1.2915644643e-02
50.000000,748.000,55.000000,290.000000,2.0970407616e-02,4.6620108568e-03,7.3113809322e-03,9.5092307463e-01,9.7336578312e-01,2.2442708490e-02,1.8113958022e-02,6.6226333141e-18,1.3479518186e-02
50.000000,748.000,55.000000,295.000000,2.1913513286e-02,4.3681378984e-03,6.2993197062e-03,9.5092307463e-01,9.7336578312e-01,2.2442708490e-02,1.7958067861e-02,6.4048910195e-19,1.4085734825e-02
50.000000,748.000,55.000000,300.000000,2.2905394635e-02,3.9274090263e-03,5.3291539309e-03,9.5092307463e-01,9.7336578312e-01,2.2442708490e-02,1.7893529857e-02,6.7970726615e-20,1.4723303867e-02
50.000000,748.000,55.000000,305.000000,2.3927009947e-02,3.3642703223e-03,4.4199923185e-03,9.5092307463e-01,9.7336578312e-01,2.2442708490e-02,1.7909512588e-02,8.0515849997e-21,1.5379985531e-02
50.000000,748.000,55.000000,310.000000,2.4957868391e-02,2.7063436038e-03,3.5873933852e-03,9.5092307463e-01,9.7336578312e-01,2.2442708490e-02,1.7993367123e-02,1.0820688002e-21,1.6042608566e-02
50.000000,748.000,55.000000,315.000000,2.5976572339e-02,1.9835071520e-03,2.8429845425e-03,9.5092307463e-01,9.7336578312e-01,2.2442708490e-02,1.8131103924e-02,1.6753162856e-22,1.6697418842e-02
50.000000,748.000,55.000000,320.000000,2.6961391985e-02,1.2269126261e-03,2.1942128464e-03,9.5092307463e-01,9.7336578312e-01,2.2442708490e-02,1.8307904993e-02,3.0310922578e-23,1.7330448708e-02
50.000000,748.000,55.000000,325.000000,2.7890855401e-02,4.6796860475e-04,1.6442341861e-03,9.5092307463e-01,9.7336578312e-01,2.2442708490e-02,1.8508655027e-02,6.4929574215e-24,1.7927896275e-02
50.000000,748.000,55.000000,330.000000,2.8744336636e-02,-2.6267782806e-04,1.1919434003e-03,9.5092307463e-01,9.7336578312e-01,2.2442708490e-02,1.8718474843e-02,1.6662925690e-24,1.8476503438e-02
50.000000,748.000,55.000000,335.000000,2.9502624463e-02,-9.3613002020e-04,8.3214344755e-04,9.5092307463e-01,9.7336578312e-01,2.2442708490e-02,1.8923240295e-02,5.1766917043e-25,1.8963921458e-02
50.000000,748.000,55.000000,340.000000,3.0148454952e-02,-1.5261707247e-03,5.5584745809e-04,9.5092307463e-01,9.7336578312e-01,2.2442708490e-02,1.9110070398e-02,1.9644426996e-25,1.9379053294e-02
50.000000,748.000,55.000000,345.000000,3.0666992062e-02,-2.0101024947e-03,3.5070339231e-04,9.5092307463e-01,9.7336578312e-01,2.2442708490e-02,1.9267769392e-02,9.1736385318e-26,1.9712362524e-02
50.000000,748.000,55.000000,350.000000,3.1046241995e-02,-2.3694736314e-03,2.0152724976e-04,9.5092307463e-01,9.7336578312e-01,2.2442708490e-02,1.9387208926e-02,5.3027101633e-26,1.9956139682e-02
50.000000,748.000,55.000000,355.000000,3.1277388994e-02,-2.5906673520e-03,9.0927425108e-05,9.5092307463e-01,9.7336578312e-01,2.2442708490e-02,1.9461638420e-02,3.8100991547e-26,2.0104718109e-02
50.000000,748.000,60.000000,0.000000,3.6252392301e-02,-3.9724354876e-03,4.8081635522e-19,9.5092307463e-01,9.7336578312e-01,2.2442708490e-02,2.0280585664e-02,3.2440177044e-31,2.3302588592e-02
50.000000,748.000,60.000000,5.000000,3.6156760757e-02,-3.8879674883e-03,-3.4553732663e-04,9.5092307463e-01,9.7336578312e-01,2.2442708490e-02,2.0246850114e-02,3.7041604606e-31,2.3241117821e-02
50.000000,748.000,60.000000,10.000000,3.5872200170e-02,-3.6376992817e-03,-7.0841542453e-04,9.5092307463e-01,9.7336578312e-01,2.2442708490e-02,2.0147245707e-02,5.5089303042e-31,2.3058205802e-02
50.000000,748.000,60.000000,15.000000,3.5405646112e-02,-3.2309386308e-03,-1.1052362971e-03,9.5092307463e-01,9.7336578312e-01,2.2442708490e-02,1.9986526095e-02,1.0638796163e-30,2.2758310634e-02
50.000000,748.000,60.000000,20.000000,3.4768437959e-02,-2.6828694931e-03,-1.5511484717e-03,9.5092307463e-01,9.7336578312e-01,2.2442708490e-02,1.9772438754e-02,2.6544336421e-30,2.2348721128e-02
50.000000,748.000,60.000000,25.000000,3.3975995946e-02,-2.0140691663e-03,-2.0591796672e-03,9.5092307463e-01,9.7336578312e-01,2.2442708490e-02,1.9515467785e-02,8.4968718041e-30,2.1839349221e-02
50.000000,748.000,60.000000,30.000000,3.3047382623e-02,-1.2498531898e-03,-2.6396386897e-03,9.5092307463e-01,9.7336578312e-01,2.2442708490e-02,1.9228485081e-02,3.4584320113e-29,2.1242448083e-02
50.000000,748.000,60.000000,35.000000,3.2004761816e-02,-4.1946813409e-04,-3.2996062696e-03,9.5092307463e-01,9.7336578312e-01,2.2442708490e-02,1.8926320671e-02,1.7707615837e-28,2.0572264346e-02
50.000000,748.000,60.000000,40.000000,3.0872771249e-02,4.4484290436e-04,-4.0425318001e-03,9.5092307463e-01,9.7336578312e-01,2.2442708490e-02,1.8625265624e-02,1.1263390189e-27,1.9844634835e-02
50.000000,748.000,60.000000,45.000000,2.9677827531e-02,1.3088733612e-03,-4.8679496639e-03,9.5092307463e-01,9.7336578312e-01,2.2442708490e-02,1.8342522937e-02,8.7751998536e-27,1.9076539819e-02
50.000000,748.000,60.000000,50.000000,2.8447384222e-02,2.1375530188e-03,-5.7713251265e-03,9.5092307463e-01,9.7336578312e-01,2.2442708490e-02,1.8095623526e-02,8.2434017813e-26,1.8285626106e-02
50.000000,748.000,60.000000,55.000000,2.7209165056e-02,2.8960807004e-03,-6.7440357612e-03,9.5092307463e-01,9.7336578312e-01,2.2442708490e-02,1.7901825515e-02,9.1788077304e-25,1.7489714168e-02
50.000000,748.000,60.000000,60.000000,2.5990395106e-02,3.5510549169e-03,-7.7734901584e-03,9.5092307463e-01,9.7336578312e-01,2.2442708490e-02,1.7777515612e-02,1.1893504852e-23,1.6706303945e-02
50.000000,748.000,60.000000,65.000000,2.4817052697e-02,4.0715675542e-03,-8.8433814033e-03,9.5092307463e-01,9.7336578312e-01,2.2442708490e-02,1.7737631305e-02,1.7587241758e-22,1.5952093983e-02
50.000000,748.000,60.000000,70.000000,2.3713164192e-02,4.4302267714e-03,-9.9340686037e-03,9.5092307463e-01,9.7336578312e-01,2.2442708490e-02,1.7795122057e-02,2.9076571564e-21,1.5242528129e-02
50.000000,748.000,60.000000,75.000000,2.2700162436e-02,4.6040773902e-03,-1.1023075741e-02,9.5092307463e-01,9.7336578312e-01,2.2442708490e-02,1.7960466514e-02,5.2611468029e-20,1.4591383152e-02
50.000000,748.000,60.000000,80.000000,2.1796327679e-02,4.5753901419e-03,-1.2085693434e-02,9.5092307463e-01,9.7336578312e-01,2.2442708490e-02,1.8241261074e-02,1.0191880001e-18,1.4010409369e-02
50.000000,748.000,60.000000,85.000000,2.1016327270e-02,4.3322950902e-03,-1.3095665945e-02,9.5092307463e-01,9.7336578312e-01,2.2442708490e-02,1.8641893024e-02,2.0667660545e-17,1.3509034770e-02
50.000000,748.000,60.000000,90.000000,2.0370867375e-02,3.8692392646e-03,-1.4025943051e-02,9.5092307463e-01,9.7336578312e-01,2.2442708490e-02,1.9163308914e-02,4.2881584930e-16,1.3094141147e-02
50.000000,748.000,60.000000,95.000000,1.9866466566e-02,3.1872538606e-03,-1.4849474261e-02,9.5092307463e-01,9.7336578312e-01,2.2442708490e-02,1.9802885950e-02,8.8960335425e-15,1.2769918557e-02
50.000000,748.000,60.000000,100.000000,1.9505357404e-02,2.2940221379e-03,-1.5540021486e-02,9.5092307463e-01,9.7336578312e-01,2.2442708490e-02,2.0554411068e-02,1.8032965506e-13,1.2537802062e-02
50.000000,748.000,60.000000,105.000000,1.9285518258e-02,1.2037451999e-03,-1.6072965521e-02,9.5092307463e-01,9.7336578312e-01,2.2442708490e-02,2.1408169109e-02,3.4909926743e-12,1.2396492183e-02
50.000000,748.000,60.000000,110.000000,1.9200833616e-02,-6.3191024178e-05,-1.6426081765e-02,9.5092307463e-01,9.7336578312e-01,2.2442708490e-02,2.2351138154e-02,6.3102437001e-11,1.2342057944e-02
50.000000,748.000,60.000000,115.000000,1.9241377282e-02,-1.4807382239e-03,-1.6580261412e-02,9.5092307463e-01,9.7336578312e-01,2.2442708490e-02,2.3367286871e-02,1.0417752275e-09,1.2368118910e-02
50.000000,748.000,60.000000,120.000000,1.9393809108e-02,-3.0178824444e-03,-1.6520155830e-02,9.5092307463e-01,9.7336578312e-01,2.2442708490e-02,2.4437965569e-02,1.5375610684e-08,1.2466100199e-02
50.000000,748.000,60.000000,125.000000,1.9641872479e-02,-4.6394946642e-03,-1.6234724085e-02,9.5092307463e-01,9.7336578312e-01,2.2442708490e-02,2.5542379816e-02,1.9873756898e-07,1.2625552260e-02
50.000000,748.000,60.000000,130.000000,1.9966976731e-02,-6.3073100704e-03,-1.5717666341e-02,9.5092307463e-01,9.7336578312e-01,2.2442708490e-02,2.6658132939e-02,2.2060212623e-06,1.2834525246e-02
50.000000,748.000,60.000000,135.000000,2.0348846147e-02,-7.9810069454e-03,-1.4967729224e-02,9.5092307463e-01,9.7336578312e-01,2.2442708490e-02,2.7761821597e-02,2.0645370514e-05,1.3079986175e-02
50.000000,748.000,60.000000,140.000000,2.0766215154e-02,-9.6193530212e-03,-1.3988873014e-02,9.5092307463e-01,9.7336578312e-01,2.2442708490e-02,2.8829666979e-02,1.6013998216e-04,1.3348265801e-02
50.000000,748.000,60.000000,145.000000,2.1197548005e-02,-1.1181385071e-02,-1.2790294594e-02,9.5092307463e-01,9.7336578312e-01,2.2442708490e-02,2.9838163066e-02,1.0136025564e-03,1.3625521213e-02
50.000000,748.000,60.000000,150.000000,2.1621760519e-02,-1.2627586451e-02,-1.1386304361e-02,9.5092307463e-01,9.7336578312e-01,2.2442708490e-02,3.0764722806e-02,5.1624676944e-03,1.3898199761e-02
50.000000,748.000,60.000000,155.000000,2.2018921431e-02,-1.3921027332e-02,-9.7960596757e-03,9.5092307463e-01,9.7336578312e-01,2.2442708490e-02,3.1588303107e-02,2.0900267036e-02,1.4153489874e-02
50.000000,748.000,60.000000,160.000000,2.2370911590e-02,-1.5028433423e-02,-8.0431616334e-03,9.5092307463e-01,9.7336578312e-01,2.2442708490e-02,3.2289990104e-02,6.6561422546e-02,1.4379744787e-02
50.000000,748.000,60.000000,165.000000,2.2662020550e-02,-1.5921151128e-02,-6.1551260771e-03,9.5092307463e-01,9.7336578312e-01,2.2442708490e-02,3.2853527350e-02,1.6533057026e-01,1.4566866020e-02
50.000000,748.000,60.000000,170.000000,2.2879462102e-02,-1.6575980167e-02,-4.1627434772e-03,9.5092307463e-01,9.7336578312e-01,2.2442708490e-02,3.3265771219e-02,3.1816449086e-01,1.4706634756e-02
50.000000,748.000,60.000000,175.000000,2.3013792763e-02,-1.6975848631e-02,-2.0993456420e-03,9.5092307463e-01,9.7336578312e-01,2.2442708490e-02,3.3517059981e-02,4.7212268115e-01,1.4792980840e-02
50.000000,748.000,60.000000,180.000000,2.3059220305e-02,-1.7110310210e-02,-5.9090977945e-18,9.5092307463e-01,9.7336578312e-01,2.2442708490e-02,3.3601485576e-02,5.3867455891e-01,1.4822181101e-02
50.000000,748.000,60.000000,185.000000,2.3013792763e-02,-1.6975848631e-02,2.0993456420e-03,9.5092307463e-01,9.7336578312e-01,2.2442708490e-02,3.3517059981e-02,4.7212268115e-01,1.4792980840e-02
50.000000,748.000,60.000000,190.000000,2.2879462102e-02,-1.6575980167e-02,4.1627434772e-03,9.5092307463e-01,9.7336578312e-01,2.2442708490e-02,3.3265771219e-02,3.1816449086e-01,1.4706634756e-02
50.000000,748.000,60.000000,195.000000,2.2662020550e-02,-1.5921151128e-02,6.1551260771e-03,9.5092307463e-01,9.7336578312e-01,2.2442708490e-02,3.2853527350e-02,1.6533057026e-01,1.4566866020e-02
50.000000,748.000,60.000000,200.000000,2.2370911590e-02,-1.5028433423e-02,8.0431616334e-03,9.5092307463e-01,9.7336578312e-01,2.2442708490e-02,3.2289990104e-02,6.6561422546e-02,1.4379744787e-02
50.000000,748.000,60.000000,205.000000,2.2018921431e-02,-1.3921027332e-02,9.7960596757e-03,9.5092307463e-01,9.7336578312e-01,2.2442708490e-02,3.1588303107e-02,2.0900267036e-02,1.4153489874e-02
50.000000,748.000,60.000000,210.000000,2.1621760519e-02,-1.2627586451e-02,1.1386304361e-02,9.5092307463e-01,9.7336578312e-01,2.2442708490e-02,3.0764722806e-02,5.1624676944e-03,1.3898199761e-02
50.000000,748.000,60.000000,215.000000,2.1197548005e-02,-1.1181385071e-02,1.2790294594e-02,9.5092307463e-01,9.7336578312e-01,2.2442708490e-02,2.9838163066e-02,1.0136025564e-03,1.3625521213e-02
50.000000,748.000,60.000000,220.000000,2.0766215154e-02,-9.6193530212e-03,1.3988873014e-02,9.5092307463e-01,9.7336578312e-01,2.2442708490e-02,2.8829666979e-02,1.6013998216e-04,1.3348265801e-02
50.000000,748.000,60.000000,225.000000,2.0348846147e-02,-7.9810069454e-03,1.4967729224e-02,9.5092307463e-01,9.7336578312e-01,2.2442708490e-02,2.7761821597e-02,2.0645370514e-05,1.3079986175e-02
50.000000,748.000,60.000000,230.000000,1.9966976731e-02,-6.3073100704e-03,1.5717666341e-02,9.5092307463e-01,9.7336578312e-01,2.2442708490e-02,2.6658132939e-02,2.2060212623e-06,1.2834525246e-02
50.000000,748.000,60.000000,235.000000,1.9641872479e-02,-4.6394946642e-03,1.6234724085e-02,9.5092307463e-01,9.7336578312e-01,2.2442708490e-02,2.5542379816e-02,1.9873756898e-07,1.2625552260e-02
50.000000,748.000,60.000000,240.000000,1.9393809108e-02,-3.0178824444e-03,1.6520155830e-02,9.5092307463e-01,9.7336578312e-01,2.2442708490e-02,2.4437965569e-02,1.5375610684e-08,1.2466100199e-02
50.000000,748.000,60.000000,245.000000,1.9241377282e-02,-1.4807382239e-03,1.6580261412e-02,9.5092307463e-01,9.7336578312e-01,2.2442708490e-02,2.3367286871e-02,1.0417752275e-09,1.2368118910e-02
50.000000,748.000,60.000000,250.000000,1.9200833616e-02,-6.3191024178e-05,1.6426081765e-02,9.5092307463e-01,9.7336578312e-01,2.2442708490e-02,2.2351138154e-02,6.3102437001e-11,1.2342057944e-02
50.000000,748.000,60.000000,255.000000,1.9285518258e-02,1.2037451999e-03,1.6072965521e-02,9.5092307463e-01,9.7336578312e-01,2.2442708490e-02,2.1408169109e-02,3.4909926743e-12,1.2396492183e-02
50.000000,748.000,60.000000,260.000000,1.9505357404e-02,2.2940221379e-03,1.5540021486e-02,9.5092307463e-01,9.7336578312e-01,2.2442708490e-02,2.0554411068e-02,1.8032965506e-13,1.2537802062e-02
50.000000,748.000,60.000000,265.000000,1.9866466566e-02,3.1872538606e-03,1.4849474261e-02,9.5092307463e-01,9.7336578312e-01,2.2442708490e-02,1.9802885950e-02,8.8960335425e-15,1.2769918557e-02
50.000000,748.000,60.000000,270.000000,2.0370867375e-02,3.8692392646e-03,1.4025943051e-02,9.5092307463e-01,9.7336578312e-01,2.2442708490e-02,1.9163308914e-02,4.2881584930e-16,1.3094141147e-02
50.000000,748.000,60.000000,275.000000,2.1016327270e-02,4.3322950902e-03,1.3095665945e-02,9.5092307463e-01,9.7336578312e-01,2.2442708490e-02,1.8641893024e-02,2.0667660545e-17,1.3509034770e-02
50.000000,748.000,60.000000,280.000000,2.1796327679e-02,4.5753901419e-03,1.2085693434e-02,9.5092307463e-01,9.7336578312e-01,2.2442708490e-02,1.8241261074e-02,1.0191880001e-18,1.4010409369e-02
50.000000,748.000,60.000000,285.000000,2.2700162436e-02,4.6040773902e-03,1.1023075741e-02,9.5092307463e-01,9.7336578312e-01,2.2442708490e-02,1.7960466514e-02,5.2611468029e-20,1.4591383152e-02
50.000000,748.000,60.000000,290.000000,2.3713164192e-02,4.4302267714e-03,9.9340686037e-03,9.5092307463e-01,9.7336578312e-01,2.2442708490e-02,1.7795122057e-02,2.9076571564e-21,1.5242528129e-02
50.000000,748.000,60.000000,295.000000,2.4817052697e-02,4.0715675542e-03,8.8433814033e-03,9.5092307463e-01,9.7336578312e-01,2.2442708490e-02,1.7737631305e-02,1.7587241758e-22,1.5952093983e-02
50.000000,748.000,60.000000,300.000000,2.5990395106e-02,3.5510549169e-03,7.7734901584e-03,9.5092307463e-01,9.7336578312e-01,2.2442708490e-02,1.7777515612e-02,1.1893504852e-23,1.6706303945e-02
50.000000,748.000,60.000000,305.000000,2.7209165056e-02,2.8960807004e-03,6.7440357612e-03,9.5092307463e-01,9.7336578312e-01,2.2442708490e-02,1.7901825515e-02,9.1788077304e-25,1.7489714168e-02
50.000000,748.000,60.000000,310.000000,2.8447384222e-02,2.1375530188e-03,5.7713251265e-03,9.5092307463e-01,9.7336578312e-01,2.2442708490e-02,1.8095623526e-02,8.2434017813e-26,1.8285626106e-02
50.000000,748.000,60.000000,315.000000,2.9677827531e-02,1.3088733612e-03,4.8679496639e-03,9.5092307463e-01,9.7336578312e-01,2.2442708490e-02,1.8342522937e-02,8.7751998536e-27,1.9076539819e-02
50.000000,748.000,60.000000,320.000000,3.0872771249e-02,4.4484290436e-04,4.0425318001e-03,9.5092307463e-01,9.7336578312e-01,2.2442708490e-02,1.8625265624e-02,1.1263390189e-27,1.9844634835e-02
50.000000,748.000,60.000000,325.000000,3.2004761816e-02,-4.1946813409e-04,3.2996062696e-03,9.5092307463e-01,9.7336578312e-01,2.2442708490e-02,1.8926320671e-02,1.7707615837e-28,2.0572264346e-02
50.000000,748.000,60.000000,330.000000,3.3047382623e-02,-1.2498531898e-03,2.6396386897e-03,9.5092307463e-01,9.7336578312e-01,2.2442708490e-02,1.9228485081e-02,3.4584320113e-29,2.1242448083e-02
50.000000,748.000,60.000000,335.000000,3.3975995946e-02,-2.0140691663e-03,2.0591796672e-03,9.5092307463e-01,9.7336578312e-01,2.2442708490e-02,1.9515467785e-02,8.4968718041e-30,2.1839349221e-02
50.000000,748.000,60.000000,340.000000,3.4768437959e-02,-2.6828694931e-03,1.5511484717e-03,9.5092307463e-01,9.7336578312e-01,2.2442708490e-02,1.9772438754e-02,2.6544336421e-30,2.2348721128e-02
50.000000,748.000,60.000000,345.000000,3.5405646112e-02,-3.2309386308e-03,1.1052362971e-03,9.5092307463e-01,9.7336578312e-01,2.2442708490e-02,1.9986526095e-02,1.0638796163e-30,2.2758310634e-02
50.000000,748.000,60.000000,350.000000,3.5872200170e-02,-3.6376992817e-03,7.0841542453e-04,9.5092307463e-01,9.7336578312e-01,2.2442708490e-02,2.0147245707e-02,5.5089303042e-31,2.3058205802e-02
50.000000,748.000,60.000000,355.000000,3.6156760757e-02,-3.8879674883e-03,3.4553732663e-04,9.5092307463e-01,9.7336578312e-01,2.2442708490e-02,2.0246850114e-02,3.7041604606e-31,2.3241117821e-02
50.000000,748.000,65.000000,0.000000,4.3109388808e-02,-6.0722144475e-03,9.8775302506e-19,9.5092307463e-01,9.7336578312e-01,2.2442708490e-02,2.1144048536e-02,1.7756687405e-37,2.7710180987e-02
50.000000,748.000,65.000000,5.000000,4.2989929060e-02,-5.9714453025e-03,-7.0621891886e-04,9.5092307463e-01,9.7336578312e-01,2.2442708490e-02,2.1102013664e-02,2.0839714082e-37,2.7633393741e-02
50.000000,748.000,65.000000,10.000000,4.2634590967e-02,-5.6727855470e-03,-1.4264646775e-03,9.5092307463e-01,9.7336578312e-01,2.2442708490e-02,2.0977694143e-02,3.3647118400e-37,2.7404986818e-02
50.000000,748.000,65.000000,15.000000,4.2052410060e-02,-5.1870629285e-03,-2.1740678555e-03,9.5092307463e-01,9.7336578312e-01,2.2442708490e-02,2.0776387153e-02,7.4461993847e-37,2.7030768144e-02
50.000000,748.000,65.000000,20.000000,4.1258155111e-02,-4.5319429243e-03,-2.9609897226e-03,9.5092307463e-01,9.7336578312e-01,2.2442708490e-02,2.0506729444e-02,2.2449508539e-36,2.6520230904e-02
50.000000,748.000,65.000000,25.000000,4.0271901620e-02,-3.7313698603e-03,-3.7971948904e-03,9.5092307463e-01,9.7336578312e-01,2.2442708490e-02,2.0180415727e-02,9.1430397341e-36,2.5886279380e-02
50.000000,748.000,65.000000,30.000000,3.9118452713e-02,-2.8148086373e-03,-4.6900907342e-03,9.5092307463e-01,9.7336578312e-01,2.2442708490e-02,1.9811816694e-02,4.9763731171e-35,2.5144856714e-02
50.000000,748.000,65.000000,35.000000,3.7826624807e-02,-1.8163103368e-03,-5.6440525821e-03,9.5092307463e-01,9.7336578312e-01,2.2442708490e-02,1.9417508457e-02,3.5730476285e-34,2.4314485742e-02
50.000000,748.000,65.000000,40.000000,3.6428419457e-02,-7.7343039677e-04,-6.6600509961e-03,9.5092307463e-01,9.7336578312e-01,2.2442708490e-02,1.9015727976e-02,3.3336200452e-33,2.3415736667e-02
50.000000,748.000,65.000000,45.000000,3.4958106183e-02,2.7396741415e-04,-7.7353942977e-03,9.5092307463e-01,9.7336578312e-01,2.2442708490e-02,1.8625771325e-02,3.9730836318e-32,2.2470637513e-02
50.000000,748.000,65.000000,50.000000,3.3451243723e-02,1.2849844641e-03,-8.8635958944e-03,9.5092307463e-01,9.7336578312e-01,2.2442708490e-02,1.8267353444e-02,5.9354052132e-31,2.1502044993e-02
50.000000,748.000,65.000000,55.000000,3.1943668974e-02,2.2189990009e-03,-1.0034372072e-02,9.5092307463e-01,9.7336578312e-01,2.2442708490e-02,1.7959949244e-02,1.0887287352e-29,2.0532994624e-02
50.000000,748.000,65.000000,60.000000,3.0470483824e-02,3.0369757872e-03,-1.1233771833e-02,9.5092307463e-01,9.7336578312e-01,2.2442708490e-02,1.7722136537e-02,2.3982834582e-28,1.9586049464e-02
50.000000,748.000,65.000000,65.000000,2.9065070068e-02,3.7027332629e-03,-1.2444436233e-02,9.5092307463e-01,9.7336578312e-01,2.2442708490e-02,1.7570961259e-02,6.1967235276e-27,1.8682666914e-02
50.000000,748.000,65.000000,70.000000,2.7758161725e-02,4.1841291143e-03,-1.3645980582e-02,9.5092307463e-01,9.7336578312e-01,2.2442708490e-02,1.7521344796e-02,1.8321333957e-25,1.7842602425e-02
50.000000,748.000,65.000000,75.000000,2.6577002299e-02,4.4541275722e-03,-1.4815488999e-02,9.5092307463e-01,9.7336578312e-01,2.2442708490e-02,1.7585552005e-02,6.0409205116e-24,1.7083367780e-02
50.000000,748.000,65.000000,80.000000,2.5544611866e-02,4.4917153179e-03,-1.5928107258e-02,9.5092307463e-01,9.7336578312e-01,2.2442708490e-02,1.7772736687e-02,2.1630511616e-22,1.6419760002e-02
50.000000,748.000,65.000000,85.000000,2.4679185566e-02,4.2826374512e-03,-1.6957716679e-02,9.5092307463e-01,9.7336578312e-01,2.2442708490e-02,1.8088578932e-02,8.1855612476e-21,1.5863474699e-02
50.000000,748.000,65.000000,90.000000,2.3993641009e-02,3.8199304146e-03,-1.7877669229e-02,9.5092307463e-01,9.7336578312e-01,2.2442708490e-02,1.8535026025e-02,3.1846933712e-19,1.5422815152e-02
50.000000,748.000,65.000000,95.000000,2.3495327592e-02,3.1042349223e-03,-1.8661561922e-02,9.5092307463e-01,9.7336578312e-01,2.2442708490e-02,1.9110145418e-02,1.2389344034e-17,1.5102505461e-02
50.000000,748.000,65.000000,100.000000,2.3185905791e-02,2.1438786148e-03,-1.9284027268e-02,9.5092307463e-01,9.7336578312e-01,2.2442708490e-02,1.9808094922e-02,4.6871035284e-16,1.4903612962e-02
50.000000,748.000,65.000000,105.000000,2.3061399300e-02,9.5472514991e-04,-1.9721515845e-02,9.5092307463e-01,9.7336578312e-01,2.2442708490e-02,2.0619211683e-02,1.6773592918e-14,1.4823581732e-02
50.000000,748.000,65.000000,110.000000,2.3112417664e-02,-4.4020646171e-04,-1.9953047121e-02,9.5092307463e-01,9.7336578312e-01,2.2442708490e-02,2.1530217935e-02,5.5254192013e-13,1.4856375704e-02
50.000000,748.000,65.000000,115.000000,2.3324541862e-02,-2.0113414810e-03,-1.9960905440e-02,9.5092307463e-01,9.7336578312e-01,2.2442708490e-02,2.2524537914e-02,1.6312671290e-11,1.4992726511e-02
50.000000,748.000,65.000000,120.000000,2.3678860361e-02,-3.7233505654e-03,-1.9731259593e-02,9.5092307463e-01,9.7336578312e-01,2.2442708490e-02,2.3582716999e-02,4.2058155569e-10,1.5220478051e-02
50.000000,748.000,65.000000,125.000000,2.4152638607e-02,-5.5361287949e-03,-1.9254686521e-02,9.5092307463e-01,9.7336578312e-01,2.2442708490e-02,2.4682930957e-02,9.2367533191e-09,1.5525016838e-02
50.000000,748.000,65.000000,130.000000,2.4720100898e-02,-7.4059235696e-03,-1.8526582443e-02,9.5092307463e-01,9.7336578312e-01,2.2442708490e-02,2.5801570457e-02,1.6874825622e-07,1.5889774568e-02
50.000000,748.000,65.000000,135.000000,2.5353300170e-02,-9.2865777997e-03,-1.7547447990e-02,9.5092307463e-01,9.7336578312e-01,2.2442708490e-02,2.6913883698e-02,2.5080636449e-06,1.6296787214e-02
50.000000,748.000,65.000000,140.000000,2.6023048629e-02,-1.1130851269e-02,-1.6323037545e-02,9.5092307463e-01,9.7336578312e-01,2.2442708490e-02,2.7994658169e-02,2.9706907122e-05,1.6727293225e-02
50.000000,748.000,65.000000,145.000000,2.6699880318e-02,-1.2891780640e-02,-1.4864367031e-02,9.5092307463e-01,9.7336578312e-01,2.2442708490e-02,2.9018921389e-02,2.7518921473e-04,1.7162352249e-02
50.000000,748.000,65.000000,150.000000,2.7355015808e-02,-1.4524037356e-02,-1.3187578495e-02,9.5092307463e-01,9.7336578312e-01,2.2442708490e-02,2.9962639816e-02,1.9604852957e-03,1.7583465224e-02
50.000000,748.000,65.000000,155.000000,2.7961299157e-02,-1.5985242693e-02,-1.1313664097e-02,9.5092307463e-01,9.7336578312e-01,2.2442708490e-02,3.0803395146e-02,1.0584804064e-02,1.7973176649e-02
50.000000,748.000,65.000000,160.000000,2.8494078207e-02,-1.7237200499e-02,-9.2680562615e-03,9.5092307463e-01,9.7336578312e-01,2.2442708490e-02,3.1521017872e-02,4.2774463691e-02,1.8315640421e-02
50.000000,748.000,65.000000,165.000000,2.8932001048e-02,-1.8247010565e-02,-7.0800947015e-03,9.5092307463e-01,9.7336578312e-01,2.2442708490e-02,3.2098159204e-02,1.2807188187e-01,1.8597131797e-02
50.000000,748.000,65.000000,170.000000,2.9257704082e-02,-1.8988029157e-02,-4.7823846876e-03,9.5092307463e-01,9.7336578312e-01,2.2442708490e-02,3.2520784295e-02,2.8188461038e-01,1.8806489672e-02
50.000000,748.000,65.000000,175.000000,2.9458370488e-02,-1.9440647842e-02,-2.4100641617e-03,9.5092307463e-01,9.7336578312e-01,2.2442708490e-02,3.2778572032e-02,4.5353250584e-01,1.8935475551e-02
50.000000,748.000,65.000000,180.000000,2.9526141881e-02,-1.9592867153e-02,-6.7820261089e-18,9.5092307463e-01,9.7336578312e-01,2.2442708490e-02,3.2865209460e-02,5.3163647657e-01,1.8979038163e-02
50.000000,748.000,65.000000,185.000000,2.9458370488e-02,-1.9440647842e-02,2.4100641617e-03,9.5092307463e-01,9.7336578312e-01,2.2442708490e-02,3.2778572032e-02,4.5353250584e-01,1.8935475551e-02
50.000000,748.000,65.000000,190.000000,2.9257704082e-02,-1.8988029157e-02,4.7823846876e-03,9.5092307463e-01,9.7336578312e-01,2.2442708490e-02,3.2520784295e-02,2.8188461038e-01,1.8806489672e-02
50.000000,748.000,65.000000,195.000000,2.8932001048e-02,-1.8247010565e-02,7.0800947015e-03,9.5092307463e-01,9.7336578312e-01,2.2442708490e-02,3.2098159204e-02,1.2807188187e-01,1.8597131797e-02
50.000000,748.000,65.000000,200.000000,2.8494078207e-02,-1.7237200499e-02,9.2680562615e-03,9.5092307463e-01,9.7336578312e-01,2.2442708490e-02,3.1521017872e-02,4.2774463691e-02,1.8315640421e-02
50.000000,748.000,65.000000,205.000000,2.7961299157e-02,-1.5985242693e-02,1.1313664097e-02,9.5092307463e-01,9.7336578312e-01,2.2442708490e-02,3.0803395146e-02,1.0584804064e-02,1.7973176649e-02
50.000000,748.000,65.000000,210.000000,2.7355015808e-02,-1.4524037356e-02,1.3187578495e-02,9.5092307463e-01,9.7336578312e-01,2.2442708490e-02,2.9962639816e-02,1.9604852957e-03,1.7583465224e-02
50.000000,748.000,65.000000,215.000000,2.6699880318e-02,-1.2891780640e-02,1.4864367031e-02,9.5092307463e-01,9.7336578312e-01,2.2442708490e-02,2.9018921389e-02,2.7518921473e-04,1.7162352249e-02
50.000000,748.000,65.000000,220.000000,2.6023048629e-02,-1.1130851269e-02,1.6323037545e-02,9.5092307463e-01,9.7336578312e-01,2.2442708490e-02,2.7994658169e-02,2.9706907122e-05,1.6727293225e-02
50.000000,748.000,65.000000,225.000000,2.5353300170e-02,-9.2865777997e-03,1.7547447990e-02,9.5092307463e-01,9.7336578312e-01,2.2442708490e-02,2.6913883698e-02,2.5080636449e-06,1.6296787214e-02
50.000000,748.000,65.000000,230.000000,2.4720100898e-02,-7.4059235696e-03,1.8526582443e-02,9.5092307463e-01,9.7336578312e-01,2.2442708490e-02,2.5801570457e-02,1.6874825622e-07,1.5889774568e-02
50.000000,748.000,65.000000,235.000000,2.4152638607e-02,-5.5361287949e-03,1.9254686521e-02,9.5092307463e-01,9.7336578312e-01,2.2442708490e-02,2.4682930957e-02,9.2367533191e-09,1.5525016838e-02
50.000000,748.000,65.000000,240.000000,2.3678860361e-02,-3.7233505654e-03,1.9731259593e-02,9.5092307463e-01,9.7336578312e-01,2.2442708490e-02,2.3582716999e-02,4.2058155569e-10,1.5220478051e-02
50.000000,748.000,65.000000,245.000000,2.3324541862e-02,-2.0113414810e-03,1.9960905440e-02,9.5092307463e-01,9.7336578312e-01,2.2442708490e-02,2.2524537914e-02,1.6312671290e-11,1.4992726511e-02
50.000000,748.000,65.000000,250.000000,2.3112417664e-02,-4.4020646171e-04,1.9953047121e-02,9.5092307463e-01,9.7336578312e-01,2.2442708490e-02,2.1530217935e-02,5.5254192013e-13,1.4856375704e-02
50.000000,748.000,65.000000,255.000000,2.3061399300e-02,9.5472514991e-04,1.9721515845e-02,9.5092307463e-01,9.7336578312e-01,2.2442708490e-02,2.0619211683e-02,1.6773592918e-14,1.4823581732e-02
50.000000,748.000,65.000000,260.000000,2.3185905791e-02,2.1438786148e-03,1.9284027268e-02,9.5092307463e-01,9.7336578312e-01,2.2442708490e-02,1.9808094922e-02,4.6871035284e-16,1.4903612962e-02
50.000000,748.000,65.000000,265.000000,2.3495327592e-02,3.1042349223e-03,1.8661561922e-02,9.5092307463e-01,9.7336578312e-01,2.2442708490e-02,1.9110145418e-02,1.2389344034e-17,1.5102505461e-02
50.000000,748.000,65.000000,270.000000,2.3993641009e-02,3.8199304146e-03,1.7877669229e-02,9.5092307463e-01,9.7336578312e-01,2.2442708490e-02,1.8535026025e-02,3.1846933712e-19,1.5422815152e-02
50.000000,748.000,65.000000,275.000000,2.4679185566e-02,4.2826374512e-03,1.6957716679e-02,9.5092307463e-01,9.7336578312e-01,2.2442708490e-02,1.8088578932e-02,8.1855612476e-21,1.5863474699e-02
50.000000,748.000,65.000000,280.000000,2.5544611866e-02,4.4917153179e-03,1.5928107258e-02,9.5092307463e-01,9.7336578312e-01,2.2442708490e-02,1.7772736687e-02,2.1630511616e-22,1.6419760002e-02
50.000000,748.000,65.000000,285.000000,2.6577002299e-02,4.4541275722e-03,1.4815488999e-02,9.5092307463e-01,9.7336578312e-01,2.2442708490e-02,1.7585552005e-02,6.0409205116e-24,1.7083367780e-02
50.000000,748.000,65.000000,290.000000,2.7758161725e-02,4.1841291143e-03,1.3645980582e-02,9.5092307463e-01,9.7336578312e-01,2.2442708490e-02,1.7521344796e-02,1.8321333957e-25,1.7842602425e-02
50.000000,748.000,65.000000,295.000000,2.9065070068e-02,3.7027332629e-03,1.2444436233e-02,9.5092307463e-01,9.7336578312e-01,2.2442708490e-02,1.7570961259e-02,6.1967235276e-27,1.8682666914e-02
50.000000,748.000,65.000000,300.000000,3.0470483824e-02,3.0369757872e-03,1.1233771833e-02,9.5092307463e-01,9.7336578312e-01,2.2442708490e-02,1.7722136537e-02,2.3982834582e-28,1.9586049464e-02
50.000000,748.000,65.000000,305.000000,3.1943668974e-02,2.2189990009e-03,1.0034372072e-02,9.5092307463e-01,9.7336578312e-01,2.2442708490e-02,1.7959949244e-02,1.0887287352e-29,2.0532994624e-02
50.000000,748.000,65.000000,310.000000,3.3451243723e-02,1.2849844641e-03,8.8635958944e-03,9.5092307463e-01,9.7336578312e-01,2.2442708490e-02,1.8267353444e-02,5.9354052132e-31,2.1502044993e-02
50.000000,748.000,65.000000,315.000000,3.4958106183e-02,2.7396741415e-04,7.7353942977e-03,9.5092307463e-01,9.7336578312e-01,2.2442708490e-02,1.8625771325e-02,3.9730836318e-32,2.2470637513e-02
50.000000,748.000,65.000000,320.000000,3.6428419457e-02,-7.7343039677e-04,6.6600509961e-03,9.5092307463e-01,9.7336578312e-01,2.2442708490e-02,1.9015727976e-02,3.3336200452e-33,2.3415736667e-02
50.000000,748.000,65.000000,325.000000,3.7826624807e-02,-1.8163103368e-03,5.6440525821e-03,9.5092307463e-01,9.7336578312e-01,2.2442708490e-02,1.9417508457e-02,3.5730476285e-34,2.4314485742e-02
50.000000,748.000,65.000000,330.000000,3.9118452713e-02,-2.8148086373e-03,4.6900907342e-03,9.5092307463e-01,9.7336578312e-01,2.2442708490e-02,1.9811816694e-02,4.9763731171e-35,2.5144856714e-02
50.000000,748.000,65.000000,335.000000,4.0271901620e-02,-3.7313698603e-03,3.7971948904e-03,9.5092307463e-01,9.7336578312e-01,2.2442708490e-02,2.0180415727e-02,9.1430397341e-36,2.5886279380e-02
50.000000,748.000,65.000000,340.000000,4.1258155111e-02,-4.5319429243e-03,2.9609897226e-03,9.5092307463e-01,9.7336578312e-01,2.2442708490e-02,2.0506729444e-02,2.2449508539e-36,2.6520230904e-02
50.000000,748.000,65.000000,345.000000,4.2052410060e-02,-5.1870629285e-03,2.1740678555e-03,9.5092307463e-01,9.7336578312e-01,2.2442708490e-02,2.0776387153e-02,7.4461993847e-37,2.7030768144e-02
50.000000,748.000,65.000000,350.000000,4.2634590967e-02,-5.6727855470e-03,1.4264646775e-03,9.5092307463e-01,9.7336578312e-01,2.2442708490e-02,2.0977694143e-02,3.3647118400e-37,2.7404986818e-02
50.000000,748.000,65.000000,355.000000,4.2989929060e-02,-5.9714453025e-03,7.0621891886e-04,9.5092307463e-01,9.7336578312e-01,2.2442708490e-02,2.1102013664e-02,2.0839714082e-37,2.7633393741e-02
50.000000,748.000,70.000000,0.000000,5.3096609087e-02,-9.2604918247e-03,1.7333895995e-18,9.5092307463e-01,9.7336578312e-01,2.2442708490e-02,2.2090959541e-02,2.0794542230e-45,3.4129842438e-02
50.000000,748.000,70.000000,5.000000,5.2944329993e-02,-9.1334660875e-03,-1.2367408731e-03,9.5092307463e-01,9.7336578312e-01,2.2442708490e-02,2.2040921061e-02,2.5265073598e-45,3.4031959323e-02
50.000000,748.000,70.000000,10.000000,5.2491526529e-02,-8.7568387212e-03,-2.4826770563e-03,9.5092307463e-01,9.7336578312e-01,2.2442708490e-02,2.1892748746e-02,4.5246622872e-45,3.3740902867e-02
50.000000,748.000,70.000000,15.000000,5.1750182100e-02,-8.1438195636e-03,-3.7463684937e-03,9.5092307463e-01,9.7336578312e-01,2.2442708490e-02,2.1652209706e-02,1.1890696509e-44,3.3264375853e-02
50.000000,748.000,70.000000,20.000000,5.0739879091e-02,-7.3159636286e-03,-5.0351264117e-03,9.5092307463e-01,9.7336578312e-01,2.2442708490e-02,2.1328710187e-02,4.5516577967e-44,3.2614965597e-02
50.000000,748.000,70.000000,25.000000,4.9487226270e-02,-6.3024938787e-03,-6.3544433068e-03,9.5092307463e-01,9.7336578312e-01,2.2442708490e-02,2.0934993793e-02,2.5119375300e-43,3.1809775884e-02
50.000000,748.000,70.000000,30.000000,4.8025081408e-02,-5.1393823328e-03,-7.7074862396e-03,9.5092307463e-01,9.7336578312e-01,2.2442708490e-02,2.0486732106e-02,1.9726328973e-42,3.0869927283e-02
50.000000,748.000,70.000000,35.000000,4.6391592515e-02,-3.8682176647e-03,-9.0946714177e-03,9.5092307463e-01,9.7336578312e-01,2.2442708490e-02,2.0002020287e-02,2.1698706477e-41,2.9819940862e-02
50.000000,748.000,70.000000,40.000000,4.4629086514e-02,-2.5348940008e-03,-1.0513335498e-02,9.5092307463e-01,9.7336578312e-01,2.2442708490e-02,1.9500793201e-02,3.2825283241e-40,2.8687023843e-02
50.000000,748.000,70.000000,45.000000,4.2782838764e-02,-1.1881611171e-03,-1.1957516002e-02,9.5092307463e-01,9.7336578312e-01,2.2442708490e-02,1.9004180084e-02,6.6889078069e-39,2.7500278664e-02
50.000000,748.000,70.000000,50.000000,4.0899760382e-02,1.2191948876e-04,-1.3417849803e-02,9.5092307463e-01,9.7336578312e-01,2.2442708490e-02,1.8533817637e-02,1.7942312487e-37,2.6289859213e-02
50.000000,748.000,70.000000,55.000000,3.9027042793e-02,1.3455652653e-03,-1.4881594920e-02,9.5092307463e-01,9.7336578312e-01,2.2442708490e-02,1.8111142778e-02,6.1784643261e-36,2.5086099550e-02
50.000000,748.000,70.000000,60.000000,3.7210800130e-02,2.4348611513e-03,-1.6332776957e-02,9.5092307463e-01,9.7336578312e-01,2.2442708490e-02,1.7756686910e-02,2.6585655898e-34,2.3918641270e-02
50.000000,748.000,70.000000,65.000000,3.5494750183e-02,3.3452971517e-03,-1.7752457569e-02,9.5092307463e-01,9.7336578312e-01,2.2442708490e-02,1.7489393575e-02,1.3891174668e-32,2.2815585627e-02
50.000000,748.000,70.000000,70.000000,3.3918973335e-02,4.0372076061e-03,-1.9119118448e-02,9.5092307463e-01,9.7336578312e-01,2.2442708490e-02,1.7325980653e-02,8.5523429676e-31,2.1802695793e-02
50.000000,748.000,70.000000,75.000000,3.2518786523e-02,4.4770677561e-03,-2.0409150621e-02,9.5092307463e-01,9.7336578312e-01,2.2442708490e-02,1.7280366979e-02,6.0129033293e-29,2.0902673059e-02
50.000000,748.000,70.000000,80.000000,3.1323765767e-02,4.6386075214e-03,-2.1597435441e-02,9.5092307463e-01,9.7336578312e-01,2.2442708490e-02,1.7363181279e-02,4.6741711027e-27,2.0134528524e-02
50.000000,748.000,70.000000,85.000000,3.0356946205e-02,4.5037079188e-03,-2.2658000661e-02,9.5092307463e-01,9.7336578312e-01,2.2442708490e-02,1.7581368882e-02,3.8867529521e-25,1.9513068888e-02
50.000000,748.000,70.000000,90.000000,2.9634223212e-02,4.0630521396e-03,-2.3564732471e-02,9.5092307463e-01,9.7336578312e-01,2.2442708490e-02,1.7937908680e-02,3.3430842897e-23,1.9048511503e-02
50.000000,748.000,70.000000,95.000000,2.9163972030e-02,3.3165107377e-03,-2.4292122437e-02,9.5092307463e-01,9.7336578312e-01,2.2442708490e-02,1.8431649491e-02,2.8752826362e-21,1.8746239870e-02
50.000000,748.000,70.000000,100.000000,2.8946896671e-02,2.2732484466e-03,-2.4816027029e-02,9.5092307463e-01,9.7336578312e-01,2.2442708490e-02,1.9057271348e-02,2.3903609352e-19,1.8606706519e-02
50.000000,748.000,70.000000,105.000000,2.8976111915e-02,9.5154859842e-04,-2.5114416746e-02,9.5092307463e-01,9.7336578312e-01,2.2442708490e-02,1.9805373460e-02,1.8572035965e-17,1.8625485716e-02
50.000000,748.000,70.000000,110.000000,2.9237455107e-02,-6.2164030496e-04,-2.5168091979e-02,9.5092307463e-01,9.7336578312e-01,2.2442708490e-02,2.0662686722e-02,1.3044415112e-15,1.8793473881e-02
50.000000,748.000,70.000000,115.000000,2.9710017517e-02,-2.4114228670e-03,-2.4961343506e-02,9.5092307463e-01,9.7336578312e-01,2.2442708490e-02,2.1612404883e-02,8.0170818404e-14,1.9097231143e-02
50.000000,748.000,70.000000,120.000000,3.0366878333e-02,-4.3759188597e-03,-2.4482536949e-02,9.5092307463e-01,9.7336578312e-01,2.2442708490e-02,2.2634624852e-02,4.1774022697e-12,1.9519453137e-02
50.000000,748.000,70.000000,125.000000,3.1176018243e-02,-6.4674405897e-03,-2.3724602633e-02,9.5092307463e-01,9.7336578312e-01,2.2442708490e-02,2.3706883301e-02,1.7901787197e-10,2.0039558246e-02
50.000000,748.000,70.000000,130.000000,3.2101384116e-02,-8.6338505180e-03,-2.2685414923e-02,9.5092307463e-01,9.7336578312e-01,2.2442708490e-02,2.4804773778e-02,6.1296691632e-09,2.0634371964e-02
50.000000,748.000,70.000000,135.000000,3.3104071738e-02,-1.0820058579e-02,-2.1368048252e-02,9.5092307463e-01,9.7336578312e-01,2.2442708490e-02,2.5902626079e-02,1.6320957871e-07,2.1278887143e-02
50.000000,748.000,70.000000,140.000000,3.4143589990e-02,-1.2969614362e-02,-1.9780900618e-02,9.5092307463e-01,9.7336578312e-01,2.2442708490e-02,2.6974227710e-02,3.2954985286e-06,2.1947076596e-02
50.000000,748.000,70.000000,145.000000,3.5179167453e-02,-1.5026346403e-02,-1.7937679131e-02,9.5092307463e-01,9.7336578312e-01,2.2442708490e-02,2.7993565961e-02,4.9323022833e-05,2.2612732958e-02
50.000000,748.000,70.000000,150.000000,3.6171061132e-02,-1.6935999351e-02,-1.5857246231e-02,9.5092307463e-01,9.7336578312e-01,2.2442708490e-02,2.8935568459e-02,5.3616244332e-04,2.3250309925e-02
50.000000,748.000,70.000000,155.000000,3.7081827033e-02,-1.8647819798e-02,-1.3563329244e-02,9.5092307463e-01,9.7336578312e-01,2.2442708490e-02,2.9776820076e-02,4.1588837966e-03,2.3835738961e-02
50.000000,748.000,70.000000,160.000000,3.7877513471e-02,-2.0116043065e-02,-1.1084099943e-02,9.5092307463e-01,9.7336578312e-01,2.2442708490e-02,3.0496234765e-02,2.2677966884e-02,2.4347196345e-02
50.000000,748.000,70.000000,165.000000,3.8528740466e-02,-2.1301236183e-02,-8.4516346187e-03,9.5092307463e-01,9.7336578312e-01,2.2442708490e-02,3.1075662182e-02,8.5883536430e-02,2.4765796988e-02
50.000000,748.000,70.000000,170.000000,3.9011632035e-02,-2.2171456639e-02,-5.7012686452e-03,9.5092307463e-01,9.7336578312e-01,2.2442708490e-02,3.1500410954e-02,2.2378955273e-01,2.5076193706e-02
50.000000,748.000,70.000000,175.000000,3.9308572776e-02,-2.2703191961e-02,-2.8708626492e-03,9.5092307463e-01,9.7336578312e-01,2.2442708490e-02,3.1759672893e-02,3.9859426459e-01,2.5267063535e-02
50.000000,748.000,70.000000,180.000000,3.9408765493e-02,-2.2882051847e-02,-8.0766104783e-18,9.5092307463e-01,9.7336578312e-01,2.2442708490e-02,3.1846835426e-02,4.8337337124e-01,2.5331466172e-02
50.000000,748.000,70.000000,185.000000,3.9308572776e-02,-2.2703191961e-02,2.8708626492e-03,9.5092307463e-01,9.7336578312e-01,2.2442708490e-02,3.1759672893e-02,3.9859426459e-01,2.5267063535e-02
50.000000,748.000,70.000000,190.000000,3.9011632035e-02,-2.2171456639e-02,5.7012686452e-03,9.5092307463e-01,9.7336578312e-01,2.2442708490e-02,3.1500410954e-02,2.2378955273e-01,2.5076193706e-02
50.000000,748.000,70.000000,195.000000,3.8528740466e-02,-2.1301236183e-02,8.4516346187e-03,9.5092307463e-01,9.7336578312e-01,2.2442708490e-02,3.1075662182e-02,8.5883536430e-02,2.4765796988e-02
50.000000,748.000,70.000000,200.000000,3.7877513471e-02,-2.0116043065e-02,1.1084099943e-02,9.5092307463e-01,9.7336578312e-01,2.2442708490e-02,3.0496234765e-02,2.2677966884e-02,2.4347196345e-02
50.000000,748.000,70.000000,205.000000,3.7081827033e-02,-1.8647819798e-02,1.3563329244e-02,9.5092307463e-01,9.7336578312e-01,2.2442708490e-02,2.9776820076e-02,4.1588837966e-03,2.3835738961e-02
50.000000,748.000,70.000000,210.000000,3.6171061132e-02,-1.6935999351e-02,1.5857246231e-02,9.5092307463e-01,9.7336578312e-01,2.2442708490e-02,2.8935568459e-02,5.3616244332e-04,2.3250309925e-02
50.000000,748.000,70.000000,215.000000,3.5179167453e-02,-1.5026346403e-02,1.7937679131e-02,9.5092307463e-01,9.7336578312e-01,2.2442708490e-02,2.7993565961e-02,4.9323022833e-05,2.2612732958e-02
50.000000,748.000,70.000000,220.000000,3.4143589990e-02,-1.2969614362e-02,1.9780900618e-02,9.5092307463e-01,9.7336578312e-01,2.2442708490e-02,2.6974227710e-02,3.2954985286e-06,2.1947076596e-02
50.000000,748.000,70.000000,225.000000,3.3104071738e-02,-1.0820058579e-02,2.1368048252e-02,9.5092307463e-01,9.7336578312e-01,2.2442708490e-02,2.5902626079e-02,1.6320957871e-07,2.1278887143e-02
50.000000,748.000,70.000000,230.000000,3.2101384116e-02,-8.6338505180e-03,2.2685414923e-02,9.5092307463e-01,9.7336578312e-01,2.2442708490e-02,2.4804773778e-02,6.1296691632e-09,2.0634371964e-02
50.000000,748.000,70.000000,235.000000,3.1176018243e-02,-6.4674405897e-03,2.3724602633e-02,9.5092307463e-01,9.7336578312e-01,2.2442708490e-02,2.3706883301e-02,1.7901787197e-10,2.0039558246e-02
50.000000,748.000,70.000000,240.000000,3.0366878333e-02,-4.3759188597e-03,2.4482536949e-02,9.5092307463e-01,9.7336578312e-01,2.2442708490e-02,2.2634624852e-02,4.1774022697e-12,1.9519453137e-02
50.000000,748.000,70.000000,245.000000,2.9710017517e-02,-2.4114228670e-03,2.4961343506e-02,9.5092307463e-01,9.7336578312e-01,2.2442708490e-02,2.1612404883e-02,8.0170818404e-14,1.9097231143e-02
50.000000,748.000,70.000000,250.000000,2.9237455107e-02,-6.2164030496e-04,2.5168091979e-02,9.5092307463e-01,9.7336578312e-01,2.2442708490e-02,2.0662686722e-02,1.3044415112e-15,1.8793473881e-02
50.000000,748.000,70.000000,255.000000,2.8976111915e-02,9.5154859842e-04,2.5114416746e-02,9.5092307463e-01,9.7336578312e-01,2.2442708490e-02,1.9805373460e-02,1.8572035965e-17,1.8625485716e-02
50.000000,748.000,70.000000,260.000000,2.8946896671e-02,2.2732484466e-03,2.4816027029e-02,9.5092307463e-01,9.7336578312e-01,2.2442708490e-02,1.9057271348e-02,2.3903609352e-19,1.8606706519e-02
50.000000,748.000,70.000000,265.000000,2.9163972030e-02,3.3165107377e-03,2.4292122437e-02,9.5092307463e-01,9.7336578312e-01,2.2442708490e-02,1.8431649491e-02,2.8752826362e-21,1.8746239870e-02
50.000000,748.000,70.000000,270.000000,2.9634223212e-02,4.0630521396e-03,2.3564732471e-02,9.5092307463e-01,9.7336578312e-01,2.2442708490e-02,1.7937908680e-02,3.3430842897e-23,1.9048511503e-02
50.000000,748.000,70.000000,275.000000,3.0356946205e-02,4.5037079188e-03,2.2658000661e-02,9.5092307463e-01,9.7336578312e-01,2.2442708490e-02,1.7581368882e-02,3.8867529521e-25,1.9513068888e-02
50.000000,748.000,70.000000,280.000000,3.1323765767e-02,4.6386075214e-03,2.1597435441e-02,9.5092307463e-01,9.7336578312e-01,2.2442708490e-02,1.7363181279e-02,4.6741711027e-27,2.0134528524e-02
50.000000,748.000,70.000000,285.000000,3.2518786523e-02,4.4770677561e-03,2.0409150621e-02,9.5092307463e-01,9.7336578312e-01,2.2442708490e-02,1.7280366979e-02,6.0129033293e-29,2.0902673059e-02
50.000000,748.000,70.000000,290.000000,3.3918973335e-02,4.0372076061e-03,1.9119118448e-02,9.5092307463e-01,9.7336578312e-01,2.2442708490e-02,1.7325980653e-02,8.5523429676e-31,2.1802695793e-02
50.000000,748.000,70.000000,295.000000,3.5494750183e-02,3.3452971517e-03,1.7752457569e-02,9.5092307463e-01,9.7336578312e-01,2.2442708490e-02,1.7489393575e-02,1.3891174668e-32,2.2815585627e-02
50.000000,748.000,70.000000,300.000000,3.7210800130e-02,2.4348611513e-03,1.6332776957e-02,9.5092307463e-01,9.7336578312e-01,2.2442708490e-02,1.7756686910e-02,2.6585655898e-34,2.3918641270e-02
50.000000,748.000,70.000000,305.000000,3.9027042793e-02,1.3455652653e-03,1.4881594920e-02,9.5092307463e-01,9.7336578312e-01,2.2442708490e-02,1.8111142778e-02,6.1784643261e-36,2.5086099550e-02
50.000000,748.000,70.000000,310.000000,4.0899760382e-02,1.2191948876e-04,1.3417849803e-02,9.5092307463e-01,9.7336578312e-01,2.2442708490e-02,1.8533817637e-02,1.7942312487e-37,2.6289859213e-02
50.000000,748.000,70.000000,315.000000,4.2782838764e-02,-1.1881611171e-03,1.1957516002e-02,9.5092307463e-01,9.7336578312e-01,2.2442708490e-02,1.9004180084e-02,6.6889078069e-39,2.7500278664e-02
50.000000,748.000,70.000000,320.000000,4.4629086514e-02,-2.5348940008e-03,1.0513335498e-02,9.5092307463e-01,9.7336578312e-01,2.2442708490e-02,1.9500793201e-02,3.2825283241e-40,2.8687023843e-02
50.000000,748.000,70.000000,325.000000,4.6391592515e-02,-3.8682176647e-03,9.0946714177e-03,9.5092307463e-01,9.7336578312e-01,2.2442708490e-02,2.0002020287e-02,2.1698706477e-41,2.9819940862e-02
50.000000,748.000,70.000000,330.000000,4.8025081408e-02,-5.1393823328e-03,7.7074862396e-03,9.5092307463e-01,9.7336578312e-01,2.2442708490e-02,2.0486732106e-02,1.9726328973e-42,3.0869927283e-02
50.000000,748.000,70.000000,335.000000,4.9487226270e-02,-6.3024938787e-03,6.3544433068e-03,9.5092307463e-01,9.7336578312e-01,2.2442708490e-02,2.0934993793e-02,2.5119375300e-43,3.1809775884e-02
50.000000,748.000,70.000000,340.000000,5.0739879091e-02,-7.3159636286e-03,5.0351264117e-03,9.5092307463e-01,9.7336578312e-01,2.2442708490e-02,2.1328710187e-02,4.5516577967e-44,3.2614965597e-02
50.000000,748.000,70.000000,345.000000,5.1750182100e-02,-8.1438195636e-03,3.7463684937e-03,9.5092307463e-01,9.7336578312e-01,2.2442708490e-02,2.1652209706e-02,1.1890696509e-44,3.3264375853e-02
50.000000,748.000,70.000000,350.000000,5.2491526529e-02,-8.7568387212e-03,2.4826770563e-03,9.5092307463e-01,9.7336578312e-01,2.2442708490e-02,2.1892748746e-02,4.5246622872e-45,3.3740902867e-02
50.000000,748.000,70.000000,355.000000,5.2944329993e-02,-9.1334660875e-03,1.2367408731e-03,9.5092307463e-01,9.7336578312e-01,2.2442708490e-02,2.2040921061e-02,2.5265073598e-45,3.4031959323e-02
50.000000,748.000,75.000000,0.000000,6.8544873112e-02,-1.4060337117e-02,2.8884776245e-18,9.5092307463e-01,9.7336578312e-01,2.2442708490e-02,2.3269250778e-02,1.2111737933e-55,4.4059795144e-02
50.000000,748.000,75.000000,5.000000,6.8344561042e-02,-1.3890517683e-02,-2.0586119115e-03,9.5092307463e-01,9.7336578312e-01,2.2442708490e-02,2.3211242565e-02,1.5386988863e-55,4.3931037027e-02
50.000000,748.000,75.000000,10.000000,6.7749128774e-02,-1.3386798905e-02,-4.1190746082e-03,9.5092307463e-01,9.7336578312e-01,2.2442708490e-02,2.3039304414e-02,3.1491950369e-55,4.3548300543e-02
50.000000,748.000,75.000000,15.000000,6.6774925326e-02,-1.2566220553e-02,-6.1826925123e-03,9.5092307463e-01,9.7336578312e-01,2.2442708490e-02,2.2759629933e-02,1.0326750986e-54,4.2922094637e-02
50.000000,748.000,75.000000,20.000000,6.5448661306e-02,-1.1456591693e-02,-8.2496976507e-03,9.5092307463e-01,9.7336578312e-01,2.2442708490e-02,2.2382324281e-02,5.3764979087e-54,4.2069588558e-02
50.000000,748.000,75.000000,25.000000,6.3806619314e-02,-1.0095623836e-02,-1.0318763639e-02,9.5092307463e-01,9.7336578312e-01,2.2442708490e-02,2.1921084891e-02,4.3885942720e-53,4.1014104311e-02
50.000000,748.000,75.000000,30.000000,6.1893582074e-02,-8.5297546839e-03,-1.2386578096e-02,9.5092307463e-01,9.7336578312e-01,2.2442708490e-02,2.1392768290e-02,5.5267345305e-52,3.9784427676e-02
50.000000,748.000,75.000000,35.000000,5.9761510624e-02,-6.8126984328e-03,-1.4447490036e-02,9.5092307463e-01,9.7336578312e-01,2.2442708490e-02,2.0816856290e-02,1.0532214328e-50,3.8413958565e-02
50.000000,748.000,75.000000,40.000000,5.7468012427e-02,-5.0037670022e-03,-1.6493246407e-02,9.5092307463e-01,9.7336578312e-01,2.2442708490e-02,2.0214837945e-02,2.9696102965e-49,3.6939726342e-02
50.000000,748.000,75.000000,45.000000,5.5074645605e-02,-3.1660135291e-03,-1.8512829098e-02,9.5092307463e-01,9.7336578312e-01,2.2442708490e-02,1.9609526247e-02,1.2076356663e-47,3.5401299803e-02
50.000000,748.000,75.000000,50.000000,5.2645110384e-02,-1.3642549640e-03,-2.0492400496e-02,9.5092307463e-01,9.7336578312e-01,2.2442708490e-02,1.9024330561e-02,6.8857533227e-46,3.3839624666e-02
50.000000,748.000,75.000000,55.000000,5.0243382255e-02,3.3696568574e-04,-2.2415362236e-02,9.5092307463e-01,9.7336578312e-01,2.2442708490e-02,1.8482507157e-02,5.3377589488e-44,3.2295823582e-02
50.000000,748.000,75.000000,60.000000,4.7931843033e-02,1.8754150271e-03,-2.4262528089e-02,9.5092307463e-01,9.7336578312e-01,2.2442708490e-02,1.8006410909e-02,5.4420950736e-42,3.0809994811e-02
50.000000,748.000,75.000000,65.000000,4.5769466040e-02,3.1931404476e-03,-2.6012408274e-02,9.5092307463e-01,9.7336578312e-01,2.2442708490e-02,1.7616771211e-02,7.0450902789e-40,2.9420045673e-02
50.000000,748.000,75.000000,70.000000,4.3810109941e-02,4.2383162729e-03,-2.7641598816e-02,9.5092307463e-01,9.7336578312e-01,2.2442708490e-02,1.7332014461e-02,1.1159800175e-37,2.8160595849e-02
50.000000,748.000,75.000000,75.000000,4.2100972410e-02,4.9669081716e-03,-2.9125266131e-02,9.5092307463e-01,9.7336578312e-01,2.2442708490e-02,1.7167654045e-02,2.0813982952e-35,2.7061983421e-02
50.000000,748.000,75.000000,80.000000,4.0681249949e-02,5.3441045531e-03,-3.0437713843e-02,9.5092307463e-01,9.7336578312e-01,2.2442708490e-02,1.7135766757e-02,4.3926779446e-33,2.6149403413e-02
50.000000,748.000,75.000000,85.000000,3.9581043830e-02,5.3454707547e-03,-3.1553016025e-02,9.5092307463e-01,9.7336578312e-01,2.2442708490e-02,1.7244571944e-02,1.0072043436e-30,2.5442204553e-02
50.000000,748.000,75.000000,90.000000,3.8820544709e-02,4.9577902143e-03,-3.2445698768e-02,9.5092307463e-01,9.7336578312e-01,2.2442708490e-02,1.7498126586e-02,2.4075577514e-28,2.4953365140e-02
50.000000,748.000,75.000000,95.000000,3.8409519887e-02,4.1795663192e-03,-3.3091450152e-02,9.5092307463e-01,9.7336578312e-01,2.2442708490e-02,1.7896145993e-02,5.7545073709e-26,2.4689163477e-02
50.000000,748.000,75.000000,100.000000,3.8347118066e-02,3.0211689189e-03,-3.3467837555e-02,9.5092307463e-01,9.7336578312e-01,2.2442708490e-02,1.8433955984e-02,1.3191221234e-23,2.4649052360e-02
50.000000,748.000,75.000000,105.000000,3.8621996743e-02,1.5046202815e-03,-3.3555010653e-02,9.5092307463e-01,9.7336578312e-01,2.2442708490e-02,1.9102578447e-02,2.7821515216e-21,2.4825740967e-02
50.000000,748.000,75.000000,110.000000,3.9212767593e-02,-3.3697377158e-04,-3.3336368601e-02,9.5092307463e-01,9.7336578312e-01,2.2442708490e-02,1.9888948093e-02,5.1820431042e-19,2.5205481150e-02
50.000000,748.000,75.000000,115.000000,4.0088745563e-02,-2.4603310314e-03,-3.2799170624e-02,9.5092307463e-01,9.7336578312e-01,2.2442708490e-02,2.0776254265e-02,8.1887804618e-17,2.5768548936e-02
50.000000,748.000,75.000000,120.000000,4.1210978140e-02,-4.8132115549e-03,-3.1935070664e-02,9.5092307463e-01,9.7336578312e-01,2.2442708490e-02,2.1744397811e-02,1.0558881280e-14,2.6489906131e-02
50.000000,748.000,75.000000,125.000000,4.2533522786e-02,-7.3359115123e-03,-3.0740558713e-02,9.5092307463e-01,9.7336578312e-01,2.2442708490e-02,2.2770549570e-02,1.0701254303e-12,2.7340021443e-02
50.000000,748.000,75.000000,130.000000,4.4004933025e-02,-9.9629875495e-03,-2.9217293993e-02,9.5092307463e-01,9.7336578312e-01,2.2442708490e-02,2.3829793893e-02,8.2264413200e-11,2.8285825713e-02
50.000000,748.000,75.000000,135.000000,4.5569907322e-02,-1.2625159955e-02,-2.7372318140e-02,9.5092307463e-01,9.7336578312e-01,2.2442708490e-02,2.4895838020e-02,4.6392456878e-09,2.9291771801e-02
50.000000,748.000,75.000000,140.000000,4.7171050018e-02,-1.5251337453e-02,-2.5218139904e-02,9.5092307463e-01,9.7336578312e-01,2.2442708490e-02,2.5941766134e-02,1.8609705947e-07,3.0320966488e-02
50.000000,748.000,75.000000,145.000000,4.8750690190e-02,-1.7770702709e-02,-2.2772686513e-02,9.5092307463e-01,9.7336578312e-01,2.2442708490e-02,2.6940815515e-02,5.1632623016e-06,3.1336339618e-02
50.000000,748.000,75.000000,150.000000,5.0252702608e-02,-2.0114795757e-02,-2.0059120672e-02,9.5092307463e-01,9.7336578312e-01,2.2442708490e-02,2.7867151523e-02,9.6647844119e-05,3.2301814590e-02
50.000000,748.000,75.000000,155.000000,5.1624274937e-02,-2.2219532548e-02,-1.7105525989e-02,9.5092307463e-01,9.7336578312e-01,2.2442708490e-02,2.8696618166e-02,1.1944854595e-03,3.3183444289e-02
50.000000,748.000,75.000000,160.000000,5.2817567015e-02,-2.4027097777e-02,-1.3944467435e-02,9.5092307463e-01,9.7336578312e-01,2.2442708490e-02,2.9407441698e-02,9.5726394368e-03,3.3950477651e-02
50.000000,748.000,75.000000,165.000000,5.3791211375e-02,-2.5487654869e-02,-1.0612437033e-02,9.5092307463e-01,9.7336578312e-01,2.2442708490e-02,2.9980866108e-02,4.9023911065e-02,3.4576324182e-02
50.000000,748.000,75.000000,170.000000,5.4511609066e-02,-2.6560821535e-02,-7.1491983202e-03,9.5092307463e-01,9.7336578312e-01,2.2442708490e-02,3.0401701378e-02,1.5866230201e-01,3.5039386892e-02
50.000000,748.000,75.000000,175.000000,5.4953981095e-02,-2.7216866360e-02,-3.5970460387e-03,9.5092307463e-01,9.7336578312e-01,2.2442708490e-02,3.0658768031e-02,3.2199080060e-01,3.5323738151e-02
50.000000,748.000,75.000000,180.000000,5.5103143325e-02,-2.7437590281e-02,-1.0116853208e-17,9.5092307463e-01,9.7336578312e-01,2.2442708490e-02,3.0745224582e-02,4.0786816247e-01,3.5419617784e-02
50.000000,748.000,75.000000,185.000000,5.4953981095e-02,-2.7216866360e-02,3.5970460387e-03,9.5092307463e-01,9.7336578312e-01,2.2442708490e-02,3.0658768031e-02,3.2199080060e-01,3.5323738151e-02
50.000000,748.000,75.000000,190.000000,5.4511609066e-02,-2.6560821535e-02,7.1491983202e-03,9.5092307463e-01,9.7336578312e-01,2.2442708490e-02,3.0401701378e-02,1.5866230201e-01,3.5039386892e-02
50.000000,748.000,75.000000,195.000000,5.3791211375e-02,-2.5487654869e-02,1.0612437033e-02,9.5092307463e-01,9.7336578312e-01,2.2442708490e-02,2.9980866108e-02,4.9023911065e-02,3.4576324182e-02
50.000000,748.000,75.000000,200.000000,5.2817567015e-02,-2.4027097777e-02,1.3944467435e-02,9.5092307463e-01,9.7336578312e-01,2.2442708490e-02,2.9407441698e-02,9.5726394368e-03,3.3950477651e-02
50.000000,748.000,75.000000,205.000000,5.1624274937e-02,-2.2219532548e-02,1.7105525989e-02,9.5092307463e-01,9.7336578312e-01,2.2442708490e-02,2.8696618166e-02,1.1944854595e-03,3.3183444289e-02
50.000000,748.000,75.000000,210.000000,5.0252702608e-02,-2.0114795757e-02,2.0059120672e-02,9.5092307463e-01,9.7336578312e-01,2.2442708490e-02,2.7867151523e-02,9.6647844119e-05,3.2301814590e-02
50.000000,748.000,75.000000,215.000000,4.8750690190e-02,-1.7770702709e-02,2.2772686513e-02,9.5092307463e-01,9.7336578312e-01,2.2442708490e-02,2.6940815515e-02,5.1632623016e-06,3.1336339618e-02
50.000000,748.000,75.000000,220.000000,4.7171050018e-02,-1.5251337453e-02,2.5218139904e-02,9.5092307463e-01,9.7336578312e-01,2.2442708490e-02,2.5941766134e-02,1.8609705947e-07,3.0320966488e-02
50.000000,748.000,75.000000,225.000000,4.5569907322e-02,-1.2625159955e-02,2.7372318140e-02,9.5092307463e-01,9.7336578312e-01,2.2442708490e-02,2.4895838020e-02,4.6392456878e-09,2.9291771801e-02
50.000000,748.000,75.000000,230.000000,4.4004933025e-02,-9.9629875495e-03,2.9217293993e-02,9.5092307463e-01,9.7336578312e-01,2.2442708490e-02,2.3829793893e-02,8.2264413200e-11,2.8285825713e-02
50.000000,748.000,75.000000,235.000000,4.2533522786e-02,-7.3359115123e-03,3.0740558713e-02,9.5092307463e-01,9.7336578312e-01,2.2442708490e-02,2.2770549570e-02,1.0701254303e-12,2.7340021443e-02
50.000000,748.000,75.000000,240.000000,4.1210978140e-02,-4.8132115549e-03,3.1935070664e-02,9.5092307463e-01,9.7336578312e-01,2.2442708490e-02,2.1744397811e-02,1.0558881280e-14,2.6489906131e-02
50.000000,748.000,75.000000,245.000000,4.0088745563e-02,-2.4603310314e-03,3.2799170624e-02,9.5092307463e-01,9.7336578312e-01,2.2442708490e-02,2.0776254265e-02,8.1887804618e-17,2.5768548936e-02
50.000000,748.000,75.000000,250.000000,3.9212767593e-02,-3.3697377158e-04,3.3336368601e-02,9.5092307463e-01,9.7336578312e-01,2.2442708490e-02,1.9888948093e-02,5.1820431042e-19,2.5205481150e-02
50.000000,748.000,75.000000,255.000000,3.8621996743e-02,1.5046202815e-03,3.3555010653e-02,9.5092307463e-01,9.7336578312e-01,2.2442708490e-02,1.9102578447e-02,2.7821515216e-21,2.4825740967e-02
50.000000,748.000,75.000000,260.000000,3.8347118066e-02,3.0211689189e-03,3.3467837555e-02,9.5092307463e-01,9.7336578312e-01,2.2442708490e-02,1.8433955984e-02,1.3191221234e-23,2.4649052360e-02
50.000000,748.000,75.000000,265.000000,3.8409519887e-02,4.1795663192e-03,3.3091450152e-02,9.5092307463e-01,9.7336578312e-01,2.2442708490e-02,1.7896145993e-02,5.7545073709e-26,2.4689163477e-02
50.000000,748.000,75.000000,270.000000,3.8820544709e-02,4.9577902143e-03,3.2445698768e-02,9.5092307463e-01,9.7336578312e-01,2.2442708490e-02,1.7498126586e-02,2.4075577514e-28,2.4953365140e-02
50.000000,748.000,75.000000,275.000000,3.9581043830e-02,5.3454707547e-03,3.1553016025e-02,9.5092307463e-01,9.7336578312e-01,2.2442708490e-02,1.7244571944e-02,1.0072043436e-30,2.5442204553e-02
50.000000,748.000,75.000000,280.000000,4.0681249949e-02,5.3441045531e-03,3.0437713843e-02,9.5092307463e-01,9.7336578312e-01,2.2442708490e-02,1.7135766757e-02,4.3926779446e-33,2.6149403413e-02
50.000000,748.000,75.000000,285.000000,4.2100972410e-02,4.9669081716e-03,2.9125266131e-02,9.5092307463e-01,9.7336578312e-01,2.2442708490e-02,1.7167654045e-02,2.0813982952e-35,2.7061983421e-02
50.000000,748.000,75.000000,290.000000,4.3810109941e-02,4.2383162729e-03,2.7641598816e-02,9.5092307463e-01,9.7336578312e-01,2.2442708490e-02,1.7332014461e-02,1.1159800175e-37,2.8160595849e-02
50.000000,748.000,75.000000,295.000000,4.5769466040e-02,3.1931404476e-03,2.6012408274e-02,9.5092307463e-01,9.7336578312e-01,2.2442708490e-02,1.7616771211e-02,7.0450902789e-40,2.9420045673e-02
50.000000,748.000,75.000000,300.000000,4.7931843033e-02,1.8754150271e-03,2.4262528089e-02,9.5092307463e-01,9.7336578312e-01,2.2442708490e-02,1.8006410909e-02,5.4420950736e-42,3.0809994811e-02
50.000000,748.000,75.000000,305.000000,5.0243382255e-02,3.3696568574e-04,2.2415362236e-02,9.5092307463e-01,9.7336578312e-01,2.2442708490e-02,1.8482507157e-02,5.3377589488e-44,3.2295823582e-02
50.000000,748.000,75.000000,310.000000,5.2645110384e-02,-1.3642549640e-03,2.0492400496e-02,9.5092307463e-01,9.7336578312e-01,2.2442708490e-02,1.9024330561e-02,6.8857533227e-46,3.3839624666e-02
50.000000,748.000,75.000000,315.000000,5.5074645605e-02,-3.1660135291e-03,1.8512829098e-02,9.5092307463e-01,9.7336578312e-01,2.2442708490e-02,1.9609526247e-02,1.2076356663e-47,3.5401299803e-02
50.000000,748.000,75.000000,320.000000,5.7468012427e-02,-5.0037670022e-03,1.6493246407e-02,9.5092307463e-01,9.7336578312e-01,2.2442708490e-02,2.0214837945e-02,2.9696102965e-49,3.6939726342e-02
50.000000,748.000,75.000000,325.000000,5.9761510624e-02,-6.8126984328e-03,1.4447490036e-02,9.5092307463e-01,9.7336578312e-01,2.2442708490e-02,2.0816856290e-02,1.0532214328e-50,3.8413958565e-02
50.000000,748.000,75.000000,330.000000,6.1893582074e-02,-8.5297546839e-03,1.2386578096e-02,9.5092307463e-01,9.7336578312e-01,2.2442708490e-02,2.1392768290e-02,5.5267345305e-52,3.9784427676e-02
50.000000,748.000,75.000000,335.000000,6.3806619314e-02,-1.0095623836e-02,1.0318763639e-02,9.5092307463e-01,9.7336578312e-01,2.2442708490e-02,2.1921084891e-02,4.3885942720e-53,4.1014104311e-02
50.000000,748.000,75.000000,340.000000,6.5448661306e-02,-1.1456591693e-02,8.2496976507e-03,9.5092307463e-01,9.7336578312e-01,2.2442708490e-02,2.2382324281e-02,5.3764979087e-54,4.2069588558e-02
50.000000,748.000,75.000000,345.000000,6.6774925326e-02,-1.2566220553e-02,6.1826925123e-03,9.5092307463e-01,9.7336578312e-01,2.2442708490e-02,2.2759629933e-02,1.0326750986e-54,4.2922094637e-02
50.000000,748.000,75.000000,350.000000,6.7749128774e-02,-1.3386798905e-02,4.1190746082e-03,9.5092307463e-01,9.7336578312e-01,2.2442708490e-02,2.3039304414e-02,3.1491950369e-55,4.3548300543e-02
50.000000,748.000,75.000000,355.000000,6.8344561042e-02,-1.3890517683e-02,2.0586119115e-03,9.5092307463e-01,9.7336578312e-01,2.2442708490e-02,2.3211242565e-02,1.5386988863e-55,4.3931037027e-02
50.000000,748.000,80.000000,0.000000,9.5488704802e-02,-2.1952243712e-02,4.8862523990e-18,9.5092307463e-01,9.7336578312e-01,2.2442708490e-02,2.3922432439e-02,3.7738410247e-69,6.1378956312e-02
50.000000,748.000,80.000000,5.000000,9.5208620971e-02,-2.1705911093e-02,-3.4801320012e-03,9.5092307463e-01,9.7336578312e-01,2.2442708490e-02,2.3858791140e-02,5.0850636030e-69,6.1198921896e-02
50.000000,748.000,80.000000,10.000000,9.4376330186e-02,-2.0974945048e-02,-6.9497606099e-03,9.5092307463e-01,9.7336578312e-01,2.2442708490e-02,2.3670016370e-02,1.2412079953e-68,6.0663935691e-02
50.000000,748.000,80.000000,15.000000,9.3015476866e-02,-1.9783192802e-02,-1.0397976750e-02,9.5092307463e-01,9.7336578312e-01,2.2442708490e-02,2.3362488574e-02,5.4508641100e-68,5.9789196039e-02
50.000000,748.000,80.000000,20.000000,9.1164683236e-02,-1.8169579950e-02,-1.3813077823e-02,9.5092307463e-01,9.7336578312e-01,2.2442708490e-02,2.2946620739e-02,4.2584027629e-67,5.8599528825e-02
50.000000,748.000,80.000000,25.000000,8.8876396556e-02,-1.6186907063e-02,-1.7182214964e-02,9.5092307463e-01,9.7336578312e-01,2.2442708490e-02,2.2436533868e-02,5.8259411597e-66,5.7128646500e-02
50.000000,748.000,80.000000,30.000000,8.6215324374e-02,-1.3900216658e-02,-2.0491091518e-02,9.5092307463e-01,9.7336578312e-01,2.2442708490e-02,2.1849616618e-02,1.3681822303e-64,5.5418142272e-02
50.000000,748.000,80.000000,35.000000,8.3256505105e-02,-1.1384780389e-02,-2.3723727149e-02,9.5092307463e-01,9.7336578312e-01,2.2442708490e-02,2.1205982568e-02,5.3840888369e-63,5.3516249907e-02
50.000000,748.000,80.000000,40.000000,8.0083072299e-02,-8.7237678733e-03,-2.6862299849e-02,9.5092307463e-01,9.7336578312e-01,2.2442708490e-02,2.0527841729e-02,3.4522047001e-61,5.1476406620e-02
50.000000,748.000,80.000000,45.000000,7.6783780185e-02,-6.0056683382e-03,-2.9887075565e-02,9.5092307463e-01,9.7336578312e-01,2.2442708490e-02,1.9838805501e-02,3.4939105971e-59,4.9355662528e-02
50.000000,748.000,80.000000,50.000000,7.3450365280e-02,-3.3215438039e-03,-3.2776432216e-02,9.5092307463e-01,9.7336578312e-01,2.2442708490e-02,1.9163146381e-02,5.3885257291e-57,4.7212984729e-02
50.000000,748.000,80.000000,55.000000,7.0174823797e-02,-7.6219772110e-04,-3.5506981765e-02,9.5092307463e-01,9.7336578312e-01,2.2442708490e-02,1.8525035055e-02,1.2187069879e-54,4.5107507249e-02
50.000000,748.000,80.000000,60.000000,6.7046687074e-02,1.5846544271e-03,-3.8053790702e-02,9.5092307463e-01,9.7336578312e-01,2.2442708490e-02,1.7947778277e-02,3.8785855652e-52,4.3096779722e-02
50.000000,748.000,80.000000,65.000000,6.4150377267e-02,3.6371260494e-03,-4.0390695968e-02,9.5092307463e-01,9.7336578312e-01,2.2442708490e-02,1.7453080884e-02,1.6624502235e-49,4.1235067664e-02
50.000000,748.000,80.000000,70.000000,6.1562723094e-02,5.3217280390e-03,-4.2490710094e-02,9.5092307463e-01,9.7336578312e-01,2.2442708490e-02,1.7060354609e-02,9.1645032889e-47,3.9571755624e-02
50.000000,748.000,80.000000,75.000000,5.9350710468e-02,6.5756863767e-03,-4.4326506191e-02,9.5092307463e-01,9.7336578312e-01,2.2442708490e-02,1.6786094922e-02,6.1931987000e-44,3.8149901315e-02
50.000000,748.000,80.000000,80.000000,5.7569535746e-02,7.3489376815e-03,-4.5870970625e-02,9.5092307463e-01,9.7336578312e-01,2.2442708490e-02,1.6643345104e-02,4.8826756974e-41,3.7004984273e-02
50.000000,748.000,80.000000,85.000000,5.6261020051e-02,7.6057414028e-03,-4.7097808680e-02,9.5092307463e-01,9.7336578312e-01,2.2442708490e-02,1.6641264081e-02,4.2688811187e-38,3.6163886597e-02
50.000000,748.000,80.000000,90.000000,5.5452432163e-02,7.3258589760e-03,-4.7982186487e-02,9.5092307463e-01,9.7336578312e-01,2.2442708490e-02,1.6784811446e-02,3.9309925590e-35,3.5644136321e-02
50.000000,748.000,80.000000,95.000000,5.5155755022e-02,6.5052634046e-03,-4.8501390882e-02,9.5092307463e-01,9.7336578312e-01,2.2442708490e-02,1.7074559496e-02,3.6194341537e-32,3.5453435931e-02
50.000000,748.000,80.000000,100.000000,5.5367417422e-02,5.1563569871e-03,-4.8635487893e-02,9.5092307463e-01,9.7336578312e-01,2.2442708490e-02,1.7506638294e-02,3.1630520458e-29,3.5589489899e-02
50.000000,748.000,80.000000,105.000000,5.6068498298e-02,3.3076898490e-03,-4.8367960067e-02,9.5092307463e-01,9.7336578312e-01,2.2442708490e-02,1.8072815705e-02,2.4911290405e-26,3.6040136000e-02
50.000000,748.000,80.000000,110.000000,5.7225396696e-02,1.0031871050e-03,-4.7686303047e-02,9.5092307463e-01,9.7336578312e-01,2.2442708490e-02,1.8760710262e-02,1.6799380381e-23,3.6783775955e-02
50.000000,748.000,80.000000,115.000000,5.8790946313e-02,-1.6990925869e-03,-4.6582562536e-02,9.5092307463e-01,9.7336578312e-01,2.2442708490e-02,1.9554130674e-02,9.2265178393e-21,3.7790091852e-02
50.000000,748.000,80.000000,120.000000,6.0705940069e-02,-4.7286300655e-03,-4.5053794152e-02,9.5092307463e-01,9.7336578312e-01,2.2442708490e-02,2.0433531947e-02,3.9310266959e-18,3.9021026111e-02
50.000000,748.000,80.000000,125.000000,6.2901017656e-02,-8.0045001630e-03,-4.3102430535e-02,9.5092307463e-01,9.7336578312e-01,2.2442708490e-02,2.1376574518e-02,1.2399218939e-15,4.0431994786e-02
50.000000,748.000,80.000000,130.000000,6.5298858058e-02,-1.1437745900e-02,-4.0736542437e-02,9.5092307463e-01,9.7336578312e-01,2.2442708490e-02,2.2358769700e-02,2.7695515880e-13,4.1973296887e-02
50.000000,748.000,80.000000,135.000000,6.7816609775e-02,-1.4934000891e-02,-3.7969983317e-02,9.5092307463e-01,9.7336578312e-01,2.2442708490e-02,2.3354192053e-02,4.2020299247e-11,4.3591676495e-02
50.000000,748.000,80.000000,140.000000,7.0368484283e-02,-1.8396280880e-02,-3.4822410070e-02,9.5092307463e-01,9.7336578312e-01,2.2442708490e-02,2.4336237299e-02,4.1671552204e-09,4.5231989809e-02
50.000000,748.000,80.000000,145.000000,7.2868433362e-02,-2.1727860185e-02,-3.1319175918e-02,9.5092307463e-01,9.7336578312e-01,2.2442708490e-02,2.5278402968e-02,2.6086299884e-07,4.6838926103e-02
50.000000,748.000,80.000000,150.000000,7.5232828404e-02,-2.4835146162e-02,-2.7491094968e-02,9.5092307463e-01,9.7336578312e-01,2.2442708490e-02,2.6155068268e-02,9.9944773430e-06,4.8358729940e-02
50.000000,748.000,80.000000,155.000000,7.7383059784e-02,-2.7630464858e-02,-2.3374081531e-02,9.5092307463e-01,9.7336578312e-01,2.2442708490e-02,2.6942249683e-02,2.2819665418e-04,4.9740872029e-02
50.000000,748.000,80.000000,160.000000,7.9247976895e-02,-3.0034673652e-02,-1.9008670776e-02,9.5092307463e-01,9.7336578312e-01,2.2442708490e-02,2.7618309500e-02,3.0367385780e-03,5.0939617641e-02
50.000000,748.000,80.000000,165.000000,8.0766094287e-02,-3.1979521882e-02,-1.4439430626e-02,9.5092307463e-01,9.7336578312e-01,2.2442708490e-02,2.8164595909e-02,2.3138751596e-02,5.1915444690e-02
50.000000,748.000,80.000000,170.000000,8.1887496566e-02,-3.3409688079e-02,-9.7142778778e-03,9.5092307463e-01,9.7336578312e-01,2.2442708490e-02,2.8565995342e-02,9.9605855833e-02,5.2636268181e-02
50.000000,748.000,80.000000,175.000000,8.2575383875e-02,-3.4284432172e-02,-4.8837142026e-03,9.5092307463e-01,9.7336578312e-01,2.2442708490e-02,2.8811380393e-02,2.4000251549e-01,5.3078433620e-02
50.000000,748.000,80.000000,180.000000,8.2807210793e-02,-3.4578812698e-02,-1.3731987641e-17,9.5092307463e-01,9.7336578312e-01,2.2442708490e-02,2.8893939778e-02,3.2194595959e-01,5.3227449090e-02
50.000000,748.000,80.000000,185.000000,8.2575383875e-02,-3.4284432172e-02,4.8837142026e-03,9.5092307463e-01,9.7336578312e-01,2.2442708490e-02,2.8811380393e-02,2.4000251549e-01,5.3078433620e-02
50.000000,748.000,80.000000,190.000000,8.1887496566e-02,-3.3409688079e-02,9.7142778778e-03,9.5092307463e-01,9.7336578312e-01,2.2442708490e-02,2.8565995342e-02,9.9605855833e-02,5.2636268181e-02
50.000000,748.000,80.000000,195.000000,8.0766094287e-02,-3.1979521882e-02,1.4439430626e-02,9.5092307463e-01,9.7336578312e-01,2.2442708490e-02,2.8164595909e-02,2.3138751596e-02,5.1915444690e-02
50.000000,748.000,80.000000,200.000000,7.9247976895e-02,-3.0034673652e-02,1.9008670776e-02,9.5092307463e-01,9.7336578312e-01,2.2442708490e-02,2.7618309500e-02,3.0367385780e-03,5.0939617641e-02
50.000000,748.000,80.000000,205.000000,7.7383059784e-02,-2.7630464858e-02,2.3374081531e-02,9.5092307463e-01,9.7336578312e-01,2.2442708490e-02,2.6942249683e-02,2.2819665418e-04,4.9740872029e-02
50.000000,748.000,80.000000,210.000000,7.5232828404e-02,-2.4835146162e-02,2.7491094968e-02,9.5092307463e-01,9.7336578312e-01,2.2442708490e-02,2.6155068268e-02,9.9944773430e-06,4.8358729940e-02
50.000000,748.000,80.000000,215.000000,7.2868433362e-02,-2.1727860185e-02,3.1319175918e-02,9.5092307463e-01,9.7336578312e-01,2.2442708490e-02,2.5278402968e-02,2.6086299884e-07,4.6838926103e-02
50.000000,748.000,80.000000,220.000000,7.0368484283e-02,-1.8396280880e-02,3.4822410070e-02,9.5092307463e-01,9.7336578312e-01,2.2442708490e-02,2.4336237299e-02,4.1671552204e-09,4.5231989809e-02
50.000000,748.000,80.000000,225.000000,6.7816609775e-02,-1.4934000891e-02,3.7969983317e-02,9.5092307463e-01,9.7336578312e-01,2.2442708490e-02,2.3354192053e-02,4.2020299247e-11,4.3591676495e-02
50.000000,748.000,80.000000,230.000000,6.5298858058e-02,-1.1437745900e-02,4.0736542437e-02,9.5092307463e-01,9.7336578312e-01,2.2442708490e-02,2.2358769700e-02,2.7695515880e-13,4.1973296887e-02
50.000000,748.000,80.000000,235.000000,6.2901017656e-02,-8.0045001630e-03,4.3102430535e-02,9.5092307463e-01,9.7336578312e-01,2.2442708490e-02,2.1376574518e-02,1.2399218939e-15,4.0431994786e-02
50.000000,748.000,80.000000,240.000000,6.0705940069e-02,-4.7286300655e-03,4.5053794152e-02,9.5092307463e-01,9.7336578312e-01,2.2442708490e-02,2.0433531947e-02,3.9310266959e-18,3.9021026111e-02
50.000000,748.000,80.000000,245.000000,5.8790946313e-02,-1.6990925869e-03,4.6582562536e-02,9.5092307463e-01,9.7336578312e-01,2.2442708490e-02,1.9554130674e-02,9.2265178393e-21,3.7790091852e-02
50.000000,748.000,80.000000,250.000000,5.7225396696e-02,1.0031871050e-03,4.7686303047e-02,9.5092307463e-01,9.7336578312e-01,2.2442708490e-02,1.8760710262e-02,1.6799380381e-23,3.6783775955e-02
50.000000,748.000,80.000000,255.000000,5.6068498298e-02,3.3076898490e-03,4.8367960067e-02,9.5092307463e-01,9.7336578312e-01,2.2442708490e-02,1.8072815705e-02,2.4911290405e-26,3.6040136000e-02
50.000000,748.000,80.000000,260.000000,5.5367417422e-02,5.1563569871e-03,4.8635487893e-02,9.5092307463e-01,9.7336578312e-01,2.2442708490e-02,1.7506638294e-02,3.1630520458e-29,3.5589489899e-02
50.000000,748.000,80.000000,265.000000,5.5155755022e-02,6.5052634046e-03,4.8501390882e-02,9.5092307463e-01,9.7336578312e-01,2.2442708490e-02,1.7074559496e-02,3.6194341537e-32,3.5453435931e-02
50.000000,748.000,80.000000,270.000000,5.5452432163e-02,7.3258589760e-03,4.7982186487e-02,9.5092307463e-01,9.7336578312e-01,2.2442708490e-02,1.6784811446e-02,3.9309925590e-35,3.5644136321e-02
50.000000,748.000,80.000000,275.000000,5.6261020051e-02,7.6057414028e-03,4.7097808680e-02,9.5092307463e-01,9.7336578312e-01,2.2442708490e-02,1.6641264081e-02,4.2688811187e-38,3.6163886597e-02
50.000000,748.000,80.000000,280.000000,5.7569535746e-02,7.3489376815e-03,4.5870970625e-02,9.5092307463e-01,9.7336578312e-01,2.2442708490e-02,1.6643345104e-02,4.8826756974e-41,3.7004984273e-02
50.000000,748.000,80.000000,285.000000,5.9350710468e-02,6.5756863767e-03,4.4326506191e-02,9.5092307463e-01,9.7336578312e-01,2.2442708490e-02,1.6786094922e-02,6.1931987000e-44,3.8149901315e-02
50.000000,748.000,80.000000,290.000000,6.1562723094e-02,5.3217280390e-03,4.2490710094e-02,9.5092307463e-01,9.7336578312e-01,2.2442708490e-02,1.7060354609e-02,9.1645032889e-47,3.9571755624e-02
50.000000,748.000,80.000000,295.000000,6.4150377267e-02,3.6371260494e-03,4.0390695968e-02,9.5092307463e-01,9.7336578312e-01,2.2442708490e-02,1.7453080884e-02,1.6624502235e-49,4.1235067664e-02
50.000000,748.000,80.000000,300.000000,6.7046687074e-02,1.5846544271e-03,3.8053790702e-02,9.5092307463e-01,9.7336578312e-01,2.2442708490e-02,1.7947778277e-02,3.8785855652e-52,4.3096779722e-02
50.000000,748.000,80.000000,305.000000,7.0174823797e-02,-7.6219772110e-04,3.5506981765e-02,9.5092307463e-01,9.7336578312e-01,2.2442708490e-02,1.8525035055e-02,1.2187069879e-54,4.5107507249e-02
50.000000,748.000,80.000000,310.000000,7.3450365280e-02,-3.3215438039e-03,3.2776432216e-02,9.5092307463e-01,9.7336578312e-01,2.2442708490e-02,1.9163146381e-02,5.3885257291e-57,4.7212984729e-02
50.000000,748.000,80.000000,315.000000,7.6783780185e-02,-6.0056683382e-03,2.9887075565e-02,9.5092307463e-01,9.7336578312e-01,2.2442708490e-02,1.9838805501e-02,3.4939105971e-59,4.9355662528e-02
50.000000,748.000,80.000000,320.000000,8.0083072299e-02,-8.7237678733e-03,2.6862299849e-02,9.5092307463e-01,9.7336578312e-01,2.2442708490e-02,2.0527841729e-02,3.4522047001e-61,5.1476406620e-02
50.000000,748.000,80.000000,325.000000,8.3256505105e-02,-1.1384780389e-02,2.3723727149e-02,9.5092307463e-01,9.7336578312e-01,2.2442708490e-02,2.1205982568e-02,5.3840888369e-63,5.3516249907e-02
50.000000,748.000,80.000000,330.000000,8.6215324374e-02,-1.3900216658e-02,2.0491091518e-02,9.5092307463e-01,9.7336578312e-01,2.2442708490e-02,2.1849616618e-02,1.3681822303e-64,5.5418142272e-02
50.000000,748.000,80.000000,335.000000,8.8876396556e-02,-1.6186907063e-02,1.7182214964e-02,9.5092307463e-01,9.7336578312e-01,2.2442708490e-02,2.2436533868e-02,5.8259411597e-66,5.7128646500e-02
50.000000,748.000,80.000000,340.000000,9.1164683236e-02,-1.8169579950e-02,1.3813077823e-02,9.5092307463e-01,9.7336578312e-01,2.2442708490e-02,2.2946620739e-02,4.2584027629e-67,5.8599528825e-02
50.000000,748.000,80.000000,345.000000,9.3015476866e-02,-1.9783192802e-02,1.0397976750e-02,9.5092307463e-01,9.7336578312e-01,2.2442708490e-02,2.3362488574e-02,5.4508641100e-68,5.9789196039e-02
50.000000,748.000,80.000000,350.000000,9.4376330186e-02,-2.0974945048e-02,6.9497606099e-03,9.5092307463e-01,9.7336578312e-01,2.2442708490e-02,2.3670016370e-02,1.2412079953e-68,6.0663935691e-02
50.000000,748.000,80.000000,355.000000,9.5208620971e-02,-2.1705911093e-02,3.4801320012e-03,9.5092307463e-01,9.7336578312e-01,2.2442708490e-02,2.3858791140e-02,5.0850636030e-69,6.1198921896e-02
50.000000,748.000,85.000000,0.000000,1.5963628994e-01,-3.9623152371e-02,9.5469259468e-18,9.5092307463e-01,9.7336578312e-01,2.2442708490e-02,2.5054078847e-02,1.7143166819e-87,1.0261222923e-01
50.000000,748.000,85.000000,5.000000,1.5917277720e-01,-3.9193256187e-02,-6.7966222740e-03,9.5092307463e-01,9.7336578312e-01,2.2442708490e-02,2.4984375528e-02,2.5020848496e-87,1.0231428898e-01
50.000000,748.000,85.000000,10.000000,1.5779584856e-01,-3.7917102220e-02,-1.3554991271e-02,9.5092307463e-01,9.7336578312e-01,2.2442708490e-02,2.4777482228e-02,7.7567685030e-87,1.0142921631e-01
50.000000,748.000,85.000000,15.000000,1.5554592292e-01,-3.5834879386e-02,-2.0236735468e-02,9.5092307463e-01,9.7336578312e-01,2.2442708490e-02,2.4439980814e-02,5.0637798949e-86,9.9982991992e-02
50.000000,748.000,85.000000,20.000000,1.5248901117e-01,-3.3012199054e-02,-2.6803260199e-02,9.5092307463e-01,9.7336578312e-01,2.2442708490e-02,2.3982616129e-02,6.8621830650e-85,9.8018046994e-02
50.000000,748.000,85.000000,25.000000,1.4871472836e-01,-2.9538083639e-02,-3.3215668936e-02,9.5092307463e-01,9.7336578312e-01,2.2442708490e-02,2.3419965784e-02,1.8923489072e-83,9.5591984765e-02
50.000000,748.000,85.000000,30.000000,1.4433359566e-01,-2.5522236913e-02,-3.9434722704e-02,9.5092307463e-01,9.7336578312e-01,2.2442708490e-02,2.2769992044e-02,1.0353729646e-81,9.2775846955e-02
50.000000,748.000,85.000000,35.000000,1.3947371393e-01,-2.1091679172e-02,-4.5420848135e-02,9.5092307463e-01,9.7336578312e-01,2.2442708490e-02,2.2053489460e-02,1.0901536959e-79,8.9651975194e-02
50.000000,748.000,85.000000,40.000000,1.3427690957e-01,-1.6386849728e-02,-5.1134202936e-02,9.5092307463e-01,9.7336578312e-01,2.2442708490e-02,2.1293445078e-02,2.1318153081e-77,8.6311533737e-02
50.000000,748.000,85.000000,45.000000,1.2889446964e-01,-1.1557295444e-02,-5.6534805448e-02,9.5092307463e-01,9.7336578312e-01,2.2442708490e-02,2.0514330738e-02,7.4373010008e-75,8.2851768040e-02
50.000000,748.000,85.000000,50.000000,1.2348259546e-01,-6.7570766543e-03,-6.1582732570e-02,9.5092307463e-01,9.7336578312e-01,2.2442708490e-02,1.9741349011e-02,4.4270185950e-72,7.9373082371e-02
50.000000,748.000,85.000000,55.000000,1.1819771235e-01,-2.1400304299e-03,-6.6238387784e-02,9.5092307463e-01,9.7336578312e-01,2.2442708490e-02,1.8999655799e-02,4.2825962415e-69,7.5976024990e-02
50.000000,748.000,85.000000,60.000000,1.1319177772e-01,2.1449644484e-03,-7.0462838321e-02,9.5092307463e-01,9.7336578312e-01,2.2442708490e-02,1.8313583274e-02,6.3896673902e-66,7.2758272235e-02
50.000000,748.000,85.000000,65.000000,1.0860772952e-01,5.9585764903e-03,-7.4218217826e-02,9.5092307463e-01,9.7336578312e-01,2.2442708490e-02,1.7705886894e-02,1.3908476387e-62,6.9811702850e-02
50.000000,748.000,85.000000,70.000000,1.0457521290e-01,9.1753245281e-03,-7.7468188206e-02,9.5092307463e-01,9.7336578312e-01,2.2442708490e-02,1.7197039453e-02,4.1660774812e-59,6.7219651131e-02
50.000000,748.000,85.000000,75.000000,1.0120671436e-01,1.1687463510e-02,-8.0178451900e-02,9.5092307463e-01,9.7336578312e-01,2.2442708490e-02,1.6804593743e-02,1.6158021755e-55,6.5054422007e-02
50.000000,748.000,85.000000,80.000000,9.8594220317e-02,1.3408334429e-02,-8.2317303469e-02,9.5092307463e-01,9.7336578312e-01,2.2442708490e-02,1.6542633304e-02,7.6203087074e-52,6.3375143206e-02
50.000000,748.000,85.000000,85.000000,9.6806501015e-02,1.4275076021e-02,-8.3856207525e-02,9.5092307463e-01,9.7336578312e-01,2.2442708490e-02,1.6421328064e-02,4.0976189009e-48,6.2226019389e-02
50.000000,748.000,85.000000,90.000000,9.5887101715e-02,1.4250615247e-02,-8.4770388329e-02,9.5092307463e-01,9.7336578312e-01,2.2442708490e-02,1.6446608515e-02,2.3531829842e-44,6.1635040911e-02
50.000000,748.000,85.000000,95.000000,9.5853101594e-02,1.3324875453e-02,-8.5039415292e-02,9.5092307463e-01,9.7336578312e-01,2.2442708490e-02,1.6619968430e-02,1.3510627512e-40,6.1613186055e-02
50.000000,748.000,85.000000,100.000000,9.6694677421e-02,1.1515164892e-02,-8.4647767835e-02,9.5092307463e-01,9.7336578312e-01,2.2442708490e-02,1.6938402262e-02,7.2587970575e-37,6.2154140569e-02
50.000000,748.000,85.000000,105.000000,9.8375484656e-02,8.8657331688e-03,-8.3585362883e-02,9.5092307463e-01,9.7336578312e-01,2.2442708490e-02,1.7394479253e-02,3.4170130255e-33,6.3234542634e-02
50.000000,748.000,85.000000,110.000000,1.0083384376e-01,5.4465084538e-03,-8.1848028541e-02,9.5092307463e-01,9.7336578312e-01,2.2442708490e-02,1.7976552129e-02,1.3207093650e-29,6.4814745403e-02
50.000000,748.000,85.000000,115.000000,1.0398469501e-01,1.3510532247e-03,-7.9437908280e-02,9.5092307463e-01,9.7336578312e-01,2.2442708490e-02,1.8669094175e-02,3.9329100763e-26,6.6840073553e-02
50.000000,748.000,85.000000,120.000000,1.0772226194e-01,-3.3061999744e-03,-7.6363781242e-02,9.5092307463e-01,9.7336578312e-01,2.2442708490e-02,1.9453154570e-02,8.4828816286e-23,6.9242535261e-02
50.000000,748.000,85.000000,125.000000,1.1192334161e-01,-8.3933493571e-03,-7.2641286006e-02,9.5092307463e-01,9.7336578312e-01,2.2442708490e-02,2.0306918285e-02,1.2488657494e-19,7.1942937220e-02
50.000000,748.000,85.000000,130.000000,1.1645112151e-01,-1.3764958553e-02,-6.8293037271e-02,9.5092307463e-01,9.7336578312e-01,2.2442708490e-02,2.1206353631e-02,1.1861398834e-16,7.4853338039e-02
50.000000,748.000,85.000000,135.000000,1.2115940624e-01,-1.9266406102e-02,-6.3348627415e-02,9.5092307463e-01,9.7336578312e-01,2.2442708490e-02,2.2125927920e-02,6.8934517671e-14,7.7879765129e-02
50.000000,748.000,85.000000,140.000000,1.2589712523e-01,-2.4738518157e-02,-5.7844507637e-02,9.5092307463e-01,9.7336578312e-01,2.2442708490e-02,2.3039369597e-02,2.3346446116e-11,8.0925112192e-02
50.000000,748.000,85.000000,145.000000,1.3051298387e-01,-3.0022344134e-02,-5.1823746357e-02,9.5092307463e-01,9.7336578312e-01,2.2442708490e-02,2.3920453774e-02,4.4085196800e-09,8.3892128935e-02
50.000000,748.000,85.000000,150.000000,1.3486011644e-01,-3.4963930654e-02,-4.5335665625e-02,9.5092307463e-01,9.7336578312e-01,2.2442708490e-02,2.4743787428e-02,4.4634636365e-07,8.6686411889e-02
50.000000,748.000,85.000000,155.000000,1.3880059887e-01,-3.9418949169e-02,-3.8435359390e-02,9.5092307463e-01,9.7336578312e-01,2.2442708490e-02,2.5485570464e-02,2.3429713071e-05,8.9219305171e-02
50.000000,748.000,85.000000,160.000000,1.4220968394e-01,-4.3257037020e-02,-3.1183100534e-02,9.5092307463e-01,9.7336578312e-01,2.2442708490e-02,2.6124309605e-02,6.2013949560e-04,9.1410622811e-02
50.000000,748.000,85.000000,165.000000,1.4497962982e-01,-4.6365720385e-02,-2.3643646452e-02,9.5092307463e-01,9.7336578312e-01,2.2442708490e-02,2.6641463506e-02,8.0961977854e-03,9.3191109708e-02
50.000000,748.000,85.000000,170.000000,1.4702300547e-01,-4.8653800193e-02,-1.5885455636e-02,9.5092307463e-01,9.7336578312e-01,2.2442708490e-02,2.7021999523e-02,5.1290480794e-02,9.4504566252e-02
50.000000,748.000,85.000000,175.000000,1.4827537195e-01,-5.0054098380e-02,-7.9798300416e-03,9.5092307463e-01,9.7336578312e-01,2.2442708490e-02,2.7254845295e-02,1.5593028837e-01,9.5309571914e-02
50.000000,748.000,85.000000,180.000000,1.4869725838e-01,-5.0525481216e-02,-2.2431661998e-17,9.5092307463e-01,9.7336578312e-01,2.2442708490e-02,2.7333221440e-02,2.2604471967e-01,9.5580755284e-02
50.000000,748.000,85.000000,185.000000,1.4827537195e-01,-5.0054098380e-02,7.9798300416e-03,9.5092307463e-01,9.7336578312e-01,2.2442708490e-02,2.7254845295e-02,1.5593028837e-01,9.5309571914e-02
50.000000,748.000,85.000000,190.000000,1.4702300547e-01,-4.8653800193e-02,1.5885455636e-02,9.5092307463e-01,9.7336578312e-01,2.2442708490e-02,2.7021999523e-02,5.1290480794e-02,9.4504566252e-02
50.000000,748.000,85.000000,195.000000,1.4497962982e-01,-4.6365720385e-02,2.3643646452e-02,9.5092307463e-01,9.7336578312e-01,2.2442708490e-02,2.6641463506e-02,8.0961977854e-03,9.3191109708e-02
50.000000,748.000,85.000000,200.000000,1.4220968394e-01,-4.3257037020e-02,3.1183100534e-02,9.5092307463e-01,9.7336578312e-01,2.2442708490e-02,2.6124309605e-02,6.2013949560e-04,9.1410622811e-02
50.000000,748.000,85.000000,205.000000,1.3880059887e-01,-3.9418949169e-02,3.8435359390e-02,9.5092307463e-01,9.7336578312e-01,2.2442708490e-02,2.5485570464e-02,2.3429713071e-05,8.9219305171e-02
50.000000,748.000,85.000000,210.000000,1.3486011644e-01,-3.4963930654e-02,4.5335665625e-02,9.5092307463e-01,9.7336578312e-01,2.2442708490e-02,2.4743787428e-02,4.4634636365e-07,8.6686411889e-02
50.000000,748.000,85.000000,215.000000,1.3051298387e-01,-3.0022344134e-02,5.1823746357e-02,9.5092307463e-01,9.7336578312e-01,2.2442708490e-02,2.3920453774e-02,4.4085196800e-09,8.3892128935e-02
50.000000,748.000,85.000000,220.000000,1.2589712523e-01,-2.4738518157e-02,5.7844507637e-02,9.5092307463e-01,9.7336578312e-01,2.2442708490e-02,2.3039369597e-02,2.3346446116e-11,8.0925112192e-02
50.000000,748.000,85.000000,225.000000,1.2115940624e-01,-1.9266406102e-02,6.3348627415e-02,9.5092307463e-01,9.7336578312e-01,2.2442708490e-02,2.2125927920e-02,6.8934517671e-14,7.7879765129e-02
50.000000,748.000,85.000000,230.000000,1.1645112151e-01,-1.3764958553e-02,6.8293037271e-02,9.5092307463e-01,9.7336578312e-01,2.2442708490e-02,2.1206353631e-02,1.1861398834e-16,7.4853338039e-02
50.000000,748.000,85.000000,235.000000,1.1192334161e-01,-8.3933493571e-03,7.2641286006e-02,9.5092307463e-01,9.7336578312e-01,2.2442708490e-02,2.0306918285e-02,1.2488657494e-19,7.1942937220e-02
50.000000,748.000,85.000000,240.000000,1.0772226194e-01,-3.3061999744e-03,7.6363781242e-02,9.5092307463e-01,9.7336578312e-01,2.2442708490e-02,1.9453154570e-02,8.4828816286e-23,6.9242535261e-02
50.000000,748.000,85.000000,245.000000,1.0398469501e-01,1.3510532247e-03,7.9437908280e-02,9.5092307463e-01,9.7336578312e-01,2.2442708490e-02,1.8669094175e-02,3.9329100763e-26,6.6840073553e-02
50.000000,748.000,85.000000,250.000000,1.0083384376e-01,5.4465084538e-03,8.1848028541e-02,9.5092307463e-01,9.7336578312e-01,2.2442708490e-02,1.7976552129e-02,1.3207093650e-29,6.4814745403e-02
50.000000,748.000,85.000000,255.000000,9.8375484656e-02,8.8657331688e-03,8.3585362883e-02,9.5092307463e-01,9.7336578312e-01,2.2442708490e-02,1.7394479253e-02,3.4170130255e-33,6.3234542634e-02
50.000000,748.000,85.000000,260.000000,9.6694677421e-02,1.1515164892e-02,8.4647767835e-02,9.5092307463e-01,9.7336578312e-01,2.2442708490e-02,1.6938402262e-02,7.2587970575e-37,6.2154140569e-02
50.000000,748.000,85.000000,265.000000,9.5853101594e-02,1.3324875453e-02,8.5039415292e-02,9.5092307463e-01,9.7336578312e-01,2.2442708490e-02,1.6619968430e-02,1.3510627512e-40,6.1613186055e-02
50.000000,748.000,85.000000,270.000000,9.5887101715e-02,1.4250615247e-02,8.4770388329e-02,9.5092307463e-01,9.7336578312e-01,2.2442708490e-02,1.6446608515e-02,2.3531829842e-44,6.1635040911e-02
50.000000,748.000,85.000000,275.000000,9.6806501015e-02,1.4275076021e-02,8.3856207525e-02,9.5092307463e-01,9.7336578312e-01,2.2442708490e-02,1.6421328064e-02,4.0976189009e-48,6.2226019389e-02
50.000000,748.000,85.000000,280.000000,9.8594220317e-02,1.3408334429e-02,8.2317303469e-02,9.5092307463e-01,9.7336578312e-01,2.2442708490e-02,1.6542633304e-02,7.6203087074e-52,6.3375143206e-02
50.000000,748.000,85.000000,285.000000,1.0120671436e-01,1.1687463510e-02,8.0178451900e-02,9.5092307463e-01,9.7336578312e-01,2.2442708490e-02,1.6804593743e-02,1.6158021755e-55,6.5054422007e-02
50.000000,748.000,85.000000,290.000000,1.0457521290e-01,9.1753245281e-03,7.7468188206e-02,9.5092307463e-01,9.7336578312e-01,2.2442708490e-02,1.7197039453e-02,4.1660774812e-59,6.7219651131e-02
50.000000,748.000,85.000000,295.000000,1.0860772952e-01,5.9585764903e-03,7.4218217826e-02,9.5092307463e-01,9.7336578312e-01,2.2442708490e-02,1.7705886894e-02,1.3908476387e-62,6.9811702850e-02
50.000000,748.000,85.000000,300.000000,1.1319177772e-01,2.1449644484e-03,7.0462838321e-02,9.5092307463e-01,9.7336578312e-01,2.2442708490e-02,1.8313583274e-02,6.3896673902e-66,7.2758272235e-02
50.000000,748.000,85.000000,305.000000,1.1819771235e-01,-2.1400304299e-03,6.6238387784e-02,9.5092307463e-01,9.7336578312e-01,2.2442708490e-02,1.8999655799e-02,4.2825962415e-69,7.5976024990e-02
50.000000,748.000,85.000000,310.000000,1.2348259546e-01,-6.7570766543e-03,6.1582732570e-02,9.5092307463e-01,9.7336578312e-01,2.2442708490e-02,1.9741349011e-02,4.4270185950e-72,7.9373082371e-02
50.000000,748.000,85.000000,315.000000,1.2889446964e-01,-1.1557295444e-02,5.6534805448e-02,9.5092307463e-01,9.7336578312e-01,2.2442708490e-02,2.0514330738e-02,7.4373010008e-75,8.2851768040e-02
50.000000,748.000,85.000000,320.000000,1.3427690957e-01,-1.6386849728e-02,5.1134202936e-02,9.5092307463e-01,9.7336578312e-01,2.2442708490e-02,2.1293445078e-02,2.1318153081e-77,8.6311533737e-02
50.000000,748.000,85.000000,325.000000,1.3947371393e-01,-2.1091679172e-02,4.5420848135e-02,9.5092307463e-01,9.7336578312e-01,2.2442708490e-02,2.2053489460e-02,1.0901536959e-79,8.9651975194e-02
50.000000,748.000,85.000000,330.000000,1.4433359566e-01,-2.5522236913e-02,3.9434722704e-02,9.5092307463e-01,9.7336578312e-01,2.2442708490e-02,2.2769992044e-02,1.0353729646e-81,9.2775846955e-02
50.000000,748.000,85.000000,335.000000,1.4871472836e-01,-2.9538083639e-02,3.3215668936e-02,9.5092307463e-01,9.7336578312e-01,2.2442708490e-02,2.3419965784e-02,1.8923489072e-83,9.5591984765e-02
50.000000,748.000,85.000000,340.000000,1.5248901117e-01,-3.3012199054e-02,2.6803260199e-02,9.5092307463e-01,9.7336578312e-01,2.2442708490e-02,2.3982616129e-02,6.8621830650e-85,9.8018046994e-02
50.000000,748.000,85.000000,345.000000,1.5554592292e-01,-3.5834879386e-02,2.0236735468e-02,9.5092307463e-01,9.7336578312e-01,2.2442708490e-02,2.4439980814e-02,5.0637798949e-86,9.9982991992e-02
50.000000,748.000,85.000000,350.000000,1.5779584856e-01,-3.7917102220e-02,1.3554991271e-02,9.5092307463e-01,9.7336578312e-01,2.2442708490e-02,2.4777482228e-02,7.7567685030e-87,1.0142921631e-01
50.000000,748.000,85.000000,355.000000,1.5917277720e-01,-3.9193256187e-02,6.7966222740e-03,9.5092307463e-01,9.7336578312e-01,2.2442708490e-02,2.4984375528e-02,2.5020848496e-87,1.0231428898e-01
