sza_deg,wavelength_nm,vza_deg,raa_deg,rho_I,rho_Q,rho_U,direct_transmittance,irradiance_transmittance,diffuse_dn_hemi,diffuse_dn_dir,sunglint_up_flux_ratio_diag,toa_up_flux_ratio_diag
75.000000,748.000,0.000000,0.000000,2.7604934929e-02,-2.2752335095e-02,-5.5727148694e-18,8.8466640264e-01,9.4570442057e-01,6.1038017929e-02,5.4130164836e-02,5.2269855847e-10,7.1446828985e-03
75.000000,748.000,0.000000,5.000000,2.7604934929e-02,-2.2406676000e-02,3.9509015269e-03,8.8466640264e-01,9.4570442057e-01,6.1038017929e-02,5.4130164836e-02,5.2269855847e-10,7.1446828985e-03
75.000000,748.000,0.000000,10.000000,2.7604934929e-02,-2.1380201394e-02,7.7817569101e-03,8.8466640264e-01,9.4570442057e-01,6.1038017929e-02,5.4130164836e-02,5.2269855847e-10,7.1446828985e-03
75.000000,748.000,0.000000,15.000000,2.7604934929e-02,-1.9704100187e-02,1.1376167547e-02,8.8466640264e-01,9.4570442057e-01,6.1038017929e-02,5.4130164836e-02,5.2269855847e-10,7.1446828985e-03
75.000000,748.000,0.000000,20.000000,2.7604934929e-02,-1.7429299867e-02,1.4624919090e-02,8.8466640264e-01,9.4570442057e-01,6.1038017929e-02,5.4130164836e-02,5.2269855847e-10,7.1446828985e-03
75.000000,748.000,0.000000,25.000000,2.7604934929e-02,-1.4624919090e-02,1.7429299867e-02,8.8466640264e-01,9.4570442057e-01,6.1038017929e-02,5.4130164836e-02,5.2269855847e-10,7.1446828985e-03
75.000000,748.000,0.000000,30.000000,2.7604934929e-02,-1.1376167547e-02,1.9704100187e-02,8.8466640264e-01,9.4570442057e-01,6.1038017929e-02,5.4130164836e-02,5.2269855847e-10,7.1446828985e-03
75.000000,748.000,0.000000,35.000000,2.7604934929e-02,-7.7817569101e-03,2.1380201394e-02,8.8466640264e-01,9.4570442057e-01,6.1038017929e-02,5.4130164836e-02,5.2269855847e-10,7.1446828985e-03
75.000000,748.000,0.000000,40.000000,2.7604934929e-02,-3.9509015269e-03,2.2406676000e-02,8.8466640264e-01,9.4570442057e-01,6.1038017929e-02,5.4130164836e-02,5.2269855847e-10,7.1446828985e-03
75.000000,748.000,0.000000,45.000000,2.7604934929e-02,-6.9620205974e-18,2.2752335095e-02,8.8466640264e-01,9.4570442057e-01,6.1038017929e-02,5.4130164836e-02,5.2269855847e-10,7.1446828985e-03
75.000000,748.000,0.000000,50.000000,2.7604934929e-02,3.9509015269e-03,2.2406676000e-02,8.8466640264e-01,9.4570442057e-01,6.1038017929e-02,5.4130164836e-02,5.2269855847e-10,7.1446828985e-03
75.000000,748.000,0.000000,55.000000,2.7604934929e-02,7.7817569101e-03,2.1380201394e-02,8.8466640264e-01,9.4570442057e-01,6.1038017929e-02,5.4130164836e-02,5.2269855847e-10,7.1446828985e-03
75.000000,748.000,0.000000,60.000000,2.7604934929e-02,1.1376167547e-02,1.9704100187e-02,8.8466640264e-01,9.4570442057e-01,6.1038017929e-02,5.4130164836e-02,5.2269855847e-10,7.1446828985e-03
75.000000,748.000,0.000000,65.000000,2.7604934929e-02,1.4624919090e-02,1.7429299867e-02,8.8466640264e-01,9.4570442057e-01,6.1038017929e-02,5.4130164836e-02,5.2269855847e-10,7.1446828985e-03
75.000000,748.000,0.000000,70.000000,2.7604934929e-02,1.7429299867e-02,1.4624919090e-02,8.8466640264e-01,9.4570442057e-01,6.1038017929e-02,5.4130164836e-02,5.2269855847e-10,7.1446828985e-03
75.000000,748.000,0.000000,75.000000,2.7604934929e-02,1.9704100187e-02,1.1376167547e-02,8.8466640264e-01,9.4570442057e-01,6.1038017929e-02,5.4130164836e-02,5.2269855847e-10,7.1446828985e-03
75.000000,748.000,0.000000,80.000000,2.7604934929e-02,2.1380201394e-02,7.7817569101e-03,8.8466640264e-01,9.4570442057e-01,6.1038017929e-02,5.4130164836e-02,5.2269855847e-10,7.1446828985e-03
75.000000,748.000,0.000000,85.000000,2.7604934929e-02,2.2406676000e-02,3.9509015269e-03,8.8466640264e-01,9.4570442057e-01,6.1038017929e-02,5.4130164836e-02,5.2269855847e-10,7.1446828985e-03
75.000000,748.000,0.000000,90.000000,2.7604934929e-02,2.2752335095e-02,8.3571001362e-18,8.8466640264e-01,9.4570442057e-01,6.1038017929e-02,5.4130164836e-02,5.2269855847e-10,7.1446828985e-03
75.000000,748.000,0.000000,95.000000,2.7604934929e-02,2.2406676000e-02,-3.9509015269e-03,8.8466640264e-01,9.4570442057e-01,6.1038017929e-02,5.4130164836e-02,5.2269855847e-10,7.1446828985e-03
75.000000,748.000,0.000000,100.000000,2.7604934929e-02,2.1380201394e-02,-7.7817569101e-03,8.8466640264e-01,9.4570442057e-01,6.1038017929e-02,5.4130164836e-02,5.2269855847e-10,7.1446828985e-03
75.000000,748.000,0.000000,105.000000,2.7604934929e-02,1.9704100187e-02,-1.1376167547e-02,8.8466640264e-01,9.4570442057e-01,6.1038017929e-02,5.4130164836e-02,5.2269855847e-10,7.1446828985e-03
75.000000,748.000,0.000000,110.000000,2.7604934929e-02,1.7429299867e-02,-1.4624919090e-02,8.8466640264e-01,9.4570442057e-01,6.1038017929e-02,5.4130164836e-02,5.2269855847e-10,7.1446828985e-03
75.000000,748.000,0.000000,115.000000,2.7604934929e-02,1.4624919090e-02,-1.7429299867e-02,8.8466640264e-01,9.4570442057e-01,6.1038017929e-02,5.4130164836e-02,5.2269855847e-10,7.1446828985e-03
75.000000,748.000,0.000000,120.000000,2.7604934929e-02,1.1376167547e-02,-1.9704100187e-02,8.8466640264e-01,9.4570442057e-01,6.1038017929e-02,5.4130164836e-02,5.2269855847e-10,7.1446828985e-03
75.000000,748.000,0.000000,125.000000,2.7604934929e-02,7.7817569101e-03,-2.1380201394e-02,8.8466640264e-01,9.4570442057e-01,6.1038017929e-02,5.4130164836e-02,5.2269855847e-10,7.1446828985e-03
75.000000,748.000,0.000000,130.000000,2.7604934929e-02,3.9509015269e-03,-2.2406676000e-02,8.8466640264e-01,9.4570442057e-01,6.1038017929e-02,5.4130164836e-02,5.2269855847e-10,7.1446828985e-03
75.000000,748.000,0.000000,135.000000,2.7604934929e-02,9.7508622124e-18,-2.2752335095e-02,8.8466640264e-01,9.4570442057e-01,6.1038017929e-02,5.4130164836e-02,5.2269855847e-10,7.1446828985e-03
75.000000,748.000,0.000000,140.000000,2.7604934929e-02,-3.9509015269e-03,-2.2406676000e-02,8.8466640264e-01,9.4570442057e-01,6.1038017929e-02,5.4130164836e-02,5.2269855847e-10,7.1446828985e-03
75.000000,748.000,0.000000,145.000000,2.7604934929e-02,-7.7817569101e-03,-2.1380201394e-02,8.8466640264e-01,9.4570442057e-01,6.1038017929e-02,5.4130164836e-02,5.2269855847e-10,7.1446828985e-03
75.000000,748.000,0.000000,150.000000,2.7604934929e-02,-1.1376167547e-02,-1.9704100187e-02,8.8466640264e-01,9.4570442057e-01,6.1038017929e-02,5.4130164836e-02,5.2269855847e-10,7.1446828985e-03
75.000000,748.000,0.000000,155.000000,2.7604934929e-02,-1.4624919090e-02,-1.7429299867e-02,8.8466640264e-01,9.4570442057e-01,6.1038017929e-02,5.4130164836e-02,5.2269855847e-10,7.1446828985e-03
75.000000,748.000,0.000000,160.000000,2.7604934929e-02,-1.7429299867e-02,-1.4624919090e-02,8.8466640264e-01,9.4570442057e-01,6.1038017929e-02,5.4130164836e-02,5.2269855847e-10,7.1446828985e-03
75.000000,748.000,0.000000,165.000000,2.7604934929e-02,-1.9704100187e-02,-1.1376167547e-02,8.8466640264e-01,9.4570442057e-01,6.1038017929e-02,5.4130164836e-02,5.2269855847e-10,7.1446828985e-03
75.000000,748.000,0.000000,170.000000,2.7604934929e-02,-2.1380201394e-02,-7.7817569101e-03,8.8466640264e-01,9.4570442057e-01,6.1038017929e-02,5.4130164836e-02,5.2269855847e-10,7.1446828985e-03
75.000000,748.000,0.000000,175.000000,2.7604934929e-02,-2.2406676000e-02,-3.9509015269e-03,8.8466640264e-01,9.4570442057e-01,6.1038017929e-02,5.4130164836e-02,5.2269855847e-10,7.1446828985e-03
75.000000,748.000,0.000000,180.000000,2.7604934929e-02,-2.2752335095e-02,-1.1145429739e-17,8.8466640264e-01,9.4570442057e-01,6.1038017929e-02,5.4130164836e-02,5.2269855847e-10,7.1446828985e-03
75.000000,748.000,0.000000,185.000000,2.7604934929e-02,-2.2406676000e-02,3.9509015269e-03,8.8466640264e-01,9.4570442057e-01,6.1038017929e-02,5.4130164836e-02,5.2269855847e-10,7.1446828985e-03
75.000000,748.000,0.000000,190.000000,2.7604934929e-02,-2.1380201394e-02,7.7817569101e-03,8.8466640264e-01,9.4570442057e-01,6.1038017929e-02,5.4130164836e-02,5.2269855847e-10,7.1446828985e-03
75.000000,748.000,0.000000,195.000000,2.7604934929e-02,-1.9704100187e-02,1.1376167547e-02,8.8466640264e-01,9.4570442057e-01,6.1038017929e-02,5.4130164836e-02,5.2269855847e-10,7.1446828985e-03
75.000000,748.000,0.000000,200.000000,2.7604934929e-02,-1.7429299867e-02,1.4624919090e-02,8.8466640264e-01,9.4570442057e-01,6.1038017929e-02,5.4130164836e-02,5.2269855847e-10,7.1446828985e-03
75.000000,748.000,0.000000,205.000000,2.7604934929e-02,-1.4624919090e-02,1.7429299867e-02,8.8466640264e-01,9.4570442057e-01,6.1038017929e-02,5.4130164836e-02,5.2269855847e-10,7.1446828985e-03
75.000000,748.000,0.000000,210.000000,2.7604934929e-02,-1.1376167547e-02,1.9704100187e-02,8.8466640264e-01,9.4570442057e-01,6.1038017929e-02,5.4130164836e-02,5.2269855847e-10,7.1446828985e-03
75.000000,748.000,0.000000,215.000000,2.7604934929e-02,-7.7817569101e-03,2.1380201394e-02,8.8466640264e-01,9.4570442057e-01,6.1038017929e-02,5.4130164836e-02,5.2269855847e-10,7.1446828985e-03
75.000000,748.000,0.000000,220.000000,2.7604934929e-02,-3.9509015269e-03,2.2406676000e-02,8.8466640264e-01,9.4570442057e-01,6.1038017929e-02,5.4130164836e-02,5.2269855847e-10,7.1446828985e-03
75.000000,748.000,0.000000,225.000000,2.7604934929e-02,-1.2539997265e-17,2.2752335095e-02,8.8466640264e-01,9.4570442057e-01,6.1038017929e-02,5.4130164836e-02,5.2269855847e-10,7.1446828985e-03
75.000000,748.000,0.000000,230.000000,2.7604934929e-02,3.9509015269e-03,2.2406676000e-02,8.8466640264e-01,9.4570442057e-01,6.1038017929e-02,5.4130164836e-02,5.2269855847e-10,7.1446828985e-03
75.000000,748.000,0.000000,235.000000,2.7604934929e-02,7.7817569101e-03,2.1380201394e-02,8.8466640264e-01,9.4570442057e-01,6.1038017929e-02,5.4130164836e-02,5.2269855847e-10,7.1446828985e-03
75.000000,748.000,0.000000,240.000000,2.7604934929e-02,1.1376167547e-02,1.9704100187e-02,8.8466640264e-01,9.4570442057e-01,6.1038017929e-02,5.4130164836e-02,5.2269855847e-10,7.1446828985e-03
75.000000,748.000,0.000000,245.000000,2.7604934929e-02,1.4624919090e-02,1.7429299867e-02,8.8466640264e-01,9.4570442057e-01,6.1038017929e-02,5.4130164836e-02,5.2269855847e-10,7.1446828985e-03
75.000000,748.000,0.000000,250.000000,2.7604934929e-02,1.7429299867e-02,1.4624919090e-02,8.8466640264e-01,9.4570442057e-01,6.1038017929e-02,5.4130164836e-02,5.2269855847e-10,7.1446828985e-03
75.000000,748.000,0.000000,255.000000,2.7604934929e-02,1.9704100187e-02,1.1376167547e-02,8.8466640264e-01,9.4570442057e-01,6.1038017929e-02,5.4130164836e-02,5.2269855847e-10,7.1446828985e-03
75.000000,748.000,0.000000,260.000000,2.7604934929e-02,2.1380201394e-02,7.7817569101e-03,8.8466640264e-01,9.4570442057e-01,6.1038017929e-02,5.4130164836e-02,5.2269855847e-10,7.1446828985e-03
75.000000,748.000,0.000000,265.000000,2.7604934929e-02,2.2406676000e-02,3.9509015269e-03,8.8466640264e-01,9.4570442057e-01,6.1038017929e-02,5.4130164836e-02,5.2269855847e-10,7.1446828985e-03
75.000000,748.000,0.000000,270.000000,2.7604934929e-02,2.2752335095e-02,1.3933759341e-17,8.8466640264e-01,9.4570442057e-01,6.1038017929e-02,5.4130164836e-02,5.2269855847e-10,7.1446828985e-03
75.000000,748.000,0.000000,275.000000,2.7604934929e-02,2.2406676000e-02,-3.9509015269e-03,8.8466640264e-01,9.4570442057e-01,6.1038017929e-02,5.4130164836e-02,5.2269855847e-10,7.1446828985e-03
75.000000,748.000,0.000000,280.000000,2.7604934929e-02,2.1380201394e-02,-7.7817569101e-03,8.8466640264e-01,9.4570442057e-01,6.1038017929e-02,5.4130164836e-02,5.2269855847e-10,7.1446828985e-03
75.000000,748.000,0.000000,285.000000,2.7604934929e-02,1.9704100187e-02,-1.1376167547e-02,8.8466640264e-01,9.4570442057e-01,6.1038017929e-02,5.4130164836e-02,5.2269855847e-10,7.1446828985e-03
75.000000,748.000,0.000000,290.000000,2.7604934929e-02,1.7429299867e-02,-1.4624919090e-02,8.8466640264e-01,9.4570442057e-01,6.1038017929e-02,5.4130164836e-02,5.2269855847e-10,7.1446828985e-03
75.000000,748.000,0.000000,295.000000,2.7604934929e-02,1.4624919090e-02,-1.7429299867e-02,8.8466640264e-01,9.4570442057e-01,6.1038017929e-02,5.4130164836e-02,5.2269855847e-10,7.1446828985e-03
75.000000,748.000,0.000000,300.000000,2.7604934929e-02,1.1376167547e-02,-1.9704100187e-02,8.8466640264e-01,9.4570442057e-01,6.1038017929e-02,5.4130164836e-02,5.2269855847e-10,7.1446828985e-03
75.000000,748.000,0.000000,305.000000,2.7604934929e-02,7.7817569101e-03,-2.1380201394e-02,8.8466640264e-01,9.4570442057e-01,6.1038017929e-02,5.4130164836e-02,5.2269855847e-10,7.1446828985e-03
75.000000,748.000,0.000000,310.000000,2.7604934929e-02,3.9509015269e-03,-2.2406676000e-02,8.8466640264e-01,9.4570442057e-01,6.1038017929e-02,5.4130164836e-02,5.2269855847e-10,7.1446828985e-03
75.000000,748.000,0.000000,315.000000,2.7604934929e-02,5.5745104938e-17,-2.2752335095e-02,8.8466640264e-01,9.4570442057e-01,6.1038017929e-02,5.4130164836e-02,5.2269855847e-10,7.1446828985e-03
75.000000,748.000,0.000000,320.000000,2.7604934929e-02,-3.9509015269e-03,-2.2406676000e-02,8.8466640264e-01,9.4570442057e-01,6.1038017929e-02,5.4130164836e-02,5.2269855847e-10,7.1446828985e-03
75.000000,748.000,0.000000,325.000000,2.7604934929e-02,-7.7817569101e-03,-2.1380201394e-02,8.8466640264e-01,9.4570442057e-01,6.1038017929e-02,5.4130164836e-02,5.2269855847e-10,7.1446828985e-03
75.000000,748.000,0.000000,330.000000,2.7604934929e-02,-1.1376167547e-02,-1.9704100187e-02,8.8466640264e-01,9.4570442057e-01,6.1038017929e-02,5.4130164836e-02,5.2269855847e-10,7.1446828985e-03
75.000000,748.000,0.000000,335.000000,2.7604934929e-02,-1.4624919090e-02,-1.7429299867e-02,8.8466640264e-01,9.4570442057e-01,6.1038017929e-02,5.4130164836e-02,5.2269855847e-10,7.1446828985e-03
75.000000,748.000,0.000000,340.000000,2.7604934929e-02,-1.7429299867e-02,-1.4624919090e-02,8.8466640264e-01,9.4570442057e-01,6.1038017929e-02,5.4130164836e-02,5.2269855847e-10,7.1446828985e-03
75.000000,748.000,0.000000,345.000000,2.7604934929e-02,-1.9704100187e-02,-1.1376167547e-02,8.8466640264e-01,9.4570442057e-01,6.1038017929e-02,5.4130164836e-02,5.2269855847e-10,7.1446828985e-03
75.000000,748.000,0.000000,350.000000,2.7604934929e-02,-2.1380201394e-02,-7.7817569101e-03,8.8466640264e-01,9.4570442057e-01,6.1038017929e-02,5.4130164836e-02,5.2269855847e-10,7.1446828985e-03
75.000000,748.000,0.000000,355.000000,2.7604934929e-02,-2.2406676000e-02,-3.9509015269e-03,8.8466640264e-01,9.4570442057e-01,6.1038017929e-02,5.4130164836e-02,5.2269855847e-10,7.1446828985e-03
75.000000,748.000,5.000000,0.000000,2.8637072440e-02,-2.1924064840e-02,-5.4770471191e-18,8.8466640264e-01,9.4570442057e-01,6.1038017929e-02,5.2978535566e-02,1.0330934701e-11,7.4118197436e-03
75.000000,748.000,5.000000,5.000000,2.8632711614e-02,-2.1581374139e-02,3.8828174730e-03,8.8466640264e-01,9.4570442057e-01,6.1038017929e-02,5.2981412949e-02,1.0475227958e-11,7.4106910785e-03
75.000000,748.000,5.000000,10.000000,2.8619694290e-02,-2.0563781743e-02,7.6461119273e-03,8.8466640264e-01,9.4570442057e-01,6.1038017929e-02,5.2990081977e-02,1.0919159865e-11,7.4073219473e-03
75.000000,748.000,5.000000,15.000000,2.8598214475e-02,-1.8902407840e-02,1.1174003753e-02,8.8466640264e-01,9.4570442057e-01,6.1038017929e-02,5.3004651231e-02,1.1697138205e-11,7.4017625621e-03
75.000000,748.000,5.000000,20.000000,2.8568590660e-02,-1.6648065995e-02,1.4357789368e-02,8.8466640264e-01,9.4570442057e-01,6.1038017929e-02,5.3025294855e-02,1.2870847211e-11,7.3940953545e-03
75.000000,748.000,5.000000,25.000000,2.8531258689e-02,-1.3869716671e-02,1.7099255610e-02,8.8466640264e-01,9.4570442057e-01,6.1038017929e-02,5.3052242576e-02,1.4536359128e-11,7.3844331294e-03
75.000000,748.000,5.000000,30.000000,2.8486762048e-02,-1.0652368370e-02,1.9313675131e-02,8.8466640264e-01,9.4570442057e-01,6.1038017929e-02,5.3085766199e-02,1.6835377290e-11,7.3729165513e-03
75.000000,748.000,5.000000,35.000000,2.8435739851e-02,-7.0944902043e-03,2.0932391666e-02,8.8466640264e-01,9.4570442057e-01,6.1038017929e-02,5.3126163050e-02,1.9972082987e-11,7.3597110349e-03
75.000000,748.000,5.000000,40.000000,2.8378912841e-02,-3.3050145496e-03,2.1904916567e-02,8.8466640264e-01,9.4570442057e-01,6.1038017929e-02,5.3173736924e-02,2.4237753179e-11,7.3450031227e-03
75.000000,748.000,5.000000,45.000000,2.8317067812e-02,5.9997911563e-04,2.2200472802e-02,8.8466640264e-01,9.4570442057e-01,6.1038017929e-02,5.3228777205e-02,3.0046225910e-11,7.3289964511e-03
75.000000,748.000,5.000000,50.000000,2.8251040845e-02,4.5007983646e-03,2.1808939441e-02,8.8466640264e-01,9.4570442057e-01,6.1038017929e-02,5.3291536866e-02,3.7984457276e-11,7.3119074146e-03
75.000000,748.000,5.000000,55.000000,2.8181699853e-02,8.2777825404e-03,2.0741167857e-02,8.8466640264e-01,9.4570442057e-01,6.1038017929e-02,5.3362210130e-02,4.8883847830e-11,7.2939606452e-03
75.000000,748.000,5.000000,60.000000,2.8109926864e-02,1.1814947232e-02,1.9028659967e-02,8.8466640264e-01,9.4570442057e-01,6.1038017929e-02,5.3440910582e-02,6.3919653942e-11,7.2753844289e-03
75.000000,748.000,5.000000,65.000000,2.8036600551e-02,1.5003517706e-02,1.6722618229e-02,8.8466640264e-01,9.4570442057e-01,6.1038017929e-02,5.3527650503e-02,8.4747434843e-11,7.2564061826e-03
75.000000,748.000,5.000000,70.000000,2.7962579438e-02,1.7745243867e-02,1.3892396208e-02,8.8466640264e-01,9.4570442057e-01,6.1038017929e-02,5.3622322210e-02,1.1368666894e-10,7.2372481086e-03
75.000000,748.000,5.000000,75.000000,2.7888686236e-02,1.9955395937e-02,1.0623396738e-02,8.8466640264e-01,9.4570442057e-01,6.1038017929e-02,5.3724682089e-02,1.5396157504e-10,7.2181231408e-03
75.000000,748.000,5.000000,80.000000,2.7815693708e-02,2.1565349765e-02,7.0144815083e-03,8.8466640264e-01,9.4570442057e-01,6.1038017929e-02,5.3834337956e-02,2.1000644575e-10,7.1992312843e-03
75.000000,748.000,5.000000,85.000000,2.7744312387e-02,2.2524683121e-02,3.1749707389e-03,8.8466640264e-01,9.4570442057e-01,6.1038017929e-02,5.3950740290e-02,2.8783547680e-10,7.1807564390e-03
75.000000,748.000,5.000000,90.000000,2.7675180464e-02,2.2802719206e-02,-7.7867590812e-04,8.8466640264e-01,9.4570442057e-01,6.1038017929e-02,5.4073177753e-02,3.9546264998e-10,7.1628637807e-03
75.000000,748.000,5.000000,95.000000,2.7608856043e-02,2.2389470373e-02,-4.7263963613e-03,8.8466640264e-01,9.4570442057e-01,6.1038017929e-02,5.4200777303e-02,5.4333306928e-10,7.1456977574e-03
75.000000,748.000,5.000000,100.000000,2.7545811924e-02,2.1295953319e-02,-8.5481736511e-03,8.8466640264e-01,9.4570442057e-01,6.1038017929e-02,5.4332509051e-02,7.4469149475e-10,7.1293807388e-03
75.000000,748.000,5.000000,105.000000,2.7486432976e-02,1.9553866064e-02,-1.2127683078e-02,8.8466640264e-01,9.4570442057e-01,6.1038017929e-02,5.4467195882e-02,1.0157674948e-09,7.1140123361e-03
75.000000,748.000,5.000000,110.000000,2.7431016091e-02,1.7214636451e-02,-1.5355828218e-02,8.8466640264e-01,9.4570442057e-01,6.1038017929e-02,5.4603527723e-02,1.3756054631e-09,7.0996693910e-03
75.000000,748.000,5.000000,115.000000,2.7379772637e-02,1.4347870990e-02,-1.8134058308e-02,8.8466640264e-01,9.4570442057e-01,6.1038017929e-02,5.4740080169e-02,1.8453250285e-09,7.0864066091e-03
75.000000,748.000,5.000000,120.000000,2.7332833239e-02,1.1039251083e-02,-2.0377366203e-02,8.8466640264e-01,9.4570442057e-01,6.1038017929e-02,5.4875337079e-02,2.4465852242e-09,7.0742577989e-03
75.000000,748.000,5.000000,125.000000,2.7290254668e-02,7.3879404745e-03,-2.2016875781e-02,8.8466640264e-01,9.4570442057e-01,6.1038017929e-02,5.5007716607e-02,3.1990731197e-09,7.0632376538e-03
75.000000,748.000,5.000000,130.000000,2.7252028537e-02,3.5035826174e-03,-2.3001940145e-02,8.8466640264e-01,9.4570442057e-01,6.1038017929e-02,5.5135600024e-02,4.1169729612e-09,7.0533440031e-03
75.000000,748.000,5.000000,135.000000,2.7218091467e-02,-4.9702089885e-04,-2.3301686832e-02,8.8466640264e-01,9.4570442057e-01,6.1038017929e-02,5.5257362612e-02,5.2046097184e-09,7.0445604431e-03
75.000000,748.000,5.000000,140.000000,2.7188336335e-02,-4.4934499989e-03,-2.2905963019e-02,8.8466640264e-01,9.4570442057e-01,6.1038017929e-02,5.5371405819e-02,6.4517842407e-09,7.0368592480e-03
75.000000,748.000,5.000000,145.000000,2.7162624187e-02,-8.3653163770e-03,-2.1825651971e-02,8.8466640264e-01,9.4570442057e-01,6.1038017929e-02,5.5476189845e-02,7.8296626846e-09,7.0302044546e-03
75.000000,748.000,5.000000,150.000000,2.7140796407e-02,-1.1995913511e-02,-2.0092351039e-02,8.8466640264e-01,9.4570442057e-01,6.1038017929e-02,5.5570265772e-02,9.2883396295e-09,7.0245550093e-03
75.000000,748.000,5.000000,155.000000,2.7122686681e-02,-1.5275755592e-02,-1.7757420927e-02,8.8466640264e-01,9.4570442057e-01,6.1038017929e-02,5.5652306385e-02,1.0757226358e-08,7.0198678674e-03
75.000000,748.000,5.000000,160.000000,2.7108132369e-02,-1.8105897890e-02,-1.4890435059e-02,8.8466640264e-01,9.4570442057e-01,6.1038017929e-02,5.5721134844e-02,1.2149110359e-08,7.0161009343e-03
75.000000,748.000,5.000000,165.000000,2.7096984871e-02,-2.0400937728e-02,-1.1577076063e-02,8.8466640264e-01,9.4570442057e-01,6.1038017929e-02,5.5775750430e-02,1.3368061929e-08,7.0132157494e-03
75.000000,748.000,5.000000,170.000000,2.7089118636e-02,-2.2091604907e-02,-7.9165432322e-03,8.8466640264e-01,9.4570442057e-01,6.1038017929e-02,5.5815350649e-02,1.4320435426e-08,7.0111798181e-03
75.000000,748.000,5.000000,175.000000,2.7084438515e-02,-2.3126862922e-02,-4.0185496273e-03,8.8466640264e-01,9.4570442057e-01,6.1038017929e-02,5.5839349092e-02,1.4927268816e-08,7.0099685135e-03
75.000000,748.000,5.000000,180.000000,2.7082885190e-02,-2.3475457138e-02,-1.1335535422e-17,8.8466640264e-01,9.4570442057e-01,6.1038017929e-02,5.5847388561e-02,1.5135740615e-08,7.0095664835e-03
75.000000,748.000,5.000000,185.000000,2.7084438515e-02,-2.3126862922e-02,4.0185496273e-03,8.8466640264e-01,9.4570442057e-01,6.1038017929e-02,5.5839349092e-02,1.4927268816e-08,7.0099685135e-03
75.000000,748.000,5.000000,190.000000,2.7089118636e-02,-2.2091604907e-02,7.9165432322e-03,8.8466640264e-01,9.4570442057e-01,6.1038017929e-02,5.5815350649e-02,1.4320435426e-08,7.0111798181e-03
75.000000,748.000,5.000000,195.000000,2.7096984871e-02,-2.0400937728e-02,1.1577076063e-02,8.8466640264e-01,9.4570442057e-01,6.1038017929e-02,5.5775750430e-02,1.3368061929e-08,7.0132157494e-03
75.000000,748.000,5.000000,200.000000,2.7108132369e-02,-1.8105897890e-02,1.4890435059e-02,8.8466640264e-01,9.4570442057e-01,6.1038017929e-02,5.5721134844e-02,1.2149110359e-08,7.0161009343e-03
75.000000,748.000,5.000000,205.000000,2.7122686681e-02,-1.5275755592e-02,1.7757420927e-02,8.8466640264e-01,9.4570442057e-01,6.1038017929e-02,5.5652306385e-02,1.0757226358e-08,7.0198678674e-03
75.000000,748.000,5.000000,210.000000,2.7140796407e-02,-1.1995913511e-02,2.0092351039e-02,8.8466640264e-01,9.4570442057e-01,6.1038017929e-02,5.5570265772e-02,9.2883396295e-09,7.0245550093e-03
75.000000,748.000,5.000000,215.000000,2.7162624187e-02,-8.3653163770e-03,2.1825651971e-02,8.8466640264e-01,9.4570442057e-01,6.1038017929e-02,5.5476189845e-02,7.8296626846e-09,7.0302044546e-03
75.000000,748.000,5.000000,220.000000,2.7188336335e-02,-4.4934499989e-03,2.2905963019e-02,8.8466640264e-01,9.4570442057e-01,6.1038017929e-02,5.5371405819e-02,6.4517842407e-09,7.0368592480e-03
75.000000,748.000,5.000000,225.000000,2.7218091467e-02,-4.9702089885e-04,2.3301686832e-02,8.8466640264e-01,9.4570442057e-01,6.1038017929e-02,5.5257362612e-02,5.2046097184e-09,7.0445604431e-03
75.000000,748.000,5.000000,230.000000,2.7252028537e-02,3.5035826174e-03,2.3001940145e-02,8.8466640264e-01,9.4570442057e-01,6.1038017929e-02,5.5135600024e-02,4.1169729612e-09,7.0533440031e-03
75.000000,748.000,5.000000,235.000000,2.7290254668e-02,7.3879404745e-03,2.2016875781e-02,8.8466640264e-01,9.4570442057e-01,6.1038017929e-02,5.5007716607e-02,3.1990731197e-09,7.0632376538e-03
75.000000,748.000,5.000000,240.000000,2.7332833239e-02,1.1039251083e-02,2.0377366203e-02,8.8466640264e-01,9.4570442057e-01,6.1038017929e-02,5.4875337079e-02,2.4465852242e-09,7.0742577989e-03
75.000000,748.000,5.000000,245.000000,2.7379772637e-02,1.4347870990e-02,1.8134058308e-02,8.8466640264e-01,9.4570442057e-01,6.1038017929e-02,5.4740080169e-02,1.8453250285e-09,7.0864066091e-03
75.000000,748.000,5.000000,250.000000,2.7431016091e-02,1.7214636451e-02,1.5355828218e-02,8.8466640264e-01,9.4570442057e-01,6.1038017929e-02,5.4603527723e-02,1.3756054631e-09,7.0996693910e-03
75.000000,748.000,5.000000,255.000000,2.7486432976e-02,1.9553866064e-02,1.2127683078e-02,8.8466640264e-01,9.4570442057e-01,6.1038017929e-02,5.4467195882e-02,1.0157674948e-09,7.1140123361e-03
75.000000,748.000,5.000000,260.000000,2.7545811924e-02,2.1295953319e-02,8.5481736511e-03,8.8466640264e-01,9.4570442057e-01,6.1038017929e-02,5.4332509051e-02,7.4469149475e-10,7.1293807388e-03
75.000000,748.000,5.000000,265.000000,2.7608856043e-02,2.2389470373e-02,4.7263963613e-03,8.8466640264e-01,9.4570442057e-01,6.1038017929e-02,5.4200777303e-02,5.4333306928e-10,7.1456977574e-03
75.000000,748.000,5.000000,270.000000,2.7675180464e-02,2.2802719206e-02,7.7867590812e-04,8.8466640264e-01,9.4570442057e-01,6.1038017929e-02,5.4073177753e-02,3.9546264998e-10,7.1628637807e-03
75.000000,748.000,5.000000,275.000000,2.7744312387e-02,2.2524683121e-02,-3.1749707389e-03,8.8466640264e-01,9.4570442057e-01,6.1038017929e-02,5.3950740290e-02,2.8783547680e-10,7.1807564390e-03
75.000000,748.000,5.000000,280.000000,2.7815693708e-02,2.1565349765e-02,-7.0144815083e-03,8.8466640264e-01,9.4570442057e-01,6.1038017929e-02,5.3834337956e-02,2.1000644575e-10,7.1992312843e-03
75.000000,748.000,5.000000,285.000000,2.7888686236e-02,1.9955395937e-02,-1.0623396738e-02,8.8466640264e-01,9.4570442057e-01,6.1038017929e-02,5.3724682089e-02,1.5396157504e-10,7.2181231408e-03
75.000000,748.000,5.000000,290.000000,2.7962579438e-02,1.7745243867e-02,-1.3892396208e-02,8.8466640264e-01,9.4570442057e-01,6.1038017929e-02,5.3622322210e-02,1.1368666894e-10,7.2372481086e-03
75.000000,748.000,5.000000,295.000000,2.8036600551e-02,1.5003517706e-02,-1.6722618229e-02,8.8466640264e-01,9.4570442057e-01,6.1038017929e-02,5.3527650503e-02,8.4747434843e-11,7.2564061826e-03
75.000000,748.000,5.000000,300.000000,2.8109926864e-02,1.1814947232e-02,-1.9028659967e-02,8.8466640264e-01,9.4570442057e-01,6.1038017929e-02,5.3440910582e-02,6.3919653942e-11,7.2753844289e-03
75.000000,748.000,5.000000,305.000000,2.8181699853e-02,8.2777825404e-03,-2.0741167857e-02,8.8466640264e-01,9.4570442057e-01,6.1038017929e-02,5.3362210130e-02,4.8883847830e-11,7.2939606452e-03
75.000000,748.000,5.000000,310.000000,2.8251040845e-02,4.5007983646e-03,-2.1808939441e-02,8.8466640264e-01,9.4570442057e-01,6.1038017929e-02,5.3291536866e-02,3.7984457276e-11,7.3119074146e-03
75.000000,748.000,5.000000,315.000000,2.8317067812e-02,5.9997911563e-04,-2.2200472802e-02,8.8466640264e-01,9.4570442057e-01,6.1038017929e-02,5.3228777205e-02,3.0046225910e-11,7.3289964511e-03
75.000000,748.000,5.000000,320.000000,2.8378912841e-02,-3.3050145496e-03,-2.1904916567e-02,8.8466640264e-01,9.4570442057e-01,6.1038017929e-02,5.3173736924e-02,2.4237753179e-11,7.3450031227e-03
75.000000,748.000,5.000000,325.000000,2.8435739851e-02,-7.0944902043e-03,-2.0932391666e-02,8.8466640264e-01,9.4570442057e-01,6.1038017929e-02,5.3126163050e-02,1.9972082987e-11,7.3597110349e-03
75.000000,748.000,5.000000,330.000000,2.8486762048e-02,-1.0652368370e-02,-1.9313675131e-02,8.8466640264e-01,9.4570442057e-01,6.1038017929e-02,5.3085766199e-02,1.6835377290e-11,7.3729165513e-03
75.000000,748.000,5.000000,335.000000,2.8531258689e-02,-1.3869716671e-02,-1.7099255610e-02,8.8466640264e-01,9.4570442057e-01,6.1038017929e-02,5.3052242576e-02,1.4536359128e-11,7.3844331294e-03
75.000000,748.000,5.000000,340.000000,2.8568590660e-02,-1.6648065995e-02,-1.4357789368e-02,8.8466640264e-01,9.4570442057e-01,6.1038017929e-02,5.3025294855e-02,1.2870847211e-11,7.3940953545e-03
75.000000,748.000,5.000000,345.000000,2.8598214475e-02,-1.8902407840e-02,-1.1174003753e-02,8.8466640264e-01,9.4570442057e-01,6.1038017929e-02,5.3004651231e-02,1.1697138205e-11,7.4017625621e-03
75.000000,748.000,5.000000,350.000000,2.8619694290e-02,-2.0563781743e-02,-7.6461119273e-03,8.8466640264e-01,9.4570442057e-01,6.1038017929e-02,5.2990081977e-02,1.0919159865e-11,7.4073219473e-03
75.000000,748.000,5.000000,355.000000,2.8632711614e-02,-2.1581374139e-02,-3.8828174730e-03,8.8466640264e-01,9.4570442057e-01,6.1038017929e-02,5.2981412949e-02,1.0475227958e-11,7.4106910785e-03
75.000000,748.000,10.000000,0.000000,3.0148118712e-02,-2.1031048856e-02,-5.3833373415e-18,8.8466640264e-01,9.4570442057e-01,6.1038017929e-02,5.2226178009e-02,1.0340644768e-13,7.8029072967e-03
75.000000,748.000,10.000000,5.000000,3.0136709157e-02,-2.0691174112e-02,3.8161287090e-03,8.8466640264e-01,9.4570442057e-01,6.1038017929e-02,5.2227449344e-02,1.0635971998e-13,7.7999542865e-03
75.000000,748.000,10.000000,10.000000,3.0102695741e-02,-1.9682007984e-02,7.5132578670e-03,8.8466640264e-01,9.4570442057e-01,6.1038017929e-02,5.2231486808e-02,1.1571049030e-13,7.7911509668e-03
75.000000,748.000,10.000000,15.000000,3.0046718677e-02,-1.8034606025e-02,1.0976026865e-02,8.8466640264e-01,9.4570442057e-01,6.1038017929e-02,5.2238951994e-02,1.3306245399e-13,7.7766630363e-03
75.000000,748.000,10.000000,20.000000,2.9969826675e-02,-1.5799674639e-02,1.4096242231e-02,8.8466640264e-01,9.4570442057e-01,6.1038017929e-02,5.2250918560e-02,1.6157098871e-13,7.7567619220e-03
75.000000,748.000,10.000000,25.000000,2.9873450050e-02,-1.3046025440e-02,1.6776187710e-02,8.8466640264e-01,9.4570442057e-01,6.1038017929e-02,5.2268829705e-02,2.0684936777e-13,7.7318178158e-03
75.000000,748.000,10.000000,30.000000,2.9759364148e-02,-9.8584775648e-03,1.8931615466e-02,8.8466640264e-01,9.4570442057e-01,6.1038017929e-02,5.2294440570e-02,2.7868325935e-13,7.7022902116e-03
75.000000,748.000,10.000000,35.000000,2.9629644185e-02,-6.3352717240e-03,2.0494327369e-02,8.8466640264e-01,9.4570442057e-01,6.1038017929e-02,5.2329747411e-02,3.9422811795e-13,7.6687162148e-03
75.000000,748.000,10.000000,40.000000,2.9486612780e-02,-2.5850746419e-03,2.1414267754e-02,8.8466640264e-01,9.4570442057e-01,6.1038017929e-02,5.2376905825e-02,5.8400599334e-13,7.6316969629e-03
75.000000,748.000,10.000000,45.000000,2.9332781698e-02,1.2763350264e-03,2.1661063927e-02,8.8466640264e-01,9.4570442057e-01,6.1038017929e-02,5.2438140684e-02,9.0327610992e-13,7.5918825493e-03
75.000000,748.000,10.000000,50.000000,2.9170789499e-02,5.1295985036e-03,2.1224967445e-02,8.8466640264e-01,9.4570442057e-01,6.1038017929e-02,5.2515650699e-02,1.4538354712e-12,7.5499558830e-03
75.000000,748.000,10.000000,55.000000,2.9003336852e-02,8.8554190100e-03,2.0117167442e-02,8.8466640264e-01,9.4570442057e-01,6.1038017929e-02,5.2611510716e-02,2.4262078483e-12,7.5066159488e-03
75.000000,748.000,10.000000,60.000000,2.8833121385e-02,1.2338203411e-02,1.8369466336e-02,8.8466640264e-01,9.4570442057e-01,6.1038017929e-02,5.2727574960e-02,4.1818237151e-12,7.4625609441e-03
75.000000,748.000,10.000000,65.000000,2.8662773910e-02,1.5469592613e-02,1.6033327670e-02,8.8466640264e-01,9.4570442057e-01,6.1038017929e-02,5.2865384415e-02,7.4135933550e-12,7.4184717733e-03
75.000000,748.000,10.000000,70.000000,2.8494797828e-02,1.8151773308e-02,1.3178324895e-02,8.8466640264e-01,9.4570442057e-01,6.1038017929e-02,5.3026081436e-02,1.3459364155e-11,7.3749963641e-03
75.000000,748.000,10.000000,75.000000,2.8331513401e-02,2.0300470278e-02,9.8900381376e-03,8.8466640264e-01,9.4570442057e-01,6.1038017929e-02,5.3210334480e-02,2.4910472368e-11,7.3327352448e-03
75.000000,748.000,10.000000,80.000000,2.8175008441e-02,2.1847528203e-02,6.2674627791e-03,8.8466640264e-01,9.4570442057e-01,6.1038017929e-02,5.3418275540e-02,4.6780662840e-11,7.2922287805e-03
75.000000,748.000,10.000000,85.000000,2.8027096738e-02,2.2743004359e-02,2.4200085130e-03,8.8466640264e-01,9.4570442057e-01,6.1038017929e-02,5.3649452532e-02,8.8714588405e-11,7.2539464148e-03
75.000000,748.000,10.000000,90.000000,2.7889285339e-02,2.2956708443e-02,-1.5358199863e-03,8.8466640264e-01,9.4570442057e-01,6.1038017929e-02,5.3902798381e-02,1.6906472330e-10,7.2182781999e-03
75.000000,748.000,10.000000,95.000000,2.7762751486e-02,2.2479142585e-02,-5.4799599682e-03,8.8466640264e-01,9.4570442057e-01,6.1038017929e-02,5.4176618106e-02,3.2218779205e-10,7.1855288291e-03
75.000000,748.000,10.000000,100.000000,2.7648329764e-02,2.1321812801e-02,-9.2924376386e-03,8.8466640264e-01,9.4570442057e-01,6.1038017929e-02,5.4468594639e-02,6.1098724716e-10,7.1559143082e-03
75.000000,748.000,10.000000,105.000000,2.7546509642e-02,1.9516902260e-02,-1.2857014516e-02,8.8466640264e-01,9.4570442057e-01,6.1038017929e-02,5.4775813541e-02,1.1473799674e-09,7.1295613213e-03
75.000000,748.000,10.000000,110.000000,2.7457443338e-02,1.7116316101e-02,-1.6064722311e-02,8.8466640264e-01,9.4570442057e-01,6.1038017929e-02,5.5094806219e-02,2.1234977319e-09,7.1065092657e-03
75.000000,748.000,10.000000,115.000000,2.7380963585e-02,1.4190126671e-02,-1.8817178896e-02,8.8466640264e-01,9.4570442057e-01,6.1038017929e-02,5.5421610675e-02,3.8550611500e-09,7.0867148489e-03
75.000000,748.000,10.000000,120.000000,2.7316610574e-02,1.0824466241e-02,-2.1029584583e-02,8.8466640264e-01,9.4570442057e-01,6.1038017929e-02,5.5751848272e-02,6.8339974440e-09,7.0700590643e-03
75.000000,748.000,10.000000,125.000000,2.7263667119e-02,7.1189310671e-03,-2.2633307605e-02,8.8466640264e-01,9.4570442057e-01,6.1038017929e-02,5.6080814534e-02,1.1778505793e-08,7.0563562898e-03
75.000000,748.000,10.000000,130.000000,2.7221200781e-02,3.1835755094e-03,-2.3577980178e-02,8.8466640264e-01,9.4570442057e-01,6.1038017929e-02,5.6403581525e-02,1.9655235985e-08,7.0453651927e-03
75.000000,748.000,10.000000,135.000000,2.7188111542e-02,-8.6441260903e-04,-2.3833041381e-02,8.8466640264e-01,9.4570442057e-01,6.1038017929e-02,5.6715109018e-02,3.1633451977e-08,7.0368010676e-03
75.000000,748.000,10.000000,140.000000,2.7163183421e-02,-4.9042545364e-03,-2.3388679870e-02,8.8466640264e-01,9.4570442057e-01,6.1038017929e-02,5.7010361354e-02,4.8924051278e-08,7.0303491950e-03
75.000000,748.000,10.000000,145.000000,2.7145138325e-02,-8.8152335184e-03,-2.2256147678e-02,8.8466640264e-01,9.4570442057e-01,6.1038017929e-02,5.7284426742e-02,7.2471060157e-08,7.0256787803e-03
75.000000,748.000,10.000000,150.000000,2.7132690374e-02,-1.2480347252e-02,-2.0467435453e-02,8.8466640264e-01,9.4570442057e-01,6.1038017929e-02,5.7532635602e-02,1.0251199155e-07,7.0224570137e-03
75.000000,748.000,10.000000,155.000000,2.7124598937e-02,-1.5789849009e-02,-1.8074318856e-02,8.8466640264e-01,9.4570442057e-01,6.1038017929e-02,5.7750674609e-02,1.3810409139e-07,7.0203627956e-03
75.000000,748.000,10.000000,160.000000,2.7119718640e-02,-1.8644569935e-02,-1.5146804975e-02,8.8466640264e-01,9.4570442057e-01,6.1038017929e-02,5.7934693188e-02,1.7679720538e-07,7.0190996818e-03
75.000000,748.000,10.000000,165.000000,2.7117044762e-02,-2.0958921678e-02,-1.1771025789e-02,8.8466640264e-01,9.4570442057e-01,6.1038017929e-02,5.8081399389e-02,2.1466688688e-07,7.0184076312e-03
75.000000,748.000,10.000000,170.000000,2.7115752534e-02,-2.2663488186e-02,-8.0466425507e-03,8.8466640264e-01,9.4570442057e-01,6.1038017929e-02,5.8188142417e-02,2.4685062611e-07,7.0180731781e-03
75.000000,748.000,10.000000,175.000000,2.7115229099e-02,-2.3707127997e-02,-4.0838397723e-03,8.8466640264e-01,9.4570442057e-01,6.1038017929e-02,5.8252979421e-02,2.6854764604e-07,7.0179377032e-03
75.000000,748.000,10.000000,180.000000,2.7115097092e-02,-2.4058523195e-02,-1.1519009495e-17,8.8466640264e-01,9.4570442057e-01,6.1038017929e-02,5.8274724632e-02,2.7621550991e-07,7.0179035371e-03
75.000000,748.000,10.000000,185.000000,2.7115229099e-02,-2.3707127997e-02,4.0838397723e-03,8.8466640264e-01,9.4570442057e-01,6.1038017929e-02,5.8252979421e-02,2.6854764604e-07,7.0179377032e-03
75.000000,748.000,10.000000,190.000000,2.7115752534e-02,-2.2663488186e-02,8.0466425507e-03,8.8466640264e-01,9.4570442057e-01,6.1038017929e-02,5.8188142417e-02,2.4685062611e-07,7.0180731781e-03
75.000000,748.000,10.000000,195.000000,2.7117044762e-02,-2.0958921678e-02,1.1771025789e-02,8.8466640264e-01,9.4570442057e-01,6.1038017929e-02,5.8081399389e-02,2.1466688688e-07,7.0184076312e-03
75.000000,748.000,10.000000,200.000000,2.7119718640e-02,-1.8644569935e-02,1.5146804975e-02,8.8466640264e-01,9.4570442057e-01,6.1038017929e-02,5.7934693188e-02,1.7679720538e-07,7.0190996818e-03
75.000000,748.000,10.000000,205.000000,2.7124598937e-02,-1.5789849009e-02,1.8074318856e-02,8.8466640264e-01,9.4570442057e-01,6.1038017929e-02,5.7750674609e-02,1.3810409139e-07,7.0203627956e-03
75.000000,748.000,10.000000,210.000000,2.7132690374e-02,-1.2480347252e-02,2.0467435453e-02,8.8466640264e-01,9.4570442057e-01,6.1038017929e-02,5.7532635602e-02,1.0251199155e-07,7.0224570137e-03
75.000000,748.000,10.000000,215.000000,2.7145138325e-02,-8.8152335184e-03,2.2256147678e-02,8.8466640264e-01,9.4570442057e-01,6.1038017929e-02,5.7284426742e-02,7.2471060157e-08,7.0256787803e-03
75.000000,748.000,10.000000,220.000000,2.7163183421e-02,-4.9042545364e-03,2.3388679870e-02,8.8466640264e-01,9.4570442057e-01,6.1038017929e-02,5.7010361354e-02,4.8924051278e-08,7.0303491950e-03
75.000000,748.000,10.000000,225.000000,2.7188111542e-02,-8.6441260903e-04,2.3833041381e-02,8.8466640264e-01,9.4570442057e-01,6.1038017929e-02,5.6715109018e-02,3.1633451977e-08,7.0368010676e-03
75.000000,748.000,10.000000,230.000000,2.7221200781e-02,3.1835755094e-03,2.3577980178e-02,8.8466640264e-01,9.4570442057e-01,6.1038017929e-02,5.6403581525e-02,1.9655235985e-08,7.0453651927e-03
75.000000,748.000,10.000000,235.000000,2.7263667119e-02,7.1189310671e-03,2.2633307605e-02,8.8466640264e-01,9.4570442057e-01,6.1038017929e-02,5.6080814534e-02,1.1778505793e-08,7.0563562898e-03
75.000000,748.000,10.000000,240.000000,2.7316610574e-02,1.0824466241e-02,2.1029584583e-02,8.8466640264e-01,9.4570442057e-01,6.1038017929e-02,5.5751848272e-02,6.8339974440e-09,7.0700590643e-03
75.000000,748.000,10.000000,245.000000,2.7380963585e-02,1.4190126671e-02,1.8817178896e-02,8.8466640264e-01,9.4570442057e-01,6.1038017929e-02,5.5421610675e-02,3.8550611500e-09,7.0867148489e-03
75.000000,748.000,10.000000,250.000000,2.7457443338e-02,1.7116316101e-02,1.6064722311e-02,8.8466640264e-01,9.4570442057e-01,6.1038017929e-02,5.5094806219e-02,2.1234977319e-09,7.1065092657e-03
75.000000,748.000,10.000000,255.000000,2.7546509642e-02,1.9516902260e-02,1.2857014516e-02,8.8466640264e-01,9.4570442057e-01,6.1038017929e-02,5.4775813541e-02,1.1473799674e-09,7.1295613213e-03
75.000000,748.000,10.000000,260.000000,2.7648329764e-02,2.1321812801e-02,9.2924376386e-03,8.8466640264e-01,9.4570442057e-01,6.1038017929e-02,5.4468594639e-02,6.1098724716e-10,7.1559143082e-03
75.000000,748.000,10.000000,265.000000,2.7762751486e-02,2.2479142585e-02,5.4799599682e-03,8.8466640264e-01,9.4570442057e-01,6.1038017929e-02,5.4176618106e-02,3.2218779205e-10,7.1855288291e-03
75.000000,748.000,10.000000,270.000000,2.7889285339e-02,2.2956708443e-02,1.5358199863e-03,8.8466640264e-01,9.4570442057e-01,6.1038017929e-02,5.3902798381e-02,1.6906472330e-10,7.2182781999e-03
75.000000,748.000,10.000000,275.000000,2.8027096738e-02,2.2743004359e-02,-2.4200085130e-03,8.8466640264e-01,9.4570442057e-01,6.1038017929e-02,5.3649452532e-02,8.8714588405e-11,7.2539464148e-03
75.000000,748.000,10.000000,280.000000,2.8175008441e-02,2.1847528203e-02,-6.2674627791e-03,8.8466640264e-01,9.4570442057e-01,6.1038017929e-02,5.3418275540e-02,4.6780662840e-11,7.2922287805e-03
75.000000,748.000,10.000000,285.000000,2.8331513401e-02,2.0300470278e-02,-9.8900381376e-03,8.8466640264e-01,9.4570442057e-01,6.1038017929e-02,5.3210334480e-02,2.4910472368e-11,7.3327352448e-03
75.000000,748.000,10.000000,290.000000,2.8494797828e-02,1.8151773308e-02,-1.3178324895e-02,8.8466640264e-01,9.4570442057e-01,6.1038017929e-02,5.3026081436e-02,1.3459364155e-11,7.3749963641e-03
75.000000,748.000,10.000000,295.000000,2.8662773910e-02,1.5469592613e-02,-1.6033327670e-02,8.8466640264e-01,9.4570442057e-01,6.1038017929e-02,5.2865384415e-02,7.4135933550e-12,7.4184717733e-03
75.000000,748.000,10.000000,300.000000,2.8833121385e-02,1.2338203411e-02,-1.8369466336e-02,8.8466640264e-01,9.4570442057e-01,6.1038017929e-02,5.2727574960e-02,4.1818237151e-12,7.4625609441e-03
75.000000,748.000,10.000000,305.000000,2.9003336852e-02,8.8554190100e-03,-2.0117167442e-02,8.8466640264e-01,9.4570442057e-01,6.1038017929e-02,5.2611510716e-02,2.4262078483e-12,7.5066159488e-03
75.000000,748.000,10.000000,310.000000,2.9170789499e-02,5.1295985036e-03,-2.1224967445e-02,8.8466640264e-01,9.4570442057e-01,6.1038017929e-02,5.2515650699e-02,1.4538354712e-12,7.5499558830e-03
75.000000,748.000,10.000000,315.000000,2.9332781698e-02,1.2763350264e-03,-2.1661063927e-02,8.8466640264e-01,9.4570442057e-01,6.1038017929e-02,5.2438140684e-02,9.0327610992e-13,7.5918825493e-03
75.000000,748.000,10.000000,320.000000,2.9486612780e-02,-2.5850746419e-03,-2.1414267754e-02,8.8466640264e-01,9.4570442057e-01,6.1038017929e-02,5.2376905825e-02,5.8400599334e-13,7.6316969629e-03
75.000000,748.000,10.000000,325.000000,2.9629644185e-02,-6.3352717240e-03,-2.0494327369e-02,8.8466640264e-01,9.4570442057e-01,6.1038017929e-02,5.2329747411e-02,3.9422811795e-13,7.6687162148e-03
75.000000,748.000,10.000000,330.000000,2.9759364148e-02,-9.8584775648e-03,-1.8931615466e-02,8.8466640264e-01,9.4570442057e-01,6.1038017929e-02,5.2294440570e-02,2.7868325935e-13,7.7022902116e-03
75.000000,748.000,10.000000,335.000000,2.9873450050e-02,-1.3046025440e-02,-1.6776187710e-02,8.8466640264e-01,9.4570442057e-01,6.1038017929e-02,5.2268829705e-02,2.0684936777e-13,7.7318178158e-03
75.000000,748.000,10.000000,340.000000,2.9969826675e-02,-1.5799674639e-02,-1.4096242231e-02,8.8466640264e-01,9.4570442057e-01,6.1038017929e-02,5.2250918560e-02,1.6157098871e-13,7.7567619220e-03
75.000000,748.000,10.000000,345.000000,3.0046718677e-02,-1.8034606025e-02,-1.0976026865e-02,8.8466640264e-01,9.4570442057e-01,6.1038017929e-02,5.2238951994e-02,1.3306245399e-13,7.7766630363e-03
75.000000,748.000,10.000000,350.000000,3.0102695741e-02,-1.9682007984e-02,-7.5132578670e-03,8.8466640264e-01,9.4570442057e-01,6.1038017929e-02,5.2231486808e-02,1.1571049030e-13,7.7911509668e-03
75.000000,748.000,10.000000,355.000000,3.0136709157e-02,-2.0691174112e-02,-3.8161287090e-03,8.8466640264e-01,9.4570442057e-01,6.1038017929e-02,5.2227449344e-02,1.0635971998e-13,7.7999542865e-03
75.000000,748.000,15.000000,0.000000,3.2203223346e-02,-2.0035817715e-02,-5.2836360525e-18,8.8466640264e-01,9.4570442057e-01,6.1038017929e-02,5.2208517404e-02,4.4797218064e-16,8.3348075157e-03
75.000000,748.000,15.000000,5.000000,3.2181831564e-02,-1.9698668161e-02,3.7451782987e-03,8.8466640264e-01,9.4570442057e-01,6.1038017929e-02,5.2202559920e-02,4.6780210425e-16,8.3292709150e-03
75.000000,748.000,15.000000,10.000000,3.2118110101e-02,-1.8697659342e-02,7.3719272355e-03,8.8466640264e-01,9.4570442057e-01,6.1038017929e-02,5.2185250958e-02,5.3253989510e-16,8.3127785868e-03
75.000000,748.000,15.000000,15.000000,3.2013408312e-02,-1.7063792091e-02,1.0765451132e-02,8.8466640264e-01,9.4570442057e-01,6.1038017929e-02,5.2158260955e-02,6.6022487196e-16,8.2856797697e-03
75.000000,748.000,15.000000,20.000000,3.1869934486e-02,-1.4847681823e-02,1.3818111003e-02,8.8466640264e-01,9.4570442057e-01,6.1038017929e-02,5.2124307829e-02,8.8995877472e-16,8.2485460112e-03
75.000000,748.000,15.000000,25.000000,3.1690696159e-02,-1.2118013229e-02,1.6432729573e-02,8.8466640264e-01,9.4570442057e-01,6.1038017929e-02,5.2087059951e-02,1.3013610338e-15,8.2021557186e-03
75.000000,748.000,15.000000,30.000000,3.1479419014e-02,-8.9594430471e-03,1.8525577630e-02,8.8466640264e-01,9.4570442057e-01,6.1038017929e-02,5.2051004623e-02,2.0583439911e-15,8.1474731697e-03
75.000000,748.000,15.000000,35.000000,3.1240446775e-02,-5.4700147508e-03,2.0028950709e-02,8.8466640264e-01,9.4570442057e-01,6.1038017929e-02,5.2021286185e-02,3.5092403422e-15,8.0856226029e-03
75.000000,748.000,15.000000,40.000000,3.0978625022e-02,-1.7581637739e-03,2.0893257567e-02,8.8466640264e-01,9.4570442057e-01,6.1038017929e-02,5.2003518904e-02,6.4227067678e-15,8.0178581468e-03
75.000000,748.000,15.000000,45.000000,3.0699172344e-02,2.0605955923e-03,2.1088556766e-02,8.8466640264e-01,9.4570442057e-01,6.1038017929e-02,5.2003580525e-02,1.2561264104e-14,7.9455304714e-03
75.000000,748.000,15.000000,50.000000,3.0407542602e-02,5.8672008309e-03,2.0605494427e-02,8.8466640264e-01,9.4570442057e-01,6.1038017929e-02,5.2027393056e-02,2.6118021094e-14,7.8700511402e-03
75.000000,748.000,15.000000,55.000000,3.0109282334e-02,9.5426819256e-03,1.9455614480e-02,8.8466640264e-01,9.4570442057e-01,6.1038017929e-02,5.2080697744e-02,5.7414049864e-14,7.7928557025e-03
75.000000,748.000,15.000000,60.000000,2.9809887448e-02,1.2971801382e-02,1.7671031747e-02,8.8466640264e-01,9.4570442057e-01,6.1038017929e-02,5.2168831435e-02,1.3263642995e-13,7.7153666039e-03
75.000000,748.000,15.000000,65.000000,2.9514663376e-02,1.6046582752e-02,1.5303477646e-02,8.8466640264e-01,9.4570442057e-01,6.1038017929e-02,5.2296511467e-02,3.1996773933e-13,7.6389569915e-03
75.000000,748.000,15.000000,70.000000,2.9228592729e-02,1.8669620248e-02,1.2422747321e-02,8.8466640264e-01,9.4570442057e-01,6.1038017929e-02,5.2467636060e-02,8.0064061166e-13,7.5649164599e-03
75.000000,748.000,15.000000,75.000000,2.8956214250e-02,2.0757068655e-02,9.1145952559e-03,8.8466640264e-01,9.4570442057e-01,6.1038017929e-02,5.2685106671e-02,2.0636016091e-12,7.4944197220e-03
75.000000,748.000,15.000000,80.000000,2.8701516514e-02,2.2241222480e-02,5.4781431745e-03,8.8466640264e-01,9.4570442057e-01,6.1038017929e-02,5.2950678188e-02,5.4392888887e-12,7.4284990973e-03
75.000000,748.000,15.000000,85.000000,2.8467849373e-02,2.3072605716e-02,1.6228788934e-03,8.8466640264e-01,9.4570442057e-01,6.1038017929e-02,5.3264841957e-02,1.4554047222e-11,7.3680215908e-03
75.000000,748.000,15.000000,90.000000,2.8257855569e-02,2.3221508483e-02,-2.3346627698e-03,8.8466640264e-01,9.4570442057e-01,6.1038017929e-02,5.3626745708e-02,3.9237253721e-11,7.3136711949e-03
75.000000,748.000,15.000000,95.000000,2.8073424361e-02,2.2678923611e-02,-6.2744362396e-03,8.8466640264e-01,9.4570442057e-01,6.1038017929e-02,5.4034153285e-02,1.0578143113e-10,7.2659368860e-03
75.000000,748.000,15.000000,100.000000,2.7915668304e-02,2.1456854428e-02,-1.0076531167e-02,8.8466640264e-01,9.4570442057e-01,6.1038017929e-02,5.4483445921e-02,2.8303427688e-10,7.2251066139e-03
75.000000,748.000,15.000000,105.000000,2.7784923620e-02,1.9587984171e-02,-1.3624817386e-02,8.8466640264e-01,9.4570442057e-01,6.1038017929e-02,5.4969665521e-02,7.4599327071e-10,7.1912673996e-03
75.000000,748.000,15.000000,110.000000,2.7680773909e-02,1.7124716770e-02,-1.6810478075e-02,8.8466640264e-01,9.4570442057e-01,6.1038017929e-02,5.5486599154e-02,1.9226227423e-09,7.1643114708e-03
75.000000,748.000,15.000000,115.000000,2.7602096201e-02,1.4137617930e-02,-1.9535323743e-02,8.8466640264e-01,9.4570442057e-01,6.1038017929e-02,5.6026902674e-02,4.8104688720e-09,7.1439481815e-03
75.000000,748.000,15.000000,120.000000,2.7547127709e-02,1.0713303589e-02,-2.1714786283e-02,8.8466640264e-01,9.4570442057e-01,6.1038017929e-02,5.6582260224e-02,1.1603353428e-08,7.1297212890e-03
75.000000,748.000,15.000000,125.000000,2.7513551000e-02,6.9518396949e-03,-2.3280502041e-02,8.8466640264e-01,9.4570442057e-01,6.1038017929e-02,5.7143575258e-02,2.6802290253e-08,7.1210309971e-03
75.000000,748.000,15.000000,130.000000,2.7498594754e-02,2.9637320358e-03,-2.4182405310e-02,8.8466640264e-01,9.4570442057e-01,6.1038017929e-02,5.7701187740e-02,5.8909481802e-08,7.1171600360e-03
75.000000,748.000,15.000000,135.000000,2.7499146833e-02,-1.1334026165e-03,-2.4390268518e-02,8.8466640264e-01,9.4570442057e-01,6.1038017929e-02,5.8245111376e-02,1.2246736275e-07,7.1173029243e-03
75.000000,748.000,15.000000,140.000000,2.7511875974e-02,-5.2183831414e-03,-2.3894642170e-02,8.8466640264e-01,9.4570442057e-01,6.1038017929e-02,5.8765284103e-02,2.3947411794e-07,7.1205974685e-03
75.000000,748.000,15.000000,145.000000,2.7533358244e-02,-9.1701209184e-03,-2.2707165812e-02,8.8466640264e-01,9.4570442057e-01,6.1038017929e-02,5.9251824616e-02,4.3821147872e-07,7.1261574891e-03
75.000000,748.000,15.000000,150.000000,2.7560204181e-02,-1.2871275973e-02,-2.0860240400e-02,8.8466640264e-01,9.4570442057e-01,6.1038017929e-02,5.9695287522e-02,7.4696347636e-07,7.1331057290e-03
75.000000,748.000,15.000000,155.000000,2.7589182616e-02,-1.6211801501e-02,-1.8406071816e-02,8.8466640264e-01,9.4570442057e-01,6.1038017929e-02,6.0086909710e-02,1.1812551197e-06,7.1406058999e-03
75.000000,748.000,15.000000,160.000000,2.7617337228e-02,-1.9092269243e-02,-1.5415114393e-02,8.8466640264e-01,9.4570442057e-01,6.1038017929e-02,6.0418840760e-02,1.7270428988e-06,7.1478928496e-03
75.000000,748.000,15.000000,165.000000,2.7642092171e-02,-2.1426874784e-02,-1.1973961510e-02,8.8466640264e-01,9.4570442057e-01,6.1038017929e-02,6.0684350656e-02,2.3276811474e-06,7.1542999003e-03
75.000000,748.000,15.000000,170.000000,2.7661343433e-02,-2.3146031615e-02,-8.1827471064e-03,8.8466640264e-01,9.4570442057e-01,6.1038017929e-02,6.0878008737e-02,2.8854897782e-06,7.1592824936e-03
75.000000,748.000,15.000000,175.000000,2.7673533054e-02,-2.4198475214e-02,-4.1521368343e-03,8.8466640264e-01,9.4570442057e-01,6.1038017929e-02,6.0995828641e-02,3.2845982471e-06,7.1624373997e-03
75.000000,748.000,15.000000,180.000000,2.7677703869e-02,-2.4552813300e-02,-1.1710927020e-17,8.8466640264e-01,9.4570442057e-01,6.1038017929e-02,6.1035374983e-02,3.4299209870e-06,7.1635168859e-03
75.000000,748.000,15.000000,185.000000,2.7673533054e-02,-2.4198475214e-02,4.1521368343e-03,8.8466640264e-01,9.4570442057e-01,6.1038017929e-02,6.0995828641e-02,3.2845982471e-06,7.1624373997e-03
75.000000,748.000,15.000000,190.000000,2.7661343433e-02,-2.3146031615e-02,8.1827471064e-03,8.8466640264e-01,9.4570442057e-01,6.1038017929e-02,6.0878008737e-02,2.8854897782e-06,7.1592824936e-03
75.000000,748.000,15.000000,195.000000,2.7642092171e-02,-2.1426874784e-02,1.1973961510e-02,8.8466640264e-01,9.4570442057e-01,6.1038017929e-02,6.0684350656e-02,2.3276811474e-06,7.1542999003e-03
75.000000,748.000,15.000000,200.000000,2.7617337228e-02,-1.9092269243e-02,1.5415114393e-02,8.8466640264e-01,9.4570442057e-01,6.1038017929e-02,6.0418840760e-02,1.7270428988e-06,7.1478928496e-03
75.000000,748.000,15.000000,205.000000,2.7589182616e-02,-1.6211801501e-02,1.8406071816e-02,8.8466640264e-01,9.4570442057e-01,6.1038017929e-02,6.0086909710e-02,1.1812551197e-06,7.1406058999e-03
75.000000,748.000,15.000000,210.000000,2.7560204181e-02,-1.2871275973e-02,2.0860240400e-02,8.8466640264e-01,9.4570442057e-01,6.1038017929e-02,5.9695287522e-02,7.4696347636e-07,7.1331057290e-03
75.000000,748.000,15.000000,215.000000,2.7533358244e-02,-9.1701209184e-03,2.2707165812e-02,8.8466640264e-01,9.4570442057e-01,6.1038017929e-02,5.9251824616e-02,4.3821147872e-07,7.1261574891e-03
75.000000,748.000,15.000000,220.000000,2.7511875974e-02,-5.2183831414e-03,2.3894642170e-02,8.8466640264e-01,9.4570442057e-01,6.1038017929e-02,5.8765284103e-02,2.3947411794e-07,7.1205974685e-03
75.000000,748.000,15.000000,225.000000,2.7499146833e-02,-1.1334026165e-03,2.4390268518e-02,8.8466640264e-01,9.4570442057e-01,6.1038017929e-02,5.8245111376e-02,1.2246736275e-07,7.1173029243e-03
75.000000,748.000,15.000000,230.000000,2.7498594754e-02,2.9637320358e-03,2.4182405310e-02,8.8466640264e-01,9.4570442057e-01,6.1038017929e-02,5.7701187740e-02,5.8909481802e-08,7.1171600360e-03
75.000000,748.000,15.000000,235.000000,2.7513551000e-02,6.9518396949e-03,2.3280502041e-02,8.8466640264e-01,9.4570442057e-01,6.1038017929e-02,5.7143575258e-02,2.6802290253e-08,7.1210309971e-03
75.000000,748.000,15.000000,240.000000,2.7547127709e-02,1.0713303589e-02,2.1714786283e-02,8.8466640264e-01,9.4570442057e-01,6.1038017929e-02,5.6582260224e-02,1.1603353428e-08,7.1297212890e-03
75.000000,748.000,15.000000,245.000000,2.7602096201e-02,1.4137617930e-02,1.9535323743e-02,8.8466640264e-01,9.4570442057e-01,6.1038017929e-02,5.6026902674e-02,4.8104688720e-09,7.1439481815e-03
75.000000,748.000,15.000000,250.000000,2.7680773909e-02,1.7124716770e-02,1.6810478075e-02,8.8466640264e-01,9.4570442057e-01,6.1038017929e-02,5.5486599154e-02,1.9226227423e-09,7.1643114708e-03
75.000000,748.000,15.000000,255.000000,2.7784923620e-02,1.9587984171e-02,1.3624817386e-02,8.8466640264e-01,9.4570442057e-01,6.1038017929e-02,5.4969665521e-02,7.4599327071e-10,7.1912673996e-03
75.000000,748.000,15.000000,260.000000,2.7915668304e-02,2.1456854428e-02,1.0076531167e-02,8.8466640264e-01,9.4570442057e-01,6.1038017929e-02,5.4483445921e-02,2.8303427688e-10,7.2251066139e-03
75.000000,748.000,15.000000,265.000000,2.8073424361e-02,2.2678923611e-02,6.2744362396e-03,8.8466640264e-01,9.4570442057e-01,6.1038017929e-02,5.4034153285e-02,1.0578143113e-10,7.2659368860e-03
75.000000,748.000,15.000000,270.000000,2.8257855569e-02,2.3221508483e-02,2.3346627698e-03,8.8466640264e-01,9.4570442057e-01,6.1038017929e-02,5.3626745708e-02,3.9237253721e-11,7.3136711949e-03
75.000000,748.000,15.000000,275.000000,2.8467849373e-02,2.3072605716e-02,-1.6228788934e-03,8.8466640264e-01,9.4570442057e-01,6.1038017929e-02,5.3264841957e-02,1.4554047222e-11,7.3680215908e-03
75.000000,748.000,15.000000,280.000000,2.8701516514e-02,2.2241222480e-02,-5.4781431745e-03,8.8466640264e-01,9.4570442057e-01,6.1038017929e-02,5.2950678188e-02,5.4392888887e-12,7.4284990973e-03
75.000000,748.000,15.000000,285.000000,2.8956214250e-02,2.0757068655e-02,-9.1145952559e-03,8.8466640264e-01,9.4570442057e-01,6.1038017929e-02,5.2685106671e-02,2.0636016091e-12,7.4944197220e-03
75.000000,748.000,15.000000,290.000000,2.9228592729e-02,1.8669620248e-02,-1.2422747321e-02,8.8466640264e-01,9.4570442057e-01,6.1038017929e-02,5.2467636060e-02,8.0064061166e-13,7.5649164599e-03
75.000000,748.000,15.000000,295.000000,2.9514663376e-02,1.6046582752e-02,-1.5303477646e-02,8.8466640264e-01,9.4570442057e-01,6.1038017929e-02,5.2296511467e-02,3.1996773933e-13,7.6389569915e-03
75.000000,748.000,15.000000,300.000000,2.9809887448e-02,1.2971801382e-02,-1.7671031747e-02,8.8466640264e-01,9.4570442057e-01,6.1038017929e-02,5.2168831435e-02,1.3263642995e-13,7.7153666039e-03
75.000000,748.000,15.000000,305.000000,3.0109282334e-02,9.5426819256e-03,-1.9455614480e-02,8.8466640264e-01,9.4570442057e-01,6.1038017929e-02,5.2080697744e-02,5.7414049864e-14,7.7928557025e-03
75.000000,748.000,15.000000,310.000000,3.0407542602e-02,5.8672008309e-03,-2.0605494427e-02,8.8466640264e-01,9.4570442057e-01,6.1038017929e-02,5.2027393056e-02,2.6118021094e-14,7.8700511402e-03
75.000000,748.000,15.000000,315.000000,3.0699172344e-02,2.0605955923e-03,-2.1088556766e-02,8.8466640264e-01,9.4570442057e-01,6.1038017929e-02,5.2003580525e-02,1.2561264104e-14,7.9455304714e-03
75.000000,748.000,15.000000,320.000000,3.0978625022e-02,-1.7581637739e-03,-2.0893257567e-02,8.8466640264e-01,9.4570442057e-01,6.1038017929e-02,5.2003518904e-02,6.4227067678e-15,8.0178581468e-03
75.000000,748.000,15.000000,325.000000,3.1240446775e-02,-5.4700147508e-03,-2.0028950709e-02,8.8466640264e-01,9.4570442057e-01,6.1038017929e-02,5.2021286185e-02,3.5092403422e-15,8.0856226029e-03
75.000000,748.000,15.000000,330.000000,3.1479419014e-02,-8.9594430471e-03,-1.8525577630e-02,8.8466640264e-01,9.4570442057e-01,6.1038017929e-02,5.2051004623e-02,2.0583439911e-15,8.1474731697e-03
75.000000,748.000,15.000000,335.000000,3.1690696159e-02,-1.2118013229e-02,-1.6432729573e-02,8.8466640264e-01,9.4570442057e-01,6.1038017929e-02,5.2087059951e-02,1.3013610338e-15,8.2021557186e-03
75.000000,748.000,15.000000,340.000000,3.1869934486e-02,-1.4847681823e-02,-1.3818111003e-02,8.8466640264e-01,9.4570442057e-01,6.1038017929e-02,5.2124307829e-02,8.8995877472e-16,8.2485460112e-03
75.000000,748.000,15.000000,345.000000,3.2013408312e-02,-1.7063792091e-02,-1.0765451132e-02,8.8466640264e-01,9.4570442057e-01,6.1038017929e-02,5.2158260955e-02,6.6022487196e-16,8.2856797697e-03
75.000000,748.000,15.000000,350.000000,3.2118110101e-02,-1.8697659342e-02,-7.3719272355e-03,8.8466640264e-01,9.4570442057e-01,6.1038017929e-02,5.2185250958e-02,5.3253989510e-16,8.3127785868e-03
75.000000,748.000,15.000000,355.000000,3.2181831564e-02,-1.9698668161e-02,-3.7451782987e-03,8.8466640264e-01,9.4570442057e-01,6.1038017929e-02,5.2202559920e-02,4.6780210425e-16,8.3292709150e-03
75.000000,748.000,20.000000,0.000000,3.4815581014e-02,-1.8975669609e-02,-5.1782319471e-18,8.8466640264e-01,9.4570442057e-01,6.1038017929e-02,5.2796523050e-02,6.8460320699e-19,9.0109354328e-03
75.000000,748.000,20.000000,5.000000,3.4781226003e-02,-1.8640848460e-02,3.6701727299e-03,8.8466640264e-01,9.4570442057e-01,6.1038017929e-02,5.2778427197e-02,7.2682226210e-19,9.0020437017e-03
75.000000,748.000,20.000000,10.000000,3.4678945479e-02,-1.7646817226e-02,7.2225375720e-03,8.8466640264e-01,9.4570442057e-01,6.1038017929e-02,5.2725181873e-02,8.6935624033e-19,8.9755715540e-03
75.000000,748.000,20.000000,15.000000,3.4511071102e-02,-1.6024553602e-02,1.0542914054e-02,8.8466640264e-01,9.4570442057e-01,6.1038017929e-02,5.2639878369e-02,1.1699146424e-18,8.9321224681e-03
75.000000,748.000,20.000000,20.000000,3.4281416746e-02,-1.3824633628e-02,1.3524265953e-02,8.8466640264e-01,9.4570442057e-01,6.1038017929e-02,5.2527551889e-02,1.7673132217e-18,8.8726835470e-03
75.000000,748.000,20.000000,25.000000,3.3995172411e-02,-1.1115685182e-02,1.6070000329e-02,8.8466640264e-01,9.4570442057e-01,6.1038017929e-02,5.2395009966e-02,2.9875081662e-18,8.7985980614e-03
75.000000,748.000,20.000000,30.000000,3.3658760130e-02,-7.9822891849e-03,1.8096948162e-02,8.8466640264e-01,9.4570442057e-01,6.1038017929e-02,5.2250599778e-02,5.6286204301e-18,8.7115281562e-03
75.000000,748.000,20.000000,35.000000,3.3279656163e-02,-4.5223923604e-03,1.9537935682e-02,8.8466640264e-01,9.4570442057e-01,6.1038017929e-02,5.2103921654e-02,1.1762359462e-17,8.6134088293e-03
75.000000,748.000,20.000000,40.000000,3.2866184721e-02,-8.4431032541e-04,2.0343867920e-02,8.8466640264e-01,9.4570442057e-01,6.1038017929e-02,5.1965497695e-02,2.7111054035e-17,8.5063945456e-03
75.000000,748.000,20.000000,45.000000,3.2427289360e-02,2.9365877932e-03,2.0485260859e-02,8.8466640264e-01,9.4570442057e-01,6.1038017929e-02,5.1846405909e-02,6.8484774893e-17,8.3928000673e-03
75.000000,748.000,20.000000,50.000000,3.1972288776e-02,6.7014122835e-03,1.9953175310e-02,8.8466640264e-01,9.4570442057e-01,6.1038017929e-02,5.1757891310e-02,1.8826569379e-16,8.2750372509e-03
75.000000,748.000,20.000000,55.000000,3.1510624240e-02,1.0331395764e-02,1.8759523869e-02,8.8466640264e-01,9.4570442057e-01,6.1038017929e-02,5.1710966199e-02,5.5889847061e-16,8.1555496763e-03
75.000000,748.000,20.000000,60.000000,3.1051606082e-02,1.3711535166e-02,1.6936741330e-02,8.8466640264e-01,9.4570442057e-01,6.1038017929e-02,5.1716012222e-02,1.7769740541e-15,8.0367470351e-03
75.000000,748.000,20.000000,65.000000,3.0604166713e-02,1.6734121876e-02,1.4536828351e-02,8.8466640264e-01,9.4570442057e-01,6.1038017929e-02,5.1782396770e-02,5.9977976734e-15,7.9209412047e-03
75.000000,748.000,20.000000,70.000000,3.0176627371e-02,1.9302052494e-02,1.1629797195e-02,8.8466640264e-01,9.4570442057e-01,6.1038017929e-02,5.1918115894e-02,2.1293378674e-14,7.8102858807e-03
75.000000,748.000,20.000000,75.000000,2.9776485434e-02,2.1331819333e-02,8.3015665669e-03,8.8466640264e-01,9.4570442057e-01,6.1038017929e-02,5.2129475146e-02,7.8750389994e-14,7.7067215266e-03
75.000000,748.000,20.000000,80.000000,2.9410228413e-02,2.2756089479e-02,4.6513693635e-03,8.8466640264e-01,9.4570442057e-01,6.1038017929e-02,5.2420818614e-02,3.0039663226e-13,7.6119272342e-03
75.000000,748.000,20.000000,85.000000,2.9083179994e-02,2.3525793745e-02,7.8875194257e-04,8.8466640264e-01,9.4570442057e-01,6.1038017929e-02,5.2794314991e-02,1.1698995878e-12,7.5272808746e-03
75.000000,748.000,20.000000,90.000000,2.8799382457e-02,2.3611661700e-02,-3.1697440142e-03,8.8466640264e-01,9.4570442057e-01,6.1038017929e-02,5.3249807806e-02,4.6038561941e-12,7.4538286671e-03
75.000000,748.000,20.000000,95.000000,2.8561518719e-02,2.3005155812e-02,-7.1041163050e-03,8.8466640264e-01,9.4570442057e-01,6.1038017929e-02,5.3784734998e-02,1.8117085644e-11,7.3922650015e-03
75.000000,748.000,20.000000,100.000000,2.8370876020e-02,2.1718775982e-02,-1.0894546324e-02,8.8466640264e-01,9.4570442057e-01,6.1038017929e-02,5.4394120934e-02,7.0554001129e-11,7.3429230401e-03
75.000000,748.000,20.000000,105.000000,2.8227352022e-02,1.9785724854e-02,-1.4425041779e-02,8.8466640264e-01,9.4570442057e-01,6.1038017929e-02,5.5070641757e-02,2.6910931091e-10,7.3057762961e-03
75.000000,748.000,20.000000,110.000000,2.8129502781e-02,1.7258943746e-02,-1.7586967315e-02,8.8466640264e-01,9.4570442057e-01,6.1038017929e-02,5.5804762742e-02,9.9514063695e-10,7.2804510489e-03
75.000000,748.000,20.000000,115.000000,2.8074630798e-02,1.4209548149e-02,-2.0282355717e-02,8.8466640264e-01,9.4570442057e-01,6.1038017929e-02,5.6584944126e-02,3.5323630482e-09,7.2662491347e-03
75.000000,748.000,20.000000,120.000000,2.8058910139e-02,1.0724709992e-02,-2.2426899009e-02,8.8466640264e-01,9.4570442057e-01,6.1038017929e-02,5.7397909800e-02,1.1920171331e-08,7.2621803288e-03
75.000000,748.000,20.000000,125.000000,2.8077544491e-02,6.9050506847e-03,-2.3952528447e-02,8.8466640264e-01,9.4570442057e-01,6.1038017929e-02,5.8228971328e-02,3.7889075364e-08,7.2670032541e-03
75.000000,748.000,20.000000,130.000000,2.8124953033e-02,2.8616238547e-03,-2.4809504887e-02,8.8466640264e-01,9.4570442057e-01,6.1038017929e-02,5.9062398036e-02,1.1244388359e-07,7.2792734875e-03
75.000000,748.000,20.000000,135.000000,2.8194978169e-02,-1.2874208769e-03,-2.4967955833e-02,8.8466640264e-01,9.4570442057e-01,6.1038017929e-02,5.9881822524e-02,3.0899499145e-07,7.2973973263e-03
75.000000,748.000,20.000000,140.000000,2.8281108527e-02,-5.4203919803e-03,-2.4418812277e-02,8.8466640264e-01,9.4570442057e-01,6.1038017929e-02,6.0670669827e-02,7.8022439051e-07,7.3196895033e-03
75.000000,748.000,20.000000,145.000000,2.8376710163e-02,-9.4157202555e-03,-2.3174116634e-02,8.8466640264e-01,9.4570442057e-01,6.1038017929e-02,6.1412597687e-02,1.7975449533e-06,7.3444330276e-03
75.000000,748.000,20.000000,150.000000,2.8475258705e-02,-1.3155622140e-02,-2.1266692176e-02,8.8466640264e-01,9.4570442057e-01,6.1038017929e-02,6.2091935067e-02,3.7547081995e-06,7.3699392671e-03
75.000000,748.000,20.000000,155.000000,2.8570565136e-02,-1.6529651011e-02,-1.8749183740e-02,8.8466640264e-01,9.4570442057e-01,6.1038017929e-02,6.2694106006e-02,7.0709550626e-06,7.3946063865e-03
75.000000,748.000,20.000000,160.000000,2.8656988158e-02,-1.9438028780e-02,-1.5692498557e-02,8.8466640264e-01,9.4570442057e-01,6.1038017929e-02,6.3206026342e-02,1.1948078476e-05,7.4169743106e-03
75.000000,748.000,20.000000,165.000000,2.8729626498e-02,-2.1794656752e-02,-1.2183694292e-02,8.8466640264e-01,9.4570442057e-01,6.1038017929e-02,6.3616461595e-02,1.8042950498e-05,7.4357744965e-03
75.000000,748.000,20.000000,170.000000,2.8784485145e-02,-2.3529714403e-02,-8.3233781155e-03,8.8466640264e-01,9.4570442057e-01,6.1038017929e-02,6.3916335447e-02,2.4274440138e-05,7.4499729589e-03
75.000000,748.000,20.000000,175.000000,2.8818610340e-02,-2.4591767265e-02,-4.2226955177e-03,8.8466640264e-01,9.4570442057e-01,6.1038017929e-02,6.4098979682e-02,2.9029976433e-05,7.4588052095e-03
75.000000,748.000,20.000000,180.000000,2.8830189128e-02,-2.4949319958e-02,-1.1909190639e-17,8.8466640264e-01,9.4570442057e-01,6.1038017929e-02,6.4160318206e-02,3.0818491956e-05,7.4618020202e-03
75.000000,748.000,20.000000,185.000000,2.8818610340e-02,-2.4591767265e-02,4.2226955177e-03,8.8466640264e-01,9.4570442057e-01,6.1038017929e-02,6.4098979682e-02,2.9029976433e-05,7.4588052095e-03
75.000000,748.000,20.000000,190.000000,2.8784485145e-02,-2.3529714403e-02,8.3233781155e-03,8.8466640264e-01,9.4570442057e-01,6.1038017929e-02,6.3916335447e-02,2.4274440138e-05,7.4499729589e-03
75.000000,748.000,20.000000,195.000000,2.8729626498e-02,-2.1794656752e-02,1.2183694292e-02,8.8466640264e-01,9.4570442057e-01,6.1038017929e-02,6.3616461595e-02,1.8042950498e-05,7.4357744965e-03
75.000000,748.000,20.000000,200.000000,2.8656988158e-02,-1.9438028780e-02,1.5692498557e-02,8.8466640264e-01,9.4570442057e-01,6.1038017929e-02,6.3206026342e-02,1.1948078476e-05,7.4169743106e-03
75.000000,748.000,20.000000,205.000000,2.8570565136e-02,-1.6529651011e-02,1.8749183740e-02,8.8466640264e-01,9.4570442057e-01,6.1038017929e-02,6.2694106006e-02,7.0709550626e-06,7.3946063865e-03
75.000000,748.000,20.000000,210.000000,2.8475258705e-02,-1.3155622140e-02,2.1266692176e-02,8.8466640264e-01,9.4570442057e-01,6.1038017929e-02,6.2091935067e-02,3.7547081995e-06,7.3699392671e-03
75.000000,748.000,20.000000,215.000000,2.8376710163e-02,-9.4157202555e-03,2.3174116634e-02,8.8466640264e-01,9.4570442057e-01,6.1038017929e-02,6.1412597687e-02,1.7975449533e-06,7.3444330276e-03
75.000000,748.000,20.000000,220.000000,2.8281108527e-02,-5.4203919803e-03,2.4418812277e-02,8.8466640264e-01,9.4570442057e-01,6.1038017929e-02,6.0670669827e-02,7.8022439051e-07,7.3196895033e-03
75.000000,748.000,20.000000,225.000000,2.8194978169e-02,-1.2874208769e-03,2.4967955833e-02,8.8466640264e-01,9.4570442057e-01,6.1038017929e-02,5.9881822524e-02,3.0899499145e-07,7.2973973263e-03
75.000000,748.000,20.000000,230.000000,2.8124953033e-02,2.8616238547e-03,2.4809504887e-02,8.8466640264e-01,9.4570442057e-01,6.1038017929e-02,5.9062398036e-02,1.1244388359e-07,7.2792734875e-03
75.000000,748.000,20.000000,235.000000,2.8077544491e-02,6.9050506847e-03,2.3952528447e-02,8.8466640264e-01,9.4570442057e-01,6.1038017929e-02,5.8228971328e-02,3.7889075364e-08,7.2670032541e-03
75.000000,748.000,20.000000,240.000000,2.8058910139e-02,1.0724709992e-02,2.2426899009e-02,8.8466640264e-01,9.4570442057e-01,6.1038017929e-02,5.7397909800e-02,1.1920171331e-08,7.2621803288e-03
75.000000,748.000,20.000000,245.000000,2.8074630798e-02,1.4209548149e-02,2.0282355717e-02,8.8466640264e-01,9.4570442057e-01,6.1038017929e-02,5.6584944126e-02,3.5323630482e-09,7.2662491347e-03
75.000000,748.000,20.000000,250.000000,2.8129502781e-02,1.7258943746e-02,1.7586967315e-02,8.8466640264e-01,9.4570442057e-01,6.1038017929e-02,5.5804762742e-02,9.9514063695e-10,7.2804510489e-03
75.000000,748.000,20.000000,255.000000,2.8227352022e-02,1.9785724854e-02,1.4425041779e-02,8.8466640264e-01,9.4570442057e-01,6.1038017929e-02,5.5070641757e-02,2.6910931091e-10,7.3057762961e-03
75.000000,748.000,20.000000,260.000000,2.8370876020e-02,2.1718775982e-02,1.0894546324e-02,8.8466640264e-01,9.4570442057e-01,6.1038017929e-02,5.4394120934e-02,7.0554001129e-11,7.3429230401e-03
75.000000,748.000,20.000000,265.000000,2.8561518719e-02,2.3005155812e-02,7.1041163050e-03,8.8466640264e-01,9.4570442057e-01,6.1038017929e-02,5.3784734998e-02,1.8117085644e-11,7.3922650015e-03
75.000000,748.000,20.000000,270.000000,2.8799382457e-02,2.3611661700e-02,3.1697440142e-03,8.8466640264e-01,9.4570442057e-01,6.1038017929e-02,5.3249807806e-02,4.6038561941e-12,7.4538286671e-03
75.000000,748.000,20.000000,275.000000,2.9083179994e-02,2.3525793745e-02,-7.8875194257e-04,8.8466640264e-01,9.4570442057e-01,6.1038017929e-02,5.2794314991e-02,1.1698995878e-12,7.5272808746e-03
75.000000,748.000,20.000000,280.000000,2.9410228413e-02,2.2756089479e-02,-4.6513693635e-03,8.8466640264e-01,9.4570442057e-01,6.1038017929e-02,5.2420818614e-02,3.0039663226e-13,7.6119272342e-03
75.000000,748.000,20.000000,285.000000,2.9776485434e-02,2.1331819333e-02,-8.3015665669e-03,8.8466640264e-01,9.4570442057e-01,6.1038017929e-02,5.2129475146e-02,7.8750389994e-14,7.7067215266e-03
75.000000,748.000,20.000000,290.000000,3.0176627371e-02,1.9302052494e-02,-1.1629797195e-02,8.8466640264e-01,9.4570442057e-01,6.1038017929e-02,5.1918115894e-02,2.1293378674e-14,7.8102858807e-03
75.000000,748.000,20.000000,295.000000,3.0604166713e-02,1.6734121876e-02,-1.4536828351e-02,8.8466640264e-01,9.4570442057e-01,6.1038017929e-02,5.1782396770e-02,5.9977976734e-15,7.9209412047e-03
75.000000,748.000,20.000000,300.000000,3.1051606082e-02,1.3711535166e-02,-1.6936741330e-02,8.8466640264e-01,9.4570442057e-01,6.1038017929e-02,5.1716012222e-02,1.7769740541e-15,8.0367470351e-03
75.000000,748.000,20.000000,305.000000,3.1510624240e-02,1.0331395764e-02,-1.8759523869e-02,8.8466640264e-01,9.4570442057e-01,6.1038017929e-02,5.1710966199e-02,5.5889847061e-16,8.1555496763e-03
75.000000,748.000,20.000000,310.000000,3.1972288776e-02,6.7014122835e-03,-1.9953175310e-02,8.8466640264e-01,9.4570442057e-01,6.1038017929e-02,5.1757891310e-02,1.8826569379e-16,8.2750372509e-03
75.000000,748.000,20.000000,315.000000,3.2427289360e-02,2.9365877932e-03,-2.0485260859e-02,8.8466640264e-01,9.4570442057e-01,6.1038017929e-02,5.1846405909e-02,6.8484774893e-17,8.3928000673e-03
75.000000,748.000,20.000000,320.000000,3.2866184721e-02,-8.4431032541e-04,-2.0343867920e-02,8.8466640264e-01,9.4570442057e-01,6.1038017929e-02,5.1965497695e-02,2.7111054035e-17,8.5063945456e-03
75.000000,748.000,20.000000,325.000000,3.3279656163e-02,-4.5223923604e-03,-1.9537935682e-02,8.8466640264e-01,9.4570442057e-01,6.1038017929e-02,5.2103921654e-02,1.1762359462e-17,8.6134088293e-03
75.000000,748.000,20.000000,330.000000,3.3658760130e-02,-7.9822891849e-03,-1.8096948162e-02,8.8466640264e-01,9.4570442057e-01,6.1038017929e-02,5.2250599778e-02,5.6286204301e-18,8.7115281562e-03
75.000000,748.000,20.000000,335.000000,3.3995172411e-02,-1.1115685182e-02,-1.6070000329e-02,8.8466640264e-01,9.4570442057e-01,6.1038017929e-02,5.2395009966e-02,2.9875081662e-18,8.7985980614e-03
75.000000,748.000,20.000000,340.000000,3.4281416746e-02,-1.3824633628e-02,-1.3524265953e-02,8.8466640264e-01,9.4570442057e-01,6.1038017929e-02,5.2527551889e-02,1.7673132217e-18,8.8726835470e-03
75.000000,748.000,20.000000,345.000000,3.4511071102e-02,-1.6024553602e-02,-1.0542914054e-02,8.8466640264e-01,9.4570442057e-01,6.1038017929e-02,5.2639878369e-02,1.1699146424e-18,8.9321224681e-03
75.000000,748.000,20.000000,350.000000,3.4678945479e-02,-1.7646817226e-02,-7.2225375720e-03,8.8466640264e-01,9.4570442057e-01,6.1038017929e-02,5.2725181873e-02,8.6935624033e-19,8.9755715540e-03
75.000000,748.000,20.000000,355.000000,3.4781226003e-02,-1.8640848460e-02,-3.6701727299e-03,8.8466640264e-01,9.4570442057e-01,6.1038017929e-02,5.2778427197e-02,7.2682226210e-19,9.0020437017e-03
75.000000,748.000,25.000000,0.000000,3.8040657789e-02,-1.7874715446e-02,-5.0640568023e-18,8.8466640264e-01,9.4570442057e-01,6.1038017929e-02,5.3950208818e-02,2.8166855610e-22,9.8456467241e-03
75.000000,748.000,25.000000,5.000000,3.7990146517e-02,-1.7541499922e-02,3.5889301230e-03,8.8466640264e-01,9.4570442057e-01,6.1038017929e-02,5.3915517956e-02,3.0462657730e-22,9.8325734449e-03
75.000000,748.000,25.000000,10.000000,3.7839826603e-02,-1.6552298128e-02,7.0607519503e-03,8.8466640264e-01,9.4570442057e-01,6.1038017929e-02,5.3813088306e-02,3.8512004456e-22,9.7936677883e-03
75.000000,748.000,25.000000,15.000000,3.7593305314e-02,-1.4938124601e-02,1.0301976807e-02,8.8466640264e-01,9.4570442057e-01,6.1038017929e-02,5.3647794266e-02,5.6812720980e-22,9.7298633837e-03
75.000000,748.000,25.000000,20.000000,3.7256480983e-02,-1.2749613984e-02,1.3206244815e-02,8.8466640264e-01,9.4570442057e-01,6.1038017929e-02,5.3427580182e-02,9.7504953356e-22,9.6426868319e-03
75.000000,748.000,25.000000,25.000000,3.6837375907e-02,-1.0055470429e-02,1.5677616529e-02,8.8466640264e-01,9.4570442057e-01,6.1038017929e-02,5.3163196727e-02,1.9388680088e-21,9.5342144563e-03
75.000000,748.000,25.000000,30.000000,3.6345909429e-02,-6.9403632515e-03,1.7633546573e-02,8.8466640264e-01,9.4570442057e-01,6.1038017929e-02,5.2867843350e-02,4.4435648727e-21,9.4070135717e-03
75.000000,748.000,25.000000,35.000000,3.5793617967e-02,-3.5023329221e-03,1.9007448466e-02,8.8466640264e-01,9.4570442057e-01,6.1038017929e-02,5.2556727897e-02,1.1663474377e-20,9.2640700229e-03
75.000000,748.000,25.000000,40.000000,3.5193330335e-02,1.5021364302e-04,1.9750772287e-02,8.8466640264e-01,9.4570442057e-01,6.1038017929e-02,5.2246557088e-02,3.4804909990e-20,9.1087041513e-03
75.000000,748.000,25.000000,45.000000,3.4558808027e-02,3.9018269870e-03,1.9834531624e-02,8.8466640264e-01,9.4570442057e-01,6.1038017929e-02,5.1954973689e-02,1.1709779824e-19,8.9444776935e-03
75.000000,748.000,25.000000,50.000000,3.3904361159e-02,7.6335569954e-03,1.9250233028e-02,8.8466640264e-01,9.4570442057e-01,6.1038017929e-02,5.1699957895e-02,4.4008499046e-19,8.7750943799e-03
75.000000,748.000,25.000000,55.000000,3.3244451482e-02,1.1226604878e-02,1.8010179355e-02,8.8466640264e-01,9.4570442057e-01,6.1038017929e-02,5.1499211600e-02,1.8290410542e-18,8.6042971877e-03
75.000000,748.000,25.000000,60.000000,3.2593294252e-02,1.4565973999e-02,1.6147137429e-02,8.8466640264e-01,9.4570442057e-01,6.1038017929e-02,5.1369544783e-02,8.3156845525e-18,8.4357652950e-03
75.000000,748.000,25.000000,65.000000,3.1964470709e-02,1.7544008312e-02,1.3713379823e-02,8.8466640264e-01,9.4570442057e-01,6.1038017929e-02,5.1326283229e-02,4.0884053557e-17,8.2730137862e-03
75.000000,748.000,25.000000,70.000000,3.1370562643e-02,2.0063710557e-02,1.0779129574e-02,8.8466640264e-01,9.4570442057e-01,6.1038017929e-02,5.1382716216e-02,2.1474756035e-16,8.1192990677e-03
75.000000,748.000,25.000000,75.000000,3.0822819753e-02,2.2041739018e-02,7.4304548447e-03,8.8466640264e-01,9.4570442057e-01,6.1038017929e-02,5.1549601584e-02,1.1899833747e-15,7.9775327758e-03
75.000000,748.000,25.000000,80.000000,3.0330869553e-02,2.3410991443e-02,3.7666772819e-03,8.8466640264e-01,9.4570442057e-01,6.1038017929e-02,5.1834743945e-02,6.8665134507e-15,7.8502066949e-03
75.000000,748.000,25.000000,85.000000,2.9902478239e-02,2.4122697185e-02,-1.0262735396e-04,8.8466640264e-01,9.4570442057e-01,6.1038017929e-02,5.2242659554e-02,4.0712290738e-14,7.7393308640e-03
75.000000,748.000,25.000000,90.000000,2.9543369368e-02,2.4147953619e-02,-4.0609453041e-03,8.8466640264e-01,9.4570442057e-01,6.1038017929e-02,5.2774338773e-02,2.4469775680e-13,7.6463866490e-03
75.000000,748.000,25.000000,95.000000,2.9257105458e-02,2.3478659722e-02,-7.9883570085e-03,8.8466640264e-01,9.4570442057e-01,6.1038017929e-02,5.3427114117e-02,1.4707032954e-12,7.5722960971e-03
75.000000,748.000,25.000000,100.000000,2.9045035667e-02,2.2127818032e-02,-1.1765178122e-02,8.8466640264e-01,9.4570442057e-01,6.1038017929e-02,5.4194638657e-02,8.7193632780e-12,7.5174083964e-03
75.000000,748.000,25.000000,105.000000,2.8906310735e-02,2.0129195383e-02,-1.5275598742e-02,8.8466640264e-01,9.4570442057e-01,6.1038017929e-02,5.5066976220e-02,5.0306751111e-11,7.4815037418e-03
75.000000,748.000,25.000000,110.000000,2.8837964284e-02,1.7536352309e-02,-1.8411210246e-02,8.8466640264e-01,9.4570442057e-01,6.1038017929e-02,5.6030801433e-02,2.7871121820e-10,7.4638143786e-03
75.000000,748.000,25.000000,115.000000,2.8835057611e-02,1.4421070174e-02,-2.1074312527e-02,8.8466640264e-01,9.4570442057e-01,6.1038017929e-02,5.7069704291e-02,1.4635453479e-09,7.4630620764e-03
75.000000,748.000,25.000000,120.000000,2.8890883138e-02,1.0871223416e-02,-2.3180901022e-02,8.8466640264e-01,9.4570442057e-01,6.1038017929e-02,5.8164590787e-02,7.1927338559e-09,7.4775107860e-03
75.000000,748.000,25.000000,125.000000,2.8997219938e-02,6.9881611327e-03,-2.4663242650e-02,8.8466640264e-01,9.4570442057e-01,6.1038017929e-02,5.9294168145e-02,3.2685017386e-08,7.5050327749e-03
75.000000,748.000,25.000000,130.000000,2.9144633179e-02,2.8836772042e-03,-2.5471962196e-02,8.8466640264e-01,9.4570442057e-01,6.1038017929e-02,6.0435500653e-02,1.3575656713e-07,7.5431861292e-03
75.000000,748.000,25.000000,135.000000,2.9322808017e-02,-1.3233393970e-03,-2.5577575549e-02,8.8466640264e-01,9.4570442057e-01,6.1038017929e-02,6.1564619906e-02,5.0982355995e-07,7.5893011706e-03
75.000000,748.000,25.000000,140.000000,2.9520907416e-02,-5.5104726625e-03,-2.4971422937e-02,8.8466640264e-01,9.4570442057e-01,6.1038017929e-02,6.2657171553e-02,1.7137659505e-06,7.6405730679e-03
75.000000,748.000,25.000000,145.000000,2.9727942702e-02,-9.5554579084e-03,-2.3665973538e-02,8.8466640264e-01,9.4570442057e-01,6.1038017929e-02,6.3689079548e-02,5.1091842236e-06,7.6941577429e-03
75.000000,748.000,25.000000,150.000000,2.9933145269e-02,-1.3339858982e-02,-2.1694491877e-02,8.8466640264e-01,9.4570442057e-01,6.1038017929e-02,6.4637208270e-02,1.3397292085e-05,7.7472680755e-03
75.000000,748.000,25.000000,155.000000,3.0126327861e-02,-1.6752632878e-02,-1.9110075820e-02,8.8466640264e-01,9.4570442057e-01,6.1038017929e-02,6.5480002942e-02,3.0674186612e-05,7.7972674093e-03
75.000000,748.000,25.000000,160.000000,3.0298224178e-02,-1.9693473701e-02,-1.5984095005e-02,8.8466640264e-01,9.4570442057e-01,6.1038017929e-02,6.6198089359e-02,6.0939117895e-05,7.8417574500e-03
75.000000,748.000,25.000000,165.000000,3.0440796286e-02,-2.2075834620e-02,-1.2404076779e-02,8.8466640264e-01,9.4570442057e-01,6.1038017929e-02,6.6774815119e-02,1.0450410878e-04,7.8786578269e-03
75.000000,748.000,25.000000,170.000000,3.0547500264e-02,-2.3829536167e-02,-8.4711034536e-03,8.8466640264e-01,9.4570442057e-01,6.1038017929e-02,6.7196716281e-02,1.5406974759e-04,7.9062748487e-03
75.000000,748.000,25.000000,175.000000,3.0613501874e-02,-2.4902881805e-02,-4.2967995315e-03,8.8466640264e-01,9.4570442057e-01,6.1038017929e-02,6.7453895562e-02,1.9470539989e-04,7.9233573223e-03
75.000000,748.000,25.000000,180.000000,3.0635835562e-02,-2.5264216612e-02,-1.2117403072e-17,8.8466640264e-01,9.4570442057e-01,6.1038017929e-02,6.7540300827e-02,2.1054748589e-04,7.9291377061e-03
75.000000,748.000,25.000000,185.000000,3.0613501874e-02,-2.4902881805e-02,4.2967995315e-03,8.8466640264e-01,9.4570442057e-01,6.1038017929e-02,6.7453895562e-02,1.9470539989e-04,7.9233573223e-03
75.000000,748.000,25.000000,190.000000,3.0547500264e-02,-2.3829536167e-02,8.4711034536e-03,8.8466640264e-01,9.4570442057e-01,6.1038017929e-02,6.7196716281e-02,1.5406974759e-04,7.9062748487e-03
75.000000,748.000,25.000000,195.000000,3.0440796286e-02,-2.2075834620e-02,1.2404076779e-02,8.8466640264e-01,9.4570442057e-01,6.1038017929e-02,6.6774815119e-02,1.0450410878e-04,7.8786578269e-03
75.000000,748.000,25.000000,200.000000,3.0298224178e-02,-1.9693473701e-02,1.5984095005e-02,8.8466640264e-01,9.4570442057e-01,6.1038017929e-02,6.6198089359e-02,6.0939117895e-05,7.8417574500e-03
75.000000,748.000,25.000000,205.000000,3.0126327861e-02,-1.6752632878e-02,1.9110075820e-02,8.8466640264e-01,9.4570442057e-01,6.1038017929e-02,6.5480002942e-02,3.0674186612e-05,7.7972674093e-03
75.000000,748.000,25.000000,210.000000,2.9933145269e-02,-1.3339858982e-02,2.1694491877e-02,8.8466640264e-01,9.4570442057e-01,6.1038017929e-02,6.4637208270e-02,1.3397292085e-05,7.7472680755e-03
75.000000,748.000,25.000000,215.000000,2.9727942702e-02,-9.5554579084e-03,2.3665973538e-02,8.8466640264e-01,9.4570442057e-01,6.1038017929e-02,6.3689079548e-02,5.1091842236e-06,7.6941577429e-03
75.000000,748.000,25.000000,220.000000,2.9520907416e-02,-5.5104726625e-03,2.4971422937e-02,8.8466640264e-01,9.4570442057e-01,6.1038017929e-02,6.2657171553e-02,1.7137659505e-06,7.6405730679e-03
75.000000,748.000,25.000000,225.000000,2.9322808017e-02,-1.3233393970e-03,2.5577575549e-02,8.8466640264e-01,9.4570442057e-01,6.1038017929e-02,6.1564619906e-02,5.0982355995e-07,7.5893011706e-03
75.000000,748.000,25.000000,230.000000,2.9144633179e-02,2.8836772042e-03,2.5471962196e-02,8.8466640264e-01,9.4570442057e-01,6.1038017929e-02,6.0435500653e-02,1.3575656713e-07,7.5431861292e-03
75.000000,748.000,25.000000,235.000000,2.8997219938e-02,6.9881611327e-03,2.4663242650e-02,8.8466640264e-01,9.4570442057e-01,6.1038017929e-02,5.9294168145e-02,3.2685017386e-08,7.5050327749e-03
75.000000,748.000,25.000000,240.000000,2.8890883138e-02,1.0871223416e-02,2.3180901022e-02,8.8466640264e-01,9.4570442057e-01,6.1038017929e-02,5.8164590787e-02,7.1927338559e-09,7.4775107860e-03
75.000000,748.000,25.000000,245.000000,2.8835057611e-02,1.4421070174e-02,2.1074312527e-02,8.8466640264e-01,9.4570442057e-01,6.1038017929e-02,5.7069704291e-02,1.4635453479e-09,7.4630620764e-03
75.000000,748.000,25.000000,250.000000,2.8837964284e-02,1.7536352309e-02,1.8411210246e-02,8.8466640264e-01,9.4570442057e-01,6.1038017929e-02,5.6030801433e-02,2.7871121820e-10,7.4638143786e-03
75.000000,748.000,25.000000,255.000000,2.8906310735e-02,2.0129195383e-02,1.5275598742e-02,8.8466640264e-01,9.4570442057e-01,6.1038017929e-02,5.5066976220e-02,5.0306751111e-11,7.4815037418e-03
75.000000,748.000,25.000000,260.000000,2.9045035667e-02,2.2127818032e-02,1.1765178122e-02,8.8466640264e-01,9.4570442057e-01,6.1038017929e-02,5.4194638657e-02,8.7193632780e-12,7.5174083964e-03
75.000000,748.000,25.000000,265.000000,2.9257105458e-02,2.3478659722e-02,7.9883570085e-03,8.8466640264e-01,9.4570442057e-01,6.1038017929e-02,5.3427114117e-02,1.4707032954e-12,7.5722960971e-03
75.000000,748.000,25.000000,270.000000,2.9543369368e-02,2.4147953619e-02,4.0609453041e-03,8.8466640264e-01,9.4570442057e-01,6.1038017929e-02,5.2774338773e-02,2.4469775680e-13,7.6463866490e-03
75.000000,748.000,25.000000,275.000000,2.9902478239e-02,2.4122697185e-02,1.0262735396e-04,8.8466640264e-01,9.4570442057e-01,6.1038017929e-02,5.2242659554e-02,4.0712290738e-14,7.7393308640e-03
75.000000,748.000,25.000000,280.000000,3.0330869553e-02,2.3410991443e-02,-3.7666772819e-03,8.8466640264e-01,9.4570442057e-01,6.1038017929e-02,5.1834743945e-02,6.8665134507e-15,7.8502066949e-03
75.000000,748.000,25.000000,285.000000,3.0822819753e-02,2.2041739018e-02,-7.4304548447e-03,8.8466640264e-01,9.4570442057e-01,6.1038017929e-02,5.1549601584e-02,1.1899833747e-15,7.9775327758e-03
75.000000,748.000,25.000000,290.000000,3.1370562643e-02,2.0063710557e-02,-1.0779129574e-02,8.8466640264e-01,9.4570442057e-01,6.1038017929e-02,5.1382716216e-02,2.1474756035e-16,8.1192990677e-03
75.000000,748.000,25.000000,295.000000,3.1964470709e-02,1.7544008312e-02,-1.3713379823e-02,8.8466640264e-01,9.4570442057e-01,6.1038017929e-02,5.1326283229e-02,4.0884053557e-17,8.2730137862e-03
75.000000,748.000,25.000000,300.000000,3.2593294252e-02,1.4565973999e-02,-1.6147137429e-02,8.8466640264e-01,9.4570442057e-01,6.1038017929e-02,5.1369544783e-02,8.3156845525e-18,8.4357652950e-03
75.000000,748.000,25.000000,305.000000,3.3244451482e-02,1.1226604878e-02,-1.8010179355e-02,8.8466640264e-01,9.4570442057e-01,6.1038017929e-02,5.1499211600e-02,1.8290410542e-18,8.6042971877e-03
75.000000,748.000,25.000000,310.000000,3.3904361159e-02,7.6335569954e-03,-1.9250233028e-02,8.8466640264e-01,9.4570442057e-01,6.1038017929e-02,5.1699957895e-02,4.4008499046e-19,8.7750943799e-03
75.000000,748.000,25.000000,315.000000,3.4558808027e-02,3.9018269870e-03,-1.9834531624e-02,8.8466640264e-01,9.4570442057e-01,6.1038017929e-02,5.1954973689e-02,1.1709779824e-19,8.9444776935e-03
75.000000,748.000,25.000000,320.000000,3.5193330335e-02,1.5021364302e-04,-1.9750772287e-02,8.8466640264e-01,9.4570442057e-01,6.1038017929e-02,5.2246557088e-02,3.4804909990e-20,9.1087041513e-03
75.000000,748.000,25.000000,325.000000,3.5793617967e-02,-3.5023329221e-03,-1.9007448466e-02,8.8466640264e-01,9.4570442057e-01,6.1038017929e-02,5.2556727897e-02,1.1663474377e-20,9.2640700229e-03
75.000000,748.000,25.000000,330.000000,3.6345909429e-02,-6.9403632515e-03,-1.7633546573e-02,8.8466640264e-01,9.4570442057e-01,6.1038017929e-02,5.2867843350e-02,4.4435648727e-21,9.4070135717e-03
75.000000,748.000,25.000000,335.000000,3.6837375907e-02,-1.0055470429e-02,-1.5677616529e-02,8.8466640264e-01,9.4570442057e-01,6.1038017929e-02,5.3163196727e-02,1.9388680088e-21,9.5342144563e-03
75.000000,748.000,25.000000,340.000000,3.7256480983e-02,-1.2749613984e-02,-1.3206244815e-02,8.8466640264e-01,9.4570442057e-01,6.1038017929e-02,5.3427580182e-02,9.7504953356e-22,9.6426868319e-03
75.000000,748.000,25.000000,345.000000,3.7593305314e-02,-1.4938124601e-02,-1.0301976807e-02,8.8466640264e-01,9.4570442057e-01,6.1038017929e-02,5.3647794266e-02,5.6812720980e-22,9.7298633837e-03
75.000000,748.000,25.000000,350.000000,3.7839826603e-02,-1.6552298128e-02,-7.0607519503e-03,8.8466640264e-01,9.4570442057e-01,6.1038017929e-02,5.3813088306e-02,3.8512004456e-22,9.7936677883e-03
75.000000,748.000,25.000000,355.000000,3.7990146517e-02,-1.7541499922e-02,-3.5889301230e-03,8.8466640264e-01,9.4570442057e-01,6.1038017929e-02,5.3915517956e-02,3.0462657730e-22,9.8325734449e-03
75.000000,748.000,30.000000,0.000000,4.1962441445e-02,-1.6769547299e-02,-4.9374072901e-18,8.8466640264e-01,9.4570442057e-01,6.1038017929e-02,5.5737689881e-02,2.1696202282e-26,1.0860679025e-02
75.000000,748.000,30.000000,5.000000,4.1892252581e-02,-1.6436715963e-02,3.4988176005e-03,8.8466640264e-01,9.4570442057e-01,6.1038017929e-02,5.5682066130e-02,2.3968996772e-26,1.0842512810e-02
75.000000,748.000,30.000000,10.000000,4.1683438499e-02,-1.5448714169e-02,6.8813408060e-03,8.8466640264e-01,9.4570442057e-01,6.1038017929e-02,5.5517549083e-02,3.2293675119e-26,1.0788467749e-02
75.000000,748.000,30.000000,15.000000,4.1341206370e-02,-1.3836696876e-02,1.0034884757e-02,8.8466640264e-01,9.4570442057e-01,6.1038017929e-02,5.5251124772e-02,5.2941568164e-26,1.0699891556e-02
75.000000,748.000,30.000000,20.000000,4.0874068468e-02,-1.1651526522e-02,1.2853873411e-02,8.8466640264e-01,9.4570442057e-01,6.1038017929e-02,5.4894183667e-02,1.0520755207e-25,1.0578987370e-02
75.000000,748.000,30.000000,25.000000,4.0293597884e-02,-8.9622132645e-03,1.5243121677e-02,8.8466640264e-01,9.4570442057e-01,6.1038017929e-02,5.4462149499e-02,2.5210917850e-25,1.0428750528e-02
75.000000,748.000,30.000000,30.000000,3.9614096831e-02,-5.8537982501e-03,1.7120800107e-02,8.8466640264e-01,9.4570442057e-01,6.1038017929e-02,5.3973975776e-02,7.2364003160e-25,1.0252882714e-02
75.000000,748.000,30.000000,35.000000,3.8852187453e-02,-2.4247443499e-03,1.8420991513e-02,8.8466640264e-01,9.4570442057e-01,6.1038017929e-02,5.3451525547e-02,2.4680375238e-24,1.0055686057e-02
75.000000,748.000,30.000000,40.000000,3.8026337405e-02,1.2160861414e-03,1.9095761293e-02,8.8466640264e-01,9.4570442057e-01,6.1038017929e-02,5.2918853606e-02,9.9085286138e-24,9.8419403358e-03
75.000000,748.000,30.000000,45.000000,3.7156334353e-02,4.9527747896e-03,1.9116678055e-02,8.8466640264e-01,9.4570442057e-01,6.1038017929e-02,5.2401413332e-02,4.6332903610e-23,9.6167669767e-03
75.000000,748.000,30.000000,50.000000,3.6262725117e-02,8.6659094322e-03,1.8475737824e-02,8.8466640264e-01,9.4570442057e-01,6.1038017929e-02,5.1925212772e-02,2.4939347992e-22,9.3854838875e-03
75.000000,748.000,30.000000,55.000000,3.5366236173e-02,1.2236257167e-02,1.7185663326e-02,8.8466640264e-01,9.4570442057e-01,6.1038017929e-02,5.1515946111e-02,1.5255461970e-21,9.1534554752e-03
75.000000,748.000,30.000000,60.000000,3.4487192794e-02,1.5548435976e-02,1.5279568797e-02,8.8466640264e-01,9.4570442057e-01,6.1038017929e-02,5.1198127542e-02,1.0459716301e-20,8.9259423073e-03
75.000000,748.000,30.000000,65.000000,3.3644954093e-02,1.8494473054e-02,1.2810000126e-02,8.8466640264e-01,9.4570442057e-01,6.1038017929e-02,5.0994254487e-02,7.9214432342e-20,8.7079548909e-03
75.000000,748.000,30.000000,70.000000,3.2857380749e-02,2.0977141325e-02,9.8473791423e-03,8.8466640264e-01,9.4570442057e-01,6.1038017929e-02,5.0924026296e-02,6.5251217380e-19,8.5041159100e-03
75.000000,748.000,30.000000,75.000000,3.2140351149e-02,2.2912972335e-02,6.4778990080e-03,8.8466640264e-01,9.4570442057e-01,6.1038017929e-02,5.1003642914e-02,5.7531780453e-18,8.3185349936e-03
75.000000,748.000,30.000000,80.000000,3.1507340211e-02,2.4234853549e-02,2.8009343863e-03,8.8466640264e-01,9.4570442057e-01,6.1038017929e-02,5.1245205606e-02,5.3404040090e-17,8.1546997071e-03
75.000000,748.000,30.000000,85.000000,3.0969073212e-02,2.4894130641e-02,-1.0739551337e-03,8.8466640264e-01,9.4570442057e-01,6.1038017929e-02,5.1656238752e-02,5.1313369418e-16,8.0153859565e-03
75.000000,748.000,30.000000,90.000000,3.0533264659e-02,2.4862150445e-02,-5.0303374870e-03,8.8466640264e-01,9.4570442057e-01,6.1038017929e-02,5.2239348101e-02,5.0165542719e-15,7.9025904030e-03
75.000000,748.000,30.000000,95.000000,3.0204449649e-02,2.4131197182e-02,-8.9484359346e-03,8.8466640264e-01,9.4570442057e-01,6.1038017929e-02,5.2992026713e-02,4.9042014687e-14,7.8174868160e-03
75.000000,748.000,30.000000,100.000000,2.9983912331e-02,2.2714793016e-02,-1.2708765101e-02,8.8466640264e-01,9.4570442057e-01,6.1038017929e-02,5.3906615376e-02,4.7117785108e-13,7.7604075580e-03
75.000000,748.000,30.000000,105.000000,2.9869713159e-02,2.0647353305e-02,-1.6195764795e-02,8.8466640264e-01,9.4570442057e-01,6.1038017929e-02,5.4970419557e-02,4.3729468082e-12,7.7308506372e-03
75.000000,748.000,30.000000,110.000000,2.9856813575e-02,1.7983206527e-02,-1.9301321175e-02,8.8466640264e-01,9.4570442057e-01,6.1038017929e-02,5.6165980247e-02,3.8544708385e-11,7.7275119792e-03
75.000000,748.000,30.000000,115.000000,2.9937293863e-02,1.4795008141e-02,-2.1928068197e-02,8.8466640264e-01,9.4570442057e-01,6.1038017929e-02,5.7471491311e-02,3.1735911539e-10,7.7483418106e-03
75.000000,748.000,30.000000,120.000000,3.0100657041e-02,1.1171596109e-02,-2.3992368904e-02,8.8466640264e-01,9.4570442057e-01,6.1038017929e-02,5.8861351556e-02,2.4018684885e-09,7.7906233123e-03
75.000000,748.000,30.000000,125.000000,3.0334209083e-02,7.2153527398e-03,-2.5426885798e-02,8.8466640264e-01,9.4570442057e-01,6.1038017929e-02,6.0306835552e-02,1.6453304736e-08,7.8510710287e-03
75.000000,748.000,30.000000,130.000000,3.0623503453e-02,3.0391525598e-03,-2.6182661981e-02,8.8466640264e-01,9.4570442057e-01,6.1038017929e-02,6.1776863664e-02,1.0052808872e-07,7.9259459215e-03
75.000000,748.000,30.000000,135.000000,3.0952835999e-02,-1.2370115109e-03,-2.6230649552e-02,8.8466640264e-01,9.4570442057e-01,6.1038017929e-02,6.3238848663e-02,5.4033047095e-07,8.0111834564e-03
75.000000,748.000,30.000000,140.000000,3.1305774728e-02,-5.4896215759e-03,-2.5562638512e-02,8.8466640264e-01,9.4570442057e-01,6.1038017929e-02,6.4659593950e-02,2.5223645405e-06,8.1025307213e-03
75.000000,748.000,30.000000,145.000000,3.1665707994e-02,-9.5953389993e-03,-2.4191557611e-02,8.8466640264e-01,9.4570442057e-01,6.1038017929e-02,6.6006216780e-02,1.0107575287e-05,8.1956883054e-03
75.000000,748.000,30.000000,150.000000,3.2016394037e-02,-1.3434707277e-02,-2.2151137594e-02,8.8466640264e-01,9.4570442057e-01,6.1038017929e-02,6.7247069117e-02,3.4403822567e-05,8.2864525322e-03
75.000000,748.000,30.000000,155.000000,3.2342494862e-02,-1.6895741373e-02,-1.9494946646e-02,8.8466640264e-01,9.4570442057e-01,6.1038017929e-02,6.8352628693e-02,9.8552231853e-05,8.3708536364e-03
75.000000,748.000,30.000000,160.000000,3.2630077911e-02,-1.9877294773e-02,-1.6294826907e-02,8.8466640264e-01,9.4570442057e-01,6.1038017929e-02,6.9296333781e-02,2.3571304710e-04,8.4452856066e-03
75.000000,748.000,30.000000,165.000000,3.2867070026e-02,-2.2292102207e-02,-1.2638779047e-02,8.8466640264e-01,9.4570442057e-01,6.1038017929e-02,7.0055336747e-02,4.6764434719e-04,8.5066236793e-03
75.000000,748.000,30.000000,170.000000,3.3043649661e-02,-2.4069405839e-02,-8.6283586813e-03,8.8466640264e-01,9.4570442057e-01,6.1038017929e-02,7.0611153926e-02,7.6566189634e-04,8.5523258521e-03
75.000000,748.000,30.000000,175.000000,3.3152565260e-02,-2.5157085303e-02,-4.3756632004e-03,8.8466640264e-01,9.4570442057e-01,6.1038017929e-02,7.0950192395e-02,1.0307434574e-03,8.5805152834e-03
75.000000,748.000,30.000000,180.000000,3.3189369939e-02,-2.5523227033e-02,-1.2338969261e-17,8.8466640264e-01,9.4570442057e-01,6.1038017929e-02,7.1064137908e-02,1.1384012377e-03,8.5900410351e-03
75.000000,748.000,30.000000,185.000000,3.3152565260e-02,-2.5157085303e-02,4.3756632004e-03,8.8466640264e-01,9.4570442057e-01,6.1038017929e-02,7.0950192395e-02,1.0307434574e-03,8.5805152834e-03
75.000000,748.000,30.000000,190.000000,3.3043649661e-02,-2.4069405839e-02,8.6283586813e-03,8.8466640264e-01,9.4570442057e-01,6.1038017929e-02,7.0611153926e-02,7.6566189634e-04,8.5523258521e-03
75.000000,748.000,30.000000,195.000000,3.2867070026e-02,-2.2292102207e-02,1.2638779047e-02,8.8466640264e-01,9.4570442057e-01,6.1038017929e-02,7.0055336747e-02,4.6764434719e-04,8.5066236793e-03
75.000000,748.000,30.000000,200.000000,3.2630077911e-02,-1.9877294773e-02,1.6294826907e-02,8.8466640264e-01,9.4570442057e-01,6.1038017929e-02,6.9296333781e-02,2.3571304710e-04,8.4452856066e-03
75.000000,748.000,30.000000,205.000000,3.2342494862e-02,-1.6895741373e-02,1.9494946646e-02,8.8466640264e-01,9.4570442057e-01,6.1038017929e-02,6.8352628693e-02,9.8552231853e-05,8.3708536364e-03
75.000000,748.000,30.000000,210.000000,3.2016394037e-02,-1.3434707277e-02,2.2151137594e-02,8.8466640264e-01,9.4570442057e-01,6.1038017929e-02,6.7247069117e-02,3.4403822567e-05,8.2864525322e-03
75.000000,748.000,30.000000,215.000000,3.1665707994e-02,-9.5953389993e-03,2.4191557611e-02,8.8466640264e-01,9.4570442057e-01,6.1038017929e-02,6.6006216780e-02,1.0107575287e-05,8.1956883054e-03
75.000000,748.000,30.000000,220.000000,3.1305774728e-02,-5.4896215759e-03,2.5562638512e-02,8.8466640264e-01,9.4570442057e-01,6.1038017929e-02,6.4659593950e-02,2.5223645405e-06,8.1025307213e-03
75.000000,748.000,30.000000,225.000000,3.0952835999e-02,-1.2370115109e-03,2.6230649552e-02,8.8466640264e-01,9.4570442057e-01,6.1038017929e-02,6.3238848663e-02,5.4033047095e-07,8.0111834564e-03
75.000000,748.000,30.000000,230.000000,3.0623503453e-02,3.0391525598e-03,2.6182661981e-02,8.8466640264e-01,9.4570442057e-01,6.1038017929e-02,6.1776863664e-02,1.0052808872e-07,7.9259459215e-03
75.000000,748.000,30.000000,235.000000,3.0334209083e-02,7.2153527398e-03,2.5426885798e-02,8.8466640264e-01,9.4570442057e-01,6.1038017929e-02,6.0306835552e-02,1.6453304736e-08,7.8510710287e-03
75.000000,748.000,30.000000,240.000000,3.0100657041e-02,1.1171596109e-02,2.3992368904e-02,8.8466640264e-01,9.4570442057e-01,6.1038017929e-02,5.8861351556e-02,2.4018684885e-09,7.7906233123e-03
75.000000,748.000,30.000000,245.000000,2.9937293863e-02,1.4795008141e-02,2.1928068197e-02,8.8466640264e-01,9.4570442057e-01,6.1038017929e-02,5.7471491311e-02,3.1735911539e-10,7.7483418106e-03
75.000000,748.000,30.000000,250.000000,2.9856813575e-02,1.7983206527e-02,1.9301321175e-02,8.8466640264e-01,9.4570442057e-01,6.1038017929e-02,5.6165980247e-02,3.8544708385e-11,7.7275119792e-03
75.000000,748.000,30.000000,255.000000,2.9869713159e-02,2.0647353305e-02,1.6195764795e-02,8.8466640264e-01,9.4570442057e-01,6.1038017929e-02,5.4970419557e-02,4.3729468082e-12,7.7308506372e-03
75.000000,748.000,30.000000,260.000000,2.9983912331e-02,2.2714793016e-02,1.2708765101e-02,8.8466640264e-01,9.4570442057e-01,6.1038017929e-02,5.3906615376e-02,4.7117785108e-13,7.7604075580e-03
75.000000,748.000,30.000000,265.000000,3.0204449649e-02,2.4131197182e-02,8.9484359346e-03,8.8466640264e-01,9.4570442057e-01,6.1038017929e-02,5.2992026713e-02,4.9042014687e-14,7.8174868160e-03
75.000000,748.000,30.000000,270.000000,3.0533264659e-02,2.4862150445e-02,5.0303374870e-03,8.8466640264e-01,9.4570442057e-01,6.1038017929e-02,5.2239348101e-02,5.0165542719e-15,7.9025904030e-03
75.000000,748.000,30.000000,275.000000,3.0969073212e-02,2.4894130641e-02,1.0739551337e-03,8.8466640264e-01,9.4570442057e-01,6.1038017929e-02,5.1656238752e-02,5.1313369418e-16,8.0153859565e-03
75.000000,748.000,30.000000,280.000000,3.1507340211e-02,2.4234853549e-02,-2.8009343863e-03,8.8466640264e-01,9.4570442057e-01,6.1038017929e-02,5.1245205606e-02,5.3404040090e-17,8.1546997071e-03
75.000000,748.000,30.000000,285.000000,3.2140351149e-02,2.2912972335e-02,-6.4778990080e-03,8.8466640264e-01,9.4570442057e-01,6.1038017929e-02,5.1003642914e-02,5.7531780453e-18,8.3185349936e-03
75.000000,748.000,30.000000,290.000000,3.2857380749e-02,2.0977141325e-02,-9.8473791423e-03,8.8466640264e-01,9.4570442057e-01,6.1038017929e-02,5.0924026296e-02,6.5251217380e-19,8.5041159100e-03
75.000000,748.000,30.000000,295.000000,3.3644954093e-02,1.8494473054e-02,-1.2810000126e-02,8.8466640264e-01,9.4570442057e-01,6.1038017929e-02,5.0994254487e-02,7.9214432342e-20,8.7079548909e-03
75.000000,748.000,30.000000,300.000000,3.4487192794e-02,1.5548435976e-02,-1.5279568797e-02,8.8466640264e-01,9.4570442057e-01,6.1038017929e-02,5.1198127542e-02,1.0459716301e-20,8.9259423073e-03
75.000000,748.000,30.000000,305.000000,3.5366236173e-02,1.2236257167e-02,-1.7185663326e-02,8.8466640264e-01,9.4570442057e-01,6.1038017929e-02,5.1515946111e-02,1.5255461970e-21,9.1534554752e-03
75.000000,748.000,30.000000,310.000000,3.6262725117e-02,8.6659094322e-03,-1.8475737824e-02,8.8466640264e-01,9.4570442057e-01,6.1038017929e-02,5.1925212772e-02,2.4939347992e-22,9.3854838875e-03
75.000000,748.000,30.000000,315.000000,3.7156334353e-02,4.9527747896e-03,-1.9116678055e-02,8.8466640264e-01,9.4570442057e-01,6.1038017929e-02,5.2401413332e-02,4.6332903610e-23,9.6167669767e-03
75.000000,748.000,30.000000,320.000000,3.8026337405e-02,1.2160861414e-03,-1.9095761293e-02,8.8466640264e-01,9.4570442057e-01,6.1038017929e-02,5.2918853606e-02,9.9085286138e-24,9.8419403358e-03
75.000000,748.000,30.000000,325.000000,3.8852187453e-02,-2.4247443499e-03,-1.8420991513e-02,8.8466640264e-01,9.4570442057e-01,6.1038017929e-02,5.3451525547e-02,2.4680375238e-24,1.0055686057e-02
75.000000,748.000,30.000000,330.000000,3.9614096831e-02,-5.8537982501e-03,-1.7120800107e-02,8.8466640264e-01,9.4570442057e-01,6.1038017929e-02,5.3973975776e-02,7.2364003160e-25,1.0252882714e-02
75.000000,748.000,30.000000,335.000000,4.0293597884e-02,-8.9622132645e-03,-1.5243121677e-02,8.8466640264e-01,9.4570442057e-01,6.1038017929e-02,5.4462149499e-02,2.5210917850e-25,1.0428750528e-02
75.000000,748.000,30.000000,340.000000,4.0874068468e-02,-1.1651526522e-02,-1.2853873411e-02,8.8466640264e-01,9.4570442057e-01,6.1038017929e-02,5.4894183667e-02,1.0520755207e-25,1.0578987370e-02
75.000000,748.000,30.000000,345.000000,4.1341206370e-02,-1.3836696876e-02,-1.0034884757e-02,8.8466640264e-01,9.4570442057e-01,6.1038017929e-02,5.5251124772e-02,5.2941568164e-26,1.0699891556e-02
75.000000,748.000,30.000000,350.000000,4.1683438499e-02,-1.5448714169e-02,-6.8813408060e-03,8.8466640264e-01,9.4570442057e-01,6.1038017929e-02,5.5517549083e-02,3.2293675119e-26,1.0788467749e-02
75.000000,748.000,30.000000,355.000000,4.1892252581e-02,-1.6436715963e-02,-3.4988176005e-03,8.8466640264e-01,9.4570442057e-01,6.1038017929e-02,5.5682066130e-02,2.3968996772e-26,1.0842512810e-02
75.000000,748.000,35.000000,0.000000,4.6709878957e-02,-1.5713209892e-02,-4.7931636196e-18,8.8466640264e-01,9.4570442057e-01,6.1038017929e-02,5.7994956132e-02,1.9022088568e-31,1.2089406269e-02
75.000000,748.000,35.000000,5.000000,4.6615975385e-02,-1.5378802187e-02,3.3961957496e-03,8.8466640264e-01,9.4570442057e-01,6.1038017929e-02,5.7915111704e-02,2.1547523572e-31,1.2065102236e-02
75.000000,748.000,35.000000,10.000000,4.6336681196e-02,-1.4386175522e-02,6.6770783102e-03,8.8466640264e-01,9.4570442057e-01,6.1038017929e-02,5.7678724623e-02,3.1289646195e-31,1.1992815580e-02
75.000000,748.000,35.000000,15.000000,4.5879175872e-02,-1.2766793960e-02,9.7309304777e-03,8.8466640264e-01,9.4570442057e-01,6.1038017929e-02,5.7295132420e-02,5.8080282946e-31,1.1874404489e-02
75.000000,748.000,35.000000,20.000000,4.5255193649e-02,-1.0572023239e-02,1.2453117053e-02,8.8466640264e-01,9.4570442057e-01,6.1038017929e-02,5.6779563839e-02,1.3715982431e-30,1.1712906006e-02
75.000000,748.000,35.000000,25.000000,4.4480683470e-02,-7.8715535996e-03,1.4749354282e-02,8.8466640264e-01,9.4570442057e-01,6.1038017929e-02,5.6152648922e-02,4.0939405340e-30,1.1512448021e-02
75.000000,748.000,35.000000,30.000000,4.3575347293e-02,-4.7512594208e-03,1.6538662684e-02,8.8466640264e-01,9.4570442057e-01,6.1038017929e-02,5.5439754388e-02,1.5315893889e-29,1.1278129776e-02
75.000000,748.000,35.000000,35.000000,4.2562070617e-02,-1.3105608876e-03,1.7755912883e-02,8.8466640264e-01,9.4570442057e-01,6.1038017929e-02,5.4670164798e-02,7.1097010304e-29,1.1015874475e-02
75.000000,748.000,35.000000,40.000000,4.1466262300e-02,2.3406319399e-03,1.8353886440e-02,8.8466640264e-01,9.4570442057e-01,6.1038017929e-02,5.3876134733e-02,4.0474092145e-28,1.0732258413e-02
75.000000,748.000,35.000000,45.000000,4.0315123458e-02,6.0852995280e-03,1.8304788437e-02,8.8466640264e-01,9.4570442057e-01,6.1038017929e-02,5.3091841244e-02,2.7883991491e-27,1.0434321757e-02
75.000000,748.000,35.000000,50.000000,3.9136867356e-02,9.8029147203e-03,1.7601165271e-02,8.8466640264e-01,9.4570442057e-01,6.1038017929e-02,5.2352268906e-02,2.2908245115e-26,1.0129366637e-02
75.000000,748.000,35.000000,55.000000,3.7959913642e-02,1.3373156245e-02,1.6256199207e-02,8.8466640264e-01,9.4570442057e-01,6.1038017929e-02,5.1692061939e-02,2.2085959776e-25,9.8247486009e-03
75.000000,748.000,35.000000,60.000000,3.6812080995e-02,1.6679620657e-02,1.4303370228e-02,8.8466640264e-01,9.4570442057e-01,6.1038017929e-02,5.1144378921e-02,2.4560221589e-24,9.5276676513e-03
75.000000,748.000,35.000000,65.000000,3.5719802325e-02,1.9613419499e-02,1.1795494971e-02,8.8466640264e-01,9.4570442057e-01,6.1038017929e-02,5.0739785589e-02,3.0929779250e-23,9.2449651291e-03
75.000000,748.000,35.000000,70.000000,3.4707385878e-02,2.2076551929e-02,8.8031715406e-03,8.8466640264e-01,9.4570442057e-01,6.1038017929e-02,5.0505220145e-02,4.3269364938e-22,8.9829324708e-03
75.000000,748.000,35.000000,75.000000,3.3796344221e-02,2.3984949845e-02,5.4126770524e-03,8.8466640264e-01,9.4570442057e-01,6.1038017929e-02,5.0463063293e-02,6.5906881642e-21,8.7471375392e-03
75.000000,748.000,35.000000,80.000000,3.3004810993e-02,2.5271102478e-02,1.7233814883e-03,8.8466640264e-01,9.4570442057e-01,6.1038017929e-02,5.0630342125e-02,1.0706234569e-19,8.5422736650e-03
75.000000,748.000,35.000000,85.000000,3.2347062584e-02,2.5886180164e-02,-2.1552438450e-03,8.8466640264e-01,9.4570442057e-01,6.1038017929e-02,5.1018092924e-02,1.8159173240e-18,8.3720358498e-03
75.000000,748.000,35.000000,90.000000,3.1833158741e-02,2.5801592214e-02,-6.1069325598e-03,8.8466640264e-01,9.4570442057e-01,6.1038017929e-02,5.1630903155e-02,3.1474751168e-17,8.2390277479e-03
75.000000,748.000,35.000000,95.000000,3.1468712447e-02,2.5009930990e-02,-1.0012143830e-02,8.8466640264e-01,9.4570442057e-01,6.1038017929e-02,5.2466647500e-02,5.4552356451e-16,8.1447021061e-03
75.000000,748.000,35.000000,100.000000,3.1254795494e-02,2.3525272915e-02,-1.3751690552e-02,8.8466640264e-01,9.4570442057e-01,6.1038017929e-02,5.3516426903e-02,9.2516962061e-15,8.0893363246e-03
75.000000,748.000,35.000000,105.000000,3.1187982034e-02,2.1382826710e-02,-1.7210364810e-02,8.8466640264e-01,9.4570442057e-01,6.1038017929e-02,5.4764713424e-02,1.5025220493e-13,8.0720437288e-03
75.000000,748.000,35.000000,110.000000,3.1260528215e-02,1.8637938950e-02,-2.0280450465e-02,8.8466640264e-01,9.4570442057e-01,6.1038017929e-02,5.6189697474e-02,2.2876029388e-12,8.0908200619e-03
75.000000,748.000,35.000000,115.000000,3.1460681854e-02,1.5364486598e-02,-2.2865016039e-02,8.8466640264e-01,9.4570442057e-01,6.1038017929e-02,5.7763827811e-02,3.1979661016e-11,8.1426236358e-03
75.000000,748.000,35.000000,120.000000,3.1773112194e-02,1.1652704779e-02,-2.4880887700e-02,8.8466640264e-01,9.4570442057e-01,6.1038017929e-02,5.9454528834e-02,4.0229912534e-10,8.2234865580e-03
75.000000,748.000,35.000000,125.000000,3.2179446106e-02,7.6065152542e-03,-2.6261211789e-02,8.8466640264e-01,9.4570442057e-01,6.1038017929e-02,6.1225074285e-02,4.4668479940e-09,8.3286535132e-03
75.000000,748.000,35.000000,130.000000,3.2658893935e-02,3.3404362369e-03,-2.6957528775e-02,8.8466640264e-01,9.4570442057e-01,6.1038017929e-02,6.3035591704e-02,4.2977461990e-08,8.4527437423e-03
75.000000,748.000,35.000000,135.000000,3.3188945439e-02,-1.0238330844e-03,-2.6941295288e-02,8.8466640264e-01,9.4570442057e-01,6.1038017929e-02,6.4844167956e-02,3.5217748649e-07,8.5899311666e-03
75.000000,748.000,35.000000,140.000000,3.3746114202e-02,-5.3610500097e-03,-2.6204807606e-02,8.8466640264e-01,9.4570442057e-01,6.1038017929e-02,6.6608023058e-02,2.4188218056e-06,8.7341370538e-03
75.000000,748.000,35.000000,145.000000,3.4306707429e-02,-9.5461777244e-03,-2.4761498113e-02,8.8466640264e-01,9.4570442057e-01,6.1038017929e-02,6.8284717378e-02,1.3721838477e-05,8.8792292574e-03
75.000000,748.000,35.000000,150.000000,3.4847597312e-02,-1.3458133128e-02,-2.2645595244e-02,8.8466640264e-01,9.4570442057e-01,6.1038017929e-02,6.9833356257e-02,6.3458075059e-05,9.0192218604e-03
75.000000,748.000,35.000000,155.000000,3.5346970144e-02,-1.6983419611e-02,-1.9911156728e-02,8.8466640264e-01,9.4570442057e-01,6.1038017929e-02,7.1215756078e-02,2.3649693546e-04,9.1484690600e-03
75.000000,748.000,35.000000,160.000000,3.5785030052e-02,-2.0019534752e-02,-1.6630504952e-02,8.8466640264e-01,9.4570442057e-01,6.1038017929e-02,7.2397536942e-02,7.0332693346e-04,9.2618473071e-03
75.000000,748.000,35.000000,165.000000,3.6144635667e-02,-2.2478049707e-02,-1.2892111385e-02,8.8466640264e-01,9.4570442057e-01,6.1038017929e-02,7.3349109263e-02,1.6556424714e-03,9.3549200889e-03
75.000000,748.000,35.000000,170.000000,3.6411850112e-02,-2.4287266984e-02,-8.7979937305e-03,8.8466640264e-01,9.4570442057e-01,6.1038017929e-02,7.4046524749e-02,3.0655552580e-03,9.4240802763e-03
75.000000,748.000,35.000000,175.000000,3.6576387379e-02,-2.5394376079e-02,-4.4607042359e-03,8.8466640264e-01,9.4570442057e-01,6.1038017929e-02,7.4472166272e-02,4.4444805220e-03,9.4666656546e-03
75.000000,748.000,35.000000,180.000000,3.6631941356e-02,-2.5767041649e-02,-1.2577861404e-17,8.8466640264e-01,9.4570442057e-01,6.1038017929e-02,7.4615255959e-02,5.0317923627e-03,9.4810440819e-03
75.000000,748.000,35.000000,185.000000,3.6576387379e-02,-2.5394376079e-02,4.4607042359e-03,8.8466640264e-01,9.4570442057e-01,6.1038017929e-02,7.4472166272e-02,4.4444805220e-03,9.4666656546e-03
75.000000,748.000,35.000000,190.000000,3.6411850112e-02,-2.4287266984e-02,8.7979937305e-03,8.8466640264e-01,9.4570442057e-01,6.1038017929e-02,7.4046524749e-02,3.0655552580e-03,9.4240802763e-03
75.000000,748.000,35.000000,195.000000,3.6144635667e-02,-2.2478049707e-02,1.2892111385e-02,8.8466640264e-01,9.4570442057e-01,6.1038017929e-02,7.3349109263e-02,1.6556424714e-03,9.3549200889e-03
75.000000,748.000,35.000000,200.000000,3.5785030052e-02,-2.0019534752e-02,1.6630504952e-02,8.8466640264e-01,9.4570442057e-01,6.1038017929e-02,7.2397536942e-02,7.0332693346e-04,9.2618473071e-03
75.000000,748.000,35.000000,205.000000,3.5346970144e-02,-1.6983419611e-02,1.9911156728e-02,8.8466640264e-01,9.4570442057e-01,6.1038017929e-02,7.1215756078e-02,2.3649693546e-04,9.1484690600e-03
75.000000,748.000,35.000000,210.000000,3.4847597312e-02,-1.3458133128e-02,2.2645595244e-02,8.8466640264e-01,9.4570442057e-01,6.1038017929e-02,6.9833356257e-02,6.3458075059e-05,9.0192218604e-03
75.000000,748.000,35.000000,215.000000,3.4306707429e-02,-9.5461777244e-03,2.4761498113e-02,8.8466640264e-01,9.4570442057e-01,6.1038017929e-02,6.8284717378e-02,1.3721838477e-05,8.8792292574e-03
75.000000,748.000,35.000000,220.000000,3.3746114202e-02,-5.3610500097e-03,2.6204807606e-02,8.8466640264e-01,9.4570442057e-01,6.1038017929e-02,6.6608023058e-02,2.4188218056e-06,8.7341370538e-03
75.000000,748.000,35.000000,225.000000,3.3188945439e-02,-1.0238330844e-03,2.6941295288e-02,8.8466640264e-01,9.4570442057e-01,6.1038017929e-02,6.4844167956e-02,3.5217748649e-07,8.5899311666e-03
75.000000,748.000,35.000000,230.000000,3.2658893935e-02,3.3404362369e-03,2.6957528775e-02,8.8466640264e-01,9.4570442057e-01,6.1038017929e-02,6.3035591704e-02,4.2977461990e-08,8.4527437423e-03
75.000000,748.000,35.000000,235.000000,3.2179446106e-02,7.6065152542e-03,2.6261211789e-02,8.8466640264e-01,9.4570442057e-01,6.1038017929e-02,6.1225074285e-02,4.4668479940e-09,8.3286535132e-03
75.000000,748.000,35.000000,240.000000,3.1773112194e-02,1.1652704779e-02,2.4880887700e-02,8.8466640264e-01,9.4570442057e-01,6.1038017929e-02,5.9454528834e-02,4.0229912534e-10,8.2234865580e-03
75.000000,748.000,35.000000,245.000000,3.1460681854e-02,1.5364486598e-02,2.2865016039e-02,8.8466640264e-01,9.4570442057e-01,6.1038017929e-02,5.7763827811e-02,3.1979661016e-11,8.1426236358e-03
75.000000,748.000,35.000000,250.000000,3.1260528215e-02,1.8637938950e-02,2.0280450465e-02,8.8466640264e-01,9.4570442057e-01,6.1038017929e-02,5.6189697474e-02,2.2876029388e-12,8.0908200619e-03
75.000000,748.000,35.000000,255.000000,3.1187982034e-02,2.1382826710e-02,1.7210364810e-02,8.8466640264e-01,9.4570442057e-01,6.1038017929e-02,5.4764713424e-02,1.5025220493e-13,8.0720437288e-03
75.000000,748.000,35.000000,260.000000,3.1254795494e-02,2.3525272915e-02,1.3751690552e-02,8.8466640264e-01,9.4570442057e-01,6.1038017929e-02,5.3516426903e-02,9.2516962061e-15,8.0893363246e-03
75.000000,748.000,35.000000,265.000000,3.1468712447e-02,2.5009930990e-02,1.0012143830e-02,8.8466640264e-01,9.4570442057e-01,6.1038017929e-02,5.2466647500e-02,5.4552356451e-16,8.1447021061e-03
75.000000,748.000,35.000000,270.000000,3.1833158741e-02,2.5801592214e-02,6.1069325598e-03,8.8466640264e-01,9.4570442057e-01,6.1038017929e-02,5.1630903155e-02,3.1474751168e-17,8.2390277479e-03
75.000000,748.000,35.000000,275.000000,3.2347062584e-02,2.5886180164e-02,2.1552438450e-03,8.8466640264e-01,9.4570442057e-01,6.1038017929e-02,5.1018092924e-02,1.8159173240e-18,8.3720358498e-03
75.000000,748.000,35.000000,280.000000,3.3004810993e-02,2.5271102478e-02,-1.7233814883e-03,8.8466640264e-01,9.4570442057e-01,6.1038017929e-02,5.0630342125e-02,1.0706234569e-19,8.5422736650e-03
75.000000,748.000,35.000000,285.000000,3.3796344221e-02,2.3984949845e-02,-5.4126770524e-03,8.8466640264e-01,9.4570442057e-01,6.1038017929e-02,5.0463063293e-02,6.5906881642e-21,8.7471375392e-03
75.000000,748.000,35.000000,290.000000,3.4707385878e-02,2.2076551929e-02,-8.8031715406e-03,8.8466640264e-01,9.4570442057e-01,6.1038017929e-02,5.0505220145e-02,4.3269364938e-22,8.9829324708e-03
75.000000,748.000,35.000000,295.000000,3.5719802325e-02,1.9613419499e-02,-1.1795494971e-02,8.8466640264e-01,9.4570442057e-01,6.1038017929e-02,5.0739785589e-02,3.0929779250e-23,9.2449651291e-03
75.000000,748.000,35.000000,300.000000,3.6812080995e-02,1.6679620657e-02,-1.4303370228e-02,8.8466640264e-01,9.4570442057e-01,6.1038017929e-02,5.1144378921e-02,2.4560221589e-24,9.5276676513e-03
75.000000,748.000,35.000000,305.000000,3.7959913642e-02,1.3373156245e-02,-1.6256199207e-02,8.8466640264e-01,9.4570442057e-01,6.1038017929e-02,5.1692061939e-02,2.2085959776e-25,9.8247486009e-03
75.000000,748.000,35.000000,310.000000,3.9136867356e-02,9.8029147203e-03,-1.7601165271e-02,8.8466640264e-01,9.4570442057e-01,6.1038017929e-02,5.2352268906e-02,2.2908245115e-26,1.0129366637e-02
75.000000,748.000,35.000000,315.000000,4.0315123458e-02,6.0852995280e-03,-1.8304788437e-02,8.8466640264e-01,9.4570442057e-01,6.1038017929e-02,5.3091841244e-02,2.7883991491e-27,1.0434321757e-02
75.000000,748.000,35.000000,320.000000,4.1466262300e-02,2.3406319399e-03,-1.8353886440e-02,8.8466640264e-01,9.4570442057e-01,6.1038017929e-02,5.3876134733e-02,4.0474092145e-28,1.0732258413e-02
75.000000,748.000,35.000000,325.000000,4.2562070617e-02,-1.3105608876e-03,-1.7755912883e-02,8.8466640264e-01,9.4570442057e-01,6.1038017929e-02,5.4670164798e-02,7.1097010304e-29,1.1015874475e-02
75.000000,748.000,35.000000,330.000000,4.3575347293e-02,-4.7512594208e-03,-1.6538662684e-02,8.8466640264e-01,9.4570442057e-01,6.1038017929e-02,5.5439754388e-02,1.5315893889e-29,1.1278129776e-02
75.000000,748.000,35.000000,335.000000,4.4480683470e-02,-7.8715535996e-03,-1.4749354282e-02,8.8466640264e-01,9.4570442057e-01,6.1038017929e-02,5.6152648922e-02,4.0939405340e-30,1.1512448021e-02
75.000000,748.000,35.000000,340.000000,4.5255193649e-02,-1.0572023239e-02,-1.2453117053e-02,8.8466640264e-01,9.4570442057e-01,6.1038017929e-02,5.6779563839e-02,1.3715982431e-30,1.1712906006e-02
75.000000,748.000,35.000000,345.000000,4.5879175872e-02,-1.2766793960e-02,-9.7309304777e-03,8.8466640264e-01,9.4570442057e-01,6.1038017929e-02,5.7295132420e-02,5.8080282946e-31,1.1874404489e-02
75.000000,748.000,35.000000,350.000000,4.6336681196e-02,-1.4386175522e-02,-6.6770783102e-03,8.8466640264e-01,9.4570442057e-01,6.1038017929e-02,5.7678724623e-02,3.1289646195e-31,1.1992815580e-02
75.000000,748.000,35.000000,355.000000,4.6615975385e-02,-1.5378802187e-02,-3.3961957496e-03,8.8466640264e-01,9.4570442057e-01,6.1038017929e-02,5.7915111704e-02,2.1547523572e-31,1.2065102236e-02
75.000000,748.000,40.000000,0.000000,5.2491033403e-02,-1.4780614703e-02,-4.6232279715e-18,8.8466640264e-01,9.4570442057e-01,6.1038017929e-02,6.0628521291e-02,9.4602651729e-38,1.3585679142e-02
75.000000,748.000,40.000000,5.000000,5.2368522780e-02,-1.4441600372e-02,3.2753080303e-03,8.8466640264e-01,9.4570442057e-01,6.1038017929e-02,6.0521998995e-02,1.1044633893e-37,1.3553971059e-02
75.000000,748.000,40.000000,10.000000,5.2004223442e-02,-1.3435346759e-02,6.4365340741e-03,8.8466640264e-01,9.4570442057e-01,6.1038017929e-02,6.0206423494e-02,1.7554184229e-37,1.3459683453e-02
75.000000,748.000,40.000000,15.000000,5.1407738501e-02,-1.1793890463e-02,9.3731733048e-03,8.8466640264e-01,9.4570442057e-01,6.1038017929e-02,5.9693641928e-02,3.7848722662e-37,1.3305301790e-02
75.000000,748.000,40.000000,20.000000,5.0594761014e-02,-9.5695307558e-03,1.1981765681e-02,8.8466640264e-01,9.4570442057e-01,6.1038017929e-02,5.9002980029e-02,1.1005501905e-36,1.3094887733e-02
75.000000,748.000,40.000000,25.000000,4.9586615662e-02,-6.8332220431e-03,1.4169147842e-02,8.8466640264e-01,9.4570442057e-01,6.1038017929e-02,5.8160626420e-02,4.2806571442e-36,1.2833960516e-02
75.000000,748.000,40.000000,30.000000,4.8409636511e-02,-3.6723923161e-03,1.5855389633e-02,8.8466640264e-01,9.4570442057e-01,6.1038017929e-02,5.7198797284e-02,2.2041549652e-35,1.2529335896e-02
75.000000,748.000,40.000000,35.000000,4.7094399575e-02,-1.8825407236e-04,1.6976325242e-02,8.8466640264e-01,9.4570442057e-01,6.1038017929e-02,5.6154707099e-02,1.4837643195e-34,1.2188927528e-02
75.000000,748.000,40.000000,40.000000,4.5674833246e-02,3.5073103389e-03,1.7485601251e-02,8.8466640264e-01,9.4570442057e-01,6.1038017929e-02,5.5069377086e-02,1.2869235607e-33,1.1821516726e-02
75.000000,748.000,40.000000,45.000000,4.4187233324e-02,7.2951940106e-03,1.7356178629e-02,8.8466640264e-01,9.4570442057e-01,6.1038017929e-02,5.3986318045e-02,1.4146312550e-32,1.1436497535e-02
75.000000,748.000,40.000000,50.000000,4.2669212222e-02,1.1052736377e-02,1.6581242318e-02,8.8466640264e-01,9.4570442057e-01,6.1038017929e-02,5.2950128134e-02,1.9350581004e-31,1.1043604762e-02
75.000000,748.000,40.000000,55.000000,4.1158613874e-02,1.4657507790e-02,1.5174490094e-02,8.8466640264e-01,9.4570442057e-01,6.1038017929e-02,5.2005048807e-02,3.2288258791e-30,1.0652633141e-02
75.000000,748.000,40.000000,60.000000,3.9692426891e-02,1.7991092331e-02,1.3169791323e-02,8.8466640264e-01,9.4570442057e-01,6.1038017929e-02,5.1193523471e-02,6.4325608153e-29,1.0273156026e-02
75.000000,748.000,40.000000,65.000000,3.8305728485e-02,2.0942753456e-02,1.0620225395e-02,8.8466640264e-01,9.4570442057e-01,6.1038017929e-02,5.0554803390e-02,1.4956208622e-27,9.9142520685e-03
75.000000,748.000,40.000000,70.000000,3.7030690761e-02,2.3412870566e-02,7.5965285403e-03,8.8466640264e-01,9.4570442057e-01,6.1038017929e-02,5.0123643985e-02,3.9624462329e-26,9.5842480223e-03
75.000000,748.000,40.000000,75.000000,3.5895678996e-02,2.5316041549e-02,4.1849957719e-03,8.8466640264e-01,9.4570442057e-01,6.1038017929e-02,4.9929132004e-02,1.1667826010e-24,9.2904853612e-03
75.000000,748.000,40.000000,80.000000,3.4924468747e-02,2.6583756439e-02,4.8490131315e-04,8.8466640264e-01,9.4570442057e-01,6.1038017929e-02,4.9993680069e-02,3.7216595616e-23,9.0391176518e-03
75.000000,748.000,40.000000,85.000000,3.4135604957e-02,2.7166560363e-02,-3.3944844397e-03,8.8466640264e-01,9.4570442057e-01,6.1038017929e-02,5.0332220087e-02,1.2524948764e-21,8.8349446788e-03
75.000000,748.000,40.000000,90.000000,3.3541921927e-02,2.7035639429e-02,-7.3371910310e-03,8.8466640264e-01,9.4570442057e-01,6.1038017929e-02,5.0951620981e-02,4.3301257233e-20,8.6812882042e-03
75.000000,748.000,40.000000,95.000000,3.3150238100e-02,2.6183780748e-02,-1.1224057168e-02,8.8466640264e-01,9.4570442057e-01,6.1038017929e-02,5.1850349425e-02,1.4969488250e-18,8.5799129699e-03
75.000000,748.000,40.000000,100.000000,3.2961234270e-02,2.4625676756e-02,-1.4936346538e-02,8.8466640264e-01,9.4570442057e-01,6.1038017929e-02,5.3018384865e-02,5.0371012299e-17,8.5309951792e-03
75.000000,748.000,40.000000,105.000000,3.2969518300e-02,2.2397563967e-02,-1.8359360390e-02,8.8466640264e-01,9.4570442057e-01,6.1038017929e-02,5.4437392427e-02,1.6061324175e-15,8.5331392438e-03
75.000000,748.000,40.000000,110.000000,3.3163873694e-02,1.9556206461e-02,-2.1385937079e-02,8.8466640264e-01,9.4570442057e-01,6.1038017929e-02,5.6081149452e-02,4.7263910963e-14,8.5834421213e-03
75.000000,748.000,40.000000,115.000000,3.3527683860e-02,1.6177254371e-02,-2.3919732128e-02,8.8466640264e-01,9.4570442057e-01,6.1038017929e-02,5.7916213686e-02,1.2508217540e-12,8.6776031212e-03
75.000000,748.000,40.000000,120.000000,3.4039518513e-02,1.2353026591e-02,-2.5878178974e-02,8.8466640264e-01,9.4570442057e-01,6.1038017929e-02,5.9902813820e-02,2.9032672074e-11,8.8100756772e-03
75.000000,748.000,40.000000,125.000000,3.4673863789e-02,8.1897844804e-03,-2.7195040158e-02,8.8466640264e-01,9.4570442057e-01,6.1038017929e-02,6.1995936250e-02,5.7695436131e-10,8.9742563159e-03
75.000000,748.000,40.000000,130.000000,3.5401973293e-02,3.8045787772e-03,-2.7822471153e-02,8.8466640264e-01,9.4570442057e-01,6.1038017929e-02,6.4146575985e-02,9.5943241970e-09,9.1627049225e-03
75.000000,748.000,40.000000,135.000000,3.6192813629e-02,-6.7823502420e-04,-2.7732533695e-02,8.8466640264e-01,9.4570442057e-01,6.1038017929e-02,6.6303114576e-02,1.3066753313e-07,9.3673894629e-03
75.000000,748.000,40.000000,140.000000,3.7014075145e-02,-5.1307075209e-03,-2.6918112220e-02,8.8466640264e-01,9.4570442057e-01,6.1038017929e-02,6.8412784037e-02,1.4287387072e-06,9.5799475843e-03
75.000000,748.000,40.000000,145.000000,3.7833216667e-02,-9.4251202255e-03,-2.5393205010e-02,8.8466640264e-01,9.4570442057e-01,6.1038017929e-02,7.0423173086e-02,1.2316483314e-05,9.7919570108e-03
75.000000,748.000,40.000000,150.000000,3.8618511990e-02,-1.3437808634e-02,-2.3192580664e-02,8.8466640264e-01,9.4570442057e-01,6.1038017929e-02,7.2283730666e-02,8.2360274787e-05,9.9952063965e-03
75.000000,748.000,40.000000,155.000000,3.9340065897e-02,-1.7052867811e-02,-2.0370809681e-02,8.8466640264e-01,9.4570442057e-01,6.1038017929e-02,7.3947221746e-02,4.2119082172e-04,1.0181958290e-02
75.000000,748.000,40.000000,160.000000,3.9970768436e-02,-2.0165628298e-02,-1.7000699937e-02,8.8466640264e-01,9.4570442057e-01,6.1038017929e-02,7.5371091776e-02,1.6275197796e-03,1.0345196119e-02
75.000000,748.000,40.000000,165.000000,4.0487158108e-02,-2.2685797080e-02,-1.3171182858e-02,8.8466640264e-01,9.4570442057e-01,6.1038017929e-02,7.6518698882e-02,4.7050427226e-03,1.0478847601e-02
75.000000,748.000,40.000000,170.000000,4.0870167446e-02,-2.4540168464e-02,-8.9847137775e-03,8.8466640264e-01,9.4570442057e-01,6.1038017929e-02,7.7360376813e-02,1.0098405405e-02,1.0577977712e-02
75.000000,748.000,40.000000,175.000000,4.1105728069e-02,-2.5674822767e-02,-4.5542646982e-03,8.8466640264e-01,9.4570442057e-01,6.1038017929e-02,7.7874296735e-02,1.6003513161e-02,1.0638945287e-02
75.000000,748.000,40.000000,180.000000,4.1185216647e-02,-2.6056746183e-02,-1.2840642947e-17,8.8466640264e-01,9.4570442057e-01,6.1038017929e-02,7.8047101989e-02,1.8664976980e-02,1.0659518445e-02
75.000000,748.000,40.000000,185.000000,4.1105728069e-02,-2.5674822767e-02,4.5542646982e-03,8.8466640264e-01,9.4570442057e-01,6.1038017929e-02,7.7874296735e-02,1.6003513161e-02,1.0638945287e-02
75.000000,748.000,40.000000,190.000000,4.0870167446e-02,-2.4540168464e-02,8.9847137775e-03,8.8466640264e-01,9.4570442057e-01,6.1038017929e-02,7.7360376813e-02,1.0098405405e-02,1.0577977712e-02
75.000000,748.000,40.000000,195.000000,4.0487158108e-02,-2.2685797080e-02,1.3171182858e-02,8.8466640264e-01,9.4570442057e-01,6.1038017929e-02,7.6518698882e-02,4.7050427226e-03,1.0478847601e-02
75.000000,748.000,40.000000,200.000000,3.9970768436e-02,-2.0165628298e-02,1.7000699937e-02,8.8466640264e-01,9.4570442057e-01,6.1038017929e-02,7.5371091776e-02,1.6275197796e-03,1.0345196119e-02
75.000000,748.000,40.000000,205.000000,3.9340065897e-02,-1.7052867811e-02,2.0370809681e-02,8.8466640264e-01,9.4570442057e-01,6.1038017929e-02,7.3947221746e-02,4.2119082172e-04,1.0181958290e-02
75.000000,748.000,40.000000,210.000000,3.8618511990e-02,-1.3437808634e-02,2.3192580664e-02,8.8466640264e-01,9.4570442057e-01,6.1038017929e-02,7.2283730666e-02,8.2360274787e-05,9.9952063965e-03
75.000000,748.000,40.000000,215.000000,3.7833216667e-02,-9.4251202255e-03,2.5393205010e-02,8.8466640264e-01,9.4570442057e-01,6.1038017929e-02,7.0423173086e-02,1.2316483314e-05,9.7919570108e-03
75.000000,748.000,40.000000,220.000000,3.7014075145e-02,-5.1307075209e-03,2.6918112220e-02,8.8466640264e-01,9.4570442057e-01,6.1038017929e-02,6.8412784037e-02,1.4287387072e-06,9.5799475843e-03
75.000000,748.000,40.000000,225.000000,3.6192813629e-02,-6.7823502420e-04,2.7732533695e-02,8.8466640264e-01,9.4570442057e-01,6.1038017929e-02,6.6303114576e-02,1.3066753313e-07,9.3673894629e-03
75.000000,748.000,40.000000,230.000000,3.5401973293e-02,3.8045787772e-03,2.7822471153e-02,8.8466640264e-01,9.4570442057e-01,6.1038017929e-02,6.4146575985e-02,9.5943241970e-09,9.1627049225e-03
75.000000,748.000,40.000000,235.000000,3.4673863789e-02,8.1897844804e-03,2.7195040158e-02,8.8466640264e-01,9.4570442057e-01,6.1038017929e-02,6.1995936250e-02,5.7695436131e-10,8.9742563159e-03
75.000000,748.000,40.000000,240.000000,3.4039518513e-02,1.2353026591e-02,2.5878178974e-02,8.8466640264e-01,9.4570442057e-01,6.1038017929e-02,5.9902813820e-02,2.9032672074e-11,8.8100756772e-03
75.000000,748.000,40.000000,245.000000,3.3527683860e-02,1.6177254371e-02,2.3919732128e-02,8.8466640264e-01,9.4570442057e-01,6.1038017929e-02,5.7916213686e-02,1.2508217540e-12,8.6776031212e-03
75.000000,748.000,40.000000,250.000000,3.3163873694e-02,1.9556206461e-02,2.1385937079e-02,8.8466640264e-01,9.4570442057e-01,6.1038017929e-02,5.6081149452e-02,4.7263910963e-14,8.5834421213e-03
75.000000,748.000,40.000000,255.000000,3.2969518300e-02,2.2397563967e-02,1.8359360390e-02,8.8466640264e-01,9.4570442057e-01,6.1038017929e-02,5.4437392427e-02,1.6061324175e-15,8.5331392438e-03
75.000000,748.000,40.000000,260.000000,3.2961234270e-02,2.4625676756e-02,1.4936346538e-02,8.8466640264e-01,9.4570442057e-01,6.1038017929e-02,5.3018384865e-02,5.0371012299e-17,8.5309951792e-03
75.000000,748.000,40.000000,265.000000,3.3150238100e-02,2.6183780748e-02,1.1224057168e-02,8.8466640264e-01,9.4570442057e-01,6.1038017929e-02,5.1850349425e-02,1.4969488250e-18,8.5799129699e-03
75.000000,748.000,40.000000,270.000000,3.3541921927e-02,2.7035639429e-02,7.3371910310e-03,8.8466640264e-01,9.4570442057e-01,6.1038017929e-02,5.0951620981e-02,4.3301257233e-20,8.6812882042e-03
75.000000,748.000,40.000000,275.000000,3.4135604957e-02,2.7166560363e-02,3.3944844397e-03,8.8466640264e-01,9.4570442057e-01,6.1038017929e-02,5.0332220087e-02,1.2524948764e-21,8.8349446788e-03
75.000000,748.000,40.000000,280.000000,3.4924468747e-02,2.6583756439e-02,-4.8490131315e-04,8.8466640264e-01,9.4570442057e-01,6.1038017929e-02,4.9993680069e-02,3.7216595616e-23,9.0391176518e-03
75.000000,748.000,40.000000,285.000000,3.5895678996e-02,2.5316041549e-02,-4.1849957719e-03,8.8466640264e-01,9.4570442057e-01,6.1038017929e-02,4.9929132004e-02,1.1667826010e-24,9.2904853612e-03
75.000000,748.000,40.000000,290.000000,3.7030690761e-02,2.3412870566e-02,-7.5965285403e-03,8.8466640264e-01,9.4570442057e-01,6.1038017929e-02,5.0123643985e-02,3.9624462329e-26,9.5842480223e-03
75.000000,748.000,40.000000,295.000000,3.8305728485e-02,2.0942753456e-02,-1.0620225395e-02,8.8466640264e-01,9.4570442057e-01,6.1038017929e-02,5.0554803390e-02,1.4956208622e-27,9.9142520685e-03
75.000000,748.000,40.000000,300.000000,3.9692426891e-02,1.7991092331e-02,-1.3169791323e-02,8.8466640264e-01,9.4570442057e-01,6.1038017929e-02,5.1193523471e-02,6.4325608153e-29,1.0273156026e-02
75.000000,748.000,40.000000,305.000000,4.1158613874e-02,1.4657507790e-02,-1.5174490094e-02,8.8466640264e-01,9.4570442057e-01,6.1038017929e-02,5.2005048807e-02,3.2288258791e-30,1.0652633141e-02
75.000000,748.000,40.000000,310.000000,4.2669212222e-02,1.1052736377e-02,-1.6581242318e-02,8.8466640264e-01,9.4570442057e-01,6.1038017929e-02,5.2950128134e-02,1.9350581004e-31,1.1043604762e-02
75.000000,748.000,40.000000,315.000000,4.4187233324e-02,7.2951940106e-03,-1.7356178629e-02,8.8466640264e-01,9.4570442057e-01,6.1038017929e-02,5.3986318045e-02,1.4146312550e-32,1.1436497535e-02
75.000000,748.000,40.000000,320.000000,4.5674833246e-02,3.5073103389e-03,-1.7485601251e-02,8.8466640264e-01,9.4570442057e-01,6.1038017929e-02,5.5069377086e-02,1.2869235607e-33,1.1821516726e-02
75.000000,748.000,40.000000,325.000000,4.7094399575e-02,-1.8825407236e-04,-1.6976325242e-02,8.8466640264e-01,9.4570442057e-01,6.1038017929e-02,5.6154707099e-02,1.4837643195e-34,1.2188927528e-02
75.000000,748.000,40.000000,330.000000,4.8409636511e-02,-3.6723923161e-03,-1.5855389633e-02,8.8466640264e-01,9.4570442057e-01,6.1038017929e-02,5.7198797284e-02,2.2041549652e-35,1.2529335896e-02
75.000000,748.000,40.000000,335.000000,4.9586615662e-02,-6.8332220431e-03,-1.4169147842e-02,8.8466640264e-01,9.4570442057e-01,6.1038017929e-02,5.8160626420e-02,4.2806571442e-36,1.2833960516e-02
75.000000,748.000,40.000000,340.000000,5.0594761014e-02,-9.5695307558e-03,-1.1981765681e-02,8.8466640264e-01,9.4570442057e-01,6.1038017929e-02,5.9002980029e-02,1.1005501905e-36,1.3094887733e-02
75.000000,748.000,40.000000,345.000000,5.1407738501e-02,-1.1793890463e-02,-9.3731733048e-03,8.8466640264e-01,9.4570442057e-01,6.1038017929e-02,5.9693641928e-02,3.7848722662e-37,1.3305301790e-02
75.000000,748.000,40.000000,350.000000,5.2004223442e-02,-1.3435346759e-02,-6.4365340741e-03,8.8466640264e-01,9.4570442057e-01,6.1038017929e-02,6.0206423494e-02,1.7554184229e-37,1.3459683453e-02
75.000000,748.000,40.000000,355.000000,5.2368522780e-02,-1.4441600372e-02,-3.2753080303e-03,8.8466640264e-01,9.4570442057e-01,6.1038017929e-02,6.0521998995e-02,1.1044633893e-37,1.3553971059e-02
75.000000,748.000,45.000000,0.000000,5.9633984839e-02,-1.4085230076e-02,-4.4156677789e-18,8.8466640264e-01,9.4570442057e-01,6.1038017929e-02,6.3725175075e-02,9.8298452428e-46,1.5434411012e-02
75.000000,748.000,45.000000,5.000000,5.9476614933e-02,-1.3736900536e-02,3.1276723398e-03,8.8466640264e-01,9.4570442057e-01,6.1038017929e-02,6.3589711382e-02,1.1912018989e-45,1.5393680683e-02
75.000000,748.000,45.000000,10.000000,5.9008747769e-02,-1.2703033210e-02,6.1428685083e-03,8.8466640264e-01,9.4570442057e-01,6.1038017929e-02,6.3188200760e-02,2.1167167300e-45,1.5272587750e-02
75.000000,748.000,45.000000,15.000000,5.8242986205e-02,-1.1016649968e-02,8.9366626209e-03,8.8466640264e-01,9.4570442057e-01,6.1038017929e-02,6.2535130467e-02,5.4912051375e-45,1.5074394073e-02
75.000000,748.000,45.000000,20.000000,5.7199922748e-02,-8.7316576677e-03,1.1407120482e-02,8.8466640264e-01,9.4570442057e-01,6.1038017929e-02,6.1654136966e-02,2.0645804683e-44,1.4804429386e-02
75.000000,748.000,45.000000,25.000000,5.5907534217e-02,-5.9211899235e-03,1.3462526536e-02,8.8466640264e-01,9.4570442057e-01,6.1038017929e-02,6.0577258877e-02,1.1136653949e-43,1.4469934620e-02
75.000000,748.000,45.000000,30.000000,5.4400359966e-02,-2.6753567776e-03,1.5024297329e-02,8.8466640264e-01,9.4570442057e-01,6.1038017929e-02,5.9343923386e-02,8.5082196905e-43,1.4079849220e-02
75.000000,748.000,45.000000,35.000000,5.2718488409e-02,9.0152913320e-04,1.6029491993e-02,8.8466640264e-01,9.4570442057e-01,6.1038017929e-02,5.7999697232e-02,9.0642754354e-42,1.3644548829e-02
75.000000,748.000,45.000000,40.000000,5.0906382390e-02,4.6941653669e-03,1.6432842544e-02,8.8466640264e-01,9.4570442057e-01,6.1038017929e-02,5.6594840591e-02,1.3224758278e-40,1.3175541280e-02
75.000000,748.000,45.000000,45.000000,4.9011578732e-02,8.5798134687e-03,1.6208241390e-02,8.8466640264e-01,9.4570442057e-01,6.1038017929e-02,5.5182708286e-02,2.5888975325e-39,1.2685130006e-02
75.000000,748.000,45.000000,50.000000,4.7083301110e-02,1.2432085405e-02,1.5349640026e-02,8.8466640264e-01,9.4570442057e-01,6.1038017929e-02,5.3818047428e-02,6.6475096446e-38,1.2186055033e-02
75.000000,748.000,45.000000,55.000000,4.5171027956e-02,1.6124847155e-02,1.3871330784e-02,8.8466640264e-01,9.4570442057e-01,6.1038017929e-02,5.2555243840e-02,2.1841078313e-36,1.1691122322e-02
75.000000,748.000,45.000000,60.000000,4.3323058427e-02,1.9536120369e-02,1.1807602337e-02,8.8466640264e-01,9.4570442057e-01,6.1038017929e-02,5.1446571234e-02,8.9414345068e-35,1.1212832613e-02
75.000000,748.000,45.000000,65.000000,4.1585119470e-02,2.2551863017e-02,9.2117787535e-03,8.8466640264e-01,9.4570442057e-01,6.1038017929e-02,5.0540497083e-02,4.4339165888e-33,1.0763020912e-02
75.000000,748.000,45.000000,70.000000,3.9999055761e-02,2.5069513590e-02,6.1546706660e-03,8.8466640264e-01,9.4570442057e-01,6.1038017929e-02,4.9880097470e-02,2.5853534061e-31,1.0352517417e-02
75.000000,748.000,45.000000,75.000000,3.8601641698e-02,2.7001190562e-02,2.7224850859e-03,8.8466640264e-01,9.4570442057e-01,6.1038017929e-02,4.9501629929e-02,1.7186285828e-29,9.9908400437e-03
75.000000,748.000,45.000000,80.000000,3.7423550921e-02,2.8276449262e-02,-9.8574310237e-04,8.8466640264e-01,9.4570442057e-01,6.1038017929e-02,4.9433308551e-02,1.2616059691e-27,9.6859277138e-03
75.000000,748.000,45.000000,85.000000,3.6488514013e-02,2.8844511737e-02,-4.8611203079e-03,8.8466640264e-01,9.4570442057e-01,6.1038017929e-02,4.9694319508e-02,9.8984737108e-26,9.4439223540e-03
75.000000,748.000,45.000000,90.000000,3.5812689274e-02,2.8675901173e-02,-8.7881741489e-03,8.8466640264e-01,9.4570442057e-01,6.1038017929e-02,5.0294107870e-02,8.0299731397e-24,9.2690060405e-03
75.000000,748.000,45.000000,95.000000,3.5404265014e-02,2.7763430504e-02,-1.2648344678e-02,8.8466640264e-01,9.4570442057e-01,6.1038017929e-02,5.1231958381e-02,6.5138529510e-22,9.1632980636e-03
75.000000,748.000,45.000000,100.000000,3.5263304715e-02,2.6122514477e-02,-1.6323580971e-02,8.8466640264e-01,9.4570442057e-01,6.1038017929e-02,5.2496883936e-02,5.1097306665e-20,9.1268148534e-03
75.000000,748.000,45.000000,105.000000,3.5381839061e-02,2.3790794970e-02,-1.9699933839e-02,8.8466640264e-01,9.4570442057e-01,6.1038017929e-02,5.4067826168e-02,3.7492014589e-18,9.1574937997e-03
75.000000,748.000,45.000000,110.000000,3.5744201336e-02,2.0827090240e-02,-2.2671035462e-02,8.8466640264e-01,9.4570442057e-01,6.1038017929e-02,5.5914163053e-02,2.4899909423e-16,9.2512800577e-03
75.000000,748.000,45.000000,115.000000,3.6327595268e-02,1.7309699311e-02,-2.5141360084e-02,8.8466640264e-01,9.4570442057e-01,6.1038017929e-02,5.7996509127e-02,1.4494886520e-14,9.4022735180e-03
75.000000,748.000,45.000000,120.000000,3.7102877381e-02,1.3334112338e-02,-2.7029166469e-02,8.8466640264e-01,9.4570442057e-01,6.1038017929e-02,6.0267784985e-02,7.1687653153e-13,9.6029312943e-03
75.000000,748.000,45.000000,125.000000,3.8035529401e-02,9.0101958265e-03,-2.8269032423e-02,8.8466640264e-01,9.4570442057e-01,6.1038017929e-02,6.2674524535e-02,2.9232786968e-11,9.8443193995e-03
75.000000,748.000,45.000000,130.000000,3.9086790497e-02,4.4589375711e-03,-2.8813903970e-02,8.8466640264e-01,9.4570442057e-01,6.1038017929e-02,6.5158381232e-02,9.5526006387e-10,1.0116405793e-02
75.000000,748.000,45.000000,135.000000,4.0214914336e-02,-1.9115040139e-04,-2.8636596460e-02,8.8466640264e-01,9.4570442057e-01,6.1038017929e-02,6.7657788410e-02,2.4354990295e-08,1.0408385727e-02
75.000000,748.000,45.000000,140.000000,4.1376512139e-02,-4.8078622083e-03,-2.7730701453e-02,8.8466640264e-01,9.4570442057e-01,6.1038017929e-02,7.0109724142e-02,4.7263822118e-07,1.0709029361e-02
75.000000,748.000,45.000000,145.000000,4.2527940369e-02,-9.2592459799e-03,-2.6110871214e-02,8.8466640264e-01,9.4570442057e-01,6.1038017929e-02,7.2451527787e-02,6.8261367029e-06,1.1007040917e-02
75.000000,748.000,45.000000,150.000000,4.3626690362e-02,-1.3417549795e-02,-2.3812471478e-02,8.8466640264e-01,9.4570442057e-01,6.1038017929e-02,7.4622713788e-02,7.1914286471e-05,1.1291418340e-02
75.000000,748.000,45.000000,155.000000,4.4632737180e-02,-1.7163046269e-02,-2.0890612301e-02,8.8466640264e-01,9.4570442057e-01,6.1038017929e-02,7.6566728305e-02,5.4308082089e-04,1.1551802417e-02
75.000000,748.000,45.000000,160.000000,4.5509806290e-02,-2.0387620028e-02,-1.7418585646e-02,8.8466640264e-01,9.4570442057e-01,6.1038017929e-02,7.8232595903e-02,2.8967422722e-03,1.1778804607e-02
75.000000,748.000,45.000000,165.000000,4.6226519172e-02,-2.2998009430e-02,-1.3485756304e-02,8.8466640264e-01,9.4570442057e-01,6.1038017929e-02,7.9576406830e-02,1.0782811583e-02,1.1964303550e-02
75.000000,748.000,45.000000,170.000000,4.6757382730e-02,-2.4918604394e-02,-9.1949693603e-03,8.8466640264e-01,9.4570442057e-01,6.1038017929e-02,8.0562600146e-02,2.7752675138e-02,1.2101701150e-02
75.000000,748.000,45.000000,175.000000,4.7083592175e-02,-2.6093715571e-02,-4.6595520305e-03,8.8466640264e-01,9.4570442057e-01,6.1038017929e-02,8.1165004122e-02,4.9065801951e-02,1.2186130367e-02
75.000000,748.000,45.000000,180.000000,4.7193622748e-02,-2.6489246136e-02,-1.3136299294e-17,8.8466640264e-01,9.4570442057e-01,6.1038017929e-02,8.1367602577e-02,5.9355077547e-02,1.2214608374e-02
75.000000,748.000,45.000000,185.000000,4.7083592175e-02,-2.6093715571e-02,4.6595520305e-03,8.8466640264e-01,9.4570442057e-01,6.1038017929e-02,8.1165004122e-02,4.9065801951e-02,1.2186130367e-02
75.000000,748.000,45.000000,190.000000,4.6757382730e-02,-2.4918604394e-02,9.1949693603e-03,8.8466640264e-01,9.4570442057e-01,6.1038017929e-02,8.0562600146e-02,2.7752675138e-02,1.2101701150e-02
75.000000,748.000,45.000000,195.000000,4.6226519172e-02,-2.2998009430e-02,1.3485756304e-02,8.8466640264e-01,9.4570442057e-01,6.1038017929e-02,7.9576406830e-02,1.0782811583e-02,1.1964303550e-02
75.000000,748.000,45.000000,200.000000,4.5509806290e-02,-2.0387620028e-02,1.7418585646e-02,8.8466640264e-01,9.4570442057e-01,6.1038017929e-02,7.8232595903e-02,2.8967422722e-03,1.1778804607e-02
75.000000,748.000,45.000000,205.000000,4.4632737180e-02,-1.7163046269e-02,2.0890612301e-02,8.8466640264e-01,9.4570442057e-01,6.1038017929e-02,7.6566728305e-02,5.4308082089e-04,1.1551802417e-02
75.000000,748.000,45.000000,210.000000,4.3626690362e-02,-1.3417549795e-02,2.3812471478e-02,8.8466640264e-01,9.4570442057e-01,6.1038017929e-02,7.4622713788e-02,7.1914286471e-05,1.1291418340e-02
75.000000,748.000,45.000000,215.000000,4.2527940369e-02,-9.2592459799e-03,2.6110871214e-02,8.8466640264e-01,9.4570442057e-01,6.1038017929e-02,7.2451527787e-02,6.8261367029e-06,1.1007040917e-02
75.000000,748.000,45.000000,220.000000,4.1376512139e-02,-4.8078622083e-03,2.7730701453e-02,8.8466640264e-01,9.4570442057e-01,6.1038017929e-02,7.0109724142e-02,4.7263822118e-07,1.0709029361e-02
75.000000,748.000,45.000000,225.000000,4.0214914336e-02,-1.9115040139e-04,2.8636596460e-02,8.8466640264e-01,9.4570442057e-01,6.1038017929e-02,6.7657788410e-02,2.4354990295e-08,1.0408385727e-02
75.000000,748.000,45.000000,230.000000,3.9086790497e-02,4.4589375711e-03,2.8813903970e-02,8.8466640264e-01,9.4570442057e-01,6.1038017929e-02,6.5158381232e-02,9.5526006387e-10,1.0116405793e-02
75.000000,748.000,45.000000,235.000000,3.8035529401e-02,9.0101958265e-03,2.8269032423e-02,8.8466640264e-01,9.4570442057e-01,6.1038017929e-02,6.2674524535e-02,2.9232786968e-11,9.8443193995e-03
75.000000,748.000,45.000000,240.000000,3.7102877381e-02,1.3334112338e-02,2.7029166469e-02,8.8466640264e-01,9.4570442057e-01,6.1038017929e-02,6.0267784985e-02,7.1687653153e-13,9.6029312943e-03
75.000000,748.000,45.000000,245.000000,3.6327595268e-02,1.7309699311e-02,2.5141360084e-02,8.8466640264e-01,9.4570442057e-01,6.1038017929e-02,5.7996509127e-02,1.4494886520e-14,9.4022735180e-03
75.000000,748.000,45.000000,250.000000,3.5744201336e-02,2.0827090240e-02,2.2671035462e-02,8.8466640264e-01,9.4570442057e-01,6.1038017929e-02,5.5914163053e-02,2.4899909423e-16,9.2512800577e-03
75.000000,748.000,45.000000,255.000000,3.5381839061e-02,2.3790794970e-02,1.9699933839e-02,8.8466640264e-01,9.4570442057e-01,6.1038017929e-02,5.4067826168e-02,3.7492014589e-18,9.1574937997e-03
75.000000,748.000,45.000000,260.000000,3.5263304715e-02,2.6122514477e-02,1.6323580971e-02,8.8466640264e-01,9.4570442057e-01,6.1038017929e-02,5.2496883936e-02,5.1097306665e-20,9.1268148534e-03
75.000000,748.000,45.000000,265.000000,3.5404265014e-02,2.7763430504e-02,1.2648344678e-02,8.8466640264e-01,9.4570442057e-01,6.1038017929e-02,5.1231958381e-02,6.5138529510e-22,9.1632980636e-03
75.000000,748.000,45.000000,270.000000,3.5812689274e-02,2.8675901173e-02,8.7881741489e-03,8.8466640264e-01,9.4570442057e-01,6.1038017929e-02,5.0294107870e-02,8.0299731397e-24,9.2690060405e-03
75.000000,748.000,45.000000,275.000000,3.6488514013e-02,2.8844511737e-02,4.8611203079e-03,8.8466640264e-01,9.4570442057e-01,6.1038017929e-02,4.9694319508e-02,9.8984737108e-26,9.4439223540e-03
75.000000,748.000,45.000000,280.000000,3.7423550921e-02,2.8276449262e-02,9.8574310237e-04,8.8466640264e-01,9.4570442057e-01,6.1038017929e-02,4.9433308551e-02,1.2616059691e-27,9.6859277138e-03
75.000000,748.000,45.000000,285.000000,3.8601641698e-02,2.7001190562e-02,-2.7224850859e-03,8.8466640264e-01,9.4570442057e-01,6.1038017929e-02,4.9501629929e-02,1.7186285828e-29,9.9908400437e-03
75.000000,748.000,45.000000,290.000000,3.9999055761e-02,2.5069513590e-02,-6.1546706660e-03,8.8466640264e-01,9.4570442057e-01,6.1038017929e-02,4.9880097470e-02,2.5853534061e-31,1.0352517417e-02
75.000000,748.000,45.000000,295.000000,4.1585119470e-02,2.2551863017e-02,-9.2117787535e-03,8.8466640264e-01,9.4570442057e-01,6.1038017929e-02,5.0540497083e-02,4.4339165888e-33,1.0763020912e-02
75.000000,748.000,45.000000,300.000000,4.3323058427e-02,1.9536120369e-02,-1.1807602337e-02,8.8466640264e-01,9.4570442057e-01,6.1038017929e-02,5.1446571234e-02,8.9414345068e-35,1.1212832613e-02
75.000000,748.000,45.000000,305.000000,4.5171027956e-02,1.6124847155e-02,-1.3871330784e-02,8.8466640264e-01,9.4570442057e-01,6.1038017929e-02,5.2555243840e-02,2.1841078313e-36,1.1691122322e-02
75.000000,748.000,45.000000,310.000000,4.7083301110e-02,1.2432085405e-02,-1.5349640026e-02,8.8466640264e-01,9.4570442057e-01,6.1038017929e-02,5.3818047428e-02,6.6475096446e-38,1.2186055033e-02
75.000000,748.000,45.000000,315.000000,4.9011578732e-02,8.5798134687e-03,-1.6208241390e-02,8.8466640264e-01,9.4570442057e-01,6.1038017929e-02,5.5182708286e-02,2.5888975325e-39,1.2685130006e-02
75.000000,748.000,45.000000,320.000000,5.0906382390e-02,4.6941653669e-03,-1.6432842544e-02,8.8466640264e-01,9.4570442057e-01,6.1038017929e-02,5.6594840591e-02,1.3224758278e-40,1.3175541280e-02
75.000000,748.000,45.000000,325.000000,5.2718488409e-02,9.0152913320e-04,-1.6029491993e-02,8.8466640264e-01,9.4570442057e-01,6.1038017929e-02,5.7999697232e-02,9.0642754354e-42,1.3644548829e-02
75.000000,748.000,45.000000,330.000000,5.4400359966e-02,-2.6753567776e-03,-1.5024297329e-02,8.8466640264e-01,9.4570442057e-01,6.1038017929e-02,5.9343923386e-02,8.5082196905e-43,1.4079849220e-02
75.000000,748.000,45.000000,335.000000,5.5907534217e-02,-5.9211899235e-03,-1.3462526536e-02,8.8466640264e-01,9.4570442057e-01,6.1038017929e-02,6.0577258877e-02,1.1136653949e-43,1.4469934620e-02
75.000000,748.000,45.000000,340.000000,5.7199922748e-02,-8.7316576677e-03,-1.1407120482e-02,8.8466640264e-01,9.4570442057e-01,6.1038017929e-02,6.1654136966e-02,2.0645804683e-44,1.4804429386e-02
75.000000,748.000,45.000000,345.000000,5.8242986205e-02,-1.1016649968e-02,-8.9366626209e-03,8.8466640264e-01,9.4570442057e-01,6.1038017929e-02,6.2535130467e-02,5.4912051375e-45,1.5074394073e-02
75.000000,748.000,45.000000,350.000000,5.9008747769e-02,-1.2703033210e-02,-6.1428685083e-03,8.8466640264e-01,9.4570442057e-01,6.1038017929e-02,6.3188200760e-02,2.1167167300e-45,1.5272587750e-02
75.000000,748.000,45.000000,355.000000,5.9476614933e-02,-1.3736900536e-02,-3.1276723398e-03,8.8466640264e-01,9.4570442057e-01,6.1038017929e-02,6.3589711382e-02,1.1912018989e-45,1.5393680683e-02
75.000000,748.000,50.000000,0.000000,6.8677811738e-02,-1.3790925807e-02,-4.1515861912e-18,8.8466640264e-01,9.4570442057e-01,6.1038017929e-02,6.6967935505e-02,4.8895668302e-56,1.7775125654e-02
75.000000,748.000,50.000000,5.000000,6.8477102627e-02,-1.3425966962e-02,2.9398551818e-03,8.8466640264e-01,9.4570442057e-01,6.1038017929e-02,6.6802978408e-02,6.2118013761e-56,1.7723178313e-02
75.000000,748.000,50.000000,10.000000,6.7880490519e-02,-1.2342760822e-02,5.7694064442e-03,8.8466640264e-01,9.4570442057e-01,6.1038017929e-02,6.6313870665e-02,1.2713451760e-55,1.7568763737e-02
75.000000,748.000,50.000000,15.000000,6.6904357950e-02,-1.0575959540e-02,8.3818610514e-03,8.8466640264e-01,9.4570442057e-01,6.1038017929e-02,6.5517722089e-02,4.1689590186e-55,1.7316122038e-02
75.000000,748.000,50.000000,20.000000,6.5575470271e-02,-8.1821309056e-03,1.0677340733e-02,8.8466640264e-01,9.4570442057e-01,6.1038017929e-02,6.4442451765e-02,2.1705180530e-54,1.6972180598e-02
75.000000,748.000,50.000000,25.000000,6.3930184426e-02,-5.2380176087e-03,1.2566072455e-02,8.8466640264e-01,9.4570442057e-01,6.1038017929e-02,6.3125911369e-02,1.7716966056e-53,1.6546349286e-02
75.000000,748.000,50.000000,30.000000,6.2013374862e-02,-1.8381749508e-03,1.3971268536e-02,8.8466640264e-01,9.4570442057e-01,6.1038017929e-02,6.1614695641e-02,2.2311692995e-52,1.6050242465e-02
75.000000,748.000,50.000000,35.000000,5.9877108982e-02,1.9079409817e-03,1.4831607447e-02,8.8466640264e-01,9.4570442057e-01,6.1038017929e-02,5.9962676454e-02,4.2519055576e-51,1.5497336170e-02
75.000000,748.000,50.000000,40.000000,5.7579112092e-02,5.8793459187e-03,1.5103238781e-02,8.8466640264e-01,9.4570442057e-01,6.1038017929e-02,5.8229305410e-02,1.1988459530e-49,1.4902570809e-02
75.000000,748.000,50.000000,45.000000,5.5181068118e-02,9.9472579469e-03,1.4761250409e-02,8.8466640264e-01,9.4570442057e-01,6.1038017929e-02,5.6477736986e-02,4.8752832415e-48,1.4281911358e-02
75.000000,748.000,50.000000,50.000000,5.2746807326e-02,1.3979072226e-02,1.3800552206e-02,8.8466640264e-01,9.4570442057e-01,6.1038017929e-02,5.4772829809e-02,2.7798117194e-46,1.3651878304e-02
75.000000,748.000,50.000000,55.000000,5.0340435609e-02,1.7842458643e-02,1.2236148530e-02,8.8466640264e-01,9.4570442057e-01,6.1038017929e-02,5.3179087388e-02,2.1548789487e-44,1.3029063474e-02
75.000000,748.000,50.000000,60.000000,4.8024461693e-02,2.1409457371e-02,1.0102790286e-02,8.8466640264e-01,9.4570442057e-01,6.1038017929e-02,5.1758601542e-02,2.1969999439e-42,1.2429645317e-02
75.000000,748.000,50.000000,65.000000,4.5857978571e-02,2.4560447328e-02,7.4540163274e-03,8.8466640264e-01,9.4570442057e-01,6.1038017929e-02,5.0569061764e-02,2.8441368146e-40,1.1868918224e-02
75.000000,748.000,50.000000,70.000000,4.3894953812e-02,2.7187866348e-02,4.3606125616e-03,8.8466640264e-01,9.4570442057e-01,6.1038017929e-02,4.9661891778e-02,4.5052649810e-38,1.1360850030e-02
75.000000,748.000,50.000000,75.000000,4.2182680048e-02,2.9199569364e-02,9.0853495130e-04,8.8466640264e-01,9.4570442057e-01,6.1038017929e-02,4.9080570768e-02,8.4027049800e-36,1.0917680970e-02
75.000000,748.000,50.000000,80.000000,4.0760432021e-02,3.0521721894e-02,-2.8036410601e-03,8.8466640264e-01,9.4570442057e-01,6.1038017929e-02,4.8859191159e-02,1.7733452039e-33,1.0549576094e-02
75.000000,748.000,50.000000,85.000000,3.9658370293e-02,3.1101140193e-02,-6.6676676588e-03,8.8466640264e-01,9.4570442057e-01,6.1038017929e-02,4.9021297697e-02,4.0661323562e-31,1.0264341530e-02
75.000000,748.000,50.000000,90.000000,3.8896724175e-02,3.0907006236e-02,-1.0568879127e-02,8.8466640264e-01,9.4570442057e-01,6.1038017929e-02,4.9579044059e-02,9.7194263849e-29,1.0067213009e-02
75.000000,748.000,50.000000,95.000000,3.8485277962e-02,2.9931904666e-02,-1.4389655043e-02,8.8466640264e-01,9.4570442057e-01,6.1038017929e-02,5.0532693585e-02,2.3231222902e-26,9.9607228927e-03
75.000000,748.000,50.000000,100.000000,3.8423175300e-02,2.8192149427e-02,-1.8012987149e-02,8.8466640264e-01,9.4570442057e-01,6.1038017929e-02,5.1870480301e-02,5.3253594284e-24,9.9446495411e-03
75.000000,748.000,50.000000,105.000000,3.8699046872e-02,2.5727389412e-02,-2.1326041558e-02,8.8466640264e-01,9.4570442057e-01,6.1038017929e-02,5.3568835434e-02,1.1231679444e-21,1.0016050358e-02
75.000000,748.000,50.000000,110.000000,3.9291456734e-02,2.2599504295e-02,-2.4223608012e-02,8.8466640264e-01,9.4570442057e-01,6.1038017929e-02,5.5592973564e-02,2.0920157136e-19,1.0169377312e-02
75.000000,748.000,50.000000,115.000000,4.0169652982e-02,1.8890823381e-02,-2.6611331233e-02,8.8466640264e-01,9.4570442057e-01,6.1038017929e-02,5.7897821557e-02,3.3058500397e-17,1.0396671227e-02
75.000000,748.000,50.000000,120.000000,4.1294599186e-02,1.4701720791e-02,-2.8408625913e-02,8.8466640264e-01,9.4570442057e-01,6.1038017929e-02,6.0429263054e-02,4.2626711341e-15,1.0687828729e-02
75.000000,748.000,50.000000,125.000000,4.2620254501e-02,1.0147659357e-02,-2.9551186415e-02,8.8466640264e-01,9.4570442057e-01,6.1038017929e-02,6.3125661650e-02,4.3201478079e-13,1.1030933572e-02
75.000000,748.000,50.000000,130.000000,4.4095062857e-02,5.3557723017e-03,-2.9993014457e-02,8.8466640264e-01,9.4570442057e-01,6.1038017929e-02,6.5919617385e-02,3.3210539092e-11,1.1412642062e-02
75.000000,748.000,50.000000,135.000000,4.5663605288e-02,4.6108590327e-04,-2.9707902610e-02,8.8466640264e-01,9.4570442057e-01,6.1038017929e-02,6.8739904091e-02,1.8728857871e-09,1.1818610717e-02
75.000000,748.000,50.000000,140.000000,4.7268364539e-02,-4.3975027466e-03,-2.8690327882e-02,8.8466640264e-01,9.4570442057e-01,6.1038017929e-02,7.1513529548e-02,7.5128277561e-08,1.2233952974e-02
75.000000,748.000,50.000000,145.000000,4.8851547722e-02,-9.0813712817e-03,-2.6955727498e-02,8.8466640264e-01,9.4570442057e-01,6.1038017929e-02,7.4167856660e-02,2.0844338133e-06,1.2643710933e-02
75.000000,748.000,50.000000,150.000000,5.0356911072e-02,-1.3456315510e-02,-2.4540147663e-02,8.8466640264e-01,9.4570442057e-01,6.1038017929e-02,7.6632721915e-02,3.9017199302e-05,1.3033327638e-02
75.000000,748.000,50.000000,155.000000,5.1731530835e-02,-1.7396565400e-02,-2.1499275105e-02,8.8466640264e-01,9.4570442057e-01,6.1038017929e-02,7.8842487463e-02,4.8221952243e-04,1.3389105412e-02
75.000000,748.000,50.000000,160.000000,5.2927465997e-02,-2.0788552038e-02,-1.7906879841e-02,8.8466640264e-01,9.4570442057e-01,6.1038017929e-02,8.0737965045e-02,3.8645205607e-03,1.3698636209e-02
75.000000,748.000,50.000000,165.000000,5.3903261944e-02,-2.3534311536e-02,-1.3852715458e-02,8.8466640264e-01,9.4570442057e-01,6.1038017929e-02,8.2268153860e-02,1.9791188577e-02,1.3951190784e-02
75.000000,748.000,50.000000,170.000000,5.4625248972e-02,-2.5554422799e-02,-9.4399396449e-03,8.8466640264e-01,9.4570442057e-01,6.1038017929e-02,8.3391740027e-02,6.4052734084e-02,1.4138054777e-02
75.000000,748.000,50.000000,175.000000,5.5068595931e-02,-2.6790390196e-02,-4.7821322024e-03,8.8466640264e-01,9.4570442057e-01,6.1038017929e-02,8.4078312462e-02,1.2998923416e-01,1.4252801414e-02
75.000000,748.000,50.000000,180.000000,5.5218086724e-02,-2.7206398966e-02,-1.3480429980e-17,8.8466640264e-01,9.4570442057e-01,6.1038017929e-02,8.4309258529e-02,1.6465833800e-01,1.4291492478e-02
75.000000,748.000,50.000000,185.000000,5.5068595931e-02,-2.6790390196e-02,4.7821322024e-03,8.8466640264e-01,9.4570442057e-01,6.1038017929e-02,8.4078312462e-02,1.2998923416e-01,1.4252801414e-02
75.000000,748.000,50.000000,190.000000,5.4625248972e-02,-2.5554422799e-02,9.4399396449e-03,8.8466640264e-01,9.4570442057e-01,6.1038017929e-02,8.3391740027e-02,6.4052734084e-02,1.4138054777e-02
75.000000,748.000,50.000000,195.000000,5.3903261944e-02,-2.3534311536e-02,1.3852715458e-02,8.8466640264e-01,9.4570442057e-01,6.1038017929e-02,8.2268153860e-02,1.9791188577e-02,1.3951190784e-02
75.000000,748.000,50.000000,200.000000,5.2927465997e-02,-2.0788552038e-02,1.7906879841e-02,8.8466640264e-01,9.4570442057e-01,6.1038017929e-02,8.0737965045e-02,3.8645205607e-03,1.3698636209e-02
75.000000,748.000,50.000000,205.000000,5.1731530835e-02,-1.7396565400e-02,2.1499275105e-02,8.8466640264e-01,9.4570442057e-01,6.1038017929e-02,7.8842487463e-02,4.8221952243e-04,1.3389105412e-02
75.000000,748.000,50.000000,210.000000,5.0356911072e-02,-1.3456315510e-02,2.4540147663e-02,8.8466640264e-01,9.4570442057e-01,6.1038017929e-02,7.6632721915e-02,3.9017199302e-05,1.3033327638e-02
75.000000,748.000,50.000000,215.000000,4.8851547722e-02,-9.0813712817e-03,2.6955727498e-02,8.8466640264e-01,9.4570442057e-01,6.1038017929e-02,7.4167856660e-02,2.0844338133e-06,1.2643710933e-02
75.000000,748.000,50.000000,220.000000,4.7268364539e-02,-4.3975027466e-03,2.8690327882e-02,8.8466640264e-01,9.4570442057e-01,6.1038017929e-02,7.1513529548e-02,7.5128277561e-08,1.2233952974e-02
75.000000,748.000,50.000000,225.000000,4.5663605288e-02,4.6108590327e-04,2.9707902610e-02,8.8466640264e-01,9.4570442057e-01,6.1038017929e-02,6.8739904091e-02,1.8728857871e-09,1.1818610717e-02
75.000000,748.000,50.000000,230.000000,4.4095062857e-02,5.3557723017e-03,2.9993014457e-02,8.8466640264e-01,9.4570442057e-01,6.1038017929e-02,6.5919617385e-02,3.3210539092e-11,1.1412642062e-02
75.000000,748.000,50.000000,235.000000,4.2620254501e-02,1.0147659357e-02,2.9551186415e-02,8.8466640264e-01,9.4570442057e-01,6.1038017929e-02,6.3125661650e-02,4.3201478079e-13,1.1030933572e-02
75.000000,748.000,50.000000,240.000000,4.1294599186e-02,1.4701720791e-02,2.8408625913e-02,8.8466640264e-01,9.4570442057e-01,6.1038017929e-02,6.0429263054e-02,4.2626711341e-15,1.0687828729e-02
75.000000,748.000,50.000000,245.000000,4.0169652982e-02,1.8890823381e-02,2.6611331233e-02,8.8466640264e-01,9.4570442057e-01,6.1038017929e-02,5.7897821557e-02,3.3058500397e-17,1.0396671227e-02
75.000000,748.000,50.000000,250.000000,3.9291456734e-02,2.2599504295e-02,2.4223608012e-02,8.8466640264e-01,9.4570442057e-01,6.1038017929e-02,5.5592973564e-02,2.0920157136e-19,1.0169377312e-02
75.000000,748.000,50.000000,255.000000,3.8699046872e-02,2.5727389412e-02,2.1326041558e-02,8.8466640264e-01,9.4570442057e-01,6.1038017929e-02,5.3568835434e-02,1.1231679444e-21,1.0016050358e-02
75.000000,748.000,50.000000,260.000000,3.8423175300e-02,2.8192149427e-02,1.8012987149e-02,8.8466640264e-01,9.4570442057e-01,6.1038017929e-02,5.1870480301e-02,5.3253594284e-24,9.9446495411e-03
75.000000,748.000,50.000000,265.000000,3.8485277962e-02,2.9931904666e-02,1.4389655043e-02,8.8466640264e-01,9.4570442057e-01,6.1038017929e-02,5.0532693585e-02,2.3231222902e-26,9.9607228927e-03
75.000000,748.000,50.000000,270.000000,3.8896724175e-02,3.0907006236e-02,1.0568879127e-02,8.8466640264e-01,9.4570442057e-01,6.1038017929e-02,4.9579044059e-02,9.7194263849e-29,1.0067213009e-02
75.000000,748.000,50.000000,275.000000,3.9658370293e-02,3.1101140193e-02,6.6676676588e-03,8.8466640264e-01,9.4570442057e-01,6.1038017929e-02,4.9021297697e-02,4.0661323562e-31,1.0264341530e-02
75.000000,748.000,50.000000,280.000000,4.0760432021e-02,3.0521721894e-02,2.8036410601e-03,8.8466640264e-01,9.4570442057e-01,6.1038017929e-02,4.8859191159e-02,1.7733452039e-33,1.0549576094e-02
75.000000,748.000,50.000000,285.000000,4.2182680048e-02,2.9199569364e-02,-9.0853495130e-04,8.8466640264e-01,9.4570442057e-01,6.1038017929e-02,4.9080570768e-02,8.4027049800e-36,1.0917680970e-02
75.000000,748.000,50.000000,290.000000,4.3894953812e-02,2.7187866348e-02,-4.3606125616e-03,8.8466640264e-01,9.4570442057e-01,6.1038017929e-02,4.9661891778e-02,4.5052649810e-38,1.1360850030e-02
75.000000,748.000,50.000000,295.000000,4.5857978571e-02,2.4560447328e-02,-7.4540163274e-03,8.8466640264e-01,9.4570442057e-01,6.1038017929e-02,5.0569061764e-02,2.8441368146e-40,1.1868918224e-02
75.000000,748.000,50.000000,300.000000,4.8024461693e-02,2.1409457371e-02,-1.0102790286e-02,8.8466640264e-01,9.4570442057e-01,6.1038017929e-02,5.1758601542e-02,2.1969999439e-42,1.2429645317e-02
75.000000,748.000,50.000000,305.000000,5.0340435609e-02,1.7842458643e-02,-1.2236148530e-02,8.8466640264e-01,9.4570442057e-01,6.1038017929e-02,5.3179087388e-02,2.1548789487e-44,1.3029063474e-02
75.000000,748.000,50.000000,310.000000,5.2746807326e-02,1.3979072226e-02,-1.3800552206e-02,8.8466640264e-01,9.4570442057e-01,6.1038017929e-02,5.4772829809e-02,2.7798117194e-46,1.3651878304e-02
75.000000,748.000,50.000000,315.000000,5.5181068118e-02,9.9472579469e-03,-1.4761250409e-02,8.8466640264e-01,9.4570442057e-01,6.1038017929e-02,5.6477736986e-02,4.8752832415e-48,1.4281911358e-02
75.000000,748.000,50.000000,320.000000,5.7579112092e-02,5.8793459187e-03,-1.5103238781e-02,8.8466640264e-01,9.4570442057e-01,6.1038017929e-02,5.8229305410e-02,1.1988459530e-49,1.4902570809e-02
75.000000,748.000,50.000000,325.000000,5.9877108982e-02,1.9079409817e-03,-1.4831607447e-02,8.8466640264e-01,9.4570442057e-01,6.1038017929e-02,5.9962676454e-02,4.2519055576e-51,1.5497336170e-02
75.000000,748.000,50.000000,330.000000,6.2013374862e-02,-1.8381749508e-03,-1.3971268536e-02,8.8466640264e-01,9.4570442057e-01,6.1038017929e-02,6.1614695641e-02,2.2311692995e-52,1.6050242465e-02
75.000000,748.000,50.000000,335.000000,6.3930184426e-02,-5.2380176087e-03,-1.2566072455e-02,8.8466640264e-01,9.4570442057e-01,6.1038017929e-02,6.3125911369e-02,1.7716966056e-53,1.6546349286e-02
75.000000,748.000,50.000000,340.000000,6.5575470271e-02,-8.1821309056e-03,-1.0677340733e-02,8.8466640264e-01,9.4570442057e-01,6.1038017929e-02,6.4442451765e-02,2.1705180530e-54,1.6972180598e-02
75.000000,748.000,50.000000,345.000000,6.6904357950e-02,-1.0575959540e-02,-8.3818610514e-03,8.8466640264e-01,9.4570442057e-01,6.1038017929e-02,6.5517722089e-02,4.1689590186e-55,1.7316122038e-02
75.000000,748.000,50.000000,350.000000,6.7880490519e-02,-1.2342760822e-02,-5.7694064442e-03,8.8466640264e-01,9.4570442057e-01,6.1038017929e-02,6.6313870665e-02,1.2713451760e-55,1.7568763737e-02
75.000000,748.000,50.000000,355.000000,6.8477102627e-02,-1.3425966962e-02,-2.9398551818e-03,8.8466640264e-01,9.4570442057e-01,6.1038017929e-02,6.6802978408e-02,6.2118013761e-56,1.7723178313e-02
75.000000,748.000,55.000000,0.000000,8.0514803507e-02,-1.4109189380e-02,-3.8008684897e-18,8.8466640264e-01,9.4570442057e-01,6.1038017929e-02,7.0252228654e-02,1.2311619782e-69,2.0838764560e-02
75.000000,748.000,55.000000,5.000000,8.0258666071e-02,-1.3716332656e-02,2.6904453449e-03,8.8466640264e-01,9.4570442057e-01,6.1038017929e-02,7.0058148073e-02,1.6632685876e-69,2.0772471314e-02
75.000000,748.000,55.000000,10.000000,7.9497415399e-02,-1.2550317894e-02,5.2736127279e-03,8.8466640264e-01,9.4570442057e-01,6.1038017929e-02,6.9482518714e-02,4.0917055708e-69,2.0575445142e-02
75.000000,748.000,55.000000,15.000000,7.8252323531e-02,-1.0648425126e-02,7.6456780732e-03,8.8466640264e-01,9.4570442057e-01,6.1038017929e-02,6.8544971378e-02,1.8203307136e-68,2.0253191653e-02
75.000000,748.000,55.000000,20.000000,7.6558140707e-02,-8.0715121817e-03,9.7096186547e-03,8.8466640264e-01,9.4570442057e-01,6.1038017929e-02,6.7277542515e-02,1.4479100298e-67,1.9814704873e-02
75.000000,748.000,55.000000,25.000000,7.4462062950e-02,-4.9021421909e-03,1.1378350957e-02,8.8466640264e-01,9.4570442057e-01,6.1038017929e-02,6.5723673801e-02,2.0267073136e-66,1.9272200029e-02
75.000000,748.000,55.000000,30.000000,7.2022330621e-02,-1.2420424864e-03,1.2577562147e-02,8.8466640264e-01,9.4570442057e-01,6.1038017929e-02,6.3936854650e-02,4.8925717008e-65,1.8640750837e-02
75.000000,748.000,55.000000,35.000000,6.9306500273e-02,2.7910276371e-03,1.3248147714e-02,8.8466640264e-01,9.4570442057e-01,6.1038017929e-02,6.1978949207e-02,1.9879863516e-63,1.7937842220e-02
75.000000,748.000,55.000000,40.000000,6.6389442011e-02,7.0669048220e-03,1.3348179838e-02,8.8466640264e-01,9.4570442057e-01,6.1038017929e-02,5.9918259001e-02,1.3216944349e-61,1.7182851986e-02
75.000000,748.000,55.000000,45.000000,6.3351122813e-02,1.1447034592e-02,1.2854345375e-02,8.8466640264e-01,9.4570442057e-01,6.1038017929e-02,5.7827380578e-02,1.3924399845e-59,1.6396477113e-02
75.000000,748.000,55.000000,50.000000,6.0274242732e-02,1.5788746971e-02,1.1762808508e-02,8.8466640264e-01,9.4570442057e-01,6.1038017929e-02,5.5780923710e-02,2.2434695554e-57,1.5600121948e-02
75.000000,748.000,55.000000,55.000000,5.7241795292e-02,1.9949664363e-02,1.0089470686e-02,8.8466640264e-01,9.4570442057e-01,6.1038017929e-02,5.3853160095e-02,5.3178696006e-55,1.4815266798e-02
75.000000,748.000,55.000000,60.000000,5.4334625653e-02,2.3792107205e-02,7.8696188613e-03,8.8466640264e-01,9.4570442057e-01,6.1038017929e-02,5.2115674628e-02,1.7788550534e-52,1.4062835928e-02
75.000000,748.000,55.000000,65.000000,5.1629060127e-02,2.7187362928e-02,5.1569717043e-03,8.8466640264e-01,9.4570442057e-01,6.1038017929e-02,5.0635091309e-02,8.0337086211e-50,1.3362584041e-02
75.000000,748.000,55.000000,70.000000,4.9194678418e-02,3.0019687860e-02,2.0221518879e-03,8.8466640264e-01,9.4570442057e-01,6.1038017929e-02,4.9470943641e-02,4.6759926922e-47,1.2732519692e-02
75.000000,748.000,55.000000,75.000000,4.7092295584e-02,3.2189919784e-02,-1.4493699438e-03,8.8466640264e-01,9.4570442057e-01,6.1038017929e-02,4.8673755029e-02,3.3419313788e-44,1.2188382975e-02
75.000000,748.000,55.000000,80.000000,4.5372214297e-02,3.3618590659e-02,-5.1597977321e-03,8.8466640264e-01,9.4570442057e-01,6.1038017929e-02,4.8283388334e-02,2.7899739717e-41,1.1743193179e-02
75.000000,748.000,55.000000,85.000000,4.4072799755e-02,3.4248444160e-02,-9.0019230047e-03,8.8466640264e-01,9.4570442057e-01,6.1038017929e-02,4.8327715632e-02,2.5851199930e-38,1.1406879948e-02
75.000000,748.000,55.000000,90.000000,4.3219419746e-02,3.4046280765e-02,-1.2862340256e-02,8.8466640264e-01,9.4570442057e-01,6.1038017929e-02,4.8821649479e-02,2.5239548622e-35,1.1186008949e-02
75.000000,748.000,55.000000,95.000000,4.2823781287e-02,3.3004073527e-02,-1.6624867331e-02,8.8466640264e-01,9.4570442057e-01,6.1038017929e-02,4.9766566056e-02,2.4640297779e-32,1.1083610180e-02
75.000000,748.000,55.000000,100.000000,4.2883683148e-02,3.1139319805e-02,-2.0174067080e-02,8.8466640264e-01,9.4570442057e-01,6.1038017929e-02,5.1150138660e-02,2.2823155516e-29,1.1099113923e-02
75.000000,748.000,55.000000,105.000000,4.3383190976e-02,2.8494617458e-02,-2.3398763336e-02,8.8466640264e-01,9.4570442057e-01,6.1038017929e-02,5.2946587557e-02,1.9036681904e-26,1.1228396062e-02
75.000000,748.000,55.000000,110.000000,4.4293228878e-02,2.5136477543e-02,-2.6195444337e-02,8.8466640264e-01,9.4570442057e-01,6.1038017929e-02,5.5117339536e-02,1.3579867853e-23,1.1463931203e-02
75.000000,748.000,55.000000,115.000000,4.5572568645e-02,2.1153408799e-02,-2.8471449971e-02,8.8466640264e-01,9.4570442057e-01,6.1038017929e-02,5.7612078087e-02,7.8766937661e-21,1.1795048700e-02
75.000000,748.000,55.000000,120.000000,4.7169185787e-02,1.6653331299e-02,-3.0147845689e-02,8.8466640264e-01,9.4570442057e-01,6.1038017929e-02,6.0370153208e-02,3.5368956372e-18,1.2208283624e-02
75.000000,748.000,55.000000,125.000000,4.9021940366e-02,1.1760397075e-02,-3.1161895316e-02,8.8466640264e-01,9.4570442057e-01,6.1038017929e-02,6.3322308911e-02,1.1728229535e-15,1.2687811795e-02
75.000000,748.000,55.000000,130.000000,5.1062530805e-02,6.6113135701e-03,-3.1469057065e-02,8.8466640264e-01,9.4570442057e-01,6.1038017929e-02,6.6392676821e-02,2.7459063344e-13,1.3215955463e-02
75.000000,748.000,55.000000,135.000000,5.3217660574e-02,1.3512808872e-03,-3.1044441409e-02,8.8466640264e-01,9.4570442057e-01,6.1038017929e-02,6.9500976136e-02,4.3520954727e-11,1.3773744092e-02
75.000000,748.000,55.000000,140.000000,5.5411351227e-02,-3.8703344048e-03,-2.9883685734e-02,8.8466640264e-01,9.4570442057e-01,6.1038017929e-02,7.2564853895e-02,4.4914489863e-09,1.4341513012e-02
75.000000,748.000,55.000000,145.000000,5.7567330844e-02,-8.9044581170e-03,-2.8003218288e-02,8.8466640264e-01,9.4570442057e-01,6.1038017929e-02,7.5502295214e-02,2.9137349562e-07,1.4899521598e-02
75.000000,748.000,55.000000,150.000000,5.9611424714e-02,-1.3606765059e-02,-2.5439902403e-02,8.8466640264e-01,9.4570442057e-01,6.1038017929e-02,7.8234030941e-02,1.1516965674e-05,1.5428572022e-02
75.000000,748.000,55.000000,155.000000,6.1473875054e-02,-1.7841998578e-02,-2.2250070719e-02,8.8466640264e-01,9.4570442057e-01,6.1038017929e-02,8.0685870231e-02,2.7000953194e-04,1.5910609640e-02
75.000000,748.000,55.000000,160.000000,6.3091518773e-02,-2.1488022262e-02,-1.8507977570e-02,8.8466640264e-01,9.4570442057e-01,6.1038017929e-02,8.2790887735e-02,3.6716599852e-03,1.6329286643e-02
75.000000,748.000,55.000000,165.000000,6.4409756684e-02,-2.4439481157e-02,-1.4303715319e-02,8.8466640264e-01,9.4570442057e-01,6.1038017929e-02,8.4491399464e-02,2.8448237620e-02,1.6670471720e-02
75.000000,748.000,55.000000,170.000000,6.5384253931e-02,-2.6610961612e-02,-9.7406566198e-03,8.8466640264e-01,9.4570442057e-01,6.1038017929e-02,8.5740667719e-02,1.2392239015e-01,1.6922690167e-02
75.000000,748.000,55.000000,175.000000,6.5982319663e-02,-2.7939554072e-02,-4.9324989819e-03,8.8466640264e-01,9.4570442057e-01,6.1038017929e-02,8.6504283667e-02,3.0071169410e-01,1.7077480969e-02
75.000000,748.000,55.000000,180.000000,6.6183923775e-02,-2.8386741191e-02,-1.3902466509e-17,8.8466640264e-01,9.4570442057e-01,6.1038017929e-02,8.6761185814e-02,4.0433071499e-01,1.7129659953e-02
75.000000,748.000,55.000000,185.000000,6.5982319663e-02,-2.7939554072e-02,4.9324989819e-03,8.8466640264e-01,9.4570442057e-01,6.1038017929e-02,8.6504283667e-02,3.0071169410e-01,1.7077480969e-02
75.000000,748.000,55.000000,190.000000,6.5384253931e-02,-2.6610961612e-02,9.7406566198e-03,8.8466640264e-01,9.4570442057e-01,6.1038017929e-02,8.5740667719e-02,1.2392239015e-01,1.6922690167e-02
75.000000,748.000,55.000000,195.000000,6.4409756684e-02,-2.4439481157e-02,1.4303715319e-02,8.8466640264e-01,9.4570442057e-01,6.1038017929e-02,8.4491399464e-02,2.8448237620e-02,1.6670471720e-02
75.000000,748.000,55.000000,200.000000,6.3091518773e-02,-2.1488022262e-02,1.8507977570e-02,8.8466640264e-01,9.4570442057e-01,6.1038017929e-02,8.2790887735e-02,3.6716599852e-03,1.6329286643e-02
75.000000,748.000,55.000000,205.000000,6.1473875054e-02,-1.7841998578e-02,2.2250070719e-02,8.8466640264e-01,9.4570442057e-01,6.1038017929e-02,8.0685870231e-02,2.7000953194e-04,1.5910609640e-02
75.000000,748.000,55.000000,210.000000,5.9611424714e-02,-1.3606765059e-02,2.5439902403e-02,8.8466640264e-01,9.4570442057e-01,6.1038017929e-02,7.8234030941e-02,1.1516965674e-05,1.5428572022e-02
75.000000,748.000,55.000000,215.000000,5.7567330844e-02,-8.9044581170e-03,2.8003218288e-02,8.8466640264e-01,9.4570442057e-01,6.1038017929e-02,7.5502295214e-02,2.9137349562e-07,1.4899521598e-02
75.000000,748.000,55.000000,220.000000,5.5411351227e-02,-3.8703344048e-03,2.9883685734e-02,8.8466640264e-01,9.4570442057e-01,6.1038017929e-02,7.2564853895e-02,4.4914489863e-09,1.4341513012e-02
75.000000,748.000,55.000000,225.000000,5.3217660574e-02,1.3512808872e-03,3.1044441409e-02,8.8466640264e-01,9.4570442057e-01,6.1038017929e-02,6.9500976136e-02,4.3520954727e-11,1.3773744092e-02
75.000000,748.000,55.000000,230.000000,5.1062530805e-02,6.6113135701e-03,3.1469057065e-02,8.8466640264e-01,9.4570442057e-01,6.1038017929e-02,6.6392676821e-02,2.7459063344e-13,1.3215955463e-02
75.000000,748.000,55.000000,235.000000,4.9021940366e-02,1.1760397075e-02,3.1161895316e-02,8.8466640264e-01,9.4570442057e-01,6.1038017929e-02,6.3322308911e-02,1.1728229535e-15,1.2687811795e-02
75.000000,748.000,55.000000,240.000000,4.7169185787e-02,1.6653331299e-02,3.0147845689e-02,8.8466640264e-01,9.4570442057e-01,6.1038017929e-02,6.0370153208e-02,3.5368956372e-18,1.2208283624e-02
75.000000,748.000,55.000000,245.000000,4.5572568645e-02,2.1153408799e-02,2.8471449971e-02,8.8466640264e-01,9.4570442057e-01,6.1038017929e-02,5.7612078087e-02,7.8766937661e-21,1.1795048700e-02
75.000000,748.000,55.000000,250.000000,4.4293228878e-02,2.5136477543e-02,2.6195444337e-02,8.8466640264e-01,9.4570442057e-01,6.1038017929e-02,5.5117339536e-02,1.3579867853e-23,1.1463931203e-02
75.000000,748.000,55.000000,255.000000,4.3383190976e-02,2.8494617458e-02,2.3398763336e-02,8.8466640264e-01,9.4570442057e-01,6.1038017929e-02,5.2946587557e-02,1.9036681904e-26,1.1228396062e-02
75.000000,748.000,55.000000,260.000000,4.2883683148e-02,3.1139319805e-02,2.0174067080e-02,8.8466640264e-01,9.4570442057e-01,6.1038017929e-02,5.1150138660e-02,2.2823155516e-29,1.1099113923e-02
75.000000,748.000,55.000000,265.000000,4.2823781287e-02,3.3004073527e-02,1.6624867331e-02,8.8466640264e-01,9.4570442057e-01,6.1038017929e-02,4.9766566056e-02,2.4640297779e-32,1.1083610180e-02
75.000000,748.000,55.000000,270.000000,4.3219419746e-02,3.4046280765e-02,1.2862340256e-02,8.8466640264e-01,9.4570442057e-01,6.1038017929e-02,4.8821649479e-02,2.5239548622e-35,1.1186008949e-02
75.000000,748.000,55.000000,275.000000,4.4072799755e-02,3.4248444160e-02,9.0019230047e-03,8.8466640264e-01,9.4570442057e-01,6.1038017929e-02,4.8327715632e-02,2.5851199930e-38,1.1406879948e-02
75.000000,748.000,55.000000,280.000000,4.5372214297e-02,3.3618590659e-02,5.1597977321e-03,8.8466640264e-01,9.4570442057e-01,6.1038017929e-02,4.8283388334e-02,2.7899739717e-41,1.1743193179e-02
75.000000,748.000,55.000000,285.000000,4.7092295584e-02,3.2189919784e-02,1.4493699438e-03,8.8466640264e-01,9.4570442057e-01,6.1038017929e-02,4.8673755029e-02,3.3419313788e-44,1.2188382975e-02
75.000000,748.000,55.000000,290.000000,4.9194678418e-02,3.0019687860e-02,-2.0221518879e-03,8.8466640264e-01,9.4570442057e-01,6.1038017929e-02,4.9470943641e-02,4.6759926922e-47,1.2732519692e-02
75.000000,748.000,55.000000,295.000000,5.1629060127e-02,2.7187362928e-02,-5.1569717043e-03,8.8466640264e-01,9.4570442057e-01,6.1038017929e-02,5.0635091309e-02,8.0337086211e-50,1.3362584041e-02
75.000000,748.000,55.000000,300.000000,5.4334625653e-02,2.3792107205e-02,-7.8696188613e-03,8.8466640264e-01,9.4570442057e-01,6.1038017929e-02,5.2115674628e-02,1.7788550534e-52,1.4062835928e-02
75.000000,748.000,55.000000,305.000000,5.7241795292e-02,1.9949664363e-02,-1.0089470686e-02,8.8466640264e-01,9.4570442057e-01,6.1038017929e-02,5.3853160095e-02,5.3178696006e-55,1.4815266798e-02
75.000000,748.000,55.000000,310.000000,6.0274242732e-02,1.5788746971e-02,-1.1762808508e-02,8.8466640264e-01,9.4570442057e-01,6.1038017929e-02,5.5780923710e-02,2.2434695554e-57,1.5600121948e-02
75.000000,748.000,55.000000,315.000000,6.3351122813e-02,1.1447034592e-02,-1.2854345375e-02,8.8466640264e-01,9.4570442057e-01,6.1038017929e-02,5.7827380578e-02,1.3924399845e-59,1.6396477113e-02
75.000000,748.000,55.000000,320.000000,6.6389442011e-02,7.0669048220e-03,-1.3348179838e-02,8.8466640264e-01,9.4570442057e-01,6.1038017929e-02,5.9918259001e-02,1.3216944349e-61,1.7182851986e-02
75.000000,748.000,55.000000,325.000000,6.9306500273e-02,2.7910276371e-03,-1.3248147714e-02,8.8466640264e-01,9.4570442057e-01,6.1038017929e-02,6.1978949207e-02,1.9879863516e-63,1.7937842220e-02
75.000000,748.000,55.000000,330.000000,7.2022330621e-02,-1.2420424864e-03,-1.2577562147e-02,8.8466640264e-01,9.4570442057e-01,6.1038017929e-02,6.3936854650e-02,4.8925717008e-65,1.8640750837e-02
75.000000,748.000,55.000000,335.000000,7.4462062950e-02,-4.9021421909e-03,-1.1378350957e-02,8.8466640264e-01,9.4570442057e-01,6.1038017929e-02,6.5723673801e-02,2.0267073136e-66,1.9272200029e-02
75.000000,748.000,55.000000,340.000000,7.6558140707e-02,-8.0715121817e-03,-9.7096186547e-03,8.8466640264e-01,9.4570442057e-01,6.1038017929e-02,6.7277542515e-02,1.4479100298e-67,1.9814704873e-02
75.000000,748.000,55.000000,345.000000,7.8252323531e-02,-1.0648425126e-02,-7.6456780732e-03,8.8466640264e-01,9.4570442057e-01,6.1038017929e-02,6.8544971378e-02,1.8203307136e-68,2.0253191653e-02
75.000000,748.000,55.000000,350.000000,7.9497415399e-02,-1.2550317894e-02,-5.2736127279e-03,8.8466640264e-01,9.4570442057e-01,6.1038017929e-02,6.9482518714e-02,4.0917055708e-69,2.0575445142e-02
75.000000,748.000,55.000000,355.000000,8.0258666071e-02,-1.3716332656e-02,-2.6904453449e-03,8.8466640264e-01,9.4570442057e-01,6.1038017929e-02,7.0058148073e-02,1.6632685876e-69,2.0772471314e-02
75.000000,748.000,60.000000,0.000000,9.6585105989e-02,-1.5292512562e-02,-3.3174081475e-18,8.8466640264e-01,9.4570442057e-01,6.1038017929e-02,7.3770361548e-02,4.4487520377e-88,2.4998064903e-02
75.000000,748.000,60.000000,5.000000,9.6255902895e-02,-1.4854368246e-02,2.3466576833e-03,8.8466640264e-01,9.4570442057e-01,6.1038017929e-02,7.3547333736e-02,6.5273728787e-88,2.4912860873e-02
75.000000,748.000,60.000000,10.000000,9.5277645673e-02,-1.3553895979e-02,4.5903333807e-03,8.8466640264e-01,9.4570442057e-01,6.1038017929e-02,7.2885683212e-02,2.0557292791e-87,2.4659669273e-02
75.000000,748.000,60.000000,15.000000,9.3678111291e-02,-1.1432548686e-02,6.6314152657e-03,8.8466640264e-01,9.4570442057e-01,6.1038017929e-02,7.1807477872e-02,1.3775620843e-86,2.4245679311e-02
75.000000,748.000,60.000000,20.000000,9.1502672455e-02,-8.5579972527e-03,8.3769275948e-03,8.8466640264e-01,9.4570442057e-01,6.1038017929e-02,7.0348735127e-02,1.9357900040e-85,2.3682634309e-02
75.000000,748.000,60.000000,25.000000,8.8812943555e-02,-5.0220499175e-03,9.7435913414e-03,8.8466640264e-01,9.4570442057e-01,6.1038017929e-02,6.8558302747e-02,5.5902895037e-84,2.2986481244e-02
75.000000,748.000,60.000000,30.000000,8.5684942672e-02,-9.3782872792e-04,1.0660584751e-02,8.8466640264e-01,9.4570442057e-01,6.1038017929e-02,6.6496340211e-02,3.2335426611e-82,2.2176895042e-02
75.000000,748.000,60.000000,35.000000,8.2206825252e-02,3.5637108730e-03,1.1071918186e-02,8.8466640264e-01,9.4570442057e-01,6.1038017929e-02,6.4232446968e-02,3.6318684451e-80,2.1276692013e-02
75.000000,748.000,60.000000,40.000000,7.8476257966e-02,8.3378112587e-03,1.0938349411e-02,8.8466640264e-01,9.4570442057e-01,6.1038017929e-02,6.1843494820e-02,7.6407026034e-78,2.0311150150e-02
75.000000,748.000,60.000000,45.000000,7.4597512143e-02,1.3230371743e-02,1.0238779483e-02,8.8466640264e-01,9.4570442057e-01,6.1038017929e-02,5.9411230678e-02,2.8904202786e-75,1.9307256860e-02
75.000000,748.000,60.000000,50.000000,7.0678364653e-02,1.8082699669e-02,8.9710852971e-03,8.8466640264e-01,9.4570442057e-01,6.1038017929e-02,5.7019723014e-02,1.8791151039e-72,1.8292906849e-02
75.000000,748.000,60.000000,55.000000,6.6826899841e-02,2.2736408573e-02,7.1523620266e-03,8.8466640264e-01,9.4570442057e-01,6.1038017929e-02,5.4752730121e-02,1.9983502808e-69,1.7296074404e-02
75.000000,748.000,60.000000,60.000000,6.3148309144e-02,2.7038314021e-02,4.8185667346e-03,8.8466640264e-01,9.4570442057e-01,6.1038017929e-02,5.2691070727e-02,3.2965869512e-66,1.6343985072e-02
75.000000,748.000,60.000000,65.000000,5.9741784952e-02,3.0845177723e-02,2.0235727531e-03,8.8466640264e-01,9.4570442057e-01,6.1038017929e-02,5.0910077509e-02,7.9734546568e-63,1.5462311734e-02
75.000000,748.000,60.000000,70.000000,5.6697602444e-02,3.4028155093e-02,-1.1623375627e-03,8.8466640264e-01,9.4570442057e-01,6.1038017929e-02,4.9477211573e-02,2.6649211519e-59,1.4674419324e-02
75.000000,748.000,60.000000,75.000000,5.4094477306e-02,3.6476810399e-02,-4.6544968932e-03,8.8466640264e-01,9.4570442057e-01,6.1038017929e-02,4.8449911100e-02,1.1571525588e-55,1.4000680962e-02
75.000000,748.000,60.000000,80.000000,5.1997278879e-02,3.8102576730e-02,-8.3563331734e-03,8.8466640264e-01,9.4570442057e-01,6.1038017929e-02,4.7873740324e-02,6.1252144522e-52,1.3457886067e-02
75.000000,748.000,60.000000,85.000000,5.0455167393e-02,3.8841554869e-02,-1.2162231316e-02,8.8466640264e-01,9.4570442057e-01,6.1038017929e-02,4.7780895870e-02,3.7031849649e-48,1.3058758245e-02
75.000000,748.000,60.000000,90.000000,4.9500211089e-02,3.8656565202e-02,-1.5960690039e-02,8.8466640264e-01,9.4570442057e-01,6.1038017929e-02,4.8189116677e-02,2.3932875036e-44,1.2811597366e-02
75.000000,748.000,60.000000,95.000000,4.9146524383e-02,3.7538389472e-02,-1.9637678273e-02,8.8466640264e-01,9.4570442057e-01,6.1038017929e-02,4.9101031473e-02,1.5465507635e-40,1.2720056511e-02
75.000000,748.000,60.000000,100.000000,4.9389952422e-02,3.5506163810e-02,-2.3080089414e-02,8.8466640264e-01,9.4570442057e-01,6.1038017929e-02,5.0503964500e-02,9.3456656450e-37,1.2783060324e-02
75.000000,748.000,60.000000,105.000000,5.0208310731e-02,3.2606910227e-02,-2.6179188535e-02,8.8466640264e-01,9.4570442057e-01,6.1038017929e-02,5.2370206255e-02,4.9408823142e-33,1.2994867040e-02
75.000000,748.000,60.000000,110.000000,5.1562171824e-02,2.8914219947e-02,-2.8833947742e-02,8.8466640264e-01,9.4570442057e-01,6.1038017929e-02,5.4657741893e-02,2.1397850808e-29,1.3345272075e-02
75.000000,748.000,60.000000,115.000000,5.3396174017e-02,2.4526127735e-02,-3.0954168091e-02,8.8466640264e-01,9.4570442057e-01,6.1038017929e-02,5.7311416032e-02,7.1170062772e-26,1.3819946771e-02
75.000000,748.000,60.000000,120.000000,5.5640811823e-02,1.9562240979e-02,-3.2463292806e-02,8.8466640264e-01,9.4570442057e-01,6.1038017929e-02,6.0264499400e-02,1.7075328271e-22,1.4400901785e-02
75.000000,748.000,60.000000,125.000000,5.8214652723e-02,1.4160209906e-02,-3.3300825774e-02,8.8466640264e-01,9.4570442057e-01,6.1038017929e-02,6.3440610580e-02,2.7822630864e-19,1.5067060829e-02
75.000000,748.000,60.000000,130.000000,6.1026912137e-02,8.4716454281e-03,-3.3424281122e-02,8.8466640264e-01,9.4570442057e-01,6.1038017929e-02,6.6755935242e-02,2.9072006496e-16,1.5794927125e-02
75.000000,748.000,60.000000,135.000000,6.3980307613e-02,2.6576078537e-03,-3.2810603800e-02,8.8466640264e-01,9.4570442057e-01,6.1038017929e-02,7.0121676221e-02,1.8459583716e-13,1.6559322122e-02
75.000000,748.000,60.000000,140.000000,6.6974104757e-02,-3.1161971620e-03,-3.1457017009e-02,8.8466640264e-01,9.4570442057e-01,6.1038017929e-02,7.3446660720e-02,6.7772049114e-11,1.7334173840e-02
75.000000,748.000,60.000000,145.000000,6.9907261696e-02,-8.6843701585e-03,-2.9381269614e-02,8.8466640264e-01,9.4570442057e-01,6.1038017929e-02,7.6640026128e-02,1.3753530745e-08,1.8093330718e-02
75.000000,748.000,60.000000,150.000000,7.2681575874e-02,-1.3886767078e-02,-2.6621274790e-02,8.8466640264e-01,9.4570442057e-01,6.1038017929e-02,7.9613903460e-02,1.4826602121e-06,1.8811376064e-02
75.000000,748.000,60.000000,155.000000,7.5204736989e-02,-1.8573296347e-02,-2.3234149502e-02,8.8466640264e-01,9.4570442057e-01,6.1038017929e-02,8.2286017509e-02,8.2060765188e-05,1.9464418215e-02
75.000000,748.000,60.000000,160.000000,7.7393192789e-02,-2.2608418593e-02,-1.9294682584e-02,8.8466640264e-01,9.4570442057e-01,6.1038017929e-02,8.4582125203e-02,2.2672778022e-03,2.0030832255e-02
75.000000,748.000,60.000000,165.000000,7.9174740185e-02,-2.5875212747e-02,-1.4893276376e-02,8.8466640264e-01,9.4570442057e-01,6.1038017929e-02,8.6438218570e-02,3.0591207896e-02,2.0491930651e-02
75.000000,748.000,60.000000,170.000000,8.0490762538e-02,-2.8278885367e-02,-1.0133422860e-02,8.8466640264e-01,9.4570442057e-01,6.1038017929e-02,8.7802425760e-02,1.9833663511e-01,2.0832542300e-02
75.000000,748.000,60.000000,175.000000,8.1298044841e-02,-2.9749616901e-02,-5.1287892735e-03,8.8466640264e-01,9.4570442057e-01,6.1038017929e-02,8.8636552717e-02,6.1128169713e-01,2.1041482334e-02
75.000000,748.000,60.000000,180.000000,8.1570111347e-02,-3.0244658647e-02,-1.4453299482e-17,8.8466640264e-01,9.4570442057e-01,6.1038017929e-02,8.8917218894e-02,8.9016433141e-01,2.1111898328e-02
75.000000,748.000,60.000000,185.000000,8.1298044841e-02,-2.9749616901e-02,5.1287892735e-03,8.8466640264e-01,9.4570442057e-01,6.1038017929e-02,8.8636552717e-02,6.1128169713e-01,2.1041482334e-02
75.000000,748.000,60.000000,190.000000,8.0490762538e-02,-2.8278885367e-02,1.0133422860e-02,8.8466640264e-01,9.4570442057e-01,6.1038017929e-02,8.7802425760e-02,1.9833663511e-01,2.0832542300e-02
75.000000,748.000,60.000000,195.000000,7.9174740185e-02,-2.5875212747e-02,1.4893276376e-02,8.8466640264e-01,9.4570442057e-01,6.1038017929e-02,8.6438218570e-02,3.0591207896e-02,2.0491930651e-02
75.000000,748.000,60.000000,200.000000,7.7393192789e-02,-2.2608418593e-02,1.9294682584e-02,8.8466640264e-01,9.4570442057e-01,6.1038017929e-02,8.4582125203e-02,2.2672778022e-03,2.0030832255e-02
75.000000,748.000,60.000000,205.000000,7.5204736989e-02,-1.8573296347e-02,2.3234149502e-02,8.8466640264e-01,9.4570442057e-01,6.1038017929e-02,8.2286017509e-02,8.2060765188e-05,1.9464418215e-02
75.000000,748.000,60.000000,210.000000,7.2681575874e-02,-1.3886767078e-02,2.6621274790e-02,8.8466640264e-01,9.4570442057e-01,6.1038017929e-02,7.9613903460e-02,1.4826602121e-06,1.8811376064e-02
75.000000,748.000,60.000000,215.000000,6.9907261696e-02,-8.6843701585e-03,2.9381269614e-02,8.8466640264e-01,9.4570442057e-01,6.1038017929e-02,7.6640026128e-02,1.3753530745e-08,1.8093330718e-02
75.000000,748.000,60.000000,220.000000,6.6974104757e-02,-3.1161971620e-03,3.1457017009e-02,8.8466640264e-01,9.4570442057e-01,6.1038017929e-02,7.3446660720e-02,6.7772049114e-11,1.7334173840e-02
75.000000,748.000,60.000000,225.000000,6.3980307613e-02,2.6576078537e-03,3.2810603800e-02,8.8466640264e-01,9.4570442057e-01,6.1038017929e-02,7.0121676221e-02,1.8459583716e-13,1.6559322122e-02
75.000000,748.000,60.000000,230.000000,6.1026912137e-02,8.4716454281e-03,3.3424281122e-02,8.8466640264e-01,9.4570442057e-01,6.1038017929e-02,6.6755935242e-02,2.9072006496e-16,1.5794927125e-02
75.000000,748.000,60.000000,235.000000,5.8214652723e-02,1.4160209906e-02,3.3300825774e-02,8.8466640264e-01,9.4570442057e-01,6.1038017929e-02,6.3440610580e-02,2.7822630864e-19,1.5067060829e-02
75.000000,748.000,60.000000,240.000000,5.5640811823e-02,1.9562240979e-02,3.2463292806e-02,8.8466640264e-01,9.4570442057e-01,6.1038017929e-02,6.0264499400e-02,1.7075328271e-22,1.4400901785e-02
75.000000,748.000,60.000000,245.000000,5.3396174017e-02,2.4526127735e-02,3.0954168091e-02,8.8466640264e-01,9.4570442057e-01,6.1038017929e-02,5.7311416032e-02,7.1170062772e-26,1.3819946771e-02
75.000000,748.000,60.000000,250.000000,5.1562171824e-02,2.8914219947e-02,2.8833947742e-02,8.8466640264e-01,9.4570442057e-01,6.1038017929e-02,5.4657741893e-02,2.1397850808e-29,1.3345272075e-02
75.000000,748.000,60.000000,255.000000,5.0208310731e-02,3.2606910227e-02,2.6179188535e-02,8.8466640264e-01,9.4570442057e-01,6.1038017929e-02,5.2370206255e-02,4.9408823142e-33,1.2994867040e-02
75.000000,748.000,60.000000,260.000000,4.9389952422e-02,3.5506163810e-02,2.3080089414e-02,8.8466640264e-01,9.4570442057e-01,6.1038017929e-02,5.0503964500e-02,9.3456656450e-37,1.2783060324e-02
75.000000,748.000,60.000000,265.000000,4.9146524383e-02,3.7538389472e-02,1.9637678273e-02,8.8466640264e-01,9.4570442057e-01,6.1038017929e-02,4.9101031473e-02,1.5465507635e-40,1.2720056511e-02
75.000000,748.000,60.000000,270.000000,4.9500211089e-02,3.8656565202e-02,1.5960690039e-02,8.8466640264e-01,9.4570442057e-01,6.1038017929e-02,4.8189116677e-02,2.3932875036e-44,1.2811597366e-02
75.000000,748.000,60.000000,275.000000,5.0455167393e-02,3.8841554869e-02,1.2162231316e-02,8.8466640264e-01,9.4570442057e-01,6.1038017929e-02,4.7780895870e-02,3.7031849649e-48,1.3058758245e-02
75.000000,748.000,60.000000,280.000000,5.1997278879e-02,3.8102576730e-02,8.3563331734e-03,8.8466640264e-01,9.4570442057e-01,6.1038017929e-02,4.7873740324e-02,6.1252144522e-52,1.3457886067e-02
75.000000,748.000,60.000000,285.000000,5.4094477306e-02,3.6476810399e-02,4.6544968932e-03,8.8466640264e-01,9.4570442057e-01,6.1038017929e-02,4.8449911100e-02,1.1571525588e-55,1.4000680962e-02
75.000000,748.000,60.000000,290.000000,5.6697602444e-02,3.4028155093e-02,1.1623375627e-03,8.8466640264e-01,9.4570442057e-01,6.1038017929e-02,4.9477211573e-02,2.6649211519e-59,1.4674419324e-02
75.000000,748.000,60.000000,295.000000,5.9741784952e-02,3.0845177723e-02,-2.0235727531e-03,8.8466640264e-01,9.4570442057e-01,6.1038017929e-02,5.0910077509e-02,7.9734546568e-63,1.5462311734e-02
75.000000,748.000,60.000000,300.000000,6.3148309144e-02,2.7038314021e-02,-4.8185667346e-03,8.8466640264e-01,9.4570442057e-01,6.1038017929e-02,5.2691070727e-02,3.2965869512e-66,1.6343985072e-02
75.000000,748.000,60.000000,305.000000,6.6826899841e-02,2.2736408573e-02,-7.1523620266e-03,8.8466640264e-01,9.4570442057e-01,6.1038017929e-02,5.4752730121e-02,1.9983502808e-69,1.7296074404e-02
75.000000,748.000,60.000000,310.000000,7.0678364653e-02,1.8082699669e-02,-8.9710852971e-03,8.8466640264e-01,9.4570442057e-01,6.1038017929e-02,5.7019723014e-02,1.8791151039e-72,1.8292906849e-02
75.000000,748.000,60.000000,315.000000,7.4597512143e-02,1.3230371743e-02,-1.0238779483e-02,8.8466640264e-01,9.4570442057e-01,6.1038017929e-02,5.9411230678e-02,2.8904202786e-75,1.9307256860e-02
75.000000,748.000,60.000000,320.000000,7.8476257966e-02,8.3378112587e-03,-1.0938349411e-02,8.8466640264e-01,9.4570442057e-01,6.1038017929e-02,6.1843494820e-02,7.6407026034e-78,2.0311150150e-02
75.000000,748.000,60.000000,325.000000,8.2206825252e-02,3.5637108730e-03,-1.1071918186e-02,8.8466640264e-01,9.4570442057e-01,6.1038017929e-02,6.4232446968e-02,3.6318684451e-80,2.1276692013e-02
75.000000,748.000,60.000000,330.000000,8.5684942672e-02,-9.3782872792e-04,-1.0660584751e-02,8.8466640264e-01,9.4570442057e-01,6.1038017929e-02,6.6496340211e-02,3.2335426611e-82,2.2176895042e-02
75.000000,748.000,60.000000,335.000000,8.8812943555e-02,-5.0220499175e-03,-9.7435913414e-03,8.8466640264e-01,9.4570442057e-01,6.1038017929e-02,6.8558302747e-02,5.5902895037e-84,2.2986481244e-02
75.000000,748.000,60.000000,340.000000,9.1502672455e-02,-8.5579972527e-03,-8.3769275948e-03,8.8466640264e-01,9.4570442057e-01,6.1038017929e-02,7.0348735127e-02,1.9357900040e-85,2.3682634309e-02
75.000000,748.000,60.000000,345.000000,9.3678111291e-02,-1.1432548686e-02,-6.6314152657e-03,8.8466640264e-01,9.4570442057e-01,6.1038017929e-02,7.1807477872e-02,1.3775620843e-86,2.4245679311e-02
75.000000,748.000,60.000000,350.000000,9.5277645673e-02,-1.3553895979e-02,-4.5903333807e-03,8.8466640264e-01,9.4570442057e-01,6.1038017929e-02,7.2885683212e-02,2.0557292791e-87,2.4659669273e-02
75.000000,748.000,60.000000,355.000000,9.6255902895e-02,-1.4854368246e-02,-2.3466576833e-03,8.8466640264e-01,9.4570442057e-01,6.1038017929e-02,7.3547333736e-02,6.5273728787e-88,2.4912860873e-02
75.000000,748.000,65.000000,0.000000,1.1923315453e-01,-1.7557194799e-02,-2.6304507339e-18,8.8466640264e-01,9.4570442057e-01,6.1038017929e-02,7.6870761502e-02,6.1613409654e-114,3.0859811201e-02
75.000000,748.000,65.000000,5.000000,1.1880469692e-01,-1.7047291717e-02,1.8581702805e-03,8.8466640264e-01,9.4570442057e-01,6.1038017929e-02,7.6621865246e-02,1.0141370645e-113,3.0748918212e-02
75.000000,748.000,65.000000,10.000000,1.1753167265e-01,-1.5533742447e-02,3.6195021659e-03,8.8466640264e-01,9.4570442057e-01,6.1038017929e-02,7.5883316523e-02,4.5051281360e-113,3.0419435285e-02
75.000000,748.000,65.000000,15.000000,1.1545075729e-01,-1.3064530825e-02,5.1904069539e-03,8.8466640264e-01,9.4570442057e-01,6.1038017929e-02,7.4679283744e-02,5.3402108087e-112,2.9880854757e-02
75.000000,748.000,65.000000,20.000000,1.1262185429e-01,-9.7179914005e-03,6.4836942490e-03,8.8466640264e-01,9.4570442057e-01,6.1038017929e-02,7.3049216189e-02,1.6574719255e-110,2.9148680785e-02
75.000000,748.000,65.000000,25.000000,1.0912630018e-01,-5.6004040973e-03,7.4215215072e-03,8.8466640264e-01,9.4570442057e-01,6.1038017929e-02,7.1046623552e-02,1.3121226905e-108,2.8243964809e-02
75.000000,748.000,65.000000,30.000000,1.0506442833e-01,-8.4272996427e-04,7.9380526060e-03,8.8466640264e-01,9.4570442057e-01,6.1038017929e-02,6.8737419783e-02,2.5623853318e-106,2.7192675014e-02
75.000000,748.000,65.000000,35.000000,1.0055256507e-01,4.4034125322e-03,7.9817424264e-03,8.8466640264e-01,9.4570442057e-01,6.1038017929e-02,6.6197881764e-02,1.1856815892e-103,2.6024918874e-02
75.000000,748.000,65.000000,40.000000,9.5719549207e-02,9.9704080818e-03,7.5171758705e-03,8.8466640264e-01,9.4570442057e-01,6.1038017929e-02,6.3512285157e-02,1.2405227250e-100,2.4774042323e-02
75.000000,748.000,65.000000,45.000000,9.0702880069e-02,1.5679799950e-02,6.5264033582e-03,8.8466640264e-01,9.4570442057e-01,6.1038017929e-02,6.0770289591e-02,2.7830451484e-97,2.3475632808e-02
75.000000,748.000,65.000000,50.000000,8.5644610843e-02,2.1347783121e-02,5.0097302517e-03,8.8466640264e-01,9.4570442057e-01,6.1038017929e-02,5.8064153068e-02,1.2623126281e-93,2.2166456397e-02
75.000000,748.000,65.000000,55.000000,8.0687111315e-02,2.6790867727e-02,2.9859343641e-03,8.8466640264e-01,9.4570442057e-01,6.1038017929e-02,5.5485860682e-02,1.0856315768e-89,2.0883361103e-02
75.000000,748.000,65.000000,60.000000,7.5968828216e-02,3.1831540070e-02,4.9190321606e-04,8.8466640264e-01,9.4570442057e-01,6.1038017929e-02,5.3124255413e-02,1.6523657255e-85,1.9662179576e-02
75.000000,748.000,65.000000,65.000000,7.1620171318e-02,3.6303748590e-02,-2.4182995174e-03,8.8466640264e-01,9.4570442057e-01,6.1038017929e-02,5.1062258744e-02,4.1362784490e-81,1.8536664350e-02
75.000000,748.000,65.000000,70.000000,6.7759649575e-02,4.0058047389e-02,-5.6749114309e-03,8.8466640264e-01,9.4570442057e-01,6.1038017929e-02,4.9374266166e-02,1.5766671983e-76,1.7537487800e-02
75.000000,748.000,65.000000,75.000000,6.4490373974e-02,4.2966240260e-02,-9.1944490504e-03,8.8466640264e-01,9.4570442057e-01,6.1038017929e-02,4.8123797329e-02,8.4463749224e-72,1.6691337010e-02
75.000000,748.000,65.000000,80.000000,6.1897032537e-02,4.4925383363e-02,-1.2882126723e-02,8.8466640264e-01,9.4570442057e-01,6.1038017929e-02,4.7361472954e-02,5.8540686717e-67,1.6020130856e-02
75.000000,748.000,65.000000,85.000000,6.0043428600e-02,4.5861024078e-02,-1.6634644133e-02,8.8466640264e-01,9.4570442057e-01,6.1038017929e-02,4.7123380652e-02,4.8228411513e-62,1.5540382855e-02
75.000000,748.000,65.000000,90.000000,5.8970656292e-02,4.5729576802e-02,-2.0343258454e-02,8.8466640264e-01,9.4570442057e-01,6.1038017929e-02,4.7429880059e-02,4.3332128405e-57,1.5262728950e-02
75.000000,748.000,65.000000,95.000000,5.8695967793e-02,4.4519762621e-02,-2.3897048295e-02,8.8466640264e-01,9.4570442057e-01,6.1038017929e-02,4.8284884324e-02,3.8926604390e-52,1.5191634336e-02
75.000000,748.000,65.000000,100.000000,5.9212365913e-02,4.2253068258e-02,-2.7186270571e-02,8.8466640264e-01,9.4570442057e-01,6.1038017929e-02,4.9675640552e-02,3.2048146643e-47,1.5325288004e-02
75.000000,748.000,65.000000,105.000000,6.0488933467e-02,3.8983209439e-02,-3.0105708413e-02,8.8466640264e-01,9.4570442057e-01,6.1038017929e-02,5.1573016642e-02,2.2174541857e-42,1.5655687999e-02
75.000000,748.000,65.000000,110.000000,6.2471888564e-02,3.4794614121e-02,-3.2557908273e-02,8.8466640264e-01,9.4570442057e-01,6.1038017929e-02,5.3932286551e-02,1.1836685930e-37,1.6168914544e-02
75.000000,748.000,65.000000,115.000000,6.5086332856e-02,2.9799970782e-02,-3.4456207584e-02,8.8466640264e-01,9.4570442057e-01,6.1038017929e-02,5.6694390915e-02,4.4821704864e-33,1.6845582519e-02
75.000000,748.000,65.000000,120.000000,6.8238638760e-02,2.4136915397e-02,-3.5727460450e-02,8.8466640264e-01,9.4570442057e-01,6.1038017929e-02,5.9787635441e-02,1.1097097763e-28,1.7661459323e-02
75.000000,748.000,65.000000,125.000000,7.1819402274e-02,1.7963956929e-02,-3.6314377864e-02,8.8466640264e-01,9.4570442057e-01,6.1038017929e-02,6.3129776224e-02,1.6607273690e-24,1.8588229116e-02
75.000000,748.000,65.000000,130.000000,7.5706870838e-02,1.1455764319e-02,-3.6177410439e-02,8.8466640264e-01,9.4570442057e-01,6.1038017929e-02,6.6630429311e-02,1.3941280690e-20,1.9594380018e-02
75.000000,748.000,65.000000,135.000000,7.9770741301e-02,4.7979573797e-03,-3.5296115367e-02,8.8466640264e-01,9.4570442057e-01,6.1038017929e-02,7.0193731999e-02,6.1198537925e-17,2.0646187091e-02
75.000000,748.000,65.000000,140.000000,8.3876211853e-02,-1.8184408636e-03,-3.3669964820e-02,8.8466640264e-01,9.4570442057e-01,6.1038017929e-02,7.3721175644e-02,1.3165604859e-13,2.1708761059e-02
75.000000,748.000,65.000000,145.000000,8.7888164080e-02,-8.2027225299e-03,-3.1318569802e-02,8.8466640264e-01,9.4570442057e-01,6.1038017929e-02,7.7114524509e-02,1.3088207106e-10,2.2747130703e-02
75.000000,748.000,65.000000,150.000000,9.1675347437e-02,-1.4170210843e-02,-2.8281311060e-02,8.8466640264e-01,9.4570442057e-01,6.1038017929e-02,8.0278732543e-02,5.7085429727e-08,2.3727325883e-02
75.000000,748.000,65.000000,155.000000,9.5114438384e-02,-1.9547800616e-02,-2.4616386559e-02,8.8466640264e-01,9.4570442057e-01,6.1038017929e-02,8.3124769968e-02,1.0450584949e-05,2.4617428118e-02
75.000000,748.000,65.000000,160.000000,9.8093850311e-02,-2.4179155451e-02,-2.0399302593e-02,8.8466640264e-01,9.4570442057e-01,6.1038017929e-02,8.5572274274e-02,7.7451167417e-04,2.5388556668e-02
75.000000,748.000,65.000000,165.000000,1.0051717801e-01,-2.7929404215e-02,-1.5720852409e-02,8.8466640264e-01,9.4570442057e-01,6.1038017929e-02,8.7551945465e-02,2.2600807274e-02,2.6015760029e-02
75.000000,748.000,65.000000,170.000000,1.0230617164e-01,-3.0689194516e-02,-1.0684641683e-02,8.8466640264e-01,9.4570442057e-01,6.1038017929e-02,8.9007613150e-02,2.5460885679e-01,2.6478785651e-02
75.000000,748.000,65.000000,175.000000,1.0340314942e-01,-3.2377980324e-02,-5.4042338815e-03,8.8466640264e-01,9.4570442057e-01,6.1038017929e-02,8.9897912958e-02,1.0935518991e+00,2.6762704394e-02
75.000000,748.000,65.000000,180.000000,1.0377277562e-01,-3.2946444145e-02,-1.5226224008e-17,8.8466640264e-01,9.4570442057e-01,6.1038017929e-02,9.0197521559e-02,1.7787925174e+00,2.6858370694e-02
75.000000,748.000,65.000000,185.000000,1.0340314942e-01,-3.2377980324e-02,5.4042338815e-03,8.8466640264e-01,9.4570442057e-01,6.1038017929e-02,8.9897912958e-02,1.0935518991e+00,2.6762704394e-02
75.000000,748.000,65.000000,190.000000,1.0230617164e-01,-3.0689194516e-02,1.0684641683e-02,8.8466640264e-01,9.4570442057e-01,6.1038017929e-02,8.9007613150e-02,2.5460885679e-01,2.6478785651e-02
75.000000,748.000,65.000000,195.000000,1.0051717801e-01,-2.7929404215e-02,1.5720852409e-02,8.8466640264e-01,9.4570442057e-01,6.1038017929e-02,8.7551945465e-02,2.2600807274e-02,2.6015760029e-02
75.000000,748.000,65.000000,200.000000,9.8093850311e-02,-2.4179155451e-02,2.0399302593e-02,8.8466640264e-01,9.4570442057e-01,6.1038017929e-02,8.5572274274e-02,7.7451167417e-04,2.5388556668e-02
75.000000,748.000,65.000000,205.000000,9.5114438384e-02,-1.9547800616e-02,2.4616386559e-02,8.8466640264e-01,9.4570442057e-01,6.1038017929e-02,8.3124769968e-02,1.0450584949e-05,2.4617428118e-02
75.000000,748.000,65.000000,210.000000,9.1675347437e-02,-1.4170210843e-02,2.8281311060e-02,8.8466640264e-01,9.4570442057e-01,6.1038017929e-02,8.0278732543e-02,5.7085429727e-08,2.3727325883e-02
75.000000,748.000,65.000000,215.000000,8.7888164080e-02,-8.2027225299e-03,3.1318569802e-02,8.8466640264e-01,9.4570442057e-01,6.1038017929e-02,7.7114524509e-02,1.3088207106e-10,2.2747130703e-02
75.000000,748.000,65.000000,220.000000,8.3876211853e-02,-1.8184408636e-03,3.3669964820e-02,8.8466640264e-01,9.4570442057e-01,6.1038017929e-02,7.3721175644e-02,1.3165604859e-13,2.1708761059e-02
75.000000,748.000,65.000000,225.000000,7.9770741301e-02,4.7979573797e-03,3.5296115367e-02,8.8466640264e-01,9.4570442057e-01,6.1038017929e-02,7.0193731999e-02,6.1198537925e-17,2.0646187091e-02
75.000000,748.000,65.000000,230.000000,7.5706870838e-02,1.1455764319e-02,3.6177410439e-02,8.8466640264e-01,9.4570442057e-01,6.1038017929e-02,6.6630429311e-02,1.3941280690e-20,1.9594380018e-02
75.000000,748.000,65.000000,235.000000,7.1819402274e-02,1.7963956929e-02,3.6314377864e-02,8.8466640264e-01,9.4570442057e-01,6.1038017929e-02,6.3129776224e-02,1.6607273690e-24,1.8588229116e-02
75.000000,748.000,65.000000,240.000000,6.8238638760e-02,2.4136915397e-02,3.5727460450e-02,8.8466640264e-01,9.4570442057e-01,6.1038017929e-02,5.9787635441e-02,1.1097097763e-28,1.7661459323e-02
75.000000,748.000,65.000000,245.000000,6.5086332856e-02,2.9799970782e-02,3.4456207584e-02,8.8466640264e-01,9.4570442057e-01,6.1038017929e-02,5.6694390915e-02,4.4821704864e-33,1.6845582519e-02
75.000000,748.000,65.000000,250.000000,6.2471888564e-02,3.4794614121e-02,3.2557908273e-02,8.8466640264e-01,9.4570442057e-01,6.1038017929e-02,5.3932286551e-02,1.1836685930e-37,1.6168914544e-02
75.000000,748.000,65.000000,255.000000,6.0488933467e-02,3.8983209439e-02,3.0105708413e-02,8.8466640264e-01,9.4570442057e-01,6.1038017929e-02,5.1573016642e-02,2.2174541857e-42,1.5655687999e-02
75.000000,748.000,65.000000,260.000000,5.9212365913e-02,4.2253068258e-02,2.7186270571e-02,8.8466640264e-01,9.4570442057e-01,6.1038017929e-02,4.9675640552e-02,3.2048146643e-47,1.5325288004e-02
75.000000,748.000,65.000000,265.000000,5.8695967793e-02,4.4519762621e-02,2.3897048295e-02,8.8466640264e-01,9.4570442057e-01,6.1038017929e-02,4.8284884324e-02,3.8926604390e-52,1.5191634336e-02
75.000000,748.000,65.000000,270.000000,5.8970656292e-02,4.5729576802e-02,2.0343258454e-02,8.8466640264e-01,9.4570442057e-01,6.1038017929e-02,4.7429880059e-02,4.3332128405e-57,1.5262728950e-02
75.000000,748.000,65.000000,275.000000,6.0043428600e-02,4.5861024078e-02,1.6634644133e-02,8.8466640264e-01,9.4570442057e-01,6.1038017929e-02,4.7123380652e-02,4.8228411513e-62,1.5540382855e-02
75.000000,748.000,65.000000,280.000000,6.1897032537e-02,4.4925383363e-02,1.2882126723e-02,8.8466640264e-01,9.4570442057e-01,6.1038017929e-02,4.7361472954e-02,5.8540686717e-67,1.6020130856e-02
75.000000,748.000,65.000000,285.000000,6.4490373974e-02,4.2966240260e-02,9.1944490504e-03,8.8466640264e-01,9.4570442057e-01,6.1038017929e-02,4.8123797329e-02,8.4463749224e-72,1.6691337010e-02
75.000000,748.000,65.000000,290.000000,6.7759649575e-02,4.0058047389e-02,5.6749114309e-03,8.8466640264e-01,9.4570442057e-01,6.1038017929e-02,4.9374266166e-02,1.5766671983e-76,1.7537487800e-02
75.000000,748.000,65.000000,295.000000,7.1620171318e-02,3.6303748590e-02,2.4182995174e-03,8.8466640264e-01,9.4570442057e-01,6.1038017929e-02,5.1062258744e-02,4.1362784490e-81,1.8536664350e-02
75.000000,748.000,65.000000,300.000000,7.5968828216e-02,3.1831540070e-02,-4.9190321606e-04,8.8466640264e-01,9.4570442057e-01,6.1038017929e-02,5.3124255413e-02,1.6523657255e-85,1.9662179576e-02
75.000000,748.000,65.000000,305.000000,8.0687111315e-02,2.6790867727e-02,-2.9859343641e-03,8.8466640264e-01,9.4570442057e-01,6.1038017929e-02,5.5485860682e-02,1.0856315768e-89,2.0883361103e-02
75.000000,748.000,65.000000,310.000000,8.5644610843e-02,2.1347783121e-02,-5.0097302517e-03,8.8466640264e-01,9.4570442057e-01,6.1038017929e-02,5.8064153068e-02,1.2623126281e-93,2.2166456397e-02
75.000000,748.000,65.000000,315.000000,9.0702880069e-02,1.5679799950e-02,-6.5264033582e-03,8.8466640264e-01,9.4570442057e-01,6.1038017929e-02,6.0770289591e-02,2.7830451484e-97,2.3475632808e-02
75.000000,748.000,65.000000,320.000000,9.5719549207e-02,9.9704080818e-03,-7.5171758705e-03,8.8466640264e-01,9.4570442057e-01,6.1038017929e-02,6.3512285157e-02,1.2405227250e-100,2.4774042323e-02
75.000000,748.000,65.000000,325.000000,1.0055256507e-01,4.4034125322e-03,-7.9817424264e-03,8.8466640264e-01,9.4570442057e-01,6.1038017929e-02,6.6197881764e-02,1.1856815892e-103,2.6024918874e-02
75.000000,748.000,65.000000,330.000000,1.0506442833e-01,-8.4272996427e-04,-7.9380526060e-03,8.8466640264e-01,9.4570442057e-01,6.1038017929e-02,6.8737419783e-02,2.5623853318e-106,2.7192675014e-02
75.000000,748.000,65.000000,335.000000,1.0912630018e-01,-5.6004040973e-03,-7.4215215072e-03,8.8466640264e-01,9.4570442057e-01,6.1038017929e-02,7.1046623552e-02,1.3121226905e-108,2.8243964809e-02
75.000000,748.000,65.000000,340.000000,1.1262185429e-01,-9.7179914005e-03,-6.4836942490e-03,8.8466640264e-01,9.4570442057e-01,6.1038017929e-02,7.3049216189e-02,1.6574719255e-110,2.9148680785e-02
75.000000,748.000,65.000000,345.000000,1.1545075729e-01,-1.3064530825e-02,-5.1904069539e-03,8.8466640264e-01,9.4570442057e-01,6.1038017929e-02,7.4679283744e-02,5.3402108087e-112,2.9880854757e-02
75.000000,748.000,65.000000,350.000000,1.1753167265e-01,-1.5533742447e-02,-3.6195021659e-03,8.8466640264e-01,9.4570442057e-01,6.1038017929e-02,7.5883316523e-02,4.5051281360e-113,3.0419435285e-02
75.000000,748.000,65.000000,355.000000,1.1880469692e-01,-1.7047291717e-02,-1.8581702805e-03,8.8466640264e-01,9.4570442057e-01,6.1038017929e-02,7.6621865246e-02,1.0141370645e-113,3.0748918212e-02
75.000000,748.000,70.000000,0.000000,1.5241140660e-01,-2.1040468305e-02,-1.6282949399e-18,8.8466640264e-01,9.4570442057e-01,6.1038017929e-02,7.9576751374e-02,9.4809887612e-152,3.9446974720e-02
75.000000,748.000,70.000000,5.000000,1.5184367025e-01,-2.0418048339e-02,1.1455232362e-03,8.8466640264e-01,9.4570442057e-01,6.1038017929e-02,7.9305419475e-02,1.8446818016e-151,3.9300033738e-02
75.000000,748.000,70.000000,10.000000,1.5015703639e-01,-1.8570372271e-02,2.2030172193e-03,8.8466640264e-01,9.4570442057e-01,6.1038017929e-02,7.8500148636e-02,1.3518166339e-150,3.8863500774e-02
75.000000,748.000,70.000000,15.000000,1.4740073216e-01,-1.5555591422e-02,3.0875324802e-03,8.8466640264e-01,9.4570442057e-01,6.1038017929e-02,7.7186844680e-02,3.6748383338e-149,3.8150116745e-02
75.000000,748.000,70.000000,20.000000,1.4365515625e-01,-1.1468642411e-02,3.7201824584e-03,8.8466640264e-01,9.4570442057e-01,6.1038017929e-02,7.5407796309e-02,3.6135378200e-147,3.7180690364e-02
75.000000,748.000,70.000000,25.000000,1.3902946152e-01,-6.4383371788e-03,4.0309362647e-03,8.8466640264e-01,9.4570442057e-01,6.1038017929e-02,7.3220372038e-02,1.2410519561e-144,3.5983472473e-02
75.000000,748.000,70.000000,30.000000,1.3365827391e-01,-6.2341384496e-04,3.9611332154e-03,8.8466640264e-01,9.4570442057e-01,6.1038017929e-02,7.0695251866e-02,1.4238262949e-141,3.4593306825e-02
75.000000,748.000,70.000000,35.000000,1.2769764694e-01,5.7923313278e-03,3.4656397906e-03,8.8466640264e-01,9.4570442057e-01,6.1038017929e-02,6.7914247614e-02,5.1711681402e-138,3.3050583042e-02
75.000000,748.000,70.000000,40.000000,1.2132037448e-01,1.2605682625e-02,2.5145806280e-03,8.8466640264e-01,9.4570442057e-01,6.1038017929e-02,6.4967778396e-02,5.5850847780e-134,3.1400023475e-02
75.000000,748.000,70.000000,45.000000,1.1471080387e-01,1.9600242475e-02,1.0945882206e-03,8.8466640264e-01,9.4570442057e-01,6.1038017929e-02,6.1952078224e-02,1.6711925192e-129,2.9689340720e-02
75.000000,748.000,70.000000,50.000000,1.0805930625e-01,2.6553077949e-02,-7.9046925674e-04,8.8466640264e-01,9.4570442057e-01,6.1038017929e-02,5.8966220949e-02,1.2807530016e-124,2.7967806458e-02
75.000000,748.000,70.000000,55.000000,1.0155657186e-01,3.3241573665e-02,-3.1193065536e-03,8.8466640264e-01,9.4570442057e-01,6.1038017929e-02,5.6109053294e-02,2.3074816751e-119,2.6284774954e-02
75.000000,748.000,70.000000,60.000000,9.5387902872e-02,3.9450282278e-02,-5.8535941704e-03,8.8466640264e-01,9.4570442057e-01,6.1038017929e-02,5.3476129637e-02,8.9131221010e-114,2.4688205936e-02
75.000000,748.000,70.000000,65.000000,8.9727676494e-02,4.4977563748e-02,-8.9388761612e-03,8.8466640264e-01,9.4570442057e-01,6.1038017929e-02,5.1156742106e-02,6.6930711953e-108,2.3223231549e-02
75.000000,748.000,70.000000,70.000000,8.4734146004e-02,4.9641810939e-02,-1.2306006903e-02,8.8466640264e-01,9.4570442057e-01,6.1038017929e-02,4.9231136773e-02,8.8152513433e-102,2.1930810756e-02
75.000000,748.000,70.000000,75.000000,8.0544736779e-02,5.3287071654e-02,-1.5873064840e-02,8.8466640264e-01,9.4570442057e-01,6.1038017929e-02,4.7768001038e-02,1.8294806491e-95,2.0846511861e-02
75.000000,748.000,70.000000,80.000000,7.7271979531e-02,5.5787895468e-02,-1.9547686465e-02,8.8466640264e-01,9.4570442057e-01,6.1038017929e-02,4.6822299129e-02,5.3564835083e-89,1.9999459955e-02
75.000000,748.000,70.000000,85.000000,7.5000203469e-02,5.7053257286e-02,-2.3229750823e-02,8.8466640264e-01,9.4570442057e-01,6.1038017929e-02,4.6433522076e-02,1.9756895558e-82,1.9411481044e-02
75.000000,748.000,70.000000,90.000000,7.3783089008e-02,5.7029437548e-02,-2.6814333881e-02,8.8466640264e-01,9.4570442057e-01,6.1038017929e-02,4.6624405930e-02,8.1823009277e-76,1.9096468642e-02
75.000000,748.000,70.000000,95.000000,7.3642153517e-02,5.5701770700e-02,-3.0194843667e-02,8.8466640264e-01,9.4570442057e-01,6.1038017929e-02,4.7400157811e-02,3.3879151008e-69,1.9059991852e-02
75.000000,748.000,70.000000,100.000000,7.4566215207e-02,5.3095207925e-02,-3.3266241331e-02,8.8466640264e-01,9.4570442057e-01,6.1038017929e-02,4.8748213918e-02,1.2484554726e-62,1.9299156617e-02
75.000000,748.000,70.000000,105.000000,7.6511850584e-02,4.9273676131e-02,-3.5928250380e-02,8.8466640264e-01,9.4570442057e-01,6.1038017929e-02,5.0638537505e-02,3.6469703360e-56,1.9802724107e-02
75.000000,748.000,70.000000,110.000000,7.9404830636e-02,4.4338251800e-02,-3.8088456454e-02,8.8466640264e-01,9.4570442057e-01,6.1038017929e-02,5.3024448404e-02,7.5327750750e-50,2.0551482442e-02
75.000000,748.000,70.000000,115.000000,8.3142491261e-02,3.8424204280e-02,-3.9665203039e-02,8.8466640264e-01,9.4570442057e-01,6.1038017929e-02,5.5843959508e-02,9.8347722180e-44,2.1518860195e-02
75.000000,748.000,70.000000,120.000000,8.7596965010e-02,3.1696997505e-02,-4.0590194482e-02,8.8466640264e-01,9.4570442057e-01,6.1038017929e-02,5.9021580255e-02,7.2785103504e-38,2.2671762838e-02
75.000000,748.000,70.000000,125.000000,9.2619175115e-02,2.4347370764e-02,-4.0810726276e-02,8.8466640264e-01,9.4570442057e-01,6.1038017929e-02,6.2470532902e-02,2.7493307066e-32,2.3971606462e-02
75.000000,748.000,70.000000,130.000000,9.8043469598e-02,1.6585647175e-02,-4.0291473674e-02,8.8466640264e-01,9.4570442057e-01,6.1038017929e-02,6.6095314844e-02,4.7964459347e-27,2.5375517180e-02
75.000000,748.000,70.000000,135.000000,1.0369275388e-01,8.6354419954e-03,-3.9015782861e-02,8.8466640264e-01,9.4570442057e-01,6.1038017929e-02,6.9794529698e-02,3.5181105330e-22,2.6837659543e-02
75.000000,748.000,70.000000,140.000000,1.0938396517e-01,7.2696119167e-04,-3.6986423789e-02,8.8466640264e-01,9.4570442057e-01,6.1038017929e-02,7.3463901657e-02,9.9451666142e-18,2.8310653415e-02
75.000000,748.000,70.000000,145.000000,1.1493372158e-01,-6.9099068162e-03,-3.4225779931e-02,8.8466640264e-01,9.4570442057e-01,6.1038017929e-02,7.6999382035e-02,1.0012139472e-13,2.9747036070e-02
75.000000,748.000,70.000000,150.000000,1.2016397370e-01,-1.4052496998e-02,-3.0775467096e-02,8.8466640264e-01,9.4570442057e-01,6.1038017929e-02,8.0300254088e-02,3.3474786775e-10,3.1100724929e-02
75.000000,748.000,70.000000,155.000000,1.2490748622e-01,-2.0492061909e-02,-2.6695390613e-02,8.8466640264e-01,9.4570442057e-01,6.1038017929e-02,8.3272142194e-02,3.5018878341e-07,3.2328436309e-02
75.000000,748.000,70.000000,160.000000,1.2901298261e-01,-2.6040051388e-02,-2.2062267093e-02,8.8466640264e-01,9.4570442057e-01,6.1038017929e-02,8.5829834359e-02,1.0921901424e-04,3.3391016965e-02
75.000000,748.000,70.000000,165.000000,1.3234979598e-01,-3.0533787424e-02,-1.6967653060e-02,8.8466640264e-01,9.4570442057e-01,6.1038017929e-02,8.7899832622e-02,9.7928293285e-03,3.4254647814e-02
75.000000,748.000,70.000000,170.000000,1.3481188437e-01,-3.3841362183e-02,-1.1515537647e-02,8.8466640264e-01,9.4570442057e-01,6.1038017929e-02,8.9422554162e-02,2.4628520402e-01,3.4891883181e-02
75.000000,748.000,70.000000,175.000000,1.3632108826e-01,-3.5865610707e-02,-5.8195696076e-03,8.8466640264e-01,9.4570442057e-01,6.1038017929e-02,9.0354116484e-02,1.7126271657e+00,3.5282493892e-02
75.000000,748.000,70.000000,180.000000,1.3682953088e-01,-3.6547037851e-02,-1.6391825143e-17,8.8466640264e-01,9.4570442057e-01,6.1038017929e-02,9.0667652611e-02,3.2709202185e+00,3.5414088524e-02
75.000000,748.000,70.000000,185.000000,1.3632108826e-01,-3.5865610707e-02,5.8195696076e-03,8.8466640264e-01,9.4570442057e-01,6.1038017929e-02,9.0354116484e-02,1.7126271657e+00,3.5282493892e-02
75.000000,748.000,70.000000,190.000000,1.3481188437e-01,-3.3841362183e-02,1.1515537647e-02,8.8466640264e-01,9.4570442057e-01,6.1038017929e-02,8.9422554162e-02,2.4628520402e-01,3.4891883181e-02
75.000000,748.000,70.000000,195.000000,1.3234979598e-01,-3.0533787424e-02,1.6967653060e-02,8.8466640264e-01,9.4570442057e-01,6.1038017929e-02,8.7899832622e-02,9.7928293285e-03,3.4254647814e-02
75.000000,748.000,70.000000,200.000000,1.2901298261e-01,-2.6040051388e-02,2.2062267093e-02,8.8466640264e-01,9.4570442057e-01,6.1038017929e-02,8.5829834359e-02,1.0921901424e-04,3.3391016965e-02
75.000000,748.000,70.000000,205.000000,1.2490748622e-01,-2.0492061909e-02,2.6695390613e-02,8.8466640264e-01,9.4570442057e-01,6.1038017929e-02,8.3272142194e-02,3.5018878341e-07,3.2328436309e-02
75.000000,748.000,70.000000,210.000000,1.2016397370e-01,-1.4052496998e-02,3.0775467096e-02,8.8466640264e-01,9.4570442057e-01,6.1038017929e-02,8.0300254088e-02,3.3474786775e-10,3.1100724929e-02
75.000000,748.000,70.000000,215.000000,1.1493372158e-01,-6.9099068162e-03,3.4225779931e-02,8.8466640264e-01,9.4570442057e-01,6.1038017929e-02,7.6999382035e-02,1.0012139472e-13,2.9747036070e-02
75.000000,748.000,70.000000,220.000000,1.0938396517e-01,7.2696119167e-04,3.6986423789e-02,8.8466640264e-01,9.4570442057e-01,6.1038017929e-02,7.3463901657e-02,9.9451666142e-18,2.8310653415e-02
75.000000,748.000,70.000000,225.000000,1.0369275388e-01,8.6354419954e-03,3.9015782861e-02,8.8466640264e-01,9.4570442057e-01,6.1038017929e-02,6.9794529698e-02,3.5181105330e-22,2.6837659543e-02
75.000000,748.000,70.000000,230.000000,9.8043469598e-02,1.6585647175e-02,4.0291473674e-02,8.8466640264e-01,9.4570442057e-01,6.1038017929e-02,6.6095314844e-02,4.7964459347e-27,2.5375517180e-02
75.000000,748.000,70.000000,235.000000,9.2619175115e-02,2.4347370764e-02,4.0810726276e-02,8.8466640264e-01,9.4570442057e-01,6.1038017929e-02,6.2470532902e-02,2.7493307066e-32,2.3971606462e-02
75.000000,748.000,70.000000,240.000000,8.7596965010e-02,3.1696997505e-02,4.0590194482e-02,8.8466640264e-01,9.4570442057e-01,6.1038017929e-02,5.9021580255e-02,7.2785103504e-38,2.2671762838e-02
75.000000,748.000,70.000000,245.000000,8.3142491261e-02,3.8424204280e-02,3.9665203039e-02,8.8466640264e-01,9.4570442057e-01,6.1038017929e-02,5.5843959508e-02,9.8347722180e-44,2.1518860195e-02
75.000000,748.000,70.000000,250.000000,7.9404830636e-02,4.4338251800e-02,3.8088456454e-02,8.8466640264e-01,9.4570442057e-01,6.1038017929e-02,5.3024448404e-02,7.5327750750e-50,2.0551482442e-02
75.000000,748.000,70.000000,255.000000,7.6511850584e-02,4.9273676131e-02,3.5928250380e-02,8.8466640264e-01,9.4570442057e-01,6.1038017929e-02,5.0638537505e-02,3.6469703360e-56,1.9802724107e-02
75.000000,748.000,70.000000,260.000000,7.4566215207e-02,5.3095207925e-02,3.3266241331e-02,8.8466640264e-01,9.4570442057e-01,6.1038017929e-02,4.8748213918e-02,1.2484554726e-62,1.9299156617e-02
75.000000,748.000,70.000000,265.000000,7.3642153517e-02,5.5701770700e-02,3.0194843667e-02,8.8466640264e-01,9.4570442057e-01,6.1038017929e-02,4.7400157811e-02,3.3879151008e-69,1.9059991852e-02
75.000000,748.000,70.000000,270.000000,7.3783089008e-02,5.7029437548e-02,2.6814333881e-02,8.8466640264e-01,9.4570442057e-01,6.1038017929e-02,4.6624405930e-02,8.1823009277e-76,1.9096468642e-02
75.000000,748.000,70.000000,275.000000,7.5000203469e-02,5.7053257286e-02,2.3229750823e-02,8.8466640264e-01,9.4570442057e-01,6.1038017929e-02,4.6433522076e-02,1.9756895558e-82,1.9411481044e-02
75.000000,748.000,70.000000,280.000000,7.7271979531e-02,5.5787895468e-02,1.9547686465e-02,8.8466640264e-01,9.4570442057e-01,6.1038017929e-02,4.6822299129e-02,5.3564835083e-89,1.9999459955e-02
75.000000,748.000,70.000000,285.000000,8.0544736779e-02,5.3287071654e-02,1.5873064840e-02,8.8466640264e-01,9.4570442057e-01,6.1038017929e-02,4.7768001038e-02,1.8294806491e-95,2.0846511861e-02
75.000000,748.000,70.000000,290.000000,8.4734146004e-02,4.9641810939e-02,1.2306006903e-02,8.8466640264e-01,9.4570442057e-01,6.1038017929e-02,4.9231136773e-02,8.8152513433e-102,2.1930810756e-02
75.000000,748.000,70.000000,295.000000,8.9727676494e-02,4.4977563748e-02,8.9388761612e-03,8.8466640264e-01,9.4570442057e-01,6.1038017929e-02,5.1156742106e-02,6.6930711953e-108,2.3223231549e-02
75.000000,748.000,70.000000,300.000000,9.5387902872e-02,3.9450282278e-02,5.8535941704e-03,8.8466640264e-01,9.4570442057e-01,6.1038017929e-02,5.3476129637e-02,8.9131221010e-114,2.4688205936e-02
75.000000,748.000,70.000000,305.000000,1.0155657186e-01,3.3241573665e-02,3.1193065536e-03,8.8466640264e-01,9.4570442057e-01,6.1038017929e-02,5.6109053294e-02,2.3074816751e-119,2.6284774954e-02
75.000000,748.000,70.000000,310.000000,1.0805930625e-01,2.6553077949e-02,7.9046925674e-04,8.8466640264e-01,9.4570442057e-01,6.1038017929e-02,5.8966220949e-02,1.2807530016e-124,2.7967806458e-02
75.000000,748.000,70.000000,315.000000,1.1471080387e-01,1.9600242475e-02,-1.0945882206e-03,8.8466640264e-01,9.4570442057e-01,6.1038017929e-02,6.1952078224e-02,1.6711925192e-129,2.9689340720e-02
75.000000,748.000,70.000000,320.000000,1.2132037448e-01,1.2605682625e-02,-2.5145806280e-03,8.8466640264e-01,9.4570442057e-01,6.1038017929e-02,6.4967778396e-02,5.5850847780e-134,3.1400023475e-02
75.000000,748.000,70.000000,325.000000,1.2769764694e-01,5.7923313278e-03,-3.4656397906e-03,8.8466640264e-01,9.4570442057e-01,6.1038017929e-02,6.7914247614e-02,5.1711681402e-138,3.3050583042e-02
75.000000,748.000,70.000000,330.000000,1.3365827391e-01,-6.2341384496e-04,-3.9611332154e-03,8.8466640264e-01,9.4570442057e-01,6.1038017929e-02,7.0695251866e-02,1.4238262949e-141,3.4593306825e-02
75.000000,748.000,70.000000,335.000000,1.3902946152e-01,-6.4383371788e-03,-4.0309362647e-03,8.8466640264e-01,9.4570442057e-01,6.1038017929e-02,7.3220372038e-02,1.2410519561e-144,3.5983472473e-02
75.000000,748.000,70.000000,340.000000,1.4365515625e-01,-1.1468642411e-02,-3.7201824584e-03,8.8466640264e-01,9.4570442057e-01,6.1038017929e-02,7.5407796309e-02,3.6135378200e-147,3.7180690364e-02
75.000000,748.000,70.000000,345.000000,1.4740073216e-01,-1.5555591422e-02,-3.0875324802e-03,8.8466640264e-01,9.4570442057e-01,6.1038017929e-02,7.7186844680e-02,3.6748383338e-149,3.8150116745e-02
75.000000,748.000,70.000000,350.000000,1.5015703639e-01,-1.8570372271e-02,-2.2030172193e-03,8.8466640264e-01,9.4570442057e-01,6.1038017929e-02,7.8500148636e-02,1.3518166339e-150,3.8863500774e-02
75.000000,748.000,70.000000,355.000000,1.5184367025e-01,-2.0418048339e-02,-1.1455232362e-03,8.8466640264e-01,9.4570442057e-01,6.1038017929e-02,7.9305419475e-02,1.8446818016e-151,3.9300033738e-02
75.000000,748.000,75.000000,0.000000,2.0390072437e-01,-2.5890517793e-02,-1.0264427945e-19,8.8466640264e-01,9.4570442057e-01,6.1038017929e-02,8.2374223234e-02,3.8935443206e-210,5.2773390778e-02
75.000000,748.000,75.000000,5.000000,2.0312677682e-01,-2.5087152252e-02,6.0526531021e-05,8.8466640264e-01,9.4570442057e-01,6.1038017929e-02,8.2082467483e-02,9.7997732011e-210,5.2573078412e-02
75.000000,748.000,75.000000,10.000000,2.0082778694e-01,-2.2702125547e-02,4.5927749314e-05,8.8466640264e-01,9.4570442057e-01,6.1038017929e-02,8.1216433269e-02,1.5515659786e-208,5.1978056047e-02
75.000000,748.000,75.000000,15.000000,1.9707162371e-01,-1.8809880675e-02,-1.1608126066e-04,8.8466640264e-01,9.4570442057e-01,6.1038017929e-02,7.9803536369e-02,1.5130594746e-206,5.1005889466e-02
75.000000,748.000,75.000000,20.000000,1.9196912527e-01,-1.3531956765e-02,-4.9219516894e-04,8.8466640264e-01,9.4570442057e-01,6.1038017929e-02,7.7888533895e-02,8.7760475681e-204,4.9685265691e-02
75.000000,748.000,75.000000,25.000000,1.8567075617e-01,-7.0332712477e-03,-1.1409468659e-03,8.8466640264e-01,9.4570442057e-01,6.1038017929e-02,7.5532150468e-02,2.8841626166e-200,4.8055127816e-02
75.000000,748.000,75.000000,30.000000,1.7836207045e-01,4.8292571081e-04,-2.1103965250e-03,8.8466640264e-01,9.4570442057e-01,6.1038017929e-02,7.2809213818e-02,5.0489023833e-196,4.6163500757e-02
75.000000,748.000,75.000000,35.000000,1.7025811789e-01,8.7812709311e-03,-3.4361555320e-03,8.8466640264e-01,9.4570442057e-01,6.1038017929e-02,6.9806356592e-02,4.3699358290e-191,4.4066043493e-02
75.000000,748.000,75.000000,40.000000,1.6159696328e-01,1.7601492792e-02,-5.1398092466e-03,8.8466640264e-01,9.4570442057e-01,6.1038017929e-02,6.6619354403e-02,1.7148050449e-185,4.1824371728e-02
75.000000,748.000,75.000000,45.000000,1.5263251516e-01,2.6666381329e-02,-7.2277902909e-03,8.8466640264e-01,9.4570442057e-01,6.1038017929e-02,6.3350181224e-02,2.7655701243e-179,3.9504201824e-02
75.000000,748.000,75.000000,50.000000,1.4362688131e-01,3.5690281230e-02,-9.6907401803e-03,8.8466640264e-01,9.4570442057e-01,6.1038017929e-02,6.0103871845e-02,1.6439602003e-172,3.7173372273e-02
75.000000,748.000,75.000000,55.000000,1.3484248301e-01,4.4387849130e-02,-1.2503382067e-02,8.8466640264e-01,9.4570442057e-01,6.1038017929e-02,5.6985287055e-02,3.1984859929e-165,3.4899802691e-02
75.000000,748.000,75.000000,60.000000,1.2653416672e-01,5.2482808536e-02,-1.5624911592e-02,8.8466640264e-01,9.4570442057e-01,6.1038017929e-02,5.4095880125e-02,1.7924822219e-157,3.2749452203e-02
75.000000,748.000,75.000000,65.000000,1.1894155258e-01,5.9716435716e-02,-1.8999896846e-02,8.8466640264e-01,9.4570442057e-01,6.1038017929e-02,5.1530563245e-02,2.5261526605e-149,3.0784339061e-02
75.000000,748.000,75.000000,70.000000,1.1228185124e-01,6.5855518017e-02,-2.2559662668e-02,8.8466640264e-01,9.4570442057e-01,6.1038017929e-02,4.9374769480e-02,7.7619491358e-141,2.9060681520e-02
75.000000,748.000,75.000000,75.000000,1.0674336667e-01,7.0699542070e-02,-2.6224119527e-02,8.8466640264e-01,9.4570442057e-01,6.1038017929e-02,4.7701799950e-02,4.4816952156e-132,2.7627216234e-02
75.000000,748.000,75.000000,80.000000,1.0247988158e-01,7.4086892684e-02,-2.9903983349e-02,8.8466640264e-01,9.4570442057e-01,6.1038017929e-02,4.6570537261e-02,4.1710838891e-123,2.6523745092e-02
75.000000,748.000,75.000000,85.000000,9.9606095099e-02,7.5899873281e-02,-3.3503320491e-02,8.8466640264e-01,9.4570442057e-01,6.1038017929e-02,4.6023595118e-02,5.3477691763e-114,2.5779954420e-02
75.000000,748.000,75.000000,90.000000,9.8194250775e-02,7.6068394480e-02,-3.6922341804e-02,8.8466640264e-01,9.4570442057e-01,6.1038017929e-02,4.6085960814e-02,8.0517847810e-105,2.5414542220e-02
75.000000,748.000,75.000000,95.000000,9.8272056152e-02,7.4572217911e-02,-4.0060361801e-02,8.8466640264e-01,9.4570442057e-01,6.1038017929e-02,4.6764172311e-02,1.2119157165e-95,2.5434679733e-02
75.000000,748.000,75.000000,100.000000,9.9821956522e-02,7.1441686204e-02,-4.2818833587e-02,8.8466640264e-01,9.4570442057e-01,6.1038017929e-02,4.8046055408e-02,1.5518677247e-86,2.5835823467e-02
75.000000,748.000,75.000000,105.000000,1.0278178393e-01,6.6756916098e-02,-4.5104367503e-02,8.8466640264e-01,9.4570442057e-01,6.1038017929e-02,4.9901029467e-02,1.4399550916e-77,2.6601883171e-02
75.000000,748.000,75.000000,110.000000,1.0704676084e-01,6.0645478318e-02,-4.6831641602e-02,8.8466640264e-01,9.4570442057e-01,6.1038017929e-02,5.2280972902e-02,8.2628941554e-69,2.7705740422e-02
75.000000,748.000,75.000000,115.000000,1.1247279672e-01,5.3278633837e-02,-4.7926114939e-02,8.8466640264e-01,9.4570442057e-01,6.1038017929e-02,5.5121622609e-02,2.5104781387e-60,2.9110101848e-02
75.000000,748.000,75.000000,120.000000,1.1888097655e-01,4.4866240037e-02,-4.8326460346e-02,8.8466640264e-01,9.4570442057e-01,6.1038017929e-02,5.8344465302e-02,3.4727042220e-52,3.0768660831e-02
75.000000,748.000,75.000000,125.000000,1.2606310392e-01,3.5650480696e-02,-4.7986641470e-02,8.8466640264e-01,9.4570442057e-01,6.1038017929e-02,6.1859063745e-02,1.8911944488e-44,3.2627532179e-02
75.000000,748.000,75.000000,130.000000,1.3378812968e-01,2.5898609511e-02,-4.6877569351e-02,8.8466640264e-01,9.4570442057e-01,6.1038017929e-02,6.5565747666e-02,3.5301616610e-37,3.4626915970e-02
75.000000,748.000,75.000000,135.000000,1.4180926982e-01,1.5894926859e-02,-4.4988286243e-02,8.8466640264e-01,9.4570442057e-01,6.1038017929e-02,6.9358588001e-02,1.9823878275e-30,3.6702939802e-02
75.000000,748.000,75.000000,140.000000,1.4987159568e-01,5.9322328434e-03,-4.2326638418e-02,8.8466640264e-01,9.4570442057e-01,6.1038017929e-02,7.3128564535e-02,2.9671798060e-24,3.8789623281e-02
75.000000,748.000,75.000000,145.000000,1.5771986514e-01,-3.6969843815e-03,-3.8919414935e-02,8.8466640264e-01,9.4570442057e-01,6.1038017929e-02,7.6766831058e-02,1.0601525288e-18,4.0820904889e-02
75.000000,748.000,75.000000,150.000000,1.6510635624e-01,-1.2709357909e-02,-3.4811945279e-02,8.8466640264e-01,9.4570442057e-01,6.1038017929e-02,8.0167979205e-02,8.1981641677e-14,4.2732669462e-02
75.000000,748.000,75.000000,155.000000,1.7179846448e-01,-2.0839181930e-02,-3.0067164959e-02,8.8466640264e-01,9.4570442057e-01,6.1038017929e-02,8.3233202128e-02,1.2616499649e-09,4.4464714527e-02
75.000000,748.000,75.000000,160.000000,1.7758583261e-01,-2.7846423194e-02,-2.4764174102e-02,8.8466640264e-01,9.4570442057e-01,6.1038017929e-02,8.5873262173e-02,3.6099069260e-06,4.5962595620e-02
75.000000,748.000,75.000000,165.000000,1.8228679564e-01,-3.3523961117e-02,-1.8996329237e-02,8.8466640264e-01,9.4570442057e-01,6.1038017929e-02,8.8011172664e-02,1.8259508076e-03,4.7179294381e-02
75.000000,748.000,75.000000,170.000000,1.8575394491e-01,-3.7703836965e-02,-1.2868922488e-02,8.8466640264e-01,9.4570442057e-01,6.1038017929e-02,8.9584512512e-02,1.5809016297e-01,4.8076658647e-02
75.000000,748.000,75.000000,175.000000,1.8787864188e-01,-4.0262322564e-02,-6.4965147788e-03,8.8466640264e-01,9.4570442057e-01,6.1038017929e-02,9.0547303538e-02,2.3054627652e+00,4.8626570687e-02
75.000000,748.000,75.000000,180.000000,1.8859434403e-01,-4.1123654791e-02,-1.8292019642e-17,8.8466640264e-01,9.4570442057e-01,6.1038017929e-02,9.0871393588e-02,5.6339217107e+00,4.8811808034e-02
75.000000,748.000,75.000000,185.000000,1.8787864188e-01,-4.0262322564e-02,6.4965147788e-03,8.8466640264e-01,9.4570442057e-01,6.1038017929e-02,9.0547303538e-02,2.3054627652e+00,4.8626570687e-02
75.000000,748.000,75.000000,190.000000,1.8575394491e-01,-3.7703836965e-02,1.2868922488e-02,8.8466640264e-01,9.4570442057e-01,6.1038017929e-02,8.9584512512e-02,1.5809016297e-01,4.8076658647e-02
75.000000,748.000,75.000000,195.000000,1.8228679564e-01,-3.3523961117e-02,1.8996329237e-02,8.8466640264e-01,9.4570442057e-01,6.1038017929e-02,8.8011172664e-02,1.8259508076e-03,4.7179294381e-02
75.000000,748.000,75.000000,200.000000,1.7758583261e-01,-2.7846423194e-02,2.4764174102e-02,8.8466640264e-01,9.4570442057e-01,6.1038017929e-02,8.5873262173e-02,3.6099069260e-06,4.5962595620e-02
75.000000,748.000,75.000000,205.000000,1.7179846448e-01,-2.0839181930e-02,3.0067164959e-02,8.8466640264e-01,9.4570442057e-01,6.1038017929e-02,8.3233202128e-02,1.2616499649e-09,4.4464714527e-02
75.000000,748.000,75.000000,210.000000,1.6510635624e-01,-1.2709357909e-02,3.4811945279e-02,8.8466640264e-01,9.4570442057e-01,6.1038017929e-02,8.0167979205e-02,8.1981641677e-14,4.2732669462e-02
75.000000,748.000,75.000000,215.000000,1.5771986514e-01,-3.6969843815e-03,3.8919414935e-02,8.8466640264e-01,9.4570442057e-01,6.1038017929e-02,7.6766831058e-02,1.0601525288e-18,4.0820904889e-02
75.000000,748.000,75.000000,220.000000,1.4987159568e-01,5.9322328434e-03,4.2326638418e-02,8.8466640264e-01,9.4570442057e-01,6.1038017929e-02,7.3128564535e-02,2.9671798060e-24,3.8789623281e-02
75.000000,748.000,75.000000,225.000000,1.4180926982e-01,1.5894926859e-02,4.4988286243e-02,8.8466640264e-01,9.4570442057e-01,6.1038017929e-02,6.9358588001e-02,1.9823878275e-30,3.6702939802e-02
75.000000,748.000,75.000000,230.000000,1.3378812968e-01,2.5898609511e-02,4.6877569351e-02,8.8466640264e-01,9.4570442057e-01,6.1038017929e-02,6.5565747666e-02,3.5301616610e-37,3.4626915970e-02
75.000000,748.000,75.000000,235.000000,1.2606310392e-01,3.5650480696e-02,4.7986641470e-02,8.8466640264e-01,9.4570442057e-01,6.1038017929e-02,6.1859063745e-02,1.8911944488e-44,3.2627532179e-02
75.000000,748.000,75.000000,240.000000,1.1888097655e-01,4.4866240037e-02,4.8326460346e-02,8.8466640264e-01,9.4570442057e-01,6.1038017929e-02,5.8344465302e-02,3.4727042220e-52,3.0768660831e-02
75.000000,748.000,75.000000,245.000000,1.1247279672e-01,5.3278633837e-02,4.7926114939e-02,8.8466640264e-01,9.4570442057e-01,6.1038017929e-02,5.5121622609e-02,2.5104781387e-60,2.9110101848e-02
75.000000,748.000,75.000000,250.000000,1.0704676084e-01,6.0645478318e-02,4.6831641602e-02,8.8466640264e-01,9.4570442057e-01,6.1038017929e-02,5.2280972902e-02,8.2628941554e-69,2.7705740422e-02
75.000000,748.000,75.000000,255.000000,1.0278178393e-01,6.6756916098e-02,4.5104367503e-02,8.8466640264e-01,9.4570442057e-01,6.1038017929e-02,4.9901029467e-02,1.4399550916e-77,2.6601883171e-02
75.000000,748.000,75.000000,260.000000,9.9821956522e-02,7.1441686204e-02,4.2818833587e-02,8.8466640264e-01,9.4570442057e-01,6.1038017929e-02,4.8046055408e-02,1.5518677247e-86,2.5835823467e-02
75.000000,748.000,75.000000,265.000000,9.8272056152e-02,7.4572217911e-02,4.0060361801e-02,8.8466640264e-01,9.4570442057e-01,6.1038017929e-02,4.6764172311e-02,1.2119157165e-95,2.5434679733e-02
75.000000,748.000,75.000000,270.000000,9.8194250775e-02,7.6068394480e-02,3.6922341804e-02,8.8466640264e-01,9.4570442057e-01,6.1038017929e-02,4.6085960814e-02,8.0517847810e-105,2.5414542220e-02
75.000000,748.000,75.000000,275.000000,9.9606095099e-02,7.5899873281e-02,3.3503320491e-02,8.8466640264e-01,9.4570442057e-01,6.1038017929e-02,4.6023595118e-02,5.3477691763e-114,2.5779954420e-02
75.000000,748.000,75.000000,280.000000,1.0247988158e-01,7.4086892684e-02,2.9903983349e-02,8.8466640264e-01,9.4570442057e-01,6.1038017929e-02,4.6570537261e-02,4.1710838891e-123,2.6523745092e-02
75.000000,748.000,75.000000,285.000000,1.0674336667e-01,7.0699542070e-02,2.6224119527e-02,8.8466640264e-01,9.4570442057e-01,6.1038017929e-02,4.7701799950e-02,4.4816952156e-132,2.7627216234e-02
75.000000,748.000,75.000000,290.000000,1.1228185124e-01,6.5855518017e-02,2.2559662668e-02,8.8466640264e-01,9.4570442057e-01,6.1038017929e-02,4.9374769480e-02,7.7619491358e-141,2.9060681520e-02
75.000000,748.000,75.000000,295.000000,1.1894155258e-01,5.9716435716e-02,1.8999896846e-02,8.8466640264e-01,9.4570442057e-01,6.1038017929e-02,5.1530563245e-02,2.5261526605e-149,3.0784339061e-02
75.000000,748.000,75.000000,300.000000,1.2653416672e-01,5.2482808536e-02,1.5624911592e-02,8.8466640264e-01,9.4570442057e-01,6.1038017929e-02,5.4095880125e-02,1.7924822219e-157,3.2749452203e-02
75.000000,748.000,75.000000,305.000000,1.3484248301e-01,4.4387849130e-02,1.2503382067e-02,8.8466640264e-01,9.4570442057e-01,6.1038017929e-02,5.6985287055e-02,3.1984859929e-165,3.4899802691e-02
75.000000,748.000,75.000000,310.000000,1.4362688131e-01,3.5690281230e-02,9.6907401803e-03,8.8466640264e-01,9.4570442057e-01,6.1038017929e-02,6.0103871845e-02,1.6439602003e-172,3.7173372273e-02
75.000000,748.000,75.000000,315.000000,1.5263251516e-01,2.6666381329e-02,7.2277902909e-03,8.8466640264e-01,9.4570442057e-01,6.1038017929e-02,6.3350181224e-02,2.7655701243e-179,3.9504201824e-02
75.000000,748.000,75.000000,320.000000,1.6159696328e-01,1.7601492792e-02,5.1398092466e-03,8.8466640264e-01,9.4570442057e-01,6.1038017929e-02,6.6619354403e-02,1.7148050449e-185,4.1824371728e-02
75.000000,748.000,75.000000,325.000000,1.7025811789e-01,8.7812709311e-03,3.4361555320e-03,8.8466640264e-01,9.4570442057e-01,6.1038017929e-02,6.9806356592e-02,4.3699358290e-191,4.4066043493e-02
75.000000,748.000,75.000000,330.000000,1.7836207045e-01,4.8292571081e-04,2.1103965250e-03,8.8466640264e-01,9.4570442057e-01,6.1038017929e-02,7.2809213818e-02,5.0489023833e-196,4.6163500757e-02
75.000000,748.000,75.000000,335.000000,1.8567075617e-01,-7.0332712477e-03,1.1409468659e-03,8.8466640264e-01,9.4570442057e-01,6.1038017929e-02,7.5532150468e-02,2.8841626166e-200,4.8055127816e-02
75.000000,748.000,75.000000,340.000000,1.9196912527e-01,-1.3531956765e-02,4.9219516894e-04,8.8466640264e-01,9.4570442057e-01,6.1038017929e-02,7.7888533895e-02,8.7760475681e-204,4.9685265691e-02
75.000000,748.000,75.000000,345.000000,1.9707162371e-01,-1.8809880675e-02,1.1608126066e-04,8.8466640264e-01,9.4570442057e-01,6.1038017929e-02,7.9803536369e-02,1.5130594746e-206,5.1005889466e-02
75.000000,748.000,75.000000,350.000000,2.0082778694e-01,-2.2702125547e-02,-4.5927749314e-05,8.8466640264e-01,9.4570442057e-01,6.1038017929e-02,8.1216433269e-02,1.5515659786e-208,5.1978056047e-02
75.000000,748.000,75.000000,355.000000,2.0312677682e-01,-2.5087152252e-02,-6.0526531021e-05,8.8466640264e-01,9.4570442057e-01,6.1038017929e-02,8.2082467483e-02,9.7997732011e-210,5.2573078412e-02
75.000000,748.000,80.000000,0.000000,2.9378468559e-01,-3.2931043866e-02,2.4702218553e-18,8.8466640264e-01,9.4570442057e-01,6.1038017929e-02,8.2840179299e-02,3.7752559755e-307,7.6037071789e-02
75.000000,748.000,80.000000,5.000000,2.9266620641e-01,-3.1806048849e-02,-1.7694340635e-03,8.8466640264e-01,9.4570442057e-01,6.1038017929e-02,8.2539289956e-02,1.4560213974e-306,7.5747588078e-02
75.000000,748.000,80.000000,10.000000,2.8934412723e-01,-2.8465869594e-02,-3.5935174109e-03,8.8466640264e-01,9.4570442057e-01,6.1038017929e-02,8.1646009039e-02,8.2672757357e-305,7.4887770714e-02
75.000000,748.000,80.000000,15.000000,2.8391751420e-01,-2.3013861184e-02,-5.5244137495e-03,8.8466640264e-01,9.4570442057e-01,6.1038017929e-02,8.0188210798e-02,6.7012624429e-302,7.3483259913e-02
75.000000,748.000,80.000000,20.000000,2.7654814555e-01,-1.5618773400e-02,-7.6093974361e-03,8.8466640264e-01,9.4570442057e-01,6.1038017929e-02,7.8211404101e-02,7.3684341200e-298,7.1575926956e-02
75.000000,748.000,80.000000,25.000000,2.6745561961e-01,-6.5095998068e-03,-9.8886107740e-03,8.8466640264e-01,9.4570442057e-01,6.1038017929e-02,7.5777340431e-02,1.0237935827e-292,6.9222608074e-02
75.000000,748.000,80.000000,30.000000,2.5691071530e-01,4.0314128130e-03,-1.2393056662e-02,8.8466640264e-01,9.4570442057e-01,6.1038017929e-02,7.2962124756e-02,1.6423632480e-286,6.6493386012e-02
75.000000,748.000,80.000000,35.000000,2.4522720648e-01,1.5677382004e-02,-1.5142893581e-02,8.8466640264e-01,9.4570442057e-01,6.1038017929e-02,6.9853886773e-02,2.7280699027e-279,6.3469471415e-02
75.000000,748.000,80.000000,40.000000,2.3275237848e-01,2.8066772022e-02,-1.8146090530e-02,8.8466640264e-01,9.4570442057e-01,6.1038017929e-02,6.6550083423e-02,4.1338474804e-271,6.0240748344e-02
75.000000,748.000,80.000000,45.000000,2.1985653474e-01,4.0814437353e-02,-2.1397488363e-02,8.8466640264e-01,9.4570442057e-01,6.1038017929e-02,6.3154514758e-02,4.9504736116e-262,5.6903058381e-02
75.000000,748.000,80.000000,50.000000,2.0692181182e-01,5.3523391381e-02,-2.4878301334e-02,8.8466640264e-01,9.4570442057e-01,6.1038017929e-02,5.9774144040e-02,3.9956796398e-252,5.3555305745e-02
75.000000,748.000,80.000000,55.000000,1.9433064216e-01,6.5796942105e-02,-2.8556078998e-02,8.8466640264e-01,9.4570442057e-01,6.1038017929e-02,5.6515818866e-02,1.8270655451e-241,5.0296471238e-02
75.000000,748.000,80.000000,60.000000,1.8245421465e-01,7.7250825619e-02,-3.2385134254e-02,8.8466640264e-01,9.4570442057e-01,6.1038017929e-02,5.3482993172e-02,3.9263946386e-230,4.7222625609e-02
75.000000,748.000,80.000000,65.000000,1.7164128284e-01,8.7524968067e-02,-3.6307428758e-02,8.8466640264e-01,9.4570442057e-01,6.1038017929e-02,5.0772549965e-02,3.2514448632e-218,4.4424032924e-02
75.000000,748.000,80.000000,70.000000,1.6220766043e-01,9.6294518036e-02,-4.0253892655e-02,8.8466640264e-01,9.4570442057e-01,6.1038017929e-02,4.8471821561e-02,8.4204030676e-206,4.1982431780e-02
75.000000,748.000,80.000000,75.000000,1.5442672229e-01,1.0327981348e-01,-4.4146141883e-02,8.8466640264e-01,9.4570442057e-01,6.1038017929e-02,4.6655898167e-02,5.4871090888e-193,3.9968576802e-02
75.000000,748.000,80.000000,80.000000,1.4852119907e-01,1.0825497961e-01,-4.7898543788e-02,8.8466640264e-01,9.4570442057e-01,6.1038017929e-02,4.5385306844e-02,7.1885553931e-180,3.8440114920e-02
75.000000,748.000,80.000000,85.000000,1.4465651375e-01,1.1105489570e-01,-5.1420570682e-02,8.8466640264e-01,9.4570442057e-01,6.1038017929e-02,4.4704131705e-02,1.5046322633e-166,3.7439860757e-02
75.000000,748.000,80.000000,90.000000,1.4293586209e-01,1.1158031840e-01,-5.4619371729e-02,8.8466640264e-01,9.4570442057e-01,6.1038017929e-02,4.4638632747e-02,3.9838966754e-153,3.6994523338e-02
75.000000,748.000,80.000000,95.000000,1.4339718531e-01,1.0980100501e-01,-5.7402486378e-02,8.8466640264e-01,9.4570442057e-01,6.1038017929e-02,4.5196405617e-02,1.0543753191e-139,3.7113922573e-02
75.000000,748.000,80.000000,100.000000,1.4601212643e-01,1.0575674108e-01,-5.9680617699e-02,8.8466640264e-01,9.4570442057e-01,6.1038017929e-02,4.6366108165e-02,2.2032486582e-126,3.7790719136e-02
75.000000,748.000,80.000000,105.000000,1.5068700102e-01,9.9556240224e-02,-6.1370381654e-02,8.8466640264e-01,9.4570442057e-01,6.1038017929e-02,4.8117762407e-02,2.8751919279e-113,3.9000665714e-02
75.000000,748.000,80.000000,110.000000,1.5726575206e-01,9.1373948688e-02,-6.2396948477e-02,8.8466640264e-01,9.4570442057e-01,6.1038017929e-02,5.0403623052e-02,1.8589898607e-100,4.0703371775e-02
75.000000,748.000,80.000000,115.000000,1.6553479828e-01,8.1444851135e-02,-6.2696495085e-02,8.8466640264e-01,9.4570442057e-01,6.1038017929e-02,5.3159586530e-02,4.7470658132e-88,4.2843558421e-02
75.000000,748.000,80.000000,120.000000,1.7522962793e-01,7.0057434464e-02,-6.2218392659e-02,8.8466640264e-01,9.4570442057e-01,6.1038017929e-02,5.6307098021e-02,3.8410366348e-76,4.5352764974e-02
75.000000,748.000,80.000000,125.000000,1.8604293676e-01,5.7545022777e-02,-6.0927061021e-02,8.8466640264e-01,9.4570442057e-01,6.1038017929e-02,5.9755498856e-02,7.9659318795e-65,4.8151455239e-02
75.000000,748.000,80.000000,130.000000,1.9763406216e-01,4.4275745968e-02,-5.8803431066e-02,8.8466640264e-01,9.4570442057e-01,6.1038017929e-02,6.3404743251e-02,3.4592074406e-54,5.1151459249e-02
75.000000,748.000,80.000000,135.000000,2.0963942622e-01,3.0641446022e-02,-5.5845967905e-02,8.8466640264e-01,9.4570442057e-01,6.1038017929e-02,6.7148402137e-02,2.5995152241e-44,5.4258676111e-02
75.000000,748.000,80.000000,140.000000,2.2168366947e-01,1.7045857379e-02,-5.2071220263e-02,8.8466640264e-01,9.4570442057e-01,6.1038017929e-02,7.0876863076e-02,2.8313340866e-35,5.7375955646e-02
75.000000,748.000,80.000000,145.000000,2.3339113653e-01,3.8924198641e-03,-4.7513875604e-02,8.8466640264e-01,9.4570442057e-01,6.1038017929e-02,7.4480629294e-02,3.8005539636e-27,6.0406071092e-02
75.000000,748.000,80.000000,150.000000,2.4439736405e-01,-8.4279061463e-03,-4.2226315067e-02,8.8466640264e-01,9.4570442057e-01,6.1038017929e-02,7.7853617840e-02,5.4385328830e-20,6.3254692389e-02
75.000000,748.000,80.000000,155.000000,2.5436022121e-01,-1.9548452645e-02,-3.6277677101e-02,8.8466640264e-01,9.4570442057e-01,6.1038017929e-02,8.0896356864e-02,7.3188247816e-14,6.5833269566e-02
75.000000,748.000,80.000000,160.000000,2.6297036390e-01,-2.9137926574e-02,-2.9752453258e-02,8.8466640264e-01,9.4570442057e-01,6.1038017929e-02,8.3518985075e-02,8.3592842503e-09,6.8061738474e-02
75.000000,748.000,80.000000,165.000000,2.6996068441e-01,-3.6910425775e-02,-2.2748653521e-02,8.8466640264e-01,9.4570442057e-01,6.1038017929e-02,8.5643962418e-02,7.5101231425e-05,6.9870966555e-02
75.000000,748.000,80.000000,170.000000,2.7511446921e-01,-4.2634084354e-02,-1.5375591321e-02,8.8466640264e-01,9.4570442057e-01,6.1038017929e-02,8.7208409741e-02,5.0669830070e-02,7.1204864214e-02
75.000000,748.000,80.000000,175.000000,2.7827201645e-01,-4.6138085109e-02,-7.7513497594e-03,8.8466640264e-01,9.4570442057e-01,6.1038017929e-02,8.8166006511e-02,2.5219496222e+00,7.2022097576e-02
75.000000,748.000,80.000000,180.000000,2.7933551216e-01,-4.7317826176e-02,-2.1815331793e-17,8.8466640264e-01,9.4570442057e-01,6.1038017929e-02,8.8488388997e-02,9.2671295771e+00,7.2297350519e-02
75.000000,748.000,80.000000,185.000000,2.7827201645e-01,-4.6138085109e-02,7.7513497594e-03,8.8466640264e-01,9.4570442057e-01,6.1038017929e-02,8.8166006511e-02,2.5219496222e+00,7.2022097576e-02
75.000000,748.000,80.000000,190.000000,2.7511446921e-01,-4.2634084354e-02,1.5375591321e-02,8.8466640264e-01,9.4570442057e-01,6.1038017929e-02,8.7208409741e-02,5.0669830070e-02,7.1204864214e-02
75.000000,748.000,80.000000,195.000000,2.6996068441e-01,-3.6910425775e-02,2.2748653521e-02,8.8466640264e-01,9.4570442057e-01,6.1038017929e-02,8.5643962418e-02,7.5101231425e-05,6.9870966555e-02
75.000000,748.000,80.000000,200.000000,2.6297036390e-01,-2.9137926574e-02,2.9752453258e-02,8.8466640264e-01,9.4570442057e-01,6.1038017929e-02,8.3518985075e-02,8.3592842503e-09,6.8061738474e-02
75.000000,748.000,80.000000,205.000000,2.5436022121e-01,-1.9548452645e-02,3.6277677101e-02,8.8466640264e-01,9.4570442057e-01,6.1038017929e-02,8.0896356864e-02,7.3188247816e-14,6.5833269566e-02
75.000000,748.000,80.000000,210.000000,2.4439736405e-01,-8.4279061463e-03,4.2226315067e-02,8.8466640264e-01,9.4570442057e-01,6.1038017929e-02,7.7853617840e-02,5.4385328830e-20,6.3254692389e-02
75.000000,748.000,80.000000,215.000000,2.3339113653e-01,3.8924198641e-03,4.7513875604e-02,8.8466640264e-01,9.4570442057e-01,6.1038017929e-02,7.4480629294e-02,3.8005539636e-27,6.0406071092e-02
75.000000,748.000,80.000000,220.000000,2.2168366947e-01,1.7045857379e-02,5.2071220263e-02,8.8466640264e-01,9.4570442057e-01,6.1038017929e-02,7.0876863076e-02,2.8313340866e-35,5.7375955646e-02
75.000000,748.000,80.000000,225.000000,2.0963942622e-01,3.0641446022e-02,5.5845967905e-02,8.8466640264e-01,9.4570442057e-01,6.1038017929e-02,6.7148402137e-02,2.5995152241e-44,5.4258676111e-02
75.000000,748.000,80.000000,230.000000,1.9763406216e-01,4.4275745968e-02,5.8803431066e-02,8.8466640264e-01,9.4570442057e-01,6.1038017929e-02,6.3404743251e-02,3.4592074406e-54,5.1151459249e-02
75.000000,748.000,80.000000,235.000000,1.8604293676e-01,5.7545022777e-02,6.0927061021e-02,8.8466640264e-01,9.4570442057e-01,6.1038017929e-02,5.9755498856e-02,7.9659318795e-65,4.8151455239e-02
75.000000,748.000,80.000000,240.000000,1.7522962793e-01,7.0057434464e-02,6.2218392659e-02,8.8466640264e-01,9.4570442057e-01,6.1038017929e-02,5.6307098021e-02,3.8410366348e-76,4.5352764974e-02
75.000000,748.000,80.000000,245.000000,1.6553479828e-01,8.1444851135e-02,6.2696495085e-02,8.8466640264e-01,9.4570442057e-01,6.1038017929e-02,5.3159586530e-02,4.7470658132e-88,4.2843558421e-02
75.000000,748.000,80.000000,250.000000,1.5726575206e-01,9.1373948688e-02,6.2396948477e-02,8.8466640264e-01,9.4570442057e-01,6.1038017929e-02,5.0403623052e-02,1.8589898607e-100,4.0703371775e-02
75.000000,748.000,80.000000,255.000000,1.5068700102e-01,9.9556240224e-02,6.1370381654e-02,8.8466640264e-01,9.4570442057e-01,6.1038017929e-02,4.8117762407e-02,2.8751919279e-113,3.9000665714e-02
75.000000,748.000,80.000000,260.000000,1.4601212643e-01,1.0575674108e-01,5.9680617699e-02,8.8466640264e-01,9.4570442057e-01,6.1038017929e-02,4.6366108165e-02,2.2032486582e-126,3.7790719136e-02
75.000000,748.000,80.000000,265.000000,1.4339718531e-01,1.0980100501e-01,5.7402486378e-02,8.8466640264e-01,9.4570442057e-01,6.1038017929e-02,4.5196405617e-02,1.0543753191e-139,3.7113922573e-02
75.000000,748.000,80.000000,270.000000,1.4293586209e-01,1.1158031840e-01,5.4619371729e-02,8.8466640264e-01,9.4570442057e-01,6.1038017929e-02,4.4638632747e-02,3.9838966754e-153,3.6994523338e-02
75.000000,748.000,80.000000,275.000000,1.4465651375e-01,1.1105489570e-01,5.1420570682e-02,8.8466640264e-01,9.4570442057e-01,6.1038017929e-02,4.4704131705e-02,1.5046322633e-166,3.7439860757e-02
75.000000,748.000,80.000000,280.000000,1.4852119907e-01,1.0825497961e-01,4.7898543788e-02,8.8466640264e-01,9.4570442057e-01,6.1038017929e-02,4.5385306844e-02,7.1885553931e-180,3.8440114920e-02
75.000000,748.000,80.000000,285.000000,1.5442672229e-01,1.0327981348e-01,4.4146141883e-02,8.8466640264e-01,9.4570442057e-01,6.1038017929e-02,4.6655898167e-02,5.4871090888e-193,3.9968576802e-02
75.000000,748.000,80.000000,290.000000,1.6220766043e-01,9.6294518036e-02,4.0253892655e-02,8.8466640264e-01,9.4570442057e-01,6.1038017929e-02,4.8471821561e-02,8.4204030676e-206,4.1982431780e-02
75.000000,748.000,80.000000,295.000000,1.7164128284e-01,8.7524968067e-02,3.6307428758e-02,8.8466640264e-01,9.4570442057e-01,6.1038017929e-02,5.0772549965e-02,3.2514448632e-218,4.4424032924e-02
75.000000,748.000,80.000000,300.000000,1.8245421465e-01,7.7250825619e-02,3.2385134254e-02,8.8466640264e-01,9.4570442057e-01,6.1038017929e-02,5.3482993172e-02,3.9263946386e-230,4.7222625609e-02
75.000000,748.000,80.000000,305.000000,1.9433064216e-01,6.5796942105e-02,2.8556078998e-02,8.8466640264e-01,9.4570442057e-01,6.1038017929e-02,5.6515818866e-02,1.8270655451e-241,5.0296471238e-02
75.000000,748.000,80.000000,310.000000,2.0692181182e-01,5.3523391381e-02,2.4878301334e-02,8.8466640264e-01,9.4570442057e-01,6.1038017929e-02,5.9774144040e-02,3.9956796398e-252,5.3555305745e-02
75.000000,748.000,80.000000,315.000000,2.1985653474e-01,4.0814437353e-02,2.1397488363e-02,8.8466640264e-01,9.4570442057e-01,6.1038017929e-02,6.3154514758e-02,4.9504736116e-262,5.6903058381e-02
75.000000,748.000,80.000000,320.000000,2.3275237848e-01,2.8066772022e-02,1.8146090530e-02,8.8466640264e-01,9.4570442057e-01,6.1038017929e-02,6.6550083423e-02,4.1338474804e-271,6.0240748344e-02
75.000000,748.000,80.000000,325.000000,2.4522720648e-01,1.5677382004e-02,1.5142893581e-02,8.8466640264e-01,9.4570442057e-01,6.1038017929e-02,6.9853886773e-02,2.7280699027e-279,6.3469471415e-02
75.000000,748.000,80.000000,330.000000,2.5691071530e-01,4.0314128130e-03,1.2393056662e-02,8.8466640264e-01,9.4570442057e-01,6.1038017929e-02,7.2962124756e-02,1.6423632480e-286,6.6493386012e-02
75.000000,748.000,80.000000,335.000000,2.6745561961e-01,-6.5095998068e-03,9.8886107740e-03,8.8466640264e-01,9.4570442057e-01,6.1038017929e-02,7.5777340431e-02,1.0237935827e-292,6.9222608074e-02
75.000000,748.000,80.000000,340.000000,2.7654814555e-01,-1.5618773400e-02,7.6093974361e-03,8.8466640264e-01,9.4570442057e-01,6.1038017929e-02,7.8211404101e-02,7.3684341200e-298,7.1575926956e-02
75.000000,748.000,80.000000,345.000000,2.8391751420e-01,-2.3013861184e-02,5.5244137495e-03,8.8466640264e-01,9.4570442057e-01,6.1038017929e-02,8.0188210798e-02,6.7012624429e-302,7.3483259913e-02
75.000000,748.000,80.000000,350.000000,2.8934412723e-01,-2.8465869594e-02,3.5935174109e-03,8.8466640264e-01,9.4570442057e-01,6.1038017929e-02,8.1646009039e-02,8.2672757357e-305,7.4887770714e-02
75.000000,748.000,80.000000,355.000000,2.9266620641e-01,-3.1806048849e-02,1.7694340635e-03,8.8466640264e-01,9.4570442057e-01,6.1038017929e-02,8.2539289956e-02,1.4560213974e-306,7.5747588078e-02
75.000000,748.000,85.000000,0.000000,5.0713372347e-01,-4.7171053002e-02,8.2792632420e-18,8.8466640264e-01,9.4570442057e-01,6.1038017929e-02,8.4264637983e-02,0.0000000000e+00,1.3125586605e-01
75.000000,748.000,85.000000,5.000000,5.0522325364e-01,-4.5274174931e-02,-5.9018209407e-03,8.8466640264e-01,9.4570442057e-01,6.1038017929e-02,8.3953843968e-02,0.0000000000e+00,1.3076140007e-01
75.000000,748.000,85.000000,10.000000,4.9954935180e-01,-3.9641715602e-02,-1.1816136661e-02,8.8466640264e-01,9.4570442057e-01,6.1038017929e-02,8.3031017273e-02,0.0000000000e+00,1.2929288621e-01
75.000000,748.000,85.000000,15.000000,4.9028279766e-01,-3.0446427951e-02,-1.7753602437e-02,8.8466640264e-01,9.4570442057e-01,6.1038017929e-02,8.1524532763e-02,0.0000000000e+00,1.2689452552e-01
75.000000,748.000,85.000000,20.000000,4.7770246630e-01,-1.7970381671e-02,-2.3721261543e-02,8.8466640264e-01,9.4570442057e-01,6.1038017929e-02,7.9480720109e-02,0.0000000000e+00,1.2363849617e-01
75.000000,748.000,85.000000,25.000000,4.6218687505e-01,-2.5963723097e-03,-2.9720904631e-02,8.8466640264e-01,9.4570442057e-01,6.1038017929e-02,7.6962451856e-02,0.0000000000e+00,1.1962276566e-01
75.000000,748.000,85.000000,30.000000,4.4420271090e-01,1.5203738071e-02,-3.5747621715e-02,8.8466640264e-01,9.4570442057e-01,6.1038017929e-02,7.4047227193e-02,0.0000000000e+00,1.1496812147e-01
75.000000,748.000,85.000000,35.000000,4.2429068651e-01,3.4883394189e-02,-4.1788601337e-02,8.8466640264e-01,9.4570442057e-01,6.1038017929e-02,7.0824809698e-02,0.0000000000e+00,1.0981451033e-01
75.000000,748.000,85.000000,40.000000,4.0304915453e-01,5.5837997788e-02,-4.7822223696e-02,8.8466640264e-01,9.4570442057e-01,6.1038017929e-02,6.7394490893e-02,0.0000000000e+00,1.0431679731e-01
75.000000,748.000,85.000000,45.000000,3.8111597772e-01,7.7423328595e-02,-5.3817485155e-02,8.8466640264e-01,9.4570442057e-01,6.1038017929e-02,6.3862062819e-02,0.0000000000e+00,9.8640073426e-02
75.000000,748.000,85.000000,50.000000,3.5914920520e-01,9.8975175906e-02,-5.9733780982e-02,8.8466640264e-01,9.4570442057e-01,6.1038017929e-02,6.0336591697e-02,0.0000000000e+00,9.2954654340e-02
75.000000,748.000,85.000000,55.000000,3.3780714182e-01,1.1982958384e-01,-6.5521061766e-02,8.8466640264e-01,9.4570442057e-01,6.1038017929e-02,5.6927090802e-02,0.0000000000e+00,8.7430921875e-02
75.000000,748.000,85.000000,60.000000,3.1772841541e-01,1.3934309468e-01,-7.1120366934e-02,8.8466640264e-01,9.4570442057e-01,6.1038017929e-02,5.3739193738e-02,0.0000000000e+00,8.2234165077e-02
75.000000,748.000,85.000000,65.000000,2.9951264733e-01,1.5691237464e-01,-7.6464726689e-02,8.8466640264e-01,9.4570442057e-01,6.1038017929e-02,5.0871929305e-02,0.0000000000e+00,7.7519577378e-02
75.000000,748.000,85.000000,70.000000,2.8370231291e-01,1.7199262518e-01,-8.1480411729e-02,8.8466640264e-01,9.4570442057e-01,6.1038017929e-02,4.8414696075e-02,0.0000000000e+00,7.3427561720e-02
75.000000,748.000,85.000000,75.000000,2.7076634227e-01,1.8411421993e-01,-8.6088498744e-02,8.8466640264e-01,9.4570442057e-01,6.1038017929e-02,4.6444528725e-02,1.9826222055e-305,7.0079486153e-02
75.000000,748.000,85.000000,80.000000,2.6108595942e-01,1.9289706094e-01,-9.0206709265e-02,8.8466640264e-01,9.4570442057e-01,6.1038017929e-02,4.5023739312e-02,1.1271050840e-284,6.7574018706e-02
75.000000,748.000,85.000000,85.000000,2.5494318888e-01,1.9806221747e-01,-9.3751470251e-02,8.8466640264e-01,9.4570442057e-01,6.1038017929e-02,4.4198005317e-02,1.3448925094e-263,6.5984152702e-02
75.000000,748.000,85.000000,90.000000,2.5251237876e-01,1.9944049305e-01,-9.6640137140e-02,8.8466640264e-01,9.4570442057e-01,6.1038017929e-02,4.3994962671e-02,2.3278632525e-242,6.5355012748e-02
75.000000,748.000,85.000000,95.000000,2.5385499682e-01,1.9697765968e-01,-9.8793314233e-02,8.8466640264e-01,9.4570442057e-01,6.1038017929e-02,4.4423346672e-02,4.0269235481e-221,6.5702507870e-02
75.000000,748.000,85.000000,100.000000,2.5891785708e-01,1.9073619949e-01,-1.0013720335e-01,8.8466640264e-01,9.4570442057e-01,6.1038017929e-02,4.5472707038e-02,4.7946990622e-200,6.7012872530e-02
75.000000,748.000,85.000000,105.000000,2.6753483024e-01,1.8089350029e-01,-1.0060590990e-01,8.8466640264e-01,9.4570442057e-01,6.1038017929e-02,4.7113705907e-02,2.7123869656e-179,6.9243109294e-02
75.000000,748.000,85.000000,110.000000,2.7943198493e-01,1.6773655896e-01,-1.0014363576e-01,8.8466640264e-01,9.4570442057e-01,6.1038017929e-02,4.9298989871e-02,5.0577471106e-159,7.2322319511e-02
75.000000,748.000,85.000000,115.000000,2.9423600319e-01,1.5165335308e-01,-9.8706690972e-02,8.8466640264e-01,9.4570442057e-01,6.1038017929e-02,5.1964609704e-02,2.1734484628e-139,7.6153881380e-02
75.000000,748.000,85.000000,120.000000,3.1148561354e-01,1.3312114211e-01,-9.6265260644e-02,8.8466640264e-01,9.4570442057e-01,6.1038017929e-02,5.5031944783e-02,1.5206401286e-120,8.0618409060e-02
75.000000,748.000,85.000000,125.000000,3.3064569373e-01,1.1269205308e-01,-9.2804870031e-02,8.8466640264e-01,9.4570442057e-01,6.1038017929e-02,5.8410073877e-02,1.2398300218e-102,8.5577402718e-02
75.000000,748.000,85.000000,130.000000,3.5112361383e-01,9.0976387868e-02,-8.8327499095e-02,8.8466640264e-01,9.4570442057e-01,6.1038017929e-02,6.1998520406e-02,8.5649545454e-86,9.0877478445e-02
75.000000,748.000,85.000000,135.000000,3.7228732265e-01,6.8624158889e-02,-8.2852307459e-02,8.8466640264e-01,9.4570442057e-01,6.1038017929e-02,6.5690288880e-02,3.7115950374e-70,9.6355049353e-02
75.000000,748.000,85.000000,140.000000,3.9348462718e-01,4.6305413408e-02,-7.6415941808e-02,8.8466640264e-01,9.4570442057e-01,6.1038017929e-02,6.9375100402e-02,7.6250150918e-56,1.0184131547e-01
75.000000,748.000,85.000000,145.000000,4.1406307869e-01,2.4689943858e-02,-6.9072409602e-02,8.8466640264e-01,9.4570442057e-01,6.1038017929e-02,7.2942729021e-02,5.7426710110e-43,1.0716741064e-01
75.000000,748.000,85.000000,150.000000,4.3338986089e-01,4.4270001011e-03,-6.0892515425e-02,8.8466640264e-01,9.4570442057e-01,6.1038017929e-02,7.6286337685e-02,1.2578843762e-31,1.1216954995e-01
75.000000,748.000,85.000000,155.000000,4.5087107517e-01,-1.3874380435e-02,-5.1962868914e-02,8.8466640264e-01,9.4570442057e-01,6.1038017929e-02,7.9305712534e-02,6.5433449853e-22,1.1669402114e-01
75.000000,748.000,85.000000,160.000000,4.6596983661e-01,-2.9663827501e-02,-4.2384485569e-02,8.8466640264e-01,9.4570442057e-01,6.1038017929e-02,8.1910297344e-02,6.8251619664e-14,1.2060186816e-01
75.000000,748.000,85.000000,165.000000,4.7822263057e-01,-4.2466317301e-02,-3.2271013589e-02,8.8466640264e-01,9.4570442057e-01,6.1038017929e-02,8.4021936005e-02,1.2553506229e-07,1.2377312459e-01
75.000000,748.000,85.000000,170.000000,4.8725343245e-01,-5.1896569858e-02,-2.1746630747e-02,8.8466640264e-01,9.4570442057e-01,6.1038017929e-02,8.5577239777e-02,3.7653702828e-03,1.2611046811e-01
75.000000,748.000,85.000000,175.000000,4.9278516141e-01,-5.7670727251e-02,-1.0943664923e-02,8.8466640264e-01,9.4570442057e-01,6.1038017929e-02,8.6529507442e-02,1.8018759730e+00,1.2754218492e-01
75.000000,748.000,85.000000,180.000000,4.9464811974e-01,-5.9614958138e-02,-3.0781487363e-17,8.8466640264e-01,9.4570442057e-01,6.1038017929e-02,8.6850140073e-02,1.4019926995e+01,1.2802435401e-01
75.000000,748.000,85.000000,185.000000,4.9278516141e-01,-5.7670727251e-02,1.0943664923e-02,8.8466640264e-01,9.4570442057e-01,6.1038017929e-02,8.6529507442e-02,1.8018759730e+00,1.2754218492e-01
75.000000,748.000,85.000000,190.000000,4.8725343245e-01,-5.1896569858e-02,2.1746630747e-02,8.8466640264e-01,9.4570442057e-01,6.1038017929e-02,8.5577239777e-02,3.7653702828e-03,1.2611046811e-01
75.000000,748.000,85.000000,195.000000,4.7822263057e-01,-4.2466317301e-02,3.2271013589e-02,8.8466640264e-01,9.4570442057e-01,6.1038017929e-02,8.4021936005e-02,1.2553506229e-07,1.2377312459e-01
75.000000,748.000,85.000000,200.000000,4.6596983661e-01,-2.9663827501e-02,4.2384485569e-02,8.8466640264e-01,9.4570442057e-01,6.1038017929e-02,8.1910297344e-02,6.8251619664e-14,1.2060186816e-01
75.000000,748.000,85.000000,205.000000,4.5087107517e-01,-1.3874380435e-02,5.1962868914e-02,8.8466640264e-01,9.4570442057e-01,6.1038017929e-02,7.9305712534e-02,6.5433449853e-22,1.1669402114e-01
75.000000,748.000,85.000000,210.000000,4.3338986089e-01,4.4270001011e-03,6.0892515425e-02,8.8466640264e-01,9.4570442057e-01,6.1038017929e-02,7.6286337685e-02,1.2578843762e-31,1.1216954995e-01
75.000000,748.000,85.000000,215.000000,4.1406307869e-01,2.4689943858e-02,6.9072409602e-02,8.8466640264e-01,9.4570442057e-01,6.1038017929e-02,7.2942729021e-02,5.7426710110e-43,1.0716741064e-01
75.000000,748.000,85.000000,220.000000,3.9348462718e-01,4.6305413408e-02,7.6415941808e-02,8.8466640264e-01,9.4570442057e-01,6.1038017929e-02,6.9375100402e-02,7.6250150918e-56,1.0184131547e-01
75.000000,748.000,85.000000,225.000000,3.7228732265e-01,6.8624158889e-02,8.2852307459e-02,8.8466640264e-01,9.4570442057e-01,6.1038017929e-02,6.5690288880e-02,3.7115950374e-70,9.6355049353e-02
75.000000,748.000,85.000000,230.000000,3.5112361383e-01,9.0976387868e-02,8.8327499095e-02,8.8466640264e-01,9.4570442057e-01,6.1038017929e-02,6.1998520406e-02,8.5649545454e-86,9.0877478445e-02
75.000000,748.000,85.000000,235.000000,3.3064569373e-01,1.1269205308e-01,9.2804870031e-02,8.8466640264e-01,9.4570442057e-01,6.1038017929e-02,5.8410073877e-02,1.2398300218e-102,8.5577402718e-02
75.000000,748.000,85.000000,240.000000,3.1148561354e-01,1.3312114211e-01,9.6265260644e-02,8.8466640264e-01,9.4570442057e-01,6.1038017929e-02,5.5031944783e-02,1.5206401286e-120,8.0618409060e-02
75.000000,748.000,85.000000,245.000000,2.9423600319e-01,1.5165335308e-01,9.8706690972e-02,8.8466640264e-01,9.4570442057e-01,6.1038017929e-02,5.1964609704e-02,2.1734484628e-139,7.6153881380e-02
75.000000,748.000,85.000000,250.000000,2.7943198493e-01,1.6773655896e-01,1.0014363576e-01,8.8466640264e-01,9.4570442057e-01,6.1038017929e-02,4.9298989871e-02,5.0577471106e-159,7.2322319511e-02
75.000000,748.000,85.000000,255.000000,2.6753483024e-01,1.8089350029e-01,1.0060590990e-01,8.8466640264e-01,9.4570442057e-01,6.1038017929e-02,4.7113705907e-02,2.7123869656e-179,6.9243109294e-02
75.000000,748.000,85.000000,260.000000,2.5891785708e-01,1.9073619949e-01,1.0013720335e-01,8.8466640264e-01,9.4570442057e-01,6.1038017929e-02,4.5472707038e-02,4.7946990622e-200,6.7012872530e-02
75.000000,748.000,85.000000,265.000000,2.5385499682e-01,1.9697765968e-01,9.8793314233e-02,8.8466640264e-01,9.4570442057e-01,6.1038017929e-02,4.4423346672e-02,4.0269235481e-221,6.5702507870e-02
75.000000,748.000,85.000000,270.000000,2.5251237876e-01,1.9944049305e-01,9.6640137140e-02,8.8466640264e-01,9.4570442057e-01,6.1038017929e-02,4.3994962671e-02,2.3278632525e-242,6.5355012748e-02
75.000000,748.000,85.000000,275.000000,2.5494318888e-01,1.9806221747e-01,9.3751470251e-02,8.8466640264e-01,9.4570442057e-01,6.1038017929e-02,4.4198005317e-02,1.3448925094e-263,6.5984152702e-02
75.000000,748.000,85.000000,280.000000,2.6108595942e-01,1.9289706094e-01,9.0206709265e-02,8.8466640264e-01,9.4570442057e-01,6.1038017929e-02,4.5023739312e-02,1.1271050840e-284,6.7574018706e-02
75.000000,748.000,85.000000,285.000000,2.7076634227e-01,1.8411421993e-01,8.6088498744e-02,8.8466640264e-01,9.4570442057e-01,6.1038017929e-02,4.6444528725e-02,1.9826222055e-305,7.0079486153e-02
75.000000,748.000,85.000000,290.000000,2.8370231291e-01,1.7199262518e-01,8.1480411729e-02,8.8466640264e-01,9.4570442057e-01,6.1038017929e-02,4.8414696075e-02,0.0000000000e+00,7.3427561720e-02
75.000000,748.000,85.000000,295.000000,2.9951264733e-01,1.5691237464e-01,7.6464726689e-02,8.8466640264e-01,9.4570442057e-01,6.1038017929e-02,5.0871929305e-02,0.0000000000e+00,7.7519577378e-02
75.000000,748.000,85.000000,300.000000,3.1772841541e-01,1.3934309468e-01,7.1120366934e-02,8.8466640264e-01,9.4570442057e-01,6.1038017929e-02,5.3739193738e-02,0.0000000000e+00,8.2234165077e-02
75.000000,748.000,85.000000,305.000000,3.3780714182e-01,1.1982958384e-01,6.5521061766e-02,8.8466640264e-01,9.4570442057e-01,6.1038017929e-02,5.6927090802e-02,0.0000000000e+00,8.7430921875e-02
75.000000,748.000,85.000000,310.000000,3.5914920520e-01,9.8975175906e-02,5.9733780982e-02,8.8466640264e-01,9.4570442057e-01,6.1038017929e-02,6.0336591697e-02,0.0000000000e+00,9.2954654340e-02
75.000000,748.000,85.000000,315.000000,3.8111597772e-01,7.7423328595e-02,5.3817485155e-02,8.8466640264e-01,9.4570442057e-01,6.1038017929e-02,6.3862062819e-02,0.0000000000e+00,9.8640073426e-02
75.000000,748.000,85.000000,320.000000,4.0304915453e-01,5.5837997788e-02,4.7822223696e-02,8.8466640264e-01,9.4570442057e-01,6.1038017929e-02,6.7394490893e-02,0.0000000000e+00,1.0431679731e-01
75.000000,748.000,85.000000,325.000000,4.2429068651e-01,3.4883394189e-02,4.1788601337e-02,8.8466640264e-01,9.4570442057e-01,6.1038017929e-02,7.0824809698e-02,0.0000000000e+00,1.0981451033e-01
75.000000,748.000,85.000000,330.000000,4.4420271090e-01,1.5203738071e-02,3.5747621715e-02,8.8466640264e-01,9.4570442057e-01,6.1038017929e-02,7.4047227193e-02,0.0000000000e+00,1.1496812147e-01
75.000000,748.000,85.000000,335.000000,4.6218687505e-01,-2.5963723097e-03,2.9720904631e-02,8.8466640264e-01,9.4570442057e-01,6.1038017929e-02,7.6962451856e-02,0.0000000000e+00,1.1962276566e-01
75.000000,748.000,85.000000,340.000000,4.7770246630e-01,-1.7970381671e-02,2.3721261543e-02,8.8466640264e-01,9.4570442057e-01,6.1038017929e-02,7.9480720109e-02,0.0000000000e+00,1.2363849617e-01
75.000000,748.000,85.000000,345.000000,4.9028279766e-01,-3.0446427951e-02,1.7753602437e-02,8.8466640264e-01,9.4570442057e-01,6.1038017929e-02,8.1524532763e-02,0.0000000000e+00,1.2689452552e-01
75.000000,748.000,85.000000,350.000000,4.9954935180e-01,-3.9641715602e-02,1.1816136661e-02,8.8466640264e-01,9.4570442057e-01,6.1038017929e-02,8.3031017273e-02,0.0000000000e+00,1.2929288621e-01
75.000000,748.000,85.000000,355.000000,5.0522325364e-01,-4.5274174931e-02,5.9018209407e-03,8.8466640264e-01,9.4570442057e-01,6.1038017929e-02,8.3953843968e-02,0.0000000000e+00,1.3076140007e-01
