sza_deg,wavelength_nm,vza_deg,raa_deg,rho_I,rho_Q,rho_U,direct_transmittance,irradiance_transmittance,diffuse_dn_hemi,diffuse_dn_dir,sunglint_up_flux_ratio_diag,toa_up_flux_ratio_diag
75.000000,865.000,0.000000,0.000000,1.5751204513e-02,-1.3167157826e-02,-3.2250235372e-18,9.3948813603e-01,9.7476185023e-01,3.5273714199e-02,3.0813936238e-02,5.6403032567e-10,4.0767117112e-03
75.000000,865.000,0.000000,5.000000,1.5751204513e-02,-1.2967119112e-02,2.2864529616e-03,9.3948813603e-01,9.7476185023e-01,3.5273714199e-02,3.0813936238e-02,5.6403032567e-10,4.0767117112e-03
75.000000,865.000,0.000000,10.000000,1.5751204513e-02,-1.2373081046e-02,4.5034332069e-03,9.3948813603e-01,9.7476185023e-01,3.5273714199e-02,3.0813936238e-02,5.6403032567e-10,4.0767117112e-03
75.000000,865.000,0.000000,15.000000,1.5751204513e-02,-1.1403093173e-02,6.5835789132e-03,9.3948813603e-01,9.7476185023e-01,3.5273714199e-02,3.0813936238e-02,5.6403032567e-10,4.0767117112e-03
75.000000,865.000,0.000000,20.000000,1.5751204513e-02,-1.0086628085e-02,8.4636859055e-03,9.3948813603e-01,9.7476185023e-01,3.5273714199e-02,3.0813936238e-02,5.6403032567e-10,4.0767117112e-03
75.000000,865.000,0.000000,25.000000,1.5751204513e-02,-8.4636859055e-03,1.0086628085e-02,9.3948813603e-01,9.7476185023e-01,3.5273714199e-02,3.0813936238e-02,5.6403032567e-10,4.0767117112e-03
75.000000,865.000,0.000000,30.000000,1.5751204513e-02,-6.5835789132e-03,1.1403093173e-02,9.3948813603e-01,9.7476185023e-01,3.5273714199e-02,3.0813936238e-02,5.6403032567e-10,4.0767117112e-03
75.000000,865.000,0.000000,35.000000,1.5751204513e-02,-4.5034332069e-03,1.2373081046e-02,9.3948813603e-01,9.7476185023e-01,3.5273714199e-02,3.0813936238e-02,5.6403032567e-10,4.0767117112e-03
75.000000,865.000,0.000000,40.000000,1.5751204513e-02,-2.2864529616e-03,1.2967119112e-02,9.3948813603e-01,9.7476185023e-01,3.5273714199e-02,3.0813936238e-02,5.6403032567e-10,4.0767117112e-03
75.000000,865.000,0.000000,45.000000,1.5751204513e-02,-4.0290599096e-18,1.3167157826e-02,9.3948813603e-01,9.7476185023e-01,3.5273714199e-02,3.0813936238e-02,5.6403032567e-10,4.0767117112e-03
75.000000,865.000,0.000000,50.000000,1.5751204513e-02,2.2864529616e-03,1.2967119112e-02,9.3948813603e-01,9.7476185023e-01,3.5273714199e-02,3.0813936238e-02,5.6403032567e-10,4.0767117112e-03
75.000000,865.000,0.000000,55.000000,1.5751204513e-02,4.5034332069e-03,1.2373081046e-02,9.3948813603e-01,9.7476185023e-01,3.5273714199e-02,3.0813936238e-02,5.6403032567e-10,4.0767117112e-03
75.000000,865.000,0.000000,60.000000,1.5751204513e-02,6.5835789132e-03,1.1403093173e-02,9.3948813603e-01,9.7476185023e-01,3.5273714199e-02,3.0813936238e-02,5.6403032567e-10,4.0767117112e-03
75.000000,865.000,0.000000,65.000000,1.5751204513e-02,8.4636859055e-03,1.0086628085e-02,9.3948813603e-01,9.7476185023e-01,3.5273714199e-02,3.0813936238e-02,5.6403032567e-10,4.0767117112e-03
75.000000,865.000,0.000000,70.000000,1.5751204513e-02,1.0086628085e-02,8.4636859055e-03,9.3948813603e-01,9.7476185023e-01,3.5273714199e-02,3.0813936238e-02,5.6403032567e-10,4.0767117112e-03
75.000000,865.000,0.000000,75.000000,1.5751204513e-02,1.1403093173e-02,6.5835789132e-03,9.3948813603e-01,9.7476185023e-01,3.5273714199e-02,3.0813936238e-02,5.6403032567e-10,4.0767117112e-03
75.000000,865.000,0.000000,80.000000,1.5751204513e-02,1.2373081046e-02,4.5034332069e-03,9.3948813603e-01,9.7476185023e-01,3.5273714199e-02,3.0813936238e-02,5.6403032567e-10,4.0767117112e-03
75.000000,865.000,0.000000,85.000000,1.5751204513e-02,1.2967119112e-02,2.2864529616e-03,9.3948813603e-01,9.7476185023e-01,3.5273714199e-02,3.0813936238e-02,5.6403032567e-10,4.0767117112e-03
75.000000,865.000,0.000000,90.000000,1.5751204513e-02,1.3167157826e-02,4.8364146194e-18,9.3948813603e-01,9.7476185023e-01,3.5273714199e-02,3.0813936238e-02,5.6403032567e-10,4.0767117112e-03
75.000000,865.000,0.000000,95.000000,1.5751204513e-02,1.2967119112e-02,-2.2864529616e-03,9.3948813603e-01,9.7476185023e-01,3.5273714199e-02,3.0813936238e-02,5.6403032567e-10,4.0767117112e-03
75.000000,865.000,0.000000,100.000000,1.5751204513e-02,1.2373081046e-02,-4.5034332069e-03,9.3948813603e-01,9.7476185023e-01,3.5273714199e-02,3.0813936238e-02,5.6403032567e-10,4.0767117112e-03
75.000000,865.000,0.000000,105.000000,1.5751204513e-02,1.1403093173e-02,-6.5835789132e-03,9.3948813603e-01,9.7476185023e-01,3.5273714199e-02,3.0813936238e-02,5.6403032567e-10,4.0767117112e-03
75.000000,865.000,0.000000,110.000000,1.5751204513e-02,1.0086628085e-02,-8.4636859055e-03,9.3948813603e-01,9.7476185023e-01,3.5273714199e-02,3.0813936238e-02,5.6403032567e-10,4.0767117112e-03
75.000000,865.000,0.000000,115.000000,1.5751204513e-02,8.4636859055e-03,-1.0086628085e-02,9.3948813603e-01,9.7476185023e-01,3.5273714199e-02,3.0813936238e-02,5.6403032567e-10,4.0767117112e-03
75.000000,865.000,0.000000,120.000000,1.5751204513e-02,6.5835789132e-03,-1.1403093173e-02,9.3948813603e-01,9.7476185023e-01,3.5273714199e-02,3.0813936238e-02,5.6403032567e-10,4.0767117112e-03
75.000000,865.000,0.000000,125.000000,1.5751204513e-02,4.5034332069e-03,-1.2373081046e-02,9.3948813603e-01,9.7476185023e-01,3.5273714199e-02,3.0813936238e-02,5.6403032567e-10,4.0767117112e-03
75.000000,865.000,0.000000,130.000000,1.5751204513e-02,2.2864529616e-03,-1.2967119112e-02,9.3948813603e-01,9.7476185023e-01,3.5273714199e-02,3.0813936238e-02,5.6403032567e-10,4.0767117112e-03
75.000000,865.000,0.000000,135.000000,1.5751204513e-02,5.6430216807e-18,-1.3167157826e-02,9.3948813603e-01,9.7476185023e-01,3.5273714199e-02,3.0813936238e-02,5.6403032567e-10,4.0767117112e-03
75.000000,865.000,0.000000,140.000000,1.5751204513e-02,-2.2864529616e-03,-1.2967119112e-02,9.3948813603e-01,9.7476185023e-01,3.5273714199e-02,3.0813936238e-02,5.6403032567e-10,4.0767117112e-03
75.000000,865.000,0.000000,145.000000,1.5751204513e-02,-4.5034332069e-03,-1.2373081046e-02,9.3948813603e-01,9.7476185023e-01,3.5273714199e-02,3.0813936238e-02,5.6403032567e-10,4.0767117112e-03
75.000000,865.000,0.000000,150.000000,1.5751204513e-02,-6.5835789132e-03,-1.1403093173e-02,9.3948813603e-01,9.7476185023e-01,3.5273714199e-02,3.0813936238e-02,5.6403032567e-10,4.0767117112e-03
75.000000,865.000,0.000000,155.000000,1.5751204513e-02,-8.4636859055e-03,-1.0086628085e-02,9.3948813603e-01,9.7476185023e-01,3.5273714199e-02,3.0813936238e-02,5.6403032567e-10,4.0767117112e-03
75.000000,865.000,0.000000,160.000000,1.5751204513e-02,-1.0086628085e-02,-8.4636859055e-03,9.3948813603e-01,9.7476185023e-01,3.5273714199e-02,3.0813936238e-02,5.6403032567e-10,4.0767117112e-03
75.000000,865.000,0.000000,165.000000,1.5751204513e-02,-1.1403093173e-02,-6.5835789132e-03,9.3948813603e-01,9.7476185023e-01,3.5273714199e-02,3.0813936238e-02,5.6403032567e-10,4.0767117112e-03
75.000000,865.000,0.000000,170.000000,1.5751204513e-02,-1.2373081046e-02,-4.5034332069e-03,9.3948813603e-01,9.7476185023e-01,3.5273714199e-02,3.0813936238e-02,5.6403032567e-10,4.0767117112e-03
75.000000,865.000,0.000000,175.000000,1.5751204513e-02,-1.2967119112e-02,-2.2864529616e-03,9.3948813603e-01,9.7476185023e-01,3.5273714199e-02,3.0813936238e-02,5.6403032567e-10,4.0767117112e-03
75.000000,865.000,0.000000,180.000000,1.5751204513e-02,-1.3167157826e-02,-6.4500470743e-18,9.3948813603e-01,9.7476185023e-01,3.5273714199e-02,3.0813936238e-02,5.6403032567e-10,4.0767117112e-03
75.000000,865.000,0.000000,185.000000,1.5751204513e-02,-1.2967119112e-02,2.2864529616e-03,9.3948813603e-01,9.7476185023e-01,3.5273714199e-02,3.0813936238e-02,5.6403032567e-10,4.0767117112e-03
75.000000,865.000,0.000000,190.000000,1.5751204513e-02,-1.2373081046e-02,4.5034332069e-03,9.3948813603e-01,9.7476185023e-01,3.5273714199e-02,3.0813936238e-02,5.6403032567e-10,4.0767117112e-03
75.000000,865.000,0.000000,195.000000,1.5751204513e-02,-1.1403093173e-02,6.5835789132e-03,9.3948813603e-01,9.7476185023e-01,3.5273714199e-02,3.0813936238e-02,5.6403032567e-10,4.0767117112e-03
75.000000,865.000,0.000000,200.000000,1.5751204513e-02,-1.0086628085e-02,8.4636859055e-03,9.3948813603e-01,9.7476185023e-01,3.5273714199e-02,3.0813936238e-02,5.6403032567e-10,4.0767117112e-03
75.000000,865.000,0.000000,205.000000,1.5751204513e-02,-8.4636859055e-03,1.0086628085e-02,9.3948813603e-01,9.7476185023e-01,3.5273714199e-02,3.0813936238e-02,5.6403032567e-10,4.0767117112e-03
75.000000,865.000,0.000000,210.000000,1.5751204513e-02,-6.5835789132e-03,1.1403093173e-02,9.3948813603e-01,9.7476185023e-01,3.5273714199e-02,3.0813936238e-02,5.6403032567e-10,4.0767117112e-03
75.000000,865.000,0.000000,215.000000,1.5751204513e-02,-4.5034332069e-03,1.2373081046e-02,9.3948813603e-01,9.7476185023e-01,3.5273714199e-02,3.0813936238e-02,5.6403032567e-10,4.0767117112e-03
75.000000,865.000,0.000000,220.000000,1.5751204513e-02,-2.2864529616e-03,1.2967119112e-02,9.3948813603e-01,9.7476185023e-01,3.5273714199e-02,3.0813936238e-02,5.6403032567e-10,4.0767117112e-03
75.000000,865.000,0.000000,225.000000,1.5751204513e-02,-7.2570724680e-18,1.3167157826e-02,9.3948813603e-01,9.7476185023e-01,3.5273714199e-02,3.0813936238e-02,5.6403032567e-10,4.0767117112e-03
75.000000,865.000,0.000000,230.000000,1.5751204513e-02,2.2864529616e-03,1.2967119112e-02,9.3948813603e-01,9.7476185023e-01,3.5273714199e-02,3.0813936238e-02,5.6403032567e-10,4.0767117112e-03
75.000000,865.000,0.000000,235.000000,1.5751204513e-02,4.5034332069e-03,1.2373081046e-02,9.3948813603e-01,9.7476185023e-01,3.5273714199e-02,3.0813936238e-02,5.6403032567e-10,4.0767117112e-03
75.000000,865.000,0.000000,240.000000,1.5751204513e-02,6.5835789132e-03,1.1403093173e-02,9.3948813603e-01,9.7476185023e-01,3.5273714199e-02,3.0813936238e-02,5.6403032567e-10,4.0767117112e-03
75.000000,865.000,0.000000,245.000000,1.5751204513e-02,8.4636859055e-03,1.0086628085e-02,9.3948813603e-01,9.7476185023e-01,3.5273714199e-02,3.0813936238e-02,5.6403032567e-10,4.0767117112e-03
75.000000,865.000,0.000000,250.000000,1.5751204513e-02,1.0086628085e-02,8.4636859055e-03,9.3948813603e-01,9.7476185023e-01,3.5273714199e-02,3.0813936238e-02,5.6403032567e-10,4.0767117112e-03
75.000000,865.000,0.000000,255.000000,1.5751204513e-02,1.1403093173e-02,6.5835789132e-03,9.3948813603e-01,9.7476185023e-01,3.5273714199e-02,3.0813936238e-02,5.6403032567e-10,4.0767117112e-03
75.000000,865.000,0.000000,260.000000,1.5751204513e-02,1.2373081046e-02,4.5034332069e-03,9.3948813603e-01,9.7476185023e-01,3.5273714199e-02,3.0813936238e-02,5.6403032567e-10,4.0767117112e-03
75.000000,865.000,0.000000,265.000000,1.5751204513e-02,1.2967119112e-02,2.2864529616e-03,9.3948813603e-01,9.7476185023e-01,3.5273714199e-02,3.0813936238e-02,5.6403032567e-10,4.0767117112e-03
75.000000,865.000,0.000000,270.000000,1.5751204513e-02,1.3167157826e-02,8.0636795293e-18,9.3948813603e-01,9.7476185023e-01,3.5273714199e-02,3.0813936238e-02,5.6403032567e-10,4.0767117112e-03
75.000000,865.000,0.000000,275.000000,1.5751204513e-02,1.2967119112e-02,-2.2864529616e-03,9.3948813603e-01,9.7476185023e-01,3.5273714199e-02,3.0813936238e-02,5.6403032567e-10,4.0767117112e-03
75.000000,865.000,0.000000,280.000000,1.5751204513e-02,1.2373081046e-02,-4.5034332069e-03,9.3948813603e-01,9.7476185023e-01,3.5273714199e-02,3.0813936238e-02,5.6403032567e-10,4.0767117112e-03
75.000000,865.000,0.000000,285.000000,1.5751204513e-02,1.1403093173e-02,-6.5835789132e-03,9.3948813603e-01,9.7476185023e-01,3.5273714199e-02,3.0813936238e-02,5.6403032567e-10,4.0767117112e-03
75.000000,865.000,0.000000,290.000000,1.5751204513e-02,1.0086628085e-02,-8.4636859055e-03,9.3948813603e-01,9.7476185023e-01,3.5273714199e-02,3.0813936238e-02,5.6403032567e-10,4.0767117112e-03
75.000000,865.000,0.000000,295.000000,1.5751204513e-02,8.4636859055e-03,-1.0086628085e-02,9.3948813603e-01,9.7476185023e-01,3.5273714199e-02,3.0813936238e-02,5.6403032567e-10,4.0767117112e-03
75.000000,865.000,0.000000,300.000000,1.5751204513e-02,6.5835789132e-03,-1.1403093173e-02,9.3948813603e-01,9.7476185023e-01,3.5273714199e-02,3.0813936238e-02,5.6403032567e-10,4.0767117112e-03
75.000000,865.000,0.000000,305.000000,1.5751204513e-02,4.5034332069e-03,-1.2373081046e-02,9.3948813603e-01,9.7476185023e-01,3.5273714199e-02,3.0813936238e-02,5.6403032567e-10,4.0767117112e-03
75.000000,865.000,0.000000,310.000000,1.5751204513e-02,2.2864529616e-03,-1.2967119112e-02,9.3948813603e-01,9.7476185023e-01,3.5273714199e-02,3.0813936238e-02,5.6403032567e-10,4.0767117112e-03
75.000000,865.000,0.000000,315.000000,1.5751204513e-02,3.2260605099e-17,-1.3167157826e-02,9.3948813603e-01,9.7476185023e-01,3.5273714199e-02,3.0813936238e-02,5.6403032567e-10,4.0767117112e-03
75.000000,865.000,0.000000,320.000000,1.5751204513e-02,-2.2864529616e-03,-1.2967119112e-02,9.3948813603e-01,9.7476185023e-01,3.5273714199e-02,3.0813936238e-02,5.6403032567e-10,4.0767117112e-03
75.000000,865.000,0.000000,325.000000,1.5751204513e-02,-4.5034332069e-03,-1.2373081046e-02,9.3948813603e-01,9.7476185023e-01,3.5273714199e-02,3.0813936238e-02,5.6403032567e-10,4.0767117112e-03
75.000000,865.000,0.000000,330.000000,1.5751204513e-02,-6.5835789132e-03,-1.1403093173e-02,9.3948813603e-01,9.7476185023e-01,3.5273714199e-02,3.0813936238e-02,5.6403032567e-10,4.0767117112e-03
75.000000,865.000,0.000000,335.000000,1.5751204513e-02,-8.4636859055e-03,-1.0086628085e-02,9.3948813603e-01,9.7476185023e-01,3.5273714199e-02,3.0813936238e-02,5.6403032567e-10,4.0767117112e-03
75.000000,865.000,0.000000,340.000000,1.5751204513e-02,-1.0086628085e-02,-8.4636859055e-03,9.3948813603e-01,9.7476185023e-01,3.5273714199e-02,3.0813936238e-02,5.6403032567e-10,4.0767117112e-03
75.000000,865.000,0.000000,345.000000,1.5751204513e-02,-1.1403093173e-02,-6.5835789132e-03,9.3948813603e-01,9.7476185023e-01,3.5273714199e-02,3.0813936238e-02,5.6403032567e-10,4.0767117112e-03
75.000000,865.000,0.000000,350.000000,1.5751204513e-02,-1.2373081046e-02,-4.5034332069e-03,9.3948813603e-01,9.7476185023e-01,3.5273714199e-02,3.0813936238e-02,5.6403032567e-10,4.0767117112e-03
75.000000,865.000,0.000000,355.000000,1.5751204513e-02,-1.2967119112e-02,-2.2864529616e-03,9.3948813603e-01,9.7476185023e-01,3.5273714199e-02,3.0813936238e-02,5.6403032567e-10,4.0767117112e-03
75.000000,865.000,5.000000,0.000000,1.6331464419e-02,-1.2705200624e-02,-3.1715974275e-18,9.3948813603e-01,9.7476185023e-01,3.5273714199e-02,3.0172616358e-02,1.1148521516e-11,4.2268940260e-03
75.000000,865.000,5.000000,5.000000,1.6328996454e-02,-1.2506814812e-02,2.2484308042e-03,9.3948813603e-01,9.7476185023e-01,3.5273714199e-02,3.0174176308e-02,1.1304234094e-11,4.2262552696e-03
75.000000,865.000,5.000000,10.000000,1.6321629859e-02,-1.1917722844e-02,4.4276792831e-03,9.3948813603e-01,9.7476185023e-01,3.5273714199e-02,3.0178878224e-02,1.1783298628e-11,4.2243486546e-03
75.000000,865.000,5.000000,15.000000,1.6309475692e-02,-1.0955936549e-02,6.4706717636e-03,9.3948813603e-01,9.7476185023e-01,3.5273714199e-02,3.0186787103e-02,1.2622845922e-11,4.2212029248e-03
75.000000,865.000,5.000000,20.000000,1.6292716251e-02,-9.6508659766e-03,8.3144877570e-03,9.3948813603e-01,9.7476185023e-01,3.5273714199e-02,3.0198007321e-02,1.3889441877e-11,4.2168652623e-03
75.000000,865.000,5.000000,25.000000,1.6271600957e-02,-8.0424243656e-03,9.9022781982e-03,9.3948813603e-01,9.7476185023e-01,3.5273714199e-02,3.0212676833e-02,1.5686761865e-11,4.2114002221e-03
75.000000,865.000,5.000000,30.000000,1.6246440755e-02,-6.1798134297e-03,1.1184999060e-02,9.3948813603e-01,9.7476185023e-01,3.5273714199e-02,3.0230959340e-02,1.8167723577e-11,4.2048882824e-03
75.000000,865.000,5.000000,35.000000,1.6217601179e-02,-4.1200258749e-03,1.2122907618e-02,9.3948813603e-01,9.7476185023e-01,3.5273714199e-02,3.0253034674e-02,2.1552667144e-11,4.1974240511e-03
75.000000,865.000,5.000000,40.000000,1.6185494287e-02,-1.9261106748e-03,1.2686775856e-02,9.3948813603e-01,9.7476185023e-01,3.5273714199e-02,3.0279087742e-02,2.6155921089e-11,4.1891141760e-03
75.000000,865.000,5.000000,45.000000,1.6150569669e-02,3.3474616725e-04,1.2858784104e-02,9.3948813603e-01,9.7476185023e-01,3.5273714199e-02,3.0309296391e-02,3.2424074465e-11,4.1800750197e-03
75.000000,865.000,5.000000,50.000000,1.6113304792e-02,2.5932670264e-03,1.2633067704e-02,9.3948813603e-01,9.7476185023e-01,3.5273714199e-02,3.0343818629e-02,4.0990534880e-11,4.1704301597e-03
75.000000,865.000,5.000000,55.000000,1.6074194932e-02,4.7801920559e-03,1.2015900066e-02,9.3948813603e-01,9.7476185023e-01,3.5273714199e-02,3.0382779635e-02,5.2752499661e-11,4.1603077830e-03
75.000000,865.000,5.000000,60.000000,1.6033742976e-02,6.8283884519e-03,1.1025506501e-02,9.3948813603e-01,9.7476185023e-01,3.5273714199e-02,3.0426259019e-02,6.8978234582e-11,4.1498380465e-03
75.000000,865.000,5.000000,65.000000,1.5992449359e-02,8.6748954566e-03,9.6915144660e-03,9.3948813603e-01,9.7476185023e-01,3.5273714199e-02,3.0474278790e-02,9.1454319296e-11,4.1391504719e-03
75.000000,865.000,5.000000,70.000000,1.5950802400e-02,1.0262842924e-02,8.0540568909e-03,9.3948813603e-01,9.7476185023e-01,3.5273714199e-02,3.0526792461e-02,1.2268379497e-10,4.1283714459e-03
75.000000,865.000,5.000000,75.000000,1.5909269304e-02,1.1543185115e-02,6.1625557998e-03,9.3948813603e-01,9.7476185023e-01,3.5273714199e-02,3.0583675717e-02,1.6614604405e-10,4.1176218895e-03
75.000000,865.000,5.000000,80.000000,1.5868288033e-02,1.2476196986e-02,4.0742231700e-03,9.3948813603e-01,9.7476185023e-01,3.5273714199e-02,3.0644718990e-02,2.2662628762e-10,4.1070151561e-03
75.000000,865.000,5.000000,85.000000,1.5828260277e-02,1.3032687480e-02,1.8523245564e-03,9.3948813603e-01,9.7476185023e-01,3.5273714199e-02,3.0709622269e-02,3.1061468290e-10,4.0966552106e-03
75.000000,865.000,5.000000,90.000000,1.5789545665e-02,1.3194892886e-02,-4.3574177479e-04,9.3948813603e-01,9.7476185023e-01,3.5273714199e-02,3.0777992384e-02,4.2675943559e-10,4.0866351315e-03
75.000000,865.000,5.000000,95.000000,1.5752457356e-02,1.2957023087e-02,-2.7204918480e-03,9.3948813603e-01,9.7476185023e-01,3.5273714199e-02,3.0849342936e-02,5.8633227181e-10,4.0770359709e-03
75.000000,865.000,5.000000,100.000000,1.5717259097e-02,1.2325444052e-02,-4.9324669263e-03,9.3948813603e-01,9.7476185023e-01,3.5273714199e-02,3.0923096965e-02,8.0362613764e-10,4.0679259910e-03
75.000000,865.000,5.000000,105.000000,1.5684163773e-02,1.1318490960e-02,-7.0043442675e-03,9.3948813603e-01,9.7476185023e-01,3.5273714199e-02,3.0998592377e-02,1.0961550043e-09,4.0593602911e-03
75.000000,865.000,5.000000,110.000000,1.5653333465e-02,9.9659176067e-03,-8.8729835516e-03,9.3948813603e-01,9.7476185023e-01,3.5273714199e-02,3.1075090038e-02,1.4844704324e-09,4.0513808201e-03
75.000000,865.000,5.000000,115.000000,1.5624880937e-02,8.3079987574e-03,-1.0481346793e-02,9.3948813603e-01,9.7476185023e-01,3.5273714199e-02,3.1151784409e-02,1.9913634515e-09,4.0440167639e-03
75.000000,865.000,5.000000,120.000000,1.5598872485e-02,6.3943126768e-03,-1.1780233394e-02,9.3948813603e-01,9.7476185023e-01,3.5273714199e-02,3.1227816454e-02,2.6402071838e-09,4.0372852812e-03
75.000000,865.000,5.000000,125.000000,1.5575331999e-02,4.2822407835e-03,-1.2729777597e-02,9.3948813603e-01,9.7476185023e-01,3.5273714199e-02,3.1302288548e-02,3.4522467268e-09,4.0311925550e-03
75.000000,865.000,5.000000,130.000000,1.5554246065e-02,2.0352299665e-03,-1.3300662835e-02,9.3948813603e-01,9.7476185023e-01,3.5273714199e-02,3.1374281004e-02,4.4427888634e-09,4.0257351138e-03
75.000000,865.000,5.000000,135.000000,1.5535569923e-02,-2.7912968112e-04,-1.3475016031e-02,9.3948813603e-01,9.7476185023e-01,3.5273714199e-02,3.1442869786e-02,5.6165008401e-09,4.0209013726e-03
75.000000,865.000,5.000000,140.000000,1.5519234041e-02,-2.5911533458e-03,-1.3246954683e-02,9.3948813603e-01,9.7476185023e-01,3.5273714199e-02,3.1507144979e-02,6.9623763489e-09,4.0166733352e-03
75.000000,865.000,5.000000,145.000000,1.5505151076e-02,-4.8311739922e-03,-1.2622770046e-02,9.3948813603e-01,9.7476185023e-01,3.5273714199e-02,3.1566229496e-02,8.4492996450e-09,4.0130283956e-03
75.000000,865.000,5.000000,150.000000,1.5493222969e-02,-6.9316547267e-03,-1.1620740835e-02,9.3948813603e-01,9.7476185023e-01,3.5273714199e-02,3.1619297541e-02,1.0023415809e-08,4.0099411745e-03
75.000000,865.000,5.000000,155.000000,1.5483347932e-02,-8.8292368761e-03,-1.0270583061e-02,9.3948813603e-01,9.7476185023e-01,3.5273714199e-02,3.1665592322e-02,1.1608549756e-08,4.0073853269e-03
75.000000,865.000,5.000000,160.000000,1.5475427068e-02,-1.0466661582e-02,-8.6125526855e-03,9.3948813603e-01,9.7476185023e-01,3.5273714199e-02,3.1704442533e-02,1.3110587004e-08,4.0053352564e-03
75.000000,865.000,5.000000,165.000000,1.5469370415e-02,-1.1794506553e-02,-6.6962283037e-03,9.3948813603e-01,9.7476185023e-01,3.5273714199e-02,3.1735277157e-02,1.4426006006e-08,4.0037676793e-03
75.000000,865.000,5.000000,170.000000,1.5465102197e-02,-1.2772685222e-02,-4.5790108133e-03,9.3948813603e-01,9.7476185023e-01,3.5273714199e-02,3.1757638175e-02,1.5453750032e-08,4.0026629829e-03
75.000000,865.000,5.000000,175.000000,1.5462565098e-02,-1.3371662783e-02,-2.3243856002e-03,9.3948813603e-01,9.7476185023e-01,3.5273714199e-02,3.1771190841e-02,1.6108608019e-08,4.0020063336e-03
75.000000,865.000,5.000000,180.000000,1.5461723437e-02,-1.3573352175e-02,-6.5566467628e-18,9.3948813603e-01,9.7476185023e-01,3.5273714199e-02,3.1775731227e-02,1.6333578208e-08,4.0017884955e-03
75.000000,865.000,5.000000,185.000000,1.5462565098e-02,-1.3371662783e-02,2.3243856002e-03,9.3948813603e-01,9.7476185023e-01,3.5273714199e-02,3.1771190841e-02,1.6108608019e-08,4.0020063336e-03
75.000000,865.000,5.000000,190.000000,1.5465102197e-02,-1.2772685222e-02,4.5790108133e-03,9.3948813603e-01,9.7476185023e-01,3.5273714199e-02,3.1757638175e-02,1.5453750032e-08,4.0026629829e-03
75.000000,865.000,5.000000,195.000000,1.5469370415e-02,-1.1794506553e-02,6.6962283037e-03,9.3948813603e-01,9.7476185023e-01,3.5273714199e-02,3.1735277157e-02,1.4426006006e-08,4.0037676793e-03
75.000000,865.000,5.000000,200.000000,1.5475427068e-02,-1.0466661582e-02,8.6125526855e-03,9.3948813603e-01,9.7476185023e-01,3.5273714199e-02,3.1704442533e-02,1.3110587004e-08,4.0053352564e-03
75.000000,865.000,5.000000,205.000000,1.5483347932e-02,-8.8292368761e-03,1.0270583061e-02,9.3948813603e-01,9.7476185023e-01,3.5273714199e-02,3.1665592322e-02,1.1608549756e-08,4.0073853269e-03
75.000000,865.000,5.000000,210.000000,1.5493222969e-02,-6.9316547267e-03,1.1620740835e-02,9.3948813603e-01,9.7476185023e-01,3.5273714199e-02,3.1619297541e-02,1.0023415809e-08,4.0099411745e-03
75.000000,865.000,5.000000,215.000000,1.5505151076e-02,-4.8311739922e-03,1.2622770046e-02,9.3948813603e-01,9.7476185023e-01,3.5273714199e-02,3.1566229496e-02,8.4492996450e-09,4.0130283956e-03
75.000000,865.000,5.000000,220.000000,1.5519234041e-02,-2.5911533458e-03,1.3246954683e-02,9.3948813603e-01,9.7476185023e-01,3.5273714199e-02,3.1507144979e-02,6.9623763489e-09,4.0166733352e-03
75.000000,865.000,5.000000,225.000000,1.5535569923e-02,-2.7912968112e-04,1.3475016031e-02,9.3948813603e-01,9.7476185023e-01,3.5273714199e-02,3.1442869786e-02,5.6165008401e-09,4.0209013726e-03
75.000000,865.000,5.000000,230.000000,1.5554246065e-02,2.0352299665e-03,1.3300662835e-02,9.3948813603e-01,9.7476185023e-01,3.5273714199e-02,3.1374281004e-02,4.4427888634e-09,4.0257351138e-03
75.000000,865.000,5.000000,235.000000,1.5575331999e-02,4.2822407835e-03,1.2729777597e-02,9.3948813603e-01,9.7476185023e-01,3.5273714199e-02,3.1302288548e-02,3.4522467268e-09,4.0311925550e-03
75.000000,865.000,5.000000,240.000000,1.5598872485e-02,6.3943126768e-03,1.1780233394e-02,9.3948813603e-01,9.7476185023e-01,3.5273714199e-02,3.1227816454e-02,2.6402071838e-09,4.0372852812e-03
75.000000,865.000,5.000000,245.000000,1.5624880937e-02,8.3079987574e-03,1.0481346793e-02,9.3948813603e-01,9.7476185023e-01,3.5273714199e-02,3.1151784409e-02,1.9913634515e-09,4.0440167639e-03
75.000000,865.000,5.000000,250.000000,1.5653333465e-02,9.9659176067e-03,8.8729835516e-03,9.3948813603e-01,9.7476185023e-01,3.5273714199e-02,3.1075090038e-02,1.4844704324e-09,4.0513808201e-03
75.000000,865.000,5.000000,255.000000,1.5684163773e-02,1.1318490960e-02,7.0043442675e-03,9.3948813603e-01,9.7476185023e-01,3.5273714199e-02,3.0998592377e-02,1.0961550043e-09,4.0593602911e-03
75.000000,865.000,5.000000,260.000000,1.5717259097e-02,1.2325444052e-02,4.9324669263e-03,9.3948813603e-01,9.7476185023e-01,3.5273714199e-02,3.0923096965e-02,8.0362613764e-10,4.0679259910e-03
75.000000,865.000,5.000000,265.000000,1.5752457356e-02,1.2957023087e-02,2.7204918480e-03,9.3948813603e-01,9.7476185023e-01,3.5273714199e-02,3.0849342936e-02,5.8633227181e-10,4.0770359709e-03
75.000000,865.000,5.000000,270.000000,1.5789545665e-02,1.3194892886e-02,4.3574177479e-04,9.3948813603e-01,9.7476185023e-01,3.5273714199e-02,3.0777992384e-02,4.2675943559e-10,4.0866351315e-03
75.000000,865.000,5.000000,275.000000,1.5828260277e-02,1.3032687480e-02,-1.8523245564e-03,9.3948813603e-01,9.7476185023e-01,3.5273714199e-02,3.0709622269e-02,3.1061468290e-10,4.0966552106e-03
75.000000,865.000,5.000000,280.000000,1.5868288033e-02,1.2476196986e-02,-4.0742231700e-03,9.3948813603e-01,9.7476185023e-01,3.5273714199e-02,3.0644718990e-02,2.2662628762e-10,4.1070151561e-03
75.000000,865.000,5.000000,285.000000,1.5909269304e-02,1.1543185115e-02,-6.1625557998e-03,9.3948813603e-01,9.7476185023e-01,3.5273714199e-02,3.0583675717e-02,1.6614604405e-10,4.1176218895e-03
75.000000,865.000,5.000000,290.000000,1.5950802400e-02,1.0262842924e-02,-8.0540568909e-03,9.3948813603e-01,9.7476185023e-01,3.5273714199e-02,3.0526792461e-02,1.2268379497e-10,4.1283714459e-03
75.000000,865.000,5.000000,295.000000,1.5992449359e-02,8.6748954566e-03,-9.6915144660e-03,9.3948813603e-01,9.7476185023e-01,3.5273714199e-02,3.0474278790e-02,9.1454319296e-11,4.1391504719e-03
75.000000,865.000,5.000000,300.000000,1.6033742976e-02,6.8283884519e-03,-1.1025506501e-02,9.3948813603e-01,9.7476185023e-01,3.5273714199e-02,3.0426259019e-02,6.8978234582e-11,4.1498380465e-03
75.000000,865.000,5.000000,305.000000,1.6074194932e-02,4.7801920559e-03,-1.2015900066e-02,9.3948813603e-01,9.7476185023e-01,3.5273714199e-02,3.0382779635e-02,5.2752499661e-11,4.1603077830e-03
75.000000,865.000,5.000000,310.000000,1.6113304792e-02,2.5932670264e-03,-1.2633067704e-02,9.3948813603e-01,9.7476185023e-01,3.5273714199e-02,3.0343818629e-02,4.0990534880e-11,4.1704301597e-03
75.000000,865.000,5.000000,315.000000,1.6150569669e-02,3.3474616725e-04,-1.2858784104e-02,9.3948813603e-01,9.7476185023e-01,3.5273714199e-02,3.0309296391e-02,3.2424074465e-11,4.1800750197e-03
75.000000,865.000,5.000000,320.000000,1.6185494287e-02,-1.9261106748e-03,-1.2686775856e-02,9.3948813603e-01,9.7476185023e-01,3.5273714199e-02,3.0279087742e-02,2.6155921089e-11,4.1891141760e-03
75.000000,865.000,5.000000,325.000000,1.6217601179e-02,-4.1200258749e-03,-1.2122907618e-02,9.3948813603e-01,9.7476185023e-01,3.5273714199e-02,3.0253034674e-02,2.1552667144e-11,4.1974240511e-03
75.000000,865.000,5.000000,330.000000,1.6246440755e-02,-6.1798134297e-03,-1.1184999060e-02,9.3948813603e-01,9.7476185023e-01,3.5273714199e-02,3.0230959340e-02,1.8167723577e-11,4.2048882824e-03
75.000000,865.000,5.000000,335.000000,1.6271600957e-02,-8.0424243656e-03,-9.9022781982e-03,9.3948813603e-01,9.7476185023e-01,3.5273714199e-02,3.0212676833e-02,1.5686761865e-11,4.2114002221e-03
75.000000,865.000,5.000000,340.000000,1.6292716251e-02,-9.6508659766e-03,-8.3144877570e-03,9.3948813603e-01,9.7476185023e-01,3.5273714199e-02,3.0198007321e-02,1.3889441877e-11,4.2168652623e-03
75.000000,865.000,5.000000,345.000000,1.6309475692e-02,-1.0955936549e-02,-6.4706717636e-03,9.3948813603e-01,9.7476185023e-01,3.5273714199e-02,3.0186787103e-02,1.2622845922e-11,4.2212029248e-03
75.000000,865.000,5.000000,350.000000,1.6321629859e-02,-1.1917722844e-02,-4.4276792831e-03,9.3948813603e-01,9.7476185023e-01,3.5273714199e-02,3.0178878224e-02,1.1783298628e-11,4.2243486546e-03
75.000000,865.000,5.000000,355.000000,1.6328996454e-02,-1.2506814812e-02,-2.2484308042e-03,9.3948813603e-01,9.7476185023e-01,3.5273714199e-02,3.0174176308e-02,1.1304234094e-11,4.2262552696e-03
75.000000,865.000,10.000000,0.000000,1.7185303165e-02,-1.2209696745e-02,-3.1194773492e-18,9.3948813603e-01,9.7476185023e-01,3.5273714199e-02,2.9758706736e-02,1.1161069765e-13,4.4478837551e-03
75.000000,865.000,10.000000,5.000000,1.7178806630e-02,-1.2012867331e-02,2.2113385557e-03,9.3948813603e-01,9.7476185023e-01,3.5273714199e-02,2.9759227130e-02,1.1479828207e-13,4.4462023281e-03
75.000000,865.000,10.000000,10.000000,1.7159440865e-02,-1.1428433068e-02,4.3537806727e-03,9.3948813603e-01,9.7476185023e-01,3.5273714199e-02,2.9760918966e-02,1.2489094092e-13,4.4411900992e-03
75.000000,865.000,10.000000,15.000000,1.7127574188e-02,-1.0474371387e-02,6.3605362797e-03,9.3948813603e-01,9.7476185023e-01,3.5273714199e-02,2.9764169123e-02,1.4361960646e-13,4.4329423962e-03
75.000000,865.000,10.000000,20.000000,1.7083809876e-02,-9.1800352652e-03,8.1689639406e-03,9.3948813603e-01,9.7476185023e-01,3.5273714199e-02,2.9769605610e-02,1.7439000348e-13,4.4216153589e-03
75.000000,865.000,10.000000,25.000000,1.7028970619e-02,-7.5852585777e-03,9.7224868707e-03,9.3948813603e-01,9.7476185023e-01,3.5273714199e-02,2.9778072959e-02,2.2326076143e-13,4.4074219146e-03
75.000000,865.000,10.000000,30.000000,1.6964077373e-02,-5.7391419122e-03,1.0972324389e-02,9.3948813603e-01,9.7476185023e-01,3.5273714199e-02,2.9790598877e-02,3.0079394175e-13,4.3906263066e-03
75.000000,865.000,10.000000,35.000000,1.6890323257e-02,-3.6985557716e-03,1.1878986101e-02,9.3948813603e-01,9.7476185023e-01,3.5273714199e-02,2.9808353237e-02,4.2550610978e-13,4.3715373369e-03
75.000000,865.000,10.000000,40.000000,1.6809043226e-02,-1.5264066773e-03,1.2413483323e-02,9.3948813603e-01,9.7476185023e-01,3.5273714199e-02,2.9832600739e-02,6.3034092953e-13,4.3505005168e-03
75.000000,865.000,10.000000,45.000000,1.6721680398e-02,7.1028109603e-04,1.2558220848e-02,9.3948813603e-01,9.7476185023e-01,3.5273714199e-02,2.9864648744e-02,9.7494188286e-13,4.3278893532e-03
75.000000,865.000,10.000000,50.000000,1.6629750028e-02,2.9424098171e-03,1.2307541881e-02,9.3948813603e-01,9.7476185023e-01,3.5273714199e-02,2.9905792002e-02,1.5691825302e-12,4.3040960226e-03
75.000000,865.000,10.000000,55.000000,1.6534802129e-02,5.1009164519e-03,1.1667909497e-02,9.3948813603e-01,9.7476185023e-01,3.5273714199e-02,2.9957256039e-02,2.6187027664e-12,4.2795216980e-03
75.000000,865.000,10.000000,60.000000,1.6438383842e-02,7.1188805532e-03,1.0657719042e-02,9.3948813603e-01,9.7476185023e-01,3.5273714199e-02,3.0020141084e-02,4.5136088974e-12,4.2545668091e-03
75.000000,865.000,10.000000,65.000000,1.6342002610e-02,8.9335677668e-03,9.3067471177e-03,9.3948813603e-01,9.7476185023e-01,3.5273714199e-02,3.0095368365e-02,8.0017865910e-12,4.2296215105e-03
75.000000,865.000,10.000000,70.000000,1.6247091192e-02,1.0488346787e-02,7.6552538122e-03,9.3948813603e-01,9.7476185023e-01,3.5273714199e-02,3.0183630560e-02,1.4527227818e-11,4.2050566279e-03
75.000000,865.000,10.000000,75.000000,1.6154975521e-02,1.1734421432e-02,5.7527654202e-03,9.3948813603e-01,9.7476185023e-01,3.5273714199e-02,3.0285348088e-02,2.6886865009e-11,4.1812153379e-03
75.000000,865.000,10.000000,80.000000,1.6066846267e-02,1.2632325127e-02,3.6565745852e-03,9.3948813603e-01,9.7476185023e-01,3.5273714199e-02,3.0400632724e-02,5.0492232674e-11,4.1584058085e-03
75.000000,865.000,10.000000,85.000000,1.5983734901e-02,1.3153132290e-02,1.4300033996e-03,9.3948813603e-01,9.7476185023e-01,3.5273714199e-02,3.0529259828e-02,9.5753188761e-11,4.1368950041e-03
75.000000,865.000,10.000000,90.000000,1.5906494882e-02,1.3279349731e-02,-8.5951779237e-04,9.3948813603e-01,9.7476185023e-01,3.5273714199e-02,3.0670650225e-02,1.8247828969e-10,4.1169038164e-03
75.000000,865.000,10.000000,95.000000,1.5835788453e-02,1.3005460869e-02,-3.1424975349e-03,9.3948813603e-01,9.7476185023e-01,3.5273714199e-02,3.0823862463e-02,3.4775011668e-10,4.0986036459e-03
75.000000,865.000,10.000000,100.000000,1.5772079334e-02,1.2338106154e-02,-5.3494941568e-03,9.3948813603e-01,9.7476185023e-01,3.5273714199e-02,3.0987595888e-02,6.5946287144e-10,4.0821145124e-03
75.000000,865.000,10.000000,105.000000,1.5715631456e-02,1.1295894092e-02,-7.4132262878e-03,9.3948813603e-01,9.7476185023e-01,3.5273714199e-02,3.1160204639e-02,1.2384128989e-09,4.0675047267e-03
75.000000,865.000,10.000000,110.000000,1.5666513670e-02,9.9088485370e-03,-9.2706188660e-03,9.3948813603e-01,9.7476185023e-01,3.5273714199e-02,3.1339722310e-02,2.2919756809e-09,4.0547921081e-03
75.000000,865.000,10.000000,115.000000,1.5624610175e-02,8.2175089385e-03,-1.0864722454e-02,9.3948813603e-01,9.7476185023e-01,3.5273714199e-02,3.1523896758e-02,4.1609210460e-09,4.0439466857e-03
75.000000,865.000,10.000000,120.000000,1.5589636286e-02,6.2717107866e-03,-1.2146447528e-02,9.3948813603e-01,9.7476185023e-01,3.5273714199e-02,3.1710234158e-02,7.3762056389e-09,4.0348947769e-03
75.000000,865.000,10.000000,125.000000,1.5561158931e-02,4.1290832205e-03,-1.3076061010e-02,9.3948813603e-01,9.7476185023e-01,3.5273714199e-02,3.1896051163e-02,1.2713010439e-08,4.0275242952e-03
75.000000,865.000,10.000000,130.000000,1.5538621202e-02,1.8533093585e-03,-1.3624399539e-02,9.3948813603e-01,9.7476185023e-01,3.5273714199e-02,3.2078533775e-02,2.1214679065e-08,4.0216911016e-03
75.000000,865.000,10.000000,135.000000,1.5521370093e-02,-4.8779787756e-04,-1.3773762567e-02,9.3948813603e-01,9.7476185023e-01,3.5273714199e-02,3.2254801290e-02,3.4143244676e-08,4.0172261861e-03
75.000000,865.000,10.000000,140.000000,1.5508686527e-02,-2.8243460615e-03,-1.3518458097e-02,9.3948813603e-01,9.7476185023e-01,3.5273714199e-02,3.2421973553e-02,5.2805677186e-08,4.0139434377e-03
75.000000,865.000,10.000000,145.000000,1.5499816665e-02,-5.0864774639e-03,-1.2864984406e-02,9.3948813603e-01,9.7476185023e-01,3.5273714199e-02,3.2577239629e-02,7.8220901745e-08,4.0116477485e-03
75.000000,865.000,10.000000,150.000000,1.5494003482e-02,-7.2064829906e-03,-1.1831842181e-02,9.3948813603e-01,9.7476185023e-01,3.5273714199e-02,3.2717925949e-02,1.1064527553e-07,4.0101431859e-03
75.000000,865.000,10.000000,155.000000,1.5490517579e-02,-9.1208516906e-03,-1.0448982701e-02,9.3948813603e-01,9.7476185023e-01,3.5273714199e-02,3.2841561986e-02,1.4906124651e-07,4.0092409679e-03
75.000000,865.000,10.000000,160.000000,1.5488686244e-02,-1.0772193622e-02,-8.7569087376e-03,9.3948813603e-01,9.7476185023e-01,3.5273714199e-02,3.2945941589e-02,1.9082426559e-07,4.0087669836e-03
75.000000,865.000,10.000000,165.000000,1.5487919818e-02,-1.2110977700e-02,-6.8054554282e-03,9.3948813603e-01,9.7476185023e-01,3.5273714199e-02,3.3029178219e-02,2.3169852117e-07,4.0085686178e-03
75.000000,865.000,10.000000,170.000000,1.5487734517e-02,-1.3097031776e-02,-4.6522880693e-03,9.3948813603e-01,9.7476185023e-01,3.5273714199e-02,3.3089752490e-02,2.6643571280e-07,4.0085206584e-03
75.000000,865.000,10.000000,175.000000,1.5487770998e-02,-1.3700759391e-02,-2.3611623789e-03,9.3948813603e-01,9.7476185023e-01,3.5273714199e-02,3.3126550648e-02,2.8985417060e-07,4.0085301005e-03
75.000000,865.000,10.000000,180.000000,1.5487808052e-02,-1.3904036279e-02,-6.6599969837e-18,9.3948813603e-01,9.7476185023e-01,3.5273714199e-02,3.3138892882e-02,2.9813040149e-07,4.0085396907e-03
75.000000,865.000,10.000000,185.000000,1.5487770998e-02,-1.3700759391e-02,2.3611623789e-03,9.3948813603e-01,9.7476185023e-01,3.5273714199e-02,3.3126550648e-02,2.8985417060e-07,4.0085301005e-03
75.000000,865.000,10.000000,190.000000,1.5487734517e-02,-1.3097031776e-02,4.6522880693e-03,9.3948813603e-01,9.7476185023e-01,3.5273714199e-02,3.3089752490e-02,2.6643571280e-07,4.0085206584e-03
75.000000,865.000,10.000000,195.000000,1.5487919818e-02,-1.2110977700e-02,6.8054554282e-03,9.3948813603e-01,9.7476185023e-01,3.5273714199e-02,3.3029178219e-02,2.3169852117e-07,4.0085686178e-03
75.000000,865.000,10.000000,200.000000,1.5488686244e-02,-1.0772193622e-02,8.7569087376e-03,9.3948813603e-01,9.7476185023e-01,3.5273714199e-02,3.2945941589e-02,1.9082426559e-07,4.0087669836e-03
75.000000,865.000,10.000000,205.000000,1.5490517579e-02,-9.1208516906e-03,1.0448982701e-02,9.3948813603e-01,9.7476185023e-01,3.5273714199e-02,3.2841561986e-02,1.4906124651e-07,4.0092409679e-03
75.000000,865.000,10.000000,210.000000,1.5494003482e-02,-7.2064829906e-03,1.1831842181e-02,9.3948813603e-01,9.7476185023e-01,3.5273714199e-02,3.2717925949e-02,1.1064527553e-07,4.0101431859e-03
75.000000,865.000,10.000000,215.000000,1.5499816665e-02,-5.0864774639e-03,1.2864984406e-02,9.3948813603e-01,9.7476185023e-01,3.5273714199e-02,3.2577239629e-02,7.8220901745e-08,4.0116477485e-03
75.000000,865.000,10.000000,220.000000,1.5508686527e-02,-2.8243460615e-03,1.3518458097e-02,9.3948813603e-01,9.7476185023e-01,3.5273714199e-02,3.2421973553e-02,5.2805677186e-08,4.0139434377e-03
75.000000,865.000,10.000000,225.000000,1.5521370093e-02,-4.8779787756e-04,1.3773762567e-02,9.3948813603e-01,9.7476185023e-01,3.5273714199e-02,3.2254801290e-02,3.4143244676e-08,4.0172261861e-03
75.000000,865.000,10.000000,230.000000,1.5538621202e-02,1.8533093585e-03,1.3624399539e-02,9.3948813603e-01,9.7476185023e-01,3.5273714199e-02,3.2078533775e-02,2.1214679065e-08,4.0216911016e-03
75.000000,865.000,10.000000,235.000000,1.5561158931e-02,4.1290832205e-03,1.3076061010e-02,9.3948813603e-01,9.7476185023e-01,3.5273714199e-02,3.1896051163e-02,1.2713010439e-08,4.0275242952e-03
75.000000,865.000,10.000000,240.000000,1.5589636286e-02,6.2717107866e-03,1.2146447528e-02,9.3948813603e-01,9.7476185023e-01,3.5273714199e-02,3.1710234158e-02,7.3762056389e-09,4.0348947769e-03
75.000000,865.000,10.000000,245.000000,1.5624610175e-02,8.2175089385e-03,1.0864722454e-02,9.3948813603e-01,9.7476185023e-01,3.5273714199e-02,3.1523896758e-02,4.1609210460e-09,4.0439466857e-03
75.000000,865.000,10.000000,250.000000,1.5666513670e-02,9.9088485370e-03,9.2706188660e-03,9.3948813603e-01,9.7476185023e-01,3.5273714199e-02,3.1339722310e-02,2.2919756809e-09,4.0547921081e-03
75.000000,865.000,10.000000,255.000000,1.5715631456e-02,1.1295894092e-02,7.4132262878e-03,9.3948813603e-01,9.7476185023e-01,3.5273714199e-02,3.1160204639e-02,1.2384128989e-09,4.0675047267e-03
75.000000,865.000,10.000000,260.000000,1.5772079334e-02,1.2338106154e-02,5.3494941568e-03,9.3948813603e-01,9.7476185023e-01,3.5273714199e-02,3.0987595888e-02,6.5946287144e-10,4.0821145124e-03
75.000000,865.000,10.000000,265.000000,1.5835788453e-02,1.3005460869e-02,3.1424975349e-03,9.3948813603e-01,9.7476185023e-01,3.5273714199e-02,3.0823862463e-02,3.4775011668e-10,4.0986036459e-03
75.000000,865.000,10.000000,270.000000,1.5906494882e-02,1.3279349731e-02,8.5951779237e-04,9.3948813603e-01,9.7476185023e-01,3.5273714199e-02,3.0670650225e-02,1.8247828969e-10,4.1169038164e-03
75.000000,865.000,10.000000,275.000000,1.5983734901e-02,1.3153132290e-02,-1.4300033996e-03,9.3948813603e-01,9.7476185023e-01,3.5273714199e-02,3.0529259828e-02,9.5753188761e-11,4.1368950041e-03
75.000000,865.000,10.000000,280.000000,1.6066846267e-02,1.2632325127e-02,-3.6565745852e-03,9.3948813603e-01,9.7476185023e-01,3.5273714199e-02,3.0400632724e-02,5.0492232674e-11,4.1584058085e-03
75.000000,865.000,10.000000,285.000000,1.6154975521e-02,1.1734421432e-02,-5.7527654202e-03,9.3948813603e-01,9.7476185023e-01,3.5273714199e-02,3.0285348088e-02,2.6886865009e-11,4.1812153379e-03
75.000000,865.000,10.000000,290.000000,1.6247091192e-02,1.0488346787e-02,-7.6552538122e-03,9.3948813603e-01,9.7476185023e-01,3.5273714199e-02,3.0183630560e-02,1.4527227818e-11,4.2050566279e-03
75.000000,865.000,10.000000,295.000000,1.6342002610e-02,8.9335677668e-03,-9.3067471177e-03,9.3948813603e-01,9.7476185023e-01,3.5273714199e-02,3.0095368365e-02,8.0017865910e-12,4.2296215105e-03
75.000000,865.000,10.000000,300.000000,1.6438383842e-02,7.1188805532e-03,-1.0657719042e-02,9.3948813603e-01,9.7476185023e-01,3.5273714199e-02,3.0020141084e-02,4.5136088974e-12,4.2545668091e-03
75.000000,865.000,10.000000,305.000000,1.6534802129e-02,5.1009164519e-03,-1.1667909497e-02,9.3948813603e-01,9.7476185023e-01,3.5273714199e-02,2.9957256039e-02,2.6187027664e-12,4.2795216980e-03
75.000000,865.000,10.000000,310.000000,1.6629750028e-02,2.9424098171e-03,-1.2307541881e-02,9.3948813603e-01,9.7476185023e-01,3.5273714199e-02,2.9905792002e-02,1.5691825302e-12,4.3040960226e-03
75.000000,865.000,10.000000,315.000000,1.6721680398e-02,7.1028109603e-04,-1.2558220848e-02,9.3948813603e-01,9.7476185023e-01,3.5273714199e-02,2.9864648744e-02,9.7494188286e-13,4.3278893532e-03
75.000000,865.000,10.000000,320.000000,1.6809043226e-02,-1.5264066773e-03,-1.2413483323e-02,9.3948813603e-01,9.7476185023e-01,3.5273714199e-02,2.9832600739e-02,6.3034092953e-13,4.3505005168e-03
75.000000,865.000,10.000000,325.000000,1.6890323257e-02,-3.6985557716e-03,-1.1878986101e-02,9.3948813603e-01,9.7476185023e-01,3.5273714199e-02,2.9808353237e-02,4.2550610978e-13,4.3715373369e-03
75.000000,865.000,10.000000,330.000000,1.6964077373e-02,-5.7391419122e-03,-1.0972324389e-02,9.3948813603e-01,9.7476185023e-01,3.5273714199e-02,2.9790598877e-02,3.0079394175e-13,4.3906263066e-03
75.000000,865.000,10.000000,335.000000,1.7028970619e-02,-7.5852585777e-03,-9.7224868707e-03,9.3948813603e-01,9.7476185023e-01,3.5273714199e-02,2.9778072959e-02,2.2326076143e-13,4.4074219146e-03
75.000000,865.000,10.000000,340.000000,1.7083809876e-02,-9.1800352652e-03,-8.1689639406e-03,9.3948813603e-01,9.7476185023e-01,3.5273714199e-02,2.9769605610e-02,1.7439000348e-13,4.4216153589e-03
75.000000,865.000,10.000000,345.000000,1.7127574188e-02,-1.0474371387e-02,-6.3605362797e-03,9.3948813603e-01,9.7476185023e-01,3.5273714199e-02,2.9764169123e-02,1.4361960646e-13,4.4329423962e-03
75.000000,865.000,10.000000,350.000000,1.7159440865e-02,-1.1428433068e-02,-4.3537806727e-03,9.3948813603e-01,9.7476185023e-01,3.5273714199e-02,2.9760918966e-02,1.2489094092e-13,4.4411900992e-03
75.000000,865.000,10.000000,355.000000,1.7178806630e-02,-1.2012867331e-02,-2.2113385557e-03,9.3948813603e-01,9.7476185023e-01,3.5273714199e-02,2.9759227130e-02,1.1479828207e-13,4.4462023281e-03
75.000000,865.000,15.000000,0.000000,1.8349786044e-02,-1.1660236359e-02,-3.0642108028e-18,9.3948813603e-01,9.7476185023e-01,3.5273714199e-02,2.9759698870e-02,4.8366759629e-16,4.7492741019e-03
75.000000,865.000,15.000000,5.000000,1.8337559659e-02,-1.1464892529e-02,2.1720077471e-03,9.3948813603e-01,9.7476185023e-01,3.5273714199e-02,2.9755946534e-02,5.0507761214e-16,4.7461096805e-03
75.000000,865.000,15.000000,10.000000,1.8301142226e-02,-1.0884906021e-02,4.2754262750e-03,9.3948813603e-01,9.7476185023e-01,3.5273714199e-02,2.9745017313e-02,5.7497385356e-16,4.7366841553e-03
75.000000,865.000,15.000000,15.000000,1.8241311800e-02,-9.9382272742e-03,6.2437701538e-03,9.3948813603e-01,9.7476185023e-01,3.5273714199e-02,2.9727882983e-02,7.1283305221e-16,4.7211989014e-03
75.000000,865.000,15.000000,20.000000,1.8159341621e-02,-8.6541642762e-03,8.0146974603e-03,9.3948813603e-01,9.7476185023e-01,3.5273714199e-02,2.9706124908e-02,9.6087266122e-16,4.6999834580e-03
75.000000,865.000,15.000000,25.000000,1.8056965580e-02,-7.0724879147e-03,9.5319232965e-03,9.3948813603e-01,9.7476185023e-01,3.5273714199e-02,2.9681877928e-02,1.4050563636e-15,4.6734865888e-03
75.000000,865.000,15.000000,30.000000,1.7936331289e-02,-5.2422178126e-03,1.0746948823e-02,9.3948813603e-01,9.7476185023e-01,3.5273714199e-02,2.9657754265e-02,2.2223573997e-15,4.6422641368e-03
75.000000,865.000,15.000000,35.000000,1.7799942160e-02,-3.2201255761e-03,1.1620553128e-02,9.3948813603e-01,9.7476185023e-01,3.5273714199e-02,2.9636749890e-02,3.7888643859e-15,4.6069640326e-03
75.000000,865.000,15.000000,40.000000,1.7650590180e-02,-1.0690009918e-03,1.2124002460e-02,9.3948813603e-01,9.7476185023e-01,3.5273714199e-02,2.9622136260e-02,6.9344822698e-15,4.5683088959e-03
75.000000,865.000,15.000000,45.000000,1.7491281373e-02,1.1442660806e-03,1.2239939956e-02,9.3948813603e-01,9.7476185023e-01,3.5273714199e-02,2.9617340882e-02,1.3562173452e-14,4.5270767426e-03
75.000000,865.000,15.000000,50.000000,1.7325156118e-02,3.3507297592e-03,1.1962928696e-02,9.3948813603e-01,9.7476185023e-01,3.5273714199e-02,2.9625820461e-02,2.8199162868e-14,4.4840803627e-03
75.000000,865.000,15.000000,55.000000,1.7155406672e-02,5.4814959398e-03,1.1299631468e-02,9.3948813603e-01,9.7476185023e-01,3.5273714199e-02,2.9650930670e-02,6.1988928534e-14,4.4401459731e-03
75.000000,865.000,15.000000,60.000000,1.6985194294e-02,7.4698297024e-03,1.0268621676e-02,9.3948813603e-01,9.7476185023e-01,3.5273714199e-02,2.9695796692e-02,1.4320519449e-13,4.3960917681e-03
75.000000,865.000,15.000000,65.000000,1.6817568389e-02,9.2531981830e-03,8.8998310194e-03,9.3948813603e-01,9.7476185023e-01,3.5273714199e-02,2.9763188674e-02,3.4546347755e-13,4.3527069914e-03
75.000000,865.000,15.000000,70.000000,1.6655390002e-02,1.0775186725e-02,7.2336506576e-03,9.3948813603e-01,9.7476185023e-01,3.5273714199e-02,2.9855406094e-02,8.6443742908e-13,4.3107321360e-03
75.000000,865.000,15.000000,75.000000,1.6501261877e-02,1.1987229966e-02,5.3197130633e-03,9.3948813603e-01,9.7476185023e-01,3.5273714199e-02,2.9974174813e-02,2.2280339564e-12,4.2708408420e-03
75.000000,865.000,15.000000,80.000000,1.6357467070e-02,1.2850105131e-02,3.2153915290e-03,9.3948813603e-01,9.7476185023e-01,3.5273714199e-02,3.0120560175e-02,5.8727034758e-12,4.2336240073e-03
75.000000,865.000,15.000000,85.000000,1.6225917843e-02,1.3335142030e-02,9.8406285024e-04,9.3948813603e-01,9.7476185023e-01,3.5273714199e-02,3.0294899062e-02,1.5713745943e-11,4.1995765619e-03
75.000000,865.000,15.000000,90.000000,1.6108116258e-02,1.3425112846e-02,-1.3068140699e-03,9.3948813603e-01,9.7476185023e-01,3.5273714199e-02,3.0496753246e-02,4.2363765011e-11,4.1690872684e-03
75.000000,865.000,15.000000,95.000000,1.6005127532e-02,1.3114774551e-02,-3.5877453458e-03,9.3948813603e-01,9.7476185023e-01,3.5273714199e-02,3.0724885725e-02,1.1421032988e-10,4.1424318245e-03
75.000000,865.000,15.000000,100.000000,1.5917566796e-02,1.2411047303e-02,-5.7893127845e-03,9.3948813603e-01,9.7476185023e-01,3.5273714199e-02,3.0977261044e-02,3.0558707500e-10,4.1197694384e-03
75.000000,865.000,15.000000,105.000000,1.5845599546e-02,1.1332823284e-02,-7.8442839837e-03,9.3948813603e-01,9.7476185023e-01,3.5273714199e-02,3.1251069877e-02,8.0543566696e-10,4.1011429435e-03
75.000000,865.000,15.000000,110.000000,1.5788955600e-02,9.9104116196e-03,-9.6896577340e-03,9.3948813603e-01,9.7476185023e-01,3.5273714199e-02,3.1542777410e-02,2.0758215812e-09,4.0864824116e-03
75.000000,865.000,15.000000,115.000000,1.5746956006e-02,8.1846361146e-03,-1.1268582555e-02,9.3948813603e-01,9.7476185023e-01,3.5273714199e-02,3.1848194327e-02,5.1937776873e-09,4.0756121167e-03
75.000000,865.000,15.000000,120.000000,1.5718551936e-02,6.2056130734e-03,-1.2532090041e-02,9.3948813603e-01,9.7476185023e-01,3.5273714199e-02,3.2162568530e-02,1.2527934331e-08,4.0682606026e-03
75.000000,865.000,15.000000,125.000000,1.5702374252e-02,4.0312462021e-03,-1.3440590302e-02,9.3948813603e-01,9.7476185023e-01,3.5273714199e-02,3.2480695070e-02,2.8937956109e-08,4.0640735098e-03
75.000000,865.000,15.000000,130.000000,1.5696792091e-02,1.7254841890e-03,-1.3965084009e-02,9.3948813603e-01,9.7476185023e-01,3.5273714199e-02,3.2797041208e-02,6.3603519801e-08,4.0626287401e-03
75.000000,865.000,15.000000,135.000000,1.5699978572e-02,-6.4360622188e-04,-1.4088054138e-02,9.3948813603e-01,9.7476185023e-01,3.5273714199e-02,3.3105883071e-02,1.3222583349e-07,4.0634534621e-03
75.000000,865.000,15.000000,140.000000,1.5709981501e-02,-3.0058932389e-03,-1.3804010245e-02,9.3948813603e-01,9.7476185023e-01,3.5273714199e-02,3.3401449979e-02,2.5855594612e-07,4.0660424106e-03
75.000000,865.000,15.000000,145.000000,1.5724796806e-02,-5.2912968483e-03,-1.3119668642e-02,9.3948813603e-01,9.7476185023e-01,3.5273714199e-02,3.3678072278e-02,4.7312914002e-07,4.0698768938e-03
75.000000,865.000,15.000000,150.000000,1.5742442370e-02,-7.4319052458e-03,-1.2053762893e-02,9.3948813603e-01,9.7476185023e-01,3.5273714199e-02,3.3930328420e-02,8.0648318074e-07,4.0744439018e-03
75.000000,865.000,15.000000,155.000000,1.5761029915e-02,-9.3640266654e-03,-1.0636490278e-02,9.3948813603e-01,9.7476185023e-01,3.5273714199e-02,3.4153186979e-02,1.2753801443e-06,4.0792547125e-03
75.000000,865.000,15.000000,160.000000,1.5778832667e-02,-1.1030114351e-02,-8.9086109313e-03,9.3948813603e-01,9.7476185023e-01,3.5273714199e-02,3.4342139495e-02,1.8646575025e-06,4.0838624038e-03
75.000000,865.000,15.000000,165.000000,1.5794346667e-02,-1.2380506258e-02,-6.9202268932e-03,9.3948813603e-01,9.7476185023e-01,3.5273714199e-02,3.4493320235e-02,2.5131559372e-06,4.0878777225e-03
75.000000,865.000,15.000000,170.000000,1.5806343798e-02,-1.3374926696e-02,-4.7292780385e-03,9.3948813603e-01,9.7476185023e-01,3.5273714199e-02,3.4603609376e-02,3.1154119953e-06,4.0909828083e-03
75.000000,865.000,15.000000,175.000000,1.5813914857e-02,-1.3983704335e-02,-2.3998004489e-03,9.3948813603e-01,9.7476185023e-01,3.5273714199e-02,3.4670716587e-02,3.5463223111e-06,4.0929423425e-03
75.000000,865.000,15.000000,180.000000,1.5816501329e-02,-1.4188669617e-02,-6.7685758726e-18,9.3948813603e-01,9.7476185023e-01,3.5273714199e-02,3.4693242546e-02,3.7032246888e-06,4.0936117708e-03
75.000000,865.000,15.000000,185.000000,1.5813914857e-02,-1.3983704335e-02,2.3998004489e-03,9.3948813603e-01,9.7476185023e-01,3.5273714199e-02,3.4670716587e-02,3.5463223111e-06,4.0929423425e-03
75.000000,865.000,15.000000,190.000000,1.5806343798e-02,-1.3374926696e-02,4.7292780385e-03,9.3948813603e-01,9.7476185023e-01,3.5273714199e-02,3.4603609376e-02,3.1154119953e-06,4.0909828083e-03
75.000000,865.000,15.000000,195.000000,1.5794346667e-02,-1.2380506258e-02,6.9202268932e-03,9.3948813603e-01,9.7476185023e-01,3.5273714199e-02,3.4493320235e-02,2.5131559372e-06,4.0878777225e-03
75.000000,865.000,15.000000,200.000000,1.5778832667e-02,-1.1030114351e-02,8.9086109313e-03,9.3948813603e-01,9.7476185023e-01,3.5273714199e-02,3.4342139495e-02,1.8646575025e-06,4.0838624038e-03
75.000000,865.000,15.000000,205.000000,1.5761029915e-02,-9.3640266654e-03,1.0636490278e-02,9.3948813603e-01,9.7476185023e-01,3.5273714199e-02,3.4153186979e-02,1.2753801443e-06,4.0792547125e-03
75.000000,865.000,15.000000,210.000000,1.5742442370e-02,-7.4319052458e-03,1.2053762893e-02,9.3948813603e-01,9.7476185023e-01,3.5273714199e-02,3.3930328420e-02,8.0648318074e-07,4.0744439018e-03
75.000000,865.000,15.000000,215.000000,1.5724796806e-02,-5.2912968483e-03,1.3119668642e-02,9.3948813603e-01,9.7476185023e-01,3.5273714199e-02,3.3678072278e-02,4.7312914002e-07,4.0698768938e-03
75.000000,865.000,15.000000,220.000000,1.5709981501e-02,-3.0058932389e-03,1.3804010245e-02,9.3948813603e-01,9.7476185023e-01,3.5273714199e-02,3.3401449979e-02,2.5855594612e-07,4.0660424106e-03
75.000000,865.000,15.000000,225.000000,1.5699978572e-02,-6.4360622188e-04,1.4088054138e-02,9.3948813603e-01,9.7476185023e-01,3.5273714199e-02,3.3105883071e-02,1.3222583349e-07,4.0634534621e-03
75.000000,865.000,15.000000,230.000000,1.5696792091e-02,1.7254841890e-03,1.3965084009e-02,9.3948813603e-01,9.7476185023e-01,3.5273714199e-02,3.2797041208e-02,6.3603519801e-08,4.0626287401e-03
75.000000,865.000,15.000000,235.000000,1.5702374252e-02,4.0312462021e-03,1.3440590302e-02,9.3948813603e-01,9.7476185023e-01,3.5273714199e-02,3.2480695070e-02,2.8937956109e-08,4.0640735098e-03
75.000000,865.000,15.000000,240.000000,1.5718551936e-02,6.2056130734e-03,1.2532090041e-02,9.3948813603e-01,9.7476185023e-01,3.5273714199e-02,3.2162568530e-02,1.2527934331e-08,4.0682606026e-03
75.000000,865.000,15.000000,245.000000,1.5746956006e-02,8.1846361146e-03,1.1268582555e-02,9.3948813603e-01,9.7476185023e-01,3.5273714199e-02,3.1848194327e-02,5.1937776873e-09,4.0756121167e-03
75.000000,865.000,15.000000,250.000000,1.5788955600e-02,9.9104116196e-03,9.6896577340e-03,9.3948813603e-01,9.7476185023e-01,3.5273714199e-02,3.1542777410e-02,2.0758215812e-09,4.0864824116e-03
75.000000,865.000,15.000000,255.000000,1.5845599546e-02,1.1332823284e-02,7.8442839837e-03,9.3948813603e-01,9.7476185023e-01,3.5273714199e-02,3.1251069877e-02,8.0543566696e-10,4.1011429435e-03
75.000000,865.000,15.000000,260.000000,1.5917566796e-02,1.2411047303e-02,5.7893127845e-03,9.3948813603e-01,9.7476185023e-01,3.5273714199e-02,3.0977261044e-02,3.0558707500e-10,4.1197694384e-03
75.000000,865.000,15.000000,265.000000,1.6005127532e-02,1.3114774551e-02,3.5877453458e-03,9.3948813603e-01,9.7476185023e-01,3.5273714199e-02,3.0724885725e-02,1.1421032988e-10,4.1424318245e-03
75.000000,865.000,15.000000,270.000000,1.6108116258e-02,1.3425112846e-02,1.3068140699e-03,9.3948813603e-01,9.7476185023e-01,3.5273714199e-02,3.0496753246e-02,4.2363765011e-11,4.1690872684e-03
75.000000,865.000,15.000000,275.000000,1.6225917843e-02,1.3335142030e-02,-9.8406285024e-04,9.3948813603e-01,9.7476185023e-01,3.5273714199e-02,3.0294899062e-02,1.5713745943e-11,4.1995765619e-03
75.000000,865.000,15.000000,280.000000,1.6357467070e-02,1.2850105131e-02,-3.2153915290e-03,9.3948813603e-01,9.7476185023e-01,3.5273714199e-02,3.0120560175e-02,5.8727034758e-12,4.2336240073e-03
75.000000,865.000,15.000000,285.000000,1.6501261877e-02,1.1987229966e-02,-5.3197130633e-03,9.3948813603e-01,9.7476185023e-01,3.5273714199e-02,2.9974174813e-02,2.2280339564e-12,4.2708408420e-03
75.000000,865.000,15.000000,290.000000,1.6655390002e-02,1.0775186725e-02,-7.2336506576e-03,9.3948813603e-01,9.7476185023e-01,3.5273714199e-02,2.9855406094e-02,8.6443742908e-13,4.3107321360e-03
75.000000,865.000,15.000000,295.000000,1.6817568389e-02,9.2531981830e-03,-8.8998310194e-03,9.3948813603e-01,9.7476185023e-01,3.5273714199e-02,2.9763188674e-02,3.4546347755e-13,4.3527069914e-03
75.000000,865.000,15.000000,300.000000,1.6985194294e-02,7.4698297024e-03,-1.0268621676e-02,9.3948813603e-01,9.7476185023e-01,3.5273714199e-02,2.9695796692e-02,1.4320519449e-13,4.3960917681e-03
75.000000,865.000,15.000000,305.000000,1.7155406672e-02,5.4814959398e-03,-1.1299631468e-02,9.3948813603e-01,9.7476185023e-01,3.5273714199e-02,2.9650930670e-02,6.1988928534e-14,4.4401459731e-03
75.000000,865.000,15.000000,310.000000,1.7325156118e-02,3.3507297592e-03,-1.1962928696e-02,9.3948813603e-01,9.7476185023e-01,3.5273714199e-02,2.9625820461e-02,2.8199162868e-14,4.4840803627e-03
75.000000,865.000,15.000000,315.000000,1.7491281373e-02,1.1442660806e-03,-1.2239939956e-02,9.3948813603e-01,9.7476185023e-01,3.5273714199e-02,2.9617340882e-02,1.3562173452e-14,4.5270767426e-03
75.000000,865.000,15.000000,320.000000,1.7650590180e-02,-1.0690009918e-03,-1.2124002460e-02,9.3948813603e-01,9.7476185023e-01,3.5273714199e-02,2.9622136260e-02,6.9344822698e-15,4.5683088959e-03
75.000000,865.000,15.000000,325.000000,1.7799942160e-02,-3.2201255761e-03,-1.1620553128e-02,9.3948813603e-01,9.7476185023e-01,3.5273714199e-02,2.9636749890e-02,3.7888643859e-15,4.6069640326e-03
75.000000,865.000,15.000000,330.000000,1.7936331289e-02,-5.2422178126e-03,-1.0746948823e-02,9.3948813603e-01,9.7476185023e-01,3.5273714199e-02,2.9657754265e-02,2.2223573997e-15,4.6422641368e-03
75.000000,865.000,15.000000,335.000000,1.8056965580e-02,-7.0724879147e-03,-9.5319232965e-03,9.3948813603e-01,9.7476185023e-01,3.5273714199e-02,2.9681877928e-02,1.4050563636e-15,4.6734865888e-03
75.000000,865.000,15.000000,340.000000,1.8159341621e-02,-8.6541642762e-03,-8.0146974603e-03,9.3948813603e-01,9.7476185023e-01,3.5273714199e-02,2.9706124908e-02,9.6087266122e-16,4.6999834580e-03
75.000000,865.000,15.000000,345.000000,1.8241311800e-02,-9.9382272742e-03,-6.2437701538e-03,9.3948813603e-01,9.7476185023e-01,3.5273714199e-02,2.9727882983e-02,7.1283305221e-16,4.7211989014e-03
75.000000,865.000,15.000000,350.000000,1.8301142226e-02,-1.0884906021e-02,-4.2754262750e-03,9.3948813603e-01,9.7476185023e-01,3.5273714199e-02,2.9745017313e-02,5.7497385356e-16,4.7366841553e-03
75.000000,865.000,15.000000,355.000000,1.8337559659e-02,-1.1464892529e-02,-2.1720077471e-03,9.3948813603e-01,9.7476185023e-01,3.5273714199e-02,2.9755946534e-02,5.0507761214e-16,4.7461096805e-03
75.000000,865.000,20.000000,0.000000,1.9833297193e-02,-1.1077837047e-02,-3.0059573564e-18,9.3948813603e-01,9.7476185023e-01,3.5273714199e-02,3.0103510486e-02,7.3949533070e-19,5.1332350408e-03
75.000000,865.000,20.000000,5.000000,1.9813607610e-02,-1.0883734987e-02,2.1305524839e-03,9.3948813603e-01,9.7476185023e-01,3.5273714199e-02,3.0092656525e-02,7.8509954902e-19,5.1281390017e-03
75.000000,865.000,20.000000,10.000000,1.9754991901e-02,-1.0307471431e-02,4.1928466731e-03,9.3948813603e-01,9.7476185023e-01,3.5273714199e-02,3.0060699707e-02,9.3906203458e-19,5.1129681398e-03
75.000000,865.000,20.000000,15.000000,1.9658796523e-02,-9.3669895377e-03,6.1207250752e-03,9.3948813603e-01,9.7476185023e-01,3.5273714199e-02,3.0009434744e-02,1.2637194896e-18,5.0880709440e-03
75.000000,865.000,20.000000,20.000000,1.9527223749e-02,-8.0915845117e-03,7.8521677667e-03,9.3948813603e-01,9.7476185023e-01,3.5273714199e-02,2.9941785197e-02,1.9090180443e-18,5.0540174042e-03
75.000000,865.000,20.000000,25.000000,1.9363270234e-02,-6.5210080079e-03,9.3312030352e-03,9.3948813603e-01,9.7476185023e-01,3.5273714199e-02,2.9861704250e-02,3.2270493576e-18,5.0115831121e-03
75.000000,865.000,20.000000,30.000000,1.9170643585e-02,-4.7042526947e-03,1.0509633644e-02,9.3948813603e-01,9.7476185023e-01,3.5273714199e-02,2.9774040150e-02,6.0799284664e-18,4.9617276666e-03
75.000000,865.000,20.000000,35.000000,1.8953659400e-02,-2.6980539592e-03,1.1348526070e-02,9.3948813603e-01,9.7476185023e-01,3.5273714199e-02,2.9684370517e-02,1.2705476415e-17,4.9055680271e-03
75.000000,865.000,20.000000,40.000000,1.8717121845e-02,-5.6515435507e-04,1.1819417286e-02,9.3948813603e-01,9.7476185023e-01,3.5273714199e-02,2.9598810693e-02,2.9284843636e-17,4.8443476029e-03
75.000000,865.000,20.000000,45.000000,1.8466191290e-02,1.6276163845e-03,1.1905202222e-02,9.3948813603e-01,9.7476185023e-01,3.5273714199e-02,2.9523802124e-02,7.3975948023e-17,4.7794019964e-03
75.000000,865.000,20.000000,50.000000,1.8206242944e-02,3.8113873285e-03,1.1600674788e-02,9.3948813603e-01,9.7476185023e-01,3.5273714199e-02,2.9465887406e-02,2.0336101272e-16,4.7121224138e-03
75.000000,865.000,20.000000,55.000000,1.7942720645e-02,5.9173560396e-03,1.0912705836e-02,9.3948813603e-01,9.7476185023e-01,3.5273714199e-02,2.9431479036e-02,6.0371147130e-16,4.6439178240e-03
75.000000,865.000,20.000000,60.000000,1.7680990135e-02,7.8788977450e-03,9.8600525283e-03,9.3948813603e-01,9.7476185023e-01,3.5273714199e-02,2.9426629168e-02,1.9194534912e-15,4.5761769832e-03
75.000000,865.000,20.000000,65.000000,1.7426196125e-02,9.6336097580e-03,8.4728047437e-03,9.3948813603e-01,9.7476185023e-01,3.5273714199e-02,2.9456807615e-02,6.4787066853e-15,4.5102314408e-03
75.000000,865.000,20.000000,70.000000,1.7183127344e-02,1.1125228878e-02,6.7914852282e-03,9.3948813603e-01,9.7476185023e-01,3.5273714199e-02,2.9526695144e-02,2.3000701637e-14,4.4473206112e-03
75.000000,865.000,20.000000,75.000000,1.6956093516e-02,1.2305363351e-02,4.8658307242e-03,9.3948813603e-01,9.7476185023e-01,3.5273714199e-02,2.9639998652e-02,8.5064669719e-14,4.3885599324e-03
75.000000,865.000,20.000000,80.000000,1.6748817810e-02,1.3134986588e-02,2.7532910134e-03,9.3948813603e-01,9.7476185023e-01,3.5273714199e-02,2.9799294158e-02,3.2448271444e-13,4.3349130323e-03
75.000000,865.000,20.000000,85.000000,1.6564347889e-02,1.3585647086e-02,5.1729140337e-04,9.3948813603e-01,9.7476185023e-01,3.5273714199e-02,3.0005902734e-02,1.2637032280e-12,4.2871687033e-03
75.000000,865.000,20.000000,90.000000,1.6404988035e-02,1.3640357601e-02,-1.7746886105e-03,9.3948813603e-01,9.7476185023e-01,3.5273714199e-02,3.0259803464e-02,4.9729976781e-12,4.2459233382e-03
75.000000,865.000,20.000000,95.000000,1.6272254265e-02,1.3294136363e-02,-4.0531621724e-03,9.3948813603e-01,9.7476185023e-01,3.5273714199e-02,3.0559586469e-02,1.9569730470e-11,4.2115693104e-03
75.000000,865.000,20.000000,100.000000,1.6166853571e-02,1.2554183714e-02,-6.2487452190e-03,9.3948813603e-01,9.7476185023e-01,3.5273714199e-02,3.0902447762e-02,7.6211086750e-11,4.1842896036e-03
75.000000,865.000,20.000000,105.000000,1.6088687761e-02,1.1439688587e-02,-8.2942658491e-03,9.3948813603e-01,9.7476185023e-01,3.5273714199e-02,3.1284226458e-02,2.9068674647e-10,4.1640588031e-03
75.000000,865.000,20.000000,110.000000,1.6036881555e-02,9.9812705309e-03,-1.0126808811e-02,9.3948813603e-01,9.7476185023e-01,3.5273714199e-02,3.1699483587e-02,1.0749319414e-09,4.1506503705e-03
75.000000,865.000,20.000000,115.000000,1.6009833923e-02,8.2200740415e-03,-1.1689632958e-02,9.3948813603e-01,9.7476185023e-01,3.5273714199e-02,3.2141620462e-02,3.8155912122e-09,4.1436499283e-03
75.000000,865.000,20.000000,120.000000,1.6005290894e-02,6.2065425199e-03,-1.2933903369e-02,9.3948813603e-01,9.7476185023e-01,3.5273714199e-02,3.2603033373e-02,1.2875941787e-08,4.1424741056e-03
75.000000,865.000,20.000000,125.000000,1.6020437447e-02,3.9989089390e-03,-1.3820185442e-02,9.3948813603e-01,9.7476185023e-01,3.5273714199e-02,3.3075300244e-02,4.0927056768e-08,4.1463943221e-03
75.000000,865.000,20.000000,130.000000,1.6052005524e-02,1.6614488932e-03,-1.4319655484e-02,9.3948813603e-01,9.7476185023e-01,3.5273714199e-02,3.3549393938e-02,1.2145973906e-07,4.1545647418e-03
75.000000,865.000,20.000000,135.000000,1.6096394696e-02,-7.3745105585e-04,-1.4414990924e-02,9.3948813603e-01,9.7476185023e-01,3.5273714199e-02,3.4015916030e-02,3.3377049808e-07,4.1660535049e-03
75.000000,865.000,20.000000,140.000000,1.6149801660e-02,-3.1273512092e-03,-1.4100912986e-02,9.3948813603e-01,9.7476185023e-01,3.5273714199e-02,3.4465344273e-02,8.4278350991e-07,4.1798762443e-03
75.000000,865.000,20.000000,145.000000,1.6208354481e-02,-5.4378803619e-03,-1.3384365208e-02,9.3948813603e-01,9.7476185023e-01,3.5273714199e-02,3.4888286512e-02,1.9416737844e-06,4.1950308296e-03
75.000000,865.000,20.000000,150.000000,1.6268247360e-02,-7.6008569128e-03,-1.2284322254e-02,9.3948813603e-01,9.7476185023e-01,3.5273714199e-02,3.5275733618e-02,4.0557642052e-06,4.2105322472e-03
75.000000,865.000,20.000000,155.000000,1.6325871691e-02,-9.5523451342e-03,-1.0831234667e-02,9.3948813603e-01,9.7476185023e-01,3.5273714199e-02,3.5619303981e-02,7.6379108350e-06,4.2254465216e-03
75.000000,865.000,20.000000,160.000000,1.6377939325e-02,-1.1234584240e-02,-9.0661262725e-03,9.3948813603e-01,9.7476185023e-01,3.5273714199e-02,3.5911472381e-02,1.2906086553e-05,4.2389226169e-03
75.000000,865.000,20.000000,165.000000,1.6421594174e-02,-1.2597731743e-02,-7.0393714982e-03,9.3948813603e-01,9.7476185023e-01,3.5273714199e-02,3.6145776456e-02,1.9489651099e-05,4.2502213232e-03
75.000000,865.000,20.000000,170.000000,1.6454508691e-02,-1.3601368214e-02,-4.8091895593e-03,9.3948813603e-01,9.7476185023e-01,3.5273714199e-02,3.6316994682e-02,2.6220787391e-05,4.2587402271e-03
75.000000,865.000,20.000000,175.000000,1.6474962210e-02,-1.4215717805e-02,-2.4399010919e-03,9.3948813603e-01,9.7476185023e-01,3.5273714199e-02,3.6421290581e-02,3.1357627022e-05,4.2640339873e-03
75.000000,865.000,20.000000,180.000000,1.6481898710e-02,-1.4422547497e-02,-6.8812614033e-18,9.3948813603e-01,9.7476185023e-01,3.5273714199e-02,3.6456318896e-02,3.3289547387e-05,4.2658292856e-03
75.000000,865.000,20.000000,185.000000,1.6474962210e-02,-1.4215717805e-02,2.4399010919e-03,9.3948813603e-01,9.7476185023e-01,3.5273714199e-02,3.6421290581e-02,3.1357627022e-05,4.2640339873e-03
75.000000,865.000,20.000000,190.000000,1.6454508691e-02,-1.3601368214e-02,4.8091895593e-03,9.3948813603e-01,9.7476185023e-01,3.5273714199e-02,3.6316994682e-02,2.6220787391e-05,4.2587402271e-03
75.000000,865.000,20.000000,195.000000,1.6421594174e-02,-1.2597731743e-02,7.0393714982e-03,9.3948813603e-01,9.7476185023e-01,3.5273714199e-02,3.6145776456e-02,1.9489651099e-05,4.2502213232e-03
75.000000,865.000,20.000000,200.000000,1.6377939325e-02,-1.1234584240e-02,9.0661262725e-03,9.3948813603e-01,9.7476185023e-01,3.5273714199e-02,3.5911472381e-02,1.2906086553e-05,4.2389226169e-03
75.000000,865.000,20.000000,205.000000,1.6325871691e-02,-9.5523451342e-03,1.0831234667e-02,9.3948813603e-01,9.7476185023e-01,3.5273714199e-02,3.5619303981e-02,7.6379108350e-06,4.2254465216e-03
75.000000,865.000,20.000000,210.000000,1.6268247360e-02,-7.6008569128e-03,1.2284322254e-02,9.3948813603e-01,9.7476185023e-01,3.5273714199e-02,3.5275733618e-02,4.0557642052e-06,4.2105322472e-03
75.000000,865.000,20.000000,215.000000,1.6208354481e-02,-5.4378803619e-03,1.3384365208e-02,9.3948813603e-01,9.7476185023e-01,3.5273714199e-02,3.4888286512e-02,1.9416737844e-06,4.1950308296e-03
75.000000,865.000,20.000000,220.000000,1.6149801660e-02,-3.1273512092e-03,1.4100912986e-02,9.3948813603e-01,9.7476185023e-01,3.5273714199e-02,3.4465344273e-02,8.4278350991e-07,4.1798762443e-03
75.000000,865.000,20.000000,225.000000,1.6096394696e-02,-7.3745105585e-04,1.4414990924e-02,9.3948813603e-01,9.7476185023e-01,3.5273714199e-02,3.4015916030e-02,3.3377049808e-07,4.1660535049e-03
75.000000,865.000,20.000000,230.000000,1.6052005524e-02,1.6614488932e-03,1.4319655484e-02,9.3948813603e-01,9.7476185023e-01,3.5273714199e-02,3.3549393938e-02,1.2145973906e-07,4.1545647418e-03
75.000000,865.000,20.000000,235.000000,1.6020437447e-02,3.9989089390e-03,1.3820185442e-02,9.3948813603e-01,9.7476185023e-01,3.5273714199e-02,3.3075300244e-02,4.0927056768e-08,4.1463943221e-03
75.000000,865.000,20.000000,240.000000,1.6005290894e-02,6.2065425199e-03,1.2933903369e-02,9.3948813603e-01,9.7476185023e-01,3.5273714199e-02,3.2603033373e-02,1.2875941787e-08,4.1424741056e-03
75.000000,865.000,20.000000,245.000000,1.6009833923e-02,8.2200740415e-03,1.1689632958e-02,9.3948813603e-01,9.7476185023e-01,3.5273714199e-02,3.2141620462e-02,3.8155912122e-09,4.1436499283e-03
75.000000,865.000,20.000000,250.000000,1.6036881555e-02,9.9812705309e-03,1.0126808811e-02,9.3948813603e-01,9.7476185023e-01,3.5273714199e-02,3.1699483587e-02,1.0749319414e-09,4.1506503705e-03
75.000000,865.000,20.000000,255.000000,1.6088687761e-02,1.1439688587e-02,8.2942658491e-03,9.3948813603e-01,9.7476185023e-01,3.5273714199e-02,3.1284226458e-02,2.9068674647e-10,4.1640588031e-03
75.000000,865.000,20.000000,260.000000,1.6166853571e-02,1.2554183714e-02,6.2487452190e-03,9.3948813603e-01,9.7476185023e-01,3.5273714199e-02,3.0902447762e-02,7.6211086750e-11,4.1842896036e-03
75.000000,865.000,20.000000,265.000000,1.6272254265e-02,1.3294136363e-02,4.0531621724e-03,9.3948813603e-01,9.7476185023e-01,3.5273714199e-02,3.0559586469e-02,1.9569730470e-11,4.2115693104e-03
75.000000,865.000,20.000000,270.000000,1.6404988035e-02,1.3640357601e-02,1.7746886105e-03,9.3948813603e-01,9.7476185023e-01,3.5273714199e-02,3.0259803464e-02,4.9729976781e-12,4.2459233382e-03
75.000000,865.000,20.000000,275.000000,1.6564347889e-02,1.3585647086e-02,-5.1729140337e-04,9.3948813603e-01,9.7476185023e-01,3.5273714199e-02,3.0005902734e-02,1.2637032280e-12,4.2871687033e-03
75.000000,865.000,20.000000,280.000000,1.6748817810e-02,1.3134986588e-02,-2.7532910134e-03,9.3948813603e-01,9.7476185023e-01,3.5273714199e-02,2.9799294158e-02,3.2448271444e-13,4.3349130323e-03
75.000000,865.000,20.000000,285.000000,1.6956093516e-02,1.2305363351e-02,-4.8658307242e-03,9.3948813603e-01,9.7476185023e-01,3.5273714199e-02,2.9639998652e-02,8.5064669719e-14,4.3885599324e-03
75.000000,865.000,20.000000,290.000000,1.7183127344e-02,1.1125228878e-02,-6.7914852282e-03,9.3948813603e-01,9.7476185023e-01,3.5273714199e-02,2.9526695144e-02,2.3000701637e-14,4.4473206112e-03
75.000000,865.000,20.000000,295.000000,1.7426196125e-02,9.6336097580e-03,-8.4728047437e-03,9.3948813603e-01,9.7476185023e-01,3.5273714199e-02,2.9456807615e-02,6.4787066853e-15,4.5102314408e-03
75.000000,865.000,20.000000,300.000000,1.7680990135e-02,7.8788977450e-03,-9.8600525283e-03,9.3948813603e-01,9.7476185023e-01,3.5273714199e-02,2.9426629168e-02,1.9194534912e-15,4.5761769832e-03
75.000000,865.000,20.000000,305.000000,1.7942720645e-02,5.9173560396e-03,-1.0912705836e-02,9.3948813603e-01,9.7476185023e-01,3.5273714199e-02,2.9431479036e-02,6.0371147130e-16,4.6439178240e-03
75.000000,865.000,20.000000,310.000000,1.8206242944e-02,3.8113873285e-03,-1.1600674788e-02,9.3948813603e-01,9.7476185023e-01,3.5273714199e-02,2.9465887406e-02,2.0336101272e-16,4.7121224138e-03
75.000000,865.000,20.000000,315.000000,1.8466191290e-02,1.6276163845e-03,-1.1905202222e-02,9.3948813603e-01,9.7476185023e-01,3.5273714199e-02,2.9523802124e-02,7.3975948023e-17,4.7794019964e-03
75.000000,865.000,20.000000,320.000000,1.8717121845e-02,-5.6515435507e-04,-1.1819417286e-02,9.3948813603e-01,9.7476185023e-01,3.5273714199e-02,2.9598810693e-02,2.9284843636e-17,4.8443476029e-03
75.000000,865.000,20.000000,325.000000,1.8953659400e-02,-2.6980539592e-03,-1.1348526070e-02,9.3948813603e-01,9.7476185023e-01,3.5273714199e-02,2.9684370517e-02,1.2705476415e-17,4.9055680271e-03
75.000000,865.000,20.000000,330.000000,1.9170643585e-02,-4.7042526947e-03,-1.0509633644e-02,9.3948813603e-01,9.7476185023e-01,3.5273714199e-02,2.9774040150e-02,6.0799284664e-18,4.9617276666e-03
75.000000,865.000,20.000000,335.000000,1.9363270234e-02,-6.5210080079e-03,-9.3312030352e-03,9.3948813603e-01,9.7476185023e-01,3.5273714199e-02,2.9861704250e-02,3.2270493576e-18,5.0115831121e-03
75.000000,865.000,20.000000,340.000000,1.9527223749e-02,-8.0915845117e-03,-7.8521677667e-03,9.3948813603e-01,9.7476185023e-01,3.5273714199e-02,2.9941785197e-02,1.9090180443e-18,5.0540174042e-03
75.000000,865.000,20.000000,345.000000,1.9658796523e-02,-9.3669895377e-03,-6.1207250752e-03,9.3948813603e-01,9.7476185023e-01,3.5273714199e-02,3.0009434744e-02,1.2637194896e-18,5.0880709440e-03
75.000000,865.000,20.000000,350.000000,1.9754991901e-02,-1.0307471431e-02,-4.1928466731e-03,9.3948813603e-01,9.7476185023e-01,3.5273714199e-02,3.0060699707e-02,9.3906203458e-19,5.1129681398e-03
75.000000,865.000,20.000000,355.000000,1.9813607610e-02,-1.0883734987e-02,-2.1305524839e-03,9.3948813603e-01,9.7476185023e-01,3.5273714199e-02,3.0092656525e-02,7.8509954902e-19,5.1281390017e-03
75.000000,865.000,25.000000,0.000000,2.1668516754e-02,-1.0476810636e-02,-2.9429991049e-18,9.3948813603e-01,9.7476185023e-01,3.5273714199e-02,3.0767783401e-02,3.0444363546e-22,5.6082248151e-03
75.000000,865.000,25.000000,5.000000,2.1639502823e-02,-1.0283513042e-02,2.0857510702e-03,9.3948813603e-01,9.7476185023e-01,3.5273714199e-02,3.0747260248e-02,3.2925799008e-22,5.6007154571e-03
75.000000,865.000,25.000000,10.000000,2.1553162878e-02,-9.7096728561e-03,4.1036131638e-03,9.3948813603e-01,9.7476185023e-01,3.5273714199e-02,3.0686643666e-02,4.1625997618e-22,5.5783690350e-03
75.000000,865.000,25.000000,15.000000,2.1411582512e-02,-8.7732625917e-03,5.9877944343e-03,9.3948813603e-01,9.7476185023e-01,3.5273714199e-02,3.0588760821e-02,6.1406468493e-22,5.5417253398e-03
75.000000,865.000,25.000000,20.000000,2.1218171781e-02,-7.5036245133e-03,7.6766333139e-03,9.3948813603e-01,9.7476185023e-01,3.5273714199e-02,3.0458219772e-02,1.0538898231e-21,5.4916669593e-03
75.000000,865.000,25.000000,25.000000,2.0977568384e-02,-5.9405723117e-03,9.1145056443e-03,9.3948813603e-01,9.7476185023e-01,3.5273714199e-02,3.0301257020e-02,2.0956404700e-21,5.4293942178e-03
75.000000,865.000,25.000000,30.000000,2.0695506173e-02,-4.1331719763e-03,1.0253547588e-02,9.3948813603e-01,9.7476185023e-01,3.5273714199e-02,3.0125530738e-02,4.8028614304e-21,5.3563911455e-03
75.000000,865.000,25.000000,35.000000,2.0378652933e-02,-2.1382389749e-03,1.1055141719e-02,9.3948813603e-01,9.7476185023e-01,3.5273714199e-02,2.9939866096e-02,1.2606556410e-20,5.2743834926e-03
75.000000,865.000,25.000000,40.000000,2.0034422270e-02,-1.8597495459e-05,1.1491120899e-02,9.3948813603e-01,9.7476185023e-01,3.5273714199e-02,2.9753960580e-02,3.7619155918e-20,5.1852900411e-03
75.000000,865.000,25.000000,45.000000,1.9670765194e-02,2.1588452480e-03,1.1544653127e-02,9.3948813603e-01,9.7476185023e-01,3.5273714199e-02,2.9578058476e-02,1.2656606010e-19,5.0911686640e-03
75.000000,865.000,25.000000,50.000000,1.9295947626e-02,4.3251510064e-03,1.1210780255e-02,9.3948813603e-01,9.7476185023e-01,3.5273714199e-02,2.9422604620e-02,4.7566926271e-19,4.9941587389e-03
75.000000,865.000,25.000000,55.000000,1.8918320423e-02,6.4114662899e-03,1.0496593992e-02,9.3948813603e-01,9.7476185023e-01,3.5273714199e-02,2.9297888225e-02,1.9769331574e-18,4.8964216267e-03
75.000000,865.000,25.000000,60.000000,1.8546088764e-02,8.3511375170e-03,9.4210436634e-03,9.3948813603e-01,9.7476185023e-01,3.5273714199e-02,2.9213687888e-02,8.9880719082e-18,4.8000809842e-03
75.000000,865.000,25.000000,65.000000,1.8187087716e-02,1.0081761075e-02,8.0143813801e-03,9.3948813603e-01,9.7476185023e-01,3.5273714199e-02,2.9178928894e-02,4.4189845219e-17,4.7071646758e-03
75.000000,865.000,25.000000,70.000000,1.7848570618e-02,1.1547105814e-02,6.3172613199e-03,9.3948813603e-01,9.7476185023e-01,3.5273714199e-02,2.9201363565e-02,2.3211156008e-16,4.6195500038e-03
75.000000,865.000,25.000000,75.000000,1.7537016504e-02,1.2698849357e-02,4.3795203522e-03,9.3948813603e-01,9.7476185023e-01,3.5273714199e-02,2.9287284751e-02,1.2862027262e-15,4.5389138654e-03
75.000000,865.000,25.000000,80.000000,1.7257962213e-02,1.3498075263e-02,2.2586769304e-03,9.3948813603e-01,9.7476185023e-01,3.5273714199e-02,2.9441281546e-02,7.4217241243e-15,4.4666893004e-03
75.000000,865.000,25.000000,85.000000,1.7015864063e-02,1.3916485322e-02,1.8193764246e-05,9.3948813603e-01,9.7476185023e-01,3.5273714199e-02,2.9666045051e-02,4.4004194049e-14,4.4040296884e-03
75.000000,865.000,25.000000,90.000000,1.6813993059e-02,1.3937289937e-02,-2.2744430190e-03,9.3948813603e-01,9.7476185023e-01,3.5273714199e-02,2.9962230519e-02,2.6448346134e-13,4.3517816280e-03
75.000000,865.000,25.000000,95.000000,1.6654366599e-02,1.3555749290e-02,-4.5497699175e-03,9.3948813603e-01,9.7476185023e-01,3.5273714199e-02,3.0328380481e-02,1.5896210217e-12,4.3104672599e-03
75.000000,865.000,25.000000,100.000000,1.6537718499e-02,1.2779348618e-02,-6.7384551681e-03,9.3948813603e-01,9.7476185023e-01,3.5273714199e-02,3.0760911635e-02,9.4243911781e-12,4.2802765100e-03
75.000000,865.000,25.000000,105.000000,1.6463508029e-02,1.1627602044e-02,-8.7734068571e-03,9.3948813603e-01,9.7476185023e-01,3.5273714199e-02,3.1254166317e-02,5.4374440685e-11,4.2610694270e-03
75.000000,865.000,25.000000,110.000000,1.6429967430e-02,1.0131490671e-02,-1.0591815963e-02,9.3948813603e-01,9.7476185023e-01,3.5273714199e-02,3.1800527451e-02,3.0124717393e-10,4.2523884812e-03
75.000000,865.000,25.000000,115.000000,1.6434186242e-02,8.3325517875e-03,-1.2137072219e-02,9.3948813603e-01,9.7476185023e-01,3.5273714199e-02,3.2390593893e-02,1.5818842988e-09,4.2534803901e-03
75.000000,865.000,25.000000,120.000000,1.6472229642e-02,6.2816466243e-03,-1.3360494531e-02,9.3948813603e-01,9.7476185023e-01,3.5273714199e-02,3.3013411292e-02,7.7743219702e-09,4.2633267466e-03
75.000000,865.000,25.000000,125.000000,1.6539286974e-02,4.0374438674e-03,-1.4222823289e-02,9.3948813603e-01,9.7476185023e-01,3.5273714199e-02,3.3656751843e-02,3.5327853616e-08,4.2806824612e-03
75.000000,865.000,25.000000,130.000000,1.6629845730e-02,1.6646647981e-03,-1.4695429126e-02,9.3948813603e-01,9.7476185023e-01,3.5273714199e-02,3.4307434868e-02,1.4673353465e-07,4.3041207922e-03
75.000000,865.000,25.000000,135.000000,1.6737885498e-02,-7.6785683960e-04,-1.4761201291e-02,9.3948813603e-01,9.7476185023e-01,3.5273714199e-02,3.4951678846e-02,5.5104673445e-07,4.3320835416e-03
75.000000,865.000,25.000000,140.000000,1.6857085758e-02,-3.1892414923e-03,-1.4415088482e-02,9.3948813603e-01,9.7476185023e-01,3.5273714199e-02,3.5575474577e-02,1.8523371708e-06,4.3629348391e-03
75.000000,865.000,25.000000,145.000000,1.6981041055e-02,-5.5286943656e-03,-1.3664275562e-02,9.3948813603e-01,9.7476185023e-01,3.5273714199e-02,3.6164968483e-02,5.5223012494e-06,4.3950168307e-03
75.000000,865.000,25.000000,150.000000,1.7103476806e-02,-7.7176353482e-03,-1.2527990607e-02,9.3948813603e-01,9.7476185023e-01,3.5273714199e-02,3.6706844727e-02,1.4480566678e-05,4.4267055349e-03
75.000000,865.000,25.000000,155.000000,1.7218459042e-02,-9.6917637341e-03,-1.1036947955e-02,9.3948813603e-01,9.7476185023e-01,3.5273714199e-02,3.7188694838e-02,3.3154431635e-05,4.4564651274e-03
75.000000,865.000,25.000000,160.000000,1.7320591555e-02,-1.1392995154e-02,-9.2324439686e-03,9.3948813603e-01,9.7476185023e-01,3.5273714199e-02,3.7599363858e-02,6.5866516485e-05,4.4828989669e-03
75.000000,865.000,25.000000,165.000000,1.7405194340e-02,-1.2771211993e-02,-7.1651327749e-03,9.3948813603e-01,9.7476185023e-01,3.5273714199e-02,3.7929262757e-02,1.1295407353e-04,4.5047957790e-03
75.000000,865.000,25.000000,170.000000,1.7468457794e-02,-1.3785774208e-02,-4.8935189347e-03,9.3948813603e-01,9.7476185023e-01,3.5273714199e-02,3.8170637799e-02,1.6652747726e-04,4.5211695658e-03
75.000000,865.000,25.000000,175.000000,1.7507567900e-02,-1.4406744752e-02,-2.4822126115e-03,9.3948813603e-01,9.7476185023e-01,3.5273714199e-02,3.8317788865e-02,2.1044883606e-04,4.5312920058e-03
75.000000,865.000,25.000000,180.000000,1.7520798511e-02,-1.4615792421e-02,-7.0001539551e-18,9.3948813603e-01,9.7476185023e-01,3.5273714199e-02,3.8367230207e-02,2.2757187714e-04,4.5347163400e-03
75.000000,865.000,25.000000,185.000000,1.7507567900e-02,-1.4406744752e-02,2.4822126115e-03,9.3948813603e-01,9.7476185023e-01,3.5273714199e-02,3.8317788865e-02,2.1044883606e-04,4.5312920058e-03
75.000000,865.000,25.000000,190.000000,1.7468457794e-02,-1.3785774208e-02,4.8935189347e-03,9.3948813603e-01,9.7476185023e-01,3.5273714199e-02,3.8170637799e-02,1.6652747726e-04,4.5211695658e-03
75.000000,865.000,25.000000,195.000000,1.7405194340e-02,-1.2771211993e-02,7.1651327749e-03,9.3948813603e-01,9.7476185023e-01,3.5273714199e-02,3.7929262757e-02,1.1295407353e-04,4.5047957790e-03
75.000000,865.000,25.000000,200.000000,1.7320591555e-02,-1.1392995154e-02,9.2324439686e-03,9.3948813603e-01,9.7476185023e-01,3.5273714199e-02,3.7599363858e-02,6.5866516485e-05,4.4828989669e-03
75.000000,865.000,25.000000,205.000000,1.7218459042e-02,-9.6917637341e-03,1.1036947955e-02,9.3948813603e-01,9.7476185023e-01,3.5273714199e-02,3.7188694838e-02,3.3154431635e-05,4.4564651274e-03
75.000000,865.000,25.000000,210.000000,1.7103476806e-02,-7.7176353482e-03,1.2527990607e-02,9.3948813603e-01,9.7476185023e-01,3.5273714199e-02,3.6706844727e-02,1.4480566678e-05,4.4267055349e-03
75.000000,865.000,25.000000,215.000000,1.6981041055e-02,-5.5286943656e-03,1.3664275562e-02,9.3948813603e-01,9.7476185023e-01,3.5273714199e-02,3.6164968483e-02,5.5223012494e-06,4.3950168307e-03
75.000000,865.000,25.000000,220.000000,1.6857085758e-02,-3.1892414923e-03,1.4415088482e-02,9.3948813603e-01,9.7476185023e-01,3.5273714199e-02,3.5575474577e-02,1.8523371708e-06,4.3629348391e-03
75.000000,865.000,25.000000,225.000000,1.6737885498e-02,-7.6785683960e-04,1.4761201291e-02,9.3948813603e-01,9.7476185023e-01,3.5273714199e-02,3.4951678846e-02,5.5104673445e-07,4.3320835416e-03
75.000000,865.000,25.000000,230.000000,1.6629845730e-02,1.6646647981e-03,1.4695429126e-02,9.3948813603e-01,9.7476185023e-01,3.5273714199e-02,3.4307434868e-02,1.4673353465e-07,4.3041207922e-03
75.000000,865.000,25.000000,235.000000,1.6539286974e-02,4.0374438674e-03,1.4222823289e-02,9.3948813603e-01,9.7476185023e-01,3.5273714199e-02,3.3656751843e-02,3.5327853616e-08,4.2806824612e-03
75.000000,865.000,25.000000,240.000000,1.6472229642e-02,6.2816466243e-03,1.3360494531e-02,9.3948813603e-01,9.7476185023e-01,3.5273714199e-02,3.3013411292e-02,7.7743219702e-09,4.2633267466e-03
75.000000,865.000,25.000000,245.000000,1.6434186242e-02,8.3325517875e-03,1.2137072219e-02,9.3948813603e-01,9.7476185023e-01,3.5273714199e-02,3.2390593893e-02,1.5818842988e-09,4.2534803901e-03
75.000000,865.000,25.000000,250.000000,1.6429967430e-02,1.0131490671e-02,1.0591815963e-02,9.3948813603e-01,9.7476185023e-01,3.5273714199e-02,3.1800527451e-02,3.0124717393e-10,4.2523884812e-03
75.000000,865.000,25.000000,255.000000,1.6463508029e-02,1.1627602044e-02,8.7734068571e-03,9.3948813603e-01,9.7476185023e-01,3.5273714199e-02,3.1254166317e-02,5.4374440685e-11,4.2610694270e-03
75.000000,865.000,25.000000,260.000000,1.6537718499e-02,1.2779348618e-02,6.7384551681e-03,9.3948813603e-01,9.7476185023e-01,3.5273714199e-02,3.0760911635e-02,9.4243911781e-12,4.2802765100e-03
75.000000,865.000,25.000000,265.000000,1.6654366599e-02,1.3555749290e-02,4.5497699175e-03,9.3948813603e-01,9.7476185023e-01,3.5273714199e-02,3.0328380481e-02,1.5896210217e-12,4.3104672599e-03
75.000000,865.000,25.000000,270.000000,1.6813993059e-02,1.3937289937e-02,2.2744430190e-03,9.3948813603e-01,9.7476185023e-01,3.5273714199e-02,2.9962230519e-02,2.6448346134e-13,4.3517816280e-03
75.000000,865.000,25.000000,275.000000,1.7015864063e-02,1.3916485322e-02,-1.8193764246e-05,9.3948813603e-01,9.7476185023e-01,3.5273714199e-02,2.9666045051e-02,4.4004194049e-14,4.4040296884e-03
75.000000,865.000,25.000000,280.000000,1.7257962213e-02,1.3498075263e-02,-2.2586769304e-03,9.3948813603e-01,9.7476185023e-01,3.5273714199e-02,2.9441281546e-02,7.4217241243e-15,4.4666893004e-03
75.000000,865.000,25.000000,285.000000,1.7537016504e-02,1.2698849357e-02,-4.3795203522e-03,9.3948813603e-01,9.7476185023e-01,3.5273714199e-02,2.9287284751e-02,1.2862027262e-15,4.5389138654e-03
75.000000,865.000,25.000000,290.000000,1.7848570618e-02,1.1547105814e-02,-6.3172613199e-03,9.3948813603e-01,9.7476185023e-01,3.5273714199e-02,2.9201363565e-02,2.3211156008e-16,4.6195500038e-03
75.000000,865.000,25.000000,295.000000,1.8187087716e-02,1.0081761075e-02,-8.0143813801e-03,9.3948813603e-01,9.7476185023e-01,3.5273714199e-02,2.9178928894e-02,4.4189845219e-17,4.7071646758e-03
75.000000,865.000,25.000000,300.000000,1.8546088764e-02,8.3511375170e-03,-9.4210436634e-03,9.3948813603e-01,9.7476185023e-01,3.5273714199e-02,2.9213687888e-02,8.9880719082e-18,4.8000809842e-03
75.000000,865.000,25.000000,305.000000,1.8918320423e-02,6.4114662899e-03,-1.0496593992e-02,9.3948813603e-01,9.7476185023e-01,3.5273714199e-02,2.9297888225e-02,1.9769331574e-18,4.8964216267e-03
75.000000,865.000,25.000000,310.000000,1.9295947626e-02,4.3251510064e-03,-1.1210780255e-02,9.3948813603e-01,9.7476185023e-01,3.5273714199e-02,2.9422604620e-02,4.7566926271e-19,4.9941587389e-03
75.000000,865.000,25.000000,315.000000,1.9670765194e-02,2.1588452480e-03,-1.1544653127e-02,9.3948813603e-01,9.7476185023e-01,3.5273714199e-02,2.9578058476e-02,1.2656606010e-19,5.0911686640e-03
75.000000,865.000,25.000000,320.000000,2.0034422270e-02,-1.8597495459e-05,-1.1491120899e-02,9.3948813603e-01,9.7476185023e-01,3.5273714199e-02,2.9753960580e-02,3.7619155918e-20,5.1852900411e-03
75.000000,865.000,25.000000,325.000000,2.0378652933e-02,-2.1382389749e-03,-1.1055141719e-02,9.3948813603e-01,9.7476185023e-01,3.5273714199e-02,2.9939866096e-02,1.2606556410e-20,5.2743834926e-03
75.000000,865.000,25.000000,330.000000,2.0695506173e-02,-4.1331719763e-03,-1.0253547588e-02,9.3948813603e-01,9.7476185023e-01,3.5273714199e-02,3.0125530738e-02,4.8028614304e-21,5.3563911455e-03
75.000000,865.000,25.000000,335.000000,2.0977568384e-02,-5.9405723117e-03,-9.1145056443e-03,9.3948813603e-01,9.7476185023e-01,3.5273714199e-02,3.0301257020e-02,2.0956404700e-21,5.4293942178e-03
75.000000,865.000,25.000000,340.000000,2.1218171781e-02,-7.5036245133e-03,-7.6766333139e-03,9.3948813603e-01,9.7476185023e-01,3.5273714199e-02,3.0458219772e-02,1.0538898231e-21,5.4916669593e-03
75.000000,865.000,25.000000,345.000000,2.1411582512e-02,-8.7732625917e-03,-5.9877944343e-03,9.3948813603e-01,9.7476185023e-01,3.5273714199e-02,3.0588760821e-02,6.1406468493e-22,5.5417253398e-03
75.000000,865.000,25.000000,350.000000,2.1553162878e-02,-9.7096728561e-03,-4.1036131638e-03,9.3948813603e-01,9.7476185023e-01,3.5273714199e-02,3.0686643666e-02,4.1625997618e-22,5.5783690350e-03
75.000000,865.000,25.000000,355.000000,2.1639502823e-02,-1.0283513042e-02,-2.0857510702e-03,9.3948813603e-01,9.7476185023e-01,3.5273714199e-02,3.0747260248e-02,3.2925799008e-22,5.6007154571e-03
75.000000,865.000,30.000000,0.000000,2.3904964776e-02,-9.8788211510e-03,-2.8732552729e-18,9.3948813603e-01,9.7476185023e-01,3.5273714199e-02,3.1791844619e-02,2.3469746603e-26,6.1870601564e-03
75.000000,865.000,30.000000,5.000000,2.3864567381e-02,-9.6855969220e-03,2.0361241142e-03,9.3948813603e-01,9.7476185023e-01,3.5273714199e-02,3.1759153749e-02,2.5928329449e-26,6.1766045413e-03
75.000000,865.000,30.000000,10.000000,2.3744389616e-02,-9.1120078117e-03,4.0047869023e-03,9.3948813603e-01,9.7476185023e-01,3.5273714199e-02,3.1662445935e-02,3.4933504126e-26,6.1455002469e-03
75.000000,865.000,30.000000,15.000000,2.3547445533e-02,-8.1761180863e-03,5.8406193956e-03,9.3948813603e-01,9.7476185023e-01,3.5273714199e-02,3.1505771270e-02,5.7269248021e-26,6.0945273675e-03
75.000000,865.000,30.000000,20.000000,2.3278662093e-02,-6.9074189867e-03,7.4823734410e-03,9.3948813603e-01,9.7476185023e-01,3.5273714199e-02,3.1295733620e-02,1.1380768651e-25,6.0249610943e-03
75.000000,865.000,30.000000,25.000000,2.2944737504e-02,-5.3459246259e-03,8.8748243050e-03,9.3948813603e-01,9.7476185023e-01,3.5273714199e-02,3.1041275944e-02,2.7271770694e-25,5.9385350510e-03
75.000000,865.000,30.000000,30.000000,2.2553948878e-02,-3.5409450275e-03,9.9704892963e-03,9.3948813603e-01,9.7476185023e-01,3.5273714199e-02,3.0753389075e-02,7.8279359461e-25,5.8373915120e-03
75.000000,865.000,30.000000,35.000000,2.2115914960e-02,-1.5495736741e-03,1.0731109879e-02,9.3948813603e-01,9.7476185023e-01,3.5273714199e-02,3.0444752960e-02,2.6697859163e-24,5.7240199914e-03
75.000000,865.000,30.000000,40.000000,2.1641321028e-02,5.6506437466e-04,1.1128851942e-02,9.3948813603e-01,9.7476185023e-01,3.5273714199e-02,3.0129321459e-02,1.0718495926e-23,5.6011860432e-03
75.000000,865.000,30.000000,45.000000,2.1141614201e-02,2.7357504308e-03,1.1147187473e-02,9.3948813603e-01,9.7476185023e-01,3.5273714199e-02,2.9821863539e-02,5.0120361757e-23,5.4718523995e-03
75.000000,865.000,30.000000,50.000000,2.0628678252e-02,4.8932371609e-03,1.0781430561e-02,9.3948813603e-01,9.7476185023e-01,3.5273714199e-02,2.9537475065e-02,2.6978001505e-22,5.3390948069e-03
75.000000,865.000,30.000000,55.000000,2.0114497632e-02,6.9683776866e-03,1.0038911202e-02,9.3948813603e-01,9.7476185023e-01,3.5273714199e-02,2.9291076329e-02,1.6502511458e-21,5.2060150698e-03
75.000000,865.000,30.000000,60.000000,1.9610820739e-02,8.8942539199e-03,8.9387813743e-03,9.3948813603e-01,9.7476185023e-01,3.5273714199e-02,2.9096910916e-02,1.1314740152e-20,5.0756538973e-03
75.000000,865.000,30.000000,65.000000,1.9128832435e-02,1.0608239258e-02,7.5114590580e-03,9.3948813603e-01,9.7476185023e-01,3.5273714199e-02,2.8968061495e-02,8.5689773271e-20,4.9509061446e-03
75.000000,865.000,30.000000,70.000000,1.8678845548e-02,1.2053932741e-02,5.7977269018e-03,9.3948813603e-01,9.7476185023e-01,3.5273714199e-02,2.8915997645e-02,7.0585142854e-19,4.8344409685e-03
75.000000,865.000,30.000000,75.000000,1.8270020497e-02,1.3182905658e-02,3.8475127415e-03,9.3948813603e-01,9.7476185023e-01,3.5273714199e-02,2.8950169856e-02,6.2234684730e-18,4.7286292589e-03
75.000000,865.000,30.000000,80.000000,1.7910121288e-02,1.3956207299e-02,1.7183888785e-03,9.3948813603e-01,9.7476185023e-01,3.5273714199e-02,2.9077662504e-02,5.7769524464e-17,4.6354804896e-03
75.000000,865.000,30.000000,85.000000,1.7605315071e-02,1.4345583814e-02,-5.2616440976e-04,9.3948813603e-01,9.7476185023e-01,3.5273714199e-02,2.9302916771e-02,5.5507953049e-16,4.5565908354e-03
75.000000,865.000,30.000000,90.000000,1.7360021031e-02,1.4334372907e-02,-2.8186784614e-03,9.3948813603e-01,9.7476185023e-01,3.5273714199e-02,2.9627532422e-02,5.4266297877e-15,4.4931040663e-03
75.000000,865.000,30.000000,95.000000,1.7176812975e-02,1.3918046877e-02,-5.0897406680e-03,9.3948813603e-01,9.7476185023e-01,3.5273714199e-02,3.0050154937e-02,5.3050927653e-14,4.4456863322e-03
75.000000,865.000,30.000000,100.000000,1.7056378257e-02,1.3104387239e-02,-7.2701016826e-03,9.3948813603e-01,9.7476185023e-01,3.5273714199e-02,3.0566451903e-02,5.0969402968e-13,4.4145155334e-03
75.000000,865.000,30.000000,105.000000,1.6997534029e-02,1.1913285341e-02,-9.2927813853e-03,9.3948813603e-01,9.7476185023e-01,3.5273714199e-02,3.1169179902e-02,4.7304109799e-12,4.3992855266e-03
75.000000,865.000,30.000000,110.000000,1.6997300036e-02,1.0376174743e-02,-1.1095109603e-02,9.3948813603e-01,9.7476185023e-01,3.5273714199e-02,3.1848340331e-02,4.1695524725e-11,4.3992249645e-03
75.000000,865.000,30.000000,115.000000,1.7051025453e-02,8.5351123315e-03,-1.2620639535e-02,9.3948813603e-01,9.7476185023e-01,3.5273714199e-02,3.2591419923e-02,3.4330146463e-10,4.4131301257e-03
75.000000,865.000,30.000000,120.000000,1.7152565654e-02,6.4415358117e-03,-1.3820875680e-02,9.3948813603e-01,9.7476185023e-01,3.5273714199e-02,3.3383709139e-02,2.5982079291e-09,4.4394106636e-03
75.000000,865.000,30.000000,125.000000,1.7294503249e-02,4.1547350628e-03,-1.4656763650e-02,9.3948813603e-01,9.7476185023e-01,3.5273714199e-02,3.4208689226e-02,1.7798271233e-08,4.4761468165e-03
75.000000,865.000,30.000000,130.000000,1.7468406432e-02,1.7400835409e-03,-1.5099896505e-02,9.3948813603e-01,9.7476185023e-01,3.5273714199e-02,3.5048476632e-02,1.0874570296e-07,4.5211562722e-03
75.000000,865.000,30.000000,135.000000,1.7665116521e-02,-7.3291678254e-04,-1.5133400781e-02,9.3948813603e-01,9.7476185023e-01,3.5273714199e-02,3.5884311726e-02,5.8449949306e-07,4.5720685895e-03
75.000000,865.000,30.000000,140.000000,1.7875055733e-02,-3.1927177800e-03,-1.4752475124e-02,9.3948813603e-01,9.7476185023e-01,3.5273714199e-02,3.6697077375e-02,2.7285538656e-06,4.6264048559e-03
75.000000,865.000,30.000000,145.000000,1.8088545604e-02,-5.5678717789e-03,-1.3964564973e-02,9.3948813603e-01,9.7476185023e-01,3.5273714199e-02,3.7467832016e-02,1.0933813562e-05,4.6816601004e-03
75.000000,865.000,30.000000,150.000000,1.8296126174e-02,-7.7891774076e-03,-1.2789167758e-02,9.3948813603e-01,9.7476185023e-01,3.5273714199e-02,3.8178341400e-02,3.7216144435e-05,4.7353859053e-03
75.000000,865.000,30.000000,155.000000,1.8488866053e-02,-9.7917596676e-03,-1.1257274289e-02,9.3948813603e-01,9.7476185023e-01,3.5273714199e-02,3.8811593168e-02,1.0660833074e-04,4.7852706568e-03
75.000000,865.000,30.000000,160.000000,1.8658653767e-02,-1.1517021201e-02,-9.4104630637e-03,9.3948813603e-01,9.7476185023e-01,3.5273714199e-02,3.9352278935e-02,2.5498128265e-04,4.8292149509e-03
75.000000,865.000,30.000000,165.000000,1.8798461385e-02,-1.2914405617e-02,-7.2996747312e-03,9.3948813603e-01,9.7476185023e-01,3.5273714199e-02,3.9787229502e-02,5.0587168143e-04,4.8653998251e-03
75.000000,865.000,30.000000,170.000000,1.8902572283e-02,-1.3942919430e-02,-4.9837036588e-03,9.3948813603e-01,9.7476185023e-01,3.5273714199e-02,4.0105790188e-02,8.2825051395e-04,4.8923457083e-03
75.000000,865.000,30.000000,175.000000,1.8966766017e-02,-1.4572366473e-02,-2.5274521440e-03,9.3948813603e-01,9.7476185023e-01,3.5273714199e-02,4.0300125074e-02,1.1150010239e-03,4.9089602692e-03
75.000000,865.000,30.000000,180.000000,1.8988454606e-02,-1.4784257367e-02,-7.1272647680e-18,9.3948813603e-01,9.7476185023e-01,3.5273714199e-02,4.0365441067e-02,1.2314592312e-03,4.9145736891e-03
75.000000,865.000,30.000000,185.000000,1.8966766017e-02,-1.4572366473e-02,2.5274521440e-03,9.3948813603e-01,9.7476185023e-01,3.5273714199e-02,4.0300125074e-02,1.1150010239e-03,4.9089602692e-03
75.000000,865.000,30.000000,190.000000,1.8902572283e-02,-1.3942919430e-02,4.9837036588e-03,9.3948813603e-01,9.7476185023e-01,3.5273714199e-02,4.0105790188e-02,8.2825051395e-04,4.8923457083e-03
75.000000,865.000,30.000000,195.000000,1.8798461385e-02,-1.2914405617e-02,7.2996747312e-03,9.3948813603e-01,9.7476185023e-01,3.5273714199e-02,3.9787229502e-02,5.0587168143e-04,4.8653998251e-03
75.000000,865.000,30.000000,200.000000,1.8658653767e-02,-1.1517021201e-02,9.4104630637e-03,9.3948813603e-01,9.7476185023e-01,3.5273714199e-02,3.9352278935e-02,2.5498128265e-04,4.8292149509e-03
75.000000,865.000,30.000000,205.000000,1.8488866053e-02,-9.7917596676e-03,1.1257274289e-02,9.3948813603e-01,9.7476185023e-01,3.5273714199e-02,3.8811593168e-02,1.0660833074e-04,4.7852706568e-03
75.000000,865.000,30.000000,210.000000,1.8296126174e-02,-7.7891774076e-03,1.2789167758e-02,9.3948813603e-01,9.7476185023e-01,3.5273714199e-02,3.8178341400e-02,3.7216144435e-05,4.7353859053e-03
75.000000,865.000,30.000000,215.000000,1.8088545604e-02,-5.5678717789e-03,1.3964564973e-02,9.3948813603e-01,9.7476185023e-01,3.5273714199e-02,3.7467832016e-02,1.0933813562e-05,4.6816601004e-03
75.000000,865.000,30.000000,220.000000,1.7875055733e-02,-3.1927177800e-03,1.4752475124e-02,9.3948813603e-01,9.7476185023e-01,3.5273714199e-02,3.6697077375e-02,2.7285538656e-06,4.6264048559e-03
75.000000,865.000,30.000000,225.000000,1.7665116521e-02,-7.3291678254e-04,1.5133400781e-02,9.3948813603e-01,9.7476185023e-01,3.5273714199e-02,3.5884311726e-02,5.8449949306e-07,4.5720685895e-03
75.000000,865.000,30.000000,230.000000,1.7468406432e-02,1.7400835409e-03,1.5099896505e-02,9.3948813603e-01,9.7476185023e-01,3.5273714199e-02,3.5048476632e-02,1.0874570296e-07,4.5211562722e-03
75.000000,865.000,30.000000,235.000000,1.7294503249e-02,4.1547350628e-03,1.4656763650e-02,9.3948813603e-01,9.7476185023e-01,3.5273714199e-02,3.4208689226e-02,1.7798271233e-08,4.4761468165e-03
75.000000,865.000,30.000000,240.000000,1.7152565654e-02,6.4415358117e-03,1.3820875680e-02,9.3948813603e-01,9.7476185023e-01,3.5273714199e-02,3.3383709139e-02,2.5982079291e-09,4.4394106636e-03
75.000000,865.000,30.000000,245.000000,1.7051025453e-02,8.5351123315e-03,1.2620639535e-02,9.3948813603e-01,9.7476185023e-01,3.5273714199e-02,3.2591419923e-02,3.4330146463e-10,4.4131301257e-03
75.000000,865.000,30.000000,250.000000,1.6997300036e-02,1.0376174743e-02,1.1095109603e-02,9.3948813603e-01,9.7476185023e-01,3.5273714199e-02,3.1848340331e-02,4.1695524725e-11,4.3992249645e-03
75.000000,865.000,30.000000,255.000000,1.6997534029e-02,1.1913285341e-02,9.2927813853e-03,9.3948813603e-01,9.7476185023e-01,3.5273714199e-02,3.1169179902e-02,4.7304109799e-12,4.3992855266e-03
75.000000,865.000,30.000000,260.000000,1.7056378257e-02,1.3104387239e-02,7.2701016826e-03,9.3948813603e-01,9.7476185023e-01,3.5273714199e-02,3.0566451903e-02,5.0969402968e-13,4.4145155334e-03
75.000000,865.000,30.000000,265.000000,1.7176812975e-02,1.3918046877e-02,5.0897406680e-03,9.3948813603e-01,9.7476185023e-01,3.5273714199e-02,3.0050154937e-02,5.3050927653e-14,4.4456863322e-03
75.000000,865.000,30.000000,270.000000,1.7360021031e-02,1.4334372907e-02,2.8186784614e-03,9.3948813603e-01,9.7476185023e-01,3.5273714199e-02,2.9627532422e-02,5.4266297877e-15,4.4931040663e-03
75.000000,865.000,30.000000,275.000000,1.7605315071e-02,1.4345583814e-02,5.2616440976e-04,9.3948813603e-01,9.7476185023e-01,3.5273714199e-02,2.9302916771e-02,5.5507953049e-16,4.5565908354e-03
75.000000,865.000,30.000000,280.000000,1.7910121288e-02,1.3956207299e-02,-1.7183888785e-03,9.3948813603e-01,9.7476185023e-01,3.5273714199e-02,2.9077662504e-02,5.7769524464e-17,4.6354804896e-03
75.000000,865.000,30.000000,285.000000,1.8270020497e-02,1.3182905658e-02,-3.8475127415e-03,9.3948813603e-01,9.7476185023e-01,3.5273714199e-02,2.8950169856e-02,6.2234684730e-18,4.7286292589e-03
75.000000,865.000,30.000000,290.000000,1.8678845548e-02,1.2053932741e-02,-5.7977269018e-03,9.3948813603e-01,9.7476185023e-01,3.5273714199e-02,2.8915997645e-02,7.0585142854e-19,4.8344409685e-03
75.000000,865.000,30.000000,295.000000,1.9128832435e-02,1.0608239258e-02,-7.5114590580e-03,9.3948813603e-01,9.7476185023e-01,3.5273714199e-02,2.8968061495e-02,8.5689773271e-20,4.9509061446e-03
75.000000,865.000,30.000000,300.000000,1.9610820739e-02,8.8942539199e-03,-8.9387813743e-03,9.3948813603e-01,9.7476185023e-01,3.5273714199e-02,2.9096910916e-02,1.1314740152e-20,5.0756538973e-03
75.000000,865.000,30.000000,305.000000,2.0114497632e-02,6.9683776866e-03,-1.0038911202e-02,9.3948813603e-01,9.7476185023e-01,3.5273714199e-02,2.9291076329e-02,1.6502511458e-21,5.2060150698e-03
75.000000,865.000,30.000000,310.000000,2.0628678252e-02,4.8932371609e-03,-1.0781430561e-02,9.3948813603e-01,9.7476185023e-01,3.5273714199e-02,2.9537475065e-02,2.6978001505e-22,5.3390948069e-03
75.000000,865.000,30.000000,315.000000,2.1141614201e-02,2.7357504308e-03,-1.1147187473e-02,9.3948813603e-01,9.7476185023e-01,3.5273714199e-02,2.9821863539e-02,5.0120361757e-23,5.4718523995e-03
75.000000,865.000,30.000000,320.000000,2.1641321028e-02,5.6506437466e-04,-1.1128851942e-02,9.3948813603e-01,9.7476185023e-01,3.5273714199e-02,3.0129321459e-02,1.0718495926e-23,5.6011860432e-03
75.000000,865.000,30.000000,325.000000,2.2115914960e-02,-1.5495736741e-03,-1.0731109879e-02,9.3948813603e-01,9.7476185023e-01,3.5273714199e-02,3.0444752960e-02,2.6697859163e-24,5.7240199914e-03
75.000000,865.000,30.000000,330.000000,2.2553948878e-02,-3.5409450275e-03,-9.9704892963e-03,9.3948813603e-01,9.7476185023e-01,3.5273714199e-02,3.0753389075e-02,7.8279359461e-25,5.8373915120e-03
75.000000,865.000,30.000000,335.000000,2.2944737504e-02,-5.3459246259e-03,-8.8748243050e-03,9.3948813603e-01,9.7476185023e-01,3.5273714199e-02,3.1041275944e-02,2.7271770694e-25,5.9385350510e-03
75.000000,865.000,30.000000,340.000000,2.3278662093e-02,-6.9074189867e-03,-7.4823734410e-03,9.3948813603e-01,9.7476185023e-01,3.5273714199e-02,3.1295733620e-02,1.1380768651e-25,6.0249610943e-03
75.000000,865.000,30.000000,345.000000,2.3547445533e-02,-8.1761180863e-03,-5.8406193956e-03,9.3948813603e-01,9.7476185023e-01,3.5273714199e-02,3.1505771270e-02,5.7269248021e-26,6.0945273675e-03
75.000000,865.000,30.000000,350.000000,2.3744389616e-02,-9.1120078117e-03,-4.0047869023e-03,9.3948813603e-01,9.7476185023e-01,3.5273714199e-02,3.1662445935e-02,3.4933504126e-26,6.1455002469e-03
75.000000,865.000,30.000000,355.000000,2.3864567381e-02,-9.6855969220e-03,-2.0361241142e-03,9.3948813603e-01,9.7476185023e-01,3.5273714199e-02,3.1759153749e-02,2.5928329449e-26,6.1766045413e-03
75.000000,865.000,35.000000,0.000000,2.6618813015e-02,-9.3155866350e-03,-2.7938321199e-18,9.3948813603e-01,9.7476185023e-01,3.5273714199e-02,3.3083867109e-02,2.0598774922e-31,6.8894557664e-03
75.000000,865.000,35.000000,5.000000,2.6564661483e-02,-9.1212669903e-03,1.9796145166e-03,9.3948813603e-01,9.7476185023e-01,3.5273714199e-02,3.3037110444e-02,2.3333535988e-31,6.8754403184e-03
75.000000,865.000,35.000000,10.000000,2.6403607379e-02,-8.5444566360e-03,3.8922831748e-03,9.3948813603e-01,9.7476185023e-01,3.5273714199e-02,3.2898664178e-02,3.3883155209e-31,6.8337564491e-03
75.000000,865.000,35.000000,15.000000,2.6139811494e-02,-7.6034126311e-03,5.6731459560e-03,9.3948813603e-01,9.7476185023e-01,3.5273714199e-02,3.2673941018e-02,6.2894390986e-31,6.7654810501e-03
75.000000,865.000,35.000000,20.000000,2.5780074070e-02,-6.3279402189e-03,7.2614507505e-03,9.3948813603e-01,9.7476185023e-01,3.5273714199e-02,3.2371769004e-02,1.4852860868e-30,6.6723741535e-03
75.000000,865.000,35.000000,25.000000,2.5333637424e-02,-4.7584779852e-03,8.6024498249e-03,9.3948813603e-01,9.7476185023e-01,3.5273714199e-02,3.2004108059e-02,4.4332755207e-30,6.5568278471e-03
75.000000,865.000,35.000000,30.000000,2.4811917974e-02,-2.9448563362e-03,9.6491126816e-03,9.3948813603e-01,9.7476185023e-01,3.5273714199e-02,3.1585665440e-02,1.6585384398e-29,6.4217969172e-03
75.000000,865.000,35.000000,35.000000,2.4228175706e-02,-9.4476711626e-04,1.0363602888e-02,9.3948813603e-01,9.7476185023e-01,3.5273714199e-02,3.1133421957e-02,7.6990037534e-29,6.2707133008e-03
75.000000,865.000,35.000000,40.000000,2.3597131005e-02,1.1780090095e-03,1.0718473643e-02,9.3948813603e-01,9.7476185023e-01,3.5273714199e-02,3.0666083549e-02,4.3828873537e-28,6.1073869138e-03
75.000000,865.000,35.000000,45.000000,2.2934540339e-02,3.3555633984e-03,1.0697545394e-02,9.3948813603e-01,9.7476185023e-01,3.5273714199e-02,3.0203475125e-02,3.0195215556e-27,5.9358958305e-03
75.000000,865.000,35.000000,50.000000,2.2256743518e-02,5.5179487456e-03,1.0296438524e-02,9.3948813603e-01,9.7476185023e-01,3.5273714199e-02,2.9765895388e-02,2.4807043837e-26,5.7604691044e-03
75.000000,865.000,35.000000,55.000000,2.1580196078e-02,7.5953331922e-03,9.5227445922e-03,9.3948813603e-01,9.7476185023e-01,3.5273714199e-02,2.9373452556e-02,2.3916601624e-25,5.5853657419e-03
75.000000,865.000,35.000000,60.000000,2.0921000790e-02,9.5201535534e-03,8.3958306477e-03,9.3948813603e-01,9.7476185023e-01,3.5273714199e-02,2.9045401538e-02,2.6595947901e-24,5.4147534470e-03
75.000000,865.000,35.000000,65.000000,2.0294452283e-02,1.1229202006e-02,6.9462822863e-03,9.3948813603e-01,9.7476185023e-01,3.5273714199e-02,2.8799503093e-02,3.3493459925e-23,5.2525907608e-03
75.000000,865.000,35.000000,70.000000,1.9714608355e-02,1.2665582569e-02,5.2150021422e-03,9.3948813603e-01,9.7476185023e-01,3.5273714199e-02,2.8651424866e-02,4.6855838472e-22,5.1025161091e-03
75.000000,865.000,35.000000,75.000000,1.9193900735e-02,1.3780477671e-02,3.2519909876e-03,9.3948813603e-01,9.7476185023e-01,3.5273714199e-02,2.8614202957e-02,7.1369713997e-21,4.9677470601e-03
75.000000,865.000,35.000000,80.000000,1.8742796820e-02,1.4534670814e-02,1.1148482974e-03,9.3948813603e-01,9.7476185023e-01,3.5273714199e-02,2.8697780858e-02,1.1593643640e-19,4.8509927755e-03
75.000000,865.000,35.000000,85.000000,1.8369522378e-02,1.4899778804e-02,-1.1329623132e-03,9.3948813603e-01,9.7476185023e-01,3.5273714199e-02,2.8908640254e-02,1.9664335017e-18,4.7543822409e-03
75.000000,865.000,35.000000,90.000000,1.8079853325e-02,1.4859155764e-02,-3.4240301930e-03,9.3948813603e-01,9.7476185023e-01,3.5273714199e-02,2.9249535422e-02,3.4083603002e-17,4.6794103733e-03
75.000000,865.000,35.000000,95.000000,1.7876982586e-02,1.4408441171e-02,-5.6890391356e-03,9.3948813603e-01,9.7476185023e-01,3.5273714199e-02,2.9719339828e-02,5.9074044785e-16,4.6269035622e-03
75.000000,865.000,35.000000,100.000000,1.7761465761e-02,1.3555734924e-02,-7.8588712587e-03,9.3948813603e-01,9.7476185023e-01,3.5273714199e-02,3.0313010094e-02,1.0018542765e-14,4.5970056079e-03
75.000000,865.000,35.000000,105.000000,1.7731246931e-02,1.2321393817e-02,-9.8667093744e-03,9.3948813603e-01,9.7476185023e-01,3.5273714199e-02,3.1021668985e-02,1.6270617917e-13,4.5891843993e-03
75.000000,865.000,35.000000,110.000000,1.7781763485e-02,1.0737455260e-02,-1.1650073954e-02,9.3948813603e-01,9.7476185023e-01,3.5273714199e-02,3.1832805414e-02,2.4772157840e-12,4.6022590455e-03
75.000000,865.000,35.000000,115.000000,1.7906126463e-02,8.8467054547e-03,-1.3152732740e-02,9.3948813603e-01,9.7476185023e-01,3.5273714199e-02,3.2730585936e-02,3.4630363379e-11,4.6344465526e-03
75.000000,865.000,35.000000,120.000000,1.8095370622e-02,6.7014199982e-03,-1.4326424909e-02,9.3948813603e-01,9.7476185023e-01,3.5273714199e-02,3.3696268761e-02,4.3564454578e-10,4.6834265451e-03
75.000000,865.000,35.000000,125.000000,1.8338766313e-02,4.3618148969e-03,-1.5132347257e-02,9.3948813603e-01,9.7476185023e-01,3.5273714199e-02,3.4708708251e-02,4.8370922103e-09,4.7464219855e-03
75.000000,865.000,35.000000,130.000000,1.8624183395e-02,1.8942547370e-03,-1.5542357128e-02,9.3948813603e-01,9.7476185023e-01,3.5273714199e-02,3.5744935039e-02,4.6539740526e-08,4.8202933620e-03
75.000000,865.000,35.000000,135.000000,1.8938495833e-02,-6.3072782416e-04,-1.5539855330e-02,9.3948813603e-01,9.7476185023e-01,3.5273714199e-02,3.6780794629e-02,3.8136846807e-07,4.9016434073e-03
75.000000,865.000,35.000000,140.000000,1.9268014428e-02,-3.1405413437e-03,-1.5120322009e-02,9.3948813603e-01,9.7476185023e-01,3.5273714199e-02,3.7791625533e-02,2.6193110063e-06,4.9869290952e-03
75.000000,865.000,35.000000,145.000000,1.9598934249e-02,-5.5627098244e-03,-1.4291488961e-02,9.3948813603e-01,9.7476185023e-01,3.5273714199e-02,3.8752956744e-02,1.4859202306e-05,5.0725774473e-03
75.000000,865.000,35.000000,150.000000,1.9917782959e-02,-7.8270460669e-03,-1.3073142875e-02,9.3948813603e-01,9.7476185023e-01,3.5273714199e-02,3.9641203770e-02,6.8717932861e-05,5.1551015661e-03
75.000000,865.000,35.000000,155.000000,2.0211856175e-02,-9.8677583266e-03,-1.1496565202e-02,9.3948813603e-01,9.7476185023e-01,3.5273714199e-02,4.0434342421e-02,2.5609948801e-04,5.2312133150e-03
75.000000,865.000,35.000000,160.000000,2.0469626434e-02,-1.1625426462e-02,-9.6036253452e-03,9.3948813603e-01,9.7476185023e-01,3.5273714199e-02,4.1112540224e-02,7.6162368536e-04,5.2979291673e-03
75.000000,865.000,35.000000,165.000000,2.0681113184e-02,-1.3048787708e-02,-7.4455544060e-03,9.3948813603e-01,9.7476185023e-01,3.5273714199e-02,4.1658726549e-02,1.7928739264e-03,5.3526659660e-03
75.000000,865.000,35.000000,170.000000,2.0838202385e-02,-1.4096277954e-02,-5.0814363813e-03,9.3948813603e-01,9.7476185023e-01,3.5273714199e-02,4.2059084378e-02,3.3196503393e-03,5.3933236430e-03
75.000000,865.000,35.000000,175.000000,2.0934905898e-02,-1.4737281836e-02,-2.5764623059e-03,9.3948813603e-01,9.7476185023e-01,3.5273714199e-02,4.2303448983e-02,4.8128707628e-03,5.4183523539e-03
75.000000,865.000,35.000000,180.000000,2.0967552679e-02,-1.4953053745e-02,-7.2649552861e-18,9.3948813603e-01,9.7476185023e-01,3.5273714199e-02,4.2385601555e-02,5.4488631972e-03,5.4268019625e-03
75.000000,865.000,35.000000,185.000000,2.0934905898e-02,-1.4737281836e-02,2.5764623059e-03,9.3948813603e-01,9.7476185023e-01,3.5273714199e-02,4.2303448983e-02,4.8128707628e-03,5.4183523539e-03
75.000000,865.000,35.000000,190.000000,2.0838202385e-02,-1.4096277954e-02,5.0814363813e-03,9.3948813603e-01,9.7476185023e-01,3.5273714199e-02,4.2059084378e-02,3.3196503393e-03,5.3933236430e-03
75.000000,865.000,35.000000,195.000000,2.0681113184e-02,-1.3048787708e-02,7.4455544060e-03,9.3948813603e-01,9.7476185023e-01,3.5273714199e-02,4.1658726549e-02,1.7928739264e-03,5.3526659660e-03
75.000000,865.000,35.000000,200.000000,2.0469626434e-02,-1.1625426462e-02,9.6036253452e-03,9.3948813603e-01,9.7476185023e-01,3.5273714199e-02,4.1112540224e-02,7.6162368536e-04,5.2979291673e-03
75.000000,865.000,35.000000,205.000000,2.0211856175e-02,-9.8677583266e-03,1.1496565202e-02,9.3948813603e-01,9.7476185023e-01,3.5273714199e-02,4.0434342421e-02,2.5609948801e-04,5.2312133150e-03
75.000000,865.000,35.000000,210.000000,1.9917782959e-02,-7.8270460669e-03,1.3073142875e-02,9.3948813603e-01,9.7476185023e-01,3.5273714199e-02,3.9641203770e-02,6.8717932861e-05,5.1551015661e-03
75.000000,865.000,35.000000,215.000000,1.9598934249e-02,-5.5627098244e-03,1.4291488961e-02,9.3948813603e-01,9.7476185023e-01,3.5273714199e-02,3.8752956744e-02,1.4859202306e-05,5.0725774473e-03
75.000000,865.000,35.000000,220.000000,1.9268014428e-02,-3.1405413437e-03,1.5120322009e-02,9.3948813603e-01,9.7476185023e-01,3.5273714199e-02,3.7791625533e-02,2.6193110063e-06,4.9869290952e-03
75.000000,865.000,35.000000,225.000000,1.8938495833e-02,-6.3072782416e-04,1.5539855330e-02,9.3948813603e-01,9.7476185023e-01,3.5273714199e-02,3.6780794629e-02,3.8136846807e-07,4.9016434073e-03
75.000000,865.000,35.000000,230.000000,1.8624183395e-02,1.8942547370e-03,1.5542357128e-02,9.3948813603e-01,9.7476185023e-01,3.5273714199e-02,3.5744935039e-02,4.6539740526e-08,4.8202933620e-03
75.000000,865.000,35.000000,235.000000,1.8338766313e-02,4.3618148969e-03,1.5132347257e-02,9.3948813603e-01,9.7476185023e-01,3.5273714199e-02,3.4708708251e-02,4.8370922103e-09,4.7464219855e-03
75.000000,865.000,35.000000,240.000000,1.8095370622e-02,6.7014199982e-03,1.4326424909e-02,9.3948813603e-01,9.7476185023e-01,3.5273714199e-02,3.3696268761e-02,4.3564454578e-10,4.6834265451e-03
75.000000,865.000,35.000000,245.000000,1.7906126463e-02,8.8467054547e-03,1.3152732740e-02,9.3948813603e-01,9.7476185023e-01,3.5273714199e-02,3.2730585936e-02,3.4630363379e-11,4.6344465526e-03
75.000000,865.000,35.000000,250.000000,1.7781763485e-02,1.0737455260e-02,1.1650073954e-02,9.3948813603e-01,9.7476185023e-01,3.5273714199e-02,3.1832805414e-02,2.4772157840e-12,4.6022590455e-03
75.000000,865.000,35.000000,255.000000,1.7731246931e-02,1.2321393817e-02,9.8667093744e-03,9.3948813603e-01,9.7476185023e-01,3.5273714199e-02,3.1021668985e-02,1.6270617917e-13,4.5891843993e-03
75.000000,865.000,35.000000,260.000000,1.7761465761e-02,1.3555734924e-02,7.8588712587e-03,9.3948813603e-01,9.7476185023e-01,3.5273714199e-02,3.0313010094e-02,1.0018542765e-14,4.5970056079e-03
75.000000,865.000,35.000000,265.000000,1.7876982586e-02,1.4408441171e-02,5.6890391356e-03,9.3948813603e-01,9.7476185023e-01,3.5273714199e-02,2.9719339828e-02,5.9074044785e-16,4.6269035622e-03
75.000000,865.000,35.000000,270.000000,1.8079853325e-02,1.4859155764e-02,3.4240301930e-03,9.3948813603e-01,9.7476185023e-01,3.5273714199e-02,2.9249535422e-02,3.4083603002e-17,4.6794103733e-03
75.000000,865.000,35.000000,275.000000,1.8369522378e-02,1.4899778804e-02,1.1329623132e-03,9.3948813603e-01,9.7476185023e-01,3.5273714199e-02,2.8908640254e-02,1.9664335017e-18,4.7543822409e-03
75.000000,865.000,35.000000,280.000000,1.8742796820e-02,1.4534670814e-02,-1.1148482974e-03,9.3948813603e-01,9.7476185023e-01,3.5273714199e-02,2.8697780858e-02,1.1593643640e-19,4.8509927755e-03
75.000000,865.000,35.000000,285.000000,1.9193900735e-02,1.3780477671e-02,-3.2519909876e-03,9.3948813603e-01,9.7476185023e-01,3.5273714199e-02,2.8614202957e-02,7.1369713997e-21,4.9677470601e-03
75.000000,865.000,35.000000,290.000000,1.9714608355e-02,1.2665582569e-02,-5.2150021422e-03,9.3948813603e-01,9.7476185023e-01,3.5273714199e-02,2.8651424866e-02,4.6855838472e-22,5.1025161091e-03
75.000000,865.000,35.000000,295.000000,2.0294452283e-02,1.1229202006e-02,-6.9462822863e-03,9.3948813603e-01,9.7476185023e-01,3.5273714199e-02,2.8799503093e-02,3.3493459925e-23,5.2525907608e-03
75.000000,865.000,35.000000,300.000000,2.0921000790e-02,9.5201535534e-03,-8.3958306477e-03,9.3948813603e-01,9.7476185023e-01,3.5273714199e-02,2.9045401538e-02,2.6595947901e-24,5.4147534470e-03
75.000000,865.000,35.000000,305.000000,2.1580196078e-02,7.5953331922e-03,-9.5227445922e-03,9.3948813603e-01,9.7476185023e-01,3.5273714199e-02,2.9373452556e-02,2.3916601624e-25,5.5853657419e-03
75.000000,865.000,35.000000,310.000000,2.2256743518e-02,5.5179487456e-03,-1.0296438524e-02,9.3948813603e-01,9.7476185023e-01,3.5273714199e-02,2.9765895388e-02,2.4807043837e-26,5.7604691044e-03
75.000000,865.000,35.000000,315.000000,2.2934540339e-02,3.3555633984e-03,-1.0697545394e-02,9.3948813603e-01,9.7476185023e-01,3.5273714199e-02,3.0203475125e-02,3.0195215556e-27,5.9358958305e-03
75.000000,865.000,35.000000,320.000000,2.3597131005e-02,1.1780090095e-03,-1.0718473643e-02,9.3948813603e-01,9.7476185023e-01,3.5273714199e-02,3.0666083549e-02,4.3828873537e-28,6.1073869138e-03
75.000000,865.000,35.000000,325.000000,2.4228175706e-02,-9.4476711626e-04,-1.0363602888e-02,9.3948813603e-01,9.7476185023e-01,3.5273714199e-02,3.1133421957e-02,7.6990037534e-29,6.2707133008e-03
75.000000,865.000,35.000000,330.000000,2.4811917974e-02,-2.9448563362e-03,-9.6491126816e-03,9.3948813603e-01,9.7476185023e-01,3.5273714199e-02,3.1585665440e-02,1.6585384398e-29,6.4217969172e-03
75.000000,865.000,35.000000,335.000000,2.5333637424e-02,-4.7584779852e-03,-8.6024498249e-03,9.3948813603e-01,9.7476185023e-01,3.5273714199e-02,3.2004108059e-02,4.4332755207e-30,6.5568278471e-03
75.000000,865.000,35.000000,340.000000,2.5780074070e-02,-6.3279402189e-03,-7.2614507505e-03,9.3948813603e-01,9.7476185023e-01,3.5273714199e-02,3.2371769004e-02,1.4852860868e-30,6.6723741535e-03
75.000000,865.000,35.000000,345.000000,2.6139811494e-02,-7.6034126311e-03,-5.6731459560e-03,9.3948813603e-01,9.7476185023e-01,3.5273714199e-02,3.2673941018e-02,6.2894390986e-31,6.7654810501e-03
75.000000,865.000,35.000000,350.000000,2.6403607379e-02,-8.5444566360e-03,-3.8922831748e-03,9.3948813603e-01,9.7476185023e-01,3.5273714199e-02,3.2898664178e-02,3.3883155209e-31,6.8337564491e-03
75.000000,865.000,35.000000,355.000000,2.6564661483e-02,-9.1212669903e-03,-1.9796145166e-03,9.3948813603e-01,9.7476185023e-01,3.5273714199e-02,3.3037110444e-02,2.3333535988e-31,6.8754403184e-03
75.000000,865.000,40.000000,0.000000,2.9933503804e-02,-8.8327169417e-03,-2.7001321708e-18,9.3948813603e-01,9.7476185023e-01,3.5273714199e-02,3.4592237959e-02,1.0258262349e-37,7.7473608712e-03
75.000000,865.000,40.000000,5.000000,2.9862708373e-02,-8.6354929297e-03,1.9129539200e-03,9.3948813603e-01,9.7476185023e-01,3.5273714199e-02,3.4529992248e-02,1.1976276558e-37,7.7290376652e-03
75.000000,865.000,40.000000,10.000000,2.9652198237e-02,-8.0500876326e-03,3.7596114662e-03,9.3948813603e-01,9.7476185023e-01,3.5273714199e-02,3.4345569079e-02,1.9034923847e-37,7.6745536328e-03
75.000000,865.000,40.000000,15.000000,2.9307546957e-02,-7.0951087678e-03,5.4757528424e-03,9.3948813603e-01,9.7476185023e-01,3.5273714199e-02,3.4045836815e-02,4.1041357671e-37,7.5853513177e-03
75.000000,865.000,40.000000,20.000000,2.8837862410e-02,-5.8009334017e-03,7.0012478381e-03,9.3948813603e-01,9.7476185023e-01,3.5273714199e-02,3.3641999906e-02,1.1933843688e-36,7.4637880118e-03
75.000000,865.000,40.000000,25.000000,2.8255520431e-02,-4.2087746029e-03,8.2819436335e-03,9.3948813603e-01,9.7476185023e-01,3.5273714199e-02,3.3149242478e-02,4.6417413474e-36,7.3130668167e-03
75.000000,865.000,40.000000,30.000000,2.7575803202e-02,-2.3694148184e-03,9.2713695799e-03,9.3948813603e-01,9.7476185023e-01,3.5273714199e-02,3.2586244805e-02,2.3900809837e-35,7.1371430526e-03
75.000000,865.000,40.000000,35.000000,2.6816453271e-02,-3.4164456791e-04,9.9322067018e-03,9.3948813603e-01,9.7476185023e-01,3.5273714199e-02,3.1974587491e-02,1.6089235740e-34,6.9406088287e-03
75.000000,865.000,40.000000,40.000000,2.5997156603e-02,1.8095459670e-03,1.0237476837e-02,9.3948813603e-01,9.7476185023e-01,3.5273714199e-02,3.1338061706e-02,1.3954788018e-33,6.7285592473e-03
75.000000,865.000,40.000000,45.000000,2.5138970201e-02,4.0149673401e-03,1.0171414858e-02,9.3948813603e-01,9.7476185023e-01,3.5273714199e-02,3.0701906677e-02,1.5339589615e-32,6.5064442622e-03
75.000000,865.000,40.000000,50.000000,2.4263711504e-02,6.2033622501e-03,9.7299970810e-03,9.3948813603e-01,9.7476185023e-01,3.5273714199e-02,3.0091997919e-02,2.0982851211e-31,6.2799106422e-03
75.000000,865.000,40.000000,55.000000,2.3393327884e-02,8.3036029773e-03,8.9211094173e-03,9.3948813603e-01,9.7476185023e-01,3.5273714199e-02,2.9534011196e-02,3.5011854679e-30,6.0546387847e-03
75.000000,865.000,40.000000,60.000000,2.2549265146e-02,1.0246887834e-02,7.7643498276e-03,9.3948813603e-01,9.7476185023e-01,3.5273714199e-02,2.9052588008e-02,6.9751635088e-29,5.8361792728e-03
75.000000,865.000,40.000000,65.000000,2.1751853969e-02,1.1968869624e-02,6.2904707439e-03,9.3948813603e-01,9.7476185023e-01,3.5273714199e-02,2.8670528363e-02,1.6217802460e-27,5.6297940736e-03
75.000000,865.000,40.000000,70.000000,2.1019732625e-02,1.3411651145e-02,4.5404781221e-03,9.3948813603e-01,9.7476185023e-01,3.5273714199e-02,2.8408035818e-02,4.2966885449e-26,5.4403071262e-03
75.000000,865.000,40.000000,75.000000,2.0369323206e-02,1.4525586801e-02,2.5644142436e-03,9.3948813603e-01,9.7476185023e-01,3.5273714199e-02,2.8282038191e-02,1.2652036499e-24,5.2719687817e-03
75.000000,865.000,40.000000,80.000000,1.9814376974e-02,1.5270835257e-02,4.1986102921e-04,9.3948813603e-01,9.7476185023e-01,3.5273714199e-02,2.8305605085e-02,4.0355909119e-23,5.1283381278e-03
75.000000,865.000,40.000000,85.000000,1.9365602276e-02,1.5618615621e-02,-1.8297908378e-03,9.3948813603e-01,9.7476185023e-01,3.5273714199e-02,2.8487480446e-02,1.3581459714e-21,5.0121866889e-03
75.000000,865.000,40.000000,90.000000,1.9030386010e-02,1.5552128644e-02,-4.1172545311e-03,9.3948813603e-01,9.7476185023e-01,3.5273714199e-02,2.8831744886e-02,4.6953827256e-20,4.9254263351e-03
75.000000,865.000,40.000000,95.000000,1.8812616738e-02,1.5067114589e-02,-6.3733834313e-03,9.3948813603e-01,9.7476185023e-01,3.5273714199e-02,2.9337618580e-02,1.6232202258e-18,4.8690635000e-03
75.000000,865.000,40.000000,100.000000,1.8712614452e-02,1.4172030449e-02,-8.5292693959e-03,9.3948813603e-01,9.7476185023e-01,3.5273714199e-02,2.9999411288e-02,5.4619933955e-17,4.8431810037e-03
75.000000,865.000,40.000000,105.000000,1.8727168777e-02,1.2887840786e-02,-1.0518339214e-02,9.3948813603e-01,9.7476185023e-01,3.5273714199e-02,3.0806621575e-02,1.7416137291e-15,4.8469479404e-03
75.000000,865.000,40.000000,110.000000,1.8849684076e-02,1.1247428158e-02,-1.2278385524e-02,9.3948813603e-01,9.7476185023e-01,3.5273714199e-02,3.1744182780e-02,5.1250740801e-14,4.8786572329e-03
75.000000,865.000,40.000000,115.000000,1.9070426681e-02,9.2946407094e-03,-1.3753470429e-02,9.3948813603e-01,9.7476185023e-01,3.5273714199e-02,3.2792848810e-02,1.3563317168e-12,4.9357896232e-03
75.000000,865.000,40.000000,120.000000,1.9376866398e-02,7.0830054881e-03,-1.4895643863e-02,9.3948813603e-01,9.7476185023e-01,3.5273714199e-02,3.3929708592e-02,3.1481651030e-11,5.0151020582e-03
75.000000,865.000,40.000000,125.000000,1.9754101547e-02,4.6741462549e-03,-1.5666424349e-02,9.3948813603e-01,9.7476185023e-01,3.5273714199e-02,3.5128814084e-02,6.2562191370e-10,5.1127376992e-03
75.000000,865.000,40.000000,130.000000,2.0185354288e-02,2.1359535088e-03,-1.6037996990e-02,9.3948813603e-01,9.7476185023e-01,3.5273714199e-02,3.6361903283e-02,1.0403629589e-08,5.2243541219e-03
75.000000,865.000,40.000000,135.000000,2.0652520866e-02,-4.5943798365e-04,-1.5994092056e-02,9.3948813603e-01,9.7476185023e-01,3.5273714199e-02,3.7599196751e-02,1.4168966840e-07,5.3452657295e-03
75.000000,865.000,40.000000,140.000000,2.1136759738e-02,-3.0378030130e-03,-1.5530517234e-02,9.3948813603e-01,9.7476185023e-01,3.5273714199e-02,3.8810243949e-02,1.5492564128e-06,5.4705959720e-03
75.000000,865.000,40.000000,145.000000,2.1619099432e-02,-5.5250459514e-03,-1.4655327065e-02,9.3948813603e-01,9.7476185023e-01,3.5273714199e-02,3.9964794084e-02,1.3355409679e-05,5.5954346709e-03
75.000000,865.000,40.000000,150.000000,2.2081047388e-02,-7.8494197912e-03,-1.3388624111e-02,9.3948813603e-01,9.7476185023e-01,3.5273714199e-02,4.1033665451e-02,8.9307571240e-05,5.7149955999e-03
75.000000,865.000,40.000000,155.000000,2.2505181053e-02,-9.9436770181e-03,-1.1761997540e-02,9.3948813603e-01,9.7476185023e-01,3.5273714199e-02,4.1989587205e-02,4.5671932754e-04,5.8247694699e-03
75.000000,865.000,40.000000,160.000000,2.2875703023e-02,-1.1747087189e-02,-9.8176158077e-03,9.3948813603e-01,9.7476185023e-01,3.5273714199e-02,4.2807988352e-02,1.7648051689e-03,5.9206676124e-03
75.000000,865.000,40.000000,165.000000,2.3178943193e-02,-1.3207260107e-02,-7.6070006148e-03,9.3948813603e-01,9.7476185023e-01,3.5273714199e-02,4.3467710275e-02,5.1019249174e-03,5.9991519437e-03
75.000000,865.000,40.000000,170.000000,2.3403792471e-02,-1.4281719361e-02,-5.1895189588e-03,9.3948813603e-01,9.7476185023e-01,3.5273714199e-02,4.3951621405e-02,1.0950231316e-02,6.0573472191e-03
75.000000,865.000,40.000000,175.000000,2.3542054747e-02,-1.4939178567e-02,-2.6306386734e-03,9.3948813603e-01,9.7476185023e-01,3.5273714199e-02,4.4247115583e-02,1.7353449771e-02,6.0931321293e-03
75.000000,865.000,40.000000,180.000000,2.3588706308e-02,-1.5160481634e-02,-7.4171373747e-18,9.3948813603e-01,9.7476185023e-01,3.5273714199e-02,4.4346479126e-02,2.0239414762e-02,6.1052064419e-03
75.000000,865.000,40.000000,185.000000,2.3542054747e-02,-1.4939178567e-02,2.6306386734e-03,9.3948813603e-01,9.7476185023e-01,3.5273714199e-02,4.4247115583e-02,1.7353449771e-02,6.0931321293e-03
75.000000,865.000,40.000000,190.000000,2.3403792471e-02,-1.4281719361e-02,5.1895189588e-03,9.3948813603e-01,9.7476185023e-01,3.5273714199e-02,4.3951621405e-02,1.0950231316e-02,6.0573472191e-03
75.000000,865.000,40.000000,195.000000,2.3178943193e-02,-1.3207260107e-02,7.6070006148e-03,9.3948813603e-01,9.7476185023e-01,3.5273714199e-02,4.3467710275e-02,5.1019249174e-03,5.9991519437e-03
75.000000,865.000,40.000000,200.000000,2.2875703023e-02,-1.1747087189e-02,9.8176158077e-03,9.3948813603e-01,9.7476185023e-01,3.5273714199e-02,4.2807988352e-02,1.7648051689e-03,5.9206676124e-03
75.000000,865.000,40.000000,205.000000,2.2505181053e-02,-9.9436770181e-03,1.1761997540e-02,9.3948813603e-01,9.7476185023e-01,3.5273714199e-02,4.1989587205e-02,4.5671932754e-04,5.8247694699e-03
75.000000,865.000,40.000000,210.000000,2.2081047388e-02,-7.8494197912e-03,1.3388624111e-02,9.3948813603e-01,9.7476185023e-01,3.5273714199e-02,4.1033665451e-02,8.9307571240e-05,5.7149955999e-03
75.000000,865.000,40.000000,215.000000,2.1619099432e-02,-5.5250459514e-03,1.4655327065e-02,9.3948813603e-01,9.7476185023e-01,3.5273714199e-02,3.9964794084e-02,1.3355409679e-05,5.5954346709e-03
75.000000,865.000,40.000000,220.000000,2.1136759738e-02,-3.0378030130e-03,1.5530517234e-02,9.3948813603e-01,9.7476185023e-01,3.5273714199e-02,3.8810243949e-02,1.5492564128e-06,5.4705959720e-03
75.000000,865.000,40.000000,225.000000,2.0652520866e-02,-4.5943798365e-04,1.5994092056e-02,9.3948813603e-01,9.7476185023e-01,3.5273714199e-02,3.7599196751e-02,1.4168966840e-07,5.3452657295e-03
75.000000,865.000,40.000000,230.000000,2.0185354288e-02,2.1359535088e-03,1.6037996990e-02,9.3948813603e-01,9.7476185023e-01,3.5273714199e-02,3.6361903283e-02,1.0403629589e-08,5.2243541219e-03
75.000000,865.000,40.000000,235.000000,1.9754101547e-02,4.6741462549e-03,1.5666424349e-02,9.3948813603e-01,9.7476185023e-01,3.5273714199e-02,3.5128814084e-02,6.2562191370e-10,5.1127376992e-03
75.000000,865.000,40.000000,240.000000,1.9376866398e-02,7.0830054881e-03,1.4895643863e-02,9.3948813603e-01,9.7476185023e-01,3.5273714199e-02,3.3929708592e-02,3.1481651030e-11,5.0151020582e-03
75.000000,865.000,40.000000,245.000000,1.9070426681e-02,9.2946407094e-03,1.3753470429e-02,9.3948813603e-01,9.7476185023e-01,3.5273714199e-02,3.2792848810e-02,1.3563317168e-12,4.9357896232e-03
75.000000,865.000,40.000000,250.000000,1.8849684076e-02,1.1247428158e-02,1.2278385524e-02,9.3948813603e-01,9.7476185023e-01,3.5273714199e-02,3.1744182780e-02,5.1250740801e-14,4.8786572329e-03
75.000000,865.000,40.000000,255.000000,1.8727168777e-02,1.2887840786e-02,1.0518339214e-02,9.3948813603e-01,9.7476185023e-01,3.5273714199e-02,3.0806621575e-02,1.7416137291e-15,4.8469479404e-03
75.000000,865.000,40.000000,260.000000,1.8712614452e-02,1.4172030449e-02,8.5292693959e-03,9.3948813603e-01,9.7476185023e-01,3.5273714199e-02,2.9999411288e-02,5.4619933955e-17,4.8431810037e-03
75.000000,865.000,40.000000,265.000000,1.8812616738e-02,1.5067114589e-02,6.3733834313e-03,9.3948813603e-01,9.7476185023e-01,3.5273714199e-02,2.9337618580e-02,1.6232202258e-18,4.8690635000e-03
75.000000,865.000,40.000000,270.000000,1.9030386010e-02,1.5552128644e-02,4.1172545311e-03,9.3948813603e-01,9.7476185023e-01,3.5273714199e-02,2.8831744886e-02,4.6953827256e-20,4.9254263351e-03
75.000000,865.000,40.000000,275.000000,1.9365602276e-02,1.5618615621e-02,1.8297908378e-03,9.3948813603e-01,9.7476185023e-01,3.5273714199e-02,2.8487480446e-02,1.3581459714e-21,5.0121866889e-03
75.000000,865.000,40.000000,280.000000,1.9814376974e-02,1.5270835257e-02,-4.1986102921e-04,9.3948813603e-01,9.7476185023e-01,3.5273714199e-02,2.8305605085e-02,4.0355909119e-23,5.1283381278e-03
75.000000,865.000,40.000000,285.000000,2.0369323206e-02,1.4525586801e-02,-2.5644142436e-03,9.3948813603e-01,9.7476185023e-01,3.5273714199e-02,2.8282038191e-02,1.2652036499e-24,5.2719687817e-03
75.000000,865.000,40.000000,290.000000,2.1019732625e-02,1.3411651145e-02,-4.5404781221e-03,9.3948813603e-01,9.7476185023e-01,3.5273714199e-02,2.8408035818e-02,4.2966885449e-26,5.4403071262e-03
75.000000,865.000,40.000000,295.000000,2.1751853969e-02,1.1968869624e-02,-6.2904707439e-03,9.3948813603e-01,9.7476185023e-01,3.5273714199e-02,2.8670528363e-02,1.6217802460e-27,5.6297940736e-03
75.000000,865.000,40.000000,300.000000,2.2549265146e-02,1.0246887834e-02,-7.7643498276e-03,9.3948813603e-01,9.7476185023e-01,3.5273714199e-02,2.9052588008e-02,6.9751635088e-29,5.8361792728e-03
75.000000,865.000,40.000000,305.000000,2.3393327884e-02,8.3036029773e-03,-8.9211094173e-03,9.3948813603e-01,9.7476185023e-01,3.5273714199e-02,2.9534011196e-02,3.5011854679e-30,6.0546387847e-03
75.000000,865.000,40.000000,310.000000,2.4263711504e-02,6.2033622501e-03,-9.7299970810e-03,9.3948813603e-01,9.7476185023e-01,3.5273714199e-02,3.0091997919e-02,2.0982851211e-31,6.2799106422e-03
75.000000,865.000,40.000000,315.000000,2.5138970201e-02,4.0149673401e-03,-1.0171414858e-02,9.3948813603e-01,9.7476185023e-01,3.5273714199e-02,3.0701906677e-02,1.5339589615e-32,6.5064442622e-03
75.000000,865.000,40.000000,320.000000,2.5997156603e-02,1.8095459670e-03,-1.0237476837e-02,9.3948813603e-01,9.7476185023e-01,3.5273714199e-02,3.1338061706e-02,1.3954788018e-33,6.7285592473e-03
75.000000,865.000,40.000000,325.000000,2.6816453271e-02,-3.4164456791e-04,-9.9322067018e-03,9.3948813603e-01,9.7476185023e-01,3.5273714199e-02,3.1974587491e-02,1.6089235740e-34,6.9406088287e-03
75.000000,865.000,40.000000,330.000000,2.7575803202e-02,-2.3694148184e-03,-9.2713695799e-03,9.3948813603e-01,9.7476185023e-01,3.5273714199e-02,3.2586244805e-02,2.3900809837e-35,7.1371430526e-03
75.000000,865.000,40.000000,335.000000,2.8255520431e-02,-4.2087746029e-03,-8.2819436335e-03,9.3948813603e-01,9.7476185023e-01,3.5273714199e-02,3.3149242478e-02,4.6417413474e-36,7.3130668167e-03
75.000000,865.000,40.000000,340.000000,2.8837862410e-02,-5.8009334017e-03,-7.0012478381e-03,9.3948813603e-01,9.7476185023e-01,3.5273714199e-02,3.3641999906e-02,1.1933843688e-36,7.4637880118e-03
75.000000,865.000,40.000000,345.000000,2.9307546957e-02,-7.0951087678e-03,-5.4757528424e-03,9.3948813603e-01,9.7476185023e-01,3.5273714199e-02,3.4045836815e-02,4.1041357671e-37,7.5853513177e-03
75.000000,865.000,40.000000,350.000000,2.9652198237e-02,-8.0500876326e-03,-3.7596114662e-03,9.3948813603e-01,9.7476185023e-01,3.5273714199e-02,3.4345569079e-02,1.9034923847e-37,7.6745536328e-03
75.000000,865.000,40.000000,355.000000,2.9862708373e-02,-8.6354929297e-03,-1.9129539200e-03,9.3948813603e-01,9.7476185023e-01,3.5273714199e-02,3.4529992248e-02,1.1976276558e-37,7.7290376652e-03
75.000000,865.000,45.000000,0.000000,3.4045120081e-02,-8.5004607384e-03,-2.5852988308e-18,9.3948813603e-01,9.7476185023e-01,3.5273714199e-02,3.6370099583e-02,1.0677564931e-45,8.8115254698e-03
75.000000,865.000,45.000000,5.000000,3.3953958440e-02,-8.2975098745e-03,1.8312682604e-03,9.3948813603e-01,9.7476185023e-01,3.5273714199e-02,3.6291039622e-02,1.2939304035e-45,8.7879311010e-03
75.000000,865.000,45.000000,10.000000,3.3682940605e-02,-7.6951257494e-03,3.5970943797e-03,9.3948813603e-01,9.7476185023e-01,3.5273714199e-02,3.6056690365e-02,2.2992610531e-45,8.7177865236e-03
75.000000,865.000,45.000000,15.000000,3.3239395175e-02,-6.7125149241e-03,5.2340992268e-03,9.3948813603e-01,9.7476185023e-01,3.5273714199e-02,3.5675454415e-02,5.9647632242e-45,8.6029885190e-03
75.000000,865.000,45.000000,20.000000,3.2635296488e-02,-5.3810315965e-03,6.6829664398e-03,9.3948813603e-01,9.7476185023e-01,3.5273714199e-02,3.5161041292e-02,2.2426285930e-44,8.4466362736e-03
75.000000,865.000,45.000000,25.000000,3.1886912217e-02,-3.7432135191e-03,7.8903176088e-03,9.3948813603e-01,9.7476185023e-01,3.5273714199e-02,3.4532034694e-02,1.2097072000e-43,8.2529401712e-03
75.000000,865.000,45.000000,30.000000,3.1014324975e-02,-1.8514736710e-03,8.8104053513e-03,9.3948813603e-01,9.7476185023e-01,3.5273714199e-02,3.3811305364e-02,9.2419632199e-43,8.0270979744e-03
75.000000,865.000,45.000000,35.000000,3.0040842333e-02,2.3351244257e-04,9.4065722955e-03,9.3948813603e-01,9.7476185023e-01,3.5273714199e-02,3.3025287566e-02,9.8459728635e-42,7.7751421267e-03
75.000000,865.000,45.000000,40.000000,2.8992313028e-02,2.4446747077e-03,9.6524311156e-03,9.3948813603e-01,9.7476185023e-01,3.5273714199e-02,3.2203141382e-02,1.4365253137e-40,7.5037627733e-03
75.000000,865.000,45.000000,45.000000,2.7896369950e-02,4.7106145959e-03,9.5327292605e-03,9.3948813603e-01,9.7476185023e-01,3.5273714199e-02,3.1375826526e-02,2.8121624319e-39,7.2201118324e-03
75.000000,865.000,45.000000,50.000000,2.6781622694e-02,6.9578066397e-03,9.0438716226e-03,9.3948813603e-01,9.7476185023e-01,3.5273714199e-02,3.0575116154e-02,7.2207867068e-38,6.9315940118e-03
75.000000,865.000,45.000000,55.000000,2.5676823964e-02,9.1128680539e-03,8.1940848148e-03,9.3948813603e-01,9.7476185023e-01,3.5273714199e-02,2.9832580940e-02,2.3724639207e-36,6.6456510595e-03
75.000000,865.000,45.000000,60.000000,2.4610034894e-02,1.1104827272e-02,7.0032176446e-03,9.3948813603e-01,9.7476185023e-01,3.5273714199e-02,2.9178574714e-02,9.7125382103e-35,6.3695457312e-03
75.000000,865.000,45.000000,65.000000,2.3607814341e-02,1.2867322169e-02,5.5021834659e-03,9.3948813603e-01,9.7476185023e-01,3.5273714199e-02,2.8641252868e-02,4.8162947743e-33,6.1101519646e-03
75.000000,865.000,45.000000,70.000000,2.2694456462e-02,1.4340660874e-02,3.7320610034e-03,9.3948813603e-01,9.7476185023e-01,3.5273714199e-02,2.8245653827e-02,2.8083126622e-31,5.8737575505e-03
75.000000,865.000,45.000000,75.000000,2.1891299419e-02,1.5473682195e-02,1.7428806691e-03,9.3948813603e-01,9.7476185023e-01,3.5273714199e-02,2.8012871959e-02,1.8668420338e-29,5.6658852118e-03
75.000000,865.000,45.000000,80.000000,2.1216125841e-02,1.6225358794e-02,-4.0786701805e-04,9.3948813603e-01,9.7476185023e-01,3.5273714199e-02,2.7959347579e-02,1.3704060765e-27,5.4911374310e-03
75.000000,865.000,45.000000,85.000000,2.0682672894e-02,1.6566094023e-02,-2.6569558028e-03,9.3948813603e-01,9.7476185023e-01,3.5273714199e-02,2.8096296124e-02,1.0752111875e-25,5.3530696486e-03
75.000000,865.000,45.000000,90.000000,2.0300266469e-02,1.6478672626e-02,-4.9373286336e-03,9.3948813603e-01,9.7476185023e-01,3.5273714199e-02,2.8429294398e-02,8.7224729866e-24,5.2540955828e-03
75.000000,865.000,45.000000,95.000000,2.0073590200e-02,1.5958836046e-02,-7.1801254122e-03,9.3948813603e-01,9.7476185023e-01,3.5273714199e-02,2.8958037012e-02,7.0756035438e-22,5.1954274473e-03
75.000000,865.000,45.000000,100.000000,2.0002595940e-02,1.5015464440e-02,-9.3167720169e-03,9.3948813603e-01,9.7476185023e-01,3.5273714199e-02,2.9676270987e-02,5.5503906341e-20,5.1770527807e-03
75.000000,865.000,45.000000,105.000000,2.0082558006e-02,1.3670359491e-02,-1.1281067149e-02,9.3948813603e-01,9.7476185023e-01,3.5273714199e-02,3.0571911062e-02,4.0725302411e-18,5.1977484863e-03
75.000000,865.000,45.000000,110.000000,2.0304269150e-02,1.1957634195e-02,-1.3011203570e-02,9.3948813603e-01,9.7476185023e-01,3.5273714199e-02,3.1627332792e-02,2.7047261994e-16,5.2551315530e-03
75.000000,865.000,45.000000,115.000000,2.0654371900e-02,9.9227277859e-03,-1.4451662241e-02,9.3948813603e-01,9.7476185023e-01,3.5273714199e-02,3.2819835078e-02,1.5744916442e-14,5.3457448124e-03
75.000000,865.000,45.000000,120.000000,2.1115814805e-02,7.6210753255e-03,-1.5554921692e-02,9.3948813603e-01,9.7476185023e-01,3.5273714199e-02,3.4122258634e-02,7.7869951396e-13,5.4651750245e-03
75.000000,865.000,45.000000,125.000000,2.1668419351e-02,5.1164720012e-03,-1.6282930502e-02,9.3948813603e-01,9.7476185023e-01,3.5273714199e-02,3.5503742150e-02,3.1753804180e-11,5.6081996052e-03
75.000000,865.000,45.000000,130.000000,2.2289539936e-02,2.4791814674e-03,-1.6608297950e-02,9.3948813603e-01,9.7476185023e-01,3.5273714199e-02,3.6930593694e-02,1.0376410926e-09,5.7689574421e-03
75.000000,865.000,45.000000,135.000000,2.2954796511e-02,-2.1615465415e-04,-1.6515166376e-02,9.3948813603e-01,9.7476185023e-01,3.5273714199e-02,3.8367251374e-02,2.6455349382e-08,5.9411385134e-03
75.000000,865.000,45.000000,140.000000,2.3638857264e-02,-2.8927429313e-03,-1.5999738457e-02,9.3948813603e-01,9.7476185023e-01,3.5273714199e-02,3.9777304572e-02,5.1339824492e-07,6.1181864644e-03
75.000000,865.000,45.000000,145.000000,2.4316247275e-02,-5.4739326142e-03,-1.5070443021e-02,9.3948813603e-01,9.7476185023e-01,3.5273714199e-02,4.1124545145e-02,7.4148184505e-06,6.2935079002e-03
75.000000,865.000,45.000000,150.000000,2.4962158248e-02,-7.8855090426e-03,-1.3747733985e-02,9.3948813603e-01,9.7476185023e-01,3.5273714199e-02,4.2374017090e-02,7.8116129429e-05,6.4606819614e-03
75.000000,865.000,45.000000,155.000000,2.5553234464e-02,-1.0057916553e-02,-1.2063528098e-02,9.3948813603e-01,9.7476185023e-01,3.5273714199e-02,4.3493033161e-02,5.8991577024e-04,6.6136637434e-03
75.000000,865.000,45.000000,160.000000,2.6068310822e-02,-1.1928343589e-02,-1.0060298134e-02,9.3948813603e-01,9.7476185023e-01,3.5273714199e-02,4.4452127890e-02,3.1465555088e-03,6.7469753144e-03
75.000000,865.000,45.000000,165.000000,2.6489080322e-02,-1.3442606878e-02,-7.7898485914e-03,9.3948813603e-01,9.7476185023e-01,3.5273714199e-02,4.5225918366e-02,1.1712714491e-02,6.8558784746e-03
75.000000,865.000,45.000000,170.000000,2.6800670536e-02,-1.4556777602e-02,-5.3118106192e-03,9.3948813603e-01,9.7476185023e-01,3.5273714199e-02,4.5793846871e-02,3.0146048434e-02,6.9365239563e-03
75.000000,865.000,45.000000,175.000000,2.6992111387e-02,-1.5238500311e-02,-2.6919013489e-03,9.3948813603e-01,9.7476185023e-01,3.5273714199e-02,4.6140783043e-02,5.3297205935e-02,6.9860724946e-03
75.000000,865.000,45.000000,180.000000,2.7056679903e-02,-1.5467964631e-02,-7.5891911446e-18,9.3948813603e-01,9.7476185023e-01,3.5273714199e-02,4.6257467423e-02,6.4473822205e-02,7.0027840562e-03
75.000000,865.000,45.000000,185.000000,2.6992111387e-02,-1.5238500311e-02,2.6919013489e-03,9.3948813603e-01,9.7476185023e-01,3.5273714199e-02,4.6140783043e-02,5.3297205935e-02,6.9860724946e-03
75.000000,865.000,45.000000,190.000000,2.6800670536e-02,-1.4556777602e-02,5.3118106192e-03,9.3948813603e-01,9.7476185023e-01,3.5273714199e-02,4.5793846871e-02,3.0146048434e-02,6.9365239563e-03
75.000000,865.000,45.000000,195.000000,2.6489080322e-02,-1.3442606878e-02,7.7898485914e-03,9.3948813603e-01,9.7476185023e-01,3.5273714199e-02,4.5225918366e-02,1.1712714491e-02,6.8558784746e-03
75.000000,865.000,45.000000,200.000000,2.6068310822e-02,-1.1928343589e-02,1.0060298134e-02,9.3948813603e-01,9.7476185023e-01,3.5273714199e-02,4.4452127890e-02,3.1465555088e-03,6.7469753144e-03
75.000000,865.000,45.000000,205.000000,2.5553234464e-02,-1.0057916553e-02,1.2063528098e-02,9.3948813603e-01,9.7476185023e-01,3.5273714199e-02,4.3493033161e-02,5.8991577024e-04,6.6136637434e-03
75.000000,865.000,45.000000,210.000000,2.4962158248e-02,-7.8855090426e-03,1.3747733985e-02,9.3948813603e-01,9.7476185023e-01,3.5273714199e-02,4.2374017090e-02,7.8116129429e-05,6.4606819614e-03
75.000000,865.000,45.000000,215.000000,2.4316247275e-02,-5.4739326142e-03,1.5070443021e-02,9.3948813603e-01,9.7476185023e-01,3.5273714199e-02,4.1124545145e-02,7.4148184505e-06,6.2935079002e-03
75.000000,865.000,45.000000,220.000000,2.3638857264e-02,-2.8927429313e-03,1.5999738457e-02,9.3948813603e-01,9.7476185023e-01,3.5273714199e-02,3.9777304572e-02,5.1339824492e-07,6.1181864644e-03
75.000000,865.000,45.000000,225.000000,2.2954796511e-02,-2.1615465415e-04,1.6515166376e-02,9.3948813603e-01,9.7476185023e-01,3.5273714199e-02,3.8367251374e-02,2.6455349382e-08,5.9411385134e-03
75.000000,865.000,45.000000,230.000000,2.2289539936e-02,2.4791814674e-03,1.6608297950e-02,9.3948813603e-01,9.7476185023e-01,3.5273714199e-02,3.6930593694e-02,1.0376410926e-09,5.7689574421e-03
75.000000,865.000,45.000000,235.000000,2.1668419351e-02,5.1164720012e-03,1.6282930502e-02,9.3948813603e-01,9.7476185023e-01,3.5273714199e-02,3.5503742150e-02,3.1753804180e-11,5.6081996052e-03
75.000000,865.000,45.000000,240.000000,2.1115814805e-02,7.6210753255e-03,1.5554921692e-02,9.3948813603e-01,9.7476185023e-01,3.5273714199e-02,3.4122258634e-02,7.7869951396e-13,5.4651750245e-03
75.000000,865.000,45.000000,245.000000,2.0654371900e-02,9.9227277859e-03,1.4451662241e-02,9.3948813603e-01,9.7476185023e-01,3.5273714199e-02,3.2819835078e-02,1.5744916442e-14,5.3457448124e-03
75.000000,865.000,45.000000,250.000000,2.0304269150e-02,1.1957634195e-02,1.3011203570e-02,9.3948813603e-01,9.7476185023e-01,3.5273714199e-02,3.1627332792e-02,2.7047261994e-16,5.2551315530e-03
75.000000,865.000,45.000000,255.000000,2.0082558006e-02,1.3670359491e-02,1.1281067149e-02,9.3948813603e-01,9.7476185023e-01,3.5273714199e-02,3.0571911062e-02,4.0725302411e-18,5.1977484863e-03
75.000000,865.000,45.000000,260.000000,2.0002595940e-02,1.5015464440e-02,9.3167720169e-03,9.3948813603e-01,9.7476185023e-01,3.5273714199e-02,2.9676270987e-02,5.5503906341e-20,5.1770527807e-03
75.000000,865.000,45.000000,265.000000,2.0073590200e-02,1.5958836046e-02,7.1801254122e-03,9.3948813603e-01,9.7476185023e-01,3.5273714199e-02,2.8958037012e-02,7.0756035438e-22,5.1954274473e-03
75.000000,865.000,45.000000,270.000000,2.0300266469e-02,1.6478672626e-02,4.9373286336e-03,9.3948813603e-01,9.7476185023e-01,3.5273714199e-02,2.8429294398e-02,8.7224729866e-24,5.2540955828e-03
75.000000,865.000,45.000000,275.000000,2.0682672894e-02,1.6566094023e-02,2.6569558028e-03,9.3948813603e-01,9.7476185023e-01,3.5273714199e-02,2.8096296124e-02,1.0752111875e-25,5.3530696486e-03
75.000000,865.000,45.000000,280.000000,2.1216125841e-02,1.6225358794e-02,4.0786701805e-04,9.3948813603e-01,9.7476185023e-01,3.5273714199e-02,2.7959347579e-02,1.3704060765e-27,5.4911374310e-03
75.000000,865.000,45.000000,285.000000,2.1891299419e-02,1.5473682195e-02,-1.7428806691e-03,9.3948813603e-01,9.7476185023e-01,3.5273714199e-02,2.8012871959e-02,1.8668420338e-29,5.6658852118e-03
75.000000,865.000,45.000000,290.000000,2.2694456462e-02,1.4340660874e-02,-3.7320610034e-03,9.3948813603e-01,9.7476185023e-01,3.5273714199e-02,2.8245653827e-02,2.8083126622e-31,5.8737575505e-03
75.000000,865.000,45.000000,295.000000,2.3607814341e-02,1.2867322169e-02,-5.5021834659e-03,9.3948813603e-01,9.7476185023e-01,3.5273714199e-02,2.8641252868e-02,4.8162947743e-33,6.1101519646e-03
75.000000,865.000,45.000000,300.000000,2.4610034894e-02,1.1104827272e-02,-7.0032176446e-03,9.3948813603e-01,9.7476185023e-01,3.5273714199e-02,2.9178574714e-02,9.7125382103e-35,6.3695457312e-03
75.000000,865.000,45.000000,305.000000,2.5676823964e-02,9.1128680539e-03,-8.1940848148e-03,9.3948813603e-01,9.7476185023e-01,3.5273714199e-02,2.9832580940e-02,2.3724639207e-36,6.6456510595e-03
75.000000,865.000,45.000000,310.000000,2.6781622694e-02,6.9578066397e-03,-9.0438716226e-03,9.3948813603e-01,9.7476185023e-01,3.5273714199e-02,3.0575116154e-02,7.2207867068e-38,6.9315940118e-03
75.000000,865.000,45.000000,315.000000,2.7896369950e-02,4.7106145959e-03,-9.5327292605e-03,9.3948813603e-01,9.7476185023e-01,3.5273714199e-02,3.1375826526e-02,2.8121624319e-39,7.2201118324e-03
75.000000,865.000,45.000000,320.000000,2.8992313028e-02,2.4446747077e-03,-9.6524311156e-03,9.3948813603e-01,9.7476185023e-01,3.5273714199e-02,3.2203141382e-02,1.4365253137e-40,7.5037627733e-03
75.000000,865.000,45.000000,325.000000,3.0040842333e-02,2.3351244257e-04,-9.4065722955e-03,9.3948813603e-01,9.7476185023e-01,3.5273714199e-02,3.3025287566e-02,9.8459728635e-42,7.7751421267e-03
75.000000,865.000,45.000000,330.000000,3.1014324975e-02,-1.8514736710e-03,-8.8104053513e-03,9.3948813603e-01,9.7476185023e-01,3.5273714199e-02,3.3811305364e-02,9.2419632199e-43,8.0270979744e-03
75.000000,865.000,45.000000,335.000000,3.1886912217e-02,-3.7432135191e-03,-7.8903176088e-03,9.3948813603e-01,9.7476185023e-01,3.5273714199e-02,3.4532034694e-02,1.2097072000e-43,8.2529401712e-03
75.000000,865.000,45.000000,340.000000,3.2635296488e-02,-5.3810315965e-03,-6.6829664398e-03,9.3948813603e-01,9.7476185023e-01,3.5273714199e-02,3.5161041292e-02,2.2426285930e-44,8.4466362736e-03
75.000000,865.000,45.000000,345.000000,3.3239395175e-02,-6.7125149241e-03,-5.2340992268e-03,9.3948813603e-01,9.7476185023e-01,3.5273714199e-02,3.5675454415e-02,5.9647632242e-45,8.6029885190e-03
75.000000,865.000,45.000000,350.000000,3.3682940605e-02,-7.6951257494e-03,-3.5970943797e-03,9.3948813603e-01,9.7476185023e-01,3.5273714199e-02,3.6056690365e-02,2.2992610531e-45,8.7177865236e-03
75.000000,865.000,45.000000,355.000000,3.3953958440e-02,-8.2975098745e-03,-1.8312682604e-03,9.3948813603e-01,9.7476185023e-01,3.5273714199e-02,3.6291039622e-02,1.2939304035e-45,8.7879311010e-03
75.000000,865.000,50.000000,0.000000,3.9279301380e-02,-8.4229861123e-03,-2.4383375637e-18,9.3948813603e-01,9.7476185023e-01,3.5273714199e-02,3.8239543434e-02,5.3232629758e-56,1.0166231276e-02
75.000000,865.000,50.000000,5.000000,3.9162670451e-02,-8.2098894378e-03,1.7267414556e-03,9.3948813603e-01,9.7476185023e-01,3.5273714199e-02,3.8143323804e-02,6.7627774457e-56,1.0136044970e-02
75.000000,865.000,50.000000,10.000000,3.8815993399e-02,-7.5774011742e-03,3.3892100103e-03,9.3948813603e-01,9.7476185023e-01,3.5273714199e-02,3.7858010037e-02,1.3841113006e-55,1.0046318346e-02
75.000000,865.000,50.000000,15.000000,3.8248822218e-02,-6.5457174455e-03,4.9251755191e-03,9.3948813603e-01,9.7476185023e-01,3.5273714199e-02,3.7393532649e-02,4.5387384940e-55,9.8995236428e-03
75.000000,865.000,50.000000,20.000000,3.7476762403e-02,-5.1478076454e-03,6.2764305971e-03,9.3948813603e-01,9.7476185023e-01,3.5273714199e-02,3.6766096217e-02,2.3630392612e-54,9.6996998587e-03
75.000000,865.000,50.000000,25.000000,3.6521011166e-02,-3.4284003325e-03,7.3906470312e-03,9.3948813603e-01,9.7476185023e-01,3.5273714199e-02,3.5997671094e-02,1.9288430392e-53,9.4523332363e-03
75.000000,865.000,50.000000,30.000000,3.5407730586e-02,-1.4426070237e-03,8.2230515256e-03,9.3948813603e-01,9.7476185023e-01,3.5273714199e-02,3.5115303730e-02,2.4290701686e-52,9.1641950196e-03
75.000000,865.000,50.000000,35.000000,3.4167274587e-02,7.4577417028e-04,8.7378692114e-03,9.3948813603e-01,9.7476185023e-01,3.5273714199e-02,3.4150266739e-02,4.6290422480e-51,8.8431413824e-03
75.000000,865.000,50.000000,40.000000,3.2833293079e-02,3.0662233571e-03,8.9094904275e-03,9.3948813603e-01,9.7476185023e-01,3.5273714199e-02,3.3137074732e-02,1.3051815215e-49,8.4978815623e-03
75.000000,865.000,50.000000,45.000000,3.1441740274e-02,5.4436722219e-03,8.7233247133e-03,9.3948813603e-01,9.7476185023e-01,3.5273714199e-02,3.2112396090e-02,5.3077124573e-48,8.1377211942e-03
75.000000,865.000,50.000000,50.000000,3.0029817080e-02,7.8008196648e-03,8.1763154883e-03,9.3948813603e-01,9.7476185023e-01,3.5273714199e-02,3.1113894043e-02,3.0263762250e-46,7.7722885813e-03
75.000000,865.000,50.000000,55.000000,2.8634879434e-02,1.0060519092e-02,7.2770992369e-03,9.3948813603e-01,9.7476185023e-01,3.5273714199e-02,3.0179032599e-02,2.3460129952e-44,7.4112521516e-03
75.000000,865.000,50.000000,60.000000,2.7293345461e-02,1.2148164530e-02,6.0458038573e-03,9.3948813603e-01,9.7476185023e-01,3.5273714199e-02,2.9343883999e-02,2.3918700501e-42,7.0640376098e-03
75.000000,865.000,50.000000,65.000000,2.6039634336e-02,1.3994002748e-02,4.5134918386e-03,9.3948813603e-01,9.7476185023e-01,3.5273714199e-02,2.8641974322e-02,3.0964068452e-40,6.7395532936e-03
75.000000,865.000,50.000000,70.000000,2.4905168744e-02,1.5535300777e-02,2.7212647684e-03,9.3948813603e-01,9.7476185023e-01,3.5273714199e-02,2.8103202791e-02,4.9048742153e-38,6.4459319925e-03
75.000000,865.000,50.000000,75.000000,2.3917470889e-02,1.6718302620e-02,7.1905601303e-04,9.3948813603e-01,9.7476185023e-01,3.5273714199e-02,2.7752868055e-02,9.1480104209e-36,6.1902969767e-03
75.000000,865.000,50.000000,80.000000,2.3099379118e-02,1.7499915297e-02,-1.4358520641e-03,9.3948813603e-01,9.7476185023e-01,3.5273714199e-02,2.7610831554e-02,1.9306378652e-33,5.9785592458e-03
75.000000,865.000,50.000000,85.000000,2.2468408582e-02,1.7849072606e-02,-3.6805415512e-03,9.3948813603e-01,9.7476185023e-01,3.5273714199e-02,2.7690843895e-02,4.4267912840e-31,5.8152520542e-03
75.000000,865.000,50.000000,90.000000,2.2036274922e-02,1.7747734744e-02,-5.9483512505e-03,9.3948813603e-01,9.7476185023e-01,3.5273714199e-02,2.8000055244e-02,1.0581522744e-28,5.7034076329e-03
75.000000,865.000,50.000000,95.000000,2.1808595039e-02,1.7191492986e-02,-8.1708904051e-03,9.3948813603e-01,9.7476185023e-01,3.5273714199e-02,2.8538725147e-02,2.5291792310e-26,5.6444797430e-03
75.000000,865.000,50.000000,100.000000,2.1784773610e-02,1.6189760633e-02,-1.0280112794e-02,9.3948813603e-01,9.7476185023e-01,3.5273714199e-02,2.9300141168e-02,5.7977096258e-24,5.6383143036e-03
75.000000,865.000,50.000000,105.000000,2.1958078359e-02,1.4765543982e-02,-1.2210388206e-02,9.3948813603e-01,9.7476185023e-01,3.5273714199e-02,3.0270749366e-02,1.2227910041e-21,5.6831688731e-03
75.000000,865.000,50.000000,110.000000,2.2315901352e-02,1.2954799836e-02,-1.3900508320e-02,9.3948813603e-01,9.7476185023e-01,3.5273714199e-02,3.1430493202e-02,2.2775738997e-19,5.7757802786e-03
75.000000,865.000,50.000000,115.000000,2.2840197970e-02,1.0805398675e-02,-1.5295565955e-02,9.3948813603e-01,9.7476185023e-01,3.5273714199e-02,3.2753351144e-02,3.5990732371e-17,5.9114782285e-03
75.000000,865.000,50.000000,120.000000,2.3508089764e-02,8.3757245275e-03,-1.6348650444e-02,9.3948813603e-01,9.7476185023e-01,3.5273714199e-02,3.4208057171e-02,4.6407627125e-15,6.0843413448e-03
75.000000,865.000,50.000000,125.000000,2.4292612487e-02,5.7329537053e-03,-1.7022307411e-02,9.3948813603e-01,9.7476185023e-01,3.5273714199e-02,3.5758982827e-02,4.7033374682e-13,6.2873907669e-03
75.000000,865.000,50.000000,130.000000,2.5163586157e-02,2.9510642804e-03,-1.7289718331e-02,9.3948813603e-01,9.7476185023e-01,3.5273714199e-02,3.7367154536e-02,3.6156256636e-11,6.5128153405e-03
75.000000,865.000,50.000000,135.000000,2.6088580331e-02,1.0863640651e-04,-1.7135563725e-02,9.3948813603e-01,9.7476185023e-01,3.5273714199e-02,3.8991375760e-02,2.0390075266e-09,6.7522214492e-03
75.000000,865.000,50.000000,140.000000,2.7033944894e-02,-2.7134900454e-03,-1.6556543391e-02,9.3948813603e-01,9.7476185023e-01,3.5273714199e-02,4.0589420390e-02,8.1792026218e-08,6.9968998028e-03
75.000000,865.000,50.000000,145.000000,2.7965874702e-02,-5.4346297105e-03,-1.5561537436e-02,9.3948813603e-01,9.7476185023e-01,3.5273714199e-02,4.2119261535e-02,2.2693194979e-06,7.2381009859e-03
75.000000,865.000,50.000000,150.000000,2.8851475399e-02,-7.9766647773e-03,-1.4171402776e-02,9.3948813603e-01,9.7476185023e-01,3.5273714199e-02,4.3540298801e-02,4.2477957593e-05,7.4673113127e-03
75.000000,865.000,50.000000,155.000000,2.9659797738e-02,-1.0266383834e-02,-1.2418410763e-02,9.3948813603e-01,9.7476185023e-01,3.5273714199e-02,4.4814547140e-02,5.2499156246e-04,7.6765205285e-03
75.000000,865.000,50.000000,160.000000,3.0362808710e-02,-1.2237675712e-02,-1.0345342492e-02,9.3948813603e-01,9.7476185023e-01,3.5273714199e-02,4.5907751490e-02,4.2072968699e-03,7.8584731571e-03
75.000000,865.000,50.000000,165.000000,3.0936269744e-02,-1.3833511899e-02,-8.0042687003e-03,9.3948813603e-01,9.7476185023e-01,3.5273714199e-02,4.6790393630e-02,2.1546632873e-02,8.0068957943e-03
75.000000,865.000,50.000000,170.000000,3.1360495083e-02,-1.5007657500e-02,-5.4550507198e-03,9.3948813603e-01,9.7476185023e-01,3.5273714199e-02,4.7438560941e-02,6.9734101135e-02,8.1166933914e-03
75.000000,865.000,50.000000,175.000000,3.1620967138e-02,-1.5726058897e-02,-2.7636073983e-03,9.3948813603e-01,9.7476185023e-01,3.5273714199e-02,4.7834650854e-02,1.4151905506e-01,8.1841085199e-03
75.000000,865.000,50.000000,180.000000,3.1708789986e-02,-1.5967866118e-02,-7.7905268550e-18,9.3948813603e-01,9.7476185023e-01,3.5273714199e-02,4.7967889778e-02,1.7926324862e-01,8.2068387456e-03
75.000000,865.000,50.000000,185.000000,3.1620967138e-02,-1.5726058897e-02,2.7636073983e-03,9.3948813603e-01,9.7476185023e-01,3.5273714199e-02,4.7834650854e-02,1.4151905506e-01,8.1841085199e-03
75.000000,865.000,50.000000,190.000000,3.1360495083e-02,-1.5007657500e-02,5.4550507198e-03,9.3948813603e-01,9.7476185023e-01,3.5273714199e-02,4.7438560941e-02,6.9734101135e-02,8.1166933914e-03
75.000000,865.000,50.000000,195.000000,3.0936269744e-02,-1.3833511899e-02,8.0042687003e-03,9.3948813603e-01,9.7476185023e-01,3.5273714199e-02,4.6790393630e-02,2.1546632873e-02,8.0068957943e-03
75.000000,865.000,50.000000,200.000000,3.0362808710e-02,-1.2237675712e-02,1.0345342492e-02,9.3948813603e-01,9.7476185023e-01,3.5273714199e-02,4.5907751490e-02,4.2072968699e-03,7.8584731571e-03
75.000000,865.000,50.000000,205.000000,2.9659797738e-02,-1.0266383834e-02,1.2418410763e-02,9.3948813603e-01,9.7476185023e-01,3.5273714199e-02,4.4814547140e-02,5.2499156246e-04,7.6765205285e-03
75.000000,865.000,50.000000,210.000000,2.8851475399e-02,-7.9766647773e-03,1.4171402776e-02,9.3948813603e-01,9.7476185023e-01,3.5273714199e-02,4.3540298801e-02,4.2477957593e-05,7.4673113127e-03
75.000000,865.000,50.000000,215.000000,2.7965874702e-02,-5.4346297105e-03,1.5561537436e-02,9.3948813603e-01,9.7476185023e-01,3.5273714199e-02,4.2119261535e-02,2.2693194979e-06,7.2381009859e-03
75.000000,865.000,50.000000,220.000000,2.7033944894e-02,-2.7134900454e-03,1.6556543391e-02,9.3948813603e-01,9.7476185023e-01,3.5273714199e-02,4.0589420390e-02,8.1792026218e-08,6.9968998028e-03
75.000000,865.000,50.000000,225.000000,2.6088580331e-02,1.0863640651e-04,1.7135563725e-02,9.3948813603e-01,9.7476185023e-01,3.5273714199e-02,3.8991375760e-02,2.0390075266e-09,6.7522214492e-03
75.000000,865.000,50.000000,230.000000,2.5163586157e-02,2.9510642804e-03,1.7289718331e-02,9.3948813603e-01,9.7476185023e-01,3.5273714199e-02,3.7367154536e-02,3.6156256636e-11,6.5128153405e-03
75.000000,865.000,50.000000,235.000000,2.4292612487e-02,5.7329537053e-03,1.7022307411e-02,9.3948813603e-01,9.7476185023e-01,3.5273714199e-02,3.5758982827e-02,4.7033374682e-13,6.2873907669e-03
75.000000,865.000,50.000000,240.000000,2.3508089764e-02,8.3757245275e-03,1.6348650444e-02,9.3948813603e-01,9.7476185023e-01,3.5273714199e-02,3.4208057171e-02,4.6407627125e-15,6.0843413448e-03
75.000000,865.000,50.000000,245.000000,2.2840197970e-02,1.0805398675e-02,1.5295565955e-02,9.3948813603e-01,9.7476185023e-01,3.5273714199e-02,3.2753351144e-02,3.5990732371e-17,5.9114782285e-03
75.000000,865.000,50.000000,250.000000,2.2315901352e-02,1.2954799836e-02,1.3900508320e-02,9.3948813603e-01,9.7476185023e-01,3.5273714199e-02,3.1430493202e-02,2.2775738997e-19,5.7757802786e-03
75.000000,865.000,50.000000,255.000000,2.1958078359e-02,1.4765543982e-02,1.2210388206e-02,9.3948813603e-01,9.7476185023e-01,3.5273714199e-02,3.0270749366e-02,1.2227910041e-21,5.6831688731e-03
75.000000,865.000,50.000000,260.000000,2.1784773610e-02,1.6189760633e-02,1.0280112794e-02,9.3948813603e-01,9.7476185023e-01,3.5273714199e-02,2.9300141168e-02,5.7977096258e-24,5.6383143036e-03
75.000000,865.000,50.000000,265.000000,2.1808595039e-02,1.7191492986e-02,8.1708904051e-03,9.3948813603e-01,9.7476185023e-01,3.5273714199e-02,2.8538725147e-02,2.5291792310e-26,5.6444797430e-03
75.000000,865.000,50.000000,270.000000,2.2036274922e-02,1.7747734744e-02,5.9483512505e-03,9.3948813603e-01,9.7476185023e-01,3.5273714199e-02,2.8000055244e-02,1.0581522744e-28,5.7034076329e-03
75.000000,865.000,50.000000,275.000000,2.2468408582e-02,1.7849072606e-02,3.6805415512e-03,9.3948813603e-01,9.7476185023e-01,3.5273714199e-02,2.7690843895e-02,4.4267912840e-31,5.8152520542e-03
75.000000,865.000,50.000000,280.000000,2.3099379118e-02,1.7499915297e-02,1.4358520641e-03,9.3948813603e-01,9.7476185023e-01,3.5273714199e-02,2.7610831554e-02,1.9306378652e-33,5.9785592458e-03
75.000000,865.000,50.000000,285.000000,2.3917470889e-02,1.6718302620e-02,-7.1905601303e-04,9.3948813603e-01,9.7476185023e-01,3.5273714199e-02,2.7752868055e-02,9.1480104209e-36,6.1902969767e-03
75.000000,865.000,50.000000,290.000000,2.4905168744e-02,1.5535300777e-02,-2.7212647684e-03,9.3948813603e-01,9.7476185023e-01,3.5273714199e-02,2.8103202791e-02,4.9048742153e-38,6.4459319925e-03
75.000000,865.000,50.000000,295.000000,2.6039634336e-02,1.3994002748e-02,-4.5134918386e-03,9.3948813603e-01,9.7476185023e-01,3.5273714199e-02,2.8641974322e-02,3.0964068452e-40,6.7395532936e-03
75.000000,865.000,50.000000,300.000000,2.7293345461e-02,1.2148164530e-02,-6.0458038573e-03,9.3948813603e-01,9.7476185023e-01,3.5273714199e-02,2.9343883999e-02,2.3918700501e-42,7.0640376098e-03
75.000000,865.000,50.000000,305.000000,2.8634879434e-02,1.0060519092e-02,-7.2770992369e-03,9.3948813603e-01,9.7476185023e-01,3.5273714199e-02,3.0179032599e-02,2.3460129952e-44,7.4112521516e-03
75.000000,865.000,50.000000,310.000000,3.0029817080e-02,7.8008196648e-03,-8.1763154883e-03,9.3948813603e-01,9.7476185023e-01,3.5273714199e-02,3.1113894043e-02,3.0263762250e-46,7.7722885813e-03
75.000000,865.000,50.000000,315.000000,3.1441740274e-02,5.4436722219e-03,-8.7233247133e-03,9.3948813603e-01,9.7476185023e-01,3.5273714199e-02,3.2112396090e-02,5.3077124573e-48,8.1377211942e-03
75.000000,865.000,50.000000,320.000000,3.2833293079e-02,3.0662233571e-03,-8.9094904275e-03,9.3948813603e-01,9.7476185023e-01,3.5273714199e-02,3.3137074732e-02,1.3051815215e-49,8.4978815623e-03
75.000000,865.000,50.000000,325.000000,3.4167274587e-02,7.4577417028e-04,-8.7378692114e-03,9.3948813603e-01,9.7476185023e-01,3.5273714199e-02,3.4150266739e-02,4.6290422480e-51,8.8431413824e-03
75.000000,865.000,50.000000,330.000000,3.5407730586e-02,-1.4426070237e-03,-8.2230515256e-03,9.3948813603e-01,9.7476185023e-01,3.5273714199e-02,3.5115303730e-02,2.4290701686e-52,9.1641950196e-03
75.000000,865.000,50.000000,335.000000,3.6521011166e-02,-3.4284003325e-03,-7.3906470312e-03,9.3948813603e-01,9.7476185023e-01,3.5273714199e-02,3.5997671094e-02,1.9288430392e-53,9.4523332363e-03
75.000000,865.000,50.000000,340.000000,3.7476762403e-02,-5.1478076454e-03,-6.2764305971e-03,9.3948813603e-01,9.7476185023e-01,3.5273714199e-02,3.6766096217e-02,2.3630392612e-54,9.6996998587e-03
75.000000,865.000,50.000000,345.000000,3.8248822218e-02,-6.5457174455e-03,-4.9251755191e-03,9.3948813603e-01,9.7476185023e-01,3.5273714199e-02,3.7393532649e-02,4.5387384940e-55,9.8995236428e-03
75.000000,865.000,50.000000,350.000000,3.8815993399e-02,-7.5774011742e-03,-3.3892100103e-03,9.3948813603e-01,9.7476185023e-01,3.5273714199e-02,3.7858010037e-02,1.3841113006e-55,1.0046318346e-02
75.000000,865.000,50.000000,355.000000,3.9162670451e-02,-8.2098894378e-03,-1.7267414556e-03,9.3948813603e-01,9.7476185023e-01,3.5273714199e-02,3.8143323804e-02,6.7627774457e-56,1.0136044970e-02
75.000000,865.000,55.000000,0.000000,4.6182003397e-02,-8.7400084109e-03,-2.2414803771e-18,9.3948813603e-01,9.7476185023e-01,3.5273714199e-02,4.0146498046e-02,1.3443904291e-69,1.1952782020e-02
75.000000,865.000,55.000000,5.000000,4.6032530097e-02,-8.5098826631e-03,1.5867402835e-03,9.3948813603e-01,9.7476185023e-01,3.5273714199e-02,4.0033285604e-02,1.8162373512e-69,1.1914095483e-02
75.000000,865.000,55.000000,10.000000,4.5588302047e-02,-7.8268461464e-03,3.1108590940e-03,9.3948813603e-01,9.7476185023e-01,3.5273714199e-02,3.9697490010e-02,4.4680146930e-69,1.1799120804e-02
75.000000,865.000,55.000000,15.000000,4.4861770091e-02,-6.7126953438e-03,4.5117473425e-03,9.3948813603e-01,9.7476185023e-01,3.5273714199e-02,3.9150516677e-02,1.9877442875e-68,1.1611080497e-02
75.000000,865.000,55.000000,20.000000,4.3873273723e-02,-5.2030122838e-03,5.7327587290e-03,9.3948813603e-01,9.7476185023e-01,3.5273714199e-02,3.8410978998e-02,1.5810725321e-67,1.1355238811e-02
75.000000,865.000,55.000000,25.000000,4.2650436291e-02,-3.3460702388e-03,6.7230380762e-03,9.3948813603e-01,9.7476185023e-01,3.5273714199e-02,3.7504117610e-02,2.2131010892e-66,1.1038745194e-02
75.000000,865.000,55.000000,30.000000,4.1227344028e-02,-1.2013486829e-03,7.4391712251e-03,9.3948813603e-01,9.7476185023e-01,3.5273714199e-02,3.6461012394e-02,5.3425354946e-65,1.0670421813e-02
75.000000,865.000,55.000000,35.000000,3.9643533720e-02,1.1622972289e-03,7.8466055641e-03,9.3948813603e-01,9.7476185023e-01,3.5273714199e-02,3.5317611291e-02,2.1708190080e-63,1.0260501542e-02
75.000000,865.000,55.000000,40.000000,3.7942819581e-02,3.6687568646e-03,7.9207972564e-03,9.3948813603e-01,9.7476185023e-01,3.5273714199e-02,3.4113605677e-02,1.4432490443e-61,9.8203243324e-03
75.000000,865.000,55.000000,45.000000,3.6171994776e-02,6.2370093661e-03,7.6480495692e-03,9.3948813603e-01,9.7476185023e-01,3.5273714199e-02,3.2891186681e-02,1.5205009750e-59,9.3620011474e-03
75.000000,865.000,55.000000,50.000000,3.4379446792e-02,8.7836224404e-03,7.0260161258e-03,9.3948813603e-01,9.7476185023e-01,3.5273714199e-02,3.1693720557e-02,2.4497986874e-57,8.8980555899e-03
75.000000,865.000,55.000000,55.000000,3.2613728441e-02,1.1225328483e-02,6.0638531275e-03,9.3948813603e-01,9.7476185023e-01,3.5273714199e-02,3.0564383649e-02,5.8069475185e-55,8.4410540524e-03
75.000000,865.000,55.000000,60.000000,3.0922127609e-02,1.3481599451e-02,4.7820153051e-03,9.3948813603e-01,9.7476185023e-01,3.5273714199e-02,2.9544798815e-02,1.9424541619e-52,8.0032355404e-03
75.000000,865.000,55.000000,65.000000,2.9349278862e-02,1.5477141899e-02,3.2117012337e-03,9.3948813603e-01,9.7476185023e-01,3.5273714199e-02,2.8673715112e-02,8.7725589090e-50,7.5961523296e-03
75.000000,865.000,55.000000,70.000000,2.7935858723e-02,1.7144236016e-02,1.3939643576e-03,9.3948813603e-01,9.7476185023e-01,3.5273714199e-02,2.7985771295e-02,5.1060379813e-47,7.2303322788e-03
75.000000,865.000,55.000000,75.000000,2.6717403874e-02,1.8424847186e-02,-6.2148371277e-04,9.3948813603e-01,9.7476185023e-01,3.5273714199e-02,2.7510381149e-02,3.6492846919e-44,6.9149729584e-03
75.000000,865.000,55.000000,80.000000,2.5723287787e-02,1.9272445510e-02,-2.7777416573e-03,9.3948813603e-01,9.7476185023e-01,3.5273714199e-02,2.7270774990e-02,3.0465644419e-41,6.6576767820e-03
75.000000,865.000,55.000000,85.000000,2.4975886432e-02,1.9653477586e-02,-5.0124143565e-03,9.3948813603e-01,9.7476185023e-01,3.5273714199e-02,2.7283226962e-02,2.8228702951e-38,6.4642350770e-03
75.000000,865.000,55.000000,90.000000,2.4489957985e-02,1.9548445367e-02,-7.2594849772e-03,9.3948813603e-01,9.7476185023e-01,3.5273714199e-02,2.7556492100e-02,2.7560798825e-35,6.3384675403e-03
75.000000,865.000,55.000000,95.000000,2.4272254923e-02,1.8952558882e-02,-9.4513065339e-03,9.3948813603e-01,9.7476185023e-01,3.5273714199e-02,2.8091470812e-02,2.6906435620e-32,6.2821218415e-03
75.000000,865.000,55.000000,100.000000,2.4321379829e-02,1.7875942515e-02,-1.1520652520e-02,9.3948813603e-01,9.7476185023e-01,3.5273714199e-02,2.8881111468e-02,2.4922173021e-29,6.2948363029e-03
75.000000,865.000,55.000000,105.000000,2.4627888833e-02,1.6343388132e-02,-1.3402764337e-02,9.3948813603e-01,9.7476185023e-01,3.5273714199e-02,2.9910554621e-02,2.0787462094e-26,6.3741666707e-03
75.000000,865.000,55.000000,110.000000,2.5174639070e-02,1.4393662064e-02,-1.5037333285e-02,9.3948813603e-01,9.7476185023e-01,3.5273714199e-02,3.1157514991e-02,1.4828791576e-23,6.5156760449e-03
75.000000,865.000,55.000000,115.000000,2.5937369147e-02,1.2078386577e-02,-1.6370356763e-02,9.3948813603e-01,9.7476185023e-01,3.5273714199e-02,3.2592890148e-02,8.6011035912e-21,6.7130851150e-03
75.000000,865.000,55.000000,120.000000,2.6885494524e-02,9.4605293387e-03,-1.7355812122e-02,9.3948813603e-01,9.7476185023e-01,3.5273714199e-02,3.4181577902e-02,3.8621795730e-18,6.9584780198e-03
75.000000,865.000,55.000000,125.000000,2.7983093201e-02,6.6125463528e-03,-1.7957097047e-02,9.3948813603e-01,9.7476185023e-01,3.5273714199e-02,3.5883478099e-02,1.2806860361e-15,7.2425574613e-03
75.000000,865.000,55.000000,130.000000,2.9190051328e-02,3.6142343488e-03,-1.8148192379e-02,9.3948813603e-01,9.7476185023e-01,3.5273714199e-02,3.7654648849e-02,2.9984439582e-13,7.5549412111e-03
75.000000,865.000,55.000000,135.000000,3.0463333520e-02,5.5035747820e-04,-1.7914511680e-02,9.3948813603e-01,9.7476185023e-01,3.5273714199e-02,3.9448582552e-02,4.7523523335e-11,7.8844908923e-03
75.000000,865.000,55.000000,140.000000,3.1758338892e-02,-2.4918799651e-03,-1.7253411249e-02,9.3948813603e-01,9.7476185023e-01,3.5273714199e-02,4.1217563385e-02,4.9045220181e-09,8.2196629461e-03
75.000000,865.000,55.000000,145.000000,3.3030301231e-02,-5.4254383764e-03,-1.6174344610e-02,9.3948813603e-01,9.7476185023e-01,3.5273714199e-02,4.2914065428e-02,3.1817075717e-07,8.5488710241e-03
75.000000,865.000,55.000000,150.000000,3.4235690432e-02,-8.1660464180e-03,-1.4698656202e-02,9.3948813603e-01,9.7476185023e-01,3.5273714199e-02,4.4492149356e-02,1.2576166823e-05,8.8608487060e-03
75.000000,865.000,55.000000,155.000000,3.5333572293e-02,-1.0634724549e-02,-1.2859019921e-02,9.3948813603e-01,9.7476185023e-01,3.5273714199e-02,4.5908815597e-02,2.9484197607e-04,9.1450014409e-03
75.000000,865.000,55.000000,160.000000,3.6286885077e-02,-1.2760152108e-02,-1.0698538914e-02,9.3948813603e-01,9.7476185023e-01,3.5273714199e-02,4.7125273183e-02,4.0093380322e-03,9.3917369453e-03
75.000000,865.000,55.000000,165.000000,3.7063593794e-02,-1.4480806285e-02,-8.2695332820e-03,9.3948813603e-01,9.7476185023e-01,3.5273714199e-02,4.8108086020e-02,3.1064586999e-02,9.5927639538e-03
75.000000,865.000,55.000000,170.000000,3.7637686929e-02,-1.5746808190e-02,-5.6320517682e-03,9.3948813603e-01,9.7476185023e-01,3.5273714199e-02,4.8830161999e-02,1.3531937975e-01,9.7413501910e-03
75.000000,865.000,55.000000,175.000000,3.7989985141e-02,-1.6521420116e-02,-2.8521518939e-03,9.3948813603e-01,9.7476185023e-01,3.5273714199e-02,4.9271555090e-02,3.2836777826e-01,9.8325316777e-03
75.000000,865.000,55.000000,180.000000,3.8108737226e-02,-1.6782148635e-02,-8.0390827705e-18,9.3948813603e-01,9.7476185023e-01,3.5273714199e-02,4.9420056221e-02,4.4151651289e-01,9.8632669789e-03
75.000000,865.000,55.000000,185.000000,3.7989985141e-02,-1.6521420116e-02,2.8521518939e-03,9.3948813603e-01,9.7476185023e-01,3.5273714199e-02,4.9271555090e-02,3.2836777826e-01,9.8325316777e-03
75.000000,865.000,55.000000,190.000000,3.7637686929e-02,-1.5746808190e-02,5.6320517682e-03,9.3948813603e-01,9.7476185023e-01,3.5273714199e-02,4.8830161999e-02,1.3531937975e-01,9.7413501910e-03
75.000000,865.000,55.000000,195.000000,3.7063593794e-02,-1.4480806285e-02,8.2695332820e-03,9.3948813603e-01,9.7476185023e-01,3.5273714199e-02,4.8108086020e-02,3.1064586999e-02,9.5927639538e-03
75.000000,865.000,55.000000,200.000000,3.6286885077e-02,-1.2760152108e-02,1.0698538914e-02,9.3948813603e-01,9.7476185023e-01,3.5273714199e-02,4.7125273183e-02,4.0093380322e-03,9.3917369453e-03
75.000000,865.000,55.000000,205.000000,3.5333572293e-02,-1.0634724549e-02,1.2859019921e-02,9.3948813603e-01,9.7476185023e-01,3.5273714199e-02,4.5908815597e-02,2.9484197607e-04,9.1450014409e-03
75.000000,865.000,55.000000,210.000000,3.4235690432e-02,-8.1660464180e-03,1.4698656202e-02,9.3948813603e-01,9.7476185023e-01,3.5273714199e-02,4.4492149356e-02,1.2576166823e-05,8.8608487060e-03
75.000000,865.000,55.000000,215.000000,3.3030301231e-02,-5.4254383764e-03,1.6174344610e-02,9.3948813603e-01,9.7476185023e-01,3.5273714199e-02,4.2914065428e-02,3.1817075717e-07,8.5488710241e-03
75.000000,865.000,55.000000,220.000000,3.1758338892e-02,-2.4918799651e-03,1.7253411249e-02,9.3948813603e-01,9.7476185023e-01,3.5273714199e-02,4.1217563385e-02,4.9045220181e-09,8.2196629461e-03
75.000000,865.000,55.000000,225.000000,3.0463333520e-02,5.5035747820e-04,1.7914511680e-02,9.3948813603e-01,9.7476185023e-01,3.5273714199e-02,3.9448582552e-02,4.7523523335e-11,7.8844908923e-03
75.000000,865.000,55.000000,230.000000,2.9190051328e-02,3.6142343488e-03,1.8148192379e-02,9.3948813603e-01,9.7476185023e-01,3.5273714199e-02,3.7654648849e-02,2.9984439582e-13,7.5549412111e-03
75.000000,865.000,55.000000,235.000000,2.7983093201e-02,6.6125463528e-03,1.7957097047e-02,9.3948813603e-01,9.7476185023e-01,3.5273714199e-02,3.5883478099e-02,1.2806860361e-15,7.2425574613e-03
75.000000,865.000,55.000000,240.000000,2.6885494524e-02,9.4605293387e-03,1.7355812122e-02,9.3948813603e-01,9.7476185023e-01,3.5273714199e-02,3.4181577902e-02,3.8621795730e-18,6.9584780198e-03
75.000000,865.000,55.000000,245.000000,2.5937369147e-02,1.2078386577e-02,1.6370356763e-02,9.3948813603e-01,9.7476185023e-01,3.5273714199e-02,3.2592890148e-02,8.6011035912e-21,6.7130851150e-03
75.000000,865.000,55.000000,250.000000,2.5174639070e-02,1.4393662064e-02,1.5037333285e-02,9.3948813603e-01,9.7476185023e-01,3.5273714199e-02,3.1157514991e-02,1.4828791576e-23,6.5156760449e-03
75.000000,865.000,55.000000,255.000000,2.4627888833e-02,1.6343388132e-02,1.3402764337e-02,9.3948813603e-01,9.7476185023e-01,3.5273714199e-02,2.9910554621e-02,2.0787462094e-26,6.3741666707e-03
75.000000,865.000,55.000000,260.000000,2.4321379829e-02,1.7875942515e-02,1.1520652520e-02,9.3948813603e-01,9.7476185023e-01,3.5273714199e-02,2.8881111468e-02,2.4922173021e-29,6.2948363029e-03
75.000000,865.000,55.000000,265.000000,2.4272254923e-02,1.8952558882e-02,9.4513065339e-03,9.3948813603e-01,9.7476185023e-01,3.5273714199e-02,2.8091470812e-02,2.6906435620e-32,6.2821218415e-03
75.000000,865.000,55.000000,270.000000,2.4489957985e-02,1.9548445367e-02,7.2594849772e-03,9.3948813603e-01,9.7476185023e-01,3.5273714199e-02,2.7556492100e-02,2.7560798825e-35,6.3384675403e-03
75.000000,865.000,55.000000,275.000000,2.4975886432e-02,1.9653477586e-02,5.0124143565e-03,9.3948813603e-01,9.7476185023e-01,3.5273714199e-02,2.7283226962e-02,2.8228702951e-38,6.4642350770e-03
75.000000,865.000,55.000000,280.000000,2.5723287787e-02,1.9272445510e-02,2.7777416573e-03,9.3948813603e-01,9.7476185023e-01,3.5273714199e-02,2.7270774990e-02,3.0465644419e-41,6.6576767820e-03
75.000000,865.000,55.000000,285.000000,2.6717403874e-02,1.8424847186e-02,6.2148371277e-04,9.3948813603e-01,9.7476185023e-01,3.5273714199e-02,2.7510381149e-02,3.6492846919e-44,6.9149729584e-03
75.000000,865.000,55.000000,290.000000,2.7935858723e-02,1.7144236016e-02,-1.3939643576e-03,9.3948813603e-01,9.7476185023e-01,3.5273714199e-02,2.7985771295e-02,5.1060379813e-47,7.2303322788e-03
75.000000,865.000,55.000000,295.000000,2.9349278862e-02,1.5477141899e-02,-3.2117012337e-03,9.3948813603e-01,9.7476185023e-01,3.5273714199e-02,2.8673715112e-02,8.7725589090e-50,7.5961523296e-03
75.000000,865.000,55.000000,300.000000,3.0922127609e-02,1.3481599451e-02,-4.7820153051e-03,9.3948813603e-01,9.7476185023e-01,3.5273714199e-02,2.9544798815e-02,1.9424541619e-52,8.0032355404e-03
75.000000,865.000,55.000000,305.000000,3.2613728441e-02,1.1225328483e-02,-6.0638531275e-03,9.3948813603e-01,9.7476185023e-01,3.5273714199e-02,3.0564383649e-02,5.8069475185e-55,8.4410540524e-03
75.000000,865.000,55.000000,310.000000,3.4379446792e-02,8.7836224404e-03,-7.0260161258e-03,9.3948813603e-01,9.7476185023e-01,3.5273714199e-02,3.1693720557e-02,2.4497986874e-57,8.8980555899e-03
75.000000,865.000,55.000000,315.000000,3.6171994776e-02,6.2370093661e-03,-7.6480495692e-03,9.3948813603e-01,9.7476185023e-01,3.5273714199e-02,3.2891186681e-02,1.5205009750e-59,9.3620011474e-03
75.000000,865.000,55.000000,320.000000,3.7942819581e-02,3.6687568646e-03,-7.9207972564e-03,9.3948813603e-01,9.7476185023e-01,3.5273714199e-02,3.4113605677e-02,1.4432490443e-61,9.8203243324e-03
75.000000,865.000,55.000000,325.000000,3.9643533720e-02,1.1622972289e-03,-7.8466055641e-03,9.3948813603e-01,9.7476185023e-01,3.5273714199e-02,3.5317611291e-02,2.1708190080e-63,1.0260501542e-02
75.000000,865.000,55.000000,330.000000,4.1227344028e-02,-1.2013486829e-03,-7.4391712251e-03,9.3948813603e-01,9.7476185023e-01,3.5273714199e-02,3.6461012394e-02,5.3425354946e-65,1.0670421813e-02
75.000000,865.000,55.000000,335.000000,4.2650436291e-02,-3.3460702388e-03,-6.7230380762e-03,9.3948813603e-01,9.7476185023e-01,3.5273714199e-02,3.7504117610e-02,2.2131010892e-66,1.1038745194e-02
75.000000,865.000,55.000000,340.000000,4.3873273723e-02,-5.2030122838e-03,-5.7327587290e-03,9.3948813603e-01,9.7476185023e-01,3.5273714199e-02,3.8410978998e-02,1.5810725321e-67,1.1355238811e-02
75.000000,865.000,55.000000,345.000000,4.4861770091e-02,-6.7126953438e-03,-4.5117473425e-03,9.3948813603e-01,9.7476185023e-01,3.5273714199e-02,3.9150516677e-02,1.9877442875e-68,1.1611080497e-02
75.000000,865.000,55.000000,350.000000,4.5588302047e-02,-7.8268461464e-03,-3.1108590940e-03,9.3948813603e-01,9.7476185023e-01,3.5273714199e-02,3.9697490010e-02,4.4680146930e-69,1.1799120804e-02
75.000000,865.000,55.000000,355.000000,4.6032530097e-02,-8.5098826631e-03,-1.5867402835e-03,9.3948813603e-01,9.7476185023e-01,3.5273714199e-02,4.0033285604e-02,1.8162373512e-69,1.1914095483e-02
75.000000,865.000,60.000000,0.000000,5.5646237096e-02,-9.6267824659e-03,-1.9670638964e-18,9.3948813603e-01,9.7476185023e-01,3.5273714199e-02,4.2213965788e-02,4.8778533464e-88,1.4402305949e-02
75.000000,865.000,60.000000,5.000000,5.5453005419e-02,-9.3688678364e-03,1.3915934369e-03,9.3948813603e-01,9.7476185023e-01,3.5273714199e-02,4.2083762635e-02,7.1569661266e-88,1.4352293911e-02
75.000000,865.000,60.000000,10.000000,5.4878814386e-02,-8.6033261963e-03,2.7229451973e-03,9.3948813603e-01,9.7476185023e-01,3.5273714199e-02,4.1697478692e-02,2.2540132285e-87,1.4203682336e-02
75.000000,865.000,60.000000,15.000000,5.3940011552e-02,-7.3545122874e-03,3.9357806953e-03,9.3948813603e-01,9.7476185023e-01,3.5273714199e-02,4.1067956270e-02,1.5104338848e-86,1.3960702283e-02
75.000000,865.000,60.000000,20.000000,5.2663299677e-02,-5.6621850107e-03,4.9756987160e-03,9.3948813603e-01,9.7476185023e-01,3.5273714199e-02,4.0216155856e-02,2.1225052934e-85,1.3630264934e-02
75.000000,865.000,60.000000,25.000000,5.1084939249e-02,-3.5802855648e-03,5.7939579340e-03,9.3948813603e-01,9.7476185023e-01,3.5273714199e-02,3.9170505287e-02,6.1294970211e-84,1.3221755196e-02
75.000000,865.000,60.000000,30.000000,4.9249665992e-02,-1.1752792854e-03,6.3490883696e-03,9.3948813603e-01,9.7476185023e-01,3.5273714199e-02,3.7966016611e-02,3.5454317877e-82,1.2746751524e-02
75.000000,865.000,60.000000,35.000000,4.7209356116e-02,1.4758882838e-03,6.6082778270e-03,9.3948813603e-01,9.7476185023e-01,3.5273714199e-02,3.6643197598e-02,3.9821778104e-80,1.2218680470e-02
75.000000,865.000,60.000000,40.000000,4.5021479674e-02,4.2881588005e-03,6.5484902258e-03,9.3948813603e-01,9.7476185023e-01,3.5273714199e-02,3.5246791175e-02,8.3776813018e-78,1.1652416378e-02
75.000000,865.000,60.000000,45.000000,4.2747388789e-02,7.1709798567e-03,6.1572809234e-03,9.3948813603e-01,9.7476185023e-01,3.5273714199e-02,3.3824381311e-02,3.1692137725e-75,1.1063838347e-02
75.000000,865.000,60.000000,50.000000,4.0450492508e-02,1.0031095204e-02,5.4332833760e-03,9.3948813603e-01,9.7476185023e-01,3.5273714199e-02,3.2424907965e-02,2.0603638548e-72,1.0469357845e-02
75.000000,865.000,60.000000,55.000000,3.8194373443e-02,1.2775421398e-02,4.3863515249e-03,9.3948813603e-01,9.7476185023e-01,3.5273714199e-02,3.1097136539e-02,2.1910997785e-69,9.8854312628e-03
75.000000,865.000,60.000000,60.000000,3.6040903084e-02,1.5313923129e-02,3.0373528160e-03,9.3948813603e-01,9.7476185023e-01,3.5273714199e-02,2.9888128647e-02,3.6145569713e-66,9.3280721209e-03
75.000000,865.000,60.000000,65.000000,3.4048412703e-02,1.7562399509e-02,1.4176174361e-03,9.3948813603e-01,9.7476185023e-01,3.5273714199e-02,2.8841761044e-02,8.7425287249e-63,8.8123776629e-03
75.000000,865.000,60.000000,70.000000,3.2269975027e-02,1.9445096281e-02,-4.3194013240e-04,9.3948813603e-01,9.7476185023e-01,3.5273714199e-02,2.7997338104e-02,2.9219642831e-59,8.3520841219e-03
75.000000,865.000,60.000000,75.000000,3.0751848490e-02,2.0897064162e-02,-2.4620011068e-03,9.3948813603e-01,9.7476185023e-01,3.5273714199e-02,2.7388340410e-02,1.2687649106e-55,7.9591640612e-03
75.000000,865.000,60.000000,80.000000,2.9532130890e-02,2.1866191235e-02,-4.6162885759e-03,9.3948813603e-01,9.7476185023e-01,3.5273714199e-02,2.7041347926e-02,6.7160177865e-52,7.6434779167e-03
75.000000,865.000,60.000000,85.000000,2.8639662919e-02,2.2314847183e-02,-6.8332363069e-03,9.3948813603e-01,9.7476185023e-01,3.5273714199e-02,2.6975170914e-02,4.0603731159e-48,7.4124902087e-03
75.000000,865.000,60.000000,90.000000,2.8093214411e-02,2.2221088956e-02,-9.0478297937e-03,9.3948813603e-01,9.7476185023e-01,3.5273714199e-02,2.7200215477e-02,2.6241303987e-44,7.2710589277e-03
75.000000,865.000,60.000000,95.000000,2.7900977558e-02,2.1579390749e-02,-1.1193563832e-02,9.3948813603e-01,9.7476185023e-01,3.5273714199e-02,2.7718103483e-02,1.6957222504e-40,7.2213043689e-03
75.000000,865.000,60.000000,100.000000,2.8060382009e-02,2.0400875635e-02,-1.3204457282e-02,9.3948813603e-01,9.7476185023e-01,3.5273714199e-02,2.8521558899e-02,1.0247095377e-36,7.2625612767e-03
75.000000,865.000,60.000000,105.000000,2.8558236986e-02,1.8713041332e-02,-1.5017063832e-02,9.3948813603e-01,9.7476185023e-01,3.5273714199e-02,2.9594564489e-02,5.4174517091e-33,7.3914156266e-03
75.000000,865.000,60.000000,110.000000,2.9371195609e-02,1.6558987953e-02,-1.6572417650e-02,9.3948813603e-01,9.7476185023e-01,3.5273714199e-02,3.0912784590e-02,2.3461765745e-29,7.6018248012e-03
75.000000,865.000,60.000000,115.000000,3.0466526833e-02,1.3996170711e-02,-1.7817854632e-02,9.3948813603e-01,9.7476185023e-01,3.5273714199e-02,3.2444241629e-02,7.8034722077e-26,7.8853173825e-03
75.000000,865.000,60.000000,120.000000,3.1803171076e-02,1.1094715015e-02,-1.8708653717e-02,9.3948813603e-01,9.7476185023e-01,3.5273714199e-02,3.4150226278e-02,1.8722317280e-22,8.2312663692e-03
75.000000,865.000,60.000000,125.000000,3.3333046997e-02,7.9353446901e-03,-1.9209448069e-02,9.3948813603e-01,9.7476185023e-01,3.5273714199e-02,3.5986414081e-02,3.0506243529e-19,8.6272273941e-03
75.000000,865.000,60.000000,130.000000,3.5002569253e-02,4.6069858075e-03,-1.9295362847e-02,9.3948813603e-01,9.7476185023e-01,3.5273714199e-02,3.7904155063e-02,3.1876126827e-16,9.0593315502e-03
75.000000,865.000,60.000000,135.000000,3.6754330710e-02,1.2041185197e-03,-1.8952844528e-02,9.3948813603e-01,9.7476185023e-01,3.5273714199e-02,3.9851897586e-02,2.0240090128e-13,9.5127207778e-03
75.000000,865.000,60.000000,140.000000,3.8528897563e-02,-2.1760430593e-03,-1.8180155998e-02,9.3948813603e-01,9.7476185023e-01,3.5273714199e-02,4.1776703589e-02,7.4308955356e-11,9.9720124760e-03
75.000000,865.000,60.000000,145.000000,4.0266662442e-02,-5.4364576196e-03,-1.6987521766e-02,9.3948813603e-01,9.7476185023e-01,3.5273714199e-02,4.3625809574e-02,1.5080118065e-08,1.0421779123e-02
75.000000,865.000,60.000000,150.000000,4.1909698846e-02,-8.4831621062e-03,-1.5396918163e-02,9.3948813603e-01,9.7476185023e-01,3.5273714199e-02,4.5348186256e-02,1.6256691799e-06,1.0847028236e-02
75.000000,865.000,60.000000,155.000000,4.3403560213e-02,-1.1228087902e-02,-1.3441514134e-02,9.3948813603e-01,9.7476185023e-01,3.5273714199e-02,4.6896049833e-02,8.9975879681e-05,1.1233668008e-02
75.000000,865.000,60.000000,160.000000,4.4698968684e-02,-1.3591702471e-02,-1.1164778802e-02,9.3948813603e-01,9.7476185023e-01,3.5273714199e-02,4.8226279243e-02,2.4859665185e-03,1.1568944392e-02
75.000000,865.000,60.000000,165.000000,4.5753341970e-02,-1.5505396455e-02,-8.6192820302e-03,9.3948813603e-01,9.7476185023e-01,3.5273714199e-02,4.9301696624e-02,3.3541861749e-02,1.1841836279e-02
75.000000,865.000,60.000000,170.000000,4.6532111714e-02,-1.6913543920e-02,-5.8652235084e-03,9.3948813603e-01,9.7476185023e-01,3.5273714199e-02,5.0092172276e-02,2.1746705842e-01,1.2043396720e-02
75.000000,865.000,60.000000,175.000000,4.7009793103e-02,-1.7775173343e-02,-2.9687340887e-03,9.3948813603e-01,9.7476185023e-01,3.5273714199e-02,5.0575520762e-02,6.7024245151e-01,1.2167029761e-02
75.000000,865.000,60.000000,180.000000,4.7170773080e-02,-1.8065198694e-02,-8.3662861112e-18,9.3948813603e-01,9.7476185023e-01,3.5273714199e-02,5.0738161051e-02,9.7602451789e-01,1.2208694445e-02
75.000000,865.000,60.000000,185.000000,4.7009793103e-02,-1.7775173343e-02,2.9687340887e-03,9.3948813603e-01,9.7476185023e-01,3.5273714199e-02,5.0575520762e-02,6.7024245151e-01,1.2167029761e-02
75.000000,865.000,60.000000,190.000000,4.6532111714e-02,-1.6913543920e-02,5.8652235084e-03,9.3948813603e-01,9.7476185023e-01,3.5273714199e-02,5.0092172276e-02,2.1746705842e-01,1.2043396720e-02
75.000000,865.000,60.000000,195.000000,4.5753341970e-02,-1.5505396455e-02,8.6192820302e-03,9.3948813603e-01,9.7476185023e-01,3.5273714199e-02,4.9301696624e-02,3.3541861749e-02,1.1841836279e-02
75.000000,865.000,60.000000,200.000000,4.4698968684e-02,-1.3591702471e-02,1.1164778802e-02,9.3948813603e-01,9.7476185023e-01,3.5273714199e-02,4.8226279243e-02,2.4859665185e-03,1.1568944392e-02
75.000000,865.000,60.000000,205.000000,4.3403560213e-02,-1.1228087902e-02,1.3441514134e-02,9.3948813603e-01,9.7476185023e-01,3.5273714199e-02,4.6896049833e-02,8.9975879681e-05,1.1233668008e-02
75.000000,865.000,60.000000,210.000000,4.1909698846e-02,-8.4831621062e-03,1.5396918163e-02,9.3948813603e-01,9.7476185023e-01,3.5273714199e-02,4.5348186256e-02,1.6256691799e-06,1.0847028236e-02
75.000000,865.000,60.000000,215.000000,4.0266662442e-02,-5.4364576196e-03,1.6987521766e-02,9.3948813603e-01,9.7476185023e-01,3.5273714199e-02,4.3625809574e-02,1.5080118065e-08,1.0421779123e-02
75.000000,865.000,60.000000,220.000000,3.8528897563e-02,-2.1760430593e-03,1.8180155998e-02,9.3948813603e-01,9.7476185023e-01,3.5273714199e-02,4.1776703589e-02,7.4308955356e-11,9.9720124760e-03
75.000000,865.000,60.000000,225.000000,3.6754330710e-02,1.2041185197e-03,1.8952844528e-02,9.3948813603e-01,9.7476185023e-01,3.5273714199e-02,3.9851897586e-02,2.0240090128e-13,9.5127207778e-03
75.000000,865.000,60.000000,230.000000,3.5002569253e-02,4.6069858075e-03,1.9295362847e-02,9.3948813603e-01,9.7476185023e-01,3.5273714199e-02,3.7904155063e-02,3.1876126827e-16,9.0593315502e-03
75.000000,865.000,60.000000,235.000000,3.3333046997e-02,7.9353446901e-03,1.9209448069e-02,9.3948813603e-01,9.7476185023e-01,3.5273714199e-02,3.5986414081e-02,3.0506243529e-19,8.6272273941e-03
75.000000,865.000,60.000000,240.000000,3.1803171076e-02,1.1094715015e-02,1.8708653717e-02,9.3948813603e-01,9.7476185023e-01,3.5273714199e-02,3.4150226278e-02,1.8722317280e-22,8.2312663692e-03
75.000000,865.000,60.000000,245.000000,3.0466526833e-02,1.3996170711e-02,1.7817854632e-02,9.3948813603e-01,9.7476185023e-01,3.5273714199e-02,3.2444241629e-02,7.8034722077e-26,7.8853173825e-03
75.000000,865.000,60.000000,250.000000,2.9371195609e-02,1.6558987953e-02,1.6572417650e-02,9.3948813603e-01,9.7476185023e-01,3.5273714199e-02,3.0912784590e-02,2.3461765745e-29,7.6018248012e-03
75.000000,865.000,60.000000,255.000000,2.8558236986e-02,1.8713041332e-02,1.5017063832e-02,9.3948813603e-01,9.7476185023e-01,3.5273714199e-02,2.9594564489e-02,5.4174517091e-33,7.3914156266e-03
75.000000,865.000,60.000000,260.000000,2.8060382009e-02,2.0400875635e-02,1.3204457282e-02,9.3948813603e-01,9.7476185023e-01,3.5273714199e-02,2.8521558899e-02,1.0247095377e-36,7.2625612767e-03
75.000000,865.000,60.000000,265.000000,2.7900977558e-02,2.1579390749e-02,1.1193563832e-02,9.3948813603e-01,9.7476185023e-01,3.5273714199e-02,2.7718103483e-02,1.6957222504e-40,7.2213043689e-03
75.000000,865.000,60.000000,270.000000,2.8093214411e-02,2.2221088956e-02,9.0478297937e-03,9.3948813603e-01,9.7476185023e-01,3.5273714199e-02,2.7200215477e-02,2.6241303987e-44,7.2710589277e-03
75.000000,865.000,60.000000,275.000000,2.8639662919e-02,2.2314847183e-02,6.8332363069e-03,9.3948813603e-01,9.7476185023e-01,3.5273714199e-02,2.6975170914e-02,4.0603731159e-48,7.4124902087e-03
75.000000,865.000,60.000000,280.000000,2.9532130890e-02,2.1866191235e-02,4.6162885759e-03,9.3948813603e-01,9.7476185023e-01,3.5273714199e-02,2.7041347926e-02,6.7160177865e-52,7.6434779167e-03
75.000000,865.000,60.000000,285.000000,3.0751848490e-02,2.0897064162e-02,2.4620011068e-03,9.3948813603e-01,9.7476185023e-01,3.5273714199e-02,2.7388340410e-02,1.2687649106e-55,7.9591640612e-03
75.000000,865.000,60.000000,290.000000,3.2269975027e-02,1.9445096281e-02,4.3194013240e-04,9.3948813603e-01,9.7476185023e-01,3.5273714199e-02,2.7997338104e-02,2.9219642831e-59,8.3520841219e-03
75.000000,865.000,60.000000,295.000000,3.4048412703e-02,1.7562399509e-02,-1.4176174361e-03,9.3948813603e-01,9.7476185023e-01,3.5273714199e-02,2.8841761044e-02,8.7425287249e-63,8.8123776629e-03
75.000000,865.000,60.000000,300.000000,3.6040903084e-02,1.5313923129e-02,-3.0373528160e-03,9.3948813603e-01,9.7476185023e-01,3.5273714199e-02,2.9888128647e-02,3.6145569713e-66,9.3280721209e-03
75.000000,865.000,60.000000,305.000000,3.8194373443e-02,1.2775421398e-02,-4.3863515249e-03,9.3948813603e-01,9.7476185023e-01,3.5273714199e-02,3.1097136539e-02,2.1910997785e-69,9.8854312628e-03
75.000000,865.000,60.000000,310.000000,4.0450492508e-02,1.0031095204e-02,-5.4332833760e-03,9.3948813603e-01,9.7476185023e-01,3.5273714199e-02,3.2424907965e-02,2.0603638548e-72,1.0469357845e-02
75.000000,865.000,60.000000,315.000000,4.2747388789e-02,7.1709798567e-03,-6.1572809234e-03,9.3948813603e-01,9.7476185023e-01,3.5273714199e-02,3.3824381311e-02,3.1692137725e-75,1.1063838347e-02
75.000000,865.000,60.000000,320.000000,4.5021479674e-02,4.2881588005e-03,-6.5484902258e-03,9.3948813603e-01,9.7476185023e-01,3.5273714199e-02,3.5246791175e-02,8.3776813018e-78,1.1652416378e-02
75.000000,865.000,60.000000,325.000000,4.7209356116e-02,1.4758882838e-03,-6.6082778270e-03,9.3948813603e-01,9.7476185023e-01,3.5273714199e-02,3.6643197598e-02,3.9821778104e-80,1.2218680470e-02
75.000000,865.000,60.000000,330.000000,4.9249665992e-02,-1.1752792854e-03,-6.3490883696e-03,9.3948813603e-01,9.7476185023e-01,3.5273714199e-02,3.7966016611e-02,3.5454317877e-82,1.2746751524e-02
75.000000,865.000,60.000000,335.000000,5.1084939249e-02,-3.5802855648e-03,-5.7939579340e-03,9.3948813603e-01,9.7476185023e-01,3.5273714199e-02,3.9170505287e-02,6.1294970211e-84,1.3221755196e-02
75.000000,865.000,60.000000,340.000000,5.2663299677e-02,-5.6621850107e-03,-4.9756987160e-03,9.3948813603e-01,9.7476185023e-01,3.5273714199e-02,4.0216155856e-02,2.1225052934e-85,1.3630264934e-02
75.000000,865.000,60.000000,345.000000,5.3940011552e-02,-7.3545122874e-03,-3.9357806953e-03,9.3948813603e-01,9.7476185023e-01,3.5273714199e-02,4.1067956270e-02,1.5104338848e-86,1.3960702283e-02
75.000000,865.000,60.000000,350.000000,5.4878814386e-02,-8.6033261963e-03,-2.7229451973e-03,9.3948813603e-01,9.7476185023e-01,3.5273714199e-02,4.1697478692e-02,2.2540132285e-87,1.4203682336e-02
75.000000,865.000,60.000000,355.000000,5.5453005419e-02,-9.3688678364e-03,-1.3915934369e-03,9.3948813603e-01,9.7476185023e-01,3.5273714199e-02,4.2083762635e-02,7.1569661266e-88,1.4352293911e-02
75.000000,865.000,65.000000,0.000000,6.9144879388e-02,-1.1251787608e-02,-1.5720339583e-18,9.3948813603e-01,9.7476185023e-01,3.5273714199e-02,4.4078897336e-02,6.7952743664e-114,1.7896011657e-02
75.000000,865.000,65.000000,5.000000,6.8891434744e-02,-1.0949475402e-02,1.1106788459e-03,9.3948813603e-01,9.7476185023e-01,3.5273714199e-02,4.3933355572e-02,1.1184804797e-113,1.7830415356e-02
75.000000,865.000,65.000000,10.000000,6.8138422519e-02,-1.0052101625e-02,2.1645689924e-03,9.3948813603e-01,9.7476185023e-01,3.5273714199e-02,4.3501478308e-02,4.9686556728e-113,1.7635521451e-02
75.000000,865.000,65.000000,15.000000,6.6907588259e-02,-8.5880613716e-03,3.1067825941e-03,9.3948813603e-01,9.7476185023e-01,3.5273714199e-02,4.2797362880e-02,5.8896590570e-112,1.7316958103e-02
75.000000,865.000,65.000000,20.000000,6.5234449252e-02,-6.6037106275e-03,3.8861744226e-03,9.3948813603e-01,9.7476185023e-01,3.5273714199e-02,4.1844020174e-02,1.8280073367e-110,1.6883917863e-02
75.000000,865.000,65.000000,25.000000,6.3167229669e-02,-4.1619435182e-03,4.4570672526e-03,9.3948813603e-01,9.7476185023e-01,3.5273714199e-02,4.0672663147e-02,1.4471255096e-108,1.6348882065e-02
75.000000,865.000,65.000000,30.000000,6.0765415185e-02,-1.3402615121e-03,4.7808071429e-03,9.3948813603e-01,9.7476185023e-01,3.5273714199e-02,3.9321741341e-02,2.8260262595e-106,1.5727246734e-02
75.000000,865.000,65.000000,35.000000,5.8097970850e-02,1.7716066109e-03,4.8271000808e-03,9.3948813603e-01,9.7476185023e-01,3.5273714199e-02,3.7835750861e-02,1.3076750264e-103,1.5036861338e-02
75.000000,865.000,65.000000,40.000000,5.5241276157e-02,5.0744615151e-03,4.5750881430e-03,9.3948813603e-01,9.7476185023e-01,3.5273714199e-02,3.6263856132e-02,1.3681587047e-100,1.4297494345e-02
75.000000,865.000,65.000000,45.000000,5.2276839833e-02,8.4626827959e-03,4.0141312896e-03,9.3948813603e-01,9.7476185023e-01,3.5273714199e-02,3.4658365521e-02,3.0693895150e-97,1.3530241767e-02
75.000000,865.000,65.000000,50.000000,4.9288863497e-02,1.1827478270e-02,3.1442699097e-03,9.3948813603e-01,9.7476185023e-01,3.5273714199e-02,3.3073107366e-02,1.3921905463e-93,1.2756896585e-02
75.000000,865.000,65.000000,55.000000,4.6361727921e-02,1.5060234040e-02,1.9763530049e-03,9.3948813603e-01,9.7476185023e-01,3.5273714199e-02,3.1561756023e-02,1.1973309815e-89,1.1999298150e-02
75.000000,865.000,65.000000,60.000000,4.3577477929e-02,1.8055863197e-02,5.3182713099e-04,9.3948813603e-01,9.7476185023e-01,3.5273714199e-02,3.0176159086e-02,1.8223757655e-85,1.1278681226e-02
75.000000,865.000,65.000000,65.000000,4.1013381976e-02,2.0716051054e-02,-1.1578083918e-03,9.3948813603e-01,9.7476185023e-01,3.5273714199e-02,2.8964716927e-02,4.5618554588e-81,1.0615044360e-02
75.000000,865.000,65.000000,70.000000,3.8739640173e-02,2.2952297900e-02,-3.0518642603e-03,9.3948813603e-01,9.7476185023e-01,3.5273714199e-02,2.7970864125e-02,1.7388887025e-76,1.0026556677e-02
75.000000,865.000,65.000000,75.000000,3.6817309952e-02,2.4688666400e-02,-5.1016164637e-03,9.3948813603e-01,9.7476185023e-01,3.5273714199e-02,2.7231699308e-02,9.3154128820e-72,9.5290210051e-03
75.000000,865.000,65.000000,80.000000,3.5296511981e-02,2.5864149721e-02,-7.2517195670e-03,9.3948813603e-01,9.7476185023e-01,3.5273714199e-02,2.6776805410e-02,6.4563871740e-67,9.1354095265e-03
75.000000,865.000,65.000000,85.000000,3.4214970347e-02,2.6434587972e-02,-9.4418355735e-03,9.3948813603e-01,9.7476185023e-01,3.5273714199e-02,2.6627296591e-02,5.3190578208e-62,8.8554859534e-03
75.000000,865.000,65.000000,90.000000,3.3596930901e-02,2.6374074235e-02,-1.1608429273e-02,9.3948813603e-01,9.7476185023e-01,3.5273714199e-02,2.6795121192e-02,4.7790522071e-57,8.6955255742e-03
75.000000,865.000,65.000000,95.000000,3.3452490140e-02,2.5675806992e-02,-1.3686675816e-02,9.3948813603e-01,9.7476185023e-01,3.5273714199e-02,2.7282642334e-02,4.2931718674e-52,8.6581415543e-03
75.000000,865.000,65.000000,100.000000,3.3777354503e-02,2.4352362542e-02,-1.5612422729e-02,9.3948813603e-01,9.7476185023e-01,3.5273714199e-02,2.8082509320e-02,3.5345544193e-47,8.7422226385e-03
75.000000,865.000,65.000000,105.000000,3.4553036907e-02,2.2435378635e-02,-1.7324146811e-02,9.3948813603e-01,9.7476185023e-01,3.5273714199e-02,2.9177824189e-02,2.4456055380e-42,8.9429840177e-03
75.000000,865.000,65.000000,110.000000,3.5747484046e-02,1.9974658431e-02,-1.8764846393e-02,9.3948813603e-01,9.7476185023e-01,3.5273714199e-02,3.0542598791e-02,1.3054549154e-37,9.2521296857e-03
75.000000,865.000,65.000000,115.000000,3.7316114884e-02,1.7036721514e-02,-1.9883811299e-02,9.3948813603e-01,9.7476185023e-01,3.5273714199e-02,3.2142488925e-02,4.9433359366e-33,9.6581212211e-03
75.000000,865.000,65.000000,120.000000,3.9203238305e-02,1.3702845506e-02,-2.0638216428e-02,9.3948813603e-01,9.7476185023e-01,3.5273714199e-02,3.3935783653e-02,1.2238865596e-28,1.0146544703e-02
75.000000,865.000,65.000000,125.000000,4.1343806371e-02,1.0066657290e-02,-2.0994490145e-02,9.3948813603e-01,9.7476185023e-01,3.5273714199e-02,3.5874620145e-02,1.8315977291e-24,1.0700564486e-02
75.000000,865.000,65.000000,130.000000,4.3665449433e-02,6.2313465968e-03,-2.0929415385e-02,9.3948813603e-01,9.7476185023e-01,3.5273714199e-02,3.7906387544e-02,1.5375683287e-20,1.1301449926e-02
75.000000,865.000,65.000000,135.000000,4.6090730832e-02,2.3065861396e-03,-2.0430929405e-02,9.3948813603e-01,9.7476185023e-01,3.5273714199e-02,3.9975277574e-02,6.7495186253e-17,1.1929158942e-02
75.000000,865.000,65.000000,140.000000,4.8539552243e-02,-1.5947485114e-03,-1.9498597152e-02,9.3948813603e-01,9.7476185023e-01,3.5273714199e-02,4.2023935148e-02,1.4520199048e-13,1.2562960561e-02
75.000000,865.000,65.000000,145.000000,5.0931636189e-02,-5.3599600705e-03,-1.8143743069e-02,9.3948813603e-01,9.7476185023e-01,3.5273714199e-02,4.3995159161e-02,1.4434837927e-10,1.3182077444e-02
75.000000,865.000,65.000000,150.000000,5.3189009912e-02,-8.8799093197e-03,-1.6389236416e-02,9.3948813603e-01,9.7476185023e-01,3.5273714199e-02,4.5833602109e-02,6.2958885006e-08,1.3766328755e-02
75.000000,865.000,65.000000,155.000000,5.5238414802e-02,-1.2052291180e-02,-1.4268935654e-02,9.3948813603e-01,9.7476185023e-01,3.5273714199e-02,4.7487417190e-02,1.1525833811e-05,1.4296753772e-02
75.000000,865.000,65.000000,160.000000,5.7013567859e-02,-1.4784707833e-02,-1.1826807710e-02,9.3948813603e-01,9.7476185023e-01,3.5273714199e-02,4.8909803100e-02,8.5420030405e-04,1.4756197191e-02
75.000000,865.000,65.000000,165.000000,5.8457206212e-02,-1.6997445792e-02,-9.1157477532e-03,9.3948813603e-01,9.7476185023e-01,3.5273714199e-02,5.0060399813e-02,2.4926178764e-02,1.5129838291e-02
75.000000,865.000,65.000000,170.000000,5.9522852328e-02,-1.8625872767e-02,-6.1961341700e-03,9.3948813603e-01,9.7476185023e-01,3.5273714199e-02,5.0906493152e-02,2.8080527400e-01,1.5405647801e-02
75.000000,865.000,65.000000,175.000000,6.0176246100e-02,-1.9622381691e-02,-3.1341613967e-03,9.3948813603e-01,9.7476185023e-01,3.5273714199e-02,5.1423991693e-02,1.2060662167e+00,1.5574758553e-02
75.000000,865.000,65.000000,180.000000,6.0396400140e-02,-1.9957822991e-02,-8.8305582174e-18,9.3948813603e-01,9.7476185023e-01,3.5273714199e-02,5.1598146470e-02,1.9618104670e+00,1.5631738612e-02
75.000000,865.000,65.000000,185.000000,6.0176246100e-02,-1.9622381691e-02,3.1341613967e-03,9.3948813603e-01,9.7476185023e-01,3.5273714199e-02,5.1423991693e-02,1.2060662167e+00,1.5574758553e-02
75.000000,865.000,65.000000,190.000000,5.9522852328e-02,-1.8625872767e-02,6.1961341700e-03,9.3948813603e-01,9.7476185023e-01,3.5273714199e-02,5.0906493152e-02,2.8080527400e-01,1.5405647801e-02
75.000000,865.000,65.000000,195.000000,5.8457206212e-02,-1.6997445792e-02,9.1157477532e-03,9.3948813603e-01,9.7476185023e-01,3.5273714199e-02,5.0060399813e-02,2.4926178764e-02,1.5129838291e-02
75.000000,865.000,65.000000,200.000000,5.7013567859e-02,-1.4784707833e-02,1.1826807710e-02,9.3948813603e-01,9.7476185023e-01,3.5273714199e-02,4.8909803100e-02,8.5420030405e-04,1.4756197191e-02
75.000000,865.000,65.000000,205.000000,5.5238414802e-02,-1.2052291180e-02,1.4268935654e-02,9.3948813603e-01,9.7476185023e-01,3.5273714199e-02,4.7487417190e-02,1.1525833811e-05,1.4296753772e-02
75.000000,865.000,65.000000,210.000000,5.3189009912e-02,-8.8799093197e-03,1.6389236416e-02,9.3948813603e-01,9.7476185023e-01,3.5273714199e-02,4.5833602109e-02,6.2958885006e-08,1.3766328755e-02
75.000000,865.000,65.000000,215.000000,5.0931636189e-02,-5.3599600705e-03,1.8143743069e-02,9.3948813603e-01,9.7476185023e-01,3.5273714199e-02,4.3995159161e-02,1.4434837927e-10,1.3182077444e-02
75.000000,865.000,65.000000,220.000000,4.8539552243e-02,-1.5947485114e-03,1.9498597152e-02,9.3948813603e-01,9.7476185023e-01,3.5273714199e-02,4.2023935148e-02,1.4520199048e-13,1.2562960561e-02
75.000000,865.000,65.000000,225.000000,4.6090730832e-02,2.3065861396e-03,2.0430929405e-02,9.3948813603e-01,9.7476185023e-01,3.5273714199e-02,3.9975277574e-02,6.7495186253e-17,1.1929158942e-02
75.000000,865.000,65.000000,230.000000,4.3665449433e-02,6.2313465968e-03,2.0929415385e-02,9.3948813603e-01,9.7476185023e-01,3.5273714199e-02,3.7906387544e-02,1.5375683287e-20,1.1301449926e-02
75.000000,865.000,65.000000,235.000000,4.1343806371e-02,1.0066657290e-02,2.0994490145e-02,9.3948813603e-01,9.7476185023e-01,3.5273714199e-02,3.5874620145e-02,1.8315977291e-24,1.0700564486e-02
75.000000,865.000,65.000000,240.000000,3.9203238305e-02,1.3702845506e-02,2.0638216428e-02,9.3948813603e-01,9.7476185023e-01,3.5273714199e-02,3.3935783653e-02,1.2238865596e-28,1.0146544703e-02
75.000000,865.000,65.000000,245.000000,3.7316114884e-02,1.7036721514e-02,1.9883811299e-02,9.3948813603e-01,9.7476185023e-01,3.5273714199e-02,3.2142488925e-02,4.9433359366e-33,9.6581212211e-03
75.000000,865.000,65.000000,250.000000,3.5747484046e-02,1.9974658431e-02,1.8764846393e-02,9.3948813603e-01,9.7476185023e-01,3.5273714199e-02,3.0542598791e-02,1.3054549154e-37,9.2521296857e-03
75.000000,865.000,65.000000,255.000000,3.4553036907e-02,2.2435378635e-02,1.7324146811e-02,9.3948813603e-01,9.7476185023e-01,3.5273714199e-02,2.9177824189e-02,2.4456055380e-42,8.9429840177e-03
75.000000,865.000,65.000000,260.000000,3.3777354503e-02,2.4352362542e-02,1.5612422729e-02,9.3948813603e-01,9.7476185023e-01,3.5273714199e-02,2.8082509320e-02,3.5345544193e-47,8.7422226385e-03
75.000000,865.000,65.000000,265.000000,3.3452490140e-02,2.5675806992e-02,1.3686675816e-02,9.3948813603e-01,9.7476185023e-01,3.5273714199e-02,2.7282642334e-02,4.2931718674e-52,8.6581415543e-03
75.000000,865.000,65.000000,270.000000,3.3596930901e-02,2.6374074235e-02,1.1608429273e-02,9.3948813603e-01,9.7476185023e-01,3.5273714199e-02,2.6795121192e-02,4.7790522071e-57,8.6955255742e-03
75.000000,865.000,65.000000,275.000000,3.4214970347e-02,2.6434587972e-02,9.4418355735e-03,9.3948813603e-01,9.7476185023e-01,3.5273714199e-02,2.6627296591e-02,5.3190578208e-62,8.8554859534e-03
75.000000,865.000,65.000000,280.000000,3.5296511981e-02,2.5864149721e-02,7.2517195670e-03,9.3948813603e-01,9.7476185023e-01,3.5273714199e-02,2.6776805410e-02,6.4563871740e-67,9.1354095265e-03
75.000000,865.000,65.000000,285.000000,3.6817309952e-02,2.4688666400e-02,5.1016164637e-03,9.3948813603e-01,9.7476185023e-01,3.5273714199e-02,2.7231699308e-02,9.3154128820e-72,9.5290210051e-03
75.000000,865.000,65.000000,290.000000,3.8739640173e-02,2.2952297900e-02,3.0518642603e-03,9.3948813603e-01,9.7476185023e-01,3.5273714199e-02,2.7970864125e-02,1.7388887025e-76,1.0026556677e-02
75.000000,865.000,65.000000,295.000000,4.1013381976e-02,2.0716051054e-02,1.1578083918e-03,9.3948813603e-01,9.7476185023e-01,3.5273714199e-02,2.8964716927e-02,4.5618554588e-81,1.0615044360e-02
75.000000,865.000,65.000000,300.000000,4.3577477929e-02,1.8055863197e-02,-5.3182713099e-04,9.3948813603e-01,9.7476185023e-01,3.5273714199e-02,3.0176159086e-02,1.8223757655e-85,1.1278681226e-02
75.000000,865.000,65.000000,305.000000,4.6361727921e-02,1.5060234040e-02,-1.9763530049e-03,9.3948813603e-01,9.7476185023e-01,3.5273714199e-02,3.1561756023e-02,1.1973309815e-89,1.1999298150e-02
75.000000,865.000,65.000000,310.000000,4.9288863497e-02,1.1827478270e-02,-3.1442699097e-03,9.3948813603e-01,9.7476185023e-01,3.5273714199e-02,3.3073107366e-02,1.3921905463e-93,1.2756896585e-02
75.000000,865.000,65.000000,315.000000,5.2276839833e-02,8.4626827959e-03,-4.0141312896e-03,9.3948813603e-01,9.7476185023e-01,3.5273714199e-02,3.4658365521e-02,3.0693895150e-97,1.3530241767e-02
75.000000,865.000,65.000000,320.000000,5.5241276157e-02,5.0744615151e-03,-4.5750881430e-03,9.3948813603e-01,9.7476185023e-01,3.5273714199e-02,3.6263856132e-02,1.3681587047e-100,1.4297494345e-02
75.000000,865.000,65.000000,325.000000,5.8097970850e-02,1.7716066109e-03,-4.8271000808e-03,9.3948813603e-01,9.7476185023e-01,3.5273714199e-02,3.7835750861e-02,1.3076750264e-103,1.5036861338e-02
75.000000,865.000,65.000000,330.000000,6.0765415185e-02,-1.3402615121e-03,-4.7808071429e-03,9.3948813603e-01,9.7476185023e-01,3.5273714199e-02,3.9321741341e-02,2.8260262595e-106,1.5727246734e-02
75.000000,865.000,65.000000,335.000000,6.3167229669e-02,-4.1619435182e-03,-4.4570672526e-03,9.3948813603e-01,9.7476185023e-01,3.5273714199e-02,4.0672663147e-02,1.4471255096e-108,1.6348882065e-02
75.000000,865.000,65.000000,340.000000,6.5234449252e-02,-6.6037106275e-03,-3.8861744226e-03,9.3948813603e-01,9.7476185023e-01,3.5273714199e-02,4.1844020174e-02,1.8280073367e-110,1.6883917863e-02
75.000000,865.000,65.000000,345.000000,6.6907588259e-02,-8.5880613716e-03,-3.1067825941e-03,9.3948813603e-01,9.7476185023e-01,3.5273714199e-02,4.2797362880e-02,5.8896590570e-112,1.7316958103e-02
75.000000,865.000,65.000000,350.000000,6.8138422519e-02,-1.0052101625e-02,-2.1645689924e-03,9.3948813603e-01,9.7476185023e-01,3.5273714199e-02,4.3501478308e-02,4.9686556728e-113,1.7635521451e-02
75.000000,865.000,65.000000,355.000000,6.8891434744e-02,-1.0949475402e-02,-1.1106788459e-03,9.3948813603e-01,9.7476185023e-01,3.5273714199e-02,4.3933355572e-02,1.1184804797e-113,1.7830415356e-02
75.000000,865.000,70.000000,0.000000,8.9195182671e-02,-1.3755386237e-02,-9.8761724429e-19,9.3948813603e-01,9.7476185023e-01,3.5273714199e-02,4.5787549318e-02,1.0550057016e-151,2.3085412007e-02
75.000000,865.000,70.000000,5.000000,8.8855991424e-02,-1.3382732586e-02,6.9507149006e-04,9.3948813603e-01,9.7476185023e-01,3.5273714199e-02,4.5628400285e-02,2.0526865576e-151,2.2997622852e-02
75.000000,865.000,70.000000,10.000000,8.7848340510e-02,-1.2276475880e-02,1.3383697572e-03,9.3948813603e-01,9.7476185023e-01,3.5273714199e-02,4.5156061066e-02,1.5042463314e-150,2.2736823605e-02
75.000000,865.000,70.000000,15.000000,8.6201699824e-02,-1.0471370327e-02,1.8799279756e-03,9.3948813603e-01,9.7476185023e-01,3.5273714199e-02,4.4385698023e-02,4.0892099886e-149,2.2310641635e-02
75.000000,865.000,70.000000,20.000000,8.3964199637e-02,-8.0241554255e-03,2.2733354525e-03,9.3948813603e-01,9.7476185023e-01,3.5273714199e-02,4.3342068985e-02,4.0209972809e-147,2.1731533973e-02
75.000000,865.000,70.000000,25.000000,8.1201182652e-02,-5.0118175612e-03,2.4773757740e-03,9.3948813603e-01,9.7476185023e-01,3.5273714199e-02,4.2058760706e-02,1.3809919225e-144,2.1016412555e-02
75.000000,865.000,70.000000,30.000000,7.7993238714e-02,-1.5292308045e-03,2.4575018539e-03,9.3948813603e-01,9.7476185023e-01,3.5273714199e-02,4.0577154075e-02,1.5843757408e-141,2.0186135568e-02
75.000000,865.000,70.000000,35.000000,7.4433781722e-02,2.3137512514e-03,2.1871013704e-03,9.3948813603e-01,9.7476185023e-01,3.5273714199e-02,3.8945148594e-02,5.7542646755e-138,1.9264880309e-02
75.000000,865.000,70.000000,40.000000,7.0626242178e-02,6.3956640600e-03,1.6485124995e-03,9.3948813603e-01,9.7476185023e-01,3.5273714199e-02,3.7215685054e-02,6.2148542023e-134,1.8279416560e-02
75.000000,865.000,70.000000,45.000000,6.6680960440e-02,1.0587158512e-02,8.3375750662e-04,9.3948813603e-01,9.7476185023e-01,3.5273714199e-02,3.5445111429e-02,1.8596347707e-129,1.7258302508e-02
75.000000,865.000,70.000000,50.000000,6.2711874799e-02,1.4754971646e-02,-2.5502959353e-04,9.3948813603e-01,9.7476185023e-01,3.5273714199e-02,3.3691441861e-02,1.4251696242e-124,1.6231027552e-02
75.000000,865.000,70.000000,55.000000,5.8833104708e-02,1.8766020731e-02,-1.6054957110e-03,9.3948813603e-01,9.7476185023e-01,3.5273714199e-02,3.2012561842e-02,2.5676713524e-119,1.5227127981e-02
75.000000,865.000,70.000000,60.000000,5.5155532634e-02,2.2491495973e-02,-3.1952862621e-03,9.3948813603e-01,9.7476185023e-01,3.5273714199e-02,3.0464434377e-02,9.9181581923e-114,1.4275302288e-02
75.000000,865.000,70.000000,65.000000,5.1783488004e-02,2.5810827124e-02,-4.9925822457e-03,9.3948813603e-01,9.7476185023e-01,3.5273714199e-02,2.9099361891e-02,7.4477762286e-108,1.3402552917e-02
75.000000,865.000,70.000000,70.000000,4.8811633623e-02,2.8615403064e-02,-6.9569415798e-03,9.3948813603e-01,9.7476185023e-01,3.5273714199e-02,2.7964356994e-02,9.8092516109e-102,1.2633380404e-02
75.000000,865.000,70.000000,75.000000,4.6322148716e-02,3.0811930916e-02,-9.0404200878e-03,9.3948813603e-01,9.7476185023e-01,3.5273714199e-02,2.7099671895e-02,2.0357713360e-95,1.1989054298e-02
75.000000,865.000,70.000000,80.000000,4.4382293740e-02,3.2325332175e-02,-1.1188938895e-02,9.3948813603e-01,9.7476185023e-01,3.5273714199e-02,2.6537531478e-02,5.9604760473e-89,1.1486982885e-02
75.000000,865.000,70.000000,85.000000,4.3042430504e-02,3.3101087388e-02,-1.3343857367e-02,9.3948813603e-01,9.7476185023e-01,3.5273714199e-02,2.6301108870e-02,2.1984666350e-82,1.1140200762e-02
75.000000,865.000,70.000000,90.000000,4.2334557241e-02,3.3106957663e-02,-1.5443704337e-02,9.3948813603e-01,9.7476185023e-01,3.5273714199e-02,2.6403774967e-02,9.1049302431e-76,1.0956989680e-02
75.000000,865.000,70.000000,95.000000,4.2271402670e-02,3.2334030194e-02,-1.7426015392e-02,9.3948813603e-01,9.7476185023e-01,3.5273714199e-02,2.6848645076e-02,3.7699335352e-69,1.0940644074e-02
75.000000,865.000,70.000000,100.000000,4.2846106058e-02,3.0797055556e-02,-1.9229220638e-02,9.3948813603e-01,9.7476185023e-01,3.5273714199e-02,2.7628436809e-02,1.3892302532e-62,1.1089388256e-02
75.000000,865.000,70.000000,105.000000,4.4032492502e-02,2.8534065979e-02,-2.0794525658e-02,9.3948813603e-01,9.7476185023e-01,3.5273714199e-02,2.8725643903e-02,4.0581996191e-56,1.1396447663e-02
75.000000,865.000,70.000000,110.000000,4.5785934545e-02,2.5605285737e-02,-2.2067728427e-02,9.3948813603e-01,9.7476185023e-01,3.5273714199e-02,3.0113021050e-02,8.3821644059e-50,1.1850271858e-02
75.000000,865.000,70.000000,115.000000,4.8044773457e-02,2.2091366217e-02,-2.3000916757e-02,9.3948813603e-01,9.7476185023e-01,3.5273714199e-02,3.1754365364e-02,1.0943732795e-43,1.2434902388e-02
75.000000,865.000,70.000000,120.000000,5.0732256493e-02,1.8090998830e-02,-2.3553994307e-02,9.3948813603e-01,9.7476185023e-01,3.5273714199e-02,3.3605571087e-02,8.0992290066e-38,1.3130474182e-02
75.000000,865.000,70.000000,125.000000,5.3758930777e-02,1.3717977792e-02,-2.3695988247e-02,9.3948813603e-01,9.7476185023e-01,3.5273714199e-02,3.5615925843e-02,3.0593429062e-32,1.3913835130e-02
75.000000,865.000,70.000000,130.000000,5.7025420604e-02,9.0978015651e-03,-2.3406098184e-02,9.3948813603e-01,9.7476185023e-01,3.5273714199e-02,3.7729609376e-02,5.3372891117e-27,1.4759264907e-02
75.000000,865.000,70.000000,135.000000,6.0425503332e-02,4.3639157700e-03,-2.2674453633e-02,9.3948813603e-01,9.7476185023e-01,3.5273714199e-02,3.9887349566e-02,3.9148096940e-22,1.5639271072e-02
75.000000,865.000,70.000000,140.000000,6.3849389963e-02,-3.4628870755e-04,-2.1502556091e-02,9.3948813603e-01,9.7476185023e-01,3.5273714199e-02,4.2028185698e-02,1.1066575170e-17,1.6525438141e-02
75.000000,865.000,70.000000,145.000000,6.7187110337e-02,-4.8956012107e-03,-1.9903391166e-02,9.3948813603e-01,9.7476185023e-01,3.5273714199e-02,4.4091285710e-02,1.1141099831e-13,1.7389303741e-02
75.000000,865.000,70.000000,150.000000,7.0331899703e-02,-9.1511154356e-03,-1.7901206191e-02,9.3948813603e-01,9.7476185023e-01,3.5273714199e-02,4.6017762451e-02,3.7249375351e-10,1.8203235121e-02
75.000000,865.000,70.000000,155.000000,7.3183483432e-02,-1.2988227217e-02,-1.5530958738e-02,9.3948813603e-01,9.7476185023e-01,3.5273714199e-02,4.7752434028e-02,3.8967577372e-07,1.8941279299e-02
75.000000,865.000,70.000000,160.000000,7.5651159740e-02,-1.6294384813e-02,-1.2837451394e-02,9.3948813603e-01,9.7476185023e-01,3.5273714199e-02,4.9245474960e-02,1.2153445768e-04,1.9579960925e-02
75.000000,865.000,70.000000,165.000000,7.7656586503e-02,-1.8972478006e-02,-9.8741775944e-03,9.3948813603e-01,9.7476185023e-01,3.5273714199e-02,5.0453908168e-02,1.0897060461e-02,2.0099003565e-02
75.000000,865.000,70.000000,170.000000,7.9136187236e-02,-2.0943763288e-02,-6.7019119863e-03,9.3948813603e-01,9.7476185023e-01,3.5273714199e-02,5.1342892637e-02,2.7405611481e-01,2.0481952414e-02
75.000000,865.000,70.000000,175.000000,8.0043102946e-02,-2.2150236433e-02,-3.3870865346e-03,9.3948813603e-01,9.7476185023e-01,3.5273714199e-02,5.1886767759e-02,1.9057415529e+00,2.0716679472e-02
75.000000,865.000,70.000000,180.000000,8.0348630391e-02,-2.2556380524e-02,-9.5404677220e-18,9.3948813603e-01,9.7476185023e-01,3.5273714199e-02,5.2069822738e-02,3.6397464092e+00,2.0795755793e-02
75.000000,865.000,70.000000,185.000000,8.0043102946e-02,-2.2150236433e-02,3.3870865346e-03,9.3948813603e-01,9.7476185023e-01,3.5273714199e-02,5.1886767759e-02,1.9057415529e+00,2.0716679472e-02
75.000000,865.000,70.000000,190.000000,7.9136187236e-02,-2.0943763288e-02,6.7019119863e-03,9.3948813603e-01,9.7476185023e-01,3.5273714199e-02,5.1342892637e-02,2.7405611481e-01,2.0481952414e-02
75.000000,865.000,70.000000,195.000000,7.7656586503e-02,-1.8972478006e-02,9.8741775944e-03,9.3948813603e-01,9.7476185023e-01,3.5273714199e-02,5.0453908168e-02,1.0897060461e-02,2.0099003565e-02
75.000000,865.000,70.000000,200.000000,7.5651159740e-02,-1.6294384813e-02,1.2837451394e-02,9.3948813603e-01,9.7476185023e-01,3.5273714199e-02,4.9245474960e-02,1.2153445768e-04,1.9579960925e-02
75.000000,865.000,70.000000,205.000000,7.3183483432e-02,-1.2988227217e-02,1.5530958738e-02,9.3948813603e-01,9.7476185023e-01,3.5273714199e-02,4.7752434028e-02,3.8967577372e-07,1.8941279299e-02
75.000000,865.000,70.000000,210.000000,7.0331899703e-02,-9.1511154356e-03,1.7901206191e-02,9.3948813603e-01,9.7476185023e-01,3.5273714199e-02,4.6017762451e-02,3.7249375351e-10,1.8203235121e-02
75.000000,865.000,70.000000,215.000000,6.7187110337e-02,-4.8956012107e-03,1.9903391166e-02,9.3948813603e-01,9.7476185023e-01,3.5273714199e-02,4.4091285710e-02,1.1141099831e-13,1.7389303741e-02
75.000000,865.000,70.000000,220.000000,6.3849389963e-02,-3.4628870755e-04,2.1502556091e-02,9.3948813603e-01,9.7476185023e-01,3.5273714199e-02,4.2028185698e-02,1.1066575170e-17,1.6525438141e-02
75.000000,865.000,70.000000,225.000000,6.0425503332e-02,4.3639157700e-03,2.2674453633e-02,9.3948813603e-01,9.7476185023e-01,3.5273714199e-02,3.9887349566e-02,3.9148096940e-22,1.5639271072e-02
75.000000,865.000,70.000000,230.000000,5.7025420604e-02,9.0978015651e-03,2.3406098184e-02,9.3948813603e-01,9.7476185023e-01,3.5273714199e-02,3.7729609376e-02,5.3372891117e-27,1.4759264907e-02
75.000000,865.000,70.000000,235.000000,5.3758930777e-02,1.3717977792e-02,2.3695988247e-02,9.3948813603e-01,9.7476185023e-01,3.5273714199e-02,3.5615925843e-02,3.0593429062e-32,1.3913835130e-02
75.000000,865.000,70.000000,240.000000,5.0732256493e-02,1.8090998830e-02,2.3553994307e-02,9.3948813603e-01,9.7476185023e-01,3.5273714199e-02,3.3605571087e-02,8.0992290066e-38,1.3130474182e-02
75.000000,865.000,70.000000,245.000000,4.8044773457e-02,2.2091366217e-02,2.3000916757e-02,9.3948813603e-01,9.7476185023e-01,3.5273714199e-02,3.1754365364e-02,1.0943732795e-43,1.2434902388e-02
75.000000,865.000,70.000000,250.000000,4.5785934545e-02,2.5605285737e-02,2.2067728427e-02,9.3948813603e-01,9.7476185023e-01,3.5273714199e-02,3.0113021050e-02,8.3821644059e-50,1.1850271858e-02
75.000000,865.000,70.000000,255.000000,4.4032492502e-02,2.8534065979e-02,2.0794525658e-02,9.3948813603e-01,9.7476185023e-01,3.5273714199e-02,2.8725643903e-02,4.0581996191e-56,1.1396447663e-02
75.000000,865.000,70.000000,260.000000,4.2846106058e-02,3.0797055556e-02,1.9229220638e-02,9.3948813603e-01,9.7476185023e-01,3.5273714199e-02,2.7628436809e-02,1.3892302532e-62,1.1089388256e-02
75.000000,865.000,70.000000,265.000000,4.2271402670e-02,3.2334030194e-02,1.7426015392e-02,9.3948813603e-01,9.7476185023e-01,3.5273714199e-02,2.6848645076e-02,3.7699335352e-69,1.0940644074e-02
75.000000,865.000,70.000000,270.000000,4.2334557241e-02,3.3106957663e-02,1.5443704337e-02,9.3948813603e-01,9.7476185023e-01,3.5273714199e-02,2.6403774967e-02,9.1049302431e-76,1.0956989680e-02
75.000000,865.000,70.000000,275.000000,4.3042430504e-02,3.3101087388e-02,1.3343857367e-02,9.3948813603e-01,9.7476185023e-01,3.5273714199e-02,2.6301108870e-02,2.1984666350e-82,1.1140200762e-02
75.000000,865.000,70.000000,280.000000,4.4382293740e-02,3.2325332175e-02,1.1188938895e-02,9.3948813603e-01,9.7476185023e-01,3.5273714199e-02,2.6537531478e-02,5.9604760473e-89,1.1486982885e-02
75.000000,865.000,70.000000,285.000000,4.6322148716e-02,3.0811930916e-02,9.0404200878e-03,9.3948813603e-01,9.7476185023e-01,3.5273714199e-02,2.7099671895e-02,2.0357713360e-95,1.1989054298e-02
75.000000,865.000,70.000000,290.000000,4.8811633623e-02,2.8615403064e-02,6.9569415798e-03,9.3948813603e-01,9.7476185023e-01,3.5273714199e-02,2.7964356994e-02,9.8092516109e-102,1.2633380404e-02
75.000000,865.000,70.000000,295.000000,5.1783488004e-02,2.5810827124e-02,4.9925822457e-03,9.3948813603e-01,9.7476185023e-01,3.5273714199e-02,2.9099361891e-02,7.4477762286e-108,1.3402552917e-02
75.000000,865.000,70.000000,300.000000,5.5155532634e-02,2.2491495973e-02,3.1952862621e-03,9.3948813603e-01,9.7476185023e-01,3.5273714199e-02,3.0464434377e-02,9.9181581923e-114,1.4275302288e-02
75.000000,865.000,70.000000,305.000000,5.8833104708e-02,1.8766020731e-02,1.6054957110e-03,9.3948813603e-01,9.7476185023e-01,3.5273714199e-02,3.2012561842e-02,2.5676713524e-119,1.5227127981e-02
75.000000,865.000,70.000000,310.000000,6.2711874799e-02,1.4754971646e-02,2.5502959353e-04,9.3948813603e-01,9.7476185023e-01,3.5273714199e-02,3.3691441861e-02,1.4251696242e-124,1.6231027552e-02
75.000000,865.000,70.000000,315.000000,6.6680960440e-02,1.0587158512e-02,-8.3375750662e-04,9.3948813603e-01,9.7476185023e-01,3.5273714199e-02,3.5445111429e-02,1.8596347707e-129,1.7258302508e-02
75.000000,865.000,70.000000,320.000000,7.0626242178e-02,6.3956640600e-03,-1.6485124995e-03,9.3948813603e-01,9.7476185023e-01,3.5273714199e-02,3.7215685054e-02,6.2148542023e-134,1.8279416560e-02
75.000000,865.000,70.000000,325.000000,7.4433781722e-02,2.3137512514e-03,-2.1871013704e-03,9.3948813603e-01,9.7476185023e-01,3.5273714199e-02,3.8945148594e-02,5.7542646755e-138,1.9264880309e-02
75.000000,865.000,70.000000,330.000000,7.7993238714e-02,-1.5292308045e-03,-2.4575018539e-03,9.3948813603e-01,9.7476185023e-01,3.5273714199e-02,4.0577154075e-02,1.5843757408e-141,2.0186135568e-02
75.000000,865.000,70.000000,335.000000,8.1201182652e-02,-5.0118175612e-03,-2.4773757740e-03,9.3948813603e-01,9.7476185023e-01,3.5273714199e-02,4.2058760706e-02,1.3809919225e-144,2.1016412555e-02
75.000000,865.000,70.000000,340.000000,8.3964199637e-02,-8.0241554255e-03,-2.2733354525e-03,9.3948813603e-01,9.7476185023e-01,3.5273714199e-02,4.3342068985e-02,4.0209972809e-147,2.1731533973e-02
75.000000,865.000,70.000000,345.000000,8.6201699824e-02,-1.0471370327e-02,-1.8799279756e-03,9.3948813603e-01,9.7476185023e-01,3.5273714199e-02,4.4385698023e-02,4.0892099886e-149,2.2310641635e-02
75.000000,865.000,70.000000,350.000000,8.7848340510e-02,-1.2276475880e-02,-1.3383697572e-03,9.3948813603e-01,9.7476185023e-01,3.5273714199e-02,4.5156061066e-02,1.5042463314e-150,2.2736823605e-02
75.000000,865.000,70.000000,355.000000,8.8855991424e-02,-1.3382732586e-02,-6.9507149006e-04,9.3948813603e-01,9.7476185023e-01,3.5273714199e-02,4.5628400285e-02,2.0526865576e-151,2.2997622852e-02
75.000000,865.000,75.000000,0.000000,1.2084682417e-01,-1.7328332343e-02,-8.3629780951e-20,9.3948813603e-01,9.7476185023e-01,3.5273714199e-02,4.7712054112e-02,4.3981356444e-210,3.1277459636e-02
75.000000,865.000,75.000000,5.000000,1.2037839338e-01,-1.6841001353e-02,5.2147458798e-05,9.3948813603e-01,9.7476185023e-01,3.5273714199e-02,4.7539844582e-02,1.1069793554e-209,3.1156220825e-02
75.000000,865.000,75.000000,10.000000,1.1898695532e-01,-1.5394192429e-02,5.9956649495e-05,9.3948813603e-01,9.7476185023e-01,3.5273714199e-02,4.7028658482e-02,1.7526441394e-208,3.0796090156e-02
75.000000,865.000,75.000000,15.000000,1.1671365493e-01,-1.3032993479e-02,-1.9238117984e-05,9.3948813603e-01,9.7476185023e-01,3.5273714199e-02,4.6194656314e-02,1.7091473114e-206,3.0207716719e-02
75.000000,865.000,75.000000,20.000000,1.1362568617e-01,-9.8310177209e-03,-2.2481067445e-04,9.3948813603e-01,9.7476185023e-01,3.5273714199e-02,4.5064220785e-02,9.9133962393e-204,2.9408491594e-02
75.000000,865.000,75.000000,25.000000,1.0981426472e-01,-5.8881527551e-03,-5.9132866555e-04,9.3948813603e-01,9.7476185023e-01,3.5273714199e-02,4.3673147248e-02,3.2579411877e-200,2.8422023132e-02
75.000000,865.000,75.000000,30.000000,1.0539187624e-01,-1.3275057645e-03,-1.1471926132e-03,9.3948813603e-01,9.7476185023e-01,3.5273714199e-02,4.2065545061e-02,5.7032245452e-196,2.7277424771e-02
75.000000,865.000,75.000000,35.000000,1.0048888393e-01,3.7083621903e-03,-1.9134720799e-03,9.3948813603e-01,9.7476185023e-01,3.5273714199e-02,4.0292483329e-02,4.9362660215e-191,2.6008436982e-02
75.000000,865.000,75.000000,40.000000,9.5249597921e-02,9.0617981683e-03,-2.9029765878e-03,9.3948813603e-01,9.7476185023e-01,3.5273714199e-02,3.8410422274e-02,1.9370384848e-185,2.4652409980e-02
75.000000,865.000,75.000000,45.000000,8.9827926056e-02,1.4564882871e-02,-4.1195917225e-03,9.3948813603e-01,9.7476185023e-01,3.5273714199e-02,3.6479478035e-02,3.1239794744e-179,2.3249178045e-02
75.000000,865.000,75.000000,50.000000,8.4382737670e-02,2.0044572801e-02,-5.5579026821e-03,9.3948813603e-01,9.7476185023e-01,3.5273714199e-02,3.4561573764e-02,1.8570123670e-172,2.1839859587e-02
75.000000,865.000,75.000000,55.000000,7.9073081076e-02,2.5328002510e-02,-7.2031186778e-03,9.3948813603e-01,9.7476185023e-01,3.5273714199e-02,3.2718533375e-02,3.6129999032e-165,2.0465619337e-02
75.000000,865.000,75.000000,60.000000,7.4053399672e-02,3.0247785488e-02,-9.0313023102e-03,9.3948813603e-01,9.7476185023e-01,3.5273714199e-02,3.1010176033e-02,2.0247823840e-157,1.9166430190e-02
75.000000,865.000,75.000000,65.000000,6.9468891682e-02,3.4647152272e-02,-1.1009898626e-02,9.3948813603e-01,9.7476185023e-01,3.5273714199e-02,2.9492469523e-02,2.8535342465e-149,1.7979872210e-02
75.000000,865.000,75.000000,70.000000,6.5451154106e-02,3.8384769241e-02,-1.3098549291e-02,9.3948813603e-01,9.7476185023e-01,3.5273714199e-02,2.8215798788e-02,8.7678737810e-141,1.6940005207e-02
75.000000,865.000,75.000000,75.000000,6.2114242819e-02,4.1339091274e-02,-1.5250168465e-02,9.3948813603e-01,9.7476185023e-01,3.5273714199e-02,2.7223402512e-02,5.0625090796e-132,1.6076349014e-02
75.000000,865.000,75.000000,80.000000,5.9551268089e-02,4.3412115563e-02,-1.7412248852e-02,9.3948813603e-01,9.7476185023e-01,3.5273714199e-02,2.6550025487e-02,4.7116434840e-123,1.5413002341e-02
75.000000,865.000,75.000000,85.000000,5.7831628483e-02,4.4532422074e-02,-1.9528359164e-02,9.3948813603e-01,9.7476185023e-01,3.5273714199e-02,2.6220827964e-02,6.0408235518e-114,1.4967926861e-02
75.000000,865.000,75.000000,90.000000,5.6998966737e-02,4.4657407780e-02,-2.1539788265e-02,9.3948813603e-01,9.7476185023e-01,3.5273714199e-02,2.6250585403e-02,9.0952712310e-105,1.4752418143e-02
75.000000,865.000,75.000000,95.000000,5.7069909202e-02,4.3774646303e-02,-2.3387286571e-02,9.3948813603e-01,9.7476185023e-01,3.5273714199e-02,2.6643203203e-02,1.3689762519e-95,1.4770779404e-02
75.000000,865.000,75.000000,100.000000,5.8033626670e-02,4.1902331151e-02,-2.5012852110e-02,9.3948813603e-01,9.7476185023e-01,3.5273714199e-02,2.7391561435e-02,1.7529849909e-86,1.5020207838e-02
75.000000,865.000,75.000000,105.000000,5.9852229429e-02,3.9088788592e-02,-2.6361507090e-02,9.3948813603e-01,9.7476185023e-01,3.5273714199e-02,2.8477694572e-02,1.6265688260e-77,1.5490896868e-02
75.000000,865.000,75.000000,110.000000,6.2461984034e-02,3.5411074452e-02,-2.7383010881e-02,9.3948813603e-01,9.7476185023e-01,3.5273714199e-02,2.9873301039e-02,9.3337397286e-69,1.6166351063e-02
75.000000,865.000,75.000000,115.000000,6.5775314317e-02,3.0972696989e-02,-2.8033457045e-02,9.3948813603e-01,9.7476185023e-01,3.5273714199e-02,3.1540567374e-02,2.8358283551e-60,1.7023904043e-02
75.000000,865.000,75.000000,120.000000,6.9683525368e-02,2.5900534534e-02,-2.8276705348e-02,9.3948813603e-01,9.7476185023e-01,3.5273714199e-02,3.3433282222e-02,3.9227559682e-52,1.8035423495e-02
75.000000,865.000,75.000000,125.000000,7.4060167214e-02,2.0341041089e-02,-2.8085604503e-02,9.3948813603e-01,9.7476185023e-01,3.5273714199e-02,3.5498206599e-02,2.1362874109e-44,1.9168181758e-02
75.000000,865.000,75.000000,130.000000,7.8764935553e-02,1.4455854702e-02,-2.7442967530e-02,9.3948813603e-01,9.7476185023e-01,3.5273714199e-02,3.7676659034e-02,3.9876597139e-37,2.0385865407e-02
75.000000,865.000,75.000000,135.000000,8.3647990549e-02,8.4169416123e-03,-2.6342268972e-02,9.3948813603e-01,9.7476185023e-01,3.5273714199e-02,3.9906267669e-02,2.2392991699e-30,2.1649693039e-02
75.000000,865.000,75.000000,140.000000,8.8554562065e-02,2.4014232953e-03,-2.4788041436e-02,9.3948813603e-01,9.7476185023e-01,3.5273714199e-02,4.2122836335e-02,3.3517171485e-24,2.2919607193e-02
75.000000,865.000,75.000000,145.000000,9.3329700990e-02,-3.4137568225e-03,-2.2795957905e-02,9.3948813603e-01,9.7476185023e-01,3.5273714199e-02,4.4262268104e-02,1.1975450237e-18,2.4155504090e-02
75.000000,865.000,75.000000,150.000000,9.7823031926e-02,-8.8571652909e-03,-2.0392595651e-02,9.3948813603e-01,9.7476185023e-01,3.5273714199e-02,4.6262488091e-02,9.2606209343e-14,2.5318463712e-02
75.000000,865.000,75.000000,155.000000,1.0189336249e-01,-1.3768047540e-02,-1.7614887084e-02,9.3948813603e-01,9.7476185023e-01,3.5273714199e-02,4.8065307262e-02,1.4251559053e-09,2.6371942783e-02
75.000000,865.000,75.000000,160.000000,1.0541300890e-01,-1.8001177006e-02,-1.4509272265e-02,9.3948813603e-01,9.7476185023e-01,3.5273714199e-02,4.9618170794e-02,4.0777397190e-06,2.7282894304e-02
75.000000,865.000,75.000000,165.000000,1.0827170603e-01,-2.1431237420e-02,-1.1130576743e-02,9.3948813603e-01,9.7476185023e-01,3.5273714199e-02,5.0875738008e-02,2.0625883951e-03,2.8022779567e-02
75.000000,865.000,75.000000,170.000000,1.1037998313e-01,-2.3956605318e-02,-7.5406466085e-03,9.3948813603e-01,9.7476185023e-01,3.5273714199e-02,5.1801246003e-02,1.7857816004e-01,2.8568441832e-02
75.000000,865.000,75.000000,175.000000,1.1167190215e-01,-2.5502418057e-02,-3.8067799485e-03,9.3948813603e-01,9.7476185023e-01,3.5273714199e-02,5.2367615657e-02,2.6042436221e+00,2.8902815079e-02
75.000000,865.000,75.000000,180.000000,1.1210707556e-01,-2.6022834251e-02,-1.0718712663e-17,9.3948813603e-01,9.7476185023e-01,3.5273714199e-02,5.2558266488e-02,6.3640605712e+00,2.9015446246e-02
75.000000,865.000,75.000000,185.000000,1.1167190215e-01,-2.5502418057e-02,3.8067799485e-03,9.3948813603e-01,9.7476185023e-01,3.5273714199e-02,5.2367615657e-02,2.6042436221e+00,2.8902815079e-02
75.000000,865.000,75.000000,190.000000,1.1037998313e-01,-2.3956605318e-02,7.5406466085e-03,9.3948813603e-01,9.7476185023e-01,3.5273714199e-02,5.1801246003e-02,1.7857816004e-01,2.8568441832e-02
75.000000,865.000,75.000000,195.000000,1.0827170603e-01,-2.1431237420e-02,1.1130576743e-02,9.3948813603e-01,9.7476185023e-01,3.5273714199e-02,5.0875738008e-02,2.0625883951e-03,2.8022779567e-02
75.000000,865.000,75.000000,200.000000,1.0541300890e-01,-1.8001177006e-02,1.4509272265e-02,9.3948813603e-01,9.7476185023e-01,3.5273714199e-02,4.9618170794e-02,4.0777397190e-06,2.7282894304e-02
75.000000,865.000,75.000000,205.000000,1.0189336249e-01,-1.3768047540e-02,1.7614887084e-02,9.3948813603e-01,9.7476185023e-01,3.5273714199e-02,4.8065307262e-02,1.4251559053e-09,2.6371942783e-02
75.000000,865.000,75.000000,210.000000,9.7823031926e-02,-8.8571652909e-03,2.0392595651e-02,9.3948813603e-01,9.7476185023e-01,3.5273714199e-02,4.6262488091e-02,9.2606209343e-14,2.5318463712e-02
75.000000,865.000,75.000000,215.000000,9.3329700990e-02,-3.4137568225e-03,2.2795957905e-02,9.3948813603e-01,9.7476185023e-01,3.5273714199e-02,4.4262268104e-02,1.1975450237e-18,2.4155504090e-02
75.000000,865.000,75.000000,220.000000,8.8554562065e-02,2.4014232953e-03,2.4788041436e-02,9.3948813603e-01,9.7476185023e-01,3.5273714199e-02,4.2122836335e-02,3.3517171485e-24,2.2919607193e-02
75.000000,865.000,75.000000,225.000000,8.3647990549e-02,8.4169416123e-03,2.6342268972e-02,9.3948813603e-01,9.7476185023e-01,3.5273714199e-02,3.9906267669e-02,2.2392991699e-30,2.1649693039e-02
75.000000,865.000,75.000000,230.000000,7.8764935553e-02,1.4455854702e-02,2.7442967530e-02,9.3948813603e-01,9.7476185023e-01,3.5273714199e-02,3.7676659034e-02,3.9876597139e-37,2.0385865407e-02
75.000000,865.000,75.000000,235.000000,7.4060167214e-02,2.0341041089e-02,2.8085604503e-02,9.3948813603e-01,9.7476185023e-01,3.5273714199e-02,3.5498206599e-02,2.1362874109e-44,1.9168181758e-02
75.000000,865.000,75.000000,240.000000,6.9683525368e-02,2.5900534534e-02,2.8276705348e-02,9.3948813603e-01,9.7476185023e-01,3.5273714199e-02,3.3433282222e-02,3.9227559682e-52,1.8035423495e-02
75.000000,865.000,75.000000,245.000000,6.5775314317e-02,3.0972696989e-02,2.8033457045e-02,9.3948813603e-01,9.7476185023e-01,3.5273714199e-02,3.1540567374e-02,2.8358283551e-60,1.7023904043e-02
75.000000,865.000,75.000000,250.000000,6.2461984034e-02,3.5411074452e-02,2.7383010881e-02,9.3948813603e-01,9.7476185023e-01,3.5273714199e-02,2.9873301039e-02,9.3337397286e-69,1.6166351063e-02
75.000000,865.000,75.000000,255.000000,5.9852229429e-02,3.9088788592e-02,2.6361507090e-02,9.3948813603e-01,9.7476185023e-01,3.5273714199e-02,2.8477694572e-02,1.6265688260e-77,1.5490896868e-02
75.000000,865.000,75.000000,260.000000,5.8033626670e-02,4.1902331151e-02,2.5012852110e-02,9.3948813603e-01,9.7476185023e-01,3.5273714199e-02,2.7391561435e-02,1.7529849909e-86,1.5020207838e-02
75.000000,865.000,75.000000,265.000000,5.7069909202e-02,4.3774646303e-02,2.3387286571e-02,9.3948813603e-01,9.7476185023e-01,3.5273714199e-02,2.6643203203e-02,1.3689762519e-95,1.4770779404e-02
75.000000,865.000,75.000000,270.000000,5.6998966737e-02,4.4657407780e-02,2.1539788265e-02,9.3948813603e-01,9.7476185023e-01,3.5273714199e-02,2.6250585403e-02,9.0952712310e-105,1.4752418143e-02
75.000000,865.000,75.000000,275.000000,5.7831628483e-02,4.4532422074e-02,1.9528359164e-02,9.3948813603e-01,9.7476185023e-01,3.5273714199e-02,2.6220827964e-02,6.0408235518e-114,1.4967926861e-02
75.000000,865.000,75.000000,280.000000,5.9551268089e-02,4.3412115563e-02,1.7412248852e-02,9.3948813603e-01,9.7476185023e-01,3.5273714199e-02,2.6550025487e-02,4.7116434840e-123,1.5413002341e-02
75.000000,865.000,75.000000,285.000000,6.2114242819e-02,4.1339091274e-02,1.5250168465e-02,9.3948813603e-01,9.7476185023e-01,3.5273714199e-02,2.7223402512e-02,5.0625090796e-132,1.6076349014e-02
75.000000,865.000,75.000000,290.000000,6.5451154106e-02,3.8384769241e-02,1.3098549291e-02,9.3948813603e-01,9.7476185023e-01,3.5273714199e-02,2.8215798788e-02,8.7678737810e-141,1.6940005207e-02
75.000000,865.000,75.000000,295.000000,6.9468891682e-02,3.4647152272e-02,1.1009898626e-02,9.3948813603e-01,9.7476185023e-01,3.5273714199e-02,2.9492469523e-02,2.8535342465e-149,1.7979872210e-02
75.000000,865.000,75.000000,300.000000,7.4053399672e-02,3.0247785488e-02,9.0313023102e-03,9.3948813603e-01,9.7476185023e-01,3.5273714199e-02,3.1010176033e-02,2.0247823840e-157,1.9166430190e-02
75.000000,865.000,75.000000,305.000000,7.9073081076e-02,2.5328002510e-02,7.2031186778e-03,9.3948813603e-01,9.7476185023e-01,3.5273714199e-02,3.2718533375e-02,3.6129999032e-165,2.0465619337e-02
75.000000,865.000,75.000000,310.000000,8.4382737670e-02,2.0044572801e-02,5.5579026821e-03,9.3948813603e-01,9.7476185023e-01,3.5273714199e-02,3.4561573764e-02,1.8570123670e-172,2.1839859587e-02
75.000000,865.000,75.000000,315.000000,8.9827926056e-02,1.4564882871e-02,4.1195917225e-03,9.3948813603e-01,9.7476185023e-01,3.5273714199e-02,3.6479478035e-02,3.1239794744e-179,2.3249178045e-02
75.000000,865.000,75.000000,320.000000,9.5249597921e-02,9.0617981683e-03,2.9029765878e-03,9.3948813603e-01,9.7476185023e-01,3.5273714199e-02,3.8410422274e-02,1.9370384848e-185,2.4652409980e-02
75.000000,865.000,75.000000,325.000000,1.0048888393e-01,3.7083621903e-03,1.9134720799e-03,9.3948813603e-01,9.7476185023e-01,3.5273714199e-02,4.0292483329e-02,4.9362660215e-191,2.6008436982e-02
75.000000,865.000,75.000000,330.000000,1.0539187624e-01,-1.3275057645e-03,1.1471926132e-03,9.3948813603e-01,9.7476185023e-01,3.5273714199e-02,4.2065545061e-02,5.7032245452e-196,2.7277424771e-02
75.000000,865.000,75.000000,335.000000,1.0981426472e-01,-5.8881527551e-03,5.9132866555e-04,9.3948813603e-01,9.7476185023e-01,3.5273714199e-02,4.3673147248e-02,3.2579411877e-200,2.8422023132e-02
75.000000,865.000,75.000000,340.000000,1.1362568617e-01,-9.8310177209e-03,2.2481067445e-04,9.3948813603e-01,9.7476185023e-01,3.5273714199e-02,4.5064220785e-02,9.9133962393e-204,2.9408491594e-02
75.000000,865.000,75.000000,345.000000,1.1671365493e-01,-1.3032993479e-02,1.9238117984e-05,9.3948813603e-01,9.7476185023e-01,3.5273714199e-02,4.6194656314e-02,1.7091473114e-206,3.0207716719e-02
75.000000,865.000,75.000000,350.000000,1.1898695532e-01,-1.5394192429e-02,-5.9956649495e-05,9.3948813603e-01,9.7476185023e-01,3.5273714199e-02,4.7028658482e-02,1.7526441394e-208,3.0796090156e-02
75.000000,865.000,75.000000,355.000000,1.2037839338e-01,-1.6841001353e-02,-5.2147458798e-05,9.3948813603e-01,9.7476185023e-01,3.5273714199e-02,4.7539844582e-02,1.1069793554e-209,3.1156220825e-02
75.000000,865.000,80.000000,0.000000,1.7760288436e-01,-2.2773050840e-02,1.4772537054e-18,9.3948813603e-01,9.7476185023e-01,3.5273714199e-02,4.8598351061e-02,4.3956236779e-307,4.5967008937e-02
75.000000,865.000,80.000000,5.000000,1.7691245724e-01,-2.2076915459e-02,-1.0581117566e-03,9.3948813603e-01,9.7476185023e-01,3.5273714199e-02,4.8418533071e-02,1.6952816369e-306,4.5788313249e-02
75.000000,865.000,80.000000,10.000000,1.7486179301e-01,-2.0010020474e-02,-2.1485863738e-03,9.3948813603e-01,9.7476185023e-01,3.5273714199e-02,4.7884684228e-02,9.6257931148e-305,4.5257562291e-02
75.000000,865.000,80.000000,15.000000,1.7151211933e-01,-1.6636243017e-02,-3.3023123999e-03,9.3948813603e-01,9.7476185023e-01,3.5273714199e-02,4.7013448528e-02,7.8024452003e-302,4.4390602948e-02
75.000000,865.000,80.000000,20.000000,1.6696342228e-01,-1.2059877133e-02,-4.5472782911e-03,9.3948813603e-01,9.7476185023e-01,3.5273714199e-02,4.5831999897e-02,8.5792496448e-298,4.3213313522e-02
75.000000,865.000,80.000000,25.000000,1.6135142196e-01,-6.4224512849e-03,-5.9072421950e-03,9.3948813603e-01,9.7476185023e-01,3.5273714199e-02,4.4377211181e-02,1.1920281281e-292,4.1760820957e-02
75.000000,865.000,80.000000,30.000000,1.5484346762e-01,1.0159077322e-04,-7.4005413662e-03,9.3948813603e-01,9.7476185023e-01,3.5273714199e-02,4.2694526363e-02,1.9122440511e-286,4.0076438429e-02
75.000000,865.000,80.000000,35.000000,1.4763347700e-01,7.3102143839e-03,-9.0390809563e-03,9.3948813603e-01,9.7476185023e-01,3.5273714199e-02,4.0836570325e-02,3.1763590965e-279,3.8210355543e-02
75.000000,865.000,80.000000,40.000000,1.3993607332e-01,1.4979961663e-02,-1.0827536360e-02,9.3948813603e-01,9.7476185023e-01,3.5273714199e-02,3.8861538476e-02,4.8131406145e-271,3.6218120873e-02
75.000000,865.000,80.000000,45.000000,1.3198009790e-01,2.2872774853e-02,-1.2762796668e-02,9.3948813603e-01,9.7476185023e-01,3.5273714199e-02,3.6831415245e-02,5.7639585674e-262,3.4158962911e-02
75.000000,865.000,80.000000,50.000000,1.2400169531e-01,3.0743267760e-02,-1.4833669301e-02,9.3948813603e-01,9.7476185023e-01,3.5273714199e-02,3.4810075702e-02,4.6522683887e-252,3.2094000371e-02
75.000000,865.000,80.000000,55.000000,1.1623718080e-01,3.8346224064e-02,-1.7020857748e-02,9.3948813603e-01,9.7476185023e-01,3.5273714199e-02,3.2861328064e-02,2.1272974927e-241,3.0084396140e-02
75.000000,865.000,80.000000,60.000000,1.0891590645e-01,4.5444094325e-02,-1.9297215867e-02,9.3948813603e-01,9.7476185023e-01,3.5273714199e-02,3.1046956726e-02,4.5715981524e-230,2.8189510905e-02
75.000000,865.000,80.000000,65.000000,1.0225334242e-01,5.1814263560e-02,-2.1628273529e-02,9.3948813603e-01,9.7476185023e-01,3.5273714199e-02,2.9424825387e-02,3.7857374760e-218,2.6465112443e-02
75.000000,865.000,80.000000,70.000000,9.6444583097e-02,5.7255868176e-02,-2.3973019917e-02,9.3948813603e-01,9.7476185023e-01,3.5273714199e-02,2.8047098083e-02,9.8040830454e-206,2.4961694902e-02
75.000000,865.000,80.000000,75.000000,9.1658475219e-02,6.1595954737e-02,-2.6284922695e-02,9.3948813603e-01,9.7476185023e-01,3.5273714199e-02,2.6958632311e-02,6.3887764937e-193,2.3722959032e-02
75.000000,865.000,80.000000,80.000000,8.8032545710e-02,6.4694793008e-02,-2.8513153796e-02,9.3948813603e-01,9.7476185023e-01,3.5273714199e-02,2.6195593264e-02,8.3698124050e-180,2.2784499419e-02
75.000000,865.000,80.000000,85.000000,8.5668883120e-02,6.6450181397e-02,-3.0603986028e-02,9.3948813603e-01,9.7476185023e-01,3.5273714199e-02,2.5784331423e-02,1.7518804674e-166,2.2172738524e-02
75.000000,865.000,80.000000,90.000000,8.4631097226e-02,6.6800613526e-02,-3.2502319178e-02,9.3948813603e-01,9.7476185023e-01,3.5273714199e-02,2.5740557825e-02,4.6385491926e-153,2.1904139770e-02
75.000000,865.000,80.000000,95.000000,8.4942448758e-02,6.5727209248e-02,-3.4153290053e-02,9.3948813603e-01,9.7476185023e-01,3.5273714199e-02,2.6068842218e-02,1.2276351982e-139,2.1984723476e-02
75.000000,865.000,80.000000,100.000000,8.6585205589e-02,6.3254350964e-02,-3.5503918039e-02,9.3948813603e-01,9.7476185023e-01,3.5273714199e-02,2.6762449553e-02,2.5652967728e-126,2.2409900231e-02
75.000000,865.000,80.000000,105.000000,8.9501244471e-02,5.9449005432e-02,-3.6504736322e-02,9.3948813603e-01,9.7476185023e-01,3.5273714199e-02,2.7803519977e-02,3.3476569004e-113,2.3164626629e-02
75.000000,865.000,80.000000,110.000000,9.3593879552e-02,5.4418751190e-02,-3.7111359063e-02,9.3948813603e-01,9.7476185023e-01,3.5273714199e-02,2.9163587020e-02,2.1644677611e-100,2.4223878533e-02
75.000000,865.000,80.000000,115.000000,9.8730861649e-02,4.8308571068e-02,-3.7285936406e-02,9.3948813603e-01,9.7476185023e-01,3.5273714199e-02,3.0804418441e-02,5.5271258491e-88,2.5553427334e-02
75.000000,865.000,80.000000,120.000000,1.0474845667e-01,4.1296506762e-02,-3.6998452313e-02,9.3948813603e-01,9.7476185023e-01,3.5273714199e-02,3.2679154360e-02,4.4722137225e-76,2.7110895531e-02
75.000000,865.000,80.000000,125.000000,1.1145647881e-01,3.3588307077e-02,-3.6227824650e-02,9.3948813603e-01,9.7476185023e-01,3.5273714199e-02,3.4733708269e-02,9.2749310281e-65,2.8847059416e-02
75.000000,865.000,80.000000,130.000000,1.1864412514e-01,2.5411231969e-02,-3.4962772689e-02,9.3948813603e-01,9.7476185023e-01,3.5273714199e-02,3.6908388533e-02,4.0276405709e-54,3.0707359175e-02
75.000000,865.000,80.000000,135.000000,1.2608643390e-01,1.7007200270e-02,-3.3202423922e-02,9.3948813603e-01,9.7476185023e-01,3.5273714199e-02,3.9139691275e-02,3.0266797124e-44,3.2633570421e-02
75.000000,865.000,80.000000,140.000000,1.3355116982e-01,8.6254888536e-03,-3.0956639748e-02,9.3948813603e-01,9.7476185023e-01,3.5273714199e-02,4.1362210331e-02,3.2965921336e-35,3.4565586246e-02
75.000000,865.000,80.000000,145.000000,1.4080592698e-01,5.1520472183e-04,-2.8246047858e-02,9.3948813603e-01,9.7476185023e-01,3.5273714199e-02,4.3510606382e-02,4.4250787496e-27,3.6443255566e-02
75.000000,865.000,80.000000,150.000000,1.4762523285e-01,-7.0822416146e-03,-2.5101777812e-02,9.3948813603e-01,9.7476185023e-01,3.5273714199e-02,4.5521575593e-02,6.3322180187e-20,3.8208221800e-02
75.000000,865.000,80.000000,155.000000,1.5379743757e-01,-1.3940433096e-02,-2.1564905072e-02,9.3948813603e-01,9.7476185023e-01,3.5273714199e-02,4.7335758032e-02,8.5214882681e-14,3.9805705932e-02
75.000000,865.000,80.000000,160.000000,1.5913117866e-01,-1.9854791987e-02,-1.7685617436e-02,9.3948813603e-01,9.7476185023e-01,3.5273714199e-02,4.8899528041e-02,9.7329208984e-09,4.1186179708e-02
75.000000,865.000,80.000000,165.000000,1.6346122458e-01,-2.4648766905e-02,-1.3522126027e-02,9.3948813603e-01,9.7476185023e-01,3.5273714199e-02,5.0166612224e-02,8.7442216695e-05,4.2306878056e-02
75.000000,865.000,80.000000,170.000000,1.6665351929e-01,-2.8179173251e-02,-9.1393506166e-03,9.3948813603e-01,9.7476185023e-01,3.5273714199e-02,5.1099485996e-02,5.8996133310e-02,4.3133104726e-02
75.000000,865.000,80.000000,175.000000,1.6860927448e-01,-3.0340524939e-02,-4.6074157814e-03,9.3948813603e-01,9.7476185023e-01,3.5273714199e-02,5.1670506329e-02,2.9363681684e+00,4.3639291416e-02
75.000000,865.000,80.000000,180.000000,1.6926798479e-01,-3.1068225966e-02,-1.2967037048e-17,9.3948813603e-01,9.7476185023e-01,3.5273714199e-02,5.1862746329e-02,1.0789947611e+01,4.3809778189e-02
75.000000,865.000,80.000000,185.000000,1.6860927448e-01,-3.0340524939e-02,4.6074157814e-03,9.3948813603e-01,9.7476185023e-01,3.5273714199e-02,5.1670506329e-02,2.9363681684e+00,4.3639291416e-02
75.000000,865.000,80.000000,190.000000,1.6665351929e-01,-2.8179173251e-02,9.1393506166e-03,9.3948813603e-01,9.7476185023e-01,3.5273714199e-02,5.1099485996e-02,5.8996133310e-02,4.3133104726e-02
75.000000,865.000,80.000000,195.000000,1.6346122458e-01,-2.4648766905e-02,1.3522126027e-02,9.3948813603e-01,9.7476185023e-01,3.5273714199e-02,5.0166612224e-02,8.7442216695e-05,4.2306878056e-02
75.000000,865.000,80.000000,200.000000,1.5913117866e-01,-1.9854791987e-02,1.7685617436e-02,9.3948813603e-01,9.7476185023e-01,3.5273714199e-02,4.8899528041e-02,9.7329208984e-09,4.1186179708e-02
75.000000,865.000,80.000000,205.000000,1.5379743757e-01,-1.3940433096e-02,2.1564905072e-02,9.3948813603e-01,9.7476185023e-01,3.5273714199e-02,4.7335758032e-02,8.5214882681e-14,3.9805705932e-02
75.000000,865.000,80.000000,210.000000,1.4762523285e-01,-7.0822416146e-03,2.5101777812e-02,9.3948813603e-01,9.7476185023e-01,3.5273714199e-02,4.5521575593e-02,6.3322180187e-20,3.8208221800e-02
75.000000,865.000,80.000000,215.000000,1.4080592698e-01,5.1520472183e-04,2.8246047858e-02,9.3948813603e-01,9.7476185023e-01,3.5273714199e-02,4.3510606382e-02,4.4250787496e-27,3.6443255566e-02
75.000000,865.000,80.000000,220.000000,1.3355116982e-01,8.6254888536e-03,3.0956639748e-02,9.3948813603e-01,9.7476185023e-01,3.5273714199e-02,4.1362210331e-02,3.2965921336e-35,3.4565586246e-02
75.000000,865.000,80.000000,225.000000,1.2608643390e-01,1.7007200270e-02,3.3202423922e-02,9.3948813603e-01,9.7476185023e-01,3.5273714199e-02,3.9139691275e-02,3.0266797124e-44,3.2633570421e-02
75.000000,865.000,80.000000,230.000000,1.1864412514e-01,2.5411231969e-02,3.4962772689e-02,9.3948813603e-01,9.7476185023e-01,3.5273714199e-02,3.6908388533e-02,4.0276405709e-54,3.0707359175e-02
75.000000,865.000,80.000000,235.000000,1.1145647881e-01,3.3588307077e-02,3.6227824650e-02,9.3948813603e-01,9.7476185023e-01,3.5273714199e-02,3.4733708269e-02,9.2749310281e-65,2.8847059416e-02
75.000000,865.000,80.000000,240.000000,1.0474845667e-01,4.1296506762e-02,3.6998452313e-02,9.3948813603e-01,9.7476185023e-01,3.5273714199e-02,3.2679154360e-02,4.4722137225e-76,2.7110895531e-02
75.000000,865.000,80.000000,245.000000,9.8730861649e-02,4.8308571068e-02,3.7285936406e-02,9.3948813603e-01,9.7476185023e-01,3.5273714199e-02,3.0804418441e-02,5.5271258491e-88,2.5553427334e-02
75.000000,865.000,80.000000,250.000000,9.3593879552e-02,5.4418751190e-02,3.7111359063e-02,9.3948813603e-01,9.7476185023e-01,3.5273714199e-02,2.9163587020e-02,2.1644677611e-100,2.4223878533e-02
75.000000,865.000,80.000000,255.000000,8.9501244471e-02,5.9449005432e-02,3.6504736322e-02,9.3948813603e-01,9.7476185023e-01,3.5273714199e-02,2.7803519977e-02,3.3476569004e-113,2.3164626629e-02
75.000000,865.000,80.000000,260.000000,8.6585205589e-02,6.3254350964e-02,3.5503918039e-02,9.3948813603e-01,9.7476185023e-01,3.5273714199e-02,2.6762449553e-02,2.5652967728e-126,2.2409900231e-02
75.000000,865.000,80.000000,265.000000,8.4942448758e-02,6.5727209248e-02,3.4153290053e-02,9.3948813603e-01,9.7476185023e-01,3.5273714199e-02,2.6068842218e-02,1.2276351982e-139,2.1984723476e-02
75.000000,865.000,80.000000,270.000000,8.4631097226e-02,6.6800613526e-02,3.2502319178e-02,9.3948813603e-01,9.7476185023e-01,3.5273714199e-02,2.5740557825e-02,4.6385491926e-153,2.1904139770e-02
75.000000,865.000,80.000000,275.000000,8.5668883120e-02,6.6450181397e-02,3.0603986028e-02,9.3948813603e-01,9.7476185023e-01,3.5273714199e-02,2.5784331423e-02,1.7518804674e-166,2.2172738524e-02
75.000000,865.000,80.000000,280.000000,8.8032545710e-02,6.4694793008e-02,2.8513153796e-02,9.3948813603e-01,9.7476185023e-01,3.5273714199e-02,2.6195593264e-02,8.3698124050e-180,2.2784499419e-02
75.000000,865.000,80.000000,285.000000,9.1658475219e-02,6.1595954737e-02,2.6284922695e-02,9.3948813603e-01,9.7476185023e-01,3.5273714199e-02,2.6958632311e-02,6.3887764937e-193,2.3722959032e-02
75.000000,865.000,80.000000,290.000000,9.6444583097e-02,5.7255868176e-02,2.3973019917e-02,9.3948813603e-01,9.7476185023e-01,3.5273714199e-02,2.8047098083e-02,9.8040830454e-206,2.4961694902e-02
75.000000,865.000,80.000000,295.000000,1.0225334242e-01,5.1814263560e-02,2.1628273529e-02,9.3948813603e-01,9.7476185023e-01,3.5273714199e-02,2.9424825387e-02,3.7857374760e-218,2.6465112443e-02
75.000000,865.000,80.000000,300.000000,1.0891590645e-01,4.5444094325e-02,1.9297215867e-02,9.3948813603e-01,9.7476185023e-01,3.5273714199e-02,3.1046956726e-02,4.5715981524e-230,2.8189510905e-02
75.000000,865.000,80.000000,305.000000,1.1623718080e-01,3.8346224064e-02,1.7020857748e-02,9.3948813603e-01,9.7476185023e-01,3.5273714199e-02,3.2861328064e-02,2.1272974927e-241,3.0084396140e-02
75.000000,865.000,80.000000,310.000000,1.2400169531e-01,3.0743267760e-02,1.4833669301e-02,9.3948813603e-01,9.7476185023e-01,3.5273714199e-02,3.4810075702e-02,4.6522683887e-252,3.2094000371e-02
75.000000,865.000,80.000000,315.000000,1.3198009790e-01,2.2872774853e-02,1.2762796668e-02,9.3948813603e-01,9.7476185023e-01,3.5273714199e-02,3.6831415245e-02,5.7639585674e-262,3.4158962911e-02
75.000000,865.000,80.000000,320.000000,1.3993607332e-01,1.4979961663e-02,1.0827536360e-02,9.3948813603e-01,9.7476185023e-01,3.5273714199e-02,3.8861538476e-02,4.8131406145e-271,3.6218120873e-02
75.000000,865.000,80.000000,325.000000,1.4763347700e-01,7.3102143839e-03,9.0390809563e-03,9.3948813603e-01,9.7476185023e-01,3.5273714199e-02,4.0836570325e-02,3.1763590965e-279,3.8210355543e-02
75.000000,865.000,80.000000,330.000000,1.5484346762e-01,1.0159077322e-04,7.4005413662e-03,9.3948813603e-01,9.7476185023e-01,3.5273714199e-02,4.2694526363e-02,1.9122440511e-286,4.0076438429e-02
75.000000,865.000,80.000000,335.000000,1.6135142196e-01,-6.4224512849e-03,5.9072421950e-03,9.3948813603e-01,9.7476185023e-01,3.5273714199e-02,4.4377211181e-02,1.1920281281e-292,4.1760820957e-02
75.000000,865.000,80.000000,340.000000,1.6696342228e-01,-1.2059877133e-02,4.5472782911e-03,9.3948813603e-01,9.7476185023e-01,3.5273714199e-02,4.5831999897e-02,8.5792496448e-298,4.3213313522e-02
75.000000,865.000,80.000000,345.000000,1.7151211933e-01,-1.6636243017e-02,3.3023123999e-03,9.3948813603e-01,9.7476185023e-01,3.5273714199e-02,4.7013448528e-02,7.8024452003e-302,4.4390602948e-02
75.000000,865.000,80.000000,350.000000,1.7486179301e-01,-2.0010020474e-02,2.1485863738e-03,9.3948813603e-01,9.7476185023e-01,3.5273714199e-02,4.7884684228e-02,9.6257931148e-305,4.5257562291e-02
75.000000,865.000,80.000000,355.000000,1.7691245724e-01,-2.2076915459e-02,1.0581117566e-03,9.3948813603e-01,9.7476185023e-01,3.5273714199e-02,4.8418533071e-02,1.6952816369e-306,4.5788313249e-02
75.000000,865.000,85.000000,0.000000,3.2430256846e-01,-3.5116813506e-02,5.2742262597e-18,9.3948813603e-01,9.7476185023e-01,3.5273714199e-02,5.2748885487e-02,0.0000000000e+00,8.3935681092e-02
75.000000,865.000,85.000000,5.000000,3.2305553033e-01,-3.3875918171e-02,-3.7594415020e-03,9.3948813603e-01,9.7476185023e-01,3.5273714199e-02,5.2550794615e-02,0.0000000000e+00,8.3612923876e-02
75.000000,865.000,85.000000,10.000000,3.1935198413e-01,-3.0191257336e-02,-7.5253085384e-03,9.3948813603e-01,9.7476185023e-01,3.5273714199e-02,5.1962608646e-02,0.0000000000e+00,8.2654375585e-02
75.000000,865.000,85.000000,15.000000,3.1330349535e-01,-2.4175748682e-02,-1.1302913155e-02,9.3948813603e-01,9.7476185023e-01,3.5273714199e-02,5.1002402061e-02,0.0000000000e+00,8.1088911494e-02
75.000000,865.000,85.000000,20.000000,3.0509224426e-01,-1.6013764148e-02,-1.5095381242e-02,9.3948813603e-01,9.7476185023e-01,3.5273714199e-02,4.9699686453e-02,0.0000000000e+00,7.8963683329e-02
75.000000,865.000,85.000000,25.000000,2.9496550268e-01,-5.9555157458e-03,-1.8902660217e-02,9.3948813603e-01,9.7476185023e-01,3.5273714199e-02,4.8094511270e-02,0.0000000000e+00,7.6342689741e-02
75.000000,865.000,85.000000,30.000000,2.8322813759e-01,5.6905638501e-03,-2.2720644033e-02,9.3948813603e-01,9.7476185023e-01,3.5273714199e-02,4.6236243380e-02,0.0000000000e+00,7.3304836118e-02
75.000000,865.000,85.000000,35.000000,2.7023336953e-01,1.8567214324e-02,-2.6540448780e-02,9.3948813603e-01,9.7476185023e-01,3.5273714199e-02,4.4182062558e-02,0.0000000000e+00,6.9941542657e-02
75.000000,865.000,85.000000,40.000000,2.5637206605e-01,3.2279228768e-02,-3.0347867339e-02,9.3948813603e-01,9.7476185023e-01,3.5273714199e-02,4.1995218649e-02,0.0000000000e+00,6.6353973327e-02
75.000000,865.000,85.000000,45.000000,2.4206089571e-01,4.6405491954e-02,-3.4123025879e-02,9.3948813603e-01,9.7476185023e-01,3.5273714199e-02,3.9743103403e-02,0.0000000000e+00,6.2649969884e-02
75.000000,865.000,85.000000,50.000000,2.2772970200e-01,6.0511809821e-02,-3.7840258518e-02,9.3948813603e-01,9.7476185023e-01,3.5273714199e-02,3.7495195614e-02,0.0000000000e+00,5.8940784012e-02
75.000000,865.000,85.000000,55.000000,2.1380848081e-01,7.4164140108e-02,-4.1468209516e-02,9.3948813603e-01,9.7476185023e-01,3.5273714199e-02,3.5320942053e-02,0.0000000000e+00,5.5337706837e-02
75.000000,865.000,85.000000,60.000000,2.0071435669e-01,8.6941821817e-02,-4.4970165054e-02,9.3948813603e-01,9.7476185023e-01,3.5273714199e-02,3.3287638649e-02,0.0000000000e+00,5.1948698138e-02
75.000000,865.000,85.000000,65.000000,1.8883895339e-01,9.8450401253e-02,-4.8304609233e-02,9.3948813603e-01,9.7476185023e-01,3.5273714199e-02,3.1458376360e-02,0.0000000000e+00,4.8875117593e-02
75.000000,865.000,85.000000,70.000000,1.7853654195e-01,1.0833366456e-01,-5.1425991668e-02,9.3948813603e-01,9.7476185023e-01,3.5273714199e-02,2.9890114209e-02,0.0000000000e+00,4.6208657304e-02
75.000000,865.000,85.000000,75.000000,1.7011332635e-01,1.1628451080e-01,-5.4285687108e-02,9.3948813603e-01,9.7476185023e-01,3.5273714199e-02,2.8631938134e-02,2.5291364666e-305,4.4028568685e-02
75.000000,865.000,85.000000,80.000000,1.6381819156e-01,1.2205433486e-01,-5.6833121155e-02,9.3948813603e-01,9.7476185023e-01,3.5273714199e-02,2.7723558609e-02,1.4377941303e-284,4.2399267910e-02
75.000000,865.000,85.000000,85.000000,1.5983519499e-01,1.2546063461e-01,-5.9017030555e-02,9.3948813603e-01,9.7476185023e-01,3.5273714199e-02,2.7194092793e-02,1.7156151482e-263,4.1368392541e-02
75.000000,865.000,85.000000,90.000000,1.5827802892e-01,1.2639261085e-01,-6.0786821872e-02,9.3948813603e-01,9.7476185023e-01,3.5273714199e-02,2.7061168272e-02,2.9695439830e-242,4.0965368305e-02
75.000000,865.000,85.000000,95.000000,1.5918662177e-01,1.2481458949e-01,-6.2093988770e-02,9.3948813603e-01,9.7476185023e-01,3.5273714199e-02,2.7330375737e-02,5.1369540627e-221,4.1200529440e-02
75.000000,865.000,85.000000,100.000000,1.6252598116e-01,1.2076716142e-01,-6.2893545767e-02,9.3948813603e-01,9.7476185023e-01,3.5273714199e-02,2.7995087301e-02,6.1163686206e-200,4.2064819247e-02
75.000000,865.000,85.000000,105.000000,1.6818731326e-01,1.1436600520e-01,-6.3145435181e-02,9.3948813603e-01,9.7476185023e-01,3.5273714199e-02,2.9036646075e-02,3.4600625207e-179,4.3530079817e-02
75.000000,865.000,85.000000,110.000000,1.7599138430e-01,1.0579842779e-01,-6.2815864241e-02,9.3948813603e-01,9.7476185023e-01,3.5273714199e-02,3.0424921330e-02,6.4519264540e-159,4.5549922031e-02
75.000000,865.000,85.000000,115.000000,1.8569402136e-01,9.5317727993e-02,-6.1878530791e-02,9.3948813603e-01,9.7476185023e-01,3.5273714199e-02,3.2119212454e-02,2.7725644100e-139,4.8061149290e-02
75.000000,865.000,85.000000,120.000000,1.9699358513e-01,8.3235553604e-02,-6.0315698859e-02,9.3948813603e-01,9.7476185023e-01,3.5273714199e-02,3.4069474356e-02,1.9398079932e-120,5.0985691594e-02
75.000000,865.000,85.000000,125.000000,2.0954018702e-01,6.9912483880e-02,-5.8119089289e-02,9.3948813603e-01,9.7476185023e-01,3.5273714199e-02,3.6217827129e-02,1.5815919501e-102,5.4232991114e-02
75.000000,865.000,85.000000,130.000000,2.2294637027e-01,5.5747123250e-02,-5.5290555702e-02,9.3948813603e-01,9.7476185023e-01,3.5273714199e-02,3.8500304223e-02,1.0925903490e-85,5.7702766663e-02
75.000000,865.000,85.000000,135.000000,2.3679893010e-01,4.1164037181e-02,-5.1842522026e-02,9.3948813603e-01,9.7476185023e-01,3.5273714199e-02,4.0848786062e-02,4.7347045403e-70,6.1288072969e-02
75.000000,865.000,85.000000,140.000000,2.5067151329e-01,2.6600896429e-02,-4.7798164524e-02,9.3948813603e-01,9.7476185023e-01,3.5273714199e-02,4.3193060445e-02,9.7268676165e-56,6.4878561704e-02
75.000000,865.000,85.000000,145.000000,2.6413761426e-01,1.2495219957e-02,-4.3191328553e-02,9.3948813603e-01,9.7476185023e-01,3.5273714199e-02,4.5462947192e-02,7.3256511648e-43,6.8363845099e-02
75.000000,865.000,85.000000,150.000000,2.7678357220e-01,-7.2888100161e-04,-3.8066177839e-02,9.3948813603e-01,9.7476185023e-01,3.5273714199e-02,4.7590422546e-02,1.6046230279e-31,7.1636859856e-02
75.000000,865.000,85.000000,155.000000,2.8822117419e-01,-1.2673555231e-02,-3.2476581775e-02,9.3948813603e-01,9.7476185023e-01,3.5273714199e-02,4.9511678847e-02,8.3470327173e-22,7.4597129082e-02
75.000000,865.000,85.000000,160.000000,2.9809948110e-01,-2.2979269929e-02,-2.6485253816e-02,9.3948813603e-01,9.7476185023e-01,3.5273714199e-02,5.1169056940e-02,8.7065331818e-14,7.7153823043e-02
75.000000,865.000,85.000000,165.000000,3.0611551665e-01,-3.1335709055e-02,-2.0162661228e-02,9.3948813603e-01,9.7476185023e-01,3.5273714199e-02,5.2512792662e-02,1.6013908398e-07,7.9228525711e-02
75.000000,865.000,85.000000,170.000000,3.1202349476e-01,-3.7491180678e-02,-1.3585733150e-02,9.3948813603e-01,9.7476185023e-01,3.5273714199e-02,5.3502524376e-02,4.8033030528e-03,8.0757622964e-02
75.000000,865.000,85.000000,175.000000,3.1564230452e-01,-4.1260247659e-02,-6.8363997171e-03,9.3948813603e-01,9.7476185023e-01,3.5273714199e-02,5.4108515786e-02,2.2985671294e+00,8.1694239849e-02
75.000000,865.000,85.000000,180.000000,3.1686102532e-01,-4.2529349932e-02,-1.9228502215e-17,9.3948813603e-01,9.7476185023e-01,3.5273714199e-02,5.4312556900e-02,1.7884551339e+01,8.2009668004e-02
75.000000,865.000,85.000000,185.000000,3.1564230452e-01,-4.1260247659e-02,6.8363997171e-03,9.3948813603e-01,9.7476185023e-01,3.5273714199e-02,5.4108515786e-02,2.2985671294e+00,8.1694239849e-02
75.000000,865.000,85.000000,190.000000,3.1202349476e-01,-3.7491180678e-02,1.3585733150e-02,9.3948813603e-01,9.7476185023e-01,3.5273714199e-02,5.3502524376e-02,4.8033030528e-03,8.0757622964e-02
75.000000,865.000,85.000000,195.000000,3.0611551665e-01,-3.1335709055e-02,2.0162661228e-02,9.3948813603e-01,9.7476185023e-01,3.5273714199e-02,5.2512792662e-02,1.6013908398e-07,7.9228525711e-02
75.000000,865.000,85.000000,200.000000,2.9809948110e-01,-2.2979269929e-02,2.6485253816e-02,9.3948813603e-01,9.7476185023e-01,3.5273714199e-02,5.1169056940e-02,8.7065331818e-14,7.7153823043e-02
75.000000,865.000,85.000000,205.000000,2.8822117419e-01,-1.2673555231e-02,3.2476581775e-02,9.3948813603e-01,9.7476185023e-01,3.5273714199e-02,4.9511678847e-02,8.3470327173e-22,7.4597129082e-02
75.000000,865.000,85.000000,210.000000,2.7678357220e-01,-7.2888100161e-04,3.8066177839e-02,9.3948813603e-01,9.7476185023e-01,3.5273714199e-02,4.7590422546e-02,1.6046230279e-31,7.1636859856e-02
75.000000,865.000,85.000000,215.000000,2.6413761426e-01,1.2495219957e-02,4.3191328553e-02,9.3948813603e-01,9.7476185023e-01,3.5273714199e-02,4.5462947192e-02,7.3256511648e-43,6.8363845099e-02
75.000000,865.000,85.000000,220.000000,2.5067151329e-01,2.6600896429e-02,4.7798164524e-02,9.3948813603e-01,9.7476185023e-01,3.5273714199e-02,4.3193060445e-02,9.7268676165e-56,6.4878561704e-02
75.000000,865.000,85.000000,225.000000,2.3679893010e-01,4.1164037181e-02,5.1842522026e-02,9.3948813603e-01,9.7476185023e-01,3.5273714199e-02,4.0848786062e-02,4.7347045403e-70,6.1288072969e-02
75.000000,865.000,85.000000,230.000000,2.2294637027e-01,5.5747123250e-02,5.5290555702e-02,9.3948813603e-01,9.7476185023e-01,3.5273714199e-02,3.8500304223e-02,1.0925903490e-85,5.7702766663e-02
75.000000,865.000,85.000000,235.000000,2.0954018702e-01,6.9912483880e-02,5.8119089289e-02,9.3948813603e-01,9.7476185023e-01,3.5273714199e-02,3.6217827129e-02,1.5815919501e-102,5.4232991114e-02
75.000000,865.000,85.000000,240.000000,1.9699358513e-01,8.3235553604e-02,6.0315698859e-02,9.3948813603e-01,9.7476185023e-01,3.5273714199e-02,3.4069474356e-02,1.9398079932e-120,5.0985691594e-02
75.000000,865.000,85.000000,245.000000,1.8569402136e-01,9.5317727993e-02,6.1878530791e-02,9.3948813603e-01,9.7476185023e-01,3.5273714199e-02,3.2119212454e-02,2.7725644100e-139,4.8061149290e-02
75.000000,865.000,85.000000,250.000000,1.7599138430e-01,1.0579842779e-01,6.2815864241e-02,9.3948813603e-01,9.7476185023e-01,3.5273714199e-02,3.0424921330e-02,6.4519264540e-159,4.5549922031e-02
75.000000,865.000,85.000000,255.000000,1.6818731326e-01,1.1436600520e-01,6.3145435181e-02,9.3948813603e-01,9.7476185023e-01,3.5273714199e-02,2.9036646075e-02,3.4600625207e-179,4.3530079817e-02
75.000000,865.000,85.000000,260.000000,1.6252598116e-01,1.2076716142e-01,6.2893545767e-02,9.3948813603e-01,9.7476185023e-01,3.5273714199e-02,2.7995087301e-02,6.1163686206e-200,4.2064819247e-02
75.000000,865.000,85.000000,265.000000,1.5918662177e-01,1.2481458949e-01,6.2093988770e-02,9.3948813603e-01,9.7476185023e-01,3.5273714199e-02,2.7330375737e-02,5.1369540627e-221,4.1200529440e-02
75.000000,865.000,85.000000,270.000000,1.5827802892e-01,1.2639261085e-01,6.0786821872e-02,9.3948813603e-01,9.7476185023e-01,3.5273714199e-02,2.7061168272e-02,2.9695439830e-242,4.0965368305e-02
75.000000,865.000,85.000000,275.000000,1.5983519499e-01,1.2546063461e-01,5.9017030555e-02,9.3948813603e-01,9.7476185023e-01,3.5273714199e-02,2.7194092793e-02,1.7156151482e-263,4.1368392541e-02
75.000000,865.000,85.000000,280.000000,1.6381819156e-01,1.2205433486e-01,5.6833121155e-02,9.3948813603e-01,9.7476185023e-01,3.5273714199e-02,2.7723558609e-02,1.4377941303e-284,4.2399267910e-02
75.000000,865.000,85.000000,285.000000,1.7011332635e-01,1.1628451080e-01,5.4285687108e-02,9.3948813603e-01,9.7476185023e-01,3.5273714199e-02,2.8631938134e-02,2.5291364666e-305,4.4028568685e-02
75.000000,865.000,85.000000,290.000000,1.7853654195e-01,1.0833366456e-01,5.1425991668e-02,9.3948813603e-01,9.7476185023e-01,3.5273714199e-02,2.9890114209e-02,0.0000000000e+00,4.6208657304e-02
75.000000,865.000,85.000000,295.000000,1.8883895339e-01,9.8450401253e-02,4.8304609233e-02,9.3948813603e-01,9.7476185023e-01,3.5273714199e-02,3.1458376360e-02,0.0000000000e+00,4.8875117593e-02
75.000000,865.000,85.000000,300.000000,2.0071435669e-01,8.6941821817e-02,4.4970165054e-02,9.3948813603e-01,9.7476185023e-01,3.5273714199e-02,3.3287638649e-02,0.0000000000e+00,5.1948698138e-02
75.000000,865.000,85.000000,305.000000,2.1380848081e-01,7.4164140108e-02,4.1468209516e-02,9.3948813603e-01,9.7476185023e-01,3.5273714199e-02,3.5320942053e-02,0.0000000000e+00,5.5337706837e-02
75.000000,865.000,85.000000,310.000000,2.2772970200e-01,6.0511809821e-02,3.7840258518e-02,9.3948813603e-01,9.7476185023e-01,3.5273714199e-02,3.7495195614e-02,0.0000000000e+00,5.8940784012e-02
75.000000,865.000,85.000000,315.000000,2.4206089571e-01,4.6405491954e-02,3.4123025879e-02,9.3948813603e-01,9.7476185023e-01,3.5273714199e-02,3.9743103403e-02,0.0000000000e+00,6.2649969884e-02
75.000000,865.000,85.000000,320.000000,2.5637206605e-01,3.2279228768e-02,3.0347867339e-02,9.3948813603e-01,9.7476185023e-01,3.5273714199e-02,4.1995218649e-02,0.0000000000e+00,6.6353973327e-02
75.000000,865.000,85.000000,325.000000,2.7023336953e-01,1.8567214324e-02,2.6540448780e-02,9.3948813603e-01,9.7476185023e-01,3.5273714199e-02,4.4182062558e-02,0.0000000000e+00,6.9941542657e-02
75.000000,865.000,85.000000,330.000000,2.8322813759e-01,5.6905638501e-03,2.2720644033e-02,9.3948813603e-01,9.7476185023e-01,3.5273714199e-02,4.6236243380e-02,0.0000000000e+00,7.3304836118e-02
75.000000,865.000,85.000000,335.000000,2.9496550268e-01,-5.9555157458e-03,1.8902660217e-02,9.3948813603e-01,9.7476185023e-01,3.5273714199e-02,4.8094511270e-02,0.0000000000e+00,7.6342689741e-02
75.000000,865.000,85.000000,340.000000,3.0509224426e-01,-1.6013764148e-02,1.5095381242e-02,9.3948813603e-01,9.7476185023e-01,3.5273714199e-02,4.9699686453e-02,0.0000000000e+00,7.8963683329e-02
75.000000,865.000,85.000000,345.000000,3.1330349535e-01,-2.4175748682e-02,1.1302913155e-02,9.3948813603e-01,9.7476185023e-01,3.5273714199e-02,5.1002402061e-02,0.0000000000e+00,8.1088911494e-02
75.000000,865.000,85.000000,350.000000,3.1935198413e-01,-3.0191257336e-02,7.5253085384e-03,9.3948813603e-01,9.7476185023e-01,3.5273714199e-02,5.1962608646e-02,0.0000000000e+00,8.2654375585e-02
75.000000,865.000,85.000000,355.000000,3.2305553033e-01,-3.3875918171e-02,3.7594415020e-03,9.3948813603e-01,9.7476185023e-01,3.5273714199e-02,5.2550794615e-02,0.0000000000e+00,8.3612923876e-02
