sza_deg,wavelength_nm,vza_deg,raa_deg,rho_I,rho_Q,rho_U,direct_transmittance,irradiance_transmittance,diffuse_dn_hemi,diffuse_dn_dir,sunglint_up_flux_ratio_diag,toa_up_flux_ratio_diag
50.000000,865.000,0.000000,0.000000,7.0206127026e-03,-2.9762609729e-03,-7.2897369477e-19,9.7478643003e-01,9.8731062219e-01,1.2524192157e-02,1.3744719580e-02,1.3388321632e-04,4.5127628576e-03
50.000000,865.000,0.000000,5.000000,7.0206127026e-03,-2.9310448811e-03,5.1682229420e-04,9.7478643003e-01,9.8731062219e-01,1.2524192157e-02,1.3744719580e-02,1.3388321632e-04,4.5127628576e-03
50.000000,865.000,0.000000,10.000000,7.0206127026e-03,-2.7967704738e-03,1.0179412045e-03,9.7478643003e-01,9.8731062219e-01,1.2524192157e-02,1.3744719580e-02,1.3388321632e-04,4.5127628576e-03
50.000000,865.000,0.000000,15.000000,7.0206127026e-03,-2.5775176108e-03,1.4881304864e-03,9.7478643003e-01,9.8731062219e-01,1.2524192157e-02,1.3744719580e-02,1.3388321632e-04,4.5127628576e-03
50.000000,865.000,0.000000,20.000000,7.0206127026e-03,-2.2799481795e-03,1.9131036766e-03,9.7478643003e-01,9.8731062219e-01,1.2524192157e-02,1.3744719580e-02,1.3388321632e-04,4.5127628576e-03
50.000000,865.000,0.000000,25.000000,7.0206127026e-03,-1.9131036766e-03,2.2799481795e-03,9.7478643003e-01,9.8731062219e-01,1.2524192157e-02,1.3744719580e-02,1.3388321632e-04,4.5127628576e-03
50.000000,865.000,0.000000,30.000000,7.0206127026e-03,-1.4881304864e-03,2.5775176108e-03,9.7478643003e-01,9.8731062219e-01,1.2524192157e-02,1.3744719580e-02,1.3388321632e-04,4.5127628576e-03
50.000000,865.000,0.000000,35.000000,7.0206127026e-03,-1.0179412045e-03,2.7967704738e-03,9.7478643003e-01,9.8731062219e-01,1.2524192157e-02,1.3744719580e-02,1.3388321632e-04,4.5127628576e-03
50.000000,865.000,0.000000,40.000000,7.0206127026e-03,-5.1682229420e-04,2.9310448811e-03,9.7478643003e-01,9.8731062219e-01,1.2524192157e-02,1.3744719580e-02,1.3388321632e-04,4.5127628576e-03
50.000000,865.000,0.000000,45.000000,7.0206127026e-03,-9.0952266495e-19,2.9762609729e-03,9.7478643003e-01,9.8731062219e-01,1.2524192157e-02,1.3744719580e-02,1.3388321632e-04,4.5127628576e-03
50.000000,865.000,0.000000,50.000000,7.0206127026e-03,5.1682229420e-04,2.9310448811e-03,9.7478643003e-01,9.8731062219e-01,1.2524192157e-02,1.3744719580e-02,1.3388321632e-04,4.5127628576e-03
50.000000,865.000,0.000000,55.000000,7.0206127026e-03,1.0179412045e-03,2.7967704738e-03,9.7478643003e-01,9.8731062219e-01,1.2524192157e-02,1.3744719580e-02,1.3388321632e-04,4.5127628576e-03
50.000000,865.000,0.000000,60.000000,7.0206127026e-03,1.4881304864e-03,2.5775176108e-03,9.7478643003e-01,9.8731062219e-01,1.2524192157e-02,1.3744719580e-02,1.3388321632e-04,4.5127628576e-03
50.000000,865.000,0.000000,65.000000,7.0206127026e-03,1.9131036766e-03,2.2799481795e-03,9.7478643003e-01,9.8731062219e-01,1.2524192157e-02,1.3744719580e-02,1.3388321632e-04,4.5127628576e-03
50.000000,865.000,0.000000,70.000000,7.0206127026e-03,2.2799481795e-03,1.9131036766e-03,9.7478643003e-01,9.8731062219e-01,1.2524192157e-02,1.3744719580e-02,1.3388321632e-04,4.5127628576e-03
50.000000,865.000,0.000000,75.000000,7.0206127026e-03,2.5775176108e-03,1.4881304864e-03,9.7478643003e-01,9.8731062219e-01,1.2524192157e-02,1.3744719580e-02,1.3388321632e-04,4.5127628576e-03
50.000000,865.000,0.000000,80.000000,7.0206127026e-03,2.7967704738e-03,1.0179412045e-03,9.7478643003e-01,9.8731062219e-01,1.2524192157e-02,1.3744719580e-02,1.3388321632e-04,4.5127628576e-03
50.000000,865.000,0.000000,85.000000,7.0206127026e-03,2.9310448811e-03,5.1682229420e-04,9.7478643003e-01,9.8731062219e-01,1.2524192157e-02,1.3744719580e-02,1.3388321632e-04,4.5127628576e-03
50.000000,865.000,0.000000,90.000000,7.0206127026e-03,2.9762609729e-03,1.0924896975e-18,9.7478643003e-01,9.8731062219e-01,1.2524192157e-02,1.3744719580e-02,1.3388321632e-04,4.5127628576e-03
50.000000,865.000,0.000000,95.000000,7.0206127026e-03,2.9310448811e-03,-5.1682229420e-04,9.7478643003e-01,9.8731062219e-01,1.2524192157e-02,1.3744719580e-02,1.3388321632e-04,4.5127628576e-03
50.000000,865.000,0.000000,100.000000,7.0206127026e-03,2.7967704738e-03,-1.0179412045e-03,9.7478643003e-01,9.8731062219e-01,1.2524192157e-02,1.3744719580e-02,1.3388321632e-04,4.5127628576e-03
50.000000,865.000,0.000000,105.000000,7.0206127026e-03,2.5775176108e-03,-1.4881304864e-03,9.7478643003e-01,9.8731062219e-01,1.2524192157e-02,1.3744719580e-02,1.3388321632e-04,4.5127628576e-03
50.000000,865.000,0.000000,110.000000,7.0206127026e-03,2.2799481795e-03,-1.9131036766e-03,9.7478643003e-01,9.8731062219e-01,1.2524192157e-02,1.3744719580e-02,1.3388321632e-04,4.5127628576e-03
50.000000,865.000,0.000000,115.000000,7.0206127026e-03,1.9131036766e-03,-2.2799481795e-03,9.7478643003e-01,9.8731062219e-01,1.2524192157e-02,1.3744719580e-02,1.3388321632e-04,4.5127628576e-03
50.000000,865.000,0.000000,120.000000,7.0206127026e-03,1.4881304864e-03,-2.5775176108e-03,9.7478643003e-01,9.8731062219e-01,1.2524192157e-02,1.3744719580e-02,1.3388321632e-04,4.5127628576e-03
50.000000,865.000,0.000000,125.000000,7.0206127026e-03,1.0179412045e-03,-2.7967704738e-03,9.7478643003e-01,9.8731062219e-01,1.2524192157e-02,1.3744719580e-02,1.3388321632e-04,4.5127628576e-03
50.000000,865.000,0.000000,130.000000,7.0206127026e-03,5.1682229420e-04,-2.9310448811e-03,9.7478643003e-01,9.8731062219e-01,1.2524192157e-02,1.3744719580e-02,1.3388321632e-04,4.5127628576e-03
50.000000,865.000,0.000000,135.000000,7.0206127026e-03,1.2748090538e-18,-2.9762609729e-03,9.7478643003e-01,9.8731062219e-01,1.2524192157e-02,1.3744719580e-02,1.3388321632e-04,4.5127628576e-03
50.000000,865.000,0.000000,140.000000,7.0206127026e-03,-5.1682229420e-04,-2.9310448811e-03,9.7478643003e-01,9.8731062219e-01,1.2524192157e-02,1.3744719580e-02,1.3388321632e-04,4.5127628576e-03
50.000000,865.000,0.000000,145.000000,7.0206127026e-03,-1.0179412045e-03,-2.7967704738e-03,9.7478643003e-01,9.8731062219e-01,1.2524192157e-02,1.3744719580e-02,1.3388321632e-04,4.5127628576e-03
50.000000,865.000,0.000000,150.000000,7.0206127026e-03,-1.4881304864e-03,-2.5775176108e-03,9.7478643003e-01,9.8731062219e-01,1.2524192157e-02,1.3744719580e-02,1.3388321632e-04,4.5127628576e-03
50.000000,865.000,0.000000,155.000000,7.0206127026e-03,-1.9131036766e-03,-2.2799481795e-03,9.7478643003e-01,9.8731062219e-01,1.2524192157e-02,1.3744719580e-02,1.3388321632e-04,4.5127628576e-03
50.000000,865.000,0.000000,160.000000,7.0206127026e-03,-2.2799481795e-03,-1.9131036766e-03,9.7478643003e-01,9.8731062219e-01,1.2524192157e-02,1.3744719580e-02,1.3388321632e-04,4.5127628576e-03
50.000000,865.000,0.000000,165.000000,7.0206127026e-03,-2.5775176108e-03,-1.4881304864e-03,9.7478643003e-01,9.8731062219e-01,1.2524192157e-02,1.3744719580e-02,1.3388321632e-04,4.5127628576e-03
50.000000,865.000,0.000000,170.000000,7.0206127026e-03,-2.7967704738e-03,-1.0179412045e-03,9.7478643003e-01,9.8731062219e-01,1.2524192157e-02,1.3744719580e-02,1.3388321632e-04,4.5127628576e-03
50.000000,865.000,0.000000,175.000000,7.0206127026e-03,-2.9310448811e-03,-5.1682229420e-04,9.7478643003e-01,9.8731062219e-01,1.2524192157e-02,1.3744719580e-02,1.3388321632e-04,4.5127628576e-03
50.000000,865.000,0.000000,180.000000,7.0206127026e-03,-2.9762609729e-03,-1.4579473895e-18,9.7478643003e-01,9.8731062219e-01,1.2524192157e-02,1.3744719580e-02,1.3388321632e-04,4.5127628576e-03
50.000000,865.000,0.000000,185.000000,7.0206127026e-03,-2.9310448811e-03,5.1682229420e-04,9.7478643003e-01,9.8731062219e-01,1.2524192157e-02,1.3744719580e-02,1.3388321632e-04,4.5127628576e-03
50.000000,865.000,0.000000,190.000000,7.0206127026e-03,-2.7967704738e-03,1.0179412045e-03,9.7478643003e-01,9.8731062219e-01,1.2524192157e-02,1.3744719580e-02,1.3388321632e-04,4.5127628576e-03
50.000000,865.000,0.000000,195.000000,7.0206127026e-03,-2.5775176108e-03,1.4881304864e-03,9.7478643003e-01,9.8731062219e-01,1.2524192157e-02,1.3744719580e-02,1.3388321632e-04,4.5127628576e-03
50.000000,865.000,0.000000,200.000000,7.0206127026e-03,-2.2799481795e-03,1.9131036766e-03,9.7478643003e-01,9.8731062219e-01,1.2524192157e-02,1.3744719580e-02,1.3388321632e-04,4.5127628576e-03
50.000000,865.000,0.000000,205.000000,7.0206127026e-03,-1.9131036766e-03,2.2799481795e-03,9.7478643003e-01,9.8731062219e-01,1.2524192157e-02,1.3744719580e-02,1.3388321632e-04,4.5127628576e-03
50.000000,865.000,0.000000,210.000000,7.0206127026e-03,-1.4881304864e-03,2.5775176108e-03,9.7478643003e-01,9.8731062219e-01,1.2524192157e-02,1.3744719580e-02,1.3388321632e-04,4.5127628576e-03
50.000000,865.000,0.000000,215.000000,7.0206127026e-03,-1.0179412045e-03,2.7967704738e-03,9.7478643003e-01,9.8731062219e-01,1.2524192157e-02,1.3744719580e-02,1.3388321632e-04,4.5127628576e-03
50.000000,865.000,0.000000,220.000000,7.0206127026e-03,-5.1682229420e-04,2.9310448811e-03,9.7478643003e-01,9.8731062219e-01,1.2524192157e-02,1.3744719580e-02,1.3388321632e-04,4.5127628576e-03
50.000000,865.000,0.000000,225.000000,7.0206127026e-03,-1.6410857253e-18,2.9762609729e-03,9.7478643003e-01,9.8731062219e-01,1.2524192157e-02,1.3744719580e-02,1.3388321632e-04,4.5127628576e-03
50.000000,865.000,0.000000,230.000000,7.0206127026e-03,5.1682229420e-04,2.9310448811e-03,9.7478643003e-01,9.8731062219e-01,1.2524192157e-02,1.3744719580e-02,1.3388321632e-04,4.5127628576e-03
50.000000,865.000,0.000000,235.000000,7.0206127026e-03,1.0179412045e-03,2.7967704738e-03,9.7478643003e-01,9.8731062219e-01,1.2524192157e-02,1.3744719580e-02,1.3388321632e-04,4.5127628576e-03
50.000000,865.000,0.000000,240.000000,7.0206127026e-03,1.4881304864e-03,2.5775176108e-03,9.7478643003e-01,9.8731062219e-01,1.2524192157e-02,1.3744719580e-02,1.3388321632e-04,4.5127628576e-03
50.000000,865.000,0.000000,245.000000,7.0206127026e-03,1.9131036766e-03,2.2799481795e-03,9.7478643003e-01,9.8731062219e-01,1.2524192157e-02,1.3744719580e-02,1.3388321632e-04,4.5127628576e-03
50.000000,865.000,0.000000,250.000000,7.0206127026e-03,2.2799481795e-03,1.9131036766e-03,9.7478643003e-01,9.8731062219e-01,1.2524192157e-02,1.3744719580e-02,1.3388321632e-04,4.5127628576e-03
50.000000,865.000,0.000000,255.000000,7.0206127026e-03,2.5775176108e-03,1.4881304864e-03,9.7478643003e-01,9.8731062219e-01,1.2524192157e-02,1.3744719580e-02,1.3388321632e-04,4.5127628576e-03
50.000000,865.000,0.000000,260.000000,7.0206127026e-03,2.7967704738e-03,1.0179412045e-03,9.7478643003e-01,9.8731062219e-01,1.2524192157e-02,1.3744719580e-02,1.3388321632e-04,4.5127628576e-03
50.000000,865.000,0.000000,265.000000,7.0206127026e-03,2.9310448811e-03,5.1682229420e-04,9.7478643003e-01,9.8731062219e-01,1.2524192157e-02,1.3744719580e-02,1.3388321632e-04,4.5127628576e-03
50.000000,865.000,0.000000,270.000000,7.0206127026e-03,2.9762609729e-03,1.8234050816e-18,9.7478643003e-01,9.8731062219e-01,1.2524192157e-02,1.3744719580e-02,1.3388321632e-04,4.5127628576e-03
50.000000,865.000,0.000000,275.000000,7.0206127026e-03,2.9310448811e-03,-5.1682229420e-04,9.7478643003e-01,9.8731062219e-01,1.2524192157e-02,1.3744719580e-02,1.3388321632e-04,4.5127628576e-03
50.000000,865.000,0.000000,280.000000,7.0206127026e-03,2.7967704738e-03,-1.0179412045e-03,9.7478643003e-01,9.8731062219e-01,1.2524192157e-02,1.3744719580e-02,1.3388321632e-04,4.5127628576e-03
50.000000,865.000,0.000000,285.000000,7.0206127026e-03,2.5775176108e-03,-1.4881304864e-03,9.7478643003e-01,9.8731062219e-01,1.2524192157e-02,1.3744719580e-02,1.3388321632e-04,4.5127628576e-03
50.000000,865.000,0.000000,290.000000,7.0206127026e-03,2.2799481795e-03,-1.9131036766e-03,9.7478643003e-01,9.8731062219e-01,1.2524192157e-02,1.3744719580e-02,1.3388321632e-04,4.5127628576e-03
50.000000,865.000,0.000000,295.000000,7.0206127026e-03,1.9131036766e-03,-2.2799481795e-03,9.7478643003e-01,9.8731062219e-01,1.2524192157e-02,1.3744719580e-02,1.3388321632e-04,4.5127628576e-03
50.000000,865.000,0.000000,300.000000,7.0206127026e-03,1.4881304864e-03,-2.5775176108e-03,9.7478643003e-01,9.8731062219e-01,1.2524192157e-02,1.3744719580e-02,1.3388321632e-04,4.5127628576e-03
50.000000,865.000,0.000000,305.000000,7.0206127026e-03,1.0179412045e-03,-2.7967704738e-03,9.7478643003e-01,9.8731062219e-01,1.2524192157e-02,1.3744719580e-02,1.3388321632e-04,4.5127628576e-03
50.000000,865.000,0.000000,310.000000,7.0206127026e-03,5.1682229420e-04,-2.9310448811e-03,9.7478643003e-01,9.8731062219e-01,1.2524192157e-02,1.3744719580e-02,1.3388321632e-04,4.5127628576e-03
50.000000,865.000,0.000000,315.000000,7.0206127026e-03,7.2932736492e-18,-2.9762609729e-03,9.7478643003e-01,9.8731062219e-01,1.2524192157e-02,1.3744719580e-02,1.3388321632e-04,4.5127628576e-03
50.000000,865.000,0.000000,320.000000,7.0206127026e-03,-5.1682229420e-04,-2.9310448811e-03,9.7478643003e-01,9.8731062219e-01,1.2524192157e-02,1.3744719580e-02,1.3388321632e-04,4.5127628576e-03
50.000000,865.000,0.000000,325.000000,7.0206127026e-03,-1.0179412045e-03,-2.7967704738e-03,9.7478643003e-01,9.8731062219e-01,1.2524192157e-02,1.3744719580e-02,1.3388321632e-04,4.5127628576e-03
50.000000,865.000,0.000000,330.000000,7.0206127026e-03,-1.4881304864e-03,-2.5775176108e-03,9.7478643003e-01,9.8731062219e-01,1.2524192157e-02,1.3744719580e-02,1.3388321632e-04,4.5127628576e-03
50.000000,865.000,0.000000,335.000000,7.0206127026e-03,-1.9131036766e-03,-2.2799481795e-03,9.7478643003e-01,9.8731062219e-01,1.2524192157e-02,1.3744719580e-02,1.3388321632e-04,4.5127628576e-03
50.000000,865.000,0.000000,340.000000,7.0206127026e-03,-2.2799481795e-03,-1.9131036766e-03,9.7478643003e-01,9.8731062219e-01,1.2524192157e-02,1.3744719580e-02,1.3388321632e-04,4.5127628576e-03
50.000000,865.000,0.000000,345.000000,7.0206127026e-03,-2.5775176108e-03,-1.4881304864e-03,9.7478643003e-01,9.8731062219e-01,1.2524192157e-02,1.3744719580e-02,1.3388321632e-04,4.5127628576e-03
50.000000,865.000,0.000000,350.000000,7.0206127026e-03,-2.7967704738e-03,-1.0179412045e-03,9.7478643003e-01,9.8731062219e-01,1.2524192157e-02,1.3744719580e-02,1.3388321632e-04,4.5127628576e-03
50.000000,865.000,0.000000,355.000000,7.0206127026e-03,-2.9310448811e-03,-5.1682229420e-04,9.7478643003e-01,9.8731062219e-01,1.2524192157e-02,1.3744719580e-02,1.3388321632e-04,4.5127628576e-03
50.000000,865.000,5.000000,0.000000,7.4310063958e-03,-2.6071906037e-03,-6.8273770463e-19,9.7478643003e-01,9.8731062219e-01,1.2524192157e-02,1.3062145726e-02,2.2338007553e-05,4.7765588387e-03
50.000000,865.000,5.000000,5.000000,7.4293892330e-03,-2.5634055012e-03,4.8391707332e-04,9.7478643003e-01,9.8731062219e-01,1.2524192157e-02,1.3064451218e-02,2.2480177817e-05,4.7755193465e-03
50.000000,865.000,5.000000,10.000000,7.4245542380e-03,-2.4334131653e-03,9.5238142117e-04,9.7478643003e-01,9.8731062219e-01,1.2524192157e-02,1.3071357817e-02,2.2911032943e-05,4.7724114716e-03
50.000000,865.000,5.000000,15.000000,7.4165506385e-03,-2.2212608501e-03,1.3904155428e-03,9.7478643003e-01,9.8731062219e-01,1.2524192157e-02,1.3082835741e-02,2.3643751240e-05,4.7672668570e-03
50.000000,865.000,5.000000,20.000000,7.4054596441e-03,-1.9335563759e-03,1.7839779040e-03,9.7478643003e-01,9.8731062219e-01,1.2524192157e-02,1.3098834832e-02,2.4700781109e-05,4.7601377032e-03
50.000000,865.000,5.000000,25.000000,7.3913932114e-03,-1.5792661240e-03,2.1203951539e-03,9.7478643003e-01,9.8731062219e-01,1.2524192157e-02,1.3119283811e-02,2.6114567615e-05,4.7510959746e-03
50.000000,865.000,5.000000,30.000000,7.3744923552e-03,-1.1694408877e-03,2.3887526408e-03,9.7478643003e-01,9.8731062219e-01,1.2524192157e-02,1.3144089285e-02,2.7928566313e-05,4.7402323136e-03
50.000000,865.000,5.000000,35.000000,7.3549250431e-03,-7.1687792402e-04,2.5802313208e-03,9.7478643003e-01,9.8731062219e-01,1.2524192157e-02,1.3173134568e-02,3.0198533906e-05,4.7276546879e-03
50.000000,865.000,5.000000,40.000000,7.3328837219e-03,-2.3572949082e-04,2.6883807825e-03,9.7478643003e-01,9.8731062219e-01,1.2524192157e-02,1.3206278376e-02,3.2994071820e-05,4.7134867997e-03
50.000000,865.000,5.000000,45.000000,7.3085825306e-03,2.5893021743e-04,2.7093200523e-03,9.7478643003e-01,9.8731062219e-01,1.2524192157e-02,1.3243353482e-02,3.6400376434e-05,4.6978662950e-03
50.000000,865.000,5.000000,50.000000,7.2822542606e-03,7.5156655208e-04,2.6418600435e-03,9.7478643003e-01,9.8731062219e-01,1.2524192157e-02,1.3284165400e-02,4.0520116003e-05,4.6809428093e-03
50.000000,865.000,5.000000,55.000000,7.2541471311e-03,1.2266602636e-03,2.4875438937e-03,9.7478643003e-01,9.8731062219e-01,1.2524192157e-02,1.3328491210e-02,4.5475306596e-05,4.6628758947e-03
50.000000,865.000,5.000000,60.000000,7.2245214451e-03,1.6691832375e-03,2.2506039329e-03,9.7478643003e-01,9.8731062219e-01,1.2524192157e-02,1.3376078579e-02,5.1408995675e-05,4.6438328708e-03
50.000000,865.000,5.000000,65.000000,7.1936462000e-03,2.0650596264e-03,1.9378365604e-03,9.7478643003e-01,9.8731062219e-01,1.2524192157e-02,1.3426645110e-02,5.8486481424e-05,4.6239866458e-03
50.000000,865.000,5.000000,70.000000,7.1617957169e-03,2.4015983325e-03,1.5583988059e-03,9.7478643003e-01,9.8731062219e-01,1.2524192157e-02,1.3479878057e-02,6.6895700561e-05,4.6035135499e-03
50.000000,865.000,5.000000,75.000000,7.1292463579e-03,2.6678836622e-03,1.1235327332e-03,9.7478643003e-01,9.8731062219e-01,1.2524192157e-02,1.3535434523e-02,7.6846312720e-05,4.5825912252e-03
50.000000,865.000,5.000000,80.000000,7.0962733906e-03,2.8551122472e-03,6.4622603952e-04,9.7478643003e-01,9.8731062219e-01,1.2524192157e-02,1.3592942172e-02,8.8566907129e-05,4.5613966105e-03
50.000000,865.000,5.000000,85.000000,7.0631480568e-03,2.9568659516e-03,1.4081914689e-04,9.7478643003e-01,9.8731062219e-01,1.2524192157e-02,1.3652000534e-02,1.0229967584e-04,4.5401040563e-03
50.000000,865.000,5.000000,90.000000,7.0301348906e-03,2.9693124344e-03,-3.7742928883e-04,9.7478643003e-01,9.8731062219e-01,1.2524192157e-02,1.3712182918e-02,1.1829186392e-04,4.5188836021e-03
50.000000,865.000,5.000000,95.000000,6.9974893281e-03,2.8913272297e-03,-8.9280525976e-04,9.7478643003e-01,9.8731062219e-01,1.2524192157e-02,1.3773038972e-02,1.3678335505e-04,4.4978994390e-03
50.000000,865.000,5.000000,100.000000,6.9654556357e-03,2.7245335928e-03,-1.3896166192e-03,9.7478643003e-01,9.8731062219e-01,1.2524192157e-02,1.3834097872e-02,1.5798991943e-04,4.4773085785e-03
50.000000,865.000,5.000000,105.000000,6.9342651789e-03,2.4732588576e-03,-1.8526701286e-03,9.7478643003e-01,9.8731062219e-01,1.2524192157e-02,1.3894872145e-02,1.8208197683e-04,4.4572597393e-03
50.000000,865.000,5.000000,110.000000,6.9041350384e-03,2.1444085900e-03,-2.2677338411e-03,9.7478643003e-01,9.8731062219e-01,1.2524192157e-02,1.3954862063e-02,2.0915923560e-04,4.4378924583e-03
50.000000,865.000,5.000000,115.000000,6.8752669753e-03,1.7472623153e-03,-2.6219707674e-03,9.7478643003e-01,9.8731062219e-01,1.2524192157e-02,1.4013560585e-02,2.3922225880e-04,4.4193364250e-03
50.000000,865.000,5.000000,120.000000,6.8478467323e-03,1.2931969870e-03,-2.9043306374e-03,9.7478643003e-01,9.8731062219e-01,1.2524192157e-02,1.4070458742e-02,2.7214284192e-04,4.4017110325e-03
50.000000,865.000,5.000000,125.000000,6.8220436521e-03,7.9534655630e-04,-3.1058878408e-03,9.7478643003e-01,9.8731062219e-01,1.2524192157e-02,1.4125051408e-02,3.0763597350e-04,4.3851251323e-03
50.000000,865.000,5.000000,130.000000,6.7980105841e-03,2.6820794571e-04,-3.2201152623e-03,9.7478643003e-01,9.8731062219e-01,1.2524192157e-02,1.4176843330e-02,3.4523694659e-04,4.3696769739e-03
50.000000,865.000,5.000000,135.000000,6.7758840430e-03,-2.7279463717e-04,-3.2430856714e-03,9.7478643003e-01,9.8731062219e-01,1.2524192157e-02,1.4225355325e-02,3.8428770774e-04,4.3554543075e-03
50.000000,865.000,5.000000,140.000000,6.7557845806e-03,-8.1177384646e-04,-3.1735945233e-03,9.7478643003e-01,9.8731062219e-01,1.2524192157e-02,1.4270130507e-02,4.2393656732e-04,4.3425346221e-03
50.000000,865.000,5.000000,145.000000,6.7378173209e-03,-1.3328577353e-03,-3.0132004137e-03,9.7478643003e-01,9.8731062219e-01,1.2524192157e-02,1.4310740428e-02,4.6315477329e-04,4.3309854902e-03
50.000000,865.000,5.000000,150.000000,6.7220726146e-03,-1.8206681763e-03,-2.7661819296e-03,9.7478643003e-01,9.8731062219e-01,1.2524192157e-02,1.4346791007e-02,5.0077207763e-04,4.3208649881e-03
50.000000,865.000,5.000000,155.000000,6.7086267605e-03,-2.2607846572e-03,-2.4394121739e-03,9.7478643003e-01,9.8731062219e-01,1.2524192157e-02,1.4377928108e-02,5.3553134114e-04,4.3122221597e-03
50.000000,865.000,5.000000,160.000000,6.6975427479e-03,-2.6401793860e-03,-2.0421547430e-03,9.7478643003e-01,9.8731062219e-01,1.2524192157e-02,1.4403842662e-02,5.6615964051e-04,4.3050974937e-03
50.000000,865.000,5.000000,165.000000,6.6888709720e-03,-2.9476105093e-03,-1.5857873191e-03,9.7478643003e-01,9.8731062219e-01,1.2524192157e-02,1.4424275206e-02,5.9145063428e-04,4.2995233836e-03
50.000000,865.000,5.000000,170.000000,6.6826498828e-03,-3.1739615142e-03,-1.0834612376e-03,9.7478643003e-01,9.8731062219e-01,1.2524192157e-02,1.4439019753e-02,6.1035059983e-04,4.2955245446e-03
50.000000,865.000,5.000000,175.000000,6.6789065293e-03,-3.3125165196e-03,-5.4970733333e-04,9.7478643003e-01,9.8731062219e-01,1.2524192157e-02,1.4447926891e-02,6.2203907455e-04,4.2931183633e-03
50.000000,865.000,5.000000,180.000000,6.6776569701e-03,-3.3591631045e-03,-1.5503624374e-18,9.7478643003e-01,9.8731062219e-01,1.2524192157e-02,1.4450906052e-02,6.2599482141e-04,4.2923151621e-03
50.000000,865.000,5.000000,185.000000,6.6789065293e-03,-3.3125165196e-03,5.4970733333e-04,9.7478643003e-01,9.8731062219e-01,1.2524192157e-02,1.4447926891e-02,6.2203907455e-04,4.2931183633e-03
50.000000,865.000,5.000000,190.000000,6.6826498828e-03,-3.1739615142e-03,1.0834612376e-03,9.7478643003e-01,9.8731062219e-01,1.2524192157e-02,1.4439019753e-02,6.1035059983e-04,4.2955245446e-03
50.000000,865.000,5.000000,195.000000,6.6888709720e-03,-2.9476105093e-03,1.5857873191e-03,9.7478643003e-01,9.8731062219e-01,1.2524192157e-02,1.4424275206e-02,5.9145063428e-04,4.2995233836e-03
50.000000,865.000,5.000000,200.000000,6.6975427479e-03,-2.6401793860e-03,2.0421547430e-03,9.7478643003e-01,9.8731062219e-01,1.2524192157e-02,1.4403842662e-02,5.6615964051e-04,4.3050974937e-03
50.000000,865.000,5.000000,205.000000,6.7086267605e-03,-2.2607846572e-03,2.4394121739e-03,9.7478643003e-01,9.8731062219e-01,1.2524192157e-02,1.4377928108e-02,5.3553134114e-04,4.3122221597e-03
50.000000,865.000,5.000000,210.000000,6.7220726146e-03,-1.8206681763e-03,2.7661819296e-03,9.7478643003e-01,9.8731062219e-01,1.2524192157e-02,1.4346791007e-02,5.0077207763e-04,4.3208649881e-03
50.000000,865.000,5.000000,215.000000,6.7378173209e-03,-1.3328577353e-03,3.0132004137e-03,9.7478643003e-01,9.8731062219e-01,1.2524192157e-02,1.4310740428e-02,4.6315477329e-04,4.3309854902e-03
50.000000,865.000,5.000000,220.000000,6.7557845806e-03,-8.1177384646e-04,3.1735945233e-03,9.7478643003e-01,9.8731062219e-01,1.2524192157e-02,1.4270130507e-02,4.2393656732e-04,4.3425346221e-03
50.000000,865.000,5.000000,225.000000,6.7758840430e-03,-2.7279463717e-04,3.2430856714e-03,9.7478643003e-01,9.8731062219e-01,1.2524192157e-02,1.4225355325e-02,3.8428770774e-04,4.3554543075e-03
50.000000,865.000,5.000000,230.000000,6.7980105841e-03,2.6820794571e-04,3.2201152623e-03,9.7478643003e-01,9.8731062219e-01,1.2524192157e-02,1.4176843330e-02,3.4523694659e-04,4.3696769739e-03
50.000000,865.000,5.000000,235.000000,6.8220436521e-03,7.9534655630e-04,3.1058878408e-03,9.7478643003e-01,9.8731062219e-01,1.2524192157e-02,1.4125051408e-02,3.0763597350e-04,4.3851251323e-03
50.000000,865.000,5.000000,240.000000,6.8478467323e-03,1.2931969870e-03,2.9043306374e-03,9.7478643003e-01,9.8731062219e-01,1.2524192157e-02,1.4070458742e-02,2.7214284192e-04,4.4017110325e-03
50.000000,865.000,5.000000,245.000000,6.8752669753e-03,1.7472623153e-03,2.6219707674e-03,9.7478643003e-01,9.8731062219e-01,1.2524192157e-02,1.4013560585e-02,2.3922225880e-04,4.4193364250e-03
50.000000,865.000,5.000000,250.000000,6.9041350384e-03,2.1444085900e-03,2.2677338411e-03,9.7478643003e-01,9.8731062219e-01,1.2524192157e-02,1.3954862063e-02,2.0915923560e-04,4.4378924583e-03
50.000000,865.000,5.000000,255.000000,6.9342651789e-03,2.4732588576e-03,1.8526701286e-03,9.7478643003e-01,9.8731062219e-01,1.2524192157e-02,1.3894872145e-02,1.8208197683e-04,4.4572597393e-03
50.000000,865.000,5.000000,260.000000,6.9654556357e-03,2.7245335928e-03,1.3896166192e-03,9.7478643003e-01,9.8731062219e-01,1.2524192157e-02,1.3834097872e-02,1.5798991943e-04,4.4773085785e-03
50.000000,865.000,5.000000,265.000000,6.9974893281e-03,2.8913272297e-03,8.9280525976e-04,9.7478643003e-01,9.8731062219e-01,1.2524192157e-02,1.3773038972e-02,1.3678335505e-04,4.4978994390e-03
50.000000,865.000,5.000000,270.000000,7.0301348906e-03,2.9693124344e-03,3.7742928883e-04,9.7478643003e-01,9.8731062219e-01,1.2524192157e-02,1.3712182918e-02,1.1829186392e-04,4.5188836021e-03
50.000000,865.000,5.000000,275.000000,7.0631480568e-03,2.9568659516e-03,-1.4081914689e-04,9.7478643003e-01,9.8731062219e-01,1.2524192157e-02,1.3652000534e-02,1.0229967584e-04,4.5401040563e-03
50.000000,865.000,5.000000,280.000000,7.0962733906e-03,2.8551122472e-03,-6.4622603952e-04,9.7478643003e-01,9.8731062219e-01,1.2524192157e-02,1.3592942172e-02,8.8566907129e-05,4.5613966105e-03
50.000000,865.000,5.000000,285.000000,7.1292463579e-03,2.6678836622e-03,-1.1235327332e-03,9.7478643003e-01,9.8731062219e-01,1.2524192157e-02,1.3535434523e-02,7.6846312720e-05,4.5825912252e-03
50.000000,865.000,5.000000,290.000000,7.1617957169e-03,2.4015983325e-03,-1.5583988059e-03,9.7478643003e-01,9.8731062219e-01,1.2524192157e-02,1.3479878057e-02,6.6895700561e-05,4.6035135499e-03
50.000000,865.000,5.000000,295.000000,7.1936462000e-03,2.0650596264e-03,-1.9378365604e-03,9.7478643003e-01,9.8731062219e-01,1.2524192157e-02,1.3426645110e-02,5.8486481424e-05,4.6239866458e-03
50.000000,865.000,5.000000,300.000000,7.2245214451e-03,1.6691832375e-03,-2.2506039329e-03,9.7478643003e-01,9.8731062219e-01,1.2524192157e-02,1.3376078579e-02,5.1408995675e-05,4.6438328708e-03
50.000000,865.000,5.000000,305.000000,7.2541471311e-03,1.2266602636e-03,-2.4875438937e-03,9.7478643003e-01,9.8731062219e-01,1.2524192157e-02,1.3328491210e-02,4.5475306596e-05,4.6628758947e-03
50.000000,865.000,5.000000,310.000000,7.2822542606e-03,7.5156655208e-04,-2.6418600435e-03,9.7478643003e-01,9.8731062219e-01,1.2524192157e-02,1.3284165400e-02,4.0520116003e-05,4.6809428093e-03
50.000000,865.000,5.000000,315.000000,7.3085825306e-03,2.5893021743e-04,-2.7093200523e-03,9.7478643003e-01,9.8731062219e-01,1.2524192157e-02,1.3243353482e-02,3.6400376434e-05,4.6978662950e-03
50.000000,865.000,5.000000,320.000000,7.3328837219e-03,-2.3572949082e-04,-2.6883807825e-03,9.7478643003e-01,9.8731062219e-01,1.2524192157e-02,1.3206278376e-02,3.2994071820e-05,4.7134867997e-03
50.000000,865.000,5.000000,325.000000,7.3549250431e-03,-7.1687792402e-04,-2.5802313208e-03,9.7478643003e-01,9.8731062219e-01,1.2524192157e-02,1.3173134568e-02,3.0198533906e-05,4.7276546879e-03
50.000000,865.000,5.000000,330.000000,7.3744923552e-03,-1.1694408877e-03,-2.3887526408e-03,9.7478643003e-01,9.8731062219e-01,1.2524192157e-02,1.3144089285e-02,2.7928566313e-05,4.7402323136e-03
50.000000,865.000,5.000000,335.000000,7.3913932114e-03,-1.5792661240e-03,-2.1203951539e-03,9.7478643003e-01,9.8731062219e-01,1.2524192157e-02,1.3119283811e-02,2.6114567615e-05,4.7510959746e-03
50.000000,865.000,5.000000,340.000000,7.4054596441e-03,-1.9335563759e-03,-1.7839779040e-03,9.7478643003e-01,9.8731062219e-01,1.2524192157e-02,1.3098834832e-02,2.4700781109e-05,4.7601377032e-03
50.000000,865.000,5.000000,345.000000,7.4165506385e-03,-2.2212608501e-03,-1.3904155428e-03,9.7478643003e-01,9.8731062219e-01,1.2524192157e-02,1.3082835741e-02,2.3643751240e-05,4.7672668570e-03
50.000000,865.000,5.000000,350.000000,7.4245542380e-03,-2.4334131653e-03,-9.5238142117e-04,9.7478643003e-01,9.8731062219e-01,1.2524192157e-02,1.3071357817e-02,2.2911032943e-05,4.7724114716e-03
50.000000,865.000,5.000000,355.000000,7.4293892330e-03,-2.5634055012e-03,-4.8391707332e-04,9.7478643003e-01,9.8731062219e-01,1.2524192157e-02,1.3064451218e-02,2.2480177817e-05,4.7755193465e-03
50.000000,865.000,10.000000,0.000000,7.8919000511e-03,-2.2706426122e-03,-6.3773511845e-19,9.7478643003e-01,9.8731062219e-01,1.2524192157e-02,1.2327120399e-02,2.7950752604e-06,5.0728155698e-03
50.000000,865.000,10.000000,5.000000,7.8883641125e-03,-2.2282155711e-03,4.5188973952e-04,9.7478643003e-01,9.8731062219e-01,1.2524192157e-02,1.2331355730e-02,2.8311694137e-06,5.0705427122e-03
50.000000,865.000,10.000000,10.000000,7.8778000236e-03,-2.1022871643e-03,8.8857131106e-04,9.7478643003e-01,9.8731062219e-01,1.2524192157e-02,1.2344059917e-02,2.9419844822e-06,5.0637522467e-03
50.000000,865.000,10.000000,15.000000,7.8603381223e-03,-1.8968739548e-03,1.2953098855e-03,9.7478643003e-01,9.8731062219e-01,1.2524192157e-02,1.2365226630e-02,3.1353771557e-06,5.0525279530e-03
50.000000,865.000,10.000000,20.000000,7.8361928478e-03,-1.6185328632e-03,1.6583028438e-03,9.7478643003e-01,9.8731062219e-01,1.2524192157e-02,1.2394842318e-02,3.4253350559e-06,5.0370076697e-03
50.000000,865.000,10.000000,25.000000,7.8056586308e-03,-1.2761595373e-03,1.9651101528e-03,9.7478643003e-01,9.8731062219e-01,1.2524192157e-02,1.2432881829e-02,3.8334254453e-06,5.0173806533e-03
50.000000,865.000,10.000000,30.000000,7.7691042904e-03,-8.8071472580e-04,2.2050430852e-03,9.7478643003e-01,9.8731062219e-01,1.2524192157e-02,1.2479302519e-02,4.3910526254e-06,4.9938839762e-03
50.000000,865.000,10.000000,35.000000,7.7269660812e-03,-4.4488699583e-04,2.3694993919e-03,9.7478643003e-01,9.8731062219e-01,1.2524192157e-02,1.2534037072e-02,5.1427793911e-06,4.9667980574e-03
50.000000,865.000,10.000000,40.000000,7.6797395710e-03,1.7297926402e-05,2.4522346616e-03,9.7478643003e-01,9.8731062219e-01,1.2524192157e-02,1.2596985328e-02,6.1510778959e-06,4.9364414419e-03
50.000000,865.000,10.000000,45.000000,7.6279705561e-03,4.9090928159e-04,2.4495615485e-03,9.7478643003e-01,9.8731062219e-01,1.2524192157e-02,1.2668005426e-02,7.5030110935e-06,4.9031649605e-03
50.000000,865.000,10.000000,50.000000,7.5722452441e-03,9.6057169532e-04,2.3604707414e-03,9.7478643003e-01,9.8731062219e-01,1.2524192157e-02,1.2746904645e-02,9.3195081863e-06,4.8673454204e-03
50.000000,865.000,10.000000,55.000000,7.5131799524e-03,1.4109398470e-03,2.1866699303e-03,9.7478643003e-01,9.8731062219e-01,1.2524192157e-02,1.2833430294e-02,1.1768079008e-05,4.8293789828e-03
50.000000,865.000,10.000000,60.000000,7.4514105775e-03,1.8271729101e-03,1.9325395248e-03,9.7478643003e-01,9.8731062219e-01,1.2524192157e-02,1.2927261078e-02,1.5079991253e-05,4.7896743939e-03
50.000000,865.000,10.000000,65.000000,7.3875820922e-03,2.1953942856e-03,1.6050064103e-03,9.7478643003e-01,9.8731062219e-01,1.2524192157e-02,1.3027999288e-02,1.9573064918e-05,4.7486462344e-03
50.000000,865.000,10.000000,70.000000,7.3223383239e-03,2.5031225934e-03,1.2133395261e-03,9.7478643003e-01,9.8731062219e-01,1.2524192157e-02,1.3135164221e-02,2.5681237057e-05,4.7067083486e-03
50.000000,865.000,10.000000,75.000000,7.2563122524e-03,2.7396607540e-03,7.6887343212e-04,9.7478643003e-01,9.8731062219e-01,1.2524192157e-02,1.3248187145e-02,3.3991782678e-05,4.6642676078e-03
50.000000,865.000,10.000000,80.000000,7.1901170464e-03,2.8964312652e-03,2.8466822124e-04,9.7478643003e-01,9.8731062219e-01,1.2524192157e-02,1.3366408130e-02,4.5290348338e-05,4.6217181496e-03
50.000000,865.000,10.000000,85.000000,7.1243380351e-03,2.9672474069e-03,-2.2488391956e-04,9.7478643003e-01,9.8731062219e-01,1.2524192157e-02,1.3489074983e-02,6.0612509157e-05,4.5794362162e-03
50.000000,865.000,10.000000,90.000000,7.0595257751e-03,2.9485120534e-03,-7.4449357214e-04,9.7478643003e-01,9.8731062219e-01,1.2524192157e-02,1.3615344492e-02,8.1298116072e-05,4.5377756985e-03
50.000000,865.000,10.000000,95.000000,6.9961903434e-03,2.8393379713e-03,-1.2584371791e-03,9.7478643003e-01,9.8731062219e-01,1.2524192157e-02,1.3744286096e-02,1.0904103118e-04,4.4970644678e-03
50.000000,865.000,10.000000,100.000000,6.9347969444e-03,2.6415858622e-03,-1.7510343051e-03,9.7478643003e-01,9.8731062219e-01,1.2524192157e-02,1.3874888045e-02,1.4592193122e-04,4.4576015516e-03
50.000000,865.000,10.000000,105.000000,6.8757628802e-03,2.3598189108e-03,-2.2071245698e-03,9.7478643003e-01,9.8731062219e-01,1.2524192157e-02,1.4006066024e-02,1.9440609386e-04,4.4196551865e-03
50.000000,865.000,10.000000,110.000000,6.8194558921e-03,2.0011751359e-03,-2.6125297580e-03,9.7478643003e-01,9.8731062219e-01,1.2524192157e-02,1.4136674146e-02,2.5728255331e-04,4.3834617522e-03
50.000000,865.000,10.000000,115.000000,6.7661938396e-03,1.5751613371e-03,-2.9544870539e-03,9.7478643003e-01,9.8731062219e-01,1.2524192157e-02,1.4265518165e-02,3.3751769474e-04,4.3492255648e-03
50.000000,865.000,10.000000,120.000000,6.7162456439e-03,1.0933748177e-03,-3.2220402177e-03,9.7478643003e-01,9.8731062219e-01,1.2524192157e-02,1.4391370642e-02,4.3799809365e-04,4.3171194835e-03
50.000000,865.000,10.000000,125.000000,6.6698333870e-03,5.6916125731e-04,-3.4063767934e-03,9.7478643003e-01,9.8731062219e-01,1.2524192157e-02,1.4512987786e-02,5.6114745530e-04,4.2872862598e-03
50.000000,865.000,10.000000,130.000000,6.6271354234e-03,1.7219051669e-05,-3.5011010691e-03,9.7478643003e-01,9.8731062219e-01,1.2524192157e-02,1.4629127618e-02,7.0842348914e-04,4.2598405379e-03
50.000000,865.000,10.000000,135.000000,6.5882903365e-03,-5.4683793277e-04,-3.5024344553e-03,9.7478643003e-01,9.8731062219e-01,1.2524192157e-02,1.4738569028e-02,8.7973280827e-04,4.2348713973e-03
50.000000,865.000,10.000000,140.000000,6.5534015468e-03,-1.1069459757e-03,-3.4093371489e-03,9.7478643003e-01,9.8731062219e-01,1.2524192157e-02,1.4840131319e-02,1.0728417515e-03,4.2124453156e-03
50.000000,865.000,10.000000,145.000000,6.5225423647e-03,-1.6470714108e-03,-3.2235473319e-03,9.7478643003e-01,9.8731062219e-01,1.2524192157e-02,1.4932693757e-02,1.2828994499e-03,4.1926094157e-03
50.000000,865.000,10.000000,150.000000,6.4957612735e-03,-2.1516903044e-03,-2.9495366573e-03,9.7478643003e-01,9.8731062219e-01,1.2524192157e-02,1.5015214671e-02,1.5022129912e-03,4.1753948621e-03
50.000000,865.000,10.000000,155.000000,6.4730872228e-03,-2.6062533878e-03,-2.5943833114e-03,9.7478643003e-01,9.8731062219e-01,1.2524192157e-02,1.5086749627e-02,1.7204082857e-03,4.1608202632e-03
50.000000,865.000,10.000000,160.000000,6.4545347215e-03,-2.9976221684e-03,-2.1675664403e-03,9.7478643003e-01,9.8731062219e-01,1.2524192157e-02,1.5146468224e-02,1.9250636219e-03,4.1488949453e-03
50.000000,865.000,10.000000,165.000000,6.4401085305e-03,-3.3144630123e-03,-1.6806881164e-03,9.7478643003e-01,9.8731062219e-01,1.2524192157e-02,1.5193669110e-02,2.1028160438e-03,4.1396219684e-03
50.000000,865.000,10.000000,170.000000,6.4298077709e-03,-3.5475872654e-03,-1.1471312152e-03,9.7478643003e-01,9.8731062219e-01,1.2524192157e-02,1.5227792817e-02,2.2408287005e-03,4.1330007678e-03
50.000000,865.000,10.000000,175.000000,6.4236292944e-03,-3.6902271094e-03,-5.8166352002e-04,9.7478643003e-01,9.8731062219e-01,1.2524192157e-02,1.5248432100e-02,2.3283992041e-03,4.1290293197e-03
50.000000,865.000,10.000000,180.000000,6.4215701840e-03,-3.7382387970e-03,-1.6401669049e-18,9.7478643003e-01,9.8731062219e-01,1.2524192157e-02,1.5255339527e-02,2.3584198883e-03,4.1277057490e-03
50.000000,865.000,10.000000,185.000000,6.4236292944e-03,-3.6902271094e-03,5.8166352002e-04,9.7478643003e-01,9.8731062219e-01,1.2524192157e-02,1.5248432100e-02,2.3283992041e-03,4.1290293197e-03
50.000000,865.000,10.000000,190.000000,6.4298077709e-03,-3.5475872654e-03,1.1471312152e-03,9.7478643003e-01,9.8731062219e-01,1.2524192157e-02,1.5227792817e-02,2.2408287005e-03,4.1330007678e-03
50.000000,865.000,10.000000,195.000000,6.4401085305e-03,-3.3144630123e-03,1.6806881164e-03,9.7478643003e-01,9.8731062219e-01,1.2524192157e-02,1.5193669110e-02,2.1028160438e-03,4.1396219684e-03
50.000000,865.000,10.000000,200.000000,6.4545347215e-03,-2.9976221684e-03,2.1675664403e-03,9.7478643003e-01,9.8731062219e-01,1.2524192157e-02,1.5146468224e-02,1.9250636219e-03,4.1488949453e-03
50.000000,865.000,10.000000,205.000000,6.4730872228e-03,-2.6062533878e-03,2.5943833114e-03,9.7478643003e-01,9.8731062219e-01,1.2524192157e-02,1.5086749627e-02,1.7204082857e-03,4.1608202632e-03
50.000000,865.000,10.000000,210.000000,6.4957612735e-03,-2.1516903044e-03,2.9495366573e-03,9.7478643003e-01,9.8731062219e-01,1.2524192157e-02,1.5015214671e-02,1.5022129912e-03,4.1753948621e-03
50.000000,865.000,10.000000,215.000000,6.5225423647e-03,-1.6470714108e-03,3.2235473319e-03,9.7478643003e-01,9.8731062219e-01,1.2524192157e-02,1.4932693757e-02,1.2828994499e-03,4.1926094157e-03
50.000000,865.000,10.000000,220.000000,6.5534015468e-03,-1.1069459757e-03,3.4093371489e-03,9.7478643003e-01,9.8731062219e-01,1.2524192157e-02,1.4840131319e-02,1.0728417515e-03,4.2124453156e-03
50.000000,865.000,10.000000,225.000000,6.5882903365e-03,-5.4683793277e-04,3.5024344553e-03,9.7478643003e-01,9.8731062219e-01,1.2524192157e-02,1.4738569028e-02,8.7973280827e-04,4.2348713973e-03
50.000000,865.000,10.000000,230.000000,6.6271354234e-03,1.7219051669e-05,3.5011010691e-03,9.7478643003e-01,9.8731062219e-01,1.2524192157e-02,1.4629127618e-02,7.0842348914e-04,4.2598405379e-03
50.000000,865.000,10.000000,235.000000,6.6698333870e-03,5.6916125731e-04,3.4063767934e-03,9.7478643003e-01,9.8731062219e-01,1.2524192157e-02,1.4512987786e-02,5.6114745530e-04,4.2872862598e-03
50.000000,865.000,10.000000,240.000000,6.7162456439e-03,1.0933748177e-03,3.2220402177e-03,9.7478643003e-01,9.8731062219e-01,1.2524192157e-02,1.4391370642e-02,4.3799809365e-04,4.3171194835e-03
50.000000,865.000,10.000000,245.000000,6.7661938396e-03,1.5751613371e-03,2.9544870539e-03,9.7478643003e-01,9.8731062219e-01,1.2524192157e-02,1.4265518165e-02,3.3751769474e-04,4.3492255648e-03
50.000000,865.000,10.000000,250.000000,6.8194558921e-03,2.0011751359e-03,2.6125297580e-03,9.7478643003e-01,9.8731062219e-01,1.2524192157e-02,1.4136674146e-02,2.5728255331e-04,4.3834617522e-03
50.000000,865.000,10.000000,255.000000,6.8757628802e-03,2.3598189108e-03,2.2071245698e-03,9.7478643003e-01,9.8731062219e-01,1.2524192157e-02,1.4006066024e-02,1.9440609386e-04,4.4196551865e-03
50.000000,865.000,10.000000,260.000000,6.9347969444e-03,2.6415858622e-03,1.7510343051e-03,9.7478643003e-01,9.8731062219e-01,1.2524192157e-02,1.3874888045e-02,1.4592193122e-04,4.4576015516e-03
50.000000,865.000,10.000000,265.000000,6.9961903434e-03,2.8393379713e-03,1.2584371791e-03,9.7478643003e-01,9.8731062219e-01,1.2524192157e-02,1.3744286096e-02,1.0904103118e-04,4.4970644678e-03
50.000000,865.000,10.000000,270.000000,7.0595257751e-03,2.9485120534e-03,7.4449357214e-04,9.7478643003e-01,9.8731062219e-01,1.2524192157e-02,1.3615344492e-02,8.1298116072e-05,4.5377756985e-03
50.000000,865.000,10.000000,275.000000,7.1243380351e-03,2.9672474069e-03,2.2488391956e-04,9.7478643003e-01,9.8731062219e-01,1.2524192157e-02,1.3489074983e-02,6.0612509157e-05,4.5794362162e-03
50.000000,865.000,10.000000,280.000000,7.1901170464e-03,2.8964312652e-03,-2.8466822124e-04,9.7478643003e-01,9.8731062219e-01,1.2524192157e-02,1.3366408130e-02,4.5290348338e-05,4.6217181496e-03
50.000000,865.000,10.000000,285.000000,7.2563122524e-03,2.7396607540e-03,-7.6887343212e-04,9.7478643003e-01,9.8731062219e-01,1.2524192157e-02,1.3248187145e-02,3.3991782678e-05,4.6642676078e-03
50.000000,865.000,10.000000,290.000000,7.3223383239e-03,2.5031225934e-03,-1.2133395261e-03,9.7478643003e-01,9.8731062219e-01,1.2524192157e-02,1.3135164221e-02,2.5681237057e-05,4.7067083486e-03
50.000000,865.000,10.000000,295.000000,7.3875820922e-03,2.1953942856e-03,-1.6050064103e-03,9.7478643003e-01,9.8731062219e-01,1.2524192157e-02,1.3027999288e-02,1.9573064918e-05,4.7486462344e-03
50.000000,865.000,10.000000,300.000000,7.4514105775e-03,1.8271729101e-03,-1.9325395248e-03,9.7478643003e-01,9.8731062219e-01,1.2524192157e-02,1.2927261078e-02,1.5079991253e-05,4.7896743939e-03
50.000000,865.000,10.000000,305.000000,7.5131799524e-03,1.4109398470e-03,-2.1866699303e-03,9.7478643003e-01,9.8731062219e-01,1.2524192157e-02,1.2833430294e-02,1.1768079008e-05,4.8293789828e-03
50.000000,865.000,10.000000,310.000000,7.5722452441e-03,9.6057169532e-04,-2.3604707414e-03,9.7478643003e-01,9.8731062219e-01,1.2524192157e-02,1.2746904645e-02,9.3195081863e-06,4.8673454204e-03
50.000000,865.000,10.000000,315.000000,7.6279705561e-03,4.9090928159e-04,-2.4495615485e-03,9.7478643003e-01,9.8731062219e-01,1.2524192157e-02,1.2668005426e-02,7.5030110935e-06,4.9031649605e-03
50.000000,865.000,10.000000,320.000000,7.6797395710e-03,1.7297926402e-05,-2.4522346616e-03,9.7478643003e-01,9.8731062219e-01,1.2524192157e-02,1.2596985328e-02,6.1510778959e-06,4.9364414419e-03
50.000000,865.000,10.000000,325.000000,7.7269660812e-03,-4.4488699583e-04,-2.3694993919e-03,9.7478643003e-01,9.8731062219e-01,1.2524192157e-02,1.2534037072e-02,5.1427793911e-06,4.9667980574e-03
50.000000,865.000,10.000000,330.000000,7.7691042904e-03,-8.8071472580e-04,-2.2050430852e-03,9.7478643003e-01,9.8731062219e-01,1.2524192157e-02,1.2479302519e-02,4.3910526254e-06,4.9938839762e-03
50.000000,865.000,10.000000,335.000000,7.8056586308e-03,-1.2761595373e-03,-1.9651101528e-03,9.7478643003e-01,9.8731062219e-01,1.2524192157e-02,1.2432881829e-02,3.8334254453e-06,5.0173806533e-03
50.000000,865.000,10.000000,340.000000,7.8361928478e-03,-1.6185328632e-03,-1.6583028438e-03,9.7478643003e-01,9.8731062219e-01,1.2524192157e-02,1.2394842318e-02,3.4253350559e-06,5.0370076697e-03
50.000000,865.000,10.000000,345.000000,7.8603381223e-03,-1.8968739548e-03,-1.2953098855e-03,9.7478643003e-01,9.8731062219e-01,1.2524192157e-02,1.2365226630e-02,3.1353771557e-06,5.0525279530e-03
50.000000,865.000,10.000000,350.000000,7.8778000236e-03,-2.1022871643e-03,-8.8857131106e-04,9.7478643003e-01,9.8731062219e-01,1.2524192157e-02,1.2344059917e-02,2.9419844822e-06,5.0637522467e-03
50.000000,865.000,10.000000,355.000000,7.8883641125e-03,-2.2282155711e-03,-4.5188973952e-04,9.7478643003e-01,9.8731062219e-01,1.2524192157e-02,1.2331355730e-02,2.8311694137e-06,5.0705427122e-03
50.000000,865.000,15.000000,0.000000,8.4289041200e-03,-1.9468039636e-03,-5.9017768481e-19,9.7478643003e-01,9.8731062219e-01,1.2524192157e-02,1.1711754474e-02,2.4987809134e-07,5.4179951316e-03
50.000000,865.000,15.000000,5.000000,8.4230550709e-03,-1.9057285964e-03,4.1804433287e-04,9.7478643003e-01,9.8731062219e-01,1.2524192157e-02,1.1716916333e-02,2.5482456760e-07,5.4142354353e-03
50.000000,865.000,15.000000,10.000000,8.4055905648e-03,-1.7838454462e-03,8.2113986162e-04,9.7478643003e-01,9.8731062219e-01,1.2524192157e-02,1.1732430260e-02,2.7021879652e-07,5.4030094671e-03
50.000000,865.000,15.000000,15.000000,8.3767567373e-03,-1.5851418402e-03,1.1948090930e-03,9.7478643003e-01,9.8731062219e-01,1.2524192157e-02,1.1758379035e-02,2.9782160517e-07,5.3844754401e-03
50.000000,865.000,15.000000,20.000000,8.3369579057e-03,-1.3161261674e-03,1.5255027049e-03,9.7478643003e-01,9.8731062219e-01,1.2524192157e-02,1.1794893134e-02,3.4091045314e-07,5.3588932443e-03
50.000000,865.000,15.000000,25.000000,8.2867478742e-03,-9.8562654067e-04,1.8010279451e-03,9.7478643003e-01,9.8731062219e-01,1.2524192157e-02,1.1842139772e-02,4.0487350469e-07,5.3266188581e-03
50.000000,865.000,15.000000,30.000000,8.2268180951e-03,-6.0451758018e-04,2.0109354254e-03,9.7478643003e-01,9.8731062219e-01,1.2524192157e-02,1.1900308104e-02,4.9822167016e-07,5.2880967387e-03
50.000000,865.000,15.000000,35.000000,8.1579830084e-03,-1.8538365719e-04,2.1468524331e-03,9.7478643003e-01,9.8731062219e-01,1.2524192157e-02,1.1969591117e-02,6.3425173641e-07,5.2438503978e-03
50.000000,865.000,15.000000,40.000000,8.0811629549e-03,2.5787112097e-04,2.2027525133e-03,9.7478643003e-01,9.8731062219e-01,1.2524192157e-02,1.2050164841e-02,8.3374974713e-07,5.1944714193e-03
50.000000,865.000,15.000000,45.000000,7.9973651257e-03,7.1045427648e-04,2.1751530147e-03,9.7478643003e-01,9.8731062219e-01,1.2524192157e-02,1.2142165644e-02,1.1293740344e-06,5.1406072129e-03
50.000000,865.000,15.000000,50.000000,7.9076630583e-03,1.1571445026e-03,2.0632344865e-03,9.7478643003e-01,9.8731062219e-01,1.2524192157e-02,1.2245666414e-02,1.5727576205e-06,5.0829478355e-03
50.000000,865.000,15.000000,55.000000,7.8131752249e-03,1.5827653412e-03,1.8688781960e-03,9.7478643003e-01,9.8731062219e-01,1.2524192157e-02,1.2360652519e-02,2.2460024029e-06,5.0222122269e-03
50.000000,865.000,15.000000,60.000000,7.7150432792e-03,1.9726585194e-03,1.5966205298e-03,9.7478643003e-01,9.8731062219e-01,1.2524192157e-02,1.2486998428e-02,3.2802174627e-06,4.9591342281e-03
50.000000,865.000,15.000000,65.000000,7.6144105288e-03,2.3131424697e-03,1.2535255775e-03,9.7478643003e-01,9.8731062219e-01,1.2524192157e-02,1.2624445888e-02,4.8852275763e-06,4.8944487430e-03
50.000000,865.000,15.000000,70.000000,7.5124011877e-03,2.5919420016e-03,8.4897968886e-04,9.7478643003e-01,9.8731062219e-01,1.2524192157e-02,1.2772584522e-02,7.3967039611e-06,4.8288784024e-03
50.000000,865.000,15.000000,75.000000,7.4101009324e-03,2.7985759639e-03,3.9441417723e-04,9.7478643003e-01,9.8731062219e-01,1.2524192157e-02,1.2930835638e-02,1.1349856283e-05,4.7631210659e-03
50.000000,865.000,15.000000,80.000000,7.3085392407e-03,2.9246910062e-03,-9.7035465298e-05,9.7478643003e-01,9.8731062219e-01,1.2524192157e-02,1.3098439959e-02,1.7592394758e-05,4.6978384688e-03
50.000000,865.000,15.000000,85.000000,7.2086739326e-03,2.9643311823e-03,-6.1092353655e-04,9.7478643003e-01,9.8731062219e-01,1.2524192157e-02,1.3274449876e-02,2.7453201101e-05,4.6336462861e-03
50.000000,865.000,15.000000,90.000000,7.1113782638e-03,2.9141350838e-03,-1.1319293451e-03,9.7478643003e-01,9.8731062219e-01,1.2524192157e-02,1.3457726698e-02,4.2985660253e-05,4.5711058358e-03
50.000000,865.000,15.000000,95.000000,7.0174308395e-03,2.7734543901e-03,-1.6443204879e-03,9.7478643003e-01,9.8731062219e-01,1.2524192157e-02,1.3646943212e-02,6.7303136836e-05,4.5107175954e-03
50.000000,865.000,15.000000,100.000000,6.9275085298e-03,2.5443901093e-03,-2.1324301246e-03,9.7478643003e-01,9.8731062219e-01,1.2524192157e-02,1.3840591730e-02,1.0501400231e-04,4.4529166490e-03
50.000000,865.000,15.000000,105.000000,6.8421824777e-03,2.2317452818e-03,-2.5811337532e-03,9.7478643003e-01,9.8731062219e-01,1.2524192157e-02,1.4036997622e-02,1.6273846871e-04,4.3980701199e-03
50.000000,865.000,15.000000,110.000000,6.7619171914e-03,1.8428954581e-03,-2.9763109946e-03,9.7478643003e-01,9.8731062219e-01,1.2524192157e-02,1.4234338158e-02,2.4964229735e-04,4.3464765883e-03
50.000000,865.000,15.000000,115.000000,6.6870726273e-03,1.3875807613e-03,-3.3052783372e-03,9.7478643003e-01,9.8731062219e-01,1.2524192157e-02,1.4430666348e-02,3.7784937325e-04,4.2983674299e-03
50.000000,865.000,15.000000,120.000000,6.6179090739e-03,8.7762572959e-04,-3.5571796661e-03,9.7478643003e-01,9.8731062219e-01,1.2524192157e-02,1.4623939284e-02,5.6250190371e-04,4.2539099547e-03
50.000000,865.000,15.000000,125.000000,6.5545945696e-03,3.2659533062e-04,-3.7233226701e-03,9.7478643003e-01,9.8731062219e-01,1.2524192157e-02,1.4812050361e-02,8.2114724876e-04,4.2132121758e-03
50.000000,865.000,15.000000,130.000000,6.4972145116e-03,-2.5060251643e-04,-3.7974508562e-03,9.7478643003e-01,9.8731062219e-01,1.2524192157e-02,1.4992864623e-02,1.1720917200e-03,4.1763289856e-03
50.000000,865.000,15.000000,135.000000,6.4457830528e-03,-8.3815594613e-04,-3.7759428462e-03,9.7478643003e-01,9.8731062219e-01,1.2524192157e-02,1.5164256384e-02,1.6314418909e-03,4.1432694811e-03
50.000000,865.000,15.000000,140.000000,6.4002558322e-03,-1.4198164464e-03,-3.6579328295e-03,9.7478643003e-01,9.8731062219e-01,1.2524192157e-02,1.5324148177e-02,2.2088188231e-03,4.1140051478e-03
50.000000,865.000,15.000000,145.000000,6.3605435541e-03,-1.9793803539e-03,-3.4453484330e-03,9.7478643003e-01,9.8731062219e-01,1.2524192157e-02,1.5470550058e-02,2.9022004421e-03,4.0884785875e-03
50.000000,865.000,15.000000,150.000000,6.3265259088e-03,-2.5011700081e-03,-3.1428647705e-03,9.7478643003e-01,9.8731062219e-01,1.2524192157e-02,1.5601598239e-02,3.6929446598e-03,4.0666124665e-03
50.000000,865.000,15.000000,155.000000,6.2980653268e-03,-2.9705000296e-03,-2.7577759696e-03,9.7478643003e-01,9.8731062219e-01,1.2524192157e-02,1.5715592048e-02,4.5425664637e-03,4.0483183571e-03
50.000000,865.000,15.000000,160.000000,6.2750200722e-03,-3.3741146316e-03,-2.2997879786e-03,9.7478643003e-01,9.8731062219e-01,1.2524192157e-02,1.5811028241e-02,5.3929906909e-03,4.0335051530e-03
50.000000,865.000,15.000000,165.000000,6.2572562097e-03,-3.7005827448e-03,-1.7807388375e-03,9.7478643003e-01,9.8731062219e-01,1.2524192157e-02,1.5886631759e-02,6.1715139698e-03,4.0220867622e-03
50.000000,865.000,15.000000,170.000000,6.2446580218e-03,-3.9406390086e-03,-1.2142547977e-03,9.7478643003e-01,9.8731062219e-01,1.2524192157e-02,1.5941382106e-02,6.8005258242e-03,4.0139888031e-03
50.000000,865.000,15.000000,175.000000,6.2371365141e-03,-4.0874603153e-03,-6.1535261850e-04,9.7478643003e-01,9.8731062219e-01,1.2524192157e-02,1.5974534635e-02,7.2104397085e-03,4.0091540712e-03
50.000000,865.000,15.000000,180.000000,6.2346357094e-03,-4.1368695433e-03,-1.7348408294e-18,9.7478643003e-01,9.8731062219e-01,1.2524192157e-02,1.5985636186e-02,7.3528608807e-03,4.0075465849e-03
50.000000,865.000,15.000000,185.000000,6.2371365141e-03,-4.0874603153e-03,6.1535261850e-04,9.7478643003e-01,9.8731062219e-01,1.2524192157e-02,1.5974534635e-02,7.2104397085e-03,4.0091540712e-03
50.000000,865.000,15.000000,190.000000,6.2446580218e-03,-3.9406390086e-03,1.2142547977e-03,9.7478643003e-01,9.8731062219e-01,1.2524192157e-02,1.5941382106e-02,6.8005258242e-03,4.0139888031e-03
50.000000,865.000,15.000000,195.000000,6.2572562097e-03,-3.7005827448e-03,1.7807388375e-03,9.7478643003e-01,9.8731062219e-01,1.2524192157e-02,1.5886631759e-02,6.1715139698e-03,4.0220867622e-03
50.000000,865.000,15.000000,200.000000,6.2750200722e-03,-3.3741146316e-03,2.2997879786e-03,9.7478643003e-01,9.8731062219e-01,1.2524192157e-02,1.5811028241e-02,5.3929906909e-03,4.0335051530e-03
50.000000,865.000,15.000000,205.000000,6.2980653268e-03,-2.9705000296e-03,2.7577759696e-03,9.7478643003e-01,9.8731062219e-01,1.2524192157e-02,1.5715592048e-02,4.5425664637e-03,4.0483183571e-03
50.000000,865.000,15.000000,210.000000,6.3265259088e-03,-2.5011700081e-03,3.1428647705e-03,9.7478643003e-01,9.8731062219e-01,1.2524192157e-02,1.5601598239e-02,3.6929446598e-03,4.0666124665e-03
50.000000,865.000,15.000000,215.000000,6.3605435541e-03,-1.9793803539e-03,3.4453484330e-03,9.7478643003e-01,9.8731062219e-01,1.2524192157e-02,1.5470550058e-02,2.9022004421e-03,4.0884785875e-03
50.000000,865.000,15.000000,220.000000,6.4002558322e-03,-1.4198164464e-03,3.6579328295e-03,9.7478643003e-01,9.8731062219e-01,1.2524192157e-02,1.5324148177e-02,2.2088188231e-03,4.1140051478e-03
50.000000,865.000,15.000000,225.000000,6.4457830528e-03,-8.3815594613e-04,3.7759428462e-03,9.7478643003e-01,9.8731062219e-01,1.2524192157e-02,1.5164256384e-02,1.6314418909e-03,4.1432694811e-03
50.000000,865.000,15.000000,230.000000,6.4972145116e-03,-2.5060251643e-04,3.7974508562e-03,9.7478643003e-01,9.8731062219e-01,1.2524192157e-02,1.4992864623e-02,1.1720917200e-03,4.1763289856e-03
50.000000,865.000,15.000000,235.000000,6.5545945696e-03,3.2659533062e-04,3.7233226701e-03,9.7478643003e-01,9.8731062219e-01,1.2524192157e-02,1.4812050361e-02,8.2114724876e-04,4.2132121758e-03
50.000000,865.000,15.000000,240.000000,6.6179090739e-03,8.7762572959e-04,3.5571796661e-03,9.7478643003e-01,9.8731062219e-01,1.2524192157e-02,1.4623939284e-02,5.6250190371e-04,4.2539099547e-03
50.000000,865.000,15.000000,245.000000,6.6870726273e-03,1.3875807613e-03,3.3052783372e-03,9.7478643003e-01,9.8731062219e-01,1.2524192157e-02,1.4430666348e-02,3.7784937325e-04,4.2983674299e-03
50.000000,865.000,15.000000,250.000000,6.7619171914e-03,1.8428954581e-03,2.9763109946e-03,9.7478643003e-01,9.8731062219e-01,1.2524192157e-02,1.4234338158e-02,2.4964229735e-04,4.3464765883e-03
50.000000,865.000,15.000000,255.000000,6.8421824777e-03,2.2317452818e-03,2.5811337532e-03,9.7478643003e-01,9.8731062219e-01,1.2524192157e-02,1.4036997622e-02,1.6273846871e-04,4.3980701199e-03
50.000000,865.000,15.000000,260.000000,6.9275085298e-03,2.5443901093e-03,2.1324301246e-03,9.7478643003e-01,9.8731062219e-01,1.2524192157e-02,1.3840591730e-02,1.0501400231e-04,4.4529166490e-03
50.000000,865.000,15.000000,265.000000,7.0174308395e-03,2.7734543901e-03,1.6443204879e-03,9.7478643003e-01,9.8731062219e-01,1.2524192157e-02,1.3646943212e-02,6.7303136836e-05,4.5107175954e-03
50.000000,865.000,15.000000,270.000000,7.1113782638e-03,2.9141350838e-03,1.1319293451e-03,9.7478643003e-01,9.8731062219e-01,1.2524192157e-02,1.3457726698e-02,4.2985660253e-05,4.5711058358e-03
50.000000,865.000,15.000000,275.000000,7.2086739326e-03,2.9643311823e-03,6.1092353655e-04,9.7478643003e-01,9.8731062219e-01,1.2524192157e-02,1.3274449876e-02,2.7453201101e-05,4.6336462861e-03
50.000000,865.000,15.000000,280.000000,7.3085392407e-03,2.9246910062e-03,9.7035465298e-05,9.7478643003e-01,9.8731062219e-01,1.2524192157e-02,1.3098439959e-02,1.7592394758e-05,4.6978384688e-03
50.000000,865.000,15.000000,285.000000,7.4101009324e-03,2.7985759639e-03,-3.9441417723e-04,9.7478643003e-01,9.8731062219e-01,1.2524192157e-02,1.2930835638e-02,1.1349856283e-05,4.7631210659e-03
50.000000,865.000,15.000000,290.000000,7.5124011877e-03,2.5919420016e-03,-8.4897968886e-04,9.7478643003e-01,9.8731062219e-01,1.2524192157e-02,1.2772584522e-02,7.3967039611e-06,4.8288784024e-03
50.000000,865.000,15.000000,295.000000,7.6144105288e-03,2.3131424697e-03,-1.2535255775e-03,9.7478643003e-01,9.8731062219e-01,1.2524192157e-02,1.2624445888e-02,4.8852275763e-06,4.8944487430e-03
50.000000,865.000,15.000000,300.000000,7.7150432792e-03,1.9726585194e-03,-1.5966205298e-03,9.7478643003e-01,9.8731062219e-01,1.2524192157e-02,1.2486998428e-02,3.2802174627e-06,4.9591342281e-03
50.000000,865.000,15.000000,305.000000,7.8131752249e-03,1.5827653412e-03,-1.8688781960e-03,9.7478643003e-01,9.8731062219e-01,1.2524192157e-02,1.2360652519e-02,2.2460024029e-06,5.0222122269e-03
50.000000,865.000,15.000000,310.000000,7.9076630583e-03,1.1571445026e-03,-2.0632344865e-03,9.7478643003e-01,9.8731062219e-01,1.2524192157e-02,1.2245666414e-02,1.5727576205e-06,5.0829478355e-03
50.000000,865.000,15.000000,315.000000,7.9973651257e-03,7.1045427648e-04,-2.1751530147e-03,9.7478643003e-01,9.8731062219e-01,1.2524192157e-02,1.2142165644e-02,1.1293740344e-06,5.1406072129e-03
50.000000,865.000,15.000000,320.000000,8.0811629549e-03,2.5787112097e-04,-2.2027525133e-03,9.7478643003e-01,9.8731062219e-01,1.2524192157e-02,1.2050164841e-02,8.3374974713e-07,5.1944714193e-03
50.000000,865.000,15.000000,325.000000,8.1579830084e-03,-1.8538365719e-04,-2.1468524331e-03,9.7478643003e-01,9.8731062219e-01,1.2524192157e-02,1.1969591117e-02,6.3425173641e-07,5.2438503978e-03
50.000000,865.000,15.000000,330.000000,8.2268180951e-03,-6.0451758018e-04,-2.0109354254e-03,9.7478643003e-01,9.8731062219e-01,1.2524192157e-02,1.1900308104e-02,4.9822167016e-07,5.2880967387e-03
50.000000,865.000,15.000000,335.000000,8.2867478742e-03,-9.8562654067e-04,-1.8010279451e-03,9.7478643003e-01,9.8731062219e-01,1.2524192157e-02,1.1842139772e-02,4.0487350469e-07,5.3266188581e-03
50.000000,865.000,15.000000,340.000000,8.3369579057e-03,-1.3161261674e-03,-1.5255027049e-03,9.7478643003e-01,9.8731062219e-01,1.2524192157e-02,1.1794893134e-02,3.4091045314e-07,5.3588932443e-03
50.000000,865.000,15.000000,345.000000,8.3767567373e-03,-1.5851418402e-03,-1.1948090930e-03,9.7478643003e-01,9.8731062219e-01,1.2524192157e-02,1.1758379035e-02,2.9782160517e-07,5.3844754401e-03
50.000000,865.000,15.000000,350.000000,8.4055905648e-03,-1.7838454462e-03,-8.2113986162e-04,9.7478643003e-01,9.8731062219e-01,1.2524192157e-02,1.1732430260e-02,2.7021879652e-07,5.4030094671e-03
50.000000,865.000,15.000000,355.000000,8.4230550709e-03,-1.9057285964e-03,-4.1804433287e-04,9.7478643003e-01,9.8731062219e-01,1.2524192157e-02,1.1716916333e-02,2.5482456760e-07,5.4142354353e-03
50.000000,865.000,20.000000,0.000000,9.0378265971e-03,-1.6500155881e-03,-5.4033220152e-19,9.7478643003e-01,9.8731062219e-01,1.2524192157e-02,1.1174423588e-02,1.5031307686e-08,5.8094029551e-03
50.000000,865.000,20.000000,5.000000,9.0292941717e-03,-1.6102150733e-03,3.8257085106e-04,9.7478643003e-01,9.8731062219e-01,1.2524192157e-02,1.1179709222e-02,1.5439806927e-08,5.8039184178e-03
50.000000,865.000,20.000000,10.000000,9.0038303646e-03,-1.4921483811e-03,7.5046635464e-04,9.7478643003e-01,9.8731062219e-01,1.2524192157e-02,1.1195643988e-02,1.6729693863e-08,5.7875505981e-03
50.000000,865.000,20.000000,15.000000,8.9618324840e-03,-1.2997785533e-03,1.0894802872e-03,9.7478643003e-01,9.8731062219e-01,1.2524192157e-02,1.1222457301e-02,1.9110336414e-08,5.7605548808e-03
50.000000,865.000,20.000000,20.000000,8.9039524706e-03,-1.0395735480e-03,1.3863302421e-03,9.7478643003e-01,9.8731062219e-01,1.2524192157e-02,1.1260517720e-02,2.2990081552e-08,5.7233503253e-03
50.000000,865.000,20.000000,25.000000,8.8310818384e-03,-7.2030497258e-04,1.6290839011e-03,9.7478643003e-01,9.8731062219e-01,1.2524192157e-02,1.1310312748e-02,2.9086407472e-08,5.6765099858e-03
50.000000,865.000,20.000000,30.000000,8.7443311859e-03,-3.5277497742e-04,1.8075437590e-03,9.7478643003e-01,9.8731062219e-01,1.2524192157e-02,1.1372421510e-02,3.8630945458e-08,5.6207477413e-03
50.000000,865.000,20.000000,35.000000,8.6450048501e-03,5.0520344444e-05,1.9135784434e-03,9.7478643003e-01,9.8731062219e-01,1.2524192157e-02,1.1447481228e-02,5.3744424729e-08,5.5569020033e-03
50.000000,865.000,20.000000,40.000000,8.5345714084e-03,4.7578075812e-04,1.9413903991e-03,9.7478643003e-01,9.8731062219e-01,1.2524192157e-02,1.1536148653e-02,7.8124581458e-08,5.4859167553e-03
50.000000,865.000,20.000000,45.000000,8.4146308485e-03,9.0833296840e-04,1.8877116470e-03,9.7478643003e-01,9.8731062219e-01,1.2524192157e-02,1.1639057751e-02,1.1831950783e-07,5.4088204495e-03
50.000000,865.000,20.000000,50.000000,8.2868793141e-03,1.3330897940e-03,1.7519215200e-03,9.7478643003e-01,9.8731062219e-01,1.2524192157e-02,1.1756775115e-02,1.8610669179e-07,5.3267033460e-03
50.000000,865.000,20.000000,55.000000,8.1530723948e-03,1.7350233811e-03,1.5360826577e-03,9.7478643003e-01,9.8731062219e-01,1.2524192157e-02,1.1889754637e-02,3.0297192146e-07,5.2406939162e-03
50.000000,865.000,20.000000,60.000000,8.0149879647e-03,2.0996379659e-03,1.2448940375e-03,9.7478643003e-01,9.8731062219e-01,1.2524192157e-02,1.2038293042e-02,5.0858329997e-07,5.1519349555e-03
50.000000,865.000,20.000000,65.000000,7.8743895738e-03,2.4134276972e-03,8.8556234803e-04,9.7478643003e-01,9.8731062219e-01,1.2524192157e-02,1.2202487864e-02,8.7684930968e-07,5.0615600519e-03
50.000000,865.000,20.000000,70.000000,7.7329913726e-03,2.6643054777e-03,4.6759550538e-04,9.7478643003e-01,9.8731062219e-01,1.2524192157e-02,1.2382199388e-02,1.5462770154e-06,4.9706710402e-03
50.000000,865.000,20.000000,75.000000,7.5924254962e-03,2.8419896525e-03,2.5244929398e-06,9.7478643003e-01,9.8731062219e-01,1.2524192157e-02,1.2577017996e-02,2.7769734922e-06,4.8803170364e-03
50.000000,865.000,20.000000,80.000000,7.4542127476e-03,2.9383366473e-03,-4.9643810720e-04,9.7478643003e-01,9.8731062219e-01,1.2524192157e-02,1.2786238166e-02,5.0564017286e-06,4.7914755942e-03
50.000000,865.000,20.000000,85.000000,7.3197373209e-03,2.9476092960e-03,-1.0147925825e-03,9.7478643003e-01,9.8731062219e-01,1.2524192157e-02,1.3008840232e-02,9.2921358528e-06,4.7050364560e-03
50.000000,865.000,20.000000,90.000000,7.1902261686e-03,2.8666725449e-03,-1.5371876259e-03,9.7478643003e-01,9.8731062219e-01,1.2524192157e-02,1.3243480746e-02,1.7154690910e-05,4.6217882920e-03
50.000000,865.000,20.000000,95.000000,7.0667334808e-03,2.6951104256e-03,-2.0478837432e-03,9.7478643003e-01,9.8731062219e-01,1.2524192157e-02,1.3488492041e-02,3.1667848040e-05,4.5424087224e-03
50.000000,865.000,20.000000,100.000000,6.9501305793e-03,2.4352605753e-03,-2.5312304764e-03,9.7478643003e-01,9.8731062219e-01,1.2524192157e-02,1.3741891343e-02,5.8183316438e-05,4.4674578221e-03
50.000000,865.000,20.000000,105.000000,6.8411013694e-03,2.0921650916e-03,-2.9721429483e-03,9.7478643003e-01,9.8731062219e-01,1.2524192157e-02,1.4001399444e-02,1.0590461677e-04,4.3973751968e-03
50.000000,865.000,20.000000,110.000000,6.7401433176e-03,1.6734390456e-03,-3.3565632430e-03,9.7478643003e-01,9.8731062219e-01,1.2524192157e-02,1.4264468705e-02,1.9010408370e-04,4.3324806121e-03
50.000000,865.000,20.000000,115.000000,6.6475737637e-03,1.1890604857e-03,-3.6718925790e-03,9.7478643003e-01,9.8731062219e-01,1.2524192157e-02,1.4528319842e-02,3.3504105751e-04,4.2729780498e-03
50.000000,865.000,20.000000,120.000000,6.5635412088e-03,6.5108814888e-04,-3.9073811063e-03,9.7478643003e-01,9.8731062219e-01,1.2524192157e-02,1.4789986697e-02,5.7725185179e-04,4.2189629647e-03
50.000000,865.000,20.000000,125.000000,6.4880410791e-03,7.3315297281e-05,-4.0544634300e-03,9.7478643003e-01,9.8731062219e-01,1.2524192157e-02,1.5046367918e-02,9.6827542318e-04,4.1704324168e-03
50.000000,865.000,20.000000,130.000000,6.4209353323e-03,-5.2912995482e-04,-4.1070295976e-03,9.7478643003e-01,9.8731062219e-01,1.2524192157e-02,1.5294284289e-02,1.5750440046e-03,4.1272976742e-03
50.000000,865.000,20.000000,135.000000,6.3619751612e-03,-1.1402258286e-03,-4.0616232355e-03,9.7478643003e-01,9.8731062219e-01,1.2524192157e-02,1.5530540237e-02,2.4753800947e-03,4.0893988067e-03
50.000000,865.000,20.000000,140.000000,6.3108259646e-03,-1.7435263177e-03,-3.9175607185e-03,9.7478643003e-01,9.8731062219e-01,1.2524192157e-02,1.5751987919e-02,3.7458910224e-03,4.0565207369e-03
50.000000,865.000,20.000000,145.000000,6.2670936954e-03,-2.3226447433e-03,-3.6769676443e-03,9.7478643003e-01,9.8731062219e-01,1.2524192157e-02,1.5955592192e-02,5.4408376596e-03,4.0284101762e-03
50.000000,865.000,20.000000,150.000000,6.2303516601e-03,-2.8617368578e-03,-3.3447313849e-03,9.7478643003e-01,9.8731062219e-01,1.2524192157e-02,1.6138494726e-02,7.5638382506e-03,4.0047928511e-03
50.000000,865.000,20.000000,155.000000,6.2001668436e-03,-3.3459689307e-03,-2.9283710259e-03,9.7478643003e-01,9.8731062219e-01,1.2524192157e-02,1.6298075521e-02,1.0039162180e-02,3.9853904250e-03
50.000000,865.000,20.000000,160.000000,6.1761248585e-03,-3.7619566958e-03,-2.4378285063e-03,9.7478643003e-01,9.8731062219e-01,1.2524192157e-02,1.6432010163e-02,1.2693962024e-02,3.9699365349e-03
50.000000,865.000,20.000000,165.000000,6.1578526699e-03,-4.0981619112e-03,-1.8851871541e-03,9.7478643003e-01,9.8731062219e-01,1.2524192157e-02,1.6538321235e-02,1.5263953717e-02,3.9581913985e-03
50.000000,865.000,20.000000,170.000000,6.1450383279e-03,-4.3452345620e-03,-1.2843260146e-03,9.7478643003e-01,9.8731062219e-01,1.2524192157e-02,1.6615422478e-02,1.7430044021e-02,3.9499544982e-03
50.000000,865.000,20.000000,175.000000,6.1374470460e-03,-4.4962903686e-03,-6.5052030962e-04,9.7478643003e-01,9.8731062219e-01,1.2524192157e-02,1.6662154480e-02,1.8882239584e-02,3.9450749163e-03
50.000000,865.000,20.000000,180.000000,6.1349330851e-03,-4.5471152221e-03,-1.8336691653e-18,9.7478643003e-01,9.8731062219e-01,1.2524192157e-02,1.6677810897e-02,1.9394024372e-02,3.9434589734e-03
50.000000,865.000,20.000000,185.000000,6.1374470460e-03,-4.4962903686e-03,6.5052030962e-04,9.7478643003e-01,9.8731062219e-01,1.2524192157e-02,1.6662154480e-02,1.8882239584e-02,3.9450749163e-03
50.000000,865.000,20.000000,190.000000,6.1450383279e-03,-4.3452345620e-03,1.2843260146e-03,9.7478643003e-01,9.8731062219e-01,1.2524192157e-02,1.6615422478e-02,1.7430044021e-02,3.9499544982e-03
50.000000,865.000,20.000000,195.000000,6.1578526699e-03,-4.0981619112e-03,1.8851871541e-03,9.7478643003e-01,9.8731062219e-01,1.2524192157e-02,1.6538321235e-02,1.5263953717e-02,3.9581913985e-03
50.000000,865.000,20.000000,200.000000,6.1761248585e-03,-3.7619566958e-03,2.4378285063e-03,9.7478643003e-01,9.8731062219e-01,1.2524192157e-02,1.6432010163e-02,1.2693962024e-02,3.9699365349e-03
50.000000,865.000,20.000000,205.000000,6.2001668436e-03,-3.3459689307e-03,2.9283710259e-03,9.7478643003e-01,9.8731062219e-01,1.2524192157e-02,1.6298075521e-02,1.0039162180e-02,3.9853904250e-03
50.000000,865.000,20.000000,210.000000,6.2303516601e-03,-2.8617368578e-03,3.3447313849e-03,9.7478643003e-01,9.8731062219e-01,1.2524192157e-02,1.6138494726e-02,7.5638382506e-03,4.0047928511e-03
50.000000,865.000,20.000000,215.000000,6.2670936954e-03,-2.3226447433e-03,3.6769676443e-03,9.7478643003e-01,9.8731062219e-01,1.2524192157e-02,1.5955592192e-02,5.4408376596e-03,4.0284101762e-03
50.000000,865.000,20.000000,220.000000,6.3108259646e-03,-1.7435263177e-03,3.9175607185e-03,9.7478643003e-01,9.8731062219e-01,1.2524192157e-02,1.5751987919e-02,3.7458910224e-03,4.0565207369e-03
50.000000,865.000,20.000000,225.000000,6.3619751612e-03,-1.1402258286e-03,4.0616232355e-03,9.7478643003e-01,9.8731062219e-01,1.2524192157e-02,1.5530540237e-02,2.4753800947e-03,4.0893988067e-03
50.000000,865.000,20.000000,230.000000,6.4209353323e-03,-5.2912995482e-04,4.1070295976e-03,9.7478643003e-01,9.8731062219e-01,1.2524192157e-02,1.5294284289e-02,1.5750440046e-03,4.1272976742e-03
50.000000,865.000,20.000000,235.000000,6.4880410791e-03,7.3315297281e-05,4.0544634300e-03,9.7478643003e-01,9.8731062219e-01,1.2524192157e-02,1.5046367918e-02,9.6827542318e-04,4.1704324168e-03
50.000000,865.000,20.000000,240.000000,6.5635412088e-03,6.5108814888e-04,3.9073811063e-03,9.7478643003e-01,9.8731062219e-01,1.2524192157e-02,1.4789986697e-02,5.7725185179e-04,4.2189629647e-03
50.000000,865.000,20.000000,245.000000,6.6475737637e-03,1.1890604857e-03,3.6718925790e-03,9.7478643003e-01,9.8731062219e-01,1.2524192157e-02,1.4528319842e-02,3.3504105751e-04,4.2729780498e-03
50.000000,865.000,20.000000,250.000000,6.7401433176e-03,1.6734390456e-03,3.3565632430e-03,9.7478643003e-01,9.8731062219e-01,1.2524192157e-02,1.4264468705e-02,1.9010408370e-04,4.3324806121e-03
50.000000,865.000,20.000000,255.000000,6.8411013694e-03,2.0921650916e-03,2.9721429483e-03,9.7478643003e-01,9.8731062219e-01,1.2524192157e-02,1.4001399444e-02,1.0590461677e-04,4.3973751968e-03
50.000000,865.000,20.000000,260.000000,6.9501305793e-03,2.4352605753e-03,2.5312304764e-03,9.7478643003e-01,9.8731062219e-01,1.2524192157e-02,1.3741891343e-02,5.8183316438e-05,4.4674578221e-03
50.000000,865.000,20.000000,265.000000,7.0667334808e-03,2.6951104256e-03,2.0478837432e-03,9.7478643003e-01,9.8731062219e-01,1.2524192157e-02,1.3488492041e-02,3.1667848040e-05,4.5424087224e-03
50.000000,865.000,20.000000,270.000000,7.1902261686e-03,2.8666725449e-03,1.5371876259e-03,9.7478643003e-01,9.8731062219e-01,1.2524192157e-02,1.3243480746e-02,1.7154690910e-05,4.6217882920e-03
50.000000,865.000,20.000000,275.000000,7.3197373209e-03,2.9476092960e-03,1.0147925825e-03,9.7478643003e-01,9.8731062219e-01,1.2524192157e-02,1.3008840232e-02,9.2921358528e-06,4.7050364560e-03
50.000000,865.000,20.000000,280.000000,7.4542127476e-03,2.9383366473e-03,4.9643810720e-04,9.7478643003e-01,9.8731062219e-01,1.2524192157e-02,1.2786238166e-02,5.0564017286e-06,4.7914755942e-03
50.000000,865.000,20.000000,285.000000,7.5924254962e-03,2.8419896525e-03,-2.5244929398e-06,9.7478643003e-01,9.8731062219e-01,1.2524192157e-02,1.2577017996e-02,2.7769734922e-06,4.8803170364e-03
50.000000,865.000,20.000000,290.000000,7.7329913726e-03,2.6643054777e-03,-4.6759550538e-04,9.7478643003e-01,9.8731062219e-01,1.2524192157e-02,1.2382199388e-02,1.5462770154e-06,4.9706710402e-03
50.000000,865.000,20.000000,295.000000,7.8743895738e-03,2.4134276972e-03,-8.8556234803e-04,9.7478643003e-01,9.8731062219e-01,1.2524192157e-02,1.2202487864e-02,8.7684930968e-07,5.0615600519e-03
50.000000,865.000,20.000000,300.000000,8.0149879647e-03,2.0996379659e-03,-1.2448940375e-03,9.7478643003e-01,9.8731062219e-01,1.2524192157e-02,1.2038293042e-02,5.0858329997e-07,5.1519349555e-03
50.000000,865.000,20.000000,305.000000,8.1530723948e-03,1.7350233811e-03,-1.5360826577e-03,9.7478643003e-01,9.8731062219e-01,1.2524192157e-02,1.1889754637e-02,3.0297192146e-07,5.2406939162e-03
50.000000,865.000,20.000000,310.000000,8.2868793141e-03,1.3330897940e-03,-1.7519215200e-03,9.7478643003e-01,9.8731062219e-01,1.2524192157e-02,1.1756775115e-02,1.8610669179e-07,5.3267033460e-03
50.000000,865.000,20.000000,315.000000,8.4146308485e-03,9.0833296840e-04,-1.8877116470e-03,9.7478643003e-01,9.8731062219e-01,1.2524192157e-02,1.1639057751e-02,1.1831950783e-07,5.4088204495e-03
50.000000,865.000,20.000000,320.000000,8.5345714084e-03,4.7578075812e-04,-1.9413903991e-03,9.7478643003e-01,9.8731062219e-01,1.2524192157e-02,1.1536148653e-02,7.8124581458e-08,5.4859167553e-03
50.000000,865.000,20.000000,325.000000,8.6450048501e-03,5.0520344444e-05,-1.9135784434e-03,9.7478643003e-01,9.8731062219e-01,1.2524192157e-02,1.1447481228e-02,5.3744424729e-08,5.5569020033e-03
50.000000,865.000,20.000000,330.000000,8.7443311859e-03,-3.5277497742e-04,-1.8075437590e-03,9.7478643003e-01,9.8731062219e-01,1.2524192157e-02,1.1372421510e-02,3.8630945458e-08,5.6207477413e-03
50.000000,865.000,20.000000,335.000000,8.8310818384e-03,-7.2030497258e-04,-1.6290839011e-03,9.7478643003e-01,9.8731062219e-01,1.2524192157e-02,1.1310312748e-02,2.9086407472e-08,5.6765099858e-03
50.000000,865.000,20.000000,340.000000,8.9039524706e-03,-1.0395735480e-03,-1.3863302421e-03,9.7478643003e-01,9.8731062219e-01,1.2524192157e-02,1.1260517720e-02,2.2990081552e-08,5.7233503253e-03
50.000000,865.000,20.000000,345.000000,8.9618324840e-03,-1.2997785533e-03,-1.0894802872e-03,9.7478643003e-01,9.8731062219e-01,1.2524192157e-02,1.1222457301e-02,1.9110336414e-08,5.7605548808e-03
50.000000,865.000,20.000000,350.000000,9.0038303646e-03,-1.4921483811e-03,-7.5046635464e-04,9.7478643003e-01,9.8731062219e-01,1.2524192157e-02,1.1195643988e-02,1.6729693863e-08,5.7875505981e-03
50.000000,865.000,20.000000,355.000000,9.0292941717e-03,-1.6102150733e-03,-3.8257085106e-04,9.7478643003e-01,9.8731062219e-01,1.2524192157e-02,1.1179709222e-02,1.5439806927e-08,5.8039184178e-03
50.000000,865.000,25.000000,0.000000,9.7281328249e-03,-1.3871210473e-03,-4.8692451265e-19,9.7478643003e-01,9.8731062219e-01,1.2524192157e-02,1.0726649985e-02,5.6451358560e-10,6.2531232453e-03
50.000000,865.000,25.000000,5.000000,9.7165228869e-03,-1.3484697215e-03,3.4456270630e-04,9.7478643003e-01,9.8731062219e-01,1.2524192157e-02,1.0731268772e-02,5.8441217060e-10,6.2456605209e-03
50.000000,865.000,25.000000,10.000000,9.6818901632e-03,-1.2338454890e-03,6.7474573242e-04,9.7478643003e-01,9.8731062219e-01,1.2524192157e-02,1.0745270055e-02,6.4824391407e-10,6.2233990352e-03
50.000000,865.000,25.000000,15.000000,9.6248211212e-03,-1.0471959981e-03,9.7663607734e-04,9.7478643003e-01,9.8731062219e-01,1.2524192157e-02,1.0769082026e-02,7.6981577689e-10,6.1867157622e-03
50.000000,865.000,25.000000,20.000000,9.5462773313e-03,-7.9496331539e-04,1.2372396921e-03,9.7478643003e-01,9.8731062219e-01,1.2524192157e-02,1.0803396642e-02,9.7744440150e-10,6.1362287872e-03
50.000000,865.000,25.000000,25.000000,9.4475721284e-03,-4.8588232094e-04,1.4449053795e-03,9.7478643003e-01,9.8731062219e-01,1.2524192157e-02,1.0849137824e-02,1.3245226423e-09,6.0727823058e-03
50.000000,865.000,25.000000,30.000000,9.3303388748e-03,-1.3070715259e-04,1.5897072195e-03,9.7478643003e-01,9.8731062219e-01,1.2524192157e-02,1.0907418421e-02,1.9110746882e-09,5.9974262229e-03
50.000000,865.000,25.000000,35.000000,9.1964917250e-03,2.5812592516e-04,1.6637736837e-03,9.7478643003e-01,9.8731062219e-01,1.2524192157e-02,1.0979487348e-02,2.9277059231e-09,5.9113909334e-03
50.000000,865.000,25.000000,40.000000,9.0481800076e-03,6.6688890599e-04,1.6615532305e-03,9.7478643003e-01,9.8731062219e-01,1.2524192157e-02,1.1066668656e-02,4.7466871552e-09,5.8160579991e-03
50.000000,865.000,25.000000,45.000000,8.8877375116e-03,1.0809937233e-03,1.5800081090e-03,9.7478643003e-01,9.8731062219e-01,1.2524192157e-02,1.1170294561e-02,8.1144932535e-09,5.7129275506e-03
50.000000,865.000,25.000000,50.000000,8.7176281112e-03,1.4854520009e-03,1.4187302919e-03,9.7478643003e-01,9.8731062219e-01,1.2524192157e-02,1.1291634662e-02,1.4566630467e-08,5.6035833357e-03
50.000000,865.000,25.000000,55.000000,8.5403892512e-03,1.8653487789e-03,1.1799758357e-03,9.7478643003e-01,9.8731062219e-01,1.2524192157e-02,1.1431823745e-02,2.7336435377e-08,5.4896563925e-03
50.000000,865.000,25.000000,60.000000,8.3585748739e-03,2.2063156797e-03,8.6861645591e-04,9.7478643003e-01,9.8731062219e-01,1.2524192157e-02,1.1591790604e-02,5.3373039759e-08,5.3727883636e-03
50.000000,865.000,25.000000,65.000000,8.1746993671e-03,2.4949889877e-03,4.9200963645e-04,9.7478643003e-01,9.8731062219e-01,1.2524192157e-02,1.1772190334e-02,1.0786527909e-07,5.2545954661e-03
50.000000,865.000,25.000000,70.000000,7.9911840735e-03,2.7194385576e-03,5.9791081493e-05,9.7478643003e-01,9.8731062219e-01,1.2524192157e-02,1.1973342449e-02,2.2443511907e-07,5.1366341092e-03
50.000000,865.000,25.000000,75.000000,7.8103078111e-03,2.8695543478e-03,-4.1640430591e-04,9.7478643003e-01,9.8731062219e-01,1.2524192157e-02,1.2195177026e-02,4.7810616144e-07,5.0203690888e-03
50.000000,865.000,25.000000,80.000000,7.6341627270e-03,2.9373786495e-03,-9.2328454501e-04,9.7478643003e-01,9.8731062219e-01,1.2524192157e-02,1.2437190848e-02,1.0367666311e-06,4.9071452112e-03
50.000000,865.000,25.000000,85.000000,7.4646166319e-03,2.9173737275e-03,-1.4462954900e-03,9.7478643003e-01,9.8731062219e-01,1.2524192157e-02,1.2698415223e-02,2.2751101472e-06,4.7981630820e-03
50.000000,865.000,25.000000,90.000000,7.3032827655e-03,2.8066165425e-03,-1.9700566029e-03,9.7478643003e-01,9.8731062219e-01,1.2524192157e-02,1.2977396826e-02,5.0221817392e-06,4.6944596717e-03
50.000000,865.000,25.000000,95.000000,7.1514977077e-03,2.6049144389e-03,-2.4788243956e-03,9.7478643003e-01,9.8731062219e-01,1.2524192157e-02,1.3272192513e-02,1.1085024790e-05,4.5968941172e-03
50.000000,865.000,25.000000,100.000000,7.0103079027e-03,2.3148380763e-03,-2.9569694878e-03,9.7478643003e-01,9.8731062219e-01,1.2524192157e-02,1.3580378637e-02,2.4317690526e-05,4.5061390599e-03
50.000000,865.000,25.000000,105.000000,6.8804649986e-03,1.9416703996e-03,-3.3894527981e-03,9.7478643003e-01,9.8731062219e-01,1.2524192157e-02,1.3899074964e-02,5.2705710750e-05,4.4226776500e-03
50.000000,865.000,25.000000,110.000000,6.7624299380e-03,1.4932729915e-03,-3.7622863861e-03,9.7478643003e-01,9.8731062219e-01,1.2524192157e-02,1.4224982844e-02,1.1219965115e-04,4.3468061755e-03
50.000000,865.000,25.000000,115.000000,6.6563854696e-03,9.7987366411e-04,-4.0629649167e-03,9.7478643003e-01,9.8731062219e-01,1.2524192157e-02,1.4554436843e-02,2.3325569013e-04,4.2786421052e-03
50.000000,865.000,25.000000,120.000000,6.5622564998e-03,4.1378154105e-04,-4.2808545860e-03,9.7478643003e-01,9.8731062219e-01,1.2524192157e-02,1.4883468651e-02,4.7094112217e-04,4.2181371697e-03
50.000000,865.000,25.000000,125.000000,6.4797374681e-03,-1.9096190775e-04,-4.4075276230e-03,9.7478643003e-01,9.8731062219e-01,1.2524192157e-02,1.5207881673e-02,9.1849699823e-04,4.1650949585e-03
50.000000,865.000,25.000000,130.000000,6.4083257235e-03,-8.1898546769e-04,-4.4370321185e-03,9.7478643003e-01,9.8731062219e-01,1.2524192157e-02,1.5523334389e-02,1.7217203593e-03,4.1191923739e-03
50.000000,865.000,25.000000,135.000000,6.3473597048e-03,-1.4540323667e-03,-4.3660888754e-03,9.7478643003e-01,9.8731062219e-01,1.2524192157e-02,1.5825430298e-02,3.0870859323e-03,4.0800041725e-03
50.000000,865.000,25.000000,140.000000,6.2960605906e-03,-2.0794327261e-03,-4.1942091799e-03,9.7478643003e-01,9.8731062219e-01,1.2524192157e-02,1.6109812009e-02,5.2712030576e-03,4.0470297375e-03
50.000000,865.000,25.000000,145.000000,6.2535759885e-03,-2.6785900832e-03,-3.9237297751e-03,9.7478643003e-01,9.8731062219e-01,1.2524192157e-02,1.6372256951e-02,8.5365082483e-03,4.0197211617e-03
50.000000,865.000,25.000000,150.000000,6.2190241844e-03,-3.2354673551e-03,-3.5597638224e-03,9.7478643003e-01,9.8731062219e-01,1.2524192157e-02,1.6608772041e-02,1.3063790051e-02,3.9975116901e-03
50.000000,865.000,25.000000,155.000000,6.1915374677e-03,-3.7350576178e-03,-3.1100691736e-03,9.7478643003e-01,9.8731062219e-01,1.2524192157e-02,1.6815684717e-02,1.8830939517e-02,3.9798435691e-03
50.000000,865.000,25.000000,160.000000,6.1703030900e-03,-4.1638255207e-03,-2.5848377755e-03,9.7478643003e-01,9.8731062219e-01,1.2524192157e-02,1.6989727783e-02,2.5496550430e-02,3.9661943743e-03
50.000000,865.000,25.000000,165.000000,6.1546005019e-03,-4.5101060362e-03,-1.9964124149e-03,9.7478643003e-01,9.8731062219e-01,1.2524192157e-02,1.7128115701e-02,3.2351682198e-02,3.9561009452e-03
50.000000,865.000,25.000000,170.000000,6.1438336400e-03,-4.7644485237e-03,-1.3589392104e-03,9.7478643003e-01,9.8731062219e-01,1.2524192157e-02,1.7228610177e-02,3.8400064427e-02,3.9491801398e-03
50.000000,865.000,25.000000,175.000000,6.1375572064e-03,-4.9198957318e-03,-6.8796619927e-04,9.7478643003e-01,9.8731062219e-01,1.2524192157e-02,1.7289573209e-02,4.2581469324e-02,3.9451457260e-03
50.000000,865.000,25.000000,180.000000,6.1354960769e-03,-4.9721893247e-03,-1.9388984305e-18,9.7478643003e-01,9.8731062219e-01,1.2524192157e-02,1.7310006079e-02,4.4077968208e-02,3.9438208575e-03
50.000000,865.000,25.000000,185.000000,6.1375572064e-03,-4.9198957318e-03,6.8796619927e-04,9.7478643003e-01,9.8731062219e-01,1.2524192157e-02,1.7289573209e-02,4.2581469324e-02,3.9451457260e-03
50.000000,865.000,25.000000,190.000000,6.1438336400e-03,-4.7644485237e-03,1.3589392104e-03,9.7478643003e-01,9.8731062219e-01,1.2524192157e-02,1.7228610177e-02,3.8400064427e-02,3.9491801398e-03
50.000000,865.000,25.000000,195.000000,6.1546005019e-03,-4.5101060362e-03,1.9964124149e-03,9.7478643003e-01,9.8731062219e-01,1.2524192157e-02,1.7128115701e-02,3.2351682198e-02,3.9561009452e-03
50.000000,865.000,25.000000,200.000000,6.1703030900e-03,-4.1638255207e-03,2.5848377755e-03,9.7478643003e-01,9.8731062219e-01,1.2524192157e-02,1.6989727783e-02,2.5496550430e-02,3.9661943743e-03
50.000000,865.000,25.000000,205.000000,6.1915374677e-03,-3.7350576178e-03,3.1100691736e-03,9.7478643003e-01,9.8731062219e-01,1.2524192157e-02,1.6815684717e-02,1.8830939517e-02,3.9798435691e-03
50.000000,865.000,25.000000,210.000000,6.2190241844e-03,-3.2354673551e-03,3.5597638224e-03,9.7478643003e-01,9.8731062219e-01,1.2524192157e-02,1.6608772041e-02,1.3063790051e-02,3.9975116901e-03
50.000000,865.000,25.000000,215.000000,6.2535759885e-03,-2.6785900832e-03,3.9237297751e-03,9.7478643003e-01,9.8731062219e-01,1.2524192157e-02,1.6372256951e-02,8.5365082483e-03,4.0197211617e-03
50.000000,865.000,25.000000,220.000000,6.2960605906e-03,-2.0794327261e-03,4.1942091799e-03,9.7478643003e-01,9.8731062219e-01,1.2524192157e-02,1.6109812009e-02,5.2712030576e-03,4.0470297375e-03
50.000000,865.000,25.000000,225.000000,6.3473597048e-03,-1.4540323667e-03,4.3660888754e-03,9.7478643003e-01,9.8731062219e-01,1.2524192157e-02,1.5825430298e-02,3.0870859323e-03,4.0800041725e-03
50.000000,865.000,25.000000,230.000000,6.4083257235e-03,-8.1898546769e-04,4.4370321185e-03,9.7478643003e-01,9.8731062219e-01,1.2524192157e-02,1.5523334389e-02,1.7217203593e-03,4.1191923739e-03
50.000000,865.000,25.000000,235.000000,6.4797374681e-03,-1.9096190775e-04,4.4075276230e-03,9.7478643003e-01,9.8731062219e-01,1.2524192157e-02,1.5207881673e-02,9.1849699823e-04,4.1650949585e-03
50.000000,865.000,25.000000,240.000000,6.5622564998e-03,4.1378154105e-04,4.2808545860e-03,9.7478643003e-01,9.8731062219e-01,1.2524192157e-02,1.4883468651e-02,4.7094112217e-04,4.2181371697e-03
50.000000,865.000,25.000000,245.000000,6.6563854696e-03,9.7987366411e-04,4.0629649167e-03,9.7478643003e-01,9.8731062219e-01,1.2524192157e-02,1.4554436843e-02,2.3325569013e-04,4.2786421052e-03
50.000000,865.000,25.000000,250.000000,6.7624299380e-03,1.4932729915e-03,3.7622863861e-03,9.7478643003e-01,9.8731062219e-01,1.2524192157e-02,1.4224982844e-02,1.1219965115e-04,4.3468061755e-03
50.000000,865.000,25.000000,255.000000,6.8804649986e-03,1.9416703996e-03,3.3894527981e-03,9.7478643003e-01,9.8731062219e-01,1.2524192157e-02,1.3899074964e-02,5.2705710750e-05,4.4226776500e-03
50.000000,865.000,25.000000,260.000000,7.0103079027e-03,2.3148380763e-03,2.9569694878e-03,9.7478643003e-01,9.8731062219e-01,1.2524192157e-02,1.3580378637e-02,2.4317690526e-05,4.5061390599e-03
50.000000,865.000,25.000000,265.000000,7.1514977077e-03,2.6049144389e-03,2.4788243956e-03,9.7478643003e-01,9.8731062219e-01,1.2524192157e-02,1.3272192513e-02,1.1085024790e-05,4.5968941172e-03
50.000000,865.000,25.000000,270.000000,7.3032827655e-03,2.8066165425e-03,1.9700566029e-03,9.7478643003e-01,9.8731062219e-01,1.2524192157e-02,1.2977396826e-02,5.0221817392e-06,4.6944596717e-03
50.000000,865.000,25.000000,275.000000,7.4646166319e-03,2.9173737275e-03,1.4462954900e-03,9.7478643003e-01,9.8731062219e-01,1.2524192157e-02,1.2698415223e-02,2.2751101472e-06,4.7981630820e-03
50.000000,865.000,25.000000,280.000000,7.6341627270e-03,2.9373786495e-03,9.2328454501e-04,9.7478643003e-01,9.8731062219e-01,1.2524192157e-02,1.2437190848e-02,1.0367666311e-06,4.9071452112e-03
50.000000,865.000,25.000000,285.000000,7.8103078111e-03,2.8695543478e-03,4.1640430591e-04,9.7478643003e-01,9.8731062219e-01,1.2524192157e-02,1.2195177026e-02,4.7810616144e-07,5.0203690888e-03
50.000000,865.000,25.000000,290.000000,7.9911840735e-03,2.7194385576e-03,-5.9791081493e-05,9.7478643003e-01,9.8731062219e-01,1.2524192157e-02,1.1973342449e-02,2.2443511907e-07,5.1366341092e-03
50.000000,865.000,25.000000,295.000000,8.1746993671e-03,2.4949889877e-03,-4.9200963645e-04,9.7478643003e-01,9.8731062219e-01,1.2524192157e-02,1.1772190334e-02,1.0786527909e-07,5.2545954661e-03
50.000000,865.000,25.000000,300.000000,8.3585748739e-03,2.2063156797e-03,-8.6861645591e-04,9.7478643003e-01,9.8731062219e-01,1.2524192157e-02,1.1591790604e-02,5.3373039759e-08,5.3727883636e-03
50.000000,865.000,25.000000,305.000000,8.5403892512e-03,1.8653487789e-03,-1.1799758357e-03,9.7478643003e-01,9.8731062219e-01,1.2524192157e-02,1.1431823745e-02,2.7336435377e-08,5.4896563925e-03
50.000000,865.000,25.000000,310.000000,8.7176281112e-03,1.4854520009e-03,-1.4187302919e-03,9.7478643003e-01,9.8731062219e-01,1.2524192157e-02,1.1291634662e-02,1.4566630467e-08,5.6035833357e-03
50.000000,865.000,25.000000,315.000000,8.8877375116e-03,1.0809937233e-03,-1.5800081090e-03,9.7478643003e-01,9.8731062219e-01,1.2524192157e-02,1.1170294561e-02,8.1144932535e-09,5.7129275506e-03
50.000000,865.000,25.000000,320.000000,9.0481800076e-03,6.6688890599e-04,-1.6615532305e-03,9.7478643003e-01,9.8731062219e-01,1.2524192157e-02,1.1066668656e-02,4.7466871552e-09,5.8160579991e-03
50.000000,865.000,25.000000,325.000000,9.1964917250e-03,2.5812592516e-04,-1.6637736837e-03,9.7478643003e-01,9.8731062219e-01,1.2524192157e-02,1.0979487348e-02,2.9277059231e-09,5.9113909334e-03
50.000000,865.000,25.000000,330.000000,9.3303388748e-03,-1.3070715259e-04,-1.5897072195e-03,9.7478643003e-01,9.8731062219e-01,1.2524192157e-02,1.0907418421e-02,1.9110746882e-09,5.9974262229e-03
50.000000,865.000,25.000000,335.000000,9.4475721284e-03,-4.8588232094e-04,-1.4449053795e-03,9.7478643003e-01,9.8731062219e-01,1.2524192157e-02,1.0849137824e-02,1.3245226423e-09,6.0727823058e-03
50.000000,865.000,25.000000,340.000000,9.5462773313e-03,-7.9496331539e-04,-1.2372396921e-03,9.7478643003e-01,9.8731062219e-01,1.2524192157e-02,1.0803396642e-02,9.7744440150e-10,6.1362287872e-03
50.000000,865.000,25.000000,345.000000,9.6248211212e-03,-1.0471959981e-03,-9.7663607734e-04,9.7478643003e-01,9.8731062219e-01,1.2524192157e-02,1.0769082026e-02,7.6981577689e-10,6.1867157622e-03
50.000000,865.000,25.000000,350.000000,9.6818901632e-03,-1.2338454890e-03,-6.7474573242e-04,9.7478643003e-01,9.8731062219e-01,1.2524192157e-02,1.0745270055e-02,6.4824391407e-10,6.2233990352e-03
50.000000,865.000,25.000000,355.000000,9.7165228869e-03,-1.3484697215e-03,-3.4456270630e-04,9.7478643003e-01,9.8731062219e-01,1.2524192157e-02,1.0731268772e-02,5.8441217060e-10,6.2456605209e-03
50.000000,865.000,30.000000,0.000000,1.0514211298e-02,-1.1683732936e-03,-4.2849659853e-19,9.7478643003e-01,9.8731062219e-01,1.2524192157e-02,1.0417329710e-02,1.2044011812e-11,6.7584047482e-03
50.000000,865.000,30.000000,5.000000,1.0499091950e-02,-1.1306720038e-03,3.0298258323e-04,9.7478643003e-01,9.8731062219e-01,1.2524192157e-02,1.0420384989e-02,1.2576897892e-11,6.7486862183e-03
50.000000,865.000,30.000000,10.000000,1.0454008773e-02,-1.0188977785e-03,5.9191322043e-04,9.7478643003e-01,9.8731062219e-01,1.2524192157e-02,1.0429779825e-02,1.4316481137e-11,6.7197073108e-03
50.000000,865.000,30.000000,15.000000,1.0379779425e-02,-8.3699774883e-04,8.5320380762e-04,9.7478643003e-01,9.8731062219e-01,1.2524192157e-02,1.0446191799e-02,1.7747106806e-11,6.6719936059e-03
50.000000,865.000,30.000000,20.000000,1.0277743712e-02,-5.9141240827e-04,1.0741795506e-03,9.7478643003e-01,9.8731062219e-01,1.2524192157e-02,1.0470719162e-02,2.3918361101e-11,6.6064063139e-03
50.000000,865.000,30.000000,25.000000,1.0149729846e-02,-2.9087296872e-04,1.2435001232e-03,9.7478643003e-01,9.8731062219e-01,1.2524192157e-02,1.0504835312e-02,3.4966607980e-11,6.5241205869e-03
50.000000,865.000,30.000000,30.000000,9.9980085779e-03,5.3873592392e-05,1.3515394444e-03,9.7478643003e-01,9.8731062219e-01,1.2524192157e-02,1.0550327137e-02,5.5287757568e-11,6.4265960354e-03
50.000000,865.000,30.000000,35.000000,9.8252365222e-03,4.3040336657e-04,1.3907122679e-03,9.7478643003e-01,9.8731062219e-01,1.2524192157e-02,1.0609219234e-02,9.4217704018e-11,6.3155402987e-03
50.000000,865.000,30.000000,40.000000,9.6343903040e-03,8.2500784118e-04,1.3557374011e-03,9.7478643003e-01,9.8731062219e-01,1.2524192157e-02,1.0683686467e-02,1.7234171893e-10,6.1928667143e-03
50.000000,865.000,30.000000,45.000000,9.4286934140e-03,1.2231276853e-03,1.2438293056e-03,9.7478643003e-01,9.8731062219e-01,1.2524192157e-02,1.0775957710e-02,3.3681745862e-10,6.0606473020e-03
50.000000,865.000,30.000000,50.000000,9.2115378638e-03,1.6098146831e-03,1.0548120220e-03,9.7478643003e-01,9.8731062219e-01,1.2524192157e-02,1.0888213945e-02,6.9971048219e-10,5.9210624050e-03
50.000000,865.000,30.000000,55.000000,8.9864028722e-03,1.9702076293e-03,7.9115173356e-04,9.7478643003e-01,9.8731062219e-01,1.2524192157e-02,1.1022484055e-02,1.5365051674e-09,5.7763484219e-03
50.000000,865.000,30.000000,60.000000,8.7567728881e-03,2.2900075634e-03,4.5790677245e-04,9.7478643003e-01,9.8731062219e-01,1.2524192157e-02,1.1180541780e-02,3.5451259295e-09,5.6287451133e-03
50.000000,865.000,30.000000,65.000000,8.5260572598e-03,2.5559377212e-03,6.2596397954e-05,9.7478643003e-01,9.8731062219e-01,1.2524192157e-02,1.1363807271e-02,8.5396414796e-09,5.4804439661e-03
50.000000,865.000,30.000000,70.000000,8.2975137967e-03,2.7561740346e-03,-3.8500783755e-04,9.7478643003e-01,9.8731062219e-01,1.2524192157e-02,1.1573256586e-02,2.1332704878e-08,5.3335390598e-03
50.000000,865.000,30.000000,75.000000,8.0741783409e-03,2.8807328935e-03,-8.7316194640e-04,9.7478643003e-01,9.8731062219e-01,1.2524192157e-02,1.1809342222e-02,5.4880818861e-08,5.1899817959e-03
50.000000,865.000,30.000000,80.000000,7.8588022686e-03,2.9218041706e-03,-1.3884922136e-03,9.7478643003e-01,9.8731062219e-01,1.2524192157e-02,1.2071927489e-02,1.4435735513e-07,5.0515407252e-03
50.000000,865.000,30.000000,85.000000,7.6537995971e-03,2.8740191644e-03,-1.9163904497e-03,9.7478643003e-01,9.8731062219e-01,1.2524192157e-02,1.2360237112e-02,3.8539426370e-07,4.9197675480e-03
50.000000,865.000,30.000000,90.000000,7.4612050680e-03,2.7346450857e-03,-2.4414498629e-03,9.7478643003e-01,9.8731062219e-01,1.2524192157e-02,1.2672825962e-02,1.0365185127e-06,4.7959701711e-03
50.000000,865.000,30.000000,95.000000,7.2826442432e-03,2.5036999408e-03,-2.9479283685e-03,9.7478643003e-01,9.8731062219e-01,1.2524192157e-02,1.3007567300e-02,2.7873365401e-06,4.6811934853e-03
50.000000,865.000,30.000000,100.000000,7.1193162771e-03,2.1839840764e-03,-3.4202252936e-03,9.7478643003e-01,9.8731062219e-01,1.2524192157e-02,1.3361661292e-02,7.4383962043e-06,4.5762082924e-03
50.000000,865.000,30.000000,105.000000,6.9719896468e-03,1.7810271850e-03,-3.8433570060e-03,9.7478643003e-01,9.8731062219e-01,1.2524192157e-02,1.3731663986e-02,1.9552852004e-05,4.4815085598e-03
50.000000,865.000,30.000000,110.000000,6.8410107216e-03,1.3029521363e-03,-4.2034170029e-03,9.7478643003e-01,9.8731062219e-01,1.2524192157e-02,1.4113536282e-02,5.0256890031e-05,4.3973169295e-03
50.000000,865.000,30.000000,115.000000,6.7263246713e-03,7.6025952929e-04,-4.4880064428e-03,9.7478643003e-01,9.8731062219e-01,1.2524192157e-02,1.4502711837e-02,1.2540756918e-04,4.3235981574e-03
50.000000,865.000,30.000000,120.000000,6.6275078381e-03,1.6553927312e-04,-4.6866219792e-03,9.7478643003e-01,9.8731062219e-01,1.2524192157e-02,1.4894182257e-02,3.0170317439e-04,4.2600799214e-03
50.000000,865.000,30.000000,125.000000,6.5438103533e-03,-4.6688227291e-04,-4.7909890261e-03,9.7478643003e-01,9.8731062219e-01,1.2524192157e-02,1.5282597397e-02,6.9513528600e-04,4.2062802152e-03
50.000000,865.000,30.000000,130.000000,6.4742074799e-03,-1.1213491053e-03,-4.7953302233e-03,9.7478643003e-01,9.8731062219e-01,1.2524192157e-02,1.5662378116e-02,1.5241904591e-03,4.1615403506e-03
50.000000,865.000,30.000000,135.000000,6.4174579023e-03,-1.7813241836e-03,-4.6965608136e-03,9.7478643003e-01,9.8731062219e-01,1.2524192157e-02,1.6027838438e-02,3.1615449846e-03,4.1250624253e-03
50.000000,865.000,30.000000,140.000000,6.3721669849e-03,-2.4298664155e-03,-4.4944048442e-03,9.7478643003e-01,9.8731062219e-01,1.2524192157e-02,1.6373313769e-02,6.1693851150e-03,4.0959499848e-03
50.000000,865.000,30.000000,145.000000,6.3368528850e-03,-3.0501217195e-03,-4.1914284917e-03,9.7478643003e-01,9.8731062219e-01,1.2524192157e-02,1.6693291611e-02,1.1268336255e-02,4.0732505189e-03
50.000000,865.000,30.000000,150.000000,6.3100133285e-03,-3.6258134255e-03,-3.7929893073e-03,9.7478643003e-01,9.8731062219e-01,1.2524192157e-02,1.6982541124e-02,1.9176262105e-02,4.0559983845e-03
50.000000,865.000,30.000000,155.000000,6.2901908552e-03,-4.1417172783e-03,-3.3071027176e-03,9.7478643003e-01,9.8731062219e-01,1.2524192157e-02,1.7236237877e-02,3.0282963175e-02,4.0432567443e-03
50.000000,865.000,30.000000,160.000000,6.2760344019e-03,-4.5841067592e-03,-2.7442296147e-03,9.7478643003e-01,9.8731062219e-01,1.2524192157e-02,1.7450080267e-02,4.4223565899e-02,4.0341571515e-03
50.000000,865.000,30.000000,165.000000,6.2663552196e-03,-4.9411553263e-03,-2.1169912520e-03,9.7478643003e-01,9.8731062219e-01,1.2524192157e-02,1.7620394291e-02,5.9549647183e-02,4.0279354931e-03
50.000000,865.000,30.000000,170.000000,6.2601753139e-03,-5.2032834651e-03,-1.4398198596e-03,9.7478643003e-01,9.8731062219e-01,1.2524192157e-02,1.7744223692e-02,7.3772021157e-02,4.0239631263e-03
50.000000,865.000,30.000000,175.000000,6.2567668425e-03,-5.3634400979e-03,-7.2855533560e-04,9.7478643003e-01,9.8731062219e-01,1.2524192157e-02,1.7819402897e-02,8.3942847809e-02,4.0217722031e-03
50.000000,865.000,30.000000,180.000000,6.2556811982e-03,-5.4173098742e-03,-2.0529587010e-18,9.7478643003e-01,9.8731062219e-01,1.2524192157e-02,1.7844610664e-02,8.7645286756e-02,4.0210743644e-03
50.000000,865.000,30.000000,185.000000,6.2567668425e-03,-5.3634400979e-03,7.2855533560e-04,9.7478643003e-01,9.8731062219e-01,1.2524192157e-02,1.7819402897e-02,8.3942847809e-02,4.0217722031e-03
50.000000,865.000,30.000000,190.000000,6.2601753139e-03,-5.2032834651e-03,1.4398198596e-03,9.7478643003e-01,9.8731062219e-01,1.2524192157e-02,1.7744223692e-02,7.3772021157e-02,4.0239631263e-03
50.000000,865.000,30.000000,195.000000,6.2663552196e-03,-4.9411553263e-03,2.1169912520e-03,9.7478643003e-01,9.8731062219e-01,1.2524192157e-02,1.7620394291e-02,5.9549647183e-02,4.0279354931e-03
50.000000,865.000,30.000000,200.000000,6.2760344019e-03,-4.5841067592e-03,2.7442296147e-03,9.7478643003e-01,9.8731062219e-01,1.2524192157e-02,1.7450080267e-02,4.4223565899e-02,4.0341571515e-03
50.000000,865.000,30.000000,205.000000,6.2901908552e-03,-4.1417172783e-03,3.3071027176e-03,9.7478643003e-01,9.8731062219e-01,1.2524192157e-02,1.7236237877e-02,3.0282963175e-02,4.0432567443e-03
50.000000,865.000,30.000000,210.000000,6.3100133285e-03,-3.6258134255e-03,3.7929893073e-03,9.7478643003e-01,9.8731062219e-01,1.2524192157e-02,1.6982541124e-02,1.9176262105e-02,4.0559983845e-03
50.000000,865.000,30.000000,215.000000,6.3368528850e-03,-3.0501217195e-03,4.1914284917e-03,9.7478643003e-01,9.8731062219e-01,1.2524192157e-02,1.6693291611e-02,1.1268336255e-02,4.0732505189e-03
50.000000,865.000,30.000000,220.000000,6.3721669849e-03,-2.4298664155e-03,4.4944048442e-03,9.7478643003e-01,9.8731062219e-01,1.2524192157e-02,1.6373313769e-02,6.1693851150e-03,4.0959499848e-03
50.000000,865.000,30.000000,225.000000,6.4174579023e-03,-1.7813241836e-03,4.6965608136e-03,9.7478643003e-01,9.8731062219e-01,1.2524192157e-02,1.6027838438e-02,3.1615449846e-03,4.1250624253e-03
50.000000,865.000,30.000000,230.000000,6.4742074799e-03,-1.1213491053e-03,4.7953302233e-03,9.7478643003e-01,9.8731062219e-01,1.2524192157e-02,1.5662378116e-02,1.5241904591e-03,4.1615403506e-03
50.000000,865.000,30.000000,235.000000,6.5438103533e-03,-4.6688227291e-04,4.7909890261e-03,9.7478643003e-01,9.8731062219e-01,1.2524192157e-02,1.5282597397e-02,6.9513528600e-04,4.2062802152e-03
50.000000,865.000,30.000000,240.000000,6.6275078381e-03,1.6553927312e-04,4.6866219792e-03,9.7478643003e-01,9.8731062219e-01,1.2524192157e-02,1.4894182257e-02,3.0170317439e-04,4.2600799214e-03
50.000000,865.000,30.000000,245.000000,6.7263246713e-03,7.6025952929e-04,4.4880064428e-03,9.7478643003e-01,9.8731062219e-01,1.2524192157e-02,1.4502711837e-02,1.2540756918e-04,4.3235981574e-03
50.000000,865.000,30.000000,250.000000,6.8410107216e-03,1.3029521363e-03,4.2034170029e-03,9.7478643003e-01,9.8731062219e-01,1.2524192157e-02,1.4113536282e-02,5.0256890031e-05,4.3973169295e-03
50.000000,865.000,30.000000,255.000000,6.9719896468e-03,1.7810271850e-03,3.8433570060e-03,9.7478643003e-01,9.8731062219e-01,1.2524192157e-02,1.3731663986e-02,1.9552852004e-05,4.4815085598e-03
50.000000,865.000,30.000000,260.000000,7.1193162771e-03,2.1839840764e-03,3.4202252936e-03,9.7478643003e-01,9.8731062219e-01,1.2524192157e-02,1.3361661292e-02,7.4383962043e-06,4.5762082924e-03
50.000000,865.000,30.000000,265.000000,7.2826442432e-03,2.5036999408e-03,2.9479283685e-03,9.7478643003e-01,9.8731062219e-01,1.2524192157e-02,1.3007567300e-02,2.7873365401e-06,4.6811934853e-03
50.000000,865.000,30.000000,270.000000,7.4612050680e-03,2.7346450857e-03,2.4414498629e-03,9.7478643003e-01,9.8731062219e-01,1.2524192157e-02,1.2672825962e-02,1.0365185127e-06,4.7959701711e-03
50.000000,865.000,30.000000,275.000000,7.6537995971e-03,2.8740191644e-03,1.9163904497e-03,9.7478643003e-01,9.8731062219e-01,1.2524192157e-02,1.2360237112e-02,3.8539426370e-07,4.9197675480e-03
50.000000,865.000,30.000000,280.000000,7.8588022686e-03,2.9218041706e-03,1.3884922136e-03,9.7478643003e-01,9.8731062219e-01,1.2524192157e-02,1.2071927489e-02,1.4435735513e-07,5.0515407252e-03
50.000000,865.000,30.000000,285.000000,8.0741783409e-03,2.8807328935e-03,8.7316194640e-04,9.7478643003e-01,9.8731062219e-01,1.2524192157e-02,1.1809342222e-02,5.4880818861e-08,5.1899817959e-03
50.000000,865.000,30.000000,290.000000,8.2975137967e-03,2.7561740346e-03,3.8500783755e-04,9.7478643003e-01,9.8731062219e-01,1.2524192157e-02,1.1573256586e-02,2.1332704878e-08,5.3335390598e-03
50.000000,865.000,30.000000,295.000000,8.5260572598e-03,2.5559377212e-03,-6.2596397954e-05,9.7478643003e-01,9.8731062219e-01,1.2524192157e-02,1.1363807271e-02,8.5396414796e-09,5.4804439661e-03
50.000000,865.000,30.000000,300.000000,8.7567728881e-03,2.2900075634e-03,-4.5790677245e-04,9.7478643003e-01,9.8731062219e-01,1.2524192157e-02,1.1180541780e-02,3.5451259295e-09,5.6287451133e-03
50.000000,865.000,30.000000,305.000000,8.9864028722e-03,1.9702076293e-03,-7.9115173356e-04,9.7478643003e-01,9.8731062219e-01,1.2524192157e-02,1.1022484055e-02,1.5365051674e-09,5.7763484219e-03
50.000000,865.000,30.000000,310.000000,9.2115378638e-03,1.6098146831e-03,-1.0548120220e-03,9.7478643003e-01,9.8731062219e-01,1.2524192157e-02,1.0888213945e-02,6.9971048219e-10,5.9210624050e-03
50.000000,865.000,30.000000,315.000000,9.4286934140e-03,1.2231276853e-03,-1.2438293056e-03,9.7478643003e-01,9.8731062219e-01,1.2524192157e-02,1.0775957710e-02,3.3681745862e-10,6.0606473020e-03
50.000000,865.000,30.000000,320.000000,9.6343903040e-03,8.2500784118e-04,-1.3557374011e-03,9.7478643003e-01,9.8731062219e-01,1.2524192157e-02,1.0683686467e-02,1.7234171893e-10,6.1928667143e-03
50.000000,865.000,30.000000,325.000000,9.8252365222e-03,4.3040336657e-04,-1.3907122679e-03,9.7478643003e-01,9.8731062219e-01,1.2524192157e-02,1.0609219234e-02,9.4217704018e-11,6.3155402987e-03
50.000000,865.000,30.000000,330.000000,9.9980085779e-03,5.3873592392e-05,-1.3515394444e-03,9.7478643003e-01,9.8731062219e-01,1.2524192157e-02,1.0550327137e-02,5.5287757568e-11,6.4265960354e-03
50.000000,865.000,30.000000,335.000000,1.0149729846e-02,-2.9087296872e-04,-1.2435001232e-03,9.7478643003e-01,9.8731062219e-01,1.2524192157e-02,1.0504835312e-02,3.4966607980e-11,6.5241205869e-03
50.000000,865.000,30.000000,340.000000,1.0277743712e-02,-5.9141240827e-04,-1.0741795506e-03,9.7478643003e-01,9.8731062219e-01,1.2524192157e-02,1.0470719162e-02,2.3918361101e-11,6.6064063139e-03
50.000000,865.000,30.000000,345.000000,1.0379779425e-02,-8.3699774883e-04,-8.5320380762e-04,9.7478643003e-01,9.8731062219e-01,1.2524192157e-02,1.0446191799e-02,1.7747106806e-11,6.6719936059e-03
50.000000,865.000,30.000000,350.000000,1.0454008773e-02,-1.0188977785e-03,-5.9191322043e-04,9.7478643003e-01,9.8731062219e-01,1.2524192157e-02,1.0429779825e-02,1.4316481137e-11,6.7197073108e-03
50.000000,865.000,30.000000,355.000000,1.0499091950e-02,-1.1306720038e-03,-3.0298258323e-04,9.7478643003e-01,9.8731062219e-01,1.2524192157e-02,1.0420384989e-02,1.2576897892e-11,6.7486862183e-03
50.000000,865.000,35.000000,0.000000,1.1418670646e-02,-1.0084911684e-03,-3.6309048167e-19,9.7478643003e-01,9.8731062219e-01,1.2524192157e-02,1.0221964770e-02,1.2944604610e-13,7.3397800101e-03
50.000000,865.000,35.000000,5.000000,1.1399547501e-02,-9.7143377929e-04,2.5643755138e-04,9.7478643003e-01,9.8731062219e-01,1.2524192157e-02,1.0222727857e-02,1.3649462463e-13,7.3274878900e-03
50.000000,865.000,35.000000,10.000000,1.1342547015e-02,-8.6159916518e-04,4.9919668418e-04,9.7478643003e-01,9.8731062219e-01,1.2524192157e-02,1.0225343098e-02,1.5996277123e-13,7.2908486835e-03
50.000000,865.000,35.000000,15.000000,1.1248766428e-02,-6.8295773476e-04,7.1505939297e-04,9.7478643003e-01,9.8731062219e-01,1.2524192157e-02,1.0230775861e-02,2.0809881044e-13,7.2305676844e-03
50.000000,865.000,35.000000,20.000000,1.1120002771e-02,-4.4198729466e-04,8.9171416815e-04,9.7478643003e-01,9.8731062219e-01,1.2524192157e-02,1.0240593628e-02,2.9990942206e-13,7.1478000007e-03
50.000000,865.000,35.000000,25.000000,1.0958706267e-02,-1.4746823442e-04,1.0181738559e-03,9.7478643003e-01,9.8731062219e-01,1.2524192157e-02,1.0256905172e-02,4.7748729507e-13,7.0441206063e-03
50.000000,865.000,35.000000,30.000000,1.0767917015e-02,1.8979436225e-04,1.0851522660e-03,9.7478643003e-01,9.8731062219e-01,1.2524192157e-02,1.0282278174e-02,8.3682501376e-13,6.9214836393e-03
50.000000,865.000,35.000000,35.000000,1.0551186779e-02,5.5731315181e-04,1.0853877579e-03,9.7478643003e-01,9.8731062219e-01,1.2524192157e-02,1.0319637882e-02,1.6074572913e-12,6.7821721293e-03
50.000000,865.000,35.000000,40.000000,1.0312488157e-02,9.4131499865e-04,1.0139036597e-03,9.7478643003e-01,9.8731062219e-01,1.2524192157e-02,1.0372150106e-02,3.3674627424e-12,6.6287396127e-03
50.000000,865.000,35.000000,45.000000,1.0056113759e-02,1.3271793001e-03,8.6819730249e-04,9.7478643003e-01,9.8731062219e-01,1.2524192157e-02,1.0443092289e-02,7.6500514193e-12,6.4639453258e-03
50.000000,865.000,35.000000,50.000000,9.7865683052e-03,1.6999046993e-03,6.4835163984e-04,9.7478643003e-01,9.8731062219e-01,1.2524192157e-02,1.0535716839e-02,1.8728208050e-11,6.2906848479e-03
50.000000,865.000,35.000000,55.000000,9.5084567578e-03,2.0445898345e-03,3.5706578976e-04,9.7478643003e-01,9.8731062219e-01,1.2524192157e-02,1.0653111148e-02,4.9070955986e-11,6.1119181912e-03
50.000000,865.000,35.000000,60.000000,9.2263716828e-03,2.3469133270e-03,-3.9668046992e-07,9.7478643003e-01,9.8731062219e-01,1.2524192157e-02,1.0798058868e-02,1.3660061909e-10,5.9305974001e-03
50.000000,865.000,35.000000,65.000000,8.9447830673e-03,2.5935982166e-03,-4.1634038586e-04,9.7478643003e-01,9.8731062219e-01,1.2524192157e-02,1.0972906998e-02,4.0085414922e-10,5.7495957270e-03
50.000000,865.000,35.000000,70.000000,8.6679337129e-03,2.7728465109e-03,-8.8084784944e-04,9.7478643003e-01,9.8731062219e-01,1.2524192157e-02,1.1179443192e-02,1.2298722208e-09,5.5716403923e-03
50.000000,865.000,35.000000,75.000000,8.3997431456e-03,2.8747304063e-03,-1.3820601332e-03,9.7478643003e-01,9.8731062219e-01,1.2524192157e-02,1.1418787404e-02,3.9116853313e-09,5.3992508185e-03
50.000000,865.000,35.000000,80.000000,8.1437227127e-03,2.8915280459e-03,-1.9065200046e-03,9.7478643003e-01,9.8731062219e-01,1.2524192157e-02,1.1691301574e-02,1.2784184315e-08,5.2346840565e-03
50.000000,865.000,35.000000,85.000000,7.9029041868e-03,2.8179933520e-03,-2.4395673435e-03,9.7478643003e-01,9.8731062219e-01,1.2524192157e-02,1.1996520532e-02,4.2547662780e-08,5.0798888918e-03
50.000000,865.000,35.000000,90.000000,7.6797837762e-03,2.6515514670e-03,-2.9657748758e-03,9.7478643003e-01,9.8731062219e-01,1.2524192157e-02,1.2333106650e-02,1.4289048489e-07,4.9364698564e-03
50.000000,865.000,35.000000,95.000000,7.4762829693e-03,2.3924135901e-03,-3.4694110705e-03,9.7478643003e-01,9.8731062219e-01,1.2524192157e-02,1.2698830091e-02,4.7979953373e-07,4.8056620592e-03
50.000000,865.000,35.000000,100.000000,7.2937271228e-03,2.0436074412e-03,-3.9349161781e-03,9.7478643003e-01,9.8731062219e-01,1.2524192157e-02,1.3090575693e-02,1.5960688048e-06,4.6883174230e-03
50.000000,865.000,35.000000,105.000000,7.1328421630e-03,1.6109221465e-03,-4.3473769618e-03,9.7478643003e-01,9.8731062219e-01,1.2524192157e-02,1.3504376762e-02,5.2121511774e-06,4.5849025642e-03
50.000000,865.000,35.000000,110.000000,6.9937692190e-03,1.1027689400e-03,-4.6929856819e-03,9.7478643003e-01,9.8731062219e-01,1.2524192157e-02,1.3935475194e-02,1.6559820129e-05,4.4955081990e-03
50.000000,865.000,35.000000,115.000000,6.8760964648e-03,5.2996163331e-04,-4.9594693432e-03,9.7478643003e-01,9.8731062219e-01,1.2524192157e-02,1.4378406577e-02,5.0740791611e-05,4.4198696106e-03
50.000000,865.000,35.000000,120.000000,6.7789069259e-03,-9.4576748235e-05,-5.1364760882e-03,9.7478643003e-01,9.8731062219e-01,1.2524192157e-02,1.4827108116e-02,1.4867235225e-04,4.3573973792e-03
50.000000,865.000,35.000000,125.000000,6.7008405311e-03,-7.5617251891e-04,-5.2159068945e-03,9.7478643003e-01,9.8731062219e-01,1.2524192157e-02,1.5275046567e-02,4.1317029447e-04,4.3072172679e-03
50.000000,865.000,35.000000,130.000000,6.6401682633e-03,-1.4388144397e-03,-5.1921823661e-03,9.7478643003e-01,9.8731062219e-01,1.2524192157e-02,1.5715362710e-02,1.0806409883e-03,4.2682178859e-03
50.000000,865.000,35.000000,135.000000,6.5948759061e-03,-2.1256090767e-03,-5.0624363548e-03,9.7478643003e-01,9.8731062219e-01,1.2524192157e-02,1.6141028379e-02,2.6406665862e-03,4.2391045199e-03
50.000000,865.000,35.000000,140.000000,6.5627546039e-03,-2.7992648114e-03,-4.8266303462e-03,9.7478643003e-01,9.8731062219e-01,1.2524192157e-02,1.6545011681e-02,5.9879062347e-03,4.2184573448e-03
50.000000,865.000,35.000000,145.000000,6.5414952615e-03,-3.4425900206e-03,-4.4875849264e-03,9.7478643003e-01,9.8731062219e-01,1.2524192157e-02,1.6920445738e-02,1.2521640909e-02,4.2047921029e-03
50.000000,865.000,35.000000,150.000000,6.5287837062e-03,-4.0389904942e-03,-4.0509271417e-03,9.7478643003e-01,9.8731062219e-01,1.2524192157e-02,1.7260796178e-02,2.4012366122e-02,4.1966212727e-03
50.000000,865.000,35.000000,155.000000,6.5223935311e-03,-4.5729511687e-03,-3.5249551014e-03,9.7478643003e-01,9.8731062219e-01,1.2524192157e-02,1.7560022588e-02,4.2018909037e-02,4.1925137473e-03
50.000000,865.000,35.000000,160.000000,6.5202736272e-03,-5.0304877094e-03,-2.9204236643e-03,9.7478643003e-01,9.8731062219e-01,1.2524192157e-02,1.7812729322e-02,6.6810081683e-02,4.1911510993e-03
50.000000,865.000,35.000000,165.000000,6.5206275930e-03,-5.3995543713e-03,-2.2502574356e-03,9.7478643003e-01,9.8731062219e-01,1.2524192157e-02,1.8014301309e-02,9.6182219530e-02,4.1913786242e-03
50.000000,865.000,35.000000,170.000000,6.5219824793e-03,-5.6703958751e-03,-1.5291994893e-03,9.7478643003e-01,9.8731062219e-01,1.2524192157e-02,1.8161020971e-02,1.2502582817e-01,4.1922495283e-03
50.000000,865.000,35.000000,175.000000,6.5232446722e-03,-5.8358327160e-03,-7.7340617562e-04,9.7478643003e-01,9.8731062219e-01,1.2524192157e-02,1.8250162856e-02,1.4645050522e-01,4.1930608503e-03
50.000000,865.000,35.000000,180.000000,6.5237411318e-03,-5.8914713188e-03,-2.1789916468e-18,9.7478643003e-01,9.8731062219e-01,1.2524192157e-02,1.8280063266e-02,1.5439956548e-01,4.1933799683e-03
50.000000,865.000,35.000000,185.000000,6.5232446722e-03,-5.8358327160e-03,7.7340617562e-04,9.7478643003e-01,9.8731062219e-01,1.2524192157e-02,1.8250162856e-02,1.4645050522e-01,4.1930608503e-03
50.000000,865.000,35.000000,190.000000,6.5219824793e-03,-5.6703958751e-03,1.5291994893e-03,9.7478643003e-01,9.8731062219e-01,1.2524192157e-02,1.8161020971e-02,1.2502582817e-01,4.1922495283e-03
50.000000,865.000,35.000000,195.000000,6.5206275930e-03,-5.3995543713e-03,2.2502574356e-03,9.7478643003e-01,9.8731062219e-01,1.2524192157e-02,1.8014301309e-02,9.6182219530e-02,4.1913786242e-03
50.000000,865.000,35.000000,200.000000,6.5202736272e-03,-5.0304877094e-03,2.9204236643e-03,9.7478643003e-01,9.8731062219e-01,1.2524192157e-02,1.7812729322e-02,6.6810081683e-02,4.1911510993e-03
50.000000,865.000,35.000000,205.000000,6.5223935311e-03,-4.5729511687e-03,3.5249551014e-03,9.7478643003e-01,9.8731062219e-01,1.2524192157e-02,1.7560022588e-02,4.2018909037e-02,4.1925137473e-03
50.000000,865.000,35.000000,210.000000,6.5287837062e-03,-4.0389904942e-03,4.0509271417e-03,9.7478643003e-01,9.8731062219e-01,1.2524192157e-02,1.7260796178e-02,2.4012366122e-02,4.1966212727e-03
50.000000,865.000,35.000000,215.000000,6.5414952615e-03,-3.4425900206e-03,4.4875849264e-03,9.7478643003e-01,9.8731062219e-01,1.2524192157e-02,1.6920445738e-02,1.2521640909e-02,4.2047921029e-03
50.000000,865.000,35.000000,220.000000,6.5627546039e-03,-2.7992648114e-03,4.8266303462e-03,9.7478643003e-01,9.8731062219e-01,1.2524192157e-02,1.6545011681e-02,5.9879062347e-03,4.2184573448e-03
50.000000,865.000,35.000000,225.000000,6.5948759061e-03,-2.1256090767e-03,5.0624363548e-03,9.7478643003e-01,9.8731062219e-01,1.2524192157e-02,1.6141028379e-02,2.6406665862e-03,4.2391045199e-03
50.000000,865.000,35.000000,230.000000,6.6401682633e-03,-1.4388144397e-03,5.1921823661e-03,9.7478643003e-01,9.8731062219e-01,1.2524192157e-02,1.5715362710e-02,1.0806409883e-03,4.2682178859e-03
50.000000,865.000,35.000000,235.000000,6.7008405311e-03,-7.5617251891e-04,5.2159068945e-03,9.7478643003e-01,9.8731062219e-01,1.2524192157e-02,1.5275046567e-02,4.1317029447e-04,4.3072172679e-03
50.000000,865.000,35.000000,240.000000,6.7789069259e-03,-9.4576748235e-05,5.1364760882e-03,9.7478643003e-01,9.8731062219e-01,1.2524192157e-02,1.4827108116e-02,1.4867235225e-04,4.3573973792e-03
50.000000,865.000,35.000000,245.000000,6.8760964648e-03,5.2996163331e-04,4.9594693432e-03,9.7478643003e-01,9.8731062219e-01,1.2524192157e-02,1.4378406577e-02,5.0740791611e-05,4.4198696106e-03
50.000000,865.000,35.000000,250.000000,6.9937692190e-03,1.1027689400e-03,4.6929856819e-03,9.7478643003e-01,9.8731062219e-01,1.2524192157e-02,1.3935475194e-02,1.6559820129e-05,4.4955081990e-03
50.000000,865.000,35.000000,255.000000,7.1328421630e-03,1.6109221465e-03,4.3473769618e-03,9.7478643003e-01,9.8731062219e-01,1.2524192157e-02,1.3504376762e-02,5.2121511774e-06,4.5849025642e-03
50.000000,865.000,35.000000,260.000000,7.2937271228e-03,2.0436074412e-03,3.9349161781e-03,9.7478643003e-01,9.8731062219e-01,1.2524192157e-02,1.3090575693e-02,1.5960688048e-06,4.6883174230e-03
50.000000,865.000,35.000000,265.000000,7.4762829693e-03,2.3924135901e-03,3.4694110705e-03,9.7478643003e-01,9.8731062219e-01,1.2524192157e-02,1.2698830091e-02,4.7979953373e-07,4.8056620592e-03
50.000000,865.000,35.000000,270.000000,7.6797837762e-03,2.6515514670e-03,2.9657748758e-03,9.7478643003e-01,9.8731062219e-01,1.2524192157e-02,1.2333106650e-02,1.4289048489e-07,4.9364698564e-03
50.000000,865.000,35.000000,275.000000,7.9029041868e-03,2.8179933520e-03,2.4395673435e-03,9.7478643003e-01,9.8731062219e-01,1.2524192157e-02,1.1996520532e-02,4.2547662780e-08,5.0798888918e-03
50.000000,865.000,35.000000,280.000000,8.1437227127e-03,2.8915280459e-03,1.9065200046e-03,9.7478643003e-01,9.8731062219e-01,1.2524192157e-02,1.1691301574e-02,1.2784184315e-08,5.2346840565e-03
50.000000,865.000,35.000000,285.000000,8.3997431456e-03,2.8747304063e-03,1.3820601332e-03,9.7478643003e-01,9.8731062219e-01,1.2524192157e-02,1.1418787404e-02,3.9116853313e-09,5.3992508185e-03
50.000000,865.000,35.000000,290.000000,8.6679337129e-03,2.7728465109e-03,8.8084784944e-04,9.7478643003e-01,9.8731062219e-01,1.2524192157e-02,1.1179443192e-02,1.2298722208e-09,5.5716403923e-03
50.000000,865.000,35.000000,295.000000,8.9447830673e-03,2.5935982166e-03,4.1634038586e-04,9.7478643003e-01,9.8731062219e-01,1.2524192157e-02,1.0972906998e-02,4.0085414922e-10,5.7495957270e-03
50.000000,865.000,35.000000,300.000000,9.2263716828e-03,2.3469133270e-03,3.9668046991e-07,9.7478643003e-01,9.8731062219e-01,1.2524192157e-02,1.0798058868e-02,1.3660061909e-10,5.9305974001e-03
50.000000,865.000,35.000000,305.000000,9.5084567578e-03,2.0445898345e-03,-3.5706578976e-04,9.7478643003e-01,9.8731062219e-01,1.2524192157e-02,1.0653111148e-02,4.9070955986e-11,6.1119181912e-03
50.000000,865.000,35.000000,310.000000,9.7865683052e-03,1.6999046993e-03,-6.4835163984e-04,9.7478643003e-01,9.8731062219e-01,1.2524192157e-02,1.0535716839e-02,1.8728208050e-11,6.2906848479e-03
50.000000,865.000,35.000000,315.000000,1.0056113759e-02,1.3271793001e-03,-8.6819730249e-04,9.7478643003e-01,9.8731062219e-01,1.2524192157e-02,1.0443092289e-02,7.6500514193e-12,6.4639453258e-03
50.000000,865.000,35.000000,320.000000,1.0312488157e-02,9.4131499865e-04,-1.0139036597e-03,9.7478643003e-01,9.8731062219e-01,1.2524192157e-02,1.0372150106e-02,3.3674627424e-12,6.6287396127e-03
50.000000,865.000,35.000000,325.000000,1.0551186779e-02,5.5731315181e-04,-1.0853877579e-03,9.7478643003e-01,9.8731062219e-01,1.2524192157e-02,1.0319637882e-02,1.6074572913e-12,6.7821721293e-03
50.000000,865.000,35.000000,330.000000,1.0767917015e-02,1.8979436225e-04,-1.0851522660e-03,9.7478643003e-01,9.8731062219e-01,1.2524192157e-02,1.0282278174e-02,8.3682501376e-13,6.9214836393e-03
50.000000,865.000,35.000000,335.000000,1.0958706267e-02,-1.4746823442e-04,-1.0181738559e-03,9.7478643003e-01,9.8731062219e-01,1.2524192157e-02,1.0256905172e-02,4.7748729507e-13,7.0441206063e-03
50.000000,865.000,35.000000,340.000000,1.1120002771e-02,-4.4198729466e-04,-8.9171416815e-04,9.7478643003e-01,9.8731062219e-01,1.2524192157e-02,1.0240593628e-02,2.9990942206e-13,7.1478000007e-03
50.000000,865.000,35.000000,345.000000,1.1248766428e-02,-6.8295773476e-04,-7.1505939297e-04,9.7478643003e-01,9.8731062219e-01,1.2524192157e-02,1.0230775861e-02,2.0809881044e-13,7.2305676844e-03
50.000000,865.000,35.000000,350.000000,1.1342547015e-02,-8.6159916518e-04,-4.9919668418e-04,9.7478643003e-01,9.8731062219e-01,1.2524192157e-02,1.0225343098e-02,1.5996277123e-13,7.2908486835e-03
50.000000,865.000,35.000000,355.000000,1.1399547501e-02,-9.7143377929e-04,-2.5643755138e-04,9.7478643003e-01,9.8731062219e-01,1.2524192157e-02,1.0222727857e-02,1.3649462463e-13,7.3274878900e-03
50.000000,865.000,40.000000,0.000000,1.2478517692e-02,-9.2899345180e-04,-2.8756969388e-19,9.7478643003e-01,9.8731062219e-01,1.2524192157e-02,1.0145025318e-02,6.0032067707e-16,8.0210365594e-03
50.000000,865.000,40.000000,5.000000,1.2454787774e-02,-8.9212021797e-04,2.0269625538e-04,9.7478643003e-01,9.8731062219e-01,1.2524192157e-02,1.0142838775e-02,6.4008453168e-16,8.0057832625e-03
50.000000,865.000,40.000000,10.000000,1.2384080914e-02,-7.8285838107e-04,3.9215521437e-04,9.7478643003e-01,9.8731062219e-01,1.2524192157e-02,1.0136711736e-02,7.7550629950e-16,7.9603337688e-03
50.000000,865.000,40.000000,15.000000,1.2267832927e-02,-6.0523846943e-04,5.5559566059e-04,9.7478643003e-01,9.8731062219e-01,1.2524192157e-02,1.0127926034e-02,1.0660724874e-15,7.8856110033e-03
50.000000,865.000,40.000000,20.000000,1.2108394351e-02,-3.6583580092e-04,6.8113426991e-04,9.7478643003e-01,9.8731062219e-01,1.2524192157e-02,1.0118565465e-02,1.6587450992e-15,7.7831258618e-03
50.000000,865.000,40.000000,25.000000,1.1908968015e-02,-7.3561726785e-05,7.5819932385e-04,9.7478643003e-01,9.8731062219e-01,1.2524192157e-02,1.0111438640e-02,2.9113160502e-15,7.6549370841e-03
50.000000,865.000,40.000000,30.000000,1.1673524221e-02,2.6061959556e-04,7.7790335297e-04,9.7478643003e-01,9.8731062219e-01,1.2524192157e-02,1.0109974439e-02,5.7390509999e-15,7.5035967304e-03
50.000000,865.000,40.000000,35.000000,1.1406696004e-02,6.2404020002e-04,7.3336299625e-04,9.7478643003e-01,9.8731062219e-01,1.2524192157e-02,1.0118093378e-02,1.2640668638e-14,7.3320828591e-03
50.000000,865.000,40.000000,40.000000,1.1113657550e-02,1.0027323549e-03,6.1995597867e-04,9.7478643003e-01,9.8731062219e-01,1.2524192157e-02,1.0140058987e-02,3.0920710222e-14,7.1437213716e-03
50.000000,865.000,40.000000,45.000000,1.0799989298e-02,1.3818752292e-03,4.3550703463e-04,9.7478643003e-01,9.8731062219e-01,1.2524192157e-02,1.0180313940e-02,8.3426013955e-14,6.9420993055e-03
50.000000,865.000,40.000000,50.000000,1.0471533679e-02,1.7462704413e-03,1.8039678222e-04,9.7478643003e-01,9.8731062219e-01,1.2524192157e-02,1.0243306174e-02,2.4639159969e-13,6.7309721030e-03
50.000000,865.000,40.000000,55.000000,1.0134245664e-02,2.0808318480e-03,-1.4241008574e-04,9.7478643003e-01,9.8731062219e-01,1.2524192157e-02,1.0333310583e-02,7.8999638906e-13,6.5141675460e-03
50.000000,865.000,40.000000,60.000000,9.7940424588e-03,2.3710744802e-03,-5.2741845261e-04,9.7478643003e-01,9.8731062219e-01,1.2524192157e-02,1.0454252023e-02,2.7254144690e-12,6.2954891412e-03
50.000000,865.000,40.000000,65.000000,9.4566566762e-03,2.6035875345e-03,-9.6673691820e-04,9.7478643003e-01,9.8731062219e-01,1.2524192157e-02,1.0609535376e-02,1.0021735714e-11,6.0786217405e-03
50.000000,865.000,40.000000,70.000000,9.1274971922e-03,2.7664768019e-03,-1.4502886023e-03,9.7478643003e-01,9.8731062219e-01,1.2524192157e-02,1.0801888216e-02,3.8890554018e-11,5.8670421026e-03
50.000000,865.000,40.000000,75.000000,8.8115216555e-03,2.8497628214e-03,-1.9660924267e-03,9.7478643003e-01,9.8731062219e-01,1.2524192157e-02,1.1033221262e-02,1.5763417417e-10,5.6639369426e-03
50.000000,865.000,40.000000,80.000000,8.5131242372e-03,2.8457223837e-03,-2.5006065190e-03,9.7478643003e-01,9.8731062219e-01,1.2524192157e-02,1.1304511302e-02,6.6029290973e-10,5.4721307794e-03
50.000000,865.000,40.000000,85.000000,8.2360417414e-03,2.7491627159e-03,-3.0391234606e-03,9.7478643003e-01,9.8731062219e-01,1.2524192157e-02,1.1615710585e-02,2.8273107868e-09,5.2940255842e-03
50.000000,865.000,40.000000,90.000000,7.9832806273e-03,2.5576197157e-03,-3.5662054931e-03,9.7478643003e-01,9.8731062219e-01,1.2524192157e-02,1.1965685900e-02,1.2239479084e-08,5.1315538719e-03
50.000000,865.000,40.000000,95.000000,7.7570668528e-03,2.2714739038e-03,-4.0661465484e-03,9.7478643003e-01,9.8731062219e-01,1.2524192157e-02,1.2352189672e-02,5.2975301454e-08,4.9861464605e-03
50.000000,865.000,40.000000,100.000000,7.5588197482e-03,1.8939802598e-03,-4.5234471178e-03,9.7478643003e-01,9.8731062219e-01,1.2524192157e-02,1.2771864426e-02,2.2671289620e-07,4.8587156780e-03
50.000000,865.000,40.000000,105.000000,7.3891503993e-03,1.4312107179e-03,-4.9232875486e-03,9.7478643003e-01,9.8731062219e-01,1.2524192157e-02,1.3220280979e-02,9.4881272001e-07,4.7496543228e-03
50.000000,865.000,40.000000,110.000000,7.2478842730e-03,8.9191075693e-04,-5.2519853698e-03,9.7478643003e-01,9.8731062219e-01,1.2524192157e-02,1.3692009682e-02,3.8412157497e-06,4.6588502072e-03
50.000000,865.000,40.000000,115.000000,7.1341070833e-03,2.8727412754e-04,-5.4974226989e-03,9.7478643003e-01,9.8731062219e-01,1.2524192157e-02,1.4180723020e-02,1.4884399689e-05,4.5857156394e-03
50.000000,865.000,40.000000,120.000000,7.0462321970e-03,-3.6935774516e-04,-5.6494306516e-03,9.7478643003e-01,9.8731062219e-01,1.2524192157e-02,1.4679326951e-02,5.4638802958e-05,4.5292307512e-03
50.000000,865.000,40.000000,125.000000,6.9820872281e-03,-1.0628628517e-03,-5.7001189543e-03,9.7478643003e-01,9.8731062219e-01,1.2524192157e-02,1.5180117424e-02,1.8814253072e-04,4.4879991600e-03
50.000000,865.000,40.000000,130.000000,6.9390168985e-03,-1.7767613180e-03,-5.6441405842e-03,9.7478643003e-01,9.8731062219e-01,1.2524192157e-02,1.5674957802e-02,6.0201330275e-04,4.4603140858e-03
50.000000,865.000,40.000000,135.000000,6.9139987590e-03,-2.4936811906e-03,-5.4788832091e-03,9.7478643003e-01,9.8731062219e-01,1.2524192157e-02,1.6155472206e-02,1.7742549467e-03,4.4442327357e-03
50.000000,865.000,40.000000,140.000000,6.9037679866e-03,-3.1958534010e-03,-5.2045813877e-03,9.7478643003e-01,9.8731062219e-01,1.2524192157e-02,1.6613249329e-02,4.7768824094e-03,4.4376565220e-03
50.000000,865.000,40.000000,145.000000,6.9049472180e-03,-3.8656211192e-03,-4.8243458723e-03,9.7478643003e-01,9.8731062219e-01,1.2524192157e-02,1.7040050908e-02,1.1660516725e-02,4.4384145172e-03
50.000000,865.000,40.000000,150.000000,6.9141772376e-03,-4.4859482534e-03,-4.3441088460e-03,9.7478643003e-01,9.8731062219e-01,1.2524192157e-02,1.7428018881e-02,2.5632211531e-02,4.4443474595e-03
50.000000,865.000,40.000000,155.000000,6.9282443397e-03,-5.0409118581e-03,-3.7724864568e-03,9.7478643003e-01,9.8731062219e-01,1.2524192157e-02,1.7769875257e-02,5.0436738680e-02,4.4533896184e-03
50.000000,865.000,40.000000,160.000000,6.9442002981e-03,-5.5161636807e-03,-3.1205624976e-03,9.7478643003e-01,9.8731062219e-01,1.2524192157e-02,1.8059108930e-02,8.8382340627e-02,4.4636459108e-03
50.000000,865.000,40.000000,165.000000,6.9594711320e-03,-5.8993469927e-03,-2.4015994613e-03,9.7478643003e-01,9.8731062219e-01,1.2524192157e-02,1.8290144017e-02,1.3733800056e-01,4.4734618136e-03
50.000000,865.000,40.000000,170.000000,6.9719512147e-03,-6.1804561853e-03,-1.6306853845e-03,9.7478643003e-01,9.8731062219e-01,1.2524192157e-02,1.8458484829e-02,1.8861209065e-01,4.4814838562e-03
50.000000,865.000,40.000000,175.000000,6.9800797458e-03,-6.3521283246e-03,-8.2432683246e-04,9.7478643003e-01,9.8731062219e-01,1.2524192157e-02,1.8560833260e-02,2.2837934616e-01,4.4867087752e-03
50.000000,865.000,40.000000,180.000000,6.9828971680e-03,-6.4098579024e-03,-2.3220762446e-18,9.7478643003e-01,9.8731062219e-01,1.2524192157e-02,1.8595175174e-02,2.4345726118e-01,4.4885197793e-03
50.000000,865.000,40.000000,185.000000,6.9800797458e-03,-6.3521283246e-03,8.2432683246e-04,9.7478643003e-01,9.8731062219e-01,1.2524192157e-02,1.8560833260e-02,2.2837934616e-01,4.4867087752e-03
50.000000,865.000,40.000000,190.000000,6.9719512147e-03,-6.1804561853e-03,1.6306853845e-03,9.7478643003e-01,9.8731062219e-01,1.2524192157e-02,1.8458484829e-02,1.8861209065e-01,4.4814838562e-03
50.000000,865.000,40.000000,195.000000,6.9594711320e-03,-5.8993469927e-03,2.4015994613e-03,9.7478643003e-01,9.8731062219e-01,1.2524192157e-02,1.8290144017e-02,1.3733800056e-01,4.4734618136e-03
50.000000,865.000,40.000000,200.000000,6.9442002981e-03,-5.5161636807e-03,3.1205624976e-03,9.7478643003e-01,9.8731062219e-01,1.2524192157e-02,1.8059108930e-02,8.8382340627e-02,4.4636459108e-03
50.000000,865.000,40.000000,205.000000,6.9282443397e-03,-5.0409118581e-03,3.7724864568e-03,9.7478643003e-01,9.8731062219e-01,1.2524192157e-02,1.7769875257e-02,5.0436738680e-02,4.4533896184e-03
50.000000,865.000,40.000000,210.000000,6.9141772376e-03,-4.4859482534e-03,4.3441088460e-03,9.7478643003e-01,9.8731062219e-01,1.2524192157e-02,1.7428018881e-02,2.5632211531e-02,4.4443474595e-03
50.000000,865.000,40.000000,215.000000,6.9049472180e-03,-3.8656211192e-03,4.8243458723e-03,9.7478643003e-01,9.8731062219e-01,1.2524192157e-02,1.7040050908e-02,1.1660516725e-02,4.4384145172e-03
50.000000,865.000,40.000000,220.000000,6.9037679866e-03,-3.1958534010e-03,5.2045813877e-03,9.7478643003e-01,9.8731062219e-01,1.2524192157e-02,1.6613249329e-02,4.7768824094e-03,4.4376565220e-03
50.000000,865.000,40.000000,225.000000,6.9139987590e-03,-2.4936811906e-03,5.4788832091e-03,9.7478643003e-01,9.8731062219e-01,1.2524192157e-02,1.6155472206e-02,1.7742549467e-03,4.4442327357e-03
50.000000,865.000,40.000000,230.000000,6.9390168985e-03,-1.7767613180e-03,5.6441405842e-03,9.7478643003e-01,9.8731062219e-01,1.2524192157e-02,1.5674957802e-02,6.0201330275e-04,4.4603140858e-03
50.000000,865.000,40.000000,235.000000,6.9820872281e-03,-1.0628628517e-03,5.7001189543e-03,9.7478643003e-01,9.8731062219e-01,1.2524192157e-02,1.5180117424e-02,1.8814253072e-04,4.4879991600e-03
50.000000,865.000,40.000000,240.000000,7.0462321970e-03,-3.6935774516e-04,5.6494306516e-03,9.7478643003e-01,9.8731062219e-01,1.2524192157e-02,1.4679326951e-02,5.4638802958e-05,4.5292307512e-03
50.000000,865.000,40.000000,245.000000,7.1341070833e-03,2.8727412754e-04,5.4974226989e-03,9.7478643003e-01,9.8731062219e-01,1.2524192157e-02,1.4180723020e-02,1.4884399689e-05,4.5857156394e-03
50.000000,865.000,40.000000,250.000000,7.2478842730e-03,8.9191075693e-04,5.2519853698e-03,9.7478643003e-01,9.8731062219e-01,1.2524192157e-02,1.3692009682e-02,3.8412157497e-06,4.6588502072e-03
50.000000,865.000,40.000000,255.000000,7.3891503993e-03,1.4312107179e-03,4.9232875486e-03,9.7478643003e-01,9.8731062219e-01,1.2524192157e-02,1.3220280979e-02,9.4881272001e-07,4.7496543228e-03
50.000000,865.000,40.000000,260.000000,7.5588197482e-03,1.8939802598e-03,4.5234471178e-03,9.7478643003e-01,9.8731062219e-01,1.2524192157e-02,1.2771864426e-02,2.2671289620e-07,4.8587156780e-03
50.000000,865.000,40.000000,265.000000,7.7570668528e-03,2.2714739038e-03,4.0661465484e-03,9.7478643003e-01,9.8731062219e-01,1.2524192157e-02,1.2352189672e-02,5.2975301454e-08,4.9861464605e-03
50.000000,865.000,40.000000,270.000000,7.9832806273e-03,2.5576197157e-03,3.5662054931e-03,9.7478643003e-01,9.8731062219e-01,1.2524192157e-02,1.1965685900e-02,1.2239479084e-08,5.1315538719e-03
50.000000,865.000,40.000000,275.000000,8.2360417414e-03,2.7491627159e-03,3.0391234606e-03,9.7478643003e-01,9.8731062219e-01,1.2524192157e-02,1.1615710585e-02,2.8273107868e-09,5.2940255842e-03
50.000000,865.000,40.000000,280.000000,8.5131242372e-03,2.8457223837e-03,2.5006065190e-03,9.7478643003e-01,9.8731062219e-01,1.2524192157e-02,1.1304511302e-02,6.6029290973e-10,5.4721307794e-03
50.000000,865.000,40.000000,285.000000,8.8115216555e-03,2.8497628214e-03,1.9660924267e-03,9.7478643003e-01,9.8731062219e-01,1.2524192157e-02,1.1033221262e-02,1.5763417417e-10,5.6639369426e-03
50.000000,865.000,40.000000,290.000000,9.1274971922e-03,2.7664768019e-03,1.4502886023e-03,9.7478643003e-01,9.8731062219e-01,1.2524192157e-02,1.0801888216e-02,3.8890554018e-11,5.8670421026e-03
50.000000,865.000,40.000000,295.000000,9.4566566762e-03,2.6035875345e-03,9.6673691820e-04,9.7478643003e-01,9.8731062219e-01,1.2524192157e-02,1.0609535376e-02,1.0021735714e-11,6.0786217405e-03
50.000000,865.000,40.000000,300.000000,9.7940424588e-03,2.3710744802e-03,5.2741845261e-04,9.7478643003e-01,9.8731062219e-01,1.2524192157e-02,1.0454252023e-02,2.7254144690e-12,6.2954891412e-03
50.000000,865.000,40.000000,305.000000,1.0134245664e-02,2.0808318480e-03,1.4241008574e-04,9.7478643003e-01,9.8731062219e-01,1.2524192157e-02,1.0333310583e-02,7.8999638906e-13,6.5141675460e-03
50.000000,865.000,40.000000,310.000000,1.0471533679e-02,1.7462704413e-03,-1.8039678222e-04,9.7478643003e-01,9.8731062219e-01,1.2524192157e-02,1.0243306174e-02,2.4639159969e-13,6.7309721030e-03
50.000000,865.000,40.000000,315.000000,1.0799989298e-02,1.3818752292e-03,-4.3550703463e-04,9.7478643003e-01,9.8731062219e-01,1.2524192157e-02,1.0180313940e-02,8.3426013955e-14,6.9420993055e-03
50.000000,865.000,40.000000,320.000000,1.1113657550e-02,1.0027323549e-03,-6.1995597867e-04,9.7478643003e-01,9.8731062219e-01,1.2524192157e-02,1.0140058987e-02,3.0920710222e-14,7.1437213716e-03
50.000000,865.000,40.000000,325.000000,1.1406696004e-02,6.2404020002e-04,-7.3336299625e-04,9.7478643003e-01,9.8731062219e-01,1.2524192157e-02,1.0118093378e-02,1.2640668638e-14,7.3320828591e-03
50.000000,865.000,40.000000,330.000000,1.1673524221e-02,2.6061959556e-04,-7.7790335297e-04,9.7478643003e-01,9.8731062219e-01,1.2524192157e-02,1.0109974439e-02,5.7390509999e-15,7.5035967304e-03
50.000000,865.000,40.000000,335.000000,1.1908968015e-02,-7.3561726785e-05,-7.5819932385e-04,9.7478643003e-01,9.8731062219e-01,1.2524192157e-02,1.0111438640e-02,2.9113160502e-15,7.6549370841e-03
50.000000,865.000,40.000000,340.000000,1.2108394351e-02,-3.6583580092e-04,-6.8113426991e-04,9.7478643003e-01,9.8731062219e-01,1.2524192157e-02,1.0118565465e-02,1.6587450992e-15,7.7831258618e-03
50.000000,865.000,40.000000,345.000000,1.2267832927e-02,-6.0523846943e-04,-5.5559566059e-04,9.7478643003e-01,9.8731062219e-01,1.2524192157e-02,1.0127926034e-02,1.0660724874e-15,7.8856110033e-03
50.000000,865.000,40.000000,350.000000,1.2384080914e-02,-7.8285838107e-04,-3.9215521437e-04,9.7478643003e-01,9.8731062219e-01,1.2524192157e-02,1.0136711736e-02,7.7550629950e-16,7.9603337688e-03
50.000000,865.000,40.000000,355.000000,1.2454787774e-02,-8.9212021797e-04,-2.0269625538e-04,9.7478643003e-01,9.8731062219e-01,1.2524192157e-02,1.0142838775e-02,6.4008453168e-16,8.0057832625e-03
50.000000,865.000,45.000000,0.000000,1.3752999169e-02,-9.6279554660e-04,-1.9732900256e-19,9.7478643003e-01,9.8731062219e-01,1.2524192157e-02,1.0226666402e-02,9.8153457679e-19,8.8402574619e-03
50.000000,865.000,45.000000,5.000000,1.3723881899e-02,-9.2540687574e-04,1.3848251538e-04,9.7478643003e-01,9.8731062219e-01,1.2524192157e-02,1.0220841671e-02,1.0601403559e-18,8.8215412416e-03
50.000000,865.000,45.000000,10.000000,1.3637152519e-02,-8.1463839764e-04,2.6426898681e-04,9.7478643003e-01,9.8731062219e-01,1.2524192157e-02,1.0203915612e-02,1.3349944494e-18,8.7657926705e-03
50.000000,865.000,45.000000,15.000000,1.3494661399e-02,-6.3463826216e-04,3.6511373444e-04,9.7478643003e-01,9.8731062219e-01,1.2524192157e-02,1.0177513143e-02,1.9565202720e-18,8.6742011439e-03
50.000000,865.000,45.000000,20.000000,1.3299436602e-02,-3.9217323980e-04,4.2965763100e-04,9.7478643003e-01,9.8731062219e-01,1.2524192157e-02,1.0144278145e-02,3.3273796420e-18,8.5487130634e-03
50.000000,865.000,45.000000,25.000000,1.3055601783e-02,-9.6413241570e-05,4.4783637307e-04,9.7478643003e-01,9.8731062219e-01,1.2524192157e-02,1.0107779111e-02,6.5397606690e-18,8.3919790630e-03
50.000000,865.000,45.000000,30.000000,1.2768264654e-02,2.4136102397e-04,4.1124794993e-04,9.7478643003e-01,9.8731062219e-01,1.2524192157e-02,1.0072381245e-02,1.4777790736e-17,8.2072823165e-03
50.000000,865.000,45.000000,35.000000,1.2443379300e-02,6.0811826955e-04,3.1346767505e-04,9.7478643003e-01,9.8731062219e-01,1.2524192157e-02,1.0043089048e-02,3.8152966065e-17,7.9984500368e-03
50.000000,865.000,45.000000,40.000000,1.2087586403e-02,9.8949364580e-04,1.5030075348e-04,9.7478643003e-01,9.8731062219e-01,1.2524192157e-02,1.0025364358e-02,1.1172728895e-16,7.7697507705e-03
50.000000,865.000,45.000000,45.000000,1.1708036049e-02,1.3702497246e-03,-8.0035725276e-05,9.7478643003e-01,9.8731062219e-01,1.2524192157e-02,1.0024925596e-02,3.6806680595e-16,7.5257805059e-03
50.000000,865.000,45.000000,50.000000,1.1312198342e-02,1.7347672556e-03,-3.7680731404e-04,9.7478643003e-01,9.8731062219e-01,1.2524192157e-02,1.0047534599e-02,1.3516568909e-15,7.2713409325e-03
50.000000,865.000,45.000000,55.000000,1.0907667342e-02,2.0675505739e-03,-7.3673684933e-04,9.7478643003e-01,9.8731062219e-01,1.2524192157e-02,1.0098777792e-02,5.4784512402e-15,7.0113134178e-03
50.000000,865.000,45.000000,60.000000,1.0501964063e-02,2.3537320662e-03,-1.1540603407e-03,9.7478643003e-01,9.8731062219e-01,1.2524192157e-02,1.0183848713e-02,2.4246942494e-14,6.7505323768e-03
50.000000,865.000,45.000000,65.000000,1.0102344258e-02,2.5795601132e-03,-1.6206627426e-03,9.7478643003e-01,9.8731062219e-01,1.2524192157e-02,1.0307338824e-02,1.1586010811e-13,6.4936617176e-03
50.000000,865.000,45.000000,70.000000,9.7156165523e-03,2.7328554059e-03,-2.1262897825e-03,9.7478643003e-01,9.8731062219e-01,1.2524192157e-02,1.0473043393e-02,5.9062321248e-13,6.2450779403e-03
50.000000,865.000,45.000000,75.000000,9.3479761591e-03,2.8034214784e-03,-2.6588296737e-03,9.7478643003e-01,9.8731062219e-01,1.2524192157e-02,1.0683788735e-02,3.1724914098e-12,6.0087632507e-03
50.000000,865.000,45.000000,80.000000,9.0048589195e-03,2.7833966743e-03,-3.2046563807e-03,9.7478643003e-01,9.8731062219e-01,1.2524192157e-02,1.0941286504e-02,1.7727619670e-11,5.7882117404e-03
50.000000,865.000,45.000000,85.000000,8.6908197827e-03,2.6675365337e-03,-3.7490241949e-03,9.7478643003e-01,9.8731062219e-01,1.2524192157e-02,1.1246019928e-02,1.0171427765e-10,5.5863512743e-03
50.000000,865.000,45.000000,90.000000,8.4094390838e-03,2.4534176874e-03,-4.2765017796e-03,9.7478643003e-01,9.8731062219e-01,1.2524192157e-02,1.1597165903e-02,5.9133503992e-10,5.4054832475e-03
50.000000,865.000,45.000000,95.000000,8.1632591290e-03,2.1415567250e-03,-4.7714326036e-03,9.7478643003e-01,9.8731062219e-01,1.2524192157e-02,1.1992555800e-02,3.4371929316e-09,5.2472418228e-03
50.000000,865.000,45.000000,100.000000,7.9537526673e-03,1.7354400808e-03,-5.2184078360e-03,9.7478643003e-01,9.8731062219e-01,1.2524192157e-02,1.2428676659e-02,1.9710308587e-08,5.1125736651e-03
50.000000,865.000,45.000000,105.000000,7.7813238617e-03,1.2414636826e-03,-5.6027373565e-03,9.7478643003e-01,9.8731062219e-01,1.2524192157e-02,1.2900713236e-02,1.1003916766e-07,5.0017385652e-03
50.000000,865.000,45.000000,110.000000,7.6453413795e-03,6.6878384974e-04,-5.9109045477e-03,9.7478643003e-01,9.8731062219e-01,1.2524192157e-02,1.3402630106e-02,5.9033321548e-07,4.9143307106e-03
50.000000,865.000,45.000000,115.000000,7.5442022538e-03,2.9083627457e-05,-6.1309909856e-03,9.7478643003e-01,9.8731062219e-01,1.2524192157e-02,1.3927291825e-02,3.0047138112e-06,4.8493197337e-03
50.000000,865.000,45.000000,120.000000,7.4754242328e-03,-6.6373868297e-04,-6.2530580202e-03,9.7478643003e-01,9.8731062219e-01,1.2524192157e-02,1.4466617974e-02,1.4331590481e-05,4.8051100740e-03
50.000000,865.000,45.000000,125.000000,7.4357634815e-03,-1.3939496643e-03,-6.2694735010e-03,9.7478643003e-01,9.8731062219e-01,1.2524192157e-02,1.5011768853e-02,6.3301013412e-05,4.7796166345e-03
50.000000,865.000,45.000000,130.000000,7.4213537362e-03,-2.1444183646e-03,-6.1751735345e-03,9.7478643003e-01,9.8731062219e-01,1.2524192157e-02,1.5553356631e-02,2.5600099295e-04,4.7703542287e-03
50.000000,865.000,45.000000,135.000000,7.4278623743e-03,-2.8970983329e-03,-5.9678510910e-03,9.7478643003e-01,9.8731062219e-01,1.2524192157e-02,1.6081675970e-02,9.3792018519e-04,4.7745379007e-03
50.000000,865.000,45.000000,140.000000,7.4506583655e-03,-3.6335397535e-03,-5.6480654670e-03,9.7478643003e-01,9.8731062219e-01,1.2524192157e-02,1.6586947545e-02,3.0823907131e-03,4.7891908813e-03
50.000000,865.000,45.000000,145.000000,7.4849867227e-03,-4.3354163959e-03,-5.2192689767e-03,9.7478643003e-01,9.8731062219e-01,1.2524192157e-02,1.7059567439e-02,9.0047528458e-03,4.8112567240e-03
50.000000,865.000,45.000000,150.000000,7.5261438972e-03,-4.9850516239e-03,-4.6877497296e-03,9.7478643003e-01,9.8731062219e-01,1.2524192157e-02,1.7490355202e-02,2.3193960645e-02,4.8377120458e-03
50.000000,865.000,45.000000,155.000000,7.5696485517e-03,-5.5659277158e-03,-4.0624918699e-03,9.7478643003e-01,9.8731062219e-01,1.2524192157e-02,1.7870793374e-02,5.2296620730e-02,4.8656762987e-03
50.000000,865.000,45.000000,160.000000,7.6114023125e-03,-6.0631632326e-03,-3.3549571342e-03,9.7478643003e-01,9.8731062219e-01,1.2524192157e-02,1.8193251488e-02,1.0258601996e-01,4.8925150988e-03
50.000000,865.000,45.000000,165.000000,7.6478354267e-03,-6.4639441155e-03,-2.5787939484e-03,9.7478643003e-01,9.8731062219e-01,1.2524192157e-02,1.8451188018e-02,1.7418146602e-01,4.9159338532e-03
50.000000,865.000,45.000000,170.000000,7.6760327404e-03,-6.7578955741e-03,-1.7494824684e-03,9.7478643003e-01,9.8731062219e-01,1.2524192157e-02,1.8639324358e-02,2.5496262406e-01,4.9340587371e-03
50.000000,865.000,45.000000,175.000000,7.6938360352e-03,-6.9373835996e-03,-8.8392589331e-04,9.7478643003e-01,9.8731062219e-01,1.2524192157e-02,1.8753785734e-02,3.2082105691e-01,4.9455024744e-03
50.000000,865.000,45.000000,180.000000,7.6999195094e-03,-6.9977370449e-03,-2.4895396915e-18,9.7478643003e-01,9.8731062219e-01,1.2524192157e-02,1.8792204925e-02,3.4642459479e-01,4.9494128562e-03
50.000000,865.000,45.000000,185.000000,7.6938360352e-03,-6.9373835996e-03,8.8392589331e-04,9.7478643003e-01,9.8731062219e-01,1.2524192157e-02,1.8753785734e-02,3.2082105691e-01,4.9455024744e-03
50.000000,865.000,45.000000,190.000000,7.6760327404e-03,-6.7578955741e-03,1.7494824684e-03,9.7478643003e-01,9.8731062219e-01,1.2524192157e-02,1.8639324358e-02,2.5496262406e-01,4.9340587371e-03
50.000000,865.000,45.000000,195.000000,7.6478354267e-03,-6.4639441155e-03,2.5787939484e-03,9.7478643003e-01,9.8731062219e-01,1.2524192157e-02,1.8451188018e-02,1.7418146602e-01,4.9159338532e-03
50.000000,865.000,45.000000,200.000000,7.6114023125e-03,-6.0631632326e-03,3.3549571342e-03,9.7478643003e-01,9.8731062219e-01,1.2524192157e-02,1.8193251488e-02,1.0258601996e-01,4.8925150988e-03
50.000000,865.000,45.000000,205.000000,7.5696485517e-03,-5.5659277158e-03,4.0624918699e-03,9.7478643003e-01,9.8731062219e-01,1.2524192157e-02,1.7870793374e-02,5.2296620730e-02,4.8656762987e-03
50.000000,865.000,45.000000,210.000000,7.5261438972e-03,-4.9850516239e-03,4.6877497296e-03,9.7478643003e-01,9.8731062219e-01,1.2524192157e-02,1.7490355202e-02,2.3193960645e-02,4.8377120458e-03
50.000000,865.000,45.000000,215.000000,7.4849867227e-03,-4.3354163959e-03,5.2192689767e-03,9.7478643003e-01,9.8731062219e-01,1.2524192157e-02,1.7059567439e-02,9.0047528458e-03,4.8112567240e-03
50.000000,865.000,45.000000,220.000000,7.4506583655e-03,-3.6335397535e-03,5.6480654670e-03,9.7478643003e-01,9.8731062219e-01,1.2524192157e-02,1.6586947545e-02,3.0823907131e-03,4.7891908813e-03
50.000000,865.000,45.000000,225.000000,7.4278623743e-03,-2.8970983329e-03,5.9678510910e-03,9.7478643003e-01,9.8731062219e-01,1.2524192157e-02,1.6081675970e-02,9.3792018519e-04,4.7745379007e-03
50.000000,865.000,45.000000,230.000000,7.4213537362e-03,-2.1444183646e-03,6.1751735345e-03,9.7478643003e-01,9.8731062219e-01,1.2524192157e-02,1.5553356631e-02,2.5600099295e-04,4.7703542287e-03
50.000000,865.000,45.000000,235.000000,7.4357634815e-03,-1.3939496643e-03,6.2694735010e-03,9.7478643003e-01,9.8731062219e-01,1.2524192157e-02,1.5011768853e-02,6.3301013412e-05,4.7796166345e-03
50.000000,865.000,45.000000,240.000000,7.4754242328e-03,-6.6373868297e-04,6.2530580202e-03,9.7478643003e-01,9.8731062219e-01,1.2524192157e-02,1.4466617974e-02,1.4331590481e-05,4.8051100740e-03
50.000000,865.000,45.000000,245.000000,7.5442022538e-03,2.9083627457e-05,6.1309909856e-03,9.7478643003e-01,9.8731062219e-01,1.2524192157e-02,1.3927291825e-02,3.0047138112e-06,4.8493197337e-03
50.000000,865.000,45.000000,250.000000,7.6453413795e-03,6.6878384974e-04,5.9109045477e-03,9.7478643003e-01,9.8731062219e-01,1.2524192157e-02,1.3402630106e-02,5.9033321548e-07,4.9143307106e-03
50.000000,865.000,45.000000,255.000000,7.7813238617e-03,1.2414636826e-03,5.6027373565e-03,9.7478643003e-01,9.8731062219e-01,1.2524192157e-02,1.2900713236e-02,1.1003916766e-07,5.0017385652e-03
50.000000,865.000,45.000000,260.000000,7.9537526673e-03,1.7354400808e-03,5.2184078360e-03,9.7478643003e-01,9.8731062219e-01,1.2524192157e-02,1.2428676659e-02,1.9710308587e-08,5.1125736651e-03
50.000000,865.000,45.000000,265.000000,8.1632591290e-03,2.1415567250e-03,4.7714326036e-03,9.7478643003e-01,9.8731062219e-01,1.2524192157e-02,1.1992555800e-02,3.4371929316e-09,5.2472418228e-03
50.000000,865.000,45.000000,270.000000,8.4094390838e-03,2.4534176874e-03,4.2765017796e-03,9.7478643003e-01,9.8731062219e-01,1.2524192157e-02,1.1597165903e-02,5.9133503992e-10,5.4054832475e-03
50.000000,865.000,45.000000,275.000000,8.6908197827e-03,2.6675365337e-03,3.7490241949e-03,9.7478643003e-01,9.8731062219e-01,1.2524192157e-02,1.1246019928e-02,1.0171427765e-10,5.5863512743e-03
50.000000,865.000,45.000000,280.000000,9.0048589195e-03,2.7833966743e-03,3.2046563807e-03,9.7478643003e-01,9.8731062219e-01,1.2524192157e-02,1.0941286504e-02,1.7727619670e-11,5.7882117404e-03
50.000000,865.000,45.000000,285.000000,9.3479761591e-03,2.8034214784e-03,2.6588296737e-03,9.7478643003e-01,9.8731062219e-01,1.2524192157e-02,1.0683788735e-02,3.1724914098e-12,6.0087632507e-03
50.000000,865.000,45.000000,290.000000,9.7156165523e-03,2.7328554059e-03,2.1262897825e-03,9.7478643003e-01,9.8731062219e-01,1.2524192157e-02,1.0473043393e-02,5.9062321248e-13,6.2450779403e-03
50.000000,865.000,45.000000,295.000000,1.0102344258e-02,2.5795601132e-03,1.6206627426e-03,9.7478643003e-01,9.8731062219e-01,1.2524192157e-02,1.0307338824e-02,1.1586010811e-13,6.4936617176e-03
50.000000,865.000,45.000000,300.000000,1.0501964063e-02,2.3537320662e-03,1.1540603407e-03,9.7478643003e-01,9.8731062219e-01,1.2524192157e-02,1.0183848713e-02,2.4246942494e-14,6.7505323768e-03
50.000000,865.000,45.000000,305.000000,1.0907667342e-02,2.0675505739e-03,7.3673684933e-04,9.7478643003e-01,9.8731062219e-01,1.2524192157e-02,1.0098777792e-02,5.4784512402e-15,7.0113134178e-03
50.000000,865.000,45.000000,310.000000,1.1312198342e-02,1.7347672556e-03,3.7680731404e-04,9.7478643003e-01,9.8731062219e-01,1.2524192157e-02,1.0047534599e-02,1.3516568909e-15,7.2713409325e-03
50.000000,865.000,45.000000,315.000000,1.1708036049e-02,1.3702497246e-03,8.0035725276e-05,9.7478643003e-01,9.8731062219e-01,1.2524192157e-02,1.0024925596e-02,3.6806680595e-16,7.5257805059e-03
50.000000,865.000,45.000000,320.000000,1.2087586403e-02,9.8949364580e-04,-1.5030075348e-04,9.7478643003e-01,9.8731062219e-01,1.2524192157e-02,1.0025364358e-02,1.1172728895e-16,7.7697507705e-03
50.000000,865.000,45.000000,325.000000,1.2443379300e-02,6.0811826955e-04,-3.1346767505e-04,9.7478643003e-01,9.8731062219e-01,1.2524192157e-02,1.0043089048e-02,3.8152966065e-17,7.9984500368e-03
50.000000,865.000,45.000000,330.000000,1.2768264654e-02,2.4136102397e-04,-4.1124794993e-04,9.7478643003e-01,9.8731062219e-01,1.2524192157e-02,1.0072381245e-02,1.4777790736e-17,8.2072823165e-03
50.000000,865.000,45.000000,335.000000,1.3055601783e-02,-9.6413241570e-05,-4.4783637307e-04,9.7478643003e-01,9.8731062219e-01,1.2524192157e-02,1.0107779111e-02,6.5397606690e-18,8.3919790630e-03
50.000000,865.000,45.000000,340.000000,1.3299436602e-02,-3.9217323980e-04,-4.2965763100e-04,9.7478643003e-01,9.8731062219e-01,1.2524192157e-02,1.0144278145e-02,3.3273796420e-18,8.5487130634e-03
50.000000,865.000,45.000000,345.000000,1.3494661399e-02,-6.3463826216e-04,-3.6511373444e-04,9.7478643003e-01,9.8731062219e-01,1.2524192157e-02,1.0177513143e-02,1.9565202720e-18,8.6742011439e-03
50.000000,865.000,45.000000,350.000000,1.3637152519e-02,-8.1463839764e-04,-2.6426898681e-04,9.7478643003e-01,9.8731062219e-01,1.2524192157e-02,1.0203915612e-02,1.3349944494e-18,8.7657926705e-03
50.000000,865.000,45.000000,355.000000,1.3723881899e-02,-9.2540687574e-04,-1.3848251538e-04,9.7478643003e-01,9.8731062219e-01,1.2524192157e-02,1.0220841671e-02,1.0601403559e-18,8.8215412416e-03
50.000000,865.000,50.000000,0.000000,1.5340089413e-02,-1.1606224971e-03,-8.4858049384e-20,9.7478643003e-01,9.8731062219e-01,1.2524192157e-02,1.0418966938e-02,4.3299874172e-22,9.8604194062e-03
50.000000,865.000,50.000000,5.000000,1.5304506354e-02,-1.1216435601e-03,5.8453279341e-05,9.7478643003e-01,9.8731062219e-01,1.2524192157e-02,1.0409070093e-02,4.7484426406e-22,9.8375470569e-03
50.000000,865.000,50.000000,10.000000,1.5198554223e-02,-1.0061742701e-03,1.0490403606e-04,9.7478643003e-01,9.8731062219e-01,1.2524192157e-02,1.0380045453e-02,6.2580200650e-22,9.7694423400e-03
50.000000,865.000,50.000000,15.000000,1.5024602101e-02,-8.1857044496e-04,1.2779226756e-04,9.7478643003e-01,9.8731062219e-01,1.2524192157e-02,1.0333867694e-02,9.8905986292e-22,9.6576280710e-03
50.000000,865.000,50.000000,20.000000,1.4786525590e-02,-5.6593740149e-04,1.1642897324e-04,9.7478643003e-01,9.8731062219e-01,1.2524192157e-02,1.0273751955e-02,1.8680167136e-21,9.5045954396e-03
50.000000,865.000,50.000000,25.000000,1.4489599788e-02,-2.5790337043e-04,6.1396991330e-05,9.7478643003e-01,9.8731062219e-01,1.2524192157e-02,1.0204042357e-02,4.1955647253e-21,9.3137352131e-03
50.000000,865.000,50.000000,30.000000,1.4140353913e-02,9.3687909093e-05,-4.5088567440e-05,9.7478643003e-01,9.8731062219e-01,1.2524192157e-02,1.0130060849e-02,1.1136629684e-20,9.0892442916e-03
50.000000,865.000,50.000000,35.000000,1.3746391885e-02,4.7515596250e-04,-2.0887180635e-04,9.7478643003e-01,9.8731062219e-01,1.2524192157e-02,1.0057921122e-02,3.4675113588e-20,8.8360103816e-03
50.000000,865.000,50.000000,40.000000,1.3316184181e-02,8.7142206720e-04,-4.3360937124e-04,9.7478643003e-01,9.8731062219e-01,1.2524192157e-02,9.9943134222e-03,1.2554538404e-19,8.5594782000e-03
50.000000,865.000,50.000000,45.000000,1.2858837095e-02,1.2664939578e-03,-7.2059364196e-04,9.7478643003e-01,9.8731062219e-01,1.2524192157e-02,9.9462670413e-03,5.2338521502e-19,8.2655011598e-03
50.000000,865.000,50.000000,50.000000,1.2383846228e-02,1.6439818196e-03,-1.0686516590e-03,9.7478643003e-01,9.8731062219e-01,1.2524192157e-02,9.9208979435e-03,2.4850453160e-18,7.9601829157e-03
50.000000,865.000,50.000000,55.000000,1.1900841461e-02,1.9876296629e-03,-1.4741233265e-03,9.7478643003e-01,9.8731062219e-01,1.2524192157e-02,9.9251495051e-03,1.3279035541e-17,7.6497134360e-03
50.000000,865.000,50.000000,60.000000,1.1419330906e-02,2.2818456789e-03,-1.9309199921e-03,9.7478643003e-01,9.8731062219e-01,1.2524192157e-02,9.9655345671e-03,7.8842252744e-17,7.3402044171e-03
50.000000,865.000,50.000000,65.000000,1.0948451335e-02,2.5122151859e-03,-2.4306620219e-03,9.7478643003e-01,9.8731062219e-01,1.2524192157e-02,1.0047886996e-02,5.1310944751e-16,7.0375288633e-03
50.000000,865.000,50.000000,70.000000,1.0496732376e-02,2.6659802802e-03,-2.9628915547e-03,9.7478643003e-01,9.8731062219e-01,1.2524192157e-02,1.0177130685e-02,3.6084518801e-15,6.7471695134e-03
50.000000,865.000,50.000000,75.000000,1.0071881316e-02,2.7324713023e-03,-3.5153542866e-03,9.7478643003e-01,9.8731062219e-01,1.2524192157e-02,1.0357073429e-02,2.7017432933e-14,6.4740805160e-03
50.000000,865.000,50.000000,80.000000,9.6805947190e-03,2.7034766747e-03,-4.0743419992e-03,9.7478643003e-01,9.8731062219e-01,1.2524192157e-02,1.0590232360e-02,2.1209566328e-13,6.2225663397e-03
50.000000,865.000,50.000000,85.000000,9.3284022351e-03,2.5735395257e-03,-4.6250856512e-03,9.7478643003e-01,9.8731062219e-01,1.2524192157e-02,1.0877696695e-02,1.7186450286e-12,5.9961813749e-03
50.000000,865.000,50.000000,90.000000,9.0195469827e-03,2.3401717284e-03,-5.1521872666e-03,9.7478643003e-01,9.8731062219e-01,1.2524192157e-02,1.1219032438e-02,1.4148475992e-11,5.7976530455e-03
50.000000,865.000,50.000000,95.000000,8.7569057733e-03,2.0039784851e-03,-5.6400776258e-03,9.7478643003e-01,9.8731062219e-01,1.2524192157e-02,1.1612232393e-02,1.1645425455e-10,5.6288305303e-03
50.000000,865.000,50.000000,100.000000,8.5419512285e-03,1.5686892970e-03,-6.0734859310e-03,9.7478643003e-01,9.8731062219e-01,1.2524192157e-02,1.2053713496e-02,9.4314314822e-10,5.4906604122e-03
50.000000,865.000,50.000000,105.000000,8.3747565611e-03,1.0410940047e-03,-6.4379071987e-03,9.7478643003e-01,9.8731062219e-01,1.2524192157e-02,1.2538362028e-02,7.3974528250e-09,5.3831897516e-03
50.000000,865.000,50.000000,110.000000,8.2540425012e-03,4.3088546509e-04,-6.7200531559e-03,9.7478643003e-01,9.8731062219e-01,1.2524192157e-02,1.3059625823e-02,5.5319265849e-08,5.3055962496e-03
50.000000,865.000,50.000000,115.000000,8.1772645642e-03,-2.4958672547e-04,-6.9082728580e-03,9.7478643003e-01,9.8731062219e-01,1.2524192157e-02,1.3609651145e-02,3.8843548124e-07,5.2562443430e-03
50.000000,865.000,50.000000,120.000000,8.1407376438e-03,-9.8564434864e-04,-6.9929301237e-03,9.7478643003e-01,9.8731062219e-01,1.2524192157e-02,1.4179460551e-02,2.5233033115e-06,5.2327652912e-03
50.000000,865.000,50.000000,125.000000,8.1397937822e-03,-1.7606809088e-03,-6.9667261374e-03,9.7478643003e-01,9.8731062219e-01,1.2524192157e-02,1.4759166803e-02,1.4949907245e-05,5.2321585886e-03
50.000000,865.000,50.000000,130.000000,8.1689679761e-03,-2.5566223894e-03,-6.8249571919e-03,9.7478643003e-01,9.8731062219e-01,1.2524192157e-02,1.5338216765e-02,7.9695884941e-05,5.2509113990e-03
50.000000,865.000,50.000000,135.000000,8.2222060386e-03,-3.3544347541e-03,-6.5656994663e-03,9.7478643003e-01,9.8731062219e-01,1.2524192157e-02,1.5905658319e-02,3.7741464509e-04,5.2851321659e-03
50.000000,865.000,50.000000,140.000000,8.2930878822e-03,-4.1346630899e-03,-6.1899149042e-03,9.7478643003e-01,9.8731062219e-01,1.2524192157e-02,1.6450422590e-02,1.5690510809e-03,5.3306941367e-03
50.000000,865.000,50.000000,145.000000,8.3750591393e-03,-4.8779863091e-03,-5.7014746172e-03,9.7478643003e-01,9.8731062219e-01,1.2524192157e-02,1.6961613291e-02,5.6646955442e-03,5.3833842451e-03
50.000000,865.000,50.000000,150.000000,8.4616638055e-03,-5.5657708319e-03,-5.1070986991e-03,9.7478643003e-01,9.8731062219e-01,1.2524192157e-02,1.7428794753e-02,1.7587217310e-02,5.4390526515e-03
50.000000,865.000,50.000000,155.000000,8.5467705804e-03,-6.1806066825e-03,-4.4162138448e-03,9.7478643003e-01,9.8731062219e-01,1.2524192157e-02,1.7842270224e-02,4.6555007784e-02,5.4937582319e-03
50.000000,865.000,50.000000,160.000000,8.6247858004e-03,-6.7068099363e-03,-3.6407326279e-03,9.7478643003e-01,9.8731062219e-01,1.2524192157e-02,1.8193342259e-02,1.0430077240e-01,5.5439054487e-03
50.000000,865.000,50.000000,165.000000,8.6908462897e-03,-7.1308764545e-03,-2.7947606446e-03,9.7478643003e-01,9.8731062219e-01,1.2524192157e-02,1.8474547570e-02,1.9657162114e-01,5.5863683127e-03
50.000000,865.000,50.000000,170.000000,8.7409860967e-03,-7.4418732942e-03,-1.8942398957e-03,9.7478643003e-01,9.8731062219e-01,1.2524192157e-02,1.8679859412e-02,3.1016997198e-01,5.6185975594e-03
50.000000,865.000,50.000000,175.000000,8.7722719048e-03,-7.6317560432e-03,-9.5653869532e-04,9.7478643003e-01,9.8731062219e-01,1.2524192157e-02,1.8804851540e-02,4.0835865370e-01,5.6387076892e-03
50.000000,865.000,50.000000,180.000000,8.7829028892e-03,-7.6956025523e-03,-2.6935599566e-18,9.7478643003e-01,9.8731062219e-01,1.2524192157e-02,1.8846818906e-02,4.4766690108e-01,5.6455411542e-03
50.000000,865.000,50.000000,185.000000,8.7722719048e-03,-7.6317560432e-03,9.5653869532e-04,9.7478643003e-01,9.8731062219e-01,1.2524192157e-02,1.8804851540e-02,4.0835865370e-01,5.6387076892e-03
50.000000,865.000,50.000000,190.000000,8.7409860967e-03,-7.4418732942e-03,1.8942398957e-03,9.7478643003e-01,9.8731062219e-01,1.2524192157e-02,1.8679859412e-02,3.1016997198e-01,5.6185975594e-03
50.000000,865.000,50.000000,195.000000,8.6908462897e-03,-7.1308764545e-03,2.7947606446e-03,9.7478643003e-01,9.8731062219e-01,1.2524192157e-02,1.8474547570e-02,1.9657162114e-01,5.5863683127e-03
50.000000,865.000,50.000000,200.000000,8.6247858004e-03,-6.7068099363e-03,3.6407326279e-03,9.7478643003e-01,9.8731062219e-01,1.2524192157e-02,1.8193342259e-02,1.0430077240e-01,5.5439054487e-03
50.000000,865.000,50.000000,205.000000,8.5467705804e-03,-6.1806066825e-03,4.4162138448e-03,9.7478643003e-01,9.8731062219e-01,1.2524192157e-02,1.7842270224e-02,4.6555007784e-02,5.4937582319e-03
50.000000,865.000,50.000000,210.000000,8.4616638055e-03,-5.5657708319e-03,5.1070986991e-03,9.7478643003e-01,9.8731062219e-01,1.2524192157e-02,1.7428794753e-02,1.7587217310e-02,5.4390526515e-03
50.000000,865.000,50.000000,215.000000,8.3750591393e-03,-4.8779863091e-03,5.7014746172e-03,9.7478643003e-01,9.8731062219e-01,1.2524192157e-02,1.6961613291e-02,5.6646955442e-03,5.3833842451e-03
50.000000,865.000,50.000000,220.000000,8.2930878822e-03,-4.1346630899e-03,6.1899149042e-03,9.7478643003e-01,9.8731062219e-01,1.2524192157e-02,1.6450422590e-02,1.5690510809e-03,5.3306941367e-03
50.000000,865.000,50.000000,225.000000,8.2222060386e-03,-3.3544347541e-03,6.5656994663e-03,9.7478643003e-01,9.8731062219e-01,1.2524192157e-02,1.5905658319e-02,3.7741464509e-04,5.2851321659e-03
50.000000,865.000,50.000000,230.000000,8.1689679761e-03,-2.5566223894e-03,6.8249571919e-03,9.7478643003e-01,9.8731062219e-01,1.2524192157e-02,1.5338216765e-02,7.9695884941e-05,5.2509113990e-03
50.000000,865.000,50.000000,235.000000,8.1397937822e-03,-1.7606809088e-03,6.9667261374e-03,9.7478643003e-01,9.8731062219e-01,1.2524192157e-02,1.4759166803e-02,1.4949907245e-05,5.2321585886e-03
50.000000,865.000,50.000000,240.000000,8.1407376438e-03,-9.8564434864e-04,6.9929301237e-03,9.7478643003e-01,9.8731062219e-01,1.2524192157e-02,1.4179460551e-02,2.5233033115e-06,5.2327652912e-03
50.000000,865.000,50.000000,245.000000,8.1772645642e-03,-2.4958672547e-04,6.9082728580e-03,9.7478643003e-01,9.8731062219e-01,1.2524192157e-02,1.3609651145e-02,3.8843548124e-07,5.2562443430e-03
50.000000,865.000,50.000000,250.000000,8.2540425012e-03,4.3088546509e-04,6.7200531559e-03,9.7478643003e-01,9.8731062219e-01,1.2524192157e-02,1.3059625823e-02,5.5319265849e-08,5.3055962496e-03
50.000000,865.000,50.000000,255.000000,8.3747565611e-03,1.0410940047e-03,6.4379071987e-03,9.7478643003e-01,9.8731062219e-01,1.2524192157e-02,1.2538362028e-02,7.3974528250e-09,5.3831897516e-03
50.000000,865.000,50.000000,260.000000,8.5419512285e-03,1.5686892970e-03,6.0734859310e-03,9.7478643003e-01,9.8731062219e-01,1.2524192157e-02,1.2053713496e-02,9.4314314822e-10,5.4906604122e-03
50.000000,865.000,50.000000,265.000000,8.7569057733e-03,2.0039784851e-03,5.6400776258e-03,9.7478643003e-01,9.8731062219e-01,1.2524192157e-02,1.1612232393e-02,1.1645425455e-10,5.6288305303e-03
50.000000,865.000,50.000000,270.000000,9.0195469827e-03,2.3401717284e-03,5.1521872666e-03,9.7478643003e-01,9.8731062219e-01,1.2524192157e-02,1.1219032438e-02,1.4148475992e-11,5.7976530455e-03
50.000000,865.000,50.000000,275.000000,9.3284022351e-03,2.5735395257e-03,4.6250856512e-03,9.7478643003e-01,9.8731062219e-01,1.2524192157e-02,1.0877696695e-02,1.7186450286e-12,5.9961813749e-03
50.000000,865.000,50.000000,280.000000,9.6805947190e-03,2.7034766747e-03,4.0743419992e-03,9.7478643003e-01,9.8731062219e-01,1.2524192157e-02,1.0590232360e-02,2.1209566328e-13,6.2225663397e-03
50.000000,865.000,50.000000,285.000000,1.0071881316e-02,2.7324713023e-03,3.5153542866e-03,9.7478643003e-01,9.8731062219e-01,1.2524192157e-02,1.0357073429e-02,2.7017432933e-14,6.4740805160e-03
50.000000,865.000,50.000000,290.000000,1.0496732376e-02,2.6659802802e-03,2.9628915547e-03,9.7478643003e-01,9.8731062219e-01,1.2524192157e-02,1.0177130685e-02,3.6084518801e-15,6.7471695134e-03
50.000000,865.000,50.000000,295.000000,1.0948451335e-02,2.5122151859e-03,2.4306620219e-03,9.7478643003e-01,9.8731062219e-01,1.2524192157e-02,1.0047886996e-02,5.1310944751e-16,7.0375288633e-03
50.000000,865.000,50.000000,300.000000,1.1419330906e-02,2.2818456789e-03,1.9309199921e-03,9.7478643003e-01,9.8731062219e-01,1.2524192157e-02,9.9655345671e-03,7.8842252744e-17,7.3402044171e-03
50.000000,865.000,50.000000,305.000000,1.1900841461e-02,1.9876296629e-03,1.4741233265e-03,9.7478643003e-01,9.8731062219e-01,1.2524192157e-02,9.9251495051e-03,1.3279035541e-17,7.6497134360e-03
50.000000,865.000,50.000000,310.000000,1.2383846228e-02,1.6439818196e-03,1.0686516590e-03,9.7478643003e-01,9.8731062219e-01,1.2524192157e-02,9.9208979435e-03,2.4850453160e-18,7.9601829157e-03
50.000000,865.000,50.000000,315.000000,1.2858837095e-02,1.2664939578e-03,7.2059364196e-04,9.7478643003e-01,9.8731062219e-01,1.2524192157e-02,9.9462670413e-03,5.2338521502e-19,8.2655011598e-03
50.000000,865.000,50.000000,320.000000,1.3316184181e-02,8.7142206720e-04,4.3360937124e-04,9.7478643003e-01,9.8731062219e-01,1.2524192157e-02,9.9943134222e-03,1.2554538404e-19,8.5594782000e-03
50.000000,865.000,50.000000,325.000000,1.3746391885e-02,4.7515596250e-04,2.0887180635e-04,9.7478643003e-01,9.8731062219e-01,1.2524192157e-02,1.0057921122e-02,3.4675113588e-20,8.8360103816e-03
50.000000,865.000,50.000000,330.000000,1.4140353913e-02,9.3687909093e-05,4.5088567440e-05,9.7478643003e-01,9.8731062219e-01,1.2524192157e-02,1.0130060849e-02,1.1136629684e-20,9.0892442916e-03
50.000000,865.000,50.000000,335.000000,1.4489599788e-02,-2.5790337043e-04,-6.1396991330e-05,9.7478643003e-01,9.8731062219e-01,1.2524192157e-02,1.0204042357e-02,4.1955647253e-21,9.3137352131e-03
50.000000,865.000,50.000000,340.000000,1.4786525590e-02,-5.6593740149e-04,-1.1642897324e-04,9.7478643003e-01,9.8731062219e-01,1.2524192157e-02,1.0273751955e-02,1.8680167136e-21,9.5045954396e-03
50.000000,865.000,50.000000,345.000000,1.5024602101e-02,-8.1857044496e-04,-1.2779226756e-04,9.7478643003e-01,9.8731062219e-01,1.2524192157e-02,1.0333867694e-02,9.8905986292e-22,9.6576280710e-03
50.000000,865.000,50.000000,350.000000,1.5198554223e-02,-1.0061742701e-03,-1.0490403606e-04,9.7478643003e-01,9.8731062219e-01,1.2524192157e-02,1.0380045453e-02,6.2580200650e-22,9.7694423400e-03
50.000000,865.000,50.000000,355.000000,1.5304506354e-02,-1.1216435601e-03,-5.8453279341e-05,9.7478643003e-01,9.8731062219e-01,1.2524192157e-02,1.0409070093e-02,4.7484426406e-22,9.8375470569e-03
50.000000,865.000,55.000000,0.000000,1.7401436411e-02,-1.5978125378e-03,6.2418423538e-20,9.7478643003e-01,9.8731062219e-01,1.2524192157e-02,1.0719356637e-02,3.5960199300e-26,1.1185427716e-02
50.000000,865.000,55.000000,5.000000,1.7357817689e-02,-1.5555898686e-03,-4.6338327949e-05,9.7478643003e-01,9.8731062219e-01,1.2524192157e-02,1.0705065141e-02,4.0160472901e-26,1.1157390142e-02
50.000000,865.000,55.000000,10.000000,1.7227983865e-02,-1.4305065998e-03,-1.0374924463e-04,9.7478643003e-01,9.8731062219e-01,1.2524192157e-02,1.0662973010e-02,5.5893387329e-26,1.1073934568e-02
50.000000,865.000,55.000000,15.000000,1.7014973199e-02,-1.2272664992e-03,-1.8287391922e-04,9.7478643003e-01,9.8731062219e-01,1.2524192157e-02,1.0595400896e-02,9.6695032519e-26,1.0937013952e-02
50.000000,865.000,55.000000,20.000000,1.6723754462e-02,-9.5354256854e-04,-2.9350451311e-04,9.7478643003e-01,9.8731062219e-01,1.2524192157e-02,1.0506129302e-02,2.0706271569e-25,1.0749822156e-02
50.000000,865.000,55.000000,25.000000,1.6361087397e-02,-6.1973250484e-04,-4.4419382863e-04,9.7478643003e-01,9.8731062219e-01,1.2524192157e-02,1.0400270572e-02,5.4565085702e-25,1.0516704260e-02
50.000000,865.000,55.000000,30.000000,1.5935333229e-02,-2.3862693620e-04,-6.4190476182e-04,9.7478643003e-01,9.8731062219e-01,1.2524192157e-02,1.0284095290e-02,1.7563610512e-24,1.0243034756e-02
50.000000,865.000,55.000000,35.000000,1.5456220844e-02,1.7499936777e-04,-8.9171090045e-04,9.7478643003e-01,9.8731062219e-01,1.2524192157e-02,1.0164818502e-02,6.8439226904e-24,9.9350672512e-03
50.000000,865.000,55.000000,40.000000,1.4934575590e-02,6.0486073618e-04,-1.1965580330e-03,9.7478643003e-01,9.8731062219e-01,1.2524192157e-02,1.0050352452e-02,3.1949325605e-23,9.5997601450e-03
50.000000,865.000,55.000000,45.000000,1.4382018760e-02,1.0336837238e-03,-1.5570944569e-03,9.7478643003e-01,9.8731062219e-01,1.2524192157e-02,9.9490335339e-03,1.7658725286e-22,9.2445834611e-03
50.000000,865.000,55.000000,50.000000,1.3810646668e-02,1.4437640145e-03,-1.9715758523e-03,9.7478643003e-01,9.8731062219e-01,1.2524192157e-02,9.8693320183e-03,1.1405581053e-21,8.8773125601e-03
50.000000,865.000,55.000000,55.000000,1.3232698825e-02,1.8175399350e-03,-2.4358481855e-03,9.7478643003e-01,9.8731062219e-01,1.2524192157e-02,9.8195536550e-03,8.4867991111e-21,8.5058148473e-03
50.000000,865.000,55.000000,60.000000,1.2660225020e-02,2.1381648844e-03,-2.9434096956e-03,9.7478643003e-01,9.8731062219e-01,1.2524192157e-02,9.8075425252e-03,7.1644763390e-20,8.1378357784e-03
50.000000,865.000,55.000000,65.000000,1.2104761138e-02,2.3900609883e-03,-3.4855505688e-03,9.7478643003e-01,9.8731062219e-01,1.2524192157e-02,9.8403945155e-03,6.7510960157e-19,7.7807904775e-03
50.000000,865.000,55.000000,70.000000,1.1577023234e-02,2.5594368390e-03,-4.0515664985e-03,9.7478643003e-01,9.8731062219e-01,1.2524192157e-02,9.9241904867e-03,6.9806079829e-18,7.4415670916e-03
50.000000,865.000,55.000000,75.000000,1.1086628821e-02,2.6347532521e-03,-4.6290400289e-03,9.7478643003e-01,9.8731062219e-01,1.2524192157e-02,1.0063757634e-02,7.7807721729e-17,7.1263476394e-03
50.000000,865.000,55.000000,80.000000,1.0641853492e-02,2.6071225316e-03,-5.2041814698e-03,9.7478643003e-01,9.8731062219e-01,1.2524192157e-02,1.0262466700e-02,9.1791819523e-16,6.8404515685e-03
50.000000,865.000,55.000000,85.000000,1.0249429883e-02,2.4706287422e-03,-5.7622192997e-03,9.7478643003e-01,9.8731062219e-01,1.2524192157e-02,1.0522071629e-02,1.1248583648e-14,6.5882065352e-03
50.000000,865.000,55.000000,90.000000,9.9143947245e-03,2.2225588753e-03,-6.2878284128e-03,9.7478643003e-01,9.8731062219e-01,1.2524192157e-02,1.0842596976e-02,1.4048964608e-13,6.3728500864e-03
50.000000,865.000,55.000000,95.000000,9.6399882108e-03,1.8635374937e-03,-6.7655833550e-03,9.7478643003e-01,9.8731062219e-01,1.2524192157e-02,1.1222276938e-02,1.7543759715e-12,6.1964649794e-03
50.000000,865.000,55.000000,100.000000,9.4276083662e-03,1.3975603656e-03,-7.1804228713e-03,9.7478643003e-01,9.8731062219e-01,1.2524192157e-02,1.1657548333e-02,2.1488754905e-11,6.0599498468e-03
50.000000,865.000,55.000000,105.000000,9.2768213811e-03,8.3192566697e-04,-7.5181116816e-03,9.7478643003e-01,9.8731062219e-01,1.2524192157e-02,1.2143098177e-02,2.5330702949e-10,5.9630258410e-03
50.000000,865.000,55.000000,110.000000,9.1854272064e-03,1.7706444126e-04,-7.7656854222e-03,9.7478643003e-01,9.8731062219e-01,1.2524192157e-02,1.2671964902e-02,2.8202419847e-09,5.9042787980e-03
50.000000,865.000,55.000000,115.000000,9.1495780132e-03,-5.5372492957e-04,-7.9118651394e-03,9.7478643003e-01,9.8731062219e-01,1.2524192157e-02,1.3235690582e-02,2.9118088690e-08,5.8812353807e-03
50.000000,865.000,55.000000,120.000000,9.1639455256e-03,-1.3446305652e-03,-7.9474285848e-03,9.7478643003e-01,9.8731062219e-01,1.2524192157e-02,1.3824519989e-02,2.7387328117e-07,5.8904706397e-03
50.000000,865.000,55.000000,125.000000,9.2219317596e-03,-2.1777588701e-03,-7.8655268115e-03,9.7478643003e-01,9.8731062219e-01,1.2524192157e-02,1.4427640892e-02,2.3068478758e-06,5.9277434724e-03
50.000000,865.000,55.000000,130.000000,9.3159163909e-03,-3.0336315097e-03,-7.6619361775e-03,9.7478643003e-01,9.8731062219e-01,1.2524192157e-02,1.5033458702e-02,1.7119949082e-05,5.9881556289e-03
50.000000,865.000,55.000000,135.000000,9.4375328816e-03,-3.8917328360e-03,-7.3352377624e-03,9.7478643003e-01,9.8731062219e-01,1.2524192157e-02,1.5629897543e-02,1.1024293317e-04,6.0663292023e-03
50.000000,865.000,55.000000,140.000000,9.5779646339e-03,-4.7310914652e-03,-6.8869183582e-03,9.7478643003e-01,9.8731062219e-01,1.2524192157e-02,1.6204718980e-02,6.0728163937e-04,6.1565969927e-03
50.000000,865.000,55.000000,145.000000,9.7282518544e-03,-5.5308786570e-03,-6.3213895264e-03,9.7478643003e-01,9.8731062219e-01,1.2524192157e-02,1.6745849104e-02,2.8247219896e-03,6.2531997559e-03
50.000000,865.000,55.000000,150.000000,9.8795995083e-03,-6.2710056073e-03,-5.6459236510e-03,9.7478643003e-01,9.8731062219e-01,1.2524192157e-02,1.7241704349e-02,1.0965755582e-02,6.3504841526e-03
50.000000,865.000,55.000000,155.000000,1.0023676735e-02,-6.9327017782e-03,-4.8705083993e-03,9.7478643003e-01,9.8731062219e-01,1.2524192157e-02,1.7681506484e-02,3.5166242797e-02,6.4430952087e-03
50.000000,865.000,55.000000,160.000000,1.0152898381e-02,-7.4990569360e-03,-4.0076234368e-03,9.7478643003e-01,9.8731062219e-01,1.2524192157e-02,1.8055577463e-02,9.2349210302e-02,6.5261572815e-03
50.000000,865.000,55.000000,165.000000,1.0260679881e-02,-7.9555106442e-03,-3.0719455719e-03,9.7478643003e-01,9.8731062219e-01,1.2524192157e-02,1.8355605447e-02,1.9716359749e-01,6.5954378946e-03
50.000000,865.000,55.000000,170.000000,1.0341657560e-02,-8.2902745217e-03,-2.0799906461e-03,9.7478643003e-01,9.8731062219e-01,1.2524192157e-02,1.8574874110e-02,3.4029828266e-01,6.6474893433e-03
50.000000,865.000,55.000000,175.000000,1.0391867500e-02,-8.4946745915e-03,-1.0497023832e-03,9.7478643003e-01,9.8731062219e-01,1.2524192157e-02,1.8708448444e-02,4.7291252861e-01,6.6797636702e-03
50.000000,865.000,55.000000,180.000000,1.0408877423e-02,-8.5634034371e-03,-2.9553107287e-18,9.7478643003e-01,9.8731062219e-01,1.2524192157e-02,1.8753311564e-02,5.2788349217e-01,6.6906974382e-03
50.000000,865.000,55.000000,185.000000,1.0391867500e-02,-8.4946745915e-03,1.0497023832e-03,9.7478643003e-01,9.8731062219e-01,1.2524192157e-02,1.8708448444e-02,4.7291252861e-01,6.6797636702e-03
50.000000,865.000,55.000000,190.000000,1.0341657560e-02,-8.2902745217e-03,2.0799906461e-03,9.7478643003e-01,9.8731062219e-01,1.2524192157e-02,1.8574874110e-02,3.4029828266e-01,6.6474893433e-03
50.000000,865.000,55.000000,195.000000,1.0260679881e-02,-7.9555106442e-03,3.0719455719e-03,9.7478643003e-01,9.8731062219e-01,1.2524192157e-02,1.8355605447e-02,1.9716359749e-01,6.5954378946e-03
50.000000,865.000,55.000000,200.000000,1.0152898381e-02,-7.4990569360e-03,4.0076234368e-03,9.7478643003e-01,9.8731062219e-01,1.2524192157e-02,1.8055577463e-02,9.2349210302e-02,6.5261572815e-03
50.000000,865.000,55.000000,205.000000,1.0023676735e-02,-6.9327017782e-03,4.8705083993e-03,9.7478643003e-01,9.8731062219e-01,1.2524192157e-02,1.7681506484e-02,3.5166242797e-02,6.4430952087e-03
50.000000,865.000,55.000000,210.000000,9.8795995083e-03,-6.2710056073e-03,5.6459236510e-03,9.7478643003e-01,9.8731062219e-01,1.2524192157e-02,1.7241704349e-02,1.0965755582e-02,6.3504841526e-03
50.000000,865.000,55.000000,215.000000,9.7282518544e-03,-5.5308786570e-03,6.3213895264e-03,9.7478643003e-01,9.8731062219e-01,1.2524192157e-02,1.6745849104e-02,2.8247219896e-03,6.2531997559e-03
50.000000,865.000,55.000000,220.000000,9.5779646339e-03,-4.7310914652e-03,6.8869183582e-03,9.7478643003e-01,9.8731062219e-01,1.2524192157e-02,1.6204718980e-02,6.0728163937e-04,6.1565969927e-03
50.000000,865.000,55.000000,225.000000,9.4375328816e-03,-3.8917328360e-03,7.3352377624e-03,9.7478643003e-01,9.8731062219e-01,1.2524192157e-02,1.5629897543e-02,1.1024293317e-04,6.0663292023e-03
50.000000,865.000,55.000000,230.000000,9.3159163909e-03,-3.0336315097e-03,7.6619361775e-03,9.7478643003e-01,9.8731062219e-01,1.2524192157e-02,1.5033458702e-02,1.7119949082e-05,5.9881556289e-03
50.000000,865.000,55.000000,235.000000,9.2219317596e-03,-2.1777588701e-03,7.8655268115e-03,9.7478643003e-01,9.8731062219e-01,1.2524192157e-02,1.4427640892e-02,2.3068478758e-06,5.9277434724e-03
50.000000,865.000,55.000000,240.000000,9.1639455256e-03,-1.3446305652e-03,7.9474285848e-03,9.7478643003e-01,9.8731062219e-01,1.2524192157e-02,1.3824519989e-02,2.7387328117e-07,5.8904706397e-03
50.000000,865.000,55.000000,245.000000,9.1495780132e-03,-5.5372492957e-04,7.9118651394e-03,9.7478643003e-01,9.8731062219e-01,1.2524192157e-02,1.3235690582e-02,2.9118088690e-08,5.8812353807e-03
50.000000,865.000,55.000000,250.000000,9.1854272064e-03,1.7706444126e-04,7.7656854222e-03,9.7478643003e-01,9.8731062219e-01,1.2524192157e-02,1.2671964902e-02,2.8202419847e-09,5.9042787980e-03
50.000000,865.000,55.000000,255.000000,9.2768213811e-03,8.3192566697e-04,7.5181116816e-03,9.7478643003e-01,9.8731062219e-01,1.2524192157e-02,1.2143098177e-02,2.5330702949e-10,5.9630258410e-03
50.000000,865.000,55.000000,260.000000,9.4276083662e-03,1.3975603656e-03,7.1804228713e-03,9.7478643003e-01,9.8731062219e-01,1.2524192157e-02,1.1657548333e-02,2.1488754905e-11,6.0599498468e-03
50.000000,865.000,55.000000,265.000000,9.6399882108e-03,1.8635374937e-03,6.7655833550e-03,9.7478643003e-01,9.8731062219e-01,1.2524192157e-02,1.1222276938e-02,1.7543759715e-12,6.1964649794e-03
50.000000,865.000,55.000000,270.000000,9.9143947245e-03,2.2225588753e-03,6.2878284128e-03,9.7478643003e-01,9.8731062219e-01,1.2524192157e-02,1.0842596976e-02,1.4048964608e-13,6.3728500864e-03
50.000000,865.000,55.000000,275.000000,1.0249429883e-02,2.4706287422e-03,5.7622192997e-03,9.7478643003e-01,9.8731062219e-01,1.2524192157e-02,1.0522071629e-02,1.1248583648e-14,6.5882065352e-03
50.000000,865.000,55.000000,280.000000,1.0641853492e-02,2.6071225316e-03,5.2041814698e-03,9.7478643003e-01,9.8731062219e-01,1.2524192157e-02,1.0262466700e-02,9.1791819523e-16,6.8404515685e-03
50.000000,865.000,55.000000,285.000000,1.1086628821e-02,2.6347532521e-03,4.6290400289e-03,9.7478643003e-01,9.8731062219e-01,1.2524192157e-02,1.0063757634e-02,7.7807721729e-17,7.1263476394e-03
50.000000,865.000,55.000000,290.000000,1.1577023234e-02,2.5594368390e-03,4.0515664985e-03,9.7478643003e-01,9.8731062219e-01,1.2524192157e-02,9.9241904867e-03,6.9806079829e-18,7.4415670916e-03
50.000000,865.000,55.000000,295.000000,1.2104761138e-02,2.3900609883e-03,3.4855505688e-03,9.7478643003e-01,9.8731062219e-01,1.2524192157e-02,9.8403945155e-03,6.7510960157e-19,7.7807904775e-03
50.000000,865.000,55.000000,300.000000,1.2660225020e-02,2.1381648844e-03,2.9434096956e-03,9.7478643003e-01,9.8731062219e-01,1.2524192157e-02,9.8075425252e-03,7.1644763390e-20,8.1378357784e-03
50.000000,865.000,55.000000,305.000000,1.3232698825e-02,1.8175399350e-03,2.4358481855e-03,9.7478643003e-01,9.8731062219e-01,1.2524192157e-02,9.8195536550e-03,8.4867991111e-21,8.5058148473e-03
50.000000,865.000,55.000000,310.000000,1.3810646668e-02,1.4437640145e-03,1.9715758523e-03,9.7478643003e-01,9.8731062219e-01,1.2524192157e-02,9.8693320183e-03,1.1405581053e-21,8.8773125601e-03
50.000000,865.000,55.000000,315.000000,1.4382018760e-02,1.0336837238e-03,1.5570944569e-03,9.7478643003e-01,9.8731062219e-01,1.2524192157e-02,9.9490335339e-03,1.7658725286e-22,9.2445834611e-03
50.000000,865.000,55.000000,320.000000,1.4934575590e-02,6.0486073618e-04,1.1965580330e-03,9.7478643003e-01,9.8731062219e-01,1.2524192157e-02,1.0050352452e-02,3.1949325605e-23,9.5997601450e-03
50.000000,865.000,55.000000,325.000000,1.5456220844e-02,1.7499936777e-04,8.9171090045e-04,9.7478643003e-01,9.8731062219e-01,1.2524192157e-02,1.0164818502e-02,6.8439226904e-24,9.9350672512e-03
50.000000,865.000,55.000000,330.000000,1.5935333229e-02,-2.3862693620e-04,6.4190476182e-04,9.7478643003e-01,9.8731062219e-01,1.2524192157e-02,1.0284095290e-02,1.7563610512e-24,1.0243034756e-02
50.000000,865.000,55.000000,335.000000,1.6361087397e-02,-6.1973250484e-04,4.4419382863e-04,9.7478643003e-01,9.8731062219e-01,1.2524192157e-02,1.0400270572e-02,5.4565085702e-25,1.0516704260e-02
50.000000,865.000,55.000000,340.000000,1.6723754462e-02,-9.5354256854e-04,2.9350451311e-04,9.7478643003e-01,9.8731062219e-01,1.2524192157e-02,1.0506129302e-02,2.0706271569e-25,1.0749822156e-02
50.000000,865.000,55.000000,345.000000,1.7014973199e-02,-1.2272664992e-03,1.8287391922e-04,9.7478643003e-01,9.8731062219e-01,1.2524192157e-02,1.0595400896e-02,9.6695032519e-26,1.0937013952e-02
50.000000,865.000,55.000000,350.000000,1.7227983865e-02,-1.4305065998e-03,1.0374924463e-04,9.7478643003e-01,9.8731062219e-01,1.2524192157e-02,1.0662973010e-02,5.5893387329e-26,1.1073934568e-02
50.000000,865.000,55.000000,355.000000,1.7357817689e-02,-1.5555898686e-03,4.6338327949e-05,9.7478643003e-01,9.8731062219e-01,1.2524192157e-02,1.0705065141e-02,4.0160472901e-26,1.1157390142e-02
50.000000,865.000,60.000000,0.000000,2.0201006869e-02,-2.3797594838e-03,2.6463991596e-19,9.7478643003e-01,9.8731062219e-01,1.2524192157e-02,1.1175763903e-02,3.4334132414e-31,1.2984956919e-02
50.000000,865.000,60.000000,5.000000,2.0147007733e-02,-2.3317379806e-03,-1.9022154226e-04,9.7478643003e-01,9.8731062219e-01,1.2524192157e-02,1.1156719464e-02,3.9204205194e-31,1.2950246943e-02
50.000000,865.000,60.000000,10.000000,1.9986332979e-02,-2.1894492709e-03,-3.9021847283e-04,9.7478643003e-01,9.8731062219e-01,1.2524192157e-02,1.1100484793e-02,5.8305582694e-31,1.2846967202e-02
50.000000,865.000,60.000000,15.000000,1.9722912804e-02,-1.9581643872e-03,-6.0935077556e-04,9.7478643003e-01,9.8731062219e-01,1.2524192157e-02,1.1009726095e-02,1.1259921168e-30,1.2677643977e-02
50.000000,865.000,60.000000,20.000000,1.9363172773e-02,-1.6464822248e-03,-8.5616114811e-04,9.7478643003e-01,9.8731062219e-01,1.2524192157e-02,1.0888788834e-02,2.8094074834e-30,1.2446407543e-02
50.000000,865.000,60.000000,25.000000,1.8915850596e-02,-1.2660563093e-03,-1.1379997483e-03,9.7478643003e-01,9.8731062219e-01,1.2524192157e-02,1.0743553608e-02,8.9929448052e-30,1.2158874390e-02
50.000000,865.000,60.000000,30.000000,1.8391747322e-02,-8.3122409430e-04,-1.4606878505e-03,9.7478643003e-01,9.8731062219e-01,1.2524192157e-02,1.0581240689e-02,3.6603457022e-29,1.1821987299e-02
50.000000,865.000,60.000000,35.000000,1.7803420398e-02,-3.5855017988e-04,-1.8282314923e-03,9.7478643003e-01,9.8731062219e-01,1.2524192157e-02,1.0410169271e-02,1.8741439852e-28,1.1443818042e-02
50.000000,865.000,60.000000,40.000000,1.7164827737e-02,1.3370250839e-04,-2.2425946450e-03,9.7478643003e-01,9.8731062219e-01,1.2524192157e-02,1.0239478910e-02,1.1920980877e-27,1.1033338591e-02
50.000000,865.000,60.000000,45.000000,1.6490933437e-02,6.2615731809e-04,-2.7035395995e-03,9.7478643003e-01,9.8731062219e-01,1.2524192157e-02,1.0078821832e-02,9.2875224856e-27,1.0600167686e-02
50.000000,865.000,60.000000,50.000000,1.5797286892e-02,1.0989462570e-03,-3.2085401796e-03,9.7478643003e-01,9.8731062219e-01,1.2524192157e-02,9.9380356632e-03,8.7246764381e-26,1.0154300281e-02
50.000000,865.000,60.000000,55.000000,1.5099587820e-02,1.5323510021e-03,-3.7527711328e-03,9.7478643003e-01,9.8731062219e-01,1.2524192157e-02,9.8268067996e-03,9.7146942075e-25,9.7058279618e-03
50.000000,865.000,60.000000,60.000000,1.4413250154e-02,1.9074427693e-03,-4.3291746881e-03,9.7478643003e-01,9.8731062219e-01,1.2524192157e-02,9.7543349284e-03,1.2587883534e-23,9.2646586140e-03
50.000000,865.000,60.000000,65.000000,1.3752977730e-02,2.2067012921e-03,-4.9286028661e-03,9.7478643003e-01,9.8731062219e-01,1.2524192157e-02,9.7290092058e-03,1.8614037972e-22,8.8402436808e-03
50.000000,865.000,60.000000,70.000000,1.3132364322e-02,2.4145937680e-03,-5.5400317677e-03,9.7478643003e-01,9.8731062219e-01,1.2524192157e-02,9.7581062686e-03,3.0774149502e-21,8.4413210722e-03
50.000000,865.000,60.000000,75.000000,1.2563529833e-02,2.5180958272e-03,-6.1508418132e-03,9.7478643003e-01,9.8731062219e-01,1.2524192157e-02,9.8475196142e-03,5.5683084200e-20,8.0756813103e-03
50.000000,865.000,60.000000,80.000000,1.2056803305e-02,2.5071383203e-03,-6.7471558357e-03,9.7478643003e-01,9.8731062219e-01,1.2524192157e-02,1.0001528948e-02,1.0786912692e-18,7.7499637766e-03
50.000000,865.000,60.000000,85.000000,1.1620462012e-02,2.3749659629e-03,-7.3142250986e-03,9.7478643003e-01,9.8731062219e-01,1.2524192157e-02,1.0222616900e-02,2.1874300898e-17,7.4694890005e-03
50.000000,865.000,60.000000,90.000000,1.1260534142e-02,2.1183965370e-03,-7.8368517812e-03,9.7478643003e-01,9.8731062219e-01,1.2524192157e-02,1.0511339082e-02,4.5385141182e-16,7.2381318247e-03
50.000000,865.000,60.000000,95.000000,1.0980670649e-02,1.7379723634e-03,-8.2998352897e-03,9.7478643003e-01,9.8731062219e-01,1.2524192157e-02,1.0866251852e-02,9.4154108097e-15,7.0582390393e-03
50.000000,865.000,60.000000,100.000000,1.0782089777e-02,1.2379990273e-03,-8.6884289510e-03,9.7478643003e-01,9.8731062219e-01,1.2524192157e-02,1.1283900401e-02,1.9085784417e-13,6.9305937149e-03
50.000000,865.000,60.000000,105.000000,1.0663595479e-02,6.2646975694e-04,-8.9887932513e-03,9.7478643003e-01,9.8731062219e-01,1.2524192157e-02,1.1758867947e-02,3.6948073549e-12,6.8544270489e-03
50.000000,865.000,60.000000,110.000000,1.0621668792e-02,-8.5122662849e-05,-9.1884318103e-03,9.7478643003e-01,9.8731062219e-01,1.2524192157e-02,1.2283884966e-02,6.6786547580e-11,6.8274770935e-03
50.000000,865.000,60.000000,115.000000,1.0650628931e-02,-8.8208114804e-04,-9.2765967242e-03,9.7478643003e-01,9.8731062219e-01,1.2524192157e-02,1.2849995568e-02,1.1025972072e-09,6.8460923120e-03
50.000000,865.000,60.000000,120.000000,1.0742858834e-02,-1.7468981806e-03,-9.2446507683e-03,9.7478643003e-01,9.8731062219e-01,1.2524192157e-02,1.3446776363e-02,1.6273285206e-08,6.9053765509e-03
50.000000,865.000,60.000000,125.000000,1.0889087873e-02,-2.6597367164e-03,-9.0863751819e-03,9.7478643003e-01,9.8731062219e-01,1.2524192157e-02,1.4062601599e-02,2.1034046761e-07,6.9993707656e-03
50.000000,865.000,60.000000,130.000000,1.1078722766e-02,-3.5989839113e-03,-8.7982133375e-03,9.7478643003e-01,9.8731062219e-01,1.2524192157e-02,1.4684946871e-02,2.3348154366e-06,7.1212657253e-03
50.000000,865.000,60.000000,135.000000,1.1300216254e-02,-4.5418612148e-03,-8.3794424758e-03,9.7478643003e-01,9.8731062219e-01,1.2524192157e-02,1.5300722588e-02,2.1850709508e-05,7.2636389947e-03
50.000000,865.000,60.000000,140.000000,1.1541461987e-02,-5.4650726475e-03,-7.8322678028e-03,9.7478643003e-01,9.8731062219e-01,1.2524192157e-02,1.5896627396e-02,1.6948943727e-04,7.4187087631e-03
50.000000,865.000,60.000000,145.000000,1.1790203292e-02,-6.3454718991e-03,-7.1618355414e-03,9.7478643003e-01,9.8731062219e-01,1.2524192157e-02,1.6459511171e-02,1.0727797306e-03,7.5785965917e-03
50.000000,865.000,60.000000,150.000000,1.2034443073e-02,-7.1607282877e-03,-6.3761639307e-03,9.7478643003e-01,9.8731062219e-01,1.2524192157e-02,1.6976736859e-02,5.4638681276e-03,7.7355908967e-03
50.000000,865.000,60.000000,155.000000,1.2262842127e-02,-7.8899716281e-03,-5.4859936063e-03,9.7478643003e-01,9.8731062219e-01,1.2524192157e-02,1.7436530459e-02,2.2120487657e-02,7.8824029785e-03
50.000000,865.000,60.000000,160.000000,1.2465093496e-02,-8.5143966737e-03,-4.5045611907e-03,9.7478643003e-01,9.8731062219e-01,1.2524192157e-02,1.7828308772e-02,7.0447479133e-02,8.0124076526e-03
50.000000,865.000,60.000000,165.000000,1.2632261267e-02,-9.0178089903e-03,-3.4473022137e-03,9.7478643003e-01,9.8731062219e-01,1.2524192157e-02,1.8142975184e-02,1.7498306756e-01,8.1198610247e-03
50.000000,865.000,60.000000,170.000000,1.2757073322e-02,-9.3870958701e-03,-2.3314915881e-03,9.7478643003e-01,9.8731062219e-01,1.2524192157e-02,1.8373174698e-02,3.3673989337e-01,8.2000886674e-03
50.000000,865.000,60.000000,175.000000,1.2834158988e-02,-9.6126081392e-03,-1.1758317333e-03,9.7478643003e-01,9.8731062219e-01,1.2524192157e-02,1.8513500625e-02,4.9968662712e-01,8.2496383780e-03
50.000000,865.000,60.000000,180.000000,1.2860224230e-02,-9.6884413835e-03,-3.3096703478e-18,9.7478643003e-01,9.8731062219e-01,1.2524192157e-02,1.8560646773e-02,5.7012400422e-01,8.2663927927e-03
50.000000,865.000,60.000000,185.000000,1.2834158988e-02,-9.6126081392e-03,1.1758317333e-03,9.7478643003e-01,9.8731062219e-01,1.2524192157e-02,1.8513500625e-02,4.9968662712e-01,8.2496383780e-03
50.000000,865.000,60.000000,190.000000,1.2757073322e-02,-9.3870958701e-03,2.3314915881e-03,9.7478643003e-01,9.8731062219e-01,1.2524192157e-02,1.8373174698e-02,3.3673989337e-01,8.2000886674e-03
50.000000,865.000,60.000000,195.000000,1.2632261267e-02,-9.0178089903e-03,3.4473022137e-03,9.7478643003e-01,9.8731062219e-01,1.2524192157e-02,1.8142975184e-02,1.7498306756e-01,8.1198610247e-03
50.000000,865.000,60.000000,200.000000,1.2465093496e-02,-8.5143966737e-03,4.5045611907e-03,9.7478643003e-01,9.8731062219e-01,1.2524192157e-02,1.7828308772e-02,7.0447479133e-02,8.0124076526e-03
50.000000,865.000,60.000000,205.000000,1.2262842127e-02,-7.8899716281e-03,5.4859936063e-03,9.7478643003e-01,9.8731062219e-01,1.2524192157e-02,1.7436530459e-02,2.2120487657e-02,7.8824029785e-03
50.000000,865.000,60.000000,210.000000,1.2034443073e-02,-7.1607282877e-03,6.3761639307e-03,9.7478643003e-01,9.8731062219e-01,1.2524192157e-02,1.6976736859e-02,5.4638681276e-03,7.7355908967e-03
50.000000,865.000,60.000000,215.000000,1.1790203292e-02,-6.3454718991e-03,7.1618355414e-03,9.7478643003e-01,9.8731062219e-01,1.2524192157e-02,1.6459511171e-02,1.0727797306e-03,7.5785965917e-03
50.000000,865.000,60.000000,220.000000,1.1541461987e-02,-5.4650726475e-03,7.8322678028e-03,9.7478643003e-01,9.8731062219e-01,1.2524192157e-02,1.5896627396e-02,1.6948943727e-04,7.4187087631e-03
50.000000,865.000,60.000000,225.000000,1.1300216254e-02,-4.5418612148e-03,8.3794424758e-03,9.7478643003e-01,9.8731062219e-01,1.2524192157e-02,1.5300722588e-02,2.1850709508e-05,7.2636389947e-03
50.000000,865.000,60.000000,230.000000,1.1078722766e-02,-3.5989839113e-03,8.7982133375e-03,9.7478643003e-01,9.8731062219e-01,1.2524192157e-02,1.4684946871e-02,2.3348154366e-06,7.1212657253e-03
50.000000,865.000,60.000000,235.000000,1.0889087873e-02,-2.6597367164e-03,9.0863751819e-03,9.7478643003e-01,9.8731062219e-01,1.2524192157e-02,1.4062601599e-02,2.1034046761e-07,6.9993707656e-03
50.000000,865.000,60.000000,240.000000,1.0742858834e-02,-1.7468981806e-03,9.2446507683e-03,9.7478643003e-01,9.8731062219e-01,1.2524192157e-02,1.3446776363e-02,1.6273285206e-08,6.9053765509e-03
50.000000,865.000,60.000000,245.000000,1.0650628931e-02,-8.8208114804e-04,9.2765967242e-03,9.7478643003e-01,9.8731062219e-01,1.2524192157e-02,1.2849995568e-02,1.1025972072e-09,6.8460923120e-03
50.000000,865.000,60.000000,250.000000,1.0621668792e-02,-8.5122662849e-05,9.1884318103e-03,9.7478643003e-01,9.8731062219e-01,1.2524192157e-02,1.2283884966e-02,6.6786547580e-11,6.8274770935e-03
50.000000,865.000,60.000000,255.000000,1.0663595479e-02,6.2646975694e-04,8.9887932513e-03,9.7478643003e-01,9.8731062219e-01,1.2524192157e-02,1.1758867947e-02,3.6948073549e-12,6.8544270489e-03
50.000000,865.000,60.000000,260.000000,1.0782089777e-02,1.2379990273e-03,8.6884289510e-03,9.7478643003e-01,9.8731062219e-01,1.2524192157e-02,1.1283900401e-02,1.9085784417e-13,6.9305937149e-03
50.000000,865.000,60.000000,265.000000,1.0980670649e-02,1.7379723634e-03,8.2998352897e-03,9.7478643003e-01,9.8731062219e-01,1.2524192157e-02,1.0866251852e-02,9.4154108097e-15,7.0582390393e-03
50.000000,865.000,60.000000,270.000000,1.1260534142e-02,2.1183965370e-03,7.8368517812e-03,9.7478643003e-01,9.8731062219e-01,1.2524192157e-02,1.0511339082e-02,4.5385141182e-16,7.2381318247e-03
50.000000,865.000,60.000000,275.000000,1.1620462012e-02,2.3749659629e-03,7.3142250986e-03,9.7478643003e-01,9.8731062219e-01,1.2524192157e-02,1.0222616900e-02,2.1874300898e-17,7.4694890005e-03
50.000000,865.000,60.000000,280.000000,1.2056803305e-02,2.5071383203e-03,6.7471558357e-03,9.7478643003e-01,9.8731062219e-01,1.2524192157e-02,1.0001528948e-02,1.0786912692e-18,7.7499637766e-03
50.000000,865.000,60.000000,285.000000,1.2563529833e-02,2.5180958272e-03,6.1508418132e-03,9.7478643003e-01,9.8731062219e-01,1.2524192157e-02,9.8475196142e-03,5.5683084200e-20,8.0756813103e-03
50.000000,865.000,60.000000,290.000000,1.3132364322e-02,2.4145937680e-03,5.5400317677e-03,9.7478643003e-01,9.8731062219e-01,1.2524192157e-02,9.7581062686e-03,3.0774149502e-21,8.4413210722e-03
50.000000,865.000,60.000000,295.000000,1.3752977730e-02,2.2067012921e-03,4.9286028661e-03,9.7478643003e-01,9.8731062219e-01,1.2524192157e-02,9.7290092058e-03,1.8614037972e-22,8.8402436808e-03
50.000000,865.000,60.000000,300.000000,1.4413250154e-02,1.9074427693e-03,4.3291746881e-03,9.7478643003e-01,9.8731062219e-01,1.2524192157e-02,9.7543349284e-03,1.2587883534e-23,9.2646586140e-03
50.000000,865.000,60.000000,305.000000,1.5099587820e-02,1.5323510021e-03,3.7527711328e-03,9.7478643003e-01,9.8731062219e-01,1.2524192157e-02,9.8268067996e-03,9.7146942075e-25,9.7058279618e-03
50.000000,865.000,60.000000,310.000000,1.5797286892e-02,1.0989462570e-03,3.2085401796e-03,9.7478643003e-01,9.8731062219e-01,1.2524192157e-02,9.9380356632e-03,8.7246764381e-26,1.0154300281e-02
50.000000,865.000,60.000000,315.000000,1.6490933437e-02,6.2615731809e-04,2.7035395995e-03,9.7478643003e-01,9.8731062219e-01,1.2524192157e-02,1.0078821832e-02,9.2875224856e-27,1.0600167686e-02
50.000000,865.000,60.000000,320.000000,1.7164827737e-02,1.3370250839e-04,2.2425946450e-03,9.7478643003e-01,9.8731062219e-01,1.2524192157e-02,1.0239478910e-02,1.1920980877e-27,1.1033338591e-02
50.000000,865.000,60.000000,325.000000,1.7803420398e-02,-3.5855017988e-04,1.8282314923e-03,9.7478643003e-01,9.8731062219e-01,1.2524192157e-02,1.0410169271e-02,1.8741439852e-28,1.1443818042e-02
50.000000,865.000,60.000000,330.000000,1.8391747322e-02,-8.3122409430e-04,1.4606878505e-03,9.7478643003e-01,9.8731062219e-01,1.2524192157e-02,1.0581240689e-02,3.6603457022e-29,1.1821987299e-02
50.000000,865.000,60.000000,335.000000,1.8915850596e-02,-1.2660563093e-03,1.1379997483e-03,9.7478643003e-01,9.8731062219e-01,1.2524192157e-02,1.0743553608e-02,8.9929448052e-30,1.2158874390e-02
50.000000,865.000,60.000000,340.000000,1.9363172773e-02,-1.6464822248e-03,8.5616114811e-04,9.7478643003e-01,9.8731062219e-01,1.2524192157e-02,1.0888788834e-02,2.8094074834e-30,1.2446407543e-02
50.000000,865.000,60.000000,345.000000,1.9722912804e-02,-1.9581643872e-03,6.0935077556e-04,9.7478643003e-01,9.8731062219e-01,1.2524192157e-02,1.1009726095e-02,1.1259921168e-30,1.2677643977e-02
50.000000,865.000,60.000000,350.000000,1.9986332979e-02,-2.1894492709e-03,3.9021847283e-04,9.7478643003e-01,9.8731062219e-01,1.2524192157e-02,1.1100484793e-02,5.8305582694e-31,1.2846967202e-02
50.000000,865.000,60.000000,355.000000,2.0147007733e-02,-2.3317379806e-03,1.9022154226e-04,9.7478643003e-01,9.8731062219e-01,1.2524192157e-02,1.1156719464e-02,3.9204205194e-31,1.2950246943e-02
50.000000,865.000,65.000000,0.000000,2.4167838313e-02,-3.6446768411e-03,5.5467133657e-19,9.7478643003e-01,9.8731062219e-01,1.2524192157e-02,1.1681155906e-02,1.8903665577e-37,1.5534787020e-02
50.000000,865.000,65.000000,5.000000,2.4099897050e-02,-3.5869456369e-03,-3.9658144771e-04,9.7478643003e-01,9.8731062219e-01,1.2524192157e-02,1.1657420674e-02,2.2185837748e-37,1.5491115219e-02
50.000000,865.000,65.000000,10.000000,2.3897809305e-02,-3.4158328830e-03,-8.0107059077e-04,9.7478643003e-01,9.8731062219e-01,1.2524192157e-02,1.1587218434e-02,3.5820525492e-37,1.5361215720e-02
50.000000,865.000,65.000000,15.000000,2.3566732952e-02,-3.1375154424e-03,-1.2209829636e-03,9.7478643003e-01,9.8731062219e-01,1.2524192157e-02,1.1473526919e-02,7.9271803223e-37,1.5148403942e-02
50.000000,865.000,65.000000,20.000000,2.3115098461e-02,-2.7620710617e-03,-1.6630628506e-03,9.7478643003e-01,9.8731062219e-01,1.2524192157e-02,1.1321201236e-02,2.3899615514e-36,1.4858098887e-02
50.000000,865.000,65.000000,25.000000,2.2554365134e-02,-2.3031598243e-03,-2.1329299338e-03,9.7478643003e-01,9.8731062219e-01,1.2524192157e-02,1.1136815681e-02,9.7336266358e-36,1.4497666453e-02
50.000000,865.000,65.000000,30.000000,2.1898690150e-02,-1.7775919547e-03,-2.6347635440e-03,9.7478643003e-01,9.8731062219e-01,1.2524192157e-02,1.0928449174e-02,5.2978177205e-35,1.4076206697e-02
50.000000,865.000,65.000000,35.000000,2.1164520326e-02,-1.2047952321e-03,-3.1710352128e-03,9.7478643003e-01,9.8731062219e-01,1.2524192157e-02,1.0705420940e-02,3.8038456114e-34,1.3604291430e-02
50.000000,865.000,65.000000,40.000000,2.0370118839e-02,-6.0619836532e-04,-3.7422987204e-03,9.7478643003e-01,9.8731062219e-01,1.2524192157e-02,1.0477984608e-02,3.5489524063e-33,1.3093659998e-02
50.000000,865.000,65.000000,45.000000,1.9535041092e-02,-4.5492624439e-06,-4.3470450443e-03,9.7478643003e-01,9.8731062219e-01,1.2524192157e-02,1.0256990192e-02,4.2297216013e-32,1.2556882369e-02
50.000000,865.000,65.000000,50.000000,1.8679575398e-02,5.7681085581e-04,-4.9816275941e-03,9.7478643003e-01,9.8731062219e-01,1.2524192157e-02,1.0053524443e-02,6.3187976819e-31,1.2006999620e-02
50.000000,865.000,65.000000,55.000000,1.7824165237e-02,1.1146951801e-03,-5.6402609193e-03,9.7478643003e-01,9.8731062219e-01,1.2524192157e-02,9.8785407098e-03,1.1590542450e-29,1.1457152567e-02
50.000000,865.000,65.000000,60.000000,1.6988830322e-02,1.5868178615e-03,-6.3150937845e-03,9.7478643003e-01,9.8731062219e-01,1.2524192157e-02,9.7424898108e-03,2.5531985453e-28,1.0920209634e-02
50.000000,865.000,65.000000,65.000000,1.6192603760e-02,1.9725163815e-03,-6.9963551731e-03,9.7478643003e-01,9.8731062219e-01,1.2524192157e-02,9.6549634236e-03,6.5969956314e-27,1.0408405066e-02
50.000000,865.000,65.000000,70.000000,1.5453002050e-02,2.2534274509e-03,-7.6725694860e-03,9.7478643003e-01,9.8731062219e-01,1.2524192157e-02,9.6243611070e-03,1.9504784994e-25,9.9329982500e-03
50.000000,865.000,65.000000,75.000000,1.4785543666e-02,2.4140955342e-03,-8.3308350209e-03,9.7478643003e-01,9.8731062219e-01,1.2524192157e-02,9.6575913988e-03,6.4311286515e-24,9.5039642708e-03
50.000000,865.000,65.000000,80.000000,1.4203330461e-02,2.4424951250e-03,-8.9571578028e-03,9.7478643003e-01,9.8731062219e-01,1.2524192157e-02,9.7598164025e-03,2.3027716179e-22,9.1297248369e-03
50.000000,865.000,65.000000,85.000000,1.3716704208e-02,2.3304505028e-03,-9.5368310660e-03,9.7478643003e-01,9.8731062219e-01,1.2524192157e-02,9.9342479679e-03,8.7143006381e-21,8.8169275105e-03
50.000000,865.000,65.000000,90.000000,1.3332988291e-02,2.0739398030e-03,-1.0054849206e-02,9.7478643003e-01,9.8731062219e-01,1.2524192157e-02,1.0182002018e-02,3.3904059401e-19,8.5702796737e-03
50.000000,865.000,65.000000,95.000000,1.3056321990e-02,1.6732737375e-03,-1.0496343872e-02,9.7478643003e-01,9.8731062219e-01,1.2524192157e-02,1.0502015812e-02,1.3189623211e-17,8.3924420029e-03
50.000000,865.000,65.000000,100.000000,1.2887591932e-02,1.1331431065e-03,-1.0847029104e-02,9.7478643003e-01,9.8731062219e-01,1.2524192157e-02,1.0891031034e-02,4.9898630079e-16,8.2839844127e-03
50.000000,865.000,65.000000,105.000000,1.2824462390e-02,4.6253322182e-04,-1.1093642034e-02,9.7478643003e-01,9.8731062219e-01,1.2524192157e-02,1.1343643592e-02,1.7857068935e-14,8.2434055254e-03
50.000000,865.000,65.000000,110.000000,1.2861503041e-02,-3.2549258770e-04,-1.1224365718e-02,9.7478643003e-01,9.8731062219e-01,1.2524192157e-02,1.1852418987e-02,5.8823289711e-13,8.2672147966e-03
50.000000,865.000,65.000000,115.000000,1.2990409890e-02,-1.2141342446e-03,-1.1229221092e-02,9.7478643003e-01,9.8731062219e-01,1.2524192157e-02,1.2408070124e-02,1.7366374464e-11,8.3500745220e-03
50.000000,865.000,65.000000,120.000000,1.3200312220e-02,-2.1833110167e-03,-1.1100415903e-02,9.7478643003e-01,9.8731062219e-01,1.2524192157e-02,1.2999692527e-02,4.4774866478e-10,8.4849971388e-03
50.000000,865.000,65.000000,125.000000,1.3478155812e-02,-3.2102189930e-03,-1.0832639645e-02,9.7478643003e-01,9.8731062219e-01,1.2524192157e-02,1.3615050163e-02,9.8333935704e-09,8.6635915573e-03
50.000000,865.000,65.000000,130.000000,1.3809150407e-02,-4.2699734039e-03,-1.0423295127e-02,9.7478643003e-01,9.8731062219e-01,1.2524192157e-02,1.4240903540e-02,1.7964840679e-07,8.8763507818e-03
50.000000,865.000,65.000000,135.000000,1.4177267410e-02,-5.3363166539e-03,-9.8726590703e-03,9.7478643003e-01,9.8731062219e-01,1.2524192157e-02,1.4863370448e-02,2.6700698901e-06,9.1129718302e-03
50.000000,865.000,65.000000,140.000000,1.4565772359e-02,-6.3823709193e-03,-9.1839662533e-03,9.7478643003e-01,9.8731062219e-01,1.2524192157e-02,1.5468308689e-02,3.1625799608e-05,9.3626979979e-03
50.000000,865.000,65.000000,145.000000,1.4957775629e-02,-7.3814127878e-03,-8.3634139383e-03,9.7478643003e-01,9.8731062219e-01,1.2524192157e-02,1.6041709467e-02,2.9296482880e-04,9.6146728425e-03
50.000000,865.000,65.000000,150.000000,1.5336784311e-02,-8.3076467228e-03,-7.4200856619e-03,9.7478643003e-01,9.8731062219e-01,1.2524192157e-02,1.6570089769e-02,2.0871211816e-03,9.8582949275e-03
50.000000,865.000,65.000000,155.000000,1.5687238219e-02,-9.1369541452e-03,-6.3657958531e-03,9.7478643003e-01,9.8731062219e-01,1.2524192157e-02,1.7040872052e-02,1.1268520511e-02,1.0083562357e-02
50.000000,865.000,65.000000,160.000000,1.5995013451e-02,-9.8475956342e-03,-5.2148590824e-03,9.7478643003e-01,9.8731062219e-01,1.2524192157e-02,1.7442739950e-02,4.5537443917e-02,1.0281396463e-02
50.000000,865.000,65.000000,165.000000,1.6247877995e-02,-1.0420845146e-02,-3.9837899766e-03,9.7478643003e-01,9.8731062219e-01,1.2524192157e-02,1.7765959370e-02,1.3634457652e-01,1.0443934659e-02
50.000000,865.000,65.000000,170.000000,1.6435885305e-02,-1.0841537181e-02,-2.6909418919e-03,9.7478643003e-01,9.8731062219e-01,1.2524192157e-02,1.8002655410e-02,3.0009270785e-01,1.0564783428e-02
50.000000,865.000,65.000000,175.000000,1.6551693755e-02,-1.1098510436e-02,-1.3560942538e-03,9.7478643003e-01,9.8731062219e-01,1.2524192157e-02,1.8147036827e-02,4.8282805363e-01,1.0639223665e-02
50.000000,865.000,65.000000,180.000000,1.6590802108e-02,-1.1184934598e-02,-3.8161128852e-18,9.7478643003e-01,9.8731062219e-01,1.2524192157e-02,1.8195561339e-02,5.6597708414e-01,1.0664362030e-02
50.000000,865.000,65.000000,185.000000,1.6551693755e-02,-1.1098510436e-02,1.3560942538e-03,9.7478643003e-01,9.8731062219e-01,1.2524192157e-02,1.8147036827e-02,4.8282805363e-01,1.0639223665e-02
50.000000,865.000,65.000000,190.000000,1.6435885305e-02,-1.0841537181e-02,2.6909418919e-03,9.7478643003e-01,9.8731062219e-01,1.2524192157e-02,1.8002655410e-02,3.0009270785e-01,1.0564783428e-02
50.000000,865.000,65.000000,195.000000,1.6247877995e-02,-1.0420845146e-02,3.9837899766e-03,9.7478643003e-01,9.8731062219e-01,1.2524192157e-02,1.7765959370e-02,1.3634457652e-01,1.0443934659e-02
50.000000,865.000,65.000000,200.000000,1.5995013451e-02,-9.8475956342e-03,5.2148590824e-03,9.7478643003e-01,9.8731062219e-01,1.2524192157e-02,1.7442739950e-02,4.5537443917e-02,1.0281396463e-02
50.000000,865.000,65.000000,205.000000,1.5687238219e-02,-9.1369541452e-03,6.3657958531e-03,9.7478643003e-01,9.8731062219e-01,1.2524192157e-02,1.7040872052e-02,1.1268520511e-02,1.0083562357e-02
50.000000,865.000,65.000000,210.000000,1.5336784311e-02,-8.3076467228e-03,7.4200856619e-03,9.7478643003e-01,9.8731062219e-01,1.2524192157e-02,1.6570089769e-02,2.0871211816e-03,9.8582949275e-03
50.000000,865.000,65.000000,215.000000,1.4957775629e-02,-7.3814127878e-03,8.3634139383e-03,9.7478643003e-01,9.8731062219e-01,1.2524192157e-02,1.6041709467e-02,2.9296482880e-04,9.6146728425e-03
50.000000,865.000,65.000000,220.000000,1.4565772359e-02,-6.3823709193e-03,9.1839662533e-03,9.7478643003e-01,9.8731062219e-01,1.2524192157e-02,1.5468308689e-02,3.1625799608e-05,9.3626979979e-03
50.000000,865.000,65.000000,225.000000,1.4177267410e-02,-5.3363166539e-03,9.8726590703e-03,9.7478643003e-01,9.8731062219e-01,1.2524192157e-02,1.4863370448e-02,2.6700698901e-06,9.1129718302e-03
50.000000,865.000,65.000000,230.000000,1.3809150407e-02,-4.2699734039e-03,1.0423295127e-02,9.7478643003e-01,9.8731062219e-01,1.2524192157e-02,1.4240903540e-02,1.7964840679e-07,8.8763507818e-03
50.000000,865.000,65.000000,235.000000,1.3478155812e-02,-3.2102189930e-03,1.0832639645e-02,9.7478643003e-01,9.8731062219e-01,1.2524192157e-02,1.3615050163e-02,9.8333935704e-09,8.6635915573e-03
50.000000,865.000,65.000000,240.000000,1.3200312220e-02,-2.1833110167e-03,1.1100415903e-02,9.7478643003e-01,9.8731062219e-01,1.2524192157e-02,1.2999692527e-02,4.4774866478e-10,8.4849971388e-03
50.000000,865.000,65.000000,245.000000,1.2990409890e-02,-1.2141342446e-03,1.1229221092e-02,9.7478643003e-01,9.8731062219e-01,1.2524192157e-02,1.2408070124e-02,1.7366374464e-11,8.3500745220e-03
50.000000,865.000,65.000000,250.000000,1.2861503041e-02,-3.2549258770e-04,1.1224365718e-02,9.7478643003e-01,9.8731062219e-01,1.2524192157e-02,1.1852418987e-02,5.8823289711e-13,8.2672147966e-03
50.000000,865.000,65.000000,255.000000,1.2824462390e-02,4.6253322182e-04,1.1093642034e-02,9.7478643003e-01,9.8731062219e-01,1.2524192157e-02,1.1343643592e-02,1.7857068935e-14,8.2434055254e-03
50.000000,865.000,65.000000,260.000000,1.2887591932e-02,1.1331431065e-03,1.0847029104e-02,9.7478643003e-01,9.8731062219e-01,1.2524192157e-02,1.0891031034e-02,4.9898630079e-16,8.2839844127e-03
50.000000,865.000,65.000000,265.000000,1.3056321990e-02,1.6732737375e-03,1.0496343872e-02,9.7478643003e-01,9.8731062219e-01,1.2524192157e-02,1.0502015812e-02,1.3189623211e-17,8.3924420029e-03
50.000000,865.000,65.000000,270.000000,1.3332988291e-02,2.0739398030e-03,1.0054849206e-02,9.7478643003e-01,9.8731062219e-01,1.2524192157e-02,1.0182002018e-02,3.3904059401e-19,8.5702796737e-03
50.000000,865.000,65.000000,275.000000,1.3716704208e-02,2.3304505028e-03,9.5368310660e-03,9.7478643003e-01,9.8731062219e-01,1.2524192157e-02,9.9342479679e-03,8.7143006381e-21,8.8169275105e-03
50.000000,865.000,65.000000,280.000000,1.4203330461e-02,2.4424951250e-03,8.9571578028e-03,9.7478643003e-01,9.8731062219e-01,1.2524192157e-02,9.7598164025e-03,2.3027716179e-22,9.1297248369e-03
50.000000,865.000,65.000000,285.000000,1.4785543666e-02,2.4140955342e-03,8.3308350209e-03,9.7478643003e-01,9.8731062219e-01,1.2524192157e-02,9.6575913988e-03,6.4311286515e-24,9.5039642708e-03
50.000000,865.000,65.000000,290.000000,1.5453002050e-02,2.2534274509e-03,7.6725694860e-03,9.7478643003e-01,9.8731062219e-01,1.2524192157e-02,9.6243611070e-03,1.9504784994e-25,9.9329982500e-03
50.000000,865.000,65.000000,295.000000,1.6192603760e-02,1.9725163815e-03,6.9963551731e-03,9.7478643003e-01,9.8731062219e-01,1.2524192157e-02,9.6549634236e-03,6.5969956314e-27,1.0408405066e-02
50.000000,865.000,65.000000,300.000000,1.6988830322e-02,1.5868178615e-03,6.3150937845e-03,9.7478643003e-01,9.8731062219e-01,1.2524192157e-02,9.7424898108e-03,2.5531985453e-28,1.0920209634e-02
50.000000,865.000,65.000000,305.000000,1.7824165237e-02,1.1146951801e-03,5.6402609193e-03,9.7478643003e-01,9.8731062219e-01,1.2524192157e-02,9.8785407098e-03,1.1590542450e-29,1.1457152567e-02
50.000000,865.000,65.000000,310.000000,1.8679575398e-02,5.7681085581e-04,4.9816275941e-03,9.7478643003e-01,9.8731062219e-01,1.2524192157e-02,1.0053524443e-02,6.3187976819e-31,1.2006999620e-02
50.000000,865.000,65.000000,315.000000,1.9535041092e-02,-4.5492624439e-06,4.3470450443e-03,9.7478643003e-01,9.8731062219e-01,1.2524192157e-02,1.0256990192e-02,4.2297216013e-32,1.2556882369e-02
50.000000,865.000,65.000000,320.000000,2.0370118839e-02,-6.0619836532e-04,3.7422987204e-03,9.7478643003e-01,9.8731062219e-01,1.2524192157e-02,1.0477984608e-02,3.5489524063e-33,1.3093659998e-02
50.000000,865.000,65.000000,325.000000,2.1164520326e-02,-1.2047952321e-03,3.1710352128e-03,9.7478643003e-01,9.8731062219e-01,1.2524192157e-02,1.0705420940e-02,3.8038456114e-34,1.3604291430e-02
50.000000,865.000,65.000000,330.000000,2.1898690150e-02,-1.7775919547e-03,2.6347635440e-03,9.7478643003e-01,9.8731062219e-01,1.2524192157e-02,1.0928449174e-02,5.2978177205e-35,1.4076206697e-02
50.000000,865.000,65.000000,335.000000,2.2554365134e-02,-2.3031598243e-03,2.1329299338e-03,9.7478643003e-01,9.8731062219e-01,1.2524192157e-02,1.1136815681e-02,9.7336266358e-36,1.4497666453e-02
50.000000,865.000,65.000000,340.000000,2.3115098461e-02,-2.7620710617e-03,1.6630628506e-03,9.7478643003e-01,9.8731062219e-01,1.2524192157e-02,1.1321201236e-02,2.3899615514e-36,1.4858098887e-02
50.000000,865.000,65.000000,345.000000,2.3566732952e-02,-3.1375154424e-03,1.2209829636e-03,9.7478643003e-01,9.8731062219e-01,1.2524192157e-02,1.1473526919e-02,7.9271803223e-37,1.5148403942e-02
50.000000,865.000,65.000000,350.000000,2.3897809305e-02,-3.4158328830e-03,8.0107059077e-04,9.7478643003e-01,9.8731062219e-01,1.2524192157e-02,1.1587218434e-02,3.5820525492e-37,1.5361215720e-02
50.000000,865.000,65.000000,355.000000,2.4099897050e-02,-3.5869456369e-03,3.9658144771e-04,9.7478643003e-01,9.8731062219e-01,1.2524192157e-02,1.1657420674e-02,2.2185837748e-37,1.5491115219e-02
50.000000,865.000,70.000000,0.000000,3.0025874720e-02,-5.5854688085e-03,9.8743988497e-19,9.7478643003e-01,9.8731062219e-01,1.2524192157e-02,1.2252598904e-02,2.2335869427e-45,1.9300260240e-02
50.000000,865.000,70.000000,5.000000,2.9938433206e-02,-5.5119531914e-03,-7.0450423751e-04,9.7478643003e-01,9.8731062219e-01,1.2524192157e-02,1.2224281695e-02,2.7137764260e-45,1.9244053918e-02
50.000000,865.000,70.000000,10.000000,2.9678433544e-02,-5.2939703486e-03,-1.4141540930e-03,9.7478643003e-01,9.8731062219e-01,1.2524192157e-02,1.2140426316e-02,4.8600380297e-45,1.9076929357e-02
50.000000,865.000,70.000000,15.000000,2.9252782268e-02,-4.9391318853e-03,-2.1337367636e-03,9.7478643003e-01,9.8731062219e-01,1.2524192157e-02,1.2004286416e-02,1.2772055363e-44,1.8803325991e-02
50.000000,865.000,70.000000,20.000000,2.8672765268e-02,-4.4598582075e-03,-2.8673350330e-03,9.7478643003e-01,9.8731062219e-01,1.2524192157e-02,1.1821168806e-02,4.8890344927e-44,1.8430498250e-02
50.000000,865.000,70.000000,25.000000,2.7953717416e-02,-3.8729886616e-03,-3.6180057463e-03,9.7478643003e-01,9.8731062219e-01,1.2524192157e-02,1.1598263312e-02,2.6981266554e-43,1.7968303200e-02
50.000000,865.000,70.000000,30.000000,2.7114574041e-02,-3.1992525511e-03,-4.3874940243e-03,9.7478643003e-01,9.8731062219e-01,1.2524192157e-02,1.1344411939e-02,2.1188478368e-42,1.7428912235e-02
50.000000,865.000,70.000000,35.000000,2.6177317751e-02,-2.4626172350e-03,-5.1759933694e-03,9.7478643003e-01,9.8731062219e-01,1.2524192157e-02,1.1069824469e-02,2.3307051881e-41,1.6826455505e-02
50.000000,865.000,70.000000,40.000000,2.5166337254e-02,-1.6895332835e-03,-5.9819603734e-03,9.7478643003e-01,9.8731062219e-01,1.2524192157e-02,1.0785749234e-02,3.5258349631e-40,1.6176609768e-02
50.000000,865.000,70.000000,45.000000,2.4107717439e-02,-9.0809982838e-04,-6.8019910233e-03,9.7478643003e-01,9.8731062219e-01,1.2524192157e-02,1.0504109235e-02,7.1847011456e-39,1.5496142068e-02
50.000000,865.000,70.000000,50.000000,2.3028482063e-02,-1.4717570542e-04,-7.6307636623e-03,9.7478643003e-01,9.8731062219e-01,1.2524192157e-02,1.0237114819e-02,1.9272227515e-37,1.4802422940e-02
50.000000,865.000,70.000000,55.000000,2.1955811778e-02,5.6453633812e-04,-8.4610515587e-03,9.7478643003e-01,9.8731062219e-01,1.2524192157e-02,9.9968648696e-03,6.6364227170e-36,1.4112923772e-02
50.000000,865.000,70.000000,60.000000,2.0916260971e-02,1.1994042476e-03,-9.2838058376e-03,9.7478643003e-01,9.8731062219e-01,1.2524192157e-02,9.7949488516e-03,2.8556230390e-34,1.3444713393e-02
50.000000,865.000,70.000000,65.000000,1.9934996872e-02,1.7317519645e-03,-1.0088307294e-02,9.7478643003e-01,9.8731062219e-01,1.2524192157e-02,9.6420620245e-03,1.4920812400e-32,1.2813968989e-02
50.000000,865.000,70.000000,70.000000,1.9035083716e-02,2.1386881806e-03,-1.0862383414e-02,9.7478643003e-01,9.8731062219e-01,1.2524192157e-02,9.5476457670e-03,9.1862573219e-31,1.2235515962e-02
50.000000,865.000,70.000000,75.000000,1.8236833323e-02,2.4008529937e-03,-1.1592684832e-02,9.7478643003e-01,9.8731062219e-01,1.2524192157e-02,9.5195642046e-03,6.4585900547e-29,1.1722410500e-02
50.000000,865.000,70.000000,80.000000,1.7557241454e-02,2.5030593870e-03,-1.2265013542e-02,9.7478643003e-01,9.8731062219e-01,1.2524192157e-02,9.5638272452e-03,5.0206286954e-27,1.1285577267e-02
50.000000,865.000,70.000000,85.000000,1.7009526641e-02,2.4348096372e-03,-1.2864693475e-02,9.7478643003e-01,9.8731062219e-01,1.2524192157e-02,9.6843687254e-03,4.1748457587e-25,1.0933512971e-02
50.000000,865.000,70.000000,90.000000,1.6602785102e-02,2.1906705419e-03,-1.3376972644e-02,9.7478643003e-01,9.8731062219e-01,1.2524192157e-02,9.8828867087e-03,3.5908794409e-23,1.0672064550e-02
50.000000,865.000,70.000000,95.000000,1.6341771787e-02,1.7704956367e-03,-1.3787444973e-02,9.7478643003e-01,9.8731062219e-01,1.2524192157e-02,1.0158751092e-02,3.0884035251e-21,1.0504288425e-02
50.000000,865.000,70.000000,100.000000,1.6226813763e-02,1.1794872167e-03,-1.4082479201e-02,9.7478643003e-01,9.8731062219e-01,1.2524192157e-02,1.0508981643e-02,2.5675385946e-19,1.0430394831e-02
50.000000,865.000,70.000000,105.000000,1.6253858154e-02,4.2809583692e-04,-1.4249641876e-02,9.7478643003e-01,9.8731062219e-01,1.2524192157e-02,1.0928297437e-02,1.9948627179e-17,1.0447778631e-02
50.000000,865.000,70.000000,110.000000,1.6414652706e-02,-4.6824008950e-04,-1.4278101549e-02,9.7478643003e-01,9.8731062219e-01,1.2524192157e-02,1.1409236524e-02,1.4011289572e-15,1.0551135377e-02
50.000000,865.000,70.000000,115.000000,1.6697053085e-02,-1.4895071206e-03,-1.4159001654e-02,9.7478643003e-01,9.8731062219e-01,1.2524192157e-02,1.1942342477e-02,8.6113217203e-14,1.0732658841e-02
50.000000,865.000,70.000000,120.000000,1.7085447114e-02,-2.6116699258e-03,-1.3885790433e-02,9.7478643003e-01,9.8731062219e-01,1.2524192157e-02,1.2516412475e-02,4.4870385030e-12,1.0982313711e-02
50.000000,865.000,70.000000,125.000000,1.7561282656e-02,-3.8073483480e-03,-1.3454497416e-02,9.7478643003e-01,9.8731062219e-01,1.2524192157e-02,1.3118799684e-02,1.9228698420e-10,1.1288174902e-02
50.000000,865.000,70.000000,130.000000,1.8103682697e-02,-5.0465982220e-03,-1.2863947456e-02,9.7478643003e-01,9.8731062219e-01,1.2524192157e-02,1.3735761014e-02,6.5840107728e-09,1.1636822927e-02
50.000000,865.000,70.000000,135.000000,1.8690128526e-02,-6.2977726117e-03,-1.2115905113e-02,9.7478643003e-01,9.8731062219e-01,1.2524192157e-02,1.4352840001e-02,1.7530695309e-07,1.2013783040e-02
50.000000,865.000,70.000000,140.000000,1.9297189917e-02,-7.5284376692e-03,-1.1215144167e-02,9.7478643003e-01,9.8731062219e-01,1.2524192157e-02,1.4955273406e-02,3.5397665415e-06,1.2403994580e-02
50.000000,865.000,70.000000,145.000000,1.9901279745e-02,-8.7063156352e-03,-1.0169439227e-02,9.7478643003e-01,9.8731062219e-01,1.2524192157e-02,1.5528409451e-02,5.2978930026e-05,1.2792296037e-02
50.000000,865.000,70.000000,150.000000,2.0479409804e-02,-9.8002266509e-03,-8.9894786193e-03,9.7478643003e-01,9.8731062219e-01,1.2524192157e-02,1.6058125207e-02,5.7590372479e-04,1.3163910876e-02
50.000000,865.000,70.000000,155.000000,2.1009924556e-02,-1.0781001062e-02,-7.6887001057e-03,9.7478643003e-01,9.8731062219e-01,1.2524192157e-02,1.6531230660e-02,4.4671474089e-03,1.3504919185e-02
50.000000,865.000,70.000000,160.000000,2.1473190240e-02,-1.1622334764e-02,-6.2830531686e-03,9.7478643003e-01,9.8731062219e-01,1.2524192157e-02,1.6935847376e-02,2.4358896752e-02,1.3802700627e-02
50.000000,865.000,70.000000,165.000000,2.1852218186e-02,-1.2301561825e-02,-4.7906938083e-03,9.7478643003e-01,9.8731062219e-01,1.2524192157e-02,1.7261750415e-02,9.2249371704e-02,1.4046335094e-02
50.000000,865.000,70.000000,170.000000,2.2133203169e-02,-1.2800321135e-02,-3.2316197515e-03,9.7478643003e-01,9.8731062219e-01,1.2524192157e-02,1.7500663269e-02,2.4037721886e-01,1.4226948760e-02
50.000000,865.000,70.000000,175.000000,2.2305960297e-02,-1.3105096963e-02,-1.6272557354e-03,9.7478643003e-01,9.8731062219e-01,1.2524192157e-02,1.7646496961e-02,4.2813875630e-01,1.4337994901e-02
50.000000,865.000,70.000000,180.000000,2.2364247005e-02,-1.3207617155e-02,-4.5779469222e-18,9.7478643003e-01,9.8731062219e-01,1.2524192157e-02,1.7695526152e-02,5.1920183599e-01,1.4375460875e-02
50.000000,865.000,70.000000,185.000000,2.2305960297e-02,-1.3105096963e-02,1.6272557354e-03,9.7478643003e-01,9.8731062219e-01,1.2524192157e-02,1.7646496961e-02,4.2813875630e-01,1.4337994901e-02
50.000000,865.000,70.000000,190.000000,2.2133203169e-02,-1.2800321135e-02,3.2316197515e-03,9.7478643003e-01,9.8731062219e-01,1.2524192157e-02,1.7500663269e-02,2.4037721886e-01,1.4226948760e-02
50.000000,865.000,70.000000,195.000000,2.1852218186e-02,-1.2301561825e-02,4.7906938083e-03,9.7478643003e-01,9.8731062219e-01,1.2524192157e-02,1.7261750415e-02,9.2249371704e-02,1.4046335094e-02
50.000000,865.000,70.000000,200.000000,2.1473190240e-02,-1.1622334764e-02,6.2830531686e-03,9.7478643003e-01,9.8731062219e-01,1.2524192157e-02,1.6935847376e-02,2.4358896752e-02,1.3802700627e-02
50.000000,865.000,70.000000,205.000000,2.1009924556e-02,-1.0781001062e-02,7.6887001057e-03,9.7478643003e-01,9.8731062219e-01,1.2524192157e-02,1.6531230660e-02,4.4671474089e-03,1.3504919185e-02
50.000000,865.000,70.000000,210.000000,2.0479409804e-02,-9.8002266509e-03,8.9894786193e-03,9.7478643003e-01,9.8731062219e-01,1.2524192157e-02,1.6058125207e-02,5.7590372479e-04,1.3163910876e-02
50.000000,865.000,70.000000,215.000000,1.9901279745e-02,-8.7063156352e-03,1.0169439227e-02,9.7478643003e-01,9.8731062219e-01,1.2524192157e-02,1.5528409451e-02,5.2978930026e-05,1.2792296037e-02
50.000000,865.000,70.000000,220.000000,1.9297189917e-02,-7.5284376692e-03,1.1215144167e-02,9.7478643003e-01,9.8731062219e-01,1.2524192157e-02,1.4955273406e-02,3.5397665415e-06,1.2403994580e-02
50.000000,865.000,70.000000,225.000000,1.8690128526e-02,-6.2977726117e-03,1.2115905113e-02,9.7478643003e-01,9.8731062219e-01,1.2524192157e-02,1.4352840001e-02,1.7530695309e-07,1.2013783040e-02
50.000000,865.000,70.000000,230.000000,1.8103682697e-02,-5.0465982220e-03,1.2863947456e-02,9.7478643003e-01,9.8731062219e-01,1.2524192157e-02,1.3735761014e-02,6.5840107728e-09,1.1636822927e-02
50.000000,865.000,70.000000,235.000000,1.7561282656e-02,-3.8073483480e-03,1.3454497416e-02,9.7478643003e-01,9.8731062219e-01,1.2524192157e-02,1.3118799684e-02,1.9228698420e-10,1.1288174902e-02
50.000000,865.000,70.000000,240.000000,1.7085447114e-02,-2.6116699258e-03,1.3885790433e-02,9.7478643003e-01,9.8731062219e-01,1.2524192157e-02,1.2516412475e-02,4.4870385030e-12,1.0982313711e-02
50.000000,865.000,70.000000,245.000000,1.6697053085e-02,-1.4895071206e-03,1.4159001654e-02,9.7478643003e-01,9.8731062219e-01,1.2524192157e-02,1.1942342477e-02,8.6113217203e-14,1.0732658841e-02
50.000000,865.000,70.000000,250.000000,1.6414652706e-02,-4.6824008950e-04,1.4278101549e-02,9.7478643003e-01,9.8731062219e-01,1.2524192157e-02,1.1409236524e-02,1.4011289572e-15,1.0551135377e-02
50.000000,865.000,70.000000,255.000000,1.6253858154e-02,4.2809583692e-04,1.4249641876e-02,9.7478643003e-01,9.8731062219e-01,1.2524192157e-02,1.0928297437e-02,1.9948627179e-17,1.0447778631e-02
50.000000,865.000,70.000000,260.000000,1.6226813763e-02,1.1794872167e-03,1.4082479201e-02,9.7478643003e-01,9.8731062219e-01,1.2524192157e-02,1.0508981643e-02,2.5675385946e-19,1.0430394831e-02
50.000000,865.000,70.000000,265.000000,1.6341771787e-02,1.7704956367e-03,1.3787444973e-02,9.7478643003e-01,9.8731062219e-01,1.2524192157e-02,1.0158751092e-02,3.0884035251e-21,1.0504288425e-02
50.000000,865.000,70.000000,270.000000,1.6602785102e-02,2.1906705419e-03,1.3376972644e-02,9.7478643003e-01,9.8731062219e-01,1.2524192157e-02,9.8828867087e-03,3.5908794409e-23,1.0672064550e-02
50.000000,865.000,70.000000,275.000000,1.7009526641e-02,2.4348096372e-03,1.2864693475e-02,9.7478643003e-01,9.8731062219e-01,1.2524192157e-02,9.6843687254e-03,4.1748457587e-25,1.0933512971e-02
50.000000,865.000,70.000000,280.000000,1.7557241454e-02,2.5030593870e-03,1.2265013542e-02,9.7478643003e-01,9.8731062219e-01,1.2524192157e-02,9.5638272452e-03,5.0206286954e-27,1.1285577267e-02
50.000000,865.000,70.000000,285.000000,1.8236833323e-02,2.4008529937e-03,1.1592684832e-02,9.7478643003e-01,9.8731062219e-01,1.2524192157e-02,9.5195642046e-03,6.4585900547e-29,1.1722410500e-02
50.000000,865.000,70.000000,290.000000,1.9035083716e-02,2.1386881806e-03,1.0862383414e-02,9.7478643003e-01,9.8731062219e-01,1.2524192157e-02,9.5476457670e-03,9.1862573219e-31,1.2235515962e-02
50.000000,865.000,70.000000,295.000000,1.9934996872e-02,1.7317519645e-03,1.0088307294e-02,9.7478643003e-01,9.8731062219e-01,1.2524192157e-02,9.6420620245e-03,1.4920812400e-32,1.2813968989e-02
50.000000,865.000,70.000000,300.000000,2.0916260971e-02,1.1994042476e-03,9.2838058376e-03,9.7478643003e-01,9.8731062219e-01,1.2524192157e-02,9.7949488516e-03,2.8556230390e-34,1.3444713393e-02
50.000000,865.000,70.000000,305.000000,2.1955811778e-02,5.6453633812e-04,8.4610515587e-03,9.7478643003e-01,9.8731062219e-01,1.2524192157e-02,9.9968648696e-03,6.6364227170e-36,1.4112923772e-02
50.000000,865.000,70.000000,310.000000,2.3028482063e-02,-1.4717570542e-04,7.6307636623e-03,9.7478643003e-01,9.8731062219e-01,1.2524192157e-02,1.0237114819e-02,1.9272227515e-37,1.4802422940e-02
50.000000,865.000,70.000000,315.000000,2.4107717439e-02,-9.0809982838e-04,6.8019910233e-03,9.7478643003e-01,9.8731062219e-01,1.2524192157e-02,1.0504109235e-02,7.1847011456e-39,1.5496142068e-02
50.000000,865.000,70.000000,320.000000,2.5166337254e-02,-1.6895332835e-03,5.9819603734e-03,9.7478643003e-01,9.8731062219e-01,1.2524192157e-02,1.0785749234e-02,3.5258349631e-40,1.6176609768e-02
50.000000,865.000,70.000000,325.000000,2.6177317751e-02,-2.4626172350e-03,5.1759933694e-03,9.7478643003e-01,9.8731062219e-01,1.2524192157e-02,1.1069824469e-02,2.3307051881e-41,1.6826455505e-02
50.000000,865.000,70.000000,330.000000,2.7114574041e-02,-3.1992525511e-03,4.3874940243e-03,9.7478643003e-01,9.8731062219e-01,1.2524192157e-02,1.1344411939e-02,2.1188478368e-42,1.7428912235e-02
50.000000,865.000,70.000000,335.000000,2.7953717416e-02,-3.8729886616e-03,3.6180057463e-03,9.7478643003e-01,9.8731062219e-01,1.2524192157e-02,1.1598263312e-02,2.6981266554e-43,1.7968303200e-02
50.000000,865.000,70.000000,340.000000,2.8672765268e-02,-4.4598582075e-03,2.8673350330e-03,9.7478643003e-01,9.8731062219e-01,1.2524192157e-02,1.1821168806e-02,4.8890344927e-44,1.8430498250e-02
50.000000,865.000,70.000000,345.000000,2.9252782268e-02,-4.9391318853e-03,2.1337367636e-03,9.7478643003e-01,9.8731062219e-01,1.2524192157e-02,1.2004286416e-02,1.2772055363e-44,1.8803325991e-02
50.000000,865.000,70.000000,350.000000,2.9678433544e-02,-5.2939703486e-03,1.4141540930e-03,9.7478643003e-01,9.8731062219e-01,1.2524192157e-02,1.2140426316e-02,4.8600380297e-45,1.9076929357e-02
50.000000,865.000,70.000000,355.000000,2.9938433206e-02,-5.5119531914e-03,7.0450423751e-04,9.7478643003e-01,9.8731062219e-01,1.2524192157e-02,1.2224281695e-02,2.7137764260e-45,1.9244053918e-02
50.000000,865.000,75.000000,0.000000,3.9244091506e-02,-8.5476209183e-03,1.6696361959e-18,9.7478643003e-01,9.8731062219e-01,1.2524192157e-02,1.2999230631e-02,1.3206334247e-55,2.5225615773e-02
50.000000,865.000,75.000000,5.000000,3.9127568522e-02,-8.4480530278e-03,-1.1899138124e-03,9.7478643003e-01,9.8731062219e-01,1.2524192157e-02,1.2966212835e-02,1.6777585439e-55,2.5150716243e-02
50.000000,865.000,75.000000,10.000000,3.8781212115e-02,-8.1527009234e-03,-2.3807046173e-03,9.7478643003e-01,9.8731062219e-01,1.2524192157e-02,1.2868344624e-02,3.4338030180e-55,2.4928082636e-02
50.000000,865.000,75.000000,15.000000,3.8214564809e-02,-7.6715149877e-03,-3.5729409248e-03,9.7478643003e-01,9.8731062219e-01,1.2524192157e-02,1.2709144125e-02,1.1260029400e-54,2.4563848769e-02
50.000000,865.000,75.000000,20.000000,3.7443216622e-02,-7.0207346519e-03,-4.7665857986e-03,9.7478643003e-01,9.8731062219e-01,1.2524192157e-02,1.2494351379e-02,5.8623980188e-54,2.4068035712e-02
50.000000,865.000,75.000000,25.000000,3.6488343767e-02,-6.2223826479e-03,-5.9607225614e-03,9.7478643003e-01,9.8731062219e-01,1.2524192157e-02,1.2231747064e-02,4.7852127542e-53,2.3454255271e-02
50.000000,865.000,75.000000,30.000000,3.5376082419e-02,-5.3035787424e-03,-7.1533136005e-03,9.7478643003e-01,9.8731062219e-01,1.2524192157e-02,1.1930906531e-02,6.0262122506e-52,2.2739307458e-02
50.000000,865.000,75.000000,35.000000,3.4136756487e-02,-4.2956939328e-03,-8.3410016497e-03,9.7478643003e-01,9.8731062219e-01,1.2524192157e-02,1.1602896717e-02,1.1484061458e-50,2.1942684105e-02
50.000000,865.000,75.000000,40.000000,3.2803982651e-02,-3.2333709710e-03,-9.5189615692e-03,9.7478643003e-01,9.8731062219e-01,1.2524192157e-02,1.1259925226e-02,3.2379883364e-49,2.1085993596e-02
50.000000,865.000,75.000000,45.000000,3.1413679682e-02,-2.1534411770e-03,-1.0680809031e-02,9.7478643003e-01,9.8731062219e-01,1.2524192157e-02,1.0914952344e-02,1.3167755401e-47,2.0192324074e-02
50.000000,865.000,75.000000,50.000000,3.0003011903e-02,-1.0937706848e-03,-1.1818570695e-02,9.7478643003e-01,9.8731062219e-01,1.2524192157e-02,1.0581277925e-02,7.5080521416e-46,1.9285564305e-02
50.000000,865.000,75.000000,55.000000,2.8609298628e-02,-9.2071442983e-05,-1.2922718486e-02,9.7478643003e-01,9.8731062219e-01,1.2524192157e-02,1.0272115838e-02,5.8201580318e-44,1.8389702680e-02
50.000000,865.000,75.000000,60.000000,2.7268922412e-02,8.1528661168e-04,-1.3982268517e-02,9.7478643003e-01,9.8731062219e-01,1.2524192157e-02,1.0000169060e-02,5.9339235167e-42,1.7528125456e-02
50.000000,865.000,75.000000,65.000000,2.6016268991e-02,1.5944257964e-03,-1.4984943087e-02,9.7478643003e-01,9.8731062219e-01,1.2524192157e-02,9.7772185178e-03,7.6817891488e-40,1.6722935358e-02
50.000000,865.000,75.000000,70.000000,2.4882730740e-02,2.2150380468e-03,-1.5917392167e-02,9.7478643003e-01,9.8731062219e-01,1.2524192157e-02,9.6137383605e-03,1.2168365272e-37,1.5994311015e-02
50.000000,865.000,75.000000,75.000000,2.3895803588e-02,2.6513563031e-03,-1.6765468766e-02,9.7478643003e-01,9.8731062219e-01,1.2524192157e-02,9.5185495454e-03,2.2695043222e-35,1.5359926470e-02
50.000000,865.000,75.000000,80.000000,2.3078304431e-02,2.8829900190e-03,-1.7514550828e-02,9.7478643003e-01,9.8731062219e-01,1.2524192157e-02,9.4985224904e-03,4.7896654881e-33,1.4834448141e-02
50.000000,865.000,75.000000,85.000000,2.2447732424e-02,2.8955990067e-03,-1.8149900685e-02,9.7478643003e-01,9.8731062219e-01,1.2524192157e-02,9.5583380433e-03,1.0982302698e-30,1.4429124268e-02
50.000000,865.000,75.000000,90.000000,2.2015793142e-02,2.6813847293e-03,-1.8657051794e-02,9.7478643003e-01,9.8731062219e-01,1.2524192157e-02,9.7003142636e-03,2.6251403854e-28,1.4151479049e-02
50.000000,865.000,75.000000,95.000000,2.1788099638e-02,2.2393836914e-03,-1.9022211474e-02,9.7478643003e-01,9.8731062219e-01,1.2524192157e-02,9.9243045159e-03,6.2745700238e-26,1.4005120486e-02
50.000000,865.000,75.000000,100.000000,2.1764059062e-02,1.5755535833e-03,-1.9232667683e-02,9.7478643003e-01,9.8731062219e-01,1.2524192157e-02,1.0227670210e-02,1.4383375673e-23,1.3989667502e-02
50.000000,865.000,75.000000,105.000000,2.1936947838e-02,7.0264912762e-04,-1.9277187576e-02,9.7478643003e-01,9.8731062219e-01,1.2524192157e-02,1.0605329257e-02,3.0335880057e-21,1.4100798265e-02
50.000000,865.000,75.000000,110.000000,2.2294172684e-02,-3.6010903009e-04,-1.9146395627e-02,9.7478643003e-01,9.8731062219e-01,1.2524192157e-02,1.1049879015e-02,5.6503693935e-19,1.4330417969e-02
50.000000,865.000,75.000000,115.000000,2.2817709118e-02,-1.5875627578e-03,-1.8833119562e-02,9.7478643003e-01,9.8731062219e-01,1.2524192157e-02,1.1551790217e-02,8.9288401431e-17,1.4666940703e-02
50.000000,865.000,75.000000,120.000000,2.3484703695e-02,-2.9493265656e-03,-1.8332693110e-02,9.7478643003e-01,9.8731062219e-01,1.2524192157e-02,1.2099666242e-02,1.1513138431e-14,1.5095676552e-02
50.000000,865.000,75.000000,125.000000,2.4268221255e-02,-4.4106582639e-03,-1.7643205749e-02,9.7478643003e-01,9.8731062219e-01,1.2524192157e-02,1.2680560062e-02,1.1668378392e-12,1.5599311932e-02
50.000000,865.000,75.000000,130.000000,2.5138114095e-02,-5.9334640960e-03,-1.6765691010e-02,9.7478643003e-01,9.8731062219e-01,1.2524192157e-02,1.3280339476e-02,8.9699045950e-11,1.6158468271e-02
50.000000,865.000,75.000000,135.000000,2.6061986248e-02,-7.4774081893e-03,-1.5704246651e-02,9.7478643003e-01,9.8731062219e-01,1.2524192157e-02,1.3884089733e-02,5.0585167503e-09,1.6752321844e-02
50.000000,865.000,75.000000,140.000000,2.7006223210e-02,-9.0010929809e-03,-1.4466081884e-02,9.7478643003e-01,9.8731062219e-01,1.2524192157e-02,1.4476541526e-02,2.0291555047e-07,1.7359265664e-02
50.000000,865.000,75.000000,145.000000,2.7937055490e-02,-1.0463275093e-02,-1.3061488912e-02,9.7478643003e-01,9.8731062219e-01,1.2524192157e-02,1.5042511535e-02,5.6298912790e-06,1.7957593120e-02
50.000000,865.000,75.000000,150.000000,2.8821623333e-02,-1.1824080036e-02,-1.1503738194e-02,9.7478643003e-01,9.8731062219e-01,1.2524192157e-02,1.5567342321e-02,1.0538237706e-04,1.8526182370e-02
50.000000,865.000,75.000000,155.000000,2.9629009983e-02,-1.3046179123e-02,-9.8088990357e-03,9.7478643003e-01,9.8731062219e-01,1.2524192157e-02,1.6037328354e-02,1.3024368855e-03,1.9045160505e-02
50.000000,865.000,75.000000,160.000000,3.0331211813e-02,-1.4095893097e-02,-7.9955892589e-03,9.7478643003e-01,9.8731062219e-01,1.2524192157e-02,1.6440115399e-02,1.0437765144e-02,1.9496527140e-02
50.000000,865.000,75.000000,165.000000,3.0904015625e-02,-1.4944189176e-02,-6.0846597349e-03,9.7478643003e-01,9.8731062219e-01,1.2524192157e-02,1.6765061226e-02,5.3454438927e-02,1.9864718333e-02
50.000000,865.000,75.000000,170.000000,3.1327756251e-02,-1.5567541411e-02,-4.0988214722e-03,9.7478643003e-01,9.8731062219e-01,1.2524192157e-02,1.7003546829e-02,1.7300138134e-01,2.0137093557e-02
50.000000,865.000,75.000000,175.000000,3.1587931276e-02,-1.5948628403e-02,-2.0622246008e-03,9.7478643003e-01,9.8731062219e-01,1.2524192157e-02,1.7149228759e-02,3.5109066600e-01,2.0304330840e-02
50.000000,865.000,75.000000,180.000000,3.1675654070e-02,-1.6076847273e-02,-5.8000471128e-18,9.7478643003e-01,9.8731062219e-01,1.2524192157e-02,1.7198224995e-02,4.4472918026e-01,2.0360717965e-02
50.000000,865.000,75.000000,185.000000,3.1587931276e-02,-1.5948628403e-02,2.0622246008e-03,9.7478643003e-01,9.8731062219e-01,1.2524192157e-02,1.7149228759e-02,3.5109066600e-01,2.0304330840e-02
50.000000,865.000,75.000000,190.000000,3.1327756251e-02,-1.5567541411e-02,4.0988214722e-03,9.7478643003e-01,9.8731062219e-01,1.2524192157e-02,1.7003546829e-02,1.7300138134e-01,2.0137093557e-02
50.000000,865.000,75.000000,195.000000,3.0904015625e-02,-1.4944189176e-02,6.0846597349e-03,9.7478643003e-01,9.8731062219e-01,1.2524192157e-02,1.6765061226e-02,5.3454438927e-02,1.9864718333e-02
50.000000,865.000,75.000000,200.000000,3.0331211813e-02,-1.4095893097e-02,7.9955892589e-03,9.7478643003e-01,9.8731062219e-01,1.2524192157e-02,1.6440115399e-02,1.0437765144e-02,1.9496527140e-02
50.000000,865.000,75.000000,205.000000,2.9629009983e-02,-1.3046179123e-02,9.8088990357e-03,9.7478643003e-01,9.8731062219e-01,1.2524192157e-02,1.6037328354e-02,1.3024368855e-03,1.9045160505e-02
50.000000,865.000,75.000000,210.000000,2.8821623333e-02,-1.1824080036e-02,1.1503738194e-02,9.7478643003e-01,9.8731062219e-01,1.2524192157e-02,1.5567342321e-02,1.0538237706e-04,1.8526182370e-02
50.000000,865.000,75.000000,215.000000,2.7937055490e-02,-1.0463275093e-02,1.3061488912e-02,9.7478643003e-01,9.8731062219e-01,1.2524192157e-02,1.5042511535e-02,5.6298912790e-06,1.7957593120e-02
50.000000,865.000,75.000000,220.000000,2.7006223210e-02,-9.0010929809e-03,1.4466081884e-02,9.7478643003e-01,9.8731062219e-01,1.2524192157e-02,1.4476541526e-02,2.0291555047e-07,1.7359265664e-02
50.000000,865.000,75.000000,225.000000,2.6061986248e-02,-7.4774081893e-03,1.5704246651e-02,9.7478643003e-01,9.8731062219e-01,1.2524192157e-02,1.3884089733e-02,5.0585167503e-09,1.6752321844e-02
50.000000,865.000,75.000000,230.000000,2.5138114095e-02,-5.9334640960e-03,1.6765691010e-02,9.7478643003e-01,9.8731062219e-01,1.2524192157e-02,1.3280339476e-02,8.9699045950e-11,1.6158468271e-02
50.000000,865.000,75.000000,235.000000,2.4268221255e-02,-4.4106582639e-03,1.7643205749e-02,9.7478643003e-01,9.8731062219e-01,1.2524192157e-02,1.2680560062e-02,1.1668378392e-12,1.5599311932e-02
50.000000,865.000,75.000000,240.000000,2.3484703695e-02,-2.9493265656e-03,1.8332693110e-02,9.7478643003e-01,9.8731062219e-01,1.2524192157e-02,1.2099666242e-02,1.1513138431e-14,1.5095676552e-02
50.000000,865.000,75.000000,245.000000,2.2817709118e-02,-1.5875627578e-03,1.8833119562e-02,9.7478643003e-01,9.8731062219e-01,1.2524192157e-02,1.1551790217e-02,8.9288401431e-17,1.4666940703e-02
50.000000,865.000,75.000000,250.000000,2.2294172684e-02,-3.6010903009e-04,1.9146395627e-02,9.7478643003e-01,9.8731062219e-01,1.2524192157e-02,1.1049879015e-02,5.6503693935e-19,1.4330417969e-02
50.000000,865.000,75.000000,255.000000,2.1936947838e-02,7.0264912762e-04,1.9277187576e-02,9.7478643003e-01,9.8731062219e-01,1.2524192157e-02,1.0605329257e-02,3.0335880057e-21,1.4100798265e-02
50.000000,865.000,75.000000,260.000000,2.1764059062e-02,1.5755535833e-03,1.9232667683e-02,9.7478643003e-01,9.8731062219e-01,1.2524192157e-02,1.0227670210e-02,1.4383375673e-23,1.3989667502e-02
50.000000,865.000,75.000000,265.000000,2.1788099638e-02,2.2393836914e-03,1.9022211474e-02,9.7478643003e-01,9.8731062219e-01,1.2524192157e-02,9.9243045159e-03,6.2745700238e-26,1.4005120486e-02
50.000000,865.000,75.000000,270.000000,2.2015793142e-02,2.6813847293e-03,1.8657051794e-02,9.7478643003e-01,9.8731062219e-01,1.2524192157e-02,9.7003142636e-03,2.6251403854e-28,1.4151479049e-02
50.000000,865.000,75.000000,275.000000,2.2447732424e-02,2.8955990067e-03,1.8149900685e-02,9.7478643003e-01,9.8731062219e-01,1.2524192157e-02,9.5583380433e-03,1.0982302698e-30,1.4429124268e-02
50.000000,865.000,75.000000,280.000000,2.3078304431e-02,2.8829900190e-03,1.7514550828e-02,9.7478643003e-01,9.8731062219e-01,1.2524192157e-02,9.4985224904e-03,4.7896654881e-33,1.4834448141e-02
50.000000,865.000,75.000000,285.000000,2.3895803588e-02,2.6513563031e-03,1.6765468766e-02,9.7478643003e-01,9.8731062219e-01,1.2524192157e-02,9.5185495454e-03,2.2695043222e-35,1.5359926470e-02
50.000000,865.000,75.000000,290.000000,2.4882730740e-02,2.2150380468e-03,1.5917392167e-02,9.7478643003e-01,9.8731062219e-01,1.2524192157e-02,9.6137383605e-03,1.2168365272e-37,1.5994311015e-02
50.000000,865.000,75.000000,295.000000,2.6016268991e-02,1.5944257964e-03,1.4984943087e-02,9.7478643003e-01,9.8731062219e-01,1.2524192157e-02,9.7772185178e-03,7.6817891488e-40,1.6722935358e-02
50.000000,865.000,75.000000,300.000000,2.7268922412e-02,8.1528661168e-04,1.3982268517e-02,9.7478643003e-01,9.8731062219e-01,1.2524192157e-02,1.0000169060e-02,5.9339235167e-42,1.7528125456e-02
50.000000,865.000,75.000000,305.000000,2.8609298628e-02,-9.2071442983e-05,1.2922718486e-02,9.7478643003e-01,9.8731062219e-01,1.2524192157e-02,1.0272115838e-02,5.8201580318e-44,1.8389702680e-02
50.000000,865.000,75.000000,310.000000,3.0003011903e-02,-1.0937706848e-03,1.1818570695e-02,9.7478643003e-01,9.8731062219e-01,1.2524192157e-02,1.0581277925e-02,7.5080521416e-46,1.9285564305e-02
50.000000,865.000,75.000000,315.000000,3.1413679682e-02,-2.1534411770e-03,1.0680809031e-02,9.7478643003e-01,9.8731062219e-01,1.2524192157e-02,1.0914952344e-02,1.3167755401e-47,2.0192324074e-02
50.000000,865.000,75.000000,320.000000,3.2803982651e-02,-3.2333709710e-03,9.5189615692e-03,9.7478643003e-01,9.8731062219e-01,1.2524192157e-02,1.1259925226e-02,3.2379883364e-49,2.1085993596e-02
50.000000,865.000,75.000000,325.000000,3.4136756487e-02,-4.2956939328e-03,8.3410016497e-03,9.7478643003e-01,9.8731062219e-01,1.2524192157e-02,1.1602896717e-02,1.1484061458e-50,2.1942684105e-02
50.000000,865.000,75.000000,330.000000,3.5376082419e-02,-5.3035787424e-03,7.1533136005e-03,9.7478643003e-01,9.8731062219e-01,1.2524192157e-02,1.1930906531e-02,6.0262122506e-52,2.2739307458e-02
50.000000,865.000,75.000000,335.000000,3.6488343767e-02,-6.2223826479e-03,5.9607225614e-03,9.7478643003e-01,9.8731062219e-01,1.2524192157e-02,1.2231747064e-02,4.7852127542e-53,2.3454255271e-02
50.000000,865.000,75.000000,340.000000,3.7443216622e-02,-7.0207346519e-03,4.7665857986e-03,9.7478643003e-01,9.8731062219e-01,1.2524192157e-02,1.2494351379e-02,5.8623980188e-54,2.4068035712e-02
50.000000,865.000,75.000000,345.000000,3.8214564809e-02,-7.6715149877e-03,3.5729409248e-03,9.7478643003e-01,9.8731062219e-01,1.2524192157e-02,1.2709144125e-02,1.1260029400e-54,2.4563848769e-02
50.000000,865.000,75.000000,350.000000,3.8781212115e-02,-8.1527009234e-03,2.3807046173e-03,9.7478643003e-01,9.8731062219e-01,1.2524192157e-02,1.2868344624e-02,3.4338030180e-55,2.4928082636e-02
50.000000,865.000,75.000000,355.000000,3.9127568522e-02,-8.4480530278e-03,1.1899138124e-03,9.7478643003e-01,9.8731062219e-01,1.2524192157e-02,1.2966212835e-02,1.6777585439e-55,2.5150716243e-02
50.000000,865.000,80.000000,0.000000,5.5757494349e-02,-1.3542594969e-02,2.8815365639e-18,9.7478643003e-01,9.8731062219e-01,1.2524192157e-02,1.3542835934e-02,4.2414077412e-69,3.5840226515e-02
50.000000,865.000,80.000000,5.000000,5.5591284753e-02,-1.3395338351e-02,-2.0522662442e-03,9.7478643003e-01,9.8731062219e-01,1.2524192157e-02,1.3506172830e-02,5.7150865628e-69,3.5733389046e-02
50.000000,865.000,80.000000,10.000000,5.5097393462e-02,-1.2958354023e-02,-4.0980498907e-03,9.7478643003e-01,9.8731062219e-01,1.2524192157e-02,1.3397420082e-02,1.3949896578e-68,3.5415921843e-02
50.000000,865.000,80.000000,15.000000,5.4289891391e-02,-1.2245850789e-02,-6.1306400740e-03,9.7478643003e-01,9.8731062219e-01,1.2524192157e-02,1.3220248873e-02,6.1262085713e-68,3.4896869518e-02
50.000000,865.000,80.000000,20.000000,5.3191762464e-02,-1.1281021917e-02,-8.1428795644e-03,9.7478643003e-01,9.8731062219e-01,1.2524192157e-02,1.2980650669e-02,4.7860051140e-67,3.4191005850e-02
50.000000,865.000,80.000000,25.000000,5.1834217064e-02,-1.0095328668e-02,-1.0126966683e-02,9.7478643003e-01,9.8731062219e-01,1.2524192157e-02,1.2686750541e-02,6.5477564563e-66,3.3318392487e-02
50.000000,865.000,80.000000,30.000000,5.0255760129e-02,-8.7275280365e-03,-1.2074286408e-02,9.7478643003e-01,9.8731062219e-01,1.2524192157e-02,1.2348553860e-02,1.5376955905e-64,3.2303779926e-02
50.000000,865.000,80.000000,35.000000,4.8501042076e-02,-7.2224743600e-03,-1.3975278895e-02,9.7478643003e-01,9.8731062219e-01,1.2524192157e-02,1.1977634100e-02,6.0511600575e-63,3.1175868903e-02
50.000000,865.000,80.000000,40.000000,4.6619527316e-02,-5.6297313672e-03,-1.5819352397e-02,9.7478643003e-01,9.8731062219e-01,1.2524192157e-02,1.1586771316e-02,3.8799217146e-61,2.9966454528e-02
50.000000,865.000,80.000000,45.000000,4.4664020616e-02,-4.0020370365e-03,-1.7594846104e-02,9.7478643003e-01,9.8731062219e-01,1.2524192157e-02,1.1189552331e-02,3.9267948376e-59,2.8709479051e-02
50.000000,865.000,80.000000,50.000000,4.2689095867e-02,-2.3936681240e-03,-1.9289046768e-02,9.7478643003e-01,9.8731062219e-01,1.2524192157e-02,1.0799944892e-02,6.0561466663e-57,2.7440021892e-02
50.000000,865.000,80.000000,55.000000,4.0749474741e-02,-8.5875430735e-04,-2.0888261168e-02,9.7478643003e-01,9.8731062219e-01,1.2524192157e-02,1.0431858817e-02,1.3697008482e-54,2.6193257465e-02
50.000000,865.000,80.000000,60.000000,3.8898404230e-02,5.5040654984e-04,-2.2377944614e-02,9.7478643003e-01,9.8731062219e-01,1.2524192157e-02,1.0098707585e-02,4.3591297920e-52,2.5003412276e-02
50.000000,865.000,80.000000,65.000000,3.7186082045e-02,1.7849805207e-03,-2.3742883761e-02,9.7478643003e-01,9.8731062219e-01,1.2524192157e-02,9.8129838081e-03,1.8684224378e-49,2.3902752791e-02
50.000000,865.000,80.000000,70.000000,3.5658177400e-02,2.8011272041e-03,-2.4967430165e-02,9.7478643003e-01,9.8731062219e-01,1.2524192157e-02,9.5858616116e-03,1.0299955652e-46,2.2920634617e-02
50.000000,865.000,80.000000,75.000000,3.4354491768e-02,3.5613799571e-03,-2.6035779207e-02,9.7478643003e-01,9.8731062219e-01,1.2524192157e-02,9.4268381452e-03,6.9605160199e-44,2.2082641646e-02
50.000000,865.000,80.000000,80.000000,3.3307799944e-02,4.0358344654e-03,-2.6932287429e-02,9.7478643003e-01,9.8731062219e-01,1.2524192157e-02,9.3434252580e-03,5.4876234491e-41,2.1409841110e-02
50.000000,865.000,80.000000,85.000000,3.2542906229e-02,4.2031091562e-03,-2.7641819852e-02,9.7478643003e-01,9.8731062219e-01,1.2524192157e-02,9.3409008582e-03,4.7977817043e-38,2.0918176907e-02
50.000000,865.000,80.000000,90.000000,3.2075944032e-02,4.0510478788e-03,-2.8150117723e-02,9.7478643003e-01,9.8731062219e-01,1.2524192157e-02,9.4221276675e-03,4.4180298432e-35,2.0618019393e-02
50.000000,865.000,80.000000,95.000000,3.1913939756e-02,3.5771430970e-03,-2.8444176201e-02,9.7478643003e-01,9.8731062219e-01,1.2524192157e-02,9.5874450354e-03,4.0678703575e-32,2.0513885052e-02
50.000000,865.000,80.000000,100.000000,3.2054653813e-02,2.7886663267e-03,-2.8512620935e-02,9.7478643003e-01,9.8731062219e-01,1.2524192157e-02,9.8346372625e-03,3.5549439802e-29,2.0604334304e-02
50.000000,865.000,80.000000,105.000000,3.2486703178e-02,1.7025014415e-03,-2.8346072236e-02,9.7478643003e-01,9.8731062219e-01,1.2524192157e-02,1.0158979557e-02,2.7997718842e-26,2.0882050282e-02
50.000000,865.000,80.000000,110.000000,3.3189961349e-02,3.4468549954e-04,-2.7937485632e-02,9.7478643003e-01,9.8731062219e-01,1.2524192157e-02,1.0553360392e-02,1.8880769361e-23,2.1334095921e-02
50.000000,865.000,80.000000,115.000000,3.4136223148e-02,-1.2503293683e-03,-2.7282458035e-02,9.7478643003e-01,9.8731062219e-01,1.2524192157e-02,1.1008476708e-02,1.0369653605e-20,2.1942341281e-02
50.000000,865.000,80.000000,120.000000,3.5290113755e-02,-3.0406709824e-03,-2.6379489521e-02,9.7478643003e-01,9.8731062219e-01,1.2524192157e-02,1.1513096181e-02,4.4180682095e-18,2.2684047866e-02
50.000000,865.000,80.000000,125.000000,3.6610213957e-02,-4.9782692146e-03,-2.5230191791e-02,9.7478643003e-01,9.8731062219e-01,1.2524192157e-02,1.2054378758e-02,1.3935442126e-15,2.3532591919e-02
50.000000,865.000,80.000000,130.000000,3.8050367048e-02,-7.0102684103e-03,-2.3839435742e-02,9.7478643003e-01,9.8731062219e-01,1.2524192157e-02,1.2618247822e-02,3.1126900863e-13,2.4458304482e-02
50.000000,865.000,80.000000,135.000000,3.9561127290e-02,-9.0805875862e-03,-2.2215432162e-02,9.7478643003e-01,9.8731062219e-01,1.2524192157e-02,1.3189799866e-02,4.7226478632e-11,2.5429402447e-02
50.000000,865.000,80.000000,140.000000,4.1091305581e-02,-1.1131581344e-02,-2.0369741370e-02,9.7478643003e-01,9.8731062219e-01,1.2524192157e-02,1.3753740365e-02,4.6834522957e-09,2.6412982093e-02
50.000000,865.000,80.000000,145.000000,4.2589565038e-02,-1.3105751363e-02,-1.8317209518e-02,9.7478643003e-01,9.8731062219e-01,1.2524192157e-02,1.4294832720e-02,2.9318308202e-07,2.7376044708e-02
50.000000,865.000,80.000000,150.000000,4.4006017698e-02,-1.4947456776e-02,-1.6075831315e-02,9.7478643003e-01,9.8731062219e-01,1.2524192157e-02,1.4798346770e-02,1.1232760812e-05,2.8286522928e-02
50.000000,865.000,80.000000,155.000000,4.5293773554e-02,-1.6604571730e-02,-1.3666540957e-02,9.7478643003e-01,9.8731062219e-01,1.2524192157e-02,1.5250493338e-02,2.5646948275e-04,2.9114276436e-02
50.000000,865.000,80.000000,160.000000,4.6410394598e-02,-1.8030040032e-02,-1.1112935032e-02,9.7478643003e-01,9.8731062219e-01,1.2524192157e-02,1.5638831722e-02,3.4129806816e-03,2.9832026609e-02
50.000000,865.000,80.000000,165.000000,4.7319209474e-02,-1.9183279855e-02,-8.4409331032e-03,9.7478643003e-01,9.8731062219e-01,1.2524192157e-02,1.5952637820e-02,2.6005568199e-02,3.0416201550e-02
50.000000,865.000,80.000000,170.000000,4.7990448592e-02,-2.0031396014e-02,-5.6783833967e-03,9.7478643003e-01,9.8731062219e-01,1.2524192157e-02,1.6183221793e-02,1.1194669972e-01,3.0847665738e-02
50.000000,865.000,80.000000,175.000000,4.8402165073e-02,-2.0550163147e-02,-2.8546225930e-03,9.7478643003e-01,9.8731062219e-01,1.2524192157e-02,1.6324185671e-02,2.6973805215e-01,3.1112311991e-02
50.000000,865.000,80.000000,180.000000,4.8540913399e-02,-2.0724750034e-02,-8.0265074983e-18,9.7478643003e-01,9.8731062219e-01,1.2524192157e-02,1.6371613126e-02,3.6183402435e-01,3.1201497696e-02
50.000000,865.000,80.000000,185.000000,4.8402165073e-02,-2.0550163147e-02,2.8546225930e-03,9.7478643003e-01,9.8731062219e-01,1.2524192157e-02,1.6324185671e-02,2.6973805215e-01,3.1112311991e-02
50.000000,865.000,80.000000,190.000000,4.7990448592e-02,-2.0031396014e-02,5.6783833967e-03,9.7478643003e-01,9.8731062219e-01,1.2524192157e-02,1.6183221793e-02,1.1194669972e-01,3.0847665738e-02
50.000000,865.000,80.000000,195.000000,4.7319209474e-02,-1.9183279855e-02,8.4409331032e-03,9.7478643003e-01,9.8731062219e-01,1.2524192157e-02,1.5952637820e-02,2.6005568199e-02,3.0416201550e-02
50.000000,865.000,80.000000,200.000000,4.6410394598e-02,-1.8030040032e-02,1.1112935032e-02,9.7478643003e-01,9.8731062219e-01,1.2524192157e-02,1.5638831722e-02,3.4129806816e-03,2.9832026609e-02
50.000000,865.000,80.000000,205.000000,4.5293773554e-02,-1.6604571730e-02,1.3666540957e-02,9.7478643003e-01,9.8731062219e-01,1.2524192157e-02,1.5250493338e-02,2.5646948275e-04,2.9114276436e-02
50.000000,865.000,80.000000,210.000000,4.4006017698e-02,-1.4947456776e-02,1.6075831315e-02,9.7478643003e-01,9.8731062219e-01,1.2524192157e-02,1.4798346770e-02,1.1232760812e-05,2.8286522928e-02
50.000000,865.000,80.000000,215.000000,4.2589565038e-02,-1.3105751363e-02,1.8317209518e-02,9.7478643003e-01,9.8731062219e-01,1.2524192157e-02,1.4294832720e-02,2.9318308202e-07,2.7376044708e-02
50.000000,865.000,80.000000,220.000000,4.1091305581e-02,-1.1131581344e-02,2.0369741370e-02,9.7478643003e-01,9.8731062219e-01,1.2524192157e-02,1.3753740365e-02,4.6834522957e-09,2.6412982093e-02
50.000000,865.000,80.000000,225.000000,3.9561127290e-02,-9.0805875862e-03,2.2215432162e-02,9.7478643003e-01,9.8731062219e-01,1.2524192157e-02,1.3189799866e-02,4.7226478632e-11,2.5429402447e-02
50.000000,865.000,80.000000,230.000000,3.8050367048e-02,-7.0102684103e-03,2.3839435742e-02,9.7478643003e-01,9.8731062219e-01,1.2524192157e-02,1.2618247822e-02,3.1126900863e-13,2.4458304482e-02
50.000000,865.000,80.000000,235.000000,3.6610213957e-02,-4.9782692146e-03,2.5230191791e-02,9.7478643003e-01,9.8731062219e-01,1.2524192157e-02,1.2054378758e-02,1.3935442126e-15,2.3532591919e-02
50.000000,865.000,80.000000,240.000000,3.5290113755e-02,-3.0406709824e-03,2.6379489521e-02,9.7478643003e-01,9.8731062219e-01,1.2524192157e-02,1.1513096181e-02,4.4180682095e-18,2.2684047866e-02
50.000000,865.000,80.000000,245.000000,3.4136223148e-02,-1.2503293683e-03,2.7282458035e-02,9.7478643003e-01,9.8731062219e-01,1.2524192157e-02,1.1008476708e-02,1.0369653605e-20,2.1942341281e-02
50.000000,865.000,80.000000,250.000000,3.3189961349e-02,3.4468549954e-04,2.7937485632e-02,9.7478643003e-01,9.8731062219e-01,1.2524192157e-02,1.0553360392e-02,1.8880769361e-23,2.1334095921e-02
50.000000,865.000,80.000000,255.000000,3.2486703178e-02,1.7025014415e-03,2.8346072236e-02,9.7478643003e-01,9.8731062219e-01,1.2524192157e-02,1.0158979557e-02,2.7997718842e-26,2.0882050282e-02
50.000000,865.000,80.000000,260.000000,3.2054653813e-02,2.7886663267e-03,2.8512620935e-02,9.7478643003e-01,9.8731062219e-01,1.2524192157e-02,9.8346372625e-03,3.5549439802e-29,2.0604334304e-02
50.000000,865.000,80.000000,265.000000,3.1913939756e-02,3.5771430970e-03,2.8444176201e-02,9.7478643003e-01,9.8731062219e-01,1.2524192157e-02,9.5874450354e-03,4.0678703575e-32,2.0513885052e-02
50.000000,865.000,80.000000,270.000000,3.2075944032e-02,4.0510478788e-03,2.8150117723e-02,9.7478643003e-01,9.8731062219e-01,1.2524192157e-02,9.4221276675e-03,4.4180298432e-35,2.0618019393e-02
50.000000,865.000,80.000000,275.000000,3.2542906229e-02,4.2031091562e-03,2.7641819852e-02,9.7478643003e-01,9.8731062219e-01,1.2524192157e-02,9.3409008582e-03,4.7977817043e-38,2.0918176907e-02
50.000000,865.000,80.000000,280.000000,3.3307799944e-02,4.0358344654e-03,2.6932287429e-02,9.7478643003e-01,9.8731062219e-01,1.2524192157e-02,9.3434252580e-03,5.4876234491e-41,2.1409841110e-02
50.000000,865.000,80.000000,285.000000,3.4354491768e-02,3.5613799571e-03,2.6035779207e-02,9.7478643003e-01,9.8731062219e-01,1.2524192157e-02,9.4268381452e-03,6.9605160199e-44,2.2082641646e-02
50.000000,865.000,80.000000,290.000000,3.5658177400e-02,2.8011272041e-03,2.4967430165e-02,9.7478643003e-01,9.8731062219e-01,1.2524192157e-02,9.5858616116e-03,1.0299955652e-46,2.2920634617e-02
50.000000,865.000,80.000000,295.000000,3.7186082045e-02,1.7849805207e-03,2.3742883761e-02,9.7478643003e-01,9.8731062219e-01,1.2524192157e-02,9.8129838081e-03,1.8684224378e-49,2.3902752791e-02
50.000000,865.000,80.000000,300.000000,3.8898404230e-02,5.5040654984e-04,2.2377944614e-02,9.7478643003e-01,9.8731062219e-01,1.2524192157e-02,1.0098707585e-02,4.3591297920e-52,2.5003412276e-02
50.000000,865.000,80.000000,305.000000,4.0749474741e-02,-8.5875430735e-04,2.0888261168e-02,9.7478643003e-01,9.8731062219e-01,1.2524192157e-02,1.0431858817e-02,1.3697008482e-54,2.6193257465e-02
50.000000,865.000,80.000000,310.000000,4.2689095867e-02,-2.3936681240e-03,1.9289046768e-02,9.7478643003e-01,9.8731062219e-01,1.2524192157e-02,1.0799944892e-02,6.0561466663e-57,2.7440021892e-02
50.000000,865.000,80.000000,315.000000,4.4664020616e-02,-4.0020370365e-03,1.7594846104e-02,9.7478643003e-01,9.8731062219e-01,1.2524192157e-02,1.1189552331e-02,3.9267948376e-59,2.8709479051e-02
50.000000,865.000,80.000000,320.000000,4.6619527316e-02,-5.6297313672e-03,1.5819352397e-02,9.7478643003e-01,9.8731062219e-01,1.2524192157e-02,1.1586771316e-02,3.8799217146e-61,2.9966454528e-02
50.000000,865.000,80.000000,325.000000,4.8501042076e-02,-7.2224743600e-03,1.3975278895e-02,9.7478643003e-01,9.8731062219e-01,1.2524192157e-02,1.1977634100e-02,6.0511600575e-63,3.1175868903e-02
50.000000,865.000,80.000000,330.000000,5.0255760129e-02,-8.7275280365e-03,1.2074286408e-02,9.7478643003e-01,9.8731062219e-01,1.2524192157e-02,1.2348553860e-02,1.5376955905e-64,3.2303779926e-02
50.000000,865.000,80.000000,335.000000,5.1834217064e-02,-1.0095328668e-02,1.0126966683e-02,9.7478643003e-01,9.8731062219e-01,1.2524192157e-02,1.2686750541e-02,6.5477564563e-66,3.3318392487e-02
50.000000,865.000,80.000000,340.000000,5.3191762464e-02,-1.1281021917e-02,8.1428795644e-03,9.7478643003e-01,9.8731062219e-01,1.2524192157e-02,1.2980650669e-02,4.7860051140e-67,3.4191005850e-02
50.000000,865.000,80.000000,345.000000,5.4289891391e-02,-1.2245850789e-02,6.1306400740e-03,9.7478643003e-01,9.8731062219e-01,1.2524192157e-02,1.3220248873e-02,6.1262085713e-68,3.4896869518e-02
50.000000,865.000,80.000000,350.000000,5.5097393462e-02,-1.2958354023e-02,4.0980498907e-03,9.7478643003e-01,9.8731062219e-01,1.2524192157e-02,1.3397420082e-02,1.3949896578e-68,3.5415921843e-02
50.000000,865.000,80.000000,355.000000,5.5591284753e-02,-1.3395338351e-02,2.0522662442e-03,9.7478643003e-01,9.8731062219e-01,1.2524192157e-02,1.3506172830e-02,5.7150865628e-69,3.5733389046e-02
50.000000,865.000,85.000000,0.000000,9.8595287767e-02,-2.5708562559e-02,5.9540596653e-18,9.7478643003e-01,9.8731062219e-01,1.2524192157e-02,1.5149839560e-02,2.1109389420e-87,6.3375829350e-02
50.000000,865.000,85.000000,5.000000,9.8304329356e-02,-2.5437060825e-02,-4.2387177175e-03,9.7478643003e-01,9.8731062219e-01,1.2524192157e-02,1.5106982012e-02,3.0809642120e-87,6.3188804889e-02
50.000000,865.000,85.000000,10.000000,9.7440015714e-02,-2.4631083012e-02,-8.4530978138e-03,9.7478643003e-01,9.8731062219e-01,1.2524192157e-02,1.4979770311e-02,9.5513651995e-87,6.2633234789e-02
50.000000,865.000,85.000000,15.000000,9.6027773599e-02,-2.3315950063e-02,-1.2618747198e-02,9.7478643003e-01,9.8731062219e-01,1.2524192157e-02,1.4772245494e-02,6.2353299634e-86,6.1725463055e-02
50.000000,865.000,85.000000,20.000000,9.4109128707e-02,-2.1533000786e-02,-1.6711169578e-02,9.7478643003e-01,9.8731062219e-01,1.2524192157e-02,1.4491004568e-02,8.4498095430e-85,6.0492181891e-02
50.000000,865.000,85.000000,25.000000,9.1740454481e-02,-1.9338325298e-02,-2.0705732913e-02,9.7478643003e-01,9.8731062219e-01,1.2524192157e-02,1.4144997840e-02,2.3301604902e-83,5.8969627448e-02
50.000000,865.000,85.000000,30.000000,8.8991273864e-02,-1.6801046172e-02,-2.4577658964e-02,9.7478643003e-01,9.8731062219e-01,1.2524192157e-02,1.3745253893e-02,1.2749156171e-81,5.7202488210e-02
50.000000,865.000,85.000000,35.000000,8.5942165512e-02,-1.4001199626e-02,-2.8302041022e-02,9.7478643003e-01,9.8731062219e-01,1.2524192157e-02,1.3304540559e-02,1.3423703530e-79,5.5242559141e-02
50.000000,865.000,85.000000,40.000000,8.2682337938e-02,-1.1027281265e-02,-3.1853894884e-02,9.7478643003e-01,9.8731062219e-01,1.2524192157e-02,1.2836972245e-02,2.6250295517e-77,5.3147182366e-02
50.000000,865.000,85.000000,45.000000,7.9306945107e-02,-7.9735311401e-03,-3.5208246886e-02,9.7478643003e-01,9.8731062219e-01,1.2524192157e-02,1.2357575567e-02,9.1579860775e-75,5.0977521677e-02
50.000000,865.000,85.000000,50.000000,7.5914224876e-02,-4.9370407805e-03,-3.8340261430e-02,9.7478643003e-01,9.8731062219e-01,1.2524192157e-02,1.1881826538e-02,5.4512483296e-72,4.8796723149e-02
50.000000,865.000,85.000000,55.000000,7.2602546970e-02,-2.0147703601e-03,-4.1225408948e-02,9.7478643003e-01,9.8731062219e-01,1.2524192157e-02,1.1425173405e-02,5.2734125929e-69,4.6668017624e-02
50.000000,865.000,85.000000,60.000000,6.9467459970e-02,6.9943314458e-04,-4.3839673636e-02,9.7478643003e-01,9.8731062219e-01,1.2524192157e-02,1.1002559716e-02,7.8679732060e-66,4.4652822545e-02
50.000000,865.000,85.000000,65.000000,6.6598826735e-02,3.1177259212e-03,-4.6159798770e-02,9.7478643003e-01,9.8731062219e-01,1.2524192157e-02,1.0627962128e-02,1.7126324872e-62,4.2808900645e-02
50.000000,865.000,85.000000,70.000000,6.4078135030e-02,5.1609773110e-03,-4.8163565809e-02,9.7478643003e-01,9.8731062219e-01,1.2524192157e-02,1.0313957096e-02,5.1299361914e-59,4.1188631249e-02
50.000000,865.000,85.000000,75.000000,6.1976064743e-02,6.7612171698e-03,-4.9830102076e-02,9.7478643003e-01,9.8731062219e-01,1.2524192157e-02,1.0071329646e-02,1.9896322369e-55,3.9837446514e-02
50.000000,865.000,85.000000,80.000000,6.0350385293e-02,7.8637459099e-03,-5.1140210458e-02,9.7478643003e-01,9.8731062219e-01,1.2524192157e-02,9.9087362179e-03,9.3833342286e-52,3.8792479906e-02
50.000000,865.000,85.000000,85.000000,5.9244246764e-02,8.4288427695e-03,-5.2076713427e-02,9.7478643003e-01,9.8731062219e-01,1.2524192157e-02,9.8324318613e-03,5.0456391158e-48,3.8081467765e-02
50.000000,865.000,85.000000,90.000000,5.8684916348e-02,8.4330200538e-03,-5.2624802742e-02,9.7478643003e-01,9.8731062219e-01,1.2524192157e-02,9.8460701772e-03,2.8976125888e-44,3.7721937104e-02
50.000000,865.000,85.000000,95.000000,5.8682998109e-02,7.8697848766e-03,-5.2772385532e-02,9.7478643003e-01,9.8731062219e-01,1.2524192157e-02,9.9505821431e-03,1.6636430157e-40,3.7720704083e-02
50.000000,865.000,85.000000,100.000000,5.9232159423e-02,6.7498848922e-03,-5.2510417023e-02,9.7478643003e-01,9.8731062219e-01,1.2524192157e-02,1.0144137587e-02,8.9381836750e-37,3.8073698172e-02
50.000000,865.000,85.000000,105.000000,6.0309372033e-02,5.1010301823e-03,-5.1833210067e-02,9.7478643003e-01,9.8731062219e-01,1.2524192157e-02,1.0422190555e-02,4.2075690779e-33,3.8766117091e-02
50.000000,865.000,85.000000,110.000000,6.1875660017e-02,2.9670993790e-03,-5.0738711804e-02,9.7478643003e-01,9.8731062219e-01,1.2524192157e-02,1.0777607281e-02,1.6262671063e-29,3.9772907600e-02
50.000000,865.000,85.000000,115.000000,6.3877331584e-02,4.0685378047e-04,-4.9228738262e-02,9.7478643003e-01,9.8731062219e-01,1.2524192157e-02,1.1200872933e-02,4.8428234542e-26,4.1059557282e-02
50.000000,865.000,85.000000,120.000000,6.6247656903e-02,-2.5078018309e-03,-4.7309158451e-02,9.7478643003e-01,9.8731062219e-01,1.2524192157e-02,1.1680370943e-02,1.0445470991e-22,4.2583173028e-02
50.000000,865.000,85.000000,125.000000,6.8908940632e-02,-5.6939591757e-03,-4.4990020544e-02,9.7478643003e-01,9.8731062219e-01,1.2524192157e-02,1.2202726501e-02,1.5378018376e-19,4.4293813235e-02
50.000000,865.000,85.000000,130.000000,7.1774925841e-02,-9.0601825877e-03,-4.2285613991e-02,9.7478643003e-01,9.8731062219e-01,1.2524192157e-02,1.2753203854e-02,1.4605637901e-16,4.6136033017e-02
50.000000,865.000,85.000000,135.000000,7.4753455941e-02,-1.2509246340e-02,-3.9214462869e-02,9.7478643003e-01,9.8731062219e-01,1.2524192157e-02,1.3316145397e-02,8.4883125346e-14,4.8050595260e-02
50.000000,865.000,85.000000,140.000000,7.7749313443e-02,-1.5941050327e-02,-3.5799247445e-02,9.7478643003e-01,9.8731062219e-01,1.2524192157e-02,1.3875439292e-02,2.8747852005e-11,4.9976295343e-02
50.000000,865.000,85.000000,145.000000,8.0667148983e-02,-1.9255625799e-02,-3.2066652619e-02,9.7478643003e-01,9.8731062219e-01,1.2524192157e-02,1.4415001463e-02,5.4284695278e-09,5.1851843875e-02
50.000000,865.000,85.000000,150.000000,8.3414411361e-02,-2.2356140102e-02,-2.8047143778e-02,9.7478643003e-01,9.8731062219e-01,1.2524192157e-02,1.4919257376e-02,5.4961252524e-07,5.3617750092e-02
50.000000,865.000,85.000000,155.000000,8.5904189296e-02,-2.5151809364e-02,-2.3774672405e-02,9.7478643003e-01,9.8731062219e-01,1.2524192157e-02,1.5373609026e-02,2.8850383503e-05,5.5218148500e-02
50.000000,865.000,85.000000,160.000000,8.8057878342e-02,-2.7560630865e-02,-1.9286315574e-02,9.7478643003e-01,9.8731062219e-01,1.2524192157e-02,1.5764872984e-02,7.6361422863e-04,5.6602513134e-02
50.000000,865.000,85.000000,165.000000,8.9807591722e-02,-2.9511852250e-02,-1.4621855190e-02,9.7478643003e-01,9.8731062219e-01,1.2524192157e-02,1.6081676233e-02,9.9693244353e-03,5.7727207215e-02
50.000000,865.000,85.000000,170.000000,9.1098241667e-02,-3.0948102751e-02,-9.8233043785e-03,9.7478643003e-01,9.8731062219e-01,1.2524192157e-02,1.6314797813e-02,6.3156985171e-02,5.8556821008e-02
50.000000,865.000,85.000000,175.000000,9.1889227867e-02,-3.1827121781e-02,-4.9343898223e-03,9.7478643003e-01,9.8731062219e-01,1.2524192157e-02,1.6457445913e-02,1.9200613365e-01,5.9065257137e-02
50.000000,865.000,85.000000,180.000000,9.2155681633e-02,-3.2123032510e-02,-1.3870599163e-17,9.7478643003e-01,9.8731062219e-01,1.2524192157e-02,1.6505462014e-02,2.7834215604e-01,5.9236530316e-02
50.000000,865.000,85.000000,185.000000,9.1889227867e-02,-3.1827121781e-02,4.9343898223e-03,9.7478643003e-01,9.8731062219e-01,1.2524192157e-02,1.6457445913e-02,1.9200613365e-01,5.9065257137e-02
50.000000,865.000,85.000000,190.000000,9.1098241667e-02,-3.0948102751e-02,9.8233043785e-03,9.7478643003e-01,9.8731062219e-01,1.2524192157e-02,1.6314797813e-02,6.3156985171e-02,5.8556821008e-02
50.000000,865.000,85.000000,195.000000,8.9807591722e-02,-2.9511852250e-02,1.4621855190e-02,9.7478643003e-01,9.8731062219e-01,1.2524192157e-02,1.6081676233e-02,9.9693244353e-03,5.7727207215e-02
50.000000,865.000,85.000000,200.000000,8.8057878342e-02,-2.7560630865e-02,1.9286315574e-02,9.7478643003e-01,9.8731062219e-01,1.2524192157e-02,1.5764872984e-02,7.6361422863e-04,5.6602513134e-02
50.000000,865.000,85.000000,205.000000,8.5904189296e-02,-2.5151809364e-02,2.3774672405e-02,9.7478643003e-01,9.8731062219e-01,1.2524192157e-02,1.5373609026e-02,2.8850383503e-05,5.5218148500e-02
50.000000,865.000,85.000000,210.000000,8.3414411361e-02,-2.2356140102e-02,2.8047143778e-02,9.7478643003e-01,9.8731062219e-01,1.2524192157e-02,1.4919257376e-02,5.4961252524e-07,5.3617750092e-02
50.000000,865.000,85.000000,215.000000,8.0667148983e-02,-1.9255625799e-02,3.2066652619e-02,9.7478643003e-01,9.8731062219e-01,1.2524192157e-02,1.4415001463e-02,5.4284695278e-09,5.1851843875e-02
50.000000,865.000,85.000000,220.000000,7.7749313443e-02,-1.5941050327e-02,3.5799247445e-02,9.7478643003e-01,9.8731062219e-01,1.2524192157e-02,1.3875439292e-02,2.8747852005e-11,4.9976295343e-02
50.000000,865.000,85.000000,225.000000,7.4753455941e-02,-1.2509246340e-02,3.9214462869e-02,9.7478643003e-01,9.8731062219e-01,1.2524192157e-02,1.3316145397e-02,8.4883125346e-14,4.8050595260e-02
50.000000,865.000,85.000000,230.000000,7.1774925841e-02,-9.0601825877e-03,4.2285613991e-02,9.7478643003e-01,9.8731062219e-01,1.2524192157e-02,1.2753203854e-02,1.4605637901e-16,4.6136033017e-02
50.000000,865.000,85.000000,235.000000,6.8908940632e-02,-5.6939591757e-03,4.4990020544e-02,9.7478643003e-01,9.8731062219e-01,1.2524192157e-02,1.2202726501e-02,1.5378018376e-19,4.4293813235e-02
50.000000,865.000,85.000000,240.000000,6.6247656903e-02,-2.5078018309e-03,4.7309158451e-02,9.7478643003e-01,9.8731062219e-01,1.2524192157e-02,1.1680370943e-02,1.0445470991e-22,4.2583173028e-02
50.000000,865.000,85.000000,245.000000,6.3877331584e-02,4.0685378047e-04,4.9228738262e-02,9.7478643003e-01,9.8731062219e-01,1.2524192157e-02,1.1200872933e-02,4.8428234542e-26,4.1059557282e-02
50.000000,865.000,85.000000,250.000000,6.1875660017e-02,2.9670993790e-03,5.0738711804e-02,9.7478643003e-01,9.8731062219e-01,1.2524192157e-02,1.0777607281e-02,1.6262671063e-29,3.9772907600e-02
50.000000,865.000,85.000000,255.000000,6.0309372033e-02,5.1010301823e-03,5.1833210067e-02,9.7478643003e-01,9.8731062219e-01,1.2524192157e-02,1.0422190555e-02,4.2075690779e-33,3.8766117091e-02
50.000000,865.000,85.000000,260.000000,5.9232159423e-02,6.7498848922e-03,5.2510417023e-02,9.7478643003e-01,9.8731062219e-01,1.2524192157e-02,1.0144137587e-02,8.9381836750e-37,3.8073698172e-02
50.000000,865.000,85.000000,265.000000,5.8682998109e-02,7.8697848766e-03,5.2772385532e-02,9.7478643003e-01,9.8731062219e-01,1.2524192157e-02,9.9505821431e-03,1.6636430157e-40,3.7720704083e-02
50.000000,865.000,85.000000,270.000000,5.8684916348e-02,8.4330200538e-03,5.2624802742e-02,9.7478643003e-01,9.8731062219e-01,1.2524192157e-02,9.8460701772e-03,2.8976125888e-44,3.7721937104e-02
50.000000,865.000,85.000000,275.000000,5.9244246764e-02,8.4288427695e-03,5.2076713427e-02,9.7478643003e-01,9.8731062219e-01,1.2524192157e-02,9.8324318613e-03,5.0456391158e-48,3.8081467765e-02
50.000000,865.000,85.000000,280.000000,6.0350385293e-02,7.8637459099e-03,5.1140210458e-02,9.7478643003e-01,9.8731062219e-01,1.2524192157e-02,9.9087362179e-03,9.3833342286e-52,3.8792479906e-02
50.000000,865.000,85.000000,285.000000,6.1976064743e-02,6.7612171698e-03,4.9830102076e-02,9.7478643003e-01,9.8731062219e-01,1.2524192157e-02,1.0071329646e-02,1.9896322369e-55,3.9837446514e-02
50.000000,865.000,85.000000,290.000000,6.4078135030e-02,5.1609773110e-03,4.8163565809e-02,9.7478643003e-01,9.8731062219e-01,1.2524192157e-02,1.0313957096e-02,5.1299361914e-59,4.1188631249e-02
50.000000,865.000,85.000000,295.000000,6.6598826735e-02,3.1177259212e-03,4.6159798770e-02,9.7478643003e-01,9.8731062219e-01,1.2524192157e-02,1.0627962128e-02,1.7126324872e-62,4.2808900645e-02
50.000000,865.000,85.000000,300.000000,6.9467459970e-02,6.9943314458e-04,4.3839673636e-02,9.7478643003e-01,9.8731062219e-01,1.2524192157e-02,1.1002559716e-02,7.8679732060e-66,4.4652822545e-02
50.000000,865.000,85.000000,305.000000,7.2602546970e-02,-2.0147703601e-03,4.1225408948e-02,9.7478643003e-01,9.8731062219e-01,1.2524192157e-02,1.1425173405e-02,5.2734125929e-69,4.6668017624e-02
50.000000,865.000,85.000000,310.000000,7.5914224876e-02,-4.9370407805e-03,3.8340261430e-02,9.7478643003e-01,9.8731062219e-01,1.2524192157e-02,1.1881826538e-02,5.4512483296e-72,4.8796723149e-02
50.000000,865.000,85.000000,315.000000,7.9306945107e-02,-7.9735311401e-03,3.5208246886e-02,9.7478643003e-01,9.8731062219e-01,1.2524192157e-02,1.2357575567e-02,9.1579860775e-75,5.0977521677e-02
50.000000,865.000,85.000000,320.000000,8.2682337938e-02,-1.1027281265e-02,3.1853894884e-02,9.7478643003e-01,9.8731062219e-01,1.2524192157e-02,1.2836972245e-02,2.6250295517e-77,5.3147182366e-02
50.000000,865.000,85.000000,325.000000,8.5942165512e-02,-1.4001199626e-02,2.8302041022e-02,9.7478643003e-01,9.8731062219e-01,1.2524192157e-02,1.3304540559e-02,1.3423703530e-79,5.5242559141e-02
50.000000,865.000,85.000000,330.000000,8.8991273864e-02,-1.6801046172e-02,2.4577658964e-02,9.7478643003e-01,9.8731062219e-01,1.2524192157e-02,1.3745253893e-02,1.2749156171e-81,5.7202488210e-02
50.000000,865.000,85.000000,335.000000,9.1740454481e-02,-1.9338325298e-02,2.0705732913e-02,9.7478643003e-01,9.8731062219e-01,1.2524192157e-02,1.4144997840e-02,2.3301604902e-83,5.8969627448e-02
50.000000,865.000,85.000000,340.000000,9.4109128707e-02,-2.1533000786e-02,1.6711169578e-02,9.7478643003e-01,9.8731062219e-01,1.2524192157e-02,1.4491004568e-02,8.4498095430e-85,6.0492181891e-02
50.000000,865.000,85.000000,345.000000,9.6027773599e-02,-2.3315950063e-02,1.2618747198e-02,9.7478643003e-01,9.8731062219e-01,1.2524192157e-02,1.4772245494e-02,6.2353299634e-86,6.1725463055e-02
50.000000,865.000,85.000000,350.000000,9.7440015714e-02,-2.4631083012e-02,8.4530978138e-03,9.7478643003e-01,9.8731062219e-01,1.2524192157e-02,1.4979770311e-02,9.5513651995e-87,6.2633234789e-02
50.000000,865.000,85.000000,355.000000,9.8304329356e-02,-2.5437060825e-02,4.2387177175e-03,9.7478643003e-01,9.8731062219e-01,1.2524192157e-02,1.5106982012e-02,3.0809642120e-87,6.3188804889e-02
