sza_deg,wavelength_nm,vza_deg,raa_deg,rho_I,rho_Q,rho_U,direct_transmittance,irradiance_transmittance,diffuse_dn_hemi,diffuse_dn_dir,sunglint_up_flux_ratio_diag,toa_up_flux_ratio_diag
25.000000,865.000,0.000000,0.000000,6.1325220107e-03,-6.1492157182e-04,-1.5061234693e-19,9.8202221160e-01,9.9073350482e-01,8.7112932239e-03,1.2013633634e-02,3.5234908779e-02,5.5579524525e-03
25.000000,865.000,0.000000,5.000000,6.1325220107e-03,-6.0557953143e-04,1.0678001036e-04,9.8202221160e-01,9.9073350482e-01,8.7112932239e-03,1.2013633634e-02,3.5234908779e-02,5.5579524525e-03
25.000000,865.000,0.000000,10.000000,6.1325220107e-03,-5.7783726341e-04,2.1031556413e-04,9.8202221160e-01,9.9073350482e-01,8.7112932239e-03,1.2013633634e-02,3.5234908779e-02,5.5579524525e-03
25.000000,865.000,0.000000,15.000000,6.1325220107e-03,-5.3253770254e-04,3.0746078591e-04,9.8202221160e-01,9.9073350482e-01,8.7112932239e-03,1.2013633634e-02,3.5234908779e-02,5.5579524525e-03
25.000000,865.000,0.000000,20.000000,6.1325220107e-03,-4.7105725305e-04,3.9526396730e-04,9.8202221160e-01,9.9073350482e-01,8.7112932239e-03,1.2013633634e-02,3.5234908779e-02,5.5579524525e-03
25.000000,865.000,0.000000,25.000000,6.1325220107e-03,-3.9526396730e-04,4.7105725305e-04,9.8202221160e-01,9.9073350482e-01,8.7112932239e-03,1.2013633634e-02,3.5234908779e-02,5.5579524525e-03
25.000000,865.000,0.000000,30.000000,6.1325220107e-03,-3.0746078591e-04,5.3253770254e-04,9.8202221160e-01,9.9073350482e-01,8.7112932239e-03,1.2013633634e-02,3.5234908779e-02,5.5579524525e-03
25.000000,865.000,0.000000,35.000000,6.1325220107e-03,-2.1031556413e-04,5.7783726341e-04,9.8202221160e-01,9.9073350482e-01,8.7112932239e-03,1.2013633634e-02,3.5234908779e-02,5.5579524525e-03
25.000000,865.000,0.000000,40.000000,6.1325220107e-03,-1.0678001036e-04,6.0557953143e-04,9.8202221160e-01,9.9073350482e-01,8.7112932239e-03,1.2013633634e-02,3.5234908779e-02,5.5579524525e-03
25.000000,865.000,0.000000,45.000000,6.1325220107e-03,-1.8715343498e-19,6.1492157182e-04,9.8202221160e-01,9.9073350482e-01,8.7112932239e-03,1.2013633634e-02,3.5234908779e-02,5.5579524525e-03
25.000000,865.000,0.000000,50.000000,6.1325220107e-03,1.0678001036e-04,6.0557953143e-04,9.8202221160e-01,9.9073350482e-01,8.7112932239e-03,1.2013633634e-02,3.5234908779e-02,5.5579524525e-03
25.000000,865.000,0.000000,55.000000,6.1325220107e-03,2.1031556413e-04,5.7783726341e-04,9.8202221160e-01,9.9073350482e-01,8.7112932239e-03,1.2013633634e-02,3.5234908779e-02,5.5579524525e-03
25.000000,865.000,0.000000,60.000000,6.1325220107e-03,3.0746078591e-04,5.3253770254e-04,9.8202221160e-01,9.9073350482e-01,8.7112932239e-03,1.2013633634e-02,3.5234908779e-02,5.5579524525e-03
25.000000,865.000,0.000000,65.000000,6.1325220107e-03,3.9526396730e-04,4.7105725305e-04,9.8202221160e-01,9.9073350482e-01,8.7112932239e-03,1.2013633634e-02,3.5234908779e-02,5.5579524525e-03
25.000000,865.000,0.000000,70.000000,6.1325220107e-03,4.7105725305e-04,3.9526396730e-04,9.8202221160e-01,9.9073350482e-01,8.7112932239e-03,1.2013633634e-02,3.5234908779e-02,5.5579524525e-03
25.000000,865.000,0.000000,75.000000,6.1325220107e-03,5.3253770254e-04,3.0746078591e-04,9.8202221160e-01,9.9073350482e-01,8.7112932239e-03,1.2013633634e-02,3.5234908779e-02,5.5579524525e-03
25.000000,865.000,0.000000,80.000000,6.1325220107e-03,5.7783726341e-04,2.1031556413e-04,9.8202221160e-01,9.9073350482e-01,8.7112932239e-03,1.2013633634e-02,3.5234908779e-02,5.5579524525e-03
25.000000,865.000,0.000000,85.000000,6.1325220107e-03,6.0557953143e-04,1.0678001036e-04,9.8202221160e-01,9.9073350482e-01,8.7112932239e-03,1.2013633634e-02,3.5234908779e-02,5.5579524525e-03
25.000000,865.000,0.000000,90.000000,6.1325220107e-03,6.1492157182e-04,2.2538658109e-19,9.8202221160e-01,9.9073350482e-01,8.7112932239e-03,1.2013633634e-02,3.5234908779e-02,5.5579524525e-03
25.000000,865.000,0.000000,95.000000,6.1325220107e-03,6.0557953143e-04,-1.0678001036e-04,9.8202221160e-01,9.9073350482e-01,8.7112932239e-03,1.2013633634e-02,3.5234908779e-02,5.5579524525e-03
25.000000,865.000,0.000000,100.000000,6.1325220107e-03,5.7783726341e-04,-2.1031556413e-04,9.8202221160e-01,9.9073350482e-01,8.7112932239e-03,1.2013633634e-02,3.5234908779e-02,5.5579524525e-03
25.000000,865.000,0.000000,105.000000,6.1325220107e-03,5.3253770254e-04,-3.0746078591e-04,9.8202221160e-01,9.9073350482e-01,8.7112932239e-03,1.2013633634e-02,3.5234908779e-02,5.5579524525e-03
25.000000,865.000,0.000000,110.000000,6.1325220107e-03,4.7105725305e-04,-3.9526396730e-04,9.8202221160e-01,9.9073350482e-01,8.7112932239e-03,1.2013633634e-02,3.5234908779e-02,5.5579524525e-03
25.000000,865.000,0.000000,115.000000,6.1325220107e-03,3.9526396730e-04,-4.7105725305e-04,9.8202221160e-01,9.9073350482e-01,8.7112932239e-03,1.2013633634e-02,3.5234908779e-02,5.5579524525e-03
25.000000,865.000,0.000000,120.000000,6.1325220107e-03,3.0746078591e-04,-5.3253770254e-04,9.8202221160e-01,9.9073350482e-01,8.7112932239e-03,1.2013633634e-02,3.5234908779e-02,5.5579524525e-03
25.000000,865.000,0.000000,125.000000,6.1325220107e-03,2.1031556413e-04,-5.7783726341e-04,9.8202221160e-01,9.9073350482e-01,8.7112932239e-03,1.2013633634e-02,3.5234908779e-02,5.5579524525e-03
25.000000,865.000,0.000000,130.000000,6.1325220107e-03,1.0678001036e-04,-6.0557953143e-04,9.8202221160e-01,9.9073350482e-01,8.7112932239e-03,1.2013633634e-02,3.5234908779e-02,5.5579524525e-03
25.000000,865.000,0.000000,135.000000,6.1325220107e-03,2.6326485698e-19,-6.1492157182e-04,9.8202221160e-01,9.9073350482e-01,8.7112932239e-03,1.2013633634e-02,3.5234908779e-02,5.5579524525e-03
25.000000,865.000,0.000000,140.000000,6.1325220107e-03,-1.0678001036e-04,-6.0557953143e-04,9.8202221160e-01,9.9073350482e-01,8.7112932239e-03,1.2013633634e-02,3.5234908779e-02,5.5579524525e-03
25.000000,865.000,0.000000,145.000000,6.1325220107e-03,-2.1031556413e-04,-5.7783726341e-04,9.8202221160e-01,9.9073350482e-01,8.7112932239e-03,1.2013633634e-02,3.5234908779e-02,5.5579524525e-03
25.000000,865.000,0.000000,150.000000,6.1325220107e-03,-3.0746078591e-04,-5.3253770254e-04,9.8202221160e-01,9.9073350482e-01,8.7112932239e-03,1.2013633634e-02,3.5234908779e-02,5.5579524525e-03
25.000000,865.000,0.000000,155.000000,6.1325220107e-03,-3.9526396730e-04,-4.7105725305e-04,9.8202221160e-01,9.9073350482e-01,8.7112932239e-03,1.2013633634e-02,3.5234908779e-02,5.5579524525e-03
25.000000,865.000,0.000000,160.000000,6.1325220107e-03,-4.7105725305e-04,-3.9526396730e-04,9.8202221160e-01,9.9073350482e-01,8.7112932239e-03,1.2013633634e-02,3.5234908779e-02,5.5579524525e-03
25.000000,865.000,0.000000,165.000000,6.1325220107e-03,-5.3253770254e-04,-3.0746078591e-04,9.8202221160e-01,9.9073350482e-01,8.7112932239e-03,1.2013633634e-02,3.5234908779e-02,5.5579524525e-03
25.000000,865.000,0.000000,170.000000,6.1325220107e-03,-5.7783726341e-04,-2.1031556413e-04,9.8202221160e-01,9.9073350482e-01,8.7112932239e-03,1.2013633634e-02,3.5234908779e-02,5.5579524525e-03
25.000000,865.000,0.000000,175.000000,6.1325220107e-03,-6.0557953143e-04,-1.0678001036e-04,9.8202221160e-01,9.9073350482e-01,8.7112932239e-03,1.2013633634e-02,3.5234908779e-02,5.5579524525e-03
25.000000,865.000,0.000000,180.000000,6.1325220107e-03,-6.1492157182e-04,-3.0122469386e-19,9.8202221160e-01,9.9073350482e-01,8.7112932239e-03,1.2013633634e-02,3.5234908779e-02,5.5579524525e-03
25.000000,865.000,0.000000,185.000000,6.1325220107e-03,-6.0557953143e-04,1.0678001036e-04,9.8202221160e-01,9.9073350482e-01,8.7112932239e-03,1.2013633634e-02,3.5234908779e-02,5.5579524525e-03
25.000000,865.000,0.000000,190.000000,6.1325220107e-03,-5.7783726341e-04,2.1031556413e-04,9.8202221160e-01,9.9073350482e-01,8.7112932239e-03,1.2013633634e-02,3.5234908779e-02,5.5579524525e-03
25.000000,865.000,0.000000,195.000000,6.1325220107e-03,-5.3253770254e-04,3.0746078591e-04,9.8202221160e-01,9.9073350482e-01,8.7112932239e-03,1.2013633634e-02,3.5234908779e-02,5.5579524525e-03
25.000000,865.000,0.000000,200.000000,6.1325220107e-03,-4.7105725305e-04,3.9526396730e-04,9.8202221160e-01,9.9073350482e-01,8.7112932239e-03,1.2013633634e-02,3.5234908779e-02,5.5579524525e-03
25.000000,865.000,0.000000,205.000000,6.1325220107e-03,-3.9526396730e-04,4.7105725305e-04,9.8202221160e-01,9.9073350482e-01,8.7112932239e-03,1.2013633634e-02,3.5234908779e-02,5.5579524525e-03
25.000000,865.000,0.000000,210.000000,6.1325220107e-03,-3.0746078591e-04,5.3253770254e-04,9.8202221160e-01,9.9073350482e-01,8.7112932239e-03,1.2013633634e-02,3.5234908779e-02,5.5579524525e-03
25.000000,865.000,0.000000,215.000000,6.1325220107e-03,-2.1031556413e-04,5.7783726341e-04,9.8202221160e-01,9.9073350482e-01,8.7112932239e-03,1.2013633634e-02,3.5234908779e-02,5.5579524525e-03
25.000000,865.000,0.000000,220.000000,6.1325220107e-03,-1.0678001036e-04,6.0557953143e-04,9.8202221160e-01,9.9073350482e-01,8.7112932239e-03,1.2013633634e-02,3.5234908779e-02,5.5579524525e-03
25.000000,865.000,0.000000,225.000000,6.1325220107e-03,-3.3918453075e-19,6.1492157182e-04,9.8202221160e-01,9.9073350482e-01,8.7112932239e-03,1.2013633634e-02,3.5234908779e-02,5.5579524525e-03
25.000000,865.000,0.000000,230.000000,6.1325220107e-03,1.0678001036e-04,6.0557953143e-04,9.8202221160e-01,9.9073350482e-01,8.7112932239e-03,1.2013633634e-02,3.5234908779e-02,5.5579524525e-03
25.000000,865.000,0.000000,235.000000,6.1325220107e-03,2.1031556413e-04,5.7783726341e-04,9.8202221160e-01,9.9073350482e-01,8.7112932239e-03,1.2013633634e-02,3.5234908779e-02,5.5579524525e-03
25.000000,865.000,0.000000,240.000000,6.1325220107e-03,3.0746078591e-04,5.3253770254e-04,9.8202221160e-01,9.9073350482e-01,8.7112932239e-03,1.2013633634e-02,3.5234908779e-02,5.5579524525e-03
25.000000,865.000,0.000000,245.000000,6.1325220107e-03,3.9526396730e-04,4.7105725305e-04,9.8202221160e-01,9.9073350482e-01,8.7112932239e-03,1.2013633634e-02,3.5234908779e-02,5.5579524525e-03
25.000000,865.000,0.000000,250.000000,6.1325220107e-03,4.7105725305e-04,3.9526396730e-04,9.8202221160e-01,9.9073350482e-01,8.7112932239e-03,1.2013633634e-02,3.5234908779e-02,5.5579524525e-03
25.000000,865.000,0.000000,255.000000,6.1325220107e-03,5.3253770254e-04,3.0746078591e-04,9.8202221160e-01,9.9073350482e-01,8.7112932239e-03,1.2013633634e-02,3.5234908779e-02,5.5579524525e-03
25.000000,865.000,0.000000,260.000000,6.1325220107e-03,5.7783726341e-04,2.1031556413e-04,9.8202221160e-01,9.9073350482e-01,8.7112932239e-03,1.2013633634e-02,3.5234908779e-02,5.5579524525e-03
25.000000,865.000,0.000000,265.000000,6.1325220107e-03,6.0557953143e-04,1.0678001036e-04,9.8202221160e-01,9.9073350482e-01,8.7112932239e-03,1.2013633634e-02,3.5234908779e-02,5.5579524525e-03
25.000000,865.000,0.000000,270.000000,6.1325220107e-03,6.1492157182e-04,3.7706280664e-19,9.8202221160e-01,9.9073350482e-01,8.7112932239e-03,1.2013633634e-02,3.5234908779e-02,5.5579524525e-03
25.000000,865.000,0.000000,275.000000,6.1325220107e-03,6.0557953143e-04,-1.0678001036e-04,9.8202221160e-01,9.9073350482e-01,8.7112932239e-03,1.2013633634e-02,3.5234908779e-02,5.5579524525e-03
25.000000,865.000,0.000000,280.000000,6.1325220107e-03,5.7783726341e-04,-2.1031556413e-04,9.8202221160e-01,9.9073350482e-01,8.7112932239e-03,1.2013633634e-02,3.5234908779e-02,5.5579524525e-03
25.000000,865.000,0.000000,285.000000,6.1325220107e-03,5.3253770254e-04,-3.0746078591e-04,9.8202221160e-01,9.9073350482e-01,8.7112932239e-03,1.2013633634e-02,3.5234908779e-02,5.5579524525e-03
25.000000,865.000,0.000000,290.000000,6.1325220107e-03,4.7105725305e-04,-3.9526396730e-04,9.8202221160e-01,9.9073350482e-01,8.7112932239e-03,1.2013633634e-02,3.5234908779e-02,5.5579524525e-03
25.000000,865.000,0.000000,295.000000,6.1325220107e-03,3.9526396730e-04,-4.7105725305e-04,9.8202221160e-01,9.9073350482e-01,8.7112932239e-03,1.2013633634e-02,3.5234908779e-02,5.5579524525e-03
25.000000,865.000,0.000000,300.000000,6.1325220107e-03,3.0746078591e-04,-5.3253770254e-04,9.8202221160e-01,9.9073350482e-01,8.7112932239e-03,1.2013633634e-02,3.5234908779e-02,5.5579524525e-03
25.000000,865.000,0.000000,305.000000,6.1325220107e-03,2.1031556413e-04,-5.7783726341e-04,9.8202221160e-01,9.9073350482e-01,8.7112932239e-03,1.2013633634e-02,3.5234908779e-02,5.5579524525e-03
25.000000,865.000,0.000000,310.000000,6.1325220107e-03,1.0678001036e-04,-6.0557953143e-04,9.8202221160e-01,9.9073350482e-01,8.7112932239e-03,1.2013633634e-02,3.5234908779e-02,5.5579524525e-03
25.000000,865.000,0.000000,315.000000,6.1325220107e-03,1.5076160926e-18,-6.1492157182e-04,9.8202221160e-01,9.9073350482e-01,8.7112932239e-03,1.2013633634e-02,3.5234908779e-02,5.5579524525e-03
25.000000,865.000,0.000000,320.000000,6.1325220107e-03,-1.0678001036e-04,-6.0557953143e-04,9.8202221160e-01,9.9073350482e-01,8.7112932239e-03,1.2013633634e-02,3.5234908779e-02,5.5579524525e-03
25.000000,865.000,0.000000,325.000000,6.1325220107e-03,-2.1031556413e-04,-5.7783726341e-04,9.8202221160e-01,9.9073350482e-01,8.7112932239e-03,1.2013633634e-02,3.5234908779e-02,5.5579524525e-03
25.000000,865.000,0.000000,330.000000,6.1325220107e-03,-3.0746078591e-04,-5.3253770254e-04,9.8202221160e-01,9.9073350482e-01,8.7112932239e-03,1.2013633634e-02,3.5234908779e-02,5.5579524525e-03
25.000000,865.000,0.000000,335.000000,6.1325220107e-03,-3.9526396730e-04,-4.7105725305e-04,9.8202221160e-01,9.9073350482e-01,8.7112932239e-03,1.2013633634e-02,3.5234908779e-02,5.5579524525e-03
25.000000,865.000,0.000000,340.000000,6.1325220107e-03,-4.7105725305e-04,-3.9526396730e-04,9.8202221160e-01,9.9073350482e-01,8.7112932239e-03,1.2013633634e-02,3.5234908779e-02,5.5579524525e-03
25.000000,865.000,0.000000,345.000000,6.1325220107e-03,-5.3253770254e-04,-3.0746078591e-04,9.8202221160e-01,9.9073350482e-01,8.7112932239e-03,1.2013633634e-02,3.5234908779e-02,5.5579524525e-03
25.000000,865.000,0.000000,350.000000,6.1325220107e-03,-5.7783726341e-04,-2.1031556413e-04,9.8202221160e-01,9.9073350482e-01,8.7112932239e-03,1.2013633634e-02,3.5234908779e-02,5.5579524525e-03
25.000000,865.000,0.000000,355.000000,6.1325220107e-03,-6.0557953143e-04,-1.0678001036e-04,9.8202221160e-01,9.9073350482e-01,8.7112932239e-03,1.2013633634e-02,3.5234908779e-02,5.5579524525e-03
25.000000,865.000,5.000000,0.000000,6.3468180719e-03,-4.2844071676e-04,-1.2528435048e-19,9.8202221160e-01,9.9073350482e-01,8.7112932239e-03,1.1602166796e-02,1.6707446016e-02,5.7521706414e-03
25.000000,865.000,5.000000,5.000000,6.3459947535e-03,-4.1988263555e-04,8.8754573399e-05,9.8202221160e-01,9.9073350482e-01,8.7112932239e-03,1.1603544969e-02,1.6750370419e-02,5.7514244616e-03
25.000000,865.000,5.000000,10.000000,6.3435319291e-03,-3.9448627751e-04,1.7440192216e-04,9.8202221160e-01,9.9073350482e-01,8.7112932239e-03,1.1607670583e-02,1.6879476376e-02,5.7491923846e-03
25.000000,865.000,5.000000,15.000000,6.3394509105e-03,-3.5307672016e-04,2.5393235697e-04,9.8202221160e-01,9.9073350482e-01,8.7112932239e-03,1.1614516947e-02,1.7095756298e-02,5.7454937257e-03
25.000000,865.000,5.000000,20.000000,6.3337869504e-03,-2.9700075680e-04,3.2452827178e-04,9.8202221160e-01,9.9073350482e-01,8.7112932239e-03,1.1624039641e-02,1.7400844370e-02,5.7403604346e-03
25.000000,865.000,5.000000,25.000000,6.3265888465e-03,-2.2808530068e-04,3.8365280810e-04,9.8202221160e-01,9.9073350482e-01,8.7112932239e-03,1.1636176623e-02,1.7796985372e-02,5.7338367370e-03
25.000000,865.000,5.000000,30.000000,6.3179183973e-03,-1.4858093851e-04,4.2912991825e-04,9.8202221160e-01,9.9073350482e-01,8.7112932239e-03,1.1650848379e-02,1.8286988232e-02,5.7259786413e-03
25.000000,865.000,5.000000,35.000000,6.3078497184e-03,-6.1092355541e-05,4.5921337229e-04,9.8202221160e-01,9.9073350482e-01,8.7112932239e-03,1.1667958147e-02,1.8874161573e-02,5.7168533192e-03
25.000000,865.000,5.000000,40.000000,6.2964684319e-03,3.1502244832e-05,4.7264258991e-04,9.8202221160e-01,9.9073350482e-01,8.7112932239e-03,1.1687392191e-02,1.9562227943e-02,5.7065383706e-03
25.000000,865.000,5.000000,45.000000,6.2838707410e-03,1.2614026741e-04,4.6868357961e-04,9.8202221160e-01,9.9073350482e-01,8.7112932239e-03,1.1709020172e-02,2.0355212905e-02,5.6951209853e-03
25.000000,865.000,5.000000,50.000000,6.2701624069e-03,2.1966967681e-04,4.4715372142e-04,9.8202221160e-01,9.9073350482e-01,8.7112932239e-03,1.1732695602e-02,2.1257304942e-02,5.6826970154e-03
25.000000,865.000,5.000000,55.000000,6.2554576435e-03,3.0894687489e-04,4.0842962099e-04,9.8202221160e-01,9.9073350482e-01,8.7112932239e-03,1.1758256414e-02,2.2272682137e-02,5.6693699738e-03
25.000000,865.000,5.000000,60.000000,6.2398779478e-03,3.9093451388e-04,3.5343777914e-04,9.8202221160e-01,9.9073350482e-01,8.7112932239e-03,1.1785525639e-02,2.3405302048e-02,5.6552499742e-03
25.000000,865.000,5.000000,65.000000,6.2235508838e-03,4.6279625587e-04,2.8362834408e-04,9.8202221160e-01,9.9073350482e-01,8.7112932239e-03,1.1814312223e-02,2.4658652114e-02,5.6404526290e-03
25.000000,865.000,5.000000,70.000000,6.2066088388e-03,5.2198558059e-04,2.0093272941e-04,9.8202221160e-01,9.9073350482e-01,8.7112932239e-03,1.1844411979e-02,2.6035459442e-02,5.6250979217e-03
25.000000,865.000,5.000000,75.000000,6.1891877684e-03,5.6632592306e-04,1.0770637295e-04,9.8202221160e-01,9.9073350482e-01,8.7112932239e-03,1.1875608688e-02,2.7537361027e-02,5.6093090700e-03
25.000000,865.000,5.000000,80.000000,6.1714259492e-03,5.9407968517e-04,6.6583645320e-06,9.8202221160e-01,9.9073350482e-01,8.7112932239e-03,1.1907675355e-02,2.9164538383e-02,5.5932113949e-03
25.000000,865.000,5.000000,85.000000,6.1534627530e-03,6.0400400249e-04,-9.9229928085e-05,9.8202221160e-01,9.9073350482e-01,8.7112932239e-03,1.1940375617e-02,3.0915324213e-02,5.5769312102e-03
25.000000,865.000,5.000000,90.000000,6.1354374586e-03,5.9539154906e-04,-2.0679476977e-04,9.8202221160e-01,9.9073350482e-01,8.7112932239e-03,1.1973465314e-02,3.2785793004e-02,5.5605947456e-03
25.000000,865.000,5.000000,95.000000,6.1174881144e-03,5.6809511743e-04,-3.1278577839e-04,9.8202221160e-01,9.9073350482e-01,8.7112932239e-03,1.2006694196e-02,3.4769352175e-02,5.5443271152e-03
25.000000,865.000,5.000000,100.000000,6.0997504608e-03,5.2253520335e-04,-4.1396454964e-04,9.8202221160e-01,9.9073350482e-01,8.7112932239e-03,1.2039807788e-02,3.6856355195e-02,5.5282513416e-03
25.000000,865.000,5.000000,105.000000,6.0823569239e-03,4.5969034118e-04,-5.0720319068e-04,9.8202221160e-01,9.9073350482e-01,8.7112932239e-03,1.2072549369e-02,3.9033762642e-02,5.5124874437e-03
25.000000,865.000,5.000000,110.000000,6.0654356854e-03,3.8107045982e-04,-5.8957976775e-04,9.8202221160e-01,9.9073350482e-01,8.7112932239e-03,1.2104662070e-02,4.1284880747e-02,5.4971515934e-03
25.000000,865.000,5.000000,115.000000,6.0491098345e-03,2.8867404537e-04,-6.5846776440e-04,9.8202221160e-01,9.9073350482e-01,8.7112932239e-03,1.2135891063e-02,4.3589209143e-02,5.4823553476e-03
25.000000,865.000,5.000000,120.000000,6.0334966042e-03,1.8493038880e-04,-7.1161682713e-04,9.8202221160e-01,9.9073350482e-01,8.7112932239e-03,1.2165985819e-02,4.5922429397e-02,5.4682049555e-03
25.000000,865.000,5.000000,125.000000,6.0187066924e-03,7.2628651017e-05,-7.4722233780e-04,9.8202221160e-01,9.9073350482e-01,8.7112932239e-03,1.2194702402e-02,4.8256563140e-02,5.4548007432e-03
25.000000,865.000,5.000000,130.000000,6.0048436659e-03,-4.5164121478e-05,-7.6398168991e-04,9.8202221160e-01,9.9073350482e-01,8.7112932239e-03,1.2221805781e-02,5.0560322558e-02,5.4422365743e-03
25.000000,865.000,5.000000,135.000000,5.9920034459e-03,-1.6519356018e-04,-7.6113554765e-04,9.8202221160e-01,9.9073350482e-01,8.7112932239e-03,1.2247072117e-02,5.2799666680e-02,5.4305993830e-03
25.000000,865.000,5.000000,140.000000,5.9802738691e-03,-2.8411438572e-04,-7.3849282142e-04,9.8202221160e-01,9.9073350482e-01,8.7112932239e-03,1.2270291004e-02,5.4938564456e-02,5.4199687762e-03
25.000000,865.000,5.000000,145.000000,5.9697343194e-03,-3.9858975592e-04,-6.9643858650e-04,9.8202221160e-01,9.9073350482e-01,8.7112932239e-03,1.2291267615e-02,5.6939950709e-02,5.4104167002e-03
25.000000,865.000,5.000000,150.000000,5.9604554245e-03,-5.0539054972e-04,-6.3592468802e-04,9.8202221160e-01,9.9073350482e-01,8.7112932239e-03,1.2309824740e-02,5.8766844849e-02,5.4020071655e-03
25.000000,865.000,5.000000,155.000000,5.9524988090e-03,-6.0149158611e-04,-5.5844330038e-04,9.8202221160e-01,9.9073350482e-01,8.7112932239e-03,1.2325804669e-02,6.0383586096e-02,5.3947960229e-03
25.000000,865.000,5.000000,160.000000,5.9459168992e-03,-6.8416186917e-04,-4.6598422538e-04,9.8202221160e-01,9.9073350482e-01,8.7112932239e-03,1.2339070888e-02,6.1757124766e-02,5.3888307868e-03
25.000000,865.000,5.000000,165.000000,5.9407527709e-03,-7.5104612963e-04,-3.6097720666e-04,9.8202221160e-01,9.9073350482e-01,8.7112932239e-03,1.2349509574e-02,6.2858298504e-02,5.3841504971e-03
25.000000,865.000,5.000000,170.000000,5.9370400347e-03,-8.0023519657e-04,-2.4622099201e-04,9.8202221160e-01,9.9073350482e-01,8.7112932239e-03,1.2357030852e-02,6.3663016935e-02,5.3807856154e-03
25.000000,865.000,5.000000,175.000000,5.9348027530e-03,-8.3032306992e-04,-1.2480127691e-04,9.8202221160e-01,9.9073350482e-01,8.7112932239e-03,1.2361569796e-02,6.4153279022e-02,5.3787579496e-03
25.000000,865.000,5.000000,180.000000,5.9340553847e-03,-8.4044896692e-04,-3.5186892212e-19,9.8202221160e-01,9.9073350482e-01,8.7112932239e-03,1.2363087155e-02,6.4317955038e-02,5.3780806039e-03
25.000000,865.000,5.000000,185.000000,5.9348027530e-03,-8.3032306992e-04,1.2480127691e-04,9.8202221160e-01,9.9073350482e-01,8.7112932239e-03,1.2361569796e-02,6.4153279022e-02,5.3787579496e-03
25.000000,865.000,5.000000,190.000000,5.9370400347e-03,-8.0023519657e-04,2.4622099201e-04,9.8202221160e-01,9.9073350482e-01,8.7112932239e-03,1.2357030852e-02,6.3663016935e-02,5.3807856154e-03
25.000000,865.000,5.000000,195.000000,5.9407527709e-03,-7.5104612963e-04,3.6097720666e-04,9.8202221160e-01,9.9073350482e-01,8.7112932239e-03,1.2349509574e-02,6.2858298504e-02,5.3841504971e-03
25.000000,865.000,5.000000,200.000000,5.9459168992e-03,-6.8416186917e-04,4.6598422538e-04,9.8202221160e-01,9.9073350482e-01,8.7112932239e-03,1.2339070888e-02,6.1757124766e-02,5.3888307868e-03
25.000000,865.000,5.000000,205.000000,5.9524988090e-03,-6.0149158611e-04,5.5844330038e-04,9.8202221160e-01,9.9073350482e-01,8.7112932239e-03,1.2325804669e-02,6.0383586096e-02,5.3947960229e-03
25.000000,865.000,5.000000,210.000000,5.9604554245e-03,-5.0539054972e-04,6.3592468802e-04,9.8202221160e-01,9.9073350482e-01,8.7112932239e-03,1.2309824740e-02,5.8766844849e-02,5.4020071655e-03
25.000000,865.000,5.000000,215.000000,5.9697343194e-03,-3.9858975592e-04,6.9643858650e-04,9.8202221160e-01,9.9073350482e-01,8.7112932239e-03,1.2291267615e-02,5.6939950709e-02,5.4104167002e-03
25.000000,865.000,5.000000,220.000000,5.9802738691e-03,-2.8411438572e-04,7.3849282142e-04,9.8202221160e-01,9.9073350482e-01,8.7112932239e-03,1.2270291004e-02,5.4938564456e-02,5.4199687762e-03
25.000000,865.000,5.000000,225.000000,5.9920034459e-03,-1.6519356018e-04,7.6113554765e-04,9.8202221160e-01,9.9073350482e-01,8.7112932239e-03,1.2247072117e-02,5.2799666680e-02,5.4305993830e-03
25.000000,865.000,5.000000,230.000000,6.0048436659e-03,-4.5164121478e-05,7.6398168991e-04,9.8202221160e-01,9.9073350482e-01,8.7112932239e-03,1.2221805781e-02,5.0560322558e-02,5.4422365743e-03
25.000000,865.000,5.000000,235.000000,6.0187066924e-03,7.2628651017e-05,7.4722233780e-04,9.8202221160e-01,9.9073350482e-01,8.7112932239e-03,1.2194702402e-02,4.8256563140e-02,5.4548007432e-03
25.000000,865.000,5.000000,240.000000,6.0334966042e-03,1.8493038880e-04,7.1161682713e-04,9.8202221160e-01,9.9073350482e-01,8.7112932239e-03,1.2165985819e-02,4.5922429397e-02,5.4682049555e-03
25.000000,865.000,5.000000,245.000000,6.0491098345e-03,2.8867404537e-04,6.5846776440e-04,9.8202221160e-01,9.9073350482e-01,8.7112932239e-03,1.2135891063e-02,4.3589209143e-02,5.4823553476e-03
25.000000,865.000,5.000000,250.000000,6.0654356854e-03,3.8107045982e-04,5.8957976775e-04,9.8202221160e-01,9.9073350482e-01,8.7112932239e-03,1.2104662070e-02,4.1284880747e-02,5.4971515934e-03
25.000000,865.000,5.000000,255.000000,6.0823569239e-03,4.5969034118e-04,5.0720319068e-04,9.8202221160e-01,9.9073350482e-01,8.7112932239e-03,1.2072549369e-02,3.9033762642e-02,5.5124874437e-03
25.000000,865.000,5.000000,260.000000,6.0997504608e-03,5.2253520335e-04,4.1396454964e-04,9.8202221160e-01,9.9073350482e-01,8.7112932239e-03,1.2039807788e-02,3.6856355195e-02,5.5282513416e-03
25.000000,865.000,5.000000,265.000000,6.1174881144e-03,5.6809511743e-04,3.1278577839e-04,9.8202221160e-01,9.9073350482e-01,8.7112932239e-03,1.2006694196e-02,3.4769352175e-02,5.5443271152e-03
25.000000,865.000,5.000000,270.000000,6.1354374586e-03,5.9539154906e-04,2.0679476977e-04,9.8202221160e-01,9.9073350482e-01,8.7112932239e-03,1.1973465314e-02,3.2785793004e-02,5.5605947456e-03
25.000000,865.000,5.000000,275.000000,6.1534627530e-03,6.0400400249e-04,9.9229928085e-05,9.8202221160e-01,9.9073350482e-01,8.7112932239e-03,1.1940375617e-02,3.0915324213e-02,5.5769312102e-03
25.000000,865.000,5.000000,280.000000,6.1714259492e-03,5.9407968517e-04,-6.6583645320e-06,9.8202221160e-01,9.9073350482e-01,8.7112932239e-03,1.1907675355e-02,2.9164538383e-02,5.5932113949e-03
25.000000,865.000,5.000000,285.000000,6.1891877684e-03,5.6632592306e-04,-1.0770637295e-04,9.8202221160e-01,9.9073350482e-01,8.7112932239e-03,1.1875608688e-02,2.7537361027e-02,5.6093090700e-03
25.000000,865.000,5.000000,290.000000,6.2066088388e-03,5.2198558059e-04,-2.0093272941e-04,9.8202221160e-01,9.9073350482e-01,8.7112932239e-03,1.1844411979e-02,2.6035459442e-02,5.6250979217e-03
25.000000,865.000,5.000000,295.000000,6.2235508838e-03,4.6279625587e-04,-2.8362834408e-04,9.8202221160e-01,9.9073350482e-01,8.7112932239e-03,1.1814312223e-02,2.4658652114e-02,5.6404526290e-03
25.000000,865.000,5.000000,300.000000,6.2398779478e-03,3.9093451388e-04,-3.5343777914e-04,9.8202221160e-01,9.9073350482e-01,8.7112932239e-03,1.1785525639e-02,2.3405302048e-02,5.6552499742e-03
25.000000,865.000,5.000000,305.000000,6.2554576435e-03,3.0894687489e-04,-4.0842962099e-04,9.8202221160e-01,9.9073350482e-01,8.7112932239e-03,1.1758256414e-02,2.2272682137e-02,5.6693699738e-03
25.000000,865.000,5.000000,310.000000,6.2701624069e-03,2.1966967681e-04,-4.4715372142e-04,9.8202221160e-01,9.9073350482e-01,8.7112932239e-03,1.1732695602e-02,2.1257304942e-02,5.6826970154e-03
25.000000,865.000,5.000000,315.000000,6.2838707410e-03,1.2614026741e-04,-4.6868357961e-04,9.8202221160e-01,9.9073350482e-01,8.7112932239e-03,1.1709020172e-02,2.0355212905e-02,5.6951209853e-03
25.000000,865.000,5.000000,320.000000,6.2964684319e-03,3.1502244832e-05,-4.7264258991e-04,9.8202221160e-01,9.9073350482e-01,8.7112932239e-03,1.1687392191e-02,1.9562227943e-02,5.7065383706e-03
25.000000,865.000,5.000000,325.000000,6.3078497184e-03,-6.1092355541e-05,-4.5921337229e-04,9.8202221160e-01,9.9073350482e-01,8.7112932239e-03,1.1667958147e-02,1.8874161573e-02,5.7168533192e-03
25.000000,865.000,5.000000,330.000000,6.3179183973e-03,-1.4858093851e-04,-4.2912991825e-04,9.8202221160e-01,9.9073350482e-01,8.7112932239e-03,1.1650848379e-02,1.8286988232e-02,5.7259786413e-03
25.000000,865.000,5.000000,335.000000,6.3265888465e-03,-2.2808530068e-04,-3.8365280810e-04,9.8202221160e-01,9.9073350482e-01,8.7112932239e-03,1.1636176623e-02,1.7796985372e-02,5.7338367370e-03
25.000000,865.000,5.000000,340.000000,6.3337869504e-03,-2.9700075680e-04,-3.2452827178e-04,9.8202221160e-01,9.9073350482e-01,8.7112932239e-03,1.1624039641e-02,1.7400844370e-02,5.7403604346e-03
25.000000,865.000,5.000000,345.000000,6.3394509105e-03,-3.5307672016e-04,-2.5393235697e-04,9.8202221160e-01,9.9073350482e-01,8.7112932239e-03,1.1614516947e-02,1.7095756298e-02,5.7454937257e-03
25.000000,865.000,5.000000,350.000000,6.3435319291e-03,-3.9448627751e-04,-1.7440192216e-04,9.8202221160e-01,9.9073350482e-01,8.7112932239e-03,1.1607670583e-02,1.6879476376e-02,5.7491923846e-03
25.000000,865.000,5.000000,355.000000,6.3459947535e-03,-4.1988263555e-04,-8.8754573399e-05,9.8202221160e-01,9.9073350482e-01,8.7112932239e-03,1.1603544969e-02,1.6750370419e-02,5.7514244616e-03
25.000000,865.000,10.000000,0.000000,6.5677612898e-03,-2.9139478654e-04,-1.0064441161e-19,9.8202221160e-01,9.9073350482e-01,8.7112932239e-03,1.1088162189e-02,6.7671318118e-03,5.9524132003e-03
25.000000,865.000,10.000000,5.000000,6.5660759540e-03,-2.8358199327e-04,7.1218833814e-05,9.8202221160e-01,9.9073350482e-01,8.7112932239e-03,1.1090938783e-02,6.8022701631e-03,5.9508857674e-03
25.000000,865.000,10.000000,10.000000,6.5610362474e-03,-2.6041584351e-04,1.3946406797e-04,9.8202221160e-01,9.9073350482e-01,8.7112932239e-03,1.1099253719e-02,6.9085107006e-03,5.9463182420e-03
25.000000,865.000,10.000000,15.000000,6.5526908430e-03,-2.2270449074e-04,2.0185861606e-04,9.8202221160e-01,9.9073350482e-01,8.7112932239e-03,1.1113062384e-02,7.0883466562e-03,5.9387547371e-03
25.000000,865.000,10.000000,20.000000,6.5411201021e-03,-1.7176666300e-04,2.5571543879e-04,9.8202221160e-01,9.9073350482e-01,8.7112932239e-03,1.1132290169e-02,7.3459887027e-03,5.9282680845e-03
25.000000,865.000,10.000000,25.000000,6.5264349504e-03,-1.0939027824e-04,2.9862520993e-04,9.8202221160e-01,9.9073350482e-01,8.7112932239e-03,1.1156832111e-02,7.6874454758e-03,5.9149588172e-03
25.000000,865.000,10.000000,30.000000,6.5087753396e-03,-3.7776291277e-05,3.2853540477e-04,9.8202221160e-01,9.9073350482e-01,8.7112932239e-03,1.1186552434e-02,8.1206310844e-03,5.8989537743e-03
25.000000,865.000,10.000000,35.000000,6.4883083252e-03,4.0530507499e-05,3.4381836340e-04,9.8202221160e-01,9.9073350482e-01,8.7112932239e-03,1.1221284033e-02,8.6554934346e-03,5.8804043599e-03
25.000000,865.000,10.000000,40.000000,6.4652258035e-03,1.2272162136e-04,3.4332621721e-04,9.8202221160e-01,9.9073350482e-01,8.7112932239e-03,1.1260827952e-02,9.3041540758e-03,5.8594844907e-03
25.000000,865.000,10.000000,45.000000,6.4397419529e-03,2.0581344836e-04,3.2643096820e-04,9.8202221160e-01,9.9073350482e-01,8.7112932239e-03,1.1304952909e-02,1.0081046179e-02,5.8363882784e-03
25.000000,865.000,10.000000,50.000000,6.4120904339e-03,2.8674163732e-04,2.9304846362e-04,9.8202221160e-01,9.9073350482e-01,8.7112932239e-03,1.1353394941e-02,1.1003032033e-02,5.8113274915e-03
25.000000,865.000,10.000000,55.000000,6.3825214045e-03,3.6245830365e-04,2.4364550029e-04,9.8202221160e-01,9.9073350482e-01,8.7112932239e-03,1.1405857231e-02,1.2089475070e-02,5.7845288499e-03
25.000000,865.000,10.000000,60.000000,6.3512984094e-03,4.3002911986e-04,1.7922980811e-04,9.8202221160e-01,9.9073350482e-01,8.7112932239e-03,1.1462010180e-02,1.3362234001e-02,5.7562312062e-03
25.000000,865.000,10.000000,65.000000,6.3186952041e-03,4.8672729653e-04,1.0132318546e-04,9.8202221160e-01,9.9073350482e-01,8.7112932239e-03,1.1521491802e-02,1.4845538586e-02,5.7266826674e-03
25.000000,865.000,10.000000,70.000000,6.2849925741e-03,5.3012156160e-04,1.1918574060e-05,9.8202221160e-01,9.9073350482e-01,8.7112932239e-03,1.1583908490e-02,1.6565698590e-02,5.6961377114e-03
25.000000,865.000,10.000000,75.000000,6.2504752055e-03,5.5815542564e-04,-8.6577647593e-05,9.8202221160e-01,9.9073350482e-01,8.7112932239e-03,1.1648836220e-02,1.8550590748e-02,5.6648543515e-03
25.000000,865.000,10.000000,80.000000,6.2154286619e-03,5.6921528369e-04,-1.9141642047e-04,9.8202221160e-01,9.9073350482e-01,8.7112932239e-03,1.1715822225e-02,2.0828864846e-02,5.6330913960e-03
25.000000,865.000,10.000000,85.000000,6.1801365161e-03,5.6218524168e-04,-2.9958767910e-04,9.8202221160e-01,9.9073350482e-01,8.7112932239e-03,1.1784387182e-02,2.3428811429e-02,5.6011058495e-03
25.000000,865.000,10.000000,90.000000,6.1448776806e-03,5.3648695739e-04,-4.0791047593e-04,9.8202221160e-01,9.9073350482e-01,8.7112932239e-03,1.1854027940e-02,2.6376842852e-02,5.5691504923e-03
25.000000,865.000,10.000000,95.000000,6.1099239708e-03,4.9210324029e-04,-5.1312882774e-04,9.8202221160e-01,9.9073350482e-01,8.7112932239e-03,1.1924220778e-02,2.9695559062e-02,5.5374716729e-03
25.000000,865.000,10.000000,100.000000,6.0755379310e-03,4.2958464726e-04,-6.1201037800e-04,9.8202221160e-01,9.9073350482e-01,8.7112932239e-03,1.1994425199e-02,3.3401401937e-02,5.5063073373e-03
25.000000,865.000,10.000000,105.000000,6.0419709421e-03,3.5003882762e-04,-7.0144487945e-04,9.8202221160e-01,9.9073350482e-01,8.7112932239e-03,1.2064088236e-02,3.7501948504e-02,5.4758853139e-03
25.000000,865.000,10.000000,110.000000,6.0094616215e-03,2.5510289497e-04,-7.7853950241e-04,9.8202221160e-01,9.9073350482e-01,8.7112932239e-03,1.2132649228e-02,4.1992953229e-02,5.4464218634e-03
25.000000,865.000,10.000000,115.000000,5.9782345191e-03,1.4689961940e-04,-8.4070806697e-04,9.8202221160e-01,9.9073350482e-01,8.7112932239e-03,1.2199545013e-02,4.6855319246e-02,5.4181204974e-03
25.000000,865.000,10.000000,120.000000,5.9484991035e-03,2.7978726047e-05,-8.8575147737e-04,9.8202221160e-01,9.9073350482e-01,8.7112932239e-03,1.2264215471e-02,5.2052251128e-02,5.3911710587e-03
25.000000,865.000,10.000000,125.000000,5.9204490237e-03,-9.8754960584e-05,-9.1192690078e-04,9.8202221160e-01,9.9073350482e-01,8.7112932239e-03,1.2326109336e-02,5.7526906876e-02,5.3657490529e-03
25.000000,865.000,10.000000,130.000000,5.8942616279e-03,-2.3012438591e-04,-9.1800357038e-04,9.8202221160e-01,9.9073350482e-01,8.7112932239e-03,1.2384690185e-02,6.3200910849e-02,5.3420152122e-03
25.000000,865.000,10.000000,135.000000,5.8700977116e-03,-3.6277167133e-04,-9.0330349550e-04,9.8202221160e-01,9.9073350482e-01,8.7112932239e-03,1.2439442512e-02,6.8974097588e-02,5.3201152667e-03
25.000000,865.000,10.000000,140.000000,5.8481014636e-03,-4.9325531871e-04,-8.6772581679e-04,9.8202221160e-01,9.9073350482e-01,8.7112932239e-03,1.2489877764e-02,7.4725815537e-02,5.3001798959e-03
25.000000,865.000,10.000000,145.000000,5.8284005756e-03,-6.1815029650e-04,-8.1175403767e-04,9.8202221160e-01,9.9073350482e-01,8.7112932239e-03,1.2535540243e-02,8.0318021110e-02,5.2823248276e-03
25.000000,865.000,10.000000,150.000000,5.8111064766e-03,-7.3414800057e-04,-7.3644588071e-04,9.8202221160e-01,9.9073350482e-01,8.7112932239e-03,1.2576012758e-02,8.5600237301e-02,5.2666510510e-03
25.000000,865.000,10.000000,155.000000,5.7963146554e-03,-8.3815308363e-04,-6.4340604250e-04,9.8202221160e-01,9.9073350482e-01,8.7112932239e-03,1.2610921917e-02,9.0416247994e-02,5.2532451083e-03
25.000000,865.000,10.000000,160.000000,5.7841050313e-03,-9.2737423950e-04,-5.3474263768e-04,9.8202221160e-01,9.9073350482e-01,8.7112932239e-03,1.2639942955e-02,9.4612171998e-02,5.2421794309e-03
25.000000,865.000,10.000000,165.000000,5.7745423383e-03,-9.9940620845e-04,-4.1300861579e-04,9.8202221160e-01,9.9073350482e-01,8.7112932239e-03,1.2662804003e-02,9.8045342050e-02,5.2335126878e-03
25.000000,865.000,10.000000,170.000000,5.7676764887e-03,-1.0523005334e-03,-2.8112988956e-04,9.8202221160e-01,9.9073350482e-01,8.7112932239e-03,1.2679289701e-02,1.0059324096e-01,5.2272901148e-03
25.000000,865.000,10.000000,175.000000,5.7635428882e-03,-1.0846229346e-03,-1.4232231482e-04,9.8202221160e-01,9.9073350482e-01,8.7112932239e-03,1.2689244100e-02,1.0216165502e-01,5.2235438005e-03
25.000000,865.000,10.000000,180.000000,5.7621626780e-03,-1.0954955742e-03,-4.0110732669e-19,9.8202221160e-01,9.9073350482e-01,8.7112932239e-03,1.2692572773e-02,1.0269121893e-01,5.2222929053e-03
25.000000,865.000,10.000000,185.000000,5.7635428882e-03,-1.0846229346e-03,1.4232231482e-04,9.8202221160e-01,9.9073350482e-01,8.7112932239e-03,1.2689244100e-02,1.0216165502e-01,5.2235438005e-03
25.000000,865.000,10.000000,190.000000,5.7676764887e-03,-1.0523005334e-03,2.8112988956e-04,9.8202221160e-01,9.9073350482e-01,8.7112932239e-03,1.2679289701e-02,1.0059324096e-01,5.2272901148e-03
25.000000,865.000,10.000000,195.000000,5.7745423383e-03,-9.9940620845e-04,4.1300861579e-04,9.8202221160e-01,9.9073350482e-01,8.7112932239e-03,1.2662804003e-02,9.8045342050e-02,5.2335126878e-03
25.000000,865.000,10.000000,200.000000,5.7841050313e-03,-9.2737423950e-04,5.3474263768e-04,9.8202221160e-01,9.9073350482e-01,8.7112932239e-03,1.2639942955e-02,9.4612171998e-02,5.2421794309e-03
25.000000,865.000,10.000000,205.000000,5.7963146554e-03,-8.3815308363e-04,6.4340604250e-04,9.8202221160e-01,9.9073350482e-01,8.7112932239e-03,1.2610921917e-02,9.0416247994e-02,5.2532451083e-03
25.000000,865.000,10.000000,210.000000,5.8111064766e-03,-7.3414800057e-04,7.3644588071e-04,9.8202221160e-01,9.9073350482e-01,8.7112932239e-03,1.2576012758e-02,8.5600237301e-02,5.2666510510e-03
25.000000,865.000,10.000000,215.000000,5.8284005756e-03,-6.1815029650e-04,8.1175403767e-04,9.8202221160e-01,9.9073350482e-01,8.7112932239e-03,1.2535540243e-02,8.0318021110e-02,5.2823248276e-03
25.000000,865.000,10.000000,220.000000,5.8481014636e-03,-4.9325531871e-04,8.6772581679e-04,9.8202221160e-01,9.9073350482e-01,8.7112932239e-03,1.2489877764e-02,7.4725815537e-02,5.3001798959e-03
25.000000,865.000,10.000000,225.000000,5.8700977116e-03,-3.6277167133e-04,9.0330349550e-04,9.8202221160e-01,9.9073350482e-01,8.7112932239e-03,1.2439442512e-02,6.8974097588e-02,5.3201152667e-03
25.000000,865.000,10.000000,230.000000,5.8942616279e-03,-2.3012438591e-04,9.1800357038e-04,9.8202221160e-01,9.9073350482e-01,8.7112932239e-03,1.2384690185e-02,6.3200910849e-02,5.3420152122e-03
25.000000,865.000,10.000000,235.000000,5.9204490237e-03,-9.8754960584e-05,9.1192690078e-04,9.8202221160e-01,9.9073350482e-01,8.7112932239e-03,1.2326109336e-02,5.7526906876e-02,5.3657490529e-03
25.000000,865.000,10.000000,240.000000,5.9484991035e-03,2.7978726047e-05,8.8575147737e-04,9.8202221160e-01,9.9073350482e-01,8.7112932239e-03,1.2264215471e-02,5.2052251128e-02,5.3911710587e-03
25.000000,865.000,10.000000,245.000000,5.9782345191e-03,1.4689961940e-04,8.4070806697e-04,9.8202221160e-01,9.9073350482e-01,8.7112932239e-03,1.2199545013e-02,4.6855319246e-02,5.4181204974e-03
25.000000,865.000,10.000000,250.000000,6.0094616215e-03,2.5510289497e-04,7.7853950241e-04,9.8202221160e-01,9.9073350482e-01,8.7112932239e-03,1.2132649228e-02,4.1992953229e-02,5.4464218634e-03
25.000000,865.000,10.000000,255.000000,6.0419709421e-03,3.5003882762e-04,7.0144487945e-04,9.8202221160e-01,9.9073350482e-01,8.7112932239e-03,1.2064088236e-02,3.7501948504e-02,5.4758853139e-03
25.000000,865.000,10.000000,260.000000,6.0755379310e-03,4.2958464726e-04,6.1201037800e-04,9.8202221160e-01,9.9073350482e-01,8.7112932239e-03,1.1994425199e-02,3.3401401937e-02,5.5063073373e-03
25.000000,865.000,10.000000,265.000000,6.1099239708e-03,4.9210324029e-04,5.1312882774e-04,9.8202221160e-01,9.9073350482e-01,8.7112932239e-03,1.1924220778e-02,2.9695559062e-02,5.5374716729e-03
25.000000,865.000,10.000000,270.000000,6.1448776806e-03,5.3648695739e-04,4.0791047593e-04,9.8202221160e-01,9.9073350482e-01,8.7112932239e-03,1.1854027940e-02,2.6376842852e-02,5.5691504923e-03
25.000000,865.000,10.000000,275.000000,6.1801365161e-03,5.6218524168e-04,2.9958767910e-04,9.8202221160e-01,9.9073350482e-01,8.7112932239e-03,1.1784387182e-02,2.3428811429e-02,5.6011058495e-03
25.000000,865.000,10.000000,280.000000,6.2154286619e-03,5.6921528369e-04,1.9141642047e-04,9.8202221160e-01,9.9073350482e-01,8.7112932239e-03,1.1715822225e-02,2.0828864846e-02,5.6330913960e-03
25.000000,865.000,10.000000,285.000000,6.2504752055e-03,5.5815542564e-04,8.6577647593e-05,9.8202221160e-01,9.9073350482e-01,8.7112932239e-03,1.1648836220e-02,1.8550590748e-02,5.6648543515e-03
25.000000,865.000,10.000000,290.000000,6.2849925741e-03,5.3012156160e-04,-1.1918574060e-05,9.8202221160e-01,9.9073350482e-01,8.7112932239e-03,1.1583908490e-02,1.6565698590e-02,5.6961377114e-03
25.000000,865.000,10.000000,295.000000,6.3186952041e-03,4.8672729653e-04,-1.0132318546e-04,9.8202221160e-01,9.9073350482e-01,8.7112932239e-03,1.1521491802e-02,1.4845538586e-02,5.7266826674e-03
25.000000,865.000,10.000000,300.000000,6.3512984094e-03,4.3002911986e-04,-1.7922980811e-04,9.8202221160e-01,9.9073350482e-01,8.7112932239e-03,1.1462010180e-02,1.3362234001e-02,5.7562312062e-03
25.000000,865.000,10.000000,305.000000,6.3825214045e-03,3.6245830365e-04,-2.4364550029e-04,9.8202221160e-01,9.9073350482e-01,8.7112932239e-03,1.1405857231e-02,1.2089475070e-02,5.7845288499e-03
25.000000,865.000,10.000000,310.000000,6.4120904339e-03,2.8674163732e-04,-2.9304846362e-04,9.8202221160e-01,9.9073350482e-01,8.7112932239e-03,1.1353394941e-02,1.1003032033e-02,5.8113274915e-03
25.000000,865.000,10.000000,315.000000,6.4397419529e-03,2.0581344836e-04,-3.2643096820e-04,9.8202221160e-01,9.9073350482e-01,8.7112932239e-03,1.1304952909e-02,1.0081046179e-02,5.8363882784e-03
25.000000,865.000,10.000000,320.000000,6.4652258035e-03,1.2272162136e-04,-3.4332621721e-04,9.8202221160e-01,9.9073350482e-01,8.7112932239e-03,1.1260827952e-02,9.3041540758e-03,5.8594844907e-03
25.000000,865.000,10.000000,325.000000,6.4883083252e-03,4.0530507499e-05,-3.4381836340e-04,9.8202221160e-01,9.9073350482e-01,8.7112932239e-03,1.1221284033e-02,8.6554934346e-03,5.8804043599e-03
25.000000,865.000,10.000000,330.000000,6.5087753396e-03,-3.7776291277e-05,-3.2853540477e-04,9.8202221160e-01,9.9073350482e-01,8.7112932239e-03,1.1186552434e-02,8.1206310844e-03,5.8989537743e-03
25.000000,865.000,10.000000,335.000000,6.5264349504e-03,-1.0939027824e-04,-2.9862520993e-04,9.8202221160e-01,9.9073350482e-01,8.7112932239e-03,1.1156832111e-02,7.6874454758e-03,5.9149588172e-03
25.000000,865.000,10.000000,340.000000,6.5411201021e-03,-1.7176666300e-04,-2.5571543879e-04,9.8202221160e-01,9.9073350482e-01,8.7112932239e-03,1.1132290169e-02,7.3459887027e-03,5.9282680845e-03
25.000000,865.000,10.000000,345.000000,6.5526908430e-03,-2.2270449074e-04,-2.0185861606e-04,9.8202221160e-01,9.9073350482e-01,8.7112932239e-03,1.1113062384e-02,7.0883466562e-03,5.9387547371e-03
25.000000,865.000,10.000000,350.000000,6.5610362474e-03,-2.6041584351e-04,-1.3946406797e-04,9.8202221160e-01,9.9073350482e-01,8.7112932239e-03,1.1099253719e-02,6.9085107006e-03,5.9463182420e-03
25.000000,865.000,10.000000,355.000000,6.5660759540e-03,-2.8358199327e-04,-7.1218833814e-05,9.8202221160e-01,9.9073350482e-01,8.7112932239e-03,1.1090938783e-02,6.8022701631e-03,5.9508857674e-03
25.000000,865.000,15.000000,0.000000,6.8096796246e-03,-1.9335780462e-04,-7.4625171647e-20,9.8202221160e-01,9.9073350482e-01,8.7112932239e-03,1.0569287064e-02,2.3031085849e-03,6.1716656710e-03
25.000000,865.000,15.000000,5.000000,6.8070462803e-03,-1.8629342465e-04,5.2701505947e-05,9.8202221160e-01,9.9073350482e-01,8.7112932239e-03,1.0573128938e-02,2.3213429121e-03,6.1692790506e-03
25.000000,865.000,15.000000,10.000000,6.7991741661e-03,-1.6536692686e-04,1.0257070806e-04,9.8202221160e-01,9.9073350482e-01,8.7112932239e-03,1.0584639295e-02,2.3767734483e-03,6.1621444922e-03
25.000000,865.000,15.000000,15.000000,6.7861465859e-03,-1.3136974003e-04,1.4687072923e-04,9.8202221160e-01,9.9073350482e-01,8.7112932239e-03,1.0603772032e-02,2.4716192575e-03,6.1503374947e-03
25.000000,865.000,15.000000,20.000000,6.7681008839e-03,-8.5592848387e-05,1.8305257504e-04,9.8202221160e-01,9.9073350482e-01,8.7112932239e-03,1.0630449296e-02,2.6097013661e-03,6.1339825345e-03
25.000000,865.000,15.000000,25.000000,6.7452262394e-03,-2.9785602170e-05,2.0884173892e-04,9.8202221160e-01,9.9073350482e-01,8.7112932239e-03,1.0664560022e-02,2.7966309051e-03,6.1132510661e-03
25.000000,865.000,15.000000,30.000000,6.7177606512e-03,3.3900163472e-05,2.2231625536e-04,9.8202221160e-01,9.9073350482e-01,8.7112932239e-03,1.0705957980e-02,3.0400805897e-03,6.0883587896e-03
25.000000,865.000,15.000000,35.000000,6.6859871848e-03,1.0297898254e-04,2.2197376165e-04,9.8202221160e-01,9.9073350482e-01,8.7112932239e-03,1.0754459442e-02,3.3501464642e-03,6.0595622496e-03
25.000000,865.000,15.000000,40.000000,6.6502295684e-03,1.7471146675e-04,2.0678546433e-04,9.8202221160e-01,9.9073350482e-01,8.7112932239e-03,1.0809840596e-02,3.7398068883e-03,6.0271548435e-03
25.000000,865.000,15.000000,45.000000,6.6108472405e-03,2.4619241475e-04,1.7623530754e-04,9.8202221160e-01,9.9073350482e-01,8.7112932239e-03,1.0871834828e-02,4.2254838245e-03,5.9914623330e-03
25.000000,865.000,15.000000,50.000000,6.5682299615e-03,3.1444460781e-04,1.3034309279e-04,9.8202221160e-01,9.9073350482e-01,8.7112932239e-03,1.0940130048e-02,4.8277066324e-03,5.9528379611e-03
25.000000,865.000,15.000000,55.000000,6.5227921115e-03,3.7651539999e-04,6.9670791177e-05,9.8202221160e-01,9.9073350482e-01,8.7112932239e-03,1.1014366211e-02,5.5718694887e-03,5.9116572839e-03
25.000000,865.000,15.000000,60.000000,6.4749668015e-03,4.2957312125e-04,-4.6881964780e-06,9.8202221160e-01,9.9073350482e-01,8.7112932239e-03,1.1094133206e-02,6.4890587218e-03,5.8683128330e-03
25.000000,865.000,15.000000,65.000000,6.4251999238e-03,4.7100031353e-04,-9.1136553340e-05,9.8202221160e-01,9.9073350482e-01,8.7112932239e-03,1.1178969270e-02,7.6169041336e-03,5.8232087242e-03
25.000000,865.000,15.000000,70.000000,6.3739442704e-03,4.9848091201e-04,-1.8761654170e-04,9.8202221160e-01,9.9073350482e-01,8.7112932239e-03,1.1268360086e-02,9.0003773507e-03,5.7767553264e-03
25.000000,865.000,15.000000,75.000000,6.3216538366e-03,5.1007866444e-04,-2.9166819620e-04,9.8202221160e-01,9.9073350482e-01,8.7112932239e-03,1.1361738709e-02,1.0692419705e-02,5.7293640991e-03
25.000000,865.000,15.000000,80.000000,6.2687784247e-03,5.0430434447e-04,-4.0050048004e-04,9.8202221160e-01,9.9073350482e-01,8.7112932239e-03,1.1458486436e-02,1.2754232913e-02,5.6814427015e-03
25.000000,865.000,15.000000,85.000000,6.2157586451e-03,4.8016965306e-04,-5.1107326931e-04,9.8202221160e-01,9.9073350482e-01,8.7112932239e-03,1.1557934718e-02,1.5255011329e-02,5.6333904624e-03
25.000000,865.000,15.000000,90.000000,6.1630214027e-03,4.3722610426e-04,-6.2018769597e-04,9.8202221160e-01,9.9073350482e-01,8.7112932239e-03,1.1659368189e-02,1.8270841948e-02,5.5855942889e-03
25.000000,865.000,15.000000,95.000000,6.1109759370e-03,3.7558764652e-04,-7.2458211978e-04,9.8202221160e-01,9.9073350482e-01,8.7112932239e-03,1.1762028856e-02,2.1882459615e-02,5.5384250781e-03
25.000000,865.000,15.000000,100.000000,6.0600104681e-03,2.9593626361e-04,-8.2103082259e-04,9.8202221160e-01,9.9073350482e-01,8.7112932239e-03,1.1865121433e-02,2.6171537150e-02,5.4922346767e-03
25.000000,865.000,15.000000,105.000000,6.0104894817e-03,1.9951031618e-04,-9.0644242917e-04,9.8202221160e-01,9.9073350482e-01,8.7112932239e-03,1.1967819827e-02,3.1215234819e-02,5.4473534212e-03
25.000000,865.000,15.000000,110.000000,5.9627516659e-03,8.8075908999e-05,-9.7795506111e-04,9.8202221160e-01,9.9073350482e-01,8.7112932239e-03,1.2069274680e-02,3.7078853208e-02,5.4040882670e-03
25.000000,865.000,15.000000,115.000000,5.9171084937e-03,-3.6117914352e-05,-1.0330253232e-03,9.8202221160e-01,9.9073350482e-01,8.7112932239e-03,1.2168621898e-02,4.3806646582e-02,5.3627215046e-03
25.000000,865.000,15.000000,120.000000,5.8738434283e-03,-1.7039885558e-04,-1.0695084032e-03,9.8202221160e-01,9.9073350482e-01,8.7112932239e-03,1.2264992014e-02,5.1411166040e-02,5.3235100389e-03
25.000000,865.000,15.000000,125.000000,5.8332117071e-03,-3.1174417677e-04,-1.0857268292e-03,9.8202221160e-01,9.9073350482e-01,8.7112932239e-03,1.2357520256e-02,5.9861897308e-02,5.2866851936e-03
25.000000,865.000,15.000000,130.000000,5.7954406492e-03,-4.5686449792e-04,-1.0805257692e-03,9.8202221160e-01,9.9073350482e-01,8.7112932239e-03,1.2445357116e-02,6.9074391257e-02,5.2524529896e-03
25.000000,865.000,15.000000,135.000000,5.7607304136e-03,-6.0229609193e-04,-1.0533131584e-03,9.8202221160e-01,9.9073350482e-01,8.7112932239e-03,1.2527679233e-02,7.8901477315e-02,5.2209948328e-03
25.000000,865.000,15.000000,140.000000,5.7292551292e-03,-7.4449893101e-04,-1.0040833976e-03,9.8202221160e-01,9.9073350482e-01,8.7112932239e-03,1.2603700363e-02,8.9128395455e-02,5.1924685375e-03
25.000000,865.000,15.000000,145.000000,5.7011643048e-03,-8.7995756013e-04,-9.3342385869e-04,9.8202221160e-01,9.9073350482e-01,8.7112932239e-03,1.2672682214e-02,9.9473667105e-02,5.1670096046e-03
25.000000,865.000,15.000000,150.000000,5.6765844273e-03,-1.0052817835e-03,-8.4250395133e-04,9.8202221160e-01,9.9073350482e-01,8.7112932239e-03,1.2733944923e-02,1.0959715596e-01,5.1447326702e-03
25.000000,865.000,15.000000,155.000000,5.6556206513e-03,-1.1173041514e-03,-7.3304703096e-04,9.8202221160e-01,9.9073350482e-01,8.7112932239e-03,1.2786876932e-02,1.1911601001e-01,5.1257330368e-03
25.000000,865.000,15.000000,160.000000,5.6383584881e-03,-1.2131713270e-03,-6.0728594437e-04,9.8202221160e-01,9.9073350482e-01,8.7112932239e-03,1.2830944059e-02,1.2762807825e-01,5.1100882038e-03
25.000000,865.000,15.000000,165.000000,5.6248654040e-03,-1.2904265950e-03,-4.6790350374e-04,9.8202221160e-01,9.9073350482e-01,8.7112932239e-03,1.2865697554e-02,1.3474111285e-01,5.0978593167e-03
25.000000,865.000,15.000000,170.000000,5.6151922493e-03,-1.3470810356e-03,-3.1795963449e-04,9.8202221160e-01,9.9073350482e-01,8.7112932239e-03,1.2890780958e-02,1.4010484236e-01,5.0890924613e-03
25.000000,865.000,15.000000,175.000000,5.6093744459e-03,-1.3816712293e-03,-1.6080734452e-04,9.8202221160e-01,9.9073350482e-01,8.7112932239e-03,1.2905935611e-02,1.4344211187e-01,5.0838197407e-03
25.000000,865.000,15.000000,180.000000,5.6074328783e-03,-1.3933017583e-03,-4.5305469399e-19,9.8202221160e-01,9.9073350482e-01,8.7112932239e-03,1.2911004679e-02,1.4457498336e-01,5.0820600829e-03
25.000000,865.000,15.000000,185.000000,5.6093744459e-03,-1.3816712293e-03,1.6080734452e-04,9.8202221160e-01,9.9073350482e-01,8.7112932239e-03,1.2905935611e-02,1.4344211187e-01,5.0838197407e-03
25.000000,865.000,15.000000,190.000000,5.6151922493e-03,-1.3470810356e-03,3.1795963449e-04,9.8202221160e-01,9.9073350482e-01,8.7112932239e-03,1.2890780958e-02,1.4010484236e-01,5.0890924613e-03
25.000000,865.000,15.000000,195.000000,5.6248654040e-03,-1.2904265950e-03,4.6790350374e-04,9.8202221160e-01,9.9073350482e-01,8.7112932239e-03,1.2865697554e-02,1.3474111285e-01,5.0978593167e-03
25.000000,865.000,15.000000,200.000000,5.6383584881e-03,-1.2131713270e-03,6.0728594437e-04,9.8202221160e-01,9.9073350482e-01,8.7112932239e-03,1.2830944059e-02,1.2762807825e-01,5.1100882038e-03
25.000000,865.000,15.000000,205.000000,5.6556206513e-03,-1.1173041514e-03,7.3304703096e-04,9.8202221160e-01,9.9073350482e-01,8.7112932239e-03,1.2786876932e-02,1.1911601001e-01,5.1257330368e-03
25.000000,865.000,15.000000,210.000000,5.6765844273e-03,-1.0052817835e-03,8.4250395133e-04,9.8202221160e-01,9.9073350482e-01,8.7112932239e-03,1.2733944923e-02,1.0959715596e-01,5.1447326702e-03
25.000000,865.000,15.000000,215.000000,5.7011643048e-03,-8.7995756013e-04,9.3342385869e-04,9.8202221160e-01,9.9073350482e-01,8.7112932239e-03,1.2672682214e-02,9.9473667105e-02,5.1670096046e-03
25.000000,865.000,15.000000,220.000000,5.7292551292e-03,-7.4449893101e-04,1.0040833976e-03,9.8202221160e-01,9.9073350482e-01,8.7112932239e-03,1.2603700363e-02,8.9128395455e-02,5.1924685375e-03
25.000000,865.000,15.000000,225.000000,5.7607304136e-03,-6.0229609193e-04,1.0533131584e-03,9.8202221160e-01,9.9073350482e-01,8.7112932239e-03,1.2527679233e-02,7.8901477315e-02,5.2209948328e-03
25.000000,865.000,15.000000,230.000000,5.7954406492e-03,-4.5686449792e-04,1.0805257692e-03,9.8202221160e-01,9.9073350482e-01,8.7112932239e-03,1.2445357116e-02,6.9074391257e-02,5.2524529896e-03
25.000000,865.000,15.000000,235.000000,5.8332117071e-03,-3.1174417677e-04,1.0857268292e-03,9.8202221160e-01,9.9073350482e-01,8.7112932239e-03,1.2357520256e-02,5.9861897308e-02,5.2866851936e-03
25.000000,865.000,15.000000,240.000000,5.8738434283e-03,-1.7039885558e-04,1.0695084032e-03,9.8202221160e-01,9.9073350482e-01,8.7112932239e-03,1.2264992014e-02,5.1411166040e-02,5.3235100389e-03
25.000000,865.000,15.000000,245.000000,5.9171084937e-03,-3.6117914352e-05,1.0330253232e-03,9.8202221160e-01,9.9073350482e-01,8.7112932239e-03,1.2168621898e-02,4.3806646582e-02,5.3627215046e-03
25.000000,865.000,15.000000,250.000000,5.9627516659e-03,8.8075908999e-05,9.7795506111e-04,9.8202221160e-01,9.9073350482e-01,8.7112932239e-03,1.2069274680e-02,3.7078853208e-02,5.4040882670e-03
25.000000,865.000,15.000000,255.000000,6.0104894817e-03,1.9951031618e-04,9.0644242917e-04,9.8202221160e-01,9.9073350482e-01,8.7112932239e-03,1.1967819827e-02,3.1215234819e-02,5.4473534212e-03
25.000000,865.000,15.000000,260.000000,6.0600104681e-03,2.9593626361e-04,8.2103082259e-04,9.8202221160e-01,9.9073350482e-01,8.7112932239e-03,1.1865121433e-02,2.6171537150e-02,5.4922346767e-03
25.000000,865.000,15.000000,265.000000,6.1109759370e-03,3.7558764652e-04,7.2458211978e-04,9.8202221160e-01,9.9073350482e-01,8.7112932239e-03,1.1762028856e-02,2.1882459615e-02,5.5384250781e-03
25.000000,865.000,15.000000,270.000000,6.1630214027e-03,4.3722610426e-04,6.2018769597e-04,9.8202221160e-01,9.9073350482e-01,8.7112932239e-03,1.1659368189e-02,1.8270841948e-02,5.5855942889e-03
25.000000,865.000,15.000000,275.000000,6.2157586451e-03,4.8016965306e-04,5.1107326931e-04,9.8202221160e-01,9.9073350482e-01,8.7112932239e-03,1.1557934718e-02,1.5255011329e-02,5.6333904624e-03
25.000000,865.000,15.000000,280.000000,6.2687784247e-03,5.0430434447e-04,4.0050048004e-04,9.8202221160e-01,9.9073350482e-01,8.7112932239e-03,1.1458486436e-02,1.2754232913e-02,5.6814427015e-03
25.000000,865.000,15.000000,285.000000,6.3216538366e-03,5.1007866444e-04,2.9166819620e-04,9.8202221160e-01,9.9073350482e-01,8.7112932239e-03,1.1361738709e-02,1.0692419705e-02,5.7293640991e-03
25.000000,865.000,15.000000,290.000000,6.3739442704e-03,4.9848091201e-04,1.8761654170e-04,9.8202221160e-01,9.9073350482e-01,8.7112932239e-03,1.1268360086e-02,9.0003773507e-03,5.7767553264e-03
25.000000,865.000,15.000000,295.000000,6.4251999238e-03,4.7100031353e-04,9.1136553340e-05,9.8202221160e-01,9.9073350482e-01,8.7112932239e-03,1.1178969270e-02,7.6169041336e-03,5.8232087242e-03
25.000000,865.000,15.000000,300.000000,6.4749668015e-03,4.2957312125e-04,4.6881964780e-06,9.8202221160e-01,9.9073350482e-01,8.7112932239e-03,1.1094133206e-02,6.4890587218e-03,5.8683128330e-03
25.000000,865.000,15.000000,305.000000,6.5227921115e-03,3.7651539999e-04,-6.9670791177e-05,9.8202221160e-01,9.9073350482e-01,8.7112932239e-03,1.1014366211e-02,5.5718694887e-03,5.9116572839e-03
25.000000,865.000,15.000000,310.000000,6.5682299615e-03,3.1444460781e-04,-1.3034309279e-04,9.8202221160e-01,9.9073350482e-01,8.7112932239e-03,1.0940130048e-02,4.8277066324e-03,5.9528379611e-03
25.000000,865.000,15.000000,315.000000,6.6108472405e-03,2.4619241475e-04,-1.7623530754e-04,9.8202221160e-01,9.9073350482e-01,8.7112932239e-03,1.0871834828e-02,4.2254838245e-03,5.9914623330e-03
25.000000,865.000,15.000000,320.000000,6.6502295684e-03,1.7471146675e-04,-2.0678546433e-04,9.8202221160e-01,9.9073350482e-01,8.7112932239e-03,1.0809840596e-02,3.7398068883e-03,6.0271548435e-03
25.000000,865.000,15.000000,325.000000,6.6859871848e-03,1.0297898254e-04,-2.2197376165e-04,9.8202221160e-01,9.9073350482e-01,8.7112932239e-03,1.0754459442e-02,3.3501464642e-03,6.0595622496e-03
25.000000,865.000,15.000000,330.000000,6.7177606512e-03,3.3900163472e-05,-2.2231625536e-04,9.8202221160e-01,9.9073350482e-01,8.7112932239e-03,1.0705957980e-02,3.0400805897e-03,6.0883587896e-03
25.000000,865.000,15.000000,335.000000,6.7452262394e-03,-2.9785602170e-05,-2.0884173892e-04,9.8202221160e-01,9.9073350482e-01,8.7112932239e-03,1.0664560022e-02,2.7966309051e-03,6.1132510661e-03
25.000000,865.000,15.000000,340.000000,6.7681008839e-03,-8.5592848387e-05,-1.8305257504e-04,9.8202221160e-01,9.9073350482e-01,8.7112932239e-03,1.0630449296e-02,2.6097013661e-03,6.1339825345e-03
25.000000,865.000,15.000000,345.000000,6.7861465859e-03,-1.3136974003e-04,-1.4687072923e-04,9.8202221160e-01,9.9073350482e-01,8.7112932239e-03,1.0603772032e-02,2.4716192575e-03,6.1503374947e-03
25.000000,865.000,15.000000,350.000000,6.7991741661e-03,-1.6536692686e-04,-1.0257070806e-04,9.8202221160e-01,9.9073350482e-01,8.7112932239e-03,1.0584639295e-02,2.3767734483e-03,6.1621444922e-03
25.000000,865.000,15.000000,355.000000,6.8070462803e-03,-1.8629342465e-04,-5.2701505947e-05,9.8202221160e-01,9.9073350482e-01,8.7112932239e-03,1.0573128938e-02,2.3213429121e-03,6.1692790506e-03
25.000000,865.000,20.000000,0.000000,7.0708019254e-03,-1.4294366132e-04,-4.7388298443e-20,9.8202221160e-01,9.9073350482e-01,8.7112932239e-03,1.0028302870e-02,6.4538520208e-04,6.4083228456e-03
25.000000,865.000,20.000000,5.000000,7.0671540170e-03,-1.3660179915e-04,3.3317671054e-05,9.8202221160e-01,9.9073350482e-01,8.7112932239e-03,1.0032968739e-02,6.5235185922e-04,6.4050167178e-03
25.000000,865.000,20.000000,10.000000,7.0562522139e-03,-1.1783768715e-04,6.3951280435e-05,9.8202221160e-01,9.9073350482e-01,8.7112932239e-03,1.0046955234e-02,6.7365096708e-04,6.3951363287e-03
25.000000,865.000,20.000000,15.000000,7.0382215330e-03,-8.7427280544e-05,8.9311043131e-05,9.8202221160e-01,9.9073350482e-01,8.7112932239e-03,1.0070228364e-02,7.1051192144e-04,6.3787949822e-03
25.000000,865.000,20.000000,20.000000,7.0132678571e-03,-4.6635871894e-05,1.0699276608e-04,9.8202221160e-01,9.9073350482e-01,8.7112932239e-03,1.0102729317e-02,7.6509300812e-04,6.3561792715e-03
25.000000,865.000,20.000000,25.000000,6.9816742820e-03,2.8229515638e-06,1.1486333142e-04,9.8202221160e-01,9.9073350482e-01,8.7112932239e-03,1.0144371311e-02,8.4065481858e-04,6.3275457683e-03
25.000000,865.000,20.000000,30.000000,6.9437961300e-03,5.8842983066e-05,1.1113765570e-04,9.8202221160e-01,9.9073350482e-01,8.7112932239e-03,1.0195035375e-02,9.4182241277e-04,6.2932165042e-03
25.000000,865.000,20.000000,35.000000,6.9000547560e-03,1.1899398478e-04,9.4444694290e-05,9.8202221160e-01,9.9073350482e-01,8.7112932239e-03,1.0254565243e-02,1.0749565037e-03,6.2535733564e-03
25.000000,865.000,20.000000,40.000000,6.8509302968e-03,1.8060107060e-04,6.3880395906e-05,9.8202221160e-01,9.9073350482e-01,8.7112932239e-03,1.0322761572e-02,1.2486607009e-03,6.2090514765e-03
25.000000,865.000,20.000000,45.000000,6.7969535433e-03,2.4083242916e-04,1.9045912253e-05,9.8202221160e-01,9.9073350482e-01,8.7112932239e-03,1.0399375753e-02,1.4744587077e-03,6.1601319244e-03
25.000000,865.000,20.000000,50.000000,6.7386971325e-03,2.9679267245e-04,-3.9930179856e-05,9.8202221160e-01,9.9073350482e-01,8.7112932239e-03,1.0484103586e-02,1.7676814469e-03,6.1073336856e-03
25.000000,865.000,20.000000,55.000000,6.6767662724e-03,3.4561891823e-04,-1.1238639607e-04,9.8202221160e-01,9.9073350482e-01,8.7112932239e-03,1.0576579119e-02,2.1486077196e-03,6.0512052649e-03
25.000000,865.000,20.000000,60.000000,6.6117892184e-03,3.8457662503e-04,-1.9713983978e-04,9.8202221160e-01,9.9073350482e-01,8.7112932239e-03,1.0676368964e-02,2.6439003638e-03,5.9923160549e-03
25.000000,865.000,20.000000,65.000000,6.5444077235e-03,4.1115220052e-04,-2.9251439128e-04,9.8202221160e-01,9.9073350482e-01,8.7112932239e-03,1.0782967376e-02,3.2883686368e-03,5.9312476813e-03
25.000000,865.000,20.000000,70.000000,6.4752676808e-03,4.2313949697e-04,-3.9638479340e-04,9.8202221160e-01,9.9073350482e-01,8.7112932239e-03,1.0895792394e-02,4.1270605554e-03,5.8685855223e-03
25.000000,865.000,20.000000,75.000000,6.4050101641e-03,4.1871748855e-04,-5.0623534595e-04,9.8202221160e-01,9.9073350482e-01,8.7112932239e-03,1.1014183302e-02,5.2176383004e-03,5.8049105878e-03
25.000000,865.000,20.000000,80.000000,6.3342630587e-03,3.9651668943e-04,-6.1923147063e-04,9.8202221160e-01,9.9073350482e-01,8.7112932239e-03,1.1137399644e-02,6.6329065808e-03,5.7407919352e-03
25.000000,865.000,20.000000,85.000000,6.2636334511e-03,3.5567221010e-04,-7.3230200873e-04,9.8202221160e-01,9.9073350482e-01,8.7112932239e-03,1.1264621978e-02,8.4632399162e-03,5.6767797719e-03
25.000000,865.000,20.000000,90.000000,6.1937009230e-03,2.9586175269e-04,-8.4222978046e-04,9.8202221160e-01,9.9073350482e-01,8.7112932239e-03,1.1394954521e-02,1.0818486321e-02,5.6133993771e-03
25.000000,865.000,20.000000,95.000000,6.1250118624e-03,2.1732730181e-04,-9.4574767500e-04,9.8202221160e-01,9.9073350482e-01,8.7112932239e-03,1.1527429762e-02,1.3828717829e-02,5.5511459466e-03
25.000000,865.000,20.000000,100.000000,6.0580748753e-03,1.2087976114e-04,-1.0396373646e-03,9.8202221160e-01,9.9073350482e-01,8.7112932239e-03,1.1661015086e-02,1.7642975568e-02,5.4904804339e-03
25.000000,865.000,20.000000,105.000000,5.9933573448e-03,7.8863037121e-06,-1.1208276473e-03,9.8202221160e-01,9.9073350482e-01,8.7112932239e-03,1.1794621372e-02,2.2424965804e-02,5.4318264321e-03
25.000000,865.000,20.000000,110.000000,5.9312831521e-03,-1.1975927103e-04,-1.1864894260e-03,9.8202221160e-01,9.9073350482e-01,8.7112932239e-03,1.1927113488e-02,2.8344579402e-02,5.3755681079e-03
25.000000,865.000,20.000000,115.000000,5.8722315362e-03,-2.5968236320e-04,-1.2341244257e-03,9.8202221160e-01,9.9073350482e-01,8.7112932239e-03,1.2057322517e-02,3.5564231816e-02,5.3220491685e-03
25.000000,865.000,20.000000,120.000000,5.8165370391e-03,-4.0908827833e-04,-1.2616449316e-03,9.8202221160e-01,9.9073350482e-01,8.7112932239e-03,1.2184059540e-02,4.4219464524e-02,5.2715728121e-03
25.000000,865.000,20.000000,125.000000,5.7644904504e-03,-5.6483605562e-04,-1.2674420968e-03,9.8202221160e-01,9.9073350482e-01,8.7112932239e-03,1.2306130694e-02,5.4394097600e-02,5.2244025835e-03
25.000000,865.000,20.000000,130.000000,5.7163406376e-03,-7.2352325979e-04,-1.2504407064e-03,9.8202221160e-01,9.9073350482e-01,8.7112932239e-03,1.2422353228e-02,6.6091488669e-02,5.1807640332e-03
25.000000,865.000,20.000000,135.000000,5.6722971258e-03,-8.8157924114e-04,-1.2101386904e-03,9.8202221160e-01,9.9073350482e-01,8.7112932239e-03,1.2531572213e-02,7.9205018516e-02,5.1408470555e-03
25.000000,865.000,20.000000,140.000000,5.6325332712e-03,-1.0353641072e-03,-1.1466301307e-03,9.8202221160e-01,9.9073350482e-01,8.7112932239e-03,1.2632677547e-02,9.3492503715e-02,5.1048087645e-03
25.000000,865.000,20.000000,145.000000,5.5971898593e-03,-1.1812704713e-03,-1.0606110064e-03,9.8202221160e-01,9.9073350482e-01,8.7112932239e-03,1.2724620877e-02,1.0856038699e-01,5.0727767550e-03
25.000000,865.000,20.000000,150.000000,5.5663789507e-03,-1.3158249537e-03,-9.5336743615e-04,9.8202221160e-01,9.9073350482e-01,8.7112932239e-03,1.2806432054e-02,1.2386375072e-01,5.0448525886e-03
25.000000,865.000,20.000000,155.000000,5.5401877965e-03,-1.4357864129e-03,-8.2674670302e-04,9.8202221160e-01,9.9073350482e-01,8.7112932239e-03,1.2877234729e-02,1.3872698487e-01,5.0211153416e-03
25.000000,865.000,20.000000,160.000000,5.5186826481e-03,-1.5382379780e-03,-6.8311186653e-04,9.8202221160e-01,9.9073350482e-01,8.7112932239e-03,1.2936260734e-02,1.5238713851e-01,5.0016250582e-03
25.000000,865.000,20.000000,165.000000,5.5019122962e-03,-1.6206701357e-03,-5.2528125820e-04,9.8202221160e-01,9.9073350482e-01,8.7112932239e-03,1.2982862895e-02,1.6405786269e-01,4.9864259577e-03
25.000000,865.000,20.000000,170.000000,5.4899111904e-03,-1.6810523874e-03,-3.5645461354e-04,9.8202221160e-01,9.9073350482e-01,8.7112932239e-03,1.3016525970e-02,1.7300719142e-01,4.9755492620e-03
25.000000,865.000,20.000000,175.000000,5.4827020077e-03,-1.7178913367e-03,-1.8012799521e-04,9.8202221160e-01,9.9073350482e-01,8.7112932239e-03,1.3036875455e-02,1.7863836931e-01,4.9690155236e-03
25.000000,865.000,20.000000,180.000000,5.4802975669e-03,-1.7302734680e-03,-5.0735019880e-19,9.8202221160e-01,9.9073350482e-01,8.7112932239e-03,1.3043684022e-02,1.8056075266e-01,4.9668363601e-03
25.000000,865.000,20.000000,185.000000,5.4827020077e-03,-1.7178913367e-03,1.8012799521e-04,9.8202221160e-01,9.9073350482e-01,8.7112932239e-03,1.3036875455e-02,1.7863836931e-01,4.9690155236e-03
25.000000,865.000,20.000000,190.000000,5.4899111904e-03,-1.6810523874e-03,3.5645461354e-04,9.8202221160e-01,9.9073350482e-01,8.7112932239e-03,1.3016525970e-02,1.7300719142e-01,4.9755492620e-03
25.000000,865.000,20.000000,195.000000,5.5019122962e-03,-1.6206701357e-03,5.2528125820e-04,9.8202221160e-01,9.9073350482e-01,8.7112932239e-03,1.2982862895e-02,1.6405786269e-01,4.9864259577e-03
25.000000,865.000,20.000000,200.000000,5.5186826481e-03,-1.5382379780e-03,6.8311186653e-04,9.8202221160e-01,9.9073350482e-01,8.7112932239e-03,1.2936260734e-02,1.5238713851e-01,5.0016250582e-03
25.000000,865.000,20.000000,205.000000,5.5401877965e-03,-1.4357864129e-03,8.2674670302e-04,9.8202221160e-01,9.9073350482e-01,8.7112932239e-03,1.2877234729e-02,1.3872698487e-01,5.0211153416e-03
25.000000,865.000,20.000000,210.000000,5.5663789507e-03,-1.3158249537e-03,9.5336743615e-04,9.8202221160e-01,9.9073350482e-01,8.7112932239e-03,1.2806432054e-02,1.2386375072e-01,5.0448525886e-03
25.000000,865.000,20.000000,215.000000,5.5971898593e-03,-1.1812704713e-03,1.0606110064e-03,9.8202221160e-01,9.9073350482e-01,8.7112932239e-03,1.2724620877e-02,1.0856038699e-01,5.0727767550e-03
25.000000,865.000,20.000000,220.000000,5.6325332712e-03,-1.0353641072e-03,1.1466301307e-03,9.8202221160e-01,9.9073350482e-01,8.7112932239e-03,1.2632677547e-02,9.3492503715e-02,5.1048087645e-03
25.000000,865.000,20.000000,225.000000,5.6722971258e-03,-8.8157924114e-04,1.2101386904e-03,9.8202221160e-01,9.9073350482e-01,8.7112932239e-03,1.2531572213e-02,7.9205018516e-02,5.1408470555e-03
25.000000,865.000,20.000000,230.000000,5.7163406376e-03,-7.2352325979e-04,1.2504407064e-03,9.8202221160e-01,9.9073350482e-01,8.7112932239e-03,1.2422353228e-02,6.6091488669e-02,5.1807640332e-03
25.000000,865.000,20.000000,235.000000,5.7644904504e-03,-5.6483605562e-04,1.2674420968e-03,9.8202221160e-01,9.9073350482e-01,8.7112932239e-03,1.2306130694e-02,5.4394097600e-02,5.2244025835e-03
25.000000,865.000,20.000000,240.000000,5.8165370391e-03,-4.0908827833e-04,1.2616449316e-03,9.8202221160e-01,9.9073350482e-01,8.7112932239e-03,1.2184059540e-02,4.4219464524e-02,5.2715728121e-03
25.000000,865.000,20.000000,245.000000,5.8722315362e-03,-2.5968236320e-04,1.2341244257e-03,9.8202221160e-01,9.9073350482e-01,8.7112932239e-03,1.2057322517e-02,3.5564231816e-02,5.3220491685e-03
25.000000,865.000,20.000000,250.000000,5.9312831521e-03,-1.1975927103e-04,1.1864894260e-03,9.8202221160e-01,9.9073350482e-01,8.7112932239e-03,1.1927113488e-02,2.8344579402e-02,5.3755681079e-03
25.000000,865.000,20.000000,255.000000,5.9933573448e-03,7.8863037121e-06,1.1208276473e-03,9.8202221160e-01,9.9073350482e-01,8.7112932239e-03,1.1794621372e-02,2.2424965804e-02,5.4318264321e-03
25.000000,865.000,20.000000,260.000000,6.0580748753e-03,1.2087976114e-04,1.0396373646e-03,9.8202221160e-01,9.9073350482e-01,8.7112932239e-03,1.1661015086e-02,1.7642975568e-02,5.4904804339e-03
25.000000,865.000,20.000000,265.000000,6.1250118624e-03,2.1732730181e-04,9.4574767500e-04,9.8202221160e-01,9.9073350482e-01,8.7112932239e-03,1.1527429762e-02,1.3828717829e-02,5.5511459466e-03
25.000000,865.000,20.000000,270.000000,6.1937009230e-03,2.9586175269e-04,8.4222978046e-04,9.8202221160e-01,9.9073350482e-01,8.7112932239e-03,1.1394954521e-02,1.0818486321e-02,5.6133993771e-03
25.000000,865.000,20.000000,275.000000,6.2636334511e-03,3.5567221010e-04,7.3230200873e-04,9.8202221160e-01,9.9073350482e-01,8.7112932239e-03,1.1264621978e-02,8.4632399162e-03,5.6767797719e-03
25.000000,865.000,20.000000,280.000000,6.3342630587e-03,3.9651668943e-04,6.1923147063e-04,9.8202221160e-01,9.9073350482e-01,8.7112932239e-03,1.1137399644e-02,6.6329065808e-03,5.7407919352e-03
25.000000,865.000,20.000000,285.000000,6.4050101641e-03,4.1871748855e-04,5.0623534595e-04,9.8202221160e-01,9.9073350482e-01,8.7112932239e-03,1.1014183302e-02,5.2176383004e-03,5.8049105878e-03
25.000000,865.000,20.000000,290.000000,6.4752676808e-03,4.2313949697e-04,3.9638479340e-04,9.8202221160e-01,9.9073350482e-01,8.7112932239e-03,1.0895792394e-02,4.1270605554e-03,5.8685855223e-03
25.000000,865.000,20.000000,295.000000,6.5444077235e-03,4.1115220052e-04,2.9251439128e-04,9.8202221160e-01,9.9073350482e-01,8.7112932239e-03,1.0782967376e-02,3.2883686368e-03,5.9312476813e-03
25.000000,865.000,20.000000,300.000000,6.6117892184e-03,3.8457662503e-04,1.9713983978e-04,9.8202221160e-01,9.9073350482e-01,8.7112932239e-03,1.0676368964e-02,2.6439003638e-03,5.9923160549e-03
25.000000,865.000,20.000000,305.000000,6.6767662724e-03,3.4561891823e-04,1.1238639607e-04,9.8202221160e-01,9.9073350482e-01,8.7112932239e-03,1.0576579119e-02,2.1486077196e-03,6.0512052649e-03
25.000000,865.000,20.000000,310.000000,6.7386971325e-03,2.9679267245e-04,3.9930179856e-05,9.8202221160e-01,9.9073350482e-01,8.7112932239e-03,1.0484103586e-02,1.7676814469e-03,6.1073336856e-03
25.000000,865.000,20.000000,315.000000,6.7969535433e-03,2.4083242916e-04,-1.9045912253e-05,9.8202221160e-01,9.9073350482e-01,8.7112932239e-03,1.0399375753e-02,1.4744587077e-03,6.1601319244e-03
25.000000,865.000,20.000000,320.000000,6.8509302968e-03,1.8060107060e-04,-6.3880395906e-05,9.8202221160e-01,9.9073350482e-01,8.7112932239e-03,1.0322761572e-02,1.2486607009e-03,6.2090514765e-03
25.000000,865.000,20.000000,325.000000,6.9000547560e-03,1.1899398478e-04,-9.4444694290e-05,9.8202221160e-01,9.9073350482e-01,8.7112932239e-03,1.0254565243e-02,1.0749565037e-03,6.2535733564e-03
25.000000,865.000,20.000000,330.000000,6.9437961300e-03,5.8842983066e-05,-1.1113765570e-04,9.8202221160e-01,9.9073350482e-01,8.7112932239e-03,1.0195035375e-02,9.4182241277e-04,6.2932165042e-03
25.000000,865.000,20.000000,335.000000,6.9816742820e-03,2.8229515638e-06,-1.1486333142e-04,9.8202221160e-01,9.9073350482e-01,8.7112932239e-03,1.0144371311e-02,8.4065481858e-04,6.3275457683e-03
25.000000,865.000,20.000000,340.000000,7.0132678571e-03,-4.6635871894e-05,-1.0699276608e-04,9.8202221160e-01,9.9073350482e-01,8.7112932239e-03,1.0102729317e-02,7.6509300812e-04,6.3561792715e-03
25.000000,865.000,20.000000,345.000000,7.0382215330e-03,-8.7427280544e-05,-8.9311043131e-05,9.8202221160e-01,9.9073350482e-01,8.7112932239e-03,1.0070228364e-02,7.1051192144e-04,6.3787949822e-03
25.000000,865.000,20.000000,350.000000,7.0562522139e-03,-1.1783768715e-04,-6.3951280435e-05,9.8202221160e-01,9.9073350482e-01,8.7112932239e-03,1.0046955234e-02,6.7365096708e-04,6.3951363287e-03
25.000000,865.000,20.000000,355.000000,7.0671540170e-03,-1.3660179915e-04,-3.3317671054e-05,9.8202221160e-01,9.9073350482e-01,8.7112932239e-03,1.0032968739e-02,6.5235185922e-04,6.4050167178e-03
25.000000,865.000,25.000000,0.000000,7.3570281320e-03,-1.4528130692e-04,-1.8261437128e-20,9.8202221160e-01,9.9073350482e-01,8.7112932239e-03,9.4791178550e-03,1.4523320938e-04,6.6677318855e-03
25.000000,865.000,25.000000,5.000000,7.3522964892e-03,-1.3962361840e-04,1.2588869405e-05,9.8202221160e-01,9.9073350482e-01,8.7112932239e-03,9.4843472632e-03,1.4724925224e-04,6.6634435608e-03
25.000000,865.000,25.000000,10.000000,7.3381600367e-03,-1.2290757215e-04,2.2652758700e-05,9.8202221160e-01,9.9073350482e-01,8.7112932239e-03,9.5000328936e-03,1.5345065366e-04,6.6506315837e-03
25.000000,865.000,25.000000,15.000000,7.3147930734e-03,-9.5895768876e-05,2.7759713533e-05,9.8202221160e-01,9.9073350482e-01,8.7112932239e-03,9.5261658536e-03,1.6431442458e-04,6.6294539229e-03
25.000000,865.000,25.000000,20.000000,7.2824823685e-03,-5.9831281110e-05,2.5660880444e-05,9.8202221160e-01,9.9073350482e-01,8.7112932239e-03,9.5627276624e-03,1.8069515226e-04,6.6001704796e-03
25.000000,865.000,25.000000,25.000000,7.2416216691e-03,-1.6396668876e-05,1.4374771309e-05,9.8202221160e-01,9.9073350482e-01,8.7112932239e-03,9.6096849102e-03,2.0392254984e-04,6.5631381095e-03
25.000000,865.000,25.000000,30.000000,7.1927042107e-03,3.2341609642e-05,-7.7369644756e-06,9.8202221160e-01,9.9073350482e-01,8.7112932239e-03,9.6669820732e-03,2.3595544532e-04,6.5188038360e-03
25.000000,865.000,25.000000,35.000000,7.1363134264e-03,8.4001669369e-05,-4.1904680855e-05,9.8202221160e-01,9.9073350482e-01,8.7112932239e-03,9.7345327640e-03,2.7961208164e-04,6.4676964291e-03
25.000000,865.000,25.000000,40.000000,7.0731120905e-03,1.3596542785e-04,-8.8898874484e-05,9.8202221160e-01,9.9073350482e-01,8.7112932239e-03,9.8122097649e-03,3.3890588480e-04,6.4104165662e-03
25.000000,865.000,25.000000,45.000000,7.0038301768e-03,1.8546613343e-04,-1.4899300854e-04,9.8202221160e-01,9.9073350482e-01,8.7112932239e-03,9.8998342404e-03,4.1952794130e-04,6.3476258283e-03
25.000000,865.000,25.000000,50.000000,6.9292517377e-03,2.2968147196e-04,-2.2194225532e-04,9.8202221160e-01,9.9073350482e-01,8.7112932239e-03,9.9971645698e-03,5.2953280965e-04,6.2800348082e-03
25.000000,865.000,25.000000,55.000000,6.8502011357e-03,2.6582935412e-04,-3.0697890206e-04,9.8202221160e-01,9.9073350482e-01,8.7112932239e-03,1.0103885265e-02,6.8030301480e-04,6.2083906321e-03
25.000000,865.000,25.000000,60.000000,6.7675289670e-03,2.9126339664e-04,-4.0282465117e-04,9.8202221160e-01,9.9073350482e-01,8.7112932239e-03,1.0219596451e-02,8.8788866108e-04,6.1334642018e-03
25.000000,865.000,25.000000,65.000000,6.6820980231e-03,3.0356511289e-04,-5.0771952503e-04,9.8202221160e-01,9.9073350482e-01,8.7112932239e-03,1.0343804379e-02,1.1748391399e-03,6.0560374720e-03
25.000000,865.000,25.000000,70.000000,6.5947696266e-03,3.0062992202e-04,-6.1946657268e-04,9.8202221160e-01,9.9073350482e-01,8.7112932239e-03,1.0475913431e-02,1.5726577336e-03,5.9768910663e-03
25.000000,865.000,25.000000,75.000000,6.5063906605e-03,2.8074426806e-04,-7.3549108693e-04,9.8202221160e-01,9.9073350482e-01,8.7112932239e-03,1.0615220026e-02,2.1250058782e-03,5.8967925211e-03
25.000000,865.000,25.000000,80.000000,6.4177815851e-03,2.4265140534e-04,-8.5291258964e-04,9.8202221160e-01,9.9073350482e-01,8.7112932239e-03,1.0760908804e-02,2.8917440399e-03,5.8164854261e-03
25.000000,865.000,25.000000,85.000000,6.3297257013e-03,1.8560374715e-04,-9.6862744584e-04,9.8202221160e-01,9.9073350482e-01,8.7112932239e-03,1.0912051393e-02,3.9537948959e-03,5.7366796929e-03
25.000000,865.000,25.000000,90.000000,6.2429598799e-03,1.0940007911e-04,-1.0793996335e-03,9.8202221160e-01,9.9073350482e-01,8.7112932239e-03,1.1067607990e-02,5.4186195270e-03,5.6580431533e-03
25.000000,865.000,25.000000,95.000000,6.1581669261e-03,1.4406396276e-05,-1.1819569382e-03,9.8202221160e-01,9.9073350482e-01,8.7112932239e-03,1.1226431922e-02,7.4257756889e-03,5.5811946390e-03
25.000000,865.000,25.000000,100.000000,6.0759697004e-03,-9.8440381196e-05,-1.2730896657e-03,9.8202221160e-01,9.9073350482e-01,8.7112932239e-03,1.1387277237e-02,1.0151558452e-02,5.5066986533e-03
25.000000,865.000,25.000000,105.000000,5.9969270613e-03,-2.2764603969e-04,-1.3497488789e-03,9.8202221160e-01,9.9073350482e-01,8.7112932239e-03,1.1548809321e-02,1.3811122209e-02,5.4350616939e-03
25.000000,865.000,25.000000,110.000000,5.9215316383e-03,-3.7118974972e-04,-1.4091411683e-03,9.8202221160e-01,9.9073350482e-01,8.7112932239e-03,1.1709618409e-02,1.8655829528e-02,5.3667302350e-03
25.000000,865.000,25.000000,115.000000,5.8502093935e-03,-5.2657096948e-04,-1.4488170613e-03,9.8202221160e-01,9.9073350482e-01,8.7112932239e-03,1.1868235801e-02,2.4963043620e-02,5.3020903291e-03
25.000000,865.000,25.000000,120.000000,5.7833208708e-03,-6.9087125952e-04,-1.4667503557e-03,9.8202221160e-01,9.9073350482e-01,8.7112932239e-03,1.2023152473e-02,3.3015465243e-02,5.2414687401e-03
25.000000,865.000,25.000000,125.000000,5.7211639909e-03,-8.6082923808e-04,-1.4614059307e-03,9.8202221160e-01,9.9073350482e-01,8.7112932239e-03,1.2172839737e-02,4.3067782469e-02,5.1851354758e-03
25.000000,865.000,25.000000,130.000000,5.6639781986e-03,-1.0329265041e-03,-1.4317939270e-03,9.8202221160e-01,9.9073350482e-01,8.7112932239e-03,1.2315771498e-02,5.5300209377e-02,5.1333075470e-03
25.000000,865.000,25.000000,135.000000,5.6119497390e-03,-1.2034820174e-03,-1.3775085924e-03,9.8202221160e-01,9.9073350482e-01,8.7112932239e-03,1.2450447627e-02,6.9761604615e-02,5.0861537489e-03
25.000000,865.000,25.000000,140.000000,5.5652178046e-03,-1.3687521637e-03,-1.2987505462e-03,9.8202221160e-01,9.9073350482e-01,8.7112932239e-03,1.2575417902e-02,8.6309038971e-02,5.0438002329e-03
25.000000,865.000,25.000000,145.000000,5.5238812784e-03,-1.5250335534e-03,-1.1963317095e-03,9.8202221160e-01,9.9073350482e-01,8.7112932239e-03,1.2689305969e-02,1.0455508720e-01,5.0063366173e-03
25.000000,865.000,25.000000,150.000000,5.4880057829e-03,-1.6687655147e-03,-1.0716626690e-03,9.8202221160e-01,9.9073350482e-01,8.7112932239e-03,1.2790832737e-02,1.2383732254e-01,4.9738223764e-03
25.000000,865.000,25.000000,155.000000,5.4576307458e-03,-1.7966292425e-03,-9.2672276498e-04,9.8202221160e-01,9.9073350482e-01,8.7112932239e-03,1.2878838644e-02,1.4322476283e-01,4.9462932437e-03
25.000000,865.000,25.000000,160.000000,5.4327761980e-03,-1.9056406591e-03,-7.6401371516e-04,9.8202221160e-01,9.9073350482e-01,8.7112932239e-03,1.2952304232e-02,1.6157194765e-01,4.9237673734e-03
25.000000,865.000,25.000000,165.000000,5.4134490363e-03,-1.9932342274e-03,-5.8649807839e-04,9.8202221160e-01,9.9073350482e-01,8.7112932239e-03,1.3010368535e-02,1.7762261700e-01,4.9062510163e-03
25.000000,865.000,25.000000,170.000000,5.3996485093e-03,-2.0573352199e-03,-3.9752431737e-04,9.8202221160e-01,9.9073350482e-01,8.7112932239e-03,1.3052344800e-02,1.9015302065e-01,4.8937434912e-03
25.000000,865.000,25.000000,175.000000,5.3913707148e-03,-2.0964182930e-03,-2.0074062296e-04,9.8202221160e-01,9.9073350482e-01,8.7112932239e-03,1.3077733157e-02,1.9813283173e-01,4.8862412616e-03
25.000000,865.000,25.000000,180.000000,5.3886119396e-03,-2.1095506193e-03,-5.6527619673e-19,9.8202221160e-01,9.9073350482e-01,8.7112932239e-03,1.3086229899e-02,2.0087347521e-01,4.8837409622e-03
25.000000,865.000,25.000000,185.000000,5.3913707148e-03,-2.0964182930e-03,2.0074062296e-04,9.8202221160e-01,9.9073350482e-01,8.7112932239e-03,1.3077733157e-02,1.9813283173e-01,4.8862412616e-03
25.000000,865.000,25.000000,190.000000,5.3996485093e-03,-2.0573352199e-03,3.9752431737e-04,9.8202221160e-01,9.9073350482e-01,8.7112932239e-03,1.3052344800e-02,1.9015302065e-01,4.8937434912e-03
25.000000,865.000,25.000000,195.000000,5.4134490363e-03,-1.9932342274e-03,5.8649807839e-04,9.8202221160e-01,9.9073350482e-01,8.7112932239e-03,1.3010368535e-02,1.7762261700e-01,4.9062510163e-03
25.000000,865.000,25.000000,200.000000,5.4327761980e-03,-1.9056406591e-03,7.6401371516e-04,9.8202221160e-01,9.9073350482e-01,8.7112932239e-03,1.2952304232e-02,1.6157194765e-01,4.9237673734e-03
25.000000,865.000,25.000000,205.000000,5.4576307458e-03,-1.7966292425e-03,9.2672276498e-04,9.8202221160e-01,9.9073350482e-01,8.7112932239e-03,1.2878838644e-02,1.4322476283e-01,4.9462932437e-03
25.000000,865.000,25.000000,210.000000,5.4880057829e-03,-1.6687655147e-03,1.0716626690e-03,9.8202221160e-01,9.9073350482e-01,8.7112932239e-03,1.2790832737e-02,1.2383732254e-01,4.9738223764e-03
25.000000,865.000,25.000000,215.000000,5.5238812784e-03,-1.5250335534e-03,1.1963317095e-03,9.8202221160e-01,9.9073350482e-01,8.7112932239e-03,1.2689305969e-02,1.0455508720e-01,5.0063366173e-03
25.000000,865.000,25.000000,220.000000,5.5652178046e-03,-1.3687521637e-03,1.2987505462e-03,9.8202221160e-01,9.9073350482e-01,8.7112932239e-03,1.2575417902e-02,8.6309038971e-02,5.0438002329e-03
25.000000,865.000,25.000000,225.000000,5.6119497390e-03,-1.2034820174e-03,1.3775085924e-03,9.8202221160e-01,9.9073350482e-01,8.7112932239e-03,1.2450447627e-02,6.9761604615e-02,5.0861537489e-03
25.000000,865.000,25.000000,230.000000,5.6639781986e-03,-1.0329265041e-03,1.4317939270e-03,9.8202221160e-01,9.9073350482e-01,8.7112932239e-03,1.2315771498e-02,5.5300209377e-02,5.1333075470e-03
25.000000,865.000,25.000000,235.000000,5.7211639909e-03,-8.6082923808e-04,1.4614059307e-03,9.8202221160e-01,9.9073350482e-01,8.7112932239e-03,1.2172839737e-02,4.3067782469e-02,5.1851354758e-03
25.000000,865.000,25.000000,240.000000,5.7833208708e-03,-6.9087125952e-04,1.4667503557e-03,9.8202221160e-01,9.9073350482e-01,8.7112932239e-03,1.2023152473e-02,3.3015465243e-02,5.2414687401e-03
25.000000,865.000,25.000000,245.000000,5.8502093935e-03,-5.2657096948e-04,1.4488170613e-03,9.8202221160e-01,9.9073350482e-01,8.7112932239e-03,1.1868235801e-02,2.4963043620e-02,5.3020903291e-03
25.000000,865.000,25.000000,250.000000,5.9215316383e-03,-3.7118974972e-04,1.4091411683e-03,9.8202221160e-01,9.9073350482e-01,8.7112932239e-03,1.1709618409e-02,1.8655829528e-02,5.3667302350e-03
25.000000,865.000,25.000000,255.000000,5.9969270613e-03,-2.2764603969e-04,1.3497488789e-03,9.8202221160e-01,9.9073350482e-01,8.7112932239e-03,1.1548809321e-02,1.3811122209e-02,5.4350616939e-03
25.000000,865.000,25.000000,260.000000,6.0759697004e-03,-9.8440381196e-05,1.2730896657e-03,9.8202221160e-01,9.9073350482e-01,8.7112932239e-03,1.1387277237e-02,1.0151558452e-02,5.5066986533e-03
25.000000,865.000,25.000000,265.000000,6.1581669261e-03,1.4406396276e-05,1.1819569382e-03,9.8202221160e-01,9.9073350482e-01,8.7112932239e-03,1.1226431922e-02,7.4257756889e-03,5.5811946390e-03
25.000000,865.000,25.000000,270.000000,6.2429598799e-03,1.0940007911e-04,1.0793996335e-03,9.8202221160e-01,9.9073350482e-01,8.7112932239e-03,1.1067607990e-02,5.4186195270e-03,5.6580431533e-03
25.000000,865.000,25.000000,275.000000,6.3297257013e-03,1.8560374715e-04,9.6862744584e-04,9.8202221160e-01,9.9073350482e-01,8.7112932239e-03,1.0912051393e-02,3.9537948959e-03,5.7366796929e-03
25.000000,865.000,25.000000,280.000000,6.4177815851e-03,2.4265140534e-04,8.5291258964e-04,9.8202221160e-01,9.9073350482e-01,8.7112932239e-03,1.0760908804e-02,2.8917440399e-03,5.8164854261e-03
25.000000,865.000,25.000000,285.000000,6.5063906605e-03,2.8074426806e-04,7.3549108693e-04,9.8202221160e-01,9.9073350482e-01,8.7112932239e-03,1.0615220026e-02,2.1250058782e-03,5.8967925211e-03
25.000000,865.000,25.000000,290.000000,6.5947696266e-03,3.0062992202e-04,6.1946657268e-04,9.8202221160e-01,9.9073350482e-01,8.7112932239e-03,1.0475913431e-02,1.5726577336e-03,5.9768910663e-03
25.000000,865.000,25.000000,295.000000,6.6820980231e-03,3.0356511289e-04,5.0771952503e-04,9.8202221160e-01,9.9073350482e-01,8.7112932239e-03,1.0343804379e-02,1.1748391399e-03,6.0560374720e-03
25.000000,865.000,25.000000,300.000000,6.7675289670e-03,2.9126339664e-04,4.0282465117e-04,9.8202221160e-01,9.9073350482e-01,8.7112932239e-03,1.0219596451e-02,8.8788866108e-04,6.1334642018e-03
25.000000,865.000,25.000000,305.000000,6.8502011357e-03,2.6582935412e-04,3.0697890206e-04,9.8202221160e-01,9.9073350482e-01,8.7112932239e-03,1.0103885265e-02,6.8030301480e-04,6.2083906321e-03
25.000000,865.000,25.000000,310.000000,6.9292517377e-03,2.2968147196e-04,2.2194225532e-04,9.8202221160e-01,9.9073350482e-01,8.7112932239e-03,9.9971645698e-03,5.2953280965e-04,6.2800348082e-03
25.000000,865.000,25.000000,315.000000,7.0038301768e-03,1.8546613343e-04,1.4899300854e-04,9.8202221160e-01,9.9073350482e-01,8.7112932239e-03,9.8998342404e-03,4.1952794130e-04,6.3476258283e-03
25.000000,865.000,25.000000,320.000000,7.0731120905e-03,1.3596542785e-04,8.8898874484e-05,9.8202221160e-01,9.9073350482e-01,8.7112932239e-03,9.8122097649e-03,3.3890588480e-04,6.4104165662e-03
25.000000,865.000,25.000000,325.000000,7.1363134264e-03,8.4001669369e-05,4.1904680855e-05,9.8202221160e-01,9.9073350482e-01,8.7112932239e-03,9.7345327640e-03,2.7961208164e-04,6.4676964291e-03
25.000000,865.000,25.000000,330.000000,7.1927042107e-03,3.2341609642e-05,7.7369644756e-06,9.8202221160e-01,9.9073350482e-01,8.7112932239e-03,9.6669820732e-03,2.3595544532e-04,6.5188038360e-03
25.000000,865.000,25.000000,335.000000,7.2416216691e-03,-1.6396668876e-05,-1.4374771309e-05,9.8202221160e-01,9.9073350482e-01,8.7112932239e-03,9.6096849102e-03,2.0392254984e-04,6.5631381095e-03
25.000000,865.000,25.000000,340.000000,7.2824823685e-03,-5.9831281110e-05,-2.5660880444e-05,9.8202221160e-01,9.9073350482e-01,8.7112932239e-03,9.5627276624e-03,1.8069515226e-04,6.6001704796e-03
25.000000,865.000,25.000000,345.000000,7.3147930734e-03,-9.5895768876e-05,-2.7759713533e-05,9.8202221160e-01,9.9073350482e-01,8.7112932239e-03,9.5261658536e-03,1.6431442458e-04,6.6294539229e-03
25.000000,865.000,25.000000,350.000000,7.3381600367e-03,-1.2290757215e-04,-2.2652758700e-05,9.8202221160e-01,9.9073350482e-01,8.7112932239e-03,9.5000328936e-03,1.5345065366e-04,6.6506315837e-03
25.000000,865.000,25.000000,355.000000,7.3522964892e-03,-1.3962361840e-04,-1.2588869405e-05,9.8202221160e-01,9.9073350482e-01,8.7112932239e-03,9.4843472632e-03,1.4724925224e-04,6.6634435608e-03
25.000000,865.000,30.000000,0.000000,7.6772552136e-03,-2.0811461073e-04,1.3512790456e-20,9.8202221160e-01,9.9073350482e-01,8.7112932239e-03,8.9575473429e-03,2.5451380243e-05,6.9579561831e-03
25.000000,865.000,30.000000,5.000000,7.6713660909e-03,-2.0308429837e-04,-1.0023842402e-05,9.8202221160e-01,9.9073350482e-01,8.7112932239e-03,8.9630017509e-03,2.5890244234e-05,6.9526188254e-03
25.000000,865.000,30.000000,10.000000,7.6537765587e-03,-1.8824707897e-04,-2.2398236980e-05,9.8202221160e-01,9.9073350482e-01,8.7112932239e-03,8.9793755803e-03,2.7249194783e-05,6.9366772954e-03
25.000000,865.000,30.000000,15.000000,7.6247185298e-03,-1.6435562876e-04,-3.9382108493e-05,9.8202221160e-01,9.9073350482e-01,8.7112932239e-03,9.0066989840e-03,2.9661538269e-05,6.9103417775e-03
25.000000,865.000,30.000000,20.000000,7.5845732493e-03,-1.3263641552e-04,-6.3054064708e-05,9.8202221160e-01,9.9073350482e-01,8.7112932239e-03,9.0450167295e-03,3.3371357755e-05,6.8739577972e-03
25.000000,865.000,30.000000,25.000000,7.5338635290e-03,-9.4748623615e-05,-9.5229492069e-05,9.8202221160e-01,9.9073350482e-01,8.7112932239e-03,9.0943801802e-03,3.8770574189e-05,6.8279991828e-03
25.000000,865.000,30.000000,30.000000,7.4732431662e-03,-5.2728447992e-05,-1.3738610591e-04,9.8202221160e-01,9.9073350482e-01,8.7112932239e-03,9.1548364829e-03,4.6460079687e-05,6.7730584759e-03
25.000000,865.000,30.000000,35.000000,7.4034838292e-03,-8.9204900863e-06,-1.9060036412e-04,9.8202221160e-01,9.9073350482e-01,8.7112932239e-03,9.2264153611e-03,5.7346302104e-05,6.7098350456e-03
25.000000,865.000,30.000000,40.000000,7.3254597557e-03,3.4101608601e-05,-2.5549681855e-04,9.8202221160e-01,9.9073350482e-01,8.7112932239e-03,9.3091140062e-03,7.2791204628e-05,6.6391212202e-03
25.000000,865.000,30.000000,45.000000,7.2401306675e-03,7.3622821927e-05,-3.3221207961e-04,9.8202221160e-01,9.9073350482e-01,8.7112932239e-03,9.4028806312e-03,9.4843599557e-05,6.5617868032e-03
25.000000,865.000,30.000000,50.000000,7.1485233485e-03,1.0687994817e-04,-4.2037461881e-04,9.8202221160e-01,9.9073350482e-01,8.7112932239e-03,9.5075973154e-03,1.2659423042e-04,6.4787623766e-03
25.000000,865.000,30.000000,55.000000,7.0517123635e-03,1.3115745909e-04,-5.1910114503e-04,9.8202221160e-01,9.9073350482e-01,8.7112932239e-03,9.6230628012e-03,1.7271817566e-04,6.3910218270e-03
25.000000,865.000,30.000000,60.000000,6.9508004142e-03,1.4388298617e-04,-6.2700977817e-04,9.8202221160e-01,9.9073350482e-01,8.7112932239e-03,9.7489759265e-03,2.4029773879e-04,6.2995645415e-03
25.000000,865.000,30.000000,65.000000,6.8468988283e-03,1.4271944399e-04,-7.4224972389e-04,9.8202221160e-01,9.9073350482e-01,8.7112932239e-03,9.8849203660e-03,3.4005868529e-04,6.2053977251e-03
25.000000,865.000,30.000000,70.000000,6.7411086704e-03,1.2565088526e-04,-8.6254664144e-04,9.8202221160e-01,9.9073350482e-01,8.7112932239e-03,1.0030351333e-02,4.8820233414e-04,6.1095192813e-03
25.000000,865.000,30.000000,75.000000,6.6345029334e-03,9.1059366069e-05,-9.8526240889e-04,9.8202221160e-01,9.9073350482e-01,8.7112932239e-03,1.0184584843e-02,7.0907135720e-04,6.0129016716e-03
25.000000,865.000,30.000000,80.000000,6.5281102331e-03,3.7790366759e-05,-1.1074675408e-03,9.8202221160e-01,9.9073350482e-01,8.7112932239e-03,1.0346790069e-02,1.0389358297e-03,5.9164771389e-03
25.000000,865.000,30.000000,85.000000,6.4229003782e-03,-3.4795342850e-05,-1.2260241171e-03,9.8202221160e-01,9.9073350482e-01,8.7112932239e-03,1.0515985248e-02,1.5312020027e-03,5.8211246281e-03
25.000000,865.000,30.000000,90.000000,6.3197721250e-03,-1.2678509770e-04,-1.3376767492e-03,9.8202221160e-01,9.9073350482e-01,8.7112932239e-03,1.0691037469e-02,2.2632830994e-03,5.7276586892e-03
25.000000,865.000,30.000000,95.000000,6.2195433580e-03,-2.3769423419e-04,-1.4391488535e-03,9.8202221160e-01,9.9073350482e-01,8.7112932239e-03,1.0870666596e-02,3.3451581141e-03,5.6368205771e-03
25.000000,865.000,30.000000,100.000000,6.1229438623e-03,-3.6646323284e-04,-1.5272413265e-03,9.8202221160e-01,9.9073350482e-01,8.7112932239e-03,1.1053453427e-02,4.9291887432e-03,5.5492717020e-03
25.000000,865.000,30.000000,105.000000,6.0306107729e-03,-5.1147232780e-04,-1.5989306297e-03,9.8202221160e-01,9.9073350482e-01,8.7112932239e-03,1.1237852075e-02,7.2199732329e-03,5.4655895041e-03
25.000000,865.000,30.000000,110.000000,5.9430867042e-03,-6.7057327287e-04,-1.6514632990e-03,9.8202221160e-01,9.9073350482e-01,8.7112932239e-03,1.1422206440e-02,1.0481844367e-02,5.3862657590e-03
25.000000,865.000,30.000000,115.000000,5.8608204852e-03,-8.4113743179e-04,-1.6824439848e-03,9.8202221160e-01,9.9073350482e-01,8.7112932239e-03,1.1604770490e-02,1.5040153226e-02,5.3117072442e-03
25.000000,865.000,30.000000,120.000000,5.7841703459e-03,-1.0201188624e-03,-1.6899143156e-03,9.8202221160e-01,9.9073350482e-01,8.7112932239e-03,1.1783731970e-02,2.1271042307e-02,5.2422386261e-03
25.000000,865.000,30.000000,125.000000,5.7134093294e-03,-1.2041306053e-03,-1.6724201424e-03,9.8202221160e-01,9.9073350482e-01,8.7112932239e-03,1.1957239042e-02,2.9573639898e-02,5.1781073657e-03
25.000000,865.000,30.000000,130.000000,5.6487326426e-03,-1.3895319836e-03,-1.6290650620e-03,9.8202221160e-01,9.9073350482e-01,8.7112932239e-03,1.2123429262e-02,4.0319434563e-02,5.1194903809e-03
25.000000,865.000,30.000000,135.000000,5.5902666028e-03,-1.5725243789e-03,-1.5595485212e-03,9.8202221160e-01,9.9073350482e-01,8.7112932239e-03,1.2280460224e-02,5.3777008050e-02,5.0665021537e-03
25.000000,865.000,30.000000,140.000000,5.5380787938e-03,-1.7492526871e-03,-1.4641872618e-03,9.8202221160e-01,9.9073350482e-01,8.7112932239e-03,1.2426541127e-02,7.0016876465e-02,5.0192039360e-03
25.000000,865.000,30.000000,145.000000,5.4921890185e-03,-1.9159094776e-03,-1.3439193615e-03,9.8202221160e-01,9.9073350482e-01,8.7112932239e-03,1.2559964507e-02,8.8810360851e-02,4.9776136754e-03
25.000000,865.000,30.000000,150.000000,5.4525806143e-03,-2.0688387897e-03,-1.2002906433e-03,9.8202221160e-01,9.9073350482e-01,8.7112932239e-03,1.2679137331e-02,1.0954596006e-01,4.9417162702e-03
25.000000,865.000,30.000000,155.000000,5.4192116981e-03,-2.2046365025e-03,-1.0354237530e-03,9.8202221160e-01,9.9073350482e-01,8.7112932239e-03,1.2782610674e-02,1.3119278731e-01,4.9114737616e-03
25.000000,865.000,30.000000,160.000000,5.3920259167e-03,-2.3202443108e-03,-8.5197072226e-04,9.8202221160e-01,9.9073350482e-01,8.7112932239e-03,1.2869107208e-02,1.5233884884e-01,4.8868350762e-03
25.000000,865.000,30.000000,165.000000,5.3709623045e-03,-2.4130345234e-03,-6.5305032928e-04,9.8202221160e-01,9.9073350482e-01,8.7112932239e-03,1.2937545809e-02,1.7131936548e-01,4.8677449605e-03
25.000000,865.000,30.000000,170.000000,5.3559638865e-03,-2.4808831689e-03,-4.4217202263e-04,9.8202221160e-01,9.9073350482e-01,8.7112932239e-03,1.2987062635e-02,1.8642781426e-01,4.8541517774e-03
25.000000,865.000,30.000000,175.000000,5.3469847136e-03,-2.5222292385e-03,-2.2314857886e-04,9.8202221160e-01,9.9073350482e-01,8.7112932239e-03,1.3017028116e-02,1.9617567577e-01,4.8460138831e-03
25.000000,865.000,30.000000,180.000000,5.3439950771e-03,-2.5361183078e-03,-6.2824703877e-19,9.8202221160e-01,9.9073350482e-01,8.7112932239e-03,1.3027059430e-02,1.9954552809e-01,4.8433043523e-03
25.000000,865.000,30.000000,185.000000,5.3469847136e-03,-2.5222292385e-03,2.2314857886e-04,9.8202221160e-01,9.9073350482e-01,8.7112932239e-03,1.3017028116e-02,1.9617567577e-01,4.8460138831e-03
25.000000,865.000,30.000000,190.000000,5.3559638865e-03,-2.4808831689e-03,4.4217202263e-04,9.8202221160e-01,9.9073350482e-01,8.7112932239e-03,1.2987062635e-02,1.8642781426e-01,4.8541517774e-03
25.000000,865.000,30.000000,195.000000,5.3709623045e-03,-2.4130345234e-03,6.5305032928e-04,9.8202221160e-01,9.9073350482e-01,8.7112932239e-03,1.2937545809e-02,1.7131936548e-01,4.8677449605e-03
25.000000,865.000,30.000000,200.000000,5.3920259167e-03,-2.3202443108e-03,8.5197072226e-04,9.8202221160e-01,9.9073350482e-01,8.7112932239e-03,1.2869107208e-02,1.5233884884e-01,4.8868350762e-03
25.000000,865.000,30.000000,205.000000,5.4192116981e-03,-2.2046365025e-03,1.0354237530e-03,9.8202221160e-01,9.9073350482e-01,8.7112932239e-03,1.2782610674e-02,1.3119278731e-01,4.9114737616e-03
25.000000,865.000,30.000000,210.000000,5.4525806143e-03,-2.0688387897e-03,1.2002906433e-03,9.8202221160e-01,9.9073350482e-01,8.7112932239e-03,1.2679137331e-02,1.0954596006e-01,4.9417162702e-03
25.000000,865.000,30.000000,215.000000,5.4921890185e-03,-1.9159094776e-03,1.3439193615e-03,9.8202221160e-01,9.9073350482e-01,8.7112932239e-03,1.2559964507e-02,8.8810360851e-02,4.9776136754e-03
25.000000,865.000,30.000000,220.000000,5.5380787938e-03,-1.7492526871e-03,1.4641872618e-03,9.8202221160e-01,9.9073350482e-01,8.7112932239e-03,1.2426541127e-02,7.0016876465e-02,5.0192039360e-03
25.000000,865.000,30.000000,225.000000,5.5902666028e-03,-1.5725243789e-03,1.5595485212e-03,9.8202221160e-01,9.9073350482e-01,8.7112932239e-03,1.2280460224e-02,5.3777008050e-02,5.0665021537e-03
25.000000,865.000,30.000000,230.000000,5.6487326426e-03,-1.3895319836e-03,1.6290650620e-03,9.8202221160e-01,9.9073350482e-01,8.7112932239e-03,1.2123429262e-02,4.0319434563e-02,5.1194903809e-03
25.000000,865.000,30.000000,235.000000,5.7134093294e-03,-1.2041306053e-03,1.6724201424e-03,9.8202221160e-01,9.9073350482e-01,8.7112932239e-03,1.1957239042e-02,2.9573639898e-02,5.1781073657e-03
25.000000,865.000,30.000000,240.000000,5.7841703459e-03,-1.0201188624e-03,1.6899143156e-03,9.8202221160e-01,9.9073350482e-01,8.7112932239e-03,1.1783731970e-02,2.1271042307e-02,5.2422386261e-03
25.000000,865.000,30.000000,245.000000,5.8608204852e-03,-8.4113743179e-04,1.6824439848e-03,9.8202221160e-01,9.9073350482e-01,8.7112932239e-03,1.1604770490e-02,1.5040153226e-02,5.3117072442e-03
25.000000,865.000,30.000000,250.000000,5.9430867042e-03,-6.7057327287e-04,1.6514632990e-03,9.8202221160e-01,9.9073350482e-01,8.7112932239e-03,1.1422206440e-02,1.0481844367e-02,5.3862657590e-03
25.000000,865.000,30.000000,255.000000,6.0306107729e-03,-5.1147232780e-04,1.5989306297e-03,9.8202221160e-01,9.9073350482e-01,8.7112932239e-03,1.1237852075e-02,7.2199732329e-03,5.4655895041e-03
25.000000,865.000,30.000000,260.000000,6.1229438623e-03,-3.6646323284e-04,1.5272413265e-03,9.8202221160e-01,9.9073350482e-01,8.7112932239e-03,1.1053453427e-02,4.9291887432e-03,5.5492717020e-03
25.000000,865.000,30.000000,265.000000,6.2195433580e-03,-2.3769423419e-04,1.4391488535e-03,9.8202221160e-01,9.9073350482e-01,8.7112932239e-03,1.0870666596e-02,3.3451581141e-03,5.6368205771e-03
25.000000,865.000,30.000000,270.000000,6.3197721250e-03,-1.2678509770e-04,1.3376767492e-03,9.8202221160e-01,9.9073350482e-01,8.7112932239e-03,1.0691037469e-02,2.2632830994e-03,5.7276586892e-03
25.000000,865.000,30.000000,275.000000,6.4229003782e-03,-3.4795342850e-05,1.2260241171e-03,9.8202221160e-01,9.9073350482e-01,8.7112932239e-03,1.0515985248e-02,1.5312020027e-03,5.8211246281e-03
25.000000,865.000,30.000000,280.000000,6.5281102331e-03,3.7790366759e-05,1.1074675408e-03,9.8202221160e-01,9.9073350482e-01,8.7112932239e-03,1.0346790069e-02,1.0389358297e-03,5.9164771389e-03
25.000000,865.000,30.000000,285.000000,6.6345029334e-03,9.1059366069e-05,9.8526240889e-04,9.8202221160e-01,9.9073350482e-01,8.7112932239e-03,1.0184584843e-02,7.0907135720e-04,6.0129016716e-03
25.000000,865.000,30.000000,290.000000,6.7411086704e-03,1.2565088526e-04,8.6254664144e-04,9.8202221160e-01,9.9073350482e-01,8.7112932239e-03,1.0030351333e-02,4.8820233414e-04,6.1095192813e-03
25.000000,865.000,30.000000,295.000000,6.8468988283e-03,1.4271944399e-04,7.4224972389e-04,9.8202221160e-01,9.9073350482e-01,8.7112932239e-03,9.8849203660e-03,3.4005868529e-04,6.2053977251e-03
25.000000,865.000,30.000000,300.000000,6.9508004142e-03,1.4388298617e-04,6.2700977817e-04,9.8202221160e-01,9.9073350482e-01,8.7112932239e-03,9.7489759265e-03,2.4029773879e-04,6.2995645415e-03
25.000000,865.000,30.000000,305.000000,7.0517123635e-03,1.3115745909e-04,5.1910114503e-04,9.8202221160e-01,9.9073350482e-01,8.7112932239e-03,9.6230628012e-03,1.7271817566e-04,6.3910218270e-03
25.000000,865.000,30.000000,310.000000,7.1485233485e-03,1.0687994817e-04,4.2037461881e-04,9.8202221160e-01,9.9073350482e-01,8.7112932239e-03,9.5075973154e-03,1.2659423042e-04,6.4787623766e-03
25.000000,865.000,30.000000,315.000000,7.2401306675e-03,7.3622821927e-05,3.3221207961e-04,9.8202221160e-01,9.9073350482e-01,8.7112932239e-03,9.4028806312e-03,9.4843599557e-05,6.5617868032e-03
25.000000,865.000,30.000000,320.000000,7.3254597557e-03,3.4101608601e-05,2.5549681855e-04,9.8202221160e-01,9.9073350482e-01,8.7112932239e-03,9.3091140062e-03,7.2791204628e-05,6.6391212202e-03
25.000000,865.000,30.000000,325.000000,7.4034838292e-03,-8.9204900863e-06,1.9060036412e-04,9.8202221160e-01,9.9073350482e-01,8.7112932239e-03,9.2264153611e-03,5.7346302104e-05,6.7098350456e-03
25.000000,865.000,30.000000,330.000000,7.4732431662e-03,-5.2728447992e-05,1.3738610591e-04,9.8202221160e-01,9.9073350482e-01,8.7112932239e-03,9.1548364829e-03,4.6460079687e-05,6.7730584759e-03
25.000000,865.000,30.000000,335.000000,7.5338635290e-03,-9.4748623615e-05,9.5229492069e-05,9.8202221160e-01,9.9073350482e-01,8.7112932239e-03,9.0943801802e-03,3.8770574189e-05,6.8279991828e-03
25.000000,865.000,30.000000,340.000000,7.5845732493e-03,-1.3263641552e-04,6.3054064708e-05,9.8202221160e-01,9.9073350482e-01,8.7112932239e-03,9.0450167295e-03,3.3371357755e-05,6.8739577972e-03
25.000000,865.000,30.000000,345.000000,7.6247185298e-03,-1.6435562876e-04,3.9382108493e-05,9.8202221160e-01,9.9073350482e-01,8.7112932239e-03,9.0066989840e-03,2.9661538269e-05,6.9103417775e-03
25.000000,865.000,30.000000,350.000000,7.6537765587e-03,-1.8824707897e-04,2.2398236980e-05,9.8202221160e-01,9.9073350482e-01,8.7112932239e-03,8.9793755803e-03,2.7249194783e-05,6.9366772954e-03
25.000000,865.000,30.000000,355.000000,7.6713660909e-03,-2.0308429837e-04,1.0023842402e-05,9.8202221160e-01,9.9073350482e-01,8.7112932239e-03,8.9630017509e-03,2.5890244234e-05,6.9526188254e-03
25.000000,865.000,35.000000,0.000000,8.0453001119e-03,-3.4285183338e-04,4.8941087141e-20,9.8202221160e-01,9.9073350482e-01,8.7112932239e-03,8.4611737988e-03,3.3444219506e-06,7.2915181405e-03
25.000000,865.000,35.000000,5.000000,8.0381705183e-03,-3.3836627878e-04,-3.5236806979e-05,9.8202221160e-01,9.9073350482e-01,8.7112932239e-03,8.4665642667e-03,3.4145110306e-06,7.2850565343e-03
25.000000,865.000,35.000000,10.000000,8.0168821559e-03,-3.2516183324e-04,-7.2628294283e-05,9.8202221160e-01,9.9073350482e-01,8.7112932239e-03,8.4827631956e-03,3.6331373918e-06,7.2657627257e-03
25.000000,865.000,35.000000,15.000000,7.9817341134e-03,-3.0398660581e-04,-1.1423912663e-04,9.8202221160e-01,9.9073350482e-01,8.7112932239e-03,8.5098508684e-03,4.0269322642e-06,7.2339077810e-03
25.000000,865.000,35.000000,20.000000,7.9332177082e-03,-2.7605922523e-04,-1.6195685944e-04,9.8202221160e-01,9.9073350482e-01,8.7112932239e-03,8.5479535298e-03,4.6458312181e-06,7.1899369852e-03
25.000000,865.000,35.000000,25.000000,7.8720059471e-03,-2.4302743474e-04,-2.1741059869e-04,9.8202221160e-01,9.9073350482e-01,8.7112932239e-03,8.5972323255e-03,5.5727976050e-06,7.1344602895e-03
25.000000,865.000,35.000000,30.000000,7.7989391743e-03,-2.0691194392e-04,-2.8189806843e-04,9.8202221160e-01,9.9073350482e-01,8.7112932239e-03,8.6578683687e-03,6.9406232508e-06,7.0682393043e-03
25.000000,865.000,35.000000,35.000000,7.7150072971e-03,-1.7003729003e-04,-3.5632348026e-04,9.8202221160e-01,9.9073350482e-01,8.7112932239e-03,8.7300444627e-03,8.9600179690e-06,6.9921711904e-03
25.000000,865.000,35.000000,40.000000,7.6213290708e-03,-1.3495186855e-04,-4.4114826538e-04,9.8202221160e-01,9.9073350482e-01,8.7112932239e-03,8.8139241343e-03,1.1966173881e-05,6.9072698844e-03
25.000000,865.000,35.000000,45.000000,7.5191290001e-03,-1.0433963365e-04,-5.3635633198e-04,9.8202221160e-01,9.9073350482e-01,8.7112932239e-03,8.9096287294e-03,1.6495905873e-05,6.8146451645e-03
25.000000,865.000,35.000000,50.000000,7.4097124767e-03,-8.0926234420e-05,-6.4143506141e-04,9.8202221160e-01,9.9073350482e-01,8.7112932239e-03,9.0172134066e-03,2.3415583764e-05,6.7154801174e-03
25.000000,865.000,35.000000,55.000000,7.2944398138e-03,-6.7382532447e-05,-7.5537276887e-04,9.8202221160e-01,9.9073350482e-01,8.7112932239e-03,9.1366429097e-03,3.4133334767e-05,6.6110076054e-03
25.000000,865.000,35.000000,60.000000,7.1746998629e-03,-6.6228536417e-05,-8.7667284358e-04,9.8202221160e-01,9.9073350482e-01,8.7112932239e-03,9.2677680291e-03,5.0950303791e-05,6.5024863554e-03
25.000000,865.000,35.000000,65.000000,7.0518839002e-03,-7.9740786021e-05,-1.0033842652e-03,9.8202221160e-01,9.9073350482e-01,8.7112932239e-03,9.4103036538e-03,7.7639143194e-05,6.3911772921e-03
25.000000,865.000,35.000000,70.000000,6.9273604546e-03,-1.0986612147e-04,-1.1331476831e-03,9.8202221160e-01,9.9073350482e-01,8.7112932239e-03,9.5638092819e-03,1.2038838232e-04,6.2783207237e-03
25.000000,865.000,35.000000,75.000000,6.8024517103e-03,-1.5814458846e-04,-1.2632557589e-03,9.8202221160e-01,9.9073350482e-01,8.7112932239e-03,9.7276727975e-03,1.8932391251e-04,6.1651149560e-03
25.000000,865.000,35.000000,80.000000,6.6784120659e-03,-2.2564395773e-04,-1.3907260248e-03,9.8202221160e-01,9.9073350482e-01,8.7112932239e-03,9.9010982301e-03,3.0091572704e-04,6.0526968604e-03
25.000000,865.000,35.000000,85.000000,6.5564093577e-03,-3.1290799079e-04,-1.5123841161e-03,9.8202221160e-01,9.9073350482e-01,8.7112932239e-03,1.0083098106e-02,4.8169271518e-04,5.9421248559e-03
25.000000,865.000,35.000000,90.000000,6.4375091713e-03,-4.1992017090e-04,-1.6249549048e-03,9.8202221160e-01,9.9073350482e-01,8.7112932239e-03,1.0272490862e-02,7.7379471513e-04,5.8343646910e-03
25.000000,865.000,35.000000,95.000000,6.3226625667e-03,-5.4608415125e-04,-1.7251588054e-03,9.8202221160e-01,9.9073350482e-01,8.7112932239e-03,1.0467903656e-02,1.2429278338e-03,5.7302783190e-03
25.000000,865.000,35.000000,100.000000,6.2126974382e-03,-6.9022166727e-04,-1.8098103522e-03,9.8202221160e-01,9.9073350482e-01,8.7112932239e-03,1.0667780728e-02,1.9891414058e-03,5.6306160667e-03
25.000000,865.000,35.000000,105.000000,6.1083136154e-03,-8.5058813020e-04,-1.8759160592e-03,9.8202221160e-01,9.9073350482e-01,8.7112932239e-03,1.0870397326e-02,3.1603345378e-03,5.5360121953e-03
25.000000,865.000,35.000000,110.000000,6.0100817025e-03,-1.0249055819e-03,-1.9207685831e-03,9.8202221160e-01,9.9073350482e-01,8.7112932239e-03,1.1073879018e-02,4.9673049296e-03,5.4469838477e-03
25.000000,865.000,35.000000,115.000000,5.9184455360e-03,-1.2104121624e-03,-1.9420343023e-03,9.8202221160e-01,9.9073350482e-01,8.7112932239e-03,1.1276226055e-02,7.6972888888e-03,5.3639332765e-03
25.000000,865.000,35.000000,120.000000,5.8337280370e-03,-1.4039267368e-03,-1.9378316115e-03,9.8202221160e-01,9.9073350482e-01,8.7112932239e-03,1.1475342298e-02,1.1720337628e-02,5.2871531474e-03
25.000000,865.000,35.000000,125.000000,5.7561401316e-03,-1.6019268659e-03,-1.9067974954e-03,9.8202221160e-01,9.9073350482e-01,8.7112932239e-03,1.1669068074e-02,1.7480029774e-02,5.2168346245e-03
25.000000,865.000,35.000000,130.000000,5.6857923275e-03,-1.8006378919e-03,-1.8481402888e-03,9.8202221160e-01,9.9073350482e-01,8.7112932239e-03,1.1855216182e-02,2.5458149553e-02,5.1530778619e-03
25.000000,865.000,35.000000,135.000000,5.6227084572e-03,-1.9961305711e-03,-1.7616769326e-03,9.8202221160e-01,9.9073350482e-01,8.7112932239e-03,1.2031610201e-02,3.6104014405e-02,5.0959044590e-03
25.000000,865.000,35.000000,140.000000,5.5668410395e-03,-2.1844244146e-03,-1.6478534928e-03,9.8202221160e-01,9.9073350482e-01,8.7112932239e-03,1.2196124138e-02,4.9725287330e-02,5.0452713833e-03
25.000000,865.000,35.000000,145.000000,5.5180876720e-03,-2.3615937211e-03,-1.5077482068e-03,9.8202221160e-01,9.9073350482e-01,8.7112932239e-03,1.2346722414e-02,6.6349529865e-02,5.0010858267e-03
25.000000,865.000,35.000000,150.000000,5.4763078403e-03,-2.5238731922e-03,-1.3430568363e-03,9.8202221160e-01,9.9073350482e-01,8.7112932239e-03,1.2481499165e-02,8.5582925395e-02,4.9632204399e-03
25.000000,865.000,35.000000,155.000000,5.4413395311e-03,-2.6677600262e-03,-1.1560606358e-03,9.8202221160e-01,9.9073350482e-01,8.7112932239e-03,1.2598715827e-02,1.0650909475e-01,4.9315283890e-03
25.000000,865.000,35.000000,160.000000,5.4130150492e-03,-2.7901094808e-03,-9.4957775941e-04,9.8202221160e-01,9.9073350482e-01,8.7112932239e-03,1.2696836031e-02,1.2767798682e-01,4.9058576905e-03
25.000000,865.000,35.000000,165.000000,5.3911754755e-03,-2.8882210849e-03,-7.2689942694e-04,9.8202221160e-01,9.9073350482e-01,8.7112932239e-03,1.2774556869e-02,1.4722378750e-01,4.8860643147e-03
25.000000,865.000,35.000000,170.000000,5.3756832545e-03,-2.9599129512e-03,-4.9171262172e-04,9.8202221160e-01,9.9073350482e-01,8.7112932239e-03,1.2830835707e-02,1.6311855002e-01,4.8720235942e-03
25.000000,865.000,35.000000,175.000000,5.3664324718e-03,-3.0035819886e-03,-2.4801149633e-04,9.8202221160e-01,9.9073350482e-01,8.7112932239e-03,1.2864911832e-02,1.7352193825e-01,4.8636395378e-03
25.000000,865.000,35.000000,180.000000,5.3633564601e-03,-3.0182482342e-03,-6.9811615487e-19,9.8202221160e-01,9.9073350482e-01,8.7112932239e-03,1.2876322338e-02,1.7714439863e-01,4.8608517244e-03
25.000000,865.000,35.000000,185.000000,5.3664324718e-03,-3.0035819886e-03,2.4801149633e-04,9.8202221160e-01,9.9073350482e-01,8.7112932239e-03,1.2864911832e-02,1.7352193825e-01,4.8636395378e-03
25.000000,865.000,35.000000,190.000000,5.3756832545e-03,-2.9599129512e-03,4.9171262172e-04,9.8202221160e-01,9.9073350482e-01,8.7112932239e-03,1.2830835707e-02,1.6311855002e-01,4.8720235942e-03
25.000000,865.000,35.000000,195.000000,5.3911754755e-03,-2.8882210849e-03,7.2689942694e-04,9.8202221160e-01,9.9073350482e-01,8.7112932239e-03,1.2774556869e-02,1.4722378750e-01,4.8860643147e-03
25.000000,865.000,35.000000,200.000000,5.4130150492e-03,-2.7901094808e-03,9.4957775941e-04,9.8202221160e-01,9.9073350482e-01,8.7112932239e-03,1.2696836031e-02,1.2767798682e-01,4.9058576905e-03
25.000000,865.000,35.000000,205.000000,5.4413395311e-03,-2.6677600262e-03,1.1560606358e-03,9.8202221160e-01,9.9073350482e-01,8.7112932239e-03,1.2598715827e-02,1.0650909475e-01,4.9315283890e-03
25.000000,865.000,35.000000,210.000000,5.4763078403e-03,-2.5238731922e-03,1.3430568363e-03,9.8202221160e-01,9.9073350482e-01,8.7112932239e-03,1.2481499165e-02,8.5582925395e-02,4.9632204399e-03
25.000000,865.000,35.000000,215.000000,5.5180876720e-03,-2.3615937211e-03,1.5077482068e-03,9.8202221160e-01,9.9073350482e-01,8.7112932239e-03,1.2346722414e-02,6.6349529865e-02,5.0010858267e-03
25.000000,865.000,35.000000,220.000000,5.5668410395e-03,-2.1844244146e-03,1.6478534928e-03,9.8202221160e-01,9.9073350482e-01,8.7112932239e-03,1.2196124138e-02,4.9725287330e-02,5.0452713833e-03
25.000000,865.000,35.000000,225.000000,5.6227084572e-03,-1.9961305711e-03,1.7616769326e-03,9.8202221160e-01,9.9073350482e-01,8.7112932239e-03,1.2031610201e-02,3.6104014405e-02,5.0959044590e-03
25.000000,865.000,35.000000,230.000000,5.6857923275e-03,-1.8006378919e-03,1.8481402888e-03,9.8202221160e-01,9.9073350482e-01,8.7112932239e-03,1.1855216182e-02,2.5458149553e-02,5.1530778619e-03
25.000000,865.000,35.000000,235.000000,5.7561401316e-03,-1.6019268659e-03,1.9067974954e-03,9.8202221160e-01,9.9073350482e-01,8.7112932239e-03,1.1669068074e-02,1.7480029774e-02,5.2168346245e-03
25.000000,865.000,35.000000,240.000000,5.8337280370e-03,-1.4039267368e-03,1.9378316115e-03,9.8202221160e-01,9.9073350482e-01,8.7112932239e-03,1.1475342298e-02,1.1720337628e-02,5.2871531474e-03
25.000000,865.000,35.000000,245.000000,5.9184455360e-03,-1.2104121624e-03,1.9420343023e-03,9.8202221160e-01,9.9073350482e-01,8.7112932239e-03,1.1276226055e-02,7.6972888888e-03,5.3639332765e-03
25.000000,865.000,35.000000,250.000000,6.0100817025e-03,-1.0249055819e-03,1.9207685831e-03,9.8202221160e-01,9.9073350482e-01,8.7112932239e-03,1.1073879018e-02,4.9673049296e-03,5.4469838477e-03
25.000000,865.000,35.000000,255.000000,6.1083136154e-03,-8.5058813020e-04,1.8759160592e-03,9.8202221160e-01,9.9073350482e-01,8.7112932239e-03,1.0870397326e-02,3.1603345378e-03,5.5360121953e-03
25.000000,865.000,35.000000,260.000000,6.2126974382e-03,-6.9022166727e-04,1.8098103522e-03,9.8202221160e-01,9.9073350482e-01,8.7112932239e-03,1.0667780728e-02,1.9891414058e-03,5.6306160667e-03
25.000000,865.000,35.000000,265.000000,6.3226625667e-03,-5.4608415125e-04,1.7251588054e-03,9.8202221160e-01,9.9073350482e-01,8.7112932239e-03,1.0467903656e-02,1.2429278338e-03,5.7302783190e-03
25.000000,865.000,35.000000,270.000000,6.4375091713e-03,-4.1992017090e-04,1.6249549048e-03,9.8202221160e-01,9.9073350482e-01,8.7112932239e-03,1.0272490862e-02,7.7379471513e-04,5.8343646910e-03
25.000000,865.000,35.000000,275.000000,6.5564093577e-03,-3.1290799079e-04,1.5123841161e-03,9.8202221160e-01,9.9073350482e-01,8.7112932239e-03,1.0083098106e-02,4.8169271518e-04,5.9421248559e-03
25.000000,865.000,35.000000,280.000000,6.6784120659e-03,-2.2564395773e-04,1.3907260248e-03,9.8202221160e-01,9.9073350482e-01,8.7112932239e-03,9.9010982301e-03,3.0091572704e-04,6.0526968604e-03
25.000000,865.000,35.000000,285.000000,6.8024517103e-03,-1.5814458846e-04,1.2632557589e-03,9.8202221160e-01,9.9073350482e-01,8.7112932239e-03,9.7276727975e-03,1.8932391251e-04,6.1651149560e-03
25.000000,865.000,35.000000,290.000000,6.9273604546e-03,-1.0986612147e-04,1.1331476831e-03,9.8202221160e-01,9.9073350482e-01,8.7112932239e-03,9.5638092819e-03,1.2038838232e-04,6.2783207237e-03
25.000000,865.000,35.000000,295.000000,7.0518839002e-03,-7.9740786021e-05,1.0033842652e-03,9.8202221160e-01,9.9073350482e-01,8.7112932239e-03,9.4103036538e-03,7.7639143194e-05,6.3911772921e-03
25.000000,865.000,35.000000,300.000000,7.1746998629e-03,-6.6228536417e-05,8.7667284358e-04,9.8202221160e-01,9.9073350482e-01,8.7112932239e-03,9.2677680291e-03,5.0950303791e-05,6.5024863554e-03
25.000000,865.000,35.000000,305.000000,7.2944398138e-03,-6.7382532447e-05,7.5537276887e-04,9.8202221160e-01,9.9073350482e-01,8.7112932239e-03,9.1366429097e-03,3.4133334767e-05,6.6110076054e-03
25.000000,865.000,35.000000,310.000000,7.4097124767e-03,-8.0926234420e-05,6.4143506141e-04,9.8202221160e-01,9.9073350482e-01,8.7112932239e-03,9.0172134066e-03,2.3415583764e-05,6.7154801174e-03
25.000000,865.000,35.000000,315.000000,7.5191290001e-03,-1.0433963365e-04,5.3635633198e-04,9.8202221160e-01,9.9073350482e-01,8.7112932239e-03,8.9096287294e-03,1.6495905873e-05,6.8146451645e-03
25.000000,865.000,35.000000,320.000000,7.6213290708e-03,-1.3495186855e-04,4.4114826538e-04,9.8202221160e-01,9.9073350482e-01,8.7112932239e-03,8.8139241343e-03,1.1966173881e-05,6.9072698844e-03
25.000000,865.000,35.000000,325.000000,7.7150072971e-03,-1.7003729003e-04,3.5632348026e-04,9.8202221160e-01,9.9073350482e-01,8.7112932239e-03,8.7300444627e-03,8.9600179690e-06,6.9921711904e-03
25.000000,865.000,35.000000,330.000000,7.7989391743e-03,-2.0691194392e-04,2.8189806843e-04,9.8202221160e-01,9.9073350482e-01,8.7112932239e-03,8.6578683687e-03,6.9406232508e-06,7.0682393043e-03
25.000000,865.000,35.000000,335.000000,7.8720059471e-03,-2.4302743474e-04,2.1741059869e-04,9.8202221160e-01,9.9073350482e-01,8.7112932239e-03,8.5972323255e-03,5.5727976050e-06,7.1344602895e-03
25.000000,865.000,35.000000,340.000000,7.9332177082e-03,-2.7605922523e-04,1.6195685944e-04,9.8202221160e-01,9.9073350482e-01,8.7112932239e-03,8.5479535298e-03,4.6458312181e-06,7.1899369852e-03
25.000000,865.000,35.000000,345.000000,7.9817341134e-03,-3.0398660581e-04,1.1423912663e-04,9.8202221160e-01,9.9073350482e-01,8.7112932239e-03,8.5098508684e-03,4.0269322642e-06,7.2339077810e-03
25.000000,865.000,35.000000,350.000000,8.0168821559e-03,-3.2516183324e-04,7.2628294283e-05,9.8202221160e-01,9.9073350482e-01,8.7112932239e-03,8.4827631956e-03,3.6331373918e-06,7.2657627257e-03
25.000000,865.000,35.000000,355.000000,8.0381705183e-03,-3.3836627878e-04,3.5236806979e-05,9.8202221160e-01,9.9073350482e-01,8.7112932239e-03,8.4665642667e-03,3.4145110306e-06,7.2850565343e-03
25.000000,865.000,40.000000,0.000000,8.4829800591e-03,-5.6716754651e-04,8.9640044581e-20,9.8202221160e-01,9.9073350482e-01,8.7112932239e-03,8.0044513795e-03,3.1447389939e-07,7.6881908849e-03
25.000000,865.000,40.000000,5.000000,8.4745086036e-03,-5.6310828016e-04,-6.4200354308e-05,9.8202221160e-01,9.9073350482e-01,8.7112932239e-03,8.0094870253e-03,3.2237203762e-07,7.6805131387e-03
25.000000,865.000,40.000000,10.000000,8.4492211663e-03,-5.5118394113e-04,-1.3032832272e-04,9.8202221160e-01,9.9073350482e-01,8.7112932239e-03,8.0246415770e-03,3.4721063424e-07,7.6575949374e-03
25.000000,865.000,40.000000,15.000000,8.4074956714e-03,-5.3214621791e-04,-2.0022343347e-04,9.8202221160e-01,9.9073350482e-01,8.7112932239e-03,8.0500549039e-03,3.9268503841e-07,7.6197787965e-03
25.000000,865.000,40.000000,20.000000,8.3499525262e-03,-5.0721922444e-04,-2.7555194420e-04,9.8202221160e-01,9.9073350482e-01,8.7112932239e-03,8.0859503114e-03,4.6590945146e-07,7.5676269959e-03
25.000000,865.000,40.000000,25.000000,8.2774406977e-03,-4.7805739215e-04,-3.5772736940e-04,9.8202221160e-01,9.9073350482e-01,8.7112932239e-03,8.1326201799e-03,5.7915559237e-07,7.5019089610e-03
25.000000,865.000,40.000000,30.000000,8.1910187620e-03,-4.4668837386e-04,-4.4783935459e-04,9.8202221160e-01,9.9073350482e-01,8.7112932239e-03,8.1904065552e-03,7.5301108543e-07,7.4235840878e-03
25.000000,865.000,40.000000,35.000000,8.0919314524e-03,-4.1544274648e-04,-5.4659327247e-04,9.8202221160e-01,9.9073350482e-01,8.7112932239e-03,8.2596773603e-03,1.0219895509e-06,7.3337804874e-03
25.000000,865.000,40.000000,40.000000,7.9815823493e-03,-3.8687271436e-04,-6.5426258433e-04,9.8202221160e-01,9.9073350482e-01,8.7112932239e-03,8.3407990533e-03,1.4444906543e-06,7.2337702360e-03
25.000000,865.000,40.000000,45.000000,7.8615034651e-03,-3.6366236347e-04,-7.7065561360e-04,9.8202221160e-01,9.9073350482e-01,8.7112932239e-03,8.4341066854e-03,2.1205867255e-06,7.1249418082e-03
25.000000,865.000,40.000000,50.000000,7.7333225526e-03,-3.4853228591e-04,-8.9509793071e-04,9.8202221160e-01,9.9073350482e-01,8.7112932239e-03,8.5398724114e-03,3.2239981818e-06,7.0087704490e-03
25.000000,865.000,40.000000,55.000000,7.5987290257e-03,-3.4414157802e-04,-1.0264310628e-03,9.8202221160e-01,9.9073350482e-01,8.7112932239e-03,8.6582735728e-03,5.0598770818e-06,6.8867872876e-03
25.000000,865.000,40.000000,60.000000,7.4594394115e-03,-3.5299030650e-04,-1.1630277336e-03,9.8202221160e-01,9.9073350482e-01,8.7112932239e-03,8.7893615013e-03,8.1695085911e-06,6.7605480256e-03
25.000000,865.000,40.000000,65.000000,7.3171632545e-03,-3.7732553345e-04,-1.3028233217e-03,9.8202221160e-01,9.9073350482e-01,8.7112932239e-03,8.9330321894e-03,1.3519917078e-05,6.6316020366e-03
25.000000,865.000,40.000000,70.000000,7.1735703720e-03,-4.1905389284e-04,-1.4433627189e-03,9.8202221160e-01,9.9073350482e-01,8.7112932239e-03,9.0889999287e-03,2.2845719782e-05,6.5014626890e-03
25.000000,865.000,40.000000,75.000000,7.0302603101e-03,-4.7966352033e-04,-1.5818612854e-03,9.8202221160e-01,9.9073350482e-01,8.7112932239e-03,9.2567749421e-03,3.9260072378e-05,6.3715796639e-03
25.000000,865.000,40.000000,80.000000,6.8887347737e-03,-5.6015786201e-04,-1.7152781536e-03,9.8202221160e-01,9.9073350482e-01,8.7112932239e-03,9.4356459267e-03,6.8331495685e-05,6.2433139682e-03
25.000000,865.000,40.000000,85.000000,6.7503737087e-03,-6.6100353270e-04,-1.8403997389e-03,9.8202221160e-01,9.9073350482e-01,8.7112932239e-03,9.6246682825e-03,1.1994485293e-04,6.1179162576e-03
25.000000,865.000,40.000000,90.000000,6.6164155978e-03,-7.8209397304e-04,-1.9539309885e-03,9.8202221160e-01,9.9073350482e-01,8.7112932239e-03,9.8226586397e-03,2.1143336412e-04,5.9965089786e-03
25.000000,865.000,40.000000,95.000000,6.4879423996e-03,-9.2273017821e-04,-2.0525916434e-03,9.8202221160e-01,9.9073350482e-01,8.7112932239e-03,1.0028196111e-02,3.7266977772e-04,5.8800727186e-03
25.000000,865.000,40.000000,100.000000,6.3658694162e-03,-1.0816192552e-03,-2.1332146190e-03,9.8202221160e-01,9.9073350482e-01,8.7112932239e-03,1.0239630493e-02,6.5397695989e-04,5.7694370232e-03
25.000000,865.000,40.000000,105.000000,6.2509402254e-03,-1.2568910252e-03,-2.1928435237e-03,9.8202221160e-01,9.9073350482e-01,8.7112932239e-03,1.0455097438e-02,1.1377127955e-03,5.6652758026e-03
25.000000,865.000,40.000000,110.000000,6.1437266564e-03,-1.4461323387e-03,-2.2288263439e-03,9.8202221160e-01,9.9073350482e-01,8.7112932239e-03,1.0672540396e-02,1.9539274961e-03,5.5681073101e-03
25.000000,865.000,40.000000,115.000000,6.0446336406e-03,-1.6464382332e-03,-2.2389024187e-03,9.8202221160e-01,9.9073350482e-01,8.7112932239e-03,1.0889738930e-02,3.2991847482e-03,5.4782985382e-03
25.000000,865.000,40.000000,120.000000,5.9539086180e-03,-1.8544785461e-03,-2.2212800129e-03,9.8202221160e-01,9.9073350482e-01,8.7112932239e-03,1.1104342795e-02,5.4550717727e-03,5.3960737438e-03
25.000000,865.000,40.000000,125.000000,5.8716550509e-03,-2.0665781255e-03,-2.1747020644e-03,9.8202221160e-01,9.9073350482e-01,8.7112932239e-03,1.1313911014e-02,8.7989857973e-03,5.3215266954e-03
25.000000,865.000,40.000000,130.000000,5.7978494723e-03,-2.2788083590e-03,-2.0984980212e-03,9.8202221160e-01,9.9073350482e-01,8.7112932239e-03,1.1515954996e-02,1.3795187624e-02,5.2546361248e-03
25.000000,865.000,40.000000,135.000000,5.7323613983e-03,-2.4870873957e-03,-1.9926200902e-03,9.8202221160e-01,9.9073350482e-01,8.7112932239e-03,1.1707984627e-02,2.0950948354e-02,5.1952837734e-03
25.000000,865.000,40.000000,140.000000,5.6749753526e-03,-2.6872861591e-03,-1.8576626748e-03,9.8202221160e-01,9.9073350482e-01,8.7112932239e-03,1.1887556165e-02,3.0724436855e-02,5.1432743533e-03
25.000000,865.000,40.000000,145.000000,5.6254141978e-03,-2.8753370684e-03,-1.6948642740e-03,9.8202221160e-01,9.9073350482e-01,8.7112932239e-03,1.2052320678e-02,4.3381712078e-02,5.0983566928e-03
25.000000,865.000,40.000000,150.000000,5.5833629352e-03,-3.0473422919e-03,-1.5060916339e-03,9.8202221160e-01,9.9073350482e-01,8.7112932239e-03,1.2200071774e-02,5.8821364054e-02,5.0602453060e-03
25.000000,865.000,40.000000,155.000000,5.5484921340e-03,-3.1996783596e-03,-1.2938064664e-03,9.8202221160e-01,9.9073350482e-01,8.7112932239e-03,1.2328791326e-02,7.6412727234e-02,5.0286416274e-03
25.000000,865.000,40.000000,160.000000,5.5204801721e-03,-3.3290940624e-03,-1.0610155693e-03,9.8202221160e-01,9.9073350482e-01,8.7112932239e-03,1.2436691989e-02,9.4915277748e-02,5.0032541681e-03
25.000000,865.000,40.000000,165.000000,5.4990335198e-03,-3.4327987550e-03,-8.1120567179e-04,9.8202221160e-01,9.9073350482e-01,8.7112932239e-03,1.2522255341e-02,1.1254639614e-01,4.9838169002e-03
25.000000,865.000,40.000000,170.000000,5.4839043705e-03,-3.5085384600e-03,-5.4826478815e-04,9.8202221160e-01,9.9073350482e-01,8.7112932239e-03,1.2584264629e-02,1.2723026366e-01,4.9701052343e-03
25.000000,865.000,40.000000,175.000000,5.4749050149e-03,-3.5546575273e-03,-2.7639225885e-04,9.8202221160e-01,9.9073350482e-01,8.7112932239e-03,1.2621831207e-02,1.3699613715e-01,4.9619490483e-03
25.000000,865.000,40.000000,180.000000,5.4719184720e-03,-3.5701440258e-03,-7.7787004316e-19,9.8202221160e-01,9.9073350482e-01,8.7112932239e-03,1.2634413966e-02,1.4042403495e-01,4.9592423212e-03
25.000000,865.000,40.000000,185.000000,5.4749050149e-03,-3.5546575273e-03,2.7639225885e-04,9.8202221160e-01,9.9073350482e-01,8.7112932239e-03,1.2621831207e-02,1.3699613715e-01,4.9619490483e-03
25.000000,865.000,40.000000,190.000000,5.4839043705e-03,-3.5085384600e-03,5.4826478815e-04,9.8202221160e-01,9.9073350482e-01,8.7112932239e-03,1.2584264629e-02,1.2723026366e-01,4.9701052343e-03
25.000000,865.000,40.000000,195.000000,5.4990335198e-03,-3.4327987550e-03,8.1120567179e-04,9.8202221160e-01,9.9073350482e-01,8.7112932239e-03,1.2522255341e-02,1.1254639614e-01,4.9838169002e-03
25.000000,865.000,40.000000,200.000000,5.5204801721e-03,-3.3290940624e-03,1.0610155693e-03,9.8202221160e-01,9.9073350482e-01,8.7112932239e-03,1.2436691989e-02,9.4915277748e-02,5.0032541681e-03
25.000000,865.000,40.000000,205.000000,5.5484921340e-03,-3.1996783596e-03,1.2938064664e-03,9.8202221160e-01,9.9073350482e-01,8.7112932239e-03,1.2328791326e-02,7.6412727234e-02,5.0286416274e-03
25.000000,865.000,40.000000,210.000000,5.5833629352e-03,-3.0473422919e-03,1.5060916339e-03,9.8202221160e-01,9.9073350482e-01,8.7112932239e-03,1.2200071774e-02,5.8821364054e-02,5.0602453060e-03
25.000000,865.000,40.000000,215.000000,5.6254141978e-03,-2.8753370684e-03,1.6948642740e-03,9.8202221160e-01,9.9073350482e-01,8.7112932239e-03,1.2052320678e-02,4.3381712078e-02,5.0983566928e-03
25.000000,865.000,40.000000,220.000000,5.6749753526e-03,-2.6872861591e-03,1.8576626748e-03,9.8202221160e-01,9.9073350482e-01,8.7112932239e-03,1.1887556165e-02,3.0724436855e-02,5.1432743533e-03
25.000000,865.000,40.000000,225.000000,5.7323613983e-03,-2.4870873957e-03,1.9926200902e-03,9.8202221160e-01,9.9073350482e-01,8.7112932239e-03,1.1707984627e-02,2.0950948354e-02,5.1952837734e-03
25.000000,865.000,40.000000,230.000000,5.7978494723e-03,-2.2788083590e-03,2.0984980212e-03,9.8202221160e-01,9.9073350482e-01,8.7112932239e-03,1.1515954996e-02,1.3795187624e-02,5.2546361248e-03
25.000000,865.000,40.000000,235.000000,5.8716550509e-03,-2.0665781255e-03,2.1747020644e-03,9.8202221160e-01,9.9073350482e-01,8.7112932239e-03,1.1313911014e-02,8.7989857973e-03,5.3215266954e-03
25.000000,865.000,40.000000,240.000000,5.9539086180e-03,-1.8544785461e-03,2.2212800129e-03,9.8202221160e-01,9.9073350482e-01,8.7112932239e-03,1.1104342795e-02,5.4550717727e-03,5.3960737438e-03
25.000000,865.000,40.000000,245.000000,6.0446336406e-03,-1.6464382332e-03,2.2389024187e-03,9.8202221160e-01,9.9073350482e-01,8.7112932239e-03,1.0889738930e-02,3.2991847482e-03,5.4782985382e-03
25.000000,865.000,40.000000,250.000000,6.1437266564e-03,-1.4461323387e-03,2.2288263439e-03,9.8202221160e-01,9.9073350482e-01,8.7112932239e-03,1.0672540396e-02,1.9539274961e-03,5.5681073101e-03
25.000000,865.000,40.000000,255.000000,6.2509402254e-03,-1.2568910252e-03,2.1928435237e-03,9.8202221160e-01,9.9073350482e-01,8.7112932239e-03,1.0455097438e-02,1.1377127955e-03,5.6652758026e-03
25.000000,865.000,40.000000,260.000000,6.3658694162e-03,-1.0816192552e-03,2.1332146190e-03,9.8202221160e-01,9.9073350482e-01,8.7112932239e-03,1.0239630493e-02,6.5397695989e-04,5.7694370232e-03
25.000000,865.000,40.000000,265.000000,6.4879423996e-03,-9.2273017821e-04,2.0525916434e-03,9.8202221160e-01,9.9073350482e-01,8.7112932239e-03,1.0028196111e-02,3.7266977772e-04,5.8800727186e-03
25.000000,865.000,40.000000,270.000000,6.6164155978e-03,-7.8209397304e-04,1.9539309885e-03,9.8202221160e-01,9.9073350482e-01,8.7112932239e-03,9.8226586397e-03,2.1143336412e-04,5.9965089786e-03
25.000000,865.000,40.000000,275.000000,6.7503737087e-03,-6.6100353270e-04,1.8403997389e-03,9.8202221160e-01,9.9073350482e-01,8.7112932239e-03,9.6246682825e-03,1.1994485293e-04,6.1179162576e-03
25.000000,865.000,40.000000,280.000000,6.8887347737e-03,-5.6015786201e-04,1.7152781536e-03,9.8202221160e-01,9.9073350482e-01,8.7112932239e-03,9.4356459267e-03,6.8331495685e-05,6.2433139682e-03
25.000000,865.000,40.000000,285.000000,7.0302603101e-03,-4.7966352033e-04,1.5818612854e-03,9.8202221160e-01,9.9073350482e-01,8.7112932239e-03,9.2567749421e-03,3.9260072378e-05,6.3715796639e-03
25.000000,865.000,40.000000,290.000000,7.1735703720e-03,-4.1905389284e-04,1.4433627189e-03,9.8202221160e-01,9.9073350482e-01,8.7112932239e-03,9.0889999287e-03,2.2845719782e-05,6.5014626890e-03
25.000000,865.000,40.000000,295.000000,7.3171632545e-03,-3.7732553345e-04,1.3028233217e-03,9.8202221160e-01,9.9073350482e-01,8.7112932239e-03,8.9330321894e-03,1.3519917078e-05,6.6316020366e-03
25.000000,865.000,40.000000,300.000000,7.4594394115e-03,-3.5299030650e-04,1.1630277336e-03,9.8202221160e-01,9.9073350482e-01,8.7112932239e-03,8.7893615013e-03,8.1695085911e-06,6.7605480256e-03
25.000000,865.000,40.000000,305.000000,7.5987290257e-03,-3.4414157802e-04,1.0264310628e-03,9.8202221160e-01,9.9073350482e-01,8.7112932239e-03,8.6582735728e-03,5.0598770818e-06,6.8867872876e-03
25.000000,865.000,40.000000,310.000000,7.7333225526e-03,-3.4853228591e-04,8.9509793071e-04,9.8202221160e-01,9.9073350482e-01,8.7112932239e-03,8.5398724114e-03,3.2239981818e-06,7.0087704490e-03
25.000000,865.000,40.000000,315.000000,7.8615034651e-03,-3.6366236347e-04,7.7065561360e-04,9.8202221160e-01,9.9073350482e-01,8.7112932239e-03,8.4341066854e-03,2.1205867255e-06,7.1249418082e-03
25.000000,865.000,40.000000,320.000000,7.9815823493e-03,-3.8687271436e-04,6.5426258433e-04,9.8202221160e-01,9.9073350482e-01,8.7112932239e-03,8.3407990533e-03,1.4444906543e-06,7.2337702360e-03
25.000000,865.000,40.000000,325.000000,8.0919314524e-03,-4.1544274648e-04,5.4659327247e-04,9.8202221160e-01,9.9073350482e-01,8.7112932239e-03,8.2596773603e-03,1.0219895509e-06,7.3337804874e-03
25.000000,865.000,40.000000,330.000000,8.1910187620e-03,-4.4668837386e-04,4.4783935459e-04,9.8202221160e-01,9.9073350482e-01,8.7112932239e-03,8.1904065552e-03,7.5301108543e-07,7.4235840878e-03
25.000000,865.000,40.000000,335.000000,8.2774406977e-03,-4.7805739215e-04,3.5772736940e-04,9.8202221160e-01,9.9073350482e-01,8.7112932239e-03,8.1326201799e-03,5.7915559237e-07,7.5019089610e-03
25.000000,865.000,40.000000,340.000000,8.3499525262e-03,-5.0721922444e-04,2.7555194420e-04,9.8202221160e-01,9.9073350482e-01,8.7112932239e-03,8.0859503114e-03,4.6590945146e-07,7.5676269959e-03
25.000000,865.000,40.000000,345.000000,8.4074956714e-03,-5.3214621791e-04,2.0022343347e-04,9.8202221160e-01,9.9073350482e-01,8.7112932239e-03,8.0500549039e-03,3.9268503841e-07,7.6197787965e-03
25.000000,865.000,40.000000,350.000000,8.4492211663e-03,-5.5118394113e-04,1.3032832272e-04,9.8202221160e-01,9.9073350482e-01,8.7112932239e-03,8.0246415770e-03,3.4721063424e-07,7.6575949374e-03
25.000000,865.000,40.000000,355.000000,8.4745086036e-03,-5.6310828016e-04,6.4200354308e-05,9.8202221160e-01,9.9073350482e-01,8.7112932239e-03,8.0094870253e-03,3.2237203762e-07,7.6805131387e-03
25.000000,865.000,45.000000,0.000000,9.0251287863e-03,-9.0850624626e-04,1.3797218902e-19,9.8202221160e-01,9.9073350482e-01,8.7112932239e-03,7.6213270663e-03,1.9965276010e-08,8.1795444980e-03
25.000000,865.000,45.000000,5.000000,9.0151822697e-03,-9.0470027722e-04,-9.8595585155e-05,9.8202221160e-01,9.9073350482e-01,8.7112932239e-03,7.6256859693e-03,2.0560881865e-08,8.1705298926e-03
25.000000,865.000,45.000000,10.000000,8.9855012337e-03,-8.9354128804e-04,-1.9884615900e-04,9.8202221160e-01,9.9073350482e-01,8.7112932239e-03,7.6388335948e-03,2.2451382090e-08,8.1436297385e-03
25.000000,865.000,45.000000,15.000000,8.9365574969e-03,-8.7579707498e-04,-3.0232102911e-04,9.8202221160e-01,9.9073350482e-01,8.7112932239e-03,7.6609789897e-03,2.5976843501e-08,8.0992716487e-03
25.000000,865.000,45.000000,20.000000,8.8691251195e-03,-8.5271772060e-04,-4.1042101354e-04,9.8202221160e-01,9.9073350482e-01,8.7112932239e-03,7.6924583484e-03,3.1811629678e-08,8.0381571600e-03
25.000000,865.000,45.000000,25.000000,8.7842623109e-03,-8.2599220000e-04,-5.2430128865e-04,9.8202221160e-01,9.9073350482e-01,8.7112932239e-03,7.7337171178e-03,4.1168693697e-08,7.9612453358e-03
25.000000,865.000,45.000000,30.000000,8.6832868162e-03,-7.9768954503e-04,-6.4480250056e-04,9.8202221160e-01,9.9073350482e-01,8.7112932239e-03,7.7852857935e-03,5.6191637399e-08,7.8697304586e-03
25.000000,865.000,45.000000,35.000000,8.5677454722e-03,-7.7018641132e-04,-7.7239249053e-04,9.8202221160e-01,9.9073350482e-01,8.7112932239e-03,7.8477502223e-03,8.0698359094e-08,7.7650144388e-03
25.000000,865.000,45.000000,40.000000,8.4393787856e-03,-7.4608332187e-04,-9.0712065409e-04,9.8202221160e-01,9.9073350482e-01,8.7112932239e-03,7.9217174180e-03,1.2160248305e-07,7.6486747111e-03
25.000000,865.000,45.000000,45.000000,8.3000815201e-03,-7.2811221985e-04,-1.0485865597e-03,9.8202221160e-01,9.9073350482e-01,8.7112932239e-03,8.0077780536e-03,1.9166463391e-07,7.5224285147e-03
25.000000,865.000,45.000000,50.000000,8.1518603892e-03,-7.1903824186e-04,-1.1959240083e-03,9.8202221160e-01,9.9073350482e-01,8.7112932239e-03,8.1064669137e-03,3.1488491258e-07,7.3880945496e-03
25.000000,865.000,45.000000,55.000000,7.9967900224e-03,-7.2155881204e-04,-1.3478012311e-03,9.8202221160e-01,9.9073350482e-01,8.7112932239e-03,8.2182226748e-03,5.3718493528e-07,7.2475530686e-03
25.000000,865.000,45.000000,60.000000,7.8369684145e-03,-7.3820325143e-04,-1.5024374195e-03,9.8202221160e-01,9.9073350482e-01,8.7112932239e-03,8.3433484158e-03,9.4773247172e-07,7.1027055008e-03
25.000000,865.000,45.000000,65.000000,7.6744730717e-03,-7.7123609334e-04,-1.6576352664e-03,9.8202221160e-01,9.9073350482e-01,8.7112932239e-03,8.4819742603e-03,1.7216915559e-06,6.9554347063e-03
25.000000,865.000,45.000000,70.000000,7.5113190341e-03,-8.2256719323e-04,-1.8108286941e-03,9.8202221160e-01,9.9073350482e-01,8.7112932239e-03,8.6340234974e-03,3.2059345740e-06,6.8075669315e-03
25.000000,865.000,45.000000,75.000000,7.3494198903e-03,-8.9367152493e-04,-1.9591444645e-03,9.8202221160e-01,9.9073350482e-01,8.7112932239e-03,8.7991834404e-03,6.0901128404e-06,6.6608364768e-03
25.000000,865.000,45.000000,80.000000,7.1905527988e-03,-9.8552126882e-04,-2.0994759225e-03,9.8202221160e-01,9.9073350482e-01,8.7112932239e-03,8.9768821461e-03,1.1744767774e-05,6.5168539946e-03
25.000000,865.000,45.000000,85.000000,7.0363284028e-03,-1.0985324313e-03,-2.2285667366e-03,9.8202221160e-01,9.9073350482e-01,8.7112932239e-03,9.1662719543e-03,2.2879184321e-05,6.3770792236e-03
25.000000,865.000,45.000000,90.000000,6.8881663713e-03,-1.2325277988e-03,-2.3431021728e-03,9.8202221160e-01,9.9073350482e-01,8.7112932239e-03,9.3662206027e-03,4.4793016659e-05,6.2427988207e-03
25.000000,865.000,45.000000,95.000000,6.7472771215e-03,-1.3867175378e-03,-2.4398051867e-03,9.8202221160e-01,9.9073350482e-01,8.7112932239e-03,9.5753104514e-03,8.7686989218e-05,6.1151097965e-03
25.000000,865.000,45.000000,100.000000,6.6146500909e-03,-1.5596982192e-03,-2.5155344493e-03,9.8202221160e-01,9.9073350482e-01,8.7112932239e-03,9.7918461103e-03,1.7076464006e-04,5.9949088859e-03
25.000000,865.000,45.000000,105.000000,6.4910487232e-03,-1.7494704858e-03,-2.5673813402e-03,9.8202221160e-01,9.9073350482e-01,8.7112932239e-03,1.0013870504e-02,3.2915441619e-04,5.8828880039e-03
25.000000,865.000,45.000000,110.000000,6.3770121307e-03,-1.9534750178e-03,-2.5927629490e-03,9.8202221160e-01,9.9073350482e-01,8.7112932239e-03,1.0239189158e-02,6.2485036263e-04,5.7795357521e-03
25.000000,865.000,45.000000,115.000000,6.2728631924e-03,-2.1686458902e-03,-2.5895082238e-03,9.8202221160e-01,9.9073350482e-01,8.7112932239e-03,1.0465402239e-02,1.1625549213e-03,5.6851447583e-03
25.000000,865.000,45.000000,120.000000,6.1787226568e-03,-2.3914798883e-03,-2.5559345912e-03,9.8202221160e-01,9.9073350482e-01,8.7112932239e-03,1.0689943627e-02,2.1099164415e-03,5.5998244578e-03
25.000000,865.000,45.000000,125.000000,6.0945286378e-03,-2.6181198554e-03,-2.4909126386e-03,9.8202221160e-01,9.9073350482e-01,8.7112932239e-03,1.0910126112e-02,3.7184900111e-03,5.5235187628e-03
25.000000,865.000,45.000000,130.000000,6.0200607355e-03,-2.8444497170e-03,-2.3939167900e-03,9.8202221160e-01,9.9073350482e-01,8.7112932239e-03,1.1123191567e-02,6.3365028542e-03,5.4560279230e-03
25.000000,865.000,45.000000,135.000000,5.9549678798e-03,-3.0661984620e-03,-2.2650603111e-03,9.8202221160e-01,9.9073350482e-01,8.7112932239e-03,1.1326364826e-02,1.0398177860e-02,5.3970337611e-03
25.000000,865.000,45.000000,140.000000,5.8987988896e-03,-3.2790500831e-03,-2.1051134358e-03,9.8202221160e-01,9.9073350482e-01,8.7112932239e-03,1.1516909861e-02,1.6370295425e-02,5.3461273678e-03
25.000000,865.000,45.000000,145.000000,5.8510346675e-03,-3.4787562850e-03,-1.9155038981e-03,9.8202221160e-01,9.9073350482e-01,8.7112932239e-03,1.1692186751e-02,2.4640586751e-02,5.3028382814e-03
25.000000,865.000,45.000000,150.000000,5.8111209124e-03,-3.6612486790e-03,-1.6982996723e-03,9.8202221160e-01,9.9073350482e-01,8.7112932239e-03,1.1849707924e-02,3.5350233817e-02,5.2666641343e-03
25.000000,865.000,45.000000,155.000000,5.7785002249e-03,-3.8227471802e-03,-1.4561742461e-03,9.8202221160e-01,9.9073350482e-01,8.7112932239e-03,1.1987192143e-02,4.8204754511e-02,5.2370997512e-03
25.000000,865.000,45.000000,160.000000,5.7526425156e-03,-3.9598614321e-03,-1.1923552684e-03,9.8202221160e-01,9.9073350482e-01,8.7112932239e-03,1.2102614756e-02,6.2333379977e-02,5.2136647079e-03
25.000000,865.000,45.000000,165.000000,5.7330726895e-03,-4.0696822780e-03,-9.1055790480e-04,9.8202221160e-01,9.9073350482e-01,8.7112932239e-03,1.2194252826e-02,7.6284563038e-02,5.1959284222e-03
25.000000,865.000,45.000000,170.000000,5.7193946766e-03,-4.1498605877e-03,-6.1490468580e-04,9.8202221160e-01,9.9073350482e-01,8.7112932239e-03,1.2260723909e-02,8.8220882789e-02,5.1835319325e-03
25.000000,865.000,45.000000,175.000000,5.7113110058e-03,-4.1986711174e-03,-3.0983403526e-04,9.8202221160e-01,9.9073350482e-01,8.7112932239e-03,1.2301017385e-02,9.6304186554e-02,5.1762056388e-03
25.000000,865.000,45.000000,180.000000,5.7086372709e-03,-4.2150595200e-03,-8.7184465238e-19,9.8202221160e-01,9.9073350482e-01,8.7112932239e-03,1.2314517488e-02,9.9167337226e-02,5.1737824120e-03
25.000000,865.000,45.000000,185.000000,5.7113110058e-03,-4.1986711174e-03,3.0983403526e-04,9.8202221160e-01,9.9073350482e-01,8.7112932239e-03,1.2301017385e-02,9.6304186554e-02,5.1762056388e-03
25.000000,865.000,45.000000,190.000000,5.7193946766e-03,-4.1498605877e-03,6.1490468580e-04,9.8202221160e-01,9.9073350482e-01,8.7112932239e-03,1.2260723909e-02,8.8220882789e-02,5.1835319325e-03
25.000000,865.000,45.000000,195.000000,5.7330726895e-03,-4.0696822780e-03,9.1055790480e-04,9.8202221160e-01,9.9073350482e-01,8.7112932239e-03,1.2194252826e-02,7.6284563038e-02,5.1959284222e-03
25.000000,865.000,45.000000,200.000000,5.7526425156e-03,-3.9598614321e-03,1.1923552684e-03,9.8202221160e-01,9.9073350482e-01,8.7112932239e-03,1.2102614756e-02,6.2333379977e-02,5.2136647079e-03
25.000000,865.000,45.000000,205.000000,5.7785002249e-03,-3.8227471802e-03,1.4561742461e-03,9.8202221160e-01,9.9073350482e-01,8.7112932239e-03,1.1987192143e-02,4.8204754511e-02,5.2370997512e-03
25.000000,865.000,45.000000,210.000000,5.8111209124e-03,-3.6612486790e-03,1.6982996723e-03,9.8202221160e-01,9.9073350482e-01,8.7112932239e-03,1.1849707924e-02,3.5350233817e-02,5.2666641343e-03
25.000000,865.000,45.000000,215.000000,5.8510346675e-03,-3.4787562850e-03,1.9155038981e-03,9.8202221160e-01,9.9073350482e-01,8.7112932239e-03,1.1692186751e-02,2.4640586751e-02,5.3028382814e-03
25.000000,865.000,45.000000,220.000000,5.8987988896e-03,-3.2790500831e-03,2.1051134358e-03,9.8202221160e-01,9.9073350482e-01,8.7112932239e-03,1.1516909861e-02,1.6370295425e-02,5.3461273678e-03
25.000000,865.000,45.000000,225.000000,5.9549678798e-03,-3.0661984620e-03,2.2650603111e-03,9.8202221160e-01,9.9073350482e-01,8.7112932239e-03,1.1326364826e-02,1.0398177860e-02,5.3970337611e-03
25.000000,865.000,45.000000,230.000000,6.0200607355e-03,-2.8444497170e-03,2.3939167900e-03,9.8202221160e-01,9.9073350482e-01,8.7112932239e-03,1.1123191567e-02,6.3365028542e-03,5.4560279230e-03
25.000000,865.000,45.000000,235.000000,6.0945286378e-03,-2.6181198554e-03,2.4909126386e-03,9.8202221160e-01,9.9073350482e-01,8.7112932239e-03,1.0910126112e-02,3.7184900111e-03,5.5235187628e-03
25.000000,865.000,45.000000,240.000000,6.1787226568e-03,-2.3914798883e-03,2.5559345912e-03,9.8202221160e-01,9.9073350482e-01,8.7112932239e-03,1.0689943627e-02,2.1099164415e-03,5.5998244578e-03
25.000000,865.000,45.000000,245.000000,6.2728631924e-03,-2.1686458902e-03,2.5895082238e-03,9.8202221160e-01,9.9073350482e-01,8.7112932239e-03,1.0465402239e-02,1.1625549213e-03,5.6851447583e-03
25.000000,865.000,45.000000,250.000000,6.3770121307e-03,-1.9534750178e-03,2.5927629490e-03,9.8202221160e-01,9.9073350482e-01,8.7112932239e-03,1.0239189158e-02,6.2485036263e-04,5.7795357521e-03
25.000000,865.000,45.000000,255.000000,6.4910487232e-03,-1.7494704858e-03,2.5673813402e-03,9.8202221160e-01,9.9073350482e-01,8.7112932239e-03,1.0013870504e-02,3.2915441619e-04,5.8828880039e-03
25.000000,865.000,45.000000,260.000000,6.6146500909e-03,-1.5596982192e-03,2.5155344493e-03,9.8202221160e-01,9.9073350482e-01,8.7112932239e-03,9.7918461103e-03,1.7076464006e-04,5.9949088859e-03
25.000000,865.000,45.000000,265.000000,6.7472771215e-03,-1.3867175378e-03,2.4398051867e-03,9.8202221160e-01,9.9073350482e-01,8.7112932239e-03,9.5753104514e-03,8.7686989218e-05,6.1151097965e-03
25.000000,865.000,45.000000,270.000000,6.8881663713e-03,-1.2325277988e-03,2.3431021728e-03,9.8202221160e-01,9.9073350482e-01,8.7112932239e-03,9.3662206027e-03,4.4793016659e-05,6.2427988207e-03
25.000000,865.000,45.000000,275.000000,7.0363284028e-03,-1.0985324313e-03,2.2285667366e-03,9.8202221160e-01,9.9073350482e-01,8.7112932239e-03,9.1662719543e-03,2.2879184321e-05,6.3770792236e-03
25.000000,865.000,45.000000,280.000000,7.1905527988e-03,-9.8552126882e-04,2.0994759225e-03,9.8202221160e-01,9.9073350482e-01,8.7112932239e-03,8.9768821461e-03,1.1744767774e-05,6.5168539946e-03
25.000000,865.000,45.000000,285.000000,7.3494198903e-03,-8.9367152493e-04,1.9591444645e-03,9.8202221160e-01,9.9073350482e-01,8.7112932239e-03,8.7991834404e-03,6.0901128404e-06,6.6608364768e-03
25.000000,865.000,45.000000,290.000000,7.5113190341e-03,-8.2256719323e-04,1.8108286941e-03,9.8202221160e-01,9.9073350482e-01,8.7112932239e-03,8.6340234974e-03,3.2059345740e-06,6.8075669315e-03
25.000000,865.000,45.000000,295.000000,7.6744730717e-03,-7.7123609334e-04,1.6576352664e-03,9.8202221160e-01,9.9073350482e-01,8.7112932239e-03,8.4819742603e-03,1.7216915559e-06,6.9554347063e-03
25.000000,865.000,45.000000,300.000000,7.8369684145e-03,-7.3820325143e-04,1.5024374195e-03,9.8202221160e-01,9.9073350482e-01,8.7112932239e-03,8.3433484158e-03,9.4773247172e-07,7.1027055008e-03
25.000000,865.000,45.000000,305.000000,7.9967900224e-03,-7.2155881204e-04,1.3478012311e-03,9.8202221160e-01,9.9073350482e-01,8.7112932239e-03,8.2182226748e-03,5.3718493528e-07,7.2475530686e-03
25.000000,865.000,45.000000,310.000000,8.1518603892e-03,-7.1903824186e-04,1.1959240083e-03,9.8202221160e-01,9.9073350482e-01,8.7112932239e-03,8.1064669137e-03,3.1488491258e-07,7.3880945496e-03
25.000000,865.000,45.000000,315.000000,8.3000815201e-03,-7.2811221985e-04,1.0485865597e-03,9.8202221160e-01,9.9073350482e-01,8.7112932239e-03,8.0077780536e-03,1.9166463391e-07,7.5224285147e-03
25.000000,865.000,45.000000,320.000000,8.4393787856e-03,-7.4608332187e-04,9.0712065409e-04,9.8202221160e-01,9.9073350482e-01,8.7112932239e-03,7.9217174180e-03,1.2160248305e-07,7.6486747111e-03
25.000000,865.000,45.000000,325.000000,8.5677454722e-03,-7.7018641132e-04,7.7239249053e-04,9.8202221160e-01,9.9073350482e-01,8.7112932239e-03,7.8477502223e-03,8.0698359094e-08,7.7650144388e-03
25.000000,865.000,45.000000,330.000000,8.6832868162e-03,-7.9768954503e-04,6.4480250056e-04,9.8202221160e-01,9.9073350482e-01,8.7112932239e-03,7.7852857935e-03,5.6191637399e-08,7.8697304586e-03
25.000000,865.000,45.000000,335.000000,8.7842623109e-03,-8.2599220000e-04,5.2430128865e-04,9.8202221160e-01,9.9073350482e-01,8.7112932239e-03,7.7337171178e-03,4.1168693697e-08,7.9612453358e-03
25.000000,865.000,45.000000,340.000000,8.8691251195e-03,-8.5271772060e-04,4.1042101354e-04,9.8202221160e-01,9.9073350482e-01,8.7112932239e-03,7.6924583484e-03,3.1811629678e-08,8.0381571600e-03
25.000000,865.000,45.000000,345.000000,8.9365574969e-03,-8.7579707498e-04,3.0232102911e-04,9.8202221160e-01,9.9073350482e-01,8.7112932239e-03,7.6609789897e-03,2.5976843501e-08,8.0992716487e-03
25.000000,865.000,45.000000,350.000000,8.9855012337e-03,-8.9354128804e-04,1.9884615900e-04,9.8202221160e-01,9.9073350482e-01,8.7112932239e-03,7.6388335948e-03,2.2451382090e-08,8.1436297385e-03
25.000000,865.000,45.000000,355.000000,9.0151822697e-03,-9.0470027722e-04,9.8595585155e-05,9.8202221160e-01,9.9073350482e-01,8.7112932239e-03,7.6256859693e-03,2.0560881865e-08,8.1705298926e-03
25.000000,865.000,50.000000,0.000000,9.7280878289e-03,-1.4109769450e-03,1.9780994464e-19,9.8202221160e-01,9.9073350482e-01,8.7112932239e-03,7.2994965300e-03,7.9590915988e-10,8.8166417523e-03
25.000000,865.000,50.000000,5.000000,9.7164780847e-03,-1.4071671102e-03,-1.4117803122e-04,9.8202221160e-01,9.9073350482e-01,8.7112932239e-03,7.3029246954e-03,8.2396422617e-10,8.8061197507e-03
25.000000,865.000,50.000000,10.000000,9.6818459344e-03,-1.3960085125e-03,-2.8366952447e-04,9.8202221160e-01,9.9073350482e-01,8.7112932239e-03,7.3133051195e-03,9.1396076589e-10,8.7747323632e-03
25.000000,865.000,50.000000,15.000000,9.6247778213e-03,-1.3783044595e-03,-4.2870539001e-04,9.8202221160e-01,9.9073350482e-01,8.7112932239e-03,7.3309211481e-03,1.0853652487e-09,8.7230110880e-03
25.000000,865.000,50.000000,20.000000,9.5462352766e-03,-1.3553627186e-03,-5.7735426748e-04,9.8202221160e-01,9.9073350482e-01,8.7112932239e-03,7.3562303791e-03,1.3781013819e-09,8.6518273680e-03
25.000000,865.000,50.000000,25.000000,9.4475315819e-03,-1.3289499219e-03,-7.3044838407e-04,9.8202221160e-01,9.9073350482e-01,8.7112932239e-03,7.3898432021e-03,1.8674478885e-09,8.5623714410e-03
25.000000,865.000,50.000000,30.000000,9.3303000344e-03,-1.3012297485e-03,-8.8851755977e-04,9.8202221160e-01,9.9073350482e-01,8.7112932239e-03,7.4324937542e-03,2.6944291305e-09,8.4561235765e-03
25.000000,865.000,50.000000,35.000000,9.1964547133e-03,-1.2746868223e-03,-1.0517336747e-03,9.8202221160e-01,9.9073350482e-01,8.7112932239e-03,7.4850042535e-03,4.1277801298e-09,8.3348185198e-03
25.000000,865.000,50.000000,40.000000,9.0481448640e-03,-1.2520387196e-03,-1.2198675857e-03,9.8202221160e-01,9.9073350482e-01,8.7112932239e-03,7.5482438961e-03,6.6923664589e-09,8.2004041485e-03
25.000000,865.000,50.000000,45.000000,8.8877041882e-03,-1.2361388517e-03,-1.3922600902e-03,9.8202221160e-01,9.9073350482e-01,8.7112932239e-03,7.6230836884e-03,1.1440644961e-08,8.0549955146e-03
25.000000,865.000,50.000000,50.000000,8.7175964700e-03,-1.2298732866e-03,-1.5678080923e-03,9.8202221160e-01,9.9073350482e-01,8.7112932239e-03,7.7103487288e-03,2.0537529854e-08,7.9008255650e-03
25.000000,865.000,50.000000,55.000000,8.5403590657e-03,-1.2360547696e-03,-1.7449666506e-03,9.8202221160e-01,9.9073350482e-01,8.7112932239e-03,7.8107695524e-03,3.8541710722e-08,7.7401939254e-03
25.000000,865.000,50.000000,60.000000,8.3585458332e-03,-1.2573173014e-03,-1.9217670835e-03,9.8202221160e-01,9.9073350482e-01,8.7112932239e-03,7.9249341943e-03,7.5250786374e-08,7.5754151769e-03
25.000000,865.000,50.000000,65.000000,8.1746710825e-03,-1.2960146297e-03,-2.0958508028e-03,9.8202221160e-01,9.9073350482e-01,8.7112932239e-03,8.0532426252e-03,1.5207953511e-07,7.4087680585e-03
25.000000,865.000,50.000000,70.000000,7.9911560880e-03,-1.3541259015e-03,-2.2645180443e-03,9.8202221160e-01,9.9073350482e-01,8.7112932239e-03,8.1958651552e-03,3.1643165307e-07,7.2424469900e-03
25.000000,865.000,50.000000,75.000000,7.8102796119e-03,-1.4331715163e-03,-2.4247901899e-03,9.8202221160e-01,9.9073350482e-01,8.7112932239e-03,8.3527062916e-03,6.7408310976e-07,7.0785172312e-03
25.000000,865.000,50.000000,80.000000,7.6341337591e-03,-1.5341419212e-03,-2.5734839368e-03,9.8202221160e-01,9.9073350482e-01,8.7112932239e-03,8.5233753868e-03,1.4617399464e-06,6.9188748731e-03
25.000000,865.000,50.000000,85.000000,7.4645863140e-03,-1.6574416990e-03,-2.7072951857e-03,9.8202221160e-01,9.9073350482e-01,8.7112932239e-03,8.7071652125e-03,3.2076836627e-06,6.7652127034e-03
25.000000,865.000,50.000000,90.000000,7.3032505069e-03,-1.8028508482e-03,-2.8228901956e-03,9.8202221160e-01,9.9073350482e-01,8.7112932239e-03,8.9030393641e-03,7.0807869834e-06,6.6189928051e-03
25.000000,865.000,50.000000,95.000000,7.1514629258e-03,-1.9695046286e-03,-2.9170013067e-03,9.8202221160e-01,9.9073350482e-01,8.7112932239e-03,9.1096291395e-03,1.5628805034e-05,6.4814265384e-03
25.000000,865.000,50.000000,100.000000,7.0102700408e-03,-2.1558927929e-03,-2.9865243643e-03,9.8202221160e-01,9.9073350482e-01,8.7112932239e-03,9.3252402474e-03,3.4285574574e-05,6.3534623272e-03
25.000000,865.000,50.000000,105.000000,6.8804235431e-03,-2.3598784307e-03,-3.0286148996e-03,9.8202221160e-01,9.9073350482e-01,8.7112932239e-03,9.5478694099e-03,7.4309917482e-05,6.2357814352e-03
25.000000,865.000,50.000000,110.000000,6.7623844348e-03,-2.5787360593e-03,-3.0407801279e-03,9.8202221160e-01,9.9073350482e-01,8.7112932239e-03,9.7752306183e-03,1.5819057745e-04,6.1288016722e-03
25.000000,865.000,50.000000,115.000000,6.6563355391e-03,-2.8092080083e-03,-3.0209639297e-03,9.8202221160e-01,9.9073350482e-01,8.7112932239e-03,1.0004790508e-02,3.2886779895e-04,6.0326887322e-03
25.000000,865.000,50.000000,120.000000,6.5622018499e-03,-3.0475775853e-03,-2.9676221595e-03,9.8202221160e-01,9.9073350482e-01,8.7112932239e-03,1.0233812040e-02,6.6398110243e-04,5.9473746367e-03
25.000000,865.000,50.000000,125.000000,6.4796779049e-03,-3.2897569972e-03,-2.8797858985e-03,9.8202221160e-01,9.9073350482e-01,8.7112932239e-03,1.0459405405e-02,1.2949912861e-03,5.8725825427e-03
25.000000,865.000,50.000000,130.000000,6.4082611596e-03,-3.5313875439e-03,-2.7571106035e-03,9.8202221160e-01,9.9073350482e-01,8.7112932239e-03,1.0678584871e-02,2.4274579739e-03,5.8078569903e-03
25.000000,865.000,50.000000,135.000000,6.3472901643e-03,-3.7679492254e-03,-2.5999095096e-03,9.8202221160e-01,9.9073350482e-01,8.7112932239e-03,1.0888330051e-02,4.3524904157e-03,5.7525985025e-03
25.000000,865.000,50.000000,140.000000,6.2959862114e-03,-3.9948766042e-03,-2.4091700968e-03,9.8202221160e-01,9.9073350482e-01,8.7112932239e-03,1.1085649983e-02,7.4318827822e-03,5.7061013304e-03
25.000000,865.000,50.000000,145.000000,6.2534970210e-03,-4.2076775652e-03,-2.1865529226e-03,9.8202221160e-01,9.9073350482e-01,8.7112932239e-03,1.1267648267e-02,1.2035644990e-02,5.6675930463e-03
25.000000,865.000,50.000000,150.000000,6.2189409874e-03,-4.4020515191e-03,-1.9343726359e-03,9.8202221160e-01,9.9073350482e-01,8.7112932239e-03,1.1431587491e-02,1.8418671277e-02,5.6362746440e-03
25.000000,865.000,50.000000,155.000000,6.1914505014e-03,-4.5740035943e-03,-1.6555615111e-03,9.8202221160e-01,9.9073350482e-01,8.7112932239e-03,1.1574951143e-02,2.6549790178e-02,5.6113598025e-03
25.000000,865.000,50.000000,160.000000,6.1702129056e-03,-4.7199514749e-03,-1.3536163511e-03,9.8202221160e-01,9.9073350482e-01,8.7112932239e-03,1.1695501326e-02,3.5947652192e-02,5.5921120040e-03
25.000000,865.000,50.000000,165.000000,6.1545077286e-03,-4.8368217477e-03,-1.0325300997e-03,9.8202221160e-01,9.9073350482e-01,8.7112932239e-03,1.1791330629e-02,4.5612720147e-02,5.5778782798e-03
25.000000,865.000,50.000000,170.000000,6.1437389707e-03,-4.9221329276e-03,-6.9670995198e-04,9.8202221160e-01,9.9073350482e-01,8.7112932239e-03,1.1860906725e-02,5.4140349846e-02,5.5681184707e-03
25.000000,865.000,50.000000,175.000000,6.1374613805e-03,-4.9740627164e-03,-3.5088415217e-04,9.8202221160e-01,9.9073350482e-01,8.7112932239e-03,1.1903108431e-02,6.0035723392e-02,5.5624290418e-03
25.000000,865.000,50.000000,180.000000,6.1353998623e-03,-4.9914975129e-03,-9.8719748768e-19,9.8202221160e-01,9.9073350482e-01,8.7112932239e-03,1.1917252220e-02,6.2145641027e-02,5.5605606718e-03
25.000000,865.000,50.000000,185.000000,6.1374613805e-03,-4.9740627164e-03,3.5088415217e-04,9.8202221160e-01,9.9073350482e-01,8.7112932239e-03,1.1903108431e-02,6.0035723392e-02,5.5624290418e-03
25.000000,865.000,50.000000,190.000000,6.1437389707e-03,-4.9221329276e-03,6.9670995198e-04,9.8202221160e-01,9.9073350482e-01,8.7112932239e-03,1.1860906725e-02,5.4140349846e-02,5.5681184707e-03
25.000000,865.000,50.000000,195.000000,6.1545077286e-03,-4.8368217477e-03,1.0325300997e-03,9.8202221160e-01,9.9073350482e-01,8.7112932239e-03,1.1791330629e-02,4.5612720147e-02,5.5778782798e-03
25.000000,865.000,50.000000,200.000000,6.1702129056e-03,-4.7199514749e-03,1.3536163511e-03,9.8202221160e-01,9.9073350482e-01,8.7112932239e-03,1.1695501326e-02,3.5947652192e-02,5.5921120040e-03
25.000000,865.000,50.000000,205.000000,6.1914505014e-03,-4.5740035943e-03,1.6555615111e-03,9.8202221160e-01,9.9073350482e-01,8.7112932239e-03,1.1574951143e-02,2.6549790178e-02,5.6113598025e-03
25.000000,865.000,50.000000,210.000000,6.2189409874e-03,-4.4020515191e-03,1.9343726359e-03,9.8202221160e-01,9.9073350482e-01,8.7112932239e-03,1.1431587491e-02,1.8418671277e-02,5.6362746440e-03
25.000000,865.000,50.000000,215.000000,6.2534970210e-03,-4.2076775652e-03,2.1865529226e-03,9.8202221160e-01,9.9073350482e-01,8.7112932239e-03,1.1267648267e-02,1.2035644990e-02,5.6675930463e-03
25.000000,865.000,50.000000,220.000000,6.2959862114e-03,-3.9948766042e-03,2.4091700968e-03,9.8202221160e-01,9.9073350482e-01,8.7112932239e-03,1.1085649983e-02,7.4318827822e-03,5.7061013304e-03
25.000000,865.000,50.000000,225.000000,6.3472901643e-03,-3.7679492254e-03,2.5999095096e-03,9.8202221160e-01,9.9073350482e-01,8.7112932239e-03,1.0888330051e-02,4.3524904157e-03,5.7525985025e-03
25.000000,865.000,50.000000,230.000000,6.4082611596e-03,-3.5313875439e-03,2.7571106035e-03,9.8202221160e-01,9.9073350482e-01,8.7112932239e-03,1.0678584871e-02,2.4274579739e-03,5.8078569903e-03
25.000000,865.000,50.000000,235.000000,6.4796779049e-03,-3.2897569972e-03,2.8797858985e-03,9.8202221160e-01,9.9073350482e-01,8.7112932239e-03,1.0459405405e-02,1.2949912861e-03,5.8725825427e-03
25.000000,865.000,50.000000,240.000000,6.5622018499e-03,-3.0475775853e-03,2.9676221595e-03,9.8202221160e-01,9.9073350482e-01,8.7112932239e-03,1.0233812040e-02,6.6398110243e-04,5.9473746367e-03
25.000000,865.000,50.000000,245.000000,6.6563355391e-03,-2.8092080083e-03,3.0209639297e-03,9.8202221160e-01,9.9073350482e-01,8.7112932239e-03,1.0004790508e-02,3.2886779895e-04,6.0326887322e-03
25.000000,865.000,50.000000,250.000000,6.7623844348e-03,-2.5787360593e-03,3.0407801279e-03,9.8202221160e-01,9.9073350482e-01,8.7112932239e-03,9.7752306183e-03,1.5819057745e-04,6.1288016722e-03
25.000000,865.000,50.000000,255.000000,6.8804235431e-03,-2.3598784307e-03,3.0286148996e-03,9.8202221160e-01,9.9073350482e-01,8.7112932239e-03,9.5478694099e-03,7.4309917482e-05,6.2357814352e-03
25.000000,865.000,50.000000,260.000000,7.0102700408e-03,-2.1558927929e-03,2.9865243643e-03,9.8202221160e-01,9.9073350482e-01,8.7112932239e-03,9.3252402474e-03,3.4285574574e-05,6.3534623272e-03
25.000000,865.000,50.000000,265.000000,7.1514629258e-03,-1.9695046286e-03,2.9170013067e-03,9.8202221160e-01,9.9073350482e-01,8.7112932239e-03,9.1096291395e-03,1.5628805034e-05,6.4814265384e-03
25.000000,865.000,50.000000,270.000000,7.3032505069e-03,-1.8028508482e-03,2.8228901956e-03,9.8202221160e-01,9.9073350482e-01,8.7112932239e-03,8.9030393641e-03,7.0807869834e-06,6.6189928051e-03
25.000000,865.000,50.000000,275.000000,7.4645863140e-03,-1.6574416990e-03,2.7072951857e-03,9.8202221160e-01,9.9073350482e-01,8.7112932239e-03,8.7071652125e-03,3.2076836627e-06,6.7652127034e-03
25.000000,865.000,50.000000,280.000000,7.6341337591e-03,-1.5341419212e-03,2.5734839368e-03,9.8202221160e-01,9.9073350482e-01,8.7112932239e-03,8.5233753868e-03,1.4617399464e-06,6.9188748731e-03
25.000000,865.000,50.000000,285.000000,7.8102796119e-03,-1.4331715163e-03,2.4247901899e-03,9.8202221160e-01,9.9073350482e-01,8.7112932239e-03,8.3527062916e-03,6.7408310976e-07,7.0785172312e-03
25.000000,865.000,50.000000,290.000000,7.9911560880e-03,-1.3541259015e-03,2.2645180443e-03,9.8202221160e-01,9.9073350482e-01,8.7112932239e-03,8.1958651552e-03,3.1643165307e-07,7.2424469900e-03
25.000000,865.000,50.000000,295.000000,8.1746710825e-03,-1.2960146297e-03,2.0958508028e-03,9.8202221160e-01,9.9073350482e-01,8.7112932239e-03,8.0532426252e-03,1.5207953511e-07,7.4087680585e-03
25.000000,865.000,50.000000,300.000000,8.3585458332e-03,-1.2573173014e-03,1.9217670835e-03,9.8202221160e-01,9.9073350482e-01,8.7112932239e-03,7.9249341943e-03,7.5250786374e-08,7.5754151769e-03
25.000000,865.000,50.000000,305.000000,8.5403590657e-03,-1.2360547696e-03,1.7449666506e-03,9.8202221160e-01,9.9073350482e-01,8.7112932239e-03,7.8107695524e-03,3.8541710722e-08,7.7401939254e-03
25.000000,865.000,50.000000,310.000000,8.7175964700e-03,-1.2298732866e-03,1.5678080923e-03,9.8202221160e-01,9.9073350482e-01,8.7112932239e-03,7.7103487288e-03,2.0537529854e-08,7.9008255650e-03
25.000000,865.000,50.000000,315.000000,8.8877041882e-03,-1.2361388517e-03,1.3922600902e-03,9.8202221160e-01,9.9073350482e-01,8.7112932239e-03,7.6230836884e-03,1.1440644961e-08,8.0549955146e-03
25.000000,865.000,50.000000,320.000000,9.0481448640e-03,-1.2520387196e-03,1.2198675857e-03,9.8202221160e-01,9.9073350482e-01,8.7112932239e-03,7.5482438961e-03,6.6923664589e-09,8.2004041485e-03
25.000000,865.000,50.000000,325.000000,9.1964547133e-03,-1.2746868223e-03,1.0517336747e-03,9.8202221160e-01,9.9073350482e-01,8.7112932239e-03,7.4850042535e-03,4.1277801298e-09,8.3348185198e-03
25.000000,865.000,50.000000,330.000000,9.3303000344e-03,-1.3012297485e-03,8.8851755977e-04,9.8202221160e-01,9.9073350482e-01,8.7112932239e-03,7.4324937542e-03,2.6944291305e-09,8.4561235765e-03
25.000000,865.000,50.000000,335.000000,9.4475315819e-03,-1.3289499219e-03,7.3044838407e-04,9.8202221160e-01,9.9073350482e-01,8.7112932239e-03,7.3898432021e-03,1.8674478885e-09,8.5623714410e-03
25.000000,865.000,50.000000,340.000000,9.5462352766e-03,-1.3553627186e-03,5.7735426748e-04,9.8202221160e-01,9.9073350482e-01,8.7112932239e-03,7.3562303791e-03,1.3781013819e-09,8.6518273680e-03
25.000000,865.000,50.000000,345.000000,9.6247778213e-03,-1.3783044595e-03,4.2870539001e-04,9.8202221160e-01,9.9073350482e-01,8.7112932239e-03,7.3309211481e-03,1.0853652487e-09,8.7230110880e-03
25.000000,865.000,50.000000,350.000000,9.6818459344e-03,-1.3960085125e-03,2.8366952447e-04,9.8202221160e-01,9.9073350482e-01,8.7112932239e-03,7.3133051195e-03,9.1396076589e-10,8.7747323632e-03
25.000000,865.000,50.000000,355.000000,9.7164780847e-03,-1.4071671102e-03,1.4117803122e-04,9.8202221160e-01,9.9073350482e-01,8.7112932239e-03,7.3029246954e-03,8.2396422617e-10,8.8061197507e-03
25.000000,865.000,55.000000,0.000000,1.0681419421e-02,-2.1448951635e-03,2.7570414031e-19,9.8202221160e-01,9.9073350482e-01,8.7112932239e-03,7.0506013143e-03,1.8182393367e-11,9.6806535975e-03
25.000000,865.000,55.000000,5.000000,1.0667866737e-02,-2.1406947531e-03,-1.9660923434e-04,9.8202221160e-01,9.9073350482e-01,8.7112932239e-03,7.0528657254e-03,1.8937814332e-11,9.6683706949e-03
25.000000,865.000,55.000000,10.000000,1.0627454468e-02,-2.1283865187e-03,-3.9408270897e-04,9.8202221160e-01,9.9073350482e-01,8.7112932239e-03,7.0597808951e-03,2.1390984325e-11,9.6317447406e-03
25.000000,865.000,55.000000,15.000000,1.0560913754e-02,-2.1088392898e-03,-5.9320636252e-04,9.8202221160e-01,9.9073350482e-01,8.7112932239e-03,7.0717074763e-03,2.6178717452e-11,9.5714383730e-03
25.000000,865.000,55.000000,20.000000,1.0469442659e-02,-2.0834675633e-03,-7.9461230550e-04,9.8202221160e-01,9.9073350482e-01,8.7112932239e-03,7.0892295357e-03,3.4658558203e-11,9.4885374075e-03
25.000000,865.000,55.000000,25.000000,1.0354676039e-02,-2.0541822799e-03,-9.9870875700e-04,9.8202221160e-01,9.9073350482e-01,8.7112932239e-03,7.1131296050e-03,4.9531740223e-11,9.3845235260e-03
25.000000,865.000,55.000000,30.000000,1.0218644575e-02,-2.0233240847e-03,-1.2056179604e-03,9.8202221160e-01,9.9073350482e-01,8.7112932239e-03,7.1443548958e-03,7.6204399734e-11,9.2612371513e-03
25.000000,865.000,55.000000,35.000000,1.0063724159e-02,-1.9935811665e-03,-1.4151243424e-03,9.8202221160e-01,9.9073350482e-01,8.7112932239e-03,7.1839757840e-03,1.2579621975e-10,9.1208315721e-03
25.000000,865.000,55.000000,40.000000,9.8925770765e-03,-1.9678942550e-03,-1.6266348576e-03,9.8202221160e-01,9.9073350482e-01,8.7112932239e-03,7.2331379199e-03,2.2196297060e-10,8.9657196383e-03
25.000000,865.000,55.000000,45.000000,9.7080866767e-03,-1.9493517660e-03,-1.8391530735e-03,9.8202221160e-01,9.9073350482e-01,8.7112932239e-03,7.2930095372e-03,4.1680492168e-10,8.7985145523e-03
25.000000,865.000,55.000000,50.000000,9.5132873976e-03,-1.9410783963e-03,-2.0512681202e-03,9.8202221160e-01,9.9073350482e-01,8.7112932239e-03,7.3647256968e-03,8.2895877465e-10,8.6219664488e-03
25.000000,865.000,55.000000,55.000000,9.3112921341e-03,-1.9461206885e-03,-2.2611591521e-03,9.8202221160e-01,9.9073350482e-01,8.7112932239e-03,7.4493313159e-03,1.7370006520e-09,8.4388965685e-03
25.000000,865.000,55.000000,60.000000,9.1052190092e-03,-1.9673331906e-03,-2.4666154813e-03,9.8202221160e-01,9.9073350482e-01,8.7112932239e-03,7.5477248818e-03,3.8131302919e-09,8.2521308907e-03
25.000000,865.000,55.000000,65.000000,8.8981196112e-03,-2.0072688308e-03,-2.6650720367e-03,9.8202221160e-01,9.9073350482e-01,8.7112932239e-03,7.6606047491e-03,8.7171208208e-09,8.0644350936e-03
25.000000,865.000,55.000000,70.000000,8.6929107012e-03,-2.0680770140e-03,-2.8536593132e-03,9.8202221160e-01,9.9073350482e-01,8.7112932239e-03,7.7884198530e-03,2.0622292562e-08,7.8784526605e-03
25.000000,865.000,55.000000,75.000000,8.4923112814e-03,-2.1514127196e-03,-3.0292665073e-03,9.8202221160e-01,9.9073350482e-01,8.7112932239e-03,7.9313265493e-03,5.0156190061e-08,7.6966478443e-03
25.000000,865.000,55.000000,80.000000,8.2987867397e-03,-2.2583595592e-03,-3.1886161021e-03,9.8202221160e-01,9.9073350482e-01,8.7112932239e-03,8.0891531166e-03,1.2456539668e-07,7.5212550451e-03
25.000000,865.000,55.000000,85.000000,8.1145015641e-03,-2.3893693335e-03,-3.3283477893e-03,9.8202221160e-01,9.9073350482e-01,8.7112932239e-03,8.2613732347e-03,3.1372545572e-07,7.3542359555e-03
25.000000,865.000,55.000000,90.000000,7.9412818548e-03,-2.5442201353e-03,-3.4451092955e-03,9.8202221160e-01,9.9073350482e-01,8.7112932239e-03,8.4470894861e-03,7.9566656426e-07,7.1972455841e-03
25.000000,865.000,55.000000,95.000000,7.7805885561e-03,-2.7219944857e-03,-3.5356514396e-03,9.8202221160e-01,9.9073350482e-01,8.7112932239e-03,8.6450276277e-03,2.0177591524e-06,7.0516079961e-03
25.000000,865.000,55.000000,100.000000,7.6335020032e-03,-2.9210783853e-03,-3.5969245862e-03,9.8202221160e-01,9.9073350482e-01,8.7112932239e-03,8.8535420610e-03,5.0803502818e-06,6.9183023079e-03
25.000000,865.000,55.000000,105.000000,7.5007180351e-03,-3.1391815292e-03,-3.6261735785e-03,9.8202221160e-01,9.9073350482e-01,8.7112932239e-03,9.0706325838e-03,1.2611238358e-05,6.7979591636e-03
25.000000,865.000,55.000000,110.000000,7.3825555683e-03,-3.3733782899e-03,-3.6210282522e-03,9.8202221160e-01,9.9073350482e-01,8.7112932239e-03,9.2939721706e-03,3.0652251146e-05,6.6908675998e-03
25.000000,865.000,55.000000,115.000000,7.2789751855e-03,-3.6201684423e-03,-3.5795867266e-03,9.8202221160e-01,9.9073350482e-01,8.7112932239e-03,9.5209451875e-03,7.2456615973e-05,6.5969918923e-03
25.000000,865.000,55.000000,120.000000,7.1896079576e-03,-3.8755559977e-03,-3.5004888560e-03,9.8202221160e-01,9.9073350482e-01,8.7112932239e-03,9.7486951271e-03,1.6548812876e-04,6.5159976777e-03
25.000000,865.000,55.000000,125.000000,7.1137934132e-03,-4.1351439635e-03,-3.3829774923e-03,9.8202221160e-01,9.9073350482e-01,8.7112932239e-03,9.9741806557e-03,3.6291411467e-04,6.4472863658e-03
25.000000,865.000,55.000000,130.000000,7.0506252996e-03,-4.3942423502e-03,-3.2269455433e-03,9.8202221160e-01,9.9073350482e-01,8.7112932239e-03,1.0194238503e-02,7.5962240336e-04,6.3900366125e-03
25.000000,865.000,55.000000,135.000000,6.9990035472e-03,-4.6479863399e-03,-3.0329672160e-03,9.8202221160e-01,9.9073350482e-01,8.7112932239e-03,1.0405651509e-02,1.5090738593e-03,6.3432514163e-03
25.000000,865.000,55.000000,140.000000,6.9576906739e-03,-4.8914612103e-03,-2.8023122807e-03,9.8202221160e-01,9.9073350482e-01,8.7112932239e-03,1.0605219972e-02,2.8305826270e-03,6.3058092376e-03
25.000000,865.000,55.000000,145.000000,6.9253707412e-03,-5.1198303933e-03,-2.5369426826e-03,9.8202221160e-01,9.9073350482e-01,8.7112932239e-03,1.0789834336e-02,4.9890374448e-03,6.2765174308e-03
25.000000,865.000,55.000000,150.000000,6.9007089060e-03,-5.3284629388e-03,-2.2394913351e-03,9.8202221160e-01,9.9073350482e-01,8.7112932239e-03,1.0956547187e-02,8.2273767794e-03,6.2541662175e-03
25.000000,865.000,55.000000,155.000000,6.8824096125e-03,-5.5130566588e-03,-1.9132234469e-03,9.8202221160e-01,9.9073350482e-01,8.7112932239e-03,1.1102642550e-02,1.2646121095e-02,6.2375814253e-03
25.000000,865.000,55.000000,160.000000,6.8692715196e-03,-5.6697533446e-03,-1.5619812445e-03,9.8202221160e-01,9.9073350482e-01,8.7112932239e-03,1.1225700532e-02,1.8058615871e-02,6.2256742695e-03
25.000000,865.000,55.000000,165.000000,6.8602373777e-03,-5.7952426732e-03,-1.1901134337e-03,9.8202221160e-01,9.9073350482e-01,8.7112932239e-03,1.1323655482e-02,2.3892727130e-02,6.2174865563e-03
25.000000,865.000,55.000000,170.000000,6.8544372370e-03,-5.8868517485e-03,-8.0239119307e-04,9.8202221160e-01,9.9073350482e-01,8.7112932239e-03,1.1394846019e-02,2.9226460177e-02,6.2122298436e-03
25.000000,865.000,55.000000,175.000000,6.8512235905e-03,-5.9426176395e-03,-4.0391288464e-04,9.8202221160e-01,9.9073350482e-01,8.7112932239e-03,1.1438055504e-02,3.3002757294e-02,6.2093172908e-03
25.000000,865.000,55.000000,180.000000,6.8501973173e-03,-5.9613407777e-03,-1.1362085479e-18,9.8202221160e-01,9.9073350482e-01,8.7112932239e-03,1.1452541805e-02,3.4370534153e-02,6.2083871714e-03
25.000000,865.000,55.000000,185.000000,6.8512235905e-03,-5.9426176395e-03,4.0391288464e-04,9.8202221160e-01,9.9073350482e-01,8.7112932239e-03,1.1438055504e-02,3.3002757294e-02,6.2093172908e-03
25.000000,865.000,55.000000,190.000000,6.8544372370e-03,-5.8868517485e-03,8.0239119307e-04,9.8202221160e-01,9.9073350482e-01,8.7112932239e-03,1.1394846019e-02,2.9226460177e-02,6.2122298436e-03
25.000000,865.000,55.000000,195.000000,6.8602373777e-03,-5.7952426732e-03,1.1901134337e-03,9.8202221160e-01,9.9073350482e-01,8.7112932239e-03,1.1323655482e-02,2.3892727130e-02,6.2174865563e-03
25.000000,865.000,55.000000,200.000000,6.8692715196e-03,-5.6697533446e-03,1.5619812445e-03,9.8202221160e-01,9.9073350482e-01,8.7112932239e-03,1.1225700532e-02,1.8058615871e-02,6.2256742695e-03
25.000000,865.000,55.000000,205.000000,6.8824096125e-03,-5.5130566588e-03,1.9132234469e-03,9.8202221160e-01,9.9073350482e-01,8.7112932239e-03,1.1102642550e-02,1.2646121095e-02,6.2375814253e-03
25.000000,865.000,55.000000,210.000000,6.9007089060e-03,-5.3284629388e-03,2.2394913351e-03,9.8202221160e-01,9.9073350482e-01,8.7112932239e-03,1.0956547187e-02,8.2273767794e-03,6.2541662175e-03
25.000000,865.000,55.000000,215.000000,6.9253707412e-03,-5.1198303933e-03,2.5369426826e-03,9.8202221160e-01,9.9073350482e-01,8.7112932239e-03,1.0789834336e-02,4.9890374448e-03,6.2765174308e-03
25.000000,865.000,55.000000,220.000000,6.9576906739e-03,-4.8914612103e-03,2.8023122807e-03,9.8202221160e-01,9.9073350482e-01,8.7112932239e-03,1.0605219972e-02,2.8305826270e-03,6.3058092376e-03
25.000000,865.000,55.000000,225.000000,6.9990035472e-03,-4.6479863399e-03,3.0329672160e-03,9.8202221160e-01,9.9073350482e-01,8.7112932239e-03,1.0405651509e-02,1.5090738593e-03,6.3432514163e-03
25.000000,865.000,55.000000,230.000000,7.0506252996e-03,-4.3942423502e-03,3.2269455433e-03,9.8202221160e-01,9.9073350482e-01,8.7112932239e-03,1.0194238503e-02,7.5962240336e-04,6.3900366125e-03
25.000000,865.000,55.000000,235.000000,7.1137934132e-03,-4.1351439635e-03,3.3829774923e-03,9.8202221160e-01,9.9073350482e-01,8.7112932239e-03,9.9741806557e-03,3.6291411467e-04,6.4472863658e-03
25.000000,865.000,55.000000,240.000000,7.1896079576e-03,-3.8755559977e-03,3.5004888560e-03,9.8202221160e-01,9.9073350482e-01,8.7112932239e-03,9.7486951271e-03,1.6548812876e-04,6.5159976777e-03
25.000000,865.000,55.000000,245.000000,7.2789751855e-03,-3.6201684423e-03,3.5795867266e-03,9.8202221160e-01,9.9073350482e-01,8.7112932239e-03,9.5209451875e-03,7.2456615973e-05,6.5969918923e-03
25.000000,865.000,55.000000,250.000000,7.3825555683e-03,-3.3733782899e-03,3.6210282522e-03,9.8202221160e-01,9.9073350482e-01,8.7112932239e-03,9.2939721706e-03,3.0652251146e-05,6.6908675998e-03
25.000000,865.000,55.000000,255.000000,7.5007180351e-03,-3.1391815292e-03,3.6261735785e-03,9.8202221160e-01,9.9073350482e-01,8.7112932239e-03,9.0706325838e-03,1.2611238358e-05,6.7979591636e-03
25.000000,865.000,55.000000,260.000000,7.6335020032e-03,-2.9210783853e-03,3.5969245862e-03,9.8202221160e-01,9.9073350482e-01,8.7112932239e-03,8.8535420610e-03,5.0803502818e-06,6.9183023079e-03
25.000000,865.000,55.000000,265.000000,7.7805885561e-03,-2.7219944857e-03,3.5356514396e-03,9.8202221160e-01,9.9073350482e-01,8.7112932239e-03,8.6450276277e-03,2.0177591524e-06,7.0516079961e-03
25.000000,865.000,55.000000,270.000000,7.9412818548e-03,-2.5442201353e-03,3.4451092955e-03,9.8202221160e-01,9.9073350482e-01,8.7112932239e-03,8.4470894861e-03,7.9566656426e-07,7.1972455841e-03
25.000000,865.000,55.000000,275.000000,8.1145015641e-03,-2.3893693335e-03,3.3283477893e-03,9.8202221160e-01,9.9073350482e-01,8.7112932239e-03,8.2613732347e-03,3.1372545572e-07,7.3542359555e-03
25.000000,865.000,55.000000,280.000000,8.2987867397e-03,-2.2583595592e-03,3.1886161021e-03,9.8202221160e-01,9.9073350482e-01,8.7112932239e-03,8.0891531166e-03,1.2456539668e-07,7.5212550451e-03
25.000000,865.000,55.000000,285.000000,8.4923112814e-03,-2.1514127196e-03,3.0292665073e-03,9.8202221160e-01,9.9073350482e-01,8.7112932239e-03,7.9313265493e-03,5.0156190061e-08,7.6966478443e-03
25.000000,865.000,55.000000,290.000000,8.6929107012e-03,-2.0680770140e-03,2.8536593132e-03,9.8202221160e-01,9.9073350482e-01,8.7112932239e-03,7.7884198530e-03,2.0622292562e-08,7.8784526605e-03
25.000000,865.000,55.000000,295.000000,8.8981196112e-03,-2.0072688308e-03,2.6650720367e-03,9.8202221160e-01,9.9073350482e-01,8.7112932239e-03,7.6606047491e-03,8.7171208208e-09,8.0644350936e-03
25.000000,865.000,55.000000,300.000000,9.1052190092e-03,-1.9673331906e-03,2.4666154813e-03,9.8202221160e-01,9.9073350482e-01,8.7112932239e-03,7.5477248818e-03,3.8131302919e-09,8.2521308907e-03
25.000000,865.000,55.000000,305.000000,9.3112921341e-03,-1.9461206885e-03,2.2611591521e-03,9.8202221160e-01,9.9073350482e-01,8.7112932239e-03,7.4493313159e-03,1.7370006520e-09,8.4388965685e-03
25.000000,865.000,55.000000,310.000000,9.5132873976e-03,-1.9410783963e-03,2.0512681202e-03,9.8202221160e-01,9.9073350482e-01,8.7112932239e-03,7.3647256968e-03,8.2895877465e-10,8.6219664488e-03
25.000000,865.000,55.000000,315.000000,9.7080866767e-03,-1.9493517660e-03,1.8391530735e-03,9.8202221160e-01,9.9073350482e-01,8.7112932239e-03,7.2930095372e-03,4.1680492168e-10,8.7985145523e-03
25.000000,865.000,55.000000,320.000000,9.8925770765e-03,-1.9678942550e-03,1.6266348576e-03,9.8202221160e-01,9.9073350482e-01,8.7112932239e-03,7.2331379199e-03,2.2196297060e-10,8.9657196383e-03
25.000000,865.000,55.000000,325.000000,1.0063724159e-02,-1.9935811665e-03,1.4151243424e-03,9.8202221160e-01,9.9073350482e-01,8.7112932239e-03,7.1839757840e-03,1.2579621975e-10,9.1208315721e-03
25.000000,865.000,55.000000,330.000000,1.0218644575e-02,-2.0233240847e-03,1.2056179604e-03,9.8202221160e-01,9.9073350482e-01,8.7112932239e-03,7.1443548958e-03,7.6204399734e-11,9.2612371513e-03
25.000000,865.000,55.000000,335.000000,1.0354676039e-02,-2.0541822799e-03,9.9870875700e-04,9.8202221160e-01,9.9073350482e-01,8.7112932239e-03,7.1131296050e-03,4.9531740223e-11,9.3845235260e-03
25.000000,865.000,55.000000,340.000000,1.0469442659e-02,-2.0834675633e-03,7.9461230550e-04,9.8202221160e-01,9.9073350482e-01,8.7112932239e-03,7.0892295357e-03,3.4658558203e-11,9.4885374075e-03
25.000000,865.000,55.000000,345.000000,1.0560913754e-02,-2.1088392898e-03,5.9320636252e-04,9.8202221160e-01,9.9073350482e-01,8.7112932239e-03,7.0717074763e-03,2.6178717452e-11,9.5714383730e-03
25.000000,865.000,55.000000,350.000000,1.0627454468e-02,-2.1283865187e-03,3.9408270897e-04,9.8202221160e-01,9.9073350482e-01,8.7112932239e-03,7.0597808951e-03,2.1390984325e-11,9.6317447406e-03
25.000000,865.000,55.000000,355.000000,1.0667866737e-02,-2.1406947531e-03,1.9660923434e-04,9.8202221160e-01,9.9073350482e-01,8.7112932239e-03,7.0528657254e-03,1.8937814332e-11,9.6683706949e-03
25.000000,865.000,60.000000,0.000000,1.2029091973e-02,-3.2157463804e-03,3.8222872966e-19,9.8202221160e-01,9.9073350482e-01,8.7112932239e-03,6.9120764561e-03,2.1195573399e-13,1.0902059726e-02
25.000000,865.000,60.000000,5.000000,1.2013168501e-02,-3.2105706472e-03,-2.7241371721e-04,9.8202221160e-01,9.9073350482e-01,8.7112932239e-03,6.9129373810e-03,2.2233277666e-13,1.0887628159e-02
25.000000,865.000,60.000000,10.000000,1.1965707635e-02,-3.1953742237e-03,-5.4507298766e-04,9.8202221160e-01,9.9073350482e-01,8.7112932239e-03,6.9156693268e-03,2.5651895277e-13,1.0844614007e-02
25.000000,865.000,60.000000,15.000000,1.1887629946e-02,-3.1711380683e-03,-8.1815104062e-04,9.8202221160e-01,9.9073350482e-01,8.7112932239e-03,6.9207139398e-03,3.2517513425e-13,1.0773851590e-02
25.000000,865.000,60.000000,20.000000,1.1780443026e-02,-3.1394595630e-03,-1.0916791487e-03,9.8202221160e-01,9.9073350482e-01,8.7112932239e-03,6.9287879292e-03,4.5207280035e-13,1.0676707249e-02
25.000000,865.000,60.000000,25.000000,1.1646202256e-02,-3.1024974263e-03,-1.3654822916e-03,9.8202221160e-01,9.9073350482e-01,8.7112932239e-03,6.9408546696e-03,6.8753866706e-13,1.0555043794e-02
25.000000,865.000,60.000000,30.000000,1.1487457506e-02,-3.0628970171e-03,-1.6391225548e-03,9.8202221160e-01,9.9073350482e-01,8.7112932239e-03,6.9580857299e-03,1.1402234897e-12,1.0411172191e-02
25.000000,865.000,60.000000,35.000000,1.1307187288e-02,-3.0236983719e-03,-1.9118524520e-03,9.8202221160e-01,9.9073350482e-01,8.7112932239e-03,6.9818135695e-03,2.0540272934e-12,1.0247791888e-02
25.000000,865.000,60.000000,40.000000,1.1108722299e-02,-2.9882298553e-03,-2.1825800486e-03,9.8202221160e-01,9.9073350482e-01,8.7112932239e-03,7.0134769263e-03,4.0012081257e-12,1.0067921524e-02
25.000000,865.000,60.000000,45.000000,1.0895660560e-02,-2.9599907631e-03,-2.4498473827e-03,9.8202221160e-01,9.9073350482e-01,8.7112932239e-03,7.0545606654e-03,8.3855491974e-12,9.8748220103e-03
25.000000,865.000,60.000000,50.000000,1.0671776596e-02,-2.9425265680e-03,-2.7118232560e-03,9.8202221160e-01,9.9073350482e-01,8.7112932239e-03,7.1065320389e-03,1.8800645040e-11,9.6719142302e-03
25.000000,865.000,60.000000,55.000000,1.0440927297e-02,-2.9393007395e-03,-2.9663110064e-03,9.8202221160e-01,9.9073350482e-01,8.7112932239e-03,7.1707754376e-03,4.4816518552e-11,9.4626937131e-03
25.000000,865.000,60.000000,60.000000,1.0206957147e-02,-2.9535671870e-03,-3.2107713899e-03,9.8202221160e-01,9.9073350482e-01,8.7112932239e-03,7.2485277726e-03,1.1283646454e-10,9.2506447440e-03
25.000000,865.000,60.000000,65.000000,9.9736055315e-03,-2.9882473735e-03,-3.4423602108e-03,9.8202221160e-01,9.9073350482e-01,8.7112932239e-03,7.3408166229e-03,2.9795419894e-10,9.0391563580e-03
25.000000,865.000,60.000000,70.000000,9.7444187676e-03,-3.0458160152e-03,-3.6579798569e-03,9.8202221160e-01,9.9073350482e-01,8.7112932239e-03,7.4484032129e-03,8.1907804966e-10,8.8314426092e-03
25.000000,865.000,60.000000,75.000000,9.5226693196e-03,-3.1281990348e-03,-3.8543434400e-03,9.8202221160e-01,9.9073350482e-01,8.7112932239e-03,7.5717321476e-03,2.3261236035e-09,8.6304693577e-03
25.000000,865.000,60.000000,80.000000,9.3112844607e-03,-3.2366870736e-03,-4.0280498207e-03,9.8202221160e-01,9.9073350482e-01,8.7112932239e-03,7.7108896418e-03,6.7705256535e-09,8.4388896140e-03
25.000000,865.000,60.000000,85.000000,9.1127863294e-03,-3.3718674026e-03,-4.1756674271e-03,9.8202221160e-01,9.9073350482e-01,8.7112932239e-03,7.8655717250e-03,2.0033875988e-08,8.2589892119e-03
25.000000,865.000,60.000000,90.000000,8.9292449817e-03,-3.5335765220e-03,-4.2938244692e-03,9.8202221160e-01,9.9073350482e-01,8.7112932239e-03,8.0350636109e-03,5.9769357865e-08,8.0926442593e-03
25.000000,865.000,60.000000,95.000000,8.7622456411e-03,-3.7208751136e-03,-4.3793029144e-03,9.8202221160e-01,9.9073350482e-01,8.7112932239e-03,8.2182310873e-03,1.7830161338e-07,7.9412914565e-03
25.000000,865.000,60.000000,100.000000,8.6128709105e-03,-3.9320463363e-03,-4.4291334340e-03,9.8202221160e-01,9.9073350482e-01,8.7112932239e-03,8.4135244159e-03,5.2745833133e-07,7.8059119749e-03
25.000000,865.000,60.000000,105.000000,8.4816982562e-03,-4.1646177452e-03,-4.4406884567e-03,9.8202221160e-01,9.9073350482e-01,8.7112932239e-03,8.6189948584e-03,1.5346114235e-06,7.6870291769e-03
25.000000,865.000,60.000000,110.000000,8.3688126095e-03,-4.4154064012e-03,-4.4117704804e-03,9.8202221160e-01,9.9073350482e-01,8.7112932239e-03,8.8323235588e-03,4.3557417366e-06,7.5847200363e-03
25.000000,865.000,60.000000,115.000000,8.2738334721e-03,-4.6805860252e-03,-4.3406928944e-03,9.8202221160e-01,9.9073350482e-01,8.7112932239e-03,9.0508621346e-03,1.1965657427e-05,7.4986397044e-03
25.000000,865.000,60.000000,120.000000,8.1959554778e-03,-4.9557743855e-03,-4.2263507495e-03,9.8202221160e-01,9.9073350482e-01,8.7112932239e-03,9.2716839711e-03,3.1570850777e-05,7.4280582717e-03
25.000000,865.000,60.000000,125.000000,8.1340009554e-03,-5.2361384790e-03,-4.0682791772e-03,9.8202221160e-01,9.9073350482e-01,8.7112932239e-03,9.4916448826e-03,7.9416042628e-05,7.3719084057e-03
25.000000,865.000,60.000000,130.000000,8.0864826839e-03,-5.5165145265e-03,-3.8666974927e-03,9.8202221160e-01,9.9073350482e-01,8.7112932239e-03,9.7074515126e-03,1.8912815195e-04,7.3288422262e-03
25.000000,865.000,60.000000,135.000000,8.0516747257e-03,-5.7915393379e-03,-3.6225374161e-03,9.8202221160e-01,9.9073350482e-01,8.7112932239e-03,9.9157356001e-03,4.2360776251e-04,7.2972955026e-03
25.000000,865.000,60.000000,140.000000,8.0276889921e-03,-6.0557892521e-03,-3.3374542853e-03,9.8202221160e-01,9.9073350482e-01,8.7112932239e-03,1.0113132053e-02,8.8688502538e-04,7.2755570455e-03
25.000000,865.000,60.000000,145.000000,8.0125550311e-03,-6.3039226114e-03,-3.0138206228e-03,9.8202221160e-01,9.9073350482e-01,8.7112932239e-03,1.0296358641e-02,1.7259368030e-03,7.2618410188e-03
25.000000,865.000,60.000000,150.000000,8.0043004409e-03,-6.5308216123e-03,-2.6547019144e-03,9.8202221160e-01,9.9073350482e-01,8.7112932239e-03,1.0462295057e-02,3.1062505856e-03,7.2543598194e-03
25.000000,865.000,60.000000,155.000000,8.0010293114e-03,-6.7317293769e-03,-2.2638149752e-03,9.8202221160e-01,9.9073350482e-01,8.7112932239e-03,1.0608059104e-02,5.1470729619e-03,7.2513951692e-03
25.000000,865.000,60.000000,160.000000,8.0009961682e-03,-6.9023782225e-03,-1.8454697721e-03,9.8202221160e-01,9.9073350482e-01,8.7112932239e-03,1.0731077830e-02,7.8221802873e-03,7.2513651313e-03
25.000000,865.000,60.000000,165.000000,8.0026730488e-03,-7.0391053535e-03,-1.4044960573e-03,9.8202221160e-01,9.9073350482e-01,8.7112932239e-03,1.0829151585e-02,1.0868167635e-02,7.2528849013e-03
25.000000,865.000,60.000000,170.000000,8.0048075650e-03,-7.1389525682e-03,-9.4615660094e-04,9.8202221160e-01,9.9073350482e-01,8.7112932239e-03,1.0900509147e-02,1.3770813022e-02,7.2548194299e-03
25.000000,865.000,60.000000,175.000000,8.0064700998e-03,-7.1997470384e-03,-4.7604920447e-04,9.8202221160e-01,9.9073350482e-01,8.7112932239e-03,1.0943852338e-02,1.5883852806e-02,7.2563261981e-03
25.000000,865.000,60.000000,180.000000,8.0070886348e-03,-7.2201607775e-03,-1.3389098976e-18,9.8202221160e-01,9.9073350482e-01,8.7112932239e-03,1.0958388853e-02,1.6659953353e-02,7.2568867812e-03
25.000000,865.000,60.000000,185.000000,8.0064700998e-03,-7.1997470384e-03,4.7604920447e-04,9.8202221160e-01,9.9073350482e-01,8.7112932239e-03,1.0943852338e-02,1.5883852806e-02,7.2563261981e-03
25.000000,865.000,60.000000,190.000000,8.0048075650e-03,-7.1389525682e-03,9.4615660094e-04,9.8202221160e-01,9.9073350482e-01,8.7112932239e-03,1.0900509147e-02,1.3770813022e-02,7.2548194299e-03
25.000000,865.000,60.000000,195.000000,8.0026730488e-03,-7.0391053535e-03,1.4044960573e-03,9.8202221160e-01,9.9073350482e-01,8.7112932239e-03,1.0829151585e-02,1.0868167635e-02,7.2528849013e-03
25.000000,865.000,60.000000,200.000000,8.0009961682e-03,-6.9023782225e-03,1.8454697721e-03,9.8202221160e-01,9.9073350482e-01,8.7112932239e-03,1.0731077830e-02,7.8221802873e-03,7.2513651313e-03
25.000000,865.000,60.000000,205.000000,8.0010293114e-03,-6.7317293769e-03,2.2638149752e-03,9.8202221160e-01,9.9073350482e-01,8.7112932239e-03,1.0608059104e-02,5.1470729619e-03,7.2513951692e-03
25.000000,865.000,60.000000,210.000000,8.0043004409e-03,-6.5308216123e-03,2.6547019144e-03,9.8202221160e-01,9.9073350482e-01,8.7112932239e-03,1.0462295057e-02,3.1062505856e-03,7.2543598194e-03
25.000000,865.000,60.000000,215.000000,8.0125550311e-03,-6.3039226114e-03,3.0138206228e-03,9.8202221160e-01,9.9073350482e-01,8.7112932239e-03,1.0296358641e-02,1.7259368030e-03,7.2618410188e-03
25.000000,865.000,60.000000,220.000000,8.0276889921e-03,-6.0557892521e-03,3.3374542853e-03,9.8202221160e-01,9.9073350482e-01,8.7112932239e-03,1.0113132053e-02,8.8688502538e-04,7.2755570455e-03
25.000000,865.000,60.000000,225.000000,8.0516747257e-03,-5.7915393379e-03,3.6225374161e-03,9.8202221160e-01,9.9073350482e-01,8.7112932239e-03,9.9157356001e-03,4.2360776251e-04,7.2972955026e-03
25.000000,865.000,60.000000,230.000000,8.0864826839e-03,-5.5165145265e-03,3.8666974927e-03,9.8202221160e-01,9.9073350482e-01,8.7112932239e-03,9.7074515126e-03,1.8912815195e-04,7.3288422262e-03
25.000000,865.000,60.000000,235.000000,8.1340009554e-03,-5.2361384790e-03,4.0682791772e-03,9.8202221160e-01,9.9073350482e-01,8.7112932239e-03,9.4916448826e-03,7.9416042628e-05,7.3719084057e-03
25.000000,865.000,60.000000,240.000000,8.1959554778e-03,-4.9557743855e-03,4.2263507495e-03,9.8202221160e-01,9.9073350482e-01,8.7112932239e-03,9.2716839711e-03,3.1570850777e-05,7.4280582717e-03
25.000000,865.000,60.000000,245.000000,8.2738334721e-03,-4.6805860252e-03,4.3406928944e-03,9.8202221160e-01,9.9073350482e-01,8.7112932239e-03,9.0508621346e-03,1.1965657427e-05,7.4986397044e-03
25.000000,865.000,60.000000,250.000000,8.3688126095e-03,-4.4154064012e-03,4.4117704804e-03,9.8202221160e-01,9.9073350482e-01,8.7112932239e-03,8.8323235588e-03,4.3557417366e-06,7.5847200363e-03
25.000000,865.000,60.000000,255.000000,8.4816982562e-03,-4.1646177452e-03,4.4406884567e-03,9.8202221160e-01,9.9073350482e-01,8.7112932239e-03,8.6189948584e-03,1.5346114235e-06,7.6870291769e-03
25.000000,865.000,60.000000,260.000000,8.6128709105e-03,-3.9320463363e-03,4.4291334340e-03,9.8202221160e-01,9.9073350482e-01,8.7112932239e-03,8.4135244159e-03,5.2745833133e-07,7.8059119749e-03
25.000000,865.000,60.000000,265.000000,8.7622456411e-03,-3.7208751136e-03,4.3793029144e-03,9.8202221160e-01,9.9073350482e-01,8.7112932239e-03,8.2182310873e-03,1.7830161338e-07,7.9412914565e-03
25.000000,865.000,60.000000,270.000000,8.9292449817e-03,-3.5335765220e-03,4.2938244692e-03,9.8202221160e-01,9.9073350482e-01,8.7112932239e-03,8.0350636109e-03,5.9769357865e-08,8.0926442593e-03
25.000000,865.000,60.000000,275.000000,9.1127863294e-03,-3.3718674026e-03,4.1756674271e-03,9.8202221160e-01,9.9073350482e-01,8.7112932239e-03,7.8655717250e-03,2.0033875988e-08,8.2589892119e-03
25.000000,865.000,60.000000,280.000000,9.3112844607e-03,-3.2366870736e-03,4.0280498207e-03,9.8202221160e-01,9.9073350482e-01,8.7112932239e-03,7.7108896418e-03,6.7705256535e-09,8.4388896140e-03
25.000000,865.000,60.000000,285.000000,9.5226693196e-03,-3.1281990348e-03,3.8543434400e-03,9.8202221160e-01,9.9073350482e-01,8.7112932239e-03,7.5717321476e-03,2.3261236035e-09,8.6304693577e-03
25.000000,865.000,60.000000,290.000000,9.7444187676e-03,-3.0458160152e-03,3.6579798569e-03,9.8202221160e-01,9.9073350482e-01,8.7112932239e-03,7.4484032129e-03,8.1907804966e-10,8.8314426092e-03
25.000000,865.000,60.000000,295.000000,9.9736055315e-03,-2.9882473735e-03,3.4423602108e-03,9.8202221160e-01,9.9073350482e-01,8.7112932239e-03,7.3408166229e-03,2.9795419894e-10,9.0391563580e-03
25.000000,865.000,60.000000,300.000000,1.0206957147e-02,-2.9535671870e-03,3.2107713899e-03,9.8202221160e-01,9.9073350482e-01,8.7112932239e-03,7.2485277726e-03,1.1283646454e-10,9.2506447440e-03
25.000000,865.000,60.000000,305.000000,1.0440927297e-02,-2.9393007395e-03,2.9663110064e-03,9.8202221160e-01,9.9073350482e-01,8.7112932239e-03,7.1707754376e-03,4.4816518552e-11,9.4626937131e-03
25.000000,865.000,60.000000,310.000000,1.0671776596e-02,-2.9425265680e-03,2.7118232560e-03,9.8202221160e-01,9.9073350482e-01,8.7112932239e-03,7.1065320389e-03,1.8800645040e-11,9.6719142302e-03
25.000000,865.000,60.000000,315.000000,1.0895660560e-02,-2.9599907631e-03,2.4498473827e-03,9.8202221160e-01,9.9073350482e-01,8.7112932239e-03,7.0545606654e-03,8.3855491974e-12,9.8748220103e-03
25.000000,865.000,60.000000,320.000000,1.1108722299e-02,-2.9882298553e-03,2.1825800486e-03,9.8202221160e-01,9.9073350482e-01,8.7112932239e-03,7.0134769263e-03,4.0012081257e-12,1.0067921524e-02
25.000000,865.000,60.000000,325.000000,1.1307187288e-02,-3.0236983719e-03,1.9118524520e-03,9.8202221160e-01,9.9073350482e-01,8.7112932239e-03,6.9818135695e-03,2.0540272934e-12,1.0247791888e-02
25.000000,865.000,60.000000,330.000000,1.1487457506e-02,-3.0628970171e-03,1.6391225548e-03,9.8202221160e-01,9.9073350482e-01,8.7112932239e-03,6.9580857299e-03,1.1402234897e-12,1.0411172191e-02
25.000000,865.000,60.000000,335.000000,1.1646202256e-02,-3.1024974263e-03,1.3654822916e-03,9.8202221160e-01,9.9073350482e-01,8.7112932239e-03,6.9408546696e-03,6.8753866706e-13,1.0555043794e-02
25.000000,865.000,60.000000,340.000000,1.1780443026e-02,-3.1394595630e-03,1.0916791487e-03,9.8202221160e-01,9.9073350482e-01,8.7112932239e-03,6.9287879292e-03,4.5207280035e-13,1.0676707249e-02
25.000000,865.000,60.000000,345.000000,1.1887629946e-02,-3.1711380683e-03,8.1815104062e-04,9.8202221160e-01,9.9073350482e-01,8.7112932239e-03,6.9207139398e-03,3.2517513425e-13,1.0773851590e-02
25.000000,865.000,60.000000,350.000000,1.1965707635e-02,-3.1953742237e-03,5.4507298766e-04,9.8202221160e-01,9.9073350482e-01,8.7112932239e-03,6.9156693268e-03,2.5651895277e-13,1.0844614007e-02
25.000000,865.000,60.000000,355.000000,1.2013168501e-02,-3.2105706472e-03,2.7241371721e-04,9.8202221160e-01,9.9073350482e-01,8.7112932239e-03,6.9129373810e-03,2.2233277666e-13,1.0887628159e-02
25.000000,865.000,65.000000,0.000000,1.3996440262e-02,-4.7810590999e-03,5.3485705487e-19,9.8202221160e-01,9.9073350482e-01,8.7112932239e-03,6.8395789215e-03,1.0867439246e-15,1.2685082800e-02
25.000000,865.000,65.000000,5.000000,1.3977482839e-02,-4.7740275975e-03,-3.8102604424e-04,9.8202221160e-01,9.9073350482e-01,8.7112932239e-03,6.8389054240e-03,1.1495475955e-15,1.2667901540e-02
25.000000,865.000,65.000000,10.000000,1.3921006698e-02,-4.7533257503e-03,-7.6140963748e-04,9.8202221160e-01,9.9073350482e-01,8.7112932239e-03,6.8370600590e-03,1.3600016293e-15,1.2616716774e-02
25.000000,865.000,65.000000,15.000000,1.3828189554e-02,-4.7201182453e-03,-1.1404446286e-03,9.8202221160e-01,9.9073350482e-01,8.7112932239e-03,6.8345617109e-03,1.7972392490e-15,1.2532595873e-02
25.000000,865.000,65.000000,20.000000,1.3700959019e-02,-4.6763023313e-03,-1.5173000351e-03,9.8202221160e-01,9.9073350482e-01,8.7112932239e-03,6.8322537329e-03,2.6472808552e-15,1.2417285849e-02
25.000000,865.000,65.000000,25.000000,1.3541940831e-02,-4.6244434119e-03,-1.8909639666e-03,9.8202221160e-01,9.9073350482e-01,8.7112932239e-03,6.8312724808e-03,4.3334638002e-15,1.2273166426e-02
25.000000,865.000,65.000000,30.000000,1.3354388504e-02,-4.5676877044e-03,-2.2601949261e-03,9.8202221160e-01,9.9073350482e-01,8.7112932239e-03,6.8330046714e-03,7.8537046240e-15,1.2103186292e-02
25.000000,865.000,65.000000,35.000000,1.3142096489e-02,-4.5096546918e-03,-2.6234825730e-03,9.8202221160e-01,9.9073350482e-01,8.7112932239e-03,6.8390349207e-03,1.5687151818e-14,1.1910784386e-02
25.000000,865.000,65.000000,40.000000,1.2909299368e-02,-4.4543127240e-03,-2.9790197262e-03,9.8202221160e-01,9.9073350482e-01,8.7112932239e-03,6.8510851357e-03,3.4351671882e-14,1.1699798543e-02
25.000000,865.000,65.000000,45.000000,1.2660560057e-02,-4.4058416602e-03,-3.3246870200e-03,9.8202221160e-01,9.9073350482e-01,8.7112932239e-03,6.8709476959e-03,8.1975892195e-14,1.1474364168e-02
25.000000,865.000,65.000000,50.000000,1.2400650266e-02,-4.3684868519e-03,-3.6580512133e-03,9.8202221160e-01,9.9073350482e-01,8.7112932239e-03,6.9004145652e-03,2.1177544521e-13,1.1238805900e-02
25.000000,865.000,65.000000,55.000000,1.2134426719e-02,-4.3464090493e-03,-3.9763777074e-03,9.8202221160e-01,9.9073350482e-01,8.7112932239e-03,6.9412046129e-03,5.8799246589e-13,1.0997525427e-02
25.000000,865.000,65.000000,60.000000,1.1866706727e-02,-4.3435349511e-03,-4.2766573590e-03,9.8202221160e-01,9.9073350482e-01,8.7112932239e-03,6.9948914911e-03,1.7409782229e-12,1.0754888713e-02
25.000000,865.000,65.000000,65.000000,1.1602146714e-02,-4.3634131146e-03,-4.5556472014e-03,9.8202221160e-01,9.9073350482e-01,8.7112932239e-03,7.0628344109e-03,5.4519050698e-12,1.0515115913e-02
25.000000,865.000,65.000000,70.000000,1.1345127202e-02,-4.4090797927e-03,-4.8099242234e-03,9.8202221160e-01,9.9073350482e-01,8.7112932239e-03,7.1461140848e-03,1.7900341877e-11,1.0282177129e-02
25.000000,865.000,65.000000,75.000000,1.1099647559e-02,-4.4829389741e-03,-5.0359509121e-03,9.8202221160e-01,9.9073350482e-01,8.7112932239e-03,7.2454759530e-03,6.1066461239e-11,1.0059697016e-02
25.000000,865.000,65.000000,80.000000,1.0869233467e-02,-4.5866604839e-03,-5.2301508612e-03,9.8202221160e-01,9.9073350482e-01,8.7112932239e-03,7.3612826025e-03,2.1444614691e-10,9.8508709303e-03
25.000000,865.000,65.000000,85.000000,1.0656859736e-02,-4.7210994583e-03,-5.3889923892e-03,9.8202221160e-01,9.9073350482e-01,8.7112932239e-03,7.4934770140e-03,7.6782010952e-10,9.6583949639e-03
25.000000,865.000,65.000000,90.000000,1.0464890554e-02,-4.8862398691e-03,-5.5090778184e-03,9.8202221160e-01,9.9073350482e-01,8.7112932239e-03,7.6415579481e-03,2.7759735482e-09,9.4844117998e-03
25.000000,865.000,65.000000,95.000000,1.0295038773e-02,-5.0811640440e-03,-5.5872358390e-03,9.8202221160e-01,9.9073350482e-01,8.7112932239e-03,7.8045684215e-03,1.0035601165e-08,9.3304738081e-03
25.000000,865.000,65.000000,100.000000,1.0148345218e-02,-5.3040493464e-03,-5.6206142339e-03,9.8202221160e-01,9.9073350482e-01,8.7112932239e-03,7.9810978241e-03,3.5925417259e-08,9.1975242967e-03
25.000000,865.000,65.000000,105.000000,1.0025178418e-02,-5.5521923509e-03,-5.6067701756e-03,9.8202221160e-01,9.9073350482e-01,8.7112932239e-03,8.1692978205e-03,1.2611913785e-07,9.0858972671e-03
25.000000,865.000,65.000000,110.000000,9.9252545292e-03,-5.8220600199e-03,-5.5437553233e-03,9.8202221160e-01,9.9073350482e-01,8.7112932239e-03,8.3669117561e-03,4.3006601666e-07,8.9953354681e-03
25.000000,865.000,65.000000,115.000000,9.8476765960e-03,-6.1093665597e-03,-5.4301930511e-03,9.8202221160e-01,9.9073350482e-01,8.7112932239e-03,8.5713168785e-03,1.4112809553e-06,8.9250259832e-03
25.000000,865.000,65.000000,120.000000,9.7909917424e-03,-6.4091738540e-03,-5.2653453253e-03,9.8202221160e-01,9.9073350482e-01,8.7112932239e-03,8.7795782925e-03,4.4166300567e-06,8.8736520589e-03
25.000000,865.000,65.000000,125.000000,9.7532643113e-03,-6.7160126508e-03,-5.0491670068e-03,9.8202221160e-01,9.9073350482e-01,8.7112932239e-03,8.9885132041e-03,1.3067675065e-05,8.8394593944e-03
25.000000,865.000,65.000000,130.000000,9.7321625186e-03,-7.0240210377e-03,-4.7823456858e-03,9.8202221160e-01,9.9073350482e-01,8.7112932239e-03,9.1947636915e-03,3.6253543910e-05,8.8203346753e-03
25.000000,865.000,65.000000,135.000000,9.7250557738e-03,-7.3270962117e-03,-4.4663255470e-03,9.8202221160e-01,9.9073350482e-01,8.7112932239e-03,9.3948759751e-03,9.3578194008e-05,8.8138937772e-03
25.000000,865.000,65.000000,140.000000,9.7291195090e-03,-7.6190551302e-03,-4.1033141987e-03,9.8202221160e-01,9.9073350482e-01,8.7112932239e-03,9.5853839496e-03,2.2311889933e-04,8.8175767720e-03
25.000000,865.000,65.000000,145.000000,9.7414441424e-03,-7.8937993520e-03,-3.6962718724e-03,9.8202221160e-01,9.9073350482e-01,8.7112932239e-03,9.7628946044e-03,4.8816150980e-04,8.8287466832e-03
25.000000,865.000,65.000000,150.000000,9.7591446881e-03,-8.1454792344e-03,-3.2488828924e-03,9.8202221160e-01,9.9073350482e-01,8.7112932239e-03,9.9241728871e-03,9.7424649540e-04,8.8447888256e-03
25.000000,865.000,65.000000,155.000000,9.7794675216e-03,-8.3686526578e-03,-2.7655098162e-03,9.8202221160e-01,9.9073350482e-01,8.7112932239e-03,1.0066223572e-02,1.7642882621e-03,8.8632075679e-03
25.000000,865.000,65.000000,160.000000,9.7998909109e-03,-8.5584335999e-03,-2.2511311350e-03,9.8202221160e-01,9.9073350482e-01,8.7112932239e-03,1.0186367768e-02,2.8860559676e-03,8.8817174446e-03
25.000000,865.000,65.000000,165.000000,9.8182161301e-03,-8.7106261736e-03,-1.7112638921e-03,9.8202221160e-01,9.9073350482e-01,8.7112932239e-03,1.0282311858e-02,4.2486427680e-03,8.8983257336e-03
25.000000,865.000,65.000000,170.000000,9.8326462781e-03,-8.8218401633e-03,-1.1518730101e-03,9.8202221160e-01,9.9073350482e-01,8.7112932239e-03,1.0352206857e-02,5.6121634831e-03,8.9114038890e-03
25.000000,865.000,65.000000,175.000000,9.8418503136e-03,-8.8895846440e-03,-5.7926949400e-04,9.8202221160e-01,9.9073350482e-01,8.7112932239e-03,1.0394696483e-02,6.6378479498e-03,8.9197455780e-03
25.000000,865.000,65.000000,180.000000,9.8450102917e-03,-8.9123369058e-03,-1.6289556969e-18,9.8202221160e-01,9.9073350482e-01,8.7112932239e-03,1.0408952524e-02,7.0208212166e-03,8.9226094908e-03
25.000000,865.000,65.000000,185.000000,9.8418503136e-03,-8.8895846440e-03,5.7926949400e-04,9.8202221160e-01,9.9073350482e-01,8.7112932239e-03,1.0394696483e-02,6.6378479498e-03,8.9197455780e-03
25.000000,865.000,65.000000,190.000000,9.8326462781e-03,-8.8218401633e-03,1.1518730101e-03,9.8202221160e-01,9.9073350482e-01,8.7112932239e-03,1.0352206857e-02,5.6121634831e-03,8.9114038890e-03
25.000000,865.000,65.000000,195.000000,9.8182161301e-03,-8.7106261736e-03,1.7112638921e-03,9.8202221160e-01,9.9073350482e-01,8.7112932239e-03,1.0282311858e-02,4.2486427680e-03,8.8983257336e-03
25.000000,865.000,65.000000,200.000000,9.7998909109e-03,-8.5584335999e-03,2.2511311350e-03,9.8202221160e-01,9.9073350482e-01,8.7112932239e-03,1.0186367768e-02,2.8860559676e-03,8.8817174446e-03
25.000000,865.000,65.000000,205.000000,9.7794675216e-03,-8.3686526578e-03,2.7655098162e-03,9.8202221160e-01,9.9073350482e-01,8.7112932239e-03,1.0066223572e-02,1.7642882621e-03,8.8632075679e-03
25.000000,865.000,65.000000,210.000000,9.7591446881e-03,-8.1454792344e-03,3.2488828924e-03,9.8202221160e-01,9.9073350482e-01,8.7112932239e-03,9.9241728871e-03,9.7424649540e-04,8.8447888256e-03
25.000000,865.000,65.000000,215.000000,9.7414441424e-03,-7.8937993520e-03,3.6962718724e-03,9.8202221160e-01,9.9073350482e-01,8.7112932239e-03,9.7628946044e-03,4.8816150980e-04,8.8287466832e-03
25.000000,865.000,65.000000,220.000000,9.7291195090e-03,-7.6190551302e-03,4.1033141987e-03,9.8202221160e-01,9.9073350482e-01,8.7112932239e-03,9.5853839496e-03,2.2311889933e-04,8.8175767720e-03
25.000000,865.000,65.000000,225.000000,9.7250557738e-03,-7.3270962117e-03,4.4663255470e-03,9.8202221160e-01,9.9073350482e-01,8.7112932239e-03,9.3948759751e-03,9.3578194008e-05,8.8138937772e-03
25.000000,865.000,65.000000,230.000000,9.7321625186e-03,-7.0240210377e-03,4.7823456858e-03,9.8202221160e-01,9.9073350482e-01,8.7112932239e-03,9.1947636915e-03,3.6253543910e-05,8.8203346753e-03
25.000000,865.000,65.000000,235.000000,9.7532643113e-03,-6.7160126508e-03,5.0491670068e-03,9.8202221160e-01,9.9073350482e-01,8.7112932239e-03,8.9885132041e-03,1.3067675065e-05,8.8394593944e-03
25.000000,865.000,65.000000,240.000000,9.7909917424e-03,-6.4091738540e-03,5.2653453253e-03,9.8202221160e-01,9.9073350482e-01,8.7112932239e-03,8.7795782925e-03,4.4166300567e-06,8.8736520589e-03
25.000000,865.000,65.000000,245.000000,9.8476765960e-03,-6.1093665597e-03,5.4301930511e-03,9.8202221160e-01,9.9073350482e-01,8.7112932239e-03,8.5713168785e-03,1.4112809553e-06,8.9250259832e-03
25.000000,865.000,65.000000,250.000000,9.9252545292e-03,-5.8220600199e-03,5.5437553233e-03,9.8202221160e-01,9.9073350482e-01,8.7112932239e-03,8.3669117561e-03,4.3006601666e-07,8.9953354681e-03
25.000000,865.000,65.000000,255.000000,1.0025178418e-02,-5.5521923509e-03,5.6067701756e-03,9.8202221160e-01,9.9073350482e-01,8.7112932239e-03,8.1692978205e-03,1.2611913785e-07,9.0858972671e-03
25.000000,865.000,65.000000,260.000000,1.0148345218e-02,-5.3040493464e-03,5.6206142339e-03,9.8202221160e-01,9.9073350482e-01,8.7112932239e-03,7.9810978241e-03,3.5925417259e-08,9.1975242967e-03
25.000000,865.000,65.000000,265.000000,1.0295038773e-02,-5.0811640440e-03,5.5872358390e-03,9.8202221160e-01,9.9073350482e-01,8.7112932239e-03,7.8045684215e-03,1.0035601165e-08,9.3304738081e-03
25.000000,865.000,65.000000,270.000000,1.0464890554e-02,-4.8862398691e-03,5.5090778184e-03,9.8202221160e-01,9.9073350482e-01,8.7112932239e-03,7.6415579481e-03,2.7759735482e-09,9.4844117998e-03
25.000000,865.000,65.000000,275.000000,1.0656859736e-02,-4.7210994583e-03,5.3889923892e-03,9.8202221160e-01,9.9073350482e-01,8.7112932239e-03,7.4934770140e-03,7.6782010952e-10,9.6583949639e-03
25.000000,865.000,65.000000,280.000000,1.0869233467e-02,-4.5866604839e-03,5.2301508612e-03,9.8202221160e-01,9.9073350482e-01,8.7112932239e-03,7.3612826025e-03,2.1444614691e-10,9.8508709303e-03
25.000000,865.000,65.000000,285.000000,1.1099647559e-02,-4.4829389741e-03,5.0359509121e-03,9.8202221160e-01,9.9073350482e-01,8.7112932239e-03,7.2454759530e-03,6.1066461239e-11,1.0059697016e-02
25.000000,865.000,65.000000,290.000000,1.1345127202e-02,-4.4090797927e-03,4.8099242234e-03,9.8202221160e-01,9.9073350482e-01,8.7112932239e-03,7.1461140848e-03,1.7900341877e-11,1.0282177129e-02
25.000000,865.000,65.000000,295.000000,1.1602146714e-02,-4.3634131146e-03,4.5556472014e-03,9.8202221160e-01,9.9073350482e-01,8.7112932239e-03,7.0628344109e-03,5.4519050698e-12,1.0515115913e-02
25.000000,865.000,65.000000,300.000000,1.1866706727e-02,-4.3435349511e-03,4.2766573590e-03,9.8202221160e-01,9.9073350482e-01,8.7112932239e-03,6.9948914911e-03,1.7409782229e-12,1.0754888713e-02
25.000000,865.000,65.000000,305.000000,1.2134426719e-02,-4.3464090493e-03,3.9763777074e-03,9.8202221160e-01,9.9073350482e-01,8.7112932239e-03,6.9412046129e-03,5.8799246589e-13,1.0997525427e-02
25.000000,865.000,65.000000,310.000000,1.2400650266e-02,-4.3684868519e-03,3.6580512133e-03,9.8202221160e-01,9.9073350482e-01,8.7112932239e-03,6.9004145652e-03,2.1177544521e-13,1.1238805900e-02
25.000000,865.000,65.000000,315.000000,1.2660560057e-02,-4.4058416602e-03,3.3246870200e-03,9.8202221160e-01,9.9073350482e-01,8.7112932239e-03,6.8709476959e-03,8.1975892195e-14,1.1474364168e-02
25.000000,865.000,65.000000,320.000000,1.2909299368e-02,-4.4543127240e-03,2.9790197262e-03,9.8202221160e-01,9.9073350482e-01,8.7112932239e-03,6.8510851357e-03,3.4351671882e-14,1.1699798543e-02
25.000000,865.000,65.000000,325.000000,1.3142096489e-02,-4.5096546918e-03,2.6234825730e-03,9.8202221160e-01,9.9073350482e-01,8.7112932239e-03,6.8390349207e-03,1.5687151818e-14,1.1910784386e-02
25.000000,865.000,65.000000,330.000000,1.3354388504e-02,-4.5676877044e-03,2.2601949261e-03,9.8202221160e-01,9.9073350482e-01,8.7112932239e-03,6.8330046714e-03,7.8537046240e-15,1.2103186292e-02
25.000000,865.000,65.000000,335.000000,1.3541940831e-02,-4.6244434119e-03,1.8909639666e-03,9.8202221160e-01,9.9073350482e-01,8.7112932239e-03,6.8312724808e-03,4.3334638002e-15,1.2273166426e-02
25.000000,865.000,65.000000,340.000000,1.3700959019e-02,-4.6763023313e-03,1.5173000351e-03,9.8202221160e-01,9.9073350482e-01,8.7112932239e-03,6.8322537329e-03,2.6472808552e-15,1.2417285849e-02
25.000000,865.000,65.000000,345.000000,1.3828189554e-02,-4.7201182453e-03,1.1404446286e-03,9.8202221160e-01,9.9073350482e-01,8.7112932239e-03,6.8345617109e-03,1.7972392490e-15,1.2532595873e-02
25.000000,865.000,65.000000,350.000000,1.3921006698e-02,-4.7533257503e-03,7.6140963748e-04,9.8202221160e-01,9.9073350482e-01,8.7112932239e-03,6.8370600590e-03,1.3600016293e-15,1.2616716774e-02
25.000000,865.000,65.000000,355.000000,1.3977482839e-02,-4.7740275975e-03,3.8102604424e-04,9.8202221160e-01,9.9073350482e-01,8.7112932239e-03,6.8389054240e-03,1.1495475955e-15,1.2667901540e-02
25.000000,865.000,70.000000,0.000000,1.6952949102e-02,-7.0906374374e-03,7.6312509774e-19,9.8202221160e-01,9.9073350482e-01,8.7112932239e-03,6.8523221930e-03,2.0230305046e-18,1.5364589784e-02
25.000000,865.000,70.000000,5.000000,1.6929907874e-02,-7.0803978564e-03,-5.4346548639e-04,9.8202221160e-01,9.9073350482e-01,8.7112932239e-03,6.8500062279e-03,2.1615140950e-18,1.5343707340e-02
25.000000,865.000,70.000000,10.000000,1.6861302394e-02,-7.0501711924e-03,-1.0849657717e-03,9.8202221160e-01,9.9073350482e-01,8.7112932239e-03,6.8432579273e-03,2.6351486760e-18,1.5281529659e-02
25.000000,865.000,70.000000,15.000000,1.6748672913e-02,-7.0014173532e-03,-1.6224846497e-03,9.8202221160e-01,9.9073350482e-01,8.7112932239e-03,6.8326690281e-03,3.6600389414e-18,1.5179452684e-02
25.000000,865.000,70.000000,20.000000,1.6594539075e-02,-6.9365155961e-03,-2.1539062958e-03,9.8202221160e-01,9.9073350482e-01,8.7112932239e-03,6.8192024863e-03,5.7770896611e-18,1.5039759986e-02
25.000000,865.000,70.000000,25.000000,1.6402330222e-02,-6.8586854016e-03,-2.6769713598e-03,9.8202221160e-01,9.9073350482e-01,8.7112932239e-03,6.8041583380e-03,1.0326671407e-17,1.4865559606e-02
25.000000,865.000,70.000000,30.000000,1.6176290743e-02,-6.7718791575e-03,-3.1892399223e-03,9.8202221160e-01,9.9073350482e-01,8.7112932239e-03,6.7891274189e-03,2.0811918887e-17,1.4660698266e-02
25.000000,865.000,70.000000,35.000000,1.5921363253e-02,-6.6806499848e-03,-3.6880632433e-03,9.8202221160e-01,9.9073350482e-01,8.7112932239e-03,6.7759343985e-03,4.7037022545e-17,1.4429655497e-02
25.000000,865.000,70.000000,40.000000,1.5643053070e-02,-6.5899988152e-03,-4.1705659424e-03,9.8202221160e-01,9.9073350482e-01,8.7112932239e-03,6.7665719283e-03,1.1847856917e-16,1.4177420810e-02
25.000000,865.000,70.000000,45.000000,1.5347277988e-02,-6.5052054764e-03,-4.6336398992e-03,9.8202221160e-01,9.9073350482e-01,8.7112932239e-03,6.7631279809e-03,3.3025578204e-16,1.3909357550e-02
25.000000,865.000,70.000000,50.000000,1.5040207788e-02,-6.4316490471e-03,-5.0739507704e-03,9.8202221160e-01,9.9073350482e-01,8.7112932239e-03,6.7677086825e-03,1.0108248644e-15,1.3631057437e-02
25.000000,865.000,70.000000,55.000000,1.4728098218e-02,-6.3746230864e-03,-5.4879575952e-03,9.8202221160e-01,9.9073350482e-01,8.7112932239e-03,6.7823590870e-03,3.3683142788e-15,1.3348190103e-02
25.000000,865.000,70.000000,60.000000,1.4417124304e-02,-6.3391515137e-03,-5.8719455153e-03,9.8202221160e-01,9.9073350482e-01,8.7112932239e-03,6.8089844146e-03,1.2108143434e-14,1.3066352023e-02
25.000000,865.000,70.000000,65.000000,1.4113217911e-02,-6.3298109117e-03,-6.2220711845e-03,9.8202221160e-01,9.9073350482e-01,8.7112932239e-03,6.8492742749e-03,4.6498518083e-14,1.2790919293e-02
25.000000,865.000,70.000000,70.000000,1.3821914268e-02,-6.3505648414e-03,-6.5344200019e-03,9.8202221160e-01,9.9073350482e-01,8.7112932239e-03,6.9046323131e-03,1.8882053521e-13,1.2526908533e-02
25.000000,865.000,70.000000,75.000000,1.3548211936e-02,-6.4046154055e-03,-6.8050738830e-03,9.8202221160e-01,9.9073350482e-01,8.7112932239e-03,6.9761135616e-03,8.0219001866e-13,1.2278849978e-02
25.000000,865.000,70.000000,80.000000,1.3296450246e-02,-6.4942767856e-03,-7.0301878987e-03,9.8202221160e-01,9.9073350482e-01,8.7112932239e-03,7.0643715525e-03,3.5265088563e-12,1.2050676398e-02
25.000000,865.000,70.000000,85.000000,1.3070207720e-02,-6.6208748158e-03,-7.2060737769e-03,9.8202221160e-01,9.9073350482e-01,8.7112932239e-03,7.1696169575e-03,1.5862168558e-11,1.1845631035e-02
25.000000,865.000,70.000000,90.000000,1.2872224323e-02,-6.7846758732e-03,-7.3292879819e-03,9.8202221160e-01,9.9073350482e-01,8.7112932239e-03,7.2915891735e-03,7.2171415472e-11,1.1666197141e-02
25.000000,865.000,70.000000,95.000000,1.2704349676e-02,-6.9848474823e-03,-7.3967218799e-03,9.8202221160e-01,9.9073350482e-01,8.7112932239e-03,7.4295418873e-03,3.2836012972e-10,1.1514051041e-02
25.000000,865.000,70.000000,100.000000,1.2567518558e-02,-7.2194520668e-03,-7.4056913586e-03,9.8202221160e-01,9.9073350482e-01,8.7112932239e-03,7.5822432265e-03,1.4767781870e-09,1.1390039933e-02
25.000000,865.000,70.000000,105.000000,1.2461754215e-02,-7.4854742796e-03,-7.3540232171e-03,9.8202221160e-01,9.9073350482e-01,8.7112932239e-03,7.7479906635e-03,6.4907380195e-09,1.1294184886e-02
25.000000,865.000,70.000000,110.000000,1.2386199114e-02,-7.7788813198e-03,-7.2401356625e-03,9.8202221160e-01,9.9073350482e-01,8.7112932239e-03,7.9246403923e-03,2.7567395162e-08,1.1225708709e-02
25.000000,865.000,70.000000,115.000000,1.2339171982e-02,-8.0947146436e-03,-7.0631103583e-03,9.8202221160e-01,9.9073350482e-01,8.7112932239e-03,8.1096504539e-03,1.1190273998e-07,1.1183087653e-02
25.000000,865.000,70.000000,120.000000,1.2318249161e-02,-8.4272105159e-03,-6.8227536527e-03,9.8202221160e-01,9.9073350482e-01,8.7112932239e-03,8.3001364696e-03,4.2953408552e-07,1.1164125137e-02
25.000000,865.000,70.000000,125.000000,1.2320367568e-02,-8.7699459692e-03,-6.5196448720e-03,9.8202221160e-01,9.9073350482e-01,8.7112932239e-03,8.4929384506e-03,1.5431877207e-06,1.1166045066e-02
25.000000,865.000,70.000000,130.000000,1.2341945916e-02,-9.1160059570e-03,-6.1551698908e-03,9.8202221160e-01,9.9073350482e-01,8.7112932239e-03,8.6846968128e-03,5.1389518001e-06,1.1185601691e-02
25.000000,865.000,70.000000,135.000000,1.2379020295e-02,-9.4581668364e-03,-5.7315385673e-03,9.8202221160e-01,9.9073350482e-01,8.7112932239e-03,8.8719354407e-03,1.5717610514e-05,1.1219202489e-02
25.000000,865.000,70.000000,140.000000,1.2427389790e-02,-9.7890908063e-03,-5.2517850628e-03,9.8202221160e-01,9.9073350482e-01,8.7112932239e-03,9.0511494195e-03,4.3778245820e-05,1.1263040139e-02
25.000000,865.000,70.000000,145.000000,1.2482767526e-02,-1.0101525585e-02,-4.7197505201e-03,9.8202221160e-01,9.9073350482e-01,8.7112932239e-03,9.2188949070e-03,1.1018046510e-04,1.1313229412e-02
25.000000,865.000,70.000000,150.000000,1.2540932357e-02,-1.0388503439e-02,-4.1400480596e-03,9.8202221160e-01,9.9073350482e-01,8.7112932239e-03,9.3718785400e-03,2.4881517367e-04,1.1365944652e-02
25.000000,865.000,70.000000,155.000000,1.2597876451e-02,-1.0643533669e-02,-3.5180105336e-03,9.8202221160e-01,9.9073350482e-01,8.7112932239e-03,9.5070437763e-03,5.0105685963e-04,1.1417553527e-02
25.000000,865.000,70.000000,160.000000,1.2649944108e-02,-1.0860782868e-02,-2.8596219563e-03,9.8202221160e-01,9.9073350482e-01,8.7112932239e-03,9.6216516515e-03,8.9500879556e-04,1.1464742851e-02
25.000000,865.000,70.000000,165.000000,1.2693957500e-02,-1.1035237587e-02,-2.1714339838e-03,9.8202221160e-01,9.9073350482e-01,8.7112932239e-03,9.7133535899e-03,1.4118456450e-03,1.1504632531e-02
25.000000,865.000,70.000000,170.000000,1.2727325367e-02,-1.1162844581e-02,-1.4604692316e-03,9.8202221160e-01,9.9073350482e-01,8.7112932239e-03,9.7802541368e-03,1.9600496292e-03,1.1534874089e-02
25.000000,865.000,70.000000,175.000000,1.2748131295e-02,-1.1240624471e-02,-7.3411358936e-04,9.8202221160e-01,9.9073350482e-01,8.7112932239e-03,9.8209617704e-03,2.3888472428e-03,1.1553730663e-02
25.000000,865.000,70.000000,180.000000,1.2755198816e-02,-1.1266755442e-02,-2.0640654314e-18,9.8202221160e-01,9.9073350482e-01,8.7112932239e-03,9.8346263031e-03,2.5521205982e-03,1.1560136013e-02
25.000000,865.000,70.000000,185.000000,1.2748131295e-02,-1.1240624471e-02,7.3411358936e-04,9.8202221160e-01,9.9073350482e-01,8.7112932239e-03,9.8209617704e-03,2.3888472428e-03,1.1553730663e-02
25.000000,865.000,70.000000,190.000000,1.2727325367e-02,-1.1162844581e-02,1.4604692316e-03,9.8202221160e-01,9.9073350482e-01,8.7112932239e-03,9.7802541368e-03,1.9600496292e-03,1.1534874089e-02
25.000000,865.000,70.000000,195.000000,1.2693957500e-02,-1.1035237587e-02,2.1714339838e-03,9.8202221160e-01,9.9073350482e-01,8.7112932239e-03,9.7133535899e-03,1.4118456450e-03,1.1504632531e-02
25.000000,865.000,70.000000,200.000000,1.2649944108e-02,-1.0860782868e-02,2.8596219563e-03,9.8202221160e-01,9.9073350482e-01,8.7112932239e-03,9.6216516515e-03,8.9500879556e-04,1.1464742851e-02
25.000000,865.000,70.000000,205.000000,1.2597876451e-02,-1.0643533669e-02,3.5180105336e-03,9.8202221160e-01,9.9073350482e-01,8.7112932239e-03,9.5070437763e-03,5.0105685963e-04,1.1417553527e-02
25.000000,865.000,70.000000,210.000000,1.2540932357e-02,-1.0388503439e-02,4.1400480596e-03,9.8202221160e-01,9.9073350482e-01,8.7112932239e-03,9.3718785400e-03,2.4881517367e-04,1.1365944652e-02
25.000000,865.000,70.000000,215.000000,1.2482767526e-02,-1.0101525585e-02,4.7197505201e-03,9.8202221160e-01,9.9073350482e-01,8.7112932239e-03,9.2188949070e-03,1.1018046510e-04,1.1313229412e-02
25.000000,865.000,70.000000,220.000000,1.2427389790e-02,-9.7890908063e-03,5.2517850628e-03,9.8202221160e-01,9.9073350482e-01,8.7112932239e-03,9.0511494195e-03,4.3778245820e-05,1.1263040139e-02
25.000000,865.000,70.000000,225.000000,1.2379020295e-02,-9.4581668364e-03,5.7315385673e-03,9.8202221160e-01,9.9073350482e-01,8.7112932239e-03,8.8719354407e-03,1.5717610514e-05,1.1219202489e-02
25.000000,865.000,70.000000,230.000000,1.2341945916e-02,-9.1160059570e-03,6.1551698908e-03,9.8202221160e-01,9.9073350482e-01,8.7112932239e-03,8.6846968128e-03,5.1389518001e-06,1.1185601691e-02
25.000000,865.000,70.000000,235.000000,1.2320367568e-02,-8.7699459692e-03,6.5196448720e-03,9.8202221160e-01,9.9073350482e-01,8.7112932239e-03,8.4929384506e-03,1.5431877207e-06,1.1166045066e-02
25.000000,865.000,70.000000,240.000000,1.2318249161e-02,-8.4272105159e-03,6.8227536527e-03,9.8202221160e-01,9.9073350482e-01,8.7112932239e-03,8.3001364696e-03,4.2953408552e-07,1.1164125137e-02
25.000000,865.000,70.000000,245.000000,1.2339171982e-02,-8.0947146436e-03,7.0631103583e-03,9.8202221160e-01,9.9073350482e-01,8.7112932239e-03,8.1096504539e-03,1.1190273998e-07,1.1183087653e-02
25.000000,865.000,70.000000,250.000000,1.2386199114e-02,-7.7788813198e-03,7.2401356625e-03,9.8202221160e-01,9.9073350482e-01,8.7112932239e-03,7.9246403923e-03,2.7567395162e-08,1.1225708709e-02
25.000000,865.000,70.000000,255.000000,1.2461754215e-02,-7.4854742796e-03,7.3540232171e-03,9.8202221160e-01,9.9073350482e-01,8.7112932239e-03,7.7479906635e-03,6.4907380195e-09,1.1294184886e-02
25.000000,865.000,70.000000,260.000000,1.2567518558e-02,-7.2194520668e-03,7.4056913586e-03,9.8202221160e-01,9.9073350482e-01,8.7112932239e-03,7.5822432265e-03,1.4767781870e-09,1.1390039933e-02
25.000000,865.000,70.000000,265.000000,1.2704349676e-02,-6.9848474823e-03,7.3967218799e-03,9.8202221160e-01,9.9073350482e-01,8.7112932239e-03,7.4295418873e-03,3.2836012972e-10,1.1514051041e-02
25.000000,865.000,70.000000,270.000000,1.2872224323e-02,-6.7846758732e-03,7.3292879819e-03,9.8202221160e-01,9.9073350482e-01,8.7112932239e-03,7.2915891735e-03,7.2171415472e-11,1.1666197141e-02
25.000000,865.000,70.000000,275.000000,1.3070207720e-02,-6.6208748158e-03,7.2060737769e-03,9.8202221160e-01,9.9073350482e-01,8.7112932239e-03,7.1696169575e-03,1.5862168558e-11,1.1845631035e-02
25.000000,865.000,70.000000,280.000000,1.3296450246e-02,-6.4942767856e-03,7.0301878987e-03,9.8202221160e-01,9.9073350482e-01,8.7112932239e-03,7.0643715525e-03,3.5265088563e-12,1.2050676398e-02
25.000000,865.000,70.000000,285.000000,1.3548211936e-02,-6.4046154055e-03,6.8050738830e-03,9.8202221160e-01,9.9073350482e-01,8.7112932239e-03,6.9761135616e-03,8.0219001866e-13,1.2278849978e-02
25.000000,865.000,70.000000,290.000000,1.3821914268e-02,-6.3505648414e-03,6.5344200019e-03,9.8202221160e-01,9.9073350482e-01,8.7112932239e-03,6.9046323131e-03,1.8882053521e-13,1.2526908533e-02
25.000000,865.000,70.000000,295.000000,1.4113217911e-02,-6.3298109117e-03,6.2220711845e-03,9.8202221160e-01,9.9073350482e-01,8.7112932239e-03,6.8492742749e-03,4.6498518083e-14,1.2790919293e-02
25.000000,865.000,70.000000,300.000000,1.4417124304e-02,-6.3391515137e-03,5.8719455153e-03,9.8202221160e-01,9.9073350482e-01,8.7112932239e-03,6.8089844146e-03,1.2108143434e-14,1.3066352023e-02
25.000000,865.000,70.000000,305.000000,1.4728098218e-02,-6.3746230864e-03,5.4879575952e-03,9.8202221160e-01,9.9073350482e-01,8.7112932239e-03,6.7823590870e-03,3.3683142788e-15,1.3348190103e-02
25.000000,865.000,70.000000,310.000000,1.5040207788e-02,-6.4316490471e-03,5.0739507704e-03,9.8202221160e-01,9.9073350482e-01,8.7112932239e-03,6.7677086825e-03,1.0108248644e-15,1.3631057437e-02
25.000000,865.000,70.000000,315.000000,1.5347277988e-02,-6.5052054764e-03,4.6336398992e-03,9.8202221160e-01,9.9073350482e-01,8.7112932239e-03,6.7631279809e-03,3.3025578204e-16,1.3909357550e-02
25.000000,865.000,70.000000,320.000000,1.5643053070e-02,-6.5899988152e-03,4.1705659424e-03,9.8202221160e-01,9.9073350482e-01,8.7112932239e-03,6.7665719283e-03,1.1847856917e-16,1.4177420810e-02
25.000000,865.000,70.000000,325.000000,1.5921363253e-02,-6.6806499848e-03,3.6880632433e-03,9.8202221160e-01,9.9073350482e-01,8.7112932239e-03,6.7759343985e-03,4.7037022545e-17,1.4429655497e-02
25.000000,865.000,70.000000,330.000000,1.6176290743e-02,-6.7718791575e-03,3.1892399223e-03,9.8202221160e-01,9.9073350482e-01,8.7112932239e-03,6.7891274189e-03,2.0811918887e-17,1.4660698266e-02
25.000000,865.000,70.000000,335.000000,1.6402330222e-02,-6.8586854016e-03,2.6769713598e-03,9.8202221160e-01,9.9073350482e-01,8.7112932239e-03,6.8041583380e-03,1.0326671407e-17,1.4865559606e-02
25.000000,865.000,70.000000,340.000000,1.6594539075e-02,-6.9365155961e-03,2.1539062958e-03,9.8202221160e-01,9.9073350482e-01,8.7112932239e-03,6.8192024863e-03,5.7770896611e-18,1.5039759986e-02
25.000000,865.000,70.000000,345.000000,1.6748672913e-02,-7.0014173532e-03,1.6224846497e-03,9.8202221160e-01,9.9073350482e-01,8.7112932239e-03,6.8326690281e-03,3.6600389414e-18,1.5179452684e-02
25.000000,865.000,70.000000,350.000000,1.6861302394e-02,-7.0501711924e-03,1.0849657717e-03,9.8202221160e-01,9.9073350482e-01,8.7112932239e-03,6.8432579273e-03,2.6351486760e-18,1.5281529659e-02
25.000000,865.000,70.000000,355.000000,1.6929907874e-02,-7.0803978564e-03,5.4346548639e-04,9.8202221160e-01,9.9073350482e-01,8.7112932239e-03,6.8500062279e-03,2.1615140950e-18,1.5343707340e-02
25.000000,865.000,75.000000,0.000000,2.1648314621e-02,-1.0619148457e-02,1.1247600402e-18,9.8202221160e-01,9.9073350482e-01,8.7112932239e-03,7.0158084986e-03,1.0648792576e-21,1.9620036117e-02
25.000000,865.000,75.000000,5.000000,2.1619325521e-02,-1.0603465808e-02,-8.0081417194e-04,9.8202221160e-01,9.9073350482e-01,8.7112932239e-03,7.0117135687e-03,1.1516746064e-21,1.9593763070e-02
25.000000,865.000,75.000000,10.000000,2.1533059364e-02,-1.0557073117e-02,-1.5975858924e-03,9.8202221160e-01,9.9073350482e-01,8.7112932239e-03,6.9996528944e-03,1.4559890987e-21,1.9515579380e-02
25.000000,865.000,75.000000,15.000000,2.1391599640e-02,-1.0481914879e-02,-2.3862411196e-03,9.8202221160e-01,9.9073350482e-01,8.7112932239e-03,6.9802912536e-03,2.1478680111e-21,1.9387373331e-02
25.000000,865.000,75.000000,20.000000,2.1198352972e-02,-1.0381161679e-02,-3.1626447660e-03,9.8202221160e-01,9.9073350482e-01,8.7112932239e-03,6.9547116174e-03,3.6862830476e-21,1.9212232371e-02
25.000000,865.000,75.000000,25.000000,2.0957952396e-02,-1.0259107101e-02,-3.9225754390e-03,9.8202221160e-01,9.9073350482e-01,8.7112932239e-03,6.9243784796e-03,7.3301058319e-21,1.8994355456e-02
25.000000,865.000,75.000000,30.000000,2.0676126010e-02,-1.0121027893e-02,-4.6617062950e-03,9.8202221160e-01,9.9073350482e-01,8.7112932239e-03,6.8910881284e-03,1.6799390490e-20,1.8738934009e-02
25.000000,865.000,75.000000,35.000000,2.0359534933e-02,-9.9730117032e-03,-5.3755937078e-03,9.8202221160e-01,9.9073350482e-01,8.7112932239e-03,6.8569074109e-03,4.4095060191e-20,1.8452005051e-02
25.000000,865.000,75.000000,40.000000,2.0015585380e-02,-9.8217577049e-03,-6.0596751850e-03,9.8202221160e-01,9.9073350482e-01,8.7112932239e-03,6.8241029004e-03,1.3158382754e-19,1.8140280892e-02
25.000000,865.000,75.000000,45.000000,1.9652220471e-02,-9.6743562921e-03,-6.7092776383e-03,9.8202221160e-01,9.9073350482e-01,8.7112932239e-03,6.7950626829e-03,4.4270123076e-19,1.7810960446e-02
25.000000,865.000,75.000000,50.000000,1.9277697976e-02,-9.5380546546e-03,-7.3196367473e-03,9.8202221160e-01,9.9073350482e-01,8.7112932239e-03,6.7722132065e-03,1.6637901809e-18,1.7471527792e-02
25.000000,865.000,75.000000,55.000000,1.8900360577e-02,-9.4200155059e-03,-7.8859277640e-03,9.8202221160e-01,9.9073350482e-01,8.7112932239e-03,6.7579338043e-03,6.9148928332e-18,1.7129543968e-02
25.000000,865.000,75.000000,60.000000,1.8528405498e-02,-9.3270764548e-03,-8.4033076872e-03,9.8202221160e-01,9.9073350482e-01,8.7112932239e-03,6.7544715748e-03,3.1438368965e-17,1.6792438184e-02
25.000000,865.000,75.000000,65.000000,1.8169660307e-02,-9.2655175053e-03,-8.8669683214e-03,9.8202221160e-01,9.9073350482e-01,8.7112932239e-03,6.7638593053e-03,1.5456670493e-16,1.6467304624e-02
25.000000,865.000,75.000000,70.000000,1.7831371521e-02,-9.2408439388e-03,-9.2721993232e-03,9.8202221160e-01,9.9073350482e-01,8.7112932239e-03,6.7878390367e-03,8.1187700112e-16,1.6160710863e-02
25.000000,865.000,75.000000,75.000000,1.7520012228e-02,-9.2575913757e-03,-9.6144599525e-03,9.8202221160e-01,9.9073350482e-01,8.7112932239e-03,6.8277937036e-03,4.4988643040e-15,1.5878523511e-02
25.000000,865.000,75.000000,80.000000,1.7241114370e-02,-9.3191591498e-03,-9.8894578910e-03,9.8202221160e-01,9.9073350482e-01,8.7112932239e-03,6.8846890442e-03,2.5959616674e-14,1.5625756211e-02
25.000000,865.000,75.000000,85.000000,1.6999130559e-02,-9.4276772773e-03,-1.0093233184e-02,9.8202221160e-01,9.9073350482e-01,8.7112932239e-03,6.9590276678e-03,1.5391733652e-13,1.5406444398e-02
25.000000,865.000,75.000000,90.000000,1.6797329390e-02,-9.5839112894e-03,-1.0222245105e-02,9.8202221160e-01,9.9073350482e-01,8.7112932239e-03,7.0508168016e-03,9.2510704495e-13,1.5223550427e-02
25.000000,865.000,75.000000,95.000000,1.6637727209e-02,-9.7872080520e-03,-1.0273459569e-02,9.8202221160e-01,9.9073350482e-01,8.7112932239e-03,7.1595508253e-03,5.5601571399e-12,1.5078901728e-02
25.000000,865.000,75.000000,100.000000,1.6521058168e-02,-1.0035484453e-02,-1.0244434575e-02,9.8202221160e-01,9.9073350482e-01,8.7112932239e-03,7.2842092568e-03,3.2964521218e-11,1.4973163668e-02
25.000000,865.000,75.000000,105.000000,1.6446783236e-02,-1.0325259539e-02,-1.0133401147e-02,9.8202221160e-01,9.9073350482e-01,8.7112932239e-03,7.4232703814e-03,1.9019025949e-10,1.4905847719e-02
25.000000,865.000,75.000000,110.000000,1.6413137661e-02,-1.0651729363e-02,-9.9393372632e-03,9.8202221160e-01,9.9073350482e-01,8.7112932239e-03,7.5747402426e-03,1.0536987132e-09,1.4875354472e-02
25.000000,865.000,75.000000,115.000000,1.6417215194e-02,-1.1008882501e-02,-9.6620323582e-03,9.8202221160e-01,9.9073350482e-01,8.7112932239e-03,7.7361962459e-03,5.5330957245e-09,1.4879049972e-02
25.000000,865.000,75.000000,120.000000,1.6455086297e-02,-1.1389652961e-02,-9.3021402024e-03,9.8202221160e-01,9.9073350482e-01,8.7112932239e-03,7.9048441788e-03,2.7192929145e-08,1.4913372847e-02
25.000000,865.000,75.000000,125.000000,1.6521946499e-02,-1.1786106070e-02,-8.8612181863e-03,9.8202221160e-01,9.9073350482e-01,8.7112932239e-03,8.0775870417e-03,1.2356933813e-07,1.4973968769e-02
25.000000,865.000,75.000000,130.000000,1.6612290190e-02,-1.2189651899e-02,-8.3417513708e-03,9.8202221160e-01,9.9073350482e-01,8.7112932239e-03,8.2511037193e-03,5.1324277874e-07,1.5055847959e-02
25.000000,865.000,75.000000,135.000000,1.6720104338e-02,-1.2591279960e-02,-7.7471600274e-03,9.8202221160e-01,9.9073350482e-01,8.7112932239e-03,8.4219352213e-03,1.9274445878e-06,1.5153560762e-02
25.000000,865.000,75.000000,140.000000,1.6839076075e-02,-1.2981808247e-02,-7.0817898085e-03,9.8202221160e-01,9.9073350482e-01,8.7112932239e-03,8.5865759821e-03,6.4790825014e-06,1.5261385773e-02
25.000000,865.000,75.000000,145.000000,1.6962807610e-02,-1.3352139226e-02,-6.3508841301e-03,9.8202221160e-01,9.9073350482e-01,8.7112932239e-03,8.7415675514e-03,1.9315838367e-05,1.5373524627e-02
25.000000,865.000,75.000000,150.000000,1.7085031814e-02,-1.3693515196e-02,-5.5605388102e-03,9.8202221160e-01,9.9073350482e-01,8.7112932239e-03,8.8835919262e-03,5.0649950588e-05,1.5484297375e-02
25.000000,865.000,75.000000,155.000000,1.7199821722e-02,-1.3997765398e-02,-4.7176394758e-03,9.8202221160e-01,9.9073350482e-01,8.7112932239e-03,9.0095617776e-03,1.1596716907e-04,1.5588332363e-02
25.000000,865.000,75.000000,160.000000,1.7301787465e-02,-1.4257537524e-02,-3.8297827060e-03,9.8202221160e-01,9.9073350482e-01,8.7112932239e-03,9.1167049117e-03,2.3038710291e-04,1.5680744709e-02
25.000000,865.000,75.000000,165.000000,1.7386254515e-02,-1.4466506711e-02,-2.9051823142e-03,9.8202221160e-01,9.9073350482e-01,8.7112932239e-03,9.2026404697e-03,3.9508938913e-04,1.5757297855e-02
25.000000,865.000,75.000000,170.000000,1.7449417717e-02,-1.4619555785e-02,-1.9525625759e-03,9.8202221160e-01,9.9073350482e-01,8.7112932239e-03,9.2654446130e-03,5.8247779126e-04,1.5814543157e-02
25.000000,865.000,75.000000,175.000000,1.7488466331e-02,-1.4712921368e-02,-9.8104055744e-04,9.8202221160e-01,9.9073350482e-01,8.7112932239e-03,9.3037037466e-03,7.3610538766e-04,1.5849933219e-02
25.000000,865.000,75.000000,180.000000,1.7501676219e-02,-1.4744301469e-02,-2.7579358188e-18,9.8202221160e-01,9.9073350482e-01,8.7112932239e-03,9.3165537066e-03,7.9599815316e-04,1.5861905444e-02
25.000000,865.000,75.000000,185.000000,1.7488466331e-02,-1.4712921368e-02,9.8104055744e-04,9.8202221160e-01,9.9073350482e-01,8.7112932239e-03,9.3037037466e-03,7.3610538766e-04,1.5849933219e-02
25.000000,865.000,75.000000,190.000000,1.7449417717e-02,-1.4619555785e-02,1.9525625759e-03,9.8202221160e-01,9.9073350482e-01,8.7112932239e-03,9.2654446130e-03,5.8247779126e-04,1.5814543157e-02
25.000000,865.000,75.000000,195.000000,1.7386254515e-02,-1.4466506711e-02,2.9051823142e-03,9.8202221160e-01,9.9073350482e-01,8.7112932239e-03,9.2026404697e-03,3.9508938913e-04,1.5757297855e-02
25.000000,865.000,75.000000,200.000000,1.7301787465e-02,-1.4257537524e-02,3.8297827060e-03,9.8202221160e-01,9.9073350482e-01,8.7112932239e-03,9.1167049117e-03,2.3038710291e-04,1.5680744709e-02
25.000000,865.000,75.000000,205.000000,1.7199821722e-02,-1.3997765398e-02,4.7176394758e-03,9.8202221160e-01,9.9073350482e-01,8.7112932239e-03,9.0095617776e-03,1.1596716907e-04,1.5588332363e-02
25.000000,865.000,75.000000,210.000000,1.7085031814e-02,-1.3693515196e-02,5.5605388102e-03,9.8202221160e-01,9.9073350482e-01,8.7112932239e-03,8.8835919262e-03,5.0649950588e-05,1.5484297375e-02
25.000000,865.000,75.000000,215.000000,1.6962807610e-02,-1.3352139226e-02,6.3508841301e-03,9.8202221160e-01,9.9073350482e-01,8.7112932239e-03,8.7415675514e-03,1.9315838367e-05,1.5373524627e-02
25.000000,865.000,75.000000,220.000000,1.6839076075e-02,-1.2981808247e-02,7.0817898085e-03,9.8202221160e-01,9.9073350482e-01,8.7112932239e-03,8.5865759821e-03,6.4790825014e-06,1.5261385773e-02
25.000000,865.000,75.000000,225.000000,1.6720104338e-02,-1.2591279960e-02,7.7471600274e-03,9.8202221160e-01,9.9073350482e-01,8.7112932239e-03,8.4219352213e-03,1.9274445878e-06,1.5153560762e-02
25.000000,865.000,75.000000,230.000000,1.6612290190e-02,-1.2189651899e-02,8.3417513708e-03,9.8202221160e-01,9.9073350482e-01,8.7112932239e-03,8.2511037193e-03,5.1324277874e-07,1.5055847959e-02
25.000000,865.000,75.000000,235.000000,1.6521946499e-02,-1.1786106070e-02,8.8612181863e-03,9.8202221160e-01,9.9073350482e-01,8.7112932239e-03,8.0775870417e-03,1.2356933813e-07,1.4973968769e-02
25.000000,865.000,75.000000,240.000000,1.6455086297e-02,-1.1389652961e-02,9.3021402024e-03,9.8202221160e-01,9.9073350482e-01,8.7112932239e-03,7.9048441788e-03,2.7192929145e-08,1.4913372847e-02
25.000000,865.000,75.000000,245.000000,1.6417215194e-02,-1.1008882501e-02,9.6620323582e-03,9.8202221160e-01,9.9073350482e-01,8.7112932239e-03,7.7361962459e-03,5.5330957245e-09,1.4879049972e-02
25.000000,865.000,75.000000,250.000000,1.6413137661e-02,-1.0651729363e-02,9.9393372632e-03,9.8202221160e-01,9.9073350482e-01,8.7112932239e-03,7.5747402426e-03,1.0536987132e-09,1.4875354472e-02
25.000000,865.000,75.000000,255.000000,1.6446783236e-02,-1.0325259539e-02,1.0133401147e-02,9.8202221160e-01,9.9073350482e-01,8.7112932239e-03,7.4232703814e-03,1.9019025949e-10,1.4905847719e-02
25.000000,865.000,75.000000,260.000000,1.6521058168e-02,-1.0035484453e-02,1.0244434575e-02,9.8202221160e-01,9.9073350482e-01,8.7112932239e-03,7.2842092568e-03,3.2964521218e-11,1.4973163668e-02
25.000000,865.000,75.000000,265.000000,1.6637727209e-02,-9.7872080520e-03,1.0273459569e-02,9.8202221160e-01,9.9073350482e-01,8.7112932239e-03,7.1595508253e-03,5.5601571399e-12,1.5078901728e-02
25.000000,865.000,75.000000,270.000000,1.6797329390e-02,-9.5839112894e-03,1.0222245105e-02,9.8202221160e-01,9.9073350482e-01,8.7112932239e-03,7.0508168016e-03,9.2510704495e-13,1.5223550427e-02
25.000000,865.000,75.000000,275.000000,1.6999130559e-02,-9.4276772773e-03,1.0093233184e-02,9.8202221160e-01,9.9073350482e-01,8.7112932239e-03,6.9590276678e-03,1.5391733652e-13,1.5406444398e-02
25.000000,865.000,75.000000,280.000000,1.7241114370e-02,-9.3191591498e-03,9.8894578910e-03,9.8202221160e-01,9.9073350482e-01,8.7112932239e-03,6.8846890442e-03,2.5959616674e-14,1.5625756211e-02
25.000000,865.000,75.000000,285.000000,1.7520012228e-02,-9.2575913757e-03,9.6144599525e-03,9.8202221160e-01,9.9073350482e-01,8.7112932239e-03,6.8277937036e-03,4.4988643040e-15,1.5878523511e-02
25.000000,865.000,75.000000,290.000000,1.7831371521e-02,-9.2408439388e-03,9.2721993232e-03,9.8202221160e-01,9.9073350482e-01,8.7112932239e-03,6.7878390367e-03,8.1187700112e-16,1.6160710863e-02
25.000000,865.000,75.000000,295.000000,1.8169660307e-02,-9.2655175053e-03,8.8669683214e-03,9.8202221160e-01,9.9073350482e-01,8.7112932239e-03,6.7638593053e-03,1.5456670493e-16,1.6467304624e-02
25.000000,865.000,75.000000,300.000000,1.8528405498e-02,-9.3270764548e-03,8.4033076872e-03,9.8202221160e-01,9.9073350482e-01,8.7112932239e-03,6.7544715748e-03,3.1438368965e-17,1.6792438184e-02
25.000000,865.000,75.000000,305.000000,1.8900360577e-02,-9.4200155059e-03,7.8859277640e-03,9.8202221160e-01,9.9073350482e-01,8.7112932239e-03,6.7579338043e-03,6.9148928332e-18,1.7129543968e-02
25.000000,865.000,75.000000,310.000000,1.9277697976e-02,-9.5380546546e-03,7.3196367473e-03,9.8202221160e-01,9.9073350482e-01,8.7112932239e-03,6.7722132065e-03,1.6637901809e-18,1.7471527792e-02
25.000000,865.000,75.000000,315.000000,1.9652220471e-02,-9.6743562921e-03,6.7092776383e-03,9.8202221160e-01,9.9073350482e-01,8.7112932239e-03,6.7950626829e-03,4.4270123076e-19,1.7810960446e-02
25.000000,865.000,75.000000,320.000000,2.0015585380e-02,-9.8217577049e-03,6.0596751850e-03,9.8202221160e-01,9.9073350482e-01,8.7112932239e-03,6.8241029004e-03,1.3158382754e-19,1.8140280892e-02
25.000000,865.000,75.000000,325.000000,2.0359534933e-02,-9.9730117032e-03,5.3755937078e-03,9.8202221160e-01,9.9073350482e-01,8.7112932239e-03,6.8569074109e-03,4.4095060191e-20,1.8452005051e-02
25.000000,865.000,75.000000,330.000000,2.0676126010e-02,-1.0121027893e-02,4.6617062950e-03,9.8202221160e-01,9.9073350482e-01,8.7112932239e-03,6.8910881284e-03,1.6799390490e-20,1.8738934009e-02
25.000000,865.000,75.000000,335.000000,2.0957952396e-02,-1.0259107101e-02,3.9225754390e-03,9.8202221160e-01,9.9073350482e-01,8.7112932239e-03,6.9243784796e-03,7.3301058319e-21,1.8994355456e-02
25.000000,865.000,75.000000,340.000000,2.1198352972e-02,-1.0381161679e-02,3.1626447660e-03,9.8202221160e-01,9.9073350482e-01,8.7112932239e-03,6.9547116174e-03,3.6862830476e-21,1.9212232371e-02
25.000000,865.000,75.000000,345.000000,2.1391599640e-02,-1.0481914879e-02,2.3862411196e-03,9.8202221160e-01,9.9073350482e-01,8.7112932239e-03,6.9802912536e-03,2.1478680111e-21,1.9387373331e-02
25.000000,865.000,75.000000,350.000000,2.1533059364e-02,-1.0557073117e-02,1.5975858924e-03,9.8202221160e-01,9.9073350482e-01,8.7112932239e-03,6.9996528944e-03,1.4559890987e-21,1.9515579380e-02
25.000000,865.000,75.000000,355.000000,2.1619325521e-02,-1.0603465808e-02,8.0081417194e-04,9.8202221160e-01,9.9073350482e-01,8.7112932239e-03,7.0117135687e-03,1.1516746064e-21,1.9593763070e-02
25.000000,865.000,80.000000,0.000000,3.0101625730e-02,-1.6687644435e-02,1.7719038380e-18,9.8202221160e-01,9.9073350482e-01,8.7112932239e-03,7.1402617031e-03,1.1353116369e-25,2.7281337802e-02
25.000000,865.000,80.000000,5.000000,3.0062599634e-02,-1.6661883363e-02,-1.2613462840e-03,9.8202221160e-01,9.9073350482e-01,8.7112932239e-03,7.1345238221e-03,1.2462696329e-25,2.7245968147e-02
25.000000,865.000,80.000000,10.000000,2.9946535815e-02,-1.6585553384e-02,-2.5149806066e-03,9.8202221160e-01,9.9073350482e-01,8.7112932239e-03,7.1175516841e-03,1.6473798281e-25,2.7140778604e-02
25.000000,865.000,80.000000,15.000000,2.9756448158e-02,-1.6461483955e-02,-3.7531923441e-03,9.8202221160e-01,9.9073350482e-01,8.7112932239e-03,7.0900619548e-03,2.6165893937e-25,2.6968500680e-02
25.000000,865.000,80.000000,20.000000,2.9497262292e-02,-1.6294290897e-02,-4.9682752803e-03,9.8202221160e-01,9.9073350482e-01,8.7112932239e-03,7.0532231556e-03,4.9762748827e-25,2.6733598511e-02
25.000000,865.000,80.000000,25.000000,2.9175672395e-02,-1.6090229703e-02,-6.1525340754e-03,9.8202221160e-01,9.9073350482e-01,8.7112932239e-03,7.0086176224e-03,1.1276399903e-24,2.6442139084e-02
25.000000,865.000,80.000000,30.000000,2.8799946786e-02,-1.5856996528e-02,-7.2982956706e-03,9.8202221160e-01,9.9073350482e-01,8.7112932239e-03,6.9581899030e-03,3.0256896400e-24,2.6101616038e-02
25.000000,865.000,80.000000,35.000000,2.8379688133e-02,-1.5603482954e-02,-8.3979269731e-03,9.8202221160e-01,9.9073350482e-01,8.7112932239e-03,6.9041831893e-03,9.5410847852e-24,2.5720732348e-02
25.000000,865.000,80.000000,40.000000,2.7925555483e-02,-1.5339492094e-02,-9.4438599253e-03,9.8202221160e-01,9.9073350482e-01,8.7112932239e-03,6.8490657474e-03,3.5050063561e-23,2.5309148392e-02
25.000000,865.000,80.000000,45.000000,2.7448956455e-02,-1.5075424742e-02,-1.0428624771e-02,9.8202221160e-01,9.9073350482e-01,8.7112932239e-03,6.7954496248e-03,1.4852231462e-22,2.4877202981e-02
25.000000,865.000,80.000000,50.000000,2.6961718819e-02,-1.4821945240e-02,-1.1344892002e-02,9.8202221160e-01,9.9073350482e-01,8.7112932239e-03,6.7460041510e-03,7.1800880702e-22,2.4435615718e-02
25.000000,865.000,80.000000,55.000000,2.6475751314e-02,-1.4589637352e-02,-1.2185523125e-02,9.8202221160e-01,9.9073350482e-01,8.7112932239e-03,6.7033669139e-03,3.9128405418e-21,2.3995179583e-02
25.000000,865.000,80.000000,60.000000,2.6002703839e-02,-1.4388660744e-02,-1.2943630003e-02,9.8202221160e-01,9.9073350482e-01,8.7112932239e-03,6.6700549793e-03,2.3728684759e-20,2.3566452973e-02
25.000000,865.000,80.000000,65.000000,2.5553637198e-02,-1.4228418690e-02,-1.3612642186e-02,9.8202221160e-01,9.9073350482e-01,8.7112932239e-03,6.6483791136e-03,1.5794921302e-19,2.3159460379e-02
25.000000,865.000,80.000000,70.000000,2.5138712227e-02,-1.4117247269e-02,-1.4186381242e-02,9.8202221160e-01,9.9073350482e-01,8.7112932239e-03,6.6403636895e-03,1.1375228395e-18,2.2783410647e-02
25.000000,865.000,80.000000,75.000000,2.4766907581e-02,-1.4062135686e-02,-1.4659140804e-02,9.8202221160e-01,9.9073350482e-01,8.7112932239e-03,6.6476747822e-03,8.7312992404e-18,2.2446441202e-02
25.000000,865.000,80.000000,80.000000,2.4445774536e-02,-1.4068486427e-02,-1.5025770712e-02,9.8202221160e-01,9.9073350482e-01,8.7112932239e-03,6.6715587202e-03,7.0329993888e-17,2.2155395822e-02
25.000000,865.000,80.000000,85.000000,2.4181236056e-02,-1.4139922736e-02,-1.5281763368e-02,9.8202221160e-01,9.9073350482e-01,8.7112932239e-03,6.7127930402e-03,5.8512977250e-16,2.1915642537e-02
25.000000,865.000,80.000000,90.000000,2.3977436006e-02,-1.4278149480e-02,-1.5423340223e-02,9.8202221160e-01,9.9073350482e-01,8.7112932239e-03,6.7716514218e-03,4.9478023312e-15,2.1730936966e-02
25.000000,865.000,80.000000,95.000000,2.3836642886e-02,-1.4482871851e-02,-1.5447536146e-02,9.8202221160e-01,9.9073350482e-01,8.7112932239e-03,6.8478837532e-03,4.1837311290e-14,2.1603335064e-02
25.000000,865.000,80.000000,100.000000,2.3759210759e-02,-1.4751774607e-02,-1.5352279345e-02,9.8202221160e-01,9.9073350482e-01,8.7112932239e-03,6.9407120241e-03,3.4805385577e-13,2.1533157725e-02
25.000000,865.000,80.000000,105.000000,2.3743598361e-02,-1.5080562694e-02,-1.5136464493e-02,9.8202221160e-01,9.9073350482e-01,8.7112932239e-03,7.0488422580e-03,2.8031803355e-12,2.1519008087e-02
25.000000,865.000,80.000000,110.000000,2.3786445566e-02,-1.5463062263e-02,-1.4800016748e-02,9.8202221160e-01,9.9073350482e-01,8.7112932239e-03,7.1704922105e-03,2.1511583645e-11,2.1557840842e-02
25.000000,865.000,80.000000,115.000000,2.3882704661e-02,-1.5891379204e-02,-1.4343944506e-02,9.8202221160e-01,9.9073350482e-01,8.7112932239e-03,7.3034340816e-03,1.5486840419e-10,2.1645081209e-02
25.000000,865.000,80.000000,120.000000,2.4025822232e-02,-1.6356110644e-02,-1.3770378885e-02,9.8202221160e-01,9.9073350482e-01,8.7112932239e-03,7.4450510305e-03,1.0303500968e-09,2.1774789779e-02
25.000000,865.000,80.000000,125.000000,2.4207965899e-02,-1.6846603157e-02,-1.3082598222e-02,9.8202221160e-01,9.9073350482e-01,8.7112932239e-03,7.5924058604e-03,6.2439935820e-09,2.1939868003e-02
25.000000,865.000,80.000000,130.000000,2.4420288813e-02,-1.7351250078e-02,-1.2285036142e-02,9.8202221160e-01,9.9073350482e-01,8.7112932239e-03,7.7423198695e-03,3.3996266742e-08,2.2132297913e-02
25.000000,865.000,80.000000,135.000000,2.4653223675e-02,-1.7857819074e-02,-1.1383272149e-02,9.8202221160e-01,9.9073350482e-01,8.7112932239e-03,7.8914595512e-03,1.6416687563e-07,2.2343408592e-02
25.000000,865.000,80.000000,140.000000,2.4896797143e-02,-1.8353800220e-02,-1.0384004065e-02,9.8202221160e-01,9.9073350482e-01,8.7112932239e-03,8.0364285843e-03,6.9474112370e-07,2.2564161123e-02
25.000000,865.000,80.000000,145.000000,2.5140954913e-02,-1.8826764169e-02,-9.2950020701e-03,9.8202221160e-01,9.9073350482e-01,8.7112932239e-03,8.1738623886e-03,2.5485035895e-06,2.2785443211e-02
25.000000,865.000,80.000000,150.000000,2.5375887402e-02,-1.9264719716e-02,-8.1250445521e-03,9.8202221160e-01,9.9073350482e-01,8.7112932239e-03,8.3005224393e-03,8.0240605092e-06,2.2998364355e-02
25.000000,865.000,80.000000,155.000000,2.5592346006e-02,-1.9656460034e-02,-6.8838363949e-03,9.8202221160e-01,9.9073350482e-01,8.7112932239e-03,8.4133875346e-03,2.1497290592e-05,2.3194542473e-02
25.000000,865.000,80.000000,160.000000,2.5781940175e-02,-1.9991887203e-02,-5.5819107868e-03,9.8202221160e-01,9.9073350482e-01,8.7112932239e-03,8.5097392966e-03,4.8643664465e-05,2.3366373145e-02
25.000000,865.000,80.000000,165.000000,2.5937406158e-02,-2.0262305296e-02,-4.2305160334e-03,9.8202221160e-01,9.9073350482e-01,8.7112932239e-03,8.5872393571e-03,9.2396267032e-05,2.3507273177e-02
25.000000,865.000,80.000000,170.000000,2.6052839148e-02,-2.0460673215e-02,-2.8414892398e-03,9.8202221160e-01,9.9073350482e-01,8.7112932239e-03,8.6439959237e-03,1.4661471598e-04,2.3611890994e-02
25.000000,865.000,80.000000,175.000000,2.6123881683e-02,-2.0581809681e-02,-1.4271190616e-03,9.8202221160e-01,9.9073350482e-01,8.7112932239e-03,8.6786177366e-03,1.9368422082e-04,2.3676277397e-02
25.000000,865.000,80.000000,180.000000,2.6147862516e-02,-2.0622544236e-02,-4.0114500185e-18,9.8202221160e-01,9.9073350482e-01,8.7112932239e-03,8.6902538055e-03,2.1256924023e-04,2.3698011413e-02
25.000000,865.000,80.000000,185.000000,2.6123881683e-02,-2.0581809681e-02,1.4271190616e-03,9.8202221160e-01,9.9073350482e-01,8.7112932239e-03,8.6786177366e-03,1.9368422082e-04,2.3676277397e-02
25.000000,865.000,80.000000,190.000000,2.6052839148e-02,-2.0460673215e-02,2.8414892398e-03,9.8202221160e-01,9.9073350482e-01,8.7112932239e-03,8.6439959237e-03,1.4661471598e-04,2.3611890994e-02
25.000000,865.000,80.000000,195.000000,2.5937406158e-02,-2.0262305296e-02,4.2305160334e-03,9.8202221160e-01,9.9073350482e-01,8.7112932239e-03,8.5872393571e-03,9.2396267032e-05,2.3507273177e-02
25.000000,865.000,80.000000,200.000000,2.5781940175e-02,-1.9991887203e-02,5.5819107868e-03,9.8202221160e-01,9.9073350482e-01,8.7112932239e-03,8.5097392966e-03,4.8643664465e-05,2.3366373145e-02
25.000000,865.000,80.000000,205.000000,2.5592346006e-02,-1.9656460034e-02,6.8838363949e-03,9.8202221160e-01,9.9073350482e-01,8.7112932239e-03,8.4133875346e-03,2.1497290592e-05,2.3194542473e-02
25.000000,865.000,80.000000,210.000000,2.5375887402e-02,-1.9264719716e-02,8.1250445521e-03,9.8202221160e-01,9.9073350482e-01,8.7112932239e-03,8.3005224393e-03,8.0240605092e-06,2.2998364355e-02
25.000000,865.000,80.000000,215.000000,2.5140954913e-02,-1.8826764169e-02,9.2950020701e-03,9.8202221160e-01,9.9073350482e-01,8.7112932239e-03,8.1738623886e-03,2.5485035895e-06,2.2785443211e-02
25.000000,865.000,80.000000,220.000000,2.4896797143e-02,-1.8353800220e-02,1.0384004065e-02,9.8202221160e-01,9.9073350482e-01,8.7112932239e-03,8.0364285843e-03,6.9474112370e-07,2.2564161123e-02
25.000000,865.000,80.000000,225.000000,2.4653223675e-02,-1.7857819074e-02,1.1383272149e-02,9.8202221160e-01,9.9073350482e-01,8.7112932239e-03,7.8914595512e-03,1.6416687563e-07,2.2343408592e-02
25.000000,865.000,80.000000,230.000000,2.4420288813e-02,-1.7351250078e-02,1.2285036142e-02,9.8202221160e-01,9.9073350482e-01,8.7112932239e-03,7.7423198695e-03,3.3996266742e-08,2.2132297913e-02
25.000000,865.000,80.000000,235.000000,2.4207965899e-02,-1.6846603157e-02,1.3082598222e-02,9.8202221160e-01,9.9073350482e-01,8.7112932239e-03,7.5924058604e-03,6.2439935820e-09,2.1939868003e-02
25.000000,865.000,80.000000,240.000000,2.4025822232e-02,-1.6356110644e-02,1.3770378885e-02,9.8202221160e-01,9.9073350482e-01,8.7112932239e-03,7.4450510305e-03,1.0303500968e-09,2.1774789779e-02
25.000000,865.000,80.000000,245.000000,2.3882704661e-02,-1.5891379204e-02,1.4343944506e-02,9.8202221160e-01,9.9073350482e-01,8.7112932239e-03,7.3034340816e-03,1.5486840419e-10,2.1645081209e-02
25.000000,865.000,80.000000,250.000000,2.3786445566e-02,-1.5463062263e-02,1.4800016748e-02,9.8202221160e-01,9.9073350482e-01,8.7112932239e-03,7.1704922105e-03,2.1511583645e-11,2.1557840842e-02
25.000000,865.000,80.000000,255.000000,2.3743598361e-02,-1.5080562694e-02,1.5136464493e-02,9.8202221160e-01,9.9073350482e-01,8.7112932239e-03,7.0488422580e-03,2.8031803355e-12,2.1519008087e-02
25.000000,865.000,80.000000,260.000000,2.3759210759e-02,-1.4751774607e-02,1.5352279345e-02,9.8202221160e-01,9.9073350482e-01,8.7112932239e-03,6.9407120241e-03,3.4805385577e-13,2.1533157725e-02
25.000000,865.000,80.000000,265.000000,2.3836642886e-02,-1.4482871851e-02,1.5447536146e-02,9.8202221160e-01,9.9073350482e-01,8.7112932239e-03,6.8478837532e-03,4.1837311290e-14,2.1603335064e-02
25.000000,865.000,80.000000,270.000000,2.3977436006e-02,-1.4278149480e-02,1.5423340223e-02,9.8202221160e-01,9.9073350482e-01,8.7112932239e-03,6.7716514218e-03,4.9478023312e-15,2.1730936966e-02
25.000000,865.000,80.000000,275.000000,2.4181236056e-02,-1.4139922736e-02,1.5281763368e-02,9.8202221160e-01,9.9073350482e-01,8.7112932239e-03,6.7127930402e-03,5.8512977250e-16,2.1915642537e-02
25.000000,865.000,80.000000,280.000000,2.4445774536e-02,-1.4068486427e-02,1.5025770712e-02,9.8202221160e-01,9.9073350482e-01,8.7112932239e-03,6.6715587202e-03,7.0329993888e-17,2.2155395822e-02
25.000000,865.000,80.000000,285.000000,2.4766907581e-02,-1.4062135686e-02,1.4659140804e-02,9.8202221160e-01,9.9073350482e-01,8.7112932239e-03,6.6476747822e-03,8.7312992404e-18,2.2446441202e-02
25.000000,865.000,80.000000,290.000000,2.5138712227e-02,-1.4117247269e-02,1.4186381242e-02,9.8202221160e-01,9.9073350482e-01,8.7112932239e-03,6.6403636895e-03,1.1375228395e-18,2.2783410647e-02
25.000000,865.000,80.000000,295.000000,2.5553637198e-02,-1.4228418690e-02,1.3612642186e-02,9.8202221160e-01,9.9073350482e-01,8.7112932239e-03,6.6483791136e-03,1.5794921302e-19,2.3159460379e-02
25.000000,865.000,80.000000,300.000000,2.6002703839e-02,-1.4388660744e-02,1.2943630003e-02,9.8202221160e-01,9.9073350482e-01,8.7112932239e-03,6.6700549793e-03,2.3728684759e-20,2.3566452973e-02
25.000000,865.000,80.000000,305.000000,2.6475751314e-02,-1.4589637352e-02,1.2185523125e-02,9.8202221160e-01,9.9073350482e-01,8.7112932239e-03,6.7033669139e-03,3.9128405418e-21,2.3995179583e-02
25.000000,865.000,80.000000,310.000000,2.6961718819e-02,-1.4821945240e-02,1.1344892002e-02,9.8202221160e-01,9.9073350482e-01,8.7112932239e-03,6.7460041510e-03,7.1800880702e-22,2.4435615718e-02
25.000000,865.000,80.000000,315.000000,2.7448956455e-02,-1.5075424742e-02,1.0428624771e-02,9.8202221160e-01,9.9073350482e-01,8.7112932239e-03,6.7954496248e-03,1.4852231462e-22,2.4877202981e-02
25.000000,865.000,80.000000,320.000000,2.7925555483e-02,-1.5339492094e-02,9.4438599253e-03,9.8202221160e-01,9.9073350482e-01,8.7112932239e-03,6.8490657474e-03,3.5050063561e-23,2.5309148392e-02
25.000000,865.000,80.000000,325.000000,2.8379688133e-02,-1.5603482954e-02,8.3979269731e-03,9.8202221160e-01,9.9073350482e-01,8.7112932239e-03,6.9041831893e-03,9.5410847852e-24,2.5720732348e-02
25.000000,865.000,80.000000,330.000000,2.8799946786e-02,-1.5856996528e-02,7.2982956706e-03,9.8202221160e-01,9.9073350482e-01,8.7112932239e-03,6.9581899030e-03,3.0256896400e-24,2.6101616038e-02
25.000000,865.000,80.000000,335.000000,2.9175672395e-02,-1.6090229703e-02,6.1525340754e-03,9.8202221160e-01,9.9073350482e-01,8.7112932239e-03,7.0086176224e-03,1.1276399903e-24,2.6442139084e-02
25.000000,865.000,80.000000,340.000000,2.9497262292e-02,-1.6294290897e-02,4.9682752803e-03,9.8202221160e-01,9.9073350482e-01,8.7112932239e-03,7.0532231556e-03,4.9762748827e-25,2.6733598511e-02
25.000000,865.000,80.000000,345.000000,2.9756448158e-02,-1.6461483955e-02,3.7531923441e-03,9.8202221160e-01,9.9073350482e-01,8.7112932239e-03,7.0900619548e-03,2.6165893937e-25,2.6968500680e-02
25.000000,865.000,80.000000,350.000000,2.9946535815e-02,-1.6585553384e-02,2.5149806066e-03,9.8202221160e-01,9.9073350482e-01,8.7112932239e-03,7.1175516841e-03,1.6473798281e-25,2.7140778604e-02
25.000000,865.000,80.000000,355.000000,3.0062599634e-02,-1.6661883363e-02,1.2613462840e-03,9.8202221160e-01,9.9073350482e-01,8.7112932239e-03,7.1345238221e-03,1.2462696329e-25,2.7245968147e-02
25.000000,865.000,85.000000,0.000000,5.2143528623e-02,-3.1783086940e-02,3.4294375830e-18,9.8202221160e-01,9.9073350482e-01,8.7112932239e-03,7.8893960445e-03,1.5065832216e-30,4.7258086034e-02
25.000000,865.000,85.000000,5.000000,5.2079233707e-02,-3.1731157134e-02,-2.4409388733e-03,9.8202221160e-01,9.9073350482e-01,8.7112932239e-03,7.8814216270e-03,1.6847388064e-30,4.7199815051e-02
25.000000,865.000,85.000000,10.000000,5.1888149665e-02,-3.1577097845e-02,-4.8649373711e-03,9.8202221160e-01,9.9073350482e-01,8.7112932239e-03,7.8577728612e-03,2.3538612245e-30,4.7026634097e-02
25.000000,865.000,85.000000,15.000000,5.1575625065e-02,-3.1326045724e-02,-7.2551343160e-03,9.8202221160e-01,9.9073350482e-01,8.7112932239e-03,7.8192646219e-03,4.0985532106e-30,4.6743390618e-02
25.000000,865.000,85.000000,20.000000,5.1150397302e-02,-3.0986384408e-02,-9.5948278346e-03,9.8202221160e-01,9.9073350482e-01,8.7112932239e-03,7.7672266793e-03,8.8561647944e-30,4.6358003385e-02
25.000000,865.000,85.000000,25.000000,5.0624332894e-02,-3.0569484033e-02,-1.1867557227e-02,9.8202221160e-01,9.9073350482e-01,8.7112932239e-03,7.7034620793e-03,2.3608897110e-29,4.5881227115e-02
25.000000,865.000,85.000000,30.000000,5.0012074939e-02,-3.0089347772e-02,-1.4057187353e-02,9.8202221160e-01,9.9073350482e-01,8.7112932239e-03,7.6301906698e-03,7.7068243790e-29,4.5326332963e-02
25.000000,865.000,85.000000,35.000000,4.9330608403e-02,-2.9562176188e-02,-1.6147996131e-02,9.8202221160e-01,9.9073350482e-01,8.7112932239e-03,7.5499795030e-03,3.0530244848e-28,4.4708714535e-02
25.000000,865.000,85.000000,40.000000,4.8598756352e-02,-2.9005862720e-02,-1.8124765560e-02,9.8202221160e-01,9.9073350482e-01,8.7112932239e-03,7.4656622431e-03,1.4523997192e-27,4.4045431322e-02
25.000000,865.000,85.000000,45.000000,4.7836622355e-02,-2.8439435727e-02,-1.9972876445e-02,9.8202221160e-01,9.9073350482e-01,8.7112932239e-03,7.3802500497e-03,8.1994510064e-27,4.3354703346e-02
25.000000,865.000,85.000000,50.000000,4.7064995886e-02,-2.7882464148e-02,-2.1678406734e-02,9.8202221160e-01,9.9073350482e-01,8.7112932239e-03,7.2968366661e-03,5.4212961920e-26,4.2655372268e-02
25.000000,865.000,85.000000,55.000000,4.6304738659e-02,-2.7354444958e-02,-2.3228233122e-02,9.8202221160e-01,9.9073350482e-01,8.7112932239e-03,7.2185006235e-03,4.1380643164e-25,4.1966345223e-02
25.000000,865.000,85.000000,60.000000,4.5576170424e-02,-2.6874191180e-02,-2.4610135284e-02,9.8202221160e-01,9.9073350482e-01,8.7112932239e-03,7.1482075608e-03,3.5904557918e-24,4.1306038159e-02
25.000000,865.000,85.000000,65.000000,4.4898472721e-02,-2.6459239182e-02,-2.5812901792e-02,9.8202221160e-01,9.9073350482e-01,8.7112932239e-03,7.0887156596e-03,3.4835341072e-23,4.0691835453e-02
25.000000,865.000,85.000000,70.000000,4.4289128550e-02,-2.6125293433e-02,-2.6826436541e-02,9.8202221160e-01,9.9073350482e-01,8.7112932239e-03,7.0424871014e-03,3.7144952579e-22,4.0139582086e-02
25.000000,865.000,85.000000,75.000000,4.3763414820e-02,-2.5885725773e-02,-2.7641864217e-02,9.8202221160e-01,9.9073350482e-01,8.7112932239e-03,7.0116082745e-03,4.2753097096e-21,3.9663123639e-02
25.000000,865.000,85.000000,80.000000,4.3333962807e-02,-2.5751144564e-02,-2.8251633141e-02,9.8202221160e-01,9.9073350482e-01,8.7112932239e-03,6.9977211911e-03,5.2137285804e-20,3.9273907935e-02
25.000000,865.000,85.000000,85.000000,4.3010399795e-02,-2.5729047029e-02,-2.8649613637e-02,9.8202221160e-01,9.9073350482e-01,8.7112932239e-03,7.0019682395e-03,6.6095828345e-19,3.8980660257e-02
25.000000,865.000,85.000000,90.000000,4.2799082596e-02,-2.5823565511e-02,-2.8831189918e-02,9.8202221160e-01,9.9073350482e-01,8.7112932239e-03,7.0249519905e-03,8.5436772940e-18,3.8789141834e-02
25.000000,865.000,85.000000,95.000000,4.2702930844e-02,-2.6035315578e-02,-2.8793343434e-02,9.8202221160e-01,9.9073350482e-01,8.7112932239e-03,7.0667113204e-03,1.1043148268e-16,3.8701998753e-02
25.000000,865.000,85.000000,100.000000,4.2721364929e-02,-2.6361350773e-02,-2.8534725578e-02,9.8202221160e-01,9.9073350482e-01,8.7112932239e-03,7.1267146190e-03,1.3997361179e-15,3.8718705708e-02
25.000000,865.000,85.000000,105.000000,4.2850350256e-02,-2.6795225604e-02,-2.8055717672e-02,9.8202221160e-01,9.9073350482e-01,8.7112932239e-03,7.2038703316e-03,1.7064476223e-14,3.8835606114e-02
25.000000,865.000,85.000000,110.000000,4.3082546271e-02,-2.7327165044e-02,-2.7358476287e-02,9.8202221160e-01,9.9073350482e-01,8.7112932239e-03,7.2965545573e-03,1.9631201397e-13,3.9046047171e-02
25.000000,865.000,85.000000,115.000000,4.3407555548e-02,-2.7944335603e-02,-2.6446962072e-02,9.8202221160e-01,9.9073350482e-01,8.7112932239e-03,7.4026549075e-03,2.0917580144e-12,3.9340605609e-02
25.000000,865.000,85.000000,120.000000,4.3812265137e-02,-2.8631209932e-02,-2.5326950496e-02,9.8202221160e-01,9.9073350482e-01,8.7112932239e-03,7.5196293335e-03,2.0274215136e-11,3.9707397061e-02
25.000000,865.000,85.000000,125.000000,4.4281269641e-02,-2.9370014066e-02,-2.4006023198e-02,9.8202221160e-01,9.9073350482e-01,8.7112932239e-03,7.6445781770e-03,1.7567847405e-10,4.0132459496e-02
25.000000,865.000,85.000000,130.000000,4.4797362959e-02,-3.0141243915e-02,-2.2493538916e-02,9.8202221160e-01,9.9073350482e-01,8.7112932239e-03,7.7743272930e-03,1.3387073991e-09,4.0600198889e-02
25.000000,865.000,85.000000,135.000000,4.5342083575e-02,-3.0924235475e-02,-2.0800583356e-02,9.8202221160e-01,9.9073350482e-01,8.7112932239e-03,7.9055197580e-03,8.8334512261e-09,4.1093883425e-02
25.000000,865.000,85.000000,140.000000,4.5896296664e-02,-3.1697771623e-02,-1.8939897743e-02,9.8202221160e-01,9.9073350482e-01,8.7112932239e-03,8.0347134132e-03,4.9753729308e-08,4.1596171063e-02
25.000000,865.000,85.000000,145.000000,4.6440795158e-02,-3.2440707193e-02,-1.6925786207e-02,9.8202221160e-01,9.9073350482e-01,8.7112932239e-03,8.1584813118e-03,2.3609167585e-07,4.2089654288e-02
25.000000,865.000,85.000000,150.000000,4.6956901362e-02,-3.3132593520e-02,-1.4774002565e-02,9.8202221160e-01,9.9073350482e-01,8.7112932239e-03,8.2735120512e-03,9.3279129677e-07,4.2557405359e-02
25.000000,865.000,85.000000,155.000000,4.7427050699e-02,-3.3754283587e-02,-1.2501617507e-02,9.8202221160e-01,9.9073350482e-01,8.7112932239e-03,8.3767069690e-03,3.0369847706e-06,4.2983505365e-02
25.000000,865.000,85.000000,160.000000,4.7835339738e-02,-3.4288499520e-02,-1.0126867581e-02,9.8202221160e-01,9.9073350482e-01,8.7112932239e-03,8.4652712773e-03,8.0762120227e-06,4.3353540900e-02
25.000000,865.000,85.000000,165.000000,4.8168021721e-02,-3.4720345304e-02,-7.6689877713e-03,9.8202221160e-01,9.9073350482e-01,8.7112932239e-03,8.5367963873e-03,1.7414206277e-05,4.3655053172e-02
25.000000,865.000,85.000000,170.000000,4.8413934460e-02,-3.5037749223e-02,-5.1480298073e-03,9.8202221160e-01,9.9073350482e-01,8.7112932239e-03,8.5893309440e-03,3.0272191706e-05,4.3877925802e-02
25.000000,865.000,85.000000,175.000000,4.8564847516e-02,-3.5231822664e-02,-2.5846686699e-03,9.8202221160e-01,9.9073350482e-01,8.7112932239e-03,8.6214384284e-03,4.2251669998e-05,4.4014699480e-02
25.000000,865.000,85.000000,180.000000,4.8615718048e-02,-3.5297124443e-02,-7.2643346134e-18,9.8202221160e-01,9.9073350482e-01,8.7112932239e-03,8.6322395898e-03,4.7231312730e-05,4.4060803839e-02
25.000000,865.000,85.000000,185.000000,4.8564847516e-02,-3.5231822664e-02,2.5846686699e-03,9.8202221160e-01,9.9073350482e-01,8.7112932239e-03,8.6214384284e-03,4.2251669998e-05,4.4014699480e-02
25.000000,865.000,85.000000,190.000000,4.8413934460e-02,-3.5037749223e-02,5.1480298073e-03,9.8202221160e-01,9.9073350482e-01,8.7112932239e-03,8.5893309440e-03,3.0272191706e-05,4.3877925802e-02
25.000000,865.000,85.000000,195.000000,4.8168021721e-02,-3.4720345304e-02,7.6689877713e-03,9.8202221160e-01,9.9073350482e-01,8.7112932239e-03,8.5367963873e-03,1.7414206277e-05,4.3655053172e-02
25.000000,865.000,85.000000,200.000000,4.7835339738e-02,-3.4288499520e-02,1.0126867581e-02,9.8202221160e-01,9.9073350482e-01,8.7112932239e-03,8.4652712773e-03,8.0762120227e-06,4.3353540900e-02
25.000000,865.000,85.000000,205.000000,4.7427050699e-02,-3.3754283587e-02,1.2501617507e-02,9.8202221160e-01,9.9073350482e-01,8.7112932239e-03,8.3767069690e-03,3.0369847706e-06,4.2983505365e-02
25.000000,865.000,85.000000,210.000000,4.6956901362e-02,-3.3132593520e-02,1.4774002565e-02,9.8202221160e-01,9.9073350482e-01,8.7112932239e-03,8.2735120512e-03,9.3279129677e-07,4.2557405359e-02
25.000000,865.000,85.000000,215.000000,4.6440795158e-02,-3.2440707193e-02,1.6925786207e-02,9.8202221160e-01,9.9073350482e-01,8.7112932239e-03,8.1584813118e-03,2.3609167585e-07,4.2089654288e-02
25.000000,865.000,85.000000,220.000000,4.5896296664e-02,-3.1697771623e-02,1.8939897743e-02,9.8202221160e-01,9.9073350482e-01,8.7112932239e-03,8.0347134132e-03,4.9753729308e-08,4.1596171063e-02
25.000000,865.000,85.000000,225.000000,4.5342083575e-02,-3.0924235475e-02,2.0800583356e-02,9.8202221160e-01,9.9073350482e-01,8.7112932239e-03,7.9055197580e-03,8.8334512261e-09,4.1093883425e-02
25.000000,865.000,85.000000,230.000000,4.4797362959e-02,-3.0141243915e-02,2.2493538916e-02,9.8202221160e-01,9.9073350482e-01,8.7112932239e-03,7.7743272930e-03,1.3387073991e-09,4.0600198889e-02
25.000000,865.000,85.000000,235.000000,4.4281269641e-02,-2.9370014066e-02,2.4006023198e-02,9.8202221160e-01,9.9073350482e-01,8.7112932239e-03,7.6445781770e-03,1.7567847405e-10,4.0132459496e-02
25.000000,865.000,85.000000,240.000000,4.3812265137e-02,-2.8631209932e-02,2.5326950496e-02,9.8202221160e-01,9.9073350482e-01,8.7112932239e-03,7.5196293335e-03,2.0274215136e-11,3.9707397061e-02
25.000000,865.000,85.000000,245.000000,4.3407555548e-02,-2.7944335603e-02,2.6446962072e-02,9.8202221160e-01,9.9073350482e-01,8.7112932239e-03,7.4026549075e-03,2.0917580144e-12,3.9340605609e-02
25.000000,865.000,85.000000,250.000000,4.3082546271e-02,-2.7327165044e-02,2.7358476287e-02,9.8202221160e-01,9.9073350482e-01,8.7112932239e-03,7.2965545573e-03,1.9631201397e-13,3.9046047171e-02
25.000000,865.000,85.000000,255.000000,4.2850350256e-02,-2.6795225604e-02,2.8055717672e-02,9.8202221160e-01,9.9073350482e-01,8.7112932239e-03,7.2038703316e-03,1.7064476223e-14,3.8835606114e-02
25.000000,865.000,85.000000,260.000000,4.2721364929e-02,-2.6361350773e-02,2.8534725578e-02,9.8202221160e-01,9.9073350482e-01,8.7112932239e-03,7.1267146190e-03,1.3997361179e-15,3.8718705708e-02
25.000000,865.000,85.000000,265.000000,4.2702930844e-02,-2.6035315578e-02,2.8793343434e-02,9.8202221160e-01,9.9073350482e-01,8.7112932239e-03,7.0667113204e-03,1.1043148268e-16,3.8701998753e-02
25.000000,865.000,85.000000,270.000000,4.2799082596e-02,-2.5823565511e-02,2.8831189918e-02,9.8202221160e-01,9.9073350482e-01,8.7112932239e-03,7.0249519905e-03,8.5436772940e-18,3.8789141834e-02
25.000000,865.000,85.000000,275.000000,4.3010399795e-02,-2.5729047029e-02,2.8649613637e-02,9.8202221160e-01,9.9073350482e-01,8.7112932239e-03,7.0019682395e-03,6.6095828345e-19,3.8980660257e-02
25.000000,865.000,85.000000,280.000000,4.3333962807e-02,-2.5751144564e-02,2.8251633141e-02,9.8202221160e-01,9.9073350482e-01,8.7112932239e-03,6.9977211911e-03,5.2137285804e-20,3.9273907935e-02
25.000000,865.000,85.000000,285.000000,4.3763414820e-02,-2.5885725773e-02,2.7641864217e-02,9.8202221160e-01,9.9073350482e-01,8.7112932239e-03,7.0116082745e-03,4.2753097096e-21,3.9663123639e-02
25.000000,865.000,85.000000,290.000000,4.4289128550e-02,-2.6125293433e-02,2.6826436541e-02,9.8202221160e-01,9.9073350482e-01,8.7112932239e-03,7.0424871014e-03,3.7144952579e-22,4.0139582086e-02
25.000000,865.000,85.000000,295.000000,4.4898472721e-02,-2.6459239182e-02,2.5812901792e-02,9.8202221160e-01,9.9073350482e-01,8.7112932239e-03,7.0887156596e-03,3.4835341072e-23,4.0691835453e-02
25.000000,865.000,85.000000,300.000000,4.5576170424e-02,-2.6874191180e-02,2.4610135284e-02,9.8202221160e-01,9.9073350482e-01,8.7112932239e-03,7.1482075608e-03,3.5904557918e-24,4.1306038159e-02
25.000000,865.000,85.000000,305.000000,4.6304738659e-02,-2.7354444958e-02,2.3228233122e-02,9.8202221160e-01,9.9073350482e-01,8.7112932239e-03,7.2185006235e-03,4.1380643164e-25,4.1966345223e-02
25.000000,865.000,85.000000,310.000000,4.7064995886e-02,-2.7882464148e-02,2.1678406734e-02,9.8202221160e-01,9.9073350482e-01,8.7112932239e-03,7.2968366661e-03,5.4212961920e-26,4.2655372268e-02
25.000000,865.000,85.000000,315.000000,4.7836622355e-02,-2.8439435727e-02,1.9972876445e-02,9.8202221160e-01,9.9073350482e-01,8.7112932239e-03,7.3802500497e-03,8.1994510064e-27,4.3354703346e-02
25.000000,865.000,85.000000,320.000000,4.8598756352e-02,-2.9005862720e-02,1.8124765560e-02,9.8202221160e-01,9.9073350482e-01,8.7112932239e-03,7.4656622431e-03,1.4523997192e-27,4.4045431322e-02
25.000000,865.000,85.000000,325.000000,4.9330608403e-02,-2.9562176188e-02,1.6147996131e-02,9.8202221160e-01,9.9073350482e-01,8.7112932239e-03,7.5499795030e-03,3.0530244848e-28,4.4708714535e-02
25.000000,865.000,85.000000,330.000000,5.0012074939e-02,-3.0089347772e-02,1.4057187353e-02,9.8202221160e-01,9.9073350482e-01,8.7112932239e-03,7.6301906698e-03,7.7068243790e-29,4.5326332963e-02
25.000000,865.000,85.000000,335.000000,5.0624332894e-02,-3.0569484033e-02,1.1867557227e-02,9.8202221160e-01,9.9073350482e-01,8.7112932239e-03,7.7034620793e-03,2.3608897110e-29,4.5881227115e-02
25.000000,865.000,85.000000,340.000000,5.1150397302e-02,-3.0986384408e-02,9.5948278346e-03,9.8202221160e-01,9.9073350482e-01,8.7112932239e-03,7.7672266793e-03,8.8561647944e-30,4.6358003385e-02
25.000000,865.000,85.000000,345.000000,5.1575625065e-02,-3.1326045724e-02,7.2551343160e-03,9.8202221160e-01,9.9073350482e-01,8.7112932239e-03,7.8192646219e-03,4.0985532106e-30,4.6743390618e-02
25.000000,865.000,85.000000,350.000000,5.1888149665e-02,-3.1577097845e-02,4.8649373711e-03,9.8202221160e-01,9.9073350482e-01,8.7112932239e-03,7.8577728612e-03,2.3538612245e-30,4.7026634097e-02
25.000000,865.000,85.000000,355.000000,5.2079233707e-02,-3.1731157134e-02,2.4409388733e-03,9.8202221160e-01,9.9073350482e-01,8.7112932239e-03,7.8814216270e-03,1.6847388064e-30,4.7199815051e-02
