# OCRT layered gas absorption cross section, 1 nm wavelength bins
# Gas: CO2
# Spectral range: 330-1100 nm, 1 nm; 40 AFGL US76 levels
# n_layers = 40
# 330-349 nm: explicit zeros; clean HITRAN line list contains no transitions in the UV interval including 25 cm^-1 wing margin.
# 350-1100 nm: validated canonical v6 LUT preserved exactly.
# Units: cm^2/molecule
# Layer order: ascending z_km (layer 0 = ground, layer 39 = TOA)
# layer  0: z=  0.000 km T= 288.150 K P=1.0132500e+03 mbar
# layer  1: z=  0.500 km T= 284.900 K P=9.5429000e+02 mbar
# layer  2: z=  1.000 km T= 281.650 K P=8.9876000e+02 mbar
# layer  3: z=  1.500 km T= 278.400 K P=8.4529500e+02 mbar
# layer  4: z=  2.000 km T= 275.150 K P=7.9501000e+02 mbar
# layer  5: z=  2.500 km T= 271.900 K P=7.4663800e+02 mbar
# layer  6: z=  3.000 km T= 268.650 K P=7.0121000e+02 mbar
# layer  7: z=  3.500 km T= 265.400 K P=6.5754600e+02 mbar
# layer  8: z=  4.000 km T= 262.150 K P=6.1660000e+02 mbar
# layer  9: z=  4.500 km T= 258.900 K P=5.7728700e+02 mbar
# layer 10: z=  5.000 km T= 255.650 K P=5.4048000e+02 mbar
# layer 11: z=  5.500 km T= 252.400 K P=5.0517200e+02 mbar
# layer 12: z=  6.000 km T= 249.150 K P=4.7217000e+02 mbar
# layer 13: z=  6.500 km T= 245.900 K P=4.4055100e+02 mbar
# layer 14: z=  7.000 km T= 242.650 K P=4.1105000e+02 mbar
# layer 15: z=  7.500 km T= 239.400 K P=3.8281000e+02 mbar
# layer 16: z=  8.000 km T= 236.150 K P=3.5651000e+02 mbar
# layer 17: z=  9.000 km T= 229.650 K P=3.0800000e+02 mbar
# layer 18: z= 10.000 km T= 223.150 K P=2.6499000e+02 mbar
# layer 19: z= 11.000 km T= 216.650 K P=2.2700000e+02 mbar
# layer 20: z= 12.000 km T= 216.650 K P=1.9399000e+02 mbar
# layer 21: z= 13.000 km T= 216.650 K P=1.6579000e+02 mbar
# layer 22: z= 14.000 km T= 216.650 K P=1.4170000e+02 mbar
# layer 23: z= 15.000 km T= 216.650 K P=1.2111000e+02 mbar
# layer 24: z= 16.000 km T= 216.650 K P=1.0352000e+02 mbar
# layer 25: z= 18.000 km T= 216.650 K P=7.5652000e+01 mbar
# layer 26: z= 20.000 km T= 216.650 K P=5.5293000e+01 mbar
# layer 27: z= 22.000 km T= 218.550 K P=4.0475000e+01 mbar
# layer 28: z= 24.000 km T= 220.550 K P=2.9717000e+01 mbar
# layer 29: z= 26.000 km T= 222.770 K P=2.1898300e+01 mbar
# layer 30: z= 28.000 km T= 226.300 K P=1.6171700e+01 mbar
# layer 31: z= 30.000 km T= 232.500 K P=1.1970000e+01 mbar
# layer 32: z= 33.000 km T= 241.410 K P=7.4951300e+00 mbar
# layer 33: z= 37.000 km T= 252.690 K P=4.3717600e+00 mbar
# layer 34: z= 42.000 km T= 268.960 K P=2.2014100e+00 mbar
# layer 35: z= 50.000 km T= 247.050 K P=7.9780000e-01 mbar
# layer 36: z= 60.000 km T= 219.700 K P=2.1960000e-01 mbar
# layer 37: z= 75.000 km T= 196.000 K P=2.4000000e-02 mbar
# layer 38: z= 90.000 km T= 232.100 K P=1.8400000e-03 mbar
# layer 39: z=100.000 km T= 322.650 K P=3.2000000e-04 mbar
330.0000  331.0000  332.0000  333.0000  334.0000  335.0000  336.0000  337.0000  338.0000  339.0000  340.0000  341.0000  342.0000  343.0000  344.0000  345.0000  346.0000  347.0000  348.0000  349.0000  350.0000  351.0000  352.0000  353.0000  354.0000  355.0000  356.0000  357.0000  358.0000  359.0000  360.0000  361.0000  362.0000  363.0000  364.0000  365.0000  366.0000  367.0000  368.0000  369.0000  370.0000  371.0000  372.0000  373.0000  374.0000  375.0000  376.0000  377.0000  378.0000  379.0000  380.0000  381.0000  382.0000  383.0000  384.0000  385.0000  386.0000  387.0000  388.0000  389.0000  390.0000  391.0000  392.0000  393.0000  394.0000  395.0000  396.0000  397.0000  398.0000  399.0000  400.0000  401.0000  402.0000  403.0000  404.0000  405.0000  406.0000  407.0000  408.0000  409.0000  410.0000  411.0000  412.0000  413.0000  414.0000  415.0000  416.0000  417.0000  418.0000  419.0000  420.0000  421.0000  422.0000  423.0000  424.0000  425.0000  426.0000  427.0000  428.0000  429.0000  430.0000  431.0000  432.0000  433.0000  434.0000  435.0000  436.0000  437.0000  438.0000  439.0000  440.0000  441.0000  442.0000  443.0000  444.0000  445.0000  446.0000  447.0000  448.0000  449.0000  450.0000  451.0000  452.0000  453.0000  454.0000  455.0000  456.0000  457.0000  458.0000  459.0000  460.0000  461.0000  462.0000  463.0000  464.0000  465.0000  466.0000  467.0000  468.0000  469.0000  470.0000  471.0000  472.0000  473.0000  474.0000  475.0000  476.0000  477.0000  478.0000  479.0000  480.0000  481.0000  482.0000  483.0000  484.0000  485.0000  486.0000  487.0000  488.0000  489.0000  490.0000  491.0000  492.0000  493.0000  494.0000  495.0000  496.0000  497.0000  498.0000  499.0000  500.0000  501.0000  502.0000  503.0000  504.0000  505.0000  506.0000  507.0000  508.0000  509.0000  510.0000  511.0000  512.0000  513.0000  514.0000  515.0000  516.0000  517.0000  518.0000  519.0000  520.0000  521.0000  522.0000  523.0000  524.0000  525.0000  526.0000  527.0000  528.0000  529.0000  530.0000  531.0000  532.0000  533.0000  534.0000  535.0000  536.0000  537.0000  538.0000  539.0000  540.0000  541.0000  542.0000  543.0000  544.0000  545.0000  546.0000  547.0000  548.0000  549.0000  550.0000  551.0000  552.0000  553.0000  554.0000  555.0000  556.0000  557.0000  558.0000  559.0000  560.0000  561.0000  562.0000  563.0000  564.0000  565.0000  566.0000  567.0000  568.0000  569.0000  570.0000  571.0000  572.0000  573.0000  574.0000  575.0000  576.0000  577.0000  578.0000  579.0000  580.0000  581.0000  582.0000  583.0000  584.0000  585.0000  586.0000  587.0000  588.0000  589.0000  590.0000  591.0000  592.0000  593.0000  594.0000  595.0000  596.0000  597.0000  598.0000  599.0000  600.0000  601.0000  602.0000  603.0000  604.0000  605.0000  606.0000  607.0000  608.0000  609.0000  610.0000  611.0000  612.0000  613.0000  614.0000  615.0000  616.0000  617.0000  618.0000  619.0000  620.0000  621.0000  622.0000  623.0000  624.0000  625.0000  626.0000  627.0000  628.0000  629.0000  630.0000  631.0000  632.0000  633.0000  634.0000  635.0000  636.0000  637.0000  638.0000  639.0000  640.0000  641.0000  642.0000  643.0000  644.0000  645.0000  646.0000  647.0000  648.0000  649.0000  650.0000  651.0000  652.0000  653.0000  654.0000  655.0000  656.0000  657.0000  658.0000  659.0000  660.0000  661.0000  662.0000  663.0000  664.0000  665.0000  666.0000  667.0000  668.0000  669.0000  670.0000  671.0000  672.0000  673.0000  674.0000  675.0000  676.0000  677.0000  678.0000  679.0000  680.0000  681.0000  682.0000  683.0000  684.0000  685.0000  686.0000  687.0000  688.0000  689.0000  690.0000  691.0000  692.0000  693.0000  694.0000  695.0000  696.0000  697.0000  698.0000  699.0000  700.0000  701.0000  702.0000  703.0000  704.0000  705.0000  706.0000  707.0000  708.0000  709.0000  710.0000  711.0000  712.0000  713.0000  714.0000  715.0000  716.0000  717.0000  718.0000  719.0000  720.0000  721.0000  722.0000  723.0000  724.0000  725.0000  726.0000  727.0000  728.0000  729.0000  730.0000  731.0000  732.0000  733.0000  734.0000  735.0000  736.0000  737.0000  738.0000  739.0000  740.0000  741.0000  742.0000  743.0000  744.0000  745.0000  746.0000  747.0000  748.0000  749.0000  750.0000  751.0000  752.0000  753.0000  754.0000  755.0000  756.0000  757.0000  758.0000  759.0000  760.0000  761.0000  762.0000  763.0000  764.0000  765.0000  766.0000  767.0000  768.0000  769.0000  770.0000  771.0000  772.0000  773.0000  774.0000  775.0000  776.0000  777.0000  778.0000  779.0000  780.0000  781.0000  782.0000  783.0000  784.0000  785.0000  786.0000  787.0000  788.0000  789.0000  790.0000  791.0000  792.0000  793.0000  794.0000  795.0000  796.0000  797.0000  798.0000  799.0000  800.0000  801.0000  802.0000  803.0000  804.0000  805.0000  806.0000  807.0000  808.0000  809.0000  810.0000  811.0000  812.0000  813.0000  814.0000  815.0000  816.0000  817.0000  818.0000  819.0000  820.0000  821.0000  822.0000  823.0000  824.0000  825.0000  826.0000  827.0000  828.0000  829.0000  830.0000  831.0000  832.0000  833.0000  834.0000  835.0000  836.0000  837.0000  838.0000  839.0000  840.0000  841.0000  842.0000  843.0000  844.0000  845.0000  846.0000  847.0000  848.0000  849.0000  850.0000  851.0000  852.0000  853.0000  854.0000  855.0000  856.0000  857.0000  858.0000  859.0000  860.0000  861.0000  862.0000  863.0000  864.0000  865.0000  866.0000  867.0000  868.0000  869.0000  870.0000  871.0000  872.0000  873.0000  874.0000  875.0000  876.0000  877.0000  878.0000  879.0000  880.0000  881.0000  882.0000  883.0000  884.0000  885.0000  886.0000  887.0000  888.0000  889.0000  890.0000  891.0000  892.0000  893.0000  894.0000  895.0000  896.0000  897.0000  898.0000  899.0000  900.0000  901.0000  902.0000  903.0000  904.0000  905.0000  906.0000  907.0000  908.0000  909.0000  910.0000  911.0000  912.0000  913.0000  914.0000  915.0000  916.0000  917.0000  918.0000  919.0000  920.0000  921.0000  922.0000  923.0000  924.0000  925.0000  926.0000  927.0000  928.0000  929.0000  930.0000  931.0000  932.0000  933.0000  934.0000  935.0000  936.0000  937.0000  938.0000  939.0000  940.0000  941.0000  942.0000  943.0000  944.0000  945.0000  946.0000  947.0000  948.0000  949.0000  950.0000  951.0000  952.0000  953.0000  954.0000  955.0000  956.0000  957.0000  958.0000  959.0000  960.0000  961.0000  962.0000  963.0000  964.0000  965.0000  966.0000  967.0000  968.0000  969.0000  970.0000  971.0000  972.0000  973.0000  974.0000  975.0000  976.0000  977.0000  978.0000  979.0000  980.0000  981.0000  982.0000  983.0000  984.0000  985.0000  986.0000  987.0000  988.0000  989.0000  990.0000  991.0000  992.0000  993.0000  994.0000  995.0000  996.0000  997.0000  998.0000  999.0000  1000.0000  1001.0000  1002.0000  1003.0000  1004.0000  1005.0000  1006.0000  1007.0000  1008.0000  1009.0000  1010.0000  1011.0000  1012.0000  1013.0000  1014.0000  1015.0000  1016.0000  1017.0000  1018.0000  1019.0000  1020.0000  1021.0000  1022.0000  1023.0000  1024.0000  1025.0000  1026.0000  1027.0000  1028.0000  1029.0000  1030.0000  1031.0000  1032.0000  1033.0000  1034.0000  1035.0000  1036.0000  1037.0000  1038.0000  1039.0000  1040.0000  1041.0000  1042.0000  1043.0000  1044.0000  1045.0000  1046.0000  1047.0000  1048.0000  1049.0000  1050.0000  1051.0000  1052.0000  1053.0000  1054.0000  1055.0000  1056.0000  1057.0000  1058.0000  1059.0000  1060.0000  1061.0000  1062.0000  1063.0000  1064.0000  1065.0000  1066.0000  1067.0000  1068.0000  1069.0000  1070.0000  1071.0000  1072.0000  1073.0000  1074.0000  1075.0000  1076.0000  1077.0000  1078.0000  1079.0000  1080.0000  1081.0000  1082.0000  1083.0000  1084.0000  1085.0000  1086.0000  1087.0000  1088.0000  1089.0000  1090.0000  1091.0000  1092.0000  1093.0000  1094.0000  1095.0000  1096.0000  1097.0000  1098.0000  1099.0000  1100.0000
0.000000e+00  0.000000e+00  0.000000e+00  0.000000e+00  0.000000e+00  0.000000e+00  0.000000e+00  0.000000e+00  0.000000e+00  0.000000e+00  0.000000e+00  0.000000e+00  0.000000e+00  0.000000e+00  0.000000e+00  0.000000e+00  0.000000e+00  0.000000e+00  0.000000e+00  0.000000e+00  0.000000e+00  0.000000e+00  0.000000e+00  0.000000e+00  0.000000e+00  0.000000e+00  0.000000e+00  0.000000e+00  0.000000e+00  0.000000e+00  0.000000e+00  0.000000e+00  0.000000e+00  0.000000e+00  0.000000e+00  0.000000e+00  0.000000e+00  0.000000e+00  0.000000e+00  0.000000e+00  0.000000e+00  0.000000e+00  0.000000e+00  0.000000e+00  0.000000e+00  0.000000e+00  0.000000e+00  0.000000e+00  0.000000e+00  0.000000e+00  0.000000e+00  0.000000e+00  0.000000e+00  0.000000e+00  0.000000e+00  0.000000e+00  0.000000e+00  0.000000e+00  0.000000e+00  0.000000e+00  0.000000e+00  0.000000e+00  0.000000e+00  0.000000e+00  0.000000e+00  0.000000e+00  0.000000e+00  0.000000e+00  0.000000e+00  0.000000e+00  0.000000e+00  0.000000e+00  0.000000e+00  0.000000e+00  0.000000e+00  0.000000e+00  0.000000e+00  0.000000e+00  0.000000e+00  0.000000e+00  0.000000e+00  0.000000e+00  0.000000e+00  0.000000e+00  0.000000e+00  0.000000e+00  0.000000e+00  0.000000e+00  0.000000e+00  0.000000e+00  0.000000e+00  0.000000e+00  0.000000e+00  0.000000e+00  0.000000e+00  0.000000e+00  0.000000e+00  0.000000e+00  0.000000e+00  0.000000e+00  0.000000e+00  0.000000e+00  0.000000e+00  0.000000e+00  0.000000e+00  0.000000e+00  0.000000e+00  0.000000e+00  0.000000e+00  0.000000e+00  0.000000e+00  0.000000e+00  0.000000e+00  0.000000e+00  0.000000e+00  0.000000e+00  0.000000e+00  0.000000e+00  0.000000e+00  0.000000e+00  0.000000e+00  0.000000e+00  0.000000e+00  0.000000e+00  0.000000e+00  0.000000e+00  0.000000e+00  0.000000e+00  0.000000e+00  0.000000e+00  0.000000e+00  0.000000e+00  0.000000e+00  0.000000e+00  0.000000e+00  0.000000e+00  0.000000e+00  0.000000e+00  0.000000e+00  0.000000e+00  0.000000e+00  0.000000e+00  0.000000e+00  0.000000e+00  0.000000e+00  0.000000e+00  0.000000e+00  0.000000e+00  0.000000e+00  0.000000e+00  0.000000e+00  0.000000e+00  0.000000e+00  0.000000e+00  0.000000e+00  0.000000e+00  0.000000e+00  0.000000e+00  0.000000e+00  0.000000e+00  0.000000e+00  0.000000e+00  0.000000e+00  0.000000e+00  0.000000e+00  0.000000e+00  0.000000e+00  0.000000e+00  0.000000e+00  0.000000e+00  0.000000e+00  0.000000e+00  0.000000e+00  0.000000e+00  0.000000e+00  0.000000e+00  0.000000e+00  0.000000e+00  0.000000e+00  0.000000e+00  0.000000e+00  0.000000e+00  0.000000e+00  0.000000e+00  0.000000e+00  0.000000e+00  0.000000e+00  0.000000e+00  0.000000e+00  0.000000e+00  0.000000e+00  0.000000e+00  0.000000e+00  0.000000e+00  0.000000e+00  0.000000e+00  0.000000e+00  0.000000e+00  0.000000e+00  0.000000e+00  0.000000e+00  0.000000e+00  0.000000e+00  0.000000e+00  0.000000e+00  0.000000e+00  0.000000e+00  0.000000e+00  0.000000e+00  0.000000e+00  0.000000e+00  0.000000e+00  0.000000e+00  0.000000e+00  0.000000e+00  0.000000e+00  0.000000e+00  0.000000e+00  0.000000e+00  0.000000e+00  0.000000e+00  0.000000e+00  0.000000e+00  0.000000e+00  0.000000e+00  0.000000e+00  0.000000e+00  0.000000e+00  0.000000e+00  0.000000e+00  0.000000e+00  0.000000e+00  0.000000e+00  0.000000e+00  0.000000e+00  2.488658e-31  1.722759e-31  0.000000e+00  0.000000e+00  0.000000e+00  0.000000e+00  0.000000e+00  0.000000e+00  0.000000e+00  0.000000e+00  0.000000e+00  0.000000e+00  0.000000e+00  0.000000e+00  0.000000e+00  0.000000e+00  0.000000e+00  6.074991e-34  3.848056e-30  1.176619e-30  2.105478e-31  7.833214e-31  6.001280e-31  1.321209e-31  0.000000e+00  0.000000e+00  0.000000e+00  0.000000e+00  0.000000e+00  0.000000e+00  0.000000e+00  0.000000e+00  0.000000e+00  0.000000e+00  0.000000e+00  0.000000e+00  0.000000e+00  0.000000e+00  0.000000e+00  1.021677e-32  5.179706e-30  1.622208e-30  1.311665e-31  0.000000e+00  6.210209e-30  3.715234e-30  1.738039e-30  1.846896e-31  0.000000e+00  5.303283e-31  6.681609e-31  3.576315e-31  0.000000e+00  0.000000e+00  0.000000e+00  0.000000e+00  0.000000e+00  0.000000e+00  0.000000e+00  0.000000e+00  0.000000e+00  0.000000e+00  0.000000e+00  1.070897e-29  4.730745e-30  1.594133e-30  3.204630e-31  0.000000e+00  0.000000e+00  0.000000e+00  0.000000e+00  0.000000e+00  0.000000e+00  0.000000e+00  0.000000e+00  0.000000e+00  0.000000e+00  0.000000e+00  0.000000e+00  0.000000e+00  0.000000e+00  0.000000e+00  0.000000e+00  0.000000e+00  0.000000e+00  1.262811e-29  7.576848e-30  4.187870e-30  5.899095e-31  0.000000e+00  0.000000e+00  7.267400e-29  3.749657e-29  1.827565e-29  4.641152e-30  9.379176e-31  3.280527e-29  1.775863e-29  7.901745e-30  2.304940e-30  1.880907e-30  1.042695e-30  4.120823e-32  1.610701e-30  9.204283e-31  5.435170e-31  0.000000e+00  0.000000e+00  0.000000e+00  0.000000e+00  0.000000e+00  0.000000e+00  0.000000e+00  0.000000e+00  0.000000e+00  0.000000e+00  0.000000e+00  0.000000e+00  0.000000e+00  0.000000e+00  0.000000e+00  0.000000e+00  0.000000e+00  0.000000e+00  0.000000e+00  0.000000e+00  0.000000e+00  0.000000e+00  0.000000e+00  0.000000e+00  0.000000e+00  0.000000e+00  0.000000e+00  0.000000e+00  0.000000e+00  0.000000e+00  0.000000e+00  0.000000e+00  0.000000e+00  0.000000e+00  0.000000e+00  0.000000e+00  0.000000e+00  0.000000e+00  0.000000e+00  1.082923e-28  2.379023e-28  1.679426e-28  5.520109e-29  1.900983e-29  3.842923e-30  5.056033e-28  2.426834e-28  1.601710e-28  7.820198e-29  3.018371e-29  1.617172e-29  6.526090e-30  6.400130e-29  3.149727e-29  1.735662e-29  5.246932e-30  1.355111e-30  9.731747e-30  4.495549e-30  2.888182e-30  7.631491e-31  4.876634e-32  8.766645e-31  2.649222e-30  1.520442e-30  6.039873e-31  1.171450e-31  0.000000e+00  0.000000e+00  0.000000e+00  0.000000e+00  0.000000e+00  0.000000e+00  0.000000e+00  0.000000e+00  0.000000e+00  0.000000e+00  0.000000e+00  0.000000e+00  0.000000e+00  0.000000e+00  0.000000e+00  0.000000e+00  0.000000e+00  0.000000e+00  0.000000e+00  0.000000e+00  0.000000e+00  0.000000e+00  0.000000e+00  0.000000e+00  0.000000e+00  0.000000e+00  0.000000e+00  0.000000e+00  0.000000e+00  0.000000e+00  0.000000e+00  0.000000e+00  0.000000e+00  0.000000e+00  0.000000e+00  0.000000e+00  0.000000e+00  0.000000e+00  0.000000e+00  0.000000e+00  0.000000e+00  0.000000e+00  0.000000e+00  0.000000e+00  2.681558e-27  1.218230e-27  1.317701e-27  7.374712e-28  3.235355e-28  1.204907e-28  1.641440e-28  1.495319e-27  6.631001e-28  3.691778e-28  1.457087e-28  4.692187e-29  1.329257e-28  5.789721e-29  3.472481e-29  1.822539e-29  8.293020e-30  3.883777e-30  2.338562e-30  1.019706e-30  1.609209e-29  2.261536e-29  1.564123e-29  1.046844e-29  3.556244e-30  2.204551e-30  2.090969e-30  2.213174e-30  9.400721e-30  4.169386e-30  2.790833e-30  9.299003e-31  3.100220e-31  0.000000e+00  0.000000e+00  0.000000e+00  0.000000e+00  0.000000e+00  1.599266e-29  7.701511e-30  9.281360e-30  4.278305e-30  1.529801e-30  2.822742e-31  0.000000e+00  0.000000e+00  6.585973e-36  4.207438e-29  1.645984e-29  2.245321e-29  1.137741e-29  4.115179e-30  1.197222e-30  1.358693e-31  0.000000e+00  0.000000e+00  6.347039e-30  1.243711e-29  6.993221e-30  5.743929e-30  2.385696e-30  7.255291e-31  4.308305e-33  0.000000e+00  0.000000e+00  0.000000e+00  0.000000e+00  0.000000e+00  0.000000e+00  0.000000e+00  0.000000e+00  0.000000e+00  0.000000e+00  0.000000e+00  0.000000e+00  0.000000e+00  0.000000e+00  0.000000e+00  0.000000e+00  0.000000e+00  0.000000e+00  5.345854e-31  8.671940e-31  5.523996e-31  7.280758e-31  7.461650e-34  0.000000e+00  1.377851e-26  3.698295e-27  6.135786e-27  3.295344e-27  1.759121e-27  1.685302e-27  5.775918e-28  5.117184e-28  2.701190e-28  1.488233e-28  1.017025e-28  3.852000e-29  2.283422e-29  1.174794e-29  4.018022e-30  1.160130e-30  1.018617e-30  1.001830e-30  1.372739e-30  7.293254e-31  8.418776e-31  2.494729e-34  0.000000e+00  0.000000e+00  7.959723e-29  7.939864e-29  5.506414e-29  3.950984e-29  2.461994e-29  2.025560e-29  6.609824e-30  6.165700e-30  3.427130e-30  1.626872e-30  5.532415e-31  1.043955e-34  0.000000e+00  0.000000e+00  0.000000e+00  1.786908e-29  2.982187e-28  1.477423e-28  1.600385e-28  1.247981e-28  6.048019e-29  1.665800e-29  4.525357e-30  8.722285e-31  1.796229e-31  0.000000e+00  4.633511e-31  2.902460e-29  1.623861e-27  1.067734e-27  9.793008e-28  8.580562e-28  4.603326e-28  2.202324e-28  7.913085e-29  3.253451e-29  9.981803e-30  5.405384e-30  1.100964e-27  1.061590e-27  5.346057e-28  6.863063e-28  4.398097e-28  2.197307e-28  1.080663e-28  4.853052e-29  4.811784e-29  3.155810e-29  4.071905e-29  1.151493e-29  2.187717e-29  1.617816e-29  1.145751e-28  4.203009e-29  4.515469e-29  4.535374e-29  2.616259e-29  8.755110e-30  3.330039e-30  2.128995e-29  7.264088e-30  8.424097e-30  8.480138e-30  4.372028e-30  1.668512e-30  4.275102e-33  0.000000e+00  0.000000e+00  0.000000e+00  8.048827e-31  2.846376e-30  1.451482e-29  2.299554e-29  7.401585e-30  1.659289e-29  9.592851e-30  3.873746e-30  6.575323e-31  0.000000e+00  0.000000e+00  0.000000e+00  0.000000e+00  0.000000e+00  0.000000e+00  0.000000e+00  5.251321e-30  8.233945e-29  1.165234e-28  3.830640e-29  7.546520e-29  5.742746e-29  2.679835e-29  7.413185e-30  2.040987e-30  2.401385e-31  3.539974e-30  2.672374e-30  1.730919e-30  4.090035e-30  2.400514e-29  7.828571e-29  4.280347e-29  3.819943e-29  4.744858e-29  3.337731e-29  1.503172e-29  4.594158e-30  4.634989e-30  3.004735e-30  1.316977e-30  3.266097e-33  0.000000e+00  0.000000e+00  0.000000e+00  0.000000e+00  7.114455e-34  1.607683e-30  5.801610e-30  9.897670e-30  1.222622e-29  3.331998e-29  3.354953e-29  1.378866e-29  3.736973e-30  1.057483e-30  2.889263e-31  0.000000e+00  0.000000e+00  0.000000e+00  0.000000e+00  0.000000e+00  0.000000e+00  0.000000e+00  0.000000e+00  0.000000e+00  0.000000e+00  2.232772e-30  3.557818e-30  6.974702e-31  1.967006e-30  1.530578e-30  9.405761e-31  3.519785e-31  2.055651e-27  4.479867e-26  1.197638e-26  1.425132e-26  1.599047e-26  1.194781e-26  5.330582e-27  3.012096e-27  8.519638e-28  5.023998e-28  2.018588e-28  1.594835e-28  7.610333e-29  7.683723e-26  8.078009e-26  2.000456e-26  4.729804e-26  4.197713e-26  2.741210e-26  1.349410e-26  8.884630e-27  5.468847e-27  3.163960e-27  1.774470e-27  7.821559e-28  9.985179e-28  1.295817e-27  1.163496e-26  1.774026e-26  4.870024e-27  8.690411e-27  8.432752e-27  4.822810e-27  3.473522e-27  1.273574e-27  1.941294e-27  1.679368e-27  8.426500e-28  1.689119e-27  1.016383e-27  1.017870e-27  7.135339e-28  5.429957e-28  4.046041e-28  1.609922e-28  1.039228e-28  8.460723e-29  6.208751e-29  2.448910e-29  2.075959e-29  2.048665e-29  1.505112e-29  7.275517e-29  6.730439e-29  1.132790e-28  1.792790e-28  3.521964e-28  4.939211e-28  2.201883e-28  2.589534e-28  3.712837e-28  2.472712e-28  1.620091e-28  4.168333e-29  1.757143e-29
0.000000e+00  0.000000e+00  0.000000e+00  0.000000e+00  0.000000e+00  0.000000e+00  0.000000e+00  0.000000e+00  0.000000e+00  0.000000e+00  0.000000e+00  0.000000e+00  0.000000e+00  0.000000e+00  0.000000e+00  0.000000e+00  0.000000e+00  0.000000e+00  0.000000e+00  0.000000e+00  0.000000e+00  0.000000e+00  0.000000e+00  0.000000e+00  0.000000e+00  0.000000e+00  0.000000e+00  0.000000e+00  0.000000e+00  0.000000e+00  0.000000e+00  0.000000e+00  0.000000e+00  0.000000e+00  0.000000e+00  0.000000e+00  0.000000e+00  0.000000e+00  0.000000e+00  0.000000e+00  0.000000e+00  0.000000e+00  0.000000e+00  0.000000e+00  0.000000e+00  0.000000e+00  0.000000e+00  0.000000e+00  0.000000e+00  0.000000e+00  0.000000e+00  0.000000e+00  0.000000e+00  0.000000e+00  0.000000e+00  0.000000e+00  0.000000e+00  0.000000e+00  0.000000e+00  0.000000e+00  0.000000e+00  0.000000e+00  0.000000e+00  0.000000e+00  0.000000e+00  0.000000e+00  0.000000e+00  0.000000e+00  0.000000e+00  0.000000e+00  0.000000e+00  0.000000e+00  0.000000e+00  0.000000e+00  0.000000e+00  0.000000e+00  0.000000e+00  0.000000e+00  0.000000e+00  0.000000e+00  0.000000e+00  0.000000e+00  0.000000e+00  0.000000e+00  0.000000e+00  0.000000e+00  0.000000e+00  0.000000e+00  0.000000e+00  0.000000e+00  0.000000e+00  0.000000e+00  0.000000e+00  0.000000e+00  0.000000e+00  0.000000e+00  0.000000e+00  0.000000e+00  0.000000e+00  0.000000e+00  0.000000e+00  0.000000e+00  0.000000e+00  0.000000e+00  0.000000e+00  0.000000e+00  0.000000e+00  0.000000e+00  0.000000e+00  0.000000e+00  0.000000e+00  0.000000e+00  0.000000e+00  0.000000e+00  0.000000e+00  0.000000e+00  0.000000e+00  0.000000e+00  0.000000e+00  0.000000e+00  0.000000e+00  0.000000e+00  0.000000e+00  0.000000e+00  0.000000e+00  0.000000e+00  0.000000e+00  0.000000e+00  0.000000e+00  0.000000e+00  0.000000e+00  0.000000e+00  0.000000e+00  0.000000e+00  0.000000e+00  0.000000e+00  0.000000e+00  0.000000e+00  0.000000e+00  0.000000e+00  0.000000e+00  0.000000e+00  0.000000e+00  0.000000e+00  0.000000e+00  0.000000e+00  0.000000e+00  0.000000e+00  0.000000e+00  0.000000e+00  0.000000e+00  0.000000e+00  0.000000e+00  0.000000e+00  0.000000e+00  0.000000e+00  0.000000e+00  0.000000e+00  0.000000e+00  0.000000e+00  0.000000e+00  0.000000e+00  0.000000e+00  0.000000e+00  0.000000e+00  0.000000e+00  0.000000e+00  0.000000e+00  0.000000e+00  0.000000e+00  0.000000e+00  0.000000e+00  0.000000e+00  0.000000e+00  0.000000e+00  0.000000e+00  0.000000e+00  0.000000e+00  0.000000e+00  0.000000e+00  0.000000e+00  0.000000e+00  0.000000e+00  0.000000e+00  0.000000e+00  0.000000e+00  0.000000e+00  0.000000e+00  0.000000e+00  0.000000e+00  0.000000e+00  0.000000e+00  0.000000e+00  0.000000e+00  0.000000e+00  0.000000e+00  0.000000e+00  0.000000e+00  0.000000e+00  0.000000e+00  0.000000e+00  0.000000e+00  0.000000e+00  0.000000e+00  0.000000e+00  0.000000e+00  0.000000e+00  0.000000e+00  0.000000e+00  0.000000e+00  0.000000e+00  0.000000e+00  0.000000e+00  0.000000e+00  0.000000e+00  0.000000e+00  0.000000e+00  0.000000e+00  0.000000e+00  0.000000e+00  0.000000e+00  0.000000e+00  0.000000e+00  0.000000e+00  0.000000e+00  0.000000e+00  0.000000e+00  0.000000e+00  0.000000e+00  0.000000e+00  0.000000e+00  0.000000e+00  0.000000e+00  0.000000e+00  0.000000e+00  2.508269e-31  1.736572e-31  0.000000e+00  0.000000e+00  0.000000e+00  0.000000e+00  0.000000e+00  0.000000e+00  0.000000e+00  0.000000e+00  0.000000e+00  0.000000e+00  0.000000e+00  0.000000e+00  0.000000e+00  0.000000e+00  0.000000e+00  3.022355e-34  3.872793e-30  1.177416e-30  2.071641e-31  7.880148e-31  6.049555e-31  1.316056e-31  0.000000e+00  0.000000e+00  0.000000e+00  0.000000e+00  0.000000e+00  0.000000e+00  0.000000e+00  0.000000e+00  0.000000e+00  0.000000e+00  0.000000e+00  0.000000e+00  0.000000e+00  0.000000e+00  0.000000e+00  8.873184e-33  5.220277e-30  1.621193e-30  1.295853e-31  0.000000e+00  6.232625e-30  3.747998e-30  1.728001e-30  1.800088e-31  0.000000e+00  5.316865e-31  6.748589e-31  3.584926e-31  0.000000e+00  0.000000e+00  0.000000e+00  0.000000e+00  0.000000e+00  0.000000e+00  0.000000e+00  0.000000e+00  0.000000e+00  0.000000e+00  0.000000e+00  1.076761e-29  4.754443e-30  1.579282e-30  3.118764e-31  0.000000e+00  0.000000e+00  0.000000e+00  0.000000e+00  0.000000e+00  0.000000e+00  0.000000e+00  0.000000e+00  0.000000e+00  0.000000e+00  0.000000e+00  0.000000e+00  0.000000e+00  0.000000e+00  0.000000e+00  0.000000e+00  0.000000e+00  0.000000e+00  1.267736e-29  7.629525e-30  4.170988e-30  5.757725e-31  0.000000e+00  0.000000e+00  7.295882e-29  3.779260e-29  1.805198e-29  4.506703e-30  8.953269e-31  3.291746e-29  1.791201e-29  7.852442e-30  2.242301e-30  1.823909e-30  1.007358e-30  3.940819e-32  1.618728e-30  9.285351e-31  5.425315e-31  0.000000e+00  0.000000e+00  0.000000e+00  0.000000e+00  0.000000e+00  0.000000e+00  0.000000e+00  0.000000e+00  0.000000e+00  0.000000e+00  0.000000e+00  0.000000e+00  0.000000e+00  0.000000e+00  0.000000e+00  0.000000e+00  0.000000e+00  0.000000e+00  0.000000e+00  0.000000e+00  0.000000e+00  0.000000e+00  0.000000e+00  0.000000e+00  0.000000e+00  0.000000e+00  0.000000e+00  0.000000e+00  0.000000e+00  0.000000e+00  0.000000e+00  0.000000e+00  0.000000e+00  0.000000e+00  0.000000e+00  0.000000e+00  0.000000e+00  0.000000e+00  0.000000e+00  1.087473e-28  2.391636e-28  1.681804e-28  5.447894e-29  1.847663e-29  3.664012e-30  5.073204e-28  2.449444e-28  1.601818e-28  7.660638e-29  2.929039e-29  1.559322e-29  6.192541e-30  6.405822e-29  3.176713e-29  1.732219e-29  5.155832e-30  1.307431e-30  9.562791e-30  4.433798e-30  2.833353e-30  7.455167e-31  4.781334e-32  8.769982e-31  2.671661e-30  1.529280e-30  6.002686e-31  1.152744e-31  0.000000e+00  0.000000e+00  0.000000e+00  0.000000e+00  0.000000e+00  0.000000e+00  0.000000e+00  0.000000e+00  0.000000e+00  0.000000e+00  0.000000e+00  0.000000e+00  0.000000e+00  0.000000e+00  0.000000e+00  0.000000e+00  0.000000e+00  0.000000e+00  0.000000e+00  0.000000e+00  0.000000e+00  0.000000e+00  0.000000e+00  0.000000e+00  0.000000e+00  0.000000e+00  0.000000e+00  0.000000e+00  0.000000e+00  0.000000e+00  0.000000e+00  0.000000e+00  0.000000e+00  0.000000e+00  0.000000e+00  0.000000e+00  0.000000e+00  0.000000e+00  0.000000e+00  0.000000e+00  0.000000e+00  0.000000e+00  0.000000e+00  0.000000e+00  2.690523e-27  1.230765e-27  1.324158e-27  7.268060e-28  3.175948e-28  1.164047e-28  1.591618e-28  1.501958e-27  6.682989e-28  3.684317e-28  1.436552e-28  4.559492e-29  1.284364e-28  5.637197e-29  3.354476e-29  1.741310e-29  7.821124e-30  3.625996e-30  2.176073e-30  9.428108e-31  1.615147e-29  2.270627e-29  1.579893e-29  1.041094e-29  3.506193e-30  2.144043e-30  2.061087e-30  2.232293e-30  9.449648e-30  4.201149e-30  2.799205e-30  9.202745e-31  3.036488e-31  0.000000e+00  0.000000e+00  0.000000e+00  0.000000e+00  0.000000e+00  1.600151e-29  7.806314e-30  9.354942e-30  4.259831e-30  1.504478e-30  2.732651e-31  0.000000e+00  0.000000e+00  0.000000e+00  4.213926e-29  1.665745e-29  2.263719e-29  1.130031e-29  4.048859e-30  1.160144e-30  1.310229e-31  0.000000e+00  0.000000e+00  6.282493e-30  1.255141e-29  7.078339e-30  5.754221e-30  2.358568e-30  7.058694e-31  3.911607e-33  0.000000e+00  0.000000e+00  0.000000e+00  0.000000e+00  0.000000e+00  0.000000e+00  0.000000e+00  0.000000e+00  0.000000e+00  0.000000e+00  0.000000e+00  0.000000e+00  0.000000e+00  0.000000e+00  0.000000e+00  0.000000e+00  0.000000e+00  0.000000e+00  5.347962e-31  8.765310e-31  5.579453e-31  7.312068e-31  6.694716e-34  0.000000e+00  1.383469e-26  3.716966e-27  6.192003e-27  3.293062e-27  1.741870e-27  1.635440e-27  5.613018e-28  4.962248e-28  2.600629e-28  1.419068e-28  9.564011e-29  3.611254e-29  2.121971e-29  1.086601e-29  3.652437e-30  1.046237e-30  9.320407e-31  9.571437e-31  1.340054e-30  7.000983e-31  8.279811e-31  2.052845e-34  0.000000e+00  0.000000e+00  7.978265e-29  7.983008e-29  5.568410e-29  3.964640e-29  2.451426e-29  1.976519e-29  6.445980e-30  5.987011e-30  3.298368e-30  1.555868e-30  5.226904e-31  6.615791e-35  0.000000e+00  0.000000e+00  0.000000e+00  1.711085e-29  2.972629e-28  1.494140e-28  1.610175e-28  1.248100e-28  5.985657e-29  1.624846e-29  4.354564e-30  8.243107e-31  1.678857e-31  0.000000e+00  4.424621e-31  2.874227e-29  1.621274e-27  1.079248e-27  9.844740e-28  8.612194e-28  4.563044e-28  2.157846e-28  7.646777e-29  3.079721e-29  9.392693e-30  5.066936e-30  1.094609e-27  1.073337e-27  5.410915e-28  6.906774e-28  4.386663e-28  2.145561e-28  1.048472e-28  4.694549e-29  4.645158e-29  3.002625e-29  4.000303e-29  1.117567e-29  2.178974e-29  1.588890e-29  1.146820e-28  4.239345e-29  4.564065e-29  4.555130e-29  2.603730e-29  8.584937e-30  3.205796e-30  2.082144e-29  7.164007e-30  8.325488e-30  8.311807e-30  4.227186e-30  1.596771e-30  3.795042e-33  0.000000e+00  0.000000e+00  0.000000e+00  7.782486e-31  2.765782e-30  1.443938e-29  2.317624e-29  7.499879e-30  1.674531e-29  9.570963e-30  3.820969e-30  6.347292e-31  0.000000e+00  0.000000e+00  0.000000e+00  0.000000e+00  0.000000e+00  0.000000e+00  0.000000e+00  4.944048e-30  8.150474e-29  1.171680e-28  3.849197e-29  7.602797e-29  5.728816e-29  2.640257e-29  7.171692e-30  1.946705e-30  2.262018e-31  3.281267e-30  2.490623e-30  1.626225e-30  3.944991e-30  2.355462e-29  7.849040e-29  4.333586e-29  3.866498e-29  4.771007e-29  3.310648e-29  1.472215e-29  4.464672e-30  4.491760e-30  2.896655e-30  1.256623e-30  2.867500e-33  0.000000e+00  0.000000e+00  0.000000e+00  0.000000e+00  5.849539e-34  1.574565e-30  5.783786e-30  9.993037e-30  1.219548e-29  3.341958e-29  3.378529e-29  1.370560e-29  3.685776e-30  1.038581e-30  2.809601e-31  0.000000e+00  0.000000e+00  0.000000e+00  0.000000e+00  0.000000e+00  0.000000e+00  0.000000e+00  0.000000e+00  0.000000e+00  0.000000e+00  2.065068e-30  3.341617e-30  6.556896e-31  1.847906e-30  1.427999e-30  8.703498e-31  3.222070e-31  1.999488e-27  4.480972e-26  1.205118e-26  1.439333e-26  1.604893e-26  1.191225e-26  5.258241e-27  2.951608e-27  8.159078e-28  4.785011e-28  1.912389e-28  1.555734e-28  7.288234e-29  7.640131e-26  8.160527e-26  2.024459e-26  4.783671e-26  4.201396e-26  2.711118e-26  1.331559e-26  8.679386e-27  5.287064e-27  3.019025e-27  1.686549e-27  7.361340e-28  9.636103e-28  1.271400e-27  1.151433e-26  1.787706e-26  4.935921e-27  8.795857e-27  8.469099e-27  4.804243e-27  3.442620e-27  1.244975e-27  1.864112e-27  1.629501e-27  8.257232e-28  1.673115e-27  9.914952e-28  9.965183e-28  7.025870e-28  5.298452e-28  3.929695e-28  1.548511e-28  9.928564e-29  7.979541e-29  5.839824e-29  2.283710e-29  1.935628e-29  1.928653e-29  1.406455e-29  7.113732e-29  6.554303e-29  1.119840e-28  1.777394e-28  3.505330e-28  4.970985e-28  2.220888e-28  2.604402e-28  3.740807e-28  2.469854e-28  1.610047e-28  4.075027e-29  1.704434e-29
0.000000e+00  0.000000e+00  0.000000e+00  0.000000e+00  0.000000e+00  0.000000e+00  0.000000e+00  0.000000e+00  0.000000e+00  0.000000e+00  0.000000e+00  0.000000e+00  0.000000e+00  0.000000e+00  0.000000e+00  0.000000e+00  0.000000e+00  0.000000e+00  0.000000e+00  0.000000e+00  0.000000e+00  0.000000e+00  0.000000e+00  0.000000e+00  0.000000e+00  0.000000e+00  0.000000e+00  0.000000e+00  0.000000e+00  0.000000e+00  0.000000e+00  0.000000e+00  0.000000e+00  0.000000e+00  0.000000e+00  0.000000e+00  0.000000e+00  0.000000e+00  0.000000e+00  0.000000e+00  0.000000e+00  0.000000e+00  0.000000e+00  0.000000e+00  0.000000e+00  0.000000e+00  0.000000e+00  0.000000e+00  0.000000e+00  0.000000e+00  0.000000e+00  0.000000e+00  0.000000e+00  0.000000e+00  0.000000e+00  0.000000e+00  0.000000e+00  0.000000e+00  0.000000e+00  0.000000e+00  0.000000e+00  0.000000e+00  0.000000e+00  0.000000e+00  0.000000e+00  0.000000e+00  0.000000e+00  0.000000e+00  0.000000e+00  0.000000e+00  0.000000e+00  0.000000e+00  0.000000e+00  0.000000e+00  0.000000e+00  0.000000e+00  0.000000e+00  0.000000e+00  0.000000e+00  0.000000e+00  0.000000e+00  0.000000e+00  0.000000e+00  0.000000e+00  0.000000e+00  0.000000e+00  0.000000e+00  0.000000e+00  0.000000e+00  0.000000e+00  0.000000e+00  0.000000e+00  0.000000e+00  0.000000e+00  0.000000e+00  0.000000e+00  0.000000e+00  0.000000e+00  0.000000e+00  0.000000e+00  0.000000e+00  0.000000e+00  0.000000e+00  0.000000e+00  0.000000e+00  0.000000e+00  0.000000e+00  0.000000e+00  0.000000e+00  0.000000e+00  0.000000e+00  0.000000e+00  0.000000e+00  0.000000e+00  0.000000e+00  0.000000e+00  0.000000e+00  0.000000e+00  0.000000e+00  0.000000e+00  0.000000e+00  0.000000e+00  0.000000e+00  0.000000e+00  0.000000e+00  0.000000e+00  0.000000e+00  0.000000e+00  0.000000e+00  0.000000e+00  0.000000e+00  0.000000e+00  0.000000e+00  0.000000e+00  0.000000e+00  0.000000e+00  0.000000e+00  0.000000e+00  0.000000e+00  0.000000e+00  0.000000e+00  0.000000e+00  0.000000e+00  0.000000e+00  0.000000e+00  0.000000e+00  0.000000e+00  0.000000e+00  0.000000e+00  0.000000e+00  0.000000e+00  0.000000e+00  0.000000e+00  0.000000e+00  0.000000e+00  0.000000e+00  0.000000e+00  0.000000e+00  0.000000e+00  0.000000e+00  0.000000e+00  0.000000e+00  0.000000e+00  0.000000e+00  0.000000e+00  0.000000e+00  0.000000e+00  0.000000e+00  0.000000e+00  0.000000e+00  0.000000e+00  0.000000e+00  0.000000e+00  0.000000e+00  0.000000e+00  0.000000e+00  0.000000e+00  0.000000e+00  0.000000e+00  0.000000e+00  0.000000e+00  0.000000e+00  0.000000e+00  0.000000e+00  0.000000e+00  0.000000e+00  0.000000e+00  0.000000e+00  0.000000e+00  0.000000e+00  0.000000e+00  0.000000e+00  0.000000e+00  0.000000e+00  0.000000e+00  0.000000e+00  0.000000e+00  0.000000e+00  0.000000e+00  0.000000e+00  0.000000e+00  0.000000e+00  0.000000e+00  0.000000e+00  0.000000e+00  0.000000e+00  0.000000e+00  0.000000e+00  0.000000e+00  0.000000e+00  0.000000e+00  0.000000e+00  0.000000e+00  0.000000e+00  0.000000e+00  0.000000e+00  0.000000e+00  0.000000e+00  0.000000e+00  0.000000e+00  0.000000e+00  0.000000e+00  0.000000e+00  0.000000e+00  0.000000e+00  0.000000e+00  0.000000e+00  0.000000e+00  0.000000e+00  0.000000e+00  0.000000e+00  0.000000e+00  0.000000e+00  0.000000e+00  0.000000e+00  2.527977e-31  1.750433e-31  0.000000e+00  0.000000e+00  0.000000e+00  0.000000e+00  0.000000e+00  0.000000e+00  0.000000e+00  0.000000e+00  0.000000e+00  0.000000e+00  0.000000e+00  0.000000e+00  0.000000e+00  0.000000e+00  0.000000e+00  6.213022e-35  3.897395e-30  1.177962e-30  2.037089e-31  7.926574e-31  6.098045e-31  1.310499e-31  0.000000e+00  0.000000e+00  0.000000e+00  0.000000e+00  0.000000e+00  0.000000e+00  0.000000e+00  0.000000e+00  0.000000e+00  0.000000e+00  0.000000e+00  0.000000e+00  0.000000e+00  0.000000e+00  0.000000e+00  7.709710e-33  5.260635e-30  1.619899e-30  1.279471e-31  0.000000e+00  6.254658e-30  3.781291e-30  1.717471e-30  1.753147e-31  0.000000e+00  5.329304e-31  6.816462e-31  3.592759e-31  0.000000e+00  0.000000e+00  0.000000e+00  0.000000e+00  0.000000e+00  0.000000e+00  0.000000e+00  0.000000e+00  0.000000e+00  0.000000e+00  0.000000e+00  1.082618e-29  4.777977e-30  1.563948e-30  3.032770e-31  0.000000e+00  0.000000e+00  0.000000e+00  0.000000e+00  0.000000e+00  0.000000e+00  0.000000e+00  0.000000e+00  0.000000e+00  0.000000e+00  0.000000e+00  0.000000e+00  0.000000e+00  0.000000e+00  0.000000e+00  0.000000e+00  0.000000e+00  0.000000e+00  1.272618e-29  7.682906e-30  4.152879e-30  5.615207e-31  0.000000e+00  0.000000e+00  7.323973e-29  3.809113e-29  1.782254e-29  4.372324e-30  8.535240e-31  3.302739e-29  1.806571e-29  7.800553e-30  2.179390e-30  1.767194e-30  9.721832e-31  3.763869e-32  1.626638e-30  9.366819e-31  5.413211e-31  0.000000e+00  0.000000e+00  0.000000e+00  0.000000e+00  0.000000e+00  0.000000e+00  0.000000e+00  0.000000e+00  0.000000e+00  0.000000e+00  0.000000e+00  0.000000e+00  0.000000e+00  0.000000e+00  0.000000e+00  0.000000e+00  0.000000e+00  0.000000e+00  0.000000e+00  0.000000e+00  0.000000e+00  0.000000e+00  0.000000e+00  0.000000e+00  0.000000e+00  0.000000e+00  0.000000e+00  0.000000e+00  0.000000e+00  0.000000e+00  0.000000e+00  0.000000e+00  0.000000e+00  0.000000e+00  0.000000e+00  0.000000e+00  0.000000e+00  0.000000e+00  0.000000e+00  1.091655e-28  2.404466e-28  1.684139e-28  5.375066e-29  1.794279e-29  3.488993e-30  5.090096e-28  2.472264e-28  1.601718e-28  7.499084e-29  2.840008e-29  1.502115e-29  5.868040e-30  6.411653e-29  3.204022e-29  1.728383e-29  5.063136e-30  1.260240e-30  9.394556e-30  4.372247e-30  2.779087e-30  7.280035e-31  4.683025e-32  8.770623e-31  2.694389e-30  1.537992e-30  5.964264e-31  1.133761e-31  0.000000e+00  0.000000e+00  0.000000e+00  0.000000e+00  0.000000e+00  0.000000e+00  0.000000e+00  0.000000e+00  0.000000e+00  0.000000e+00  0.000000e+00  0.000000e+00  0.000000e+00  0.000000e+00  0.000000e+00  0.000000e+00  0.000000e+00  0.000000e+00  0.000000e+00  0.000000e+00  0.000000e+00  0.000000e+00  0.000000e+00  0.000000e+00  0.000000e+00  0.000000e+00  0.000000e+00  0.000000e+00  0.000000e+00  0.000000e+00  0.000000e+00  0.000000e+00  0.000000e+00  0.000000e+00  0.000000e+00  0.000000e+00  0.000000e+00  0.000000e+00  0.000000e+00  0.000000e+00  0.000000e+00  0.000000e+00  0.000000e+00  0.000000e+00  2.699309e-27  1.243767e-27  1.330397e-27  7.161901e-28  3.115400e-28  1.123450e-28  1.542493e-28  1.508606e-27  6.735442e-28  3.676430e-28  1.415611e-28  4.427981e-29  1.239786e-28  5.485029e-29  3.237743e-29  1.662468e-29  7.368385e-30  3.379637e-30  2.021159e-30  8.699372e-31  1.620815e-29  2.279861e-29  1.595713e-29  1.035080e-29  3.455291e-30  2.083179e-30  2.031021e-30  2.251699e-30  9.498164e-30  4.232973e-30  2.806994e-30  9.104147e-31  2.971433e-31  0.000000e+00  0.000000e+00  0.000000e+00  0.000000e+00  0.000000e+00  1.600746e-29  7.913014e-30  9.428414e-30  4.240354e-30  1.478545e-30  2.642415e-31  0.000000e+00  0.000000e+00  0.000000e+00  4.219931e-29  1.685987e-29  2.282009e-29  1.122041e-29  3.981090e-30  1.123167e-30  1.261975e-31  0.000000e+00  0.000000e+00  6.215975e-30  1.266682e-29  7.164248e-30  5.763999e-30  2.330662e-30  6.860737e-31  3.545867e-33  0.000000e+00  0.000000e+00  0.000000e+00  0.000000e+00  0.000000e+00  0.000000e+00  0.000000e+00  0.000000e+00  0.000000e+00  0.000000e+00  0.000000e+00  0.000000e+00  0.000000e+00  0.000000e+00  0.000000e+00  0.000000e+00  0.000000e+00  0.000000e+00  5.349317e-31  8.859387e-31  5.635794e-31  7.341614e-31  6.039649e-34  0.000000e+00  1.388929e-26  3.737103e-27  6.248231e-27  3.289926e-27  1.724020e-27  1.585803e-27  5.450255e-28  4.808490e-28  2.501766e-28  1.351944e-28  8.981980e-29  3.380973e-29  1.968517e-29  1.003400e-29  3.312287e-30  9.409813e-31  8.511725e-31  9.142906e-31  1.309109e-30  6.725563e-31  8.149339e-31  1.699733e-34  0.000000e+00  0.000000e+00  7.994785e-29  8.027031e-29  5.630976e-29  3.977709e-29  2.439972e-29  1.927285e-29  6.281081e-30  5.808026e-30  3.170837e-30  1.486165e-30  4.930296e-31  3.875609e-35  0.000000e+00  0.000000e+00  0.000000e+00  1.636623e-29  2.962710e-28  1.511068e-28  1.620194e-28  1.248127e-28  5.921406e-29  1.583673e-29  4.186028e-30  7.779127e-31  1.566266e-31  0.000000e+00  4.220816e-31  2.844982e-29  1.618308e-27  1.090958e-27  9.898835e-28  8.643029e-28  4.522204e-28  2.113175e-28  7.382648e-29  2.911649e-29  8.828955e-30  4.742627e-30  1.087954e-27  1.085247e-27  5.476907e-28  6.949978e-28  4.373720e-28  2.093732e-28  1.016492e-28  4.537114e-29  4.479937e-29  2.853747e-29  3.931318e-29  1.085244e-29  2.171560e-29  1.560895e-29  1.147709e-28  4.276219e-29  4.613206e-29  4.574626e-29  2.590240e-29  8.412544e-30  3.083434e-30  2.035586e-29  7.064443e-30  8.226655e-30  8.143550e-30  4.084319e-30  1.526685e-30  3.380822e-33  0.000000e+00  0.000000e+00  0.000000e+00  7.517221e-31  2.685068e-30  1.435972e-29  2.335770e-29  7.601083e-30  1.689728e-29  9.546412e-30  3.767511e-30  6.119800e-31  0.000000e+00  0.000000e+00  0.000000e+00  0.000000e+00  0.000000e+00  0.000000e+00  0.000000e+00  4.647491e-30  8.066372e-29  1.178240e-28  3.868904e-29  7.660306e-29  5.713846e-29  2.600311e-29  6.932653e-30  1.854601e-30  2.127731e-31  3.035368e-30  2.317201e-30  1.525481e-30  3.804818e-30  2.310810e-29  7.868326e-29  4.388266e-29  3.913674e-29  4.797010e-29  3.282906e-29  1.440998e-29  4.335339e-30  4.348825e-30  2.789370e-30  1.197442e-30  2.516462e-33  0.000000e+00  0.000000e+00  0.000000e+00  0.000000e+00  4.674011e-34  1.540768e-30  5.764951e-30  1.008854e-29  1.216094e-29  3.352096e-29  3.401944e-29  1.362103e-29  3.634278e-30  1.019620e-30  2.729616e-31  0.000000e+00  0.000000e+00  0.000000e+00  0.000000e+00  0.000000e+00  0.000000e+00  0.000000e+00  0.000000e+00  0.000000e+00  0.000000e+00  1.906186e-30  3.133020e-30  6.154841e-31  1.733090e-30  1.329897e-30  8.036955e-31  2.942657e-31  1.944345e-27  4.481761e-26  1.212870e-26  1.453733e-26  1.610695e-26  1.187536e-26  5.184350e-27  2.890139e-27  7.806910e-28  4.553563e-28  1.810085e-28  1.518517e-28  6.983577e-29  7.594710e-26  8.243767e-26  2.049219e-26  4.838532e-26  4.204098e-26  2.680704e-26  1.313297e-26  8.472349e-27  5.106876e-27  2.877811e-27  1.600839e-27  6.918421e-28  9.302166e-28  1.248274e-27  1.139199e-26  1.801417e-26  5.003714e-27  8.902931e-27  8.504574e-27  4.785647e-27  3.410265e-27  1.216250e-27  1.788024e-27  1.579823e-27  8.088576e-28  1.657102e-27  9.669056e-28  9.755956e-28  6.919946e-28  5.170729e-28  3.816949e-28  1.489000e-28  9.478433e-29  7.518519e-29  5.487137e-29  2.126879e-29  1.803017e-29  1.816051e-29  1.312887e-29  6.955750e-29  6.380887e-29  1.106978e-28  1.761970e-28  3.487969e-28  5.003073e-28  2.240384e-28  2.619829e-28  3.768651e-28  2.466092e-28  1.599814e-28  3.981334e-29  1.652362e-29
0.000000e+00  0.000000e+00  0.000000e+00  0.000000e+00  0.000000e+00  0.000000e+00  0.000000e+00  0.000000e+00  0.000000e+00  0.000000e+00  0.000000e+00  0.000000e+00  0.000000e+00  0.000000e+00  0.000000e+00  0.000000e+00  0.000000e+00  0.000000e+00  0.000000e+00  0.000000e+00  0.000000e+00  0.000000e+00  0.000000e+00  0.000000e+00  0.000000e+00  0.000000e+00  0.000000e+00  0.000000e+00  0.000000e+00  0.000000e+00  0.000000e+00  0.000000e+00  0.000000e+00  0.000000e+00  0.000000e+00  0.000000e+00  0.000000e+00  0.000000e+00  0.000000e+00  0.000000e+00  0.000000e+00  0.000000e+00  0.000000e+00  0.000000e+00  0.000000e+00  0.000000e+00  0.000000e+00  0.000000e+00  0.000000e+00  0.000000e+00  0.000000e+00  0.000000e+00  0.000000e+00  0.000000e+00  0.000000e+00  0.000000e+00  0.000000e+00  0.000000e+00  0.000000e+00  0.000000e+00  0.000000e+00  0.000000e+00  0.000000e+00  0.000000e+00  0.000000e+00  0.000000e+00  0.000000e+00  0.000000e+00  0.000000e+00  0.000000e+00  0.000000e+00  0.000000e+00  0.000000e+00  0.000000e+00  0.000000e+00  0.000000e+00  0.000000e+00  0.000000e+00  0.000000e+00  0.000000e+00  0.000000e+00  0.000000e+00  0.000000e+00  0.000000e+00  0.000000e+00  0.000000e+00  0.000000e+00  0.000000e+00  0.000000e+00  0.000000e+00  0.000000e+00  0.000000e+00  0.000000e+00  0.000000e+00  0.000000e+00  0.000000e+00  0.000000e+00  0.000000e+00  0.000000e+00  0.000000e+00  0.000000e+00  0.000000e+00  0.000000e+00  0.000000e+00  0.000000e+00  0.000000e+00  0.000000e+00  0.000000e+00  0.000000e+00  0.000000e+00  0.000000e+00  0.000000e+00  0.000000e+00  0.000000e+00  0.000000e+00  0.000000e+00  0.000000e+00  0.000000e+00  0.000000e+00  0.000000e+00  0.000000e+00  0.000000e+00  0.000000e+00  0.000000e+00  0.000000e+00  0.000000e+00  0.000000e+00  0.000000e+00  0.000000e+00  0.000000e+00  0.000000e+00  0.000000e+00  0.000000e+00  0.000000e+00  0.000000e+00  0.000000e+00  0.000000e+00  0.000000e+00  0.000000e+00  0.000000e+00  0.000000e+00  0.000000e+00  0.000000e+00  0.000000e+00  0.000000e+00  0.000000e+00  0.000000e+00  0.000000e+00  0.000000e+00  0.000000e+00  0.000000e+00  0.000000e+00  0.000000e+00  0.000000e+00  0.000000e+00  0.000000e+00  0.000000e+00  0.000000e+00  0.000000e+00  0.000000e+00  0.000000e+00  0.000000e+00  0.000000e+00  0.000000e+00  0.000000e+00  0.000000e+00  0.000000e+00  0.000000e+00  0.000000e+00  0.000000e+00  0.000000e+00  0.000000e+00  0.000000e+00  0.000000e+00  0.000000e+00  0.000000e+00  0.000000e+00  0.000000e+00  0.000000e+00  0.000000e+00  0.000000e+00  0.000000e+00  0.000000e+00  0.000000e+00  0.000000e+00  0.000000e+00  0.000000e+00  0.000000e+00  0.000000e+00  0.000000e+00  0.000000e+00  0.000000e+00  0.000000e+00  0.000000e+00  0.000000e+00  0.000000e+00  0.000000e+00  0.000000e+00  0.000000e+00  0.000000e+00  0.000000e+00  0.000000e+00  0.000000e+00  0.000000e+00  0.000000e+00  0.000000e+00  0.000000e+00  0.000000e+00  0.000000e+00  0.000000e+00  0.000000e+00  0.000000e+00  0.000000e+00  0.000000e+00  0.000000e+00  0.000000e+00  0.000000e+00  0.000000e+00  0.000000e+00  0.000000e+00  0.000000e+00  0.000000e+00  0.000000e+00  0.000000e+00  0.000000e+00  0.000000e+00  0.000000e+00  0.000000e+00  0.000000e+00  0.000000e+00  0.000000e+00  0.000000e+00  0.000000e+00  0.000000e+00  0.000000e+00  2.547572e-31  1.764272e-31  0.000000e+00  0.000000e+00  0.000000e+00  0.000000e+00  0.000000e+00  0.000000e+00  0.000000e+00  0.000000e+00  0.000000e+00  0.000000e+00  0.000000e+00  0.000000e+00  0.000000e+00  0.000000e+00  0.000000e+00  0.000000e+00  3.921921e-30  1.178224e-30  2.001698e-31  7.972821e-31  6.146321e-31  1.304580e-31  0.000000e+00  0.000000e+00  0.000000e+00  0.000000e+00  0.000000e+00  0.000000e+00  0.000000e+00  0.000000e+00  0.000000e+00  0.000000e+00  0.000000e+00  0.000000e+00  0.000000e+00  0.000000e+00  0.000000e+00  6.621297e-33  5.301048e-30  1.618369e-30  1.262894e-31  0.000000e+00  6.276300e-30  3.814614e-30  1.706304e-30  1.706104e-31  0.000000e+00  5.340375e-31  6.885595e-31  3.599740e-31  0.000000e+00  0.000000e+00  0.000000e+00  0.000000e+00  0.000000e+00  0.000000e+00  0.000000e+00  0.000000e+00  0.000000e+00  0.000000e+00  0.000000e+00  1.088470e-29  4.801383e-30  1.548030e-30  2.946828e-31  0.000000e+00  0.000000e+00  0.000000e+00  0.000000e+00  0.000000e+00  0.000000e+00  0.000000e+00  0.000000e+00  0.000000e+00  0.000000e+00  0.000000e+00  0.000000e+00  0.000000e+00  0.000000e+00  0.000000e+00  0.000000e+00  0.000000e+00  0.000000e+00  1.277391e-29  7.736549e-30  4.133636e-30  5.471513e-31  0.000000e+00  0.000000e+00  7.352099e-29  3.838774e-29  1.758958e-29  4.237864e-30  8.126001e-31  3.313701e-29  1.822133e-29  7.745511e-30  2.116355e-30  1.710712e-30  9.372683e-31  3.590293e-32  1.634558e-30  9.449482e-31  5.400088e-31  0.000000e+00  0.000000e+00  0.000000e+00  0.000000e+00  0.000000e+00  0.000000e+00  0.000000e+00  0.000000e+00  0.000000e+00  0.000000e+00  0.000000e+00  0.000000e+00  0.000000e+00  0.000000e+00  0.000000e+00  0.000000e+00  0.000000e+00  0.000000e+00  0.000000e+00  0.000000e+00  0.000000e+00  0.000000e+00  0.000000e+00  0.000000e+00  0.000000e+00  0.000000e+00  0.000000e+00  0.000000e+00  0.000000e+00  0.000000e+00  0.000000e+00  0.000000e+00  0.000000e+00  0.000000e+00  0.000000e+00  0.000000e+00  0.000000e+00  0.000000e+00  0.000000e+00  1.095611e-28  2.417590e-28  1.686410e-28  5.300385e-29  1.741055e-29  3.318017e-30  5.106566e-28  2.495486e-28  1.601153e-28  7.336380e-29  2.751322e-29  1.445441e-29  5.552769e-30  6.417909e-29  3.231693e-29  1.724189e-29  4.968718e-30  1.213547e-30  9.227151e-30  4.310867e-30  2.725356e-30  7.105935e-31  4.583041e-32  8.769363e-31  2.717381e-30  1.546459e-30  5.923180e-31  1.114388e-31  0.000000e+00  0.000000e+00  0.000000e+00  0.000000e+00  0.000000e+00  0.000000e+00  0.000000e+00  0.000000e+00  0.000000e+00  0.000000e+00  0.000000e+00  0.000000e+00  0.000000e+00  0.000000e+00  0.000000e+00  0.000000e+00  0.000000e+00  0.000000e+00  0.000000e+00  0.000000e+00  0.000000e+00  0.000000e+00  0.000000e+00  0.000000e+00  0.000000e+00  0.000000e+00  0.000000e+00  0.000000e+00  0.000000e+00  0.000000e+00  0.000000e+00  0.000000e+00  0.000000e+00  0.000000e+00  0.000000e+00  0.000000e+00  0.000000e+00  0.000000e+00  0.000000e+00  0.000000e+00  0.000000e+00  0.000000e+00  0.000000e+00  0.000000e+00  2.707695e-27  1.257240e-27  1.336358e-27  7.054230e-28  3.053997e-28  1.083194e-28  1.494388e-28  1.515294e-27  6.788743e-28  3.667665e-28  1.394274e-28  4.297531e-29  1.195560e-28  5.333404e-29  3.122609e-29  1.586064e-29  6.934560e-30  3.144496e-30  1.873848e-30  8.009975e-31  1.626456e-29  2.289226e-29  1.611814e-29  1.028908e-29  3.403097e-30  2.022230e-30  2.000720e-30  2.271443e-30  9.546565e-30  4.264823e-30  2.814576e-30  9.001317e-31  2.905930e-31  0.000000e+00  0.000000e+00  0.000000e+00  0.000000e+00  0.000000e+00  1.601199e-29  8.021882e-30  9.501886e-30  4.219777e-30  1.452140e-30  2.552469e-31  0.000000e+00  0.000000e+00  0.000000e+00  4.225389e-29  1.706610e-29  2.300358e-29  1.113792e-29  3.911803e-30  1.086396e-30  1.214389e-31  0.000000e+00  0.000000e+00  6.147624e-30  1.278305e-29  7.251134e-30  5.772578e-30  2.301919e-30  6.662139e-31  3.204352e-33  0.000000e+00  0.000000e+00  0.000000e+00  0.000000e+00  0.000000e+00  0.000000e+00  0.000000e+00  0.000000e+00  0.000000e+00  0.000000e+00  0.000000e+00  0.000000e+00  0.000000e+00  0.000000e+00  0.000000e+00  0.000000e+00  0.000000e+00  0.000000e+00  5.348553e-31  8.954324e-31  5.692671e-31  7.370678e-31  5.471716e-34  0.000000e+00  1.394275e-26  3.758461e-27  6.304550e-27  3.286498e-27  1.705587e-27  1.536319e-27  5.288379e-28  4.655547e-28  2.404627e-28  1.286914e-28  8.424053e-29  3.160878e-29  1.822879e-29  9.250086e-30  2.996392e-30  8.440431e-31  7.756385e-31  8.732036e-31  1.279912e-30  6.466572e-31  8.028669e-31  1.259487e-34  0.000000e+00  0.000000e+00  8.009846e-29  8.072873e-29  5.694238e-29  3.990665e-29  2.427715e-29  1.877960e-29  6.115644e-30  5.628808e-30  3.045023e-30  1.417700e-30  4.642422e-31  1.452220e-35  0.000000e+00  0.000000e+00  0.000000e+00  1.563784e-29  2.952412e-28  1.528314e-28  1.630389e-28  1.247954e-28  5.854975e-29  1.542472e-29  4.019534e-30  7.329286e-31  1.458242e-31  0.000000e+00  4.020572e-31  2.814877e-29  1.615045e-27  1.102884e-27  9.955223e-28  8.671930e-28  4.480407e-28  2.068126e-28  7.119981e-29  2.749563e-29  8.289729e-30  4.432820e-30  1.081037e-27  1.097434e-27  5.544203e-28  6.993370e-28  4.359039e-28  2.042010e-28  9.846766e-29  4.380607e-29  4.316449e-29  2.708753e-29  3.865011e-29  1.054457e-29  2.165389e-29  1.533697e-29  1.148474e-28  4.313784e-29  4.662879e-29  4.593704e-29  2.575674e-29  8.238154e-30  2.962328e-30  1.989474e-29  6.965087e-30  8.127794e-30  7.975061e-30  3.943419e-30  1.458267e-30  2.998190e-33  0.000000e+00  0.000000e+00  0.000000e+00  7.254403e-31  2.604348e-30  1.427659e-29  2.354155e-29  7.705432e-30  1.704963e-29  9.518979e-30  3.712540e-30  5.892626e-31  0.000000e+00  0.000000e+00  0.000000e+00  0.000000e+00  0.000000e+00  0.000000e+00  0.000000e+00  4.361994e-30  7.981839e-29  1.184952e-28  3.890130e-29  7.719126e-29  5.698299e-29  2.559889e-29  6.696236e-30  1.764584e-30  1.998161e-31  2.802045e-30  2.151947e-30  1.428704e-30  3.669128e-30  2.265955e-29  7.887113e-29  4.444225e-29  3.961704e-29  4.822332e-29  3.254530e-29  1.409527e-29  4.205836e-30  4.206370e-30  2.683196e-30  1.139421e-30  2.187044e-33  0.000000e+00  0.000000e+00  0.000000e+00  0.000000e+00  3.873305e-34  1.506603e-30  5.744805e-30  1.018430e-29  1.212341e-29  3.362312e-29  3.425462e-29  1.353310e-29  3.582492e-30  1.000641e-30  2.649154e-31  0.000000e+00  0.000000e+00  0.000000e+00  0.000000e+00  0.000000e+00  0.000000e+00  0.000000e+00  0.000000e+00  0.000000e+00  0.000000e+00  1.755747e-30  2.932365e-30  5.767871e-31  1.622592e-30  1.236202e-30  7.405362e-31  2.681424e-31  1.888118e-27  4.482291e-26  1.220939e-26  1.468493e-26  1.616555e-26  1.183570e-26  5.109743e-27  2.827369e-27  7.463740e-28  4.329858e-28  1.711536e-28  1.483146e-28  6.695727e-29  7.547577e-26  8.328419e-26  2.074227e-26  4.894174e-26  4.206966e-26  2.649538e-26  1.294632e-26  8.264312e-27  4.927806e-27  2.740162e-27  1.517389e-27  6.493023e-28  8.983766e-28  1.226480e-27  1.126824e-26  1.815120e-26  5.073570e-27  9.011450e-27  8.539757e-27  4.765430e-27  3.376517e-27  1.187311e-27  1.713302e-27  1.530203e-27  7.920525e-28  1.641113e-27  9.426269e-28  9.551726e-28  6.817139e-28  5.046644e-28  3.707541e-28  1.431299e-28  9.041775e-29  7.077182e-29  5.150474e-29  1.978125e-29  1.677854e-29  1.710519e-29  1.224160e-29  6.801929e-29  6.210393e-29  1.094197e-28  1.746419e-28  3.469882e-28  5.035205e-28  2.260458e-28  2.635496e-28  3.796148e-28  2.461990e-28  1.589300e-28  3.887582e-29  1.601054e-29
0.000000e+00  0.000000e+00  0.000000e+00  0.000000e+00  0.000000e+00  0.000000e+00  0.000000e+00  0.000000e+00  0.000000e+00  0.000000e+00  0.000000e+00  0.000000e+00  0.000000e+00  0.000000e+00  0.000000e+00  0.000000e+00  0.000000e+00  0.000000e+00  0.000000e+00  0.000000e+00  0.000000e+00  0.000000e+00  0.000000e+00  0.000000e+00  0.000000e+00  0.000000e+00  0.000000e+00  0.000000e+00  0.000000e+00  0.000000e+00  0.000000e+00  0.000000e+00  0.000000e+00  0.000000e+00  0.000000e+00  0.000000e+00  0.000000e+00  0.000000e+00  0.000000e+00  0.000000e+00  0.000000e+00  0.000000e+00  0.000000e+00  0.000000e+00  0.000000e+00  0.000000e+00  0.000000e+00  0.000000e+00  0.000000e+00  0.000000e+00  0.000000e+00  0.000000e+00  0.000000e+00  0.000000e+00  0.000000e+00  0.000000e+00  0.000000e+00  0.000000e+00  0.000000e+00  0.000000e+00  0.000000e+00  0.000000e+00  0.000000e+00  0.000000e+00  0.000000e+00  0.000000e+00  0.000000e+00  0.000000e+00  0.000000e+00  0.000000e+00  0.000000e+00  0.000000e+00  0.000000e+00  0.000000e+00  0.000000e+00  0.000000e+00  0.000000e+00  0.000000e+00  0.000000e+00  0.000000e+00  0.000000e+00  0.000000e+00  0.000000e+00  0.000000e+00  0.000000e+00  0.000000e+00  0.000000e+00  0.000000e+00  0.000000e+00  0.000000e+00  0.000000e+00  0.000000e+00  0.000000e+00  0.000000e+00  0.000000e+00  0.000000e+00  0.000000e+00  0.000000e+00  0.000000e+00  0.000000e+00  0.000000e+00  0.000000e+00  0.000000e+00  0.000000e+00  0.000000e+00  0.000000e+00  0.000000e+00  0.000000e+00  0.000000e+00  0.000000e+00  0.000000e+00  0.000000e+00  0.000000e+00  0.000000e+00  0.000000e+00  0.000000e+00  0.000000e+00  0.000000e+00  0.000000e+00  0.000000e+00  0.000000e+00  0.000000e+00  0.000000e+00  0.000000e+00  0.000000e+00  0.000000e+00  0.000000e+00  0.000000e+00  0.000000e+00  0.000000e+00  0.000000e+00  0.000000e+00  0.000000e+00  0.000000e+00  0.000000e+00  0.000000e+00  0.000000e+00  0.000000e+00  0.000000e+00  0.000000e+00  0.000000e+00  0.000000e+00  0.000000e+00  0.000000e+00  0.000000e+00  0.000000e+00  0.000000e+00  0.000000e+00  0.000000e+00  0.000000e+00  0.000000e+00  0.000000e+00  0.000000e+00  0.000000e+00  0.000000e+00  0.000000e+00  0.000000e+00  0.000000e+00  0.000000e+00  0.000000e+00  0.000000e+00  0.000000e+00  0.000000e+00  0.000000e+00  0.000000e+00  0.000000e+00  0.000000e+00  0.000000e+00  0.000000e+00  0.000000e+00  0.000000e+00  0.000000e+00  0.000000e+00  0.000000e+00  0.000000e+00  0.000000e+00  0.000000e+00  0.000000e+00  0.000000e+00  0.000000e+00  0.000000e+00  0.000000e+00  0.000000e+00  0.000000e+00  0.000000e+00  0.000000e+00  0.000000e+00  0.000000e+00  0.000000e+00  0.000000e+00  0.000000e+00  0.000000e+00  0.000000e+00  0.000000e+00  0.000000e+00  0.000000e+00  0.000000e+00  0.000000e+00  0.000000e+00  0.000000e+00  0.000000e+00  0.000000e+00  0.000000e+00  0.000000e+00  0.000000e+00  0.000000e+00  0.000000e+00  0.000000e+00  0.000000e+00  0.000000e+00  0.000000e+00  0.000000e+00  0.000000e+00  0.000000e+00  0.000000e+00  0.000000e+00  0.000000e+00  0.000000e+00  0.000000e+00  0.000000e+00  0.000000e+00  0.000000e+00  0.000000e+00  0.000000e+00  0.000000e+00  0.000000e+00  0.000000e+00  0.000000e+00  0.000000e+00  0.000000e+00  0.000000e+00  0.000000e+00  0.000000e+00  0.000000e+00  0.000000e+00  2.567222e-31  1.778167e-31  0.000000e+00  0.000000e+00  0.000000e+00  0.000000e+00  0.000000e+00  0.000000e+00  0.000000e+00  0.000000e+00  0.000000e+00  0.000000e+00  0.000000e+00  0.000000e+00  0.000000e+00  0.000000e+00  0.000000e+00  0.000000e+00  3.946271e-30  1.178240e-30  1.965761e-31  8.018408e-31  6.195027e-31  1.298205e-31  0.000000e+00  0.000000e+00  0.000000e+00  0.000000e+00  0.000000e+00  0.000000e+00  0.000000e+00  0.000000e+00  0.000000e+00  0.000000e+00  0.000000e+00  0.000000e+00  0.000000e+00  0.000000e+00  0.000000e+00  5.537072e-33  5.341597e-30  1.616588e-30  1.245682e-31  0.000000e+00  6.297609e-30  3.848252e-30  1.694606e-30  1.658699e-31  0.000000e+00  5.350345e-31  6.956089e-31  3.605864e-31  0.000000e+00  0.000000e+00  0.000000e+00  0.000000e+00  0.000000e+00  0.000000e+00  0.000000e+00  0.000000e+00  0.000000e+00  0.000000e+00  0.000000e+00  1.094279e-29  4.824194e-30  1.531525e-30  2.860849e-31  0.000000e+00  0.000000e+00  0.000000e+00  0.000000e+00  0.000000e+00  0.000000e+00  0.000000e+00  0.000000e+00  0.000000e+00  0.000000e+00  0.000000e+00  0.000000e+00  0.000000e+00  0.000000e+00  0.000000e+00  0.000000e+00  0.000000e+00  0.000000e+00  1.282146e-29  7.791050e-30  4.112673e-30  5.327001e-31  0.000000e+00  0.000000e+00  7.379864e-29  3.868772e-29  1.735174e-29  4.103689e-30  7.725217e-31  3.324516e-29  1.837726e-29  7.687450e-30  2.053151e-30  1.654532e-30  9.026099e-31  3.419266e-32  1.642317e-30  9.531880e-31  5.385072e-31  0.000000e+00  0.000000e+00  0.000000e+00  0.000000e+00  0.000000e+00  0.000000e+00  0.000000e+00  0.000000e+00  0.000000e+00  0.000000e+00  0.000000e+00  0.000000e+00  0.000000e+00  0.000000e+00  0.000000e+00  0.000000e+00  0.000000e+00  0.000000e+00  0.000000e+00  0.000000e+00  0.000000e+00  0.000000e+00  0.000000e+00  0.000000e+00  0.000000e+00  0.000000e+00  0.000000e+00  0.000000e+00  0.000000e+00  0.000000e+00  0.000000e+00  0.000000e+00  0.000000e+00  0.000000e+00  0.000000e+00  0.000000e+00  0.000000e+00  0.000000e+00  0.000000e+00  1.099155e-28  2.431216e-28  1.688592e-28  5.224157e-29  1.687984e-29  3.151124e-30  5.122864e-28  2.519089e-28  1.600358e-28  7.172423e-29  2.663156e-29  1.389430e-29  5.246643e-30  6.424283e-29  3.259692e-29  1.719478e-29  4.872644e-30  1.167278e-30  9.061068e-30  4.249990e-30  2.672284e-30  6.933239e-31  4.480577e-32  8.765391e-31  2.740749e-30  1.554762e-30  5.879517e-31  1.094664e-31  0.000000e+00  0.000000e+00  0.000000e+00  0.000000e+00  0.000000e+00  0.000000e+00  0.000000e+00  0.000000e+00  0.000000e+00  0.000000e+00  0.000000e+00  0.000000e+00  0.000000e+00  0.000000e+00  0.000000e+00  0.000000e+00  0.000000e+00  0.000000e+00  0.000000e+00  0.000000e+00  0.000000e+00  0.000000e+00  0.000000e+00  0.000000e+00  0.000000e+00  0.000000e+00  0.000000e+00  0.000000e+00  0.000000e+00  0.000000e+00  0.000000e+00  0.000000e+00  0.000000e+00  0.000000e+00  0.000000e+00  0.000000e+00  0.000000e+00  0.000000e+00  0.000000e+00  0.000000e+00  0.000000e+00  0.000000e+00  0.000000e+00  0.000000e+00  2.715920e-27  1.270986e-27  1.342152e-27  6.945740e-28  2.991525e-28  1.043237e-28  1.447254e-28  1.521906e-27  6.842508e-28  3.657707e-28  1.372446e-28  4.168000e-29  1.151712e-28  5.182675e-29  3.008973e-29  1.512117e-29  6.519553e-30  2.920601e-30  1.733883e-30  7.358855e-31  1.631765e-29  2.298822e-29  1.627913e-29  1.022439e-29  3.350096e-30  1.961156e-30  1.970455e-30  2.291672e-30  9.594097e-30  4.296504e-30  2.821251e-30  8.896099e-31  2.839786e-31  0.000000e+00  0.000000e+00  0.000000e+00  0.000000e+00  0.000000e+00  1.601413e-29  8.132362e-30  9.574669e-30  4.198097e-30  1.425261e-30  2.462929e-31  0.000000e+00  0.000000e+00  0.000000e+00  4.230324e-29  1.727665e-29  2.318618e-29  1.105288e-29  3.841032e-30  1.049885e-30  1.167219e-31  0.000000e+00  0.000000e+00  6.077525e-30  1.290030e-29  7.339245e-30  5.779749e-30  2.272440e-30  6.463034e-31  2.890381e-33  0.000000e+00  0.000000e+00  0.000000e+00  0.000000e+00  0.000000e+00  0.000000e+00  0.000000e+00  0.000000e+00  0.000000e+00  0.000000e+00  0.000000e+00  0.000000e+00  0.000000e+00  0.000000e+00  0.000000e+00  0.000000e+00  0.000000e+00  0.000000e+00  5.347363e-31  9.050041e-31  5.750524e-31  7.398435e-31  4.924654e-34  0.000000e+00  1.399542e-26  3.780582e-27  6.360817e-27  3.282518e-27  1.686559e-27  1.486999e-27  5.127215e-28  4.503884e-28  2.309382e-28  1.223926e-28  7.890145e-29  2.950898e-29  1.685002e-29  8.513032e-30  2.703476e-30  7.549690e-31  7.053256e-31  8.339240e-31  1.252413e-30  6.223785e-31  7.915865e-31  9.134148e-35  0.000000e+00  0.000000e+00  8.022210e-29  8.119896e-29  5.757970e-29  4.002657e-29  2.414531e-29  1.828475e-29  5.949170e-30  5.449815e-30  2.920728e-30  1.350569e-30  4.363792e-31  0.000000e+00  0.000000e+00  0.000000e+00  0.000000e+00  1.492484e-29  2.941704e-28  1.545798e-28  1.640812e-28  1.247638e-28  5.787119e-29  1.501145e-29  3.855022e-30  6.893718e-31  1.354798e-31  0.000000e+00  3.824800e-31  2.784016e-29  1.611479e-27  1.114992e-27  1.001314e-27  8.699749e-28  4.437993e-28  2.022873e-28  6.859313e-29  2.593545e-29  7.774887e-30  4.137007e-30  1.073832e-27  1.109759e-27  5.612656e-28  7.036316e-28  4.342424e-28  1.990414e-28  9.530068e-29  4.225329e-29  4.154649e-29  2.568008e-29  3.801405e-29  1.025285e-29  2.160360e-29  1.507148e-29  1.149108e-28  4.351493e-29  4.713284e-29  4.612091e-29  2.560074e-29  8.062018e-30  2.843238e-30  1.943773e-29  6.865907e-30  8.028955e-30  7.806941e-30  3.804783e-30  1.391538e-30  2.649224e-33  0.000000e+00  0.000000e+00  0.000000e+00  6.993090e-31  2.523552e-30  1.418907e-29  2.372583e-29  7.813081e-30  1.719913e-29  9.488770e-30  3.656001e-30  5.666904e-31  0.000000e+00  0.000000e+00  0.000000e+00  0.000000e+00  0.000000e+00  0.000000e+00  0.000000e+00  4.087081e-30  7.896862e-29  1.191742e-28  3.912461e-29  7.779032e-29  5.681896e-29  2.518822e-29  6.462792e-30  1.676639e-30  1.873498e-31  2.581260e-30  1.994630e-30  1.335903e-30  3.537979e-30  2.221078e-29  7.905333e-29  4.501333e-29  4.010256e-29  4.847748e-29  3.225305e-29  1.377780e-29  4.076353e-30  4.064408e-30  2.578082e-30  1.082682e-30  1.897654e-33  0.000000e+00  0.000000e+00  0.000000e+00  0.000000e+00  3.228387e-34  1.472108e-30  5.723096e-30  1.028023e-29  1.208414e-29  3.372676e-29  3.448767e-29  1.344138e-29  3.530233e-30  9.816563e-31  2.568521e-31  0.000000e+00  0.000000e+00  0.000000e+00  0.000000e+00  0.000000e+00  0.000000e+00  0.000000e+00  0.000000e+00  0.000000e+00  0.000000e+00  1.613766e-30  2.739420e-30  5.396321e-31  1.516320e-30  1.146800e-30  6.807954e-31  2.437400e-31  1.831395e-27  4.482654e-26  1.229489e-26  1.483572e-26  1.622359e-26  1.179433e-26  5.033882e-27  2.763975e-27  7.128520e-28  4.113086e-28  1.616724e-28  1.449595e-28  6.424540e-29  7.498836e-26  8.413550e-26  2.099411e-26  4.950481e-26  4.209105e-26  2.618155e-26  1.275536e-26  8.054635e-27  4.750255e-27  2.606319e-27  1.436208e-27  6.085082e-28  8.679781e-28  1.205898e-27  1.114200e-26  1.829104e-26  5.145500e-27  9.120876e-27  8.575064e-27  4.744738e-27  3.340883e-27  1.158219e-27  1.639783e-27  1.480887e-27  7.752725e-28  1.625212e-27  9.186799e-28  9.352067e-28  6.717549e-28  4.926260e-28  3.601628e-28  1.375481e-28  8.618528e-29  6.655195e-29  4.829231e-29  1.837254e-29  1.559903e-29  1.611790e-29  1.140197e-29  6.651873e-29  6.042599e-29  1.081490e-28  1.730705e-28  3.451226e-28  5.067355e-28  2.281222e-28  2.651417e-28  3.823543e-28  2.457240e-28  1.578347e-28  3.793627e-29  1.550409e-29
0.000000e+00  0.000000e+00  0.000000e+00  0.000000e+00  0.000000e+00  0.000000e+00  0.000000e+00  0.000000e+00  0.000000e+00  0.000000e+00  0.000000e+00  0.000000e+00  0.000000e+00  0.000000e+00  0.000000e+00  0.000000e+00  0.000000e+00  0.000000e+00  0.000000e+00  0.000000e+00  0.000000e+00  0.000000e+00  0.000000e+00  0.000000e+00  0.000000e+00  0.000000e+00  0.000000e+00  0.000000e+00  0.000000e+00  0.000000e+00  0.000000e+00  0.000000e+00  0.000000e+00  0.000000e+00  0.000000e+00  0.000000e+00  0.000000e+00  0.000000e+00  0.000000e+00  0.000000e+00  0.000000e+00  0.000000e+00  0.000000e+00  0.000000e+00  0.000000e+00  0.000000e+00  0.000000e+00  0.000000e+00  0.000000e+00  0.000000e+00  0.000000e+00  0.000000e+00  0.000000e+00  0.000000e+00  0.000000e+00  0.000000e+00  0.000000e+00  0.000000e+00  0.000000e+00  0.000000e+00  0.000000e+00  0.000000e+00  0.000000e+00  0.000000e+00  0.000000e+00  0.000000e+00  0.000000e+00  0.000000e+00  0.000000e+00  0.000000e+00  0.000000e+00  0.000000e+00  0.000000e+00  0.000000e+00  0.000000e+00  0.000000e+00  0.000000e+00  0.000000e+00  0.000000e+00  0.000000e+00  0.000000e+00  0.000000e+00  0.000000e+00  0.000000e+00  0.000000e+00  0.000000e+00  0.000000e+00  0.000000e+00  0.000000e+00  0.000000e+00  0.000000e+00  0.000000e+00  0.000000e+00  0.000000e+00  0.000000e+00  0.000000e+00  0.000000e+00  0.000000e+00  0.000000e+00  0.000000e+00  0.000000e+00  0.000000e+00  0.000000e+00  0.000000e+00  0.000000e+00  0.000000e+00  0.000000e+00  0.000000e+00  0.000000e+00  0.000000e+00  0.000000e+00  0.000000e+00  0.000000e+00  0.000000e+00  0.000000e+00  0.000000e+00  0.000000e+00  0.000000e+00  0.000000e+00  0.000000e+00  0.000000e+00  0.000000e+00  0.000000e+00  0.000000e+00  0.000000e+00  0.000000e+00  0.000000e+00  0.000000e+00  0.000000e+00  0.000000e+00  0.000000e+00  0.000000e+00  0.000000e+00  0.000000e+00  0.000000e+00  0.000000e+00  0.000000e+00  0.000000e+00  0.000000e+00  0.000000e+00  0.000000e+00  0.000000e+00  0.000000e+00  0.000000e+00  0.000000e+00  0.000000e+00  0.000000e+00  0.000000e+00  0.000000e+00  0.000000e+00  0.000000e+00  0.000000e+00  0.000000e+00  0.000000e+00  0.000000e+00  0.000000e+00  0.000000e+00  0.000000e+00  0.000000e+00  0.000000e+00  0.000000e+00  0.000000e+00  0.000000e+00  0.000000e+00  0.000000e+00  0.000000e+00  0.000000e+00  0.000000e+00  0.000000e+00  0.000000e+00  0.000000e+00  0.000000e+00  0.000000e+00  0.000000e+00  0.000000e+00  0.000000e+00  0.000000e+00  0.000000e+00  0.000000e+00  0.000000e+00  0.000000e+00  0.000000e+00  0.000000e+00  0.000000e+00  0.000000e+00  0.000000e+00  0.000000e+00  0.000000e+00  0.000000e+00  0.000000e+00  0.000000e+00  0.000000e+00  0.000000e+00  0.000000e+00  0.000000e+00  0.000000e+00  0.000000e+00  0.000000e+00  0.000000e+00  0.000000e+00  0.000000e+00  0.000000e+00  0.000000e+00  0.000000e+00  0.000000e+00  0.000000e+00  0.000000e+00  0.000000e+00  0.000000e+00  0.000000e+00  0.000000e+00  0.000000e+00  0.000000e+00  0.000000e+00  0.000000e+00  0.000000e+00  0.000000e+00  0.000000e+00  0.000000e+00  0.000000e+00  0.000000e+00  0.000000e+00  0.000000e+00  0.000000e+00  0.000000e+00  0.000000e+00  0.000000e+00  0.000000e+00  0.000000e+00  0.000000e+00  0.000000e+00  0.000000e+00  0.000000e+00  0.000000e+00  0.000000e+00  2.586788e-31  1.792086e-31  0.000000e+00  0.000000e+00  0.000000e+00  0.000000e+00  0.000000e+00  0.000000e+00  0.000000e+00  0.000000e+00  0.000000e+00  0.000000e+00  0.000000e+00  0.000000e+00  0.000000e+00  0.000000e+00  0.000000e+00  0.000000e+00  3.970720e-30  1.177977e-30  1.929197e-31  8.063530e-31  6.243423e-31  1.291460e-31  0.000000e+00  0.000000e+00  0.000000e+00  0.000000e+00  0.000000e+00  0.000000e+00  0.000000e+00  0.000000e+00  0.000000e+00  0.000000e+00  0.000000e+00  0.000000e+00  0.000000e+00  0.000000e+00  0.000000e+00  4.536133e-33  5.382114e-30  1.614404e-30  1.227921e-31  0.000000e+00  6.318690e-30  3.881945e-30  1.682292e-30  1.611082e-31  0.000000e+00  5.358941e-31  7.027687e-31  3.610914e-31  0.000000e+00  0.000000e+00  0.000000e+00  0.000000e+00  0.000000e+00  0.000000e+00  0.000000e+00  0.000000e+00  0.000000e+00  0.000000e+00  0.000000e+00  1.100123e-29  4.846802e-30  1.514457e-30  2.774782e-31  0.000000e+00  0.000000e+00  0.000000e+00  0.000000e+00  0.000000e+00  0.000000e+00  0.000000e+00  0.000000e+00  0.000000e+00  0.000000e+00  0.000000e+00  0.000000e+00  0.000000e+00  0.000000e+00  0.000000e+00  0.000000e+00  0.000000e+00  0.000000e+00  1.286783e-29  7.846186e-30  4.090415e-30  5.181570e-31  0.000000e+00  0.000000e+00  7.407386e-29  3.898737e-29  1.710909e-29  3.969886e-30  7.333416e-31  3.335305e-29  1.853460e-29  7.626297e-30  1.989924e-30  1.598696e-30  8.682478e-31  3.251763e-32  1.650016e-30  9.615596e-31  5.368332e-31  0.000000e+00  0.000000e+00  0.000000e+00  0.000000e+00  0.000000e+00  0.000000e+00  0.000000e+00  0.000000e+00  0.000000e+00  0.000000e+00  0.000000e+00  0.000000e+00  0.000000e+00  0.000000e+00  0.000000e+00  0.000000e+00  0.000000e+00  0.000000e+00  0.000000e+00  0.000000e+00  0.000000e+00  0.000000e+00  0.000000e+00  0.000000e+00  0.000000e+00  0.000000e+00  0.000000e+00  0.000000e+00  0.000000e+00  0.000000e+00  0.000000e+00  0.000000e+00  0.000000e+00  0.000000e+00  0.000000e+00  0.000000e+00  0.000000e+00  0.000000e+00  0.000000e+00  1.102462e-28  2.444981e-28  1.690822e-28  5.146228e-29  1.634990e-29  2.988470e-30  5.138745e-28  2.542906e-28  1.599147e-28  7.007276e-29  2.575415e-29  1.334059e-29  4.949858e-30  6.430820e-29  3.288134e-29  1.714345e-29  4.774791e-30  1.121527e-30  8.895981e-30  4.189450e-30  2.619807e-30  6.762191e-31  4.375884e-32  8.758380e-31  2.764495e-30  1.562830e-30  5.833392e-31  1.074457e-31  0.000000e+00  0.000000e+00  0.000000e+00  0.000000e+00  0.000000e+00  0.000000e+00  0.000000e+00  0.000000e+00  0.000000e+00  0.000000e+00  0.000000e+00  0.000000e+00  0.000000e+00  0.000000e+00  0.000000e+00  0.000000e+00  0.000000e+00  0.000000e+00  0.000000e+00  0.000000e+00  0.000000e+00  0.000000e+00  0.000000e+00  0.000000e+00  0.000000e+00  0.000000e+00  0.000000e+00  0.000000e+00  0.000000e+00  0.000000e+00  0.000000e+00  0.000000e+00  0.000000e+00  0.000000e+00  0.000000e+00  0.000000e+00  0.000000e+00  0.000000e+00  0.000000e+00  0.000000e+00  0.000000e+00  0.000000e+00  0.000000e+00  0.000000e+00  2.723758e-27  1.285400e-27  1.347632e-27  6.836301e-28  2.928217e-28  1.003623e-28  1.400690e-28  1.528592e-27  6.897067e-28  3.647116e-28  1.350150e-28  4.039559e-29  1.108325e-28  5.032802e-29  2.896861e-29  1.440629e-29  6.122845e-30  2.707724e-30  1.601072e-30  6.745576e-31  1.636870e-29  2.308636e-29  1.644156e-29  1.015786e-29  3.296132e-30  1.900054e-30  1.940014e-30  2.311997e-30  9.641410e-30  4.328537e-30  2.827597e-30  8.787685e-31  2.772837e-31  0.000000e+00  0.000000e+00  0.000000e+00  0.000000e+00  0.000000e+00  1.601437e-29  8.245541e-30  9.647599e-30  4.175381e-30  1.397946e-30  2.373994e-31  0.000000e+00  0.000000e+00  0.000000e+00  4.234858e-29  1.749145e-29  2.336903e-29  1.096576e-29  3.769001e-30  1.013560e-30  1.120612e-31  0.000000e+00  0.000000e+00  6.005960e-30  1.301797e-29  7.428602e-30  5.786522e-30  2.242049e-30  6.263436e-31  2.598044e-33  0.000000e+00  0.000000e+00  0.000000e+00  0.000000e+00  0.000000e+00  0.000000e+00  0.000000e+00  0.000000e+00  0.000000e+00  0.000000e+00  0.000000e+00  0.000000e+00  0.000000e+00  0.000000e+00  0.000000e+00  0.000000e+00  0.000000e+00  0.000000e+00  5.344533e-31  9.146211e-31  5.809227e-31  7.424922e-31  4.389438e-34  0.000000e+00  1.404653e-26  3.804217e-27  6.417228e-27  3.277781e-27  1.666887e-27  1.437928e-27  4.967313e-28  4.353589e-28  2.216197e-28  1.163013e-28  7.380314e-29  2.750818e-29  1.554596e-29  7.820923e-30  2.432645e-30  6.733087e-31  6.399771e-31  7.963551e-31  1.226652e-30  5.996345e-31  7.811815e-31  5.698834e-35  0.000000e+00  0.000000e+00  8.032646e-29  8.168476e-29  5.822370e-29  4.014479e-29  2.400620e-29  1.778882e-29  5.781919e-30  5.271002e-30  2.798169e-30  1.284825e-30  4.094236e-31  0.000000e+00  0.000000e+00  0.000000e+00  0.000000e+00  1.422736e-29  2.930478e-28  1.563710e-28  1.651417e-28  1.247080e-28  5.717387e-29  1.459731e-29  3.692850e-30  6.472986e-31  1.255832e-31  0.000000e+00  3.633847e-31  2.752224e-29  1.607498e-27  1.127336e-27  1.007374e-27  8.726791e-28  4.394680e-28  1.977441e-28  6.600850e-29  2.443455e-29  7.283929e-30  3.855418e-30  1.066323e-27  1.122299e-27  5.682411e-28  7.078012e-28  4.324294e-28  1.938856e-28  9.215253e-29  4.071164e-29  3.994671e-29  2.431340e-29  3.740436e-29  9.976141e-30  2.156515e-29  1.481626e-29  1.149571e-28  4.389429e-29  4.763754e-29  4.630635e-29  2.543520e-29  7.884263e-30  2.726431e-30  1.898534e-29  6.766964e-30  7.930274e-30  7.638874e-30  3.668344e-30  1.326504e-30  2.327494e-33  0.000000e+00  0.000000e+00  0.000000e+00  6.734429e-31  2.442783e-30  1.409770e-29  2.391351e-29  7.923894e-30  1.734806e-29  9.455522e-30  3.598229e-30  5.442407e-31  0.000000e+00  0.000000e+00  0.000000e+00  0.000000e+00  0.000000e+00  0.000000e+00  0.000000e+00  3.823469e-30  7.811269e-29  1.198755e-28  3.936024e-29  7.839988e-29  5.664648e-29  2.477214e-29  6.232362e-30  1.590831e-30  1.753443e-31  2.372642e-30  1.845115e-30  1.246807e-30  3.411341e-30  2.176164e-29  7.922957e-29  4.559656e-29  4.059841e-29  4.872775e-29  3.195469e-29  1.345717e-29  3.946798e-30  3.922877e-30  2.474253e-30  1.027254e-30  1.673537e-33  0.000000e+00  0.000000e+00  0.000000e+00  0.000000e+00  2.736205e-34  1.437408e-30  5.699527e-30  1.037615e-29  1.204254e-29  3.382963e-29  3.472240e-29  1.334771e-29  3.477537e-30  9.626348e-31  2.488067e-31  0.000000e+00  0.000000e+00  0.000000e+00  0.000000e+00  0.000000e+00  0.000000e+00  0.000000e+00  0.000000e+00  0.000000e+00  0.000000e+00  1.479987e-30  2.554161e-30  5.040277e-31  1.414233e-30  1.061902e-30  6.244719e-31  2.210009e-31  1.775041e-27  4.482665e-26  1.238196e-26  1.498985e-26  1.628225e-26  1.175113e-26  4.956405e-27  2.699891e-27  6.800983e-28  3.903519e-28  1.525460e-28  1.417748e-28  6.169789e-29  7.448451e-26  8.500243e-26  2.124940e-26  5.007795e-26  4.210827e-26  2.586030e-26  1.256028e-26  7.843899e-27  4.574230e-27  2.476030e-27  1.357477e-27  5.694014e-28  8.390297e-28  1.186577e-27  1.101535e-26  1.842861e-26  5.218484e-27  9.232370e-27  8.609179e-27  4.723341e-27  3.304002e-27  1.128983e-27  1.567586e-27  1.431814e-27  7.585416e-28  1.609377e-27  8.950309e-28  9.157454e-28  6.621513e-28  4.809583e-28  3.499103e-28  1.321481e-28  8.208967e-29  6.251773e-29  4.523112e-29  1.704125e-29  1.448831e-29  1.519544e-29  1.060815e-29  6.505632e-29  5.877522e-29  1.068873e-28  1.714908e-28  3.432033e-28  5.099427e-28  2.302548e-28  2.667644e-28  3.850635e-28  2.451993e-28  1.567265e-28  3.699652e-29  1.500498e-29
0.000000e+00  0.000000e+00  0.000000e+00  0.000000e+00  0.000000e+00  0.000000e+00  0.000000e+00  0.000000e+00  0.000000e+00  0.000000e+00  0.000000e+00  0.000000e+00  0.000000e+00  0.000000e+00  0.000000e+00  0.000000e+00  0.000000e+00  0.000000e+00  0.000000e+00  0.000000e+00  0.000000e+00  0.000000e+00  0.000000e+00  0.000000e+00  0.000000e+00  0.000000e+00  0.000000e+00  0.000000e+00  0.000000e+00  0.000000e+00  0.000000e+00  0.000000e+00  0.000000e+00  0.000000e+00  0.000000e+00  0.000000e+00  0.000000e+00  0.000000e+00  0.000000e+00  0.000000e+00  0.000000e+00  0.000000e+00  0.000000e+00  0.000000e+00  0.000000e+00  0.000000e+00  0.000000e+00  0.000000e+00  0.000000e+00  0.000000e+00  0.000000e+00  0.000000e+00  0.000000e+00  0.000000e+00  0.000000e+00  0.000000e+00  0.000000e+00  0.000000e+00  0.000000e+00  0.000000e+00  0.000000e+00  0.000000e+00  0.000000e+00  0.000000e+00  0.000000e+00  0.000000e+00  0.000000e+00  0.000000e+00  0.000000e+00  0.000000e+00  0.000000e+00  0.000000e+00  0.000000e+00  0.000000e+00  0.000000e+00  0.000000e+00  0.000000e+00  0.000000e+00  0.000000e+00  0.000000e+00  0.000000e+00  0.000000e+00  0.000000e+00  0.000000e+00  0.000000e+00  0.000000e+00  0.000000e+00  0.000000e+00  0.000000e+00  0.000000e+00  0.000000e+00  0.000000e+00  0.000000e+00  0.000000e+00  0.000000e+00  0.000000e+00  0.000000e+00  0.000000e+00  0.000000e+00  0.000000e+00  0.000000e+00  0.000000e+00  0.000000e+00  0.000000e+00  0.000000e+00  0.000000e+00  0.000000e+00  0.000000e+00  0.000000e+00  0.000000e+00  0.000000e+00  0.000000e+00  0.000000e+00  0.000000e+00  0.000000e+00  0.000000e+00  0.000000e+00  0.000000e+00  0.000000e+00  0.000000e+00  0.000000e+00  0.000000e+00  0.000000e+00  0.000000e+00  0.000000e+00  0.000000e+00  0.000000e+00  0.000000e+00  0.000000e+00  0.000000e+00  0.000000e+00  0.000000e+00  0.000000e+00  0.000000e+00  0.000000e+00  0.000000e+00  0.000000e+00  0.000000e+00  0.000000e+00  0.000000e+00  0.000000e+00  0.000000e+00  0.000000e+00  0.000000e+00  0.000000e+00  0.000000e+00  0.000000e+00  0.000000e+00  0.000000e+00  0.000000e+00  0.000000e+00  0.000000e+00  0.000000e+00  0.000000e+00  0.000000e+00  0.000000e+00  0.000000e+00  0.000000e+00  0.000000e+00  0.000000e+00  0.000000e+00  0.000000e+00  0.000000e+00  0.000000e+00  0.000000e+00  0.000000e+00  0.000000e+00  0.000000e+00  0.000000e+00  0.000000e+00  0.000000e+00  0.000000e+00  0.000000e+00  0.000000e+00  0.000000e+00  0.000000e+00  0.000000e+00  0.000000e+00  0.000000e+00  0.000000e+00  0.000000e+00  0.000000e+00  0.000000e+00  0.000000e+00  0.000000e+00  0.000000e+00  0.000000e+00  0.000000e+00  0.000000e+00  0.000000e+00  0.000000e+00  0.000000e+00  0.000000e+00  0.000000e+00  0.000000e+00  0.000000e+00  0.000000e+00  0.000000e+00  0.000000e+00  0.000000e+00  0.000000e+00  0.000000e+00  0.000000e+00  0.000000e+00  0.000000e+00  0.000000e+00  0.000000e+00  0.000000e+00  0.000000e+00  0.000000e+00  0.000000e+00  0.000000e+00  0.000000e+00  0.000000e+00  0.000000e+00  0.000000e+00  0.000000e+00  0.000000e+00  0.000000e+00  0.000000e+00  0.000000e+00  0.000000e+00  0.000000e+00  0.000000e+00  0.000000e+00  0.000000e+00  0.000000e+00  0.000000e+00  0.000000e+00  0.000000e+00  0.000000e+00  0.000000e+00  0.000000e+00  0.000000e+00  0.000000e+00  2.606378e-31  1.806002e-31  0.000000e+00  0.000000e+00  0.000000e+00  0.000000e+00  0.000000e+00  0.000000e+00  0.000000e+00  0.000000e+00  0.000000e+00  0.000000e+00  0.000000e+00  0.000000e+00  0.000000e+00  0.000000e+00  0.000000e+00  0.000000e+00  3.995186e-30  1.177456e-30  1.892034e-31  8.108245e-31  6.292162e-31  1.284336e-31  0.000000e+00  0.000000e+00  0.000000e+00  0.000000e+00  0.000000e+00  0.000000e+00  0.000000e+00  0.000000e+00  0.000000e+00  0.000000e+00  0.000000e+00  0.000000e+00  0.000000e+00  0.000000e+00  0.000000e+00  3.683318e-33  5.422661e-30  1.612004e-30  1.209629e-31  0.000000e+00  6.339364e-30  3.916042e-30  1.669453e-30  1.563480e-31  0.000000e+00  5.366353e-31  7.100571e-31  3.615188e-31  0.000000e+00  0.000000e+00  0.000000e+00  0.000000e+00  0.000000e+00  0.000000e+00  0.000000e+00  0.000000e+00  0.000000e+00  0.000000e+00  0.000000e+00  1.105922e-29  4.869178e-30  1.496818e-30  2.689156e-31  0.000000e+00  0.000000e+00  0.000000e+00  0.000000e+00  0.000000e+00  0.000000e+00  0.000000e+00  0.000000e+00  0.000000e+00  0.000000e+00  0.000000e+00  0.000000e+00  0.000000e+00  0.000000e+00  0.000000e+00  0.000000e+00  0.000000e+00  0.000000e+00  1.291331e-29  7.901876e-30  4.066887e-30  5.034739e-31  0.000000e+00  0.000000e+00  7.434969e-29  3.928412e-29  1.686221e-29  3.836377e-30  6.951008e-31  3.346140e-29  1.869159e-29  7.562102e-30  1.926638e-30  1.543261e-30  8.342201e-31  3.087815e-32  1.657587e-30  9.700233e-31  5.349362e-31  0.000000e+00  0.000000e+00  0.000000e+00  0.000000e+00  0.000000e+00  0.000000e+00  0.000000e+00  0.000000e+00  0.000000e+00  0.000000e+00  0.000000e+00  0.000000e+00  0.000000e+00  0.000000e+00  0.000000e+00  0.000000e+00  0.000000e+00  0.000000e+00  0.000000e+00  0.000000e+00  0.000000e+00  0.000000e+00  0.000000e+00  0.000000e+00  0.000000e+00  0.000000e+00  0.000000e+00  0.000000e+00  0.000000e+00  0.000000e+00  0.000000e+00  0.000000e+00  0.000000e+00  0.000000e+00  0.000000e+00  0.000000e+00  0.000000e+00  0.000000e+00  0.000000e+00  1.105384e-28  2.459238e-28  1.693030e-28  5.066647e-29  1.582120e-29  2.830484e-30  5.154313e-28  2.566971e-28  1.597571e-28  6.841363e-29  2.488150e-29  1.279453e-29  4.662304e-30  6.437617e-29  3.316941e-29  1.708795e-29  4.675603e-30  1.076319e-30  8.732088e-30  4.129620e-30  2.568009e-30  6.593434e-31  4.269267e-32  8.748845e-31  2.788515e-30  1.570691e-30  5.784760e-31  1.053726e-31  0.000000e+00  0.000000e+00  0.000000e+00  0.000000e+00  0.000000e+00  0.000000e+00  0.000000e+00  0.000000e+00  0.000000e+00  0.000000e+00  0.000000e+00  0.000000e+00  0.000000e+00  0.000000e+00  0.000000e+00  0.000000e+00  0.000000e+00  0.000000e+00  0.000000e+00  0.000000e+00  0.000000e+00  0.000000e+00  0.000000e+00  0.000000e+00  0.000000e+00  0.000000e+00  0.000000e+00  0.000000e+00  0.000000e+00  0.000000e+00  0.000000e+00  0.000000e+00  0.000000e+00  0.000000e+00  0.000000e+00  0.000000e+00  0.000000e+00  0.000000e+00  0.000000e+00  0.000000e+00  0.000000e+00  0.000000e+00  0.000000e+00  0.000000e+00  2.731279e-27  1.300142e-27  1.353010e-27  6.725801e-28  2.863691e-28  9.643935e-29  1.355098e-28  1.535342e-27  6.951874e-28  3.635522e-28  1.327409e-28  3.912206e-29  1.065364e-28  4.884059e-29  2.786331e-29  1.371596e-29  5.744516e-30  2.505538e-30  1.475382e-30  6.169110e-31  1.641747e-29  2.318737e-29  1.660489e-29  1.008877e-29  3.241167e-30  1.838881e-30  1.909367e-30  2.332749e-30  9.687992e-30  4.360583e-30  2.833296e-30  8.676906e-31  2.704753e-31  0.000000e+00  0.000000e+00  0.000000e+00  0.000000e+00  0.000000e+00  1.601277e-29  8.360358e-30  9.720167e-30  4.151794e-30  1.370263e-30  2.285968e-31  0.000000e+00  0.000000e+00  0.000000e+00  4.238931e-29  1.771113e-29  2.355018e-29  1.087528e-29  3.695957e-30  9.775138e-31  1.074535e-31  0.000000e+00  0.000000e+00  5.932762e-30  1.313667e-29  7.518430e-30  5.792216e-30  2.210827e-30  6.063891e-31  2.330012e-33  0.000000e+00  0.000000e+00  0.000000e+00  0.000000e+00  0.000000e+00  0.000000e+00  0.000000e+00  0.000000e+00  0.000000e+00  0.000000e+00  0.000000e+00  0.000000e+00  0.000000e+00  0.000000e+00  0.000000e+00  0.000000e+00  0.000000e+00  0.000000e+00  5.340616e-31  9.242778e-31  5.869054e-31  7.449712e-31  3.871132e-34  0.000000e+00  1.409669e-26  3.829419e-27  6.473818e-27  3.272527e-27  1.646594e-27  1.389159e-27  4.808444e-28  4.204628e-28  2.125003e-28  1.104144e-28  6.893659e-29  2.560400e-29  1.431539e-29  7.172156e-30  2.182864e-30  5.986865e-31  5.793623e-31  7.604796e-31  1.202539e-30  5.784827e-31  7.715496e-31  2.281925e-35  0.000000e+00  0.000000e+00  8.040803e-29  8.218848e-29  5.887066e-29  4.026021e-29  2.385928e-29  1.729145e-29  5.614282e-30  5.092689e-30  2.677474e-30  1.220447e-30  3.834067e-31  0.000000e+00  0.000000e+00  0.000000e+00  0.000000e+00  1.354440e-29  2.918980e-28  1.581853e-28  1.662153e-28  1.246515e-28  5.645484e-29  1.418364e-29  3.533077e-30  6.067574e-31  1.161307e-31  0.000000e+00  3.446960e-31  2.719242e-29  1.603146e-27  1.139951e-27  1.013559e-27  8.753416e-28  4.350630e-28  1.931894e-28  6.344334e-29  2.299269e-29  6.816741e-30  3.587356e-30  1.058537e-27  1.135116e-27  5.753154e-28  7.119426e-28  4.304319e-28  1.887384e-28  8.902564e-29  3.918443e-29  3.836653e-29  2.298832e-29  3.681982e-29  9.715194e-30  2.153833e-29  1.456740e-29  1.149804e-28  4.428224e-29  4.814784e-29  4.648756e-29  2.525866e-29  7.705674e-30  2.611451e-30  1.853839e-29  6.668755e-30  7.831886e-30  7.471502e-30  3.534247e-30  1.263154e-30  2.034423e-33  0.000000e+00  0.000000e+00  0.000000e+00  6.478215e-31  2.362557e-30  1.400284e-29  2.410322e-29  8.037899e-30  1.749530e-29  9.419246e-30  3.539070e-30  5.219836e-31  0.000000e+00  0.000000e+00  0.000000e+00  0.000000e+00  0.000000e+00  0.000000e+00  0.000000e+00  3.571278e-30  7.724902e-29  1.205950e-28  3.960528e-29  7.902967e-29  5.645814e-29  2.435051e-29  6.006017e-30  1.507227e-30  1.638663e-31  2.175915e-30  1.703382e-30  1.161477e-30  3.289176e-30  2.131288e-29  7.940128e-29  4.619327e-29  4.110341e-29  4.897486e-29  3.164768e-29  1.313354e-29  3.817554e-30  3.782384e-30  2.371772e-30  9.731797e-31  1.463996e-33  0.000000e+00  0.000000e+00  0.000000e+00  0.000000e+00  2.178325e-34  1.402264e-30  5.674526e-30  1.047198e-29  1.199715e-29  3.393473e-29  3.495608e-29  1.325143e-29  3.424526e-30  9.436813e-31  2.407302e-31  0.000000e+00  0.000000e+00  0.000000e+00  0.000000e+00  0.000000e+00  0.000000e+00  0.000000e+00  0.000000e+00  0.000000e+00  0.000000e+00  1.354282e-30  2.376491e-30  4.700262e-31  1.316362e-30  9.812711e-31  5.714549e-31  1.998668e-31  1.718609e-27  4.482435e-26  1.247252e-26  1.514753e-26  1.634227e-26  1.170684e-26  4.877623e-27  2.635036e-27  6.482945e-28  3.700699e-28  1.437987e-28  1.387649e-28  5.930910e-29  7.396935e-26  8.587764e-26  2.150663e-26  5.065690e-26  4.212224e-26  2.553137e-26  1.236048e-26  7.632113e-27  4.399744e-27  2.349659e-27  1.281155e-27  5.319789e-28  8.115336e-28  1.168402e-27  1.088689e-26  1.856848e-26  5.293467e-27  9.345177e-27  8.643996e-27  4.701708e-27  3.264966e-27  1.099544e-27  1.496847e-27  1.383010e-27  7.418740e-28  1.593625e-27  8.717995e-28  8.967703e-28  6.528634e-28  4.696456e-28  3.399833e-28  1.269348e-28  7.812214e-29  5.866570e-29  4.231762e-29  1.578463e-29  1.344423e-29  1.433473e-29  9.858688e-30  6.362994e-29  5.715124e-29  1.056310e-28  1.699069e-28  3.412160e-28  5.131404e-28  2.323987e-28  2.684139e-28  3.877677e-28  2.446122e-28  1.555960e-28  3.605852e-29  1.451407e-29
0.000000e+00  0.000000e+00  0.000000e+00  0.000000e+00  0.000000e+00  0.000000e+00  0.000000e+00  0.000000e+00  0.000000e+00  0.000000e+00  0.000000e+00  0.000000e+00  0.000000e+00  0.000000e+00  0.000000e+00  0.000000e+00  0.000000e+00  0.000000e+00  0.000000e+00  0.000000e+00  0.000000e+00  0.000000e+00  0.000000e+00  0.000000e+00  0.000000e+00  0.000000e+00  0.000000e+00  0.000000e+00  0.000000e+00  0.000000e+00  0.000000e+00  0.000000e+00  0.000000e+00  0.000000e+00  0.000000e+00  0.000000e+00  0.000000e+00  0.000000e+00  0.000000e+00  0.000000e+00  0.000000e+00  0.000000e+00  0.000000e+00  0.000000e+00  0.000000e+00  0.000000e+00  0.000000e+00  0.000000e+00  0.000000e+00  0.000000e+00  0.000000e+00  0.000000e+00  0.000000e+00  0.000000e+00  0.000000e+00  0.000000e+00  0.000000e+00  0.000000e+00  0.000000e+00  0.000000e+00  0.000000e+00  0.000000e+00  0.000000e+00  0.000000e+00  0.000000e+00  0.000000e+00  0.000000e+00  0.000000e+00  0.000000e+00  0.000000e+00  0.000000e+00  0.000000e+00  0.000000e+00  0.000000e+00  0.000000e+00  0.000000e+00  0.000000e+00  0.000000e+00  0.000000e+00  0.000000e+00  0.000000e+00  0.000000e+00  0.000000e+00  0.000000e+00  0.000000e+00  0.000000e+00  0.000000e+00  0.000000e+00  0.000000e+00  0.000000e+00  0.000000e+00  0.000000e+00  0.000000e+00  0.000000e+00  0.000000e+00  0.000000e+00  0.000000e+00  0.000000e+00  0.000000e+00  0.000000e+00  0.000000e+00  0.000000e+00  0.000000e+00  0.000000e+00  0.000000e+00  0.000000e+00  0.000000e+00  0.000000e+00  0.000000e+00  0.000000e+00  0.000000e+00  0.000000e+00  0.000000e+00  0.000000e+00  0.000000e+00  0.000000e+00  0.000000e+00  0.000000e+00  0.000000e+00  0.000000e+00  0.000000e+00  0.000000e+00  0.000000e+00  0.000000e+00  0.000000e+00  0.000000e+00  0.000000e+00  0.000000e+00  0.000000e+00  0.000000e+00  0.000000e+00  0.000000e+00  0.000000e+00  0.000000e+00  0.000000e+00  0.000000e+00  0.000000e+00  0.000000e+00  0.000000e+00  0.000000e+00  0.000000e+00  0.000000e+00  0.000000e+00  0.000000e+00  0.000000e+00  0.000000e+00  0.000000e+00  0.000000e+00  0.000000e+00  0.000000e+00  0.000000e+00  0.000000e+00  0.000000e+00  0.000000e+00  0.000000e+00  0.000000e+00  0.000000e+00  0.000000e+00  0.000000e+00  0.000000e+00  0.000000e+00  0.000000e+00  0.000000e+00  0.000000e+00  0.000000e+00  0.000000e+00  0.000000e+00  0.000000e+00  0.000000e+00  0.000000e+00  0.000000e+00  0.000000e+00  0.000000e+00  0.000000e+00  0.000000e+00  0.000000e+00  0.000000e+00  0.000000e+00  0.000000e+00  0.000000e+00  0.000000e+00  0.000000e+00  0.000000e+00  0.000000e+00  0.000000e+00  0.000000e+00  0.000000e+00  0.000000e+00  0.000000e+00  0.000000e+00  0.000000e+00  0.000000e+00  0.000000e+00  0.000000e+00  0.000000e+00  0.000000e+00  0.000000e+00  0.000000e+00  0.000000e+00  0.000000e+00  0.000000e+00  0.000000e+00  0.000000e+00  0.000000e+00  0.000000e+00  0.000000e+00  0.000000e+00  0.000000e+00  0.000000e+00  0.000000e+00  0.000000e+00  0.000000e+00  0.000000e+00  0.000000e+00  0.000000e+00  0.000000e+00  0.000000e+00  0.000000e+00  0.000000e+00  0.000000e+00  0.000000e+00  0.000000e+00  0.000000e+00  0.000000e+00  0.000000e+00  0.000000e+00  0.000000e+00  0.000000e+00  0.000000e+00  0.000000e+00  0.000000e+00  0.000000e+00  0.000000e+00  0.000000e+00  0.000000e+00  2.625813e-31  1.819920e-31  0.000000e+00  0.000000e+00  0.000000e+00  0.000000e+00  0.000000e+00  0.000000e+00  0.000000e+00  0.000000e+00  0.000000e+00  0.000000e+00  0.000000e+00  0.000000e+00  0.000000e+00  0.000000e+00  0.000000e+00  0.000000e+00  4.019604e-30  1.176620e-30  1.854043e-31  8.152175e-31  6.340898e-31  1.276789e-31  0.000000e+00  0.000000e+00  0.000000e+00  0.000000e+00  0.000000e+00  0.000000e+00  0.000000e+00  0.000000e+00  0.000000e+00  0.000000e+00  0.000000e+00  0.000000e+00  0.000000e+00  0.000000e+00  0.000000e+00  2.946104e-33  5.463369e-30  1.609293e-30  1.190774e-31  0.000000e+00  6.359721e-30  3.950302e-30  1.655877e-30  1.516097e-31  0.000000e+00  5.372260e-31  7.174505e-31  3.618236e-31  0.000000e+00  0.000000e+00  0.000000e+00  0.000000e+00  0.000000e+00  0.000000e+00  0.000000e+00  0.000000e+00  0.000000e+00  0.000000e+00  0.000000e+00  1.111713e-29  4.891272e-30  1.478403e-30  2.603277e-31  0.000000e+00  0.000000e+00  0.000000e+00  0.000000e+00  0.000000e+00  0.000000e+00  0.000000e+00  0.000000e+00  0.000000e+00  0.000000e+00  0.000000e+00  0.000000e+00  0.000000e+00  0.000000e+00  0.000000e+00  0.000000e+00  0.000000e+00  0.000000e+00  1.295791e-29  7.958045e-30  4.042294e-30  4.887163e-31  0.000000e+00  0.000000e+00  7.462434e-29  3.958487e-29  1.661236e-29  3.703253e-30  6.578292e-31  3.356892e-29  1.885092e-29  7.494726e-30  1.863381e-30  1.488271e-30  8.005577e-31  2.927258e-32  1.665132e-30  9.785210e-31  5.328691e-31  0.000000e+00  0.000000e+00  0.000000e+00  0.000000e+00  0.000000e+00  0.000000e+00  0.000000e+00  0.000000e+00  0.000000e+00  0.000000e+00  0.000000e+00  0.000000e+00  0.000000e+00  0.000000e+00  0.000000e+00  0.000000e+00  0.000000e+00  0.000000e+00  0.000000e+00  0.000000e+00  0.000000e+00  0.000000e+00  0.000000e+00  0.000000e+00  0.000000e+00  0.000000e+00  0.000000e+00  0.000000e+00  0.000000e+00  0.000000e+00  0.000000e+00  0.000000e+00  0.000000e+00  0.000000e+00  0.000000e+00  0.000000e+00  0.000000e+00  0.000000e+00  0.000000e+00  1.107877e-28  2.473896e-28  1.695176e-28  4.985122e-29  1.529258e-29  2.676809e-30  5.169547e-28  2.591438e-28  1.595593e-28  6.674508e-29  2.401185e-29  1.225611e-29  4.384276e-30  6.444467e-29  3.346018e-29  1.702760e-29  4.574264e-30  1.031760e-30  8.569653e-30  4.070360e-30  2.517028e-30  6.426272e-31  4.159765e-32  8.736290e-31  2.812991e-30  1.578293e-30  5.733708e-31  1.032508e-31  0.000000e+00  0.000000e+00  0.000000e+00  0.000000e+00  0.000000e+00  0.000000e+00  0.000000e+00  0.000000e+00  0.000000e+00  0.000000e+00  0.000000e+00  0.000000e+00  0.000000e+00  0.000000e+00  0.000000e+00  0.000000e+00  0.000000e+00  0.000000e+00  0.000000e+00  0.000000e+00  0.000000e+00  0.000000e+00  0.000000e+00  0.000000e+00  0.000000e+00  0.000000e+00  0.000000e+00  0.000000e+00  0.000000e+00  0.000000e+00  0.000000e+00  0.000000e+00  0.000000e+00  0.000000e+00  0.000000e+00  0.000000e+00  0.000000e+00  0.000000e+00  0.000000e+00  0.000000e+00  0.000000e+00  0.000000e+00  0.000000e+00  0.000000e+00  2.738414e-27  1.315313e-27  1.358172e-27  6.613573e-28  2.798346e-28  9.255821e-29  1.309973e-28  1.542106e-27  7.007655e-28  3.623070e-28  1.304250e-28  3.785991e-29  1.022927e-28  4.736358e-29  2.677613e-29  1.305019e-29  5.384221e-30  2.314004e-30  1.356630e-30  5.628369e-31  1.646444e-29  2.329177e-29  1.676881e-29  1.001753e-29  3.185472e-30  1.777691e-30  1.878676e-30  2.353914e-30  9.733972e-30  4.392783e-30  2.838476e-30  8.562513e-31  2.636126e-31  0.000000e+00  0.000000e+00  0.000000e+00  0.000000e+00  0.000000e+00  1.600951e-29  8.477992e-30  9.791979e-30  4.127065e-30  1.342148e-30  2.198584e-31  0.000000e+00  0.000000e+00  0.000000e+00  4.242654e-29  1.793556e-29  2.373103e-29  1.078113e-29  3.621881e-30  9.416547e-31  1.029157e-31  0.000000e+00  0.000000e+00  5.857224e-30  1.325631e-29  7.610492e-30  5.797051e-30  2.178591e-30  5.863348e-31  2.081102e-33  0.000000e+00  0.000000e+00  0.000000e+00  0.000000e+00  0.000000e+00  0.000000e+00  0.000000e+00  0.000000e+00  0.000000e+00  0.000000e+00  0.000000e+00  0.000000e+00  0.000000e+00  0.000000e+00  0.000000e+00  0.000000e+00  0.000000e+00  0.000000e+00  5.335781e-31  9.339646e-31  5.929736e-31  7.472871e-31  3.361406e-34  0.000000e+00  1.414643e-26  3.856159e-27  6.530194e-27  3.266558e-27  1.625669e-27  1.340699e-27  4.650927e-28  4.057181e-28  2.035927e-28  1.047325e-28  6.430543e-29  2.379565e-29  1.315633e-29  6.565003e-30  1.952998e-30  5.305938e-31  5.232852e-31  7.262755e-31  1.180137e-30  5.587535e-31  7.626968e-31  0.000000e+00  0.000000e+00  0.000000e+00  8.046275e-29  8.270679e-29  5.951663e-29  4.037252e-29  2.370317e-29  1.679381e-29  5.445352e-30  4.915185e-30  2.558653e-30  1.157590e-30  3.583638e-31  0.000000e+00  0.000000e+00  0.000000e+00  0.000000e+00  1.287630e-29  2.907052e-28  1.600348e-28  1.673143e-28  1.245697e-28  5.571571e-29  1.376920e-29  3.376120e-30  5.675429e-31  1.071343e-31  0.000000e+00  3.265023e-31  2.685329e-29  1.598462e-27  1.152791e-27  1.020022e-27  8.779106e-28  4.305957e-28  1.886268e-28  6.090978e-29  2.160728e-29  6.372380e-30  3.332527e-30  1.050504e-27  1.148058e-27  5.825209e-28  7.161059e-28  4.282571e-28  1.835991e-28  8.592450e-29  3.767340e-29  3.680656e-29  2.170634e-29  3.626150e-29  9.469774e-30  2.152302e-29  1.432738e-29  1.149786e-28  4.467384e-29  4.866608e-29  4.666434e-29  2.507195e-29  7.526345e-30  2.498634e-30  1.809671e-29  6.571039e-30  7.734295e-30  7.305013e-30  3.402772e-30  1.201554e-30  1.791137e-33  0.000000e+00  0.000000e+00  0.000000e+00  6.224549e-31  2.282267e-30  1.390357e-29  2.429502e-29  8.154689e-30  1.764115e-29  9.380182e-30  3.478124e-30  4.998499e-31  0.000000e+00  0.000000e+00  0.000000e+00  0.000000e+00  0.000000e+00  0.000000e+00  0.000000e+00  3.329507e-30  7.638372e-29  1.213309e-28  3.986384e-29  7.968040e-29  5.625663e-29  2.392256e-29  5.782114e-30  1.426039e-30  1.528336e-31  1.990686e-30  1.569088e-30  1.079951e-30  3.171639e-30  2.086313e-29  7.957045e-29  4.680188e-29  4.162035e-29  4.922150e-29  3.133318e-29  1.280621e-29  3.689004e-30  3.642739e-30  2.270665e-30  9.206159e-31  1.273554e-33  0.000000e+00  0.000000e+00  0.000000e+00  0.000000e+00  1.656273e-34  1.366823e-30  5.647479e-30  1.056814e-29  1.194870e-29  3.403822e-29  3.518853e-29  1.315321e-29  3.371045e-30  9.248055e-31  2.326286e-31  0.000000e+00  0.000000e+00  0.000000e+00  0.000000e+00  0.000000e+00  0.000000e+00  0.000000e+00  0.000000e+00  0.000000e+00  0.000000e+00  1.236271e-30  2.206573e-30  4.374917e-31  1.222816e-30  9.048902e-31  5.216570e-31  1.802859e-31  1.661444e-27  4.482137e-26  1.256597e-26  1.530840e-26  1.640140e-26  1.166151e-26  4.796130e-27  2.569507e-27  6.173360e-28  3.505525e-28  1.354138e-28  1.359088e-28  5.707339e-29  7.343718e-26  8.676624e-26  2.176816e-26  5.124383e-26  4.212914e-26  2.519430e-26  1.215690e-26  7.419315e-27  4.227111e-27  2.227134e-27  1.207248e-27  4.962605e-28  7.854141e-28  1.151329e-27  1.075681e-26  1.870952e-26  5.370365e-27  9.459118e-27  8.677763e-27  4.679612e-27  3.224250e-27  1.069942e-27  1.427510e-27  1.334577e-27  7.253210e-28  1.577827e-27  8.490118e-28  8.783217e-28  6.438831e-28  4.586847e-28  3.303925e-28  1.218985e-28  7.428734e-29  5.499048e-29  3.954726e-29  1.459886e-29  1.246354e-29  1.353308e-29  9.151440e-30  6.224276e-29  5.555731e-29  1.043837e-28  1.683401e-28  3.391443e-28  5.163124e-28  2.346274e-28  2.700987e-28  3.904527e-28  2.439262e-28  1.544450e-28  3.512498e-29  1.403083e-29
0.000000e+00  0.000000e+00  0.000000e+00  0.000000e+00  0.000000e+00  0.000000e+00  0.000000e+00  0.000000e+00  0.000000e+00  0.000000e+00  0.000000e+00  0.000000e+00  0.000000e+00  0.000000e+00  0.000000e+00  0.000000e+00  0.000000e+00  0.000000e+00  0.000000e+00  0.000000e+00  0.000000e+00  0.000000e+00  0.000000e+00  0.000000e+00  0.000000e+00  0.000000e+00  0.000000e+00  0.000000e+00  0.000000e+00  0.000000e+00  0.000000e+00  0.000000e+00  0.000000e+00  0.000000e+00  0.000000e+00  0.000000e+00  0.000000e+00  0.000000e+00  0.000000e+00  0.000000e+00  0.000000e+00  0.000000e+00  0.000000e+00  0.000000e+00  0.000000e+00  0.000000e+00  0.000000e+00  0.000000e+00  0.000000e+00  0.000000e+00  0.000000e+00  0.000000e+00  0.000000e+00  0.000000e+00  0.000000e+00  0.000000e+00  0.000000e+00  0.000000e+00  0.000000e+00  0.000000e+00  0.000000e+00  0.000000e+00  0.000000e+00  0.000000e+00  0.000000e+00  0.000000e+00  0.000000e+00  0.000000e+00  0.000000e+00  0.000000e+00  0.000000e+00  0.000000e+00  0.000000e+00  0.000000e+00  0.000000e+00  0.000000e+00  0.000000e+00  0.000000e+00  0.000000e+00  0.000000e+00  0.000000e+00  0.000000e+00  0.000000e+00  0.000000e+00  0.000000e+00  0.000000e+00  0.000000e+00  0.000000e+00  0.000000e+00  0.000000e+00  0.000000e+00  0.000000e+00  0.000000e+00  0.000000e+00  0.000000e+00  0.000000e+00  0.000000e+00  0.000000e+00  0.000000e+00  0.000000e+00  0.000000e+00  0.000000e+00  0.000000e+00  0.000000e+00  0.000000e+00  0.000000e+00  0.000000e+00  0.000000e+00  0.000000e+00  0.000000e+00  0.000000e+00  0.000000e+00  0.000000e+00  0.000000e+00  0.000000e+00  0.000000e+00  0.000000e+00  0.000000e+00  0.000000e+00  0.000000e+00  0.000000e+00  0.000000e+00  0.000000e+00  0.000000e+00  0.000000e+00  0.000000e+00  0.000000e+00  0.000000e+00  0.000000e+00  0.000000e+00  0.000000e+00  0.000000e+00  0.000000e+00  0.000000e+00  0.000000e+00  0.000000e+00  0.000000e+00  0.000000e+00  0.000000e+00  0.000000e+00  0.000000e+00  0.000000e+00  0.000000e+00  0.000000e+00  0.000000e+00  0.000000e+00  0.000000e+00  0.000000e+00  0.000000e+00  0.000000e+00  0.000000e+00  0.000000e+00  0.000000e+00  0.000000e+00  0.000000e+00  0.000000e+00  0.000000e+00  0.000000e+00  0.000000e+00  0.000000e+00  0.000000e+00  0.000000e+00  0.000000e+00  0.000000e+00  0.000000e+00  0.000000e+00  0.000000e+00  0.000000e+00  0.000000e+00  0.000000e+00  0.000000e+00  0.000000e+00  0.000000e+00  0.000000e+00  0.000000e+00  0.000000e+00  0.000000e+00  0.000000e+00  0.000000e+00  0.000000e+00  0.000000e+00  0.000000e+00  0.000000e+00  0.000000e+00  0.000000e+00  0.000000e+00  0.000000e+00  0.000000e+00  0.000000e+00  0.000000e+00  0.000000e+00  0.000000e+00  0.000000e+00  0.000000e+00  0.000000e+00  0.000000e+00  0.000000e+00  0.000000e+00  0.000000e+00  0.000000e+00  0.000000e+00  0.000000e+00  0.000000e+00  0.000000e+00  0.000000e+00  0.000000e+00  0.000000e+00  0.000000e+00  0.000000e+00  0.000000e+00  0.000000e+00  0.000000e+00  0.000000e+00  0.000000e+00  0.000000e+00  0.000000e+00  0.000000e+00  0.000000e+00  0.000000e+00  0.000000e+00  0.000000e+00  0.000000e+00  0.000000e+00  0.000000e+00  0.000000e+00  0.000000e+00  0.000000e+00  0.000000e+00  0.000000e+00  0.000000e+00  0.000000e+00  0.000000e+00  0.000000e+00  0.000000e+00  0.000000e+00  2.645353e-31  1.833996e-31  0.000000e+00  0.000000e+00  0.000000e+00  0.000000e+00  0.000000e+00  0.000000e+00  0.000000e+00  0.000000e+00  0.000000e+00  0.000000e+00  0.000000e+00  0.000000e+00  0.000000e+00  0.000000e+00  0.000000e+00  0.000000e+00  4.044153e-30  1.175542e-30  1.815564e-31  8.195486e-31  6.390088e-31  1.268747e-31  0.000000e+00  0.000000e+00  0.000000e+00  0.000000e+00  0.000000e+00  0.000000e+00  0.000000e+00  0.000000e+00  0.000000e+00  0.000000e+00  0.000000e+00  0.000000e+00  0.000000e+00  0.000000e+00  0.000000e+00  2.285975e-33  5.504037e-30  1.606421e-30  1.171556e-31  0.000000e+00  6.379588e-30  3.984968e-30  1.641783e-30  1.468281e-31  0.000000e+00  5.376854e-31  7.250088e-31  3.620204e-31  0.000000e+00  0.000000e+00  0.000000e+00  0.000000e+00  0.000000e+00  0.000000e+00  0.000000e+00  0.000000e+00  0.000000e+00  0.000000e+00  0.000000e+00  1.117476e-29  4.912825e-30  1.459406e-30  2.517835e-31  0.000000e+00  0.000000e+00  0.000000e+00  0.000000e+00  0.000000e+00  0.000000e+00  0.000000e+00  0.000000e+00  0.000000e+00  0.000000e+00  0.000000e+00  0.000000e+00  0.000000e+00  0.000000e+00  0.000000e+00  0.000000e+00  0.000000e+00  0.000000e+00  1.300191e-29  8.014590e-30  4.016126e-30  4.739483e-31  0.000000e+00  0.000000e+00  7.489841e-29  3.988553e-29  1.635803e-29  3.571161e-30  6.214499e-31  3.367702e-29  1.901009e-29  7.424874e-30  1.800103e-30  1.433736e-30  7.672807e-31  2.771325e-32  1.672652e-30  9.869744e-31  5.306661e-31  0.000000e+00  0.000000e+00  0.000000e+00  0.000000e+00  0.000000e+00  0.000000e+00  0.000000e+00  0.000000e+00  0.000000e+00  0.000000e+00  0.000000e+00  0.000000e+00  0.000000e+00  0.000000e+00  0.000000e+00  0.000000e+00  0.000000e+00  0.000000e+00  0.000000e+00  0.000000e+00  0.000000e+00  0.000000e+00  0.000000e+00  0.000000e+00  0.000000e+00  0.000000e+00  0.000000e+00  0.000000e+00  0.000000e+00  0.000000e+00  0.000000e+00  0.000000e+00  0.000000e+00  0.000000e+00  0.000000e+00  0.000000e+00  0.000000e+00  0.000000e+00  0.000000e+00  1.109995e-28  2.488906e-28  1.697321e-28  4.902688e-29  1.476738e-29  2.527529e-30  5.184581e-28  2.616177e-28  1.593308e-28  6.506546e-29  2.314766e-29  1.172645e-29  4.115917e-30  6.451559e-29  3.375379e-29  1.696624e-29  4.471768e-30  9.876604e-31  8.408902e-30  4.011936e-30  2.466760e-30  6.260832e-31  4.047719e-32  8.722464e-31  2.837784e-30  1.585638e-30  5.679829e-31  1.010981e-31  0.000000e+00  0.000000e+00  0.000000e+00  0.000000e+00  0.000000e+00  0.000000e+00  0.000000e+00  0.000000e+00  0.000000e+00  0.000000e+00  0.000000e+00  0.000000e+00  0.000000e+00  0.000000e+00  0.000000e+00  0.000000e+00  0.000000e+00  0.000000e+00  0.000000e+00  0.000000e+00  0.000000e+00  0.000000e+00  0.000000e+00  0.000000e+00  0.000000e+00  0.000000e+00  0.000000e+00  0.000000e+00  0.000000e+00  0.000000e+00  0.000000e+00  0.000000e+00  0.000000e+00  0.000000e+00  0.000000e+00  0.000000e+00  0.000000e+00  0.000000e+00  0.000000e+00  0.000000e+00  0.000000e+00  0.000000e+00  0.000000e+00  0.000000e+00  2.745366e-27  1.330864e-27  1.363165e-27  6.500439e-28  2.731848e-28  8.871814e-29  1.265525e-28  1.548871e-27  7.063807e-28  3.608944e-28  1.280881e-28  3.660592e-29  9.810680e-29  4.589683e-29  2.570849e-29  1.240928e-29  5.041475e-30  2.132932e-30  1.244708e-30  5.122557e-31  1.650784e-29  2.339992e-29  1.693302e-29  9.944942e-30  3.128778e-30  1.716570e-30  1.847963e-30  2.375181e-30  9.779428e-30  4.424804e-30  2.842955e-30  8.444484e-31  2.566771e-31  0.000000e+00  0.000000e+00  0.000000e+00  0.000000e+00  0.000000e+00  1.600306e-29  8.598390e-30  9.863316e-30  4.101074e-30  1.314013e-30  2.112270e-31  0.000000e+00  0.000000e+00  0.000000e+00  4.245544e-29  1.816613e-29  2.391189e-29  1.068329e-29  3.546730e-30  9.061190e-31  9.844032e-32  0.000000e+00  0.000000e+00  5.780234e-30  1.337723e-29  7.703455e-30  5.800914e-30  2.145301e-30  5.662831e-31  1.861448e-33  0.000000e+00  0.000000e+00  0.000000e+00  0.000000e+00  0.000000e+00  0.000000e+00  0.000000e+00  0.000000e+00  0.000000e+00  0.000000e+00  0.000000e+00  0.000000e+00  0.000000e+00  0.000000e+00  0.000000e+00  0.000000e+00  0.000000e+00  0.000000e+00  5.330069e-31  9.436358e-31  5.992037e-31  7.494526e-31  2.966127e-34  0.000000e+00  1.419508e-26  3.884657e-27  6.586733e-27  3.260009e-27  1.604318e-27  1.292624e-27  4.495025e-28  3.911399e-28  1.949235e-28  9.925641e-29  5.989810e-29  2.208163e-29  1.206643e-29  5.998139e-30  1.742183e-30  4.686911e-31  4.715094e-31  6.937677e-31  1.159473e-30  5.404118e-31  7.545648e-31  0.000000e+00  0.000000e+00  0.000000e+00  8.049711e-29  8.324245e-29  6.016663e-29  4.047926e-29  2.353658e-29  1.629555e-29  5.275896e-30  4.738512e-30  2.441876e-30  1.096175e-30  3.342864e-31  0.000000e+00  0.000000e+00  0.000000e+00  0.000000e+00  1.222420e-29  2.894988e-28  1.618966e-28  1.684357e-28  1.244628e-28  5.495690e-29  1.335659e-29  3.221230e-30  5.298300e-31  9.857676e-32  0.000000e+00  3.089464e-31  2.650448e-29  1.593332e-27  1.165799e-27  1.026750e-27  8.803834e-28  4.260310e-28  1.840778e-28  5.839718e-29  2.028223e-29  5.951772e-30  3.090823e-30  1.042218e-27  1.161299e-27  5.897905e-28  7.201595e-28  4.259754e-28  1.784836e-28  8.285401e-29  3.617574e-29  3.526734e-29  2.046630e-29  3.572874e-29  9.240859e-30  2.151799e-29  1.409412e-29  1.149531e-28  4.507270e-29  4.918658e-29  4.683917e-29  2.487271e-29  7.346432e-30  2.387975e-30  1.766028e-29  6.474271e-30  7.637683e-30  7.139195e-30  3.273860e-30  1.141614e-30  1.545682e-33  0.000000e+00  0.000000e+00  0.000000e+00  5.973977e-31  2.202097e-30  1.380150e-29  2.449012e-29  8.274426e-30  1.778458e-29  9.336127e-30  3.416043e-30  4.780672e-31  0.000000e+00  0.000000e+00  0.000000e+00  0.000000e+00  0.000000e+00  0.000000e+00  0.000000e+00  3.097915e-30  7.551587e-29  1.220841e-28  4.013243e-29  8.034709e-29  5.603512e-29  2.349366e-29  5.561294e-30  1.346979e-30  1.423123e-31  1.816805e-30  1.442222e-30  1.002123e-30  3.058191e-30  2.041298e-29  7.974192e-29  4.742565e-29  4.214639e-29  4.946793e-29  3.101081e-29  1.247646e-29  3.560899e-30  3.504365e-30  2.170993e-30  8.694965e-31  1.111020e-33  0.000000e+00  0.000000e+00  0.000000e+00  0.000000e+00  1.285764e-34  1.331132e-30  5.618909e-30  1.066416e-29  1.189781e-29  3.414130e-29  3.541989e-29  1.305232e-29  3.317133e-30  9.060155e-31  2.245359e-31  0.000000e+00  0.000000e+00  0.000000e+00  0.000000e+00  0.000000e+00  0.000000e+00  0.000000e+00  0.000000e+00  0.000000e+00  0.000000e+00  1.125759e-30  2.044326e-30  4.063822e-31  1.133490e-30  8.326717e-31  4.749060e-31  1.621737e-31  1.603777e-27  4.481523e-26  1.266284e-26  1.547126e-26  1.646190e-26  1.161641e-26  4.713100e-27  2.503507e-27  5.872154e-28  3.316629e-28  1.273710e-28  1.332157e-28  5.498872e-29  7.289507e-26  8.766463e-26  2.203522e-26  5.183615e-26  4.212968e-26  2.484878e-26  1.195043e-26  7.206426e-27  4.056564e-27  2.108493e-27  1.135776e-27  4.622190e-28  7.606807e-28  1.135353e-27  1.062467e-26  1.885211e-26  5.448806e-27  9.575134e-27  8.711276e-27  4.657617e-27  3.181732e-27  1.040279e-27  1.359559e-27  1.286602e-27  7.088313e-28  1.562078e-27  8.266398e-28  8.604122e-28  6.352632e-28  4.480640e-28  3.211200e-28  1.170307e-28  7.058453e-29  5.148436e-29  3.691687e-29  1.348244e-29  1.154327e-29  1.278750e-29  8.484967e-30  6.089394e-29  5.399186e-29  1.031382e-28  1.667673e-28  3.369847e-28  5.194509e-28  2.369053e-28  2.718064e-28  3.931143e-28  2.431503e-28  1.532861e-28  3.419520e-29  1.355644e-29
0.000000e+00  0.000000e+00  0.000000e+00  0.000000e+00  0.000000e+00  0.000000e+00  0.000000e+00  0.000000e+00  0.000000e+00  0.000000e+00  0.000000e+00  0.000000e+00  0.000000e+00  0.000000e+00  0.000000e+00  0.000000e+00  0.000000e+00  0.000000e+00  0.000000e+00  0.000000e+00  0.000000e+00  0.000000e+00  0.000000e+00  0.000000e+00  0.000000e+00  0.000000e+00  0.000000e+00  0.000000e+00  0.000000e+00  0.000000e+00  0.000000e+00  0.000000e+00  0.000000e+00  0.000000e+00  0.000000e+00  0.000000e+00  0.000000e+00  0.000000e+00  0.000000e+00  0.000000e+00  0.000000e+00  0.000000e+00  0.000000e+00  0.000000e+00  0.000000e+00  0.000000e+00  0.000000e+00  0.000000e+00  0.000000e+00  0.000000e+00  0.000000e+00  0.000000e+00  0.000000e+00  0.000000e+00  0.000000e+00  0.000000e+00  0.000000e+00  0.000000e+00  0.000000e+00  0.000000e+00  0.000000e+00  0.000000e+00  0.000000e+00  0.000000e+00  0.000000e+00  0.000000e+00  0.000000e+00  0.000000e+00  0.000000e+00  0.000000e+00  0.000000e+00  0.000000e+00  0.000000e+00  0.000000e+00  0.000000e+00  0.000000e+00  0.000000e+00  0.000000e+00  0.000000e+00  0.000000e+00  0.000000e+00  0.000000e+00  0.000000e+00  0.000000e+00  0.000000e+00  0.000000e+00  0.000000e+00  0.000000e+00  0.000000e+00  0.000000e+00  0.000000e+00  0.000000e+00  0.000000e+00  0.000000e+00  0.000000e+00  0.000000e+00  0.000000e+00  0.000000e+00  0.000000e+00  0.000000e+00  0.000000e+00  0.000000e+00  0.000000e+00  0.000000e+00  0.000000e+00  0.000000e+00  0.000000e+00  0.000000e+00  0.000000e+00  0.000000e+00  0.000000e+00  0.000000e+00  0.000000e+00  0.000000e+00  0.000000e+00  0.000000e+00  0.000000e+00  0.000000e+00  0.000000e+00  0.000000e+00  0.000000e+00  0.000000e+00  0.000000e+00  0.000000e+00  0.000000e+00  0.000000e+00  0.000000e+00  0.000000e+00  0.000000e+00  0.000000e+00  0.000000e+00  0.000000e+00  0.000000e+00  0.000000e+00  0.000000e+00  0.000000e+00  0.000000e+00  0.000000e+00  0.000000e+00  0.000000e+00  0.000000e+00  0.000000e+00  0.000000e+00  0.000000e+00  0.000000e+00  0.000000e+00  0.000000e+00  0.000000e+00  0.000000e+00  0.000000e+00  0.000000e+00  0.000000e+00  0.000000e+00  0.000000e+00  0.000000e+00  0.000000e+00  0.000000e+00  0.000000e+00  0.000000e+00  0.000000e+00  0.000000e+00  0.000000e+00  0.000000e+00  0.000000e+00  0.000000e+00  0.000000e+00  0.000000e+00  0.000000e+00  0.000000e+00  0.000000e+00  0.000000e+00  0.000000e+00  0.000000e+00  0.000000e+00  0.000000e+00  0.000000e+00  0.000000e+00  0.000000e+00  0.000000e+00  0.000000e+00  0.000000e+00  0.000000e+00  0.000000e+00  0.000000e+00  0.000000e+00  0.000000e+00  0.000000e+00  0.000000e+00  0.000000e+00  0.000000e+00  0.000000e+00  0.000000e+00  0.000000e+00  0.000000e+00  0.000000e+00  0.000000e+00  0.000000e+00  0.000000e+00  0.000000e+00  0.000000e+00  0.000000e+00  0.000000e+00  0.000000e+00  0.000000e+00  0.000000e+00  0.000000e+00  0.000000e+00  0.000000e+00  0.000000e+00  0.000000e+00  0.000000e+00  0.000000e+00  0.000000e+00  0.000000e+00  0.000000e+00  0.000000e+00  0.000000e+00  0.000000e+00  0.000000e+00  0.000000e+00  0.000000e+00  0.000000e+00  0.000000e+00  0.000000e+00  0.000000e+00  0.000000e+00  0.000000e+00  0.000000e+00  0.000000e+00  0.000000e+00  0.000000e+00  0.000000e+00  0.000000e+00  0.000000e+00  0.000000e+00  2.664681e-31  1.848023e-31  0.000000e+00  0.000000e+00  0.000000e+00  0.000000e+00  0.000000e+00  0.000000e+00  0.000000e+00  0.000000e+00  0.000000e+00  0.000000e+00  0.000000e+00  0.000000e+00  0.000000e+00  0.000000e+00  0.000000e+00  0.000000e+00  4.068639e-30  1.174072e-30  1.776688e-31  8.237455e-31  6.439604e-31  1.260339e-31  0.000000e+00  0.000000e+00  0.000000e+00  0.000000e+00  0.000000e+00  0.000000e+00  0.000000e+00  0.000000e+00  0.000000e+00  0.000000e+00  0.000000e+00  0.000000e+00  0.000000e+00  0.000000e+00  0.000000e+00  1.680478e-33  5.545083e-30  1.603144e-30  1.151825e-31  0.000000e+00  6.399027e-30  4.020279e-30  1.627129e-30  1.421051e-31  0.000000e+00  5.379748e-31  7.327249e-31  3.620643e-31  0.000000e+00  0.000000e+00  0.000000e+00  0.000000e+00  0.000000e+00  0.000000e+00  0.000000e+00  0.000000e+00  0.000000e+00  0.000000e+00  0.000000e+00  1.123262e-29  4.933944e-30  1.439691e-30  2.432817e-31  0.000000e+00  0.000000e+00  0.000000e+00  0.000000e+00  0.000000e+00  0.000000e+00  0.000000e+00  0.000000e+00  0.000000e+00  0.000000e+00  0.000000e+00  0.000000e+00  0.000000e+00  0.000000e+00  0.000000e+00  0.000000e+00  0.000000e+00  0.000000e+00  1.304420e-29  8.072011e-30  3.988267e-30  4.590574e-31  0.000000e+00  0.000000e+00  7.517179e-29  4.018815e-29  1.609900e-29  3.439705e-30  5.860728e-31  3.378536e-29  1.917016e-29  7.350770e-30  1.736948e-30  1.379708e-30  7.344666e-31  2.618815e-32  1.680089e-30  9.954280e-31  5.282883e-31  0.000000e+00  0.000000e+00  0.000000e+00  0.000000e+00  0.000000e+00  0.000000e+00  0.000000e+00  0.000000e+00  0.000000e+00  0.000000e+00  0.000000e+00  0.000000e+00  0.000000e+00  0.000000e+00  0.000000e+00  0.000000e+00  0.000000e+00  0.000000e+00  0.000000e+00  0.000000e+00  0.000000e+00  0.000000e+00  0.000000e+00  0.000000e+00  0.000000e+00  0.000000e+00  0.000000e+00  0.000000e+00  0.000000e+00  0.000000e+00  0.000000e+00  0.000000e+00  0.000000e+00  0.000000e+00  0.000000e+00  0.000000e+00  0.000000e+00  0.000000e+00  0.000000e+00  1.111766e-28  2.504292e-28  1.699527e-28  4.818517e-29  1.424238e-29  2.382783e-30  5.199207e-28  2.641160e-28  1.590513e-28  6.338612e-29  2.228929e-29  1.120496e-29  3.856937e-30  6.458753e-29  3.404881e-29  1.689781e-29  4.368010e-30  9.441828e-31  8.249559e-30  3.954435e-30  2.417253e-30  6.097460e-31  3.933868e-32  8.706456e-31  2.862806e-30  1.592578e-30  5.623439e-31  9.887604e-32  0.000000e+00  0.000000e+00  0.000000e+00  0.000000e+00  0.000000e+00  0.000000e+00  0.000000e+00  0.000000e+00  0.000000e+00  0.000000e+00  0.000000e+00  0.000000e+00  0.000000e+00  0.000000e+00  0.000000e+00  0.000000e+00  0.000000e+00  0.000000e+00  0.000000e+00  0.000000e+00  0.000000e+00  0.000000e+00  0.000000e+00  0.000000e+00  0.000000e+00  0.000000e+00  0.000000e+00  0.000000e+00  0.000000e+00  0.000000e+00  0.000000e+00  0.000000e+00  0.000000e+00  0.000000e+00  0.000000e+00  0.000000e+00  0.000000e+00  0.000000e+00  0.000000e+00  0.000000e+00  0.000000e+00  0.000000e+00  0.000000e+00  0.000000e+00  2.751840e-27  1.346836e-27  1.367919e-27  6.385742e-28  2.664188e-28  8.493402e-29  1.222332e-28  1.555671e-27  7.120492e-28  3.593882e-28  1.257024e-28  3.536554e-29  9.397520e-29  4.444229e-29  2.465728e-29  1.179396e-29  4.715643e-30  1.962152e-30  1.139401e-30  4.650060e-31  1.654942e-29  2.351137e-29  1.709639e-29  9.870316e-30  3.071117e-30  1.655524e-30  1.817090e-30  2.396744e-30  9.824062e-30  4.456511e-30  2.847059e-30  8.324089e-31  2.496692e-31  0.000000e+00  0.000000e+00  0.000000e+00  0.000000e+00  0.000000e+00  1.599610e-29  8.721376e-30  9.933365e-30  4.074075e-30  1.285640e-30  2.026579e-31  0.000000e+00  0.000000e+00  0.000000e+00  4.248084e-29  1.840020e-29  2.409478e-29  1.058134e-29  3.471236e-30  8.709421e-31  9.403901e-32  0.000000e+00  0.000000e+00  5.700974e-30  1.349951e-29  7.798333e-30  5.803673e-30  2.111274e-30  5.461956e-31  1.658736e-33  0.000000e+00  0.000000e+00  0.000000e+00  0.000000e+00  0.000000e+00  0.000000e+00  0.000000e+00  0.000000e+00  0.000000e+00  0.000000e+00  0.000000e+00  0.000000e+00  0.000000e+00  0.000000e+00  0.000000e+00  0.000000e+00  0.000000e+00  0.000000e+00  5.322498e-31  9.533256e-31  6.055433e-31  7.514564e-31  2.479515e-34  0.000000e+00  1.424282e-26  3.914901e-27  6.642431e-27  3.253096e-27  1.582346e-27  1.244851e-27  4.340870e-28  3.767255e-28  1.864833e-28  9.398357e-29  5.571883e-29  2.045790e-29  1.104370e-29  5.469486e-30  1.549183e-30  4.125849e-31  4.238122e-31  6.628125e-31  1.140451e-30  5.234729e-31  7.470517e-31  0.000000e+00  0.000000e+00  0.000000e+00  8.050484e-29  8.379778e-29  6.081921e-29  4.057795e-29  2.336196e-29  1.579590e-29  5.105590e-30  4.563359e-30  2.327170e-30  1.036209e-30  3.111628e-31  0.000000e+00  0.000000e+00  0.000000e+00  0.000000e+00  1.158852e-29  2.882795e-28  1.637696e-28  1.695872e-28  1.243298e-28  5.416781e-29  1.294358e-29  3.069812e-30  4.935666e-31  9.045321e-32  0.000000e+00  2.918313e-31  2.614569e-29  1.587935e-27  1.179036e-27  1.033827e-27  8.827433e-28  4.214541e-28  1.795373e-28  5.591725e-29  1.901089e-29  5.553240e-30  2.861909e-30  1.033539e-27  1.174728e-27  5.971900e-28  7.241696e-28  4.234780e-28  1.733681e-28  7.980852e-29  3.469738e-29  3.375169e-29  1.926711e-29  3.522172e-29  9.027191e-30  2.152461e-29  1.386931e-29  1.148939e-28  4.547367e-29  4.970603e-29  4.701122e-29  2.466358e-29  7.167400e-30  2.279975e-30  1.722956e-29  6.378274e-30  7.542462e-30  6.974359e-30  3.147461e-30  1.083367e-30  1.346214e-33  0.000000e+00  0.000000e+00  0.000000e+00  5.727097e-31  2.122432e-30  1.369376e-29  2.469060e-29  8.398377e-30  1.792402e-29  9.287570e-30  3.352646e-30  4.564464e-31  0.000000e+00  0.000000e+00  0.000000e+00  0.000000e+00  0.000000e+00  0.000000e+00  0.000000e+00  2.877124e-30  7.464853e-29  1.228620e-28  4.041586e-29  8.103170e-29  5.579330e-29  2.305582e-29  5.343474e-30  1.270325e-30  1.322368e-31  1.653967e-30  1.322466e-30  9.280137e-31  2.949195e-30  1.996364e-29  7.990629e-29  4.806539e-29  4.268362e-29  4.971589e-29  3.068039e-29  1.214352e-29  3.433618e-30  3.367258e-30  2.072891e-30  8.199984e-31  9.564256e-34  0.000000e+00  0.000000e+00  0.000000e+00  0.000000e+00  8.322361e-35  1.295089e-30  5.589086e-30  1.076015e-29  1.184416e-29  3.424226e-29  3.565006e-29  1.294998e-29  3.263271e-30  8.873708e-31  2.164400e-31  0.000000e+00  0.000000e+00  0.000000e+00  0.000000e+00  0.000000e+00  0.000000e+00  0.000000e+00  0.000000e+00  0.000000e+00  0.000000e+00  1.022483e-30  1.889685e-30  3.767449e-31  1.048381e-30  7.643989e-31  4.312536e-31  1.454674e-31  1.545723e-27  4.480673e-26  1.276293e-26  1.563968e-26  1.652382e-26  1.157119e-26  4.627487e-27  2.436391e-27  5.579470e-28  3.135533e-28  1.196696e-28  1.306694e-28  5.305315e-29  7.233580e-26  8.858181e-26  2.230852e-26  5.243839e-26  4.212408e-26  2.449311e-26  1.173756e-26  6.992098e-27  3.888359e-27  1.993788e-27  1.066801e-27  4.298216e-28  7.372267e-28  1.120457e-27  1.049051e-26  1.899643e-26  5.528158e-27  9.694397e-27  8.744907e-27  4.634086e-27  3.138061e-27  1.010347e-27  1.293249e-27  1.239061e-27  6.923812e-28  1.546457e-27  8.046909e-28  8.430434e-28  6.269538e-28  4.377905e-28  3.121424e-28  1.123524e-28  6.700995e-29  4.814208e-29  3.442151e-29  1.243411e-29  1.068193e-29  1.209518e-29  7.857000e-30  5.958077e-29  5.245553e-29  1.019111e-28  1.652172e-28  3.347384e-28  5.225165e-28  2.392551e-28  2.735515e-28  3.957656e-28  2.422891e-28  1.521098e-28  3.326941e-29  1.309196e-29
0.000000e+00  0.000000e+00  0.000000e+00  0.000000e+00  0.000000e+00  0.000000e+00  0.000000e+00  0.000000e+00  0.000000e+00  0.000000e+00  0.000000e+00  0.000000e+00  0.000000e+00  0.000000e+00  0.000000e+00  0.000000e+00  0.000000e+00  0.000000e+00  0.000000e+00  0.000000e+00  0.000000e+00  0.000000e+00  0.000000e+00  0.000000e+00  0.000000e+00  0.000000e+00  0.000000e+00  0.000000e+00  0.000000e+00  0.000000e+00  0.000000e+00  0.000000e+00  0.000000e+00  0.000000e+00  0.000000e+00  0.000000e+00  0.000000e+00  0.000000e+00  0.000000e+00  0.000000e+00  0.000000e+00  0.000000e+00  0.000000e+00  0.000000e+00  0.000000e+00  0.000000e+00  0.000000e+00  0.000000e+00  0.000000e+00  0.000000e+00  0.000000e+00  0.000000e+00  0.000000e+00  0.000000e+00  0.000000e+00  0.000000e+00  0.000000e+00  0.000000e+00  0.000000e+00  0.000000e+00  0.000000e+00  0.000000e+00  0.000000e+00  0.000000e+00  0.000000e+00  0.000000e+00  0.000000e+00  0.000000e+00  0.000000e+00  0.000000e+00  0.000000e+00  0.000000e+00  0.000000e+00  0.000000e+00  0.000000e+00  0.000000e+00  0.000000e+00  0.000000e+00  0.000000e+00  0.000000e+00  0.000000e+00  0.000000e+00  0.000000e+00  0.000000e+00  0.000000e+00  0.000000e+00  0.000000e+00  0.000000e+00  0.000000e+00  0.000000e+00  0.000000e+00  0.000000e+00  0.000000e+00  0.000000e+00  0.000000e+00  0.000000e+00  0.000000e+00  0.000000e+00  0.000000e+00  0.000000e+00  0.000000e+00  0.000000e+00  0.000000e+00  0.000000e+00  0.000000e+00  0.000000e+00  0.000000e+00  0.000000e+00  0.000000e+00  0.000000e+00  0.000000e+00  0.000000e+00  0.000000e+00  0.000000e+00  0.000000e+00  0.000000e+00  0.000000e+00  0.000000e+00  0.000000e+00  0.000000e+00  0.000000e+00  0.000000e+00  0.000000e+00  0.000000e+00  0.000000e+00  0.000000e+00  0.000000e+00  0.000000e+00  0.000000e+00  0.000000e+00  0.000000e+00  0.000000e+00  0.000000e+00  0.000000e+00  0.000000e+00  0.000000e+00  0.000000e+00  0.000000e+00  0.000000e+00  0.000000e+00  0.000000e+00  0.000000e+00  0.000000e+00  0.000000e+00  0.000000e+00  0.000000e+00  0.000000e+00  0.000000e+00  0.000000e+00  0.000000e+00  0.000000e+00  0.000000e+00  0.000000e+00  0.000000e+00  0.000000e+00  0.000000e+00  0.000000e+00  0.000000e+00  0.000000e+00  0.000000e+00  0.000000e+00  0.000000e+00  0.000000e+00  0.000000e+00  0.000000e+00  0.000000e+00  0.000000e+00  0.000000e+00  0.000000e+00  0.000000e+00  0.000000e+00  0.000000e+00  0.000000e+00  0.000000e+00  0.000000e+00  0.000000e+00  0.000000e+00  0.000000e+00  0.000000e+00  0.000000e+00  0.000000e+00  0.000000e+00  0.000000e+00  0.000000e+00  0.000000e+00  0.000000e+00  0.000000e+00  0.000000e+00  0.000000e+00  0.000000e+00  0.000000e+00  0.000000e+00  0.000000e+00  0.000000e+00  0.000000e+00  0.000000e+00  0.000000e+00  0.000000e+00  0.000000e+00  0.000000e+00  0.000000e+00  0.000000e+00  0.000000e+00  0.000000e+00  0.000000e+00  0.000000e+00  0.000000e+00  0.000000e+00  0.000000e+00  0.000000e+00  0.000000e+00  0.000000e+00  0.000000e+00  0.000000e+00  0.000000e+00  0.000000e+00  0.000000e+00  0.000000e+00  0.000000e+00  0.000000e+00  0.000000e+00  0.000000e+00  0.000000e+00  0.000000e+00  0.000000e+00  0.000000e+00  0.000000e+00  0.000000e+00  0.000000e+00  0.000000e+00  0.000000e+00  0.000000e+00  0.000000e+00  0.000000e+00  0.000000e+00  2.683868e-31  1.862270e-31  0.000000e+00  0.000000e+00  0.000000e+00  0.000000e+00  0.000000e+00  0.000000e+00  0.000000e+00  0.000000e+00  0.000000e+00  0.000000e+00  0.000000e+00  0.000000e+00  0.000000e+00  0.000000e+00  0.000000e+00  0.000000e+00  4.093320e-30  1.172423e-30  1.737100e-31  8.278787e-31  6.489270e-31  1.251635e-31  0.000000e+00  0.000000e+00  0.000000e+00  0.000000e+00  0.000000e+00  0.000000e+00  0.000000e+00  0.000000e+00  0.000000e+00  0.000000e+00  0.000000e+00  0.000000e+00  0.000000e+00  0.000000e+00  0.000000e+00  1.148578e-33  5.586225e-30  1.599653e-30  1.131837e-31  0.000000e+00  6.418452e-30  4.055510e-30  1.611850e-30  1.373495e-31  0.000000e+00  5.381363e-31  7.405560e-31  3.619921e-31  0.000000e+00  0.000000e+00  0.000000e+00  0.000000e+00  0.000000e+00  0.000000e+00  0.000000e+00  0.000000e+00  0.000000e+00  0.000000e+00  0.000000e+00  1.128995e-29  4.954689e-30  1.419280e-30  2.348389e-31  0.000000e+00  0.000000e+00  0.000000e+00  0.000000e+00  0.000000e+00  0.000000e+00  0.000000e+00  0.000000e+00  0.000000e+00  0.000000e+00  0.000000e+00  0.000000e+00  0.000000e+00  0.000000e+00  0.000000e+00  0.000000e+00  0.000000e+00  0.000000e+00  1.308534e-29  8.129770e-30  3.959420e-30  4.441746e-31  0.000000e+00  0.000000e+00  7.545225e-29  4.049285e-29  1.583621e-29  3.309588e-30  5.516818e-31  3.389597e-29  1.933343e-29  7.274367e-30  1.673926e-30  1.326286e-30  7.020731e-31  2.469821e-32  1.687582e-30  1.003836e-30  5.257010e-31  0.000000e+00  0.000000e+00  0.000000e+00  0.000000e+00  0.000000e+00  0.000000e+00  0.000000e+00  0.000000e+00  0.000000e+00  0.000000e+00  0.000000e+00  0.000000e+00  0.000000e+00  0.000000e+00  0.000000e+00  0.000000e+00  0.000000e+00  0.000000e+00  0.000000e+00  0.000000e+00  0.000000e+00  0.000000e+00  0.000000e+00  0.000000e+00  0.000000e+00  0.000000e+00  0.000000e+00  0.000000e+00  0.000000e+00  0.000000e+00  0.000000e+00  0.000000e+00  0.000000e+00  0.000000e+00  0.000000e+00  0.000000e+00  0.000000e+00  0.000000e+00  0.000000e+00  1.113085e-28  2.520316e-28  1.701862e-28  4.733197e-29  1.372107e-29  2.242654e-30  5.213188e-28  2.666292e-28  1.587480e-28  6.170177e-29  2.143758e-29  1.069237e-29  3.607801e-30  6.466336e-29  3.434848e-29  1.682749e-29  4.262945e-30  9.013593e-31  8.092344e-30  3.897922e-30  2.368683e-30  5.935951e-31  3.817502e-32  8.688152e-31  2.888201e-30  1.599312e-30  5.564585e-31  9.662546e-32  0.000000e+00  0.000000e+00  0.000000e+00  0.000000e+00  0.000000e+00  0.000000e+00  0.000000e+00  0.000000e+00  0.000000e+00  0.000000e+00  0.000000e+00  0.000000e+00  0.000000e+00  0.000000e+00  0.000000e+00  0.000000e+00  0.000000e+00  0.000000e+00  0.000000e+00  0.000000e+00  0.000000e+00  0.000000e+00  0.000000e+00  0.000000e+00  0.000000e+00  0.000000e+00  0.000000e+00  0.000000e+00  0.000000e+00  0.000000e+00  0.000000e+00  0.000000e+00  0.000000e+00  0.000000e+00  0.000000e+00  0.000000e+00  0.000000e+00  0.000000e+00  0.000000e+00  0.000000e+00  0.000000e+00  0.000000e+00  0.000000e+00  0.000000e+00  2.758093e-27  1.363253e-27  1.372424e-27  6.269784e-28  2.595276e-28  8.119608e-29  1.179621e-28  1.562534e-27  7.178568e-28  3.577239e-28  1.232953e-28  3.413688e-29  8.990942e-29  4.300417e-29  2.362522e-29  1.120371e-29  4.406673e-30  1.801207e-30  1.040532e-30  4.210475e-31  1.658851e-29  2.363021e-29  1.726059e-29  9.793694e-30  3.012791e-30  1.594606e-30  1.786472e-30  2.418973e-30  9.867979e-30  4.488364e-30  2.850840e-30  8.199850e-31  2.426212e-31  0.000000e+00  0.000000e+00  0.000000e+00  0.000000e+00  0.000000e+00  1.598707e-29  8.847450e-30  1.000384e-29  4.045415e-30  1.257152e-30  1.942369e-31  0.000000e+00  0.000000e+00  0.000000e+00  4.250150e-29  1.864167e-29  2.427748e-29  1.047475e-29  3.394234e-30  8.361896e-31  8.971989e-32  0.000000e+00  0.000000e+00  5.619460e-30  1.362449e-29  7.895156e-30  5.806000e-30  2.076042e-30  5.261157e-31  1.466765e-33  0.000000e+00  0.000000e+00  0.000000e+00  0.000000e+00  0.000000e+00  0.000000e+00  0.000000e+00  0.000000e+00  0.000000e+00  0.000000e+00  0.000000e+00  0.000000e+00  0.000000e+00  0.000000e+00  0.000000e+00  0.000000e+00  0.000000e+00  0.000000e+00  5.313432e-31  9.629915e-31  6.120570e-31  7.531897e-31  2.112794e-34  0.000000e+00  1.429017e-26  3.947193e-27  6.698208e-27  3.245737e-27  1.559965e-27  1.197493e-27  4.189039e-28  3.625118e-28  1.782890e-28  8.891811e-29  5.175685e-29  1.892360e-29  1.008710e-29  4.977760e-30  1.373173e-30  3.618682e-31  3.799732e-31  6.334664e-31  1.123095e-30  5.078241e-31  7.401925e-31  0.000000e+00  0.000000e+00  0.000000e+00  8.048792e-29  8.437615e-29  6.147306e-29  4.067216e-29  2.317746e-29  1.529534e-29  4.934559e-30  4.389197e-30  2.214783e-30  9.777454e-31  2.890535e-31  0.000000e+00  0.000000e+00  0.000000e+00  0.000000e+00  1.096959e-29  2.870399e-28  1.656619e-28  1.707708e-28  1.241774e-28  5.335387e-29  1.253293e-29  2.920779e-30  4.588130e-31  8.277194e-32  0.000000e+00  2.751743e-31  2.577514e-29  1.582028e-27  1.192485e-27  1.041192e-27  8.850316e-28  4.168359e-28  1.750316e-28  5.346031e-29  1.779873e-29  5.176944e-30  2.645537e-30  1.024660e-27  1.188424e-27  6.047158e-28  7.280625e-28  4.208215e-28  1.683139e-28  7.679852e-29  3.323518e-29  3.226100e-29  1.810824e-29  3.473984e-29  8.829763e-30  2.154016e-29  1.365159e-29  1.148044e-28  4.589124e-29  5.022193e-29  4.718311e-29  2.444563e-29  6.988844e-30  2.174595e-30  1.680597e-29  6.283431e-30  7.448329e-30  6.811300e-30  3.023979e-30  1.026746e-30  1.158968e-33  0.000000e+00  0.000000e+00  0.000000e+00  5.483274e-31  2.042989e-30  1.358139e-29  2.489511e-29  8.526489e-30  1.806053e-29  9.235218e-30  3.288057e-30  4.352996e-31  0.000000e+00  0.000000e+00  0.000000e+00  0.000000e+00  0.000000e+00  0.000000e+00  0.000000e+00  2.666477e-30  7.377114e-29  1.236723e-28  4.071063e-29  8.173888e-29  5.553200e-29  2.261607e-29  5.128660e-30  1.196036e-30  1.226770e-31  1.501793e-30  1.209550e-30  8.574919e-31  2.844456e-30  1.951429e-29  8.007025e-29  4.872493e-29  4.323133e-29  4.997000e-29  3.034529e-29  1.180750e-29  3.307430e-30  3.231248e-30  1.976450e-30  7.720691e-31  8.263866e-34  0.000000e+00  0.000000e+00  0.000000e+00  0.000000e+00  5.271375e-35  1.258801e-30  5.557621e-30  1.085609e-29  1.178879e-29  3.434023e-29  3.588020e-29  1.284500e-29  3.208906e-30  8.688897e-31  2.083564e-31  0.000000e+00  0.000000e+00  0.000000e+00  0.000000e+00  0.000000e+00  0.000000e+00  0.000000e+00  0.000000e+00  0.000000e+00  0.000000e+00  9.263007e-31  1.742486e-30  3.485386e-31  9.674892e-31  7.002258e-31  3.904394e-31  1.301134e-31  1.488206e-27  4.479676e-26  1.286626e-26  1.581107e-26  1.658660e-26  1.152617e-26  4.539557e-27  2.368738e-27  5.296312e-28  2.961187e-28  1.123066e-28  1.282604e-28  5.125797e-29  7.176743e-26  8.951044e-26  2.258884e-26  5.304702e-26  4.210278e-26  2.412826e-26  1.152456e-26  6.777093e-27  3.722230e-27  1.882864e-27  1.000373e-27  3.990688e-28  7.150772e-28  1.106581e-27  1.035512e-26  1.913979e-26  5.609026e-27  9.815467e-27  8.779781e-27  4.610392e-27  3.092357e-27  9.802946e-28  1.228409e-27  1.192107e-27  6.760622e-28  1.530858e-27  7.831693e-28  8.262039e-28  6.188830e-28  4.278808e-28  3.034795e-28  1.078389e-28  6.356070e-29  4.496132e-29  3.205919e-29  1.144951e-29  9.875820e-30  1.145282e-29  7.266844e-30  5.830410e-29  5.094767e-29  1.006893e-28  1.636672e-28  3.323873e-28  5.255566e-28  2.416558e-28  2.753571e-28  3.983305e-28  2.413094e-28  1.509211e-28  3.234951e-29  1.263649e-29
0.000000e+00  0.000000e+00  0.000000e+00  0.000000e+00  0.000000e+00  0.000000e+00  0.000000e+00  0.000000e+00  0.000000e+00  0.000000e+00  0.000000e+00  0.000000e+00  0.000000e+00  0.000000e+00  0.000000e+00  0.000000e+00  0.000000e+00  0.000000e+00  0.000000e+00  0.000000e+00  0.000000e+00  0.000000e+00  0.000000e+00  0.000000e+00  0.000000e+00  0.000000e+00  0.000000e+00  0.000000e+00  0.000000e+00  0.000000e+00  0.000000e+00  0.000000e+00  0.000000e+00  0.000000e+00  0.000000e+00  0.000000e+00  0.000000e+00  0.000000e+00  0.000000e+00  0.000000e+00  0.000000e+00  0.000000e+00  0.000000e+00  0.000000e+00  0.000000e+00  0.000000e+00  0.000000e+00  0.000000e+00  0.000000e+00  0.000000e+00  0.000000e+00  0.000000e+00  0.000000e+00  0.000000e+00  0.000000e+00  0.000000e+00  0.000000e+00  0.000000e+00  0.000000e+00  0.000000e+00  0.000000e+00  0.000000e+00  0.000000e+00  0.000000e+00  0.000000e+00  0.000000e+00  0.000000e+00  0.000000e+00  0.000000e+00  0.000000e+00  0.000000e+00  0.000000e+00  0.000000e+00  0.000000e+00  0.000000e+00  0.000000e+00  0.000000e+00  0.000000e+00  0.000000e+00  0.000000e+00  0.000000e+00  0.000000e+00  0.000000e+00  0.000000e+00  0.000000e+00  0.000000e+00  0.000000e+00  0.000000e+00  0.000000e+00  0.000000e+00  0.000000e+00  0.000000e+00  0.000000e+00  0.000000e+00  0.000000e+00  0.000000e+00  0.000000e+00  0.000000e+00  0.000000e+00  0.000000e+00  0.000000e+00  0.000000e+00  0.000000e+00  0.000000e+00  0.000000e+00  0.000000e+00  0.000000e+00  0.000000e+00  0.000000e+00  0.000000e+00  0.000000e+00  0.000000e+00  0.000000e+00  0.000000e+00  0.000000e+00  0.000000e+00  0.000000e+00  0.000000e+00  0.000000e+00  0.000000e+00  0.000000e+00  0.000000e+00  0.000000e+00  0.000000e+00  0.000000e+00  0.000000e+00  0.000000e+00  0.000000e+00  0.000000e+00  0.000000e+00  0.000000e+00  0.000000e+00  0.000000e+00  0.000000e+00  0.000000e+00  0.000000e+00  0.000000e+00  0.000000e+00  0.000000e+00  0.000000e+00  0.000000e+00  0.000000e+00  0.000000e+00  0.000000e+00  0.000000e+00  0.000000e+00  0.000000e+00  0.000000e+00  0.000000e+00  0.000000e+00  0.000000e+00  0.000000e+00  0.000000e+00  0.000000e+00  0.000000e+00  0.000000e+00  0.000000e+00  0.000000e+00  0.000000e+00  0.000000e+00  0.000000e+00  0.000000e+00  0.000000e+00  0.000000e+00  0.000000e+00  0.000000e+00  0.000000e+00  0.000000e+00  0.000000e+00  0.000000e+00  0.000000e+00  0.000000e+00  0.000000e+00  0.000000e+00  0.000000e+00  0.000000e+00  0.000000e+00  0.000000e+00  0.000000e+00  0.000000e+00  0.000000e+00  0.000000e+00  0.000000e+00  0.000000e+00  0.000000e+00  0.000000e+00  0.000000e+00  0.000000e+00  0.000000e+00  0.000000e+00  0.000000e+00  0.000000e+00  0.000000e+00  0.000000e+00  0.000000e+00  0.000000e+00  0.000000e+00  0.000000e+00  0.000000e+00  0.000000e+00  0.000000e+00  0.000000e+00  0.000000e+00  0.000000e+00  0.000000e+00  0.000000e+00  0.000000e+00  0.000000e+00  0.000000e+00  0.000000e+00  0.000000e+00  0.000000e+00  0.000000e+00  0.000000e+00  0.000000e+00  0.000000e+00  0.000000e+00  0.000000e+00  0.000000e+00  0.000000e+00  0.000000e+00  0.000000e+00  0.000000e+00  0.000000e+00  0.000000e+00  0.000000e+00  0.000000e+00  0.000000e+00  0.000000e+00  0.000000e+00  0.000000e+00  0.000000e+00  0.000000e+00  0.000000e+00  0.000000e+00  2.703129e-31  1.876573e-31  0.000000e+00  0.000000e+00  0.000000e+00  0.000000e+00  0.000000e+00  0.000000e+00  0.000000e+00  0.000000e+00  0.000000e+00  0.000000e+00  0.000000e+00  0.000000e+00  0.000000e+00  0.000000e+00  0.000000e+00  0.000000e+00  4.118104e-30  1.170314e-30  1.696842e-31  8.318042e-31  6.539391e-31  1.242773e-31  0.000000e+00  0.000000e+00  0.000000e+00  0.000000e+00  0.000000e+00  0.000000e+00  0.000000e+00  0.000000e+00  0.000000e+00  0.000000e+00  0.000000e+00  0.000000e+00  0.000000e+00  0.000000e+00  0.000000e+00  7.602686e-34  5.627647e-30  1.595798e-30  1.111478e-31  0.000000e+00  6.436610e-30  4.091288e-30  1.596073e-30  1.326233e-31  0.000000e+00  5.380991e-31  7.485780e-31  3.617294e-31  0.000000e+00  0.000000e+00  0.000000e+00  0.000000e+00  0.000000e+00  0.000000e+00  0.000000e+00  0.000000e+00  0.000000e+00  0.000000e+00  0.000000e+00  1.134788e-29  4.974876e-30  1.398147e-30  2.263943e-31  0.000000e+00  0.000000e+00  0.000000e+00  0.000000e+00  0.000000e+00  0.000000e+00  0.000000e+00  0.000000e+00  0.000000e+00  0.000000e+00  0.000000e+00  0.000000e+00  0.000000e+00  0.000000e+00  0.000000e+00  0.000000e+00  0.000000e+00  0.000000e+00  1.312417e-29  8.188361e-30  3.928483e-30  4.292477e-31  0.000000e+00  0.000000e+00  7.573313e-29  4.080118e-29  1.556994e-29  3.180554e-30  5.183340e-31  3.400913e-29  1.949593e-29  7.193657e-30  1.611017e-30  1.273421e-30  6.702529e-31  2.324512e-32  1.695136e-30  1.012251e-30  5.229307e-31  0.000000e+00  0.000000e+00  0.000000e+00  0.000000e+00  0.000000e+00  0.000000e+00  0.000000e+00  0.000000e+00  0.000000e+00  0.000000e+00  0.000000e+00  0.000000e+00  0.000000e+00  0.000000e+00  0.000000e+00  0.000000e+00  0.000000e+00  0.000000e+00  0.000000e+00  0.000000e+00  0.000000e+00  0.000000e+00  0.000000e+00  0.000000e+00  0.000000e+00  0.000000e+00  0.000000e+00  0.000000e+00  0.000000e+00  0.000000e+00  0.000000e+00  0.000000e+00  0.000000e+00  0.000000e+00  0.000000e+00  0.000000e+00  0.000000e+00  0.000000e+00  0.000000e+00  1.113987e-28  2.536449e-28  1.704243e-28  4.646467e-29  1.320123e-29  2.107199e-30  5.226803e-28  2.691715e-28  1.584057e-28  6.001259e-29  2.059205e-29  1.018917e-29  3.368276e-30  6.474144e-29  3.464838e-29  1.675368e-29  4.156617e-30  8.591844e-31  7.936694e-30  3.842463e-30  2.321169e-30  5.777100e-31  3.698015e-32  8.666269e-31  2.913987e-30  1.605569e-30  5.502527e-31  9.432767e-32  0.000000e+00  0.000000e+00  0.000000e+00  0.000000e+00  0.000000e+00  0.000000e+00  0.000000e+00  0.000000e+00  0.000000e+00  0.000000e+00  0.000000e+00  0.000000e+00  0.000000e+00  0.000000e+00  0.000000e+00  0.000000e+00  0.000000e+00  0.000000e+00  0.000000e+00  0.000000e+00  0.000000e+00  0.000000e+00  0.000000e+00  0.000000e+00  0.000000e+00  0.000000e+00  0.000000e+00  0.000000e+00  0.000000e+00  0.000000e+00  0.000000e+00  0.000000e+00  0.000000e+00  0.000000e+00  0.000000e+00  0.000000e+00  0.000000e+00  0.000000e+00  0.000000e+00  0.000000e+00  0.000000e+00  0.000000e+00  0.000000e+00  0.000000e+00  2.764070e-27  1.379945e-27  1.376944e-27  6.151760e-28  2.525385e-28  7.751475e-29  1.137496e-28  1.569507e-27  7.236613e-28  3.559231e-28  1.208683e-28  3.291593e-29  8.590646e-29  4.157938e-29  2.261257e-29  1.063832e-29  4.114215e-30  1.650022e-30  9.479517e-31  3.801966e-31  1.662555e-29  2.375615e-29  1.742298e-29  9.715152e-30  2.953496e-30  1.533957e-30  1.755801e-30  2.440889e-30  9.911287e-30  4.519794e-30  2.854206e-30  8.071338e-31  2.355184e-31  0.000000e+00  0.000000e+00  0.000000e+00  0.000000e+00  0.000000e+00  1.597752e-29  8.977996e-30  1.007270e-29  4.015469e-30  1.228517e-30  1.859419e-31  0.000000e+00  0.000000e+00  0.000000e+00  4.251699e-29  1.888933e-29  2.446059e-29  1.036336e-29  3.316318e-30  8.017132e-31  8.548082e-32  0.000000e+00  0.000000e+00  5.535217e-30  1.375088e-29  7.993397e-30  5.807342e-30  2.039885e-30  5.060191e-31  1.297573e-33  0.000000e+00  0.000000e+00  0.000000e+00  0.000000e+00  0.000000e+00  0.000000e+00  0.000000e+00  0.000000e+00  0.000000e+00  0.000000e+00  0.000000e+00  0.000000e+00  0.000000e+00  0.000000e+00  0.000000e+00  0.000000e+00  0.000000e+00  0.000000e+00  5.302400e-31  9.726647e-31  6.186550e-31  7.547975e-31  1.758283e-34  0.000000e+00  1.433781e-26  3.981736e-27  6.753502e-27  3.238082e-27  1.536988e-27  1.150538e-27  4.039222e-28  3.484903e-28  1.703469e-28  8.404310e-29  4.801607e-29  1.747559e-29  9.192513e-30  4.521235e-30  1.212858e-30  3.161054e-31  3.398160e-31  6.055381e-31  1.107424e-30  4.934473e-31  7.338343e-31  0.000000e+00  0.000000e+00  0.000000e+00  8.044224e-29  8.498061e-29  6.212590e-29  4.075393e-29  2.298784e-29  1.479440e-29  4.762641e-30  4.217110e-30  2.104971e-30  9.207739e-31  2.679022e-31  0.000000e+00  0.000000e+00  0.000000e+00  0.000000e+00  1.036836e-29  2.858207e-28  1.675436e-28  1.719879e-28  1.239856e-28  5.250971e-29  1.212396e-29  2.774571e-30  4.255427e-31  7.551886e-32  0.000000e+00  2.590359e-31  2.539591e-29  1.575811e-27  1.206135e-27  1.049012e-27  8.872303e-28  4.122502e-28  1.705584e-28  5.104441e-29  1.664192e-29  4.822298e-30  2.441117e-30  1.015453e-27  1.202366e-27  6.123595e-28  7.319101e-28  4.179446e-28  1.632866e-28  7.382140e-29  3.179248e-29  3.079487e-29  1.699151e-29  3.428261e-29  8.646804e-30  2.156452e-29  1.344201e-29  1.146741e-28  4.630365e-29  5.073697e-29  4.735728e-29  2.422146e-29  6.811859e-30  2.071933e-30  1.638907e-29  6.189731e-30  7.355713e-30  6.650053e-30  2.903286e-30  9.719060e-31  9.781565e-34  0.000000e+00  0.000000e+00  0.000000e+00  5.244170e-31  1.963749e-30  1.346389e-29  2.510903e-29  8.658535e-30  1.819106e-29  9.176554e-30  3.221894e-30  4.144339e-31  0.000000e+00  0.000000e+00  0.000000e+00  0.000000e+00  0.000000e+00  0.000000e+00  0.000000e+00  2.466063e-30  7.290131e-29  1.245156e-28  4.101443e-29  8.247079e-29  5.523646e-29  2.217021e-29  4.916015e-30  1.124061e-30  1.135733e-31  1.359887e-30  1.103342e-30  7.904454e-31  2.744038e-30  1.906447e-29  8.023543e-29  4.941337e-29  4.379345e-29  5.022375e-29  3.000058e-29  1.146902e-29  3.182845e-30  3.096907e-30  1.881717e-30  7.258757e-31  7.097869e-34  0.000000e+00  0.000000e+00  0.000000e+00  0.000000e+00  2.503114e-35  1.222367e-30  5.524626e-30  1.095172e-29  1.173050e-29  3.443399e-29  3.610959e-29  1.273879e-29  3.154143e-30  8.507080e-31  2.002393e-31  0.000000e+00  0.000000e+00  0.000000e+00  0.000000e+00  0.000000e+00  0.000000e+00  0.000000e+00  0.000000e+00  0.000000e+00  0.000000e+00  8.367200e-31  1.602881e-30  3.218689e-31  8.906121e-31  6.398398e-31  3.525020e-31  1.160369e-31  1.429380e-27  4.478234e-26  1.297127e-26  1.598854e-26  1.664807e-26  1.148338e-26  4.448432e-27  2.300447e-27  5.019766e-28  2.793348e-28  1.052658e-28  1.259922e-28  4.960324e-29  7.118827e-26  9.045854e-26  2.287534e-26  5.366931e-26  4.207371e-26  2.374666e-26  1.130738e-26  6.560651e-27  3.558385e-27  1.775921e-27  9.364514e-28  3.699200e-28  6.941486e-28  1.093679e-27  1.021877e-26  1.928534e-26  5.690844e-27  9.939497e-27  8.813542e-27  4.586400e-27  3.044706e-27  9.500758e-28  1.165169e-27  1.145761e-27  6.597768e-28  1.515391e-27  7.621145e-28  8.099368e-28  6.112060e-28  4.183269e-28  2.951008e-28  1.034964e-28  6.024170e-29  4.193385e-29  2.982382e-29  1.052811e-29  9.122650e-30  1.085813e-29  6.712598e-30  5.705983e-29  4.946716e-29  9.948519e-29  1.621740e-28  3.299390e-28  5.284232e-28  2.440880e-28  2.771887e-28  4.009256e-28  2.402276e-28  1.497148e-28  3.144195e-29  1.219067e-29
0.000000e+00  0.000000e+00  0.000000e+00  0.000000e+00  0.000000e+00  0.000000e+00  0.000000e+00  0.000000e+00  0.000000e+00  0.000000e+00  0.000000e+00  0.000000e+00  0.000000e+00  0.000000e+00  0.000000e+00  0.000000e+00  0.000000e+00  0.000000e+00  0.000000e+00  0.000000e+00  0.000000e+00  0.000000e+00  0.000000e+00  0.000000e+00  0.000000e+00  0.000000e+00  0.000000e+00  0.000000e+00  0.000000e+00  0.000000e+00  0.000000e+00  0.000000e+00  0.000000e+00  0.000000e+00  0.000000e+00  0.000000e+00  0.000000e+00  0.000000e+00  0.000000e+00  0.000000e+00  0.000000e+00  0.000000e+00  0.000000e+00  0.000000e+00  0.000000e+00  0.000000e+00  0.000000e+00  0.000000e+00  0.000000e+00  0.000000e+00  0.000000e+00  0.000000e+00  0.000000e+00  0.000000e+00  0.000000e+00  0.000000e+00  0.000000e+00  0.000000e+00  0.000000e+00  0.000000e+00  0.000000e+00  0.000000e+00  0.000000e+00  0.000000e+00  0.000000e+00  0.000000e+00  0.000000e+00  0.000000e+00  0.000000e+00  0.000000e+00  0.000000e+00  0.000000e+00  0.000000e+00  0.000000e+00  0.000000e+00  0.000000e+00  0.000000e+00  0.000000e+00  0.000000e+00  0.000000e+00  0.000000e+00  0.000000e+00  0.000000e+00  0.000000e+00  0.000000e+00  0.000000e+00  0.000000e+00  0.000000e+00  0.000000e+00  0.000000e+00  0.000000e+00  0.000000e+00  0.000000e+00  0.000000e+00  0.000000e+00  0.000000e+00  0.000000e+00  0.000000e+00  0.000000e+00  0.000000e+00  0.000000e+00  0.000000e+00  0.000000e+00  0.000000e+00  0.000000e+00  0.000000e+00  0.000000e+00  0.000000e+00  0.000000e+00  0.000000e+00  0.000000e+00  0.000000e+00  0.000000e+00  0.000000e+00  0.000000e+00  0.000000e+00  0.000000e+00  0.000000e+00  0.000000e+00  0.000000e+00  0.000000e+00  0.000000e+00  0.000000e+00  0.000000e+00  0.000000e+00  0.000000e+00  0.000000e+00  0.000000e+00  0.000000e+00  0.000000e+00  0.000000e+00  0.000000e+00  0.000000e+00  0.000000e+00  0.000000e+00  0.000000e+00  0.000000e+00  0.000000e+00  0.000000e+00  0.000000e+00  0.000000e+00  0.000000e+00  0.000000e+00  0.000000e+00  0.000000e+00  0.000000e+00  0.000000e+00  0.000000e+00  0.000000e+00  0.000000e+00  0.000000e+00  0.000000e+00  0.000000e+00  0.000000e+00  0.000000e+00  0.000000e+00  0.000000e+00  0.000000e+00  0.000000e+00  0.000000e+00  0.000000e+00  0.000000e+00  0.000000e+00  0.000000e+00  0.000000e+00  0.000000e+00  0.000000e+00  0.000000e+00  0.000000e+00  0.000000e+00  0.000000e+00  0.000000e+00  0.000000e+00  0.000000e+00  0.000000e+00  0.000000e+00  0.000000e+00  0.000000e+00  0.000000e+00  0.000000e+00  0.000000e+00  0.000000e+00  0.000000e+00  0.000000e+00  0.000000e+00  0.000000e+00  0.000000e+00  0.000000e+00  0.000000e+00  0.000000e+00  0.000000e+00  0.000000e+00  0.000000e+00  0.000000e+00  0.000000e+00  0.000000e+00  0.000000e+00  0.000000e+00  0.000000e+00  0.000000e+00  0.000000e+00  0.000000e+00  0.000000e+00  0.000000e+00  0.000000e+00  0.000000e+00  0.000000e+00  0.000000e+00  0.000000e+00  0.000000e+00  0.000000e+00  0.000000e+00  0.000000e+00  0.000000e+00  0.000000e+00  0.000000e+00  0.000000e+00  0.000000e+00  0.000000e+00  0.000000e+00  0.000000e+00  0.000000e+00  0.000000e+00  0.000000e+00  0.000000e+00  0.000000e+00  0.000000e+00  0.000000e+00  0.000000e+00  0.000000e+00  0.000000e+00  0.000000e+00  0.000000e+00  0.000000e+00  0.000000e+00  2.722391e-31  1.891125e-31  0.000000e+00  0.000000e+00  0.000000e+00  0.000000e+00  0.000000e+00  0.000000e+00  0.000000e+00  0.000000e+00  0.000000e+00  0.000000e+00  0.000000e+00  0.000000e+00  0.000000e+00  0.000000e+00  0.000000e+00  0.000000e+00  4.142884e-30  1.168004e-30  1.656144e-31  8.356442e-31  6.590087e-31  1.233409e-31  0.000000e+00  0.000000e+00  0.000000e+00  0.000000e+00  0.000000e+00  0.000000e+00  0.000000e+00  0.000000e+00  0.000000e+00  0.000000e+00  0.000000e+00  0.000000e+00  0.000000e+00  0.000000e+00  0.000000e+00  3.487694e-34  5.669777e-30  1.591801e-30  1.090878e-31  0.000000e+00  6.455216e-30  4.127887e-30  1.579677e-30  1.279286e-31  0.000000e+00  5.379324e-31  7.567506e-31  3.612882e-31  0.000000e+00  0.000000e+00  0.000000e+00  0.000000e+00  0.000000e+00  0.000000e+00  0.000000e+00  0.000000e+00  0.000000e+00  0.000000e+00  0.000000e+00  1.140586e-29  4.994340e-30  1.376284e-30  2.180369e-31  0.000000e+00  0.000000e+00  0.000000e+00  0.000000e+00  0.000000e+00  0.000000e+00  0.000000e+00  0.000000e+00  0.000000e+00  0.000000e+00  0.000000e+00  0.000000e+00  0.000000e+00  0.000000e+00  0.000000e+00  0.000000e+00  0.000000e+00  0.000000e+00  1.316171e-29  8.247455e-30  3.896503e-30  4.142408e-31  0.000000e+00  0.000000e+00  7.601941e-29  4.111103e-29  1.530090e-29  3.053004e-30  4.860033e-31  3.412580e-29  1.966194e-29  7.110108e-30  1.548624e-30  1.221268e-30  6.389092e-31  2.183437e-32  1.702631e-30  1.020445e-30  5.199995e-31  0.000000e+00  0.000000e+00  0.000000e+00  0.000000e+00  0.000000e+00  0.000000e+00  0.000000e+00  0.000000e+00  0.000000e+00  0.000000e+00  0.000000e+00  0.000000e+00  0.000000e+00  0.000000e+00  0.000000e+00  0.000000e+00  0.000000e+00  0.000000e+00  0.000000e+00  0.000000e+00  0.000000e+00  0.000000e+00  0.000000e+00  0.000000e+00  0.000000e+00  0.000000e+00  0.000000e+00  0.000000e+00  0.000000e+00  0.000000e+00  0.000000e+00  0.000000e+00  0.000000e+00  0.000000e+00  0.000000e+00  0.000000e+00  0.000000e+00  0.000000e+00  0.000000e+00  1.114406e-28  2.553130e-28  1.706866e-28  4.558363e-29  1.268381e-29  1.976384e-30  5.239674e-28  2.717533e-28  1.580260e-28  5.832318e-29  1.975423e-29  9.695586e-30  3.138247e-30  6.481825e-29  3.494903e-29  1.667737e-29  4.048968e-30  8.177414e-31  7.783187e-30  3.788226e-30  2.274592e-30  5.620944e-31  3.576767e-32  8.644070e-31  2.940063e-30  1.611552e-30  5.437806e-31  9.198189e-32  0.000000e+00  0.000000e+00  0.000000e+00  0.000000e+00  0.000000e+00  0.000000e+00  0.000000e+00  0.000000e+00  0.000000e+00  0.000000e+00  0.000000e+00  0.000000e+00  0.000000e+00  0.000000e+00  0.000000e+00  0.000000e+00  0.000000e+00  0.000000e+00  0.000000e+00  0.000000e+00  0.000000e+00  0.000000e+00  0.000000e+00  0.000000e+00  0.000000e+00  0.000000e+00  0.000000e+00  0.000000e+00  0.000000e+00  0.000000e+00  0.000000e+00  0.000000e+00  0.000000e+00  0.000000e+00  0.000000e+00  0.000000e+00  0.000000e+00  0.000000e+00  0.000000e+00  0.000000e+00  0.000000e+00  0.000000e+00  0.000000e+00  0.000000e+00  2.769878e-27  1.396878e-27  1.381201e-27  6.032502e-28  2.454195e-28  7.389221e-29  1.095892e-28  1.576626e-27  7.296261e-28  3.539454e-28  1.184262e-28  3.170386e-29  8.197377e-29  4.017347e-29  2.161852e-29  1.009752e-29  3.837661e-30  1.508226e-30  8.614022e-31  3.423507e-31  1.665891e-29  2.388942e-29  1.758448e-29  9.635932e-30  2.893659e-30  1.473341e-30  1.725287e-30  2.463540e-30  9.952953e-30  4.550989e-30  2.857285e-30  7.939659e-31  2.283878e-31  0.000000e+00  0.000000e+00  0.000000e+00  0.000000e+00  0.000000e+00  1.596516e-29  9.112219e-30  1.014131e-29  3.984171e-30  1.199858e-30  1.777850e-31  0.000000e+00  0.000000e+00  0.000000e+00  4.252953e-29  1.914357e-29  2.464349e-29  1.024732e-29  3.237697e-30  7.677262e-31  8.132836e-32  0.000000e+00  0.000000e+00  5.449273e-30  1.388003e-29  8.094417e-30  5.808552e-30  2.002685e-30  4.859200e-31  1.144494e-33  0.000000e+00  0.000000e+00  0.000000e+00  0.000000e+00  0.000000e+00  0.000000e+00  0.000000e+00  0.000000e+00  0.000000e+00  0.000000e+00  0.000000e+00  0.000000e+00  0.000000e+00  0.000000e+00  0.000000e+00  0.000000e+00  0.000000e+00  0.000000e+00  5.289302e-31  9.822827e-31  6.255036e-31  7.561192e-31  1.295332e-34  0.000000e+00  1.438319e-26  4.018993e-27  6.808103e-27  3.231162e-27  1.513696e-27  1.104013e-27  3.891813e-28  3.346904e-28  1.626529e-28  7.937516e-29  4.448416e-29  1.611142e-29  8.359408e-30  4.098554e-30  1.067508e-30  2.750433e-31  3.030882e-31  5.791624e-31  1.093316e-30  4.801581e-31  7.280072e-31  0.000000e+00  0.000000e+00  0.000000e+00  8.037216e-29  8.560699e-29  6.277329e-29  4.082208e-29  2.278431e-29  1.429209e-29  4.589850e-30  4.046543e-30  1.997701e-30  8.652084e-31  2.477180e-31  0.000000e+00  0.000000e+00  0.000000e+00  0.000000e+00  9.783577e-30  2.846057e-28  1.694429e-28  1.732529e-28  1.237709e-28  5.163249e-29  1.171446e-29  2.631603e-30  3.938086e-31  6.868989e-32  0.000000e+00  2.434097e-31  2.500762e-29  1.569128e-27  1.219806e-27  1.057341e-27  8.894293e-28  4.075636e-28  1.661475e-28  4.866319e-29  1.554055e-29  4.487985e-30  2.248459e-30  1.005925e-27  1.216463e-27  6.201107e-28  7.355757e-28  4.148790e-28  1.583039e-28  7.088847e-29  3.036960e-29  2.935321e-29  1.591607e-29  3.385020e-29  8.480438e-30  2.159902e-29  1.323858e-29  1.144993e-28  4.672933e-29  5.123939e-29  4.752782e-29  2.398540e-29  6.636867e-30  1.972511e-30  1.597971e-29  6.096412e-30  7.266181e-30  6.490788e-30  2.785495e-30  9.186298e-31  8.322360e-34  0.000000e+00  0.000000e+00  0.000000e+00  5.009118e-31  1.885085e-30  1.334290e-29  2.532830e-29  8.794590e-30  1.831624e-29  9.113644e-30  3.154510e-30  3.939391e-31  0.000000e+00  0.000000e+00  0.000000e+00  0.000000e+00  0.000000e+00  0.000000e+00  0.000000e+00  2.275976e-30  7.203094e-29  1.254088e-28  4.133288e-29  8.322434e-29  5.491500e-29  2.171675e-29  4.706968e-30  1.054563e-30  1.049315e-31  1.228069e-30  1.003709e-30  7.268621e-31  2.647735e-30  1.861483e-29  8.040477e-29  5.012002e-29  4.436979e-29  5.048606e-29  2.965139e-29  1.112822e-29  3.059635e-30  2.963849e-30  1.788855e-30  6.813552e-31  5.989483e-34  0.000000e+00  0.000000e+00  0.000000e+00  0.000000e+00  0.000000e+00  1.185684e-30  5.491068e-30  1.104613e-29  1.167064e-29  3.452070e-29  3.633732e-29  1.263115e-29  3.098932e-30  8.328572e-31  1.921111e-31  0.000000e+00  0.000000e+00  0.000000e+00  0.000000e+00  0.000000e+00  0.000000e+00  0.000000e+00  0.000000e+00  0.000000e+00  0.000000e+00  7.536980e-31  1.470504e-30  2.965267e-31  8.178704e-31  5.833469e-31  3.172811e-31  1.031797e-31  1.370480e-27  4.476728e-26  1.307885e-26  1.617289e-26  1.671037e-26  1.144273e-26  4.354708e-27  2.231142e-27  4.753192e-28  2.632760e-28  9.855440e-29  1.238491e-28  4.808266e-29  7.060651e-26  9.142388e-26  2.317381e-26  5.429353e-26  4.202749e-26  2.335201e-26  1.108869e-26  6.343386e-27  3.396898e-27  1.672887e-27  8.750814e-28  3.423088e-28  6.744019e-28  1.081693e-27  1.008026e-26  1.943038e-26  5.773194e-27  1.006732e-26  8.850638e-27  4.562288e-27  2.995532e-27  9.194748e-28  1.103546e-27  1.100070e-27  6.436159e-28  1.499907e-27  7.414733e-28  7.942610e-28  6.037472e-28  4.090910e-28  2.869942e-28  9.932964e-29  5.704272e-29  3.905623e-29  2.771147e-29  9.666574e-30  8.419456e-30  1.030840e-29  6.192686e-30  5.585032e-29  4.801735e-29  9.828870e-29  1.607041e-28  3.273703e-28  5.312105e-28  2.465860e-28  2.790454e-28  4.034200e-28  2.390164e-28  1.484982e-28  3.054446e-29  1.175477e-29
0.000000e+00  0.000000e+00  0.000000e+00  0.000000e+00  0.000000e+00  0.000000e+00  0.000000e+00  0.000000e+00  0.000000e+00  0.000000e+00  0.000000e+00  0.000000e+00  0.000000e+00  0.000000e+00  0.000000e+00  0.000000e+00  0.000000e+00  0.000000e+00  0.000000e+00  0.000000e+00  0.000000e+00  0.000000e+00  0.000000e+00  0.000000e+00  0.000000e+00  0.000000e+00  0.000000e+00  0.000000e+00  0.000000e+00  0.000000e+00  0.000000e+00  0.000000e+00  0.000000e+00  0.000000e+00  0.000000e+00  0.000000e+00  0.000000e+00  0.000000e+00  0.000000e+00  0.000000e+00  0.000000e+00  0.000000e+00  0.000000e+00  0.000000e+00  0.000000e+00  0.000000e+00  0.000000e+00  0.000000e+00  0.000000e+00  0.000000e+00  0.000000e+00  0.000000e+00  0.000000e+00  0.000000e+00  0.000000e+00  0.000000e+00  0.000000e+00  0.000000e+00  0.000000e+00  0.000000e+00  0.000000e+00  0.000000e+00  0.000000e+00  0.000000e+00  0.000000e+00  0.000000e+00  0.000000e+00  0.000000e+00  0.000000e+00  0.000000e+00  0.000000e+00  0.000000e+00  0.000000e+00  0.000000e+00  0.000000e+00  0.000000e+00  0.000000e+00  0.000000e+00  0.000000e+00  0.000000e+00  0.000000e+00  0.000000e+00  0.000000e+00  0.000000e+00  0.000000e+00  0.000000e+00  0.000000e+00  0.000000e+00  0.000000e+00  0.000000e+00  0.000000e+00  0.000000e+00  0.000000e+00  0.000000e+00  0.000000e+00  0.000000e+00  0.000000e+00  0.000000e+00  0.000000e+00  0.000000e+00  0.000000e+00  0.000000e+00  0.000000e+00  0.000000e+00  0.000000e+00  0.000000e+00  0.000000e+00  0.000000e+00  0.000000e+00  0.000000e+00  0.000000e+00  0.000000e+00  0.000000e+00  0.000000e+00  0.000000e+00  0.000000e+00  0.000000e+00  0.000000e+00  0.000000e+00  0.000000e+00  0.000000e+00  0.000000e+00  0.000000e+00  0.000000e+00  0.000000e+00  0.000000e+00  0.000000e+00  0.000000e+00  0.000000e+00  0.000000e+00  0.000000e+00  0.000000e+00  0.000000e+00  0.000000e+00  0.000000e+00  0.000000e+00  0.000000e+00  0.000000e+00  0.000000e+00  0.000000e+00  0.000000e+00  0.000000e+00  0.000000e+00  0.000000e+00  0.000000e+00  0.000000e+00  0.000000e+00  0.000000e+00  0.000000e+00  0.000000e+00  0.000000e+00  0.000000e+00  0.000000e+00  0.000000e+00  0.000000e+00  0.000000e+00  0.000000e+00  0.000000e+00  0.000000e+00  0.000000e+00  0.000000e+00  0.000000e+00  0.000000e+00  0.000000e+00  0.000000e+00  0.000000e+00  0.000000e+00  0.000000e+00  0.000000e+00  0.000000e+00  0.000000e+00  0.000000e+00  0.000000e+00  0.000000e+00  0.000000e+00  0.000000e+00  0.000000e+00  0.000000e+00  0.000000e+00  0.000000e+00  0.000000e+00  0.000000e+00  0.000000e+00  0.000000e+00  0.000000e+00  0.000000e+00  0.000000e+00  0.000000e+00  0.000000e+00  0.000000e+00  0.000000e+00  0.000000e+00  0.000000e+00  0.000000e+00  0.000000e+00  0.000000e+00  0.000000e+00  0.000000e+00  0.000000e+00  0.000000e+00  0.000000e+00  0.000000e+00  0.000000e+00  0.000000e+00  0.000000e+00  0.000000e+00  0.000000e+00  0.000000e+00  0.000000e+00  0.000000e+00  0.000000e+00  0.000000e+00  0.000000e+00  0.000000e+00  0.000000e+00  0.000000e+00  0.000000e+00  0.000000e+00  0.000000e+00  0.000000e+00  0.000000e+00  0.000000e+00  0.000000e+00  0.000000e+00  0.000000e+00  0.000000e+00  0.000000e+00  0.000000e+00  0.000000e+00  0.000000e+00  0.000000e+00  0.000000e+00  0.000000e+00  0.000000e+00  0.000000e+00  2.741539e-31  1.905945e-31  0.000000e+00  0.000000e+00  0.000000e+00  0.000000e+00  0.000000e+00  0.000000e+00  0.000000e+00  0.000000e+00  0.000000e+00  0.000000e+00  0.000000e+00  0.000000e+00  0.000000e+00  0.000000e+00  0.000000e+00  0.000000e+00  4.168154e-30  1.165478e-30  1.614901e-31  8.392772e-31  6.641464e-31  1.223976e-31  0.000000e+00  0.000000e+00  0.000000e+00  0.000000e+00  0.000000e+00  0.000000e+00  0.000000e+00  0.000000e+00  0.000000e+00  0.000000e+00  0.000000e+00  0.000000e+00  0.000000e+00  0.000000e+00  0.000000e+00  8.862104e-35  5.712005e-30  1.587346e-30  1.069993e-31  0.000000e+00  6.472847e-30  4.164612e-30  1.562902e-30  1.232526e-31  0.000000e+00  5.375766e-31  7.651637e-31  3.606427e-31  0.000000e+00  0.000000e+00  0.000000e+00  0.000000e+00  0.000000e+00  0.000000e+00  0.000000e+00  0.000000e+00  0.000000e+00  0.000000e+00  0.000000e+00  1.146440e-29  5.012480e-30  1.353518e-30  2.097285e-31  0.000000e+00  0.000000e+00  0.000000e+00  0.000000e+00  0.000000e+00  0.000000e+00  0.000000e+00  0.000000e+00  0.000000e+00  0.000000e+00  0.000000e+00  0.000000e+00  0.000000e+00  0.000000e+00  0.000000e+00  0.000000e+00  0.000000e+00  0.000000e+00  1.319647e-29  8.308392e-30  3.863028e-30  3.992446e-31  0.000000e+00  0.000000e+00  7.631867e-29  4.142667e-29  1.502923e-29  2.926888e-30  4.547417e-31  3.424676e-29  1.982919e-29  7.023166e-30  1.486401e-30  1.169819e-30  6.081705e-31  2.046334e-32  1.710234e-30  1.028575e-30  5.168684e-31  0.000000e+00  0.000000e+00  0.000000e+00  0.000000e+00  0.000000e+00  0.000000e+00  0.000000e+00  0.000000e+00  0.000000e+00  0.000000e+00  0.000000e+00  0.000000e+00  0.000000e+00  0.000000e+00  0.000000e+00  0.000000e+00  0.000000e+00  0.000000e+00  0.000000e+00  0.000000e+00  0.000000e+00  0.000000e+00  0.000000e+00  0.000000e+00  0.000000e+00  0.000000e+00  0.000000e+00  0.000000e+00  0.000000e+00  0.000000e+00  0.000000e+00  0.000000e+00  0.000000e+00  0.000000e+00  0.000000e+00  0.000000e+00  0.000000e+00  0.000000e+00  0.000000e+00  1.114458e-28  2.570073e-28  1.709684e-28  4.469537e-29  1.216920e-29  1.850205e-30  5.252285e-28  2.743328e-28  1.575997e-28  5.663290e-29  1.892423e-29  9.212580e-30  2.917731e-30  6.489970e-29  3.524999e-29  1.660046e-29  3.940043e-30  7.770282e-31  7.631722e-30  3.735790e-30  2.229274e-30  5.467299e-31  3.453117e-32  8.619817e-31  2.966670e-30  1.617144e-30  5.370473e-31  8.958084e-32  0.000000e+00  0.000000e+00  0.000000e+00  0.000000e+00  0.000000e+00  0.000000e+00  0.000000e+00  0.000000e+00  0.000000e+00  0.000000e+00  0.000000e+00  0.000000e+00  0.000000e+00  0.000000e+00  0.000000e+00  0.000000e+00  0.000000e+00  0.000000e+00  0.000000e+00  0.000000e+00  0.000000e+00  0.000000e+00  0.000000e+00  0.000000e+00  0.000000e+00  0.000000e+00  0.000000e+00  0.000000e+00  0.000000e+00  0.000000e+00  0.000000e+00  0.000000e+00  0.000000e+00  0.000000e+00  0.000000e+00  0.000000e+00  0.000000e+00  0.000000e+00  0.000000e+00  0.000000e+00  0.000000e+00  0.000000e+00  0.000000e+00  0.000000e+00  2.775261e-27  1.414139e-27  1.385514e-27  5.911061e-28  2.381427e-28  7.033358e-29  1.054678e-28  1.583950e-27  7.356070e-28  3.518022e-28  1.159677e-28  3.050370e-29  7.811351e-29  3.878180e-29  2.064523e-29  9.581797e-30  3.576671e-30  1.375530e-30  7.807453e-31  3.073982e-31  1.669176e-29  2.403341e-29  1.774343e-29  9.554253e-30  2.833140e-30  1.412902e-30  1.695044e-30  2.486159e-30  9.994206e-30  4.581718e-30  2.860165e-30  7.803210e-31  2.212166e-31  0.000000e+00  0.000000e+00  0.000000e+00  0.000000e+00  0.000000e+00  1.595312e-29  9.251930e-30  1.020800e-29  3.951217e-30  1.171332e-30  1.698090e-31  0.000000e+00  0.000000e+00  0.000000e+00  4.253473e-29  1.940693e-29  2.482723e-29  1.012556e-29  3.158184e-30  7.342359e-31  7.727328e-32  0.000000e+00  0.000000e+00  5.360812e-30  1.401283e-29  8.197947e-30  5.809100e-30  1.964271e-30  4.658629e-31  1.004309e-33  0.000000e+00  0.000000e+00  0.000000e+00  0.000000e+00  0.000000e+00  0.000000e+00  0.000000e+00  0.000000e+00  0.000000e+00  0.000000e+00  0.000000e+00  0.000000e+00  0.000000e+00  0.000000e+00  0.000000e+00  0.000000e+00  0.000000e+00  0.000000e+00  5.273734e-31  9.918512e-31  6.325535e-31  7.570944e-31  9.598619e-35  0.000000e+00  1.442991e-26  4.058881e-27  6.861557e-27  3.224437e-27  1.490112e-27  1.057909e-27  3.747131e-28  3.211064e-28  1.552341e-28  7.490562e-29  4.115913e-29  1.482827e-29  7.584653e-30  3.707495e-30  9.360053e-31  2.382725e-31  2.695844e-31  5.542161e-31  1.080836e-30  4.679642e-31  7.226822e-31  0.000000e+00  0.000000e+00  0.000000e+00  8.027196e-29  8.626354e-29  6.341292e-29  4.088559e-29  2.256993e-29  1.378976e-29  4.416298e-30  3.878190e-30  1.893113e-30  8.112329e-31  2.285241e-31  0.000000e+00  0.000000e+00  0.000000e+00  0.000000e+00  9.217117e-30  2.834082e-28  1.713270e-28  1.745480e-28  1.235270e-28  5.072393e-29  1.130928e-29  2.491565e-30  3.635637e-31  6.227818e-32  0.000000e+00  2.282425e-31  2.461137e-29  1.562136e-27  1.233862e-27  1.066161e-27  8.914554e-28  4.029195e-28  1.617932e-28  4.631838e-29  1.449320e-29  4.173850e-30  2.067263e-30  9.961139e-28  1.230932e-27  6.280281e-28  7.392807e-28  4.116279e-28  1.533884e-28  6.799055e-29  2.896505e-29  2.794059e-29  1.488174e-29  3.344406e-29  8.328764e-30  2.164094e-29  1.304339e-29  1.142826e-28  4.715455e-29  5.173635e-29  4.770776e-29  2.374476e-29  6.464221e-30  1.876108e-30  1.557842e-29  6.004869e-30  7.178577e-30  6.334189e-30  2.670534e-30  8.669554e-31  6.999869e-34  0.000000e+00  0.000000e+00  0.000000e+00  4.778435e-31  1.806917e-30  1.321615e-29  2.556218e-29  8.934841e-30  1.843276e-29  9.044312e-30  3.086112e-30  3.738209e-31  0.000000e+00  0.000000e+00  0.000000e+00  0.000000e+00  0.000000e+00  0.000000e+00  0.000000e+00  2.095386e-30  7.115771e-29  1.263468e-28  4.166297e-29  8.400475e-29  5.455523e-29  2.125895e-29  4.501102e-30  9.875135e-31  9.676258e-32  1.105688e-30  9.103052e-31  6.667222e-31  2.555753e-30  1.816547e-29  8.058140e-29  5.086014e-29  4.496584e-29  5.075443e-29  2.929748e-29  1.078451e-29  2.938101e-30  2.832891e-30  1.698002e-30  6.386620e-31  5.072494e-34  0.000000e+00  0.000000e+00  0.000000e+00  0.000000e+00  0.000000e+00  1.148775e-30  5.456093e-30  1.114018e-29  1.160846e-29  3.460113e-29  3.656409e-29  1.252370e-29  3.043445e-30  8.153969e-31  1.839844e-31  0.000000e+00  0.000000e+00  0.000000e+00  0.000000e+00  0.000000e+00  0.000000e+00  0.000000e+00  0.000000e+00  0.000000e+00  0.000000e+00  6.769587e-31  1.345363e-30  2.725512e-31  7.491819e-31  5.304647e-31  2.846384e-31  9.145491e-32  1.311000e-27  4.475050e-26  1.318491e-26  1.636454e-26  1.677379e-26  1.140494e-26  4.257607e-27  2.161283e-27  4.494461e-28  2.479112e-28  9.215656e-29  1.218200e-28  4.669108e-29  7.001743e-26  9.240475e-26  2.348061e-26  5.492545e-26  4.196596e-26  2.293929e-26  1.086767e-26  6.125169e-27  3.238031e-27  1.573686e-27  8.162840e-28  3.162446e-28  6.558024e-28  1.070609e-27  9.940254e-27  1.957827e-26  5.854994e-27  1.019917e-26  8.887724e-27  4.538138e-27  2.944377e-27  8.886755e-28  1.043491e-27  1.055208e-27  6.275712e-28  1.484536e-27  7.213907e-28  7.791962e-28  5.965742e-28  4.001832e-28  2.791475e-28  9.533342e-29  5.396771e-29  3.632009e-29  2.572062e-29  8.862189e-30  7.763769e-30  9.801007e-30  5.705636e-30  5.467071e-29  4.659970e-29  9.709932e-29  1.592898e-28  3.247052e-28  5.338181e-28  2.490815e-28  2.809772e-28  4.059214e-28  2.376639e-28  1.472742e-28  2.966011e-29  1.132858e-29
0.000000e+00  0.000000e+00  0.000000e+00  0.000000e+00  0.000000e+00  0.000000e+00  0.000000e+00  0.000000e+00  0.000000e+00  0.000000e+00  0.000000e+00  0.000000e+00  0.000000e+00  0.000000e+00  0.000000e+00  0.000000e+00  0.000000e+00  0.000000e+00  0.000000e+00  0.000000e+00  0.000000e+00  0.000000e+00  0.000000e+00  0.000000e+00  0.000000e+00  0.000000e+00  0.000000e+00  0.000000e+00  0.000000e+00  0.000000e+00  0.000000e+00  0.000000e+00  0.000000e+00  0.000000e+00  0.000000e+00  0.000000e+00  0.000000e+00  0.000000e+00  0.000000e+00  0.000000e+00  0.000000e+00  0.000000e+00  0.000000e+00  0.000000e+00  0.000000e+00  0.000000e+00  0.000000e+00  0.000000e+00  0.000000e+00  0.000000e+00  0.000000e+00  0.000000e+00  0.000000e+00  0.000000e+00  0.000000e+00  0.000000e+00  0.000000e+00  0.000000e+00  0.000000e+00  0.000000e+00  0.000000e+00  0.000000e+00  0.000000e+00  0.000000e+00  0.000000e+00  0.000000e+00  0.000000e+00  0.000000e+00  0.000000e+00  0.000000e+00  0.000000e+00  0.000000e+00  0.000000e+00  0.000000e+00  0.000000e+00  0.000000e+00  0.000000e+00  0.000000e+00  0.000000e+00  0.000000e+00  0.000000e+00  0.000000e+00  0.000000e+00  0.000000e+00  0.000000e+00  0.000000e+00  0.000000e+00  0.000000e+00  0.000000e+00  0.000000e+00  0.000000e+00  0.000000e+00  0.000000e+00  0.000000e+00  0.000000e+00  0.000000e+00  0.000000e+00  0.000000e+00  0.000000e+00  0.000000e+00  0.000000e+00  0.000000e+00  0.000000e+00  0.000000e+00  0.000000e+00  0.000000e+00  0.000000e+00  0.000000e+00  0.000000e+00  0.000000e+00  0.000000e+00  0.000000e+00  0.000000e+00  0.000000e+00  0.000000e+00  0.000000e+00  0.000000e+00  0.000000e+00  0.000000e+00  0.000000e+00  0.000000e+00  0.000000e+00  0.000000e+00  0.000000e+00  0.000000e+00  0.000000e+00  0.000000e+00  0.000000e+00  0.000000e+00  0.000000e+00  0.000000e+00  0.000000e+00  0.000000e+00  0.000000e+00  0.000000e+00  0.000000e+00  0.000000e+00  0.000000e+00  0.000000e+00  0.000000e+00  0.000000e+00  0.000000e+00  0.000000e+00  0.000000e+00  0.000000e+00  0.000000e+00  0.000000e+00  0.000000e+00  0.000000e+00  0.000000e+00  0.000000e+00  0.000000e+00  0.000000e+00  0.000000e+00  0.000000e+00  0.000000e+00  0.000000e+00  0.000000e+00  0.000000e+00  0.000000e+00  0.000000e+00  0.000000e+00  0.000000e+00  0.000000e+00  0.000000e+00  0.000000e+00  0.000000e+00  0.000000e+00  0.000000e+00  0.000000e+00  0.000000e+00  0.000000e+00  0.000000e+00  0.000000e+00  0.000000e+00  0.000000e+00  0.000000e+00  0.000000e+00  0.000000e+00  0.000000e+00  0.000000e+00  0.000000e+00  0.000000e+00  0.000000e+00  0.000000e+00  0.000000e+00  0.000000e+00  0.000000e+00  0.000000e+00  0.000000e+00  0.000000e+00  0.000000e+00  0.000000e+00  0.000000e+00  0.000000e+00  0.000000e+00  0.000000e+00  0.000000e+00  0.000000e+00  0.000000e+00  0.000000e+00  0.000000e+00  0.000000e+00  0.000000e+00  0.000000e+00  0.000000e+00  0.000000e+00  0.000000e+00  0.000000e+00  0.000000e+00  0.000000e+00  0.000000e+00  0.000000e+00  0.000000e+00  0.000000e+00  0.000000e+00  0.000000e+00  0.000000e+00  0.000000e+00  0.000000e+00  0.000000e+00  0.000000e+00  0.000000e+00  0.000000e+00  0.000000e+00  0.000000e+00  0.000000e+00  0.000000e+00  0.000000e+00  0.000000e+00  0.000000e+00  0.000000e+00  0.000000e+00  0.000000e+00  0.000000e+00  2.760434e-31  1.920862e-31  0.000000e+00  0.000000e+00  0.000000e+00  0.000000e+00  0.000000e+00  0.000000e+00  0.000000e+00  0.000000e+00  0.000000e+00  0.000000e+00  0.000000e+00  0.000000e+00  0.000000e+00  0.000000e+00  0.000000e+00  0.000000e+00  4.193443e-30  1.162585e-30  1.573308e-31  8.427006e-31  6.693478e-31  1.214380e-31  0.000000e+00  0.000000e+00  0.000000e+00  0.000000e+00  0.000000e+00  0.000000e+00  0.000000e+00  0.000000e+00  0.000000e+00  0.000000e+00  0.000000e+00  0.000000e+00  0.000000e+00  0.000000e+00  0.000000e+00  0.000000e+00  5.754773e-30  1.582636e-30  1.049163e-31  0.000000e+00  6.490089e-30  4.202350e-30  1.545564e-30  1.185941e-31  0.000000e+00  5.370158e-31  7.736883e-31  3.597892e-31  0.000000e+00  0.000000e+00  0.000000e+00  0.000000e+00  0.000000e+00  0.000000e+00  0.000000e+00  0.000000e+00  0.000000e+00  0.000000e+00  0.000000e+00  1.152312e-29  5.029713e-30  1.329857e-30  2.014659e-31  0.000000e+00  0.000000e+00  0.000000e+00  0.000000e+00  0.000000e+00  0.000000e+00  0.000000e+00  0.000000e+00  0.000000e+00  0.000000e+00  0.000000e+00  0.000000e+00  0.000000e+00  0.000000e+00  0.000000e+00  0.000000e+00  0.000000e+00  0.000000e+00  1.322855e-29  8.370007e-30  3.828063e-30  3.842613e-31  0.000000e+00  0.000000e+00  7.662838e-29  4.174813e-29  1.475435e-29  2.802343e-30  4.245235e-31  3.437264e-29  1.999864e-29  6.933138e-30  1.424579e-30  1.119109e-30  5.780686e-31  1.913418e-32  1.718018e-30  1.036346e-30  5.135598e-31  0.000000e+00  0.000000e+00  0.000000e+00  0.000000e+00  0.000000e+00  0.000000e+00  0.000000e+00  0.000000e+00  0.000000e+00  0.000000e+00  0.000000e+00  0.000000e+00  0.000000e+00  0.000000e+00  0.000000e+00  0.000000e+00  0.000000e+00  0.000000e+00  0.000000e+00  0.000000e+00  0.000000e+00  0.000000e+00  0.000000e+00  0.000000e+00  0.000000e+00  0.000000e+00  0.000000e+00  0.000000e+00  0.000000e+00  0.000000e+00  0.000000e+00  0.000000e+00  0.000000e+00  0.000000e+00  0.000000e+00  0.000000e+00  0.000000e+00  0.000000e+00  0.000000e+00  1.114014e-28  2.587572e-28  1.712728e-28  4.379929e-29  1.165681e-29  1.728890e-30  5.263851e-28  2.769382e-28  1.571492e-28  5.494369e-29  1.810378e-29  8.739886e-30  2.706693e-30  6.498346e-29  3.555088e-29  1.652099e-29  3.830015e-30  7.370994e-31  7.482077e-30  3.684445e-30  2.185250e-30  5.316967e-31  3.327341e-32  8.594134e-31  2.993245e-30  1.622128e-30  5.300648e-31  8.715517e-32  0.000000e+00  0.000000e+00  0.000000e+00  0.000000e+00  0.000000e+00  0.000000e+00  0.000000e+00  0.000000e+00  0.000000e+00  0.000000e+00  0.000000e+00  0.000000e+00  0.000000e+00  0.000000e+00  0.000000e+00  0.000000e+00  0.000000e+00  0.000000e+00  0.000000e+00  0.000000e+00  0.000000e+00  0.000000e+00  0.000000e+00  0.000000e+00  0.000000e+00  0.000000e+00  0.000000e+00  0.000000e+00  0.000000e+00  0.000000e+00  0.000000e+00  0.000000e+00  0.000000e+00  0.000000e+00  0.000000e+00  0.000000e+00  0.000000e+00  0.000000e+00  0.000000e+00  0.000000e+00  0.000000e+00  0.000000e+00  0.000000e+00  0.000000e+00  2.780426e-27  1.431554e-27  1.389839e-27  5.787860e-28  2.307659e-28  6.683569e-29  1.014475e-28  1.591421e-27  7.417098e-28  3.494534e-28  1.134872e-28  2.930926e-29  7.433171e-29  3.740951e-29  1.969308e-29  9.090543e-30  3.331021e-30  1.251668e-30  7.057731e-31  2.751858e-31  1.672153e-29  2.418689e-29  1.790019e-29  9.471256e-30  2.771642e-30  1.352970e-30  1.664949e-30  2.509392e-30  1.003440e-29  4.611919e-30  2.862813e-30  7.662709e-31  2.140506e-31  0.000000e+00  0.000000e+00  0.000000e+00  0.000000e+00  0.000000e+00  1.593920e-29  9.397049e-30  1.027302e-29  3.916995e-30  1.142857e-30  1.620193e-31  0.000000e+00  0.000000e+00  0.000000e+00  4.253576e-29  1.968112e-29  2.501370e-29  9.997062e-30  3.077576e-30  7.012108e-31  7.330263e-32  0.000000e+00  0.000000e+00  5.269240e-30  1.414873e-29  8.305620e-30  5.808748e-30  1.924935e-30  4.458459e-31  8.779369e-34  0.000000e+00  0.000000e+00  0.000000e+00  0.000000e+00  0.000000e+00  0.000000e+00  0.000000e+00  0.000000e+00  0.000000e+00  0.000000e+00  0.000000e+00  0.000000e+00  0.000000e+00  0.000000e+00  0.000000e+00  0.000000e+00  0.000000e+00  0.000000e+00  5.256371e-31  1.001250e-30  6.397187e-31  7.578971e-31  6.341613e-35  0.000000e+00  1.447645e-26  4.101655e-27  6.913748e-27  3.218426e-27  1.466247e-27  1.012317e-27  3.605078e-28  3.077635e-28  1.480749e-28  7.063137e-29  3.803371e-29  1.362354e-29  6.865424e-30  3.346841e-30  8.174543e-31  2.055029e-31  2.391084e-31  5.306972e-31  1.069864e-30  4.567124e-31  7.176955e-31  0.000000e+00  0.000000e+00  0.000000e+00  8.014815e-29  8.695897e-29  6.404052e-29  4.093861e-29  2.234540e-29  1.328589e-29  4.242369e-30  3.712042e-30  1.791330e-30  7.587976e-31  2.103268e-31  0.000000e+00  0.000000e+00  0.000000e+00  0.000000e+00  8.668946e-30  2.822355e-28  1.731985e-28  1.758895e-28  1.232344e-28  4.977972e-29  1.090703e-29  2.354418e-30  3.348348e-31  5.627943e-32  0.000000e+00  2.136892e-31  2.420613e-29  1.554681e-27  1.248010e-27  1.075626e-27  8.935906e-28  3.982612e-28  1.575250e-28  4.401832e-29  1.350043e-29  3.878676e-30  1.897261e-30  9.861343e-28  1.245468e-27  6.359775e-28  7.428628e-28  4.081830e-28  1.485417e-28  6.513561e-29  2.758453e-29  2.655463e-29  1.388754e-29  3.306073e-29  8.193342e-30  2.168959e-29  1.285489e-29  1.140103e-28  4.758491e-29  5.221623e-29  4.789508e-29  2.349522e-29  6.294853e-30  1.782688e-30  1.518490e-29  5.914638e-30  7.095038e-30  6.179838e-30  2.558806e-30  8.168855e-31  5.874561e-34  0.000000e+00  0.000000e+00  0.000000e+00  4.552647e-31  1.729253e-30  1.308363e-29  2.580637e-29  9.078631e-30  1.854218e-29  8.968052e-30  3.016558e-30  3.541380e-31  0.000000e+00  0.000000e+00  0.000000e+00  0.000000e+00  0.000000e+00  0.000000e+00  0.000000e+00  1.924360e-30  7.029218e-29  1.273508e-28  4.200293e-29  8.482187e-29  5.415484e-29  2.079468e-29  4.298573e-30  9.227378e-31  8.905566e-32  9.925251e-31  8.231109e-31  6.098905e-31  2.467699e-30  1.771693e-29  8.076832e-29  5.162281e-29  4.558128e-29  5.103330e-29  2.893888e-29  1.043842e-29  2.818294e-30  2.703537e-30  1.609043e-30  5.977357e-31  4.266340e-34  0.000000e+00  0.000000e+00  0.000000e+00  0.000000e+00  0.000000e+00  1.111749e-30  5.420227e-30  1.123308e-29  1.154473e-29  3.467050e-29  3.678791e-29  1.241513e-29  2.987747e-30  7.984806e-31  1.758233e-31  0.000000e+00  0.000000e+00  0.000000e+00  0.000000e+00  0.000000e+00  0.000000e+00  0.000000e+00  0.000000e+00  0.000000e+00  0.000000e+00  6.061661e-31  1.227189e-30  2.499546e-31  6.844619e-31  4.811313e-31  2.545080e-31  8.080798e-32  1.251711e-27  4.473121e-26  1.329194e-26  1.656268e-26  1.683505e-26  1.137149e-26  4.156999e-27  2.091113e-27  4.244165e-28  2.332064e-28  8.607828e-29  1.199112e-28  4.542316e-29  6.942190e-26  9.342147e-26  2.380781e-26  5.556698e-26  4.188956e-26  2.250833e-26  1.064488e-26  5.905800e-27  3.081604e-27  1.478416e-27  7.600389e-28  2.916939e-28  6.382842e-28  1.060358e-27  9.798659e-27  1.972474e-26  5.936748e-27  1.033737e-26  8.925140e-27  4.514017e-27  2.891207e-27  8.577760e-28  9.850690e-28  1.011102e-27  6.116589e-28  1.469069e-27  7.017878e-28  7.646815e-28  5.896652e-28  3.916190e-28  2.715656e-28  9.149812e-29  5.101365e-29  3.372222e-29  2.384480e-29  8.112565e-30  7.153131e-30  9.333542e-30  5.250384e-30  5.352141e-29  4.521056e-29  9.592043e-29  1.579224e-28  3.219004e-28  5.362378e-28  2.516427e-28  2.829620e-28  4.083469e-28  2.361826e-28  1.460436e-28  2.878888e-29  1.091223e-29
0.000000e+00  0.000000e+00  0.000000e+00  0.000000e+00  0.000000e+00  0.000000e+00  0.000000e+00  0.000000e+00  0.000000e+00  0.000000e+00  0.000000e+00  0.000000e+00  0.000000e+00  0.000000e+00  0.000000e+00  0.000000e+00  0.000000e+00  0.000000e+00  0.000000e+00  0.000000e+00  0.000000e+00  0.000000e+00  0.000000e+00  0.000000e+00  0.000000e+00  0.000000e+00  0.000000e+00  0.000000e+00  0.000000e+00  0.000000e+00  0.000000e+00  0.000000e+00  0.000000e+00  0.000000e+00  0.000000e+00  0.000000e+00  0.000000e+00  0.000000e+00  0.000000e+00  0.000000e+00  0.000000e+00  0.000000e+00  0.000000e+00  0.000000e+00  0.000000e+00  0.000000e+00  0.000000e+00  0.000000e+00  0.000000e+00  0.000000e+00  0.000000e+00  0.000000e+00  0.000000e+00  0.000000e+00  0.000000e+00  0.000000e+00  0.000000e+00  0.000000e+00  0.000000e+00  0.000000e+00  0.000000e+00  0.000000e+00  0.000000e+00  0.000000e+00  0.000000e+00  0.000000e+00  0.000000e+00  0.000000e+00  0.000000e+00  0.000000e+00  0.000000e+00  0.000000e+00  0.000000e+00  0.000000e+00  0.000000e+00  0.000000e+00  0.000000e+00  0.000000e+00  0.000000e+00  0.000000e+00  0.000000e+00  0.000000e+00  0.000000e+00  0.000000e+00  0.000000e+00  0.000000e+00  0.000000e+00  0.000000e+00  0.000000e+00  0.000000e+00  0.000000e+00  0.000000e+00  0.000000e+00  0.000000e+00  0.000000e+00  0.000000e+00  0.000000e+00  0.000000e+00  0.000000e+00  0.000000e+00  0.000000e+00  0.000000e+00  0.000000e+00  0.000000e+00  0.000000e+00  0.000000e+00  0.000000e+00  0.000000e+00  0.000000e+00  0.000000e+00  0.000000e+00  0.000000e+00  0.000000e+00  0.000000e+00  0.000000e+00  0.000000e+00  0.000000e+00  0.000000e+00  0.000000e+00  0.000000e+00  0.000000e+00  0.000000e+00  0.000000e+00  0.000000e+00  0.000000e+00  0.000000e+00  0.000000e+00  0.000000e+00  0.000000e+00  0.000000e+00  0.000000e+00  0.000000e+00  0.000000e+00  0.000000e+00  0.000000e+00  0.000000e+00  0.000000e+00  0.000000e+00  0.000000e+00  0.000000e+00  0.000000e+00  0.000000e+00  0.000000e+00  0.000000e+00  0.000000e+00  0.000000e+00  0.000000e+00  0.000000e+00  0.000000e+00  0.000000e+00  0.000000e+00  0.000000e+00  0.000000e+00  0.000000e+00  0.000000e+00  0.000000e+00  0.000000e+00  0.000000e+00  0.000000e+00  0.000000e+00  0.000000e+00  0.000000e+00  0.000000e+00  0.000000e+00  0.000000e+00  0.000000e+00  0.000000e+00  0.000000e+00  0.000000e+00  0.000000e+00  0.000000e+00  0.000000e+00  0.000000e+00  0.000000e+00  0.000000e+00  0.000000e+00  0.000000e+00  0.000000e+00  0.000000e+00  0.000000e+00  0.000000e+00  0.000000e+00  0.000000e+00  0.000000e+00  0.000000e+00  0.000000e+00  0.000000e+00  0.000000e+00  0.000000e+00  0.000000e+00  0.000000e+00  0.000000e+00  0.000000e+00  0.000000e+00  0.000000e+00  0.000000e+00  0.000000e+00  0.000000e+00  0.000000e+00  0.000000e+00  0.000000e+00  0.000000e+00  0.000000e+00  0.000000e+00  0.000000e+00  0.000000e+00  0.000000e+00  0.000000e+00  0.000000e+00  0.000000e+00  0.000000e+00  0.000000e+00  0.000000e+00  0.000000e+00  0.000000e+00  0.000000e+00  0.000000e+00  0.000000e+00  0.000000e+00  0.000000e+00  0.000000e+00  0.000000e+00  0.000000e+00  0.000000e+00  0.000000e+00  0.000000e+00  0.000000e+00  0.000000e+00  0.000000e+00  0.000000e+00  0.000000e+00  0.000000e+00  0.000000e+00  0.000000e+00  0.000000e+00  2.779467e-31  1.936289e-31  0.000000e+00  0.000000e+00  0.000000e+00  0.000000e+00  0.000000e+00  0.000000e+00  0.000000e+00  0.000000e+00  0.000000e+00  0.000000e+00  0.000000e+00  0.000000e+00  0.000000e+00  0.000000e+00  0.000000e+00  0.000000e+00  4.219138e-30  1.159389e-30  1.531237e-31  8.459148e-31  6.746512e-31  1.204644e-31  0.000000e+00  0.000000e+00  0.000000e+00  0.000000e+00  0.000000e+00  0.000000e+00  0.000000e+00  0.000000e+00  0.000000e+00  0.000000e+00  0.000000e+00  0.000000e+00  0.000000e+00  0.000000e+00  0.000000e+00  0.000000e+00  5.798372e-30  1.577645e-30  1.028192e-31  0.000000e+00  6.506788e-30  4.241198e-30  1.527771e-30  1.139683e-31  0.000000e+00  5.363244e-31  7.823725e-31  3.586981e-31  0.000000e+00  0.000000e+00  0.000000e+00  0.000000e+00  0.000000e+00  0.000000e+00  0.000000e+00  0.000000e+00  0.000000e+00  0.000000e+00  0.000000e+00  1.158277e-29  5.045948e-30  1.305285e-30  1.932847e-31  0.000000e+00  0.000000e+00  0.000000e+00  0.000000e+00  0.000000e+00  0.000000e+00  0.000000e+00  0.000000e+00  0.000000e+00  0.000000e+00  0.000000e+00  0.000000e+00  0.000000e+00  0.000000e+00  0.000000e+00  0.000000e+00  0.000000e+00  0.000000e+00  1.325729e-29  8.433092e-30  3.791717e-30  3.693525e-31  0.000000e+00  0.000000e+00  7.694599e-29  4.208166e-29  1.447975e-29  2.679623e-30  3.953717e-31  3.450660e-29  2.016998e-29  6.839475e-30  1.363076e-30  1.069161e-30  5.485982e-31  1.784802e-32  1.725966e-30  1.043812e-30  5.100814e-31  0.000000e+00  0.000000e+00  0.000000e+00  0.000000e+00  0.000000e+00  0.000000e+00  0.000000e+00  0.000000e+00  0.000000e+00  0.000000e+00  0.000000e+00  0.000000e+00  0.000000e+00  0.000000e+00  0.000000e+00  0.000000e+00  0.000000e+00  0.000000e+00  0.000000e+00  0.000000e+00  0.000000e+00  0.000000e+00  0.000000e+00  0.000000e+00  0.000000e+00  0.000000e+00  0.000000e+00  0.000000e+00  0.000000e+00  0.000000e+00  0.000000e+00  0.000000e+00  0.000000e+00  0.000000e+00  0.000000e+00  0.000000e+00  0.000000e+00  0.000000e+00  0.000000e+00  1.113155e-28  2.605306e-28  1.716163e-28  4.289682e-29  1.114779e-29  1.612317e-30  5.274784e-28  2.795591e-28  1.566482e-28  5.325564e-29  1.729321e-29  8.278203e-30  2.504925e-30  6.506955e-29  3.584961e-29  1.644112e-29  3.719063e-30  6.981021e-31  7.334733e-30  3.634976e-30  2.142593e-30  5.169861e-31  3.200140e-32  8.566951e-31  3.020217e-30  1.626803e-30  5.228096e-31  8.467762e-32  0.000000e+00  0.000000e+00  0.000000e+00  0.000000e+00  0.000000e+00  0.000000e+00  0.000000e+00  0.000000e+00  0.000000e+00  0.000000e+00  0.000000e+00  0.000000e+00  0.000000e+00  0.000000e+00  0.000000e+00  0.000000e+00  0.000000e+00  0.000000e+00  0.000000e+00  0.000000e+00  0.000000e+00  0.000000e+00  0.000000e+00  0.000000e+00  0.000000e+00  0.000000e+00  0.000000e+00  0.000000e+00  0.000000e+00  0.000000e+00  0.000000e+00  0.000000e+00  0.000000e+00  0.000000e+00  0.000000e+00  0.000000e+00  0.000000e+00  0.000000e+00  0.000000e+00  0.000000e+00  0.000000e+00  0.000000e+00  0.000000e+00  0.000000e+00  2.785278e-27  1.449124e-27  1.394118e-27  5.662111e-28  2.232299e-28  6.341209e-29  9.745693e-29  1.599157e-27  7.478763e-28  3.468991e-28  1.109995e-28  2.812825e-29  7.062847e-29  3.605480e-29  1.876173e-29  8.623391e-30  3.099925e-30  1.136325e-30  6.362282e-31  2.456025e-31  1.674986e-29  2.435247e-29  1.805365e-29  9.386804e-30  2.709269e-30  1.293279e-30  1.635214e-30  2.532968e-30  1.007265e-29  4.641533e-30  2.865420e-30  7.517369e-31  2.068676e-31  0.000000e+00  0.000000e+00  0.000000e+00  0.000000e+00  0.000000e+00  1.592392e-29  9.549751e-30  1.033609e-29  3.881433e-30  1.114690e-30  1.544313e-31  0.000000e+00  0.000000e+00  0.000000e+00  4.253288e-29  1.996422e-29  2.520146e-29  9.862053e-30  2.996046e-30  6.687495e-31  6.944483e-32  0.000000e+00  0.000000e+00  5.173904e-30  1.429041e-29  8.416880e-30  5.808320e-30  1.884601e-30  4.259280e-31  7.626269e-34  0.000000e+00  0.000000e+00  0.000000e+00  0.000000e+00  0.000000e+00  0.000000e+00  0.000000e+00  0.000000e+00  0.000000e+00  0.000000e+00  0.000000e+00  0.000000e+00  0.000000e+00  0.000000e+00  0.000000e+00  0.000000e+00  0.000000e+00  0.000000e+00  5.236197e-31  1.010466e-30  6.469954e-31  7.584261e-31  3.147271e-35  0.000000e+00  1.452350e-26  4.148165e-27  6.964233e-27  3.213807e-27  1.442044e-27  9.671706e-28  3.466155e-28  2.946644e-28  1.411995e-28  6.654865e-29  3.510319e-29  1.249414e-29  6.200118e-30  3.014725e-30  7.109756e-31  1.764031e-31  2.114706e-31  5.085051e-31  1.060388e-30  4.463301e-31  7.130367e-31  0.000000e+00  0.000000e+00  0.000000e+00  8.000166e-29  8.768919e-29  6.464373e-29  4.097866e-29  2.211052e-29  1.277997e-29  4.067974e-30  3.548299e-30  1.692616e-30  7.078763e-31  1.930986e-31  0.000000e+00  0.000000e+00  0.000000e+00  0.000000e+00  8.139466e-30  2.811363e-28  1.750412e-28  1.772719e-28  1.229016e-28  4.879492e-29  1.050968e-29  2.220327e-30  3.076364e-31  5.070103e-32  0.000000e+00  1.996457e-31  2.378973e-29  1.546851e-27  1.262337e-27  1.085794e-27  8.957448e-28  3.936272e-28  1.533477e-28  4.176233e-29  1.255974e-29  3.602385e-30  1.737895e-30  9.758295e-28  1.260220e-27  6.440400e-28  7.462817e-28  4.045788e-28  1.437715e-28  6.232815e-29  2.622534e-29  2.519744e-29  1.293385e-29  3.270160e-29  8.072002e-30  2.174565e-29  1.267435e-29  1.136758e-28  4.801772e-29  5.266981e-29  4.809665e-29  2.324003e-29  6.130334e-30  1.692514e-30  1.480024e-29  5.825970e-30  7.015227e-30  6.029111e-30  2.449986e-30  7.684026e-31  4.906138e-34  0.000000e+00  0.000000e+00  0.000000e+00  4.332266e-31  1.652315e-30  1.294565e-29  2.606906e-29  9.226783e-30  1.864149e-29  8.883609e-30  2.946435e-30  3.349047e-31  0.000000e+00  0.000000e+00  0.000000e+00  0.000000e+00  0.000000e+00  0.000000e+00  0.000000e+00  1.762774e-30  6.943178e-29  1.284255e-28  4.236453e-29  8.567654e-29  5.370259e-29  2.032225e-29  4.099189e-30  8.604659e-31  8.181488e-32  8.881772e-31  7.418225e-31  5.562121e-31  2.383798e-30  1.726878e-29  8.096777e-29  5.242086e-29  4.622227e-29  5.132583e-29  2.857621e-29  1.008991e-29  2.700556e-30  2.576196e-30  1.522203e-30  5.586456e-31  3.625640e-34  0.000000e+00  0.000000e+00  0.000000e+00  0.000000e+00  0.000000e+00  1.074588e-30  5.383500e-30  1.132537e-29  1.148032e-29  3.472603e-29  3.701057e-29  1.230703e-29  2.931763e-30  7.822474e-31  1.676492e-31  0.000000e+00  0.000000e+00  0.000000e+00  0.000000e+00  0.000000e+00  0.000000e+00  0.000000e+00  0.000000e+00  0.000000e+00  0.000000e+00  5.410043e-31  1.116067e-30  2.287108e-31  6.236286e-31  4.352525e-31  2.267653e-31  7.119129e-32  1.192255e-27  4.470718e-26  1.339944e-26  1.676980e-26  1.689835e-26  1.134442e-26  4.052156e-27  2.020557e-27  4.001581e-28  2.191779e-28  8.029991e-29  1.181016e-28  4.427549e-29  6.882476e-26  9.446278e-26  2.415118e-26  5.621497e-26  4.178947e-26  2.205716e-26  1.042049e-26  5.685495e-27  2.927893e-27  1.387018e-27  7.063441e-28  2.686141e-28  6.217978e-28  1.050952e-27  9.655778e-27  1.987353e-26  6.017529e-27  1.048182e-26  8.964477e-27  4.490391e-27  2.836083e-27  8.266709e-28  9.283459e-28  9.678760e-28  5.958878e-28  1.453616e-27  6.827561e-28  7.507908e-28  5.830079e-28  3.833848e-28  2.642184e-28  8.783130e-29  4.817576e-29  3.125641e-29  2.207978e-29  7.415442e-30  6.585198e-30  8.904068e-30  4.825175e-30  5.239964e-29  4.385248e-29  9.475581e-29  1.566248e-28  3.189513e-28  5.383886e-28  2.542099e-28  2.849956e-28  4.107061e-28  2.345372e-28  1.448020e-28  2.793711e-29  1.050697e-29
0.000000e+00  0.000000e+00  0.000000e+00  0.000000e+00  0.000000e+00  0.000000e+00  0.000000e+00  0.000000e+00  0.000000e+00  0.000000e+00  0.000000e+00  0.000000e+00  0.000000e+00  0.000000e+00  0.000000e+00  0.000000e+00  0.000000e+00  0.000000e+00  0.000000e+00  0.000000e+00  0.000000e+00  0.000000e+00  0.000000e+00  0.000000e+00  0.000000e+00  0.000000e+00  0.000000e+00  0.000000e+00  0.000000e+00  0.000000e+00  0.000000e+00  0.000000e+00  0.000000e+00  0.000000e+00  0.000000e+00  0.000000e+00  0.000000e+00  0.000000e+00  0.000000e+00  0.000000e+00  0.000000e+00  0.000000e+00  0.000000e+00  0.000000e+00  0.000000e+00  0.000000e+00  0.000000e+00  0.000000e+00  0.000000e+00  0.000000e+00  0.000000e+00  0.000000e+00  0.000000e+00  0.000000e+00  0.000000e+00  0.000000e+00  0.000000e+00  0.000000e+00  0.000000e+00  0.000000e+00  0.000000e+00  0.000000e+00  0.000000e+00  0.000000e+00  0.000000e+00  0.000000e+00  0.000000e+00  0.000000e+00  0.000000e+00  0.000000e+00  0.000000e+00  0.000000e+00  0.000000e+00  0.000000e+00  0.000000e+00  0.000000e+00  0.000000e+00  0.000000e+00  0.000000e+00  0.000000e+00  0.000000e+00  0.000000e+00  0.000000e+00  0.000000e+00  0.000000e+00  0.000000e+00  0.000000e+00  0.000000e+00  0.000000e+00  0.000000e+00  0.000000e+00  0.000000e+00  0.000000e+00  0.000000e+00  0.000000e+00  0.000000e+00  0.000000e+00  0.000000e+00  0.000000e+00  0.000000e+00  0.000000e+00  0.000000e+00  0.000000e+00  0.000000e+00  0.000000e+00  0.000000e+00  0.000000e+00  0.000000e+00  0.000000e+00  0.000000e+00  0.000000e+00  0.000000e+00  0.000000e+00  0.000000e+00  0.000000e+00  0.000000e+00  0.000000e+00  0.000000e+00  0.000000e+00  0.000000e+00  0.000000e+00  0.000000e+00  0.000000e+00  0.000000e+00  0.000000e+00  0.000000e+00  0.000000e+00  0.000000e+00  0.000000e+00  0.000000e+00  0.000000e+00  0.000000e+00  0.000000e+00  0.000000e+00  0.000000e+00  0.000000e+00  0.000000e+00  0.000000e+00  0.000000e+00  0.000000e+00  0.000000e+00  0.000000e+00  0.000000e+00  0.000000e+00  0.000000e+00  0.000000e+00  0.000000e+00  0.000000e+00  0.000000e+00  0.000000e+00  0.000000e+00  0.000000e+00  0.000000e+00  0.000000e+00  0.000000e+00  0.000000e+00  0.000000e+00  0.000000e+00  0.000000e+00  0.000000e+00  0.000000e+00  0.000000e+00  0.000000e+00  0.000000e+00  0.000000e+00  0.000000e+00  0.000000e+00  0.000000e+00  0.000000e+00  0.000000e+00  0.000000e+00  0.000000e+00  0.000000e+00  0.000000e+00  0.000000e+00  0.000000e+00  0.000000e+00  0.000000e+00  0.000000e+00  0.000000e+00  0.000000e+00  0.000000e+00  0.000000e+00  0.000000e+00  0.000000e+00  0.000000e+00  0.000000e+00  0.000000e+00  0.000000e+00  0.000000e+00  0.000000e+00  0.000000e+00  0.000000e+00  0.000000e+00  0.000000e+00  0.000000e+00  0.000000e+00  0.000000e+00  0.000000e+00  0.000000e+00  0.000000e+00  0.000000e+00  0.000000e+00  0.000000e+00  0.000000e+00  0.000000e+00  0.000000e+00  0.000000e+00  0.000000e+00  0.000000e+00  0.000000e+00  0.000000e+00  0.000000e+00  0.000000e+00  0.000000e+00  0.000000e+00  0.000000e+00  0.000000e+00  0.000000e+00  0.000000e+00  0.000000e+00  0.000000e+00  0.000000e+00  0.000000e+00  0.000000e+00  0.000000e+00  0.000000e+00  0.000000e+00  0.000000e+00  0.000000e+00  0.000000e+00  0.000000e+00  0.000000e+00  0.000000e+00  0.000000e+00  2.798454e-31  1.952121e-31  0.000000e+00  0.000000e+00  0.000000e+00  0.000000e+00  0.000000e+00  0.000000e+00  0.000000e+00  0.000000e+00  0.000000e+00  0.000000e+00  0.000000e+00  0.000000e+00  0.000000e+00  0.000000e+00  0.000000e+00  0.000000e+00  4.245222e-30  1.155869e-30  1.488759e-31  8.489071e-31  6.800600e-31  1.194901e-31  0.000000e+00  0.000000e+00  0.000000e+00  0.000000e+00  0.000000e+00  0.000000e+00  0.000000e+00  0.000000e+00  0.000000e+00  0.000000e+00  0.000000e+00  0.000000e+00  0.000000e+00  0.000000e+00  0.000000e+00  0.000000e+00  5.842475e-30  1.572160e-30  1.007141e-31  0.000000e+00  6.522848e-30  4.280999e-30  1.509414e-30  1.093885e-31  0.000000e+00  5.354544e-31  7.912943e-31  3.573036e-31  0.000000e+00  0.000000e+00  0.000000e+00  0.000000e+00  0.000000e+00  0.000000e+00  0.000000e+00  0.000000e+00  0.000000e+00  0.000000e+00  0.000000e+00  1.164328e-29  5.060805e-30  1.279580e-30  1.851670e-31  0.000000e+00  0.000000e+00  0.000000e+00  0.000000e+00  0.000000e+00  0.000000e+00  0.000000e+00  0.000000e+00  0.000000e+00  0.000000e+00  0.000000e+00  0.000000e+00  0.000000e+00  0.000000e+00  0.000000e+00  0.000000e+00  0.000000e+00  0.000000e+00  1.328237e-29  8.497677e-30  3.754130e-30  3.543886e-31  0.000000e+00  0.000000e+00  7.728145e-29  4.242549e-29  1.420240e-29  2.559007e-30  3.673121e-31  3.464757e-29  2.034429e-29  6.742682e-30  1.302142e-30  1.020035e-30  5.198333e-31  1.660728e-32  1.734102e-30  1.050820e-30  5.064567e-31  0.000000e+00  0.000000e+00  0.000000e+00  0.000000e+00  0.000000e+00  0.000000e+00  0.000000e+00  0.000000e+00  0.000000e+00  0.000000e+00  0.000000e+00  0.000000e+00  0.000000e+00  0.000000e+00  0.000000e+00  0.000000e+00  0.000000e+00  0.000000e+00  0.000000e+00  0.000000e+00  0.000000e+00  0.000000e+00  0.000000e+00  0.000000e+00  0.000000e+00  0.000000e+00  0.000000e+00  0.000000e+00  0.000000e+00  0.000000e+00  0.000000e+00  0.000000e+00  0.000000e+00  0.000000e+00  0.000000e+00  0.000000e+00  0.000000e+00  0.000000e+00  0.000000e+00  1.111846e-28  2.623131e-28  1.719899e-28  4.199180e-29  1.064104e-29  1.500751e-30  5.285088e-28  2.822121e-28  1.560991e-28  5.157537e-29  1.649213e-29  7.827737e-30  2.312574e-30  6.515348e-29  3.614683e-29  1.636094e-29  3.607523e-30  6.600537e-31  7.189469e-30  3.587265e-30  2.101429e-30  5.026360e-31  3.070605e-32  8.537918e-31  3.047425e-30  1.631176e-30  5.154134e-31  8.216098e-32  0.000000e+00  0.000000e+00  0.000000e+00  0.000000e+00  0.000000e+00  0.000000e+00  0.000000e+00  0.000000e+00  0.000000e+00  0.000000e+00  0.000000e+00  0.000000e+00  0.000000e+00  0.000000e+00  0.000000e+00  0.000000e+00  0.000000e+00  0.000000e+00  0.000000e+00  0.000000e+00  0.000000e+00  0.000000e+00  0.000000e+00  0.000000e+00  0.000000e+00  0.000000e+00  0.000000e+00  0.000000e+00  0.000000e+00  0.000000e+00  0.000000e+00  0.000000e+00  0.000000e+00  0.000000e+00  0.000000e+00  0.000000e+00  0.000000e+00  0.000000e+00  0.000000e+00  0.000000e+00  0.000000e+00  0.000000e+00  0.000000e+00  0.000000e+00  2.789645e-27  1.466902e-27  1.398389e-27  5.534630e-28  2.155570e-28  6.005299e-29  9.353595e-29  1.607172e-27  7.541016e-28  3.441319e-28  1.084932e-28  2.695594e-29  6.700663e-29  3.471866e-29  1.785327e-29  8.180347e-30  2.883153e-30  1.029252e-30  5.719389e-31  2.185237e-31  1.677479e-29  2.453192e-29  1.820194e-29  9.302944e-30  2.646194e-30  1.233942e-30  1.605829e-30  2.556698e-30  1.010945e-29  4.670189e-30  2.868227e-30  7.368145e-31  1.997067e-31  0.000000e+00  0.000000e+00  0.000000e+00  0.000000e+00  0.000000e+00  1.590669e-29  9.710560e-30  1.039640e-29  3.844192e-30  1.086808e-30  1.470390e-31  0.000000e+00  0.000000e+00  0.000000e+00  4.252147e-29  2.026126e-29  2.538872e-29  9.720637e-30  2.913614e-30  6.368347e-31  6.566697e-32  0.000000e+00  0.000000e+00  5.075167e-30  1.443704e-29  8.531527e-30  5.807595e-30  1.843223e-30  4.059423e-31  6.590033e-34  0.000000e+00  0.000000e+00  0.000000e+00  0.000000e+00  0.000000e+00  0.000000e+00  0.000000e+00  0.000000e+00  0.000000e+00  0.000000e+00  0.000000e+00  0.000000e+00  0.000000e+00  0.000000e+00  0.000000e+00  0.000000e+00  0.000000e+00  0.000000e+00  5.213569e-31  1.019605e-30  6.544528e-31  7.586746e-31  1.514468e-35  0.000000e+00  1.457013e-26  4.198135e-27  7.012667e-27  3.210352e-27  1.417670e-27  9.225547e-28  3.330200e-28  2.818250e-28  1.345953e-28  6.266091e-29  3.235861e-29  1.143917e-29  5.586047e-30  2.709716e-30  6.157570e-31  1.506549e-31  1.864563e-31  4.876838e-31  1.052371e-30  4.367509e-31  7.086912e-31  0.000000e+00  0.000000e+00  0.000000e+00  7.982969e-29  8.846456e-29  6.522031e-29  4.100491e-29  2.186377e-29  1.227324e-29  3.892710e-30  3.387329e-30  1.596931e-30  6.586614e-31  1.768311e-31  0.000000e+00  0.000000e+00  0.000000e+00  0.000000e+00  7.629242e-30  2.801075e-28  1.768498e-28  1.787143e-28  1.225248e-28  4.777604e-29  1.011777e-29  2.089532e-30  2.819330e-31  4.550206e-32  0.000000e+00  1.861958e-31  2.336216e-29  1.538685e-27  1.276874e-27  1.096647e-27  8.978713e-28  3.890442e-28  1.492581e-28  3.955507e-29  1.167175e-29  3.344073e-30  1.588785e-30  9.651718e-28  1.275315e-27  6.521296e-28  7.495678e-28  4.008117e-28  1.390847e-28  5.956077e-29  2.489214e-29  2.387057e-29  1.202007e-29  3.236690e-29  7.965988e-30  2.180911e-29  1.250014e-29  1.132812e-28  4.845466e-29  5.310074e-29  4.830722e-29  2.297989e-29  5.969652e-30  1.605389e-30  1.442407e-29  5.739500e-30  6.939117e-30  5.882085e-30  2.344265e-30  7.214163e-31  4.224821e-34  0.000000e+00  0.000000e+00  0.000000e+00  4.117259e-31  1.576290e-30  1.280191e-29  2.634884e-29  9.378366e-30  1.872904e-29  8.790304e-30  2.875070e-30  3.161146e-31  0.000000e+00  0.000000e+00  0.000000e+00  0.000000e+00  0.000000e+00  0.000000e+00  0.000000e+00  1.610533e-30  6.858121e-29  1.295651e-28  4.273732e-29  8.656173e-29  5.320012e-29  1.984486e-29  3.903312e-30  8.008896e-31  7.500063e-32  7.922482e-31  6.661815e-31  5.057659e-31  2.303731e-30  1.682192e-29  8.118269e-29  5.325579e-29  4.689225e-29  5.163977e-29  2.821193e-29  9.738919e-30  2.584889e-30  2.451113e-30  1.437402e-30  5.213464e-31  3.000493e-34  0.000000e+00  0.000000e+00  0.000000e+00  0.000000e+00  0.000000e+00  1.037259e-30  5.346116e-30  1.141696e-29  1.141409e-29  3.476906e-29  3.723186e-29  1.219860e-29  2.875453e-30  7.667718e-31  1.594802e-31  0.000000e+00  0.000000e+00  0.000000e+00  0.000000e+00  0.000000e+00  0.000000e+00  0.000000e+00  0.000000e+00  0.000000e+00  0.000000e+00  4.812704e-31  1.011781e-30  2.087307e-31  5.666321e-31  3.926244e-31  2.013107e-31  6.251055e-32  1.132547e-27  4.467814e-26  1.350470e-26  1.698563e-26  1.695934e-26  1.132328e-26  3.943943e-27  1.949340e-27  3.768714e-28  2.057927e-28  7.483528e-29  1.163928e-28  4.324010e-29  6.822751e-26  9.553155e-26  2.451284e-26  5.687170e-26  4.166630e-26  2.158525e-26  1.019381e-26  5.464580e-27  2.776855e-27  1.299575e-27  6.552239e-28  2.469396e-28  6.062846e-28  1.042370e-27  9.511185e-27  2.002138e-26  6.096518e-27  1.063301e-26  9.004985e-27  4.468014e-27  2.779199e-27  7.952235e-28  8.733832e-28  9.255155e-28  5.802319e-28  1.438154e-27  6.642214e-28  7.374747e-28  5.765581e-28  3.755093e-28  2.571198e-28  8.431849e-29  4.545016e-29  2.892087e-29  2.042085e-29  6.767448e-30  6.057347e-30  8.510069e-30  4.429127e-30  5.130217e-29  4.252420e-29  9.360111e-29  1.553983e-28  3.158745e-28  5.402385e-28  2.567746e-28  2.870735e-28  4.130139e-28  2.327062e-28  1.435479e-28  2.709873e-29  1.011227e-29
0.000000e+00  0.000000e+00  0.000000e+00  0.000000e+00  0.000000e+00  0.000000e+00  0.000000e+00  0.000000e+00  0.000000e+00  0.000000e+00  0.000000e+00  0.000000e+00  0.000000e+00  0.000000e+00  0.000000e+00  0.000000e+00  0.000000e+00  0.000000e+00  0.000000e+00  0.000000e+00  0.000000e+00  0.000000e+00  0.000000e+00  0.000000e+00  0.000000e+00  0.000000e+00  0.000000e+00  0.000000e+00  0.000000e+00  0.000000e+00  0.000000e+00  0.000000e+00  0.000000e+00  0.000000e+00  0.000000e+00  0.000000e+00  0.000000e+00  0.000000e+00  0.000000e+00  0.000000e+00  0.000000e+00  0.000000e+00  0.000000e+00  0.000000e+00  0.000000e+00  0.000000e+00  0.000000e+00  0.000000e+00  0.000000e+00  0.000000e+00  0.000000e+00  0.000000e+00  0.000000e+00  0.000000e+00  0.000000e+00  0.000000e+00  0.000000e+00  0.000000e+00  0.000000e+00  0.000000e+00  0.000000e+00  0.000000e+00  0.000000e+00  0.000000e+00  0.000000e+00  0.000000e+00  0.000000e+00  0.000000e+00  0.000000e+00  0.000000e+00  0.000000e+00  0.000000e+00  0.000000e+00  0.000000e+00  0.000000e+00  0.000000e+00  0.000000e+00  0.000000e+00  0.000000e+00  0.000000e+00  0.000000e+00  0.000000e+00  0.000000e+00  0.000000e+00  0.000000e+00  0.000000e+00  0.000000e+00  0.000000e+00  0.000000e+00  0.000000e+00  0.000000e+00  0.000000e+00  0.000000e+00  0.000000e+00  0.000000e+00  0.000000e+00  0.000000e+00  0.000000e+00  0.000000e+00  0.000000e+00  0.000000e+00  0.000000e+00  0.000000e+00  0.000000e+00  0.000000e+00  0.000000e+00  0.000000e+00  0.000000e+00  0.000000e+00  0.000000e+00  0.000000e+00  0.000000e+00  0.000000e+00  0.000000e+00  0.000000e+00  0.000000e+00  0.000000e+00  0.000000e+00  0.000000e+00  0.000000e+00  0.000000e+00  0.000000e+00  0.000000e+00  0.000000e+00  0.000000e+00  0.000000e+00  0.000000e+00  0.000000e+00  0.000000e+00  0.000000e+00  0.000000e+00  0.000000e+00  0.000000e+00  0.000000e+00  0.000000e+00  0.000000e+00  0.000000e+00  0.000000e+00  0.000000e+00  0.000000e+00  0.000000e+00  0.000000e+00  0.000000e+00  0.000000e+00  0.000000e+00  0.000000e+00  0.000000e+00  0.000000e+00  0.000000e+00  0.000000e+00  0.000000e+00  0.000000e+00  0.000000e+00  0.000000e+00  0.000000e+00  0.000000e+00  0.000000e+00  0.000000e+00  0.000000e+00  0.000000e+00  0.000000e+00  0.000000e+00  0.000000e+00  0.000000e+00  0.000000e+00  0.000000e+00  0.000000e+00  0.000000e+00  0.000000e+00  0.000000e+00  0.000000e+00  0.000000e+00  0.000000e+00  0.000000e+00  0.000000e+00  0.000000e+00  0.000000e+00  0.000000e+00  0.000000e+00  0.000000e+00  0.000000e+00  0.000000e+00  0.000000e+00  0.000000e+00  0.000000e+00  0.000000e+00  0.000000e+00  0.000000e+00  0.000000e+00  0.000000e+00  0.000000e+00  0.000000e+00  0.000000e+00  0.000000e+00  0.000000e+00  0.000000e+00  0.000000e+00  0.000000e+00  0.000000e+00  0.000000e+00  0.000000e+00  0.000000e+00  0.000000e+00  0.000000e+00  0.000000e+00  0.000000e+00  0.000000e+00  0.000000e+00  0.000000e+00  0.000000e+00  0.000000e+00  0.000000e+00  0.000000e+00  0.000000e+00  0.000000e+00  0.000000e+00  0.000000e+00  0.000000e+00  0.000000e+00  0.000000e+00  0.000000e+00  0.000000e+00  0.000000e+00  0.000000e+00  0.000000e+00  0.000000e+00  0.000000e+00  0.000000e+00  0.000000e+00  0.000000e+00  0.000000e+00  0.000000e+00  0.000000e+00  0.000000e+00  0.000000e+00  2.836918e-31  1.984621e-31  0.000000e+00  0.000000e+00  0.000000e+00  0.000000e+00  0.000000e+00  0.000000e+00  0.000000e+00  0.000000e+00  0.000000e+00  0.000000e+00  0.000000e+00  0.000000e+00  0.000000e+00  0.000000e+00  0.000000e+00  0.000000e+00  4.298946e-30  1.147919e-30  1.402794e-31  8.540105e-31  6.912163e-31  1.175266e-31  0.000000e+00  0.000000e+00  0.000000e+00  0.000000e+00  0.000000e+00  0.000000e+00  0.000000e+00  0.000000e+00  0.000000e+00  0.000000e+00  0.000000e+00  0.000000e+00  0.000000e+00  0.000000e+00  0.000000e+00  0.000000e+00  5.934166e-30  1.560059e-30  9.656227e-32  0.000000e+00  6.551957e-30  4.365351e-30  1.471572e-30  1.002968e-31  0.000000e+00  5.332670e-31  8.095939e-31  3.535974e-31  0.000000e+00  0.000000e+00  0.000000e+00  0.000000e+00  0.000000e+00  0.000000e+00  0.000000e+00  0.000000e+00  0.000000e+00  0.000000e+00  0.000000e+00  1.176664e-29  5.085715e-30  1.224973e-30  1.691032e-31  0.000000e+00  0.000000e+00  0.000000e+00  0.000000e+00  0.000000e+00  0.000000e+00  0.000000e+00  0.000000e+00  0.000000e+00  0.000000e+00  0.000000e+00  0.000000e+00  0.000000e+00  0.000000e+00  0.000000e+00  0.000000e+00  0.000000e+00  0.000000e+00  1.331901e-29  8.632294e-30  3.676115e-30  3.246916e-31  0.000000e+00  0.000000e+00  7.803015e-29  4.315705e-29  1.365112e-29  2.324442e-30  3.145512e-31  3.496116e-29  2.069643e-29  6.540655e-30  1.181887e-30  9.243506e-31  4.645522e-31  1.427470e-32  1.751024e-30  1.063057e-30  4.987510e-31  0.000000e+00  0.000000e+00  0.000000e+00  0.000000e+00  0.000000e+00  0.000000e+00  0.000000e+00  0.000000e+00  0.000000e+00  0.000000e+00  0.000000e+00  0.000000e+00  0.000000e+00  0.000000e+00  0.000000e+00  0.000000e+00  0.000000e+00  0.000000e+00  0.000000e+00  0.000000e+00  0.000000e+00  0.000000e+00  0.000000e+00  0.000000e+00  0.000000e+00  0.000000e+00  0.000000e+00  0.000000e+00  0.000000e+00  0.000000e+00  0.000000e+00  0.000000e+00  0.000000e+00  0.000000e+00  0.000000e+00  0.000000e+00  0.000000e+00  0.000000e+00  0.000000e+00  1.108311e-28  2.659084e-28  1.728795e-28  4.017849e-29  9.639215e-30  1.291924e-30  5.302690e-28  2.875520e-28  1.548579e-28  4.824166e-29  1.492490e-29  6.962141e-30  1.954985e-30  6.532370e-29  3.672683e-29  1.620128e-29  3.384416e-30  5.869359e-31  6.905564e-30  3.497187e-30  2.024727e-30  4.751556e-31  2.807246e-32  8.475086e-31  3.102584e-30  1.638542e-30  4.999523e-31  7.705192e-32  0.000000e+00  0.000000e+00  0.000000e+00  0.000000e+00  0.000000e+00  0.000000e+00  0.000000e+00  0.000000e+00  0.000000e+00  0.000000e+00  0.000000e+00  0.000000e+00  0.000000e+00  0.000000e+00  0.000000e+00  0.000000e+00  0.000000e+00  0.000000e+00  0.000000e+00  0.000000e+00  0.000000e+00  0.000000e+00  0.000000e+00  0.000000e+00  0.000000e+00  0.000000e+00  0.000000e+00  0.000000e+00  0.000000e+00  0.000000e+00  0.000000e+00  0.000000e+00  0.000000e+00  0.000000e+00  0.000000e+00  0.000000e+00  0.000000e+00  0.000000e+00  0.000000e+00  0.000000e+00  0.000000e+00  0.000000e+00  0.000000e+00  0.000000e+00  2.797780e-27  1.502750e-27  1.407225e-27  5.272343e-28  1.998723e-28  5.356998e-29  8.564824e-29  1.624499e-27  7.667839e-28  3.380634e-28  1.034565e-28  2.463238e-29  6.002213e-29  3.210774e-29  1.610392e-29  7.364080e-30  2.490845e-30  8.384564e-31  4.581252e-31  1.712891e-31  1.682108e-29  2.494048e-29  1.848022e-29  9.132666e-30  2.516545e-30  1.116741e-30  1.548537e-30  2.605075e-30  1.017868e-29  4.724530e-30  2.874806e-30  7.053324e-31  1.854723e-31  0.000000e+00  0.000000e+00  0.000000e+00  0.000000e+00  0.000000e+00  1.587121e-29  1.006102e-29  1.050655e-29  3.764466e-30  1.032002e-30  1.329929e-31  0.000000e+00  0.000000e+00  0.000000e+00  4.248514e-29  2.090173e-29  2.576968e-29  9.413925e-30  2.745932e-30  5.748340e-31  5.844122e-32  0.000000e+00  0.000000e+00  4.865472e-30  1.475227e-29  8.775274e-30  5.808506e-30  1.758119e-30  3.665883e-31  4.888657e-34  0.000000e+00  0.000000e+00  0.000000e+00  0.000000e+00  0.000000e+00  0.000000e+00  0.000000e+00  0.000000e+00  0.000000e+00  0.000000e+00  0.000000e+00  0.000000e+00  0.000000e+00  0.000000e+00  0.000000e+00  0.000000e+00  0.000000e+00  0.000000e+00  5.158844e-31  1.037101e-30  6.697714e-31  7.580832e-31  0.000000e+00  0.000000e+00  1.466688e-26  4.311675e-27  7.101014e-27  3.209311e-27  1.368466e-27  8.350021e-28  3.068790e-28  2.569786e-28  1.222253e-28  5.545334e-29  2.740760e-29  9.536945e-30  4.500368e-30  2.174759e-30  4.554599e-31  1.081027e-31  1.436347e-31  4.499285e-31  1.040390e-30  4.194314e-31  7.004892e-31  0.000000e+00  0.000000e+00  0.000000e+00  7.941460e-29  9.019982e-29  6.626373e-29  4.100289e-29  2.132304e-29  1.125987e-29  3.541648e-30  3.073709e-30  1.415391e-30  5.648514e-31  1.470510e-31  0.000000e+00  0.000000e+00  0.000000e+00  0.000000e+00  6.665750e-30  2.783705e-28  1.802691e-28  1.817634e-28  1.216571e-28  4.557369e-29  9.347305e-30  1.837335e-30  2.349406e-31  3.626361e-32  0.000000e+00  1.609425e-31  2.248842e-29  1.521771e-27  1.306320e-27  1.121179e-27  9.024497e-28  3.800030e-28  1.414033e-28  3.529243e-29  1.005111e-29  2.876448e-30  1.319929e-30  9.432648e-28  1.306178e-27  6.685585e-28  7.558276e-28  3.926174e-28  1.299968e-28  5.417476e-29  2.230551e-29  2.130916e-29  1.030960e-29  3.176622e-29  7.799069e-30  2.195849e-29  1.217493e-29  1.122855e-28  4.932563e-29  5.385501e-29  4.878979e-29  2.244028e-29  5.662887e-30  1.441227e-30  1.370143e-29  5.573957e-30  6.801416e-30  5.600281e-30  2.141500e-30  6.323221e-31  2.763647e-34  0.000000e+00  0.000000e+00  0.000000e+00  3.703794e-31  1.426265e-30  1.249790e-29  2.698042e-29  9.694631e-30  1.886295e-29  8.578211e-30  2.730424e-30  2.800592e-31  0.000000e+00  0.000000e+00  0.000000e+00  0.000000e+00  0.000000e+00  0.000000e+00  0.000000e+00  1.333141e-30  6.693026e-29  1.321261e-28  4.352276e-29  8.847791e-29  5.200134e-29  1.886151e-29  3.521494e-30  6.889243e-31  6.263428e-32  6.238944e-31  5.312359e-31  4.137955e-31  2.154891e-30  1.593605e-29  8.168085e-29  5.505190e-29  4.833086e-29  5.231843e-29  2.748161e-29  9.032796e-30  2.361106e-30  2.207977e-30  1.274808e-30  4.521593e-31  1.971195e-34  0.000000e+00  0.000000e+00  0.000000e+00  0.000000e+00  0.000000e+00  9.627963e-31  5.268892e-30  1.159728e-29  1.127882e-29  3.479703e-29  3.766121e-29  1.198394e-29  2.761833e-30  7.382018e-31  1.431938e-31  0.000000e+00  0.000000e+00  0.000000e+00  0.000000e+00  0.000000e+00  0.000000e+00  0.000000e+00  0.000000e+00  0.000000e+00  0.000000e+00  3.768797e-31  8.231129e-31  1.724572e-31  4.637236e-31  3.167761e-31  1.567860e-31  4.772944e-32  1.012975e-27  4.459916e-26  1.370645e-26  1.744949e-26  1.708601e-26  1.130294e-26  3.713907e-27  1.806723e-27  3.324111e-28  1.809111e-28  6.476647e-29  1.132100e-28  4.150148e-29  6.703000e-26  9.777625e-26  2.531269e-26  5.821884e-26  4.133221e-26  2.057279e-26  9.732284e-27  5.018909e-27  2.483645e-27  1.135961e-27  5.605707e-28  2.076575e-28  5.779785e-28  1.027424e-27  9.216127e-27  2.031585e-26  6.246790e-27  1.096135e-26  9.090587e-27  4.424511e-27  2.660751e-27  7.319677e-28  7.686340e-28  8.436990e-28  5.495064e-28  1.407066e-27  6.287839e-28  7.126871e-28  5.642647e-28  3.607649e-28  2.435202e-28  7.775510e-29  4.033224e-29  2.461465e-29  1.740457e-29  5.610847e-30  5.113358e-30  7.820124e-30  3.717026e-30  4.916988e-29  3.996375e-29  9.133027e-29  1.532490e-28  3.091777e-28  5.429419e-28  2.618858e-28  2.914146e-28  4.176071e-28  2.285297e-28  1.410112e-28  2.547685e-29  9.354598e-30
0.000000e+00  0.000000e+00  0.000000e+00  0.000000e+00  0.000000e+00  0.000000e+00  0.000000e+00  0.000000e+00  0.000000e+00  0.000000e+00  0.000000e+00  0.000000e+00  0.000000e+00  0.000000e+00  0.000000e+00  0.000000e+00  0.000000e+00  0.000000e+00  0.000000e+00  0.000000e+00  0.000000e+00  0.000000e+00  0.000000e+00  0.000000e+00  0.000000e+00  0.000000e+00  0.000000e+00  0.000000e+00  0.000000e+00  0.000000e+00  0.000000e+00  0.000000e+00  0.000000e+00  0.000000e+00  0.000000e+00  0.000000e+00  0.000000e+00  0.000000e+00  0.000000e+00  0.000000e+00  0.000000e+00  0.000000e+00  0.000000e+00  0.000000e+00  0.000000e+00  0.000000e+00  0.000000e+00  0.000000e+00  0.000000e+00  0.000000e+00  0.000000e+00  0.000000e+00  0.000000e+00  0.000000e+00  0.000000e+00  0.000000e+00  0.000000e+00  0.000000e+00  0.000000e+00  0.000000e+00  0.000000e+00  0.000000e+00  0.000000e+00  0.000000e+00  0.000000e+00  0.000000e+00  0.000000e+00  0.000000e+00  0.000000e+00  0.000000e+00  0.000000e+00  0.000000e+00  0.000000e+00  0.000000e+00  0.000000e+00  0.000000e+00  0.000000e+00  0.000000e+00  0.000000e+00  0.000000e+00  0.000000e+00  0.000000e+00  0.000000e+00  0.000000e+00  0.000000e+00  0.000000e+00  0.000000e+00  0.000000e+00  0.000000e+00  0.000000e+00  0.000000e+00  0.000000e+00  0.000000e+00  0.000000e+00  0.000000e+00  0.000000e+00  0.000000e+00  0.000000e+00  0.000000e+00  0.000000e+00  0.000000e+00  0.000000e+00  0.000000e+00  0.000000e+00  0.000000e+00  0.000000e+00  0.000000e+00  0.000000e+00  0.000000e+00  0.000000e+00  0.000000e+00  0.000000e+00  0.000000e+00  0.000000e+00  0.000000e+00  0.000000e+00  0.000000e+00  0.000000e+00  0.000000e+00  0.000000e+00  0.000000e+00  0.000000e+00  0.000000e+00  0.000000e+00  0.000000e+00  0.000000e+00  0.000000e+00  0.000000e+00  0.000000e+00  0.000000e+00  0.000000e+00  0.000000e+00  0.000000e+00  0.000000e+00  0.000000e+00  0.000000e+00  0.000000e+00  0.000000e+00  0.000000e+00  0.000000e+00  0.000000e+00  0.000000e+00  0.000000e+00  0.000000e+00  0.000000e+00  0.000000e+00  0.000000e+00  0.000000e+00  0.000000e+00  0.000000e+00  0.000000e+00  0.000000e+00  0.000000e+00  0.000000e+00  0.000000e+00  0.000000e+00  0.000000e+00  0.000000e+00  0.000000e+00  0.000000e+00  0.000000e+00  0.000000e+00  0.000000e+00  0.000000e+00  0.000000e+00  0.000000e+00  0.000000e+00  0.000000e+00  0.000000e+00  0.000000e+00  0.000000e+00  0.000000e+00  0.000000e+00  0.000000e+00  0.000000e+00  0.000000e+00  0.000000e+00  0.000000e+00  0.000000e+00  0.000000e+00  0.000000e+00  0.000000e+00  0.000000e+00  0.000000e+00  0.000000e+00  0.000000e+00  0.000000e+00  0.000000e+00  0.000000e+00  0.000000e+00  0.000000e+00  0.000000e+00  0.000000e+00  0.000000e+00  0.000000e+00  0.000000e+00  0.000000e+00  0.000000e+00  0.000000e+00  0.000000e+00  0.000000e+00  0.000000e+00  0.000000e+00  0.000000e+00  0.000000e+00  0.000000e+00  0.000000e+00  0.000000e+00  0.000000e+00  0.000000e+00  0.000000e+00  0.000000e+00  0.000000e+00  0.000000e+00  0.000000e+00  0.000000e+00  0.000000e+00  0.000000e+00  0.000000e+00  0.000000e+00  0.000000e+00  0.000000e+00  0.000000e+00  0.000000e+00  0.000000e+00  0.000000e+00  0.000000e+00  0.000000e+00  0.000000e+00  0.000000e+00  0.000000e+00  0.000000e+00  0.000000e+00  0.000000e+00  0.000000e+00  2.875992e-31  2.019851e-31  0.000000e+00  0.000000e+00  0.000000e+00  0.000000e+00  0.000000e+00  0.000000e+00  0.000000e+00  0.000000e+00  0.000000e+00  0.000000e+00  0.000000e+00  0.000000e+00  0.000000e+00  0.000000e+00  0.000000e+00  0.000000e+00  4.355514e-30  1.138609e-30  1.315520e-31  8.578389e-31  7.029588e-31  1.155523e-31  0.000000e+00  0.000000e+00  0.000000e+00  0.000000e+00  0.000000e+00  0.000000e+00  0.000000e+00  0.000000e+00  0.000000e+00  0.000000e+00  0.000000e+00  0.000000e+00  0.000000e+00  0.000000e+00  0.000000e+00  0.000000e+00  6.028850e-30  1.546288e-30  9.244964e-32  0.000000e+00  6.576989e-30  4.456275e-30  1.432133e-30  9.141520e-32  0.000000e+00  5.305428e-31  8.283645e-31  3.485221e-31  0.000000e+00  0.000000e+00  0.000000e+00  0.000000e+00  0.000000e+00  0.000000e+00  0.000000e+00  0.000000e+00  0.000000e+00  0.000000e+00  0.000000e+00  1.189726e-29  5.102942e-30  1.166073e-30  1.533863e-31  0.000000e+00  0.000000e+00  0.000000e+00  0.000000e+00  0.000000e+00  0.000000e+00  0.000000e+00  0.000000e+00  0.000000e+00  0.000000e+00  0.000000e+00  0.000000e+00  0.000000e+00  0.000000e+00  0.000000e+00  0.000000e+00  0.000000e+00  0.000000e+00  1.333429e-29  8.776330e-30  3.593938e-30  2.954460e-31  0.000000e+00  0.000000e+00  7.889501e-29  4.396547e-29  1.310526e-29  2.098856e-30  2.662744e-31  3.531901e-29  2.106116e-29  6.327251e-30  1.064488e-30  8.322112e-31  4.124815e-31  1.214630e-32  1.769311e-30  1.071905e-30  4.905427e-31  0.000000e+00  0.000000e+00  0.000000e+00  0.000000e+00  0.000000e+00  0.000000e+00  0.000000e+00  0.000000e+00  0.000000e+00  0.000000e+00  0.000000e+00  0.000000e+00  0.000000e+00  0.000000e+00  0.000000e+00  0.000000e+00  0.000000e+00  0.000000e+00  0.000000e+00  0.000000e+00  0.000000e+00  0.000000e+00  0.000000e+00  0.000000e+00  0.000000e+00  0.000000e+00  0.000000e+00  0.000000e+00  0.000000e+00  0.000000e+00  0.000000e+00  0.000000e+00  0.000000e+00  0.000000e+00  0.000000e+00  0.000000e+00  0.000000e+00  0.000000e+00  0.000000e+00  1.103235e-28  2.694744e-28  1.739242e-28  3.838405e-29  8.653409e-30  1.102497e-30  5.316665e-28  2.928740e-28  1.534533e-28  4.494997e-29  1.340775e-29  6.145359e-30  1.633341e-30  6.548086e-29  3.727782e-29  1.604586e-29  3.161554e-30  5.182418e-31  6.631165e-30  3.415302e-30  1.956114e-30  4.493657e-31  2.541788e-32  8.406976e-31  3.158717e-30  1.644358e-30  4.839501e-31  7.183529e-32  0.000000e+00  0.000000e+00  0.000000e+00  0.000000e+00  0.000000e+00  0.000000e+00  0.000000e+00  0.000000e+00  0.000000e+00  0.000000e+00  0.000000e+00  0.000000e+00  0.000000e+00  0.000000e+00  0.000000e+00  0.000000e+00  0.000000e+00  0.000000e+00  0.000000e+00  0.000000e+00  0.000000e+00  0.000000e+00  0.000000e+00  0.000000e+00  0.000000e+00  0.000000e+00  0.000000e+00  0.000000e+00  0.000000e+00  0.000000e+00  0.000000e+00  0.000000e+00  0.000000e+00  0.000000e+00  0.000000e+00  0.000000e+00  0.000000e+00  0.000000e+00  0.000000e+00  0.000000e+00  0.000000e+00  0.000000e+00  0.000000e+00  0.000000e+00  2.804486e-27  1.538476e-27  1.416703e-27  5.001202e-28  1.837067e-28  4.741803e-29  7.802248e-29  1.643838e-27  7.796318e-28  3.310728e-28  9.843514e-29  2.234518e-29  5.340518e-29  2.957834e-29  1.445356e-29  6.637565e-30  2.149818e-30  6.767613e-31  3.623670e-31  1.324444e-31  1.685888e-29  2.542882e-29  1.872852e-29  8.964105e-30  2.382370e-30  1.001911e-30  1.493969e-30  2.654445e-30  1.024005e-29  4.773118e-30  2.884170e-30  6.716489e-31  1.714470e-31  0.000000e+00  0.000000e+00  0.000000e+00  0.000000e+00  0.000000e+00  1.583446e-29  1.046179e-29  1.060025e-29  3.678470e-30  9.790690e-31  1.198905e-31  0.000000e+00  0.000000e+00  0.000000e+00  4.242012e-29  2.161537e-29  2.614894e-29  9.080144e-30  2.574076e-30  5.155585e-31  5.162148e-32  0.000000e+00  0.000000e+00  4.637530e-30  1.510096e-29  9.040233e-30  5.812900e-30  1.669758e-30  3.279836e-31  3.526734e-34  0.000000e+00  0.000000e+00  0.000000e+00  0.000000e+00  0.000000e+00  0.000000e+00  0.000000e+00  0.000000e+00  0.000000e+00  0.000000e+00  0.000000e+00  0.000000e+00  0.000000e+00  0.000000e+00  0.000000e+00  0.000000e+00  0.000000e+00  0.000000e+00  5.088382e-31  1.053536e-30  6.856527e-31  7.557730e-31  0.000000e+00  0.000000e+00  1.476484e-26  4.446723e-27  7.173163e-27  3.218621e-27  1.318778e-27  7.498457e-28  2.820644e-28  2.333619e-28  1.109552e-28  4.897900e-29  2.312186e-29  7.893650e-30  3.589246e-30  1.730064e-30  3.302106e-31  7.581623e-32  1.091728e-31  4.170613e-31  1.033282e-30  4.037823e-31  6.926104e-31  0.000000e+00  0.000000e+00  0.000000e+00  7.891719e-29  9.223313e-29  6.709009e-29  4.093162e-29  2.072796e-29  1.024601e-29  3.190981e-30  2.772501e-30  1.246832e-30  4.778978e-31  1.208683e-31  0.000000e+00  0.000000e+00  0.000000e+00  0.000000e+00  5.779642e-30  2.771842e-28  1.833489e-28  1.850388e-28  1.206232e-28  4.317894e-29  8.603041e-30  1.598461e-30  1.936971e-31  2.846771e-32  0.000000e+00  1.377800e-31  2.158362e-29  1.504066e-27  1.336633e-27  1.150164e-27  9.072021e-28  3.711519e-28  1.340334e-28  3.126245e-29  8.629253e-30  2.470294e-30  1.088030e-30  9.200869e-28  1.337954e-27  6.847974e-28  7.618934e-28  3.836885e-28  1.213235e-28  4.899410e-29  1.983830e-29  1.887921e-29  8.755021e-30  3.126037e-29  7.687218e-30  2.212932e-29  1.187683e-29  1.109790e-28  5.018868e-29  5.441215e-29  4.938328e-29  2.189104e-29  5.378097e-30  1.289858e-30  1.301904e-29  5.421011e-30  6.687442e-30  5.339265e-30  1.950428e-30  5.493708e-31  1.831437e-34  0.000000e+00  0.000000e+00  0.000000e+00  3.315002e-31  1.280370e-30  1.216564e-29  2.773357e-29  1.002479e-29  1.893087e-29  8.331477e-30  2.583335e-30  2.460011e-31  0.000000e+00  0.000000e+00  0.000000e+00  0.000000e+00  0.000000e+00  0.000000e+00  0.000000e+00  1.090564e-30  6.534054e-29  1.351386e-28  4.436740e-29  9.061089e-29  5.052303e-29  1.784512e-29  3.153664e-30  5.872807e-31  5.181910e-32  4.842878e-31  4.166667e-31  3.335793e-31  2.019702e-30  1.506561e-29  8.227797e-29  5.704569e-29  4.992782e-29  5.312376e-29  2.676062e-29  8.319238e-30  2.147895e-30  1.975134e-30  1.121579e-30  3.898697e-31  1.256838e-34  0.000000e+00  0.000000e+00  0.000000e+00  0.000000e+00  0.000000e+00  8.883337e-31  5.191426e-30  1.177794e-29  1.113610e-29  3.473681e-29  3.807687e-29  1.177605e-29  2.647254e-30  7.132667e-31  1.270780e-31  0.000000e+00  0.000000e+00  0.000000e+00  0.000000e+00  0.000000e+00  0.000000e+00  0.000000e+00  0.000000e+00  0.000000e+00  0.000000e+00  2.906883e-31  6.598910e-31  1.408958e-31  3.748582e-31  2.524219e-31  1.200171e-31  3.596148e-32  8.950495e-28  4.447852e-26  1.389356e-26  1.795830e-26  1.720776e-26  1.131643e-26  3.467915e-27  1.664320e-27  2.912300e-28  1.584031e-28  5.583984e-29  1.103019e-28  4.015734e-29  6.583601e-26  1.001779e-25  2.625905e-26  5.961166e-26  4.086608e-26  1.944891e-26  9.267659e-27  4.570725e-27  2.203406e-27  9.869255e-28  4.759681e-28  1.734821e-28  5.529362e-28  1.015375e-27  8.912767e-27  2.060230e-26  6.382312e-27  1.133113e-26  9.180518e-27  4.386183e-27  2.536539e-27  6.681063e-28  6.711509e-28  7.658954e-28  5.195290e-28  1.375926e-27  5.952367e-28  6.905617e-28  5.526593e-28  3.473788e-28  2.307440e-28  7.177077e-29  3.563126e-29  2.077410e-29  1.475940e-29  4.622789e-30  4.303589e-30  7.249050e-30  3.103195e-30  4.710187e-29  3.753718e-29  8.910497e-29  1.515505e-28  3.017016e-28  5.438647e-28  2.668623e-28  2.960387e-28  4.220526e-28  2.234852e-28  1.384056e-28  2.392143e-29  8.639538e-30
0.000000e+00  0.000000e+00  0.000000e+00  0.000000e+00  0.000000e+00  0.000000e+00  0.000000e+00  0.000000e+00  0.000000e+00  0.000000e+00  0.000000e+00  0.000000e+00  0.000000e+00  0.000000e+00  0.000000e+00  0.000000e+00  0.000000e+00  0.000000e+00  0.000000e+00  0.000000e+00  0.000000e+00  0.000000e+00  0.000000e+00  0.000000e+00  0.000000e+00  0.000000e+00  0.000000e+00  0.000000e+00  0.000000e+00  0.000000e+00  0.000000e+00  0.000000e+00  0.000000e+00  0.000000e+00  0.000000e+00  0.000000e+00  0.000000e+00  0.000000e+00  0.000000e+00  0.000000e+00  0.000000e+00  0.000000e+00  0.000000e+00  0.000000e+00  0.000000e+00  0.000000e+00  0.000000e+00  0.000000e+00  0.000000e+00  0.000000e+00  0.000000e+00  0.000000e+00  0.000000e+00  0.000000e+00  0.000000e+00  0.000000e+00  0.000000e+00  0.000000e+00  0.000000e+00  0.000000e+00  0.000000e+00  0.000000e+00  0.000000e+00  0.000000e+00  0.000000e+00  0.000000e+00  0.000000e+00  0.000000e+00  0.000000e+00  0.000000e+00  0.000000e+00  0.000000e+00  0.000000e+00  0.000000e+00  0.000000e+00  0.000000e+00  0.000000e+00  0.000000e+00  0.000000e+00  0.000000e+00  0.000000e+00  0.000000e+00  0.000000e+00  0.000000e+00  0.000000e+00  0.000000e+00  0.000000e+00  0.000000e+00  0.000000e+00  0.000000e+00  0.000000e+00  0.000000e+00  0.000000e+00  0.000000e+00  0.000000e+00  0.000000e+00  0.000000e+00  0.000000e+00  0.000000e+00  0.000000e+00  0.000000e+00  0.000000e+00  0.000000e+00  0.000000e+00  0.000000e+00  0.000000e+00  0.000000e+00  0.000000e+00  0.000000e+00  0.000000e+00  0.000000e+00  0.000000e+00  0.000000e+00  0.000000e+00  0.000000e+00  0.000000e+00  0.000000e+00  0.000000e+00  0.000000e+00  0.000000e+00  0.000000e+00  0.000000e+00  0.000000e+00  0.000000e+00  0.000000e+00  0.000000e+00  0.000000e+00  0.000000e+00  0.000000e+00  0.000000e+00  0.000000e+00  0.000000e+00  0.000000e+00  0.000000e+00  0.000000e+00  0.000000e+00  0.000000e+00  0.000000e+00  0.000000e+00  0.000000e+00  0.000000e+00  0.000000e+00  0.000000e+00  0.000000e+00  0.000000e+00  0.000000e+00  0.000000e+00  0.000000e+00  0.000000e+00  0.000000e+00  0.000000e+00  0.000000e+00  0.000000e+00  0.000000e+00  0.000000e+00  0.000000e+00  0.000000e+00  0.000000e+00  0.000000e+00  0.000000e+00  0.000000e+00  0.000000e+00  0.000000e+00  0.000000e+00  0.000000e+00  0.000000e+00  0.000000e+00  0.000000e+00  0.000000e+00  0.000000e+00  0.000000e+00  0.000000e+00  0.000000e+00  0.000000e+00  0.000000e+00  0.000000e+00  0.000000e+00  0.000000e+00  0.000000e+00  0.000000e+00  0.000000e+00  0.000000e+00  0.000000e+00  0.000000e+00  0.000000e+00  0.000000e+00  0.000000e+00  0.000000e+00  0.000000e+00  0.000000e+00  0.000000e+00  0.000000e+00  0.000000e+00  0.000000e+00  0.000000e+00  0.000000e+00  0.000000e+00  0.000000e+00  0.000000e+00  0.000000e+00  0.000000e+00  0.000000e+00  0.000000e+00  0.000000e+00  0.000000e+00  0.000000e+00  0.000000e+00  0.000000e+00  0.000000e+00  0.000000e+00  0.000000e+00  0.000000e+00  0.000000e+00  0.000000e+00  0.000000e+00  0.000000e+00  0.000000e+00  0.000000e+00  0.000000e+00  0.000000e+00  0.000000e+00  0.000000e+00  0.000000e+00  0.000000e+00  0.000000e+00  0.000000e+00  0.000000e+00  0.000000e+00  0.000000e+00  0.000000e+00  0.000000e+00  0.000000e+00  0.000000e+00  0.000000e+00  0.000000e+00  2.916397e-31  2.057189e-31  0.000000e+00  0.000000e+00  0.000000e+00  0.000000e+00  0.000000e+00  0.000000e+00  0.000000e+00  0.000000e+00  0.000000e+00  0.000000e+00  0.000000e+00  0.000000e+00  0.000000e+00  0.000000e+00  0.000000e+00  0.000000e+00  4.415561e-30  1.127937e-30  1.227675e-31  8.603596e-31  7.152487e-31  1.136200e-31  0.000000e+00  0.000000e+00  0.000000e+00  0.000000e+00  0.000000e+00  0.000000e+00  0.000000e+00  0.000000e+00  0.000000e+00  0.000000e+00  0.000000e+00  0.000000e+00  0.000000e+00  0.000000e+00  0.000000e+00  0.000000e+00  6.128403e-30  1.529999e-30  8.844045e-32  0.000000e+00  6.596953e-30  4.556702e-30  1.391000e-30  8.275154e-32  0.000000e+00  5.274094e-31  8.473876e-31  3.419192e-31  0.000000e+00  0.000000e+00  0.000000e+00  0.000000e+00  0.000000e+00  0.000000e+00  0.000000e+00  0.000000e+00  0.000000e+00  0.000000e+00  0.000000e+00  1.203573e-29  5.109883e-30  1.102602e-30  1.379898e-31  0.000000e+00  0.000000e+00  0.000000e+00  0.000000e+00  0.000000e+00  0.000000e+00  0.000000e+00  0.000000e+00  0.000000e+00  0.000000e+00  0.000000e+00  0.000000e+00  0.000000e+00  0.000000e+00  0.000000e+00  0.000000e+00  0.000000e+00  0.000000e+00  1.332298e-29  8.931952e-30  3.509029e-30  2.667941e-31  0.000000e+00  0.000000e+00  7.991209e-29  4.486770e-29  1.257263e-29  1.883007e-30  2.225920e-31  3.573218e-29  2.143416e-29  6.103521e-30  9.507166e-31  7.439735e-31  3.637404e-31  1.022358e-32  1.788939e-30  1.076340e-30  4.819681e-31  0.000000e+00  0.000000e+00  0.000000e+00  0.000000e+00  0.000000e+00  0.000000e+00  0.000000e+00  0.000000e+00  0.000000e+00  0.000000e+00  0.000000e+00  0.000000e+00  0.000000e+00  0.000000e+00  0.000000e+00  0.000000e+00  0.000000e+00  0.000000e+00  0.000000e+00  0.000000e+00  0.000000e+00  0.000000e+00  0.000000e+00  0.000000e+00  0.000000e+00  0.000000e+00  0.000000e+00  0.000000e+00  0.000000e+00  0.000000e+00  0.000000e+00  0.000000e+00  0.000000e+00  0.000000e+00  0.000000e+00  0.000000e+00  0.000000e+00  0.000000e+00  0.000000e+00  1.096944e-28  2.729248e-28  1.751530e-28  3.662203e-29  7.688770e-30  9.316910e-31  5.326188e-28  2.982238e-28  1.517871e-28  4.172552e-29  1.194883e-29  5.379467e-30  1.346797e-30  6.562294e-29  3.779193e-29  1.589847e-29  2.940147e-30  4.542408e-31  6.367236e-30  3.341780e-30  1.896594e-30  4.252964e-31  2.277932e-32  8.331982e-31  3.215035e-30  1.648907e-30  4.675647e-31  6.655140e-32  0.000000e+00  0.000000e+00  0.000000e+00  0.000000e+00  0.000000e+00  0.000000e+00  0.000000e+00  0.000000e+00  0.000000e+00  0.000000e+00  0.000000e+00  0.000000e+00  0.000000e+00  0.000000e+00  0.000000e+00  0.000000e+00  0.000000e+00  0.000000e+00  0.000000e+00  0.000000e+00  0.000000e+00  0.000000e+00  0.000000e+00  0.000000e+00  0.000000e+00  0.000000e+00  0.000000e+00  0.000000e+00  0.000000e+00  0.000000e+00  0.000000e+00  0.000000e+00  0.000000e+00  0.000000e+00  0.000000e+00  0.000000e+00  0.000000e+00  0.000000e+00  0.000000e+00  0.000000e+00  0.000000e+00  0.000000e+00  0.000000e+00  0.000000e+00  2.810504e-27  1.573836e-27  1.427038e-27  4.723097e-28  1.671682e-28  4.162740e-29  7.059268e-29  1.665788e-27  7.925920e-28  3.232972e-28  9.345274e-29  2.010046e-29  4.716880e-29  2.713941e-29  1.291173e-29  5.995497e-30  1.856538e-30  5.414773e-31  2.828031e-31  1.009146e-31  1.689344e-29  2.600938e-29  1.893432e-29  8.798146e-30  2.243575e-30  8.901957e-31  1.442530e-30  2.705480e-30  1.029308e-29  4.814452e-30  2.897121e-30  6.358363e-31  1.577491e-31  0.000000e+00  0.000000e+00  0.000000e+00  0.000000e+00  0.000000e+00  1.579467e-29  1.092283e-29  1.067081e-29  3.585440e-30  9.281664e-31  1.077302e-31  0.000000e+00  0.000000e+00  0.000000e+00  4.232584e-29  2.242354e-29  2.653643e-29  8.716549e-30  2.398221e-30  4.591768e-31  4.522145e-32  0.000000e+00  0.000000e+00  4.391482e-30  1.549113e-29  9.328507e-30  5.823326e-30  1.578715e-30  2.903311e-31  2.527584e-34  0.000000e+00  0.000000e+00  0.000000e+00  0.000000e+00  0.000000e+00  0.000000e+00  0.000000e+00  0.000000e+00  0.000000e+00  0.000000e+00  0.000000e+00  0.000000e+00  0.000000e+00  0.000000e+00  0.000000e+00  0.000000e+00  0.000000e+00  0.000000e+00  4.999843e-31  1.068746e-30  7.017567e-31  7.515539e-31  0.000000e+00  0.000000e+00  1.486665e-26  4.609405e-27  7.222682e-27  3.240200e-27  1.268673e-27  6.675295e-28  2.585799e-28  2.111049e-28  1.007153e-28  4.321609e-29  1.944102e-29  6.487063e-30  2.832894e-30  1.364477e-30  2.341914e-31  5.181495e-32  8.176955e-32  3.889156e-31  1.030294e-30  3.888075e-31  6.847121e-31  0.000000e+00  0.000000e+00  0.000000e+00  7.837620e-29  9.463320e-29  6.762333e-29  4.075733e-29  2.007636e-29  9.236982e-30  2.844032e-30  2.484478e-30  1.091531e-30  3.981104e-31  9.809925e-32  0.000000e+00  0.000000e+00  0.000000e+00  0.000000e+00  4.970185e-30  2.767008e-28  1.859844e-28  1.886200e-28  1.194017e-28  4.058182e-29  7.889864e-30  1.373184e-30  1.579454e-31  2.200886e-32  0.000000e+00  1.167809e-31  2.065820e-29  1.486239e-27  1.368028e-27  1.184168e-27  9.127114e-28  3.624671e-28  1.271589e-28  2.748992e-29  7.397536e-30  2.118020e-30  8.897502e-31  8.960924e-28  1.370554e-27  7.005591e-28  7.677415e-28  3.739686e-28  1.130963e-28  4.401759e-29  1.750990e-29  1.658497e-29  7.354229e-30  3.084009e-29  7.630331e-30  2.232320e-29  1.160890e-29  1.093407e-28  5.102278e-29  5.472092e-29  5.010887e-29  2.133587e-29  5.115349e-30  1.150686e-30  1.238242e-29  5.282296e-30  6.600590e-30  5.102193e-30  1.770494e-30  4.725774e-31  1.197536e-34  0.000000e+00  0.000000e+00  0.000000e+00  2.950379e-31  1.139692e-30  1.180225e-29  2.863829e-29  1.036683e-29  1.891722e-29  8.046818e-30  2.434863e-30  2.140418e-31  0.000000e+00  0.000000e+00  0.000000e+00  0.000000e+00  0.000000e+00  0.000000e+00  0.000000e+00  8.806353e-31  6.381792e-29  1.386981e-28  4.528633e-29  9.299751e-29  4.872462e-29  1.678816e-29  2.800911e-30  4.955875e-31  4.244442e-32  3.700529e-31  3.208271e-31  2.643397e-31  1.896451e-30  1.421492e-29  8.298864e-29  5.926303e-29  5.172421e-29  5.407129e-29  2.604603e-29  7.602885e-30  1.945616e-30  1.754047e-30  9.780605e-31  3.341486e-31  7.931458e-35  0.000000e+00  0.000000e+00  0.000000e+00  0.000000e+00  0.000000e+00  8.142622e-31  5.113668e-30  1.195866e-29  1.098677e-29  3.456672e-29  3.847039e-29  1.157658e-29  2.532964e-30  6.921272e-31  1.112577e-31  0.000000e+00  0.000000e+00  0.000000e+00  0.000000e+00  0.000000e+00  0.000000e+00  0.000000e+00  0.000000e+00  0.000000e+00  0.000000e+00  2.205658e-31  5.205661e-31  1.136460e-31  2.990589e-31  1.984385e-31  9.016163e-32  2.673449e-32  7.799129e-28  4.430584e-26  1.405535e-26  1.851992e-26  1.733388e-26  1.136266e-26  3.207806e-27  1.522824e-27  2.533593e-28  1.381079e-28  4.799118e-29  1.075938e-28  3.916244e-29  6.463706e-26  1.027711e-25  2.739839e-26  6.107317e-26  4.024106e-26  1.822508e-26  8.801292e-27  4.121755e-27  1.937818e-27  8.518081e-28  4.012042e-28  1.439701e-28  5.307117e-28  1.005884e-27  8.600068e-27  2.087375e-26  6.497542e-27  1.175363e-26  9.274477e-27  4.351124e-27  2.408091e-27  6.038618e-28  5.808966e-28  6.921481e-28  4.903948e-28  1.344479e-27  5.634285e-28  6.712532e-28  5.416090e-28  3.353459e-28  2.186730e-28  6.631523e-29  3.132995e-29  1.736520e-29  1.244867e-29  3.784307e-30  3.611593e-30  6.783295e-30  2.577379e-30  4.507197e-29  3.524783e-29  8.691148e-29  1.503794e-28  2.933057e-28  5.425825e-28  2.715154e-28  3.010451e-28  4.265796e-28  2.175236e-28  1.356832e-28  2.243131e-29  7.965896e-30
0.000000e+00  0.000000e+00  0.000000e+00  0.000000e+00  0.000000e+00  0.000000e+00  0.000000e+00  0.000000e+00  0.000000e+00  0.000000e+00  0.000000e+00  0.000000e+00  0.000000e+00  0.000000e+00  0.000000e+00  0.000000e+00  0.000000e+00  0.000000e+00  0.000000e+00  0.000000e+00  0.000000e+00  0.000000e+00  0.000000e+00  0.000000e+00  0.000000e+00  0.000000e+00  0.000000e+00  0.000000e+00  0.000000e+00  0.000000e+00  0.000000e+00  0.000000e+00  0.000000e+00  0.000000e+00  0.000000e+00  0.000000e+00  0.000000e+00  0.000000e+00  0.000000e+00  0.000000e+00  0.000000e+00  0.000000e+00  0.000000e+00  0.000000e+00  0.000000e+00  0.000000e+00  0.000000e+00  0.000000e+00  0.000000e+00  0.000000e+00  0.000000e+00  0.000000e+00  0.000000e+00  0.000000e+00  0.000000e+00  0.000000e+00  0.000000e+00  0.000000e+00  0.000000e+00  0.000000e+00  0.000000e+00  0.000000e+00  0.000000e+00  0.000000e+00  0.000000e+00  0.000000e+00  0.000000e+00  0.000000e+00  0.000000e+00  0.000000e+00  0.000000e+00  0.000000e+00  0.000000e+00  0.000000e+00  0.000000e+00  0.000000e+00  0.000000e+00  0.000000e+00  0.000000e+00  0.000000e+00  0.000000e+00  0.000000e+00  0.000000e+00  0.000000e+00  0.000000e+00  0.000000e+00  0.000000e+00  0.000000e+00  0.000000e+00  0.000000e+00  0.000000e+00  0.000000e+00  0.000000e+00  0.000000e+00  0.000000e+00  0.000000e+00  0.000000e+00  0.000000e+00  0.000000e+00  0.000000e+00  0.000000e+00  0.000000e+00  0.000000e+00  0.000000e+00  0.000000e+00  0.000000e+00  0.000000e+00  0.000000e+00  0.000000e+00  0.000000e+00  0.000000e+00  0.000000e+00  0.000000e+00  0.000000e+00  0.000000e+00  0.000000e+00  0.000000e+00  0.000000e+00  0.000000e+00  0.000000e+00  0.000000e+00  0.000000e+00  0.000000e+00  0.000000e+00  0.000000e+00  0.000000e+00  0.000000e+00  0.000000e+00  0.000000e+00  0.000000e+00  0.000000e+00  0.000000e+00  0.000000e+00  0.000000e+00  0.000000e+00  0.000000e+00  0.000000e+00  0.000000e+00  0.000000e+00  0.000000e+00  0.000000e+00  0.000000e+00  0.000000e+00  0.000000e+00  0.000000e+00  0.000000e+00  0.000000e+00  0.000000e+00  0.000000e+00  0.000000e+00  0.000000e+00  0.000000e+00  0.000000e+00  0.000000e+00  0.000000e+00  0.000000e+00  0.000000e+00  0.000000e+00  0.000000e+00  0.000000e+00  0.000000e+00  0.000000e+00  0.000000e+00  0.000000e+00  0.000000e+00  0.000000e+00  0.000000e+00  0.000000e+00  0.000000e+00  0.000000e+00  0.000000e+00  0.000000e+00  0.000000e+00  0.000000e+00  0.000000e+00  0.000000e+00  0.000000e+00  0.000000e+00  0.000000e+00  0.000000e+00  0.000000e+00  0.000000e+00  0.000000e+00  0.000000e+00  0.000000e+00  0.000000e+00  0.000000e+00  0.000000e+00  0.000000e+00  0.000000e+00  0.000000e+00  0.000000e+00  0.000000e+00  0.000000e+00  0.000000e+00  0.000000e+00  0.000000e+00  0.000000e+00  0.000000e+00  0.000000e+00  0.000000e+00  0.000000e+00  0.000000e+00  0.000000e+00  0.000000e+00  0.000000e+00  0.000000e+00  0.000000e+00  0.000000e+00  0.000000e+00  0.000000e+00  0.000000e+00  0.000000e+00  0.000000e+00  0.000000e+00  0.000000e+00  0.000000e+00  0.000000e+00  0.000000e+00  0.000000e+00  0.000000e+00  0.000000e+00  0.000000e+00  0.000000e+00  0.000000e+00  0.000000e+00  0.000000e+00  0.000000e+00  0.000000e+00  0.000000e+00  0.000000e+00  0.000000e+00  0.000000e+00  0.000000e+00  0.000000e+00  2.924855e-31  2.073499e-31  0.000000e+00  0.000000e+00  0.000000e+00  0.000000e+00  0.000000e+00  0.000000e+00  0.000000e+00  0.000000e+00  0.000000e+00  0.000000e+00  0.000000e+00  0.000000e+00  0.000000e+00  0.000000e+00  0.000000e+00  0.000000e+00  4.433019e-30  1.130186e-30  1.227339e-31  8.546588e-31  7.193058e-31  1.151861e-31  0.000000e+00  0.000000e+00  0.000000e+00  0.000000e+00  0.000000e+00  0.000000e+00  0.000000e+00  0.000000e+00  0.000000e+00  0.000000e+00  0.000000e+00  0.000000e+00  0.000000e+00  0.000000e+00  0.000000e+00  0.000000e+00  6.155883e-30  1.529504e-30  9.038873e-32  0.000000e+00  6.583654e-30  4.594334e-30  1.397706e-30  8.274070e-32  0.000000e+00  5.283280e-31  8.473726e-31  3.363583e-31  0.000000e+00  0.000000e+00  0.000000e+00  0.000000e+00  0.000000e+00  0.000000e+00  0.000000e+00  0.000000e+00  0.000000e+00  0.000000e+00  0.000000e+00  1.206741e-29  5.083427e-30  1.085367e-30  1.375183e-31  0.000000e+00  0.000000e+00  0.000000e+00  0.000000e+00  0.000000e+00  0.000000e+00  0.000000e+00  0.000000e+00  0.000000e+00  0.000000e+00  0.000000e+00  0.000000e+00  0.000000e+00  0.000000e+00  0.000000e+00  0.000000e+00  0.000000e+00  0.000000e+00  1.321915e-29  8.959096e-30  3.526176e-30  2.645539e-31  0.000000e+00  0.000000e+00  8.057603e-29  4.542859e-29  1.269213e-29  1.894027e-30  2.203901e-31  3.605734e-29  2.153618e-29  6.083623e-30  9.417780e-31  7.454939e-31  3.661492e-31  1.015894e-32  1.802022e-30  1.055323e-30  4.853764e-31  0.000000e+00  0.000000e+00  0.000000e+00  0.000000e+00  0.000000e+00  0.000000e+00  0.000000e+00  0.000000e+00  0.000000e+00  0.000000e+00  0.000000e+00  0.000000e+00  0.000000e+00  0.000000e+00  0.000000e+00  0.000000e+00  0.000000e+00  0.000000e+00  0.000000e+00  0.000000e+00  0.000000e+00  0.000000e+00  0.000000e+00  0.000000e+00  0.000000e+00  0.000000e+00  0.000000e+00  0.000000e+00  0.000000e+00  0.000000e+00  0.000000e+00  0.000000e+00  0.000000e+00  0.000000e+00  0.000000e+00  0.000000e+00  0.000000e+00  0.000000e+00  0.000000e+00  1.101735e-28  2.714419e-28  1.769041e-28  3.688615e-29  7.566402e-30  9.357787e-31  5.307362e-28  2.974673e-28  1.521712e-28  4.183555e-29  1.189852e-29  5.386877e-30  1.332923e-30  6.558035e-29  3.758065e-29  1.612198e-29  2.942909e-30  4.559635e-31  6.333026e-30  3.357663e-30  1.919936e-30  4.323133e-31  2.219296e-32  8.375506e-31  3.220766e-30  1.638891e-30  4.676531e-31  6.616187e-32  0.000000e+00  0.000000e+00  0.000000e+00  0.000000e+00  0.000000e+00  0.000000e+00  0.000000e+00  0.000000e+00  0.000000e+00  0.000000e+00  0.000000e+00  0.000000e+00  0.000000e+00  0.000000e+00  0.000000e+00  0.000000e+00  0.000000e+00  0.000000e+00  0.000000e+00  0.000000e+00  0.000000e+00  0.000000e+00  0.000000e+00  0.000000e+00  0.000000e+00  0.000000e+00  0.000000e+00  0.000000e+00  0.000000e+00  0.000000e+00  0.000000e+00  0.000000e+00  0.000000e+00  0.000000e+00  0.000000e+00  0.000000e+00  0.000000e+00  0.000000e+00  0.000000e+00  0.000000e+00  0.000000e+00  0.000000e+00  0.000000e+00  0.000000e+00  2.813510e-27  1.568671e-27  1.432514e-27  4.652598e-28  1.635716e-28  4.152129e-29  6.576222e-29  1.680432e-27  7.936400e-28  3.207625e-28  9.436007e-29  2.004823e-29  4.728544e-29  2.696511e-29  1.274952e-29  6.000787e-30  1.851006e-30  5.443813e-31  2.853427e-31  1.020260e-31  1.703095e-29  2.628754e-29  1.876607e-29  8.879537e-30  2.244391e-30  8.796227e-31  1.459436e-30  2.707477e-30  1.025025e-29  4.772520e-30  2.948577e-30  6.293173e-31  1.586725e-31  0.000000e+00  0.000000e+00  0.000000e+00  0.000000e+00  0.000000e+00  1.585771e-29  1.114846e-29  1.058610e-29  3.583998e-30  9.516185e-31  1.107639e-31  0.000000e+00  0.000000e+00  0.000000e+00  4.234887e-29  2.271878e-29  2.662834e-29  8.584048e-30  2.397144e-30  4.590262e-31  4.621405e-32  0.000000e+00  0.000000e+00  4.312348e-30  1.569357e-29  9.436652e-30  5.881666e-30  1.569735e-30  2.849514e-31  1.921426e-34  0.000000e+00  0.000000e+00  0.000000e+00  0.000000e+00  0.000000e+00  0.000000e+00  0.000000e+00  0.000000e+00  0.000000e+00  0.000000e+00  0.000000e+00  0.000000e+00  0.000000e+00  0.000000e+00  0.000000e+00  0.000000e+00  0.000000e+00  0.000000e+00  4.943328e-31  1.060898e-30  7.012210e-31  7.481505e-31  0.000000e+00  0.000000e+00  1.495339e-26  4.683513e-27  7.140126e-27  3.340144e-27  1.284424e-27  6.598250e-28  2.638958e-28  2.103301e-28  1.022034e-28  4.290362e-29  1.953385e-29  6.441203e-30  2.858657e-30  1.350345e-30  2.308237e-31  5.059970e-32  8.248198e-32  3.873020e-31  1.035255e-30  3.752296e-31  6.789351e-31  0.000000e+00  0.000000e+00  0.000000e+00  7.858502e-29  9.571254e-29  6.624255e-29  4.060824e-29  2.001539e-29  9.059683e-30  2.778417e-30  2.505069e-30  1.105059e-30  3.894818e-31  9.732422e-32  0.000000e+00  0.000000e+00  0.000000e+00  0.000000e+00  4.997001e-30  2.810890e-28  1.833288e-28  1.892480e-28  1.188790e-28  3.960812e-29  7.968582e-30  1.356524e-30  1.579857e-31  2.178602e-32  0.000000e+00  1.172787e-31  2.066030e-29  1.490636e-27  1.365297e-27  1.203682e-27  9.211113e-28  3.688593e-28  1.311116e-28  2.728576e-29  7.342526e-30  2.120793e-30  8.813958e-31  8.948313e-28  1.374871e-27  6.961838e-28  7.686255e-28  3.735897e-28  1.149981e-28  4.421694e-29  1.736151e-29  1.657244e-29  7.287576e-30  3.090717e-29  7.643042e-30  2.231027e-29  1.170534e-29  1.080124e-28  5.042301e-29  5.333309e-29  5.107762e-29  2.157641e-29  5.327637e-30  1.185218e-30  1.239323e-29  5.292376e-30  6.696738e-30  5.180937e-30  1.764335e-30  4.615729e-31  6.063874e-35  0.000000e+00  0.000000e+00  0.000000e+00  3.013619e-31  1.127480e-30  1.175229e-29  2.934623e-29  1.040339e-29  1.849713e-29  7.859686e-30  2.449538e-30  2.100864e-31  0.000000e+00  0.000000e+00  0.000000e+00  0.000000e+00  0.000000e+00  0.000000e+00  0.000000e+00  8.676494e-31  6.464663e-29  1.410859e-28  4.512670e-29  9.431386e-29  4.726670e-29  1.668229e-29  2.772675e-30  4.948956e-31  4.325080e-32  3.699515e-31  3.150477e-31  2.562560e-31  1.929653e-30  1.420288e-29  8.417367e-29  6.021251e-29  5.248443e-29  5.499948e-29  2.624482e-29  7.516365e-30  1.979693e-30  1.752857e-30  9.792614e-31  3.448032e-31  5.009938e-35  0.000000e+00  0.000000e+00  0.000000e+00  0.000000e+00  0.000000e+00  8.094368e-31  5.166247e-30  1.197837e-29  1.102948e-29  3.393124e-29  3.840816e-29  1.170260e-29  2.511306e-30  7.164060e-31  1.079041e-31  0.000000e+00  0.000000e+00  0.000000e+00  0.000000e+00  0.000000e+00  0.000000e+00  0.000000e+00  0.000000e+00  0.000000e+00  0.000000e+00  2.200819e-31  5.151143e-31  1.141645e-31  3.001477e-31  2.009097e-31  8.937596e-32  2.742988e-32  7.397451e-28  4.431031e-26  1.381024e-26  1.871025e-26  1.737458e-26  1.172030e-26  3.083580e-27  1.509163e-27  2.497476e-28  1.411346e-28  4.744426e-29  1.063872e-28  3.922997e-29  6.531796e-26  1.035841e-25  2.794077e-26  6.139126e-26  3.958463e-26  1.758204e-26  8.893437e-27  4.050004e-27  1.928030e-27  8.579636e-28  4.012234e-28  1.445101e-28  5.289068e-28  1.007677e-27  8.598357e-27  2.085343e-26  6.383918e-27  1.199462e-26  9.353725e-27  4.424739e-27  2.397248e-27  5.901947e-28  5.783446e-28  7.022950e-28  4.925269e-28  1.336184e-27  5.630169e-28  6.696033e-28  5.396924e-28  3.365956e-28  2.168597e-28  6.763178e-29  3.147820e-29  1.712917e-29  1.252317e-29  3.821322e-30  3.615689e-30  6.826629e-30  2.559594e-30  4.469445e-29  3.507816e-29  8.698395e-29  1.533816e-28  2.903063e-28  5.308956e-28  2.689651e-28  3.008503e-28  4.273483e-28  2.139115e-28  1.363328e-28  2.274664e-29  8.021637e-30
0.000000e+00  0.000000e+00  0.000000e+00  0.000000e+00  0.000000e+00  0.000000e+00  0.000000e+00  0.000000e+00  0.000000e+00  0.000000e+00  0.000000e+00  0.000000e+00  0.000000e+00  0.000000e+00  0.000000e+00  0.000000e+00  0.000000e+00  0.000000e+00  0.000000e+00  0.000000e+00  0.000000e+00  0.000000e+00  0.000000e+00  0.000000e+00  0.000000e+00  0.000000e+00  0.000000e+00  0.000000e+00  0.000000e+00  0.000000e+00  0.000000e+00  0.000000e+00  0.000000e+00  0.000000e+00  0.000000e+00  0.000000e+00  0.000000e+00  0.000000e+00  0.000000e+00  0.000000e+00  0.000000e+00  0.000000e+00  0.000000e+00  0.000000e+00  0.000000e+00  0.000000e+00  0.000000e+00  0.000000e+00  0.000000e+00  0.000000e+00  0.000000e+00  0.000000e+00  0.000000e+00  0.000000e+00  0.000000e+00  0.000000e+00  0.000000e+00  0.000000e+00  0.000000e+00  0.000000e+00  0.000000e+00  0.000000e+00  0.000000e+00  0.000000e+00  0.000000e+00  0.000000e+00  0.000000e+00  0.000000e+00  0.000000e+00  0.000000e+00  0.000000e+00  0.000000e+00  0.000000e+00  0.000000e+00  0.000000e+00  0.000000e+00  0.000000e+00  0.000000e+00  0.000000e+00  0.000000e+00  0.000000e+00  0.000000e+00  0.000000e+00  0.000000e+00  0.000000e+00  0.000000e+00  0.000000e+00  0.000000e+00  0.000000e+00  0.000000e+00  0.000000e+00  0.000000e+00  0.000000e+00  0.000000e+00  0.000000e+00  0.000000e+00  0.000000e+00  0.000000e+00  0.000000e+00  0.000000e+00  0.000000e+00  0.000000e+00  0.000000e+00  0.000000e+00  0.000000e+00  0.000000e+00  0.000000e+00  0.000000e+00  0.000000e+00  0.000000e+00  0.000000e+00  0.000000e+00  0.000000e+00  0.000000e+00  0.000000e+00  0.000000e+00  0.000000e+00  0.000000e+00  0.000000e+00  0.000000e+00  0.000000e+00  0.000000e+00  0.000000e+00  0.000000e+00  0.000000e+00  0.000000e+00  0.000000e+00  0.000000e+00  0.000000e+00  0.000000e+00  0.000000e+00  0.000000e+00  0.000000e+00  0.000000e+00  0.000000e+00  0.000000e+00  0.000000e+00  0.000000e+00  0.000000e+00  0.000000e+00  0.000000e+00  0.000000e+00  0.000000e+00  0.000000e+00  0.000000e+00  0.000000e+00  0.000000e+00  0.000000e+00  0.000000e+00  0.000000e+00  0.000000e+00  0.000000e+00  0.000000e+00  0.000000e+00  0.000000e+00  0.000000e+00  0.000000e+00  0.000000e+00  0.000000e+00  0.000000e+00  0.000000e+00  0.000000e+00  0.000000e+00  0.000000e+00  0.000000e+00  0.000000e+00  0.000000e+00  0.000000e+00  0.000000e+00  0.000000e+00  0.000000e+00  0.000000e+00  0.000000e+00  0.000000e+00  0.000000e+00  0.000000e+00  0.000000e+00  0.000000e+00  0.000000e+00  0.000000e+00  0.000000e+00  0.000000e+00  0.000000e+00  0.000000e+00  0.000000e+00  0.000000e+00  0.000000e+00  0.000000e+00  0.000000e+00  0.000000e+00  0.000000e+00  0.000000e+00  0.000000e+00  0.000000e+00  0.000000e+00  0.000000e+00  0.000000e+00  0.000000e+00  0.000000e+00  0.000000e+00  0.000000e+00  0.000000e+00  0.000000e+00  0.000000e+00  0.000000e+00  0.000000e+00  0.000000e+00  0.000000e+00  0.000000e+00  0.000000e+00  0.000000e+00  0.000000e+00  0.000000e+00  0.000000e+00  0.000000e+00  0.000000e+00  0.000000e+00  0.000000e+00  0.000000e+00  0.000000e+00  0.000000e+00  0.000000e+00  0.000000e+00  0.000000e+00  0.000000e+00  0.000000e+00  0.000000e+00  0.000000e+00  0.000000e+00  0.000000e+00  0.000000e+00  0.000000e+00  0.000000e+00  0.000000e+00  0.000000e+00  2.936632e-31  2.091990e-31  0.000000e+00  0.000000e+00  0.000000e+00  0.000000e+00  0.000000e+00  0.000000e+00  0.000000e+00  0.000000e+00  0.000000e+00  0.000000e+00  0.000000e+00  0.000000e+00  0.000000e+00  0.000000e+00  0.000000e+00  0.000000e+00  4.454994e-30  1.132734e-30  1.226905e-31  8.481236e-31  7.238904e-31  1.170213e-31  0.000000e+00  0.000000e+00  0.000000e+00  0.000000e+00  0.000000e+00  0.000000e+00  0.000000e+00  0.000000e+00  0.000000e+00  0.000000e+00  0.000000e+00  0.000000e+00  0.000000e+00  0.000000e+00  0.000000e+00  0.000000e+00  6.184902e-30  1.528907e-30  9.264185e-32  0.000000e+00  6.563969e-30  4.640664e-30  1.406408e-30  8.263813e-32  0.000000e+00  5.294213e-31  8.467395e-31  3.299447e-31  0.000000e+00  0.000000e+00  0.000000e+00  0.000000e+00  0.000000e+00  0.000000e+00  0.000000e+00  0.000000e+00  0.000000e+00  0.000000e+00  0.000000e+00  1.210565e-29  5.048089e-30  1.064228e-30  1.368302e-31  0.000000e+00  0.000000e+00  0.000000e+00  0.000000e+00  0.000000e+00  0.000000e+00  0.000000e+00  0.000000e+00  0.000000e+00  0.000000e+00  0.000000e+00  0.000000e+00  0.000000e+00  0.000000e+00  0.000000e+00  0.000000e+00  0.000000e+00  0.000000e+00  1.309616e-29  8.998664e-30  3.548944e-30  2.622279e-31  0.000000e+00  0.000000e+00  8.141724e-29  4.610967e-29  1.284553e-29  1.906492e-30  2.179402e-31  3.642542e-29  2.164763e-29  6.069137e-30  9.314497e-31  7.471514e-31  3.692750e-31  1.010331e-32  1.817657e-30  1.029212e-30  4.893226e-31  0.000000e+00  0.000000e+00  0.000000e+00  0.000000e+00  0.000000e+00  0.000000e+00  0.000000e+00  0.000000e+00  0.000000e+00  0.000000e+00  0.000000e+00  0.000000e+00  0.000000e+00  0.000000e+00  0.000000e+00  0.000000e+00  0.000000e+00  0.000000e+00  0.000000e+00  0.000000e+00  0.000000e+00  0.000000e+00  0.000000e+00  0.000000e+00  0.000000e+00  0.000000e+00  0.000000e+00  0.000000e+00  0.000000e+00  0.000000e+00  0.000000e+00  0.000000e+00  0.000000e+00  0.000000e+00  0.000000e+00  0.000000e+00  0.000000e+00  0.000000e+00  0.000000e+00  1.108310e-28  2.695432e-28  1.787825e-28  3.729487e-29  7.423656e-30  9.405194e-31  5.283238e-28  2.966194e-28  1.524335e-28  4.199009e-29  1.184237e-29  5.394887e-30  1.316247e-30  6.551801e-29  3.731505e-29  1.637420e-29  2.950690e-30  4.587060e-31  6.291548e-30  3.374935e-30  1.949002e-30  4.406677e-31  2.155606e-32  8.423576e-31  3.224637e-30  1.629692e-30  4.691348e-31  6.576544e-32  0.000000e+00  0.000000e+00  0.000000e+00  0.000000e+00  0.000000e+00  0.000000e+00  0.000000e+00  0.000000e+00  0.000000e+00  0.000000e+00  0.000000e+00  0.000000e+00  0.000000e+00  0.000000e+00  0.000000e+00  0.000000e+00  0.000000e+00  0.000000e+00  0.000000e+00  0.000000e+00  0.000000e+00  0.000000e+00  0.000000e+00  0.000000e+00  0.000000e+00  0.000000e+00  0.000000e+00  0.000000e+00  0.000000e+00  0.000000e+00  0.000000e+00  0.000000e+00  0.000000e+00  0.000000e+00  0.000000e+00  0.000000e+00  0.000000e+00  0.000000e+00  0.000000e+00  0.000000e+00  0.000000e+00  0.000000e+00  0.000000e+00  0.000000e+00  2.817557e-27  1.561082e-27  1.440316e-27  4.575626e-28  1.593232e-28  4.141611e-29  6.092789e-29  1.697198e-27  7.945689e-28  3.180865e-28  9.545097e-29  1.992963e-29  4.740016e-29  2.676018e-29  1.254766e-29  6.005730e-30  1.845000e-30  5.478566e-31  2.883366e-31  1.033712e-31  1.717102e-29  2.663923e-29  1.854738e-29  8.973905e-30  2.240555e-30  8.676427e-31  1.480665e-30  2.711516e-30  1.019697e-29  4.724163e-30  3.010141e-30  6.209587e-31  1.598934e-31  0.000000e+00  0.000000e+00  0.000000e+00  0.000000e+00  0.000000e+00  1.592394e-29  1.142890e-29  1.047890e-29  3.581417e-30  9.793228e-31  1.144374e-31  0.000000e+00  0.000000e+00  0.000000e+00  4.235998e-29  2.308932e-29  2.672890e-29  8.430717e-30  2.391688e-30  4.593379e-31  4.720985e-32  0.000000e+00  0.000000e+00  4.213875e-30  1.594164e-29  9.557183e-30  5.954404e-30  1.560329e-30  2.791147e-31  1.457894e-34  0.000000e+00  0.000000e+00  0.000000e+00  0.000000e+00  0.000000e+00  0.000000e+00  0.000000e+00  0.000000e+00  0.000000e+00  0.000000e+00  0.000000e+00  0.000000e+00  0.000000e+00  0.000000e+00  0.000000e+00  0.000000e+00  0.000000e+00  0.000000e+00  4.871048e-31  1.051660e-30  6.996216e-31  7.432679e-31  0.000000e+00  0.000000e+00  1.505117e-26  4.778874e-27  7.027690e-27  3.463768e-27  1.302210e-27  6.507910e-28  2.701071e-28  2.094398e-28  1.040351e-28  4.251926e-29  1.963973e-29  6.388789e-30  2.888099e-30  1.333490e-30  2.269470e-31  4.923728e-32  8.328910e-32  3.858634e-31  1.039695e-30  3.587476e-31  6.724484e-31  0.000000e+00  0.000000e+00  0.000000e+00  7.893651e-29  9.716112e-29  6.448300e-29  4.043398e-29  1.992683e-29  8.852594e-30  2.701559e-30  2.527128e-30  1.122544e-30  3.783712e-31  9.659221e-32  0.000000e+00  0.000000e+00  0.000000e+00  0.000000e+00  5.029448e-30  2.864831e-28  1.800559e-28  1.899810e-28  1.183715e-28  3.844530e-29  8.073767e-30  1.334330e-30  1.583472e-31  2.157949e-32  0.000000e+00  1.177810e-31  2.069308e-29  1.497039e-27  1.363096e-27  1.227024e-27  9.310340e-28  3.760464e-28  1.358308e-28  2.709592e-29  7.289096e-30  2.121408e-30  8.725641e-31  8.944885e-28  1.378386e-27  6.901928e-28  7.704726e-28  3.729938e-28  1.172882e-28  4.442203e-29  1.721144e-29  1.653693e-29  7.211605e-30  3.098152e-29  7.663995e-30  2.229726e-29  1.181469e-29  1.064318e-28  4.974869e-29  5.163187e-29  5.229334e-29  2.186867e-29  5.580345e-30  1.225959e-30  1.240540e-29  5.306526e-30  6.813566e-30  5.273091e-30  1.757361e-30  4.489230e-31  1.970372e-35  0.000000e+00  0.000000e+00  0.000000e+00  3.087009e-31  1.113663e-30  1.169325e-29  3.020807e-29  1.042815e-29  1.799282e-29  7.649406e-30  2.468804e-30  2.058451e-31  0.000000e+00  0.000000e+00  0.000000e+00  0.000000e+00  0.000000e+00  0.000000e+00  0.000000e+00  8.538250e-31  6.567097e-29  1.440161e-28  4.496454e-29  9.582469e-29  4.555841e-29  1.652321e-29  2.738041e-30  4.951793e-31  4.414483e-32  3.701416e-31  3.078716e-31  2.466768e-31  1.966718e-30  1.420363e-29  8.557513e-29  6.129873e-29  5.341162e-29  5.616266e-29  2.648592e-29  7.415070e-30  2.020637e-30  1.752057e-30  9.798812e-31  3.576104e-31  2.924876e-35  0.000000e+00  0.000000e+00  0.000000e+00  0.000000e+00  0.000000e+00  8.046679e-31  5.229345e-30  1.200701e-29  1.107667e-29  3.318638e-29  3.834012e-29  1.185141e-29  2.488067e-30  7.467433e-31  1.038448e-31  0.000000e+00  0.000000e+00  0.000000e+00  0.000000e+00  0.000000e+00  0.000000e+00  0.000000e+00  0.000000e+00  0.000000e+00  0.000000e+00  2.195234e-31  5.085878e-31  1.148123e-31  3.015427e-31  2.036392e-31  8.844928e-32  2.831558e-32  6.978954e-28  4.427012e-26  1.352371e-26  1.891448e-26  1.744594e-26  1.213495e-26  2.942037e-27  1.492952e-27  2.467421e-28  1.443712e-28  4.680828e-29  1.049606e-28  3.929871e-29  6.610013e-26  1.046250e-25  2.870704e-26  6.171935e-26  3.880648e-26  1.681496e-26  9.008439e-27  3.960358e-27  1.916384e-27  8.641406e-28  4.017410e-28  1.450270e-28  5.265221e-28  1.009876e-27  8.585219e-27  2.082019e-26  6.238097e-27  1.228956e-26  9.435485e-27  4.511038e-27  2.387021e-27  5.740125e-28  5.748969e-28  7.136545e-28  4.952408e-28  1.326279e-27  5.623558e-28  6.681075e-28  5.371928e-28  3.384607e-28  2.146523e-28  6.915556e-29  3.163584e-29  1.685088e-29  1.261278e-29  3.863667e-30  3.619054e-30  6.879008e-30  2.539284e-30  4.423525e-29  3.486284e-29  8.702809e-29  1.570017e-28  2.866327e-28  5.167390e-28  2.654044e-28  3.008615e-28  4.288106e-28  2.094867e-28  1.369516e-28  2.309126e-29  8.090274e-30
0.000000e+00  0.000000e+00  0.000000e+00  0.000000e+00  0.000000e+00  0.000000e+00  0.000000e+00  0.000000e+00  0.000000e+00  0.000000e+00  0.000000e+00  0.000000e+00  0.000000e+00  0.000000e+00  0.000000e+00  0.000000e+00  0.000000e+00  0.000000e+00  0.000000e+00  0.000000e+00  0.000000e+00  0.000000e+00  0.000000e+00  0.000000e+00  0.000000e+00  0.000000e+00  0.000000e+00  0.000000e+00  0.000000e+00  0.000000e+00  0.000000e+00  0.000000e+00  0.000000e+00  0.000000e+00  0.000000e+00  0.000000e+00  0.000000e+00  0.000000e+00  0.000000e+00  0.000000e+00  0.000000e+00  0.000000e+00  0.000000e+00  0.000000e+00  0.000000e+00  0.000000e+00  0.000000e+00  0.000000e+00  0.000000e+00  0.000000e+00  0.000000e+00  0.000000e+00  0.000000e+00  0.000000e+00  0.000000e+00  0.000000e+00  0.000000e+00  0.000000e+00  0.000000e+00  0.000000e+00  0.000000e+00  0.000000e+00  0.000000e+00  0.000000e+00  0.000000e+00  0.000000e+00  0.000000e+00  0.000000e+00  0.000000e+00  0.000000e+00  0.000000e+00  0.000000e+00  0.000000e+00  0.000000e+00  0.000000e+00  0.000000e+00  0.000000e+00  0.000000e+00  0.000000e+00  0.000000e+00  0.000000e+00  0.000000e+00  0.000000e+00  0.000000e+00  0.000000e+00  0.000000e+00  0.000000e+00  0.000000e+00  0.000000e+00  0.000000e+00  0.000000e+00  0.000000e+00  0.000000e+00  0.000000e+00  0.000000e+00  0.000000e+00  0.000000e+00  0.000000e+00  0.000000e+00  0.000000e+00  0.000000e+00  0.000000e+00  0.000000e+00  0.000000e+00  0.000000e+00  0.000000e+00  0.000000e+00  0.000000e+00  0.000000e+00  0.000000e+00  0.000000e+00  0.000000e+00  0.000000e+00  0.000000e+00  0.000000e+00  0.000000e+00  0.000000e+00  0.000000e+00  0.000000e+00  0.000000e+00  0.000000e+00  0.000000e+00  0.000000e+00  0.000000e+00  0.000000e+00  0.000000e+00  0.000000e+00  0.000000e+00  0.000000e+00  0.000000e+00  0.000000e+00  0.000000e+00  0.000000e+00  0.000000e+00  0.000000e+00  0.000000e+00  0.000000e+00  0.000000e+00  0.000000e+00  0.000000e+00  0.000000e+00  0.000000e+00  0.000000e+00  0.000000e+00  0.000000e+00  0.000000e+00  0.000000e+00  0.000000e+00  0.000000e+00  0.000000e+00  0.000000e+00  0.000000e+00  0.000000e+00  0.000000e+00  0.000000e+00  0.000000e+00  0.000000e+00  0.000000e+00  0.000000e+00  0.000000e+00  0.000000e+00  0.000000e+00  0.000000e+00  0.000000e+00  0.000000e+00  0.000000e+00  0.000000e+00  0.000000e+00  0.000000e+00  0.000000e+00  0.000000e+00  0.000000e+00  0.000000e+00  0.000000e+00  0.000000e+00  0.000000e+00  0.000000e+00  0.000000e+00  0.000000e+00  0.000000e+00  0.000000e+00  0.000000e+00  0.000000e+00  0.000000e+00  0.000000e+00  0.000000e+00  0.000000e+00  0.000000e+00  0.000000e+00  0.000000e+00  0.000000e+00  0.000000e+00  0.000000e+00  0.000000e+00  0.000000e+00  0.000000e+00  0.000000e+00  0.000000e+00  0.000000e+00  0.000000e+00  0.000000e+00  0.000000e+00  0.000000e+00  0.000000e+00  0.000000e+00  0.000000e+00  0.000000e+00  0.000000e+00  0.000000e+00  0.000000e+00  0.000000e+00  0.000000e+00  0.000000e+00  0.000000e+00  0.000000e+00  0.000000e+00  0.000000e+00  0.000000e+00  0.000000e+00  0.000000e+00  0.000000e+00  0.000000e+00  0.000000e+00  0.000000e+00  0.000000e+00  0.000000e+00  0.000000e+00  0.000000e+00  0.000000e+00  0.000000e+00  0.000000e+00  0.000000e+00  0.000000e+00  0.000000e+00  0.000000e+00  2.954591e-31  2.114678e-31  0.000000e+00  0.000000e+00  0.000000e+00  0.000000e+00  0.000000e+00  0.000000e+00  0.000000e+00  0.000000e+00  0.000000e+00  0.000000e+00  0.000000e+00  0.000000e+00  0.000000e+00  0.000000e+00  0.000000e+00  0.000000e+00  4.483293e-30  1.137031e-30  1.228361e-31  8.419268e-31  7.289978e-31  1.191186e-31  0.000000e+00  0.000000e+00  0.000000e+00  0.000000e+00  0.000000e+00  0.000000e+00  0.000000e+00  0.000000e+00  0.000000e+00  0.000000e+00  0.000000e+00  0.000000e+00  0.000000e+00  0.000000e+00  0.000000e+00  0.000000e+00  6.215424e-30  1.528187e-30  9.518721e-32  0.000000e+00  6.542450e-30  4.695345e-30  1.417652e-30  8.255950e-32  0.000000e+00  5.311008e-31  8.451110e-31  3.230222e-31  0.000000e+00  0.000000e+00  0.000000e+00  0.000000e+00  0.000000e+00  0.000000e+00  0.000000e+00  0.000000e+00  0.000000e+00  0.000000e+00  0.000000e+00  1.214852e-29  5.006772e-30  1.041033e-30  1.359427e-31  0.000000e+00  0.000000e+00  0.000000e+00  0.000000e+00  0.000000e+00  0.000000e+00  0.000000e+00  0.000000e+00  0.000000e+00  0.000000e+00  0.000000e+00  0.000000e+00  0.000000e+00  0.000000e+00  0.000000e+00  0.000000e+00  0.000000e+00  0.000000e+00  1.295662e-29  9.047711e-30  3.578139e-30  2.599343e-31  0.000000e+00  0.000000e+00  8.239919e-29  4.690044e-29  1.302746e-29  1.920236e-30  2.153684e-31  3.683051e-29  2.177027e-29  6.060821e-30  9.197360e-31  7.488248e-31  3.731101e-31  1.005701e-32  1.835029e-30  9.984948e-31  4.938577e-31  0.000000e+00  0.000000e+00  0.000000e+00  0.000000e+00  0.000000e+00  0.000000e+00  0.000000e+00  0.000000e+00  0.000000e+00  0.000000e+00  0.000000e+00  0.000000e+00  0.000000e+00  0.000000e+00  0.000000e+00  0.000000e+00  0.000000e+00  0.000000e+00  0.000000e+00  0.000000e+00  0.000000e+00  0.000000e+00  0.000000e+00  0.000000e+00  0.000000e+00  0.000000e+00  0.000000e+00  0.000000e+00  0.000000e+00  0.000000e+00  0.000000e+00  0.000000e+00  0.000000e+00  0.000000e+00  0.000000e+00  0.000000e+00  0.000000e+00  0.000000e+00  0.000000e+00  1.115657e-28  2.672443e-28  1.807715e-28  3.781610e-29  7.262139e-30  9.454849e-31  5.256253e-28  2.956284e-28  1.525474e-28  4.218895e-29  1.178308e-29  5.402571e-30  1.297825e-30  6.543593e-29  3.701695e-29  1.664840e-29  2.964177e-30  4.625439e-31  6.243833e-30  3.392970e-30  1.983956e-30  4.499549e-31  2.088435e-32  8.472017e-31  3.226939e-30  1.622076e-30  4.716952e-31  6.535083e-32  0.000000e+00  0.000000e+00  0.000000e+00  0.000000e+00  0.000000e+00  0.000000e+00  0.000000e+00  0.000000e+00  0.000000e+00  0.000000e+00  0.000000e+00  0.000000e+00  0.000000e+00  0.000000e+00  0.000000e+00  0.000000e+00  0.000000e+00  0.000000e+00  0.000000e+00  0.000000e+00  0.000000e+00  0.000000e+00  0.000000e+00  0.000000e+00  0.000000e+00  0.000000e+00  0.000000e+00  0.000000e+00  0.000000e+00  0.000000e+00  0.000000e+00  0.000000e+00  0.000000e+00  0.000000e+00  0.000000e+00  0.000000e+00  0.000000e+00  0.000000e+00  0.000000e+00  0.000000e+00  0.000000e+00  0.000000e+00  0.000000e+00  0.000000e+00  2.822156e-27  1.552335e-27  1.450067e-27  4.496476e-28  1.544863e-28  4.131103e-29  5.625611e-29  1.715577e-27  7.955786e-28  3.154265e-28  9.665131e-29  1.973873e-29  4.751220e-29  2.652718e-29  1.231156e-29  6.009876e-30  1.837985e-30  5.519476e-31  2.916782e-31  1.048812e-31  1.730973e-29  2.704571e-29  1.827563e-29  9.082339e-30  2.232488e-30  8.544146e-31  1.505181e-30  2.716629e-30  1.013392e-29  4.670406e-30  3.080398e-30  6.105188e-31  1.613863e-31  0.000000e+00  0.000000e+00  0.000000e+00  0.000000e+00  0.000000e+00  1.599182e-29  1.175947e-29  1.035362e-29  3.578405e-30  1.010332e-30  1.187309e-31  0.000000e+00  0.000000e+00  0.000000e+00  4.234787e-29  2.353201e-29  2.683185e-29  8.266458e-30  2.382466e-30  4.600116e-31  4.818065e-32  0.000000e+00  0.000000e+00  4.099086e-30  1.623124e-29  9.684926e-30  6.043349e-30  1.550509e-30  2.730653e-31  1.037308e-34  0.000000e+00  0.000000e+00  0.000000e+00  0.000000e+00  0.000000e+00  0.000000e+00  0.000000e+00  0.000000e+00  0.000000e+00  0.000000e+00  0.000000e+00  0.000000e+00  0.000000e+00  0.000000e+00  0.000000e+00  0.000000e+00  0.000000e+00  0.000000e+00  4.783084e-31  1.041647e-30  6.967691e-31  7.369020e-31  0.000000e+00  0.000000e+00  1.516009e-26  4.890673e-27  6.884813e-27  3.607324e-27  1.321256e-27  6.401587e-28  2.770930e-28  2.085359e-28  1.061364e-28  4.207623e-29  1.975855e-29  6.329795e-30  2.920368e-30  1.314677e-30  2.227169e-31  4.773292e-32  8.416746e-32  3.847353e-31  1.043167e-30  3.395051e-31  6.653633e-31  0.000000e+00  0.000000e+00  0.000000e+00  7.945983e-29  9.893116e-29  6.237968e-29  4.023578e-29  1.982814e-29  8.621661e-30  2.614755e-30  2.550110e-30  1.143793e-30  3.652828e-31  9.589583e-32  0.000000e+00  0.000000e+00  0.000000e+00  0.000000e+00  5.068115e-30  2.927174e-28  1.762950e-28  1.906881e-28  1.178719e-28  3.716116e-29  8.197841e-30  1.306922e-30  1.591947e-31  2.140135e-32  0.000000e+00  1.182517e-31  2.076181e-29  1.506019e-27  1.362593e-27  1.253401e-27  9.424547e-28  3.836623e-28  1.411900e-28  2.691765e-29  7.241631e-30  2.118934e-30  8.632067e-31  8.951234e-28  1.381516e-27  6.821325e-28  7.732329e-28  3.721257e-28  1.199193e-28  4.460598e-29  1.706700e-29  1.646845e-29  7.128466e-30  3.105985e-29  7.689132e-30  2.228529e-29  1.193849e-29  1.046190e-28  4.899568e-29  4.964342e-29  5.374115e-29  2.220882e-29  5.868010e-30  1.272130e-30  1.241667e-29  5.326262e-30  6.948513e-30  5.376985e-30  1.748552e-30  4.348417e-31  0.000000e+00  0.000000e+00  0.000000e+00  0.000000e+00  3.170125e-31  1.098552e-30  1.162874e-29  3.121727e-29  1.043237e-29  1.741921e-29  7.423779e-30  2.491896e-30  2.013102e-31  0.000000e+00  0.000000e+00  0.000000e+00  0.000000e+00  0.000000e+00  0.000000e+00  0.000000e+00  8.394503e-31  6.685895e-29  1.474788e-28  4.480200e-29  9.750207e-29  4.365181e-29  1.632433e-29  2.696418e-30  4.961552e-31  4.505247e-32  3.706737e-31  2.993519e-31  2.358009e-31  2.005624e-30  1.421461e-29  8.718755e-29  6.247793e-29  5.449996e-29  5.754035e-29  2.676187e-29  7.301657e-30  2.068556e-30  1.751728e-30  9.793978e-31  3.722795e-31  9.675466e-36  0.000000e+00  0.000000e+00  0.000000e+00  0.000000e+00  0.000000e+00  8.000157e-31  5.302077e-30  1.203887e-29  1.112146e-29  3.234949e-29  3.827252e-29  1.201856e-29  2.464149e-30  7.825209e-31  9.917973e-32  0.000000e+00  0.000000e+00  0.000000e+00  0.000000e+00  0.000000e+00  0.000000e+00  0.000000e+00  0.000000e+00  0.000000e+00  0.000000e+00  2.187768e-31  5.011114e-31  1.155610e-31  3.030313e-31  2.065900e-31  8.750422e-32  2.937414e-32  6.531132e-28  4.417770e-26  1.321023e-26  1.912262e-26  1.756125e-26  1.258518e-26  2.787550e-27  1.474054e-27  2.443303e-28  1.477052e-28  4.607531e-29  1.033609e-28  3.936258e-29  6.696526e-26  1.058739e-25  2.968345e-26  6.208282e-26  3.790300e-26  1.596622e-26  9.151524e-27  3.853457e-27  1.903480e-27  8.698851e-28  4.029215e-28  1.454605e-28  5.236969e-28  1.012126e-27  8.557098e-27  2.078369e-26  6.067143e-27  1.263985e-26  9.511818e-27  4.601571e-27  2.380565e-27  5.550644e-28  5.705244e-28  7.257100e-28  4.981732e-28  1.315035e-27  5.614801e-28  6.670363e-28  5.341975e-28  3.408935e-28  2.120737e-28  7.085979e-29  3.179521e-29  1.653992e-29  1.271389e-29  3.910411e-30  3.621265e-30  6.938512e-30  2.517073e-30  4.370619e-29  3.459694e-29  8.702565e-29  1.611783e-28  2.823951e-28  5.001144e-28  2.608225e-28  3.009987e-28  4.310532e-28  2.044348e-28  1.374968e-28  2.345439e-29  8.168550e-30
0.000000e+00  0.000000e+00  0.000000e+00  0.000000e+00  0.000000e+00  0.000000e+00  0.000000e+00  0.000000e+00  0.000000e+00  0.000000e+00  0.000000e+00  0.000000e+00  0.000000e+00  0.000000e+00  0.000000e+00  0.000000e+00  0.000000e+00  0.000000e+00  0.000000e+00  0.000000e+00  0.000000e+00  0.000000e+00  0.000000e+00  0.000000e+00  0.000000e+00  0.000000e+00  0.000000e+00  0.000000e+00  0.000000e+00  0.000000e+00  0.000000e+00  0.000000e+00  0.000000e+00  0.000000e+00  0.000000e+00  0.000000e+00  0.000000e+00  0.000000e+00  0.000000e+00  0.000000e+00  0.000000e+00  0.000000e+00  0.000000e+00  0.000000e+00  0.000000e+00  0.000000e+00  0.000000e+00  0.000000e+00  0.000000e+00  0.000000e+00  0.000000e+00  0.000000e+00  0.000000e+00  0.000000e+00  0.000000e+00  0.000000e+00  0.000000e+00  0.000000e+00  0.000000e+00  0.000000e+00  0.000000e+00  0.000000e+00  0.000000e+00  0.000000e+00  0.000000e+00  0.000000e+00  0.000000e+00  0.000000e+00  0.000000e+00  0.000000e+00  0.000000e+00  0.000000e+00  0.000000e+00  0.000000e+00  0.000000e+00  0.000000e+00  0.000000e+00  0.000000e+00  0.000000e+00  0.000000e+00  0.000000e+00  0.000000e+00  0.000000e+00  0.000000e+00  0.000000e+00  0.000000e+00  0.000000e+00  0.000000e+00  0.000000e+00  0.000000e+00  0.000000e+00  0.000000e+00  0.000000e+00  0.000000e+00  0.000000e+00  0.000000e+00  0.000000e+00  0.000000e+00  0.000000e+00  0.000000e+00  0.000000e+00  0.000000e+00  0.000000e+00  0.000000e+00  0.000000e+00  0.000000e+00  0.000000e+00  0.000000e+00  0.000000e+00  0.000000e+00  0.000000e+00  0.000000e+00  0.000000e+00  0.000000e+00  0.000000e+00  0.000000e+00  0.000000e+00  0.000000e+00  0.000000e+00  0.000000e+00  0.000000e+00  0.000000e+00  0.000000e+00  0.000000e+00  0.000000e+00  0.000000e+00  0.000000e+00  0.000000e+00  0.000000e+00  0.000000e+00  0.000000e+00  0.000000e+00  0.000000e+00  0.000000e+00  0.000000e+00  0.000000e+00  0.000000e+00  0.000000e+00  0.000000e+00  0.000000e+00  0.000000e+00  0.000000e+00  0.000000e+00  0.000000e+00  0.000000e+00  0.000000e+00  0.000000e+00  0.000000e+00  0.000000e+00  0.000000e+00  0.000000e+00  0.000000e+00  0.000000e+00  0.000000e+00  0.000000e+00  0.000000e+00  0.000000e+00  0.000000e+00  0.000000e+00  0.000000e+00  0.000000e+00  0.000000e+00  0.000000e+00  0.000000e+00  0.000000e+00  0.000000e+00  0.000000e+00  0.000000e+00  0.000000e+00  0.000000e+00  0.000000e+00  0.000000e+00  0.000000e+00  0.000000e+00  0.000000e+00  0.000000e+00  0.000000e+00  0.000000e+00  0.000000e+00  0.000000e+00  0.000000e+00  0.000000e+00  0.000000e+00  0.000000e+00  0.000000e+00  0.000000e+00  0.000000e+00  0.000000e+00  0.000000e+00  0.000000e+00  0.000000e+00  0.000000e+00  0.000000e+00  0.000000e+00  0.000000e+00  0.000000e+00  0.000000e+00  0.000000e+00  0.000000e+00  0.000000e+00  0.000000e+00  0.000000e+00  0.000000e+00  0.000000e+00  0.000000e+00  0.000000e+00  0.000000e+00  0.000000e+00  0.000000e+00  0.000000e+00  0.000000e+00  0.000000e+00  0.000000e+00  0.000000e+00  0.000000e+00  0.000000e+00  0.000000e+00  0.000000e+00  0.000000e+00  0.000000e+00  0.000000e+00  0.000000e+00  0.000000e+00  0.000000e+00  0.000000e+00  0.000000e+00  0.000000e+00  0.000000e+00  0.000000e+00  0.000000e+00  0.000000e+00  0.000000e+00  0.000000e+00  0.000000e+00  0.000000e+00  2.977068e-31  2.139389e-31  0.000000e+00  0.000000e+00  0.000000e+00  0.000000e+00  0.000000e+00  0.000000e+00  0.000000e+00  0.000000e+00  0.000000e+00  0.000000e+00  0.000000e+00  0.000000e+00  0.000000e+00  0.000000e+00  0.000000e+00  0.000000e+00  4.519615e-30  1.142007e-30  1.229994e-31  8.363686e-31  7.349943e-31  1.213635e-31  0.000000e+00  0.000000e+00  0.000000e+00  0.000000e+00  0.000000e+00  0.000000e+00  0.000000e+00  0.000000e+00  0.000000e+00  0.000000e+00  0.000000e+00  0.000000e+00  0.000000e+00  0.000000e+00  0.000000e+00  0.000000e+00  6.251904e-30  1.528929e-30  9.793319e-32  0.000000e+00  6.522794e-30  4.761331e-30  1.431652e-30  8.244242e-32  0.000000e+00  5.336032e-31  8.437459e-31  3.160962e-31  0.000000e+00  0.000000e+00  0.000000e+00  0.000000e+00  0.000000e+00  0.000000e+00  0.000000e+00  0.000000e+00  0.000000e+00  0.000000e+00  0.000000e+00  1.220892e-29  4.966533e-30  1.016747e-30  1.349310e-31  0.000000e+00  0.000000e+00  0.000000e+00  0.000000e+00  0.000000e+00  0.000000e+00  0.000000e+00  0.000000e+00  0.000000e+00  0.000000e+00  0.000000e+00  0.000000e+00  0.000000e+00  0.000000e+00  0.000000e+00  0.000000e+00  0.000000e+00  0.000000e+00  1.281779e-29  9.116242e-30  3.618179e-30  2.581424e-31  0.000000e+00  0.000000e+00  8.358990e-29  4.782735e-29  1.325314e-29  1.936843e-30  2.130951e-31  3.728377e-29  2.192008e-29  6.068688e-30  9.087703e-31  7.510355e-31  3.779997e-31  1.004892e-32  1.855192e-30  9.648543e-31  4.994106e-31  0.000000e+00  0.000000e+00  0.000000e+00  0.000000e+00  0.000000e+00  0.000000e+00  0.000000e+00  0.000000e+00  0.000000e+00  0.000000e+00  0.000000e+00  0.000000e+00  0.000000e+00  0.000000e+00  0.000000e+00  0.000000e+00  0.000000e+00  0.000000e+00  0.000000e+00  0.000000e+00  0.000000e+00  0.000000e+00  0.000000e+00  0.000000e+00  0.000000e+00  0.000000e+00  0.000000e+00  0.000000e+00  0.000000e+00  0.000000e+00  0.000000e+00  0.000000e+00  0.000000e+00  0.000000e+00  0.000000e+00  0.000000e+00  0.000000e+00  0.000000e+00  0.000000e+00  1.124462e-28  2.647192e-28  1.828144e-28  3.848345e-29  7.099068e-30  9.516903e-31  5.227610e-28  2.946317e-28  1.525202e-28  4.245151e-29  1.172852e-29  5.412228e-30  1.278911e-30  6.535015e-29  3.668910e-29  1.693856e-29  2.985462e-30  4.678954e-31  6.191732e-30  3.411108e-30  2.023604e-30  4.600434e-31  2.021234e-32  8.523380e-31  3.227067e-30  1.616317e-30  4.755969e-31  6.494984e-32  0.000000e+00  0.000000e+00  0.000000e+00  0.000000e+00  0.000000e+00  0.000000e+00  0.000000e+00  0.000000e+00  0.000000e+00  0.000000e+00  0.000000e+00  0.000000e+00  0.000000e+00  0.000000e+00  0.000000e+00  0.000000e+00  0.000000e+00  0.000000e+00  0.000000e+00  0.000000e+00  0.000000e+00  0.000000e+00  0.000000e+00  0.000000e+00  0.000000e+00  0.000000e+00  0.000000e+00  0.000000e+00  0.000000e+00  0.000000e+00  0.000000e+00  0.000000e+00  0.000000e+00  0.000000e+00  0.000000e+00  0.000000e+00  0.000000e+00  0.000000e+00  0.000000e+00  0.000000e+00  0.000000e+00  0.000000e+00  0.000000e+00  0.000000e+00  2.827538e-27  1.542269e-27  1.461531e-27  4.415185e-28  1.492144e-28  4.121890e-29  5.160326e-29  1.735302e-27  7.962501e-28  3.129664e-28  9.796958e-29  1.947844e-29  4.760870e-29  2.627412e-29  1.204893e-29  6.012670e-30  1.830378e-30  5.566271e-31  2.952759e-31  1.064822e-31  1.745179e-29  2.748918e-29  1.796300e-29  9.198550e-30  2.219967e-30  8.407394e-31  1.532414e-30  2.723563e-30  1.006378e-29  4.612663e-30  3.157843e-30  5.987196e-31  1.631357e-31  0.000000e+00  0.000000e+00  0.000000e+00  0.000000e+00  0.000000e+00  1.605696e-29  1.213142e-29  1.020811e-29  3.574580e-30  1.043763e-30  1.235085e-31  0.000000e+00  0.000000e+00  0.000000e+00  4.230675e-29  2.403325e-29  2.692476e-29  8.098922e-30  2.369661e-30  4.612257e-31  4.910683e-32  0.000000e+00  0.000000e+00  3.971168e-30  1.655430e-29  9.814065e-30  6.144161e-30  1.540995e-30  2.670525e-31  6.377821e-35  0.000000e+00  0.000000e+00  0.000000e+00  0.000000e+00  0.000000e+00  0.000000e+00  0.000000e+00  0.000000e+00  0.000000e+00  0.000000e+00  0.000000e+00  0.000000e+00  0.000000e+00  0.000000e+00  0.000000e+00  0.000000e+00  0.000000e+00  0.000000e+00  4.680872e-31  1.030896e-30  6.921836e-31  7.293076e-31  0.000000e+00  0.000000e+00  1.527660e-26  5.018316e-27  6.715381e-27  3.765790e-27  1.340669e-27  6.281682e-28  2.846451e-28  2.076889e-28  1.084566e-28  4.159202e-29  1.988658e-29  6.266372e-30  2.954681e-30  1.294623e-30  2.182302e-31  4.612661e-32  8.505943e-32  3.838096e-31  1.045756e-30  3.185026e-31  6.579295e-31  0.000000e+00  0.000000e+00  0.000000e+00  8.017836e-29  1.010287e-28  5.999370e-29  4.003159e-29  1.972198e-29  8.371807e-30  2.520218e-30  2.573508e-30  1.167971e-30  3.505378e-31  9.525500e-32  0.000000e+00  0.000000e+00  0.000000e+00  0.000000e+00  5.110015e-30  2.996801e-28  1.721776e-28  1.913547e-28  1.173658e-28  3.580042e-29  8.343543e-30  1.275028e-30  1.602548e-31  2.125946e-32  0.000000e+00  1.188020e-31  2.087024e-29  1.517482e-27  1.363153e-27  1.282145e-27  9.545405e-28  3.914266e-28  1.471110e-28  2.675399e-29  7.200988e-30  2.113845e-30  8.532839e-31  8.969227e-28  1.383462e-27  6.721328e-28  7.771113e-28  3.709230e-28  1.227799e-28  4.475591e-29  1.693321e-29  1.637486e-29  7.039527e-30  3.114001e-29  7.722303e-30  2.227809e-29  1.207162e-29  1.026680e-28  4.818432e-29  4.743151e-29  5.538998e-29  2.259116e-29  6.185441e-30  1.322338e-30  1.243005e-29  5.348509e-30  7.099123e-30  5.488425e-30  1.738587e-30  4.197041e-31  0.000000e+00  0.000000e+00  0.000000e+00  0.000000e+00  3.259430e-31  1.082732e-30  1.156011e-29  3.233619e-29  1.041956e-29  1.678730e-29  7.187169e-30  2.519914e-30  1.963712e-31  0.000000e+00  0.000000e+00  0.000000e+00  0.000000e+00  0.000000e+00  0.000000e+00  0.000000e+00  8.246485e-31  6.818253e-29  1.513377e-28  4.463812e-29  9.931223e-29  4.164750e-29  1.608482e-29  2.647714e-30  4.978216e-31  4.593329e-32  3.716311e-31  2.899008e-31  2.240366e-31  2.045396e-30  1.423750e-29  8.894448e-29  6.372000e-29  5.571018e-29  5.910324e-29  2.704727e-29  7.177529e-30  2.122355e-30  1.752065e-30  9.776780e-31  3.884995e-31  0.000000e+00  0.000000e+00  0.000000e+00  0.000000e+00  0.000000e+00  0.000000e+00  7.956796e-31  5.381709e-30  1.208189e-29  1.116535e-29  3.146992e-29  3.821395e-29  1.219536e-29  2.440954e-30  8.228140e-31  9.397640e-32  0.000000e+00  0.000000e+00  0.000000e+00  0.000000e+00  0.000000e+00  0.000000e+00  0.000000e+00  0.000000e+00  0.000000e+00  0.000000e+00  2.178437e-31  4.928276e-31  1.163951e-31  3.045433e-31  2.095989e-31  8.660100e-32  3.060336e-32  6.064499e-28  4.401334e-26  1.288103e-26  1.931983e-26  1.772020e-26  1.305444e-26  2.624159e-27  1.452399e-27  2.426516e-28  1.510387e-28  4.525449e-29  1.016654e-28  3.940657e-29  6.788929e-26  1.073594e-25  3.085028e-26  6.244470e-26  3.691787e-26  1.504933e-26  9.327764e-27  3.731813e-27  1.889918e-27  8.748132e-28  4.049016e-28  1.457880e-28  5.206610e-28  1.014420e-27  8.511743e-27  2.073592e-26  5.874747e-27  1.303456e-26  9.574154e-27  4.689181e-27  2.378586e-27  5.336619e-28  5.652559e-28  7.376464e-28  5.012965e-28  1.302226e-27  5.602823e-28  6.665940e-28  5.305651e-28  3.435850e-28  2.091805e-28  7.269228e-29  3.195258e-29  1.620992e-29  1.282351e-29  3.960107e-30  3.620801e-30  7.003639e-30  2.493766e-30  4.312158e-29  3.428673e-29  8.695168e-29  1.657715e-28  2.775703e-28  4.815323e-28  2.552160e-28  3.011870e-28  4.343130e-28  1.988718e-28  1.378898e-28  2.382049e-29  8.255518e-30
0.000000e+00  0.000000e+00  0.000000e+00  0.000000e+00  0.000000e+00  0.000000e+00  0.000000e+00  0.000000e+00  0.000000e+00  0.000000e+00  0.000000e+00  0.000000e+00  0.000000e+00  0.000000e+00  0.000000e+00  0.000000e+00  0.000000e+00  0.000000e+00  0.000000e+00  0.000000e+00  0.000000e+00  0.000000e+00  0.000000e+00  0.000000e+00  0.000000e+00  0.000000e+00  0.000000e+00  0.000000e+00  0.000000e+00  0.000000e+00  0.000000e+00  0.000000e+00  0.000000e+00  0.000000e+00  0.000000e+00  0.000000e+00  0.000000e+00  0.000000e+00  0.000000e+00  0.000000e+00  0.000000e+00  0.000000e+00  0.000000e+00  0.000000e+00  0.000000e+00  0.000000e+00  0.000000e+00  0.000000e+00  0.000000e+00  0.000000e+00  0.000000e+00  0.000000e+00  0.000000e+00  0.000000e+00  0.000000e+00  0.000000e+00  0.000000e+00  0.000000e+00  0.000000e+00  0.000000e+00  0.000000e+00  0.000000e+00  0.000000e+00  0.000000e+00  0.000000e+00  0.000000e+00  0.000000e+00  0.000000e+00  0.000000e+00  0.000000e+00  0.000000e+00  0.000000e+00  0.000000e+00  0.000000e+00  0.000000e+00  0.000000e+00  0.000000e+00  0.000000e+00  0.000000e+00  0.000000e+00  0.000000e+00  0.000000e+00  0.000000e+00  0.000000e+00  0.000000e+00  0.000000e+00  0.000000e+00  0.000000e+00  0.000000e+00  0.000000e+00  0.000000e+00  0.000000e+00  0.000000e+00  0.000000e+00  0.000000e+00  0.000000e+00  0.000000e+00  0.000000e+00  0.000000e+00  0.000000e+00  0.000000e+00  0.000000e+00  0.000000e+00  0.000000e+00  0.000000e+00  0.000000e+00  0.000000e+00  0.000000e+00  0.000000e+00  0.000000e+00  0.000000e+00  0.000000e+00  0.000000e+00  0.000000e+00  0.000000e+00  0.000000e+00  0.000000e+00  0.000000e+00  0.000000e+00  0.000000e+00  0.000000e+00  0.000000e+00  0.000000e+00  0.000000e+00  0.000000e+00  0.000000e+00  0.000000e+00  0.000000e+00  0.000000e+00  0.000000e+00  0.000000e+00  0.000000e+00  0.000000e+00  0.000000e+00  0.000000e+00  0.000000e+00  0.000000e+00  0.000000e+00  0.000000e+00  0.000000e+00  0.000000e+00  0.000000e+00  0.000000e+00  0.000000e+00  0.000000e+00  0.000000e+00  0.000000e+00  0.000000e+00  0.000000e+00  0.000000e+00  0.000000e+00  0.000000e+00  0.000000e+00  0.000000e+00  0.000000e+00  0.000000e+00  0.000000e+00  0.000000e+00  0.000000e+00  0.000000e+00  0.000000e+00  0.000000e+00  0.000000e+00  0.000000e+00  0.000000e+00  0.000000e+00  0.000000e+00  0.000000e+00  0.000000e+00  0.000000e+00  0.000000e+00  0.000000e+00  0.000000e+00  0.000000e+00  0.000000e+00  0.000000e+00  0.000000e+00  0.000000e+00  0.000000e+00  0.000000e+00  0.000000e+00  0.000000e+00  0.000000e+00  0.000000e+00  0.000000e+00  0.000000e+00  0.000000e+00  0.000000e+00  0.000000e+00  0.000000e+00  0.000000e+00  0.000000e+00  0.000000e+00  0.000000e+00  0.000000e+00  0.000000e+00  0.000000e+00  0.000000e+00  0.000000e+00  0.000000e+00  0.000000e+00  0.000000e+00  0.000000e+00  0.000000e+00  0.000000e+00  0.000000e+00  0.000000e+00  0.000000e+00  0.000000e+00  0.000000e+00  0.000000e+00  0.000000e+00  0.000000e+00  0.000000e+00  0.000000e+00  0.000000e+00  0.000000e+00  0.000000e+00  0.000000e+00  0.000000e+00  0.000000e+00  0.000000e+00  0.000000e+00  0.000000e+00  0.000000e+00  0.000000e+00  0.000000e+00  0.000000e+00  0.000000e+00  0.000000e+00  0.000000e+00  0.000000e+00  0.000000e+00  0.000000e+00  0.000000e+00  3.000966e-31  2.163768e-31  0.000000e+00  0.000000e+00  0.000000e+00  0.000000e+00  0.000000e+00  0.000000e+00  0.000000e+00  0.000000e+00  0.000000e+00  0.000000e+00  0.000000e+00  0.000000e+00  0.000000e+00  0.000000e+00  0.000000e+00  0.000000e+00  4.557564e-30  1.146762e-30  1.231394e-31  8.305969e-31  7.407514e-31  1.236011e-31  0.000000e+00  0.000000e+00  0.000000e+00  0.000000e+00  0.000000e+00  0.000000e+00  0.000000e+00  0.000000e+00  0.000000e+00  0.000000e+00  0.000000e+00  0.000000e+00  0.000000e+00  0.000000e+00  0.000000e+00  0.000000e+00  6.287311e-30  1.528449e-30  1.007431e-31  0.000000e+00  6.499591e-30  4.832102e-30  1.446195e-30  8.224142e-32  0.000000e+00  5.361172e-31  8.416283e-31  3.089151e-31  0.000000e+00  0.000000e+00  0.000000e+00  0.000000e+00  0.000000e+00  0.000000e+00  0.000000e+00  0.000000e+00  0.000000e+00  0.000000e+00  0.000000e+00  1.227506e-29  4.921004e-30  9.907690e-31  1.336680e-31  0.000000e+00  0.000000e+00  0.000000e+00  0.000000e+00  0.000000e+00  0.000000e+00  0.000000e+00  0.000000e+00  0.000000e+00  0.000000e+00  0.000000e+00  0.000000e+00  0.000000e+00  0.000000e+00  0.000000e+00  0.000000e+00  0.000000e+00  0.000000e+00  1.267917e-29  9.197371e-30  3.662018e-30  2.563881e-31  0.000000e+00  0.000000e+00  8.490236e-29  4.883738e-29  1.349547e-29  1.953584e-30  2.107600e-31  3.776259e-29  2.209158e-29  6.080329e-30  8.970775e-31  7.538288e-31  3.835124e-31  1.005570e-32  1.877707e-30  9.297563e-31  5.054032e-31  0.000000e+00  0.000000e+00  0.000000e+00  0.000000e+00  0.000000e+00  0.000000e+00  0.000000e+00  0.000000e+00  0.000000e+00  0.000000e+00  0.000000e+00  0.000000e+00  0.000000e+00  0.000000e+00  0.000000e+00  0.000000e+00  0.000000e+00  0.000000e+00  0.000000e+00  0.000000e+00  0.000000e+00  0.000000e+00  0.000000e+00  0.000000e+00  0.000000e+00  0.000000e+00  0.000000e+00  0.000000e+00  0.000000e+00  0.000000e+00  0.000000e+00  0.000000e+00  0.000000e+00  0.000000e+00  0.000000e+00  0.000000e+00  0.000000e+00  0.000000e+00  0.000000e+00  1.135234e-28  2.621518e-28  1.849983e-28  3.927878e-29  6.938119e-30  9.580508e-31  5.204241e-28  2.940041e-28  1.524831e-28  4.277503e-29  1.168284e-29  5.428142e-30  1.260481e-30  6.533178e-29  3.639906e-29  1.725009e-29  3.013582e-30  4.742966e-31  6.145754e-30  3.432322e-30  2.069642e-30  4.711620e-31  1.955792e-32  8.578211e-31  3.229938e-30  1.614562e-30  4.812278e-31  6.467567e-32  0.000000e+00  0.000000e+00  0.000000e+00  0.000000e+00  0.000000e+00  0.000000e+00  0.000000e+00  0.000000e+00  0.000000e+00  0.000000e+00  0.000000e+00  0.000000e+00  0.000000e+00  0.000000e+00  0.000000e+00  0.000000e+00  0.000000e+00  0.000000e+00  0.000000e+00  0.000000e+00  0.000000e+00  0.000000e+00  0.000000e+00  0.000000e+00  0.000000e+00  0.000000e+00  0.000000e+00  0.000000e+00  0.000000e+00  0.000000e+00  0.000000e+00  0.000000e+00  0.000000e+00  0.000000e+00  0.000000e+00  0.000000e+00  0.000000e+00  0.000000e+00  0.000000e+00  0.000000e+00  0.000000e+00  0.000000e+00  0.000000e+00  0.000000e+00  2.837273e-27  1.531674e-27  1.475710e-27  4.345870e-28  1.439878e-28  4.119250e-29  4.742701e-29  1.756550e-27  7.973286e-28  3.111964e-28  9.948561e-29  1.919863e-29  4.772737e-29  2.602459e-29  1.177853e-29  6.020439e-30  1.824389e-30  5.619741e-31  2.991570e-31  1.082748e-31  1.759721e-29  2.795983e-29  1.762532e-29  9.326760e-30  2.206866e-30  8.282409e-31  1.562973e-30  2.732747e-30  9.993609e-30  4.555612e-30  3.242294e-30  5.869477e-31  1.652592e-31  0.000000e+00  0.000000e+00  0.000000e+00  0.000000e+00  0.000000e+00  1.613096e-29  1.253288e-29  1.005507e-29  3.572704e-30  1.079196e-30  1.287072e-31  0.000000e+00  0.000000e+00  0.000000e+00  4.224907e-29  2.458675e-29  2.701927e-29  7.942345e-30  2.357034e-30  4.631808e-31  5.002259e-32  0.000000e+00  0.000000e+00  3.839123e-30  1.690432e-29  9.939864e-30  6.259333e-30  1.533009e-30  2.617337e-31  4.034119e-35  0.000000e+00  0.000000e+00  0.000000e+00  0.000000e+00  0.000000e+00  0.000000e+00  0.000000e+00  0.000000e+00  0.000000e+00  0.000000e+00  0.000000e+00  0.000000e+00  0.000000e+00  0.000000e+00  0.000000e+00  0.000000e+00  0.000000e+00  0.000000e+00  4.566950e-31  1.019770e-30  6.859152e-31  7.205161e-31  0.000000e+00  0.000000e+00  1.539871e-26  5.157300e-27  6.519414e-27  3.938860e-27  1.359839e-27  6.154448e-28  2.925991e-28  2.069368e-28  1.109819e-28  4.108844e-29  2.002363e-29  6.200708e-30  2.990934e-30  1.273813e-30  2.138380e-31  4.454007e-32  8.597245e-32  3.831905e-31  1.047385e-30  2.964066e-31  6.504632e-31  0.000000e+00  0.000000e+00  0.000000e+00  8.107893e-29  1.033494e-28  5.740432e-29  3.984355e-29  1.962223e-29  8.117428e-30  2.421888e-30  2.596370e-30  1.195051e-30  3.346573e-31  9.464401e-32  0.000000e+00  0.000000e+00  0.000000e+00  0.000000e+00  5.155198e-30  3.071316e-28  1.679524e-28  1.919157e-28  1.168892e-28  3.441788e-29  8.501415e-30  1.240960e-30  1.617180e-31  2.116244e-32  0.000000e+00  1.193393e-31  2.100349e-29  1.531420e-27  1.365695e-27  1.312583e-27  9.670471e-28  3.990795e-28  1.532492e-28  2.661066e-29  7.166916e-30  2.105509e-30  8.432969e-31  8.997453e-28  1.384503e-27  6.602061e-28  7.821065e-28  3.696274e-28  1.257563e-28  4.485475e-29  1.681341e-29  1.624944e-29  6.948896e-30  3.121588e-29  7.759789e-30  2.227627e-29  1.221379e-29  1.006276e-28  4.730357e-29  4.505623e-29  5.723671e-29  2.299815e-29  6.514473e-30  1.374490e-30  1.244024e-29  5.373395e-30  7.259710e-30  5.604723e-30  1.727273e-30  4.042891e-31  0.000000e+00  0.000000e+00  0.000000e+00  0.000000e+00  3.354454e-31  1.066750e-30  1.148478e-29  3.353330e-29  1.038462e-29  1.611041e-29  6.944722e-30  2.551586e-30  1.911408e-31  0.000000e+00  0.000000e+00  0.000000e+00  0.000000e+00  0.000000e+00  0.000000e+00  0.000000e+00  8.095348e-31  6.960265e-29  1.555355e-28  4.446819e-29  1.011735e-28  3.957598e-29  1.581017e-29  2.595212e-30  5.005911e-31  4.671703e-32  3.729178e-31  2.798553e-31  2.117172e-31  2.082834e-30  1.427455e-29  9.080029e-29  6.495324e-29  5.701128e-29  6.081249e-29  2.734611e-29  7.049919e-30  2.179669e-30  1.752624e-30  9.744186e-31  4.057617e-31  0.000000e+00  0.000000e+00  0.000000e+00  0.000000e+00  0.000000e+00  0.000000e+00  7.919904e-31  5.465594e-30  1.213672e-29  1.120025e-29  3.056294e-29  3.817985e-29  1.237781e-29  2.418883e-30  8.667920e-31  8.844172e-32  0.000000e+00  0.000000e+00  0.000000e+00  0.000000e+00  0.000000e+00  0.000000e+00  0.000000e+00  0.000000e+00  0.000000e+00  0.000000e+00  2.167233e-31  4.839541e-31  1.172037e-31  3.059121e-31  2.125396e-31  8.572858e-32  3.195173e-32  5.603868e-28  4.380074e-26  1.254791e-26  1.949178e-26  1.792375e-26  1.352993e-26  2.458386e-27  1.429077e-27  2.420206e-28  1.543041e-28  4.437138e-29  9.995769e-29  3.942182e-29  6.880712e-26  1.090043e-25  3.217105e-26  6.281401e-26  3.584599e-26  1.408547e-26  9.534925e-27  3.602566e-27  1.876853e-27  8.790291e-28  4.077786e-28  1.459233e-28  5.175084e-28  1.016498e-27  8.447504e-27  2.068788e-26  5.672492e-27  1.346456e-26  9.613463e-27  4.771612e-27  2.384175e-27  5.110060e-28  5.592756e-28  7.490051e-28  5.043121e-28  1.287903e-27  5.589222e-28  6.670996e-28  5.266256e-28  3.464632e-28  2.060341e-28  7.457384e-29  3.210947e-29  1.586709e-29  1.293918e-29  4.011150e-30  3.616989e-30  7.072944e-30  2.470369e-30  4.250304e-29  3.393879e-29  8.678806e-29  1.706319e-28  2.723398e-28  4.615450e-28  2.486090e-28  3.012857e-28  4.385164e-28  1.930228e-28  1.380522e-28  2.417297e-29  8.347794e-30
0.000000e+00  0.000000e+00  0.000000e+00  0.000000e+00  0.000000e+00  0.000000e+00  0.000000e+00  0.000000e+00  0.000000e+00  0.000000e+00  0.000000e+00  0.000000e+00  0.000000e+00  0.000000e+00  0.000000e+00  0.000000e+00  0.000000e+00  0.000000e+00  0.000000e+00  0.000000e+00  0.000000e+00  0.000000e+00  0.000000e+00  0.000000e+00  0.000000e+00  0.000000e+00  0.000000e+00  0.000000e+00  0.000000e+00  0.000000e+00  0.000000e+00  0.000000e+00  0.000000e+00  0.000000e+00  0.000000e+00  0.000000e+00  0.000000e+00  0.000000e+00  0.000000e+00  0.000000e+00  0.000000e+00  0.000000e+00  0.000000e+00  0.000000e+00  0.000000e+00  0.000000e+00  0.000000e+00  0.000000e+00  0.000000e+00  0.000000e+00  0.000000e+00  0.000000e+00  0.000000e+00  0.000000e+00  0.000000e+00  0.000000e+00  0.000000e+00  0.000000e+00  0.000000e+00  0.000000e+00  0.000000e+00  0.000000e+00  0.000000e+00  0.000000e+00  0.000000e+00  0.000000e+00  0.000000e+00  0.000000e+00  0.000000e+00  0.000000e+00  0.000000e+00  0.000000e+00  0.000000e+00  0.000000e+00  0.000000e+00  0.000000e+00  0.000000e+00  0.000000e+00  0.000000e+00  0.000000e+00  0.000000e+00  0.000000e+00  0.000000e+00  0.000000e+00  0.000000e+00  0.000000e+00  0.000000e+00  0.000000e+00  0.000000e+00  0.000000e+00  0.000000e+00  0.000000e+00  0.000000e+00  0.000000e+00  0.000000e+00  0.000000e+00  0.000000e+00  0.000000e+00  0.000000e+00  0.000000e+00  0.000000e+00  0.000000e+00  0.000000e+00  0.000000e+00  0.000000e+00  0.000000e+00  0.000000e+00  0.000000e+00  0.000000e+00  0.000000e+00  0.000000e+00  0.000000e+00  0.000000e+00  0.000000e+00  0.000000e+00  0.000000e+00  0.000000e+00  0.000000e+00  0.000000e+00  0.000000e+00  0.000000e+00  0.000000e+00  0.000000e+00  0.000000e+00  0.000000e+00  0.000000e+00  0.000000e+00  0.000000e+00  0.000000e+00  0.000000e+00  0.000000e+00  0.000000e+00  0.000000e+00  0.000000e+00  0.000000e+00  0.000000e+00  0.000000e+00  0.000000e+00  0.000000e+00  0.000000e+00  0.000000e+00  0.000000e+00  0.000000e+00  0.000000e+00  0.000000e+00  0.000000e+00  0.000000e+00  0.000000e+00  0.000000e+00  0.000000e+00  0.000000e+00  0.000000e+00  0.000000e+00  0.000000e+00  0.000000e+00  0.000000e+00  0.000000e+00  0.000000e+00  0.000000e+00  0.000000e+00  0.000000e+00  0.000000e+00  0.000000e+00  0.000000e+00  0.000000e+00  0.000000e+00  0.000000e+00  0.000000e+00  0.000000e+00  0.000000e+00  0.000000e+00  0.000000e+00  0.000000e+00  0.000000e+00  0.000000e+00  0.000000e+00  0.000000e+00  0.000000e+00  0.000000e+00  0.000000e+00  0.000000e+00  0.000000e+00  0.000000e+00  0.000000e+00  0.000000e+00  0.000000e+00  0.000000e+00  0.000000e+00  0.000000e+00  0.000000e+00  0.000000e+00  0.000000e+00  0.000000e+00  0.000000e+00  0.000000e+00  0.000000e+00  0.000000e+00  0.000000e+00  0.000000e+00  0.000000e+00  0.000000e+00  0.000000e+00  0.000000e+00  0.000000e+00  0.000000e+00  0.000000e+00  0.000000e+00  0.000000e+00  0.000000e+00  0.000000e+00  0.000000e+00  0.000000e+00  0.000000e+00  0.000000e+00  0.000000e+00  0.000000e+00  0.000000e+00  0.000000e+00  0.000000e+00  0.000000e+00  0.000000e+00  0.000000e+00  0.000000e+00  0.000000e+00  0.000000e+00  0.000000e+00  0.000000e+00  0.000000e+00  0.000000e+00  0.000000e+00  0.000000e+00  0.000000e+00  0.000000e+00  0.000000e+00  0.000000e+00  3.050721e-31  2.209580e-31  0.000000e+00  0.000000e+00  0.000000e+00  0.000000e+00  0.000000e+00  0.000000e+00  0.000000e+00  0.000000e+00  0.000000e+00  0.000000e+00  0.000000e+00  0.000000e+00  0.000000e+00  0.000000e+00  0.000000e+00  0.000000e+00  4.633245e-30  1.155440e-30  1.233800e-31  8.192648e-31  7.509221e-31  1.278488e-31  0.000000e+00  0.000000e+00  0.000000e+00  0.000000e+00  0.000000e+00  0.000000e+00  0.000000e+00  0.000000e+00  0.000000e+00  0.000000e+00  0.000000e+00  0.000000e+00  0.000000e+00  0.000000e+00  0.000000e+00  0.000000e+00  6.347109e-30  1.524489e-30  1.062748e-31  0.000000e+00  6.442195e-30  4.974814e-30  1.475482e-30  8.166786e-32  0.000000e+00  5.410014e-31  8.345656e-31  2.946283e-31  0.000000e+00  0.000000e+00  0.000000e+00  0.000000e+00  0.000000e+00  0.000000e+00  0.000000e+00  0.000000e+00  0.000000e+00  0.000000e+00  0.000000e+00  1.240019e-29  4.817347e-30  9.372736e-31  1.306438e-31  0.000000e+00  0.000000e+00  0.000000e+00  0.000000e+00  0.000000e+00  0.000000e+00  0.000000e+00  0.000000e+00  0.000000e+00  0.000000e+00  0.000000e+00  0.000000e+00  0.000000e+00  0.000000e+00  0.000000e+00  0.000000e+00  0.000000e+00  0.000000e+00  1.238566e-29  9.366816e-30  3.756570e-30  2.531485e-31  0.000000e+00  0.000000e+00  8.757586e-29  5.089391e-29  1.399859e-29  1.984415e-30  2.061686e-31  3.866589e-29  2.242584e-29  6.109839e-30  8.730131e-31  7.585139e-31  3.949653e-31  1.010571e-32  1.921790e-30  8.557726e-31  5.175180e-31  0.000000e+00  0.000000e+00  0.000000e+00  0.000000e+00  0.000000e+00  0.000000e+00  0.000000e+00  0.000000e+00  0.000000e+00  0.000000e+00  0.000000e+00  0.000000e+00  0.000000e+00  0.000000e+00  0.000000e+00  0.000000e+00  0.000000e+00  0.000000e+00  0.000000e+00  0.000000e+00  0.000000e+00  0.000000e+00  0.000000e+00  0.000000e+00  0.000000e+00  0.000000e+00  0.000000e+00  0.000000e+00  0.000000e+00  0.000000e+00  0.000000e+00  0.000000e+00  0.000000e+00  0.000000e+00  0.000000e+00  0.000000e+00  0.000000e+00  0.000000e+00  0.000000e+00  1.157824e-28  2.566281e-28  1.888574e-28  4.099676e-29  6.620654e-30  9.689166e-31  5.154376e-28  2.928694e-28  1.517358e-28  4.340656e-29  1.160491e-29  5.451824e-30  1.222007e-30  6.528016e-29  3.582186e-29  1.783436e-29  3.076484e-30  4.887203e-31  6.052112e-30  3.474625e-30  2.164319e-30  4.931448e-31  1.830982e-32  8.660975e-31  3.235100e-30  1.616470e-30  4.941639e-31  6.424447e-32  0.000000e+00  0.000000e+00  0.000000e+00  0.000000e+00  0.000000e+00  0.000000e+00  0.000000e+00  0.000000e+00  0.000000e+00  0.000000e+00  0.000000e+00  0.000000e+00  0.000000e+00  0.000000e+00  0.000000e+00  0.000000e+00  0.000000e+00  0.000000e+00  0.000000e+00  0.000000e+00  0.000000e+00  0.000000e+00  0.000000e+00  0.000000e+00  0.000000e+00  0.000000e+00  0.000000e+00  0.000000e+00  0.000000e+00  0.000000e+00  0.000000e+00  0.000000e+00  0.000000e+00  0.000000e+00  0.000000e+00  0.000000e+00  0.000000e+00  0.000000e+00  0.000000e+00  0.000000e+00  0.000000e+00  0.000000e+00  0.000000e+00  0.000000e+00  2.862440e-27  1.514055e-27  1.506250e-27  4.218769e-28  1.334891e-28  4.113197e-29  3.987250e-29  1.800898e-27  8.001938e-28  3.089631e-28  1.025725e-28  1.849105e-29  4.797734e-29  2.557634e-29  1.122782e-29  6.038988e-30  1.812531e-30  5.740906e-31  3.073742e-31  1.118813e-31  1.788831e-29  2.896891e-29  1.693562e-29  9.590795e-30  2.174303e-30  8.058461e-31  1.627585e-30  2.760417e-30  9.870015e-30  4.452129e-30  3.420846e-30  5.624293e-31  1.699434e-31  0.000000e+00  0.000000e+00  0.000000e+00  0.000000e+00  0.000000e+00  1.630107e-29  1.339616e-29  9.748681e-30  3.569502e-30  1.151535e-30  1.395726e-31  0.000000e+00  0.000000e+00  0.000000e+00  4.213598e-29  2.581321e-29  2.725439e-29  7.670621e-30  2.328384e-30  4.687150e-31  5.163694e-32  0.000000e+00  0.000000e+00  3.574877e-30  1.767326e-29  1.019595e-29  6.514787e-30  1.520786e-30  2.529404e-31  2.941986e-35  0.000000e+00  0.000000e+00  0.000000e+00  0.000000e+00  0.000000e+00  0.000000e+00  0.000000e+00  0.000000e+00  0.000000e+00  0.000000e+00  0.000000e+00  0.000000e+00  0.000000e+00  0.000000e+00  0.000000e+00  0.000000e+00  0.000000e+00  0.000000e+00  4.338026e-31  1.001196e-30  6.710229e-31  7.023966e-31  0.000000e+00  0.000000e+00  1.569340e-26  5.459729e-27  6.096963e-27  4.304649e-27  1.398673e-27  5.907021e-28  3.091973e-28  2.065091e-28  1.164750e-28  4.016686e-29  2.034606e-29  6.081140e-30  3.071942e-30  1.235681e-30  2.058437e-31  4.149532e-32  8.800768e-32  3.840777e-31  1.050392e-30  2.524312e-31  6.394160e-31  0.000000e+00  0.000000e+00  0.000000e+00  8.351712e-29  1.086848e-28  5.202301e-29  3.971191e-29  1.951540e-29  7.629281e-30  2.226648e-30  2.643954e-30  1.254974e-30  3.027302e-31  9.394687e-32  0.000000e+00  0.000000e+00  0.000000e+00  0.000000e+00  5.261405e-30  3.232922e-28  1.599634e-28  1.928509e-28  1.163183e-28  3.184679e-29  8.869482e-30  1.172672e-30  1.654603e-31  2.106293e-32  0.000000e+00  1.203451e-31  2.142696e-29  1.568232e-27  1.379391e-27  1.376184e-27  9.927340e-28  4.146359e-28  1.664041e-28  2.646388e-29  7.141176e-30  2.086224e-30  8.267525e-31  9.105951e-28  1.385507e-27  6.333201e-28  7.970479e-28  3.672096e-28  1.320980e-28  4.503213e-29  1.667443e-29  1.596181e-29  6.790277e-30  3.142072e-29  7.848099e-30  2.235774e-29  1.251932e-29  9.677091e-29  4.552230e-29  4.010416e-29  6.140459e-29  2.389928e-29  7.208624e-30  1.483041e-30  1.248767e-29  5.430965e-30  7.604131e-30  5.850015e-30  1.707450e-30  3.747936e-31  0.000000e+00  0.000000e+00  0.000000e+00  0.000000e+00  3.554615e-31  1.038763e-30  1.137138e-29  3.606479e-29  1.027061e-29  1.475377e-29  6.488018e-30  2.632660e-30  1.806268e-31  0.000000e+00  0.000000e+00  0.000000e+00  0.000000e+00  0.000000e+00  0.000000e+00  0.000000e+00  7.821025e-31  7.284061e-29  1.646101e-28  4.414361e-29  1.049265e-28  3.577739e-29  1.522475e-29  2.487295e-30  5.092204e-31  4.807967e-32  3.771964e-31  2.597414e-31  1.872300e-31  2.155326e-30  1.441625e-29  9.469264e-29  6.733146e-29  5.983805e-29  6.450467e-29  2.797060e-29  6.799219e-30  2.304145e-30  1.757781e-30  9.649737e-31  4.429727e-31  0.000000e+00  0.000000e+00  0.000000e+00  0.000000e+00  0.000000e+00  0.000000e+00  7.880840e-31  5.647071e-30  1.228039e-29  1.126655e-29  2.885224e-29  3.823161e-29  1.275305e-29  2.387384e-30  9.627624e-31  7.723296e-32  0.000000e+00  0.000000e+00  0.000000e+00  0.000000e+00  0.000000e+00  0.000000e+00  0.000000e+00  0.000000e+00  0.000000e+00  0.000000e+00  2.145667e-31  4.659085e-31  1.189379e-31  3.077793e-31  2.181191e-31  8.456522e-32  3.497570e-32  4.735678e-28  4.327560e-26  1.194389e-26  1.977896e-26  1.850980e-26  1.444758e-26  2.136035e-27  1.380365e-27  2.444258e-28  1.604403e-28  4.253423e-29  9.678424e-29  3.938919e-29  7.069891e-26  1.128646e-25  3.511624e-26  6.351028e-26  3.367850e-26  1.217989e-26  1.004846e-26  3.340567e-27  1.857606e-27  8.860026e-28  4.167594e-28  1.460616e-28  5.123572e-28  1.020592e-27  8.277072e-27  2.062845e-26  5.266771e-27  1.440509e-26  9.622793e-27  4.909632e-27  2.416120e-27  4.637084e-28  5.464551e-28  7.686256e-28  5.103841e-28  1.256641e-27  5.555077e-28  6.709332e-28  5.182972e-28  3.519858e-28  1.994459e-28  7.848346e-29  3.245284e-29  1.521822e-29  1.319216e-29  4.121143e-30  3.601740e-30  7.216329e-30  2.428672e-30  4.125929e-29  3.317131e-29  8.624003e-29  1.807609e-28  2.616698e-28  4.191832e-28  2.331278e-28  3.008697e-28  4.499405e-28  1.811864e-28  1.378684e-28  2.482085e-29  8.543047e-30
0.000000e+00  0.000000e+00  0.000000e+00  0.000000e+00  0.000000e+00  0.000000e+00  0.000000e+00  0.000000e+00  0.000000e+00  0.000000e+00  0.000000e+00  0.000000e+00  0.000000e+00  0.000000e+00  0.000000e+00  0.000000e+00  0.000000e+00  0.000000e+00  0.000000e+00  0.000000e+00  0.000000e+00  0.000000e+00  0.000000e+00  0.000000e+00  0.000000e+00  0.000000e+00  0.000000e+00  0.000000e+00  0.000000e+00  0.000000e+00  0.000000e+00  0.000000e+00  0.000000e+00  0.000000e+00  0.000000e+00  0.000000e+00  0.000000e+00  0.000000e+00  0.000000e+00  0.000000e+00  0.000000e+00  0.000000e+00  0.000000e+00  0.000000e+00  0.000000e+00  0.000000e+00  0.000000e+00  0.000000e+00  0.000000e+00  0.000000e+00  0.000000e+00  0.000000e+00  0.000000e+00  0.000000e+00  0.000000e+00  0.000000e+00  0.000000e+00  0.000000e+00  0.000000e+00  0.000000e+00  0.000000e+00  0.000000e+00  0.000000e+00  0.000000e+00  0.000000e+00  0.000000e+00  0.000000e+00  0.000000e+00  0.000000e+00  0.000000e+00  0.000000e+00  0.000000e+00  0.000000e+00  0.000000e+00  0.000000e+00  0.000000e+00  0.000000e+00  0.000000e+00  0.000000e+00  0.000000e+00  0.000000e+00  0.000000e+00  0.000000e+00  0.000000e+00  0.000000e+00  0.000000e+00  0.000000e+00  0.000000e+00  0.000000e+00  0.000000e+00  0.000000e+00  0.000000e+00  0.000000e+00  0.000000e+00  0.000000e+00  0.000000e+00  0.000000e+00  0.000000e+00  0.000000e+00  0.000000e+00  0.000000e+00  0.000000e+00  0.000000e+00  0.000000e+00  0.000000e+00  0.000000e+00  0.000000e+00  0.000000e+00  0.000000e+00  0.000000e+00  0.000000e+00  0.000000e+00  0.000000e+00  0.000000e+00  0.000000e+00  0.000000e+00  0.000000e+00  0.000000e+00  0.000000e+00  0.000000e+00  0.000000e+00  0.000000e+00  0.000000e+00  0.000000e+00  0.000000e+00  0.000000e+00  0.000000e+00  0.000000e+00  0.000000e+00  0.000000e+00  0.000000e+00  0.000000e+00  0.000000e+00  0.000000e+00  0.000000e+00  0.000000e+00  0.000000e+00  0.000000e+00  0.000000e+00  0.000000e+00  0.000000e+00  0.000000e+00  0.000000e+00  0.000000e+00  0.000000e+00  0.000000e+00  0.000000e+00  0.000000e+00  0.000000e+00  0.000000e+00  0.000000e+00  0.000000e+00  0.000000e+00  0.000000e+00  0.000000e+00  0.000000e+00  0.000000e+00  0.000000e+00  0.000000e+00  0.000000e+00  0.000000e+00  0.000000e+00  0.000000e+00  0.000000e+00  0.000000e+00  0.000000e+00  0.000000e+00  0.000000e+00  0.000000e+00  0.000000e+00  0.000000e+00  0.000000e+00  0.000000e+00  0.000000e+00  0.000000e+00  0.000000e+00  0.000000e+00  0.000000e+00  0.000000e+00  0.000000e+00  0.000000e+00  0.000000e+00  0.000000e+00  0.000000e+00  0.000000e+00  0.000000e+00  0.000000e+00  0.000000e+00  0.000000e+00  0.000000e+00  0.000000e+00  0.000000e+00  0.000000e+00  0.000000e+00  0.000000e+00  0.000000e+00  0.000000e+00  0.000000e+00  0.000000e+00  0.000000e+00  0.000000e+00  0.000000e+00  0.000000e+00  0.000000e+00  0.000000e+00  0.000000e+00  0.000000e+00  0.000000e+00  0.000000e+00  0.000000e+00  0.000000e+00  0.000000e+00  0.000000e+00  0.000000e+00  0.000000e+00  0.000000e+00  0.000000e+00  0.000000e+00  0.000000e+00  0.000000e+00  0.000000e+00  0.000000e+00  0.000000e+00  0.000000e+00  0.000000e+00  0.000000e+00  0.000000e+00  0.000000e+00  0.000000e+00  0.000000e+00  0.000000e+00  0.000000e+00  0.000000e+00  0.000000e+00  0.000000e+00  3.099361e-31  2.249441e-31  0.000000e+00  0.000000e+00  0.000000e+00  0.000000e+00  0.000000e+00  0.000000e+00  0.000000e+00  0.000000e+00  0.000000e+00  0.000000e+00  0.000000e+00  0.000000e+00  0.000000e+00  0.000000e+00  0.000000e+00  0.000000e+00  4.704086e-30  1.162854e-30  1.235984e-31  8.091098e-31  7.590634e-31  1.315774e-31  0.000000e+00  0.000000e+00  0.000000e+00  0.000000e+00  0.000000e+00  0.000000e+00  0.000000e+00  0.000000e+00  0.000000e+00  0.000000e+00  0.000000e+00  0.000000e+00  0.000000e+00  0.000000e+00  0.000000e+00  0.000000e+00  6.392852e-30  1.517922e-30  1.113448e-31  0.000000e+00  6.379193e-30  5.109205e-30  1.503058e-30  8.098847e-32  0.000000e+00  5.454302e-31  8.252568e-31  2.814362e-31  0.000000e+00  0.000000e+00  0.000000e+00  0.000000e+00  0.000000e+00  0.000000e+00  0.000000e+00  0.000000e+00  0.000000e+00  0.000000e+00  0.000000e+00  1.251054e-29  4.708971e-30  8.863362e-31  1.273668e-31  0.000000e+00  0.000000e+00  0.000000e+00  0.000000e+00  0.000000e+00  0.000000e+00  0.000000e+00  0.000000e+00  0.000000e+00  0.000000e+00  0.000000e+00  0.000000e+00  0.000000e+00  0.000000e+00  0.000000e+00  0.000000e+00  0.000000e+00  0.000000e+00  1.209468e-29  9.530841e-30  3.852614e-30  2.503894e-31  0.000000e+00  0.000000e+00  9.009671e-29  5.285169e-29  1.448655e-29  2.010707e-30  2.019943e-31  3.944568e-29  2.273365e-29  6.143437e-30  8.500649e-31  7.620568e-31  4.061056e-31  1.018570e-32  1.962222e-30  7.832363e-31  5.290387e-31  0.000000e+00  0.000000e+00  0.000000e+00  0.000000e+00  0.000000e+00  0.000000e+00  0.000000e+00  0.000000e+00  0.000000e+00  0.000000e+00  0.000000e+00  0.000000e+00  0.000000e+00  0.000000e+00  0.000000e+00  0.000000e+00  0.000000e+00  0.000000e+00  0.000000e+00  0.000000e+00  0.000000e+00  0.000000e+00  0.000000e+00  0.000000e+00  0.000000e+00  0.000000e+00  0.000000e+00  0.000000e+00  0.000000e+00  0.000000e+00  0.000000e+00  0.000000e+00  0.000000e+00  0.000000e+00  0.000000e+00  0.000000e+00  0.000000e+00  0.000000e+00  0.000000e+00  1.180111e-28  2.506331e-28  1.919198e-28  4.272394e-29  6.334022e-30  9.770208e-31  5.104052e-28  2.916701e-28  1.503489e-28  4.396711e-29  1.153524e-29  5.464928e-30  1.184718e-30  6.517484e-29  3.527212e-29  1.833901e-29  3.142076e-30  5.039395e-31  5.959876e-30  3.509041e-30  2.255137e-30  5.133726e-31  1.719262e-32  8.709813e-31  3.235554e-30  1.622207e-30  5.079231e-31  6.399915e-32  0.000000e+00  0.000000e+00  0.000000e+00  0.000000e+00  0.000000e+00  0.000000e+00  0.000000e+00  0.000000e+00  0.000000e+00  0.000000e+00  0.000000e+00  0.000000e+00  0.000000e+00  0.000000e+00  0.000000e+00  0.000000e+00  0.000000e+00  0.000000e+00  0.000000e+00  0.000000e+00  0.000000e+00  0.000000e+00  0.000000e+00  0.000000e+00  0.000000e+00  0.000000e+00  0.000000e+00  0.000000e+00  0.000000e+00  0.000000e+00  0.000000e+00  0.000000e+00  0.000000e+00  0.000000e+00  0.000000e+00  0.000000e+00  0.000000e+00  0.000000e+00  0.000000e+00  0.000000e+00  0.000000e+00  0.000000e+00  0.000000e+00  0.000000e+00  2.887880e-27  1.497179e-27  1.534630e-27  4.108905e-28  1.235789e-28  4.102133e-29  3.325388e-29  1.840605e-27  8.015720e-28  3.081195e-28  1.054674e-28  1.767873e-29  4.812524e-29  2.513431e-29  1.067939e-29  6.049921e-30  1.798721e-30  5.857344e-31  3.147344e-31  1.151077e-31  1.812605e-29  2.988923e-29  1.622325e-29  9.824030e-30  2.135815e-30  7.868842e-31  1.688381e-30  2.787106e-30  9.746056e-30  4.352893e-30  3.591132e-30  5.382861e-31  1.746373e-31  0.000000e+00  0.000000e+00  0.000000e+00  0.000000e+00  0.000000e+00  1.644481e-29  1.424328e-29  9.427842e-30  3.556440e-30  1.218933e-30  1.500568e-31  0.000000e+00  0.000000e+00  0.000000e+00  4.187217e-29  2.704130e-29  2.741753e-29  7.449379e-30  2.297651e-30  4.744476e-31  5.292295e-32  0.000000e+00  0.000000e+00  3.319415e-30  1.841203e-29  1.040743e-29  6.760841e-30  1.509793e-30  2.462995e-31  2.146899e-35  0.000000e+00  0.000000e+00  0.000000e+00  0.000000e+00  0.000000e+00  0.000000e+00  0.000000e+00  0.000000e+00  0.000000e+00  0.000000e+00  0.000000e+00  0.000000e+00  0.000000e+00  0.000000e+00  0.000000e+00  0.000000e+00  0.000000e+00  0.000000e+00  4.097558e-31  9.838523e-31  6.517013e-31  6.820373e-31  0.000000e+00  0.000000e+00  1.597387e-26  5.761838e-27  5.647771e-27  4.656687e-27  1.429965e-27  5.660100e-28  3.248418e-28  2.066265e-28  1.218179e-28  3.925834e-29  2.063041e-29  5.960123e-30  3.148097e-30  1.199009e-30  1.985813e-31  3.862523e-32  8.980760e-32  3.854235e-31  1.050160e-30  2.114864e-31  6.299782e-31  0.000000e+00  0.000000e+00  0.000000e+00  8.627756e-29  1.142514e-28  4.668670e-29  3.971279e-29  1.946848e-29  7.165428e-30  2.039218e-30  2.686179e-30  1.313730e-30  2.715002e-31  9.337848e-32  0.000000e+00  0.000000e+00  0.000000e+00  0.000000e+00  5.358085e-30  3.389302e-28  1.531514e-28  1.931188e-28  1.157607e-28  2.950154e-29  9.235632e-30  1.105708e-30  1.691906e-31  2.103415e-32  0.000000e+00  1.209745e-31  2.190699e-29  1.608420e-27  1.400140e-27  1.437613e-27  1.014932e-27  4.282214e-28  1.789305e-28  2.634238e-29  7.131424e-30  2.058798e-30  8.119309e-31  9.236807e-28  1.383815e-27  6.048899e-28  8.146724e-28  3.638600e-28  1.378685e-28  4.500268e-29  1.662096e-29  1.560536e-29  6.638657e-30  3.160824e-29  7.956867e-30  2.249498e-29  1.281554e-29  9.312949e-29  4.382086e-29  3.528617e-29  6.572381e-29  2.478440e-29  7.866089e-30  1.583115e-30  1.253314e-29  5.491909e-30  7.945638e-30  6.078213e-30  1.686780e-30  3.475538e-31  0.000000e+00  0.000000e+00  0.000000e+00  0.000000e+00  3.745698e-31  1.014082e-30  1.126578e-29  3.852036e-29  1.013001e-29  1.345071e-29  6.065599e-30  2.722184e-30  1.695862e-31  0.000000e+00  0.000000e+00  0.000000e+00  0.000000e+00  0.000000e+00  0.000000e+00  0.000000e+00  7.564793e-31  7.608485e-29  1.738101e-28  4.391864e-29  1.084619e-28  3.249493e-29  1.460191e-29  2.375713e-30  5.192351e-31  4.887231e-32  3.828283e-31  2.415015e-31  1.644375e-31  2.213944e-30  1.458413e-29  9.842587e-29  6.947391e-29  6.274015e-29  6.825688e-29  2.851848e-29  6.560378e-30  2.429488e-30  1.766117e-30  9.506131e-31  4.800417e-31  0.000000e+00  0.000000e+00  0.000000e+00  0.000000e+00  0.000000e+00  0.000000e+00  7.863608e-31  5.821151e-30  1.245965e-29  1.132268e-29  2.737956e-29  3.846282e-29  1.309954e-29  2.367440e-30  1.060624e-30  6.659303e-32  0.000000e+00  0.000000e+00  0.000000e+00  0.000000e+00  0.000000e+00  0.000000e+00  0.000000e+00  0.000000e+00  0.000000e+00  0.000000e+00  2.123171e-31  4.490749e-31  1.208232e-31  3.085868e-31  2.230121e-31  8.395300e-32  3.812006e-32  3.959362e-28  4.266753e-26  1.148933e-26  2.000633e-26  1.926262e-26  1.524633e-26  1.842152e-27  1.330033e-27  2.499665e-28  1.655653e-28  4.067922e-29  9.431529e-29  3.932299e-29  7.246902e-26  1.172482e-25  3.824442e-26  6.421269e-26  3.159544e-26  1.042937e-26  1.064484e-26  3.097472e-27  1.848957e-27  8.907377e-28  4.286969e-28  1.458968e-28  5.094962e-28  1.025121e-27  8.069991e-27  2.064056e-26  4.917204e-27  1.539314e-26  9.549866e-27  4.993829e-27  2.472907e-27  4.178466e-28  5.334540e-28  7.835862e-28  5.160986e-28  1.225202e-27  5.524758e-28  6.797574e-28  5.107066e-28  3.567312e-28  1.933357e-28  8.226993e-29  3.285163e-29  1.466960e-29  1.346604e-29  4.234966e-30  3.581170e-30  7.367181e-30  2.397958e-30  4.017219e-29  3.242777e-29  8.555748e-29  1.907759e-28  2.517181e-28  3.787483e-28  2.164122e-28  3.002027e-28  4.647689e-28  1.704914e-28  1.371176e-28  2.534912e-29  8.739314e-30
0.000000e+00  0.000000e+00  0.000000e+00  0.000000e+00  0.000000e+00  0.000000e+00  0.000000e+00  0.000000e+00  0.000000e+00  0.000000e+00  0.000000e+00  0.000000e+00  0.000000e+00  0.000000e+00  0.000000e+00  0.000000e+00  0.000000e+00  0.000000e+00  0.000000e+00  0.000000e+00  0.000000e+00  0.000000e+00  0.000000e+00  0.000000e+00  0.000000e+00  0.000000e+00  0.000000e+00  0.000000e+00  0.000000e+00  0.000000e+00  0.000000e+00  0.000000e+00  0.000000e+00  0.000000e+00  0.000000e+00  0.000000e+00  0.000000e+00  0.000000e+00  0.000000e+00  0.000000e+00  0.000000e+00  0.000000e+00  0.000000e+00  0.000000e+00  0.000000e+00  0.000000e+00  0.000000e+00  0.000000e+00  0.000000e+00  0.000000e+00  0.000000e+00  0.000000e+00  0.000000e+00  0.000000e+00  0.000000e+00  0.000000e+00  0.000000e+00  0.000000e+00  0.000000e+00  0.000000e+00  0.000000e+00  0.000000e+00  0.000000e+00  0.000000e+00  0.000000e+00  0.000000e+00  0.000000e+00  0.000000e+00  0.000000e+00  0.000000e+00  0.000000e+00  0.000000e+00  0.000000e+00  0.000000e+00  0.000000e+00  0.000000e+00  0.000000e+00  0.000000e+00  0.000000e+00  0.000000e+00  0.000000e+00  0.000000e+00  0.000000e+00  0.000000e+00  0.000000e+00  0.000000e+00  0.000000e+00  0.000000e+00  0.000000e+00  0.000000e+00  0.000000e+00  0.000000e+00  0.000000e+00  0.000000e+00  0.000000e+00  0.000000e+00  0.000000e+00  0.000000e+00  0.000000e+00  0.000000e+00  0.000000e+00  0.000000e+00  0.000000e+00  0.000000e+00  0.000000e+00  0.000000e+00  0.000000e+00  0.000000e+00  0.000000e+00  0.000000e+00  0.000000e+00  0.000000e+00  0.000000e+00  0.000000e+00  0.000000e+00  0.000000e+00  0.000000e+00  0.000000e+00  0.000000e+00  0.000000e+00  0.000000e+00  0.000000e+00  0.000000e+00  0.000000e+00  0.000000e+00  0.000000e+00  0.000000e+00  0.000000e+00  0.000000e+00  0.000000e+00  0.000000e+00  0.000000e+00  0.000000e+00  0.000000e+00  0.000000e+00  0.000000e+00  0.000000e+00  0.000000e+00  0.000000e+00  0.000000e+00  0.000000e+00  0.000000e+00  0.000000e+00  0.000000e+00  0.000000e+00  0.000000e+00  0.000000e+00  0.000000e+00  0.000000e+00  0.000000e+00  0.000000e+00  0.000000e+00  0.000000e+00  0.000000e+00  0.000000e+00  0.000000e+00  0.000000e+00  0.000000e+00  0.000000e+00  0.000000e+00  0.000000e+00  0.000000e+00  0.000000e+00  0.000000e+00  0.000000e+00  0.000000e+00  0.000000e+00  0.000000e+00  0.000000e+00  0.000000e+00  0.000000e+00  0.000000e+00  0.000000e+00  0.000000e+00  0.000000e+00  0.000000e+00  0.000000e+00  0.000000e+00  0.000000e+00  0.000000e+00  0.000000e+00  0.000000e+00  0.000000e+00  0.000000e+00  0.000000e+00  0.000000e+00  0.000000e+00  0.000000e+00  0.000000e+00  0.000000e+00  0.000000e+00  0.000000e+00  0.000000e+00  0.000000e+00  0.000000e+00  0.000000e+00  0.000000e+00  0.000000e+00  0.000000e+00  0.000000e+00  0.000000e+00  0.000000e+00  0.000000e+00  0.000000e+00  0.000000e+00  0.000000e+00  0.000000e+00  0.000000e+00  0.000000e+00  0.000000e+00  0.000000e+00  0.000000e+00  0.000000e+00  0.000000e+00  0.000000e+00  0.000000e+00  0.000000e+00  0.000000e+00  0.000000e+00  0.000000e+00  0.000000e+00  0.000000e+00  0.000000e+00  0.000000e+00  0.000000e+00  0.000000e+00  0.000000e+00  0.000000e+00  0.000000e+00  0.000000e+00  0.000000e+00  0.000000e+00  0.000000e+00  0.000000e+00  0.000000e+00  3.131640e-31  2.272997e-31  0.000000e+00  0.000000e+00  0.000000e+00  0.000000e+00  0.000000e+00  0.000000e+00  0.000000e+00  0.000000e+00  0.000000e+00  0.000000e+00  0.000000e+00  0.000000e+00  0.000000e+00  0.000000e+00  0.000000e+00  0.000000e+00  4.750448e-30  1.172459e-30  1.264293e-31  7.991329e-31  7.619572e-31  1.356319e-31  0.000000e+00  0.000000e+00  0.000000e+00  0.000000e+00  0.000000e+00  0.000000e+00  0.000000e+00  0.000000e+00  0.000000e+00  0.000000e+00  0.000000e+00  0.000000e+00  0.000000e+00  0.000000e+00  0.000000e+00  0.000000e+00  6.400546e-30  1.515609e-30  1.176447e-31  0.000000e+00  6.311907e-30  5.197969e-30  1.543100e-30  8.266145e-32  0.000000e+00  5.501203e-31  8.104528e-31  2.712952e-31  0.000000e+00  0.000000e+00  0.000000e+00  0.000000e+00  0.000000e+00  0.000000e+00  0.000000e+00  0.000000e+00  0.000000e+00  0.000000e+00  0.000000e+00  1.256199e-29  4.604242e-30  8.552066e-31  1.282122e-31  0.000000e+00  0.000000e+00  0.000000e+00  0.000000e+00  0.000000e+00  0.000000e+00  0.000000e+00  0.000000e+00  0.000000e+00  0.000000e+00  0.000000e+00  0.000000e+00  0.000000e+00  0.000000e+00  0.000000e+00  0.000000e+00  0.000000e+00  0.000000e+00  1.183956e-29  9.629250e-30  3.973138e-30  2.557298e-31  0.000000e+00  0.000000e+00  9.204637e-29  5.438827e-29  1.511418e-29  2.102069e-30  2.091399e-31  4.002046e-29  2.290815e-29  6.242569e-30  8.574141e-31  7.912547e-31  4.323219e-31  1.080915e-32  1.993986e-30  7.156114e-31  5.423291e-31  0.000000e+00  0.000000e+00  0.000000e+00  0.000000e+00  0.000000e+00  0.000000e+00  0.000000e+00  0.000000e+00  0.000000e+00  0.000000e+00  0.000000e+00  0.000000e+00  0.000000e+00  0.000000e+00  0.000000e+00  0.000000e+00  0.000000e+00  0.000000e+00  0.000000e+00  0.000000e+00  0.000000e+00  0.000000e+00  0.000000e+00  0.000000e+00  0.000000e+00  0.000000e+00  0.000000e+00  0.000000e+00  0.000000e+00  0.000000e+00  0.000000e+00  0.000000e+00  0.000000e+00  0.000000e+00  0.000000e+00  0.000000e+00  0.000000e+00  0.000000e+00  0.000000e+00  1.203573e-28  2.440410e-28  1.942325e-28  4.498671e-29  6.315803e-30  1.034220e-30  5.050212e-28  2.889207e-28  1.493456e-28  4.544615e-29  1.187915e-29  5.698202e-30  1.219992e-30  6.508395e-29  3.461685e-29  1.884329e-29  3.274041e-30  5.397677e-31  5.936941e-30  3.561553e-30  2.355305e-30  5.398545e-31  1.672493e-32  8.772824e-31  3.219477e-30  1.625391e-30  5.261713e-31  6.529334e-32  0.000000e+00  0.000000e+00  0.000000e+00  0.000000e+00  0.000000e+00  0.000000e+00  0.000000e+00  0.000000e+00  0.000000e+00  0.000000e+00  0.000000e+00  0.000000e+00  0.000000e+00  0.000000e+00  0.000000e+00  0.000000e+00  0.000000e+00  0.000000e+00  0.000000e+00  0.000000e+00  0.000000e+00  0.000000e+00  0.000000e+00  0.000000e+00  0.000000e+00  0.000000e+00  0.000000e+00  0.000000e+00  0.000000e+00  0.000000e+00  0.000000e+00  0.000000e+00  0.000000e+00  0.000000e+00  0.000000e+00  0.000000e+00  0.000000e+00  0.000000e+00  0.000000e+00  0.000000e+00  0.000000e+00  0.000000e+00  0.000000e+00  0.000000e+00  2.910370e-27  1.471755e-27  1.557157e-27  4.078453e-28  1.179734e-28  4.249078e-29  2.837851e-29  1.869793e-27  7.989524e-28  3.099449e-28  1.097329e-28  1.740931e-29  5.004449e-29  2.537430e-29  1.049074e-29  6.249333e-30  1.853576e-30  6.349909e-31  3.461001e-31  1.280306e-31  1.832368e-29  3.049761e-29  1.548389e-29  1.007716e-29  2.138376e-30  7.991898e-31  1.760484e-30  2.796382e-30  9.607954e-30  4.249397e-30  3.749272e-30  5.233588e-31  1.833870e-31  0.000000e+00  0.000000e+00  0.000000e+00  0.000000e+00  0.000000e+00  1.657410e-29  1.486785e-29  9.105641e-30  3.563248e-30  1.304032e-30  1.655166e-31  0.000000e+00  0.000000e+00  0.000000e+00  4.157986e-29  2.790420e-29  2.743009e-29  7.334185e-30  2.320286e-30  4.964552e-31  5.630861e-32  0.000000e+00  0.000000e+00  3.141547e-30  1.898261e-29  1.049744e-29  6.980923e-30  1.523181e-30  2.500510e-31  1.628599e-35  0.000000e+00  0.000000e+00  0.000000e+00  0.000000e+00  0.000000e+00  0.000000e+00  0.000000e+00  0.000000e+00  0.000000e+00  0.000000e+00  0.000000e+00  0.000000e+00  0.000000e+00  0.000000e+00  0.000000e+00  0.000000e+00  0.000000e+00  0.000000e+00  3.887627e-31  9.626085e-31  6.266968e-31  6.631906e-31  0.000000e+00  0.000000e+00  1.621361e-26  5.981901e-27  5.203000e-27  4.989520e-27  1.474173e-27  5.618626e-28  3.489616e-28  2.129307e-28  1.311738e-28  3.972838e-29  2.202378e-29  6.183343e-30  3.453084e-30  1.246888e-30  2.128236e-31  4.030558e-32  9.972420e-32  3.914556e-31  1.051400e-30  1.779254e-31  6.241657e-31  0.000000e+00  0.000000e+00  0.000000e+00  8.920893e-29  1.186928e-28  4.156244e-29  3.987226e-29  1.963058e-29  6.959877e-30  1.929120e-30  2.815851e-30  1.424805e-30  2.565597e-31  9.874168e-32  0.000000e+00  0.000000e+00  0.000000e+00  0.000000e+00  5.695013e-30  3.536861e-28  1.465203e-28  1.917473e-28  1.153539e-28  2.797670e-29  9.829995e-30  1.094736e-30  1.837286e-31  2.266434e-32  0.000000e+00  1.273197e-31  2.269249e-29  1.652726e-27  1.411045e-27  1.482659e-27  1.032556e-27  4.436499e-28  1.940703e-28  2.723695e-29  7.440126e-30  2.132774e-30  8.464942e-31  9.436080e-28  1.370744e-27  5.726686e-28  8.303178e-28  3.623758e-28  1.459804e-28  4.630516e-29  1.716138e-29  1.581822e-29  6.843265e-30  3.187480e-29  8.079383e-30  2.256103e-29  1.316052e-29  9.008555e-29  4.191902e-29  3.069056e-29  6.973175e-29  2.583333e-29  8.643952e-30  1.736129e-30  1.273771e-29  5.572701e-30  8.295613e-30  6.352310e-30  1.717421e-30  3.391891e-31  0.000000e+00  0.000000e+00  0.000000e+00  0.000000e+00  4.069242e-31  1.023364e-30  1.127288e-29  4.048805e-29  9.877930e-30  1.220597e-29  5.725986e-30  2.864030e-30  1.651952e-31  0.000000e+00  0.000000e+00  0.000000e+00  0.000000e+00  0.000000e+00  0.000000e+00  0.000000e+00  7.805724e-31  7.977839e-29  1.813536e-28  4.335825e-29  1.108549e-28  3.000274e-29  1.424653e-29  2.347409e-30  5.569327e-31  5.243606e-32  4.208692e-31  2.430401e-31  1.542360e-31  2.308502e-30  1.496114e-29  1.016922e-28  7.061222e-29  6.484090e-29  7.156759e-29  2.919412e-29  6.510395e-30  2.630307e-30  1.835965e-30  9.722295e-31  5.415631e-31  0.000000e+00  0.000000e+00  0.000000e+00  0.000000e+00  0.000000e+00  0.000000e+00  8.058734e-31  6.000369e-30  1.257849e-29  1.143008e-29  2.608068e-29  3.863655e-29  1.347131e-29  2.378015e-30  1.167659e-30  5.905802e-32  0.000000e+00  0.000000e+00  0.000000e+00  0.000000e+00  0.000000e+00  0.000000e+00  0.000000e+00  0.000000e+00  0.000000e+00  0.000000e+00  2.277867e-31  4.641756e-31  1.306336e-31  3.294144e-31  2.441557e-31  9.114213e-32  4.508560e-32  3.398582e-28  4.210363e-26  1.107739e-26  1.999938e-26  2.000397e-26  1.595938e-26  1.612142e-27  1.312220e-27  2.670084e-28  1.773441e-28  4.043773e-29  9.258062e-29  3.959359e-29  7.454859e-26  1.207422e-25  4.079878e-26  6.432303e-26  2.968526e-26  9.046322e-27  1.145259e-26  2.967280e-27  1.916854e-27  9.342006e-28  4.639565e-28  1.537859e-28  5.122283e-28  1.030230e-27  7.929141e-27  2.059843e-26  4.589167e-27  1.620667e-26  9.396332e-27  5.055490e-27  2.570099e-27  3.847403e-28  5.428158e-28  8.188471e-28  5.281799e-28  1.199526e-27  5.622536e-28  6.934974e-28  5.057543e-28  3.633290e-28  1.901045e-28  8.786107e-29  3.450362e-29  1.493798e-29  1.444416e-29  4.618149e-30  3.731297e-30  7.619473e-30  2.517476e-30  3.986757e-29  3.224434e-29  8.534884e-29  2.009038e-28  2.442594e-28  3.403153e-28  1.984512e-28  2.965834e-28  4.785099e-28  1.620771e-28  1.369733e-28  2.636842e-29  9.156120e-30
0.000000e+00  0.000000e+00  0.000000e+00  0.000000e+00  0.000000e+00  0.000000e+00  0.000000e+00  0.000000e+00  0.000000e+00  0.000000e+00  0.000000e+00  0.000000e+00  0.000000e+00  0.000000e+00  0.000000e+00  0.000000e+00  0.000000e+00  0.000000e+00  0.000000e+00  0.000000e+00  0.000000e+00  0.000000e+00  0.000000e+00  0.000000e+00  0.000000e+00  0.000000e+00  0.000000e+00  0.000000e+00  0.000000e+00  0.000000e+00  0.000000e+00  0.000000e+00  0.000000e+00  0.000000e+00  0.000000e+00  0.000000e+00  0.000000e+00  0.000000e+00  0.000000e+00  0.000000e+00  0.000000e+00  0.000000e+00  0.000000e+00  0.000000e+00  0.000000e+00  0.000000e+00  0.000000e+00  0.000000e+00  0.000000e+00  0.000000e+00  0.000000e+00  0.000000e+00  0.000000e+00  0.000000e+00  0.000000e+00  0.000000e+00  0.000000e+00  0.000000e+00  0.000000e+00  0.000000e+00  0.000000e+00  0.000000e+00  0.000000e+00  0.000000e+00  0.000000e+00  0.000000e+00  0.000000e+00  0.000000e+00  0.000000e+00  0.000000e+00  0.000000e+00  0.000000e+00  0.000000e+00  0.000000e+00  0.000000e+00  0.000000e+00  0.000000e+00  0.000000e+00  0.000000e+00  0.000000e+00  0.000000e+00  0.000000e+00  0.000000e+00  0.000000e+00  0.000000e+00  0.000000e+00  0.000000e+00  0.000000e+00  0.000000e+00  0.000000e+00  0.000000e+00  0.000000e+00  0.000000e+00  0.000000e+00  0.000000e+00  0.000000e+00  0.000000e+00  0.000000e+00  0.000000e+00  0.000000e+00  0.000000e+00  0.000000e+00  0.000000e+00  0.000000e+00  0.000000e+00  0.000000e+00  0.000000e+00  0.000000e+00  0.000000e+00  0.000000e+00  0.000000e+00  0.000000e+00  0.000000e+00  0.000000e+00  0.000000e+00  0.000000e+00  0.000000e+00  0.000000e+00  0.000000e+00  0.000000e+00  0.000000e+00  0.000000e+00  0.000000e+00  0.000000e+00  0.000000e+00  0.000000e+00  0.000000e+00  0.000000e+00  0.000000e+00  0.000000e+00  0.000000e+00  0.000000e+00  0.000000e+00  0.000000e+00  0.000000e+00  0.000000e+00  0.000000e+00  0.000000e+00  0.000000e+00  0.000000e+00  0.000000e+00  0.000000e+00  0.000000e+00  0.000000e+00  0.000000e+00  0.000000e+00  0.000000e+00  0.000000e+00  0.000000e+00  0.000000e+00  0.000000e+00  0.000000e+00  0.000000e+00  0.000000e+00  0.000000e+00  0.000000e+00  0.000000e+00  0.000000e+00  0.000000e+00  0.000000e+00  0.000000e+00  0.000000e+00  0.000000e+00  0.000000e+00  0.000000e+00  0.000000e+00  0.000000e+00  0.000000e+00  0.000000e+00  0.000000e+00  0.000000e+00  0.000000e+00  0.000000e+00  0.000000e+00  0.000000e+00  0.000000e+00  0.000000e+00  0.000000e+00  0.000000e+00  0.000000e+00  0.000000e+00  0.000000e+00  0.000000e+00  0.000000e+00  0.000000e+00  0.000000e+00  0.000000e+00  0.000000e+00  0.000000e+00  0.000000e+00  0.000000e+00  0.000000e+00  0.000000e+00  0.000000e+00  0.000000e+00  0.000000e+00  0.000000e+00  0.000000e+00  0.000000e+00  0.000000e+00  0.000000e+00  0.000000e+00  0.000000e+00  0.000000e+00  0.000000e+00  0.000000e+00  0.000000e+00  0.000000e+00  0.000000e+00  0.000000e+00  0.000000e+00  0.000000e+00  0.000000e+00  0.000000e+00  0.000000e+00  0.000000e+00  0.000000e+00  0.000000e+00  0.000000e+00  0.000000e+00  0.000000e+00  0.000000e+00  0.000000e+00  0.000000e+00  0.000000e+00  0.000000e+00  0.000000e+00  0.000000e+00  0.000000e+00  0.000000e+00  0.000000e+00  0.000000e+00  0.000000e+00  0.000000e+00  0.000000e+00  3.155613e-31  2.288145e-31  0.000000e+00  0.000000e+00  0.000000e+00  0.000000e+00  0.000000e+00  0.000000e+00  0.000000e+00  0.000000e+00  0.000000e+00  0.000000e+00  0.000000e+00  0.000000e+00  0.000000e+00  0.000000e+00  0.000000e+00  0.000000e+00  4.784177e-30  1.180682e-30  1.293808e-31  7.909540e-31  7.628339e-31  1.390416e-31  0.000000e+00  0.000000e+00  0.000000e+00  0.000000e+00  0.000000e+00  0.000000e+00  0.000000e+00  0.000000e+00  0.000000e+00  0.000000e+00  0.000000e+00  0.000000e+00  0.000000e+00  0.000000e+00  0.000000e+00  0.000000e+00  6.396154e-30  1.513570e-30  1.232678e-31  0.000000e+00  6.252514e-30  5.261937e-30  1.579998e-30  8.449025e-32  0.000000e+00  5.540059e-31  7.963782e-31  2.634856e-31  0.000000e+00  0.000000e+00  0.000000e+00  0.000000e+00  0.000000e+00  0.000000e+00  0.000000e+00  0.000000e+00  0.000000e+00  0.000000e+00  0.000000e+00  1.259048e-29  4.514263e-30  8.322898e-31  1.295719e-31  0.000000e+00  0.000000e+00  0.000000e+00  0.000000e+00  0.000000e+00  0.000000e+00  0.000000e+00  0.000000e+00  0.000000e+00  0.000000e+00  0.000000e+00  0.000000e+00  0.000000e+00  0.000000e+00  0.000000e+00  0.000000e+00  0.000000e+00  0.000000e+00  1.163411e-29  9.699436e-30  4.082711e-30  2.621228e-31  0.000000e+00  0.000000e+00  9.355576e-29  5.559364e-29  1.568029e-29  2.194635e-30  2.176936e-31  4.044576e-29  2.302626e-29  6.341923e-30  8.694214e-31  8.216108e-31  4.586404e-31  1.148725e-32  2.018620e-30  6.595047e-31  5.538361e-31  0.000000e+00  0.000000e+00  0.000000e+00  0.000000e+00  0.000000e+00  0.000000e+00  0.000000e+00  0.000000e+00  0.000000e+00  0.000000e+00  0.000000e+00  0.000000e+00  0.000000e+00  0.000000e+00  0.000000e+00  0.000000e+00  0.000000e+00  0.000000e+00  0.000000e+00  0.000000e+00  0.000000e+00  0.000000e+00  0.000000e+00  0.000000e+00  0.000000e+00  0.000000e+00  0.000000e+00  0.000000e+00  0.000000e+00  0.000000e+00  0.000000e+00  0.000000e+00  0.000000e+00  0.000000e+00  0.000000e+00  0.000000e+00  0.000000e+00  0.000000e+00  0.000000e+00  1.223969e-28  2.382880e-28  1.958822e-28  4.708306e-29  6.357444e-30  1.094303e-30  5.003124e-28  2.862988e-28  1.484018e-28  4.689977e-29  1.226312e-29  5.944885e-30  1.264939e-30  6.502511e-29  3.404686e-29  1.925496e-29  3.404028e-30  5.764654e-31  5.930178e-30  3.609323e-30  2.442544e-30  5.636575e-31  1.644293e-32  8.821844e-31  3.202240e-30  1.628412e-30  5.431677e-31  6.676328e-32  0.000000e+00  0.000000e+00  0.000000e+00  0.000000e+00  0.000000e+00  0.000000e+00  0.000000e+00  0.000000e+00  0.000000e+00  0.000000e+00  0.000000e+00  0.000000e+00  0.000000e+00  0.000000e+00  0.000000e+00  0.000000e+00  0.000000e+00  0.000000e+00  0.000000e+00  0.000000e+00  0.000000e+00  0.000000e+00  0.000000e+00  0.000000e+00  0.000000e+00  0.000000e+00  0.000000e+00  0.000000e+00  0.000000e+00  0.000000e+00  0.000000e+00  0.000000e+00  0.000000e+00  0.000000e+00  0.000000e+00  0.000000e+00  0.000000e+00  0.000000e+00  0.000000e+00  0.000000e+00  0.000000e+00  0.000000e+00  0.000000e+00  0.000000e+00  2.929390e-27  1.448776e-27  1.574746e-27  4.070236e-28  1.138586e-28  4.406530e-29  2.459376e-29  1.891667e-27  7.957888e-28  3.123630e-28  1.136386e-28  1.721496e-29  5.204925e-29  2.571672e-29  1.037880e-29  6.468406e-30  1.913244e-30  6.872002e-31  3.798854e-31  1.420396e-31  1.847003e-29  3.092665e-29  1.484073e-29  1.028671e-29  2.146209e-30  8.169182e-31  1.823880e-30  2.800939e-30  9.486053e-30  4.161777e-30  3.880964e-30  5.115544e-31  1.918148e-31  0.000000e+00  0.000000e+00  0.000000e+00  0.000000e+00  0.000000e+00  1.667243e-29  1.534750e-29  8.828303e-30  3.567874e-30  1.381402e-30  1.804498e-31  0.000000e+00  0.000000e+00  0.000000e+00  4.127515e-29  2.855927e-29  2.739194e-29  7.261060e-30  2.349518e-30  5.191539e-31  5.965792e-32  0.000000e+00  0.000000e+00  3.002575e-30  1.943189e-29  1.053829e-29  7.160503e-30  1.539252e-30  2.559032e-31  1.675132e-35  0.000000e+00  0.000000e+00  0.000000e+00  0.000000e+00  0.000000e+00  0.000000e+00  0.000000e+00  0.000000e+00  0.000000e+00  0.000000e+00  0.000000e+00  0.000000e+00  0.000000e+00  0.000000e+00  0.000000e+00  0.000000e+00  0.000000e+00  0.000000e+00  3.708282e-31  9.438365e-31  6.029542e-31  6.466988e-31  0.000000e+00  0.000000e+00  1.641031e-26  6.150397e-27  4.816478e-27  5.270563e-27  1.512837e-27  5.613914e-28  3.719481e-28  2.198308e-28  1.405342e-28  4.038064e-29  2.351666e-29  6.443850e-30  3.781084e-30  1.305427e-30  2.302985e-31  4.259912e-32  1.106819e-31  3.968424e-31  1.052959e-30  1.516296e-31  6.205881e-31  0.000000e+00  0.000000e+00  0.000000e+00  9.186384e-29  1.222881e-28  3.722858e-29  4.008996e-29  1.982345e-29  6.825646e-30  1.842139e-30  2.946431e-30  1.535379e-30  2.451394e-31  1.047584e-31  0.000000e+00  0.000000e+00  0.000000e+00  0.000000e+00  6.041675e-30  3.660126e-28  1.412125e-28  1.899358e-28  1.149638e-28  2.685910e-29  1.040157e-29  1.094594e-30  1.993191e-31  2.450681e-32  0.000000e+00  1.338812e-31  2.345973e-29  1.692598e-27  1.419746e-27  1.516943e-27  1.045514e-27  4.567457e-28  2.078444e-28  2.822500e-29  7.786811e-30  2.217674e-30  8.871767e-31  9.624068e-28  1.356044e-27  5.438622e-28  8.439405e-28  3.609047e-28  1.533348e-28  4.760649e-29  1.774838e-29  1.606528e-29  7.089405e-30  3.211856e-29  8.196618e-30  2.261123e-29  1.345738e-29  8.760558e-29  4.023445e-29  2.680592e-29  7.317018e-29  2.677557e-29  9.350624e-30  1.882540e-30  1.294313e-29  5.640653e-30  8.598479e-30  6.589534e-30  1.754828e-30  3.356742e-31  0.000000e+00  0.000000e+00  0.000000e+00  0.000000e+00  4.384735e-31  1.036518e-30  1.130064e-29  4.204095e-29  9.626629e-30  1.114703e-29  5.448721e-30  3.002046e-30  1.618596e-31  0.000000e+00  0.000000e+00  0.000000e+00  0.000000e+00  0.000000e+00  0.000000e+00  0.000000e+00  8.110967e-31  8.309257e-29  1.874781e-28  4.279433e-29  1.125557e-28  2.812244e-29  1.395482e-29  2.332321e-30  5.969246e-31  5.602652e-32  4.631832e-31  2.475051e-31  1.463822e-31  2.395436e-30  1.532258e-29  1.043265e-28  7.127190e-29  6.644250e-29  7.434424e-29  2.976463e-29  6.496352e-30  2.826569e-30  1.908593e-30  9.948093e-31  6.034975e-31  0.000000e+00  0.000000e+00  0.000000e+00  0.000000e+00  0.000000e+00  0.000000e+00  8.270997e-31  6.148100e-30  1.267090e-29  1.153003e-29  2.504052e-29  3.881800e-29  1.378094e-29  2.393650e-30  1.264472e-30  5.270962e-32  0.000000e+00  0.000000e+00  0.000000e+00  0.000000e+00  0.000000e+00  0.000000e+00  0.000000e+00  0.000000e+00  0.000000e+00  0.000000e+00  2.452147e-31  4.826892e-31  1.411248e-31  3.512487e-31  2.665399e-31  9.954304e-32  5.272203e-32  2.934996e-28  4.158011e-26  1.077086e-26  1.991832e-26  2.068073e-26  1.651295e-26  1.424498e-27  1.299319e-27  2.855179e-28  1.889521e-28  4.037949e-29  9.129076e-29  3.991701e-29  7.633963e-26  1.236397e-25  4.287149e-26  6.424255e-26  2.801917e-26  7.931971e-27  1.223925e-26  2.872194e-27  1.994493e-27  9.796022e-28  5.016104e-28  1.622808e-28  5.158814e-28  1.033995e-27  7.799567e-27  2.055523e-26  4.327788e-27  1.687503e-26  9.209704e-27  5.080950e-27  2.668153e-27  3.565375e-28  5.542989e-28  8.514015e-28  5.387735e-28  1.176034e-27  5.740344e-28  7.070298e-28  5.017467e-28  3.686640e-28  1.876907e-28  9.311666e-29  3.621760e-29  1.532853e-29  1.547807e-29  5.029835e-30  3.889830e-30  7.856568e-30  2.660442e-30  3.983476e-29  3.214775e-29  8.512637e-29  2.096352e-28  2.381096e-28  3.074535e-28  1.821706e-28  2.921343e-28  4.908690e-28  1.553772e-28  1.366445e-28  2.733635e-29  9.569151e-30
0.000000e+00  0.000000e+00  0.000000e+00  0.000000e+00  0.000000e+00  0.000000e+00  0.000000e+00  0.000000e+00  0.000000e+00  0.000000e+00  0.000000e+00  0.000000e+00  0.000000e+00  0.000000e+00  0.000000e+00  0.000000e+00  0.000000e+00  0.000000e+00  0.000000e+00  0.000000e+00  0.000000e+00  0.000000e+00  0.000000e+00  0.000000e+00  0.000000e+00  0.000000e+00  0.000000e+00  0.000000e+00  0.000000e+00  0.000000e+00  0.000000e+00  0.000000e+00  0.000000e+00  0.000000e+00  0.000000e+00  0.000000e+00  0.000000e+00  0.000000e+00  0.000000e+00  0.000000e+00  0.000000e+00  0.000000e+00  0.000000e+00  0.000000e+00  0.000000e+00  0.000000e+00  0.000000e+00  0.000000e+00  0.000000e+00  0.000000e+00  0.000000e+00  0.000000e+00  0.000000e+00  0.000000e+00  0.000000e+00  0.000000e+00  0.000000e+00  0.000000e+00  0.000000e+00  0.000000e+00  0.000000e+00  0.000000e+00  0.000000e+00  0.000000e+00  0.000000e+00  0.000000e+00  0.000000e+00  0.000000e+00  0.000000e+00  0.000000e+00  0.000000e+00  0.000000e+00  0.000000e+00  0.000000e+00  0.000000e+00  0.000000e+00  0.000000e+00  0.000000e+00  0.000000e+00  0.000000e+00  0.000000e+00  0.000000e+00  0.000000e+00  0.000000e+00  0.000000e+00  0.000000e+00  0.000000e+00  0.000000e+00  0.000000e+00  0.000000e+00  0.000000e+00  0.000000e+00  0.000000e+00  0.000000e+00  0.000000e+00  0.000000e+00  0.000000e+00  0.000000e+00  0.000000e+00  0.000000e+00  0.000000e+00  0.000000e+00  0.000000e+00  0.000000e+00  0.000000e+00  0.000000e+00  0.000000e+00  0.000000e+00  0.000000e+00  0.000000e+00  0.000000e+00  0.000000e+00  0.000000e+00  0.000000e+00  0.000000e+00  0.000000e+00  0.000000e+00  0.000000e+00  0.000000e+00  0.000000e+00  0.000000e+00  0.000000e+00  0.000000e+00  0.000000e+00  0.000000e+00  0.000000e+00  0.000000e+00  0.000000e+00  0.000000e+00  0.000000e+00  0.000000e+00  0.000000e+00  0.000000e+00  0.000000e+00  0.000000e+00  0.000000e+00  0.000000e+00  0.000000e+00  0.000000e+00  0.000000e+00  0.000000e+00  0.000000e+00  0.000000e+00  0.000000e+00  0.000000e+00  0.000000e+00  0.000000e+00  0.000000e+00  0.000000e+00  0.000000e+00  0.000000e+00  0.000000e+00  0.000000e+00  0.000000e+00  0.000000e+00  0.000000e+00  0.000000e+00  0.000000e+00  0.000000e+00  0.000000e+00  0.000000e+00  0.000000e+00  0.000000e+00  0.000000e+00  0.000000e+00  0.000000e+00  0.000000e+00  0.000000e+00  0.000000e+00  0.000000e+00  0.000000e+00  0.000000e+00  0.000000e+00  0.000000e+00  0.000000e+00  0.000000e+00  0.000000e+00  0.000000e+00  0.000000e+00  0.000000e+00  0.000000e+00  0.000000e+00  0.000000e+00  0.000000e+00  0.000000e+00  0.000000e+00  0.000000e+00  0.000000e+00  0.000000e+00  0.000000e+00  0.000000e+00  0.000000e+00  0.000000e+00  0.000000e+00  0.000000e+00  0.000000e+00  0.000000e+00  0.000000e+00  0.000000e+00  0.000000e+00  0.000000e+00  0.000000e+00  0.000000e+00  0.000000e+00  0.000000e+00  0.000000e+00  0.000000e+00  0.000000e+00  0.000000e+00  0.000000e+00  0.000000e+00  0.000000e+00  0.000000e+00  0.000000e+00  0.000000e+00  0.000000e+00  0.000000e+00  0.000000e+00  0.000000e+00  0.000000e+00  0.000000e+00  0.000000e+00  0.000000e+00  0.000000e+00  0.000000e+00  0.000000e+00  0.000000e+00  0.000000e+00  0.000000e+00  0.000000e+00  0.000000e+00  0.000000e+00  0.000000e+00  0.000000e+00  0.000000e+00  3.170334e-31  2.295523e-31  0.000000e+00  0.000000e+00  0.000000e+00  0.000000e+00  0.000000e+00  0.000000e+00  0.000000e+00  0.000000e+00  0.000000e+00  0.000000e+00  0.000000e+00  0.000000e+00  0.000000e+00  0.000000e+00  0.000000e+00  0.000000e+00  4.804554e-30  1.187869e-30  1.326123e-31  7.842380e-31  7.619218e-31  1.419408e-31  0.000000e+00  0.000000e+00  0.000000e+00  0.000000e+00  0.000000e+00  0.000000e+00  0.000000e+00  0.000000e+00  0.000000e+00  0.000000e+00  0.000000e+00  0.000000e+00  0.000000e+00  0.000000e+00  0.000000e+00  0.000000e+00  6.380921e-30  1.512766e-30  1.283580e-31  0.000000e+00  6.202080e-30  5.300410e-30  1.614645e-30  8.665350e-32  0.000000e+00  5.572030e-31  7.833114e-31  2.579241e-31  0.000000e+00  0.000000e+00  0.000000e+00  0.000000e+00  0.000000e+00  0.000000e+00  0.000000e+00  0.000000e+00  0.000000e+00  0.000000e+00  0.000000e+00  1.259632e-29  4.441001e-30  8.184213e-31  1.318214e-31  0.000000e+00  0.000000e+00  0.000000e+00  0.000000e+00  0.000000e+00  0.000000e+00  0.000000e+00  0.000000e+00  0.000000e+00  0.000000e+00  0.000000e+00  0.000000e+00  0.000000e+00  0.000000e+00  0.000000e+00  0.000000e+00  0.000000e+00  0.000000e+00  1.147904e-29  9.737721e-30  4.181243e-30  2.699833e-31  0.000000e+00  0.000000e+00  9.462481e-29  5.645990e-29  1.619432e-29  2.293583e-30  2.284407e-31  4.073864e-29  2.308397e-29  6.443444e-30  8.880635e-31  8.550623e-31  4.860313e-31  1.225249e-32  2.036337e-30  6.148992e-31  5.637568e-31  0.000000e+00  0.000000e+00  0.000000e+00  0.000000e+00  0.000000e+00  0.000000e+00  0.000000e+00  0.000000e+00  0.000000e+00  0.000000e+00  0.000000e+00  0.000000e+00  0.000000e+00  0.000000e+00  0.000000e+00  0.000000e+00  0.000000e+00  0.000000e+00  0.000000e+00  0.000000e+00  0.000000e+00  0.000000e+00  0.000000e+00  0.000000e+00  0.000000e+00  0.000000e+00  0.000000e+00  0.000000e+00  0.000000e+00  0.000000e+00  0.000000e+00  0.000000e+00  0.000000e+00  0.000000e+00  0.000000e+00  0.000000e+00  0.000000e+00  0.000000e+00  0.000000e+00  1.241160e-28  2.334722e-28  1.970298e-28  4.901887e-29  6.470202e-30  1.161695e-30  4.962582e-28  2.837109e-28  1.477282e-28  4.840457e-29  1.271303e-29  6.223191e-30  1.325326e-30  6.500476e-29  3.354398e-29  1.959361e-29  3.534674e-30  6.149603e-31  5.944258e-30  3.655383e-30  2.518053e-30  5.855160e-31  1.637298e-32  8.867089e-31  3.183623e-30  1.629912e-30  5.587870e-31  6.844431e-32  0.000000e+00  0.000000e+00  0.000000e+00  0.000000e+00  0.000000e+00  0.000000e+00  0.000000e+00  0.000000e+00  0.000000e+00  0.000000e+00  0.000000e+00  0.000000e+00  0.000000e+00  0.000000e+00  0.000000e+00  0.000000e+00  0.000000e+00  0.000000e+00  0.000000e+00  0.000000e+00  0.000000e+00  0.000000e+00  0.000000e+00  0.000000e+00  0.000000e+00  0.000000e+00  0.000000e+00  0.000000e+00  0.000000e+00  0.000000e+00  0.000000e+00  0.000000e+00  0.000000e+00  0.000000e+00  0.000000e+00  0.000000e+00  0.000000e+00  0.000000e+00  0.000000e+00  0.000000e+00  0.000000e+00  0.000000e+00  0.000000e+00  0.000000e+00  2.944090e-27  1.427733e-27  1.587487e-27  4.085424e-28  1.114474e-28  4.587194e-29  2.185764e-29  1.906836e-27  7.921508e-28  3.150634e-28  1.172802e-28  1.717294e-29  5.429246e-29  2.620819e-29  1.037598e-29  6.723494e-30  1.984178e-30  7.454673e-31  4.182496e-31  1.580608e-31  1.857366e-29  3.118544e-29  1.430083e-29  1.046273e-29  2.163536e-30  8.412191e-31  1.879907e-30  2.800132e-30  9.380638e-30  4.089013e-30  3.986562e-30  5.034834e-31  2.001302e-31  0.000000e+00  0.000000e+00  0.000000e+00  0.000000e+00  0.000000e+00  1.674527e-29  1.567453e-29  8.601415e-30  3.575029e-30  1.452673e-30  1.951481e-31  0.000000e+00  0.000000e+00  0.000000e+00  4.100972e-29  2.898828e-29  2.731469e-29  7.222586e-30  2.388846e-30  5.434805e-31  6.318596e-32  0.000000e+00  0.000000e+00  2.906777e-30  1.975566e-29  1.053668e-29  7.299525e-30  1.559289e-30  2.639012e-31  1.285342e-35  0.000000e+00  0.000000e+00  0.000000e+00  0.000000e+00  0.000000e+00  0.000000e+00  0.000000e+00  0.000000e+00  0.000000e+00  0.000000e+00  0.000000e+00  0.000000e+00  0.000000e+00  0.000000e+00  0.000000e+00  0.000000e+00  0.000000e+00  0.000000e+00  3.566851e-31  9.271795e-31  5.818589e-31  6.333931e-31  0.000000e+00  0.000000e+00  1.656229e-26  6.263839e-27  4.500364e-27  5.499417e-27  1.548705e-27  5.662960e-28  3.944762e-28  2.275848e-28  1.501338e-28  4.133052e-29  2.520785e-29  6.772961e-30  4.151512e-30  1.382209e-30  2.530346e-31  4.596392e-32  1.234695e-31  4.019341e-31  1.056134e-30  1.323500e-31  6.190372e-31  0.000000e+00  0.000000e+00  0.000000e+00  9.413144e-29  1.249171e-28  3.372739e-29  4.032160e-29  2.003673e-29  6.778784e-30  1.784234e-30  3.084782e-30  1.648875e-30  2.386382e-31  1.118543e-31  0.000000e+00  0.000000e+00  0.000000e+00  0.000000e+00  6.417331e-30  3.759841e-28  1.369435e-28  1.879649e-28  1.146167e-28  2.614376e-29  1.095983e-29  1.109115e-30  2.168212e-31  2.668883e-32  0.000000e+00  1.411819e-31  2.420217e-29  1.727055e-27  1.423913e-27  1.540474e-27  1.054901e-27  4.680465e-28  2.204397e-28  2.938027e-29  8.194750e-30  2.324159e-30  9.380532e-31  9.798407e-28  1.340746e-27  5.193681e-28  8.546110e-28  3.600065e-28  1.602494e-28  4.907347e-29  1.840865e-29  1.641993e-29  7.406351e-30  3.235718e-29  8.310907e-30  2.263324e-29  1.371496e-29  8.571028e-29  3.880076e-29  2.368080e-29  7.594284e-29  2.761632e-29  9.996094e-30  2.027164e-30  1.316682e-29  5.702177e-30  8.857830e-30  6.799472e-30  1.803149e-30  3.381902e-31  0.000000e+00  0.000000e+00  0.000000e+00  0.000000e+00  4.701787e-31  1.055736e-30  1.135561e-29  4.317824e-29  9.389460e-30  1.028468e-29  5.237581e-30  3.135545e-30  1.604453e-31  0.000000e+00  0.000000e+00  0.000000e+00  0.000000e+00  0.000000e+00  0.000000e+00  0.000000e+00  8.523549e-31  8.602261e-29  1.920592e-28  4.223468e-29  1.136034e-28  2.677361e-29  1.376712e-29  2.340071e-30  6.409330e-31  6.003238e-32  5.123709e-31  2.564824e-31  1.419450e-31  2.481088e-30  1.567898e-29  1.063587e-28  7.151212e-29  6.751100e-29  7.653259e-29  3.027527e-29  6.534301e-30  3.021924e-30  1.988628e-30  1.023325e-30  6.671952e-31  0.000000e+00  0.000000e+00  0.000000e+00  0.000000e+00  0.000000e+00  0.000000e+00  8.512364e-31  6.269494e-30  1.272981e-29  1.163440e-29  2.422915e-29  3.896382e-29  1.404312e-29  2.414404e-30  1.350167e-30  4.779329e-32  0.000000e+00  0.000000e+00  0.000000e+00  0.000000e+00  0.000000e+00  0.000000e+00  0.000000e+00  0.000000e+00  0.000000e+00  0.000000e+00  2.663718e-31  5.076247e-31  1.529880e-31  3.764381e-31  2.918304e-31  1.097440e-31  6.132210e-32  2.577137e-28  4.116226e-26  1.053920e-26  1.978661e-26  2.123891e-26  1.694506e-26  1.280453e-27  1.295939e-27  3.053426e-28  2.011492e-28  4.069927e-29  9.038381e-29  4.038988e-29  7.793547e-26  1.257774e-25  4.439503e-26  6.399118e-26  2.665572e-26  7.087405e-27  1.298143e-26  2.819202e-27  2.084855e-27  1.030706e-27  5.425443e-28  1.721976e-28  5.205461e-28  1.037538e-27  7.706996e-27  2.050450e-26  4.121769e-27  1.737745e-26  9.025117e-27  5.091335e-27  2.761833e-27  3.346422e-28  5.701143e-28  8.847167e-28  5.489525e-28  1.157501e-27  5.890600e-28  7.196958e-28  4.993480e-28  3.735471e-28  1.864960e-28  9.819645e-29  3.808296e-29  1.589685e-29  1.662163e-29  5.492364e-30  4.077401e-30  8.092999e-30  2.837915e-30  4.012193e-29  3.222376e-29  8.508004e-29  2.170651e-28  2.336347e-28  2.807883e-28  1.682809e-28  2.873939e-28  5.009425e-28  1.504806e-28  1.364884e-28  2.833071e-29  9.997994e-30
0.000000e+00  0.000000e+00  0.000000e+00  0.000000e+00  0.000000e+00  0.000000e+00  0.000000e+00  0.000000e+00  0.000000e+00  0.000000e+00  0.000000e+00  0.000000e+00  0.000000e+00  0.000000e+00  0.000000e+00  0.000000e+00  0.000000e+00  0.000000e+00  0.000000e+00  0.000000e+00  0.000000e+00  0.000000e+00  0.000000e+00  0.000000e+00  0.000000e+00  0.000000e+00  0.000000e+00  0.000000e+00  0.000000e+00  0.000000e+00  0.000000e+00  0.000000e+00  0.000000e+00  0.000000e+00  0.000000e+00  0.000000e+00  0.000000e+00  0.000000e+00  0.000000e+00  0.000000e+00  0.000000e+00  0.000000e+00  0.000000e+00  0.000000e+00  0.000000e+00  0.000000e+00  0.000000e+00  0.000000e+00  0.000000e+00  0.000000e+00  0.000000e+00  0.000000e+00  0.000000e+00  0.000000e+00  0.000000e+00  0.000000e+00  0.000000e+00  0.000000e+00  0.000000e+00  0.000000e+00  0.000000e+00  0.000000e+00  0.000000e+00  0.000000e+00  0.000000e+00  0.000000e+00  0.000000e+00  0.000000e+00  0.000000e+00  0.000000e+00  0.000000e+00  0.000000e+00  0.000000e+00  0.000000e+00  0.000000e+00  0.000000e+00  0.000000e+00  0.000000e+00  0.000000e+00  0.000000e+00  0.000000e+00  0.000000e+00  0.000000e+00  0.000000e+00  0.000000e+00  0.000000e+00  0.000000e+00  0.000000e+00  0.000000e+00  0.000000e+00  0.000000e+00  0.000000e+00  0.000000e+00  0.000000e+00  0.000000e+00  0.000000e+00  0.000000e+00  0.000000e+00  0.000000e+00  0.000000e+00  0.000000e+00  0.000000e+00  0.000000e+00  0.000000e+00  0.000000e+00  0.000000e+00  0.000000e+00  0.000000e+00  0.000000e+00  0.000000e+00  0.000000e+00  0.000000e+00  0.000000e+00  0.000000e+00  0.000000e+00  0.000000e+00  0.000000e+00  0.000000e+00  0.000000e+00  0.000000e+00  0.000000e+00  0.000000e+00  0.000000e+00  0.000000e+00  0.000000e+00  0.000000e+00  0.000000e+00  0.000000e+00  0.000000e+00  0.000000e+00  0.000000e+00  0.000000e+00  0.000000e+00  0.000000e+00  0.000000e+00  0.000000e+00  0.000000e+00  0.000000e+00  0.000000e+00  0.000000e+00  0.000000e+00  0.000000e+00  0.000000e+00  0.000000e+00  0.000000e+00  0.000000e+00  0.000000e+00  0.000000e+00  0.000000e+00  0.000000e+00  0.000000e+00  0.000000e+00  0.000000e+00  0.000000e+00  0.000000e+00  0.000000e+00  0.000000e+00  0.000000e+00  0.000000e+00  0.000000e+00  0.000000e+00  0.000000e+00  0.000000e+00  0.000000e+00  0.000000e+00  0.000000e+00  0.000000e+00  0.000000e+00  0.000000e+00  0.000000e+00  0.000000e+00  0.000000e+00  0.000000e+00  0.000000e+00  0.000000e+00  0.000000e+00  0.000000e+00  0.000000e+00  0.000000e+00  0.000000e+00  0.000000e+00  0.000000e+00  0.000000e+00  0.000000e+00  0.000000e+00  0.000000e+00  0.000000e+00  0.000000e+00  0.000000e+00  0.000000e+00  0.000000e+00  0.000000e+00  0.000000e+00  0.000000e+00  0.000000e+00  0.000000e+00  0.000000e+00  0.000000e+00  0.000000e+00  0.000000e+00  0.000000e+00  0.000000e+00  0.000000e+00  0.000000e+00  0.000000e+00  0.000000e+00  0.000000e+00  0.000000e+00  0.000000e+00  0.000000e+00  0.000000e+00  0.000000e+00  0.000000e+00  0.000000e+00  0.000000e+00  0.000000e+00  0.000000e+00  0.000000e+00  0.000000e+00  0.000000e+00  0.000000e+00  0.000000e+00  0.000000e+00  0.000000e+00  0.000000e+00  0.000000e+00  0.000000e+00  0.000000e+00  0.000000e+00  0.000000e+00  0.000000e+00  0.000000e+00  0.000000e+00  0.000000e+00  0.000000e+00  3.168867e-31  2.290308e-31  0.000000e+00  0.000000e+00  0.000000e+00  0.000000e+00  0.000000e+00  0.000000e+00  0.000000e+00  0.000000e+00  0.000000e+00  0.000000e+00  0.000000e+00  0.000000e+00  0.000000e+00  0.000000e+00  0.000000e+00  0.000000e+00  4.803085e-30  1.195787e-30  1.376066e-31  7.778171e-31  7.576014e-31  1.448973e-31  0.000000e+00  0.000000e+00  0.000000e+00  0.000000e+00  0.000000e+00  0.000000e+00  0.000000e+00  0.000000e+00  0.000000e+00  0.000000e+00  0.000000e+00  0.000000e+00  0.000000e+00  0.000000e+00  0.000000e+00  0.000000e+00  6.341562e-30  1.515918e-30  1.340968e-31  0.000000e+00  6.156193e-30  5.297634e-30  1.655932e-30  9.051310e-32  0.000000e+00  5.601786e-31  7.687770e-31  2.550692e-31  0.000000e+00  0.000000e+00  0.000000e+00  0.000000e+00  0.000000e+00  0.000000e+00  0.000000e+00  0.000000e+00  0.000000e+00  0.000000e+00  0.000000e+00  1.255705e-29  4.381801e-30  8.201523e-31  1.372898e-31  0.000000e+00  0.000000e+00  0.000000e+00  0.000000e+00  0.000000e+00  0.000000e+00  0.000000e+00  0.000000e+00  0.000000e+00  0.000000e+00  0.000000e+00  0.000000e+00  0.000000e+00  0.000000e+00  0.000000e+00  0.000000e+00  0.000000e+00  0.000000e+00  1.138015e-29  9.718066e-30  4.285123e-30  2.838228e-31  0.000000e+00  0.000000e+00  9.512860e-29  5.688560e-29  1.676601e-29  2.442878e-30  2.483553e-31  4.088177e-29  2.302617e-29  6.582012e-30  9.294757e-31  9.079804e-31  5.249833e-31  1.346749e-32  2.045437e-30  5.800384e-31  5.736855e-31  0.000000e+00  0.000000e+00  0.000000e+00  0.000000e+00  0.000000e+00  0.000000e+00  0.000000e+00  0.000000e+00  0.000000e+00  0.000000e+00  0.000000e+00  0.000000e+00  0.000000e+00  0.000000e+00  0.000000e+00  0.000000e+00  0.000000e+00  0.000000e+00  0.000000e+00  0.000000e+00  0.000000e+00  0.000000e+00  0.000000e+00  0.000000e+00  0.000000e+00  0.000000e+00  0.000000e+00  0.000000e+00  0.000000e+00  0.000000e+00  0.000000e+00  0.000000e+00  0.000000e+00  0.000000e+00  0.000000e+00  0.000000e+00  0.000000e+00  0.000000e+00  0.000000e+00  1.256707e-28  2.292521e-28  1.977891e-28  5.119853e-29  6.781938e-30  1.271409e-30  4.922364e-28  2.802613e-28  1.477406e-28  5.058259e-29  1.347239e-29  6.680689e-30  1.446784e-30  6.504464e-29  3.299571e-29  1.991632e-29  3.707284e-30  6.692868e-31  6.014674e-30  3.717146e-30  2.594684e-30  6.110681e-31  1.677977e-32  8.933572e-31  3.156070e-30  1.626259e-30  5.758411e-31  7.108067e-32  0.000000e+00  0.000000e+00  0.000000e+00  0.000000e+00  0.000000e+00  0.000000e+00  0.000000e+00  0.000000e+00  0.000000e+00  0.000000e+00  0.000000e+00  0.000000e+00  0.000000e+00  0.000000e+00  0.000000e+00  0.000000e+00  0.000000e+00  0.000000e+00  0.000000e+00  0.000000e+00  0.000000e+00  0.000000e+00  0.000000e+00  0.000000e+00  0.000000e+00  0.000000e+00  0.000000e+00  0.000000e+00  0.000000e+00  0.000000e+00  0.000000e+00  0.000000e+00  0.000000e+00  0.000000e+00  0.000000e+00  0.000000e+00  0.000000e+00  0.000000e+00  0.000000e+00  0.000000e+00  0.000000e+00  0.000000e+00  0.000000e+00  0.000000e+00  2.952262e-27  1.403055e-27  1.594235e-27  4.153743e-28  1.123329e-28  4.893240e-29  2.036713e-29  1.914087e-27  7.866613e-28  3.184208e-28  1.216238e-28  1.760219e-29  5.796019e-29  2.722958e-29  1.066869e-29  7.151253e-30  2.112926e-30  8.385699e-31  4.808194e-31  1.844358e-31  1.864191e-29  3.120010e-29  1.382769e-29  1.064258e-29  2.212744e-30  8.876464e-31  1.940047e-30  2.785979e-30  9.275241e-30  4.022692e-30  4.070706e-30  5.021252e-31  2.109533e-31  0.000000e+00  0.000000e+00  0.000000e+00  0.000000e+00  0.000000e+00  1.679488e-29  1.578051e-29  8.416174e-30  3.599601e-30  1.534365e-30  2.138132e-31  0.000000e+00  0.000000e+00  0.000000e+00  4.084635e-29  2.905285e-29  2.716122e-29  7.226626e-30  2.466401e-30  5.796442e-31  6.847843e-32  0.000000e+00  0.000000e+00  2.876507e-30  1.991094e-29  1.046120e-29  7.397579e-30  1.595017e-30  2.787332e-31  1.010641e-35  0.000000e+00  0.000000e+00  0.000000e+00  0.000000e+00  0.000000e+00  0.000000e+00  0.000000e+00  0.000000e+00  0.000000e+00  0.000000e+00  0.000000e+00  0.000000e+00  0.000000e+00  0.000000e+00  0.000000e+00  0.000000e+00  0.000000e+00  0.000000e+00  3.472518e-31  9.093256e-31  5.625174e-31  6.244622e-31  0.000000e+00  0.000000e+00  1.666237e-26  6.295925e-27  4.254245e-27  5.688481e-27  1.594413e-27  5.872365e-28  4.234803e-28  2.396591e-28  1.631786e-28  4.341493e-29  2.796893e-29  7.406022e-30  4.747979e-30  1.535695e-30  2.974603e-31  5.369272e-32  1.450747e-31  4.090415e-31  1.065263e-30  1.209805e-31  6.206609e-31  0.000000e+00  0.000000e+00  0.000000e+00  9.603591e-29  1.261643e-28  3.094574e-29  4.054294e-29  2.032373e-29  6.932644e-30  1.785062e-30  3.290801e-30  1.805513e-30  2.440360e-31  1.239903e-31  0.000000e+00  0.000000e+00  0.000000e+00  0.000000e+00  6.994324e-30  3.841449e-28  1.329299e-28  1.856157e-28  1.144099e-28  2.603648e-29  1.166148e-29  1.166477e-30  2.445269e-31  3.042694e-32  0.000000e+00  1.531896e-31  2.508013e-29  1.757930e-27  1.415834e-27  1.549603e-27  1.061906e-27  4.801728e-28  2.344414e-28  3.134479e-29  8.887237e-30  2.528980e-30  1.032901e-30  9.990725e-28  1.321454e-27  4.976542e-28  8.606932e-28  3.612784e-28  1.688438e-28  5.166390e-29  1.946449e-29  1.726433e-29  8.019853e-30  3.268489e-29  8.458901e-30  2.257809e-29  1.398966e-29  8.447437e-29  3.749608e-29  2.123365e-29  7.796657e-29  2.849187e-29  1.071295e-29  2.217060e-30  1.352182e-29  5.782432e-30  9.108999e-30  7.034680e-30  1.895425e-30  3.564590e-31  0.000000e+00  0.000000e+00  0.000000e+00  0.000000e+00  5.125788e-31  1.098196e-30  1.149630e-29  4.381628e-29  9.140883e-30  9.585296e-30  5.111581e-30  3.294184e-30  1.645659e-31  0.000000e+00  0.000000e+00  0.000000e+00  0.000000e+00  0.000000e+00  0.000000e+00  0.000000e+00  9.369049e-31  8.899526e-29  1.946039e-28  4.154549e-29  1.137689e-28  2.594968e-29  1.382946e-29  2.418088e-30  7.082992e-31  6.685644e-32  5.937511e-31  2.811258e-31  1.465635e-31  2.601699e-30  1.615195e-29  1.078670e-28  7.112070e-29  6.777930e-29  7.806607e-29  3.090152e-29  6.723734e-30  3.272742e-30  2.114688e-30  1.083527e-30  7.530463e-31  0.000000e+00  0.000000e+00  0.000000e+00  0.000000e+00  0.000000e+00  0.000000e+00  8.903905e-31  6.383412e-30  1.272497e-29  1.179384e-29  2.359530e-29  3.897989e-29  1.432153e-29  2.452220e-30  1.434533e-30  4.510835e-32  0.000000e+00  0.000000e+00  0.000000e+00  0.000000e+00  0.000000e+00  0.000000e+00  0.000000e+00  0.000000e+00  0.000000e+00  0.000000e+00  3.049484e-31  5.600727e-31  1.723038e-31  4.210699e-31  3.335298e-31  1.275770e-31  7.456386e-32  2.358581e-28  4.095688e-26  1.032383e-26  1.955734e-26  2.161250e-26  1.733741e-26  1.189013e-27  1.321119e-27  3.326507e-28  2.194991e-28  4.237892e-29  8.986154e-29  4.147430e-29  7.976257e-26  1.266476e-25  4.515214e-26  6.339895e-26  2.562615e-26  6.554682e-27  1.378486e-26  2.849466e-27  2.229295e-27  1.115555e-27  6.024385e-28  1.895730e-28  5.289966e-28  1.043806e-27  7.714206e-27  2.040215e-26  3.937564e-27  1.764988e-26  8.865799e-27  5.120668e-27  2.862317e-27  3.235347e-28  6.043217e-28  9.365808e-28  5.636936e-28  1.150212e-27  6.166968e-28  7.332710e-28  5.007507e-28  3.809056e-28  1.881541e-28  1.046268e-28  4.092719e-29  1.711652e-29  1.839946e-29  6.224487e-30  4.425553e-30  8.428550e-30  3.156208e-30  4.119032e-29  3.285193e-29  8.573344e-29  2.241568e-28  2.317132e-28  2.598191e-28  1.567476e-28  2.820487e-28  5.074090e-28  1.477572e-28  1.374176e-28  2.980415e-29  1.061452e-29
0.000000e+00  0.000000e+00  0.000000e+00  0.000000e+00  0.000000e+00  0.000000e+00  0.000000e+00  0.000000e+00  0.000000e+00  0.000000e+00  0.000000e+00  0.000000e+00  0.000000e+00  0.000000e+00  0.000000e+00  0.000000e+00  0.000000e+00  0.000000e+00  0.000000e+00  0.000000e+00  0.000000e+00  0.000000e+00  0.000000e+00  0.000000e+00  0.000000e+00  0.000000e+00  0.000000e+00  0.000000e+00  0.000000e+00  0.000000e+00  0.000000e+00  0.000000e+00  0.000000e+00  0.000000e+00  0.000000e+00  0.000000e+00  0.000000e+00  0.000000e+00  0.000000e+00  0.000000e+00  0.000000e+00  0.000000e+00  0.000000e+00  0.000000e+00  0.000000e+00  0.000000e+00  0.000000e+00  0.000000e+00  0.000000e+00  0.000000e+00  0.000000e+00  0.000000e+00  0.000000e+00  0.000000e+00  0.000000e+00  0.000000e+00  0.000000e+00  0.000000e+00  0.000000e+00  0.000000e+00  0.000000e+00  0.000000e+00  0.000000e+00  0.000000e+00  0.000000e+00  0.000000e+00  0.000000e+00  0.000000e+00  0.000000e+00  0.000000e+00  0.000000e+00  0.000000e+00  0.000000e+00  0.000000e+00  0.000000e+00  0.000000e+00  0.000000e+00  0.000000e+00  0.000000e+00  0.000000e+00  0.000000e+00  0.000000e+00  0.000000e+00  0.000000e+00  0.000000e+00  0.000000e+00  0.000000e+00  0.000000e+00  0.000000e+00  0.000000e+00  0.000000e+00  0.000000e+00  0.000000e+00  0.000000e+00  0.000000e+00  0.000000e+00  0.000000e+00  0.000000e+00  0.000000e+00  0.000000e+00  0.000000e+00  0.000000e+00  0.000000e+00  0.000000e+00  0.000000e+00  0.000000e+00  0.000000e+00  0.000000e+00  0.000000e+00  0.000000e+00  0.000000e+00  0.000000e+00  0.000000e+00  0.000000e+00  0.000000e+00  0.000000e+00  0.000000e+00  0.000000e+00  0.000000e+00  0.000000e+00  0.000000e+00  0.000000e+00  0.000000e+00  0.000000e+00  0.000000e+00  0.000000e+00  0.000000e+00  0.000000e+00  0.000000e+00  0.000000e+00  0.000000e+00  0.000000e+00  0.000000e+00  0.000000e+00  0.000000e+00  0.000000e+00  0.000000e+00  0.000000e+00  0.000000e+00  0.000000e+00  0.000000e+00  0.000000e+00  0.000000e+00  0.000000e+00  0.000000e+00  0.000000e+00  0.000000e+00  0.000000e+00  0.000000e+00  0.000000e+00  0.000000e+00  0.000000e+00  0.000000e+00  0.000000e+00  0.000000e+00  0.000000e+00  0.000000e+00  0.000000e+00  0.000000e+00  0.000000e+00  0.000000e+00  0.000000e+00  0.000000e+00  0.000000e+00  0.000000e+00  0.000000e+00  0.000000e+00  0.000000e+00  0.000000e+00  0.000000e+00  0.000000e+00  0.000000e+00  0.000000e+00  0.000000e+00  0.000000e+00  0.000000e+00  0.000000e+00  0.000000e+00  0.000000e+00  0.000000e+00  0.000000e+00  0.000000e+00  0.000000e+00  0.000000e+00  0.000000e+00  0.000000e+00  0.000000e+00  0.000000e+00  0.000000e+00  0.000000e+00  0.000000e+00  0.000000e+00  0.000000e+00  0.000000e+00  0.000000e+00  0.000000e+00  0.000000e+00  0.000000e+00  0.000000e+00  0.000000e+00  0.000000e+00  0.000000e+00  0.000000e+00  0.000000e+00  0.000000e+00  0.000000e+00  0.000000e+00  0.000000e+00  0.000000e+00  0.000000e+00  0.000000e+00  0.000000e+00  0.000000e+00  0.000000e+00  0.000000e+00  0.000000e+00  0.000000e+00  0.000000e+00  0.000000e+00  0.000000e+00  0.000000e+00  0.000000e+00  0.000000e+00  0.000000e+00  0.000000e+00  0.000000e+00  0.000000e+00  0.000000e+00  0.000000e+00  0.000000e+00  0.000000e+00  0.000000e+00  0.000000e+00  0.000000e+00  0.000000e+00  3.141581e-31  2.265230e-31  0.000000e+00  0.000000e+00  0.000000e+00  0.000000e+00  0.000000e+00  0.000000e+00  0.000000e+00  0.000000e+00  0.000000e+00  0.000000e+00  0.000000e+00  0.000000e+00  0.000000e+00  0.000000e+00  0.000000e+00  0.000000e+00  4.767593e-30  1.205563e-30  1.461613e-31  7.702946e-31  7.475004e-31  1.483914e-31  0.000000e+00  0.000000e+00  0.000000e+00  0.000000e+00  0.000000e+00  0.000000e+00  0.000000e+00  0.000000e+00  0.000000e+00  0.000000e+00  0.000000e+00  0.000000e+00  0.000000e+00  0.000000e+00  0.000000e+00  0.000000e+00  6.260021e-30  1.525140e-30  1.417895e-31  0.000000e+00  6.109388e-30  5.232402e-30  1.713294e-30  9.779593e-32  0.000000e+00  5.630933e-31  7.498044e-31  2.555420e-31  0.000000e+00  0.000000e+00  0.000000e+00  0.000000e+00  0.000000e+00  0.000000e+00  0.000000e+00  0.000000e+00  0.000000e+00  0.000000e+00  0.000000e+00  1.244333e-29  4.333008e-30  8.456862e-31  1.489975e-31  0.000000e+00  0.000000e+00  0.000000e+00  0.000000e+00  0.000000e+00  0.000000e+00  0.000000e+00  0.000000e+00  0.000000e+00  0.000000e+00  0.000000e+00  0.000000e+00  0.000000e+00  0.000000e+00  0.000000e+00  0.000000e+00  0.000000e+00  0.000000e+00  1.134581e-29  9.607302e-30  4.411307e-30  3.097284e-31  0.000000e+00  0.000000e+00  9.487278e-29  5.670587e-29  1.751956e-29  2.701932e-30  2.880941e-31  4.083059e-29  2.277878e-29  6.795357e-30  1.015533e-30  1.002510e-30  5.902830e-31  1.569443e-32  2.042615e-30  5.537195e-31  5.849878e-31  0.000000e+00  0.000000e+00  0.000000e+00  0.000000e+00  0.000000e+00  0.000000e+00  0.000000e+00  0.000000e+00  0.000000e+00  0.000000e+00  0.000000e+00  0.000000e+00  0.000000e+00  0.000000e+00  0.000000e+00  0.000000e+00  0.000000e+00  0.000000e+00  0.000000e+00  0.000000e+00  0.000000e+00  0.000000e+00  0.000000e+00  0.000000e+00  0.000000e+00  0.000000e+00  0.000000e+00  0.000000e+00  0.000000e+00  0.000000e+00  0.000000e+00  0.000000e+00  0.000000e+00  0.000000e+00  0.000000e+00  0.000000e+00  0.000000e+00  0.000000e+00  0.000000e+00  1.271449e-28  2.253013e-28  1.981702e-28  5.409674e-29  7.473205e-30  1.476828e-30  4.874867e-28  2.749048e-28  1.488057e-28  5.422291e-29  1.487690e-29  7.527925e-30  1.701384e-30  6.517308e-29  3.227708e-29  2.026903e-29  3.973647e-30  7.598833e-31  6.192084e-30  3.818469e-30  2.688320e-30  6.471832e-31  1.802261e-32  9.042599e-31  3.110311e-30  1.612767e-30  5.972914e-31  7.558385e-32  0.000000e+00  0.000000e+00  0.000000e+00  0.000000e+00  0.000000e+00  0.000000e+00  0.000000e+00  0.000000e+00  0.000000e+00  0.000000e+00  0.000000e+00  0.000000e+00  0.000000e+00  0.000000e+00  0.000000e+00  0.000000e+00  0.000000e+00  0.000000e+00  0.000000e+00  0.000000e+00  0.000000e+00  0.000000e+00  0.000000e+00  0.000000e+00  0.000000e+00  0.000000e+00  0.000000e+00  0.000000e+00  0.000000e+00  0.000000e+00  0.000000e+00  0.000000e+00  0.000000e+00  0.000000e+00  0.000000e+00  0.000000e+00  0.000000e+00  0.000000e+00  0.000000e+00  0.000000e+00  0.000000e+00  0.000000e+00  0.000000e+00  0.000000e+00  2.950350e-27  1.368957e-27  1.592504e-27  4.314009e-28  1.185958e-28  5.466834e-29  2.053844e-29  1.911201e-27  7.773632e-28  3.227880e-28  1.277301e-28  1.890161e-29  6.471094e-29  2.930305e-29  1.152580e-29  7.971173e-30  2.373869e-30  1.016015e-30  6.023830e-31  2.365812e-31  1.866848e-29  3.087081e-29  1.338139e-29  1.086292e-29  2.320373e-30  9.778061e-31  2.017454e-30  2.748840e-30  9.151321e-30  3.953489e-30  4.134680e-30  5.104971e-31  2.275812e-31  0.000000e+00  0.000000e+00  0.000000e+00  0.000000e+00  0.000000e+00  1.681610e-29  1.557653e-29  8.262736e-30  3.655805e-30  1.646326e-30  2.424434e-31  0.000000e+00  0.000000e+00  0.000000e+00  4.084134e-29  2.858539e-29  2.687139e-29  7.281384e-30  2.616750e-30  6.416638e-31  7.779538e-32  0.000000e+00  0.000000e+00  2.940927e-30  1.983377e-29  1.026970e-29  7.447419e-30  1.659930e-30  3.068895e-31  8.305752e-36  0.000000e+00  0.000000e+00  0.000000e+00  0.000000e+00  0.000000e+00  0.000000e+00  0.000000e+00  0.000000e+00  0.000000e+00  0.000000e+00  0.000000e+00  0.000000e+00  0.000000e+00  0.000000e+00  0.000000e+00  0.000000e+00  0.000000e+00  0.000000e+00  3.433710e-31  8.865599e-31  5.437299e-31  6.208719e-31  0.000000e+00  0.000000e+00  1.669502e-26  6.212505e-27  4.077876e-27  5.845304e-27  1.663443e-27  6.384536e-28  4.683876e-28  2.609267e-28  1.845383e-28  4.792665e-29  3.328319e-29  8.731830e-30  5.896632e-30  1.869894e-30  3.961223e-31  7.240310e-32  1.888952e-31  4.210580e-31  1.088956e-30  1.203429e-31  6.280670e-31  0.000000e+00  0.000000e+00  0.000000e+00  9.755830e-29  1.255071e-28  2.880033e-29  4.071167e-29  2.073194e-29  7.439067e-30  1.881431e-30  3.645541e-30  2.064454e-30  2.710988e-31  1.475166e-31  0.000000e+00  0.000000e+00  0.000000e+00  0.000000e+00  8.029217e-30  3.908682e-28  1.284223e-28  1.825389e-28  1.144039e-28  2.681441e-29  1.271051e-29  1.306670e-30  2.963444e-31  3.785306e-32  0.000000e+00  1.756923e-31  2.628853e-29  1.786837e-27  1.386695e-27  1.539298e-27  1.066873e-27  4.956673e-28  2.530479e-28  3.504036e-29  1.023768e-29  2.959198e-30  1.229184e-30  1.023501e-27  1.293757e-27  4.770333e-28  8.598493e-28  3.662645e-28  1.817658e-28  5.662926e-29  2.134570e-29  1.911690e-29  9.278867e-30  3.324506e-29  8.719468e-30  2.239765e-29  1.435540e-29  8.400075e-29  3.619360e-29  1.942510e-29  7.908267e-29  2.954445e-29  1.166743e-29  2.519853e-30  1.416778e-29  5.914516e-30  9.398260e-30  7.360343e-30  2.078772e-30  4.057784e-31  0.000000e+00  0.000000e+00  0.000000e+00  0.000000e+00  5.807323e-31  1.185670e-30  1.178727e-29  4.382116e-29  8.851654e-30  9.020532e-30  5.094090e-30  3.514118e-30  1.789788e-31  0.000000e+00  0.000000e+00  0.000000e+00  0.000000e+00  0.000000e+00  0.000000e+00  0.000000e+00  1.117908e-30  9.247816e-29  1.944110e-28  4.058826e-29  1.127102e-28  2.568754e-29  1.431017e-29  2.629423e-30  8.295303e-31  8.038356e-32  7.536169e-31  3.397806e-31  1.688756e-31  2.807193e-30  1.688706e-29  1.088239e-28  6.980959e-29  6.691021e-29  7.880093e-29  3.183056e-29  7.192252e-30  3.657944e-30  2.339644e-30  1.210656e-30  8.938600e-31  0.000000e+00  0.000000e+00  0.000000e+00  0.000000e+00  0.000000e+00  0.000000e+00  9.603315e-31  6.504286e-30  1.261794e-29  1.206591e-29  2.310937e-29  3.875046e-29  1.467840e-29  2.522829e-30  1.529873e-30  4.555800e-32  0.000000e+00  0.000000e+00  0.000000e+00  0.000000e+00  0.000000e+00  0.000000e+00  0.000000e+00  0.000000e+00  0.000000e+00  0.000000e+00  3.855244e-31  6.743556e-31  2.091633e-31  5.117319e-31  4.150402e-31  1.639606e-31  9.988722e-32  2.320300e-28  4.107323e-26  1.007563e-26  1.916702e-26  2.172091e-26  1.776324e-26  1.162431e-27  1.398471e-27  3.768834e-28  2.523682e-28  4.690050e-29  8.978864e-29  4.402386e-29  8.227990e-26  1.256278e-25  4.487036e-26  6.222941e-26  2.497303e-26  6.393486e-27  1.478182e-26  3.017708e-27  2.487113e-27  1.276051e-27  7.065185e-28  2.242498e-28  5.456678e-28  1.057406e-27  7.892577e-27  2.019294e-26  3.745483e-27  1.760953e-26  8.746808e-27  5.200448e-27  2.982378e-27  3.280769e-28  6.768142e-28  1.030192e-27  5.887430e-28  1.162274e-27  6.705710e-28  7.512227e-28  5.091655e-28  3.945786e-28  1.951704e-28  1.145525e-28  4.594962e-29  1.973861e-29  2.166846e-29  7.613884e-30  5.149180e-30  9.042737e-30  3.800164e-30  4.376085e-29  3.455618e-29  8.772458e-29  2.320255e-28  2.334504e-28  2.442667e-28  1.475729e-28  2.756335e-28  5.086331e-28  1.477462e-28  1.404473e-28  3.236300e-29  1.166399e-29
0.000000e+00  0.000000e+00  0.000000e+00  0.000000e+00  0.000000e+00  0.000000e+00  0.000000e+00  0.000000e+00  0.000000e+00  0.000000e+00  0.000000e+00  0.000000e+00  0.000000e+00  0.000000e+00  0.000000e+00  0.000000e+00  0.000000e+00  0.000000e+00  0.000000e+00  0.000000e+00  0.000000e+00  0.000000e+00  0.000000e+00  0.000000e+00  0.000000e+00  0.000000e+00  0.000000e+00  0.000000e+00  0.000000e+00  0.000000e+00  0.000000e+00  0.000000e+00  0.000000e+00  0.000000e+00  0.000000e+00  0.000000e+00  0.000000e+00  0.000000e+00  0.000000e+00  0.000000e+00  0.000000e+00  0.000000e+00  0.000000e+00  0.000000e+00  0.000000e+00  0.000000e+00  0.000000e+00  0.000000e+00  0.000000e+00  0.000000e+00  0.000000e+00  0.000000e+00  0.000000e+00  0.000000e+00  0.000000e+00  0.000000e+00  0.000000e+00  0.000000e+00  0.000000e+00  0.000000e+00  0.000000e+00  0.000000e+00  0.000000e+00  0.000000e+00  0.000000e+00  0.000000e+00  0.000000e+00  0.000000e+00  0.000000e+00  0.000000e+00  0.000000e+00  0.000000e+00  0.000000e+00  0.000000e+00  0.000000e+00  0.000000e+00  0.000000e+00  0.000000e+00  0.000000e+00  0.000000e+00  0.000000e+00  0.000000e+00  0.000000e+00  0.000000e+00  0.000000e+00  0.000000e+00  0.000000e+00  0.000000e+00  0.000000e+00  0.000000e+00  0.000000e+00  0.000000e+00  0.000000e+00  0.000000e+00  0.000000e+00  0.000000e+00  0.000000e+00  0.000000e+00  0.000000e+00  0.000000e+00  0.000000e+00  0.000000e+00  0.000000e+00  0.000000e+00  0.000000e+00  0.000000e+00  0.000000e+00  0.000000e+00  0.000000e+00  0.000000e+00  0.000000e+00  0.000000e+00  0.000000e+00  0.000000e+00  0.000000e+00  0.000000e+00  0.000000e+00  0.000000e+00  0.000000e+00  0.000000e+00  0.000000e+00  0.000000e+00  0.000000e+00  0.000000e+00  0.000000e+00  0.000000e+00  0.000000e+00  0.000000e+00  0.000000e+00  0.000000e+00  0.000000e+00  0.000000e+00  0.000000e+00  0.000000e+00  0.000000e+00  0.000000e+00  0.000000e+00  0.000000e+00  0.000000e+00  0.000000e+00  0.000000e+00  0.000000e+00  0.000000e+00  0.000000e+00  0.000000e+00  0.000000e+00  0.000000e+00  0.000000e+00  0.000000e+00  0.000000e+00  0.000000e+00  0.000000e+00  0.000000e+00  0.000000e+00  0.000000e+00  0.000000e+00  0.000000e+00  0.000000e+00  0.000000e+00  0.000000e+00  0.000000e+00  0.000000e+00  0.000000e+00  0.000000e+00  0.000000e+00  0.000000e+00  0.000000e+00  0.000000e+00  0.000000e+00  0.000000e+00  0.000000e+00  0.000000e+00  0.000000e+00  0.000000e+00  0.000000e+00  0.000000e+00  0.000000e+00  0.000000e+00  0.000000e+00  0.000000e+00  0.000000e+00  0.000000e+00  0.000000e+00  0.000000e+00  0.000000e+00  0.000000e+00  0.000000e+00  0.000000e+00  0.000000e+00  0.000000e+00  0.000000e+00  0.000000e+00  0.000000e+00  0.000000e+00  0.000000e+00  0.000000e+00  0.000000e+00  0.000000e+00  0.000000e+00  0.000000e+00  0.000000e+00  0.000000e+00  0.000000e+00  0.000000e+00  0.000000e+00  0.000000e+00  0.000000e+00  0.000000e+00  0.000000e+00  0.000000e+00  0.000000e+00  0.000000e+00  0.000000e+00  0.000000e+00  0.000000e+00  0.000000e+00  0.000000e+00  0.000000e+00  0.000000e+00  0.000000e+00  0.000000e+00  0.000000e+00  0.000000e+00  0.000000e+00  0.000000e+00  0.000000e+00  0.000000e+00  0.000000e+00  0.000000e+00  0.000000e+00  0.000000e+00  0.000000e+00  0.000000e+00  0.000000e+00  0.000000e+00  3.093387e-31  2.223393e-31  0.000000e+00  0.000000e+00  0.000000e+00  0.000000e+00  0.000000e+00  0.000000e+00  0.000000e+00  0.000000e+00  0.000000e+00  0.000000e+00  0.000000e+00  0.000000e+00  0.000000e+00  0.000000e+00  0.000000e+00  0.000000e+00  4.705195e-30  1.216129e-30  1.582012e-31  7.603001e-31  7.321109e-31  1.524766e-31  0.000000e+00  0.000000e+00  0.000000e+00  0.000000e+00  0.000000e+00  0.000000e+00  0.000000e+00  0.000000e+00  0.000000e+00  0.000000e+00  0.000000e+00  0.000000e+00  0.000000e+00  0.000000e+00  0.000000e+00  0.000000e+00  6.139457e-30  1.536474e-30  1.518019e-31  0.000000e+00  6.050655e-30  5.120958e-30  1.787073e-30  1.084782e-31  0.000000e+00  5.657590e-31  7.250390e-31  2.574494e-31  0.000000e+00  0.000000e+00  0.000000e+00  0.000000e+00  0.000000e+00  0.000000e+00  0.000000e+00  0.000000e+00  0.000000e+00  0.000000e+00  0.000000e+00  1.226675e-29  4.276113e-30  8.872927e-31  1.667737e-31  0.000000e+00  0.000000e+00  0.000000e+00  0.000000e+00  0.000000e+00  0.000000e+00  0.000000e+00  0.000000e+00  0.000000e+00  0.000000e+00  0.000000e+00  0.000000e+00  0.000000e+00  0.000000e+00  0.000000e+00  0.000000e+00  0.000000e+00  0.000000e+00  1.133252e-29  9.429012e-30  4.566416e-30  3.484188e-31  0.000000e+00  0.000000e+00  9.415125e-29  5.613067e-29  1.849941e-29  3.085875e-30  3.521869e-31  4.064754e-29  2.237550e-29  7.075728e-30  1.147040e-30  1.143352e-30  6.878861e-31  1.923301e-32  2.031320e-30  5.269817e-31  5.980302e-31  0.000000e+00  0.000000e+00  0.000000e+00  0.000000e+00  0.000000e+00  0.000000e+00  0.000000e+00  0.000000e+00  0.000000e+00  0.000000e+00  0.000000e+00  0.000000e+00  0.000000e+00  0.000000e+00  0.000000e+00  0.000000e+00  0.000000e+00  0.000000e+00  0.000000e+00  0.000000e+00  0.000000e+00  0.000000e+00  0.000000e+00  0.000000e+00  0.000000e+00  0.000000e+00  0.000000e+00  0.000000e+00  0.000000e+00  0.000000e+00  0.000000e+00  0.000000e+00  0.000000e+00  0.000000e+00  0.000000e+00  0.000000e+00  0.000000e+00  0.000000e+00  0.000000e+00  1.286564e-28  2.208233e-28  1.982943e-28  5.792847e-29  8.555534e-30  1.803700e-30  4.812369e-28  2.676366e-28  1.503352e-28  5.944825e-29  1.699441e-29  8.834606e-30  2.124278e-30  6.536103e-29  3.134085e-29  2.066376e-29  4.345340e-30  8.967962e-31  6.479063e-30  3.969308e-30  2.813623e-30  6.966697e-31  2.001216e-32  9.177791e-31  3.046599e-30  1.590467e-30  6.243519e-31  8.192860e-32  0.000000e+00  0.000000e+00  0.000000e+00  0.000000e+00  0.000000e+00  0.000000e+00  0.000000e+00  0.000000e+00  0.000000e+00  0.000000e+00  0.000000e+00  0.000000e+00  0.000000e+00  0.000000e+00  0.000000e+00  0.000000e+00  0.000000e+00  0.000000e+00  0.000000e+00  0.000000e+00  0.000000e+00  0.000000e+00  0.000000e+00  0.000000e+00  0.000000e+00  0.000000e+00  0.000000e+00  0.000000e+00  0.000000e+00  0.000000e+00  0.000000e+00  0.000000e+00  0.000000e+00  0.000000e+00  0.000000e+00  0.000000e+00  0.000000e+00  0.000000e+00  0.000000e+00  0.000000e+00  0.000000e+00  0.000000e+00  0.000000e+00  0.000000e+00  2.939958e-27  1.325105e-27  1.584138e-27  4.555599e-28  1.290280e-28  6.343848e-29  2.185016e-29  1.902648e-27  7.641490e-28  3.278791e-28  1.357161e-28  2.095069e-29  7.502606e-29  3.247992e-29  1.295623e-29  9.316185e-30  2.810579e-30  1.317693e-30  8.130884e-31  3.294011e-31  1.865244e-29  3.031193e-29  1.286397e-29  1.113334e-29  2.475975e-30  1.114445e-30  2.118263e-30  2.692428e-30  8.991638e-30  3.868572e-30  4.193731e-30  5.235324e-31  2.507515e-31  0.000000e+00  0.000000e+00  0.000000e+00  0.000000e+00  0.000000e+00  1.681034e-29  1.518226e-29  8.090966e-30  3.730711e-30  1.796617e-30  2.845789e-31  0.000000e+00  0.000000e+00  0.000000e+00  4.088130e-29  2.777285e-29  2.643702e-29  7.352689e-30  2.833979e-30  7.335870e-31  9.198519e-32  0.000000e+00  0.000000e+00  3.063513e-30  1.961253e-29  9.983665e-30  7.470295e-30  1.750002e-30  3.492889e-31  5.971933e-36  0.000000e+00  0.000000e+00  0.000000e+00  0.000000e+00  0.000000e+00  0.000000e+00  0.000000e+00  0.000000e+00  0.000000e+00  0.000000e+00  0.000000e+00  0.000000e+00  0.000000e+00  0.000000e+00  0.000000e+00  0.000000e+00  0.000000e+00  0.000000e+00  3.409298e-31  8.571585e-31  5.219316e-31  6.185365e-31  0.000000e+00  0.000000e+00  1.668768e-26  6.059362e-27  3.903413e-27  6.005806e-27  1.755440e-27  7.186434e-28  5.334637e-28  2.928387e-28  2.172784e-28  5.540893e-29  4.229412e-29  1.099666e-29  7.884602e-30  2.470646e-30  5.845995e-31  1.093180e-31  2.691337e-31  4.383343e-31  1.135581e-30  1.286975e-31  6.432775e-31  0.000000e+00  0.000000e+00  0.000000e+00  9.903573e-29  1.237922e-28  2.658939e-29  4.080364e-29  2.122261e-29  8.254855e-30  2.044532e-30  4.171036e-30  2.457917e-30  3.176628e-31  1.861203e-31  0.000000e+00  0.000000e+00  0.000000e+00  0.000000e+00  9.645491e-30  3.977536e-28  1.229499e-28  1.785962e-28  1.143994e-28  2.818926e-29  1.418318e-29  1.532268e-30  3.826102e-31  5.071766e-32  0.000000e+00  2.108063e-31  2.789005e-29  1.818687e-27  1.341704e-27  1.518003e-27  1.070545e-27  5.149869e-28  2.780801e-28  4.077431e-29  1.250638e-29  3.696051e-30  1.568145e-30  1.053997e-27  1.256735e-27  4.535948e-28  8.543914e-28  3.733853e-28  1.999091e-28  6.409008e-29  2.411375e-29  2.202413e-29  1.133928e-29  3.414410e-29  9.201194e-30  2.214643e-29  1.486616e-29  8.374393e-29  3.468970e-29  1.762836e-29  7.983690e-29  3.084913e-29  1.295997e-29  2.973117e-30  1.515902e-29  6.111112e-30  9.783884e-30  7.810411e-30  2.366470e-30  4.908698e-31  0.000000e+00  0.000000e+00  0.000000e+00  0.000000e+00  6.821983e-31  1.314890e-30  1.219421e-29  4.349699e-29  8.498913e-30  8.416111e-30  5.119679e-30  3.808727e-30  2.023906e-31  0.000000e+00  0.000000e+00  0.000000e+00  0.000000e+00  0.000000e+00  0.000000e+00  0.000000e+00  1.426213e-30  9.684300e-29  1.927285e-28  3.939462e-29  1.108410e-28  2.561315e-29  1.507400e-29  2.968488e-30  1.022910e-30  1.029991e-31  1.035042e-30  4.415880e-31  2.093926e-31  3.120746e-30  1.789753e-29  1.095341e-28  6.781335e-29  6.530230e-29  7.919186e-29  3.307211e-29  7.911716e-30  4.218758e-30  2.675840e-30  1.409359e-30  1.114662e-30  0.000000e+00  0.000000e+00  0.000000e+00  0.000000e+00  0.000000e+00  0.000000e+00  1.062247e-30  6.639295e-30  1.243241e-29  1.244169e-29  2.262250e-29  3.832725e-29  1.512938e-29  2.626348e-30  1.652123e-30  4.727274e-32  0.000000e+00  0.000000e+00  0.000000e+00  0.000000e+00  0.000000e+00  0.000000e+00  0.000000e+00  0.000000e+00  0.000000e+00  0.000000e+00  5.290671e-31  8.695015e-31  2.707125e-31  6.658374e-31  5.552580e-31  2.293861e-31  1.464019e-31  2.340821e-28  4.134561e-26  9.781799e-27  1.863327e-26  2.169305e-26  1.826429e-26  1.161065e-27  1.520260e-27  4.436185e-28  3.042092e-28  5.464890e-29  8.995745e-29  4.878118e-29  8.558405e-26  1.234042e-25  4.402629e-26  6.054268e-26  2.437389e-26  6.375349e-27  1.607620e-26  3.291550e-27  2.875848e-27  1.530751e-27  8.719382e-28  2.824018e-28  5.731940e-28  1.081650e-27  8.191962e-27  1.987421e-26  3.518686e-27  1.739787e-26  8.615928e-27  5.313580e-27  3.128483e-27  3.398437e-28  7.919291e-28  1.169731e-27  6.239138e-28  1.188705e-27  7.548384e-28  7.781576e-28  5.245014e-28  4.158823e-28  2.079528e-28  1.292325e-28  5.366480e-29  2.413791e-29  2.703596e-29  1.001168e-29  6.391793e-30  1.013018e-29  4.914448e-30  4.805931e-29  3.734337e-29  9.089021e-29  2.420287e-28  2.370964e-28  2.286101e-28  1.381978e-28  2.677490e-28  5.070557e-28  1.488845e-28  1.451066e-28  3.618577e-29  1.325700e-29
0.000000e+00  0.000000e+00  0.000000e+00  0.000000e+00  0.000000e+00  0.000000e+00  0.000000e+00  0.000000e+00  0.000000e+00  0.000000e+00  0.000000e+00  0.000000e+00  0.000000e+00  0.000000e+00  0.000000e+00  0.000000e+00  0.000000e+00  0.000000e+00  0.000000e+00  0.000000e+00  0.000000e+00  0.000000e+00  0.000000e+00  0.000000e+00  0.000000e+00  0.000000e+00  0.000000e+00  0.000000e+00  0.000000e+00  0.000000e+00  0.000000e+00  0.000000e+00  0.000000e+00  0.000000e+00  0.000000e+00  0.000000e+00  0.000000e+00  0.000000e+00  0.000000e+00  0.000000e+00  0.000000e+00  0.000000e+00  0.000000e+00  0.000000e+00  0.000000e+00  0.000000e+00  0.000000e+00  0.000000e+00  0.000000e+00  0.000000e+00  0.000000e+00  0.000000e+00  0.000000e+00  0.000000e+00  0.000000e+00  0.000000e+00  0.000000e+00  0.000000e+00  0.000000e+00  0.000000e+00  0.000000e+00  0.000000e+00  0.000000e+00  0.000000e+00  0.000000e+00  0.000000e+00  0.000000e+00  0.000000e+00  0.000000e+00  0.000000e+00  0.000000e+00  0.000000e+00  0.000000e+00  0.000000e+00  0.000000e+00  0.000000e+00  0.000000e+00  0.000000e+00  0.000000e+00  0.000000e+00  0.000000e+00  0.000000e+00  0.000000e+00  0.000000e+00  0.000000e+00  0.000000e+00  0.000000e+00  0.000000e+00  0.000000e+00  0.000000e+00  0.000000e+00  0.000000e+00  0.000000e+00  0.000000e+00  0.000000e+00  0.000000e+00  0.000000e+00  0.000000e+00  0.000000e+00  0.000000e+00  0.000000e+00  0.000000e+00  0.000000e+00  0.000000e+00  0.000000e+00  0.000000e+00  0.000000e+00  0.000000e+00  0.000000e+00  0.000000e+00  0.000000e+00  0.000000e+00  0.000000e+00  0.000000e+00  0.000000e+00  0.000000e+00  0.000000e+00  0.000000e+00  0.000000e+00  0.000000e+00  0.000000e+00  0.000000e+00  0.000000e+00  0.000000e+00  0.000000e+00  0.000000e+00  0.000000e+00  0.000000e+00  0.000000e+00  0.000000e+00  0.000000e+00  0.000000e+00  0.000000e+00  0.000000e+00  0.000000e+00  0.000000e+00  0.000000e+00  0.000000e+00  0.000000e+00  0.000000e+00  0.000000e+00  0.000000e+00  0.000000e+00  0.000000e+00  0.000000e+00  0.000000e+00  0.000000e+00  0.000000e+00  0.000000e+00  0.000000e+00  0.000000e+00  0.000000e+00  0.000000e+00  0.000000e+00  0.000000e+00  0.000000e+00  0.000000e+00  0.000000e+00  0.000000e+00  0.000000e+00  0.000000e+00  0.000000e+00  0.000000e+00  0.000000e+00  0.000000e+00  0.000000e+00  0.000000e+00  0.000000e+00  0.000000e+00  0.000000e+00  0.000000e+00  0.000000e+00  0.000000e+00  0.000000e+00  0.000000e+00  0.000000e+00  0.000000e+00  0.000000e+00  0.000000e+00  0.000000e+00  0.000000e+00  0.000000e+00  0.000000e+00  0.000000e+00  0.000000e+00  0.000000e+00  0.000000e+00  0.000000e+00  0.000000e+00  0.000000e+00  0.000000e+00  0.000000e+00  0.000000e+00  0.000000e+00  0.000000e+00  0.000000e+00  0.000000e+00  0.000000e+00  0.000000e+00  0.000000e+00  0.000000e+00  0.000000e+00  0.000000e+00  0.000000e+00  0.000000e+00  0.000000e+00  0.000000e+00  0.000000e+00  0.000000e+00  0.000000e+00  0.000000e+00  0.000000e+00  0.000000e+00  0.000000e+00  0.000000e+00  0.000000e+00  0.000000e+00  0.000000e+00  0.000000e+00  0.000000e+00  0.000000e+00  0.000000e+00  0.000000e+00  0.000000e+00  0.000000e+00  0.000000e+00  0.000000e+00  0.000000e+00  0.000000e+00  0.000000e+00  0.000000e+00  0.000000e+00  0.000000e+00  0.000000e+00  0.000000e+00  3.018878e-31  2.162582e-31  0.000000e+00  0.000000e+00  0.000000e+00  0.000000e+00  0.000000e+00  0.000000e+00  0.000000e+00  0.000000e+00  0.000000e+00  0.000000e+00  0.000000e+00  0.000000e+00  0.000000e+00  0.000000e+00  0.000000e+00  0.000000e+00  4.609255e-30  1.224200e-30  1.728832e-31  7.487891e-31  7.116095e-31  1.561699e-31  0.000000e+00  0.000000e+00  0.000000e+00  0.000000e+00  0.000000e+00  0.000000e+00  0.000000e+00  0.000000e+00  0.000000e+00  0.000000e+00  0.000000e+00  0.000000e+00  0.000000e+00  0.000000e+00  0.000000e+00  0.000000e+00  5.983934e-30  1.548284e-30  1.625801e-31  0.000000e+00  5.990621e-30  4.955067e-30  1.864822e-30  1.224240e-31  0.000000e+00  5.667633e-31  6.976206e-31  2.615587e-31  0.000000e+00  0.000000e+00  0.000000e+00  0.000000e+00  0.000000e+00  0.000000e+00  0.000000e+00  0.000000e+00  0.000000e+00  0.000000e+00  0.000000e+00  1.202522e-29  4.224818e-30  9.483775e-31  1.910238e-31  0.000000e+00  0.000000e+00  0.000000e+00  0.000000e+00  0.000000e+00  0.000000e+00  0.000000e+00  0.000000e+00  0.000000e+00  0.000000e+00  0.000000e+00  0.000000e+00  0.000000e+00  0.000000e+00  0.000000e+00  0.000000e+00  0.000000e+00  0.000000e+00  1.135963e-29  9.174956e-30  4.717818e-30  3.991129e-31  0.000000e+00  0.000000e+00  9.270359e-29  5.491991e-29  1.956039e-29  3.584622e-30  4.455391e-31  4.024695e-29  2.179652e-29  7.383789e-30  1.326878e-30  1.328494e-30  8.154909e-31  2.423163e-32  2.005999e-30  5.099564e-31  6.095227e-31  0.000000e+00  0.000000e+00  0.000000e+00  0.000000e+00  0.000000e+00  0.000000e+00  0.000000e+00  0.000000e+00  0.000000e+00  0.000000e+00  0.000000e+00  0.000000e+00  0.000000e+00  0.000000e+00  0.000000e+00  0.000000e+00  0.000000e+00  0.000000e+00  0.000000e+00  0.000000e+00  0.000000e+00  0.000000e+00  0.000000e+00  0.000000e+00  0.000000e+00  0.000000e+00  0.000000e+00  0.000000e+00  0.000000e+00  0.000000e+00  0.000000e+00  0.000000e+00  0.000000e+00  0.000000e+00  0.000000e+00  0.000000e+00  0.000000e+00  0.000000e+00  0.000000e+00  1.295633e-28  2.168745e-28  1.978252e-28  6.211167e-29  1.007436e-29  2.270041e-30  4.743985e-28  2.591045e-28  1.522788e-28  6.596975e-29  1.981926e-29  1.062882e-29  2.765385e-30  6.556895e-29  3.031531e-29  2.098935e-29  4.787241e-30  1.077352e-30  6.899037e-30  4.167945e-30  2.957764e-30  7.552223e-31  2.288406e-32  9.312047e-31  2.969057e-30  1.557666e-30  6.515142e-31  8.964952e-32  0.000000e+00  0.000000e+00  0.000000e+00  0.000000e+00  0.000000e+00  0.000000e+00  0.000000e+00  0.000000e+00  0.000000e+00  0.000000e+00  0.000000e+00  0.000000e+00  0.000000e+00  0.000000e+00  0.000000e+00  0.000000e+00  0.000000e+00  0.000000e+00  0.000000e+00  0.000000e+00  0.000000e+00  0.000000e+00  0.000000e+00  0.000000e+00  0.000000e+00  0.000000e+00  0.000000e+00  0.000000e+00  0.000000e+00  0.000000e+00  0.000000e+00  0.000000e+00  0.000000e+00  0.000000e+00  0.000000e+00  0.000000e+00  0.000000e+00  0.000000e+00  0.000000e+00  0.000000e+00  0.000000e+00  0.000000e+00  0.000000e+00  0.000000e+00  2.915503e-27  1.277083e-27  1.564537e-27  4.879972e-28  1.449716e-28  7.536688e-29  2.548466e-29  1.884822e-27  7.474901e-28  3.324717e-28  1.444771e-28  2.394049e-29  8.905732e-29  3.681923e-29  1.515848e-29  1.129913e-29  3.489688e-30  1.787271e-30  1.146159e-30  4.808006e-31  1.856027e-29  2.948799e-29  1.240578e-29  1.140863e-29  2.676149e-30  1.297765e-30  2.228825e-30  2.615502e-30  8.821249e-30  3.781645e-30  4.215594e-30  5.433851e-31  2.784500e-31  0.000000e+00  0.000000e+00  0.000000e+00  0.000000e+00  0.000000e+00  1.675751e-29  1.453575e-29  7.945917e-30  3.819578e-30  1.965049e-30  3.377806e-31  0.000000e+00  0.000000e+00  0.000000e+00  4.101114e-29  2.654432e-29  2.586343e-29  7.446104e-30  3.111024e-30  8.530265e-31  1.111472e-31  0.000000e+00  0.000000e+00  3.272165e-30  1.915868e-29  9.609862e-30  7.425048e-30  1.858251e-30  4.055823e-31  4.074639e-36  0.000000e+00  0.000000e+00  0.000000e+00  0.000000e+00  0.000000e+00  0.000000e+00  0.000000e+00  0.000000e+00  0.000000e+00  0.000000e+00  0.000000e+00  0.000000e+00  0.000000e+00  0.000000e+00  0.000000e+00  0.000000e+00  0.000000e+00  0.000000e+00  3.430823e-31  8.250792e-31  5.023903e-31  6.199975e-31  0.000000e+00  0.000000e+00  1.659108e-26  5.819480e-27  3.805275e-27  6.101123e-27  1.859568e-27  8.329877e-28  6.147962e-28  3.350599e-28  2.610430e-28  6.681983e-29  5.619568e-29  1.457748e-29  1.103037e-29  3.488107e-30  9.243623e-31  1.795123e-31  4.052972e-31  4.630940e-31  1.216742e-30  1.553631e-31  6.710675e-31  0.000000e+00  0.000000e+00  0.000000e+00  9.972753e-29  1.204571e-28  2.513981e-29  4.067601e-29  2.170328e-29  9.453905e-30  2.308196e-30  4.853907e-30  2.980197e-30  3.949033e-31  2.433999e-31  0.000000e+00  0.000000e+00  0.000000e+00  0.000000e+00  1.189436e-29  4.020572e-28  1.175383e-28  1.743496e-28  1.145051e-28  3.037419e-29  1.595167e-29  1.864610e-30  5.114900e-31  7.105184e-32  0.000000e+00  2.600265e-31  2.964752e-29  1.842759e-27  1.280523e-27  1.481544e-27  1.069599e-27  5.349162e-28  3.060851e-28  4.869378e-29  1.596309e-29  4.856275e-30  2.108602e-30  1.085091e-27  1.214410e-27  4.332399e-28  8.404854e-28  3.824554e-28  2.219152e-28  7.410310e-29  2.771409e-29  2.618504e-29  1.441519e-29  3.546066e-29  9.995303e-30  2.186369e-29  1.551480e-29  8.411335e-29  3.332589e-29  1.658698e-29  7.941895e-29  3.213484e-29  1.441139e-29  3.564243e-30  1.651168e-29  6.371640e-30  1.021154e-29  8.354760e-30  2.769077e-30  6.251428e-31  0.000000e+00  0.000000e+00  0.000000e+00  0.000000e+00  8.133509e-31  1.487173e-30  1.268624e-29  4.257500e-29  8.147072e-30  7.981997e-30  5.235338e-30  4.136741e-30  2.380556e-31  0.000000e+00  0.000000e+00  0.000000e+00  0.000000e+00  0.000000e+00  0.000000e+00  0.000000e+00  1.909719e-30  1.012297e-28  1.884657e-28  3.817527e-29  1.080256e-28  2.602265e-29  1.620392e-29  3.468900e-30  1.297527e-30  1.375140e-31  1.487613e-30  6.076737e-31  2.818915e-31  3.552619e-30  1.910720e-29  1.093962e-28  6.516455e-29  6.275580e-29  7.859525e-29  3.448093e-29  8.905031e-30  4.918017e-30  3.120075e-30  1.691510e-30  1.417246e-30  0.000000e+00  0.000000e+00  0.000000e+00  0.000000e+00  0.000000e+00  0.000000e+00  1.192004e-30  6.751951e-30  1.214441e-29  1.287781e-29  2.233723e-29  3.763037e-29  1.559730e-29  2.763472e-30  1.777814e-30  5.237965e-32  0.000000e+00  0.000000e+00  0.000000e+00  0.000000e+00  0.000000e+00  0.000000e+00  0.000000e+00  0.000000e+00  0.000000e+00  0.000000e+00  7.658256e-31  1.178266e-30  3.635936e-31  9.064346e-31  7.753519e-31  3.376234e-31  2.241868e-31  2.561303e-28  4.185535e-26  9.492989e-27  1.800767e-26  2.136412e-26  1.872369e-26  1.231187e-27  1.695874e-27  5.313840e-28  3.775325e-28  6.726535e-29  9.088436e-29  5.670044e-29  8.920475e-26  1.194313e-25  4.229542e-26  5.844097e-26  2.420439e-26  6.748017e-27  1.742105e-26  3.707246e-27  3.393027e-27  1.894884e-27  1.104604e-27  3.715656e-28  6.159765e-28  1.121586e-27  8.647876e-27  1.944231e-26  3.304541e-27  1.689108e-26  8.527549e-27  5.459456e-27  3.268295e-27  3.675311e-28  9.584712e-28  1.354548e-27  6.681239e-28  1.238227e-27  8.697956e-28  8.151843e-28  5.492764e-28  4.463993e-28  2.292060e-28  1.484653e-28  6.423657e-29  3.101011e-29  3.501188e-29  1.378518e-29  8.390522e-30  1.195694e-29  6.685478e-30  5.440853e-29  4.145801e-29  9.538750e-29  2.521928e-28  2.437537e-28  2.196549e-28  1.323303e-28  2.600557e-28  4.993741e-28  1.521450e-28  1.516041e-28  4.116821e-29  1.538148e-29
0.000000e+00  0.000000e+00  0.000000e+00  0.000000e+00  0.000000e+00  0.000000e+00  0.000000e+00  0.000000e+00  0.000000e+00  0.000000e+00  0.000000e+00  0.000000e+00  0.000000e+00  0.000000e+00  0.000000e+00  0.000000e+00  0.000000e+00  0.000000e+00  0.000000e+00  0.000000e+00  0.000000e+00  0.000000e+00  0.000000e+00  0.000000e+00  0.000000e+00  0.000000e+00  0.000000e+00  0.000000e+00  0.000000e+00  0.000000e+00  0.000000e+00  0.000000e+00  0.000000e+00  0.000000e+00  0.000000e+00  0.000000e+00  0.000000e+00  0.000000e+00  0.000000e+00  0.000000e+00  0.000000e+00  0.000000e+00  0.000000e+00  0.000000e+00  0.000000e+00  0.000000e+00  0.000000e+00  0.000000e+00  0.000000e+00  0.000000e+00  0.000000e+00  0.000000e+00  0.000000e+00  0.000000e+00  0.000000e+00  0.000000e+00  0.000000e+00  0.000000e+00  0.000000e+00  0.000000e+00  0.000000e+00  0.000000e+00  0.000000e+00  0.000000e+00  0.000000e+00  0.000000e+00  0.000000e+00  0.000000e+00  0.000000e+00  0.000000e+00  0.000000e+00  0.000000e+00  0.000000e+00  0.000000e+00  0.000000e+00  0.000000e+00  0.000000e+00  0.000000e+00  0.000000e+00  0.000000e+00  0.000000e+00  0.000000e+00  0.000000e+00  0.000000e+00  0.000000e+00  0.000000e+00  0.000000e+00  0.000000e+00  0.000000e+00  0.000000e+00  0.000000e+00  0.000000e+00  0.000000e+00  0.000000e+00  0.000000e+00  0.000000e+00  0.000000e+00  0.000000e+00  0.000000e+00  0.000000e+00  0.000000e+00  0.000000e+00  0.000000e+00  0.000000e+00  0.000000e+00  0.000000e+00  0.000000e+00  0.000000e+00  0.000000e+00  0.000000e+00  0.000000e+00  0.000000e+00  0.000000e+00  0.000000e+00  0.000000e+00  0.000000e+00  0.000000e+00  0.000000e+00  0.000000e+00  0.000000e+00  0.000000e+00  0.000000e+00  0.000000e+00  0.000000e+00  0.000000e+00  0.000000e+00  0.000000e+00  0.000000e+00  0.000000e+00  0.000000e+00  0.000000e+00  0.000000e+00  0.000000e+00  0.000000e+00  0.000000e+00  0.000000e+00  0.000000e+00  0.000000e+00  0.000000e+00  0.000000e+00  0.000000e+00  0.000000e+00  0.000000e+00  0.000000e+00  0.000000e+00  0.000000e+00  0.000000e+00  0.000000e+00  0.000000e+00  0.000000e+00  0.000000e+00  0.000000e+00  0.000000e+00  0.000000e+00  0.000000e+00  0.000000e+00  0.000000e+00  0.000000e+00  0.000000e+00  0.000000e+00  0.000000e+00  0.000000e+00  0.000000e+00  0.000000e+00  0.000000e+00  0.000000e+00  0.000000e+00  0.000000e+00  0.000000e+00  0.000000e+00  0.000000e+00  0.000000e+00  0.000000e+00  0.000000e+00  0.000000e+00  0.000000e+00  0.000000e+00  0.000000e+00  0.000000e+00  0.000000e+00  0.000000e+00  0.000000e+00  0.000000e+00  0.000000e+00  0.000000e+00  0.000000e+00  0.000000e+00  0.000000e+00  0.000000e+00  0.000000e+00  0.000000e+00  0.000000e+00  0.000000e+00  0.000000e+00  0.000000e+00  0.000000e+00  0.000000e+00  0.000000e+00  0.000000e+00  0.000000e+00  0.000000e+00  0.000000e+00  0.000000e+00  0.000000e+00  0.000000e+00  0.000000e+00  0.000000e+00  0.000000e+00  0.000000e+00  0.000000e+00  0.000000e+00  0.000000e+00  0.000000e+00  0.000000e+00  0.000000e+00  0.000000e+00  0.000000e+00  0.000000e+00  0.000000e+00  0.000000e+00  0.000000e+00  0.000000e+00  0.000000e+00  0.000000e+00  0.000000e+00  0.000000e+00  0.000000e+00  0.000000e+00  0.000000e+00  0.000000e+00  0.000000e+00  0.000000e+00  0.000000e+00  0.000000e+00  0.000000e+00  2.899393e-31  2.068810e-31  0.000000e+00  0.000000e+00  0.000000e+00  0.000000e+00  0.000000e+00  0.000000e+00  0.000000e+00  0.000000e+00  0.000000e+00  0.000000e+00  0.000000e+00  0.000000e+00  0.000000e+00  0.000000e+00  0.000000e+00  0.000000e+00  4.456055e-30  1.227837e-30  1.927894e-31  7.325245e-31  6.815415e-31  1.594907e-31  0.000000e+00  0.000000e+00  0.000000e+00  0.000000e+00  0.000000e+00  0.000000e+00  0.000000e+00  0.000000e+00  0.000000e+00  0.000000e+00  0.000000e+00  0.000000e+00  0.000000e+00  0.000000e+00  0.000000e+00  0.000000e+00  5.760927e-30  1.558523e-30  1.753892e-31  0.000000e+00  5.913806e-30  4.700811e-30  1.952604e-30  1.430144e-31  0.000000e+00  5.648018e-31  6.622513e-31  2.678332e-31  0.000000e+00  0.000000e+00  0.000000e+00  0.000000e+00  0.000000e+00  0.000000e+00  0.000000e+00  0.000000e+00  0.000000e+00  0.000000e+00  0.000000e+00  1.166576e-29  4.162606e-30  1.040767e-30  2.281637e-31  0.000000e+00  0.000000e+00  0.000000e+00  0.000000e+00  0.000000e+00  0.000000e+00  0.000000e+00  0.000000e+00  0.000000e+00  0.000000e+00  0.000000e+00  0.000000e+00  0.000000e+00  0.000000e+00  0.000000e+00  0.000000e+00  0.000000e+00  0.000000e+00  1.140481e-29  8.794436e-30  4.876005e-30  4.736086e-31  0.000000e+00  0.000000e+00  9.016891e-29  5.273803e-29  2.085564e-29  4.319587e-30  6.029877e-31  3.949375e-29  2.091208e-29  7.747153e-30  1.604334e-30  1.605261e-30  1.006293e-30  3.238170e-32  1.958081e-30  4.997432e-31  6.195878e-31  0.000000e+00  0.000000e+00  0.000000e+00  0.000000e+00  0.000000e+00  0.000000e+00  0.000000e+00  0.000000e+00  0.000000e+00  0.000000e+00  0.000000e+00  0.000000e+00  0.000000e+00  0.000000e+00  0.000000e+00  0.000000e+00  0.000000e+00  0.000000e+00  0.000000e+00  0.000000e+00  0.000000e+00  0.000000e+00  0.000000e+00  0.000000e+00  0.000000e+00  0.000000e+00  0.000000e+00  0.000000e+00  0.000000e+00  0.000000e+00  0.000000e+00  0.000000e+00  0.000000e+00  0.000000e+00  0.000000e+00  0.000000e+00  0.000000e+00  0.000000e+00  0.000000e+00  1.295678e-28  2.125851e-28  1.964354e-28  6.720327e-29  1.247362e-29  3.041823e-30  4.655617e-28  2.477575e-28  1.544862e-28  7.514813e-29  2.410336e-29  1.345387e-29  3.899683e-30  6.576966e-29  2.903638e-29  2.122812e-29  5.374773e-30  1.350368e-30  7.588972e-30  4.468839e-30  3.159385e-30  8.361698e-31  2.741182e-32  9.433992e-31  2.861667e-30  1.505980e-30  6.806162e-31  1.001126e-31  0.000000e+00  0.000000e+00  0.000000e+00  0.000000e+00  0.000000e+00  0.000000e+00  0.000000e+00  0.000000e+00  0.000000e+00  0.000000e+00  0.000000e+00  0.000000e+00  0.000000e+00  0.000000e+00  0.000000e+00  0.000000e+00  0.000000e+00  0.000000e+00  0.000000e+00  0.000000e+00  0.000000e+00  0.000000e+00  0.000000e+00  0.000000e+00  0.000000e+00  0.000000e+00  0.000000e+00  0.000000e+00  0.000000e+00  0.000000e+00  0.000000e+00  0.000000e+00  0.000000e+00  0.000000e+00  0.000000e+00  0.000000e+00  0.000000e+00  0.000000e+00  0.000000e+00  0.000000e+00  0.000000e+00  0.000000e+00  0.000000e+00  0.000000e+00  2.868025e-27  1.217196e-27  1.526223e-27  5.363234e-28  1.709779e-28  9.385557e-29  3.351460e-29  1.852973e-27  7.234918e-28  3.366892e-28  1.551727e-28  2.876711e-29  1.109435e-28  4.351874e-29  1.898444e-29  1.471202e-29  4.756045e-30  2.663121e-30  1.773798e-30  7.768425e-31  1.834293e-29  2.825774e-29  1.192311e-29  1.172226e-29  2.958123e-30  1.575475e-30  2.368689e-30  2.500299e-30  8.606751e-30  3.670838e-30  4.188244e-30  5.740468e-31  3.158294e-31  0.000000e+00  0.000000e+00  0.000000e+00  0.000000e+00  0.000000e+00  1.663217e-29  1.352409e-29  7.784012e-30  3.929323e-30  2.176368e-30  4.144552e-31  0.000000e+00  0.000000e+00  0.000000e+00  4.117826e-29  2.469770e-29  2.499808e-29  7.583267e-30  3.504287e-30  1.029855e-30  1.409089e-31  0.000000e+00  0.000000e+00  3.617330e-30  1.835190e-29  9.076845e-30  7.282898e-30  2.000765e-30  4.901200e-31  3.022992e-36  0.000000e+00  0.000000e+00  0.000000e+00  0.000000e+00  0.000000e+00  0.000000e+00  0.000000e+00  0.000000e+00  0.000000e+00  0.000000e+00  0.000000e+00  0.000000e+00  0.000000e+00  0.000000e+00  0.000000e+00  0.000000e+00  0.000000e+00  0.000000e+00  3.497437e-31  7.843041e-31  4.810836e-31  6.239655e-31  0.000000e+00  0.000000e+00  1.635773e-26  5.459383e-27  3.761507e-27  6.118038e-27  1.988929e-27  1.016241e-27  7.308731e-28  3.990800e-28  3.285447e-28  8.719156e-29  8.166282e-29  2.132698e-29  1.699923e-29  5.589451e-30  1.676684e-30  3.453523e-31  6.866980e-31  5.095061e-31  1.378589e-30  2.192855e-31  7.293798e-31  0.000000e+00  0.000000e+00  0.000000e+00  9.941014e-29  1.149104e-28  2.422458e-29  4.017460e-29  2.219892e-29  1.139051e-29  2.760226e-30  5.863410e-30  3.777359e-30  5.392038e-31  3.428857e-31  0.000000e+00  0.000000e+00  0.000000e+00  0.000000e+00  1.552194e-29  4.036264e-28  1.114447e-28  1.689538e-28  1.147194e-28  3.391477e-29  1.837081e-29  2.421121e-30  7.369864e-31  1.092061e-31  0.000000e+00  3.397995e-31  3.179338e-29  1.859501e-27  1.193243e-27  1.424170e-27  1.060536e-27  5.578193e-28  3.415036e-28  6.122245e-29  2.216969e-29  7.016282e-30  3.137970e-30  1.120319e-27  1.158455e-27  4.121976e-28  8.134181e-28  3.939580e-28  2.524767e-28  8.933776e-29  3.305661e-29  3.297499e-29  1.978644e-29  3.779595e-29  1.154077e-29  2.161562e-29  1.654869e-29  8.512602e-29  3.185874e-29  1.615217e-29  7.746757e-29  3.350702e-29  1.624107e-29  4.452653e-30  1.863078e-29  6.768482e-30  1.077125e-29  9.131544e-30  3.412076e-30  8.671094e-31  0.000000e+00  0.000000e+00  0.000000e+00  0.000000e+00  1.007359e-30  1.746559e-30  1.331851e-29  4.082676e-29  7.731592e-30  7.652851e-30  5.454265e-30  4.544978e-30  2.983386e-31  0.000000e+00  0.000000e+00  0.000000e+00  0.000000e+00  0.000000e+00  0.000000e+00  0.000000e+00  2.804132e-30  1.062217e-28  1.807171e-28  3.684676e-29  1.038004e-28  2.708528e-29  1.796579e-29  4.300864e-30  1.751266e-30  1.993996e-31  2.358282e-30  9.299699e-31  4.327637e-31  4.261925e-30  2.076265e-29  1.080666e-28  6.141693e-29  5.880550e-29  7.665180e-29  3.624368e-29  1.041564e-29  5.910639e-30  3.790255e-30  2.147837e-30  1.898618e-30  0.000000e+00  0.000000e+00  0.000000e+00  0.000000e+00  0.000000e+00  0.000000e+00  1.376862e-30  6.842347e-30  1.167904e-29  1.341650e-29  2.224928e-29  3.646741e-29  1.612641e-29  2.972682e-30  1.926508e-30  6.368244e-32  0.000000e+00  0.000000e+00  0.000000e+00  0.000000e+00  0.000000e+00  0.000000e+00  0.000000e+00  0.000000e+00  0.000000e+00  0.000000e+00  1.234180e-30  1.755042e-30  5.284446e-31  1.350271e-30  1.185547e-30  5.526682e-31  3.814031e-31  3.137339e-28  4.263036e-26  9.174090e-27  1.718759e-26  2.064043e-26  1.915664e-26  1.411307e-27  1.973339e-27  6.657408e-28  4.991199e-28  9.143015e-29  9.374466e-29  7.197664e-29  9.358002e-26  1.128998e-25  3.937103e-26  5.552974e-26  2.451272e-26  7.693196e-27  1.896352e-26  4.392882e-27  4.181699e-27  2.500890e-27  1.486252e-27  5.329765e-28  6.972619e-28  1.199822e-27  9.361727e-27  1.878759e-26  3.074908e-27  1.597723e-26  8.454949e-27  5.649149e-27  3.413849e-27  4.224741e-28  1.236151e-27  1.632848e-27  7.320207e-28  1.326615e-27  1.045800e-27  8.789879e-28  5.923897e-28  4.980123e-28  2.686823e-28  1.785804e-28  8.117207e-29  4.389365e-29  4.914308e-29  2.091987e-29  1.230252e-29  1.579696e-29  1.007478e-29  6.500976e-29  4.824264e-29  1.022822e-28  2.639255e-28  2.546931e-28  2.166526e-28  1.293168e-28  2.514271e-28  4.828850e-28  1.579282e-28  1.611884e-28  4.849696e-29  1.863751e-29
0.000000e+00  0.000000e+00  0.000000e+00  0.000000e+00  0.000000e+00  0.000000e+00  0.000000e+00  0.000000e+00  0.000000e+00  0.000000e+00  0.000000e+00  0.000000e+00  0.000000e+00  0.000000e+00  0.000000e+00  0.000000e+00  0.000000e+00  0.000000e+00  0.000000e+00  0.000000e+00  0.000000e+00  0.000000e+00  0.000000e+00  0.000000e+00  0.000000e+00  0.000000e+00  0.000000e+00  0.000000e+00  0.000000e+00  0.000000e+00  0.000000e+00  0.000000e+00  0.000000e+00  0.000000e+00  0.000000e+00  0.000000e+00  0.000000e+00  0.000000e+00  0.000000e+00  0.000000e+00  0.000000e+00  0.000000e+00  0.000000e+00  0.000000e+00  0.000000e+00  0.000000e+00  0.000000e+00  0.000000e+00  0.000000e+00  0.000000e+00  0.000000e+00  0.000000e+00  0.000000e+00  0.000000e+00  0.000000e+00  0.000000e+00  0.000000e+00  0.000000e+00  0.000000e+00  0.000000e+00  0.000000e+00  0.000000e+00  0.000000e+00  0.000000e+00  0.000000e+00  0.000000e+00  0.000000e+00  0.000000e+00  0.000000e+00  0.000000e+00  0.000000e+00  0.000000e+00  0.000000e+00  0.000000e+00  0.000000e+00  0.000000e+00  0.000000e+00  0.000000e+00  0.000000e+00  0.000000e+00  0.000000e+00  0.000000e+00  0.000000e+00  0.000000e+00  0.000000e+00  0.000000e+00  0.000000e+00  0.000000e+00  0.000000e+00  0.000000e+00  0.000000e+00  0.000000e+00  0.000000e+00  0.000000e+00  0.000000e+00  0.000000e+00  0.000000e+00  0.000000e+00  0.000000e+00  0.000000e+00  0.000000e+00  0.000000e+00  0.000000e+00  0.000000e+00  0.000000e+00  0.000000e+00  0.000000e+00  0.000000e+00  0.000000e+00  0.000000e+00  0.000000e+00  0.000000e+00  0.000000e+00  0.000000e+00  0.000000e+00  0.000000e+00  0.000000e+00  0.000000e+00  0.000000e+00  0.000000e+00  0.000000e+00  0.000000e+00  0.000000e+00  0.000000e+00  0.000000e+00  0.000000e+00  0.000000e+00  0.000000e+00  0.000000e+00  0.000000e+00  0.000000e+00  0.000000e+00  0.000000e+00  0.000000e+00  0.000000e+00  0.000000e+00  0.000000e+00  0.000000e+00  0.000000e+00  0.000000e+00  0.000000e+00  0.000000e+00  0.000000e+00  0.000000e+00  0.000000e+00  0.000000e+00  0.000000e+00  0.000000e+00  0.000000e+00  0.000000e+00  0.000000e+00  0.000000e+00  0.000000e+00  0.000000e+00  0.000000e+00  0.000000e+00  0.000000e+00  0.000000e+00  0.000000e+00  0.000000e+00  0.000000e+00  0.000000e+00  0.000000e+00  0.000000e+00  0.000000e+00  0.000000e+00  0.000000e+00  0.000000e+00  0.000000e+00  0.000000e+00  0.000000e+00  0.000000e+00  0.000000e+00  0.000000e+00  0.000000e+00  0.000000e+00  0.000000e+00  0.000000e+00  0.000000e+00  0.000000e+00  0.000000e+00  0.000000e+00  0.000000e+00  0.000000e+00  0.000000e+00  0.000000e+00  0.000000e+00  0.000000e+00  0.000000e+00  0.000000e+00  0.000000e+00  0.000000e+00  0.000000e+00  0.000000e+00  0.000000e+00  0.000000e+00  0.000000e+00  0.000000e+00  0.000000e+00  0.000000e+00  0.000000e+00  0.000000e+00  0.000000e+00  0.000000e+00  0.000000e+00  0.000000e+00  0.000000e+00  0.000000e+00  0.000000e+00  0.000000e+00  0.000000e+00  0.000000e+00  0.000000e+00  0.000000e+00  0.000000e+00  0.000000e+00  0.000000e+00  0.000000e+00  0.000000e+00  0.000000e+00  0.000000e+00  0.000000e+00  0.000000e+00  0.000000e+00  0.000000e+00  0.000000e+00  0.000000e+00  0.000000e+00  0.000000e+00  0.000000e+00  0.000000e+00  0.000000e+00  0.000000e+00  0.000000e+00  0.000000e+00  3.077139e-31  2.204313e-31  0.000000e+00  0.000000e+00  0.000000e+00  0.000000e+00  0.000000e+00  0.000000e+00  0.000000e+00  0.000000e+00  0.000000e+00  0.000000e+00  0.000000e+00  0.000000e+00  0.000000e+00  0.000000e+00  0.000000e+00  0.000000e+00  4.684370e-30  1.222849e-30  1.658198e-31  7.515973e-31  7.232356e-31  1.556637e-31  0.000000e+00  0.000000e+00  0.000000e+00  0.000000e+00  0.000000e+00  0.000000e+00  0.000000e+00  0.000000e+00  0.000000e+00  0.000000e+00  0.000000e+00  0.000000e+00  0.000000e+00  0.000000e+00  0.000000e+00  0.000000e+00  6.067079e-30  1.537278e-30  1.595552e-31  0.000000e+00  5.988094e-30  5.086265e-30  1.841647e-30  1.146375e-31  0.000000e+00  5.681086e-31  7.054604e-31  2.550614e-31  0.000000e+00  0.000000e+00  0.000000e+00  0.000000e+00  0.000000e+00  0.000000e+00  0.000000e+00  0.000000e+00  0.000000e+00  0.000000e+00  0.000000e+00  1.218023e-29  4.199966e-30  8.953459e-31  1.762487e-31  0.000000e+00  0.000000e+00  0.000000e+00  0.000000e+00  0.000000e+00  0.000000e+00  0.000000e+00  0.000000e+00  0.000000e+00  0.000000e+00  0.000000e+00  0.000000e+00  0.000000e+00  0.000000e+00  0.000000e+00  0.000000e+00  0.000000e+00  0.000000e+00  1.124301e-29  9.368542e-30  4.697616e-30  3.733232e-31  0.000000e+00  0.000000e+00  9.438713e-29  5.631994e-29  1.927349e-29  3.347713e-30  3.945819e-31  4.069611e-29  2.220480e-29  7.260786e-30  1.222779e-30  1.235955e-30  7.589224e-31  2.182754e-32  2.034138e-30  4.885682e-31  6.087933e-31  0.000000e+00  0.000000e+00  0.000000e+00  0.000000e+00  0.000000e+00  0.000000e+00  0.000000e+00  0.000000e+00  0.000000e+00  0.000000e+00  0.000000e+00  0.000000e+00  0.000000e+00  0.000000e+00  0.000000e+00  0.000000e+00  0.000000e+00  0.000000e+00  0.000000e+00  0.000000e+00  0.000000e+00  0.000000e+00  0.000000e+00  0.000000e+00  0.000000e+00  0.000000e+00  0.000000e+00  0.000000e+00  0.000000e+00  0.000000e+00  0.000000e+00  0.000000e+00  0.000000e+00  0.000000e+00  0.000000e+00  0.000000e+00  0.000000e+00  0.000000e+00  0.000000e+00  1.302885e-28  2.160387e-28  1.987286e-28  6.109326e-29  9.177855e-30  2.031173e-30  4.754326e-28  2.628424e-28  1.502066e-28  6.299099e-29  1.837114e-29  9.711760e-30  2.400745e-30  6.549241e-29  3.060446e-29  2.099419e-29  4.617969e-30  1.000505e-30  6.631782e-30  4.074907e-30  2.923453e-30  7.344472e-31  2.090760e-32  9.249232e-31  3.005548e-30  1.580749e-30  6.474129e-31  8.602135e-32  0.000000e+00  0.000000e+00  0.000000e+00  0.000000e+00  0.000000e+00  0.000000e+00  0.000000e+00  0.000000e+00  0.000000e+00  0.000000e+00  0.000000e+00  0.000000e+00  0.000000e+00  0.000000e+00  0.000000e+00  0.000000e+00  0.000000e+00  0.000000e+00  0.000000e+00  0.000000e+00  0.000000e+00  0.000000e+00  0.000000e+00  0.000000e+00  0.000000e+00  0.000000e+00  0.000000e+00  0.000000e+00  0.000000e+00  0.000000e+00  0.000000e+00  0.000000e+00  0.000000e+00  0.000000e+00  0.000000e+00  0.000000e+00  0.000000e+00  0.000000e+00  0.000000e+00  0.000000e+00  0.000000e+00  0.000000e+00  0.000000e+00  0.000000e+00  2.940881e-27  1.294374e-27  1.585738e-27  4.680814e-28  1.316321e-28  6.911338e-29  2.076568e-29  1.907712e-27  7.559273e-28  3.315807e-28  1.414642e-28  2.167813e-29  8.185593e-29  3.438315e-29  1.361776e-29  1.029883e-29  3.101013e-30  1.546222e-30  9.770115e-31  4.035487e-31  1.865787e-29  3.017070e-29  1.228609e-29  1.133716e-29  2.547893e-30  1.200269e-30  2.198794e-30  2.667128e-30  8.847432e-30  3.787255e-30  4.280194e-30  5.192235e-31  2.673338e-31  0.000000e+00  0.000000e+00  0.000000e+00  0.000000e+00  0.000000e+00  1.681605e-29  1.518687e-29  7.871323e-30  3.751170e-30  1.916919e-30  3.188086e-31  0.000000e+00  0.000000e+00  0.000000e+00  4.065399e-29  2.763951e-29  2.615504e-29  7.327442e-30  2.954308e-30  7.973834e-31  1.017387e-31  0.000000e+00  0.000000e+00  3.047573e-30  1.969974e-29  9.838123e-30  7.549684e-30  1.801444e-30  3.764966e-31  6.888971e-37  0.000000e+00  0.000000e+00  0.000000e+00  0.000000e+00  0.000000e+00  0.000000e+00  0.000000e+00  0.000000e+00  0.000000e+00  0.000000e+00  0.000000e+00  0.000000e+00  0.000000e+00  0.000000e+00  0.000000e+00  0.000000e+00  0.000000e+00  0.000000e+00  3.295523e-31  8.338302e-31  4.981589e-31  6.078469e-31  0.000000e+00  0.000000e+00  1.676703e-26  6.052817e-27  3.624212e-27  6.218824e-27  1.816557e-27  7.574803e-28  5.834418e-28  3.146440e-28  2.433689e-28  6.004146e-29  4.913938e-29  1.252952e-29  9.436586e-30  2.894905e-30  7.301674e-31  1.356310e-31  3.342369e-31  4.450923e-31  1.172906e-30  1.246989e-31  6.543626e-31  0.000000e+00  0.000000e+00  0.000000e+00  1.011850e-28  1.246476e-28  2.344723e-29  4.096623e-29  2.152318e-29  8.580460e-30  2.046514e-30  4.532093e-30  2.761207e-30  3.277491e-31  2.133106e-31  0.000000e+00  0.000000e+00  0.000000e+00  0.000000e+00  1.080031e-29  4.067224e-28  1.182914e-28  1.753970e-28  1.139088e-28  2.834614e-29  1.530671e-29  1.647393e-30  4.495872e-31  6.050817e-32  0.000000e+00  2.338111e-31  2.917020e-29  1.855300e-27  1.324310e-27  1.522216e-27  1.076016e-27  5.291696e-28  2.991789e-28  4.463512e-29  1.418804e-29  4.200685e-30  1.809514e-30  1.077977e-27  1.229289e-27  4.284119e-28  8.586311e-28  3.746861e-28  2.132379e-28  6.851834e-29  2.586857e-29  2.357908e-29  1.268169e-29  3.483047e-29  9.645319e-30  2.207125e-29  1.526015e-29  8.236961e-29  3.317676e-29  1.494728e-29  8.190911e-29  3.198074e-29  1.406576e-29  3.326022e-30  1.583240e-29  6.243191e-30  1.015961e-29  8.150761e-30  2.554793e-30  5.400198e-31  0.000000e+00  0.000000e+00  0.000000e+00  0.000000e+00  7.601917e-31  1.379372e-30  1.240125e-29  4.401172e-29  8.198136e-30  7.590881e-30  4.986936e-30  4.044652e-30  2.095350e-31  0.000000e+00  0.000000e+00  0.000000e+00  0.000000e+00  0.000000e+00  0.000000e+00  0.000000e+00  1.630672e-30  1.008597e-28  1.947008e-28  3.855307e-29  1.104549e-28  2.473834e-29  1.516736e-29  3.120869e-30  1.168053e-30  1.186759e-31  1.258627e-30  4.994628e-31  2.187990e-31  3.344998e-30  1.856427e-29  1.108961e-28  6.691663e-29  6.512864e-29  8.077177e-29  3.393370e-29  8.253813e-30  4.667479e-30  2.898015e-30  1.519127e-30  1.298467e-30  0.000000e+00  0.000000e+00  0.000000e+00  0.000000e+00  0.000000e+00  0.000000e+00  1.128213e-30  6.754462e-30  1.238641e-29  1.268763e-29  2.194252e-29  3.826553e-29  1.547249e-29  2.685885e-30  1.775379e-30  4.220095e-32  0.000000e+00  0.000000e+00  0.000000e+00  0.000000e+00  0.000000e+00  0.000000e+00  0.000000e+00  0.000000e+00  0.000000e+00  0.000000e+00  6.346990e-31  9.927428e-31  3.167259e-31  7.720778e-31  6.608827e-31  2.808766e-31  1.882439e-31  1.975714e-28  4.113122e-26  9.577876e-27  1.828254e-26  2.204837e-26  1.870669e-26  1.048046e-27  1.567011e-27  4.965510e-28  3.413955e-28  5.837739e-29  8.922605e-29  5.250499e-29  8.806936e-26  1.237070e-25  4.456889e-26  5.952407e-26  2.312722e-26  5.743688e-27  1.727648e-26  3.353809e-27  3.143222e-27  1.703563e-27  1.001427e-27  3.228107e-28  5.912988e-28  1.099190e-27  8.237767e-27  1.968696e-26  3.311451e-27  1.761206e-26  8.378150e-27  5.333698e-27  3.256969e-27  3.207354e-28  8.584788e-28  1.256741e-27  6.436822e-28  1.186132e-27  8.135546e-28  8.009150e-28  5.319613e-28  4.291831e-28  2.143452e-28  1.406674e-28  5.910950e-29  2.694837e-29  3.112567e-29  1.194749e-29  7.244734e-30  1.100854e-29  5.752399e-30  5.094190e-29  3.875715e-29  9.229067e-29  2.519506e-28  2.351244e-28  2.044145e-28  1.250314e-28  2.604849e-28  5.136630e-28  1.462542e-28  1.465480e-28  3.885822e-29  1.443453e-29
0.000000e+00  0.000000e+00  0.000000e+00  0.000000e+00  0.000000e+00  0.000000e+00  0.000000e+00  0.000000e+00  0.000000e+00  0.000000e+00  0.000000e+00  0.000000e+00  0.000000e+00  0.000000e+00  0.000000e+00  0.000000e+00  0.000000e+00  0.000000e+00  0.000000e+00  0.000000e+00  0.000000e+00  0.000000e+00  0.000000e+00  0.000000e+00  0.000000e+00  0.000000e+00  0.000000e+00  0.000000e+00  0.000000e+00  0.000000e+00  0.000000e+00  0.000000e+00  0.000000e+00  0.000000e+00  0.000000e+00  0.000000e+00  0.000000e+00  0.000000e+00  0.000000e+00  0.000000e+00  0.000000e+00  0.000000e+00  0.000000e+00  0.000000e+00  0.000000e+00  0.000000e+00  0.000000e+00  0.000000e+00  0.000000e+00  0.000000e+00  0.000000e+00  0.000000e+00  0.000000e+00  0.000000e+00  0.000000e+00  0.000000e+00  0.000000e+00  0.000000e+00  0.000000e+00  0.000000e+00  0.000000e+00  0.000000e+00  0.000000e+00  0.000000e+00  0.000000e+00  0.000000e+00  0.000000e+00  0.000000e+00  0.000000e+00  0.000000e+00  0.000000e+00  0.000000e+00  0.000000e+00  0.000000e+00  0.000000e+00  0.000000e+00  0.000000e+00  0.000000e+00  0.000000e+00  0.000000e+00  0.000000e+00  0.000000e+00  0.000000e+00  0.000000e+00  0.000000e+00  0.000000e+00  0.000000e+00  0.000000e+00  0.000000e+00  0.000000e+00  0.000000e+00  0.000000e+00  0.000000e+00  0.000000e+00  0.000000e+00  0.000000e+00  0.000000e+00  0.000000e+00  0.000000e+00  0.000000e+00  0.000000e+00  0.000000e+00  0.000000e+00  0.000000e+00  0.000000e+00  0.000000e+00  0.000000e+00  0.000000e+00  0.000000e+00  0.000000e+00  0.000000e+00  0.000000e+00  0.000000e+00  0.000000e+00  0.000000e+00  0.000000e+00  0.000000e+00  0.000000e+00  0.000000e+00  0.000000e+00  0.000000e+00  0.000000e+00  0.000000e+00  0.000000e+00  0.000000e+00  0.000000e+00  0.000000e+00  0.000000e+00  0.000000e+00  0.000000e+00  0.000000e+00  0.000000e+00  0.000000e+00  0.000000e+00  0.000000e+00  0.000000e+00  0.000000e+00  0.000000e+00  0.000000e+00  0.000000e+00  0.000000e+00  0.000000e+00  0.000000e+00  0.000000e+00  0.000000e+00  0.000000e+00  0.000000e+00  0.000000e+00  0.000000e+00  0.000000e+00  0.000000e+00  0.000000e+00  0.000000e+00  0.000000e+00  0.000000e+00  0.000000e+00  0.000000e+00  0.000000e+00  0.000000e+00  0.000000e+00  0.000000e+00  0.000000e+00  0.000000e+00  0.000000e+00  0.000000e+00  0.000000e+00  0.000000e+00  0.000000e+00  0.000000e+00  0.000000e+00  0.000000e+00  0.000000e+00  0.000000e+00  0.000000e+00  0.000000e+00  0.000000e+00  0.000000e+00  0.000000e+00  0.000000e+00  0.000000e+00  0.000000e+00  0.000000e+00  0.000000e+00  0.000000e+00  0.000000e+00  0.000000e+00  0.000000e+00  0.000000e+00  0.000000e+00  0.000000e+00  0.000000e+00  0.000000e+00  0.000000e+00  0.000000e+00  0.000000e+00  0.000000e+00  0.000000e+00  0.000000e+00  0.000000e+00  0.000000e+00  0.000000e+00  0.000000e+00  0.000000e+00  0.000000e+00  0.000000e+00  0.000000e+00  0.000000e+00  0.000000e+00  0.000000e+00  0.000000e+00  0.000000e+00  0.000000e+00  0.000000e+00  0.000000e+00  0.000000e+00  0.000000e+00  0.000000e+00  0.000000e+00  0.000000e+00  0.000000e+00  0.000000e+00  0.000000e+00  0.000000e+00  0.000000e+00  0.000000e+00  0.000000e+00  0.000000e+00  0.000000e+00  0.000000e+00  0.000000e+00  0.000000e+00  0.000000e+00  0.000000e+00  0.000000e+00  0.000000e+00  3.290544e-31  2.371348e-31  0.000000e+00  0.000000e+00  0.000000e+00  0.000000e+00  0.000000e+00  0.000000e+00  0.000000e+00  0.000000e+00  0.000000e+00  0.000000e+00  0.000000e+00  0.000000e+00  0.000000e+00  0.000000e+00  0.000000e+00  0.000000e+00  4.964000e-30  1.194168e-30  1.290782e-31  7.712758e-31  7.758633e-31  1.462479e-31  0.000000e+00  0.000000e+00  0.000000e+00  0.000000e+00  0.000000e+00  0.000000e+00  0.000000e+00  0.000000e+00  0.000000e+00  0.000000e+00  0.000000e+00  0.000000e+00  0.000000e+00  0.000000e+00  0.000000e+00  0.000000e+00  6.468395e-30  1.480324e-30  1.342706e-31  0.000000e+00  6.067041e-30  5.601123e-30  1.643056e-30  8.101930e-32  0.000000e+00  5.632914e-31  7.628478e-31  2.324562e-31  0.000000e+00  0.000000e+00  0.000000e+00  0.000000e+00  0.000000e+00  0.000000e+00  0.000000e+00  0.000000e+00  0.000000e+00  0.000000e+00  0.000000e+00  1.284925e-29  4.200363e-30  7.014534e-31  1.173200e-31  0.000000e+00  0.000000e+00  0.000000e+00  0.000000e+00  0.000000e+00  0.000000e+00  0.000000e+00  0.000000e+00  0.000000e+00  0.000000e+00  0.000000e+00  0.000000e+00  0.000000e+00  0.000000e+00  0.000000e+00  0.000000e+00  0.000000e+00  0.000000e+00  1.084789e-29  1.014749e-29  4.354529e-30  2.534952e-31  0.000000e+00  0.000000e+00  9.977523e-29  6.056911e-29  1.688058e-29  2.217220e-30  2.027387e-31  4.197123e-29  2.385649e-29  6.432390e-30  7.982930e-31  8.152026e-31  4.821987e-31  1.161384e-32  2.116312e-30  4.730870e-31  5.816311e-31  0.000000e+00  0.000000e+00  0.000000e+00  0.000000e+00  0.000000e+00  0.000000e+00  0.000000e+00  0.000000e+00  0.000000e+00  0.000000e+00  0.000000e+00  0.000000e+00  0.000000e+00  0.000000e+00  0.000000e+00  0.000000e+00  0.000000e+00  0.000000e+00  0.000000e+00  0.000000e+00  0.000000e+00  0.000000e+00  0.000000e+00  0.000000e+00  0.000000e+00  0.000000e+00  0.000000e+00  0.000000e+00  0.000000e+00  0.000000e+00  0.000000e+00  0.000000e+00  0.000000e+00  0.000000e+00  0.000000e+00  0.000000e+00  0.000000e+00  0.000000e+00  0.000000e+00  1.284392e-28  2.197094e-28  1.999674e-28  5.174148e-29  5.650417e-30  1.076397e-30  4.882587e-28  2.838160e-28  1.408992e-28  4.752707e-29  1.194966e-29  5.813433e-30  1.129987e-30  6.466032e-29  3.291706e-29  2.017885e-29  3.580364e-30  6.177806e-31  5.662012e-30  3.655848e-30  2.662975e-30  6.067391e-31  1.352191e-32  8.762971e-31  3.197233e-30  1.670631e-30  5.843728e-31  6.691033e-32  0.000000e+00  0.000000e+00  0.000000e+00  0.000000e+00  0.000000e+00  0.000000e+00  0.000000e+00  0.000000e+00  0.000000e+00  0.000000e+00  0.000000e+00  0.000000e+00  0.000000e+00  0.000000e+00  0.000000e+00  0.000000e+00  0.000000e+00  0.000000e+00  0.000000e+00  0.000000e+00  0.000000e+00  0.000000e+00  0.000000e+00  0.000000e+00  0.000000e+00  0.000000e+00  0.000000e+00  0.000000e+00  0.000000e+00  0.000000e+00  0.000000e+00  0.000000e+00  0.000000e+00  0.000000e+00  0.000000e+00  0.000000e+00  0.000000e+00  0.000000e+00  0.000000e+00  0.000000e+00  0.000000e+00  0.000000e+00  0.000000e+00  0.000000e+00  3.015906e-27  1.410309e-27  1.642166e-27  3.839448e-28  8.737909e-29  4.253373e-29  1.021102e-29  1.975435e-27  7.938862e-28  3.200384e-28  1.203088e-28  1.396773e-29  5.095640e-29  2.428307e-29  8.650820e-30  6.392742e-30  1.821762e-30  7.014419e-31  3.855343e-31  1.445768e-31  1.886938e-29  3.291390e-29  1.275934e-29  1.069421e-29  1.996556e-30  7.770762e-31  1.961713e-30  2.876401e-30  9.173619e-30  3.908598e-30  4.307674e-30  4.443800e-31  2.030388e-31  0.000000e+00  0.000000e+00  0.000000e+00  0.000000e+00  0.000000e+00  1.698616e-29  1.757176e-29  7.864265e-30  3.440517e-30  1.537681e-30  2.066413e-31  0.000000e+00  0.000000e+00  0.000000e+00  3.937727e-29  3.196722e-29  2.742174e-29  6.992310e-30  2.248350e-30  5.305648e-31  6.060175e-32  0.000000e+00  0.000000e+00  2.338769e-30  2.134837e-29  1.087668e-29  7.785986e-30  1.509372e-30  2.471416e-31  9.002401e-38  0.000000e+00  0.000000e+00  0.000000e+00  0.000000e+00  0.000000e+00  0.000000e+00  0.000000e+00  0.000000e+00  0.000000e+00  0.000000e+00  0.000000e+00  0.000000e+00  0.000000e+00  0.000000e+00  0.000000e+00  0.000000e+00  0.000000e+00  0.000000e+00  2.971640e-31  9.014861e-31  5.162741e-31  5.739068e-31  0.000000e+00  0.000000e+00  1.717465e-26  6.962664e-27  3.382240e-27  6.175979e-27  1.547786e-27  4.820485e-28  4.065506e-28  2.220838e-28  1.540371e-28  3.718808e-29  2.352182e-29  5.871645e-30  3.888917e-30  1.160683e-30  2.031104e-31  3.215195e-32  1.112220e-31  3.984873e-31  1.032448e-30  5.773793e-32  6.036990e-31  0.000000e+00  0.000000e+00  0.000000e+00  1.017558e-28  1.387031e-28  2.238146e-29  4.126260e-29  2.023221e-29  5.520096e-30  1.294671e-30  2.998131e-30  1.668925e-30  1.528344e-31  1.015417e-31  0.000000e+00  0.000000e+00  0.000000e+00  0.000000e+00  6.138153e-30  4.056581e-28  1.299082e-28  1.834384e-28  1.123998e-28  2.152140e-29  1.137994e-29  9.025182e-31  2.050853e-31  2.396706e-32  0.000000e+00  1.298616e-31  2.515302e-29  1.828864e-27  1.518959e-27  1.666458e-27  1.074813e-27  4.814747e-28  2.389214e-28  2.739481e-29  7.670173e-30  2.024179e-30  8.250720e-31  1.007970e-27  1.322143e-27  4.491098e-28  9.082385e-28  3.399247e-28  1.635350e-28  4.497867e-29  1.759438e-29  1.404214e-29  6.466498e-30  3.238913e-29  8.453793e-30  2.324193e-29  1.409132e-29  7.810096e-29  3.498355e-29  1.335541e-29  8.650090e-29  2.917872e-29  1.093731e-29  2.087597e-30  1.288851e-29  5.679407e-30  9.445935e-30  7.031483e-30  1.663463e-30  2.600737e-31  0.000000e+00  0.000000e+00  0.000000e+00  0.000000e+00  4.808639e-31  9.547415e-31  1.094246e-29  4.811072e-29  8.820054e-30  7.526257e-30  4.277674e-30  3.306759e-30  1.207780e-31  0.000000e+00  0.000000e+00  0.000000e+00  0.000000e+00  0.000000e+00  0.000000e+00  0.000000e+00  7.117955e-31  9.200633e-29  2.136568e-28  4.169563e-29  1.199350e-28  2.190673e-29  1.163076e-29  1.919348e-30  6.182247e-31  5.249541e-32  4.728471e-31  1.933988e-31  7.728441e-32  2.441820e-30  1.571223e-29  1.127597e-28  7.467867e-29  7.403513e-29  8.502731e-29  3.027987e-29  5.685790e-30  3.166620e-30  1.897423e-30  8.789549e-31  7.046861e-31  0.000000e+00  0.000000e+00  0.000000e+00  0.000000e+00  0.000000e+00  0.000000e+00  8.156127e-31  6.500552e-30  1.323180e-29  1.147940e-29  2.181133e-29  4.044888e-29  1.432215e-29  2.371036e-30  1.555939e-30  2.289756e-32  0.000000e+00  0.000000e+00  0.000000e+00  0.000000e+00  0.000000e+00  0.000000e+00  0.000000e+00  0.000000e+00  0.000000e+00  0.000000e+00  2.258396e-31  4.103679e-31  1.415962e-31  3.220774e-31  2.640951e-31  9.751491e-32  6.204748e-32  9.890786e-29  3.853283e-26  1.031151e-26  1.987280e-26  2.386297e-26  1.761541e-26  6.793847e-28  1.096417e-27  3.172150e-28  1.926278e-28  3.298675e-29  8.726808e-29  3.812501e-29  7.918496e-26  1.385711e-25  5.207767e-26  6.499949e-26  2.141798e-26  3.699340e-27  1.453946e-26  2.227267e-27  2.011503e-27  9.540598e-28  5.454520e-28  1.538066e-28  5.129700e-28  1.023914e-27  6.753558e-27  2.073145e-26  3.720605e-27  1.981212e-26  8.129568e-27  4.769999e-27  2.972385e-27  2.146645e-28  4.960068e-28  8.292216e-28  5.349250e-28  1.028443e-27  5.515811e-28  7.516222e-28  4.701646e-28  3.627465e-28  1.675591e-28  1.015450e-28  3.694890e-29  1.368973e-29  1.596799e-29  5.246436e-30  3.569675e-30  8.099084e-30  2.541050e-30  3.683046e-29  2.885637e-29  7.964272e-29  2.338295e-28  2.082281e-28  1.911398e-28  1.197175e-28  2.735784e-28  5.496839e-28  1.288394e-28  1.266822e-28  2.744816e-29  9.867765e-30
0.000000e+00  0.000000e+00  0.000000e+00  0.000000e+00  0.000000e+00  0.000000e+00  0.000000e+00  0.000000e+00  0.000000e+00  0.000000e+00  0.000000e+00  0.000000e+00  0.000000e+00  0.000000e+00  0.000000e+00  0.000000e+00  0.000000e+00  0.000000e+00  0.000000e+00  0.000000e+00  0.000000e+00  0.000000e+00  0.000000e+00  0.000000e+00  0.000000e+00  0.000000e+00  0.000000e+00  0.000000e+00  0.000000e+00  0.000000e+00  0.000000e+00  0.000000e+00  0.000000e+00  0.000000e+00  0.000000e+00  0.000000e+00  0.000000e+00  0.000000e+00  0.000000e+00  0.000000e+00  0.000000e+00  0.000000e+00  0.000000e+00  0.000000e+00  0.000000e+00  0.000000e+00  0.000000e+00  0.000000e+00  0.000000e+00  0.000000e+00  0.000000e+00  0.000000e+00  0.000000e+00  0.000000e+00  0.000000e+00  0.000000e+00  0.000000e+00  0.000000e+00  0.000000e+00  0.000000e+00  0.000000e+00  0.000000e+00  0.000000e+00  0.000000e+00  0.000000e+00  0.000000e+00  0.000000e+00  0.000000e+00  0.000000e+00  0.000000e+00  0.000000e+00  0.000000e+00  0.000000e+00  0.000000e+00  0.000000e+00  0.000000e+00  0.000000e+00  0.000000e+00  0.000000e+00  0.000000e+00  0.000000e+00  0.000000e+00  0.000000e+00  0.000000e+00  0.000000e+00  0.000000e+00  0.000000e+00  0.000000e+00  0.000000e+00  0.000000e+00  0.000000e+00  0.000000e+00  0.000000e+00  0.000000e+00  0.000000e+00  0.000000e+00  0.000000e+00  0.000000e+00  0.000000e+00  0.000000e+00  0.000000e+00  0.000000e+00  0.000000e+00  0.000000e+00  0.000000e+00  0.000000e+00  0.000000e+00  0.000000e+00  0.000000e+00  0.000000e+00  0.000000e+00  0.000000e+00  0.000000e+00  0.000000e+00  0.000000e+00  0.000000e+00  0.000000e+00  0.000000e+00  0.000000e+00  0.000000e+00  0.000000e+00  0.000000e+00  0.000000e+00  0.000000e+00  0.000000e+00  0.000000e+00  0.000000e+00  0.000000e+00  0.000000e+00  0.000000e+00  0.000000e+00  0.000000e+00  0.000000e+00  0.000000e+00  0.000000e+00  0.000000e+00  0.000000e+00  0.000000e+00  0.000000e+00  0.000000e+00  0.000000e+00  0.000000e+00  0.000000e+00  0.000000e+00  0.000000e+00  0.000000e+00  0.000000e+00  0.000000e+00  0.000000e+00  0.000000e+00  0.000000e+00  0.000000e+00  0.000000e+00  0.000000e+00  0.000000e+00  0.000000e+00  0.000000e+00  0.000000e+00  0.000000e+00  0.000000e+00  0.000000e+00  0.000000e+00  0.000000e+00  0.000000e+00  0.000000e+00  0.000000e+00  0.000000e+00  0.000000e+00  0.000000e+00  0.000000e+00  0.000000e+00  0.000000e+00  0.000000e+00  0.000000e+00  0.000000e+00  0.000000e+00  0.000000e+00  0.000000e+00  0.000000e+00  0.000000e+00  0.000000e+00  0.000000e+00  0.000000e+00  0.000000e+00  0.000000e+00  0.000000e+00  0.000000e+00  0.000000e+00  0.000000e+00  0.000000e+00  0.000000e+00  0.000000e+00  0.000000e+00  0.000000e+00  0.000000e+00  0.000000e+00  0.000000e+00  0.000000e+00  0.000000e+00  0.000000e+00  0.000000e+00  0.000000e+00  0.000000e+00  0.000000e+00  0.000000e+00  0.000000e+00  0.000000e+00  0.000000e+00  0.000000e+00  0.000000e+00  0.000000e+00  0.000000e+00  0.000000e+00  0.000000e+00  0.000000e+00  0.000000e+00  0.000000e+00  0.000000e+00  0.000000e+00  0.000000e+00  0.000000e+00  0.000000e+00  0.000000e+00  0.000000e+00  0.000000e+00  0.000000e+00  0.000000e+00  0.000000e+00  0.000000e+00  0.000000e+00  0.000000e+00  0.000000e+00  0.000000e+00  0.000000e+00  0.000000e+00  3.457530e-31  2.507040e-31  0.000000e+00  0.000000e+00  0.000000e+00  0.000000e+00  0.000000e+00  0.000000e+00  0.000000e+00  0.000000e+00  0.000000e+00  0.000000e+00  0.000000e+00  0.000000e+00  0.000000e+00  0.000000e+00  0.000000e+00  0.000000e+00  5.197305e-30  1.144237e-30  9.619128e-32  7.830425e-31  8.204925e-31  1.332310e-31  0.000000e+00  0.000000e+00  0.000000e+00  0.000000e+00  0.000000e+00  0.000000e+00  0.000000e+00  0.000000e+00  0.000000e+00  0.000000e+00  0.000000e+00  0.000000e+00  0.000000e+00  0.000000e+00  0.000000e+00  0.000000e+00  6.838166e-30  1.397255e-30  1.082784e-31  0.000000e+00  6.125928e-30  6.081762e-30  1.416276e-30  5.492147e-32  0.000000e+00  5.489910e-31  8.145486e-31  2.056953e-31  0.000000e+00  0.000000e+00  0.000000e+00  0.000000e+00  0.000000e+00  0.000000e+00  0.000000e+00  0.000000e+00  0.000000e+00  0.000000e+00  0.000000e+00  1.346492e-29  4.139208e-30  5.279656e-31  7.421190e-32  0.000000e+00  0.000000e+00  0.000000e+00  0.000000e+00  0.000000e+00  0.000000e+00  0.000000e+00  0.000000e+00  0.000000e+00  0.000000e+00  0.000000e+00  0.000000e+00  0.000000e+00  0.000000e+00  0.000000e+00  0.000000e+00  0.000000e+00  0.000000e+00  1.028560e-29  1.088949e-29  3.940984e-30  1.621851e-31  0.000000e+00  0.000000e+00  1.047199e-28  6.390500e-29  1.444816e-29  1.382638e-30  9.610175e-32  4.279772e-29  2.531867e-29  5.516571e-30  4.946556e-31  5.093372e-31  2.879017e-31  5.669381e-33  2.174928e-30  4.558198e-31  5.435561e-31  0.000000e+00  0.000000e+00  0.000000e+00  0.000000e+00  0.000000e+00  0.000000e+00  0.000000e+00  0.000000e+00  0.000000e+00  0.000000e+00  0.000000e+00  0.000000e+00  0.000000e+00  0.000000e+00  0.000000e+00  0.000000e+00  0.000000e+00  0.000000e+00  0.000000e+00  0.000000e+00  0.000000e+00  0.000000e+00  0.000000e+00  0.000000e+00  0.000000e+00  0.000000e+00  0.000000e+00  0.000000e+00  0.000000e+00  0.000000e+00  0.000000e+00  0.000000e+00  0.000000e+00  0.000000e+00  0.000000e+00  0.000000e+00  0.000000e+00  0.000000e+00  0.000000e+00  1.237849e-28  2.217237e-28  1.986804e-28  4.244003e-29  3.269862e-30  5.283001e-31  4.996987e-28  3.040668e-28  1.284406e-28  3.458055e-29  7.359752e-30  3.274857e-30  4.901623e-31  6.332872e-29  3.529284e-29  1.891076e-29  2.658381e-30  3.573027e-31  5.053412e-30  3.395202e-30  2.462475e-30  4.946884e-31  8.185389e-33  8.067290e-31  3.379240e-30  1.742608e-30  5.102105e-31  4.983486e-32  0.000000e+00  0.000000e+00  0.000000e+00  0.000000e+00  0.000000e+00  0.000000e+00  0.000000e+00  0.000000e+00  0.000000e+00  0.000000e+00  0.000000e+00  0.000000e+00  0.000000e+00  0.000000e+00  0.000000e+00  0.000000e+00  0.000000e+00  0.000000e+00  0.000000e+00  0.000000e+00  0.000000e+00  0.000000e+00  0.000000e+00  0.000000e+00  0.000000e+00  0.000000e+00  0.000000e+00  0.000000e+00  0.000000e+00  0.000000e+00  0.000000e+00  0.000000e+00  0.000000e+00  0.000000e+00  0.000000e+00  0.000000e+00  0.000000e+00  0.000000e+00  0.000000e+00  0.000000e+00  0.000000e+00  0.000000e+00  0.000000e+00  0.000000e+00  3.061958e-27  1.533659e-27  1.667287e-27  3.129432e-28  5.506837e-29  2.467717e-29  4.820310e-30  2.035097e-27  8.205930e-28  3.038223e-28  9.865445e-29  8.547167e-30  3.012909e-29  1.713702e-29  5.838650e-30  4.304721e-30  1.190252e-30  3.237123e-31  1.372937e-31  4.595968e-32  1.883638e-29  3.572735e-29  1.314912e-29  9.974543e-30  1.503550e-30  4.738240e-31  1.735522e-30  3.054895e-30  9.487608e-30  3.975810e-30  4.233821e-30  3.713489e-31  1.474514e-31  0.000000e+00  0.000000e+00  0.000000e+00  0.000000e+00  0.000000e+00  1.708743e-29  2.003556e-29  7.694214e-30  3.080230e-30  1.180427e-30  1.250174e-31  0.000000e+00  0.000000e+00  0.000000e+00  3.754936e-29  3.658485e-29  2.824772e-29  6.642890e-30  1.650761e-30  3.355462e-31  3.369554e-32  0.000000e+00  0.000000e+00  1.740290e-30  2.272489e-29  1.187844e-29  7.870071e-30  1.222563e-30  1.530489e-31  5.865358e-39  0.000000e+00  0.000000e+00  0.000000e+00  0.000000e+00  0.000000e+00  0.000000e+00  0.000000e+00  0.000000e+00  0.000000e+00  0.000000e+00  0.000000e+00  0.000000e+00  0.000000e+00  0.000000e+00  0.000000e+00  0.000000e+00  0.000000e+00  0.000000e+00  2.605807e-31  9.648390e-31  5.255351e-31  5.284421e-31  0.000000e+00  0.000000e+00  1.743747e-26  7.968427e-27  3.069847e-27  5.961548e-27  1.273401e-27  2.934796e-28  2.714674e-28  1.577142e-28  9.664977e-29  2.539679e-29  1.159395e-29  2.824437e-30  1.535841e-30  4.957961e-31  4.973026e-32  6.562483e-33  3.353495e-32  3.695154e-31  9.898149e-31  2.878042e-32  5.797651e-31  0.000000e+00  0.000000e+00  0.000000e+00  1.005667e-28  1.533983e-28  2.102299e-29  4.062728e-29  1.861444e-29  3.371816e-30  7.795551e-31  1.874711e-30  9.432823e-31  6.548960e-32  4.438739e-32  0.000000e+00  0.000000e+00  0.000000e+00  0.000000e+00  3.286912e-30  3.998456e-28  1.435276e-28  1.899226e-28  1.103906e-28  1.582111e-29  8.096511e-30  4.592502e-31  8.467321e-32  8.504660e-33  0.000000e+00  6.698587e-32  2.112512e-29  1.785736e-27  1.725112e-27  1.818695e-27  1.049821e-27  4.282250e-28  1.834036e-28  1.619014e-29  4.551975e-30  1.031513e-30  3.910934e-31  9.309648e-28  1.405531e-27  4.651359e-28  9.409939e-28  2.986578e-28  1.217787e-28  2.789770e-29  1.139116e-29  7.905189e-30  3.126218e-30  3.103959e-29  8.335191e-30  2.467254e-29  1.336175e-29  7.336155e-29  3.665211e-29  1.166915e-29  8.941445e-29  2.596739e-29  8.084012e-30  1.235450e-30  1.092101e-29  5.319917e-30  8.979954e-30  6.188274e-30  1.071486e-30  1.169045e-31  0.000000e+00  0.000000e+00  0.000000e+00  0.000000e+00  2.843612e-31  6.320363e-31  9.398532e-30  5.182896e-29  9.369521e-30  7.392829e-30  3.535771e-30  2.599071e-30  6.500642e-32  0.000000e+00  0.000000e+00  0.000000e+00  0.000000e+00  0.000000e+00  0.000000e+00  0.000000e+00  2.880761e-31  8.199927e-29  2.317580e-28  4.545792e-29  1.295248e-28  1.924948e-29  8.587224e-30  1.128543e-30  3.042935e-31  2.104754e-32  1.594096e-31  6.804630e-32  2.449568e-32  1.812247e-30  1.319863e-29  1.124568e-28  8.238945e-29  8.300253e-29  8.766227e-29  2.638259e-29  3.711033e-30  2.025684e-30  1.178266e-30  4.735345e-31  3.522339e-31  0.000000e+00  0.000000e+00  0.000000e+00  0.000000e+00  0.000000e+00  0.000000e+00  5.612694e-31  6.126503e-30  1.390218e-29  1.017879e-29  2.190775e-29  4.227671e-29  1.301608e-29  2.145006e-30  1.347560e-30  1.166582e-32  0.000000e+00  0.000000e+00  0.000000e+00  0.000000e+00  0.000000e+00  0.000000e+00  0.000000e+00  0.000000e+00  0.000000e+00  0.000000e+00  7.178917e-32  1.538737e-31  5.749302e-32  1.213416e-31  9.461887e-32  2.997650e-32  1.798738e-32  4.586859e-29  3.541208e-26  1.121272e-26  2.152404e-26  2.547426e-26  1.611906e-26  4.266232e-28  7.359642e-28  1.958141e-28  1.050326e-28  2.076570e-29  8.704670e-29  3.246194e-29  6.980241e-26  1.531133e-25  5.999245e-26  7.032091e-26  1.972883e-26  2.265120e-27  1.172864e-26  1.423150e-27  1.224583e-27  5.195087e-28  2.868624e-28  7.386110e-29  4.741126e-28  9.843673e-28  5.407097e-27  2.150405e-26  4.192433e-27  2.191309e-26  7.718026e-27  4.117495e-27  2.636892e-27  1.406609e-28  2.781467e-28  5.197047e-28  4.415563e-28  9.109670e-28  3.646361e-28  7.570513e-28  4.262281e-28  3.170520e-28  1.422180e-28  7.360928e-29  2.242118e-29  7.002506e-30  7.989059e-30  2.272471e-30  1.832568e-30  7.097890e-30  1.085784e-30  2.764304e-29  2.210405e-29  6.862048e-29  2.168456e-28  1.829947e-28  1.800196e-28  1.134941e-28  2.865059e-28  5.778968e-28  1.106245e-28  1.088329e-28  1.884665e-29  6.708789e-30
0.000000e+00  0.000000e+00  0.000000e+00  0.000000e+00  0.000000e+00  0.000000e+00  0.000000e+00  0.000000e+00  0.000000e+00  0.000000e+00  0.000000e+00  0.000000e+00  0.000000e+00  0.000000e+00  0.000000e+00  0.000000e+00  0.000000e+00  0.000000e+00  0.000000e+00  0.000000e+00  0.000000e+00  0.000000e+00  0.000000e+00  0.000000e+00  0.000000e+00  0.000000e+00  0.000000e+00  0.000000e+00  0.000000e+00  0.000000e+00  0.000000e+00  0.000000e+00  0.000000e+00  0.000000e+00  0.000000e+00  0.000000e+00  0.000000e+00  0.000000e+00  0.000000e+00  0.000000e+00  0.000000e+00  0.000000e+00  0.000000e+00  0.000000e+00  0.000000e+00  0.000000e+00  0.000000e+00  0.000000e+00  0.000000e+00  0.000000e+00  0.000000e+00  0.000000e+00  0.000000e+00  0.000000e+00  0.000000e+00  0.000000e+00  0.000000e+00  0.000000e+00  0.000000e+00  0.000000e+00  0.000000e+00  0.000000e+00  0.000000e+00  0.000000e+00  0.000000e+00  0.000000e+00  0.000000e+00  0.000000e+00  0.000000e+00  0.000000e+00  0.000000e+00  0.000000e+00  0.000000e+00  0.000000e+00  0.000000e+00  0.000000e+00  0.000000e+00  0.000000e+00  0.000000e+00  0.000000e+00  0.000000e+00  0.000000e+00  0.000000e+00  0.000000e+00  0.000000e+00  0.000000e+00  0.000000e+00  0.000000e+00  0.000000e+00  0.000000e+00  0.000000e+00  0.000000e+00  0.000000e+00  0.000000e+00  0.000000e+00  0.000000e+00  0.000000e+00  0.000000e+00  0.000000e+00  0.000000e+00  0.000000e+00  0.000000e+00  0.000000e+00  0.000000e+00  0.000000e+00  0.000000e+00  0.000000e+00  0.000000e+00  0.000000e+00  0.000000e+00  0.000000e+00  0.000000e+00  0.000000e+00  0.000000e+00  0.000000e+00  0.000000e+00  0.000000e+00  0.000000e+00  0.000000e+00  0.000000e+00  0.000000e+00  0.000000e+00  0.000000e+00  0.000000e+00  0.000000e+00  0.000000e+00  0.000000e+00  0.000000e+00  0.000000e+00  0.000000e+00  0.000000e+00  0.000000e+00  0.000000e+00  0.000000e+00  0.000000e+00  0.000000e+00  0.000000e+00  0.000000e+00  0.000000e+00  0.000000e+00  0.000000e+00  0.000000e+00  0.000000e+00  0.000000e+00  0.000000e+00  0.000000e+00  0.000000e+00  0.000000e+00  0.000000e+00  0.000000e+00  0.000000e+00  0.000000e+00  0.000000e+00  0.000000e+00  0.000000e+00  0.000000e+00  0.000000e+00  0.000000e+00  0.000000e+00  0.000000e+00  0.000000e+00  0.000000e+00  0.000000e+00  0.000000e+00  0.000000e+00  0.000000e+00  0.000000e+00  0.000000e+00  0.000000e+00  0.000000e+00  0.000000e+00  0.000000e+00  0.000000e+00  0.000000e+00  0.000000e+00  0.000000e+00  0.000000e+00  0.000000e+00  0.000000e+00  0.000000e+00  0.000000e+00  0.000000e+00  0.000000e+00  0.000000e+00  0.000000e+00  0.000000e+00  0.000000e+00  0.000000e+00  0.000000e+00  0.000000e+00  0.000000e+00  0.000000e+00  0.000000e+00  0.000000e+00  0.000000e+00  0.000000e+00  0.000000e+00  0.000000e+00  0.000000e+00  0.000000e+00  0.000000e+00  0.000000e+00  0.000000e+00  0.000000e+00  0.000000e+00  0.000000e+00  0.000000e+00  0.000000e+00  0.000000e+00  0.000000e+00  0.000000e+00  0.000000e+00  0.000000e+00  0.000000e+00  0.000000e+00  0.000000e+00  0.000000e+00  0.000000e+00  0.000000e+00  0.000000e+00  0.000000e+00  0.000000e+00  0.000000e+00  0.000000e+00  0.000000e+00  0.000000e+00  0.000000e+00  0.000000e+00  0.000000e+00  0.000000e+00  0.000000e+00  0.000000e+00  0.000000e+00  0.000000e+00  0.000000e+00  3.197425e-31  2.297344e-31  0.000000e+00  0.000000e+00  0.000000e+00  0.000000e+00  0.000000e+00  0.000000e+00  0.000000e+00  0.000000e+00  0.000000e+00  0.000000e+00  0.000000e+00  0.000000e+00  0.000000e+00  0.000000e+00  0.000000e+00  0.000000e+00  4.840615e-30  1.210813e-30  1.460638e-31  7.627722e-31  7.521364e-31  1.513136e-31  0.000000e+00  0.000000e+00  0.000000e+00  0.000000e+00  0.000000e+00  0.000000e+00  0.000000e+00  0.000000e+00  0.000000e+00  0.000000e+00  0.000000e+00  0.000000e+00  0.000000e+00  0.000000e+00  0.000000e+00  0.000000e+00  6.284104e-30  1.510317e-30  1.466222e-31  0.000000e+00  6.030258e-30  5.367126e-30  1.742633e-30  9.586076e-32  0.000000e+00  5.669886e-31  7.358978e-31  2.433101e-31  0.000000e+00  0.000000e+00  0.000000e+00  0.000000e+00  0.000000e+00  0.000000e+00  0.000000e+00  0.000000e+00  0.000000e+00  0.000000e+00  0.000000e+00  1.254460e-29  4.203453e-30  7.889085e-31  1.428397e-31  0.000000e+00  0.000000e+00  0.000000e+00  0.000000e+00  0.000000e+00  0.000000e+00  0.000000e+00  0.000000e+00  0.000000e+00  0.000000e+00  0.000000e+00  0.000000e+00  0.000000e+00  0.000000e+00  0.000000e+00  0.000000e+00  0.000000e+00  0.000000e+00  1.104660e-29  9.790808e-30  4.531692e-30  3.064455e-31  0.000000e+00  0.000000e+00  9.738792e-29  5.875039e-29  1.804129e-29  2.713756e-30  2.800709e-31  4.144853e-29  2.311356e-29  6.840913e-30  9.812690e-31  9.987024e-31  6.024000e-31  1.581407e-32  2.082248e-30  4.778919e-31  5.964037e-31  0.000000e+00  0.000000e+00  0.000000e+00  0.000000e+00  0.000000e+00  0.000000e+00  0.000000e+00  0.000000e+00  0.000000e+00  0.000000e+00  0.000000e+00  0.000000e+00  0.000000e+00  0.000000e+00  0.000000e+00  0.000000e+00  0.000000e+00  0.000000e+00  0.000000e+00  0.000000e+00  0.000000e+00  0.000000e+00  0.000000e+00  0.000000e+00  0.000000e+00  0.000000e+00  0.000000e+00  0.000000e+00  0.000000e+00  0.000000e+00  0.000000e+00  0.000000e+00  0.000000e+00  0.000000e+00  0.000000e+00  0.000000e+00  0.000000e+00  0.000000e+00  0.000000e+00  1.297905e-28  2.179054e-28  1.997330e-28  5.627511e-29  7.147048e-30  1.465841e-30  4.822034e-28  2.739559e-28  1.456182e-28  5.454360e-29  1.473300e-29  7.460300e-30  1.626214e-30  6.511506e-29  3.180003e-29  2.064009e-29  4.062992e-30  7.828695e-31  6.064013e-30  3.833544e-30  2.779748e-30  6.654772e-31  1.669610e-32  9.021322e-31  3.108185e-30  1.631187e-30  6.166754e-31  7.574836e-32  0.000000e+00  0.000000e+00  0.000000e+00  0.000000e+00  0.000000e+00  0.000000e+00  0.000000e+00  0.000000e+00  0.000000e+00  0.000000e+00  0.000000e+00  0.000000e+00  0.000000e+00  0.000000e+00  0.000000e+00  0.000000e+00  0.000000e+00  0.000000e+00  0.000000e+00  0.000000e+00  0.000000e+00  0.000000e+00  0.000000e+00  0.000000e+00  0.000000e+00  0.000000e+00  0.000000e+00  0.000000e+00  0.000000e+00  0.000000e+00  0.000000e+00  0.000000e+00  0.000000e+00  0.000000e+00  0.000000e+00  0.000000e+00  0.000000e+00  0.000000e+00  0.000000e+00  0.000000e+00  0.000000e+00  0.000000e+00  0.000000e+00  0.000000e+00  2.985630e-27  1.354141e-27  1.620473e-27  4.215868e-28  1.062533e-28  5.386327e-29  1.412622e-29  1.945823e-27  7.772446e-28  3.262500e-28  1.305567e-28  1.723387e-29  6.411819e-29  2.862979e-29  1.063800e-29  7.950425e-30  2.309669e-30  1.019762e-30  6.056482e-31  2.382120e-31  1.880698e-29  3.163741e-29  1.251409e-29  1.101420e-29  2.248503e-30  9.605815e-31  2.074560e-30  2.782664e-30  9.017015e-30  3.854468e-30  4.314684e-30  4.783774e-31  2.326711e-31  0.000000e+00  0.000000e+00  0.000000e+00  0.000000e+00  0.000000e+00  1.692070e-29  1.646958e-29  7.873799e-30  3.592308e-30  1.718465e-30  2.562767e-31  0.000000e+00  0.000000e+00  0.000000e+00  4.002279e-29  2.994216e-29  2.687788e-29  7.146133e-30  2.567691e-30  6.474323e-31  7.805225e-32  0.000000e+00  0.000000e+00  2.649467e-30  2.063336e-29  1.039568e-29  7.703064e-30  1.647268e-30  3.035222e-31  1.267214e-39  0.000000e+00  0.000000e+00  0.000000e+00  0.000000e+00  0.000000e+00  0.000000e+00  0.000000e+00  0.000000e+00  0.000000e+00  0.000000e+00  0.000000e+00  0.000000e+00  0.000000e+00  0.000000e+00  0.000000e+00  0.000000e+00  0.000000e+00  0.000000e+00  3.119206e-31  8.694069e-31  5.073916e-31  5.903908e-31  0.000000e+00  0.000000e+00  1.701511e-26  6.533329e-27  3.483578e-27  6.233788e-27  1.677211e-27  5.985473e-28  4.855078e-28  2.620356e-28  1.920510e-28  4.611069e-29  3.330731e-29  8.375886e-30  5.951859e-30  1.773885e-30  3.766836e-31  6.429175e-32  1.892214e-31  4.164663e-31  1.081564e-30  8.113040e-32  6.219976e-31  0.000000e+00  0.000000e+00  0.000000e+00  1.018934e-28  1.322423e-28  2.268962e-29  4.126414e-29  2.089513e-29  6.818360e-30  1.606622e-30  3.670374e-30  2.137171e-30  2.194157e-31  1.455964e-31  0.000000e+00  0.000000e+00  0.000000e+00  0.000000e+00  8.075621e-30  4.074198e-28  1.240242e-28  1.797020e-28  1.131224e-28  2.451973e-29  1.317750e-29  1.206138e-30  3.008944e-31  3.759855e-32  0.000000e+00  1.728316e-31  2.709974e-29  1.845982e-27  1.427207e-27  1.599510e-27  1.078902e-27  5.051826e-28  2.675540e-28  3.467059e-29  1.018870e-29  2.846000e-30  1.192194e-30  1.042891e-27  1.278879e-27  4.384323e-28  8.879266e-28  3.569599e-28  1.861886e-28  5.518592e-29  2.122613e-29  1.801402e-29  8.932169e-30  3.335350e-29  8.845593e-30  2.264671e-29  1.457655e-29  8.003820e-29  3.406837e-29  1.391362e-29  8.476161e-29  3.061048e-29  1.242342e-29  2.623811e-30  1.413918e-29  5.918950e-30  9.767460e-30  7.527446e-30  2.039843e-30  3.691260e-31  0.000000e+00  0.000000e+00  0.000000e+00  0.000000e+00  6.027349e-31  1.140294e-30  1.164323e-29  4.631325e-29  8.521089e-30  7.507165e-30  4.601122e-30  3.660350e-30  1.571317e-31  0.000000e+00  0.000000e+00  0.000000e+00  0.000000e+00  0.000000e+00  0.000000e+00  0.000000e+00  1.060368e-30  9.649318e-29  2.051981e-28  4.010267e-29  1.155437e-28  2.311786e-29  1.320057e-29  2.419428e-30  8.428292e-31  7.798299e-32  7.609118e-31  3.048663e-31  1.263916e-31  2.823836e-30  1.702336e-29  1.122894e-28  7.105875e-29  6.993402e-29  8.339365e-29  3.205325e-29  6.810180e-30  3.837972e-30  2.332036e-30  1.145363e-30  9.521904e-31  0.000000e+00  0.000000e+00  0.000000e+00  0.000000e+00  0.000000e+00  0.000000e+00  9.563090e-31  6.641986e-30  1.286359e-29  1.206785e-29  2.179179e-29  3.949579e-29  1.489792e-29  2.506748e-30  1.663652e-30  3.021510e-32  0.000000e+00  0.000000e+00  0.000000e+00  0.000000e+00  0.000000e+00  0.000000e+00  0.000000e+00  0.000000e+00  0.000000e+00  0.000000e+00  3.724290e-31  6.283895e-31  2.095282e-31  4.918978e-31  4.125337e-31  1.630457e-31  1.066902e-31  1.347880e-28  3.978000e-26  9.939553e-27  1.911256e-26  2.308148e-26  1.820181e-26  8.243108e-28  1.300496e-27  3.944166e-28  2.536375e-28  4.253430e-29  8.775305e-29  4.341073e-29  8.352471e-26  1.318288e-25  4.862788e-26  6.244330e-26  2.210453e-26  4.511807e-27  1.590095e-26  2.703535e-27  2.499460e-27  1.259761e-27  7.320542e-28  2.186332e-28  5.425799e-28  1.052470e-27  7.420732e-27  2.027560e-26  3.511131e-27  1.883067e-26  8.248384e-27  5.043640e-27  3.119784e-27  2.576582e-28  6.443606e-28  1.014978e-27  5.839224e-28  1.094787e-27  6.651587e-28  7.676208e-28  4.959923e-28  3.904354e-28  1.858248e-28  1.184222e-28  4.629072e-29  1.878372e-29  2.195731e-29  7.766210e-30  4.947383e-30  9.107406e-30  3.748932e-30  4.272081e-29  3.302121e-29  8.530871e-29  2.427432e-28  2.203181e-28  1.952828e-28  1.212790e-28  2.670402e-28  5.346542e-28  1.368142e-28  1.356809e-28  3.248400e-29  1.183454e-29
0.000000e+00  0.000000e+00  0.000000e+00  0.000000e+00  0.000000e+00  0.000000e+00  0.000000e+00  0.000000e+00  0.000000e+00  0.000000e+00  0.000000e+00  0.000000e+00  0.000000e+00  0.000000e+00  0.000000e+00  0.000000e+00  0.000000e+00  0.000000e+00  0.000000e+00  0.000000e+00  0.000000e+00  0.000000e+00  0.000000e+00  0.000000e+00  0.000000e+00  0.000000e+00  0.000000e+00  0.000000e+00  0.000000e+00  0.000000e+00  0.000000e+00  0.000000e+00  0.000000e+00  0.000000e+00  0.000000e+00  0.000000e+00  0.000000e+00  0.000000e+00  0.000000e+00  0.000000e+00  0.000000e+00  0.000000e+00  0.000000e+00  0.000000e+00  0.000000e+00  0.000000e+00  0.000000e+00  0.000000e+00  0.000000e+00  0.000000e+00  0.000000e+00  0.000000e+00  0.000000e+00  0.000000e+00  0.000000e+00  0.000000e+00  0.000000e+00  0.000000e+00  0.000000e+00  0.000000e+00  0.000000e+00  0.000000e+00  0.000000e+00  0.000000e+00  0.000000e+00  0.000000e+00  0.000000e+00  0.000000e+00  0.000000e+00  0.000000e+00  0.000000e+00  0.000000e+00  0.000000e+00  0.000000e+00  0.000000e+00  0.000000e+00  0.000000e+00  0.000000e+00  0.000000e+00  0.000000e+00  0.000000e+00  0.000000e+00  0.000000e+00  0.000000e+00  0.000000e+00  0.000000e+00  0.000000e+00  0.000000e+00  0.000000e+00  0.000000e+00  0.000000e+00  0.000000e+00  0.000000e+00  0.000000e+00  0.000000e+00  0.000000e+00  0.000000e+00  0.000000e+00  0.000000e+00  0.000000e+00  0.000000e+00  0.000000e+00  0.000000e+00  0.000000e+00  0.000000e+00  0.000000e+00  0.000000e+00  0.000000e+00  0.000000e+00  0.000000e+00  0.000000e+00  0.000000e+00  0.000000e+00  0.000000e+00  0.000000e+00  0.000000e+00  0.000000e+00  0.000000e+00  0.000000e+00  0.000000e+00  0.000000e+00  0.000000e+00  0.000000e+00  0.000000e+00  0.000000e+00  0.000000e+00  0.000000e+00  0.000000e+00  0.000000e+00  0.000000e+00  0.000000e+00  0.000000e+00  0.000000e+00  0.000000e+00  0.000000e+00  0.000000e+00  0.000000e+00  0.000000e+00  0.000000e+00  0.000000e+00  0.000000e+00  0.000000e+00  0.000000e+00  0.000000e+00  0.000000e+00  0.000000e+00  0.000000e+00  0.000000e+00  0.000000e+00  0.000000e+00  0.000000e+00  0.000000e+00  0.000000e+00  0.000000e+00  0.000000e+00  0.000000e+00  0.000000e+00  0.000000e+00  0.000000e+00  0.000000e+00  0.000000e+00  0.000000e+00  0.000000e+00  0.000000e+00  0.000000e+00  0.000000e+00  0.000000e+00  0.000000e+00  0.000000e+00  0.000000e+00  0.000000e+00  0.000000e+00  0.000000e+00  0.000000e+00  0.000000e+00  0.000000e+00  0.000000e+00  0.000000e+00  0.000000e+00  0.000000e+00  0.000000e+00  0.000000e+00  0.000000e+00  0.000000e+00  0.000000e+00  0.000000e+00  0.000000e+00  0.000000e+00  0.000000e+00  0.000000e+00  0.000000e+00  0.000000e+00  0.000000e+00  0.000000e+00  0.000000e+00  0.000000e+00  0.000000e+00  0.000000e+00  0.000000e+00  0.000000e+00  0.000000e+00  0.000000e+00  0.000000e+00  0.000000e+00  0.000000e+00  0.000000e+00  0.000000e+00  0.000000e+00  0.000000e+00  0.000000e+00  0.000000e+00  0.000000e+00  0.000000e+00  0.000000e+00  0.000000e+00  0.000000e+00  0.000000e+00  0.000000e+00  0.000000e+00  0.000000e+00  0.000000e+00  0.000000e+00  0.000000e+00  0.000000e+00  0.000000e+00  0.000000e+00  0.000000e+00  0.000000e+00  0.000000e+00  0.000000e+00  0.000000e+00  0.000000e+00  0.000000e+00  0.000000e+00  0.000000e+00  2.495251e-31  1.763007e-31  0.000000e+00  0.000000e+00  0.000000e+00  0.000000e+00  0.000000e+00  0.000000e+00  0.000000e+00  0.000000e+00  0.000000e+00  0.000000e+00  0.000000e+00  0.000000e+00  0.000000e+00  0.000000e+00  0.000000e+00  0.000000e+00  3.934422e-30  1.194443e-30  2.459315e-31  6.741047e-31  5.862800e-31  1.603558e-31  0.000000e+00  0.000000e+00  0.000000e+00  0.000000e+00  0.000000e+00  0.000000e+00  0.000000e+00  0.000000e+00  0.000000e+00  0.000000e+00  0.000000e+00  0.000000e+00  0.000000e+00  0.000000e+00  0.000000e+00  0.000000e+00  5.062916e-30  1.535287e-30  2.017458e-31  0.000000e+00  5.635844e-30  3.911316e-30  2.097350e-30  2.094253e-31  0.000000e+00  5.404922e-31  5.608209e-31  2.780110e-31  0.000000e+00  0.000000e+00  0.000000e+00  0.000000e+00  0.000000e+00  0.000000e+00  0.000000e+00  0.000000e+00  0.000000e+00  0.000000e+00  0.000000e+00  1.050315e-29  3.917950e-30  1.303644e-30  3.537673e-31  0.000000e+00  0.000000e+00  0.000000e+00  0.000000e+00  0.000000e+00  0.000000e+00  0.000000e+00  0.000000e+00  0.000000e+00  0.000000e+00  0.000000e+00  0.000000e+00  0.000000e+00  0.000000e+00  0.000000e+00  0.000000e+00  0.000000e+00  0.000000e+00  1.127004e-29  7.631738e-30  5.100156e-30  7.079879e-31  0.000000e+00  0.000000e+00  8.129250e-29  4.494607e-29  2.393206e-29  6.702249e-30  1.279065e-30  3.649847e-29  1.804925e-29  8.405018e-30  2.573556e-30  2.530619e-30  1.653925e-30  6.512546e-32  1.766723e-30  4.844912e-31  6.215053e-31  0.000000e+00  0.000000e+00  0.000000e+00  0.000000e+00  0.000000e+00  0.000000e+00  0.000000e+00  0.000000e+00  0.000000e+00  0.000000e+00  0.000000e+00  0.000000e+00  0.000000e+00  0.000000e+00  0.000000e+00  0.000000e+00  0.000000e+00  0.000000e+00  0.000000e+00  0.000000e+00  0.000000e+00  0.000000e+00  0.000000e+00  0.000000e+00  0.000000e+00  0.000000e+00  0.000000e+00  0.000000e+00  0.000000e+00  0.000000e+00  0.000000e+00  0.000000e+00  0.000000e+00  0.000000e+00  0.000000e+00  0.000000e+00  0.000000e+00  0.000000e+00  0.000000e+00  1.238322e-28  2.000401e-28  1.893812e-28  7.871217e-29  2.114540e-29  6.266924e-30  4.381368e-28  2.159302e-28  1.549106e-28  1.025639e-28  3.887629e-29  2.400710e-29  9.294932e-30  6.583978e-29  2.575808e-29  2.089477e-29  6.920497e-30  2.302591e-30  1.025140e-29  5.496130e-30  3.877688e-30  1.101243e-30  4.275685e-32  9.347038e-31  2.531479e-30  1.329120e-30  7.236343e-31  1.283028e-31  0.000000e+00  0.000000e+00  0.000000e+00  0.000000e+00  0.000000e+00  0.000000e+00  0.000000e+00  0.000000e+00  0.000000e+00  0.000000e+00  0.000000e+00  0.000000e+00  0.000000e+00  0.000000e+00  0.000000e+00  0.000000e+00  0.000000e+00  0.000000e+00  0.000000e+00  0.000000e+00  0.000000e+00  0.000000e+00  0.000000e+00  0.000000e+00  0.000000e+00  0.000000e+00  0.000000e+00  0.000000e+00  0.000000e+00  0.000000e+00  0.000000e+00  0.000000e+00  0.000000e+00  0.000000e+00  0.000000e+00  0.000000e+00  0.000000e+00  0.000000e+00  0.000000e+00  0.000000e+00  0.000000e+00  0.000000e+00  0.000000e+00  0.000000e+00  2.669739e-27  1.063655e-27  1.368968e-27  6.925475e-28  2.619859e-28  1.598190e-28  7.640933e-29  1.740020e-27  6.494526e-28  3.401493e-28  1.793037e-28  4.618132e-29  1.918405e-28  6.708319e-29  3.551890e-29  3.033920e-29  1.180524e-29  7.534769e-30  5.278132e-30  2.556419e-30  1.729643e-29  2.464954e-29  1.066848e-29  1.232782e-29  3.728516e-30  2.513541e-30  2.744060e-30  2.130133e-30  7.964768e-30  3.309219e-30  3.898781e-30  6.614857e-31  4.191270e-31  0.000000e+00  0.000000e+00  0.000000e+00  0.000000e+00  0.000000e+00  1.599821e-29  1.053452e-29  7.201391e-30  4.107852e-30  2.680228e-30  6.578485e-31  0.000000e+00  0.000000e+00  0.000000e+00  4.077437e-29  1.940462e-29  2.199545e-29  7.995991e-30  4.642215e-30  1.614752e-30  2.498096e-31  0.000000e+00  0.000000e+00  4.725802e-30  1.552810e-29  7.492185e-30  6.596699e-30  2.348396e-30  7.738750e-31  7.900776e-40  0.000000e+00  0.000000e+00  0.000000e+00  0.000000e+00  0.000000e+00  0.000000e+00  0.000000e+00  0.000000e+00  0.000000e+00  0.000000e+00  0.000000e+00  0.000000e+00  0.000000e+00  0.000000e+00  0.000000e+00  0.000000e+00  0.000000e+00  0.000000e+00  3.648246e-31  6.697972e-31  4.214656e-31  6.196076e-31  0.000000e+00  0.000000e+00  1.526785e-26  4.484719e-27  3.682251e-27  5.767363e-27  2.268160e-27  1.696096e-27  1.096420e-27  6.242740e-28  5.766310e-28  1.871336e-28  2.165307e-28  5.928039e-29  5.137206e-29  2.026025e-29  7.692789e-30  1.866132e-30  2.659442e-30  8.066685e-31  2.306706e-30  6.361363e-31  1.115472e-30  0.000000e+00  0.000000e+00  0.000000e+00  9.399418e-29  9.815323e-29  2.304733e-29  3.722732e-29  2.277628e-29  1.838614e-29  4.463156e-30  9.178378e-30  6.617933e-30  1.243327e-30  8.032807e-31  0.000000e+00  0.000000e+00  0.000000e+00  0.000000e+00  3.005497e-29  3.943387e-28  9.777786e-29  1.533330e-28  1.147755e-28  4.574931e-29  2.549036e-29  4.686345e-30  1.793481e-30  3.182596e-31  0.000000e+00  6.582154e-31  3.663820e-29  1.851224e-27  9.519581e-28  1.260973e-27  9.938431e-28  6.044259e-28  4.311282e-28  1.084602e-28  5.331608e-29  1.862165e-29  9.061874e-30  1.189661e-27  9.947738e-28  3.593943e-28  7.099756e-28  4.120287e-28  3.455540e-28  1.416293e-28  5.103393e-29  5.968334e-29  4.518671e-29  4.997711e-29  2.020206e-29  2.278053e-29  2.133257e-29  8.780496e-29  2.810821e-29  1.626148e-29  6.805189e-29  3.563746e-29  2.069831e-29  7.564979e-30  2.653229e-29  8.136752e-30  1.238576e-29  1.171697e-29  5.871905e-30  2.016647e-30  0.000000e+00  0.000000e+00  0.000000e+00  0.000000e+00  1.654563e-30  2.609175e-30  1.465202e-29  3.478826e-29  6.628202e-30  7.090409e-30  6.011354e-30  5.511911e-30  5.346209e-31  0.000000e+00  0.000000e+00  0.000000e+00  0.000000e+00  0.000000e+00  0.000000e+00  0.000000e+00  7.555046e-30  1.183672e-28  1.557569e-28  3.494883e-29  9.188416e-29  3.180764e-29  2.355491e-29  7.664556e-30  3.661428e-30  5.021708e-31  7.448113e-30  2.825570e-30  1.385044e-30  7.516753e-30  2.568828e-29  1.000687e-28  5.102661e-29  4.698816e-29  6.782060e-29  4.029833e-29  1.526895e-29  8.976646e-30  6.102446e-30  3.885516e-30  3.785181e-30  0.000000e+00  0.000000e+00  0.000000e+00  0.000000e+00  0.000000e+00  0.000000e+00  1.925386e-30  6.809754e-30  1.008510e-29  1.446261e-29  2.273149e-29  3.237334e-29  1.704222e-29  3.704646e-30  2.297196e-30  1.171504e-31  0.000000e+00  0.000000e+00  0.000000e+00  0.000000e+00  0.000000e+00  0.000000e+00  0.000000e+00  0.000000e+00  0.000000e+00  0.000000e+00  4.112548e-30  4.837785e-30  1.328851e-30  3.667032e-30  3.396443e-30  1.889999e-30  1.407094e-30  6.125096e-28  4.421383e-26  8.579066e-27  1.494027e-26  1.805642e-26  1.949109e-26  2.241528e-27  2.940470e-27  1.178916e-27  1.036167e-27  2.284425e-28  1.213223e-28  1.586167e-28  1.027843e-25  9.248334e-26  3.050649e-26  4.696295e-26  2.660226e-26  1.173617e-26  2.211861e-26  6.945820e-27  7.008203e-27  5.105715e-27  3.088197e-27  1.351409e-27  1.184025e-27  1.687657e-27  1.159329e-26  1.660029e-26  2.637926e-27  1.301050e-26  8.131773e-27  5.963270e-27  3.662743e-27  6.463533e-28  2.401752e-27  2.565979e-27  9.410198e-28  1.655877e-27  1.657671e-27  1.182307e-27  7.756022e-28  7.383241e-28  4.650664e-28  3.085017e-28  1.518037e-28  1.196317e-28  1.226252e-28  6.246257e-29  3.782707e-29  4.473072e-29  3.098765e-29  1.105173e-28  7.552195e-29  1.250633e-28  2.899366e-28  2.856739e-28  2.247563e-28  1.300308e-28  2.304957e-28  4.194322e-28  1.730936e-28  1.874130e-28  7.196052e-29  3.038685e-29
