# OCRT layered gas absorption cross section, 1 nm wavelength bins
# Gas: CH4
# Spectral range: 330-1100 nm, 1 nm; 40 AFGL US76 levels
# n_layers = 40
# 330-349 nm: explicit zeros; clean HITRAN line list contains no transitions in the UV interval including 25 cm^-1 wing margin.
# 350-1100 nm: validated canonical v6 LUT preserved exactly.
# Units: cm^2/molecule
# Layer order: ascending z_km (layer 0 = ground, layer 39 = TOA)
# layer  0: z=  0.000 km T= 288.150 K P=1.0132500e+03 mbar
# layer  1: z=  0.500 km T= 284.900 K P=9.5429000e+02 mbar
# layer  2: z=  1.000 km T= 281.650 K P=8.9876000e+02 mbar
# layer  3: z=  1.500 km T= 278.400 K P=8.4529500e+02 mbar
# layer  4: z=  2.000 km T= 275.150 K P=7.9501000e+02 mbar
# layer  5: z=  2.500 km T= 271.900 K P=7.4663800e+02 mbar
# layer  6: z=  3.000 km T= 268.650 K P=7.0121000e+02 mbar
# layer  7: z=  3.500 km T= 265.400 K P=6.5754600e+02 mbar
# layer  8: z=  4.000 km T= 262.150 K P=6.1660000e+02 mbar
# layer  9: z=  4.500 km T= 258.900 K P=5.7728700e+02 mbar
# layer 10: z=  5.000 km T= 255.650 K P=5.4048000e+02 mbar
# layer 11: z=  5.500 km T= 252.400 K P=5.0517200e+02 mbar
# layer 12: z=  6.000 km T= 249.150 K P=4.7217000e+02 mbar
# layer 13: z=  6.500 km T= 245.900 K P=4.4055100e+02 mbar
# layer 14: z=  7.000 km T= 242.650 K P=4.1105000e+02 mbar
# layer 15: z=  7.500 km T= 239.400 K P=3.8281000e+02 mbar
# layer 16: z=  8.000 km T= 236.150 K P=3.5651000e+02 mbar
# layer 17: z=  9.000 km T= 229.650 K P=3.0800000e+02 mbar
# layer 18: z= 10.000 km T= 223.150 K P=2.6499000e+02 mbar
# layer 19: z= 11.000 km T= 216.650 K P=2.2700000e+02 mbar
# layer 20: z= 12.000 km T= 216.650 K P=1.9399000e+02 mbar
# layer 21: z= 13.000 km T= 216.650 K P=1.6579000e+02 mbar
# layer 22: z= 14.000 km T= 216.650 K P=1.4170000e+02 mbar
# layer 23: z= 15.000 km T= 216.650 K P=1.2111000e+02 mbar
# layer 24: z= 16.000 km T= 216.650 K P=1.0352000e+02 mbar
# layer 25: z= 18.000 km T= 216.650 K P=7.5652000e+01 mbar
# layer 26: z= 20.000 km T= 216.650 K P=5.5293000e+01 mbar
# layer 27: z= 22.000 km T= 218.550 K P=4.0475000e+01 mbar
# layer 28: z= 24.000 km T= 220.550 K P=2.9717000e+01 mbar
# layer 29: z= 26.000 km T= 222.770 K P=2.1898300e+01 mbar
# layer 30: z= 28.000 km T= 226.300 K P=1.6171700e+01 mbar
# layer 31: z= 30.000 km T= 232.500 K P=1.1970000e+01 mbar
# layer 32: z= 33.000 km T= 241.410 K P=7.4951300e+00 mbar
# layer 33: z= 37.000 km T= 252.690 K P=4.3717600e+00 mbar
# layer 34: z= 42.000 km T= 268.960 K P=2.2014100e+00 mbar
# layer 35: z= 50.000 km T= 247.050 K P=7.9780000e-01 mbar
# layer 36: z= 60.000 km T= 219.700 K P=2.1960000e-01 mbar
# layer 37: z= 75.000 km T= 196.000 K P=2.4000000e-02 mbar
# layer 38: z= 90.000 km T= 232.100 K P=1.8400000e-03 mbar
# layer 39: z=100.000 km T= 322.650 K P=3.2000000e-04 mbar
330.0000  331.0000  332.0000  333.0000  334.0000  335.0000  336.0000  337.0000  338.0000  339.0000  340.0000  341.0000  342.0000  343.0000  344.0000  345.0000  346.0000  347.0000  348.0000  349.0000  350.0000  351.0000  352.0000  353.0000  354.0000  355.0000  356.0000  357.0000  358.0000  359.0000  360.0000  361.0000  362.0000  363.0000  364.0000  365.0000  366.0000  367.0000  368.0000  369.0000  370.0000  371.0000  372.0000  373.0000  374.0000  375.0000  376.0000  377.0000  378.0000  379.0000  380.0000  381.0000  382.0000  383.0000  384.0000  385.0000  386.0000  387.0000  388.0000  389.0000  390.0000  391.0000  392.0000  393.0000  394.0000  395.0000  396.0000  397.0000  398.0000  399.0000  400.0000  401.0000  402.0000  403.0000  404.0000  405.0000  406.0000  407.0000  408.0000  409.0000  410.0000  411.0000  412.0000  413.0000  414.0000  415.0000  416.0000  417.0000  418.0000  419.0000  420.0000  421.0000  422.0000  423.0000  424.0000  425.0000  426.0000  427.0000  428.0000  429.0000  430.0000  431.0000  432.0000  433.0000  434.0000  435.0000  436.0000  437.0000  438.0000  439.0000  440.0000  441.0000  442.0000  443.0000  444.0000  445.0000  446.0000  447.0000  448.0000  449.0000  450.0000  451.0000  452.0000  453.0000  454.0000  455.0000  456.0000  457.0000  458.0000  459.0000  460.0000  461.0000  462.0000  463.0000  464.0000  465.0000  466.0000  467.0000  468.0000  469.0000  470.0000  471.0000  472.0000  473.0000  474.0000  475.0000  476.0000  477.0000  478.0000  479.0000  480.0000  481.0000  482.0000  483.0000  484.0000  485.0000  486.0000  487.0000  488.0000  489.0000  490.0000  491.0000  492.0000  493.0000  494.0000  495.0000  496.0000  497.0000  498.0000  499.0000  500.0000  501.0000  502.0000  503.0000  504.0000  505.0000  506.0000  507.0000  508.0000  509.0000  510.0000  511.0000  512.0000  513.0000  514.0000  515.0000  516.0000  517.0000  518.0000  519.0000  520.0000  521.0000  522.0000  523.0000  524.0000  525.0000  526.0000  527.0000  528.0000  529.0000  530.0000  531.0000  532.0000  533.0000  534.0000  535.0000  536.0000  537.0000  538.0000  539.0000  540.0000  541.0000  542.0000  543.0000  544.0000  545.0000  546.0000  547.0000  548.0000  549.0000  550.0000  551.0000  552.0000  553.0000  554.0000  555.0000  556.0000  557.0000  558.0000  559.0000  560.0000  561.0000  562.0000  563.0000  564.0000  565.0000  566.0000  567.0000  568.0000  569.0000  570.0000  571.0000  572.0000  573.0000  574.0000  575.0000  576.0000  577.0000  578.0000  579.0000  580.0000  581.0000  582.0000  583.0000  584.0000  585.0000  586.0000  587.0000  588.0000  589.0000  590.0000  591.0000  592.0000  593.0000  594.0000  595.0000  596.0000  597.0000  598.0000  599.0000  600.0000  601.0000  602.0000  603.0000  604.0000  605.0000  606.0000  607.0000  608.0000  609.0000  610.0000  611.0000  612.0000  613.0000  614.0000  615.0000  616.0000  617.0000  618.0000  619.0000  620.0000  621.0000  622.0000  623.0000  624.0000  625.0000  626.0000  627.0000  628.0000  629.0000  630.0000  631.0000  632.0000  633.0000  634.0000  635.0000  636.0000  637.0000  638.0000  639.0000  640.0000  641.0000  642.0000  643.0000  644.0000  645.0000  646.0000  647.0000  648.0000  649.0000  650.0000  651.0000  652.0000  653.0000  654.0000  655.0000  656.0000  657.0000  658.0000  659.0000  660.0000  661.0000  662.0000  663.0000  664.0000  665.0000  666.0000  667.0000  668.0000  669.0000  670.0000  671.0000  672.0000  673.0000  674.0000  675.0000  676.0000  677.0000  678.0000  679.0000  680.0000  681.0000  682.0000  683.0000  684.0000  685.0000  686.0000  687.0000  688.0000  689.0000  690.0000  691.0000  692.0000  693.0000  694.0000  695.0000  696.0000  697.0000  698.0000  699.0000  700.0000  701.0000  702.0000  703.0000  704.0000  705.0000  706.0000  707.0000  708.0000  709.0000  710.0000  711.0000  712.0000  713.0000  714.0000  715.0000  716.0000  717.0000  718.0000  719.0000  720.0000  721.0000  722.0000  723.0000  724.0000  725.0000  726.0000  727.0000  728.0000  729.0000  730.0000  731.0000  732.0000  733.0000  734.0000  735.0000  736.0000  737.0000  738.0000  739.0000  740.0000  741.0000  742.0000  743.0000  744.0000  745.0000  746.0000  747.0000  748.0000  749.0000  750.0000  751.0000  752.0000  753.0000  754.0000  755.0000  756.0000  757.0000  758.0000  759.0000  760.0000  761.0000  762.0000  763.0000  764.0000  765.0000  766.0000  767.0000  768.0000  769.0000  770.0000  771.0000  772.0000  773.0000  774.0000  775.0000  776.0000  777.0000  778.0000  779.0000  780.0000  781.0000  782.0000  783.0000  784.0000  785.0000  786.0000  787.0000  788.0000  789.0000  790.0000  791.0000  792.0000  793.0000  794.0000  795.0000  796.0000  797.0000  798.0000  799.0000  800.0000  801.0000  802.0000  803.0000  804.0000  805.0000  806.0000  807.0000  808.0000  809.0000  810.0000  811.0000  812.0000  813.0000  814.0000  815.0000  816.0000  817.0000  818.0000  819.0000  820.0000  821.0000  822.0000  823.0000  824.0000  825.0000  826.0000  827.0000  828.0000  829.0000  830.0000  831.0000  832.0000  833.0000  834.0000  835.0000  836.0000  837.0000  838.0000  839.0000  840.0000  841.0000  842.0000  843.0000  844.0000  845.0000  846.0000  847.0000  848.0000  849.0000  850.0000  851.0000  852.0000  853.0000  854.0000  855.0000  856.0000  857.0000  858.0000  859.0000  860.0000  861.0000  862.0000  863.0000  864.0000  865.0000  866.0000  867.0000  868.0000  869.0000  870.0000  871.0000  872.0000  873.0000  874.0000  875.0000  876.0000  877.0000  878.0000  879.0000  880.0000  881.0000  882.0000  883.0000  884.0000  885.0000  886.0000  887.0000  888.0000  889.0000  890.0000  891.0000  892.0000  893.0000  894.0000  895.0000  896.0000  897.0000  898.0000  899.0000  900.0000  901.0000  902.0000  903.0000  904.0000  905.0000  906.0000  907.0000  908.0000  909.0000  910.0000  911.0000  912.0000  913.0000  914.0000  915.0000  916.0000  917.0000  918.0000  919.0000  920.0000  921.0000  922.0000  923.0000  924.0000  925.0000  926.0000  927.0000  928.0000  929.0000  930.0000  931.0000  932.0000  933.0000  934.0000  935.0000  936.0000  937.0000  938.0000  939.0000  940.0000  941.0000  942.0000  943.0000  944.0000  945.0000  946.0000  947.0000  948.0000  949.0000  950.0000  951.0000  952.0000  953.0000  954.0000  955.0000  956.0000  957.0000  958.0000  959.0000  960.0000  961.0000  962.0000  963.0000  964.0000  965.0000  966.0000  967.0000  968.0000  969.0000  970.0000  971.0000  972.0000  973.0000  974.0000  975.0000  976.0000  977.0000  978.0000  979.0000  980.0000  981.0000  982.0000  983.0000  984.0000  985.0000  986.0000  987.0000  988.0000  989.0000  990.0000  991.0000  992.0000  993.0000  994.0000  995.0000  996.0000  997.0000  998.0000  999.0000  1000.0000  1001.0000  1002.0000  1003.0000  1004.0000  1005.0000  1006.0000  1007.0000  1008.0000  1009.0000  1010.0000  1011.0000  1012.0000  1013.0000  1014.0000  1015.0000  1016.0000  1017.0000  1018.0000  1019.0000  1020.0000  1021.0000  1022.0000  1023.0000  1024.0000  1025.0000  1026.0000  1027.0000  1028.0000  1029.0000  1030.0000  1031.0000  1032.0000  1033.0000  1034.0000  1035.0000  1036.0000  1037.0000  1038.0000  1039.0000  1040.0000  1041.0000  1042.0000  1043.0000  1044.0000  1045.0000  1046.0000  1047.0000  1048.0000  1049.0000  1050.0000  1051.0000  1052.0000  1053.0000  1054.0000  1055.0000  1056.0000  1057.0000  1058.0000  1059.0000  1060.0000  1061.0000  1062.0000  1063.0000  1064.0000  1065.0000  1066.0000  1067.0000  1068.0000  1069.0000  1070.0000  1071.0000  1072.0000  1073.0000  1074.0000  1075.0000  1076.0000  1077.0000  1078.0000  1079.0000  1080.0000  1081.0000  1082.0000  1083.0000  1084.0000  1085.0000  1086.0000  1087.0000  1088.0000  1089.0000  1090.0000  1091.0000  1092.0000  1093.0000  1094.0000  1095.0000  1096.0000  1097.0000  1098.0000  1099.0000  1100.0000
0.000000e+00  0.000000e+00  0.000000e+00  0.000000e+00  0.000000e+00  0.000000e+00  0.000000e+00  0.000000e+00  0.000000e+00  0.000000e+00  0.000000e+00  0.000000e+00  0.000000e+00  0.000000e+00  0.000000e+00  0.000000e+00  0.000000e+00  0.000000e+00  0.000000e+00  0.000000e+00  0.000000e+00  0.000000e+00  0.000000e+00  0.000000e+00  0.000000e+00  0.000000e+00  0.000000e+00  0.000000e+00  0.000000e+00  0.000000e+00  0.000000e+00  0.000000e+00  0.000000e+00  0.000000e+00  0.000000e+00  0.000000e+00  0.000000e+00  0.000000e+00  0.000000e+00  0.000000e+00  0.000000e+00  0.000000e+00  0.000000e+00  0.000000e+00  0.000000e+00  0.000000e+00  0.000000e+00  0.000000e+00  0.000000e+00  0.000000e+00  0.000000e+00  0.000000e+00  0.000000e+00  0.000000e+00  0.000000e+00  0.000000e+00  0.000000e+00  0.000000e+00  0.000000e+00  0.000000e+00  0.000000e+00  0.000000e+00  0.000000e+00  0.000000e+00  0.000000e+00  0.000000e+00  0.000000e+00  0.000000e+00  0.000000e+00  0.000000e+00  0.000000e+00  0.000000e+00  0.000000e+00  0.000000e+00  0.000000e+00  0.000000e+00  0.000000e+00  0.000000e+00  0.000000e+00  0.000000e+00  0.000000e+00  0.000000e+00  0.000000e+00  0.000000e+00  0.000000e+00  0.000000e+00  0.000000e+00  0.000000e+00  0.000000e+00  0.000000e+00  0.000000e+00  0.000000e+00  0.000000e+00  0.000000e+00  0.000000e+00  0.000000e+00  0.000000e+00  0.000000e+00  0.000000e+00  0.000000e+00  0.000000e+00  0.000000e+00  0.000000e+00  0.000000e+00  0.000000e+00  0.000000e+00  0.000000e+00  0.000000e+00  0.000000e+00  0.000000e+00  0.000000e+00  0.000000e+00  0.000000e+00  0.000000e+00  0.000000e+00  0.000000e+00  0.000000e+00  0.000000e+00  0.000000e+00  0.000000e+00  0.000000e+00  0.000000e+00  0.000000e+00  0.000000e+00  0.000000e+00  0.000000e+00  0.000000e+00  0.000000e+00  0.000000e+00  0.000000e+00  0.000000e+00  0.000000e+00  0.000000e+00  0.000000e+00  0.000000e+00  0.000000e+00  0.000000e+00  0.000000e+00  0.000000e+00  0.000000e+00  0.000000e+00  0.000000e+00  0.000000e+00  0.000000e+00  0.000000e+00  0.000000e+00  0.000000e+00  0.000000e+00  0.000000e+00  0.000000e+00  0.000000e+00  0.000000e+00  0.000000e+00  0.000000e+00  0.000000e+00  0.000000e+00  0.000000e+00  0.000000e+00  0.000000e+00  0.000000e+00  0.000000e+00  0.000000e+00  0.000000e+00  0.000000e+00  0.000000e+00  0.000000e+00  0.000000e+00  0.000000e+00  0.000000e+00  0.000000e+00  0.000000e+00  0.000000e+00  0.000000e+00  0.000000e+00  0.000000e+00  0.000000e+00  0.000000e+00  0.000000e+00  0.000000e+00  0.000000e+00  0.000000e+00  0.000000e+00  0.000000e+00  0.000000e+00  0.000000e+00  0.000000e+00  0.000000e+00  0.000000e+00  0.000000e+00  0.000000e+00  0.000000e+00  0.000000e+00  0.000000e+00  0.000000e+00  0.000000e+00  0.000000e+00  0.000000e+00  0.000000e+00  0.000000e+00  0.000000e+00  0.000000e+00  0.000000e+00  0.000000e+00  0.000000e+00  0.000000e+00  0.000000e+00  0.000000e+00  0.000000e+00  0.000000e+00  0.000000e+00  0.000000e+00  0.000000e+00  0.000000e+00  0.000000e+00  0.000000e+00  0.000000e+00  0.000000e+00  0.000000e+00  0.000000e+00  0.000000e+00  0.000000e+00  0.000000e+00  0.000000e+00  0.000000e+00  0.000000e+00  0.000000e+00  0.000000e+00  0.000000e+00  0.000000e+00  0.000000e+00  0.000000e+00  0.000000e+00  0.000000e+00  0.000000e+00  0.000000e+00  0.000000e+00  0.000000e+00  0.000000e+00  0.000000e+00  0.000000e+00  0.000000e+00  0.000000e+00  0.000000e+00  0.000000e+00  0.000000e+00  0.000000e+00  0.000000e+00  0.000000e+00  0.000000e+00  0.000000e+00  0.000000e+00  0.000000e+00  0.000000e+00  0.000000e+00  0.000000e+00  0.000000e+00  0.000000e+00  0.000000e+00  0.000000e+00  0.000000e+00  0.000000e+00  0.000000e+00  0.000000e+00  0.000000e+00  0.000000e+00  0.000000e+00  0.000000e+00  0.000000e+00  0.000000e+00  0.000000e+00  0.000000e+00  0.000000e+00  0.000000e+00  0.000000e+00  0.000000e+00  0.000000e+00  0.000000e+00  0.000000e+00  0.000000e+00  0.000000e+00  0.000000e+00  0.000000e+00  0.000000e+00  0.000000e+00  0.000000e+00  0.000000e+00  0.000000e+00  0.000000e+00  0.000000e+00  0.000000e+00  0.000000e+00  0.000000e+00  0.000000e+00  0.000000e+00  0.000000e+00  0.000000e+00  0.000000e+00  0.000000e+00  0.000000e+00  0.000000e+00  0.000000e+00  0.000000e+00  0.000000e+00  0.000000e+00  0.000000e+00  0.000000e+00  0.000000e+00  0.000000e+00  0.000000e+00  0.000000e+00  0.000000e+00  0.000000e+00  0.000000e+00  0.000000e+00  0.000000e+00  0.000000e+00  0.000000e+00  0.000000e+00  0.000000e+00  0.000000e+00  0.000000e+00  0.000000e+00  0.000000e+00  0.000000e+00  0.000000e+00  0.000000e+00  0.000000e+00  0.000000e+00  0.000000e+00  0.000000e+00  0.000000e+00  0.000000e+00  0.000000e+00  0.000000e+00  0.000000e+00  0.000000e+00  0.000000e+00  0.000000e+00  0.000000e+00  0.000000e+00  0.000000e+00  0.000000e+00  0.000000e+00  0.000000e+00  0.000000e+00  0.000000e+00  0.000000e+00  0.000000e+00  0.000000e+00  0.000000e+00  0.000000e+00  0.000000e+00  0.000000e+00  0.000000e+00  0.000000e+00  0.000000e+00  0.000000e+00  0.000000e+00  0.000000e+00  0.000000e+00  0.000000e+00  0.000000e+00  0.000000e+00  0.000000e+00  0.000000e+00  0.000000e+00  0.000000e+00  0.000000e+00  0.000000e+00  0.000000e+00  0.000000e+00  0.000000e+00  0.000000e+00  0.000000e+00  0.000000e+00  0.000000e+00  0.000000e+00  0.000000e+00  0.000000e+00  0.000000e+00  0.000000e+00  0.000000e+00  0.000000e+00  0.000000e+00  0.000000e+00  0.000000e+00  0.000000e+00  0.000000e+00  1.364028e-26  5.314007e-27  3.233819e-26  9.949273e-27  4.741267e-26  1.244730e-25  1.729511e-25  2.581321e-25  2.726271e-25  2.725370e-25  2.305210e-25  1.443572e-25  9.970148e-26  1.879998e-26  5.783388e-26  1.233003e-25  5.564721e-26  4.820123e-26  5.394214e-27  1.476894e-26  6.991763e-27  7.383611e-27  1.128482e-26  4.034430e-27  0.000000e+00  0.000000e+00  0.000000e+00  0.000000e+00  0.000000e+00  0.000000e+00  0.000000e+00  0.000000e+00  0.000000e+00  0.000000e+00  2.337092e-27  4.796672e-27  3.901678e-27  5.986116e-27  7.283871e-27  7.039038e-27  7.691201e-27  7.436418e-27  1.105704e-26  1.642423e-26  1.807042e-26  1.659411e-26  2.035906e-26  2.333112e-26  1.301895e-28  0.000000e+00  0.000000e+00  0.000000e+00  0.000000e+00  0.000000e+00  0.000000e+00  0.000000e+00  0.000000e+00  0.000000e+00  0.000000e+00  0.000000e+00  0.000000e+00  4.592022e-31  8.428586e-27  1.521625e-26  1.585457e-26  2.666157e-26  6.716948e-26  1.737376e-26  1.853765e-26  1.604531e-26  3.571137e-27  3.175516e-26  1.807341e-26  9.333011e-27  1.505039e-26  3.443798e-26  2.358086e-26  1.691787e-26  1.410637e-26  2.671851e-26  3.817417e-26  4.275321e-26  3.426689e-26  1.772038e-26  2.648069e-26  3.476007e-26  3.743105e-26  2.563228e-26  2.472147e-26  1.027477e-26  5.043128e-29  1.322010e-26  6.621957e-27  6.767449e-27  2.851476e-30  0.000000e+00  0.000000e+00  0.000000e+00  0.000000e+00  0.000000e+00  0.000000e+00  0.000000e+00  0.000000e+00  0.000000e+00  0.000000e+00  0.000000e+00  0.000000e+00  0.000000e+00  0.000000e+00  0.000000e+00  0.000000e+00  0.000000e+00  0.000000e+00  0.000000e+00  0.000000e+00  0.000000e+00  6.466974e-27  2.177814e-26  7.591371e-26  1.104485e-25  1.652567e-25  1.815272e-25  1.141215e-25  1.619927e-25  3.220472e-25  3.523033e-26  9.067789e-26  9.090700e-26  5.604613e-26  4.179364e-26  1.805614e-26  1.084399e-28  0.000000e+00  1.616325e-26  5.642479e-26  1.321367e-25  1.324381e-25  1.055072e-25  1.515406e-25  3.908987e-25  6.255679e-25  7.582465e-25  8.761557e-25  1.160931e-24  1.289553e-24  1.085378e-24  1.116447e-24  1.082659e-24  1.038211e-24  9.574521e-25  7.846195e-25  6.576883e-25  6.952727e-25  6.491929e-25  4.608746e-25  4.293378e-25  2.962798e-25  3.731383e-25  4.161003e-25  4.692094e-25  4.708870e-25  8.221419e-25  2.273003e-24  2.597851e-24  6.077116e-24  7.502344e-24  8.499016e-24  4.851080e-24  4.844203e-24  9.469028e-24  7.597032e-24  5.179622e-24  5.832328e-24  4.464893e-24  4.097733e-24  3.726746e-24  4.209490e-24  4.367883e-24  4.093162e-24  2.758157e-24  2.449684e-24  3.122393e-24  2.762657e-24  2.164674e-24  1.576691e-24  1.210736e-24  1.071813e-24  8.812605e-25  5.813052e-25  5.058488e-25  3.222482e-25  2.542226e-25  1.984230e-25  2.325693e-25  2.015943e-25  2.024883e-25  1.629359e-25  1.728740e-25  1.247729e-25  7.542497e-26  4.645008e-26  3.599420e-26  3.982585e-26  6.523682e-27  2.746526e-26  5.640491e-27  7.541881e-27  4.878986e-27  3.206535e-27  0.000000e+00  0.000000e+00  0.000000e+00  0.000000e+00  0.000000e+00  0.000000e+00  0.000000e+00  0.000000e+00  0.000000e+00  0.000000e+00  0.000000e+00  0.000000e+00  0.000000e+00  0.000000e+00  0.000000e+00  0.000000e+00  0.000000e+00  0.000000e+00  0.000000e+00  0.000000e+00  0.000000e+00  0.000000e+00  0.000000e+00  0.000000e+00  0.000000e+00  0.000000e+00  0.000000e+00  0.000000e+00  0.000000e+00  0.000000e+00  0.000000e+00  1.246276e-26  6.160181e-26  1.789471e-25  3.652277e-25  4.754753e-25  6.772069e-25  8.231616e-25  7.172658e-25  8.985091e-25  7.918626e-25  6.464025e-25  9.911075e-25  1.276197e-24  3.303258e-24  1.271881e-24  1.249937e-24  1.223849e-24  1.226867e-24  1.353773e-24  1.532846e-24  1.821364e-24  1.783273e-24  1.958275e-24  2.136197e-24  2.068329e-24  2.511091e-24  1.860822e-24  1.961460e-24  1.748127e-24  2.013900e-24  3.565210e-24  4.706252e-24  2.964265e-24  3.189940e-24  2.920093e-24  2.698683e-24  2.092695e-24  3.375417e-24  3.478908e-24  2.962952e-24  2.559579e-24  3.839285e-24  2.714134e-24  2.772290e-24  2.979760e-24  2.747043e-24  2.603955e-24  2.879189e-24  2.563086e-24  2.875198e-24  2.330166e-24  2.406804e-24  2.695801e-24  2.621562e-24  3.055436e-24  2.696426e-24  2.400748e-24  2.499422e-24  1.920263e-24  2.137371e-24  2.038371e-24  1.574371e-24  1.538628e-24  1.829921e-24  1.334384e-24  1.301820e-24  1.139243e-24  1.051997e-24  9.399760e-25  1.020136e-24  8.311830e-25  6.720348e-25  6.955774e-25  4.869355e-25  4.990622e-25  3.320243e-25  3.827774e-25  2.770489e-25  2.759150e-25  1.979434e-25  1.747131e-25  1.753737e-25  1.185768e-25  4.686078e-26  1.438102e-25  1.066870e-25  4.823716e-26  7.125162e-26  7.070155e-26  2.465775e-26  2.550611e-26  2.398901e-26  2.947461e-26  0.000000e+00  0.000000e+00  0.000000e+00  0.000000e+00  0.000000e+00  0.000000e+00  0.000000e+00  0.000000e+00  0.000000e+00  0.000000e+00  0.000000e+00  0.000000e+00  0.000000e+00  0.000000e+00  0.000000e+00  0.000000e+00  0.000000e+00  0.000000e+00  0.000000e+00  0.000000e+00  0.000000e+00  0.000000e+00  0.000000e+00  0.000000e+00  0.000000e+00  0.000000e+00  0.000000e+00  0.000000e+00  0.000000e+00  0.000000e+00  0.000000e+00  0.000000e+00  0.000000e+00  0.000000e+00  0.000000e+00  0.000000e+00  7.075011e-26  7.013484e-26  1.777474e-25  2.774224e-25  6.428395e-25  5.660029e-25  7.271829e-25  1.139032e-24  1.107544e-24  1.547794e-24  3.613413e-25  1.007567e-24  1.061112e-24  9.154733e-25
0.000000e+00  0.000000e+00  0.000000e+00  0.000000e+00  0.000000e+00  0.000000e+00  0.000000e+00  0.000000e+00  0.000000e+00  0.000000e+00  0.000000e+00  0.000000e+00  0.000000e+00  0.000000e+00  0.000000e+00  0.000000e+00  0.000000e+00  0.000000e+00  0.000000e+00  0.000000e+00  0.000000e+00  0.000000e+00  0.000000e+00  0.000000e+00  0.000000e+00  0.000000e+00  0.000000e+00  0.000000e+00  0.000000e+00  0.000000e+00  0.000000e+00  0.000000e+00  0.000000e+00  0.000000e+00  0.000000e+00  0.000000e+00  0.000000e+00  0.000000e+00  0.000000e+00  0.000000e+00  0.000000e+00  0.000000e+00  0.000000e+00  0.000000e+00  0.000000e+00  0.000000e+00  0.000000e+00  0.000000e+00  0.000000e+00  0.000000e+00  0.000000e+00  0.000000e+00  0.000000e+00  0.000000e+00  0.000000e+00  0.000000e+00  0.000000e+00  0.000000e+00  0.000000e+00  0.000000e+00  0.000000e+00  0.000000e+00  0.000000e+00  0.000000e+00  0.000000e+00  0.000000e+00  0.000000e+00  0.000000e+00  0.000000e+00  0.000000e+00  0.000000e+00  0.000000e+00  0.000000e+00  0.000000e+00  0.000000e+00  0.000000e+00  0.000000e+00  0.000000e+00  0.000000e+00  0.000000e+00  0.000000e+00  0.000000e+00  0.000000e+00  0.000000e+00  0.000000e+00  0.000000e+00  0.000000e+00  0.000000e+00  0.000000e+00  0.000000e+00  0.000000e+00  0.000000e+00  0.000000e+00  0.000000e+00  0.000000e+00  0.000000e+00  0.000000e+00  0.000000e+00  0.000000e+00  0.000000e+00  0.000000e+00  0.000000e+00  0.000000e+00  0.000000e+00  0.000000e+00  0.000000e+00  0.000000e+00  0.000000e+00  0.000000e+00  0.000000e+00  0.000000e+00  0.000000e+00  0.000000e+00  0.000000e+00  0.000000e+00  0.000000e+00  0.000000e+00  0.000000e+00  0.000000e+00  0.000000e+00  0.000000e+00  0.000000e+00  0.000000e+00  0.000000e+00  0.000000e+00  0.000000e+00  0.000000e+00  0.000000e+00  0.000000e+00  0.000000e+00  0.000000e+00  0.000000e+00  0.000000e+00  0.000000e+00  0.000000e+00  0.000000e+00  0.000000e+00  0.000000e+00  0.000000e+00  0.000000e+00  0.000000e+00  0.000000e+00  0.000000e+00  0.000000e+00  0.000000e+00  0.000000e+00  0.000000e+00  0.000000e+00  0.000000e+00  0.000000e+00  0.000000e+00  0.000000e+00  0.000000e+00  0.000000e+00  0.000000e+00  0.000000e+00  0.000000e+00  0.000000e+00  0.000000e+00  0.000000e+00  0.000000e+00  0.000000e+00  0.000000e+00  0.000000e+00  0.000000e+00  0.000000e+00  0.000000e+00  0.000000e+00  0.000000e+00  0.000000e+00  0.000000e+00  0.000000e+00  0.000000e+00  0.000000e+00  0.000000e+00  0.000000e+00  0.000000e+00  0.000000e+00  0.000000e+00  0.000000e+00  0.000000e+00  0.000000e+00  0.000000e+00  0.000000e+00  0.000000e+00  0.000000e+00  0.000000e+00  0.000000e+00  0.000000e+00  0.000000e+00  0.000000e+00  0.000000e+00  0.000000e+00  0.000000e+00  0.000000e+00  0.000000e+00  0.000000e+00  0.000000e+00  0.000000e+00  0.000000e+00  0.000000e+00  0.000000e+00  0.000000e+00  0.000000e+00  0.000000e+00  0.000000e+00  0.000000e+00  0.000000e+00  0.000000e+00  0.000000e+00  0.000000e+00  0.000000e+00  0.000000e+00  0.000000e+00  0.000000e+00  0.000000e+00  0.000000e+00  0.000000e+00  0.000000e+00  0.000000e+00  0.000000e+00  0.000000e+00  0.000000e+00  0.000000e+00  0.000000e+00  0.000000e+00  0.000000e+00  0.000000e+00  0.000000e+00  0.000000e+00  0.000000e+00  0.000000e+00  0.000000e+00  0.000000e+00  0.000000e+00  0.000000e+00  0.000000e+00  0.000000e+00  0.000000e+00  0.000000e+00  0.000000e+00  0.000000e+00  0.000000e+00  0.000000e+00  0.000000e+00  0.000000e+00  0.000000e+00  0.000000e+00  0.000000e+00  0.000000e+00  0.000000e+00  0.000000e+00  0.000000e+00  0.000000e+00  0.000000e+00  0.000000e+00  0.000000e+00  0.000000e+00  0.000000e+00  0.000000e+00  0.000000e+00  0.000000e+00  0.000000e+00  0.000000e+00  0.000000e+00  0.000000e+00  0.000000e+00  0.000000e+00  0.000000e+00  0.000000e+00  0.000000e+00  0.000000e+00  0.000000e+00  0.000000e+00  0.000000e+00  0.000000e+00  0.000000e+00  0.000000e+00  0.000000e+00  0.000000e+00  0.000000e+00  0.000000e+00  0.000000e+00  0.000000e+00  0.000000e+00  0.000000e+00  0.000000e+00  0.000000e+00  0.000000e+00  0.000000e+00  0.000000e+00  0.000000e+00  0.000000e+00  0.000000e+00  0.000000e+00  0.000000e+00  0.000000e+00  0.000000e+00  0.000000e+00  0.000000e+00  0.000000e+00  0.000000e+00  0.000000e+00  0.000000e+00  0.000000e+00  0.000000e+00  0.000000e+00  0.000000e+00  0.000000e+00  0.000000e+00  0.000000e+00  0.000000e+00  0.000000e+00  0.000000e+00  0.000000e+00  0.000000e+00  0.000000e+00  0.000000e+00  0.000000e+00  0.000000e+00  0.000000e+00  0.000000e+00  0.000000e+00  0.000000e+00  0.000000e+00  0.000000e+00  0.000000e+00  0.000000e+00  0.000000e+00  0.000000e+00  0.000000e+00  0.000000e+00  0.000000e+00  0.000000e+00  0.000000e+00  0.000000e+00  0.000000e+00  0.000000e+00  0.000000e+00  0.000000e+00  0.000000e+00  0.000000e+00  0.000000e+00  0.000000e+00  0.000000e+00  0.000000e+00  0.000000e+00  0.000000e+00  0.000000e+00  0.000000e+00  0.000000e+00  0.000000e+00  0.000000e+00  0.000000e+00  0.000000e+00  0.000000e+00  0.000000e+00  0.000000e+00  0.000000e+00  0.000000e+00  0.000000e+00  0.000000e+00  0.000000e+00  0.000000e+00  0.000000e+00  0.000000e+00  0.000000e+00  0.000000e+00  0.000000e+00  0.000000e+00  0.000000e+00  0.000000e+00  0.000000e+00  0.000000e+00  0.000000e+00  0.000000e+00  0.000000e+00  0.000000e+00  0.000000e+00  0.000000e+00  0.000000e+00  0.000000e+00  0.000000e+00  0.000000e+00  0.000000e+00  0.000000e+00  0.000000e+00  0.000000e+00  1.389316e-26  5.393374e-27  3.290887e-26  1.011965e-26  4.823996e-26  1.267110e-25  1.758939e-25  2.627555e-25  2.773762e-25  2.773369e-25  2.345172e-25  1.469763e-25  1.013351e-25  1.910915e-26  5.886542e-26  1.255111e-25  5.657160e-26  4.904706e-26  5.485490e-27  1.501609e-26  7.127272e-27  7.506984e-27  1.147522e-26  4.116406e-27  0.000000e+00  0.000000e+00  0.000000e+00  0.000000e+00  0.000000e+00  0.000000e+00  0.000000e+00  0.000000e+00  0.000000e+00  0.000000e+00  2.379164e-27  4.880673e-27  3.969389e-27  6.091190e-27  7.411982e-27  7.162423e-27  7.825761e-27  7.566302e-27  1.125154e-26  1.671106e-26  1.838711e-26  1.688555e-26  2.071452e-26  2.374465e-26  1.274339e-28  0.000000e+00  0.000000e+00  0.000000e+00  0.000000e+00  0.000000e+00  0.000000e+00  0.000000e+00  0.000000e+00  0.000000e+00  0.000000e+00  0.000000e+00  0.000000e+00  0.000000e+00  8.576823e-27  1.548288e-26  1.614180e-26  2.711757e-26  6.833709e-26  1.769941e-26  1.884794e-26  1.634066e-26  3.615459e-27  3.231911e-26  1.838117e-26  9.518422e-27  1.529833e-26  3.504655e-26  2.400411e-26  1.720597e-26  1.436603e-26  2.716694e-26  3.882231e-26  4.353581e-26  3.487915e-26  1.800637e-26  2.694996e-26  3.535379e-26  3.809477e-26  2.607499e-26  2.517317e-26  1.045226e-26  4.719925e-29  1.346380e-26  6.726277e-27  6.887551e-27  1.495791e-30  0.000000e+00  0.000000e+00  0.000000e+00  0.000000e+00  0.000000e+00  0.000000e+00  0.000000e+00  0.000000e+00  0.000000e+00  0.000000e+00  0.000000e+00  0.000000e+00  0.000000e+00  0.000000e+00  0.000000e+00  0.000000e+00  0.000000e+00  0.000000e+00  0.000000e+00  0.000000e+00  0.000000e+00  6.558184e-27  2.217791e-26  7.723156e-26  1.124903e-25  1.681013e-25  1.846683e-25  1.161636e-25  1.647848e-25  3.277453e-25  3.578013e-26  9.226299e-26  9.252790e-26  5.698414e-26  4.256578e-26  1.837994e-26  9.983752e-29  0.000000e+00  1.645698e-26  5.740456e-26  1.344492e-25  1.348238e-25  1.073043e-25  1.541663e-25  3.978482e-25  6.365163e-25  7.715385e-25  8.916195e-25  1.181048e-24  1.312497e-24  1.104364e-24  1.135984e-24  1.101514e-24  1.056327e-24  9.742069e-25  7.981926e-25  6.690147e-25  7.003541e-25  6.536879e-25  4.634161e-25  4.312380e-25  2.987770e-25  3.753374e-25  4.190165e-25  4.720397e-25  4.738869e-25  8.229512e-25  2.272888e-24  2.607262e-24  6.110979e-24  7.572546e-24  8.604174e-24  4.918792e-24  4.896408e-24  9.568318e-24  7.657063e-24  5.228343e-24  5.898069e-24  4.513413e-24  4.133566e-24  3.758730e-24  4.249641e-24  4.406710e-24  4.135458e-24  2.787503e-24  2.476495e-24  3.160939e-24  2.785442e-24  2.179364e-24  1.592290e-24  1.222175e-24  1.078698e-24  8.866751e-25  5.849980e-25  5.086211e-25  3.239903e-25  2.560180e-25  1.997597e-25  2.343484e-25  2.035564e-25  2.046157e-25  1.645714e-25  1.741407e-25  1.269579e-25  7.676285e-26  4.724583e-26  3.660567e-26  4.054432e-26  6.633014e-27  2.794818e-26  5.738914e-27  7.669822e-27  4.967785e-27  3.264518e-27  0.000000e+00  0.000000e+00  0.000000e+00  0.000000e+00  0.000000e+00  0.000000e+00  0.000000e+00  0.000000e+00  0.000000e+00  0.000000e+00  0.000000e+00  0.000000e+00  0.000000e+00  0.000000e+00  0.000000e+00  0.000000e+00  0.000000e+00  0.000000e+00  0.000000e+00  0.000000e+00  0.000000e+00  0.000000e+00  0.000000e+00  0.000000e+00  0.000000e+00  0.000000e+00  0.000000e+00  0.000000e+00  0.000000e+00  0.000000e+00  0.000000e+00  1.245202e-26  6.150584e-26  1.786638e-25  3.646177e-25  4.749941e-25  6.759682e-25  8.218108e-25  7.157535e-25  8.972931e-25  7.905223e-25  6.454805e-25  9.898126e-25  1.273766e-24  3.298695e-24  1.269261e-24  1.249028e-24  1.220638e-24  1.224629e-24  1.352028e-24  1.530433e-24  1.818464e-24  1.780469e-24  1.955973e-24  2.131392e-24  2.065375e-24  2.507731e-24  1.856828e-24  1.958724e-24  1.744911e-24  2.010447e-24  3.559181e-24  4.700182e-24  2.958768e-24  3.185018e-24  2.914971e-24  2.695041e-24  2.087812e-24  3.371172e-24  3.472837e-24  2.957111e-24  2.555771e-24  3.833745e-24  2.709961e-24  2.767853e-24  2.974405e-24  2.743876e-24  2.600681e-24  2.872842e-24  2.557406e-24  2.872118e-24  2.326442e-24  2.402798e-24  2.692179e-24  2.616456e-24  3.051586e-24  2.691399e-24  2.396792e-24  2.495761e-24  1.916215e-24  2.134558e-24  2.034646e-24  1.571860e-24  1.536295e-24  1.827579e-24  1.331388e-24  1.299819e-24  1.137496e-24  1.050241e-24  9.384195e-25  1.019235e-24  8.293775e-25  6.706023e-25  6.944462e-25  4.860506e-25  4.983996e-25  3.315453e-25  3.820235e-25  2.767537e-25  2.754993e-25  1.974153e-25  1.744675e-25  1.751254e-25  1.184070e-25  4.670386e-26  1.436411e-25  1.064654e-25  4.818725e-26  7.116372e-26  7.056985e-26  2.459635e-26  2.554701e-26  2.386883e-26  2.944092e-26  0.000000e+00  0.000000e+00  0.000000e+00  0.000000e+00  0.000000e+00  0.000000e+00  0.000000e+00  0.000000e+00  0.000000e+00  0.000000e+00  0.000000e+00  0.000000e+00  0.000000e+00  0.000000e+00  0.000000e+00  0.000000e+00  0.000000e+00  0.000000e+00  0.000000e+00  0.000000e+00  0.000000e+00  0.000000e+00  0.000000e+00  0.000000e+00  0.000000e+00  0.000000e+00  0.000000e+00  0.000000e+00  0.000000e+00  0.000000e+00  0.000000e+00  0.000000e+00  0.000000e+00  0.000000e+00  0.000000e+00  0.000000e+00  7.073892e-26  6.994572e-26  1.774194e-25  2.764651e-25  6.389041e-25  5.627820e-25  7.226110e-25  1.136318e-24  1.107092e-24  1.557787e-24  3.600298e-25  1.016578e-24  1.071417e-24  9.277047e-25
0.000000e+00  0.000000e+00  0.000000e+00  0.000000e+00  0.000000e+00  0.000000e+00  0.000000e+00  0.000000e+00  0.000000e+00  0.000000e+00  0.000000e+00  0.000000e+00  0.000000e+00  0.000000e+00  0.000000e+00  0.000000e+00  0.000000e+00  0.000000e+00  0.000000e+00  0.000000e+00  0.000000e+00  0.000000e+00  0.000000e+00  0.000000e+00  0.000000e+00  0.000000e+00  0.000000e+00  0.000000e+00  0.000000e+00  0.000000e+00  0.000000e+00  0.000000e+00  0.000000e+00  0.000000e+00  0.000000e+00  0.000000e+00  0.000000e+00  0.000000e+00  0.000000e+00  0.000000e+00  0.000000e+00  0.000000e+00  0.000000e+00  0.000000e+00  0.000000e+00  0.000000e+00  0.000000e+00  0.000000e+00  0.000000e+00  0.000000e+00  0.000000e+00  0.000000e+00  0.000000e+00  0.000000e+00  0.000000e+00  0.000000e+00  0.000000e+00  0.000000e+00  0.000000e+00  0.000000e+00  0.000000e+00  0.000000e+00  0.000000e+00  0.000000e+00  0.000000e+00  0.000000e+00  0.000000e+00  0.000000e+00  0.000000e+00  0.000000e+00  0.000000e+00  0.000000e+00  0.000000e+00  0.000000e+00  0.000000e+00  0.000000e+00  0.000000e+00  0.000000e+00  0.000000e+00  0.000000e+00  0.000000e+00  0.000000e+00  0.000000e+00  0.000000e+00  0.000000e+00  0.000000e+00  0.000000e+00  0.000000e+00  0.000000e+00  0.000000e+00  0.000000e+00  0.000000e+00  0.000000e+00  0.000000e+00  0.000000e+00  0.000000e+00  0.000000e+00  0.000000e+00  0.000000e+00  0.000000e+00  0.000000e+00  0.000000e+00  0.000000e+00  0.000000e+00  0.000000e+00  0.000000e+00  0.000000e+00  0.000000e+00  0.000000e+00  0.000000e+00  0.000000e+00  0.000000e+00  0.000000e+00  0.000000e+00  0.000000e+00  0.000000e+00  0.000000e+00  0.000000e+00  0.000000e+00  0.000000e+00  0.000000e+00  0.000000e+00  0.000000e+00  0.000000e+00  0.000000e+00  0.000000e+00  0.000000e+00  0.000000e+00  0.000000e+00  0.000000e+00  0.000000e+00  0.000000e+00  0.000000e+00  0.000000e+00  0.000000e+00  0.000000e+00  0.000000e+00  0.000000e+00  0.000000e+00  0.000000e+00  0.000000e+00  0.000000e+00  0.000000e+00  0.000000e+00  0.000000e+00  0.000000e+00  0.000000e+00  0.000000e+00  0.000000e+00  0.000000e+00  0.000000e+00  0.000000e+00  0.000000e+00  0.000000e+00  0.000000e+00  0.000000e+00  0.000000e+00  0.000000e+00  0.000000e+00  0.000000e+00  0.000000e+00  0.000000e+00  0.000000e+00  0.000000e+00  0.000000e+00  0.000000e+00  0.000000e+00  0.000000e+00  0.000000e+00  0.000000e+00  0.000000e+00  0.000000e+00  0.000000e+00  0.000000e+00  0.000000e+00  0.000000e+00  0.000000e+00  0.000000e+00  0.000000e+00  0.000000e+00  0.000000e+00  0.000000e+00  0.000000e+00  0.000000e+00  0.000000e+00  0.000000e+00  0.000000e+00  0.000000e+00  0.000000e+00  0.000000e+00  0.000000e+00  0.000000e+00  0.000000e+00  0.000000e+00  0.000000e+00  0.000000e+00  0.000000e+00  0.000000e+00  0.000000e+00  0.000000e+00  0.000000e+00  0.000000e+00  0.000000e+00  0.000000e+00  0.000000e+00  0.000000e+00  0.000000e+00  0.000000e+00  0.000000e+00  0.000000e+00  0.000000e+00  0.000000e+00  0.000000e+00  0.000000e+00  0.000000e+00  0.000000e+00  0.000000e+00  0.000000e+00  0.000000e+00  0.000000e+00  0.000000e+00  0.000000e+00  0.000000e+00  0.000000e+00  0.000000e+00  0.000000e+00  0.000000e+00  0.000000e+00  0.000000e+00  0.000000e+00  0.000000e+00  0.000000e+00  0.000000e+00  0.000000e+00  0.000000e+00  0.000000e+00  0.000000e+00  0.000000e+00  0.000000e+00  0.000000e+00  0.000000e+00  0.000000e+00  0.000000e+00  0.000000e+00  0.000000e+00  0.000000e+00  0.000000e+00  0.000000e+00  0.000000e+00  0.000000e+00  0.000000e+00  0.000000e+00  0.000000e+00  0.000000e+00  0.000000e+00  0.000000e+00  0.000000e+00  0.000000e+00  0.000000e+00  0.000000e+00  0.000000e+00  0.000000e+00  0.000000e+00  0.000000e+00  0.000000e+00  0.000000e+00  0.000000e+00  0.000000e+00  0.000000e+00  0.000000e+00  0.000000e+00  0.000000e+00  0.000000e+00  0.000000e+00  0.000000e+00  0.000000e+00  0.000000e+00  0.000000e+00  0.000000e+00  0.000000e+00  0.000000e+00  0.000000e+00  0.000000e+00  0.000000e+00  0.000000e+00  0.000000e+00  0.000000e+00  0.000000e+00  0.000000e+00  0.000000e+00  0.000000e+00  0.000000e+00  0.000000e+00  0.000000e+00  0.000000e+00  0.000000e+00  0.000000e+00  0.000000e+00  0.000000e+00  0.000000e+00  0.000000e+00  0.000000e+00  0.000000e+00  0.000000e+00  0.000000e+00  0.000000e+00  0.000000e+00  0.000000e+00  0.000000e+00  0.000000e+00  0.000000e+00  0.000000e+00  0.000000e+00  0.000000e+00  0.000000e+00  0.000000e+00  0.000000e+00  0.000000e+00  0.000000e+00  0.000000e+00  0.000000e+00  0.000000e+00  0.000000e+00  0.000000e+00  0.000000e+00  0.000000e+00  0.000000e+00  0.000000e+00  0.000000e+00  0.000000e+00  0.000000e+00  0.000000e+00  0.000000e+00  0.000000e+00  0.000000e+00  0.000000e+00  0.000000e+00  0.000000e+00  0.000000e+00  0.000000e+00  0.000000e+00  0.000000e+00  0.000000e+00  0.000000e+00  0.000000e+00  0.000000e+00  0.000000e+00  0.000000e+00  0.000000e+00  0.000000e+00  0.000000e+00  0.000000e+00  0.000000e+00  0.000000e+00  0.000000e+00  0.000000e+00  0.000000e+00  0.000000e+00  0.000000e+00  0.000000e+00  0.000000e+00  0.000000e+00  0.000000e+00  0.000000e+00  0.000000e+00  0.000000e+00  0.000000e+00  0.000000e+00  0.000000e+00  0.000000e+00  0.000000e+00  0.000000e+00  0.000000e+00  0.000000e+00  0.000000e+00  0.000000e+00  0.000000e+00  0.000000e+00  0.000000e+00  0.000000e+00  0.000000e+00  0.000000e+00  0.000000e+00  0.000000e+00  0.000000e+00  0.000000e+00  0.000000e+00  0.000000e+00  1.415263e-26  5.475563e-27  3.349557e-26  1.029484e-26  4.908984e-26  1.290065e-25  1.789218e-25  2.675041e-25  2.822618e-25  2.822617e-25  2.386307e-25  1.496672e-25  1.030241e-25  1.942875e-26  5.992813e-26  1.277812e-25  5.752240e-26  4.991742e-26  5.579433e-27  1.526984e-26  7.266499e-27  7.633992e-27  1.167071e-26  4.200632e-27  0.000000e+00  0.000000e+00  0.000000e+00  0.000000e+00  0.000000e+00  0.000000e+00  0.000000e+00  0.000000e+00  0.000000e+00  0.000000e+00  2.422358e-27  4.967016e-27  4.039046e-27  6.199109e-27  7.543665e-27  7.289236e-27  7.963980e-27  7.699777e-27  1.145117e-26  1.700580e-26  1.871309e-26  1.718510e-26  2.107995e-26  2.416936e-26  1.249803e-28  0.000000e+00  0.000000e+00  0.000000e+00  0.000000e+00  0.000000e+00  0.000000e+00  0.000000e+00  0.000000e+00  0.000000e+00  0.000000e+00  0.000000e+00  0.000000e+00  0.000000e+00  8.728395e-27  1.575622e-26  1.643626e-26  2.758683e-26  6.953955e-26  1.803386e-26  1.916579e-26  1.664337e-26  3.661785e-27  3.289853e-26  1.869727e-26  9.708431e-27  1.555380e-26  3.567200e-26  2.443702e-26  1.750247e-26  1.463389e-26  2.762777e-26  3.948781e-26  4.433884e-26  3.550907e-26  1.830222e-26  2.743179e-26  3.596263e-26  3.877832e-26  2.652962e-26  2.563673e-26  1.063428e-26  4.399035e-29  1.371336e-26  6.833635e-27  7.011003e-27  1.546840e-31  0.000000e+00  0.000000e+00  0.000000e+00  0.000000e+00  0.000000e+00  0.000000e+00  0.000000e+00  0.000000e+00  0.000000e+00  0.000000e+00  0.000000e+00  0.000000e+00  0.000000e+00  0.000000e+00  0.000000e+00  0.000000e+00  0.000000e+00  0.000000e+00  0.000000e+00  0.000000e+00  0.000000e+00  6.651967e-27  2.258777e-26  7.858862e-26  1.145840e-25  1.710225e-25  1.878942e-25  1.182666e-25  1.676552e-25  3.335985e-25  3.634904e-26  9.389247e-26  9.419293e-26  5.794876e-26  4.335853e-26  1.871222e-26  9.129407e-29  0.000000e+00  1.675903e-26  5.841230e-26  1.368244e-25  1.372734e-25  1.091540e-25  1.568659e-25  4.049801e-25  6.477709e-25  7.851869e-25  9.075119e-25  1.201742e-24  1.336061e-24  1.123885e-24  1.156060e-24  1.120908e-24  1.074953e-24  9.914263e-25  8.121370e-25  6.806441e-25  7.054514e-25  6.581852e-25  4.659505e-25  4.331261e-25  3.012983e-25  3.775322e-25  4.219372e-25  4.748722e-25  4.768958e-25  8.236582e-25  2.272377e-24  2.616404e-24  6.144563e-24  7.643320e-24  8.711260e-24  4.988055e-24  4.949330e-24  9.669221e-24  7.717570e-24  5.277544e-24  5.964855e-24  4.562704e-24  4.169683e-24  3.791016e-24  4.290250e-24  4.445925e-24  4.178365e-24  2.817364e-24  2.503761e-24  3.200125e-24  2.808430e-24  2.194120e-24  1.608117e-24  1.233748e-24  1.085584e-24  8.920827e-25  5.886903e-25  5.113882e-25  3.257357e-25  2.578203e-25  2.010977e-25  2.361343e-25  2.055471e-25  2.067939e-25  1.662333e-25  1.754295e-25  1.292099e-25  7.813779e-26  4.806075e-26  3.723482e-26  4.128082e-26  6.745515e-27  2.844326e-26  5.840211e-27  7.801727e-27  5.059175e-27  3.324109e-27  0.000000e+00  0.000000e+00  0.000000e+00  0.000000e+00  0.000000e+00  0.000000e+00  0.000000e+00  0.000000e+00  0.000000e+00  0.000000e+00  0.000000e+00  0.000000e+00  0.000000e+00  0.000000e+00  0.000000e+00  0.000000e+00  0.000000e+00  0.000000e+00  0.000000e+00  0.000000e+00  0.000000e+00  0.000000e+00  0.000000e+00  0.000000e+00  0.000000e+00  0.000000e+00  0.000000e+00  0.000000e+00  0.000000e+00  0.000000e+00  0.000000e+00  1.243772e-26  6.139554e-26  1.783266e-25  3.639175e-25  4.743762e-25  6.745638e-25  8.202222e-25  7.140803e-25  8.958186e-25  7.889721e-25  6.443800e-25  9.882431e-25  1.271039e-24  3.293209e-24  1.266357e-24  1.247703e-24  1.217156e-24  1.222109e-24  1.349908e-24  1.527634e-24  1.815079e-24  1.777163e-24  1.953134e-24  2.126090e-24  2.061835e-24  2.503756e-24  1.852383e-24  1.955410e-24  1.741201e-24  2.006469e-24  3.552359e-24  4.692923e-24  2.952614e-24  3.179274e-24  2.909071e-24  2.690662e-24  2.082448e-24  3.365950e-24  3.465920e-24  2.950505e-24  2.551299e-24  3.827104e-24  2.705069e-24  2.762751e-24  2.968245e-24  2.739915e-24  2.596673e-24  2.865768e-24  2.551077e-24  2.868260e-24  2.322145e-24  2.398097e-24  2.687943e-24  2.610724e-24  3.046875e-24  2.685691e-24  2.392185e-24  2.491410e-24  1.911711e-24  2.131165e-24  2.030398e-24  1.568943e-24  1.533557e-24  1.824740e-24  1.328090e-24  1.297459e-24  1.135443e-24  1.048214e-24  9.366060e-25  1.018045e-24  8.273582e-25  6.690068e-25  6.931134e-25  4.850558e-25  4.975908e-25  3.309902e-25  3.811623e-25  2.763863e-25  2.750041e-25  1.968500e-25  1.741772e-25  1.748340e-25  1.182050e-25  4.654094e-26  1.434236e-25  1.062172e-25  4.812799e-26  7.105346e-26  7.041948e-26  2.452990e-26  2.557567e-26  2.374574e-26  2.940111e-26  0.000000e+00  0.000000e+00  0.000000e+00  0.000000e+00  0.000000e+00  0.000000e+00  0.000000e+00  0.000000e+00  0.000000e+00  0.000000e+00  0.000000e+00  0.000000e+00  0.000000e+00  0.000000e+00  0.000000e+00  0.000000e+00  0.000000e+00  0.000000e+00  0.000000e+00  0.000000e+00  0.000000e+00  0.000000e+00  0.000000e+00  0.000000e+00  0.000000e+00  0.000000e+00  0.000000e+00  0.000000e+00  0.000000e+00  0.000000e+00  0.000000e+00  0.000000e+00  0.000000e+00  0.000000e+00  0.000000e+00  0.000000e+00  7.070852e-26  6.973976e-26  1.770390e-25  2.754318e-25  6.347587e-25  5.594355e-25  7.178023e-25  1.133277e-24  1.106420e-24  1.567538e-24  3.588819e-25  1.025641e-24  1.081816e-24  9.400834e-25
0.000000e+00  0.000000e+00  0.000000e+00  0.000000e+00  0.000000e+00  0.000000e+00  0.000000e+00  0.000000e+00  0.000000e+00  0.000000e+00  0.000000e+00  0.000000e+00  0.000000e+00  0.000000e+00  0.000000e+00  0.000000e+00  0.000000e+00  0.000000e+00  0.000000e+00  0.000000e+00  0.000000e+00  0.000000e+00  0.000000e+00  0.000000e+00  0.000000e+00  0.000000e+00  0.000000e+00  0.000000e+00  0.000000e+00  0.000000e+00  0.000000e+00  0.000000e+00  0.000000e+00  0.000000e+00  0.000000e+00  0.000000e+00  0.000000e+00  0.000000e+00  0.000000e+00  0.000000e+00  0.000000e+00  0.000000e+00  0.000000e+00  0.000000e+00  0.000000e+00  0.000000e+00  0.000000e+00  0.000000e+00  0.000000e+00  0.000000e+00  0.000000e+00  0.000000e+00  0.000000e+00  0.000000e+00  0.000000e+00  0.000000e+00  0.000000e+00  0.000000e+00  0.000000e+00  0.000000e+00  0.000000e+00  0.000000e+00  0.000000e+00  0.000000e+00  0.000000e+00  0.000000e+00  0.000000e+00  0.000000e+00  0.000000e+00  0.000000e+00  0.000000e+00  0.000000e+00  0.000000e+00  0.000000e+00  0.000000e+00  0.000000e+00  0.000000e+00  0.000000e+00  0.000000e+00  0.000000e+00  0.000000e+00  0.000000e+00  0.000000e+00  0.000000e+00  0.000000e+00  0.000000e+00  0.000000e+00  0.000000e+00  0.000000e+00  0.000000e+00  0.000000e+00  0.000000e+00  0.000000e+00  0.000000e+00  0.000000e+00  0.000000e+00  0.000000e+00  0.000000e+00  0.000000e+00  0.000000e+00  0.000000e+00  0.000000e+00  0.000000e+00  0.000000e+00  0.000000e+00  0.000000e+00  0.000000e+00  0.000000e+00  0.000000e+00  0.000000e+00  0.000000e+00  0.000000e+00  0.000000e+00  0.000000e+00  0.000000e+00  0.000000e+00  0.000000e+00  0.000000e+00  0.000000e+00  0.000000e+00  0.000000e+00  0.000000e+00  0.000000e+00  0.000000e+00  0.000000e+00  0.000000e+00  0.000000e+00  0.000000e+00  0.000000e+00  0.000000e+00  0.000000e+00  0.000000e+00  0.000000e+00  0.000000e+00  0.000000e+00  0.000000e+00  0.000000e+00  0.000000e+00  0.000000e+00  0.000000e+00  0.000000e+00  0.000000e+00  0.000000e+00  0.000000e+00  0.000000e+00  0.000000e+00  0.000000e+00  0.000000e+00  0.000000e+00  0.000000e+00  0.000000e+00  0.000000e+00  0.000000e+00  0.000000e+00  0.000000e+00  0.000000e+00  0.000000e+00  0.000000e+00  0.000000e+00  0.000000e+00  0.000000e+00  0.000000e+00  0.000000e+00  0.000000e+00  0.000000e+00  0.000000e+00  0.000000e+00  0.000000e+00  0.000000e+00  0.000000e+00  0.000000e+00  0.000000e+00  0.000000e+00  0.000000e+00  0.000000e+00  0.000000e+00  0.000000e+00  0.000000e+00  0.000000e+00  0.000000e+00  0.000000e+00  0.000000e+00  0.000000e+00  0.000000e+00  0.000000e+00  0.000000e+00  0.000000e+00  0.000000e+00  0.000000e+00  0.000000e+00  0.000000e+00  0.000000e+00  0.000000e+00  0.000000e+00  0.000000e+00  0.000000e+00  0.000000e+00  0.000000e+00  0.000000e+00  0.000000e+00  0.000000e+00  0.000000e+00  0.000000e+00  0.000000e+00  0.000000e+00  0.000000e+00  0.000000e+00  0.000000e+00  0.000000e+00  0.000000e+00  0.000000e+00  0.000000e+00  0.000000e+00  0.000000e+00  0.000000e+00  0.000000e+00  0.000000e+00  0.000000e+00  0.000000e+00  0.000000e+00  0.000000e+00  0.000000e+00  0.000000e+00  0.000000e+00  0.000000e+00  0.000000e+00  0.000000e+00  0.000000e+00  0.000000e+00  0.000000e+00  0.000000e+00  0.000000e+00  0.000000e+00  0.000000e+00  0.000000e+00  0.000000e+00  0.000000e+00  0.000000e+00  0.000000e+00  0.000000e+00  0.000000e+00  0.000000e+00  0.000000e+00  0.000000e+00  0.000000e+00  0.000000e+00  0.000000e+00  0.000000e+00  0.000000e+00  0.000000e+00  0.000000e+00  0.000000e+00  0.000000e+00  0.000000e+00  0.000000e+00  0.000000e+00  0.000000e+00  0.000000e+00  0.000000e+00  0.000000e+00  0.000000e+00  0.000000e+00  0.000000e+00  0.000000e+00  0.000000e+00  0.000000e+00  0.000000e+00  0.000000e+00  0.000000e+00  0.000000e+00  0.000000e+00  0.000000e+00  0.000000e+00  0.000000e+00  0.000000e+00  0.000000e+00  0.000000e+00  0.000000e+00  0.000000e+00  0.000000e+00  0.000000e+00  0.000000e+00  0.000000e+00  0.000000e+00  0.000000e+00  0.000000e+00  0.000000e+00  0.000000e+00  0.000000e+00  0.000000e+00  0.000000e+00  0.000000e+00  0.000000e+00  0.000000e+00  0.000000e+00  0.000000e+00  0.000000e+00  0.000000e+00  0.000000e+00  0.000000e+00  0.000000e+00  0.000000e+00  0.000000e+00  0.000000e+00  0.000000e+00  0.000000e+00  0.000000e+00  0.000000e+00  0.000000e+00  0.000000e+00  0.000000e+00  0.000000e+00  0.000000e+00  0.000000e+00  0.000000e+00  0.000000e+00  0.000000e+00  0.000000e+00  0.000000e+00  0.000000e+00  0.000000e+00  0.000000e+00  0.000000e+00  0.000000e+00  0.000000e+00  0.000000e+00  0.000000e+00  0.000000e+00  0.000000e+00  0.000000e+00  0.000000e+00  0.000000e+00  0.000000e+00  0.000000e+00  0.000000e+00  0.000000e+00  0.000000e+00  0.000000e+00  0.000000e+00  0.000000e+00  0.000000e+00  0.000000e+00  0.000000e+00  0.000000e+00  0.000000e+00  0.000000e+00  0.000000e+00  0.000000e+00  0.000000e+00  0.000000e+00  0.000000e+00  0.000000e+00  0.000000e+00  0.000000e+00  0.000000e+00  0.000000e+00  0.000000e+00  0.000000e+00  0.000000e+00  0.000000e+00  0.000000e+00  0.000000e+00  0.000000e+00  0.000000e+00  0.000000e+00  0.000000e+00  0.000000e+00  0.000000e+00  0.000000e+00  0.000000e+00  0.000000e+00  0.000000e+00  0.000000e+00  0.000000e+00  0.000000e+00  0.000000e+00  0.000000e+00  0.000000e+00  0.000000e+00  0.000000e+00  0.000000e+00  0.000000e+00  0.000000e+00  0.000000e+00  0.000000e+00  0.000000e+00  0.000000e+00  0.000000e+00  1.441746e-26  5.561567e-27  3.409764e-26  1.047600e-26  4.996494e-26  1.313640e-25  1.820394e-25  2.723830e-25  2.872887e-25  2.873183e-25  2.428593e-25  1.524347e-25  1.047552e-25  1.975565e-26  6.101888e-26  1.301149e-25  5.849850e-26  5.081143e-26  5.676459e-27  1.553086e-26  7.409917e-27  7.763908e-27  1.187195e-26  4.287105e-27  0.000000e+00  0.000000e+00  0.000000e+00  0.000000e+00  0.000000e+00  0.000000e+00  0.000000e+00  0.000000e+00  0.000000e+00  0.000000e+00  2.466737e-27  5.055701e-27  4.110666e-27  6.310129e-27  7.679098e-27  7.419609e-27  8.106085e-27  7.837058e-27  1.165675e-26  1.730859e-26  1.904776e-26  1.749319e-26  2.145532e-26  2.460567e-26  1.227702e-28  0.000000e+00  0.000000e+00  0.000000e+00  0.000000e+00  0.000000e+00  0.000000e+00  0.000000e+00  0.000000e+00  0.000000e+00  0.000000e+00  0.000000e+00  0.000000e+00  0.000000e+00  8.884711e-27  1.603759e-26  1.673861e-26  2.807029e-26  7.077352e-26  1.838003e-26  1.949200e-26  1.695434e-26  3.709927e-27  3.349368e-26  1.902206e-26  9.904277e-27  1.581675e-26  3.631617e-26  2.488194e-26  1.780744e-26  1.491088e-26  2.809947e-26  4.017225e-26  4.516411e-26  3.615545e-26  1.860612e-26  2.792711e-26  3.658699e-26  3.948131e-26  2.699683e-26  2.611508e-26  1.082134e-26  4.083433e-29  1.397015e-26  6.944337e-27  7.136769e-27  0.000000e+00  0.000000e+00  0.000000e+00  0.000000e+00  0.000000e+00  0.000000e+00  0.000000e+00  0.000000e+00  0.000000e+00  0.000000e+00  0.000000e+00  0.000000e+00  0.000000e+00  0.000000e+00  0.000000e+00  0.000000e+00  0.000000e+00  0.000000e+00  0.000000e+00  0.000000e+00  0.000000e+00  0.000000e+00  6.748046e-27  2.300966e-26  7.998447e-26  1.167364e-25  1.740286e-25  1.912138e-25  1.204256e-25  1.706020e-25  3.396094e-25  3.693678e-26  9.556536e-26  9.590551e-26  5.893952e-26  4.417284e-26  1.905312e-26  8.270264e-29  0.000000e+00  1.706958e-26  5.944967e-26  1.392607e-25  1.397935e-25  1.110551e-25  1.596402e-25  4.123135e-25  6.593482e-25  7.992246e-25  9.238468e-25  1.223001e-24  1.360278e-24  1.143954e-24  1.176701e-24  1.140843e-24  1.094122e-24  1.009123e-24  8.264704e-25  6.926115e-25  7.105630e-25  6.627011e-25  4.684704e-25  4.350057e-25  3.038395e-25  3.797194e-25  4.248629e-25  4.777018e-25  4.799115e-25  8.242687e-25  2.271440e-24  2.625294e-24  6.177844e-24  7.714730e-24  8.820227e-24  5.058945e-24  5.003072e-24  9.771890e-24  7.778455e-24  5.327164e-24  6.032803e-24  4.612800e-24  4.206020e-24  3.823573e-24  4.331398e-24  4.485491e-24  4.221926e-24  2.847703e-24  2.531572e-24  3.239978e-24  2.831671e-24  2.208922e-24  1.624217e-24  1.245443e-24  1.092472e-24  8.974966e-25  5.923906e-25  5.141359e-25  3.274840e-25  2.596302e-25  2.024385e-25  2.379296e-25  2.075686e-25  2.090211e-25  1.679284e-25  1.767403e-25  1.315227e-25  7.955570e-26  4.889761e-26  3.788427e-26  4.203653e-26  6.861170e-27  2.895239e-26  5.944191e-27  7.937172e-27  5.153127e-27  3.385482e-27  0.000000e+00  0.000000e+00  0.000000e+00  0.000000e+00  0.000000e+00  0.000000e+00  0.000000e+00  0.000000e+00  0.000000e+00  0.000000e+00  0.000000e+00  0.000000e+00  0.000000e+00  0.000000e+00  0.000000e+00  0.000000e+00  0.000000e+00  0.000000e+00  0.000000e+00  0.000000e+00  0.000000e+00  0.000000e+00  0.000000e+00  0.000000e+00  0.000000e+00  0.000000e+00  0.000000e+00  0.000000e+00  0.000000e+00  0.000000e+00  0.000000e+00  1.242014e-26  6.126976e-26  1.779450e-25  3.631071e-25  4.736291e-25  6.730056e-25  8.183950e-25  7.121977e-25  8.940726e-25  7.872101e-25  6.431125e-25  9.863887e-25  1.267993e-24  3.286733e-24  1.263156e-24  1.246000e-24  1.213409e-24  1.219250e-24  1.347409e-24  1.524491e-24  1.811149e-24  1.773397e-24  1.949725e-24  2.120295e-24  2.057695e-24  2.498994e-24  1.847430e-24  1.951588e-24  1.736951e-24  2.001942e-24  3.544602e-24  4.684354e-24  2.945725e-24  3.172632e-24  2.902293e-24  2.685456e-24  2.076610e-24  3.359716e-24  3.458158e-24  2.943022e-24  2.546154e-24  3.819358e-24  2.699518e-24  2.756934e-24  2.961257e-24  2.735275e-24  2.591943e-24  2.857969e-24  2.544064e-24  2.863629e-24  2.317238e-24  2.392705e-24  2.682965e-24  2.604302e-24  3.041268e-24  2.679379e-24  2.386905e-24  2.486372e-24  1.906695e-24  2.127179e-24  2.025656e-24  1.565567e-24  1.530407e-24  1.821428e-24  1.324442e-24  1.294783e-24  1.133080e-24  1.045904e-24  9.345388e-25  1.016581e-24  8.251206e-25  6.672185e-25  6.915810e-25  4.839303e-25  4.966415e-25  3.303446e-25  3.801962e-25  2.759484e-25  2.744145e-25  1.962252e-25  1.738359e-25  1.744971e-25  1.179697e-25  4.636389e-26  1.431665e-25  1.059376e-25  4.805630e-26  7.092989e-26  7.024778e-26  2.445872e-26  2.559688e-26  2.361718e-26  2.935185e-26  0.000000e+00  0.000000e+00  0.000000e+00  0.000000e+00  0.000000e+00  0.000000e+00  0.000000e+00  0.000000e+00  0.000000e+00  0.000000e+00  0.000000e+00  0.000000e+00  0.000000e+00  0.000000e+00  0.000000e+00  0.000000e+00  0.000000e+00  0.000000e+00  0.000000e+00  0.000000e+00  0.000000e+00  0.000000e+00  0.000000e+00  0.000000e+00  0.000000e+00  0.000000e+00  0.000000e+00  0.000000e+00  0.000000e+00  0.000000e+00  0.000000e+00  0.000000e+00  0.000000e+00  0.000000e+00  0.000000e+00  0.000000e+00  7.065865e-26  6.951609e-26  1.766158e-25  2.743327e-25  6.304192e-25  5.559016e-25  7.127598e-25  1.129936e-24  1.105437e-24  1.577223e-24  3.577677e-25  1.034771e-24  1.092192e-24  9.527474e-25
0.000000e+00  0.000000e+00  0.000000e+00  0.000000e+00  0.000000e+00  0.000000e+00  0.000000e+00  0.000000e+00  0.000000e+00  0.000000e+00  0.000000e+00  0.000000e+00  0.000000e+00  0.000000e+00  0.000000e+00  0.000000e+00  0.000000e+00  0.000000e+00  0.000000e+00  0.000000e+00  0.000000e+00  0.000000e+00  0.000000e+00  0.000000e+00  0.000000e+00  0.000000e+00  0.000000e+00  0.000000e+00  0.000000e+00  0.000000e+00  0.000000e+00  0.000000e+00  0.000000e+00  0.000000e+00  0.000000e+00  0.000000e+00  0.000000e+00  0.000000e+00  0.000000e+00  0.000000e+00  0.000000e+00  0.000000e+00  0.000000e+00  0.000000e+00  0.000000e+00  0.000000e+00  0.000000e+00  0.000000e+00  0.000000e+00  0.000000e+00  0.000000e+00  0.000000e+00  0.000000e+00  0.000000e+00  0.000000e+00  0.000000e+00  0.000000e+00  0.000000e+00  0.000000e+00  0.000000e+00  0.000000e+00  0.000000e+00  0.000000e+00  0.000000e+00  0.000000e+00  0.000000e+00  0.000000e+00  0.000000e+00  0.000000e+00  0.000000e+00  0.000000e+00  0.000000e+00  0.000000e+00  0.000000e+00  0.000000e+00  0.000000e+00  0.000000e+00  0.000000e+00  0.000000e+00  0.000000e+00  0.000000e+00  0.000000e+00  0.000000e+00  0.000000e+00  0.000000e+00  0.000000e+00  0.000000e+00  0.000000e+00  0.000000e+00  0.000000e+00  0.000000e+00  0.000000e+00  0.000000e+00  0.000000e+00  0.000000e+00  0.000000e+00  0.000000e+00  0.000000e+00  0.000000e+00  0.000000e+00  0.000000e+00  0.000000e+00  0.000000e+00  0.000000e+00  0.000000e+00  0.000000e+00  0.000000e+00  0.000000e+00  0.000000e+00  0.000000e+00  0.000000e+00  0.000000e+00  0.000000e+00  0.000000e+00  0.000000e+00  0.000000e+00  0.000000e+00  0.000000e+00  0.000000e+00  0.000000e+00  0.000000e+00  0.000000e+00  0.000000e+00  0.000000e+00  0.000000e+00  0.000000e+00  0.000000e+00  0.000000e+00  0.000000e+00  0.000000e+00  0.000000e+00  0.000000e+00  0.000000e+00  0.000000e+00  0.000000e+00  0.000000e+00  0.000000e+00  0.000000e+00  0.000000e+00  0.000000e+00  0.000000e+00  0.000000e+00  0.000000e+00  0.000000e+00  0.000000e+00  0.000000e+00  0.000000e+00  0.000000e+00  0.000000e+00  0.000000e+00  0.000000e+00  0.000000e+00  0.000000e+00  0.000000e+00  0.000000e+00  0.000000e+00  0.000000e+00  0.000000e+00  0.000000e+00  0.000000e+00  0.000000e+00  0.000000e+00  0.000000e+00  0.000000e+00  0.000000e+00  0.000000e+00  0.000000e+00  0.000000e+00  0.000000e+00  0.000000e+00  0.000000e+00  0.000000e+00  0.000000e+00  0.000000e+00  0.000000e+00  0.000000e+00  0.000000e+00  0.000000e+00  0.000000e+00  0.000000e+00  0.000000e+00  0.000000e+00  0.000000e+00  0.000000e+00  0.000000e+00  0.000000e+00  0.000000e+00  0.000000e+00  0.000000e+00  0.000000e+00  0.000000e+00  0.000000e+00  0.000000e+00  0.000000e+00  0.000000e+00  0.000000e+00  0.000000e+00  0.000000e+00  0.000000e+00  0.000000e+00  0.000000e+00  0.000000e+00  0.000000e+00  0.000000e+00  0.000000e+00  0.000000e+00  0.000000e+00  0.000000e+00  0.000000e+00  0.000000e+00  0.000000e+00  0.000000e+00  0.000000e+00  0.000000e+00  0.000000e+00  0.000000e+00  0.000000e+00  0.000000e+00  0.000000e+00  0.000000e+00  0.000000e+00  0.000000e+00  0.000000e+00  0.000000e+00  0.000000e+00  0.000000e+00  0.000000e+00  0.000000e+00  0.000000e+00  0.000000e+00  0.000000e+00  0.000000e+00  0.000000e+00  0.000000e+00  0.000000e+00  0.000000e+00  0.000000e+00  0.000000e+00  0.000000e+00  0.000000e+00  0.000000e+00  0.000000e+00  0.000000e+00  0.000000e+00  0.000000e+00  0.000000e+00  0.000000e+00  0.000000e+00  0.000000e+00  0.000000e+00  0.000000e+00  0.000000e+00  0.000000e+00  0.000000e+00  0.000000e+00  0.000000e+00  0.000000e+00  0.000000e+00  0.000000e+00  0.000000e+00  0.000000e+00  0.000000e+00  0.000000e+00  0.000000e+00  0.000000e+00  0.000000e+00  0.000000e+00  0.000000e+00  0.000000e+00  0.000000e+00  0.000000e+00  0.000000e+00  0.000000e+00  0.000000e+00  0.000000e+00  0.000000e+00  0.000000e+00  0.000000e+00  0.000000e+00  0.000000e+00  0.000000e+00  0.000000e+00  0.000000e+00  0.000000e+00  0.000000e+00  0.000000e+00  0.000000e+00  0.000000e+00  0.000000e+00  0.000000e+00  0.000000e+00  0.000000e+00  0.000000e+00  0.000000e+00  0.000000e+00  0.000000e+00  0.000000e+00  0.000000e+00  0.000000e+00  0.000000e+00  0.000000e+00  0.000000e+00  0.000000e+00  0.000000e+00  0.000000e+00  0.000000e+00  0.000000e+00  0.000000e+00  0.000000e+00  0.000000e+00  0.000000e+00  0.000000e+00  0.000000e+00  0.000000e+00  0.000000e+00  0.000000e+00  0.000000e+00  0.000000e+00  0.000000e+00  0.000000e+00  0.000000e+00  0.000000e+00  0.000000e+00  0.000000e+00  0.000000e+00  0.000000e+00  0.000000e+00  0.000000e+00  0.000000e+00  0.000000e+00  0.000000e+00  0.000000e+00  0.000000e+00  0.000000e+00  0.000000e+00  0.000000e+00  0.000000e+00  0.000000e+00  0.000000e+00  0.000000e+00  0.000000e+00  0.000000e+00  0.000000e+00  0.000000e+00  0.000000e+00  0.000000e+00  0.000000e+00  0.000000e+00  0.000000e+00  0.000000e+00  0.000000e+00  0.000000e+00  0.000000e+00  0.000000e+00  0.000000e+00  0.000000e+00  0.000000e+00  0.000000e+00  0.000000e+00  0.000000e+00  0.000000e+00  0.000000e+00  0.000000e+00  0.000000e+00  0.000000e+00  0.000000e+00  0.000000e+00  0.000000e+00  0.000000e+00  0.000000e+00  0.000000e+00  0.000000e+00  0.000000e+00  0.000000e+00  0.000000e+00  0.000000e+00  0.000000e+00  0.000000e+00  0.000000e+00  0.000000e+00  0.000000e+00  0.000000e+00  0.000000e+00  0.000000e+00  0.000000e+00  0.000000e+00  0.000000e+00  0.000000e+00  1.468983e-26  5.651011e-27  3.471666e-26  1.066214e-26  5.086071e-26  1.337823e-25  1.852510e-25  2.773827e-25  2.924652e-25  2.925171e-25  2.472132e-25  1.552815e-25  1.065390e-25  2.009372e-26  6.213823e-26  1.325128e-25  5.950887e-26  5.173006e-26  5.778340e-27  1.579965e-26  7.557483e-27  7.897610e-27  1.207909e-26  4.375899e-27  0.000000e+00  0.000000e+00  0.000000e+00  0.000000e+00  0.000000e+00  0.000000e+00  0.000000e+00  0.000000e+00  0.000000e+00  0.000000e+00  2.512322e-27  5.147099e-27  4.184290e-27  6.424198e-27  7.818277e-27  7.553908e-27  8.252021e-27  7.978293e-27  1.186776e-26  1.761971e-26  1.939189e-26  1.780978e-26  2.184140e-26  2.505400e-26  1.207792e-28  0.000000e+00  0.000000e+00  0.000000e+00  0.000000e+00  0.000000e+00  0.000000e+00  0.000000e+00  0.000000e+00  0.000000e+00  0.000000e+00  0.000000e+00  0.000000e+00  0.000000e+00  9.044989e-27  1.632653e-26  1.704822e-26  2.856967e-26  7.204238e-26  1.873522e-26  1.982560e-26  1.727397e-26  3.760695e-27  3.410356e-26  1.935546e-26  1.010543e-26  1.608782e-26  3.697774e-26  2.533781e-26  1.812326e-26  1.519773e-26  2.858333e-26  4.087720e-26  4.601370e-26  3.681684e-26  1.891938e-26  2.843480e-26  3.722960e-26  4.020313e-26  2.747915e-26  2.660744e-26  1.101433e-26  3.773612e-29  1.423355e-26  7.058984e-27  7.266020e-27  0.000000e+00  0.000000e+00  0.000000e+00  0.000000e+00  0.000000e+00  0.000000e+00  0.000000e+00  0.000000e+00  0.000000e+00  0.000000e+00  0.000000e+00  0.000000e+00  0.000000e+00  0.000000e+00  0.000000e+00  0.000000e+00  0.000000e+00  0.000000e+00  0.000000e+00  0.000000e+00  0.000000e+00  0.000000e+00  6.847685e-27  2.344333e-26  8.142409e-26  1.189420e-25  1.771172e-25  1.946334e-25  1.226424e-25  1.736343e-25  3.457864e-25  3.754542e-26  9.729110e-26  9.766490e-26  5.996136e-26  4.501073e-26  1.940272e-26  7.379226e-29  0.000000e+00  1.738864e-26  6.051993e-26  1.417644e-25  1.423870e-25  1.130104e-25  1.624925e-25  4.198577e-25  6.712628e-25  8.136487e-25  9.406469e-25  1.244885e-24  1.385156e-24  1.164603e-24  1.197904e-24  1.161366e-24  1.113834e-24  1.027343e-24  8.412255e-25  7.048731e-25  7.156861e-25  6.672167e-25  4.709732e-25  4.368678e-25  3.064040e-25  3.819114e-25  4.277916e-25  4.805341e-25  4.829352e-25  8.247694e-25  2.270096e-24  2.633886e-24  6.210806e-24  7.786726e-24  8.931136e-24  5.131408e-24  5.057569e-24  9.876217e-24  7.839763e-24  5.377239e-24  6.101889e-24  4.663730e-24  4.242584e-24  3.856376e-24  4.373038e-24  4.525466e-24  4.266106e-24  2.878610e-24  2.559930e-24  3.280536e-24  2.855197e-24  2.223812e-24  1.640558e-24  1.257258e-24  1.099379e-24  9.029167e-25  5.961020e-25  5.168703e-25  3.292386e-25  2.614476e-25  2.037903e-25  2.397313e-25  2.096229e-25  2.113017e-25  1.696521e-25  1.780708e-25  1.339063e-25  8.101196e-26  4.975995e-26  3.855495e-26  4.281548e-26  6.979348e-27  2.947624e-26  6.050746e-27  8.075599e-27  5.249228e-27  3.449112e-27  0.000000e+00  0.000000e+00  0.000000e+00  0.000000e+00  0.000000e+00  0.000000e+00  0.000000e+00  0.000000e+00  0.000000e+00  0.000000e+00  0.000000e+00  0.000000e+00  0.000000e+00  0.000000e+00  0.000000e+00  0.000000e+00  0.000000e+00  0.000000e+00  0.000000e+00  0.000000e+00  0.000000e+00  0.000000e+00  0.000000e+00  0.000000e+00  0.000000e+00  0.000000e+00  0.000000e+00  0.000000e+00  0.000000e+00  0.000000e+00  0.000000e+00  1.240038e-26  6.113922e-26  1.775157e-25  3.622006e-25  4.727376e-25  6.712597e-25  8.163299e-25  7.101195e-25  8.920662e-25  7.852259e-25  6.416917e-25  9.842344e-25  1.264644e-24  3.279184e-24  1.259657e-24  1.243887e-24  1.209436e-24  1.216071e-24  1.344504e-24  1.520945e-24  1.806676e-24  1.769136e-24  1.945748e-24  2.113969e-24  2.052902e-24  2.493508e-24  1.841900e-24  1.947266e-24  1.732231e-24  1.996891e-24  3.535993e-24  4.674344e-24  2.938054e-24  3.165106e-24  2.894663e-24  2.679518e-24  2.070218e-24  3.352507e-24  3.449489e-24  2.934831e-24  2.540246e-24  3.810562e-24  2.693174e-24  2.750321e-24  2.953381e-24  2.729844e-24  2.586378e-24  2.849425e-24  2.536429e-24  2.858124e-24  2.311721e-24  2.386617e-24  2.677226e-24  2.597193e-24  3.034732e-24  2.672354e-24  2.380937e-24  2.480669e-24  1.901182e-24  2.122629e-24  2.020378e-24  1.561747e-24  1.526812e-24  1.817607e-24  1.320449e-24  1.291727e-24  1.130424e-24  1.043295e-24  9.321887e-25  1.014804e-24  8.226720e-25  6.652283e-25  6.898475e-25  4.826720e-25  4.955364e-25  3.296052e-25  3.791387e-25  2.754306e-25  2.737222e-25  1.955665e-25  1.734498e-25  1.741090e-25  1.177036e-25  4.617813e-26  1.428575e-25  1.056284e-25  4.797123e-26  7.078397e-26  7.005893e-26  2.438273e-26  2.560767e-26  2.348684e-26  2.929521e-26  0.000000e+00  0.000000e+00  0.000000e+00  0.000000e+00  0.000000e+00  0.000000e+00  0.000000e+00  0.000000e+00  0.000000e+00  0.000000e+00  0.000000e+00  0.000000e+00  0.000000e+00  0.000000e+00  0.000000e+00  0.000000e+00  0.000000e+00  0.000000e+00  0.000000e+00  0.000000e+00  0.000000e+00  0.000000e+00  0.000000e+00  0.000000e+00  0.000000e+00  0.000000e+00  0.000000e+00  0.000000e+00  0.000000e+00  0.000000e+00  0.000000e+00  0.000000e+00  0.000000e+00  0.000000e+00  0.000000e+00  0.000000e+00  7.058655e-26  6.927645e-26  1.761474e-25  2.731631e-25  6.258793e-25  5.522441e-25  7.074574e-25  1.126249e-24  1.104251e-24  1.586746e-24  3.567185e-25  1.043897e-24  1.102676e-24  9.655418e-25
0.000000e+00  0.000000e+00  0.000000e+00  0.000000e+00  0.000000e+00  0.000000e+00  0.000000e+00  0.000000e+00  0.000000e+00  0.000000e+00  0.000000e+00  0.000000e+00  0.000000e+00  0.000000e+00  0.000000e+00  0.000000e+00  0.000000e+00  0.000000e+00  0.000000e+00  0.000000e+00  0.000000e+00  0.000000e+00  0.000000e+00  0.000000e+00  0.000000e+00  0.000000e+00  0.000000e+00  0.000000e+00  0.000000e+00  0.000000e+00  0.000000e+00  0.000000e+00  0.000000e+00  0.000000e+00  0.000000e+00  0.000000e+00  0.000000e+00  0.000000e+00  0.000000e+00  0.000000e+00  0.000000e+00  0.000000e+00  0.000000e+00  0.000000e+00  0.000000e+00  0.000000e+00  0.000000e+00  0.000000e+00  0.000000e+00  0.000000e+00  0.000000e+00  0.000000e+00  0.000000e+00  0.000000e+00  0.000000e+00  0.000000e+00  0.000000e+00  0.000000e+00  0.000000e+00  0.000000e+00  0.000000e+00  0.000000e+00  0.000000e+00  0.000000e+00  0.000000e+00  0.000000e+00  0.000000e+00  0.000000e+00  0.000000e+00  0.000000e+00  0.000000e+00  0.000000e+00  0.000000e+00  0.000000e+00  0.000000e+00  0.000000e+00  0.000000e+00  0.000000e+00  0.000000e+00  0.000000e+00  0.000000e+00  0.000000e+00  0.000000e+00  0.000000e+00  0.000000e+00  0.000000e+00  0.000000e+00  0.000000e+00  0.000000e+00  0.000000e+00  0.000000e+00  0.000000e+00  0.000000e+00  0.000000e+00  0.000000e+00  0.000000e+00  0.000000e+00  0.000000e+00  0.000000e+00  0.000000e+00  0.000000e+00  0.000000e+00  0.000000e+00  0.000000e+00  0.000000e+00  0.000000e+00  0.000000e+00  0.000000e+00  0.000000e+00  0.000000e+00  0.000000e+00  0.000000e+00  0.000000e+00  0.000000e+00  0.000000e+00  0.000000e+00  0.000000e+00  0.000000e+00  0.000000e+00  0.000000e+00  0.000000e+00  0.000000e+00  0.000000e+00  0.000000e+00  0.000000e+00  0.000000e+00  0.000000e+00  0.000000e+00  0.000000e+00  0.000000e+00  0.000000e+00  0.000000e+00  0.000000e+00  0.000000e+00  0.000000e+00  0.000000e+00  0.000000e+00  0.000000e+00  0.000000e+00  0.000000e+00  0.000000e+00  0.000000e+00  0.000000e+00  0.000000e+00  0.000000e+00  0.000000e+00  0.000000e+00  0.000000e+00  0.000000e+00  0.000000e+00  0.000000e+00  0.000000e+00  0.000000e+00  0.000000e+00  0.000000e+00  0.000000e+00  0.000000e+00  0.000000e+00  0.000000e+00  0.000000e+00  0.000000e+00  0.000000e+00  0.000000e+00  0.000000e+00  0.000000e+00  0.000000e+00  0.000000e+00  0.000000e+00  0.000000e+00  0.000000e+00  0.000000e+00  0.000000e+00  0.000000e+00  0.000000e+00  0.000000e+00  0.000000e+00  0.000000e+00  0.000000e+00  0.000000e+00  0.000000e+00  0.000000e+00  0.000000e+00  0.000000e+00  0.000000e+00  0.000000e+00  0.000000e+00  0.000000e+00  0.000000e+00  0.000000e+00  0.000000e+00  0.000000e+00  0.000000e+00  0.000000e+00  0.000000e+00  0.000000e+00  0.000000e+00  0.000000e+00  0.000000e+00  0.000000e+00  0.000000e+00  0.000000e+00  0.000000e+00  0.000000e+00  0.000000e+00  0.000000e+00  0.000000e+00  0.000000e+00  0.000000e+00  0.000000e+00  0.000000e+00  0.000000e+00  0.000000e+00  0.000000e+00  0.000000e+00  0.000000e+00  0.000000e+00  0.000000e+00  0.000000e+00  0.000000e+00  0.000000e+00  0.000000e+00  0.000000e+00  0.000000e+00  0.000000e+00  0.000000e+00  0.000000e+00  0.000000e+00  0.000000e+00  0.000000e+00  0.000000e+00  0.000000e+00  0.000000e+00  0.000000e+00  0.000000e+00  0.000000e+00  0.000000e+00  0.000000e+00  0.000000e+00  0.000000e+00  0.000000e+00  0.000000e+00  0.000000e+00  0.000000e+00  0.000000e+00  0.000000e+00  0.000000e+00  0.000000e+00  0.000000e+00  0.000000e+00  0.000000e+00  0.000000e+00  0.000000e+00  0.000000e+00  0.000000e+00  0.000000e+00  0.000000e+00  0.000000e+00  0.000000e+00  0.000000e+00  0.000000e+00  0.000000e+00  0.000000e+00  0.000000e+00  0.000000e+00  0.000000e+00  0.000000e+00  0.000000e+00  0.000000e+00  0.000000e+00  0.000000e+00  0.000000e+00  0.000000e+00  0.000000e+00  0.000000e+00  0.000000e+00  0.000000e+00  0.000000e+00  0.000000e+00  0.000000e+00  0.000000e+00  0.000000e+00  0.000000e+00  0.000000e+00  0.000000e+00  0.000000e+00  0.000000e+00  0.000000e+00  0.000000e+00  0.000000e+00  0.000000e+00  0.000000e+00  0.000000e+00  0.000000e+00  0.000000e+00  0.000000e+00  0.000000e+00  0.000000e+00  0.000000e+00  0.000000e+00  0.000000e+00  0.000000e+00  0.000000e+00  0.000000e+00  0.000000e+00  0.000000e+00  0.000000e+00  0.000000e+00  0.000000e+00  0.000000e+00  0.000000e+00  0.000000e+00  0.000000e+00  0.000000e+00  0.000000e+00  0.000000e+00  0.000000e+00  0.000000e+00  0.000000e+00  0.000000e+00  0.000000e+00  0.000000e+00  0.000000e+00  0.000000e+00  0.000000e+00  0.000000e+00  0.000000e+00  0.000000e+00  0.000000e+00  0.000000e+00  0.000000e+00  0.000000e+00  0.000000e+00  0.000000e+00  0.000000e+00  0.000000e+00  0.000000e+00  0.000000e+00  0.000000e+00  0.000000e+00  0.000000e+00  0.000000e+00  0.000000e+00  0.000000e+00  0.000000e+00  0.000000e+00  0.000000e+00  0.000000e+00  0.000000e+00  0.000000e+00  0.000000e+00  0.000000e+00  0.000000e+00  0.000000e+00  0.000000e+00  0.000000e+00  0.000000e+00  0.000000e+00  0.000000e+00  0.000000e+00  0.000000e+00  0.000000e+00  0.000000e+00  0.000000e+00  0.000000e+00  0.000000e+00  0.000000e+00  0.000000e+00  0.000000e+00  0.000000e+00  0.000000e+00  0.000000e+00  0.000000e+00  0.000000e+00  0.000000e+00  0.000000e+00  0.000000e+00  0.000000e+00  0.000000e+00  0.000000e+00  0.000000e+00  0.000000e+00  0.000000e+00  0.000000e+00  0.000000e+00  0.000000e+00  0.000000e+00  0.000000e+00  0.000000e+00  1.496882e-26  5.743552e-27  3.535439e-26  1.085380e-26  5.178413e-26  1.362680e-25  1.885566e-25  2.825311e-25  2.977946e-25  2.978679e-25  2.516928e-25  1.582052e-25  1.083733e-25  2.044161e-26  6.329327e-26  1.349779e-25  6.054695e-26  5.267238e-26  5.883256e-27  1.607594e-26  7.708749e-27  8.035333e-27  1.229242e-26  4.467243e-27  0.000000e+00  0.000000e+00  0.000000e+00  0.000000e+00  0.000000e+00  0.000000e+00  0.000000e+00  0.000000e+00  0.000000e+00  0.000000e+00  2.559252e-27  5.241115e-27  4.260044e-27  6.541624e-27  7.961572e-27  7.691939e-27  8.402228e-27  8.123874e-27  1.208483e-26  1.794013e-26  1.974565e-26  1.813582e-26  2.223847e-26  2.551557e-26  1.189141e-28  0.000000e+00  0.000000e+00  0.000000e+00  0.000000e+00  0.000000e+00  0.000000e+00  0.000000e+00  0.000000e+00  0.000000e+00  0.000000e+00  0.000000e+00  0.000000e+00  0.000000e+00  9.210508e-27  1.662421e-26  1.736735e-26  2.908525e-26  7.334673e-26  1.910285e-26  2.016781e-26  1.760135e-26  3.813061e-27  3.473128e-26  1.969995e-26  1.031263e-26  1.636622e-26  3.765946e-26  2.580687e-26  1.844626e-26  1.549441e-26  2.908096e-26  4.160162e-26  4.688992e-26  3.749667e-26  1.924229e-26  2.895587e-26  3.788994e-26  4.094488e-26  2.797508e-26  2.711294e-26  1.121434e-26  3.477881e-29  1.450407e-26  7.177063e-27  7.399340e-27  0.000000e+00  0.000000e+00  0.000000e+00  0.000000e+00  0.000000e+00  0.000000e+00  0.000000e+00  0.000000e+00  0.000000e+00  0.000000e+00  0.000000e+00  0.000000e+00  0.000000e+00  0.000000e+00  0.000000e+00  0.000000e+00  0.000000e+00  0.000000e+00  0.000000e+00  0.000000e+00  0.000000e+00  0.000000e+00  6.949610e-27  2.389015e-26  8.290806e-26  1.212061e-25  1.802973e-25  1.981541e-25  1.249233e-25  1.767501e-25  3.521394e-25  3.817413e-26  9.906499e-26  9.947375e-26  6.101264e-26  4.587118e-26  1.975991e-26  6.651322e-29  0.000000e+00  1.771591e-26  6.162305e-26  1.443338e-25  1.450530e-25  1.150250e-25  1.654227e-25  4.276213e-25  6.835268e-25  8.284949e-25  9.579084e-25  1.267365e-24  1.410763e-24  1.185874e-24  1.219764e-24  1.182498e-24  1.134111e-24  1.046062e-24  8.564182e-25  7.174971e-25  7.208159e-25  6.717442e-25  4.734647e-25  4.387242e-25  3.089835e-25  3.840908e-25  4.307216e-25  4.833662e-25  4.859645e-25  8.251458e-25  2.268285e-24  2.642175e-24  6.243445e-24  7.859362e-24  9.044097e-24  5.205595e-24  5.112905e-24  9.982286e-24  7.901530e-24  5.427701e-24  6.172116e-24  4.715486e-24  4.279444e-24  3.889448e-24  4.415234e-24  4.565879e-24  4.310983e-24  2.910006e-24  2.588805e-24  3.321880e-24  2.878968e-24  2.238761e-24  1.657123e-24  1.269200e-24  1.106282e-24  9.083472e-25  5.998198e-25  5.195782e-25  3.309991e-25  2.632751e-25  2.051452e-25  2.415334e-25  2.117095e-25  2.136326e-25  1.714099e-25  1.794288e-25  1.363529e-25  8.251367e-26  5.064786e-26  3.924781e-26  4.361244e-26  7.100877e-27  3.001564e-26  6.160692e-27  8.218009e-27  5.349045e-27  3.514312e-27  0.000000e+00  0.000000e+00  0.000000e+00  0.000000e+00  0.000000e+00  0.000000e+00  0.000000e+00  0.000000e+00  0.000000e+00  0.000000e+00  0.000000e+00  0.000000e+00  0.000000e+00  0.000000e+00  0.000000e+00  0.000000e+00  0.000000e+00  0.000000e+00  0.000000e+00  0.000000e+00  0.000000e+00  0.000000e+00  0.000000e+00  0.000000e+00  0.000000e+00  0.000000e+00  0.000000e+00  0.000000e+00  0.000000e+00  0.000000e+00  0.000000e+00  1.237554e-26  6.097862e-26  1.770326e-25  3.611643e-25  4.717191e-25  6.693664e-25  8.140163e-25  7.078744e-25  8.897431e-25  7.830080e-25  6.400798e-25  9.817891e-25  1.260960e-24  3.270538e-24  1.255813e-24  1.241297e-24  1.205124e-24  1.212570e-24  1.341172e-24  1.516987e-24  1.801646e-24  1.764357e-24  1.941246e-24  2.107117e-24  2.047516e-24  2.487369e-24  1.835822e-24  1.942406e-24  1.727045e-24  1.991303e-24  3.526564e-24  4.663014e-24  2.929649e-24  3.156694e-24  2.886116e-24  2.672802e-24  2.063375e-24  3.344418e-24  3.439789e-24  2.925772e-24  2.533655e-24  3.800610e-24  2.686149e-24  2.743018e-24  2.944678e-24  2.723595e-24  2.579961e-24  2.839912e-24  2.528122e-24  2.851720e-24  2.305410e-24  2.379846e-24  2.670723e-24  2.589354e-24  3.027178e-24  2.664652e-24  2.374213e-24  2.474234e-24  1.895138e-24  2.117477e-24  2.014494e-24  1.557553e-24  1.522847e-24  1.813259e-24  1.316116e-24  1.288351e-24  1.127417e-24  1.040364e-24  9.295532e-25  1.012699e-24  8.199747e-25  6.630608e-25  6.879440e-25  4.813013e-25  4.942949e-25  3.287774e-25  3.779579e-25  2.748317e-25  2.729349e-25  1.948497e-25  1.730401e-25  1.736595e-25  1.173906e-25  4.598193e-26  1.425129e-25  1.052812e-25  4.787769e-26  7.062030e-26  6.984030e-26  2.429731e-26  2.560604e-26  2.335136e-26  2.922790e-26  0.000000e+00  0.000000e+00  0.000000e+00  0.000000e+00  0.000000e+00  0.000000e+00  0.000000e+00  0.000000e+00  0.000000e+00  0.000000e+00  0.000000e+00  0.000000e+00  0.000000e+00  0.000000e+00  0.000000e+00  0.000000e+00  0.000000e+00  0.000000e+00  0.000000e+00  0.000000e+00  0.000000e+00  0.000000e+00  0.000000e+00  0.000000e+00  0.000000e+00  0.000000e+00  0.000000e+00  0.000000e+00  0.000000e+00  0.000000e+00  0.000000e+00  0.000000e+00  0.000000e+00  0.000000e+00  0.000000e+00  0.000000e+00  7.049343e-26  6.902358e-26  1.756343e-25  2.718963e-25  6.211137e-25  5.484092e-25  7.019041e-25  1.122304e-24  1.102800e-24  1.596109e-24  3.556429e-25  1.053040e-24  1.113389e-24  9.786474e-25
0.000000e+00  0.000000e+00  0.000000e+00  0.000000e+00  0.000000e+00  0.000000e+00  0.000000e+00  0.000000e+00  0.000000e+00  0.000000e+00  0.000000e+00  0.000000e+00  0.000000e+00  0.000000e+00  0.000000e+00  0.000000e+00  0.000000e+00  0.000000e+00  0.000000e+00  0.000000e+00  0.000000e+00  0.000000e+00  0.000000e+00  0.000000e+00  0.000000e+00  0.000000e+00  0.000000e+00  0.000000e+00  0.000000e+00  0.000000e+00  0.000000e+00  0.000000e+00  0.000000e+00  0.000000e+00  0.000000e+00  0.000000e+00  0.000000e+00  0.000000e+00  0.000000e+00  0.000000e+00  0.000000e+00  0.000000e+00  0.000000e+00  0.000000e+00  0.000000e+00  0.000000e+00  0.000000e+00  0.000000e+00  0.000000e+00  0.000000e+00  0.000000e+00  0.000000e+00  0.000000e+00  0.000000e+00  0.000000e+00  0.000000e+00  0.000000e+00  0.000000e+00  0.000000e+00  0.000000e+00  0.000000e+00  0.000000e+00  0.000000e+00  0.000000e+00  0.000000e+00  0.000000e+00  0.000000e+00  0.000000e+00  0.000000e+00  0.000000e+00  0.000000e+00  0.000000e+00  0.000000e+00  0.000000e+00  0.000000e+00  0.000000e+00  0.000000e+00  0.000000e+00  0.000000e+00  0.000000e+00  0.000000e+00  0.000000e+00  0.000000e+00  0.000000e+00  0.000000e+00  0.000000e+00  0.000000e+00  0.000000e+00  0.000000e+00  0.000000e+00  0.000000e+00  0.000000e+00  0.000000e+00  0.000000e+00  0.000000e+00  0.000000e+00  0.000000e+00  0.000000e+00  0.000000e+00  0.000000e+00  0.000000e+00  0.000000e+00  0.000000e+00  0.000000e+00  0.000000e+00  0.000000e+00  0.000000e+00  0.000000e+00  0.000000e+00  0.000000e+00  0.000000e+00  0.000000e+00  0.000000e+00  0.000000e+00  0.000000e+00  0.000000e+00  0.000000e+00  0.000000e+00  0.000000e+00  0.000000e+00  0.000000e+00  0.000000e+00  0.000000e+00  0.000000e+00  0.000000e+00  0.000000e+00  0.000000e+00  0.000000e+00  0.000000e+00  0.000000e+00  0.000000e+00  0.000000e+00  0.000000e+00  0.000000e+00  0.000000e+00  0.000000e+00  0.000000e+00  0.000000e+00  0.000000e+00  0.000000e+00  0.000000e+00  0.000000e+00  0.000000e+00  0.000000e+00  0.000000e+00  0.000000e+00  0.000000e+00  0.000000e+00  0.000000e+00  0.000000e+00  0.000000e+00  0.000000e+00  0.000000e+00  0.000000e+00  0.000000e+00  0.000000e+00  0.000000e+00  0.000000e+00  0.000000e+00  0.000000e+00  0.000000e+00  0.000000e+00  0.000000e+00  0.000000e+00  0.000000e+00  0.000000e+00  0.000000e+00  0.000000e+00  0.000000e+00  0.000000e+00  0.000000e+00  0.000000e+00  0.000000e+00  0.000000e+00  0.000000e+00  0.000000e+00  0.000000e+00  0.000000e+00  0.000000e+00  0.000000e+00  0.000000e+00  0.000000e+00  0.000000e+00  0.000000e+00  0.000000e+00  0.000000e+00  0.000000e+00  0.000000e+00  0.000000e+00  0.000000e+00  0.000000e+00  0.000000e+00  0.000000e+00  0.000000e+00  0.000000e+00  0.000000e+00  0.000000e+00  0.000000e+00  0.000000e+00  0.000000e+00  0.000000e+00  0.000000e+00  0.000000e+00  0.000000e+00  0.000000e+00  0.000000e+00  0.000000e+00  0.000000e+00  0.000000e+00  0.000000e+00  0.000000e+00  0.000000e+00  0.000000e+00  0.000000e+00  0.000000e+00  0.000000e+00  0.000000e+00  0.000000e+00  0.000000e+00  0.000000e+00  0.000000e+00  0.000000e+00  0.000000e+00  0.000000e+00  0.000000e+00  0.000000e+00  0.000000e+00  0.000000e+00  0.000000e+00  0.000000e+00  0.000000e+00  0.000000e+00  0.000000e+00  0.000000e+00  0.000000e+00  0.000000e+00  0.000000e+00  0.000000e+00  0.000000e+00  0.000000e+00  0.000000e+00  0.000000e+00  0.000000e+00  0.000000e+00  0.000000e+00  0.000000e+00  0.000000e+00  0.000000e+00  0.000000e+00  0.000000e+00  0.000000e+00  0.000000e+00  0.000000e+00  0.000000e+00  0.000000e+00  0.000000e+00  0.000000e+00  0.000000e+00  0.000000e+00  0.000000e+00  0.000000e+00  0.000000e+00  0.000000e+00  0.000000e+00  0.000000e+00  0.000000e+00  0.000000e+00  0.000000e+00  0.000000e+00  0.000000e+00  0.000000e+00  0.000000e+00  0.000000e+00  0.000000e+00  0.000000e+00  0.000000e+00  0.000000e+00  0.000000e+00  0.000000e+00  0.000000e+00  0.000000e+00  0.000000e+00  0.000000e+00  0.000000e+00  0.000000e+00  0.000000e+00  0.000000e+00  0.000000e+00  0.000000e+00  0.000000e+00  0.000000e+00  0.000000e+00  0.000000e+00  0.000000e+00  0.000000e+00  0.000000e+00  0.000000e+00  0.000000e+00  0.000000e+00  0.000000e+00  0.000000e+00  0.000000e+00  0.000000e+00  0.000000e+00  0.000000e+00  0.000000e+00  0.000000e+00  0.000000e+00  0.000000e+00  0.000000e+00  0.000000e+00  0.000000e+00  0.000000e+00  0.000000e+00  0.000000e+00  0.000000e+00  0.000000e+00  0.000000e+00  0.000000e+00  0.000000e+00  0.000000e+00  0.000000e+00  0.000000e+00  0.000000e+00  0.000000e+00  0.000000e+00  0.000000e+00  0.000000e+00  0.000000e+00  0.000000e+00  0.000000e+00  0.000000e+00  0.000000e+00  0.000000e+00  0.000000e+00  0.000000e+00  0.000000e+00  0.000000e+00  0.000000e+00  0.000000e+00  0.000000e+00  0.000000e+00  0.000000e+00  0.000000e+00  0.000000e+00  0.000000e+00  0.000000e+00  0.000000e+00  0.000000e+00  0.000000e+00  0.000000e+00  0.000000e+00  0.000000e+00  0.000000e+00  0.000000e+00  0.000000e+00  0.000000e+00  0.000000e+00  0.000000e+00  0.000000e+00  0.000000e+00  0.000000e+00  0.000000e+00  0.000000e+00  0.000000e+00  0.000000e+00  0.000000e+00  0.000000e+00  0.000000e+00  0.000000e+00  0.000000e+00  0.000000e+00  0.000000e+00  0.000000e+00  0.000000e+00  0.000000e+00  0.000000e+00  0.000000e+00  0.000000e+00  0.000000e+00  0.000000e+00  0.000000e+00  0.000000e+00  0.000000e+00  0.000000e+00  0.000000e+00  0.000000e+00  0.000000e+00  1.525557e-26  5.839384e-27  3.600995e-26  1.105221e-26  5.273331e-26  1.388193e-25  1.919704e-25  2.878210e-25  3.032839e-25  3.033683e-25  2.563069e-25  1.612148e-25  1.102663e-25  2.080201e-26  6.448164e-26  1.375108e-25  6.161932e-26  5.364190e-26  5.992241e-27  1.636045e-26  7.864313e-27  8.177647e-27  1.251149e-26  4.561056e-27  0.000000e+00  0.000000e+00  0.000000e+00  0.000000e+00  0.000000e+00  0.000000e+00  0.000000e+00  0.000000e+00  0.000000e+00  0.000000e+00  2.607428e-27  5.337951e-27  4.338062e-27  6.662320e-27  8.109226e-27  7.834005e-27  8.556750e-27  8.273695e-27  1.230841e-26  1.826931e-26  2.011029e-26  1.847138e-26  2.264697e-26  2.599028e-26  1.172419e-28  0.000000e+00  0.000000e+00  0.000000e+00  0.000000e+00  0.000000e+00  0.000000e+00  0.000000e+00  0.000000e+00  0.000000e+00  0.000000e+00  0.000000e+00  0.000000e+00  0.000000e+00  9.380660e-27  1.692978e-26  1.769410e-26  2.961793e-26  7.469058e-26  1.948174e-26  2.051958e-26  1.793804e-26  3.867576e-27  3.537627e-26  2.005343e-26  1.052628e-26  1.665385e-26  3.836043e-26  2.628919e-26  1.877834e-26  1.580038e-26  2.959254e-26  4.234669e-26  4.778943e-26  3.819718e-26  1.957587e-26  2.949076e-26  3.856861e-26  4.170849e-26  2.848432e-26  2.763456e-26  1.141996e-26  3.174770e-29  1.478160e-26  7.299103e-27  7.536722e-27  0.000000e+00  0.000000e+00  0.000000e+00  0.000000e+00  0.000000e+00  0.000000e+00  0.000000e+00  0.000000e+00  0.000000e+00  0.000000e+00  0.000000e+00  0.000000e+00  0.000000e+00  0.000000e+00  0.000000e+00  0.000000e+00  0.000000e+00  0.000000e+00  0.000000e+00  0.000000e+00  0.000000e+00  0.000000e+00  7.054187e-27  2.434807e-26  8.444176e-26  1.235291e-25  1.835713e-25  2.017790e-25  1.272675e-25  1.799588e-25  3.586692e-25  3.882680e-26  1.008919e-25  1.013350e-25  6.209348e-26  4.675563e-26  2.012778e-26  5.757433e-29  0.000000e+00  1.805380e-26  6.275884e-26  1.469799e-25  1.477956e-25  1.170941e-25  1.684417e-25  4.355995e-25  6.961588e-25  8.437705e-25  9.756829e-25  1.290511e-24  1.437099e-24  1.207761e-24  1.242252e-24  1.204272e-24  1.155020e-24  1.065338e-24  8.720403e-25  7.304931e-25  7.259533e-25  6.762811e-25  4.759450e-25  4.405630e-25  3.115864e-25  3.862638e-25  4.336530e-25  4.862018e-25  4.890051e-25  8.254136e-25  2.266046e-24  2.650183e-24  6.275741e-24  7.932546e-24  9.159265e-24  5.281585e-24  5.169046e-24  1.008991e-23  7.963719e-24  5.478612e-24  6.243414e-24  4.768092e-24  4.316535e-24  3.922805e-24  4.457963e-24  4.606679e-24  4.356539e-24  2.941945e-24  2.618266e-24  3.364030e-24  2.902962e-24  2.253790e-24  1.673936e-24  1.281302e-24  1.113179e-24  9.137784e-25  6.035456e-25  5.222585e-25  3.327554e-25  2.651062e-25  2.065067e-25  2.433387e-25  2.138345e-25  2.160208e-25  1.732094e-25  1.808102e-25  1.388772e-25  8.405887e-26  5.156015e-26  3.996134e-26  4.443155e-26  7.225058e-27  3.056960e-26  6.273501e-27  8.365257e-27  5.451301e-27  3.582032e-27  0.000000e+00  0.000000e+00  0.000000e+00  0.000000e+00  0.000000e+00  0.000000e+00  0.000000e+00  0.000000e+00  0.000000e+00  0.000000e+00  0.000000e+00  0.000000e+00  0.000000e+00  0.000000e+00  0.000000e+00  0.000000e+00  0.000000e+00  0.000000e+00  0.000000e+00  0.000000e+00  0.000000e+00  0.000000e+00  0.000000e+00  0.000000e+00  0.000000e+00  0.000000e+00  0.000000e+00  0.000000e+00  0.000000e+00  0.000000e+00  0.000000e+00  1.234824e-26  6.080834e-26  1.765028e-25  3.600305e-25  4.705527e-25  6.672665e-25  8.114562e-25  7.053687e-25  8.871417e-25  7.805384e-25  6.382896e-25  9.790038e-25  1.256918e-24  3.260806e-24  1.251662e-24  1.238306e-24  1.200565e-24  1.208692e-24  1.337467e-24  1.512617e-24  1.796071e-24  1.759112e-24  1.936065e-24  2.099660e-24  2.041429e-24  2.480340e-24  1.829201e-24  1.936902e-24  1.721284e-24  1.985032e-24  3.516350e-24  4.650199e-24  2.920473e-24  3.147338e-24  2.876678e-24  2.665163e-24  2.055908e-24  3.335171e-24  3.429181e-24  2.915900e-24  2.526238e-24  3.789477e-24  2.678235e-24  2.734912e-24  2.935028e-24  2.716467e-24  2.572799e-24  2.829623e-24  2.519072e-24  2.844512e-24  2.298529e-24  2.372261e-24  2.663518e-24  2.580795e-24  3.018730e-24  2.656131e-24  2.366691e-24  2.467147e-24  1.888567e-24  2.111643e-24  2.008045e-24  1.552882e-24  1.518398e-24  1.808421e-24  1.311372e-24  1.284589e-24  1.124071e-24  1.037139e-24  9.266433e-25  1.010262e-24  8.170424e-25  6.606954e-25  6.857721e-25  4.797746e-25  4.928904e-25  3.278573e-25  3.766734e-25  2.741443e-25  2.720508e-25  1.940823e-25  1.725745e-25  1.731626e-25  1.170464e-25  4.577407e-26  1.421096e-25  1.049044e-25  4.776793e-26  7.043799e-26  6.960289e-26  2.421026e-26  2.559247e-26  2.321065e-26  2.915392e-26  0.000000e+00  0.000000e+00  0.000000e+00  0.000000e+00  0.000000e+00  0.000000e+00  0.000000e+00  0.000000e+00  0.000000e+00  0.000000e+00  0.000000e+00  0.000000e+00  0.000000e+00  0.000000e+00  0.000000e+00  0.000000e+00  0.000000e+00  0.000000e+00  0.000000e+00  0.000000e+00  0.000000e+00  0.000000e+00  0.000000e+00  0.000000e+00  0.000000e+00  0.000000e+00  0.000000e+00  0.000000e+00  0.000000e+00  0.000000e+00  0.000000e+00  0.000000e+00  0.000000e+00  0.000000e+00  0.000000e+00  0.000000e+00  7.037857e-26  6.875639e-26  1.750584e-25  2.705679e-25  6.161257e-25  5.444541e-25  6.960523e-25  1.118002e-24  1.101009e-24  1.605321e-24  3.548668e-25  1.062070e-24  1.124192e-24  9.919576e-25
0.000000e+00  0.000000e+00  0.000000e+00  0.000000e+00  0.000000e+00  0.000000e+00  0.000000e+00  0.000000e+00  0.000000e+00  0.000000e+00  0.000000e+00  0.000000e+00  0.000000e+00  0.000000e+00  0.000000e+00  0.000000e+00  0.000000e+00  0.000000e+00  0.000000e+00  0.000000e+00  0.000000e+00  0.000000e+00  0.000000e+00  0.000000e+00  0.000000e+00  0.000000e+00  0.000000e+00  0.000000e+00  0.000000e+00  0.000000e+00  0.000000e+00  0.000000e+00  0.000000e+00  0.000000e+00  0.000000e+00  0.000000e+00  0.000000e+00  0.000000e+00  0.000000e+00  0.000000e+00  0.000000e+00  0.000000e+00  0.000000e+00  0.000000e+00  0.000000e+00  0.000000e+00  0.000000e+00  0.000000e+00  0.000000e+00  0.000000e+00  0.000000e+00  0.000000e+00  0.000000e+00  0.000000e+00  0.000000e+00  0.000000e+00  0.000000e+00  0.000000e+00  0.000000e+00  0.000000e+00  0.000000e+00  0.000000e+00  0.000000e+00  0.000000e+00  0.000000e+00  0.000000e+00  0.000000e+00  0.000000e+00  0.000000e+00  0.000000e+00  0.000000e+00  0.000000e+00  0.000000e+00  0.000000e+00  0.000000e+00  0.000000e+00  0.000000e+00  0.000000e+00  0.000000e+00  0.000000e+00  0.000000e+00  0.000000e+00  0.000000e+00  0.000000e+00  0.000000e+00  0.000000e+00  0.000000e+00  0.000000e+00  0.000000e+00  0.000000e+00  0.000000e+00  0.000000e+00  0.000000e+00  0.000000e+00  0.000000e+00  0.000000e+00  0.000000e+00  0.000000e+00  0.000000e+00  0.000000e+00  0.000000e+00  0.000000e+00  0.000000e+00  0.000000e+00  0.000000e+00  0.000000e+00  0.000000e+00  0.000000e+00  0.000000e+00  0.000000e+00  0.000000e+00  0.000000e+00  0.000000e+00  0.000000e+00  0.000000e+00  0.000000e+00  0.000000e+00  0.000000e+00  0.000000e+00  0.000000e+00  0.000000e+00  0.000000e+00  0.000000e+00  0.000000e+00  0.000000e+00  0.000000e+00  0.000000e+00  0.000000e+00  0.000000e+00  0.000000e+00  0.000000e+00  0.000000e+00  0.000000e+00  0.000000e+00  0.000000e+00  0.000000e+00  0.000000e+00  0.000000e+00  0.000000e+00  0.000000e+00  0.000000e+00  0.000000e+00  0.000000e+00  0.000000e+00  0.000000e+00  0.000000e+00  0.000000e+00  0.000000e+00  0.000000e+00  0.000000e+00  0.000000e+00  0.000000e+00  0.000000e+00  0.000000e+00  0.000000e+00  0.000000e+00  0.000000e+00  0.000000e+00  0.000000e+00  0.000000e+00  0.000000e+00  0.000000e+00  0.000000e+00  0.000000e+00  0.000000e+00  0.000000e+00  0.000000e+00  0.000000e+00  0.000000e+00  0.000000e+00  0.000000e+00  0.000000e+00  0.000000e+00  0.000000e+00  0.000000e+00  0.000000e+00  0.000000e+00  0.000000e+00  0.000000e+00  0.000000e+00  0.000000e+00  0.000000e+00  0.000000e+00  0.000000e+00  0.000000e+00  0.000000e+00  0.000000e+00  0.000000e+00  0.000000e+00  0.000000e+00  0.000000e+00  0.000000e+00  0.000000e+00  0.000000e+00  0.000000e+00  0.000000e+00  0.000000e+00  0.000000e+00  0.000000e+00  0.000000e+00  0.000000e+00  0.000000e+00  0.000000e+00  0.000000e+00  0.000000e+00  0.000000e+00  0.000000e+00  0.000000e+00  0.000000e+00  0.000000e+00  0.000000e+00  0.000000e+00  0.000000e+00  0.000000e+00  0.000000e+00  0.000000e+00  0.000000e+00  0.000000e+00  0.000000e+00  0.000000e+00  0.000000e+00  0.000000e+00  0.000000e+00  0.000000e+00  0.000000e+00  0.000000e+00  0.000000e+00  0.000000e+00  0.000000e+00  0.000000e+00  0.000000e+00  0.000000e+00  0.000000e+00  0.000000e+00  0.000000e+00  0.000000e+00  0.000000e+00  0.000000e+00  0.000000e+00  0.000000e+00  0.000000e+00  0.000000e+00  0.000000e+00  0.000000e+00  0.000000e+00  0.000000e+00  0.000000e+00  0.000000e+00  0.000000e+00  0.000000e+00  0.000000e+00  0.000000e+00  0.000000e+00  0.000000e+00  0.000000e+00  0.000000e+00  0.000000e+00  0.000000e+00  0.000000e+00  0.000000e+00  0.000000e+00  0.000000e+00  0.000000e+00  0.000000e+00  0.000000e+00  0.000000e+00  0.000000e+00  0.000000e+00  0.000000e+00  0.000000e+00  0.000000e+00  0.000000e+00  0.000000e+00  0.000000e+00  0.000000e+00  0.000000e+00  0.000000e+00  0.000000e+00  0.000000e+00  0.000000e+00  0.000000e+00  0.000000e+00  0.000000e+00  0.000000e+00  0.000000e+00  0.000000e+00  0.000000e+00  0.000000e+00  0.000000e+00  0.000000e+00  0.000000e+00  0.000000e+00  0.000000e+00  0.000000e+00  0.000000e+00  0.000000e+00  0.000000e+00  0.000000e+00  0.000000e+00  0.000000e+00  0.000000e+00  0.000000e+00  0.000000e+00  0.000000e+00  0.000000e+00  0.000000e+00  0.000000e+00  0.000000e+00  0.000000e+00  0.000000e+00  0.000000e+00  0.000000e+00  0.000000e+00  0.000000e+00  0.000000e+00  0.000000e+00  0.000000e+00  0.000000e+00  0.000000e+00  0.000000e+00  0.000000e+00  0.000000e+00  0.000000e+00  0.000000e+00  0.000000e+00  0.000000e+00  0.000000e+00  0.000000e+00  0.000000e+00  0.000000e+00  0.000000e+00  0.000000e+00  0.000000e+00  0.000000e+00  0.000000e+00  0.000000e+00  0.000000e+00  0.000000e+00  0.000000e+00  0.000000e+00  0.000000e+00  0.000000e+00  0.000000e+00  0.000000e+00  0.000000e+00  0.000000e+00  0.000000e+00  0.000000e+00  0.000000e+00  0.000000e+00  0.000000e+00  0.000000e+00  0.000000e+00  0.000000e+00  0.000000e+00  0.000000e+00  0.000000e+00  0.000000e+00  0.000000e+00  0.000000e+00  0.000000e+00  0.000000e+00  0.000000e+00  0.000000e+00  0.000000e+00  0.000000e+00  0.000000e+00  0.000000e+00  0.000000e+00  0.000000e+00  0.000000e+00  0.000000e+00  0.000000e+00  0.000000e+00  0.000000e+00  0.000000e+00  0.000000e+00  0.000000e+00  0.000000e+00  0.000000e+00  0.000000e+00  0.000000e+00  0.000000e+00  0.000000e+00  0.000000e+00  0.000000e+00  0.000000e+00  0.000000e+00  1.554975e-26  5.938938e-27  3.668606e-26  1.125611e-26  5.370938e-26  1.414434e-25  1.954857e-25  2.932744e-25  3.089386e-25  3.090349e-25  2.610591e-25  1.643062e-25  1.122162e-25  2.117423e-26  6.570604e-26  1.401170e-25  6.272313e-26  5.463992e-26  6.103658e-27  1.665364e-26  8.024061e-27  8.324305e-27  1.273700e-26  4.657612e-27  0.000000e+00  0.000000e+00  0.000000e+00  0.000000e+00  0.000000e+00  0.000000e+00  0.000000e+00  0.000000e+00  0.000000e+00  0.000000e+00  2.657091e-27  5.437518e-27  4.418388e-27  6.786670e-27  8.261351e-27  7.980153e-27  8.715867e-27  8.428289e-27  1.253839e-26  1.860865e-26  2.048568e-26  1.881715e-26  2.306754e-26  2.647872e-26  1.158206e-28  0.000000e+00  0.000000e+00  0.000000e+00  0.000000e+00  0.000000e+00  0.000000e+00  0.000000e+00  0.000000e+00  0.000000e+00  0.000000e+00  0.000000e+00  0.000000e+00  0.000000e+00  9.556116e-27  1.724446e-26  1.802873e-26  3.016967e-26  7.607589e-26  1.987285e-26  2.088102e-26  1.828345e-26  3.923641e-27  3.603978e-26  2.041937e-26  1.074620e-26  1.695033e-26  3.908227e-26  2.678548e-26  1.911940e-26  1.611650e-26  3.011858e-26  4.311268e-26  4.871802e-26  3.891883e-26  1.991884e-26  3.004044e-26  3.926582e-26  4.249471e-26  2.900882e-26  2.817135e-26  1.163269e-26  2.887727e-29  1.506634e-26  7.424637e-27  7.678670e-27  0.000000e+00  0.000000e+00  0.000000e+00  0.000000e+00  0.000000e+00  0.000000e+00  0.000000e+00  0.000000e+00  0.000000e+00  0.000000e+00  0.000000e+00  0.000000e+00  0.000000e+00  0.000000e+00  0.000000e+00  0.000000e+00  0.000000e+00  0.000000e+00  0.000000e+00  0.000000e+00  0.000000e+00  0.000000e+00  7.160934e-27  2.481964e-26  8.602338e-26  1.259164e-25  1.869384e-25  2.055139e-25  1.296828e-25  1.832554e-25  3.653907e-25  3.950234e-26  1.027722e-25  1.032516e-25  6.320782e-26  4.766454e-26  2.050412e-26  5.050140e-29  0.000000e+00  1.840159e-26  6.393232e-26  1.497011e-25  1.506189e-25  1.192222e-25  1.715436e-25  4.438135e-25  7.091730e-25  8.594950e-25  9.939528e-25  1.314335e-24  1.464203e-24  1.230334e-24  1.265445e-24  1.226715e-24  1.176536e-24  1.085191e-24  8.881354e-25  7.438864e-25  7.311171e-25  6.808074e-25  4.784115e-25  4.423907e-25  3.142049e-25  3.884329e-25  4.365831e-25  4.890332e-25  4.920548e-25  8.255718e-25  2.263345e-24  2.657878e-24  6.307497e-24  8.006504e-24  9.276529e-24  5.359636e-24  5.225807e-24  1.019965e-23  8.026159e-24  5.530045e-24  6.315999e-24  4.821578e-24  4.353922e-24  3.956252e-24  4.501202e-24  4.647954e-24  4.402838e-24  2.974493e-24  2.648315e-24  3.406977e-24  2.927199e-24  2.268954e-24  1.690971e-24  1.293515e-24  1.120109e-24  9.192130e-25  6.072708e-25  5.249248e-25  3.345088e-25  2.669410e-25  2.078773e-25  2.451456e-25  2.159982e-25  2.184646e-25  1.750419e-25  1.822167e-25  1.414750e-25  8.565305e-26  5.250024e-26  4.069708e-26  4.526990e-26  7.354084e-27  3.113731e-26  6.389678e-27  8.516296e-27  5.558339e-27  3.650905e-27  0.000000e+00  0.000000e+00  0.000000e+00  0.000000e+00  0.000000e+00  0.000000e+00  0.000000e+00  0.000000e+00  0.000000e+00  0.000000e+00  0.000000e+00  0.000000e+00  0.000000e+00  0.000000e+00  0.000000e+00  0.000000e+00  0.000000e+00  0.000000e+00  0.000000e+00  0.000000e+00  0.000000e+00  0.000000e+00  0.000000e+00  0.000000e+00  0.000000e+00  0.000000e+00  0.000000e+00  0.000000e+00  0.000000e+00  0.000000e+00  0.000000e+00  1.231514e-26  6.060813e-26  1.759204e-25  3.587525e-25  4.692591e-25  6.650169e-25  8.086228e-25  7.026922e-25  8.841960e-25  7.778712e-25  6.362801e-25  9.758636e-25  1.252575e-24  3.249842e-24  1.247113e-24  1.234787e-24  1.195655e-24  1.204486e-24  1.333261e-24  1.507801e-24  1.789863e-24  1.753275e-24  1.930366e-24  2.091644e-24  2.034685e-24  2.472613e-24  1.821991e-24  1.930843e-24  1.715040e-24  1.978276e-24  3.505433e-24  4.635953e-24  2.910573e-24  3.137021e-24  2.866213e-24  2.656792e-24  2.048012e-24  3.325009e-24  3.417467e-24  2.905119e-24  2.518085e-24  3.777088e-24  2.669609e-24  2.726108e-24  2.924571e-24  2.708454e-24  2.564632e-24  2.818329e-24  2.509305e-24  2.836284e-24  2.290782e-24  2.363959e-24  2.655444e-24  2.571548e-24  3.009162e-24  2.646804e-24  2.358413e-24  2.459245e-24  1.881430e-24  2.105182e-24  2.000972e-24  1.547779e-24  1.513615e-24  1.803053e-24  1.306222e-24  1.280475e-24  1.120316e-24  1.033568e-24  9.233988e-25  1.007435e-24  8.138483e-25  6.581187e-25  6.834331e-25  4.781414e-25  4.913259e-25  3.268316e-25  3.752669e-25  2.733624e-25  2.710558e-25  1.932647e-25  1.720862e-25  1.726076e-25  1.166430e-25  4.556448e-26  1.416739e-25  1.044772e-25  4.765364e-26  7.023177e-26  6.932996e-26  2.411074e-26  2.556429e-26  2.306241e-26  2.907045e-26  0.000000e+00  0.000000e+00  0.000000e+00  0.000000e+00  0.000000e+00  0.000000e+00  0.000000e+00  0.000000e+00  0.000000e+00  0.000000e+00  0.000000e+00  0.000000e+00  0.000000e+00  0.000000e+00  0.000000e+00  0.000000e+00  0.000000e+00  0.000000e+00  0.000000e+00  0.000000e+00  0.000000e+00  0.000000e+00  0.000000e+00  0.000000e+00  0.000000e+00  0.000000e+00  0.000000e+00  0.000000e+00  0.000000e+00  0.000000e+00  0.000000e+00  0.000000e+00  0.000000e+00  0.000000e+00  0.000000e+00  0.000000e+00  7.024303e-26  6.847568e-26  1.744393e-25  2.691225e-25  6.108975e-25  5.403281e-25  6.899832e-25  1.113441e-24  1.098994e-24  1.614341e-24  3.539922e-25  1.071114e-24  1.135268e-24  1.005672e-24
0.000000e+00  0.000000e+00  0.000000e+00  0.000000e+00  0.000000e+00  0.000000e+00  0.000000e+00  0.000000e+00  0.000000e+00  0.000000e+00  0.000000e+00  0.000000e+00  0.000000e+00  0.000000e+00  0.000000e+00  0.000000e+00  0.000000e+00  0.000000e+00  0.000000e+00  0.000000e+00  0.000000e+00  0.000000e+00  0.000000e+00  0.000000e+00  0.000000e+00  0.000000e+00  0.000000e+00  0.000000e+00  0.000000e+00  0.000000e+00  0.000000e+00  0.000000e+00  0.000000e+00  0.000000e+00  0.000000e+00  0.000000e+00  0.000000e+00  0.000000e+00  0.000000e+00  0.000000e+00  0.000000e+00  0.000000e+00  0.000000e+00  0.000000e+00  0.000000e+00  0.000000e+00  0.000000e+00  0.000000e+00  0.000000e+00  0.000000e+00  0.000000e+00  0.000000e+00  0.000000e+00  0.000000e+00  0.000000e+00  0.000000e+00  0.000000e+00  0.000000e+00  0.000000e+00  0.000000e+00  0.000000e+00  0.000000e+00  0.000000e+00  0.000000e+00  0.000000e+00  0.000000e+00  0.000000e+00  0.000000e+00  0.000000e+00  0.000000e+00  0.000000e+00  0.000000e+00  0.000000e+00  0.000000e+00  0.000000e+00  0.000000e+00  0.000000e+00  0.000000e+00  0.000000e+00  0.000000e+00  0.000000e+00  0.000000e+00  0.000000e+00  0.000000e+00  0.000000e+00  0.000000e+00  0.000000e+00  0.000000e+00  0.000000e+00  0.000000e+00  0.000000e+00  0.000000e+00  0.000000e+00  0.000000e+00  0.000000e+00  0.000000e+00  0.000000e+00  0.000000e+00  0.000000e+00  0.000000e+00  0.000000e+00  0.000000e+00  0.000000e+00  0.000000e+00  0.000000e+00  0.000000e+00  0.000000e+00  0.000000e+00  0.000000e+00  0.000000e+00  0.000000e+00  0.000000e+00  0.000000e+00  0.000000e+00  0.000000e+00  0.000000e+00  0.000000e+00  0.000000e+00  0.000000e+00  0.000000e+00  0.000000e+00  0.000000e+00  0.000000e+00  0.000000e+00  0.000000e+00  0.000000e+00  0.000000e+00  0.000000e+00  0.000000e+00  0.000000e+00  0.000000e+00  0.000000e+00  0.000000e+00  0.000000e+00  0.000000e+00  0.000000e+00  0.000000e+00  0.000000e+00  0.000000e+00  0.000000e+00  0.000000e+00  0.000000e+00  0.000000e+00  0.000000e+00  0.000000e+00  0.000000e+00  0.000000e+00  0.000000e+00  0.000000e+00  0.000000e+00  0.000000e+00  0.000000e+00  0.000000e+00  0.000000e+00  0.000000e+00  0.000000e+00  0.000000e+00  0.000000e+00  0.000000e+00  0.000000e+00  0.000000e+00  0.000000e+00  0.000000e+00  0.000000e+00  0.000000e+00  0.000000e+00  0.000000e+00  0.000000e+00  0.000000e+00  0.000000e+00  0.000000e+00  0.000000e+00  0.000000e+00  0.000000e+00  0.000000e+00  0.000000e+00  0.000000e+00  0.000000e+00  0.000000e+00  0.000000e+00  0.000000e+00  0.000000e+00  0.000000e+00  0.000000e+00  0.000000e+00  0.000000e+00  0.000000e+00  0.000000e+00  0.000000e+00  0.000000e+00  0.000000e+00  0.000000e+00  0.000000e+00  0.000000e+00  0.000000e+00  0.000000e+00  0.000000e+00  0.000000e+00  0.000000e+00  0.000000e+00  0.000000e+00  0.000000e+00  0.000000e+00  0.000000e+00  0.000000e+00  0.000000e+00  0.000000e+00  0.000000e+00  0.000000e+00  0.000000e+00  0.000000e+00  0.000000e+00  0.000000e+00  0.000000e+00  0.000000e+00  0.000000e+00  0.000000e+00  0.000000e+00  0.000000e+00  0.000000e+00  0.000000e+00  0.000000e+00  0.000000e+00  0.000000e+00  0.000000e+00  0.000000e+00  0.000000e+00  0.000000e+00  0.000000e+00  0.000000e+00  0.000000e+00  0.000000e+00  0.000000e+00  0.000000e+00  0.000000e+00  0.000000e+00  0.000000e+00  0.000000e+00  0.000000e+00  0.000000e+00  0.000000e+00  0.000000e+00  0.000000e+00  0.000000e+00  0.000000e+00  0.000000e+00  0.000000e+00  0.000000e+00  0.000000e+00  0.000000e+00  0.000000e+00  0.000000e+00  0.000000e+00  0.000000e+00  0.000000e+00  0.000000e+00  0.000000e+00  0.000000e+00  0.000000e+00  0.000000e+00  0.000000e+00  0.000000e+00  0.000000e+00  0.000000e+00  0.000000e+00  0.000000e+00  0.000000e+00  0.000000e+00  0.000000e+00  0.000000e+00  0.000000e+00  0.000000e+00  0.000000e+00  0.000000e+00  0.000000e+00  0.000000e+00  0.000000e+00  0.000000e+00  0.000000e+00  0.000000e+00  0.000000e+00  0.000000e+00  0.000000e+00  0.000000e+00  0.000000e+00  0.000000e+00  0.000000e+00  0.000000e+00  0.000000e+00  0.000000e+00  0.000000e+00  0.000000e+00  0.000000e+00  0.000000e+00  0.000000e+00  0.000000e+00  0.000000e+00  0.000000e+00  0.000000e+00  0.000000e+00  0.000000e+00  0.000000e+00  0.000000e+00  0.000000e+00  0.000000e+00  0.000000e+00  0.000000e+00  0.000000e+00  0.000000e+00  0.000000e+00  0.000000e+00  0.000000e+00  0.000000e+00  0.000000e+00  0.000000e+00  0.000000e+00  0.000000e+00  0.000000e+00  0.000000e+00  0.000000e+00  0.000000e+00  0.000000e+00  0.000000e+00  0.000000e+00  0.000000e+00  0.000000e+00  0.000000e+00  0.000000e+00  0.000000e+00  0.000000e+00  0.000000e+00  0.000000e+00  0.000000e+00  0.000000e+00  0.000000e+00  0.000000e+00  0.000000e+00  0.000000e+00  0.000000e+00  0.000000e+00  0.000000e+00  0.000000e+00  0.000000e+00  0.000000e+00  0.000000e+00  0.000000e+00  0.000000e+00  0.000000e+00  0.000000e+00  0.000000e+00  0.000000e+00  0.000000e+00  0.000000e+00  0.000000e+00  0.000000e+00  0.000000e+00  0.000000e+00  0.000000e+00  0.000000e+00  0.000000e+00  0.000000e+00  0.000000e+00  0.000000e+00  0.000000e+00  0.000000e+00  0.000000e+00  0.000000e+00  0.000000e+00  0.000000e+00  0.000000e+00  0.000000e+00  0.000000e+00  0.000000e+00  0.000000e+00  0.000000e+00  0.000000e+00  0.000000e+00  0.000000e+00  0.000000e+00  0.000000e+00  0.000000e+00  0.000000e+00  0.000000e+00  0.000000e+00  0.000000e+00  0.000000e+00  0.000000e+00  0.000000e+00  1.585257e-26  6.042297e-27  3.738130e-26  1.146657e-26  5.471373e-26  1.441402e-25  1.991197e-25  2.988672e-25  3.147703e-25  3.148611e-25  2.659542e-25  1.674990e-25  1.142141e-25  2.155879e-26  6.696002e-26  1.428019e-25  6.386700e-26  5.566724e-26  6.218237e-27  1.695667e-26  8.188050e-27  8.475024e-27  1.297095e-26  4.756073e-27  0.000000e+00  0.000000e+00  0.000000e+00  0.000000e+00  0.000000e+00  0.000000e+00  0.000000e+00  0.000000e+00  0.000000e+00  0.000000e+00  2.708274e-27  5.540281e-27  4.501140e-27  6.914692e-27  8.418004e-27  8.130829e-27  8.879685e-27  8.587563e-27  1.277530e-26  1.895743e-26  2.087171e-26  1.917303e-26  2.350021e-26  2.698178e-26  1.146988e-28  0.000000e+00  0.000000e+00  0.000000e+00  0.000000e+00  0.000000e+00  0.000000e+00  0.000000e+00  0.000000e+00  0.000000e+00  0.000000e+00  0.000000e+00  0.000000e+00  0.000000e+00  9.737231e-27  1.756791e-26  1.837247e-26  3.074149e-26  7.749875e-26  2.027540e-26  2.125359e-26  1.864013e-26  3.981833e-27  3.672305e-26  2.079664e-26  1.097268e-26  1.725777e-26  3.982686e-26  2.729711e-26  1.947268e-26  1.644225e-26  3.065825e-26  4.390159e-26  4.967190e-26  3.965872e-26  2.027192e-26  3.060622e-26  3.998377e-26  4.330271e-26  2.954796e-26  2.872665e-26  1.185212e-26  2.606886e-29  1.535989e-26  7.555592e-27  7.824490e-27  0.000000e+00  0.000000e+00  0.000000e+00  0.000000e+00  0.000000e+00  0.000000e+00  0.000000e+00  0.000000e+00  0.000000e+00  0.000000e+00  0.000000e+00  0.000000e+00  0.000000e+00  0.000000e+00  0.000000e+00  0.000000e+00  0.000000e+00  0.000000e+00  0.000000e+00  0.000000e+00  0.000000e+00  0.000000e+00  7.271462e-27  2.530558e-26  8.765565e-26  1.283753e-25  1.904074e-25  2.093717e-25  1.321660e-25  1.866499e-25  3.722997e-25  4.020158e-26  1.047069e-25  1.052286e-25  6.435429e-26  4.859989e-26  2.088981e-26  4.228386e-29  0.000000e+00  1.875840e-26  6.514245e-26  1.524984e-25  1.535263e-25  1.214168e-25  1.747434e-25  4.522829e-25  7.225948e-25  8.756984e-25  1.012754e-24  1.338861e-24  1.492109e-24  1.253591e-24  1.289306e-24  1.249846e-24  1.198740e-24  1.105627e-24  9.047111e-25  7.576246e-25  7.362731e-25  6.853515e-25  4.808573e-25  4.442055e-25  3.168356e-25  3.906013e-25  4.395205e-25  4.918568e-25  4.951179e-25  8.255960e-25  2.260136e-24  2.665247e-24  6.338823e-24  8.080880e-24  9.396063e-24  5.439606e-24  5.283182e-24  1.031085e-23  8.089199e-24  5.581986e-24  6.389495e-24  4.876063e-24  4.391438e-24  3.990024e-24  4.545039e-24  4.689636e-24  4.449756e-24  3.007642e-24  2.678921e-24  3.450787e-24  2.951782e-24  2.284119e-24  1.708252e-24  1.305880e-24  1.127051e-24  9.246274e-25  6.109878e-25  5.275659e-25  3.362570e-25  2.687830e-25  2.092542e-25  2.469566e-25  2.182003e-25  2.209701e-25  1.769167e-25  1.836530e-25  1.441474e-25  8.729594e-26  5.347027e-26  4.146070e-26  4.613335e-26  7.487255e-27  3.172296e-26  6.509492e-27  8.671830e-27  5.668810e-27  3.722011e-27  0.000000e+00  0.000000e+00  0.000000e+00  0.000000e+00  0.000000e+00  0.000000e+00  0.000000e+00  0.000000e+00  0.000000e+00  0.000000e+00  0.000000e+00  0.000000e+00  0.000000e+00  0.000000e+00  0.000000e+00  0.000000e+00  0.000000e+00  0.000000e+00  0.000000e+00  0.000000e+00  0.000000e+00  0.000000e+00  0.000000e+00  0.000000e+00  0.000000e+00  0.000000e+00  0.000000e+00  0.000000e+00  0.000000e+00  0.000000e+00  0.000000e+00  1.227899e-26  6.039999e-26  1.752908e-25  3.573475e-25  4.678001e-25  6.626009e-25  8.054926e-25  6.997384e-25  8.809604e-25  7.749654e-25  6.340636e-25  9.723886e-25  1.247877e-24  3.237620e-24  1.242240e-24  1.230803e-24  1.190500e-24  1.199914e-24  1.328629e-24  1.502574e-24  1.783036e-24  1.746888e-24  1.924003e-24  2.083022e-24  2.027220e-24  2.463908e-24  1.814180e-24  1.924098e-24  1.708234e-24  1.970831e-24  3.493576e-24  4.620189e-24  2.899819e-24  3.125677e-24  2.854675e-24  2.647468e-24  2.039508e-24  3.313601e-24  3.404870e-24  2.893353e-24  2.509130e-24  3.763474e-24  2.660169e-24  2.716426e-24  2.913136e-24  2.699547e-24  2.555577e-24  2.806241e-24  2.498758e-24  2.827119e-24  2.282333e-24  2.354895e-24  2.646498e-24  2.561520e-24  2.998581e-24  2.636674e-24  2.349316e-24  2.450620e-24  1.873725e-24  2.098054e-24  1.993308e-24  1.542172e-24  1.508328e-24  1.797107e-24  1.300707e-24  1.275970e-24  1.116228e-24  1.029663e-24  9.198223e-25  1.004251e-24  8.104293e-25  6.553137e-25  6.808491e-25  4.763633e-25  4.895928e-25  3.256939e-25  3.737526e-25  2.724872e-25  2.699393e-25  1.923886e-25  1.715512e-25  1.719939e-25  1.161992e-25  4.533689e-26  1.411885e-25  1.040120e-25  4.752605e-26  7.000923e-26  6.903660e-26  2.401148e-26  2.552061e-26  2.290969e-26  2.897759e-26  0.000000e+00  0.000000e+00  0.000000e+00  0.000000e+00  0.000000e+00  0.000000e+00  0.000000e+00  0.000000e+00  0.000000e+00  0.000000e+00  0.000000e+00  0.000000e+00  0.000000e+00  0.000000e+00  0.000000e+00  0.000000e+00  0.000000e+00  0.000000e+00  0.000000e+00  0.000000e+00  0.000000e+00  0.000000e+00  0.000000e+00  0.000000e+00  0.000000e+00  0.000000e+00  0.000000e+00  0.000000e+00  0.000000e+00  0.000000e+00  0.000000e+00  0.000000e+00  0.000000e+00  0.000000e+00  0.000000e+00  0.000000e+00  7.008160e-26  6.818211e-26  1.737676e-25  2.675977e-25  6.054478e-25  5.360350e-25  6.836145e-25  1.108538e-24  1.096766e-24  1.623189e-24  3.532571e-25  1.080097e-24  1.146413e-24  1.019709e-24
0.000000e+00  0.000000e+00  0.000000e+00  0.000000e+00  0.000000e+00  0.000000e+00  0.000000e+00  0.000000e+00  0.000000e+00  0.000000e+00  0.000000e+00  0.000000e+00  0.000000e+00  0.000000e+00  0.000000e+00  0.000000e+00  0.000000e+00  0.000000e+00  0.000000e+00  0.000000e+00  0.000000e+00  0.000000e+00  0.000000e+00  0.000000e+00  0.000000e+00  0.000000e+00  0.000000e+00  0.000000e+00  0.000000e+00  0.000000e+00  0.000000e+00  0.000000e+00  0.000000e+00  0.000000e+00  0.000000e+00  0.000000e+00  0.000000e+00  0.000000e+00  0.000000e+00  0.000000e+00  0.000000e+00  0.000000e+00  0.000000e+00  0.000000e+00  0.000000e+00  0.000000e+00  0.000000e+00  0.000000e+00  0.000000e+00  0.000000e+00  0.000000e+00  0.000000e+00  0.000000e+00  0.000000e+00  0.000000e+00  0.000000e+00  0.000000e+00  0.000000e+00  0.000000e+00  0.000000e+00  0.000000e+00  0.000000e+00  0.000000e+00  0.000000e+00  0.000000e+00  0.000000e+00  0.000000e+00  0.000000e+00  0.000000e+00  0.000000e+00  0.000000e+00  0.000000e+00  0.000000e+00  0.000000e+00  0.000000e+00  0.000000e+00  0.000000e+00  0.000000e+00  0.000000e+00  0.000000e+00  0.000000e+00  0.000000e+00  0.000000e+00  0.000000e+00  0.000000e+00  0.000000e+00  0.000000e+00  0.000000e+00  0.000000e+00  0.000000e+00  0.000000e+00  0.000000e+00  0.000000e+00  0.000000e+00  0.000000e+00  0.000000e+00  0.000000e+00  0.000000e+00  0.000000e+00  0.000000e+00  0.000000e+00  0.000000e+00  0.000000e+00  0.000000e+00  0.000000e+00  0.000000e+00  0.000000e+00  0.000000e+00  0.000000e+00  0.000000e+00  0.000000e+00  0.000000e+00  0.000000e+00  0.000000e+00  0.000000e+00  0.000000e+00  0.000000e+00  0.000000e+00  0.000000e+00  0.000000e+00  0.000000e+00  0.000000e+00  0.000000e+00  0.000000e+00  0.000000e+00  0.000000e+00  0.000000e+00  0.000000e+00  0.000000e+00  0.000000e+00  0.000000e+00  0.000000e+00  0.000000e+00  0.000000e+00  0.000000e+00  0.000000e+00  0.000000e+00  0.000000e+00  0.000000e+00  0.000000e+00  0.000000e+00  0.000000e+00  0.000000e+00  0.000000e+00  0.000000e+00  0.000000e+00  0.000000e+00  0.000000e+00  0.000000e+00  0.000000e+00  0.000000e+00  0.000000e+00  0.000000e+00  0.000000e+00  0.000000e+00  0.000000e+00  0.000000e+00  0.000000e+00  0.000000e+00  0.000000e+00  0.000000e+00  0.000000e+00  0.000000e+00  0.000000e+00  0.000000e+00  0.000000e+00  0.000000e+00  0.000000e+00  0.000000e+00  0.000000e+00  0.000000e+00  0.000000e+00  0.000000e+00  0.000000e+00  0.000000e+00  0.000000e+00  0.000000e+00  0.000000e+00  0.000000e+00  0.000000e+00  0.000000e+00  0.000000e+00  0.000000e+00  0.000000e+00  0.000000e+00  0.000000e+00  0.000000e+00  0.000000e+00  0.000000e+00  0.000000e+00  0.000000e+00  0.000000e+00  0.000000e+00  0.000000e+00  0.000000e+00  0.000000e+00  0.000000e+00  0.000000e+00  0.000000e+00  0.000000e+00  0.000000e+00  0.000000e+00  0.000000e+00  0.000000e+00  0.000000e+00  0.000000e+00  0.000000e+00  0.000000e+00  0.000000e+00  0.000000e+00  0.000000e+00  0.000000e+00  0.000000e+00  0.000000e+00  0.000000e+00  0.000000e+00  0.000000e+00  0.000000e+00  0.000000e+00  0.000000e+00  0.000000e+00  0.000000e+00  0.000000e+00  0.000000e+00  0.000000e+00  0.000000e+00  0.000000e+00  0.000000e+00  0.000000e+00  0.000000e+00  0.000000e+00  0.000000e+00  0.000000e+00  0.000000e+00  0.000000e+00  0.000000e+00  0.000000e+00  0.000000e+00  0.000000e+00  0.000000e+00  0.000000e+00  0.000000e+00  0.000000e+00  0.000000e+00  0.000000e+00  0.000000e+00  0.000000e+00  0.000000e+00  0.000000e+00  0.000000e+00  0.000000e+00  0.000000e+00  0.000000e+00  0.000000e+00  0.000000e+00  0.000000e+00  0.000000e+00  0.000000e+00  0.000000e+00  0.000000e+00  0.000000e+00  0.000000e+00  0.000000e+00  0.000000e+00  0.000000e+00  0.000000e+00  0.000000e+00  0.000000e+00  0.000000e+00  0.000000e+00  0.000000e+00  0.000000e+00  0.000000e+00  0.000000e+00  0.000000e+00  0.000000e+00  0.000000e+00  0.000000e+00  0.000000e+00  0.000000e+00  0.000000e+00  0.000000e+00  0.000000e+00  0.000000e+00  0.000000e+00  0.000000e+00  0.000000e+00  0.000000e+00  0.000000e+00  0.000000e+00  0.000000e+00  0.000000e+00  0.000000e+00  0.000000e+00  0.000000e+00  0.000000e+00  0.000000e+00  0.000000e+00  0.000000e+00  0.000000e+00  0.000000e+00  0.000000e+00  0.000000e+00  0.000000e+00  0.000000e+00  0.000000e+00  0.000000e+00  0.000000e+00  0.000000e+00  0.000000e+00  0.000000e+00  0.000000e+00  0.000000e+00  0.000000e+00  0.000000e+00  0.000000e+00  0.000000e+00  0.000000e+00  0.000000e+00  0.000000e+00  0.000000e+00  0.000000e+00  0.000000e+00  0.000000e+00  0.000000e+00  0.000000e+00  0.000000e+00  0.000000e+00  0.000000e+00  0.000000e+00  0.000000e+00  0.000000e+00  0.000000e+00  0.000000e+00  0.000000e+00  0.000000e+00  0.000000e+00  0.000000e+00  0.000000e+00  0.000000e+00  0.000000e+00  0.000000e+00  0.000000e+00  0.000000e+00  0.000000e+00  0.000000e+00  0.000000e+00  0.000000e+00  0.000000e+00  0.000000e+00  0.000000e+00  0.000000e+00  0.000000e+00  0.000000e+00  0.000000e+00  0.000000e+00  0.000000e+00  0.000000e+00  0.000000e+00  0.000000e+00  0.000000e+00  0.000000e+00  0.000000e+00  0.000000e+00  0.000000e+00  0.000000e+00  0.000000e+00  0.000000e+00  0.000000e+00  0.000000e+00  0.000000e+00  0.000000e+00  0.000000e+00  0.000000e+00  0.000000e+00  0.000000e+00  0.000000e+00  0.000000e+00  0.000000e+00  0.000000e+00  0.000000e+00  0.000000e+00  0.000000e+00  0.000000e+00  0.000000e+00  0.000000e+00  0.000000e+00  0.000000e+00  1.616362e-26  6.149073e-27  3.809852e-26  1.168509e-26  5.574615e-26  1.469138e-25  2.028698e-25  3.046433e-25  3.207854e-25  3.208625e-25  2.710115e-25  1.707824e-25  1.162782e-25  2.195729e-26  6.825803e-26  1.455614e-25  6.504431e-26  5.672673e-26  6.336283e-27  1.726804e-26  8.357095e-27  8.630043e-27  1.321119e-26  4.857599e-27  0.000000e+00  0.000000e+00  0.000000e+00  0.000000e+00  0.000000e+00  0.000000e+00  0.000000e+00  0.000000e+00  0.000000e+00  0.000000e+00  2.760841e-27  5.646080e-27  4.586416e-27  7.046646e-27  8.579929e-27  8.285819e-27  9.048547e-27  8.752021e-27  1.301955e-26  1.931722e-26  2.127002e-26  1.954027e-26  2.394593e-26  2.750001e-26  1.135008e-28  0.000000e+00  0.000000e+00  0.000000e+00  0.000000e+00  0.000000e+00  0.000000e+00  0.000000e+00  0.000000e+00  0.000000e+00  0.000000e+00  0.000000e+00  0.000000e+00  0.000000e+00  9.924319e-27  1.790128e-26  1.872624e-26  3.133109e-26  7.896885e-26  2.069349e-26  2.163473e-26  1.900671e-26  4.041590e-27  3.742404e-26  2.118544e-26  1.120784e-26  1.757392e-26  4.059510e-26  2.782051e-26  1.983293e-26  1.677983e-26  3.121462e-26  4.471543e-26  5.065334e-26  4.042689e-26  2.063528e-26  3.118507e-26  4.072156e-26  4.413567e-26  3.010276e-26  2.929976e-26  1.207860e-26  2.336788e-29  1.565868e-26  7.690856e-27  7.975990e-27  0.000000e+00  0.000000e+00  0.000000e+00  0.000000e+00  0.000000e+00  0.000000e+00  0.000000e+00  0.000000e+00  0.000000e+00  0.000000e+00  0.000000e+00  0.000000e+00  0.000000e+00  0.000000e+00  0.000000e+00  0.000000e+00  0.000000e+00  0.000000e+00  0.000000e+00  0.000000e+00  0.000000e+00  0.000000e+00  7.383422e-27  2.580374e-26  8.934300e-26  1.308970e-25  1.939799e-25  2.133461e-25  1.347205e-25  1.901496e-25  3.794227e-25  4.092641e-26  1.066951e-25  1.072661e-25  6.553472e-26  4.956324e-26  2.128680e-26  3.320372e-29  0.000000e+00  1.912400e-26  6.639377e-26  1.553871e-25  1.565147e-25  1.236720e-25  1.780370e-25  4.609871e-25  7.364284e-25  8.923892e-25  1.032126e-24  1.364124e-24  1.520877e-24  1.277591e-24  1.313978e-24  1.273726e-24  1.221651e-24  1.126704e-24  9.217970e-25  7.718470e-25  7.414451e-25  6.898960e-25  4.832969e-25  4.460007e-25  3.194855e-25  3.927545e-25  4.424525e-25  4.946798e-25  4.981947e-25  8.254782e-25  2.256491e-24  2.672266e-24  6.369701e-24  8.156014e-24  9.517940e-24  5.521736e-24  5.341334e-24  1.042384e-23  8.152509e-24  5.634451e-24  6.464381e-24  4.931378e-24  4.429247e-24  4.023877e-24  4.589383e-24  4.731780e-24  4.497454e-24  3.041418e-24  2.710191e-24  3.495444e-24  2.976669e-24  2.299441e-24  1.725771e-24  1.318379e-24  1.134049e-24  9.300532e-25  6.147079e-25  5.301804e-25  3.380043e-25  2.706181e-25  2.106409e-25  2.487661e-25  2.204476e-25  2.235330e-25  1.788313e-25  1.851221e-25  1.469034e-25  8.898325e-26  5.446847e-26  4.224828e-26  4.701902e-26  7.624481e-27  3.232193e-26  6.632821e-27  8.831592e-27  5.784309e-27  3.795388e-27  0.000000e+00  0.000000e+00  0.000000e+00  0.000000e+00  0.000000e+00  0.000000e+00  0.000000e+00  0.000000e+00  0.000000e+00  0.000000e+00  0.000000e+00  0.000000e+00  0.000000e+00  0.000000e+00  0.000000e+00  0.000000e+00  0.000000e+00  0.000000e+00  0.000000e+00  0.000000e+00  0.000000e+00  0.000000e+00  0.000000e+00  0.000000e+00  0.000000e+00  0.000000e+00  0.000000e+00  0.000000e+00  0.000000e+00  0.000000e+00  0.000000e+00  1.223786e-26  6.016410e-26  1.746098e-25  3.558013e-25  4.662320e-25  6.599678e-25  8.021085e-25  6.965564e-25  8.773845e-25  7.718089e-25  6.316079e-25  9.685467e-25  1.242848e-24  3.224116e-24  1.236899e-24  1.226340e-24  1.184981e-24  1.195003e-24  1.323497e-24  1.496908e-24  1.775545e-24  1.739913e-24  1.917052e-24  2.073779e-24  2.019033e-24  2.454360e-24  1.805755e-24  1.916829e-24  1.700897e-24  1.962794e-24  3.480963e-24  4.602887e-24  2.888251e-24  3.113405e-24  2.842082e-24  2.637191e-24  2.030567e-24  3.301038e-24  3.391132e-24  2.880656e-24  2.499373e-24  3.748503e-24  2.649911e-24  2.705971e-24  2.900784e-24  2.689616e-24  2.545616e-24  2.793105e-24  2.487354e-24  2.816944e-24  2.273084e-24  2.344990e-24  2.636668e-24  2.550827e-24  2.986881e-24  2.625662e-24  2.339309e-24  2.441257e-24  1.865460e-24  2.090187e-24  1.984952e-24  1.536112e-24  1.502679e-24  1.790590e-24  1.294757e-24  1.271059e-24  1.111759e-24  1.025405e-24  9.159199e-25  1.000672e-24  8.067332e-25  6.523012e-25  6.780343e-25  4.744498e-25  4.876895e-25  3.244603e-25  3.721022e-25  2.715107e-25  2.687051e-25  1.914614e-25  1.709674e-25  1.713274e-25  1.157027e-25  4.510161e-26  1.406551e-25  1.035020e-25  4.738715e-26  6.975968e-26  6.871248e-26  2.390631e-26  2.546582e-26  2.274311e-26  2.887674e-26  0.000000e+00  0.000000e+00  0.000000e+00  0.000000e+00  0.000000e+00  0.000000e+00  0.000000e+00  0.000000e+00  0.000000e+00  0.000000e+00  0.000000e+00  0.000000e+00  0.000000e+00  0.000000e+00  0.000000e+00  0.000000e+00  0.000000e+00  0.000000e+00  0.000000e+00  0.000000e+00  0.000000e+00  0.000000e+00  0.000000e+00  0.000000e+00  0.000000e+00  0.000000e+00  0.000000e+00  0.000000e+00  0.000000e+00  0.000000e+00  0.000000e+00  0.000000e+00  0.000000e+00  0.000000e+00  0.000000e+00  0.000000e+00  6.989690e-26  6.787504e-26  1.730383e-25  2.659884e-25  5.997368e-25  5.315744e-25  6.769862e-25  1.103314e-24  1.094258e-24  1.631784e-24  3.526908e-25  1.088959e-24  1.157821e-24  1.034074e-24
0.000000e+00  0.000000e+00  0.000000e+00  0.000000e+00  0.000000e+00  0.000000e+00  0.000000e+00  0.000000e+00  0.000000e+00  0.000000e+00  0.000000e+00  0.000000e+00  0.000000e+00  0.000000e+00  0.000000e+00  0.000000e+00  0.000000e+00  0.000000e+00  0.000000e+00  0.000000e+00  0.000000e+00  0.000000e+00  0.000000e+00  0.000000e+00  0.000000e+00  0.000000e+00  0.000000e+00  0.000000e+00  0.000000e+00  0.000000e+00  0.000000e+00  0.000000e+00  0.000000e+00  0.000000e+00  0.000000e+00  0.000000e+00  0.000000e+00  0.000000e+00  0.000000e+00  0.000000e+00  0.000000e+00  0.000000e+00  0.000000e+00  0.000000e+00  0.000000e+00  0.000000e+00  0.000000e+00  0.000000e+00  0.000000e+00  0.000000e+00  0.000000e+00  0.000000e+00  0.000000e+00  0.000000e+00  0.000000e+00  0.000000e+00  0.000000e+00  0.000000e+00  0.000000e+00  0.000000e+00  0.000000e+00  0.000000e+00  0.000000e+00  0.000000e+00  0.000000e+00  0.000000e+00  0.000000e+00  0.000000e+00  0.000000e+00  0.000000e+00  0.000000e+00  0.000000e+00  0.000000e+00  0.000000e+00  0.000000e+00  0.000000e+00  0.000000e+00  0.000000e+00  0.000000e+00  0.000000e+00  0.000000e+00  0.000000e+00  0.000000e+00  0.000000e+00  0.000000e+00  0.000000e+00  0.000000e+00  0.000000e+00  0.000000e+00  0.000000e+00  0.000000e+00  0.000000e+00  0.000000e+00  0.000000e+00  0.000000e+00  0.000000e+00  0.000000e+00  0.000000e+00  0.000000e+00  0.000000e+00  0.000000e+00  0.000000e+00  0.000000e+00  0.000000e+00  0.000000e+00  0.000000e+00  0.000000e+00  0.000000e+00  0.000000e+00  0.000000e+00  0.000000e+00  0.000000e+00  0.000000e+00  0.000000e+00  0.000000e+00  0.000000e+00  0.000000e+00  0.000000e+00  0.000000e+00  0.000000e+00  0.000000e+00  0.000000e+00  0.000000e+00  0.000000e+00  0.000000e+00  0.000000e+00  0.000000e+00  0.000000e+00  0.000000e+00  0.000000e+00  0.000000e+00  0.000000e+00  0.000000e+00  0.000000e+00  0.000000e+00  0.000000e+00  0.000000e+00  0.000000e+00  0.000000e+00  0.000000e+00  0.000000e+00  0.000000e+00  0.000000e+00  0.000000e+00  0.000000e+00  0.000000e+00  0.000000e+00  0.000000e+00  0.000000e+00  0.000000e+00  0.000000e+00  0.000000e+00  0.000000e+00  0.000000e+00  0.000000e+00  0.000000e+00  0.000000e+00  0.000000e+00  0.000000e+00  0.000000e+00  0.000000e+00  0.000000e+00  0.000000e+00  0.000000e+00  0.000000e+00  0.000000e+00  0.000000e+00  0.000000e+00  0.000000e+00  0.000000e+00  0.000000e+00  0.000000e+00  0.000000e+00  0.000000e+00  0.000000e+00  0.000000e+00  0.000000e+00  0.000000e+00  0.000000e+00  0.000000e+00  0.000000e+00  0.000000e+00  0.000000e+00  0.000000e+00  0.000000e+00  0.000000e+00  0.000000e+00  0.000000e+00  0.000000e+00  0.000000e+00  0.000000e+00  0.000000e+00  0.000000e+00  0.000000e+00  0.000000e+00  0.000000e+00  0.000000e+00  0.000000e+00  0.000000e+00  0.000000e+00  0.000000e+00  0.000000e+00  0.000000e+00  0.000000e+00  0.000000e+00  0.000000e+00  0.000000e+00  0.000000e+00  0.000000e+00  0.000000e+00  0.000000e+00  0.000000e+00  0.000000e+00  0.000000e+00  0.000000e+00  0.000000e+00  0.000000e+00  0.000000e+00  0.000000e+00  0.000000e+00  0.000000e+00  0.000000e+00  0.000000e+00  0.000000e+00  0.000000e+00  0.000000e+00  0.000000e+00  0.000000e+00  0.000000e+00  0.000000e+00  0.000000e+00  0.000000e+00  0.000000e+00  0.000000e+00  0.000000e+00  0.000000e+00  0.000000e+00  0.000000e+00  0.000000e+00  0.000000e+00  0.000000e+00  0.000000e+00  0.000000e+00  0.000000e+00  0.000000e+00  0.000000e+00  0.000000e+00  0.000000e+00  0.000000e+00  0.000000e+00  0.000000e+00  0.000000e+00  0.000000e+00  0.000000e+00  0.000000e+00  0.000000e+00  0.000000e+00  0.000000e+00  0.000000e+00  0.000000e+00  0.000000e+00  0.000000e+00  0.000000e+00  0.000000e+00  0.000000e+00  0.000000e+00  0.000000e+00  0.000000e+00  0.000000e+00  0.000000e+00  0.000000e+00  0.000000e+00  0.000000e+00  0.000000e+00  0.000000e+00  0.000000e+00  0.000000e+00  0.000000e+00  0.000000e+00  0.000000e+00  0.000000e+00  0.000000e+00  0.000000e+00  0.000000e+00  0.000000e+00  0.000000e+00  0.000000e+00  0.000000e+00  0.000000e+00  0.000000e+00  0.000000e+00  0.000000e+00  0.000000e+00  0.000000e+00  0.000000e+00  0.000000e+00  0.000000e+00  0.000000e+00  0.000000e+00  0.000000e+00  0.000000e+00  0.000000e+00  0.000000e+00  0.000000e+00  0.000000e+00  0.000000e+00  0.000000e+00  0.000000e+00  0.000000e+00  0.000000e+00  0.000000e+00  0.000000e+00  0.000000e+00  0.000000e+00  0.000000e+00  0.000000e+00  0.000000e+00  0.000000e+00  0.000000e+00  0.000000e+00  0.000000e+00  0.000000e+00  0.000000e+00  0.000000e+00  0.000000e+00  0.000000e+00  0.000000e+00  0.000000e+00  0.000000e+00  0.000000e+00  0.000000e+00  0.000000e+00  0.000000e+00  0.000000e+00  0.000000e+00  0.000000e+00  0.000000e+00  0.000000e+00  0.000000e+00  0.000000e+00  0.000000e+00  0.000000e+00  0.000000e+00  0.000000e+00  0.000000e+00  0.000000e+00  0.000000e+00  0.000000e+00  0.000000e+00  0.000000e+00  0.000000e+00  0.000000e+00  0.000000e+00  0.000000e+00  0.000000e+00  0.000000e+00  0.000000e+00  0.000000e+00  0.000000e+00  0.000000e+00  0.000000e+00  0.000000e+00  0.000000e+00  0.000000e+00  0.000000e+00  0.000000e+00  0.000000e+00  0.000000e+00  0.000000e+00  0.000000e+00  0.000000e+00  0.000000e+00  0.000000e+00  0.000000e+00  0.000000e+00  0.000000e+00  0.000000e+00  0.000000e+00  0.000000e+00  0.000000e+00  0.000000e+00  0.000000e+00  0.000000e+00  0.000000e+00  0.000000e+00  0.000000e+00  0.000000e+00  0.000000e+00  1.648207e-26  6.260552e-27  3.883718e-26  1.191061e-26  5.681128e-26  1.497720e-25  2.067380e-25  3.106030e-25  3.269932e-25  3.270468e-25  2.762200e-25  1.741658e-25  1.184058e-25  2.236848e-26  6.959859e-26  1.483974e-25  6.625975e-26  5.781754e-26  6.456854e-27  1.758954e-26  8.530133e-27  8.790322e-27  1.345928e-26  4.962105e-27  0.000000e+00  0.000000e+00  0.000000e+00  0.000000e+00  0.000000e+00  0.000000e+00  0.000000e+00  0.000000e+00  0.000000e+00  0.000000e+00  2.815133e-27  5.754992e-27  4.674360e-27  7.182612e-27  8.746876e-27  8.445431e-27  9.222805e-27  8.921923e-27  1.327145e-26  1.968822e-26  2.168088e-26  1.991910e-26  2.440524e-26  2.803407e-26  1.126228e-28  0.000000e+00  0.000000e+00  0.000000e+00  0.000000e+00  0.000000e+00  0.000000e+00  0.000000e+00  0.000000e+00  0.000000e+00  0.000000e+00  0.000000e+00  0.000000e+00  0.000000e+00  1.011707e-26  1.824534e-26  1.909079e-26  3.194298e-26  8.048593e-26  2.112567e-26  2.202727e-26  1.938489e-26  4.104480e-27  3.814678e-26  2.158870e-26  1.145118e-26  1.790089e-26  4.138855e-26  2.836008e-26  2.020347e-26  1.712845e-26  3.178949e-26  4.555406e-26  5.166104e-26  4.121973e-26  2.100961e-26  3.178143e-26  4.148121e-26  4.499065e-26  3.067385e-26  2.989389e-26  1.231260e-26  2.011335e-29  1.596655e-26  7.830874e-27  8.132327e-27  0.000000e+00  0.000000e+00  0.000000e+00  0.000000e+00  0.000000e+00  0.000000e+00  0.000000e+00  0.000000e+00  0.000000e+00  0.000000e+00  0.000000e+00  0.000000e+00  0.000000e+00  0.000000e+00  0.000000e+00  0.000000e+00  0.000000e+00  0.000000e+00  0.000000e+00  0.000000e+00  0.000000e+00  0.000000e+00  7.497936e-27  2.631611e-26  9.108769e-26  1.334894e-25  1.976624e-25  2.174651e-25  1.373482e-25  1.937517e-25  3.867485e-25  4.167754e-26  1.087360e-25  1.093723e-25  6.674582e-26  5.055478e-26  2.169256e-26  2.752575e-29  0.000000e+00  1.949811e-26  6.768889e-26  1.583599e-25  1.595895e-25  1.260003e-25  1.814277e-25  4.699556e-25  7.507046e-25  9.095938e-25  1.052076e-24  1.390135e-24  1.550493e-24  1.302378e-24  1.339433e-24  1.298370e-24  1.245306e-24  1.148425e-24  9.394084e-25  7.865165e-25  7.466061e-25  6.944498e-25  4.857279e-25  4.477863e-25  3.221533e-25  3.948887e-25  4.453847e-25  4.975045e-25  5.012854e-25  8.252117e-25  2.252343e-24  2.678990e-24  6.399992e-24  8.231722e-24  9.642079e-24  5.606170e-24  5.400263e-24  1.053892e-23  8.216138e-24  5.687258e-24  6.540202e-24  4.987668e-24  4.467288e-24  4.057839e-24  4.634278e-24  4.774475e-24  4.545843e-24  3.075833e-24  2.742086e-24  3.541113e-24  3.001762e-24  2.314840e-24  1.743493e-24  1.331048e-24  1.141050e-24  9.354673e-25  6.184157e-25  5.327434e-25  3.397429e-25  2.724601e-25  2.120360e-25  2.505797e-25  2.227413e-25  2.261667e-25  1.807904e-25  1.866273e-25  1.497500e-25  9.072043e-26  5.549769e-26  4.306232e-26  4.792295e-26  7.766814e-27  3.293455e-26  6.760970e-27  8.997042e-27  5.904153e-27  3.870820e-27  0.000000e+00  0.000000e+00  0.000000e+00  0.000000e+00  0.000000e+00  0.000000e+00  0.000000e+00  0.000000e+00  0.000000e+00  0.000000e+00  0.000000e+00  0.000000e+00  0.000000e+00  0.000000e+00  0.000000e+00  0.000000e+00  0.000000e+00  0.000000e+00  0.000000e+00  0.000000e+00  0.000000e+00  0.000000e+00  0.000000e+00  0.000000e+00  0.000000e+00  0.000000e+00  0.000000e+00  0.000000e+00  0.000000e+00  0.000000e+00  0.000000e+00  1.219068e-26  5.990363e-26  1.738693e-25  3.541031e-25  4.645333e-25  6.571440e-25  7.984464e-25  6.931514e-25  8.734436e-25  7.684600e-25  6.288730e-25  9.643190e-25  1.237395e-24  3.209339e-24  1.231128e-24  1.221300e-24  1.179096e-24  1.189685e-24  1.317920e-24  1.490731e-24  1.767417e-24  1.732303e-24  1.909497e-24  2.063933e-24  2.010146e-24  2.443953e-24  1.796695e-24  1.908907e-24  1.693071e-24  1.954155e-24  3.467550e-24  4.583947e-24  2.875906e-24  3.100132e-24  2.828434e-24  2.626078e-24  2.021142e-24  3.287438e-24  3.376271e-24  2.867067e-24  2.488819e-24  3.732234e-24  2.638811e-24  2.694710e-24  2.887500e-24  2.678661e-24  2.534602e-24  2.778911e-24  2.475147e-24  2.805717e-24  2.262888e-24  2.334274e-24  2.625942e-24  2.539277e-24  2.974002e-24  2.613683e-24  2.328369e-24  2.431054e-24  1.856662e-24  2.081585e-24  1.975919e-24  1.529605e-24  1.496647e-24  1.783469e-24  1.288365e-24  1.265774e-24  1.106852e-24  1.020765e-24  9.116605e-25  9.966603e-25  8.027724e-25  6.490756e-25  6.749965e-25  4.724142e-25  4.856141e-25  3.231226e-25  3.703178e-25  2.704218e-25  2.673416e-25  1.904749e-25  1.703573e-25  1.705983e-25  1.151473e-25  4.484930e-26  1.400929e-25  1.029416e-25  4.723505e-26  6.947539e-26  6.835793e-26  2.379492e-26  2.539429e-26  2.257163e-26  2.876597e-26  0.000000e+00  0.000000e+00  0.000000e+00  0.000000e+00  0.000000e+00  0.000000e+00  0.000000e+00  0.000000e+00  0.000000e+00  0.000000e+00  0.000000e+00  0.000000e+00  0.000000e+00  0.000000e+00  0.000000e+00  0.000000e+00  0.000000e+00  0.000000e+00  0.000000e+00  0.000000e+00  0.000000e+00  0.000000e+00  0.000000e+00  0.000000e+00  0.000000e+00  0.000000e+00  0.000000e+00  0.000000e+00  0.000000e+00  0.000000e+00  0.000000e+00  0.000000e+00  0.000000e+00  0.000000e+00  0.000000e+00  0.000000e+00  6.968627e-26  6.756114e-26  1.722441e-25  2.642607e-25  5.937906e-25  5.269386e-25  6.700486e-25  1.097847e-24  1.091484e-24  1.640090e-24  3.522412e-25  1.097739e-24  1.169530e-24  1.048831e-24
0.000000e+00  0.000000e+00  0.000000e+00  0.000000e+00  0.000000e+00  0.000000e+00  0.000000e+00  0.000000e+00  0.000000e+00  0.000000e+00  0.000000e+00  0.000000e+00  0.000000e+00  0.000000e+00  0.000000e+00  0.000000e+00  0.000000e+00  0.000000e+00  0.000000e+00  0.000000e+00  0.000000e+00  0.000000e+00  0.000000e+00  0.000000e+00  0.000000e+00  0.000000e+00  0.000000e+00  0.000000e+00  0.000000e+00  0.000000e+00  0.000000e+00  0.000000e+00  0.000000e+00  0.000000e+00  0.000000e+00  0.000000e+00  0.000000e+00  0.000000e+00  0.000000e+00  0.000000e+00  0.000000e+00  0.000000e+00  0.000000e+00  0.000000e+00  0.000000e+00  0.000000e+00  0.000000e+00  0.000000e+00  0.000000e+00  0.000000e+00  0.000000e+00  0.000000e+00  0.000000e+00  0.000000e+00  0.000000e+00  0.000000e+00  0.000000e+00  0.000000e+00  0.000000e+00  0.000000e+00  0.000000e+00  0.000000e+00  0.000000e+00  0.000000e+00  0.000000e+00  0.000000e+00  0.000000e+00  0.000000e+00  0.000000e+00  0.000000e+00  0.000000e+00  0.000000e+00  0.000000e+00  0.000000e+00  0.000000e+00  0.000000e+00  0.000000e+00  0.000000e+00  0.000000e+00  0.000000e+00  0.000000e+00  0.000000e+00  0.000000e+00  0.000000e+00  0.000000e+00  0.000000e+00  0.000000e+00  0.000000e+00  0.000000e+00  0.000000e+00  0.000000e+00  0.000000e+00  0.000000e+00  0.000000e+00  0.000000e+00  0.000000e+00  0.000000e+00  0.000000e+00  0.000000e+00  0.000000e+00  0.000000e+00  0.000000e+00  0.000000e+00  0.000000e+00  0.000000e+00  0.000000e+00  0.000000e+00  0.000000e+00  0.000000e+00  0.000000e+00  0.000000e+00  0.000000e+00  0.000000e+00  0.000000e+00  0.000000e+00  0.000000e+00  0.000000e+00  0.000000e+00  0.000000e+00  0.000000e+00  0.000000e+00  0.000000e+00  0.000000e+00  0.000000e+00  0.000000e+00  0.000000e+00  0.000000e+00  0.000000e+00  0.000000e+00  0.000000e+00  0.000000e+00  0.000000e+00  0.000000e+00  0.000000e+00  0.000000e+00  0.000000e+00  0.000000e+00  0.000000e+00  0.000000e+00  0.000000e+00  0.000000e+00  0.000000e+00  0.000000e+00  0.000000e+00  0.000000e+00  0.000000e+00  0.000000e+00  0.000000e+00  0.000000e+00  0.000000e+00  0.000000e+00  0.000000e+00  0.000000e+00  0.000000e+00  0.000000e+00  0.000000e+00  0.000000e+00  0.000000e+00  0.000000e+00  0.000000e+00  0.000000e+00  0.000000e+00  0.000000e+00  0.000000e+00  0.000000e+00  0.000000e+00  0.000000e+00  0.000000e+00  0.000000e+00  0.000000e+00  0.000000e+00  0.000000e+00  0.000000e+00  0.000000e+00  0.000000e+00  0.000000e+00  0.000000e+00  0.000000e+00  0.000000e+00  0.000000e+00  0.000000e+00  0.000000e+00  0.000000e+00  0.000000e+00  0.000000e+00  0.000000e+00  0.000000e+00  0.000000e+00  0.000000e+00  0.000000e+00  0.000000e+00  0.000000e+00  0.000000e+00  0.000000e+00  0.000000e+00  0.000000e+00  0.000000e+00  0.000000e+00  0.000000e+00  0.000000e+00  0.000000e+00  0.000000e+00  0.000000e+00  0.000000e+00  0.000000e+00  0.000000e+00  0.000000e+00  0.000000e+00  0.000000e+00  0.000000e+00  0.000000e+00  0.000000e+00  0.000000e+00  0.000000e+00  0.000000e+00  0.000000e+00  0.000000e+00  0.000000e+00  0.000000e+00  0.000000e+00  0.000000e+00  0.000000e+00  0.000000e+00  0.000000e+00  0.000000e+00  0.000000e+00  0.000000e+00  0.000000e+00  0.000000e+00  0.000000e+00  0.000000e+00  0.000000e+00  0.000000e+00  0.000000e+00  0.000000e+00  0.000000e+00  0.000000e+00  0.000000e+00  0.000000e+00  0.000000e+00  0.000000e+00  0.000000e+00  0.000000e+00  0.000000e+00  0.000000e+00  0.000000e+00  0.000000e+00  0.000000e+00  0.000000e+00  0.000000e+00  0.000000e+00  0.000000e+00  0.000000e+00  0.000000e+00  0.000000e+00  0.000000e+00  0.000000e+00  0.000000e+00  0.000000e+00  0.000000e+00  0.000000e+00  0.000000e+00  0.000000e+00  0.000000e+00  0.000000e+00  0.000000e+00  0.000000e+00  0.000000e+00  0.000000e+00  0.000000e+00  0.000000e+00  0.000000e+00  0.000000e+00  0.000000e+00  0.000000e+00  0.000000e+00  0.000000e+00  0.000000e+00  0.000000e+00  0.000000e+00  0.000000e+00  0.000000e+00  0.000000e+00  0.000000e+00  0.000000e+00  0.000000e+00  0.000000e+00  0.000000e+00  0.000000e+00  0.000000e+00  0.000000e+00  0.000000e+00  0.000000e+00  0.000000e+00  0.000000e+00  0.000000e+00  0.000000e+00  0.000000e+00  0.000000e+00  0.000000e+00  0.000000e+00  0.000000e+00  0.000000e+00  0.000000e+00  0.000000e+00  0.000000e+00  0.000000e+00  0.000000e+00  0.000000e+00  0.000000e+00  0.000000e+00  0.000000e+00  0.000000e+00  0.000000e+00  0.000000e+00  0.000000e+00  0.000000e+00  0.000000e+00  0.000000e+00  0.000000e+00  0.000000e+00  0.000000e+00  0.000000e+00  0.000000e+00  0.000000e+00  0.000000e+00  0.000000e+00  0.000000e+00  0.000000e+00  0.000000e+00  0.000000e+00  0.000000e+00  0.000000e+00  0.000000e+00  0.000000e+00  0.000000e+00  0.000000e+00  0.000000e+00  0.000000e+00  0.000000e+00  0.000000e+00  0.000000e+00  0.000000e+00  0.000000e+00  0.000000e+00  0.000000e+00  0.000000e+00  0.000000e+00  0.000000e+00  0.000000e+00  0.000000e+00  0.000000e+00  0.000000e+00  0.000000e+00  0.000000e+00  0.000000e+00  0.000000e+00  0.000000e+00  0.000000e+00  0.000000e+00  0.000000e+00  0.000000e+00  0.000000e+00  0.000000e+00  0.000000e+00  0.000000e+00  0.000000e+00  0.000000e+00  0.000000e+00  0.000000e+00  0.000000e+00  0.000000e+00  0.000000e+00  0.000000e+00  0.000000e+00  0.000000e+00  0.000000e+00  0.000000e+00  0.000000e+00  0.000000e+00  0.000000e+00  0.000000e+00  0.000000e+00  0.000000e+00  0.000000e+00  0.000000e+00  0.000000e+00  0.000000e+00  1.680916e-26  6.376231e-27  3.959893e-26  1.214371e-26  5.790748e-26  1.527163e-25  2.107353e-25  3.167526e-25  3.333986e-25  3.334237e-25  2.815952e-25  1.776528e-25  1.205951e-25  2.279528e-26  7.098403e-26  1.513192e-25  6.751432e-26  5.894099e-26  6.580766e-27  1.792099e-26  8.708276e-27  8.954868e-27  1.371584e-26  5.069795e-27  0.000000e+00  0.000000e+00  0.000000e+00  0.000000e+00  0.000000e+00  0.000000e+00  0.000000e+00  0.000000e+00  0.000000e+00  0.000000e+00  2.871128e-27  5.867374e-27  4.765095e-27  7.322823e-27  8.919455e-27  8.609730e-27  9.402559e-27  9.097502e-27  1.353118e-26  2.007107e-26  2.210483e-26  2.031023e-26  2.487862e-26  2.858477e-26  1.118377e-28  0.000000e+00  0.000000e+00  0.000000e+00  0.000000e+00  0.000000e+00  0.000000e+00  0.000000e+00  0.000000e+00  0.000000e+00  0.000000e+00  0.000000e+00  0.000000e+00  0.000000e+00  1.031698e-26  1.859995e-26  1.946639e-26  3.257762e-26  8.205086e-26  2.157414e-26  2.243058e-26  1.977457e-26  4.169091e-27  3.888995e-26  2.200528e-26  1.170371e-26  1.823835e-26  4.220844e-26  2.891337e-26  2.058373e-26  1.749029e-26  3.238130e-26  4.641861e-26  5.270073e-26  4.203891e-26  2.139512e-26  3.239299e-26  4.226336e-26  4.587109e-26  3.126060e-26  3.050913e-26  1.255461e-26  1.729918e-29  1.628266e-26  7.974989e-27  8.293848e-27  0.000000e+00  0.000000e+00  0.000000e+00  0.000000e+00  0.000000e+00  0.000000e+00  0.000000e+00  0.000000e+00  0.000000e+00  0.000000e+00  0.000000e+00  0.000000e+00  0.000000e+00  0.000000e+00  0.000000e+00  0.000000e+00  0.000000e+00  0.000000e+00  0.000000e+00  0.000000e+00  0.000000e+00  0.000000e+00  7.614188e-27  2.684251e-26  9.289301e-26  1.361541e-25  2.014588e-25  2.217173e-25  1.400538e-25  1.974694e-25  3.942946e-25  4.245940e-26  1.108323e-25  1.115479e-25  6.799091e-26  5.157678e-26  2.210714e-26  2.404636e-29  0.000000e+00  1.988301e-26  6.903314e-26  1.614174e-25  1.627556e-25  1.284000e-25  1.849219e-25  4.791994e-25  7.654347e-25  9.273476e-25  1.072617e-24  1.416932e-24  1.581064e-24  1.327984e-24  1.365735e-24  1.323824e-24  1.269728e-24  1.170807e-24  9.575754e-25  8.016798e-25  7.517599e-25  6.990055e-25  4.881497e-25  4.495534e-25  3.248258e-25  3.970179e-25  4.483156e-25  5.003124e-25  5.043936e-25  8.248173e-25  2.247703e-24  2.685390e-24  6.429724e-24  8.307905e-24  9.768631e-24  5.692911e-24  5.459661e-24  1.065520e-23  8.280308e-24  5.740652e-24  6.617150e-24  5.045096e-24  4.505555e-24  4.091906e-24  4.679849e-24  4.817609e-24  4.594900e-24  3.110854e-24  2.774722e-24  3.587730e-24  3.027178e-24  2.330299e-24  1.761439e-24  1.343862e-24  1.148135e-24  9.408582e-25  6.221267e-25  5.352691e-25  3.414742e-25  2.743043e-25  2.134367e-25  2.523955e-25  2.250852e-25  2.288665e-25  1.828045e-25  1.881632e-25  1.526884e-25  9.250750e-26  5.655855e-26  4.390869e-26  4.884873e-26  7.914300e-27  3.356354e-26  6.893031e-27  9.168235e-27  6.029429e-27  3.949030e-27  0.000000e+00  0.000000e+00  0.000000e+00  0.000000e+00  0.000000e+00  0.000000e+00  0.000000e+00  0.000000e+00  0.000000e+00  0.000000e+00  0.000000e+00  0.000000e+00  0.000000e+00  0.000000e+00  0.000000e+00  0.000000e+00  0.000000e+00  0.000000e+00  0.000000e+00  0.000000e+00  0.000000e+00  0.000000e+00  0.000000e+00  0.000000e+00  0.000000e+00  0.000000e+00  0.000000e+00  0.000000e+00  0.000000e+00  0.000000e+00  0.000000e+00  1.213694e-26  5.961034e-26  1.730719e-25  3.522390e-25  4.627240e-25  6.541182e-25  7.944907e-25  6.895083e-25  8.691243e-25  7.648822e-25  6.258533e-25  9.597176e-25  1.231529e-24  3.193197e-24  1.224869e-24  1.215708e-24  1.172856e-24  1.183990e-24  1.311813e-24  1.484108e-24  1.758587e-24  1.724078e-24  1.901336e-24  2.053396e-24  2.000550e-24  2.432737e-24  1.786922e-24  1.900369e-24  1.684679e-24  1.944815e-24  3.453348e-24  4.563498e-24  2.862820e-24  3.085767e-24  2.813638e-24  2.613944e-24  2.011210e-24  3.272819e-24  3.360155e-24  2.852430e-24  2.477441e-24  3.714592e-24  2.626861e-24  2.682641e-24  2.873276e-24  2.666660e-24  2.522516e-24  2.763559e-24  2.462100e-24  2.793388e-24  2.251719e-24  2.322724e-24  2.614333e-24  2.526937e-24  2.959948e-24  2.600801e-24  2.316461e-24  2.420023e-24  1.847286e-24  2.072230e-24  1.966146e-24  1.522658e-24  1.490241e-24  1.775739e-24  1.281521e-24  1.260086e-24  1.101523e-24  1.015740e-24  9.070183e-25  9.922162e-25  7.985304e-25  6.456271e-25  6.717333e-25  4.702510e-25  4.833739e-25  3.216758e-25  3.683861e-25  2.692318e-25  2.658458e-25  1.894240e-25  1.697193e-25  1.698086e-25  1.145228e-25  4.459235e-26  1.394926e-25  1.023249e-25  4.707586e-26  6.916674e-26  6.796467e-26  2.367480e-26  2.530711e-26  2.238773e-26  2.864593e-26  0.000000e+00  0.000000e+00  0.000000e+00  0.000000e+00  0.000000e+00  0.000000e+00  0.000000e+00  0.000000e+00  0.000000e+00  0.000000e+00  0.000000e+00  0.000000e+00  0.000000e+00  0.000000e+00  0.000000e+00  0.000000e+00  0.000000e+00  0.000000e+00  0.000000e+00  0.000000e+00  0.000000e+00  0.000000e+00  0.000000e+00  0.000000e+00  0.000000e+00  0.000000e+00  0.000000e+00  0.000000e+00  0.000000e+00  0.000000e+00  0.000000e+00  0.000000e+00  0.000000e+00  0.000000e+00  0.000000e+00  0.000000e+00  6.945133e-26  6.723618e-26  1.713872e-25  2.624322e-25  5.875752e-25  5.221310e-25  6.628207e-25  1.092099e-24  1.088398e-24  1.648147e-24  3.518713e-25  1.106464e-24  1.181586e-24  1.064044e-24
0.000000e+00  0.000000e+00  0.000000e+00  0.000000e+00  0.000000e+00  0.000000e+00  0.000000e+00  0.000000e+00  0.000000e+00  0.000000e+00  0.000000e+00  0.000000e+00  0.000000e+00  0.000000e+00  0.000000e+00  0.000000e+00  0.000000e+00  0.000000e+00  0.000000e+00  0.000000e+00  0.000000e+00  0.000000e+00  0.000000e+00  0.000000e+00  0.000000e+00  0.000000e+00  0.000000e+00  0.000000e+00  0.000000e+00  0.000000e+00  0.000000e+00  0.000000e+00  0.000000e+00  0.000000e+00  0.000000e+00  0.000000e+00  0.000000e+00  0.000000e+00  0.000000e+00  0.000000e+00  0.000000e+00  0.000000e+00  0.000000e+00  0.000000e+00  0.000000e+00  0.000000e+00  0.000000e+00  0.000000e+00  0.000000e+00  0.000000e+00  0.000000e+00  0.000000e+00  0.000000e+00  0.000000e+00  0.000000e+00  0.000000e+00  0.000000e+00  0.000000e+00  0.000000e+00  0.000000e+00  0.000000e+00  0.000000e+00  0.000000e+00  0.000000e+00  0.000000e+00  0.000000e+00  0.000000e+00  0.000000e+00  0.000000e+00  0.000000e+00  0.000000e+00  0.000000e+00  0.000000e+00  0.000000e+00  0.000000e+00  0.000000e+00  0.000000e+00  0.000000e+00  0.000000e+00  0.000000e+00  0.000000e+00  0.000000e+00  0.000000e+00  0.000000e+00  0.000000e+00  0.000000e+00  0.000000e+00  0.000000e+00  0.000000e+00  0.000000e+00  0.000000e+00  0.000000e+00  0.000000e+00  0.000000e+00  0.000000e+00  0.000000e+00  0.000000e+00  0.000000e+00  0.000000e+00  0.000000e+00  0.000000e+00  0.000000e+00  0.000000e+00  0.000000e+00  0.000000e+00  0.000000e+00  0.000000e+00  0.000000e+00  0.000000e+00  0.000000e+00  0.000000e+00  0.000000e+00  0.000000e+00  0.000000e+00  0.000000e+00  0.000000e+00  0.000000e+00  0.000000e+00  0.000000e+00  0.000000e+00  0.000000e+00  0.000000e+00  0.000000e+00  0.000000e+00  0.000000e+00  0.000000e+00  0.000000e+00  0.000000e+00  0.000000e+00  0.000000e+00  0.000000e+00  0.000000e+00  0.000000e+00  0.000000e+00  0.000000e+00  0.000000e+00  0.000000e+00  0.000000e+00  0.000000e+00  0.000000e+00  0.000000e+00  0.000000e+00  0.000000e+00  0.000000e+00  0.000000e+00  0.000000e+00  0.000000e+00  0.000000e+00  0.000000e+00  0.000000e+00  0.000000e+00  0.000000e+00  0.000000e+00  0.000000e+00  0.000000e+00  0.000000e+00  0.000000e+00  0.000000e+00  0.000000e+00  0.000000e+00  0.000000e+00  0.000000e+00  0.000000e+00  0.000000e+00  0.000000e+00  0.000000e+00  0.000000e+00  0.000000e+00  0.000000e+00  0.000000e+00  0.000000e+00  0.000000e+00  0.000000e+00  0.000000e+00  0.000000e+00  0.000000e+00  0.000000e+00  0.000000e+00  0.000000e+00  0.000000e+00  0.000000e+00  0.000000e+00  0.000000e+00  0.000000e+00  0.000000e+00  0.000000e+00  0.000000e+00  0.000000e+00  0.000000e+00  0.000000e+00  0.000000e+00  0.000000e+00  0.000000e+00  0.000000e+00  0.000000e+00  0.000000e+00  0.000000e+00  0.000000e+00  0.000000e+00  0.000000e+00  0.000000e+00  0.000000e+00  0.000000e+00  0.000000e+00  0.000000e+00  0.000000e+00  0.000000e+00  0.000000e+00  0.000000e+00  0.000000e+00  0.000000e+00  0.000000e+00  0.000000e+00  0.000000e+00  0.000000e+00  0.000000e+00  0.000000e+00  0.000000e+00  0.000000e+00  0.000000e+00  0.000000e+00  0.000000e+00  0.000000e+00  0.000000e+00  0.000000e+00  0.000000e+00  0.000000e+00  0.000000e+00  0.000000e+00  0.000000e+00  0.000000e+00  0.000000e+00  0.000000e+00  0.000000e+00  0.000000e+00  0.000000e+00  0.000000e+00  0.000000e+00  0.000000e+00  0.000000e+00  0.000000e+00  0.000000e+00  0.000000e+00  0.000000e+00  0.000000e+00  0.000000e+00  0.000000e+00  0.000000e+00  0.000000e+00  0.000000e+00  0.000000e+00  0.000000e+00  0.000000e+00  0.000000e+00  0.000000e+00  0.000000e+00  0.000000e+00  0.000000e+00  0.000000e+00  0.000000e+00  0.000000e+00  0.000000e+00  0.000000e+00  0.000000e+00  0.000000e+00  0.000000e+00  0.000000e+00  0.000000e+00  0.000000e+00  0.000000e+00  0.000000e+00  0.000000e+00  0.000000e+00  0.000000e+00  0.000000e+00  0.000000e+00  0.000000e+00  0.000000e+00  0.000000e+00  0.000000e+00  0.000000e+00  0.000000e+00  0.000000e+00  0.000000e+00  0.000000e+00  0.000000e+00  0.000000e+00  0.000000e+00  0.000000e+00  0.000000e+00  0.000000e+00  0.000000e+00  0.000000e+00  0.000000e+00  0.000000e+00  0.000000e+00  0.000000e+00  0.000000e+00  0.000000e+00  0.000000e+00  0.000000e+00  0.000000e+00  0.000000e+00  0.000000e+00  0.000000e+00  0.000000e+00  0.000000e+00  0.000000e+00  0.000000e+00  0.000000e+00  0.000000e+00  0.000000e+00  0.000000e+00  0.000000e+00  0.000000e+00  0.000000e+00  0.000000e+00  0.000000e+00  0.000000e+00  0.000000e+00  0.000000e+00  0.000000e+00  0.000000e+00  0.000000e+00  0.000000e+00  0.000000e+00  0.000000e+00  0.000000e+00  0.000000e+00  0.000000e+00  0.000000e+00  0.000000e+00  0.000000e+00  0.000000e+00  0.000000e+00  0.000000e+00  0.000000e+00  0.000000e+00  0.000000e+00  0.000000e+00  0.000000e+00  0.000000e+00  0.000000e+00  0.000000e+00  0.000000e+00  0.000000e+00  0.000000e+00  0.000000e+00  0.000000e+00  0.000000e+00  0.000000e+00  0.000000e+00  0.000000e+00  0.000000e+00  0.000000e+00  0.000000e+00  0.000000e+00  0.000000e+00  0.000000e+00  0.000000e+00  0.000000e+00  0.000000e+00  0.000000e+00  0.000000e+00  0.000000e+00  0.000000e+00  0.000000e+00  0.000000e+00  0.000000e+00  0.000000e+00  0.000000e+00  0.000000e+00  0.000000e+00  0.000000e+00  0.000000e+00  0.000000e+00  0.000000e+00  0.000000e+00  0.000000e+00  0.000000e+00  0.000000e+00  0.000000e+00  0.000000e+00  0.000000e+00  0.000000e+00  0.000000e+00  0.000000e+00  0.000000e+00  1.714485e-26  6.496668e-27  4.038552e-26  1.238454e-26  5.903743e-26  1.557498e-25  2.148647e-25  3.230983e-25  3.400124e-25  3.399993e-25  2.871434e-25  1.812465e-25  1.228543e-25  2.323749e-26  7.241559e-26  1.543290e-25  6.880979e-26  6.009907e-26  6.707969e-27  1.826338e-26  8.891240e-27  9.124939e-27  1.398066e-26  5.180796e-27  0.000000e+00  0.000000e+00  0.000000e+00  0.000000e+00  0.000000e+00  0.000000e+00  0.000000e+00  0.000000e+00  0.000000e+00  0.000000e+00  2.928909e-27  5.983380e-27  4.858767e-27  7.467478e-27  9.097838e-27  8.779002e-27  9.588077e-27  9.279107e-27  1.379894e-26  2.046637e-26  2.254262e-26  2.071398e-26  2.536697e-26  2.915321e-26  1.112030e-28  0.000000e+00  0.000000e+00  0.000000e+00  0.000000e+00  0.000000e+00  0.000000e+00  0.000000e+00  0.000000e+00  0.000000e+00  0.000000e+00  0.000000e+00  0.000000e+00  0.000000e+00  1.052431e-26  1.896573e-26  1.985377e-26  3.323571e-26  8.366612e-26  2.203903e-26  2.284525e-26  2.017578e-26  4.235618e-27  3.965470e-26  2.243680e-26  1.196502e-26  1.858603e-26  4.305591e-26  2.948115e-26  2.097524e-26  1.786491e-26  3.299167e-26  4.730875e-26  5.377649e-26  4.288512e-26  2.179312e-26  3.302145e-26  4.306931e-26  4.677814e-26  3.186270e-26  3.114606e-26  1.280477e-26  1.506966e-29  1.660778e-26  8.123237e-27  8.460615e-27  0.000000e+00  0.000000e+00  0.000000e+00  0.000000e+00  0.000000e+00  0.000000e+00  0.000000e+00  0.000000e+00  0.000000e+00  0.000000e+00  0.000000e+00  0.000000e+00  0.000000e+00  0.000000e+00  0.000000e+00  0.000000e+00  0.000000e+00  0.000000e+00  0.000000e+00  0.000000e+00  0.000000e+00  0.000000e+00  7.734097e-27  2.738263e-26  9.476262e-26  1.388910e-25  2.053770e-25  2.261137e-25  1.428391e-25  2.013095e-25  4.020779e-25  4.327250e-26  1.129869e-25  1.137971e-25  6.927366e-26  5.262838e-26  2.253345e-26  2.050756e-29  0.000000e+00  2.027854e-26  7.042437e-26  1.645686e-25  1.660134e-25  1.308759e-25  1.885250e-25  4.887275e-25  7.806352e-25  9.456840e-25  1.093764e-24  1.444555e-24  1.612610e-24  1.354454e-24  1.392940e-24  1.350121e-24  1.294962e-24  1.193861e-24  9.763334e-25  8.173607e-25  7.569123e-25  7.035701e-25  4.905568e-25  4.513091e-25  3.275168e-25  3.991469e-25  4.512515e-25  5.031153e-25  5.075279e-25  8.242725e-25  2.242512e-24  2.691428e-24  6.458837e-24  8.384537e-24  9.897863e-24  5.781993e-24  5.519705e-24  1.077344e-23  8.344971e-24  5.794562e-24  6.694814e-24  5.103654e-24  4.544022e-24  4.126015e-24  4.725985e-24  4.861254e-24  4.644746e-24  3.146620e-24  2.808047e-24  3.635347e-24  3.052857e-24  2.345880e-24  1.779616e-24  1.356834e-24  1.155283e-24  9.462242e-25  6.258106e-25  5.377659e-25  3.431901e-25  2.761432e-25  2.148477e-25  2.542160e-25  2.274773e-25  2.316382e-25  1.848721e-25  1.897444e-25  1.557225e-25  9.435027e-26  5.765251e-26  4.478841e-26  4.979618e-26  8.067745e-27  3.421016e-26  7.029633e-27  9.344829e-27  6.161247e-27  4.029900e-27  0.000000e+00  0.000000e+00  0.000000e+00  0.000000e+00  0.000000e+00  0.000000e+00  0.000000e+00  0.000000e+00  0.000000e+00  0.000000e+00  0.000000e+00  0.000000e+00  0.000000e+00  0.000000e+00  0.000000e+00  0.000000e+00  0.000000e+00  0.000000e+00  0.000000e+00  0.000000e+00  0.000000e+00  0.000000e+00  0.000000e+00  0.000000e+00  0.000000e+00  0.000000e+00  0.000000e+00  0.000000e+00  0.000000e+00  0.000000e+00  0.000000e+00  1.207538e-26  5.928206e-26  1.722149e-25  3.502047e-25  4.607900e-25  6.509077e-25  7.902336e-25  6.856423e-25  8.644325e-25  7.610498e-25  6.225342e-25  9.547254e-25  1.225187e-24  3.175682e-24  1.218119e-24  1.209495e-24  1.166240e-24  1.177922e-24  1.305126e-24  1.477004e-24  1.749004e-24  1.715207e-24  1.892519e-24  2.042165e-24  1.990206e-24  2.420623e-24  1.776464e-24  1.891165e-24  1.675782e-24  1.934845e-24  3.438368e-24  4.541381e-24  2.848903e-24  3.070301e-24  2.797680e-24  2.600846e-24  2.000725e-24  3.257123e-24  3.342746e-24  2.836753e-24  2.465192e-24  3.695506e-24  2.614003e-24  2.669788e-24  2.858238e-24  2.653539e-24  2.509325e-24  2.747054e-24  2.448269e-24  2.779839e-24  2.239548e-24  2.310351e-24  2.601754e-24  2.513829e-24  2.944623e-24  2.586940e-24  2.303528e-24  2.408080e-24  1.837317e-24  2.062072e-24  1.955624e-24  1.515226e-24  1.483451e-24  1.767332e-24  1.274246e-24  1.253974e-24  1.095740e-24  1.010304e-24  9.019915e-25  9.872848e-25  7.940132e-25  6.420002e-25  6.682327e-25  4.679713e-25  4.809522e-25  3.201164e-25  3.663053e-25  2.679087e-25  2.642444e-25  1.883127e-25  1.690590e-25  1.689476e-25  1.138319e-25  4.432723e-26  1.388523e-25  1.016535e-25  4.690886e-26  6.882985e-26  6.753253e-26  2.354675e-26  2.520027e-26  2.219379e-26  2.851517e-26  0.000000e+00  0.000000e+00  0.000000e+00  0.000000e+00  0.000000e+00  0.000000e+00  0.000000e+00  0.000000e+00  0.000000e+00  0.000000e+00  0.000000e+00  0.000000e+00  0.000000e+00  0.000000e+00  0.000000e+00  0.000000e+00  0.000000e+00  0.000000e+00  0.000000e+00  0.000000e+00  0.000000e+00  0.000000e+00  0.000000e+00  0.000000e+00  0.000000e+00  0.000000e+00  0.000000e+00  0.000000e+00  0.000000e+00  0.000000e+00  0.000000e+00  0.000000e+00  0.000000e+00  0.000000e+00  0.000000e+00  0.000000e+00  6.919071e-26  6.690159e-26  1.704632e-25  2.605021e-25  5.810696e-25  5.171137e-25  6.553196e-25  1.086109e-24  1.085057e-24  1.655807e-24  3.516353e-25  1.115137e-24  1.194011e-24  1.079706e-24
0.000000e+00  0.000000e+00  0.000000e+00  0.000000e+00  0.000000e+00  0.000000e+00  0.000000e+00  0.000000e+00  0.000000e+00  0.000000e+00  0.000000e+00  0.000000e+00  0.000000e+00  0.000000e+00  0.000000e+00  0.000000e+00  0.000000e+00  0.000000e+00  0.000000e+00  0.000000e+00  0.000000e+00  0.000000e+00  0.000000e+00  0.000000e+00  0.000000e+00  0.000000e+00  0.000000e+00  0.000000e+00  0.000000e+00  0.000000e+00  0.000000e+00  0.000000e+00  0.000000e+00  0.000000e+00  0.000000e+00  0.000000e+00  0.000000e+00  0.000000e+00  0.000000e+00  0.000000e+00  0.000000e+00  0.000000e+00  0.000000e+00  0.000000e+00  0.000000e+00  0.000000e+00  0.000000e+00  0.000000e+00  0.000000e+00  0.000000e+00  0.000000e+00  0.000000e+00  0.000000e+00  0.000000e+00  0.000000e+00  0.000000e+00  0.000000e+00  0.000000e+00  0.000000e+00  0.000000e+00  0.000000e+00  0.000000e+00  0.000000e+00  0.000000e+00  0.000000e+00  0.000000e+00  0.000000e+00  0.000000e+00  0.000000e+00  0.000000e+00  0.000000e+00  0.000000e+00  0.000000e+00  0.000000e+00  0.000000e+00  0.000000e+00  0.000000e+00  0.000000e+00  0.000000e+00  0.000000e+00  0.000000e+00  0.000000e+00  0.000000e+00  0.000000e+00  0.000000e+00  0.000000e+00  0.000000e+00  0.000000e+00  0.000000e+00  0.000000e+00  0.000000e+00  0.000000e+00  0.000000e+00  0.000000e+00  0.000000e+00  0.000000e+00  0.000000e+00  0.000000e+00  0.000000e+00  0.000000e+00  0.000000e+00  0.000000e+00  0.000000e+00  0.000000e+00  0.000000e+00  0.000000e+00  0.000000e+00  0.000000e+00  0.000000e+00  0.000000e+00  0.000000e+00  0.000000e+00  0.000000e+00  0.000000e+00  0.000000e+00  0.000000e+00  0.000000e+00  0.000000e+00  0.000000e+00  0.000000e+00  0.000000e+00  0.000000e+00  0.000000e+00  0.000000e+00  0.000000e+00  0.000000e+00  0.000000e+00  0.000000e+00  0.000000e+00  0.000000e+00  0.000000e+00  0.000000e+00  0.000000e+00  0.000000e+00  0.000000e+00  0.000000e+00  0.000000e+00  0.000000e+00  0.000000e+00  0.000000e+00  0.000000e+00  0.000000e+00  0.000000e+00  0.000000e+00  0.000000e+00  0.000000e+00  0.000000e+00  0.000000e+00  0.000000e+00  0.000000e+00  0.000000e+00  0.000000e+00  0.000000e+00  0.000000e+00  0.000000e+00  0.000000e+00  0.000000e+00  0.000000e+00  0.000000e+00  0.000000e+00  0.000000e+00  0.000000e+00  0.000000e+00  0.000000e+00  0.000000e+00  0.000000e+00  0.000000e+00  0.000000e+00  0.000000e+00  0.000000e+00  0.000000e+00  0.000000e+00  0.000000e+00  0.000000e+00  0.000000e+00  0.000000e+00  0.000000e+00  0.000000e+00  0.000000e+00  0.000000e+00  0.000000e+00  0.000000e+00  0.000000e+00  0.000000e+00  0.000000e+00  0.000000e+00  0.000000e+00  0.000000e+00  0.000000e+00  0.000000e+00  0.000000e+00  0.000000e+00  0.000000e+00  0.000000e+00  0.000000e+00  0.000000e+00  0.000000e+00  0.000000e+00  0.000000e+00  0.000000e+00  0.000000e+00  0.000000e+00  0.000000e+00  0.000000e+00  0.000000e+00  0.000000e+00  0.000000e+00  0.000000e+00  0.000000e+00  0.000000e+00  0.000000e+00  0.000000e+00  0.000000e+00  0.000000e+00  0.000000e+00  0.000000e+00  0.000000e+00  0.000000e+00  0.000000e+00  0.000000e+00  0.000000e+00  0.000000e+00  0.000000e+00  0.000000e+00  0.000000e+00  0.000000e+00  0.000000e+00  0.000000e+00  0.000000e+00  0.000000e+00  0.000000e+00  0.000000e+00  0.000000e+00  0.000000e+00  0.000000e+00  0.000000e+00  0.000000e+00  0.000000e+00  0.000000e+00  0.000000e+00  0.000000e+00  0.000000e+00  0.000000e+00  0.000000e+00  0.000000e+00  0.000000e+00  0.000000e+00  0.000000e+00  0.000000e+00  0.000000e+00  0.000000e+00  0.000000e+00  0.000000e+00  0.000000e+00  0.000000e+00  0.000000e+00  0.000000e+00  0.000000e+00  0.000000e+00  0.000000e+00  0.000000e+00  0.000000e+00  0.000000e+00  0.000000e+00  0.000000e+00  0.000000e+00  0.000000e+00  0.000000e+00  0.000000e+00  0.000000e+00  0.000000e+00  0.000000e+00  0.000000e+00  0.000000e+00  0.000000e+00  0.000000e+00  0.000000e+00  0.000000e+00  0.000000e+00  0.000000e+00  0.000000e+00  0.000000e+00  0.000000e+00  0.000000e+00  0.000000e+00  0.000000e+00  0.000000e+00  0.000000e+00  0.000000e+00  0.000000e+00  0.000000e+00  0.000000e+00  0.000000e+00  0.000000e+00  0.000000e+00  0.000000e+00  0.000000e+00  0.000000e+00  0.000000e+00  0.000000e+00  0.000000e+00  0.000000e+00  0.000000e+00  0.000000e+00  0.000000e+00  0.000000e+00  0.000000e+00  0.000000e+00  0.000000e+00  0.000000e+00  0.000000e+00  0.000000e+00  0.000000e+00  0.000000e+00  0.000000e+00  0.000000e+00  0.000000e+00  0.000000e+00  0.000000e+00  0.000000e+00  0.000000e+00  0.000000e+00  0.000000e+00  0.000000e+00  0.000000e+00  0.000000e+00  0.000000e+00  0.000000e+00  0.000000e+00  0.000000e+00  0.000000e+00  0.000000e+00  0.000000e+00  0.000000e+00  0.000000e+00  0.000000e+00  0.000000e+00  0.000000e+00  0.000000e+00  0.000000e+00  0.000000e+00  0.000000e+00  0.000000e+00  0.000000e+00  0.000000e+00  0.000000e+00  0.000000e+00  0.000000e+00  0.000000e+00  0.000000e+00  0.000000e+00  0.000000e+00  0.000000e+00  0.000000e+00  0.000000e+00  0.000000e+00  0.000000e+00  0.000000e+00  0.000000e+00  0.000000e+00  0.000000e+00  0.000000e+00  0.000000e+00  0.000000e+00  0.000000e+00  0.000000e+00  0.000000e+00  0.000000e+00  0.000000e+00  0.000000e+00  0.000000e+00  0.000000e+00  0.000000e+00  0.000000e+00  0.000000e+00  0.000000e+00  0.000000e+00  0.000000e+00  0.000000e+00  0.000000e+00  0.000000e+00  0.000000e+00  0.000000e+00  0.000000e+00  0.000000e+00  0.000000e+00  0.000000e+00  0.000000e+00  1.748742e-26  6.622294e-27  4.119623e-26  1.263391e-26  6.020603e-26  1.588815e-25  2.191315e-25  3.296711e-25  3.468495e-25  3.467866e-25  2.928655e-25  1.849485e-25  1.251880e-25  2.369414e-26  7.390335e-26  1.574235e-25  7.014773e-26  6.128943e-26  6.837695e-27  1.861703e-26  9.078936e-27  9.300616e-27  1.425364e-26  5.294869e-27  0.000000e+00  0.000000e+00  0.000000e+00  0.000000e+00  0.000000e+00  0.000000e+00  0.000000e+00  0.000000e+00  0.000000e+00  0.000000e+00  2.988772e-27  6.102822e-27  4.955622e-27  7.616816e-27  9.282368e-27  8.953372e-27  9.779935e-27  9.467084e-27  1.407553e-26  2.087502e-26  2.299521e-26  2.113127e-26  2.587057e-26  2.973972e-26  1.109579e-28  0.000000e+00  0.000000e+00  0.000000e+00  0.000000e+00  0.000000e+00  0.000000e+00  0.000000e+00  0.000000e+00  0.000000e+00  0.000000e+00  0.000000e+00  0.000000e+00  0.000000e+00  1.073910e-26  1.934393e-26  2.025204e-26  3.392258e-26  8.533440e-26  2.252278e-26  2.327298e-26  2.059066e-26  4.304987e-27  4.044458e-26  2.288484e-26  1.223833e-26  1.894519e-26  4.393471e-26  3.006510e-26  2.137374e-26  1.825344e-26  3.362327e-26  4.822435e-26  5.488037e-26  4.376317e-26  2.220290e-26  3.366733e-26  4.390044e-26  4.770872e-26  3.248235e-26  3.180841e-26  1.306424e-26  1.215024e-29  1.694280e-26  8.276564e-27  8.632848e-27  0.000000e+00  0.000000e+00  0.000000e+00  0.000000e+00  0.000000e+00  0.000000e+00  0.000000e+00  0.000000e+00  0.000000e+00  0.000000e+00  0.000000e+00  0.000000e+00  0.000000e+00  0.000000e+00  0.000000e+00  0.000000e+00  0.000000e+00  0.000000e+00  0.000000e+00  0.000000e+00  0.000000e+00  0.000000e+00  7.854508e-27  2.793741e-26  9.669960e-26  1.417083e-25  2.094226e-25  2.306733e-25  1.457080e-25  2.052683e-25  4.100915e-25  4.411682e-26  1.151889e-25  1.161253e-25  7.058773e-26  5.371383e-26  2.297470e-26  1.770565e-29  0.000000e+00  2.068366e-26  7.186738e-26  1.678093e-25  1.693734e-25  1.334326e-25  1.922427e-25  4.985417e-25  7.963406e-25  9.646093e-25  1.115552e-24  1.473024e-24  1.645168e-24  1.381876e-24  1.421120e-24  1.377282e-24  1.321078e-24  1.217645e-24  9.956720e-25  8.336127e-25  7.620434e-25  7.081374e-25  4.929556e-25  4.530480e-25  3.302206e-25  4.012570e-25  4.541836e-25  5.059159e-25  5.106905e-25  8.235716e-25  2.236809e-24  2.697208e-24  6.487384e-24  8.461464e-24  1.002960e-23  5.873964e-24  5.580160e-24  1.089329e-23  8.410056e-24  5.849146e-24  6.773526e-24  5.163408e-24  4.582718e-24  4.160061e-24  4.772786e-24  4.905338e-24  4.695320e-24  3.183076e-24  2.842139e-24  3.683970e-24  3.078849e-24  2.361578e-24  1.797961e-24  1.369984e-24  1.162531e-24  9.515518e-25  6.294969e-25  5.401929e-25  3.448879e-25  2.779825e-25  2.162751e-25  2.560353e-25  2.299267e-25  2.344821e-25  1.869956e-25  1.913731e-25  1.588589e-25  9.623535e-26  5.878186e-26  4.569899e-26  5.075919e-26  8.227495e-27  3.486775e-26  7.171246e-27  9.529368e-27  6.300790e-27  4.112847e-27  0.000000e+00  0.000000e+00  0.000000e+00  0.000000e+00  0.000000e+00  0.000000e+00  0.000000e+00  0.000000e+00  0.000000e+00  0.000000e+00  0.000000e+00  0.000000e+00  0.000000e+00  0.000000e+00  0.000000e+00  0.000000e+00  0.000000e+00  0.000000e+00  0.000000e+00  0.000000e+00  0.000000e+00  0.000000e+00  0.000000e+00  0.000000e+00  0.000000e+00  0.000000e+00  0.000000e+00  0.000000e+00  0.000000e+00  0.000000e+00  0.000000e+00  1.200017e-26  5.891675e-26  1.713029e-25  3.479838e-25  4.587319e-25  6.475306e-25  7.856603e-25  6.815480e-25  8.593414e-25  7.570197e-25  6.188842e-25  9.493062e-25  1.218342e-24  3.156734e-24  1.210822e-24  1.202644e-24  1.159182e-24  1.171422e-24  1.297921e-24  1.469351e-24  1.738717e-24  1.705616e-24  1.883107e-24  2.030260e-24  1.979142e-24  2.407704e-24  1.765287e-24  1.881369e-24  1.666399e-24  1.924184e-24  3.422639e-24  4.517555e-24  2.834295e-24  3.053671e-24  2.780529e-24  2.586931e-24  1.989709e-24  3.240482e-24  3.323985e-24  2.820122e-24  2.452202e-24  3.675082e-24  2.600170e-24  2.656152e-24  2.842233e-24  2.639211e-24  2.494982e-24  2.729267e-24  2.433572e-24  2.765045e-24  2.226202e-24  2.297015e-24  2.588203e-24  2.499826e-24  2.927935e-24  2.571954e-24  2.289514e-24  2.395300e-24  1.826754e-24  2.051132e-24  1.944233e-24  1.507386e-24  1.476353e-24  1.758308e-24  1.266443e-24  1.247486e-24  1.089413e-24  1.004447e-24  8.965472e-25  9.818938e-25  7.891870e-25  6.381456e-25  6.645041e-25  4.655740e-25  4.783486e-25  3.184521e-25  3.640693e-25  2.664668e-25  2.624889e-25  1.871197e-25  1.683779e-25  1.680158e-25  1.130668e-25  4.404700e-26  1.381949e-25  1.009131e-25  4.673106e-26  6.845437e-26  6.705789e-26  2.340658e-26  2.508119e-26  2.198513e-26  2.837540e-26  0.000000e+00  0.000000e+00  0.000000e+00  0.000000e+00  0.000000e+00  0.000000e+00  0.000000e+00  0.000000e+00  0.000000e+00  0.000000e+00  0.000000e+00  0.000000e+00  0.000000e+00  0.000000e+00  0.000000e+00  0.000000e+00  0.000000e+00  0.000000e+00  0.000000e+00  0.000000e+00  0.000000e+00  0.000000e+00  0.000000e+00  0.000000e+00  0.000000e+00  0.000000e+00  0.000000e+00  0.000000e+00  0.000000e+00  0.000000e+00  0.000000e+00  0.000000e+00  0.000000e+00  0.000000e+00  0.000000e+00  0.000000e+00  6.890541e-26  6.656176e-26  1.694730e-25  2.584288e-25  5.743267e-25  5.119358e-25  6.474596e-25  1.079887e-24  1.081378e-24  1.662953e-24  3.516919e-25  1.123679e-24  1.206883e-24  1.095905e-24
0.000000e+00  0.000000e+00  0.000000e+00  0.000000e+00  0.000000e+00  0.000000e+00  0.000000e+00  0.000000e+00  0.000000e+00  0.000000e+00  0.000000e+00  0.000000e+00  0.000000e+00  0.000000e+00  0.000000e+00  0.000000e+00  0.000000e+00  0.000000e+00  0.000000e+00  0.000000e+00  0.000000e+00  0.000000e+00  0.000000e+00  0.000000e+00  0.000000e+00  0.000000e+00  0.000000e+00  0.000000e+00  0.000000e+00  0.000000e+00  0.000000e+00  0.000000e+00  0.000000e+00  0.000000e+00  0.000000e+00  0.000000e+00  0.000000e+00  0.000000e+00  0.000000e+00  0.000000e+00  0.000000e+00  0.000000e+00  0.000000e+00  0.000000e+00  0.000000e+00  0.000000e+00  0.000000e+00  0.000000e+00  0.000000e+00  0.000000e+00  0.000000e+00  0.000000e+00  0.000000e+00  0.000000e+00  0.000000e+00  0.000000e+00  0.000000e+00  0.000000e+00  0.000000e+00  0.000000e+00  0.000000e+00  0.000000e+00  0.000000e+00  0.000000e+00  0.000000e+00  0.000000e+00  0.000000e+00  0.000000e+00  0.000000e+00  0.000000e+00  0.000000e+00  0.000000e+00  0.000000e+00  0.000000e+00  0.000000e+00  0.000000e+00  0.000000e+00  0.000000e+00  0.000000e+00  0.000000e+00  0.000000e+00  0.000000e+00  0.000000e+00  0.000000e+00  0.000000e+00  0.000000e+00  0.000000e+00  0.000000e+00  0.000000e+00  0.000000e+00  0.000000e+00  0.000000e+00  0.000000e+00  0.000000e+00  0.000000e+00  0.000000e+00  0.000000e+00  0.000000e+00  0.000000e+00  0.000000e+00  0.000000e+00  0.000000e+00  0.000000e+00  0.000000e+00  0.000000e+00  0.000000e+00  0.000000e+00  0.000000e+00  0.000000e+00  0.000000e+00  0.000000e+00  0.000000e+00  0.000000e+00  0.000000e+00  0.000000e+00  0.000000e+00  0.000000e+00  0.000000e+00  0.000000e+00  0.000000e+00  0.000000e+00  0.000000e+00  0.000000e+00  0.000000e+00  0.000000e+00  0.000000e+00  0.000000e+00  0.000000e+00  0.000000e+00  0.000000e+00  0.000000e+00  0.000000e+00  0.000000e+00  0.000000e+00  0.000000e+00  0.000000e+00  0.000000e+00  0.000000e+00  0.000000e+00  0.000000e+00  0.000000e+00  0.000000e+00  0.000000e+00  0.000000e+00  0.000000e+00  0.000000e+00  0.000000e+00  0.000000e+00  0.000000e+00  0.000000e+00  0.000000e+00  0.000000e+00  0.000000e+00  0.000000e+00  0.000000e+00  0.000000e+00  0.000000e+00  0.000000e+00  0.000000e+00  0.000000e+00  0.000000e+00  0.000000e+00  0.000000e+00  0.000000e+00  0.000000e+00  0.000000e+00  0.000000e+00  0.000000e+00  0.000000e+00  0.000000e+00  0.000000e+00  0.000000e+00  0.000000e+00  0.000000e+00  0.000000e+00  0.000000e+00  0.000000e+00  0.000000e+00  0.000000e+00  0.000000e+00  0.000000e+00  0.000000e+00  0.000000e+00  0.000000e+00  0.000000e+00  0.000000e+00  0.000000e+00  0.000000e+00  0.000000e+00  0.000000e+00  0.000000e+00  0.000000e+00  0.000000e+00  0.000000e+00  0.000000e+00  0.000000e+00  0.000000e+00  0.000000e+00  0.000000e+00  0.000000e+00  0.000000e+00  0.000000e+00  0.000000e+00  0.000000e+00  0.000000e+00  0.000000e+00  0.000000e+00  0.000000e+00  0.000000e+00  0.000000e+00  0.000000e+00  0.000000e+00  0.000000e+00  0.000000e+00  0.000000e+00  0.000000e+00  0.000000e+00  0.000000e+00  0.000000e+00  0.000000e+00  0.000000e+00  0.000000e+00  0.000000e+00  0.000000e+00  0.000000e+00  0.000000e+00  0.000000e+00  0.000000e+00  0.000000e+00  0.000000e+00  0.000000e+00  0.000000e+00  0.000000e+00  0.000000e+00  0.000000e+00  0.000000e+00  0.000000e+00  0.000000e+00  0.000000e+00  0.000000e+00  0.000000e+00  0.000000e+00  0.000000e+00  0.000000e+00  0.000000e+00  0.000000e+00  0.000000e+00  0.000000e+00  0.000000e+00  0.000000e+00  0.000000e+00  0.000000e+00  0.000000e+00  0.000000e+00  0.000000e+00  0.000000e+00  0.000000e+00  0.000000e+00  0.000000e+00  0.000000e+00  0.000000e+00  0.000000e+00  0.000000e+00  0.000000e+00  0.000000e+00  0.000000e+00  0.000000e+00  0.000000e+00  0.000000e+00  0.000000e+00  0.000000e+00  0.000000e+00  0.000000e+00  0.000000e+00  0.000000e+00  0.000000e+00  0.000000e+00  0.000000e+00  0.000000e+00  0.000000e+00  0.000000e+00  0.000000e+00  0.000000e+00  0.000000e+00  0.000000e+00  0.000000e+00  0.000000e+00  0.000000e+00  0.000000e+00  0.000000e+00  0.000000e+00  0.000000e+00  0.000000e+00  0.000000e+00  0.000000e+00  0.000000e+00  0.000000e+00  0.000000e+00  0.000000e+00  0.000000e+00  0.000000e+00  0.000000e+00  0.000000e+00  0.000000e+00  0.000000e+00  0.000000e+00  0.000000e+00  0.000000e+00  0.000000e+00  0.000000e+00  0.000000e+00  0.000000e+00  0.000000e+00  0.000000e+00  0.000000e+00  0.000000e+00  0.000000e+00  0.000000e+00  0.000000e+00  0.000000e+00  0.000000e+00  0.000000e+00  0.000000e+00  0.000000e+00  0.000000e+00  0.000000e+00  0.000000e+00  0.000000e+00  0.000000e+00  0.000000e+00  0.000000e+00  0.000000e+00  0.000000e+00  0.000000e+00  0.000000e+00  0.000000e+00  0.000000e+00  0.000000e+00  0.000000e+00  0.000000e+00  0.000000e+00  0.000000e+00  0.000000e+00  0.000000e+00  0.000000e+00  0.000000e+00  0.000000e+00  0.000000e+00  0.000000e+00  0.000000e+00  0.000000e+00  0.000000e+00  0.000000e+00  0.000000e+00  0.000000e+00  0.000000e+00  0.000000e+00  0.000000e+00  0.000000e+00  0.000000e+00  0.000000e+00  0.000000e+00  0.000000e+00  0.000000e+00  0.000000e+00  0.000000e+00  0.000000e+00  0.000000e+00  0.000000e+00  0.000000e+00  0.000000e+00  0.000000e+00  0.000000e+00  0.000000e+00  0.000000e+00  0.000000e+00  0.000000e+00  0.000000e+00  0.000000e+00  0.000000e+00  0.000000e+00  0.000000e+00  0.000000e+00  0.000000e+00  0.000000e+00  0.000000e+00  0.000000e+00  0.000000e+00  1.783790e-26  6.753017e-27  4.203395e-26  1.289374e-26  6.141063e-26  1.621098e-25  2.235427e-25  3.364919e-25  3.539179e-25  3.537966e-25  2.987847e-25  1.887563e-25  1.276127e-25  2.416413e-26  7.546254e-26  1.605984e-25  7.152531e-26  6.251805e-26  6.970678e-27  1.898147e-26  9.272062e-27  9.481062e-27  1.453555e-26  5.412835e-27  0.000000e+00  0.000000e+00  0.000000e+00  0.000000e+00  0.000000e+00  0.000000e+00  0.000000e+00  0.000000e+00  0.000000e+00  0.000000e+00  3.050451e-27  6.225771e-27  5.055809e-27  7.771118e-27  9.473416e-27  9.132763e-27  9.978439e-27  9.661778e-27  1.436128e-26  2.129849e-26  2.346440e-26  2.156368e-26  2.639064e-26  3.034538e-26  1.105996e-28  0.000000e+00  0.000000e+00  0.000000e+00  0.000000e+00  0.000000e+00  0.000000e+00  0.000000e+00  0.000000e+00  0.000000e+00  0.000000e+00  0.000000e+00  0.000000e+00  0.000000e+00  1.096154e-26  1.973639e-26  2.066201e-26  3.463460e-26  8.706612e-26  2.302937e-26  2.371086e-26  2.101802e-26  4.376023e-27  4.125723e-26  2.334669e-26  1.252487e-26  1.931453e-26  4.484316e-26  3.066260e-26  2.177956e-26  1.865502e-26  3.428001e-26  4.917240e-26  5.601567e-26  4.468124e-26  2.262543e-26  3.433215e-26  4.475716e-26  4.866835e-26  3.311895e-26  3.249404e-26  1.333279e-26  9.368533e-30  1.728428e-26  8.433084e-27  8.812276e-27  0.000000e+00  0.000000e+00  0.000000e+00  0.000000e+00  0.000000e+00  0.000000e+00  0.000000e+00  0.000000e+00  0.000000e+00  0.000000e+00  0.000000e+00  0.000000e+00  0.000000e+00  0.000000e+00  0.000000e+00  0.000000e+00  0.000000e+00  0.000000e+00  0.000000e+00  0.000000e+00  0.000000e+00  0.000000e+00  7.976181e-27  2.850322e-26  9.870843e-26  1.445931e-25  2.136005e-25  2.353803e-25  1.486657e-25  2.093662e-25  4.183689e-25  4.499727e-26  1.174445e-25  1.185346e-25  7.193860e-26  5.483152e-26  2.343265e-26  1.465850e-29  0.000000e+00  2.110053e-26  7.335949e-26  1.711660e-25  1.728294e-25  1.360627e-25  1.960779e-25  5.086300e-25  8.125616e-25  9.841284e-25  1.138044e-24  1.502419e-24  1.678794e-24  1.410247e-24  1.450368e-24  1.405392e-24  1.348127e-24  1.242174e-24  1.015664e-24  8.505472e-25  7.671748e-25  7.127112e-25  4.953507e-25  4.547710e-25  3.329410e-25  4.033539e-25  4.571181e-25  5.087001e-25  5.138836e-25  8.227072e-25  2.230620e-24  2.702773e-24  6.515069e-24  8.538902e-24  1.016384e-23  5.968900e-24  5.641005e-24  1.101476e-23  8.475852e-24  5.904287e-24  6.853118e-24  5.224270e-24  4.621639e-24  4.193952e-24  4.820198e-24  4.949851e-24  4.746688e-24  3.220313e-24  2.877031e-24  3.733522e-24  3.105058e-24  2.377412e-24  1.816510e-24  1.383300e-24  1.169849e-24  9.568380e-25  6.331541e-25  5.425560e-25  3.465598e-25  2.798154e-25  2.177151e-25  2.578581e-25  2.324345e-25  2.373997e-25  1.891886e-25  1.930495e-25  1.621036e-25  9.817425e-26  5.994562e-26  4.663845e-26  5.173912e-26  8.392664e-27  3.553752e-26  7.317126e-27  9.723240e-27  6.447451e-27  4.197590e-27  0.000000e+00  0.000000e+00  0.000000e+00  0.000000e+00  0.000000e+00  0.000000e+00  0.000000e+00  0.000000e+00  0.000000e+00  0.000000e+00  0.000000e+00  0.000000e+00  0.000000e+00  0.000000e+00  0.000000e+00  0.000000e+00  0.000000e+00  0.000000e+00  0.000000e+00  0.000000e+00  0.000000e+00  0.000000e+00  0.000000e+00  0.000000e+00  0.000000e+00  0.000000e+00  0.000000e+00  0.000000e+00  0.000000e+00  0.000000e+00  0.000000e+00  1.191484e-26  5.849968e-26  1.703243e-25  3.455860e-25  4.565464e-25  6.439496e-25  7.807754e-25  6.772515e-25  8.538285e-25  7.527396e-25  6.148929e-25  9.434283e-25  1.211028e-24  3.136398e-24  1.202912e-24  1.195101e-24  1.151689e-24  1.164507e-24  1.290162e-24  1.461152e-24  1.727658e-24  1.695342e-24  1.873091e-24  2.017638e-24  1.967361e-24  2.393897e-24  1.753395e-24  1.871049e-24  1.656414e-24  1.912987e-24  3.406073e-24  4.491833e-24  2.818890e-24  3.035991e-24  2.762180e-24  2.572024e-24  1.978132e-24  3.222881e-24  3.303621e-24  2.802516e-24  2.438369e-24  3.653054e-24  2.585400e-24  2.641618e-24  2.825388e-24  2.623566e-24  2.479452e-24  2.710143e-24  2.417979e-24  2.748959e-24  2.211713e-24  2.282760e-24  2.573589e-24  2.485099e-24  2.909908e-24  2.555855e-24  2.274427e-24  2.381568e-24  1.815599e-24  2.039265e-24  1.931958e-24  1.499116e-24  1.468905e-24  1.748559e-24  1.258126e-24  1.240598e-24  1.082556e-24  9.981539e-25  8.906754e-25  9.759937e-25  7.840324e-25  6.341108e-25  6.605496e-25  4.630402e-25  4.755826e-25  3.166623e-25  3.616671e-25  2.649053e-25  2.605921e-25  1.858527e-25  1.676827e-25  1.670199e-25  1.122189e-25  4.375918e-26  1.375033e-25  1.001109e-25  4.654567e-26  6.804077e-26  6.653624e-26  2.325479e-26  2.494713e-26  2.175870e-26  2.822635e-26  0.000000e+00  0.000000e+00  0.000000e+00  0.000000e+00  0.000000e+00  0.000000e+00  0.000000e+00  0.000000e+00  0.000000e+00  0.000000e+00  0.000000e+00  0.000000e+00  0.000000e+00  0.000000e+00  0.000000e+00  0.000000e+00  0.000000e+00  0.000000e+00  0.000000e+00  0.000000e+00  0.000000e+00  0.000000e+00  0.000000e+00  0.000000e+00  0.000000e+00  0.000000e+00  0.000000e+00  0.000000e+00  0.000000e+00  0.000000e+00  0.000000e+00  0.000000e+00  0.000000e+00  0.000000e+00  0.000000e+00  0.000000e+00  6.859169e-26  6.621868e-26  1.684086e-25  2.562404e-25  5.672663e-25  5.066091e-25  6.392592e-25  1.073451e-24  1.077311e-24  1.669493e-24  3.520260e-25  1.132029e-24  1.220468e-24  1.112557e-24
0.000000e+00  0.000000e+00  0.000000e+00  0.000000e+00  0.000000e+00  0.000000e+00  0.000000e+00  0.000000e+00  0.000000e+00  0.000000e+00  0.000000e+00  0.000000e+00  0.000000e+00  0.000000e+00  0.000000e+00  0.000000e+00  0.000000e+00  0.000000e+00  0.000000e+00  0.000000e+00  0.000000e+00  0.000000e+00  0.000000e+00  0.000000e+00  0.000000e+00  0.000000e+00  0.000000e+00  0.000000e+00  0.000000e+00  0.000000e+00  0.000000e+00  0.000000e+00  0.000000e+00  0.000000e+00  0.000000e+00  0.000000e+00  0.000000e+00  0.000000e+00  0.000000e+00  0.000000e+00  0.000000e+00  0.000000e+00  0.000000e+00  0.000000e+00  0.000000e+00  0.000000e+00  0.000000e+00  0.000000e+00  0.000000e+00  0.000000e+00  0.000000e+00  0.000000e+00  0.000000e+00  0.000000e+00  0.000000e+00  0.000000e+00  0.000000e+00  0.000000e+00  0.000000e+00  0.000000e+00  0.000000e+00  0.000000e+00  0.000000e+00  0.000000e+00  0.000000e+00  0.000000e+00  0.000000e+00  0.000000e+00  0.000000e+00  0.000000e+00  0.000000e+00  0.000000e+00  0.000000e+00  0.000000e+00  0.000000e+00  0.000000e+00  0.000000e+00  0.000000e+00  0.000000e+00  0.000000e+00  0.000000e+00  0.000000e+00  0.000000e+00  0.000000e+00  0.000000e+00  0.000000e+00  0.000000e+00  0.000000e+00  0.000000e+00  0.000000e+00  0.000000e+00  0.000000e+00  0.000000e+00  0.000000e+00  0.000000e+00  0.000000e+00  0.000000e+00  0.000000e+00  0.000000e+00  0.000000e+00  0.000000e+00  0.000000e+00  0.000000e+00  0.000000e+00  0.000000e+00  0.000000e+00  0.000000e+00  0.000000e+00  0.000000e+00  0.000000e+00  0.000000e+00  0.000000e+00  0.000000e+00  0.000000e+00  0.000000e+00  0.000000e+00  0.000000e+00  0.000000e+00  0.000000e+00  0.000000e+00  0.000000e+00  0.000000e+00  0.000000e+00  0.000000e+00  0.000000e+00  0.000000e+00  0.000000e+00  0.000000e+00  0.000000e+00  0.000000e+00  0.000000e+00  0.000000e+00  0.000000e+00  0.000000e+00  0.000000e+00  0.000000e+00  0.000000e+00  0.000000e+00  0.000000e+00  0.000000e+00  0.000000e+00  0.000000e+00  0.000000e+00  0.000000e+00  0.000000e+00  0.000000e+00  0.000000e+00  0.000000e+00  0.000000e+00  0.000000e+00  0.000000e+00  0.000000e+00  0.000000e+00  0.000000e+00  0.000000e+00  0.000000e+00  0.000000e+00  0.000000e+00  0.000000e+00  0.000000e+00  0.000000e+00  0.000000e+00  0.000000e+00  0.000000e+00  0.000000e+00  0.000000e+00  0.000000e+00  0.000000e+00  0.000000e+00  0.000000e+00  0.000000e+00  0.000000e+00  0.000000e+00  0.000000e+00  0.000000e+00  0.000000e+00  0.000000e+00  0.000000e+00  0.000000e+00  0.000000e+00  0.000000e+00  0.000000e+00  0.000000e+00  0.000000e+00  0.000000e+00  0.000000e+00  0.000000e+00  0.000000e+00  0.000000e+00  0.000000e+00  0.000000e+00  0.000000e+00  0.000000e+00  0.000000e+00  0.000000e+00  0.000000e+00  0.000000e+00  0.000000e+00  0.000000e+00  0.000000e+00  0.000000e+00  0.000000e+00  0.000000e+00  0.000000e+00  0.000000e+00  0.000000e+00  0.000000e+00  0.000000e+00  0.000000e+00  0.000000e+00  0.000000e+00  0.000000e+00  0.000000e+00  0.000000e+00  0.000000e+00  0.000000e+00  0.000000e+00  0.000000e+00  0.000000e+00  0.000000e+00  0.000000e+00  0.000000e+00  0.000000e+00  0.000000e+00  0.000000e+00  0.000000e+00  0.000000e+00  0.000000e+00  0.000000e+00  0.000000e+00  0.000000e+00  0.000000e+00  0.000000e+00  0.000000e+00  0.000000e+00  0.000000e+00  0.000000e+00  0.000000e+00  0.000000e+00  0.000000e+00  0.000000e+00  0.000000e+00  0.000000e+00  0.000000e+00  0.000000e+00  0.000000e+00  0.000000e+00  0.000000e+00  0.000000e+00  0.000000e+00  0.000000e+00  0.000000e+00  0.000000e+00  0.000000e+00  0.000000e+00  0.000000e+00  0.000000e+00  0.000000e+00  0.000000e+00  0.000000e+00  0.000000e+00  0.000000e+00  0.000000e+00  0.000000e+00  0.000000e+00  0.000000e+00  0.000000e+00  0.000000e+00  0.000000e+00  0.000000e+00  0.000000e+00  0.000000e+00  0.000000e+00  0.000000e+00  0.000000e+00  0.000000e+00  0.000000e+00  0.000000e+00  0.000000e+00  0.000000e+00  0.000000e+00  0.000000e+00  0.000000e+00  0.000000e+00  0.000000e+00  0.000000e+00  0.000000e+00  0.000000e+00  0.000000e+00  0.000000e+00  0.000000e+00  0.000000e+00  0.000000e+00  0.000000e+00  0.000000e+00  0.000000e+00  0.000000e+00  0.000000e+00  0.000000e+00  0.000000e+00  0.000000e+00  0.000000e+00  0.000000e+00  0.000000e+00  0.000000e+00  0.000000e+00  0.000000e+00  0.000000e+00  0.000000e+00  0.000000e+00  0.000000e+00  0.000000e+00  0.000000e+00  0.000000e+00  0.000000e+00  0.000000e+00  0.000000e+00  0.000000e+00  0.000000e+00  0.000000e+00  0.000000e+00  0.000000e+00  0.000000e+00  0.000000e+00  0.000000e+00  0.000000e+00  0.000000e+00  0.000000e+00  0.000000e+00  0.000000e+00  0.000000e+00  0.000000e+00  0.000000e+00  0.000000e+00  0.000000e+00  0.000000e+00  0.000000e+00  0.000000e+00  0.000000e+00  0.000000e+00  0.000000e+00  0.000000e+00  0.000000e+00  0.000000e+00  0.000000e+00  0.000000e+00  0.000000e+00  0.000000e+00  0.000000e+00  0.000000e+00  0.000000e+00  0.000000e+00  0.000000e+00  0.000000e+00  0.000000e+00  0.000000e+00  0.000000e+00  0.000000e+00  0.000000e+00  0.000000e+00  0.000000e+00  0.000000e+00  0.000000e+00  0.000000e+00  0.000000e+00  0.000000e+00  0.000000e+00  0.000000e+00  0.000000e+00  0.000000e+00  0.000000e+00  0.000000e+00  0.000000e+00  0.000000e+00  0.000000e+00  0.000000e+00  0.000000e+00  0.000000e+00  0.000000e+00  0.000000e+00  0.000000e+00  0.000000e+00  0.000000e+00  0.000000e+00  0.000000e+00  0.000000e+00  0.000000e+00  0.000000e+00  1.819805e-26  6.889786e-27  4.289787e-26  1.316382e-26  6.265778e-26  1.654394e-25  2.281196e-25  3.435247e-25  3.612394e-25  3.610305e-25  3.048949e-25  1.926954e-25  1.301053e-25  2.464915e-26  7.707352e-26  1.638758e-25  7.295207e-26  6.378358e-26  7.106771e-27  1.935889e-26  9.470636e-27  9.666160e-27  1.482872e-26  5.534398e-27  0.000000e+00  0.000000e+00  0.000000e+00  0.000000e+00  0.000000e+00  0.000000e+00  0.000000e+00  0.000000e+00  0.000000e+00  0.000000e+00  3.114316e-27  6.352981e-27  5.159334e-27  7.930317e-27  9.671096e-27  9.318070e-27  1.018360e-26  9.863489e-27  1.465616e-26  2.173598e-26  2.394915e-26  2.201040e-26  2.692749e-26  3.097181e-26  1.103622e-28  0.000000e+00  0.000000e+00  0.000000e+00  0.000000e+00  0.000000e+00  0.000000e+00  0.000000e+00  0.000000e+00  0.000000e+00  0.000000e+00  0.000000e+00  0.000000e+00  0.000000e+00  1.119304e-26  2.014124e-26  2.108546e-26  3.537844e-26  8.885149e-26  2.355580e-26  2.416352e-26  2.145981e-26  4.451149e-27  4.209663e-26  2.382611e-26  1.282365e-26  1.969665e-26  4.578646e-26  3.127804e-26  2.219742e-26  1.907102e-26  3.495832e-26  5.015175e-26  5.718363e-26  4.563090e-26  2.306207e-26  3.501380e-26  4.564115e-26  4.965237e-26  3.377384e-26  3.320923e-26  1.361148e-26  6.589023e-30  1.763814e-26  8.595075e-27  8.997226e-27  0.000000e+00  0.000000e+00  0.000000e+00  0.000000e+00  0.000000e+00  0.000000e+00  0.000000e+00  0.000000e+00  0.000000e+00  0.000000e+00  0.000000e+00  0.000000e+00  0.000000e+00  0.000000e+00  0.000000e+00  0.000000e+00  0.000000e+00  0.000000e+00  0.000000e+00  0.000000e+00  0.000000e+00  0.000000e+00  8.100496e-27  2.908537e-26  1.007943e-25  1.475676e-25  2.179161e-25  2.402695e-25  1.517114e-25  2.136042e-25  4.268986e-25  4.590653e-26  1.197606e-25  1.210315e-25  7.332463e-26  5.598812e-26  2.390485e-26  1.082075e-29  0.000000e+00  2.152710e-26  7.490864e-26  1.746205e-25  1.763971e-25  1.387826e-25  2.000462e-25  5.190485e-25  8.293509e-25  1.004284e-24  1.161220e-24  1.532732e-24  1.713538e-24  1.439668e-24  1.480602e-24  1.434453e-24  1.376137e-24  1.267446e-24  1.036299e-24  8.680848e-25  7.722702e-25  7.173002e-25  4.977419e-25  4.564775e-25  3.356778e-25  4.054264e-25  4.600609e-25  5.114633e-25  5.171186e-25  8.216656e-25  2.223920e-24  2.708063e-24  6.541921e-24  8.616507e-24  1.030097e-23  6.067038e-24  5.702269e-24  1.113740e-23  8.542491e-24  5.960096e-24  6.933396e-24  5.286653e-24  4.660872e-24  4.227594e-24  4.868301e-24  4.994732e-24  4.798716e-24  3.258363e-24  2.912846e-24  3.784230e-24  3.131533e-24  2.393374e-24  1.835259e-24  1.396844e-24  1.177274e-24  9.620844e-25  6.367972e-25  5.448464e-25  3.482088e-25  2.816390e-25  2.191653e-25  2.596834e-25  2.350036e-25  2.403957e-25  1.914487e-25  1.947859e-25  1.654590e-25  1.001677e-25  6.114795e-26  4.761859e-26  5.274057e-26  8.564414e-27  3.622632e-26  7.468373e-27  9.924213e-27  6.602408e-27  4.285280e-27  0.000000e+00  0.000000e+00  0.000000e+00  0.000000e+00  0.000000e+00  0.000000e+00  0.000000e+00  0.000000e+00  0.000000e+00  0.000000e+00  0.000000e+00  0.000000e+00  0.000000e+00  0.000000e+00  0.000000e+00  0.000000e+00  0.000000e+00  0.000000e+00  0.000000e+00  0.000000e+00  0.000000e+00  0.000000e+00  0.000000e+00  0.000000e+00  0.000000e+00  0.000000e+00  0.000000e+00  0.000000e+00  0.000000e+00  0.000000e+00  0.000000e+00  1.182090e-26  5.804510e-26  1.692910e-25  3.430091e-25  4.542156e-25  6.401678e-25  7.755589e-25  6.726784e-25  8.479196e-25  7.482346e-25  6.105747e-25  9.371171e-25  1.203217e-24  3.114468e-24  1.194449e-24  1.186935e-24  1.143786e-24  1.157177e-24  1.281797e-24  1.452386e-24  1.715826e-24  1.684364e-24  1.862342e-24  2.004266e-24  1.954757e-24  2.379084e-24  1.740700e-24  1.860031e-24  1.645882e-24  1.901019e-24  3.388670e-24  4.464147e-24  2.802536e-24  3.017054e-24  2.742508e-24  2.556048e-24  1.965964e-24  3.204077e-24  3.281880e-24  2.783774e-24  2.423694e-24  3.629578e-24  2.569628e-24  2.626249e-24  2.807479e-24  2.606862e-24  2.462690e-24  2.689752e-24  2.401429e-24  2.731594e-24  2.196058e-24  2.267599e-24  2.557847e-24  2.469448e-24  2.890504e-24  2.538686e-24  2.258229e-24  2.366879e-24  1.803893e-24  2.026539e-24  1.918816e-24  1.490372e-24  1.461037e-24  1.738093e-24  1.249295e-24  1.233268e-24  1.075193e-24  9.913756e-25  8.844206e-25  9.695789e-25  7.786150e-25  6.298095e-25  6.563463e-25  4.603850e-25  4.726142e-25  3.147570e-25  3.590848e-25  2.632159e-25  2.585454e-25  1.845024e-25  1.669570e-25  1.659548e-25  1.112994e-25  4.345623e-26  1.367750e-25  9.924576e-26  4.634804e-26  6.759808e-26  6.597347e-26  2.309427e-26  2.479726e-26  2.151730e-26  2.806657e-26  0.000000e+00  0.000000e+00  0.000000e+00  0.000000e+00  0.000000e+00  0.000000e+00  0.000000e+00  0.000000e+00  0.000000e+00  0.000000e+00  0.000000e+00  0.000000e+00  0.000000e+00  0.000000e+00  0.000000e+00  0.000000e+00  0.000000e+00  0.000000e+00  0.000000e+00  0.000000e+00  0.000000e+00  0.000000e+00  0.000000e+00  0.000000e+00  0.000000e+00  0.000000e+00  0.000000e+00  0.000000e+00  0.000000e+00  0.000000e+00  0.000000e+00  0.000000e+00  0.000000e+00  0.000000e+00  0.000000e+00  0.000000e+00  6.825109e-26  6.586302e-26  1.672762e-25  2.539284e-25  5.599680e-25  5.011259e-25  6.306916e-25  1.066767e-24  1.072914e-24  1.675468e-24  3.526614e-25  1.140348e-24  1.234435e-24  1.129780e-24
0.000000e+00  0.000000e+00  0.000000e+00  0.000000e+00  0.000000e+00  0.000000e+00  0.000000e+00  0.000000e+00  0.000000e+00  0.000000e+00  0.000000e+00  0.000000e+00  0.000000e+00  0.000000e+00  0.000000e+00  0.000000e+00  0.000000e+00  0.000000e+00  0.000000e+00  0.000000e+00  0.000000e+00  0.000000e+00  0.000000e+00  0.000000e+00  0.000000e+00  0.000000e+00  0.000000e+00  0.000000e+00  0.000000e+00  0.000000e+00  0.000000e+00  0.000000e+00  0.000000e+00  0.000000e+00  0.000000e+00  0.000000e+00  0.000000e+00  0.000000e+00  0.000000e+00  0.000000e+00  0.000000e+00  0.000000e+00  0.000000e+00  0.000000e+00  0.000000e+00  0.000000e+00  0.000000e+00  0.000000e+00  0.000000e+00  0.000000e+00  0.000000e+00  0.000000e+00  0.000000e+00  0.000000e+00  0.000000e+00  0.000000e+00  0.000000e+00  0.000000e+00  0.000000e+00  0.000000e+00  0.000000e+00  0.000000e+00  0.000000e+00  0.000000e+00  0.000000e+00  0.000000e+00  0.000000e+00  0.000000e+00  0.000000e+00  0.000000e+00  0.000000e+00  0.000000e+00  0.000000e+00  0.000000e+00  0.000000e+00  0.000000e+00  0.000000e+00  0.000000e+00  0.000000e+00  0.000000e+00  0.000000e+00  0.000000e+00  0.000000e+00  0.000000e+00  0.000000e+00  0.000000e+00  0.000000e+00  0.000000e+00  0.000000e+00  0.000000e+00  0.000000e+00  0.000000e+00  0.000000e+00  0.000000e+00  0.000000e+00  0.000000e+00  0.000000e+00  0.000000e+00  0.000000e+00  0.000000e+00  0.000000e+00  0.000000e+00  0.000000e+00  0.000000e+00  0.000000e+00  0.000000e+00  0.000000e+00  0.000000e+00  0.000000e+00  0.000000e+00  0.000000e+00  0.000000e+00  0.000000e+00  0.000000e+00  0.000000e+00  0.000000e+00  0.000000e+00  0.000000e+00  0.000000e+00  0.000000e+00  0.000000e+00  0.000000e+00  0.000000e+00  0.000000e+00  0.000000e+00  0.000000e+00  0.000000e+00  0.000000e+00  0.000000e+00  0.000000e+00  0.000000e+00  0.000000e+00  0.000000e+00  0.000000e+00  0.000000e+00  0.000000e+00  0.000000e+00  0.000000e+00  0.000000e+00  0.000000e+00  0.000000e+00  0.000000e+00  0.000000e+00  0.000000e+00  0.000000e+00  0.000000e+00  0.000000e+00  0.000000e+00  0.000000e+00  0.000000e+00  0.000000e+00  0.000000e+00  0.000000e+00  0.000000e+00  0.000000e+00  0.000000e+00  0.000000e+00  0.000000e+00  0.000000e+00  0.000000e+00  0.000000e+00  0.000000e+00  0.000000e+00  0.000000e+00  0.000000e+00  0.000000e+00  0.000000e+00  0.000000e+00  0.000000e+00  0.000000e+00  0.000000e+00  0.000000e+00  0.000000e+00  0.000000e+00  0.000000e+00  0.000000e+00  0.000000e+00  0.000000e+00  0.000000e+00  0.000000e+00  0.000000e+00  0.000000e+00  0.000000e+00  0.000000e+00  0.000000e+00  0.000000e+00  0.000000e+00  0.000000e+00  0.000000e+00  0.000000e+00  0.000000e+00  0.000000e+00  0.000000e+00  0.000000e+00  0.000000e+00  0.000000e+00  0.000000e+00  0.000000e+00  0.000000e+00  0.000000e+00  0.000000e+00  0.000000e+00  0.000000e+00  0.000000e+00  0.000000e+00  0.000000e+00  0.000000e+00  0.000000e+00  0.000000e+00  0.000000e+00  0.000000e+00  0.000000e+00  0.000000e+00  0.000000e+00  0.000000e+00  0.000000e+00  0.000000e+00  0.000000e+00  0.000000e+00  0.000000e+00  0.000000e+00  0.000000e+00  0.000000e+00  0.000000e+00  0.000000e+00  0.000000e+00  0.000000e+00  0.000000e+00  0.000000e+00  0.000000e+00  0.000000e+00  0.000000e+00  0.000000e+00  0.000000e+00  0.000000e+00  0.000000e+00  0.000000e+00  0.000000e+00  0.000000e+00  0.000000e+00  0.000000e+00  0.000000e+00  0.000000e+00  0.000000e+00  0.000000e+00  0.000000e+00  0.000000e+00  0.000000e+00  0.000000e+00  0.000000e+00  0.000000e+00  0.000000e+00  0.000000e+00  0.000000e+00  0.000000e+00  0.000000e+00  0.000000e+00  0.000000e+00  0.000000e+00  0.000000e+00  0.000000e+00  0.000000e+00  0.000000e+00  0.000000e+00  0.000000e+00  0.000000e+00  0.000000e+00  0.000000e+00  0.000000e+00  0.000000e+00  0.000000e+00  0.000000e+00  0.000000e+00  0.000000e+00  0.000000e+00  0.000000e+00  0.000000e+00  0.000000e+00  0.000000e+00  0.000000e+00  0.000000e+00  0.000000e+00  0.000000e+00  0.000000e+00  0.000000e+00  0.000000e+00  0.000000e+00  0.000000e+00  0.000000e+00  0.000000e+00  0.000000e+00  0.000000e+00  0.000000e+00  0.000000e+00  0.000000e+00  0.000000e+00  0.000000e+00  0.000000e+00  0.000000e+00  0.000000e+00  0.000000e+00  0.000000e+00  0.000000e+00  0.000000e+00  0.000000e+00  0.000000e+00  0.000000e+00  0.000000e+00  0.000000e+00  0.000000e+00  0.000000e+00  0.000000e+00  0.000000e+00  0.000000e+00  0.000000e+00  0.000000e+00  0.000000e+00  0.000000e+00  0.000000e+00  0.000000e+00  0.000000e+00  0.000000e+00  0.000000e+00  0.000000e+00  0.000000e+00  0.000000e+00  0.000000e+00  0.000000e+00  0.000000e+00  0.000000e+00  0.000000e+00  0.000000e+00  0.000000e+00  0.000000e+00  0.000000e+00  0.000000e+00  0.000000e+00  0.000000e+00  0.000000e+00  0.000000e+00  0.000000e+00  0.000000e+00  0.000000e+00  0.000000e+00  0.000000e+00  0.000000e+00  0.000000e+00  0.000000e+00  0.000000e+00  0.000000e+00  0.000000e+00  0.000000e+00  0.000000e+00  0.000000e+00  0.000000e+00  0.000000e+00  0.000000e+00  0.000000e+00  0.000000e+00  0.000000e+00  0.000000e+00  0.000000e+00  0.000000e+00  0.000000e+00  0.000000e+00  0.000000e+00  0.000000e+00  0.000000e+00  0.000000e+00  0.000000e+00  0.000000e+00  0.000000e+00  0.000000e+00  0.000000e+00  0.000000e+00  0.000000e+00  0.000000e+00  0.000000e+00  0.000000e+00  0.000000e+00  0.000000e+00  0.000000e+00  0.000000e+00  0.000000e+00  0.000000e+00  0.000000e+00  0.000000e+00  0.000000e+00  1.856416e-26  7.033454e-27  4.379033e-26  1.344262e-26  6.394843e-26  1.688794e-25  2.328505e-25  3.508437e-25  3.687958e-25  3.685079e-25  3.112152e-25  1.967490e-25  1.326929e-25  2.514831e-26  7.875604e-26  1.672443e-25  7.442468e-26  6.508767e-26  7.245721e-27  1.974984e-26  9.673672e-27  9.858023e-27  1.513202e-26  5.659526e-27  0.000000e+00  0.000000e+00  0.000000e+00  0.000000e+00  0.000000e+00  0.000000e+00  0.000000e+00  0.000000e+00  0.000000e+00  0.000000e+00  3.180427e-27  6.483959e-27  5.266507e-27  8.095175e-27  9.876023e-27  9.508957e-27  1.039620e-26  1.007239e-26  1.496106e-26  2.219002e-26  2.445111e-26  2.247346e-26  2.748193e-26  3.161870e-26  1.105637e-28  0.000000e+00  0.000000e+00  0.000000e+00  0.000000e+00  0.000000e+00  0.000000e+00  0.000000e+00  0.000000e+00  0.000000e+00  0.000000e+00  0.000000e+00  0.000000e+00  0.000000e+00  1.143385e-26  2.056077e-26  2.152166e-26  3.615326e-26  9.070011e-26  2.410403e-26  2.463120e-26  2.191480e-26  4.529066e-27  4.296382e-26  2.432392e-26  1.313556e-26  2.009194e-26  4.676257e-26  3.191164e-26  2.262245e-26  1.950186e-26  3.566397e-26  5.116228e-26  5.838727e-26  4.661622e-26  2.351322e-26  3.571866e-26  4.655436e-26  5.066396e-26  3.445083e-26  3.395037e-26  1.390023e-26  4.168449e-30  1.800138e-26  8.762205e-27  9.188824e-27  0.000000e+00  0.000000e+00  0.000000e+00  0.000000e+00  0.000000e+00  0.000000e+00  0.000000e+00  0.000000e+00  0.000000e+00  0.000000e+00  0.000000e+00  0.000000e+00  0.000000e+00  0.000000e+00  0.000000e+00  0.000000e+00  0.000000e+00  0.000000e+00  0.000000e+00  0.000000e+00  0.000000e+00  0.000000e+00  8.227125e-27  2.968161e-26  1.029572e-25  1.506241e-25  2.223737e-25  2.453393e-25  1.548546e-25  2.179888e-25  4.357098e-25  4.685908e-26  1.221244e-25  1.236274e-25  7.474923e-26  5.717586e-26  2.439552e-26  7.872348e-30  0.000000e+00  2.196790e-26  7.651134e-26  1.781859e-25  1.800687e-25  1.415975e-25  2.041453e-25  5.297819e-25  8.466960e-25  1.025153e-24  1.185090e-24  1.564072e-24  1.749427e-24  1.470197e-24  1.511991e-24  1.464555e-24  1.405144e-24  1.293543e-24  1.057635e-24  8.863273e-25  7.772984e-25  7.218799e-25  5.001065e-25  4.581731e-25  3.384209e-25  4.074791e-25  4.629960e-25  5.142172e-25  5.203760e-25  8.204837e-25  2.216639e-24  2.713110e-24  6.568127e-24  8.694069e-24  1.044043e-23  6.168231e-24  5.763959e-24  1.126138e-23  8.610033e-24  6.016468e-24  7.014050e-24  5.350382e-24  4.700317e-24  4.261331e-24  4.917126e-24  5.040144e-24  4.851360e-24  3.297042e-24  2.949532e-24  3.836096e-24  3.158281e-24  2.409343e-24  1.854220e-24  1.410566e-24  1.184760e-24  9.673199e-25  6.404261e-25  5.470761e-25  3.498314e-25  2.834749e-25  2.206272e-25  2.615133e-25  2.376398e-25  2.434766e-25  1.937755e-25  1.965788e-25  1.689381e-25  1.022157e-25  6.239052e-26  4.863341e-26  5.375473e-26  8.744277e-27  3.692785e-26  7.625807e-27  1.013700e-26  6.765313e-27  4.374608e-27  0.000000e+00  0.000000e+00  0.000000e+00  0.000000e+00  0.000000e+00  0.000000e+00  0.000000e+00  0.000000e+00  0.000000e+00  0.000000e+00  0.000000e+00  0.000000e+00  0.000000e+00  0.000000e+00  0.000000e+00  0.000000e+00  0.000000e+00  0.000000e+00  0.000000e+00  0.000000e+00  0.000000e+00  0.000000e+00  0.000000e+00  0.000000e+00  0.000000e+00  0.000000e+00  0.000000e+00  0.000000e+00  0.000000e+00  0.000000e+00  0.000000e+00  1.171452e-26  5.752178e-26  1.681814e-25  3.402115e-25  4.517747e-25  6.361950e-25  7.700186e-25  6.679436e-25  8.415443e-25  7.434993e-25  6.058395e-25  9.303293e-25  1.194780e-24  3.091153e-24  1.185346e-24  1.177965e-24  1.135290e-24  1.149446e-24  1.272700e-24  1.443064e-24  1.703190e-24  1.672598e-24  1.850992e-24  1.990118e-24  1.941480e-24  2.363550e-24  1.727218e-24  1.848455e-24  1.634804e-24  1.888540e-24  3.370374e-24  4.434578e-24  2.785476e-24  2.996887e-24  2.721563e-24  2.539167e-24  1.953334e-24  3.184390e-24  3.258434e-24  2.763801e-24  2.408264e-24  3.604353e-24  2.552837e-24  2.610078e-24  2.788853e-24  2.588754e-24  2.444503e-24  2.667985e-24  2.384048e-24  2.712679e-24  2.179062e-24  2.251556e-24  2.541065e-24  2.452886e-24  2.869550e-24  2.520150e-24  2.240941e-24  2.351116e-24  1.791511e-24  2.012905e-24  1.904628e-24  1.481199e-24  1.452891e-24  1.726866e-24  1.239884e-24  1.225501e-24  1.067240e-24  9.841457e-25  8.776543e-25  9.626149e-25  7.728385e-25  6.253378e-25  6.519334e-25  4.576184e-25  4.694750e-25  3.127149e-25  3.563272e-25  2.613833e-25  2.563488e-25  1.830934e-25  1.662223e-25  1.648078e-25  1.102770e-25  4.314786e-26  1.360422e-25  9.830372e-26  4.614370e-26  6.710741e-26  6.535668e-26  2.292018e-26  2.462889e-26  2.126198e-26  2.789222e-26  0.000000e+00  0.000000e+00  0.000000e+00  0.000000e+00  0.000000e+00  0.000000e+00  0.000000e+00  0.000000e+00  0.000000e+00  0.000000e+00  0.000000e+00  0.000000e+00  0.000000e+00  0.000000e+00  0.000000e+00  0.000000e+00  0.000000e+00  0.000000e+00  0.000000e+00  0.000000e+00  0.000000e+00  0.000000e+00  0.000000e+00  0.000000e+00  0.000000e+00  0.000000e+00  0.000000e+00  0.000000e+00  0.000000e+00  0.000000e+00  0.000000e+00  0.000000e+00  0.000000e+00  0.000000e+00  0.000000e+00  0.000000e+00  6.788165e-26  6.549742e-26  1.660712e-25  2.514473e-25  5.523722e-25  4.954363e-25  6.218325e-25  1.059853e-24  1.068035e-24  1.680693e-24  3.532933e-25  1.148707e-24  1.249191e-24  1.147686e-24
0.000000e+00  0.000000e+00  0.000000e+00  0.000000e+00  0.000000e+00  0.000000e+00  0.000000e+00  0.000000e+00  0.000000e+00  0.000000e+00  0.000000e+00  0.000000e+00  0.000000e+00  0.000000e+00  0.000000e+00  0.000000e+00  0.000000e+00  0.000000e+00  0.000000e+00  0.000000e+00  0.000000e+00  0.000000e+00  0.000000e+00  0.000000e+00  0.000000e+00  0.000000e+00  0.000000e+00  0.000000e+00  0.000000e+00  0.000000e+00  0.000000e+00  0.000000e+00  0.000000e+00  0.000000e+00  0.000000e+00  0.000000e+00  0.000000e+00  0.000000e+00  0.000000e+00  0.000000e+00  0.000000e+00  0.000000e+00  0.000000e+00  0.000000e+00  0.000000e+00  0.000000e+00  0.000000e+00  0.000000e+00  0.000000e+00  0.000000e+00  0.000000e+00  0.000000e+00  0.000000e+00  0.000000e+00  0.000000e+00  0.000000e+00  0.000000e+00  0.000000e+00  0.000000e+00  0.000000e+00  0.000000e+00  0.000000e+00  0.000000e+00  0.000000e+00  0.000000e+00  0.000000e+00  0.000000e+00  0.000000e+00  0.000000e+00  0.000000e+00  0.000000e+00  0.000000e+00  0.000000e+00  0.000000e+00  0.000000e+00  0.000000e+00  0.000000e+00  0.000000e+00  0.000000e+00  0.000000e+00  0.000000e+00  0.000000e+00  0.000000e+00  0.000000e+00  0.000000e+00  0.000000e+00  0.000000e+00  0.000000e+00  0.000000e+00  0.000000e+00  0.000000e+00  0.000000e+00  0.000000e+00  0.000000e+00  0.000000e+00  0.000000e+00  0.000000e+00  0.000000e+00  0.000000e+00  0.000000e+00  0.000000e+00  0.000000e+00  0.000000e+00  0.000000e+00  0.000000e+00  0.000000e+00  0.000000e+00  0.000000e+00  0.000000e+00  0.000000e+00  0.000000e+00  0.000000e+00  0.000000e+00  0.000000e+00  0.000000e+00  0.000000e+00  0.000000e+00  0.000000e+00  0.000000e+00  0.000000e+00  0.000000e+00  0.000000e+00  0.000000e+00  0.000000e+00  0.000000e+00  0.000000e+00  0.000000e+00  0.000000e+00  0.000000e+00  0.000000e+00  0.000000e+00  0.000000e+00  0.000000e+00  0.000000e+00  0.000000e+00  0.000000e+00  0.000000e+00  0.000000e+00  0.000000e+00  0.000000e+00  0.000000e+00  0.000000e+00  0.000000e+00  0.000000e+00  0.000000e+00  0.000000e+00  0.000000e+00  0.000000e+00  0.000000e+00  0.000000e+00  0.000000e+00  0.000000e+00  0.000000e+00  0.000000e+00  0.000000e+00  0.000000e+00  0.000000e+00  0.000000e+00  0.000000e+00  0.000000e+00  0.000000e+00  0.000000e+00  0.000000e+00  0.000000e+00  0.000000e+00  0.000000e+00  0.000000e+00  0.000000e+00  0.000000e+00  0.000000e+00  0.000000e+00  0.000000e+00  0.000000e+00  0.000000e+00  0.000000e+00  0.000000e+00  0.000000e+00  0.000000e+00  0.000000e+00  0.000000e+00  0.000000e+00  0.000000e+00  0.000000e+00  0.000000e+00  0.000000e+00  0.000000e+00  0.000000e+00  0.000000e+00  0.000000e+00  0.000000e+00  0.000000e+00  0.000000e+00  0.000000e+00  0.000000e+00  0.000000e+00  0.000000e+00  0.000000e+00  0.000000e+00  0.000000e+00  0.000000e+00  0.000000e+00  0.000000e+00  0.000000e+00  0.000000e+00  0.000000e+00  0.000000e+00  0.000000e+00  0.000000e+00  0.000000e+00  0.000000e+00  0.000000e+00  0.000000e+00  0.000000e+00  0.000000e+00  0.000000e+00  0.000000e+00  0.000000e+00  0.000000e+00  0.000000e+00  0.000000e+00  0.000000e+00  0.000000e+00  0.000000e+00  0.000000e+00  0.000000e+00  0.000000e+00  0.000000e+00  0.000000e+00  0.000000e+00  0.000000e+00  0.000000e+00  0.000000e+00  0.000000e+00  0.000000e+00  0.000000e+00  0.000000e+00  0.000000e+00  0.000000e+00  0.000000e+00  0.000000e+00  0.000000e+00  0.000000e+00  0.000000e+00  0.000000e+00  0.000000e+00  0.000000e+00  0.000000e+00  0.000000e+00  0.000000e+00  0.000000e+00  0.000000e+00  0.000000e+00  0.000000e+00  0.000000e+00  0.000000e+00  0.000000e+00  0.000000e+00  0.000000e+00  0.000000e+00  0.000000e+00  0.000000e+00  0.000000e+00  0.000000e+00  0.000000e+00  0.000000e+00  0.000000e+00  0.000000e+00  0.000000e+00  0.000000e+00  0.000000e+00  0.000000e+00  0.000000e+00  0.000000e+00  0.000000e+00  0.000000e+00  0.000000e+00  0.000000e+00  0.000000e+00  0.000000e+00  0.000000e+00  0.000000e+00  0.000000e+00  0.000000e+00  0.000000e+00  0.000000e+00  0.000000e+00  0.000000e+00  0.000000e+00  0.000000e+00  0.000000e+00  0.000000e+00  0.000000e+00  0.000000e+00  0.000000e+00  0.000000e+00  0.000000e+00  0.000000e+00  0.000000e+00  0.000000e+00  0.000000e+00  0.000000e+00  0.000000e+00  0.000000e+00  0.000000e+00  0.000000e+00  0.000000e+00  0.000000e+00  0.000000e+00  0.000000e+00  0.000000e+00  0.000000e+00  0.000000e+00  0.000000e+00  0.000000e+00  0.000000e+00  0.000000e+00  0.000000e+00  0.000000e+00  0.000000e+00  0.000000e+00  0.000000e+00  0.000000e+00  0.000000e+00  0.000000e+00  0.000000e+00  0.000000e+00  0.000000e+00  0.000000e+00  0.000000e+00  0.000000e+00  0.000000e+00  0.000000e+00  0.000000e+00  0.000000e+00  0.000000e+00  0.000000e+00  0.000000e+00  0.000000e+00  0.000000e+00  0.000000e+00  0.000000e+00  0.000000e+00  0.000000e+00  0.000000e+00  0.000000e+00  0.000000e+00  0.000000e+00  0.000000e+00  0.000000e+00  0.000000e+00  0.000000e+00  0.000000e+00  0.000000e+00  0.000000e+00  0.000000e+00  0.000000e+00  0.000000e+00  0.000000e+00  0.000000e+00  0.000000e+00  0.000000e+00  0.000000e+00  0.000000e+00  0.000000e+00  0.000000e+00  0.000000e+00  0.000000e+00  0.000000e+00  0.000000e+00  0.000000e+00  0.000000e+00  0.000000e+00  0.000000e+00  0.000000e+00  0.000000e+00  0.000000e+00  0.000000e+00  0.000000e+00  0.000000e+00  0.000000e+00  0.000000e+00  0.000000e+00  0.000000e+00  0.000000e+00  0.000000e+00  0.000000e+00  0.000000e+00  0.000000e+00  1.931929e-26  7.340440e-27  4.566699e-26  1.403530e-26  6.667255e-26  1.761219e-25  2.428304e-25  3.663881e-25  3.847179e-25  3.842213e-25  3.245434e-25  2.052244e-25  1.381656e-25  2.618436e-26  8.239264e-26  1.742658e-25  7.749160e-26  6.782814e-26  7.532169e-27  2.057289e-26  1.009571e-26  1.025754e-26  1.577124e-26  5.923580e-27  0.000000e+00  0.000000e+00  0.000000e+00  0.000000e+00  0.000000e+00  0.000000e+00  0.000000e+00  0.000000e+00  0.000000e+00  0.000000e+00  3.319841e-27  6.758343e-27  5.493215e-27  8.441778e-27  1.030906e-26  9.908262e-27  1.084521e-26  1.051426e-26  1.560256e-26  2.315079e-26  2.551437e-26  2.345218e-26  2.865002e-26  3.298147e-26  1.109076e-28  0.000000e+00  0.000000e+00  0.000000e+00  0.000000e+00  0.000000e+00  0.000000e+00  0.000000e+00  0.000000e+00  0.000000e+00  0.000000e+00  0.000000e+00  0.000000e+00  0.000000e+00  1.194439e-26  2.145136e-26  2.243826e-26  3.780280e-26  9.461342e-26  2.528606e-26  2.561050e-26  2.286776e-26  4.694452e-27  4.478740e-26  2.538193e-26  1.380155e-26  2.091631e-26  4.882814e-26  3.322528e-26  2.349343e-26  2.041146e-26  3.716608e-26  5.329257e-26  6.089183e-26  4.873485e-26  2.446268e-26  3.719234e-26  4.847243e-26  5.277027e-26  3.586206e-26  3.552268e-26  1.450838e-26  0.000000e+00  1.875699e-26  9.107676e-27  9.592132e-27  0.000000e+00  0.000000e+00  0.000000e+00  0.000000e+00  0.000000e+00  0.000000e+00  0.000000e+00  0.000000e+00  0.000000e+00  0.000000e+00  0.000000e+00  0.000000e+00  0.000000e+00  0.000000e+00  0.000000e+00  0.000000e+00  0.000000e+00  0.000000e+00  0.000000e+00  0.000000e+00  0.000000e+00  0.000000e+00  8.483368e-27  3.090940e-26  1.075430e-25  1.569965e-25  2.317592e-25  2.560542e-25  1.614349e-25  2.272659e-25  4.542274e-25  4.887915e-26  1.270024e-25  1.291236e-25  7.770122e-26  5.966518e-26  2.544779e-26  2.647145e-30  0.000000e+00  2.288316e-26  7.989232e-26  1.856786e-25  1.877575e-25  1.475068e-25  2.127868e-25  5.521972e-25  8.831891e-25  1.069012e-24  1.235169e-24  1.629942e-24  1.825078e-24  1.534777e-24  1.578543e-24  1.527984e-24  1.466380e-24  1.348237e-24  1.102468e-24  9.253380e-25  7.872793e-25  7.310438e-25  5.048448e-25  4.615360e-25  3.439928e-25  4.114810e-25  4.689224e-25  5.196087e-25  5.270645e-25  8.175711e-25  2.200492e-24  2.722620e-24  6.617835e-24  8.849137e-24  1.072781e-23  6.382470e-24  5.887512e-24  1.151384e-23  8.748229e-24  6.131263e-24  7.177953e-24  5.481994e-24  4.780093e-24  4.327444e-24  5.017045e-24  5.131803e-24  4.958685e-24  3.376976e-24  3.025945e-24  3.943221e-24  3.212156e-24  2.441599e-24  1.892739e-24  1.438751e-24  1.200098e-24  9.775460e-25  6.476228e-25  5.513009e-25  3.529973e-25  2.871014e-25  2.235782e-25  2.652005e-25  2.431281e-25  2.498836e-25  1.986985e-25  2.003921e-25  1.763155e-25  1.064485e-25  6.499074e-26  5.076599e-26  5.582026e-26  9.128738e-27  3.836495e-26  7.958824e-27  1.060142e-26  7.123463e-27  4.557110e-27  0.000000e+00  0.000000e+00  0.000000e+00  0.000000e+00  0.000000e+00  0.000000e+00  0.000000e+00  0.000000e+00  0.000000e+00  0.000000e+00  0.000000e+00  0.000000e+00  0.000000e+00  0.000000e+00  0.000000e+00  0.000000e+00  0.000000e+00  0.000000e+00  0.000000e+00  0.000000e+00  0.000000e+00  0.000000e+00  0.000000e+00  0.000000e+00  0.000000e+00  0.000000e+00  0.000000e+00  0.000000e+00  0.000000e+00  0.000000e+00  0.000000e+00  1.145818e-26  5.627660e-26  1.657579e-25  3.339877e-25  4.464737e-25  6.276347e-25  7.579160e-25  6.579177e-25  8.274335e-25  7.332966e-25  5.952150e-25  9.151997e-25  1.176177e-24  3.039973e-24  1.165057e-24  1.157681e-24  1.116677e-24  1.132629e-24  1.252521e-24  1.422396e-24  1.675457e-24  1.646736e-24  1.826325e-24  1.959375e-24  1.912768e-24  2.329898e-24  1.697920e-24  1.823438e-24  1.611001e-24  1.861470e-24  3.330760e-24  4.369290e-24  2.748675e-24  2.952828e-24  2.675909e-24  2.502324e-24  1.926512e-24  3.142271e-24  3.206153e-24  2.720797e-24  2.374899e-24  3.548968e-24  2.516242e-24  2.574901e-24  2.749027e-24  2.548179e-24  2.404100e-24  2.619960e-24  2.346292e-24  2.670365e-24  2.140866e-24  2.216549e-24  2.503842e-24  2.416854e-24  2.823150e-24  2.479135e-24  2.202694e-24  2.316388e-24  1.765008e-24  1.982545e-24  1.873103e-24  1.461633e-24  1.435596e-24  1.701997e-24  1.219317e-24  1.208652e-24  1.049397e-24  9.681877e-25  8.627428e-25  9.469902e-25  7.602843e-25  6.158408e-25  6.424133e-25  4.517361e-25  4.626834e-25  3.082507e-25  3.502421e-25  2.572886e-25  2.514890e-25  1.800239e-25  1.647301e-25  1.622645e-25  1.079518e-25  4.250696e-26  1.345296e-25  9.619820e-26  4.570327e-26  6.598836e-26  6.395737e-26  2.253081e-26  2.424422e-26  2.069877e-26  2.750192e-26  0.000000e+00  0.000000e+00  0.000000e+00  0.000000e+00  0.000000e+00  0.000000e+00  0.000000e+00  0.000000e+00  0.000000e+00  0.000000e+00  0.000000e+00  0.000000e+00  0.000000e+00  0.000000e+00  0.000000e+00  0.000000e+00  0.000000e+00  0.000000e+00  0.000000e+00  0.000000e+00  0.000000e+00  0.000000e+00  0.000000e+00  0.000000e+00  0.000000e+00  0.000000e+00  0.000000e+00  0.000000e+00  0.000000e+00  0.000000e+00  0.000000e+00  0.000000e+00  0.000000e+00  0.000000e+00  0.000000e+00  0.000000e+00  6.705251e-26  6.475384e-26  1.634251e-25  2.460333e-25  5.363463e-25  4.835520e-25  6.031316e-25  1.045390e-24  1.056879e-24  1.688565e-24  3.552575e-25  1.165378e-24  1.280830e-24  1.185512e-24
0.000000e+00  0.000000e+00  0.000000e+00  0.000000e+00  0.000000e+00  0.000000e+00  0.000000e+00  0.000000e+00  0.000000e+00  0.000000e+00  0.000000e+00  0.000000e+00  0.000000e+00  0.000000e+00  0.000000e+00  0.000000e+00  0.000000e+00  0.000000e+00  0.000000e+00  0.000000e+00  0.000000e+00  0.000000e+00  0.000000e+00  0.000000e+00  0.000000e+00  0.000000e+00  0.000000e+00  0.000000e+00  0.000000e+00  0.000000e+00  0.000000e+00  0.000000e+00  0.000000e+00  0.000000e+00  0.000000e+00  0.000000e+00  0.000000e+00  0.000000e+00  0.000000e+00  0.000000e+00  0.000000e+00  0.000000e+00  0.000000e+00  0.000000e+00  0.000000e+00  0.000000e+00  0.000000e+00  0.000000e+00  0.000000e+00  0.000000e+00  0.000000e+00  0.000000e+00  0.000000e+00  0.000000e+00  0.000000e+00  0.000000e+00  0.000000e+00  0.000000e+00  0.000000e+00  0.000000e+00  0.000000e+00  0.000000e+00  0.000000e+00  0.000000e+00  0.000000e+00  0.000000e+00  0.000000e+00  0.000000e+00  0.000000e+00  0.000000e+00  0.000000e+00  0.000000e+00  0.000000e+00  0.000000e+00  0.000000e+00  0.000000e+00  0.000000e+00  0.000000e+00  0.000000e+00  0.000000e+00  0.000000e+00  0.000000e+00  0.000000e+00  0.000000e+00  0.000000e+00  0.000000e+00  0.000000e+00  0.000000e+00  0.000000e+00  0.000000e+00  0.000000e+00  0.000000e+00  0.000000e+00  0.000000e+00  0.000000e+00  0.000000e+00  0.000000e+00  0.000000e+00  0.000000e+00  0.000000e+00  0.000000e+00  0.000000e+00  0.000000e+00  0.000000e+00  0.000000e+00  0.000000e+00  0.000000e+00  0.000000e+00  0.000000e+00  0.000000e+00  0.000000e+00  0.000000e+00  0.000000e+00  0.000000e+00  0.000000e+00  0.000000e+00  0.000000e+00  0.000000e+00  0.000000e+00  0.000000e+00  0.000000e+00  0.000000e+00  0.000000e+00  0.000000e+00  0.000000e+00  0.000000e+00  0.000000e+00  0.000000e+00  0.000000e+00  0.000000e+00  0.000000e+00  0.000000e+00  0.000000e+00  0.000000e+00  0.000000e+00  0.000000e+00  0.000000e+00  0.000000e+00  0.000000e+00  0.000000e+00  0.000000e+00  0.000000e+00  0.000000e+00  0.000000e+00  0.000000e+00  0.000000e+00  0.000000e+00  0.000000e+00  0.000000e+00  0.000000e+00  0.000000e+00  0.000000e+00  0.000000e+00  0.000000e+00  0.000000e+00  0.000000e+00  0.000000e+00  0.000000e+00  0.000000e+00  0.000000e+00  0.000000e+00  0.000000e+00  0.000000e+00  0.000000e+00  0.000000e+00  0.000000e+00  0.000000e+00  0.000000e+00  0.000000e+00  0.000000e+00  0.000000e+00  0.000000e+00  0.000000e+00  0.000000e+00  0.000000e+00  0.000000e+00  0.000000e+00  0.000000e+00  0.000000e+00  0.000000e+00  0.000000e+00  0.000000e+00  0.000000e+00  0.000000e+00  0.000000e+00  0.000000e+00  0.000000e+00  0.000000e+00  0.000000e+00  0.000000e+00  0.000000e+00  0.000000e+00  0.000000e+00  0.000000e+00  0.000000e+00  0.000000e+00  0.000000e+00  0.000000e+00  0.000000e+00  0.000000e+00  0.000000e+00  0.000000e+00  0.000000e+00  0.000000e+00  0.000000e+00  0.000000e+00  0.000000e+00  0.000000e+00  0.000000e+00  0.000000e+00  0.000000e+00  0.000000e+00  0.000000e+00  0.000000e+00  0.000000e+00  0.000000e+00  0.000000e+00  0.000000e+00  0.000000e+00  0.000000e+00  0.000000e+00  0.000000e+00  0.000000e+00  0.000000e+00  0.000000e+00  0.000000e+00  0.000000e+00  0.000000e+00  0.000000e+00  0.000000e+00  0.000000e+00  0.000000e+00  0.000000e+00  0.000000e+00  0.000000e+00  0.000000e+00  0.000000e+00  0.000000e+00  0.000000e+00  0.000000e+00  0.000000e+00  0.000000e+00  0.000000e+00  0.000000e+00  0.000000e+00  0.000000e+00  0.000000e+00  0.000000e+00  0.000000e+00  0.000000e+00  0.000000e+00  0.000000e+00  0.000000e+00  0.000000e+00  0.000000e+00  0.000000e+00  0.000000e+00  0.000000e+00  0.000000e+00  0.000000e+00  0.000000e+00  0.000000e+00  0.000000e+00  0.000000e+00  0.000000e+00  0.000000e+00  0.000000e+00  0.000000e+00  0.000000e+00  0.000000e+00  0.000000e+00  0.000000e+00  0.000000e+00  0.000000e+00  0.000000e+00  0.000000e+00  0.000000e+00  0.000000e+00  0.000000e+00  0.000000e+00  0.000000e+00  0.000000e+00  0.000000e+00  0.000000e+00  0.000000e+00  0.000000e+00  0.000000e+00  0.000000e+00  0.000000e+00  0.000000e+00  0.000000e+00  0.000000e+00  0.000000e+00  0.000000e+00  0.000000e+00  0.000000e+00  0.000000e+00  0.000000e+00  0.000000e+00  0.000000e+00  0.000000e+00  0.000000e+00  0.000000e+00  0.000000e+00  0.000000e+00  0.000000e+00  0.000000e+00  0.000000e+00  0.000000e+00  0.000000e+00  0.000000e+00  0.000000e+00  0.000000e+00  0.000000e+00  0.000000e+00  0.000000e+00  0.000000e+00  0.000000e+00  0.000000e+00  0.000000e+00  0.000000e+00  0.000000e+00  0.000000e+00  0.000000e+00  0.000000e+00  0.000000e+00  0.000000e+00  0.000000e+00  0.000000e+00  0.000000e+00  0.000000e+00  0.000000e+00  0.000000e+00  0.000000e+00  0.000000e+00  0.000000e+00  0.000000e+00  0.000000e+00  0.000000e+00  0.000000e+00  0.000000e+00  0.000000e+00  0.000000e+00  0.000000e+00  0.000000e+00  0.000000e+00  0.000000e+00  0.000000e+00  0.000000e+00  0.000000e+00  0.000000e+00  0.000000e+00  0.000000e+00  0.000000e+00  0.000000e+00  0.000000e+00  0.000000e+00  0.000000e+00  0.000000e+00  0.000000e+00  0.000000e+00  0.000000e+00  0.000000e+00  0.000000e+00  0.000000e+00  0.000000e+00  0.000000e+00  0.000000e+00  0.000000e+00  0.000000e+00  0.000000e+00  0.000000e+00  0.000000e+00  0.000000e+00  0.000000e+00  0.000000e+00  0.000000e+00  0.000000e+00  0.000000e+00  0.000000e+00  0.000000e+00  0.000000e+00  0.000000e+00  0.000000e+00  0.000000e+00  0.000000e+00  0.000000e+00  0.000000e+00  2.010011e-26  7.676774e-27  4.766517e-26  1.467874e-26  6.961759e-26  1.838853e-25  2.535505e-25  3.833063e-25  4.017891e-25  4.010381e-25  3.388391e-25  2.142221e-25  1.440979e-25  2.727030e-26  8.641416e-26  1.816968e-25  8.073519e-26  7.074266e-26  7.828252e-27  2.145817e-26  1.054356e-26  1.068030e-26  1.645848e-26  6.206428e-27  0.000000e+00  0.000000e+00  0.000000e+00  0.000000e+00  0.000000e+00  0.000000e+00  0.000000e+00  0.000000e+00  0.000000e+00  0.000000e+00  3.469852e-27  7.049900e-27  5.738042e-27  8.813040e-27  1.077626e-26  1.033249e-26  1.132951e-26  1.099053e-26  1.629071e-26  2.419006e-26  2.666316e-26  2.450831e-26  2.990265e-26  3.444437e-26  1.115608e-28  0.000000e+00  0.000000e+00  0.000000e+00  0.000000e+00  0.000000e+00  0.000000e+00  0.000000e+00  0.000000e+00  0.000000e+00  0.000000e+00  0.000000e+00  0.000000e+00  0.000000e+00  1.249913e-26  2.241751e-26  2.341624e-26  3.960242e-26  9.882769e-26  2.659194e-26  2.665450e-26  2.388707e-26  4.877124e-27  4.674265e-26  2.652954e-26  1.452761e-26  2.179099e-26  5.105796e-26  3.461120e-26  2.439701e-26  2.138702e-26  3.880862e-26  5.557494e-26  6.353388e-26  5.106028e-26  2.547830e-26  3.877031e-26  5.052682e-26  5.499203e-26  3.736366e-26  3.722667e-26  1.515882e-26  0.000000e+00  1.955700e-26  9.471183e-27  1.002297e-26  0.000000e+00  0.000000e+00  0.000000e+00  0.000000e+00  0.000000e+00  0.000000e+00  0.000000e+00  0.000000e+00  0.000000e+00  0.000000e+00  0.000000e+00  0.000000e+00  0.000000e+00  0.000000e+00  0.000000e+00  0.000000e+00  0.000000e+00  0.000000e+00  0.000000e+00  0.000000e+00  0.000000e+00  0.000000e+00  8.746727e-27  3.219013e-26  1.124927e-25  1.637453e-25  2.418331e-25  2.676119e-25  1.684570e-25  2.372656e-25  4.740525e-25  5.107867e-26  1.320653e-25  1.350737e-25  8.080045e-26  6.230372e-26  2.660543e-26  0.000000e+00  0.000000e+00  2.384906e-26  8.352314e-26  1.936894e-25  1.959355e-25  1.538524e-25  2.220585e-25  5.760211e-25  9.222516e-25  1.115979e-24  1.288546e-24  1.700435e-24  1.906265e-24  1.604525e-24  1.650567e-24  1.596032e-24  1.532343e-24  1.406553e-24  1.150336e-24  9.681251e-25  7.970478e-25  7.402018e-25  5.095385e-25  4.648690e-25  3.496418e-25  4.153049e-25  4.749290e-25  5.248378e-25  5.339660e-25  8.139907e-25  2.182024e-24  2.731481e-24  6.663503e-24  9.002823e-24  1.102634e-23  6.613030e-24  6.011855e-24  1.177148e-23  8.892139e-24  6.248673e-24  7.343691e-24  5.619695e-24  4.860985e-24  4.392537e-24  5.120109e-24  5.224573e-24  5.068552e-24  3.460127e-24  3.106814e-24  4.055213e-24  3.266723e-24  2.474019e-24  1.932021e-24  1.467951e-24  1.215915e-24  9.874817e-25  6.547434e-25  5.551918e-25  3.560136e-25  2.907093e-25  2.265661e-25  2.689221e-25  2.489339e-25  2.566498e-25  2.039962e-25  2.045291e-25  1.843107e-25  1.108751e-25  6.776127e-26  5.303755e-26  5.792496e-26  9.552217e-27  3.984858e-26  8.323856e-27  1.113088e-26  7.528619e-27  4.742057e-27  0.000000e+00  0.000000e+00  0.000000e+00  0.000000e+00  0.000000e+00  0.000000e+00  0.000000e+00  0.000000e+00  0.000000e+00  0.000000e+00  0.000000e+00  0.000000e+00  0.000000e+00  0.000000e+00  0.000000e+00  0.000000e+00  0.000000e+00  0.000000e+00  0.000000e+00  0.000000e+00  0.000000e+00  0.000000e+00  0.000000e+00  0.000000e+00  0.000000e+00  0.000000e+00  0.000000e+00  0.000000e+00  0.000000e+00  0.000000e+00  0.000000e+00  1.113478e-26  5.471781e-26  1.630177e-25  3.268788e-25  4.406637e-25  6.181898e-25  7.444568e-25  6.471341e-25  8.114384e-25  7.221215e-25  5.829081e-25  8.979326e-25  1.154923e-24  2.982680e-24  1.141932e-24  1.134058e-24  1.095602e-24  1.113872e-24  1.229417e-24  1.398953e-24  1.644308e-24  1.617536e-24  1.798767e-24  1.925157e-24  1.881196e-24  2.293042e-24  1.665376e-24  1.796007e-24  1.584858e-24  1.831667e-24  3.286516e-24  4.295170e-24  2.708325e-24  2.903510e-24  2.625032e-24  2.461341e-24  1.897490e-24  3.096431e-24  3.145925e-24  2.673289e-24  2.338333e-24  3.486368e-24  2.475256e-24  2.535940e-24  2.705950e-24  2.501594e-24  2.357935e-24  2.565882e-24  2.304471e-24  2.621444e-24  2.096714e-24  2.177494e-24  2.461699e-24  2.376744e-24  2.770384e-24  2.432342e-24  2.159500e-24  2.276881e-24  1.736221e-24  1.947606e-24  1.836966e-24  1.440316e-24  1.416946e-24  1.673680e-24  1.196279e-24  1.189848e-24  1.028848e-24  9.501007e-25  8.459101e-25  9.290061e-25  7.462712e-25  6.056220e-25  6.319769e-25  4.453106e-25  4.551764e-25  3.032418e-25  3.433242e-25  2.525866e-25  2.460558e-25  1.765873e-25  1.631922e-25  1.593574e-25  1.052239e-25  4.184176e-26  1.329727e-25  9.377765e-26  4.522518e-26  6.465829e-26  6.232457e-26  2.207853e-26  2.379820e-26  2.005749e-26  2.705787e-26  0.000000e+00  0.000000e+00  0.000000e+00  0.000000e+00  0.000000e+00  0.000000e+00  0.000000e+00  0.000000e+00  0.000000e+00  0.000000e+00  0.000000e+00  0.000000e+00  0.000000e+00  0.000000e+00  0.000000e+00  0.000000e+00  0.000000e+00  0.000000e+00  0.000000e+00  0.000000e+00  0.000000e+00  0.000000e+00  0.000000e+00  0.000000e+00  0.000000e+00  0.000000e+00  0.000000e+00  0.000000e+00  0.000000e+00  0.000000e+00  0.000000e+00  0.000000e+00  0.000000e+00  0.000000e+00  0.000000e+00  0.000000e+00  6.608811e-26  6.398536e-26  1.604608e-25  2.399312e-25  5.192084e-25  4.708660e-25  5.831710e-25  1.029946e-24  1.043573e-24  1.692067e-24  3.581343e-25  1.182364e-24  1.316024e-24  1.226631e-24
0.000000e+00  0.000000e+00  0.000000e+00  0.000000e+00  0.000000e+00  0.000000e+00  0.000000e+00  0.000000e+00  0.000000e+00  0.000000e+00  0.000000e+00  0.000000e+00  0.000000e+00  0.000000e+00  0.000000e+00  0.000000e+00  0.000000e+00  0.000000e+00  0.000000e+00  0.000000e+00  0.000000e+00  0.000000e+00  0.000000e+00  0.000000e+00  0.000000e+00  0.000000e+00  0.000000e+00  0.000000e+00  0.000000e+00  0.000000e+00  0.000000e+00  0.000000e+00  0.000000e+00  0.000000e+00  0.000000e+00  0.000000e+00  0.000000e+00  0.000000e+00  0.000000e+00  0.000000e+00  0.000000e+00  0.000000e+00  0.000000e+00  0.000000e+00  0.000000e+00  0.000000e+00  0.000000e+00  0.000000e+00  0.000000e+00  0.000000e+00  0.000000e+00  0.000000e+00  0.000000e+00  0.000000e+00  0.000000e+00  0.000000e+00  0.000000e+00  0.000000e+00  0.000000e+00  0.000000e+00  0.000000e+00  0.000000e+00  0.000000e+00  0.000000e+00  0.000000e+00  0.000000e+00  0.000000e+00  0.000000e+00  0.000000e+00  0.000000e+00  0.000000e+00  0.000000e+00  0.000000e+00  0.000000e+00  0.000000e+00  0.000000e+00  0.000000e+00  0.000000e+00  0.000000e+00  0.000000e+00  0.000000e+00  0.000000e+00  0.000000e+00  0.000000e+00  0.000000e+00  0.000000e+00  0.000000e+00  0.000000e+00  0.000000e+00  0.000000e+00  0.000000e+00  0.000000e+00  0.000000e+00  0.000000e+00  0.000000e+00  0.000000e+00  0.000000e+00  0.000000e+00  0.000000e+00  0.000000e+00  0.000000e+00  0.000000e+00  0.000000e+00  0.000000e+00  0.000000e+00  0.000000e+00  0.000000e+00  0.000000e+00  0.000000e+00  0.000000e+00  0.000000e+00  0.000000e+00  0.000000e+00  0.000000e+00  0.000000e+00  0.000000e+00  0.000000e+00  0.000000e+00  0.000000e+00  0.000000e+00  0.000000e+00  0.000000e+00  0.000000e+00  0.000000e+00  0.000000e+00  0.000000e+00  0.000000e+00  0.000000e+00  0.000000e+00  0.000000e+00  0.000000e+00  0.000000e+00  0.000000e+00  0.000000e+00  0.000000e+00  0.000000e+00  0.000000e+00  0.000000e+00  0.000000e+00  0.000000e+00  0.000000e+00  0.000000e+00  0.000000e+00  0.000000e+00  0.000000e+00  0.000000e+00  0.000000e+00  0.000000e+00  0.000000e+00  0.000000e+00  0.000000e+00  0.000000e+00  0.000000e+00  0.000000e+00  0.000000e+00  0.000000e+00  0.000000e+00  0.000000e+00  0.000000e+00  0.000000e+00  0.000000e+00  0.000000e+00  0.000000e+00  0.000000e+00  0.000000e+00  0.000000e+00  0.000000e+00  0.000000e+00  0.000000e+00  0.000000e+00  0.000000e+00  0.000000e+00  0.000000e+00  0.000000e+00  0.000000e+00  0.000000e+00  0.000000e+00  0.000000e+00  0.000000e+00  0.000000e+00  0.000000e+00  0.000000e+00  0.000000e+00  0.000000e+00  0.000000e+00  0.000000e+00  0.000000e+00  0.000000e+00  0.000000e+00  0.000000e+00  0.000000e+00  0.000000e+00  0.000000e+00  0.000000e+00  0.000000e+00  0.000000e+00  0.000000e+00  0.000000e+00  0.000000e+00  0.000000e+00  0.000000e+00  0.000000e+00  0.000000e+00  0.000000e+00  0.000000e+00  0.000000e+00  0.000000e+00  0.000000e+00  0.000000e+00  0.000000e+00  0.000000e+00  0.000000e+00  0.000000e+00  0.000000e+00  0.000000e+00  0.000000e+00  0.000000e+00  0.000000e+00  0.000000e+00  0.000000e+00  0.000000e+00  0.000000e+00  0.000000e+00  0.000000e+00  0.000000e+00  0.000000e+00  0.000000e+00  0.000000e+00  0.000000e+00  0.000000e+00  0.000000e+00  0.000000e+00  0.000000e+00  0.000000e+00  0.000000e+00  0.000000e+00  0.000000e+00  0.000000e+00  0.000000e+00  0.000000e+00  0.000000e+00  0.000000e+00  0.000000e+00  0.000000e+00  0.000000e+00  0.000000e+00  0.000000e+00  0.000000e+00  0.000000e+00  0.000000e+00  0.000000e+00  0.000000e+00  0.000000e+00  0.000000e+00  0.000000e+00  0.000000e+00  0.000000e+00  0.000000e+00  0.000000e+00  0.000000e+00  0.000000e+00  0.000000e+00  0.000000e+00  0.000000e+00  0.000000e+00  0.000000e+00  0.000000e+00  0.000000e+00  0.000000e+00  0.000000e+00  0.000000e+00  0.000000e+00  0.000000e+00  0.000000e+00  0.000000e+00  0.000000e+00  0.000000e+00  0.000000e+00  0.000000e+00  0.000000e+00  0.000000e+00  0.000000e+00  0.000000e+00  0.000000e+00  0.000000e+00  0.000000e+00  0.000000e+00  0.000000e+00  0.000000e+00  0.000000e+00  0.000000e+00  0.000000e+00  0.000000e+00  0.000000e+00  0.000000e+00  0.000000e+00  0.000000e+00  0.000000e+00  0.000000e+00  0.000000e+00  0.000000e+00  0.000000e+00  0.000000e+00  0.000000e+00  0.000000e+00  0.000000e+00  0.000000e+00  0.000000e+00  0.000000e+00  0.000000e+00  0.000000e+00  0.000000e+00  0.000000e+00  0.000000e+00  0.000000e+00  0.000000e+00  0.000000e+00  0.000000e+00  0.000000e+00  0.000000e+00  0.000000e+00  0.000000e+00  0.000000e+00  0.000000e+00  0.000000e+00  0.000000e+00  0.000000e+00  0.000000e+00  0.000000e+00  0.000000e+00  0.000000e+00  0.000000e+00  0.000000e+00  0.000000e+00  0.000000e+00  0.000000e+00  0.000000e+00  0.000000e+00  0.000000e+00  0.000000e+00  0.000000e+00  0.000000e+00  0.000000e+00  0.000000e+00  0.000000e+00  0.000000e+00  0.000000e+00  0.000000e+00  0.000000e+00  0.000000e+00  0.000000e+00  0.000000e+00  0.000000e+00  0.000000e+00  0.000000e+00  0.000000e+00  0.000000e+00  0.000000e+00  0.000000e+00  0.000000e+00  0.000000e+00  0.000000e+00  0.000000e+00  0.000000e+00  0.000000e+00  0.000000e+00  0.000000e+00  0.000000e+00  0.000000e+00  0.000000e+00  0.000000e+00  0.000000e+00  0.000000e+00  0.000000e+00  0.000000e+00  0.000000e+00  0.000000e+00  0.000000e+00  0.000000e+00  0.000000e+00  0.000000e+00  0.000000e+00  0.000000e+00  0.000000e+00  0.000000e+00  0.000000e+00  0.000000e+00  0.000000e+00  2.092464e-26  8.058233e-27  4.985214e-26  1.539091e-26  7.288003e-26  1.924052e-25  2.653356e-25  4.021291e-25  4.204691e-25  4.194284e-25  3.545485e-25  2.239384e-25  1.506892e-25  2.842939e-26  9.094715e-26  1.897179e-25  8.423682e-26  7.390546e-26  8.142817e-27  2.243043e-26  1.102394e-26  1.113266e-26  1.721166e-26  6.511942e-27  0.000000e+00  0.000000e+00  0.000000e+00  0.000000e+00  0.000000e+00  0.000000e+00  0.000000e+00  0.000000e+00  0.000000e+00  0.000000e+00  3.632801e-27  7.363404e-27  6.005854e-27  9.215511e-27  1.128487e-26  1.078781e-26  1.185633e-26  1.150838e-26  1.703539e-26  2.532503e-26  2.791555e-26  2.565596e-26  3.125690e-26  3.602545e-26  1.131571e-28  0.000000e+00  0.000000e+00  0.000000e+00  0.000000e+00  0.000000e+00  0.000000e+00  0.000000e+00  0.000000e+00  0.000000e+00  0.000000e+00  0.000000e+00  0.000000e+00  0.000000e+00  1.310477e-26  2.346706e-26  2.446135e-26  4.156264e-26  1.033767e-25  2.803164e-26  2.777354e-26  2.497897e-26  5.079317e-27  4.884661e-26  2.777445e-26  1.532107e-26  2.271448e-26  5.346893e-26  3.607507e-26  2.533092e-26  2.243317e-26  4.060998e-26  5.802053e-26  6.632759e-26  5.361700e-26  2.657409e-26  4.046887e-26  5.273634e-26  5.734329e-26  3.896626e-26  3.906581e-26  1.585952e-26  0.000000e+00  2.040498e-26  9.852935e-27  1.048430e-26  0.000000e+00  0.000000e+00  0.000000e+00  0.000000e+00  0.000000e+00  0.000000e+00  0.000000e+00  0.000000e+00  0.000000e+00  0.000000e+00  0.000000e+00  0.000000e+00  0.000000e+00  0.000000e+00  0.000000e+00  0.000000e+00  0.000000e+00  0.000000e+00  0.000000e+00  0.000000e+00  0.000000e+00  0.000000e+00  9.021162e-27  3.351966e-26  1.178453e-25  1.708922e-25  2.526845e-25  2.800666e-25  1.759739e-25  2.480897e-25  4.953572e-25  5.348356e-26  1.373047e-25  1.415354e-25  8.405618e-26  6.511614e-26  2.788863e-26  0.000000e+00  0.000000e+00  2.487411e-26  8.741587e-26  2.022671e-25  2.046367e-25  1.607039e-25  2.320325e-25  6.013922e-25  9.641042e-25  1.166380e-24  1.345531e-24  1.776154e-24  1.993560e-24  1.680161e-24  1.728659e-24  1.669180e-24  1.603343e-24  1.468874e-24  1.201636e-24  1.015119e-24  8.065640e-25  7.492591e-25  5.141876e-25  4.682003e-25  3.554096e-25  4.189461e-25  4.810333e-25  5.298657e-25  5.411356e-25  8.097543e-25  2.161294e-24  2.739688e-24  6.704958e-24  9.153633e-24  1.133612e-23  6.862476e-24  6.135897e-24  1.203473e-23  9.042524e-24  6.368862e-24  7.510743e-24  5.763911e-24  4.943169e-24  4.455960e-24  5.226783e-24  5.317897e-24  5.180838e-24  3.546677e-24  3.192594e-24  4.172000e-24  3.321568e-24  2.506626e-24  1.971946e-24  1.498353e-24  1.232092e-24  9.970110e-25  6.617268e-25  5.587698e-25  3.588898e-25  2.942996e-25  2.295784e-25  2.727017e-25  2.551002e-25  2.638054e-25  2.097535e-25  2.090622e-25  1.929847e-25  1.155065e-25  7.071326e-26  5.545581e-26  6.007549e-26  1.001555e-26  4.138569e-26  8.723886e-27  1.173251e-26  7.988268e-27  4.928053e-27  0.000000e+00  0.000000e+00  0.000000e+00  0.000000e+00  0.000000e+00  0.000000e+00  0.000000e+00  0.000000e+00  0.000000e+00  0.000000e+00  0.000000e+00  0.000000e+00  0.000000e+00  0.000000e+00  0.000000e+00  0.000000e+00  0.000000e+00  0.000000e+00  0.000000e+00  0.000000e+00  0.000000e+00  0.000000e+00  0.000000e+00  0.000000e+00  0.000000e+00  0.000000e+00  0.000000e+00  0.000000e+00  0.000000e+00  0.000000e+00  0.000000e+00  1.074375e-26  5.282936e-26  1.599346e-25  3.188612e-25  4.342322e-25  6.077416e-25  7.295736e-25  6.357022e-25  7.935850e-25  7.098958e-25  5.688478e-25  8.783915e-25  1.130796e-24  2.919103e-24  1.115836e-24  1.106923e-24  1.071894e-24  1.093171e-24  1.203069e-24  1.372427e-24  1.609637e-24  1.584803e-24  1.768324e-24  1.887139e-24  1.846923e-24  2.252805e-24  1.629357e-24  1.766214e-24  1.556298e-24  1.799283e-24  3.236406e-24  4.211425e-24  2.663643e-24  2.848900e-24  2.568826e-24  2.416307e-24  1.865903e-24  3.046829e-24  3.077066e-24  2.621154e-24  2.298486e-24  3.416432e-24  2.429346e-24  2.492578e-24  2.659504e-24  2.448523e-24  2.305607e-24  2.505545e-24  2.258676e-24  2.565531e-24  2.046047e-24  2.134313e-24  2.414228e-24  2.331862e-24  2.711086e-24  2.379513e-24  2.111221e-24  2.232085e-24  1.705044e-24  1.907900e-24  1.795905e-24  1.417175e-24  1.396775e-24  1.641655e-24  1.170497e-24  1.168928e-24  1.005510e-24  9.298172e-25  8.270394e-25  9.085181e-25  7.308636e-25  5.946288e-25  6.206933e-25  4.383289e-25  4.469240e-25  2.976828e-25  3.355406e-25  2.472602e-25  2.400055e-25  1.728067e-25  1.616012e-25  1.560593e-25  1.020741e-25  4.114008e-26  1.313900e-25  9.102585e-26  4.470242e-26  6.309400e-26  6.046302e-26  2.156010e-26  2.328953e-26  1.933760e-26  2.655647e-26  0.000000e+00  0.000000e+00  0.000000e+00  0.000000e+00  0.000000e+00  0.000000e+00  0.000000e+00  0.000000e+00  0.000000e+00  0.000000e+00  0.000000e+00  0.000000e+00  0.000000e+00  0.000000e+00  0.000000e+00  0.000000e+00  0.000000e+00  0.000000e+00  0.000000e+00  0.000000e+00  0.000000e+00  0.000000e+00  0.000000e+00  0.000000e+00  0.000000e+00  0.000000e+00  0.000000e+00  0.000000e+00  0.000000e+00  0.000000e+00  0.000000e+00  0.000000e+00  0.000000e+00  0.000000e+00  0.000000e+00  0.000000e+00  6.497472e-26  6.317894e-26  1.571803e-25  2.331023e-25  5.010847e-25  4.574060e-25  5.618401e-25  1.013531e-24  1.027687e-24  1.690719e-24  3.613934e-25  1.199990e-24  1.355271e-24  1.271061e-24
0.000000e+00  0.000000e+00  0.000000e+00  0.000000e+00  0.000000e+00  0.000000e+00  0.000000e+00  0.000000e+00  0.000000e+00  0.000000e+00  0.000000e+00  0.000000e+00  0.000000e+00  0.000000e+00  0.000000e+00  0.000000e+00  0.000000e+00  0.000000e+00  0.000000e+00  0.000000e+00  0.000000e+00  0.000000e+00  0.000000e+00  0.000000e+00  0.000000e+00  0.000000e+00  0.000000e+00  0.000000e+00  0.000000e+00  0.000000e+00  0.000000e+00  0.000000e+00  0.000000e+00  0.000000e+00  0.000000e+00  0.000000e+00  0.000000e+00  0.000000e+00  0.000000e+00  0.000000e+00  0.000000e+00  0.000000e+00  0.000000e+00  0.000000e+00  0.000000e+00  0.000000e+00  0.000000e+00  0.000000e+00  0.000000e+00  0.000000e+00  0.000000e+00  0.000000e+00  0.000000e+00  0.000000e+00  0.000000e+00  0.000000e+00  0.000000e+00  0.000000e+00  0.000000e+00  0.000000e+00  0.000000e+00  0.000000e+00  0.000000e+00  0.000000e+00  0.000000e+00  0.000000e+00  0.000000e+00  0.000000e+00  0.000000e+00  0.000000e+00  0.000000e+00  0.000000e+00  0.000000e+00  0.000000e+00  0.000000e+00  0.000000e+00  0.000000e+00  0.000000e+00  0.000000e+00  0.000000e+00  0.000000e+00  0.000000e+00  0.000000e+00  0.000000e+00  0.000000e+00  0.000000e+00  0.000000e+00  0.000000e+00  0.000000e+00  0.000000e+00  0.000000e+00  0.000000e+00  0.000000e+00  0.000000e+00  0.000000e+00  0.000000e+00  0.000000e+00  0.000000e+00  0.000000e+00  0.000000e+00  0.000000e+00  0.000000e+00  0.000000e+00  0.000000e+00  0.000000e+00  0.000000e+00  0.000000e+00  0.000000e+00  0.000000e+00  0.000000e+00  0.000000e+00  0.000000e+00  0.000000e+00  0.000000e+00  0.000000e+00  0.000000e+00  0.000000e+00  0.000000e+00  0.000000e+00  0.000000e+00  0.000000e+00  0.000000e+00  0.000000e+00  0.000000e+00  0.000000e+00  0.000000e+00  0.000000e+00  0.000000e+00  0.000000e+00  0.000000e+00  0.000000e+00  0.000000e+00  0.000000e+00  0.000000e+00  0.000000e+00  0.000000e+00  0.000000e+00  0.000000e+00  0.000000e+00  0.000000e+00  0.000000e+00  0.000000e+00  0.000000e+00  0.000000e+00  0.000000e+00  0.000000e+00  0.000000e+00  0.000000e+00  0.000000e+00  0.000000e+00  0.000000e+00  0.000000e+00  0.000000e+00  0.000000e+00  0.000000e+00  0.000000e+00  0.000000e+00  0.000000e+00  0.000000e+00  0.000000e+00  0.000000e+00  0.000000e+00  0.000000e+00  0.000000e+00  0.000000e+00  0.000000e+00  0.000000e+00  0.000000e+00  0.000000e+00  0.000000e+00  0.000000e+00  0.000000e+00  0.000000e+00  0.000000e+00  0.000000e+00  0.000000e+00  0.000000e+00  0.000000e+00  0.000000e+00  0.000000e+00  0.000000e+00  0.000000e+00  0.000000e+00  0.000000e+00  0.000000e+00  0.000000e+00  0.000000e+00  0.000000e+00  0.000000e+00  0.000000e+00  0.000000e+00  0.000000e+00  0.000000e+00  0.000000e+00  0.000000e+00  0.000000e+00  0.000000e+00  0.000000e+00  0.000000e+00  0.000000e+00  0.000000e+00  0.000000e+00  0.000000e+00  0.000000e+00  0.000000e+00  0.000000e+00  0.000000e+00  0.000000e+00  0.000000e+00  0.000000e+00  0.000000e+00  0.000000e+00  0.000000e+00  0.000000e+00  0.000000e+00  0.000000e+00  0.000000e+00  0.000000e+00  0.000000e+00  0.000000e+00  0.000000e+00  0.000000e+00  0.000000e+00  0.000000e+00  0.000000e+00  0.000000e+00  0.000000e+00  0.000000e+00  0.000000e+00  0.000000e+00  0.000000e+00  0.000000e+00  0.000000e+00  0.000000e+00  0.000000e+00  0.000000e+00  0.000000e+00  0.000000e+00  0.000000e+00  0.000000e+00  0.000000e+00  0.000000e+00  0.000000e+00  0.000000e+00  0.000000e+00  0.000000e+00  0.000000e+00  0.000000e+00  0.000000e+00  0.000000e+00  0.000000e+00  0.000000e+00  0.000000e+00  0.000000e+00  0.000000e+00  0.000000e+00  0.000000e+00  0.000000e+00  0.000000e+00  0.000000e+00  0.000000e+00  0.000000e+00  0.000000e+00  0.000000e+00  0.000000e+00  0.000000e+00  0.000000e+00  0.000000e+00  0.000000e+00  0.000000e+00  0.000000e+00  0.000000e+00  0.000000e+00  0.000000e+00  0.000000e+00  0.000000e+00  0.000000e+00  0.000000e+00  0.000000e+00  0.000000e+00  0.000000e+00  0.000000e+00  0.000000e+00  0.000000e+00  0.000000e+00  0.000000e+00  0.000000e+00  0.000000e+00  0.000000e+00  0.000000e+00  0.000000e+00  0.000000e+00  0.000000e+00  0.000000e+00  0.000000e+00  0.000000e+00  0.000000e+00  0.000000e+00  0.000000e+00  0.000000e+00  0.000000e+00  0.000000e+00  0.000000e+00  0.000000e+00  0.000000e+00  0.000000e+00  0.000000e+00  0.000000e+00  0.000000e+00  0.000000e+00  0.000000e+00  0.000000e+00  0.000000e+00  0.000000e+00  0.000000e+00  0.000000e+00  0.000000e+00  0.000000e+00  0.000000e+00  0.000000e+00  0.000000e+00  0.000000e+00  0.000000e+00  0.000000e+00  0.000000e+00  0.000000e+00  0.000000e+00  0.000000e+00  0.000000e+00  0.000000e+00  0.000000e+00  0.000000e+00  0.000000e+00  0.000000e+00  0.000000e+00  0.000000e+00  0.000000e+00  0.000000e+00  0.000000e+00  0.000000e+00  0.000000e+00  0.000000e+00  0.000000e+00  0.000000e+00  0.000000e+00  0.000000e+00  0.000000e+00  0.000000e+00  0.000000e+00  0.000000e+00  0.000000e+00  0.000000e+00  0.000000e+00  0.000000e+00  0.000000e+00  0.000000e+00  0.000000e+00  0.000000e+00  0.000000e+00  0.000000e+00  0.000000e+00  0.000000e+00  0.000000e+00  0.000000e+00  0.000000e+00  0.000000e+00  0.000000e+00  0.000000e+00  0.000000e+00  0.000000e+00  0.000000e+00  0.000000e+00  0.000000e+00  0.000000e+00  0.000000e+00  0.000000e+00  0.000000e+00  0.000000e+00  0.000000e+00  0.000000e+00  0.000000e+00  0.000000e+00  0.000000e+00  0.000000e+00  0.000000e+00  0.000000e+00  0.000000e+00  0.000000e+00  2.082756e-26  8.103360e-27  4.990365e-26  1.545288e-26  7.309016e-26  1.927779e-25  2.658477e-25  4.041914e-25  4.212893e-25  4.199958e-25  3.552401e-25  2.240362e-25  1.510069e-25  2.834020e-26  9.179228e-26  1.896206e-25  8.409228e-26  7.392130e-26  8.102070e-27  2.246002e-26  1.103545e-26  1.110650e-26  1.724017e-26  6.543826e-27  0.000000e+00  0.000000e+00  0.000000e+00  0.000000e+00  0.000000e+00  0.000000e+00  0.000000e+00  0.000000e+00  0.000000e+00  0.000000e+00  3.643678e-27  7.364638e-27  6.024857e-27  9.231733e-27  1.132310e-26  1.078757e-26  1.189010e-26  1.154636e-26  1.706896e-26  2.541361e-26  2.801491e-26  2.573955e-26  3.131070e-26  3.610657e-26  1.106796e-28  0.000000e+00  0.000000e+00  0.000000e+00  0.000000e+00  0.000000e+00  0.000000e+00  0.000000e+00  0.000000e+00  0.000000e+00  0.000000e+00  0.000000e+00  0.000000e+00  0.000000e+00  1.317255e-26  2.356292e-26  2.449010e-26  4.181453e-26  1.036735e-25  2.835677e-26  2.772497e-26  2.502573e-26  5.082379e-27  4.892563e-26  2.787021e-26  1.548419e-26  2.267598e-26  5.366195e-26  3.600792e-26  2.516958e-26  2.253900e-26  4.076649e-26  5.804854e-26  6.628223e-26  5.400672e-26  2.657885e-26  4.048672e-26  5.274495e-26  5.724945e-26  3.892895e-26  3.927548e-26  1.589265e-26  0.000000e+00  2.038149e-26  9.813403e-27  1.050024e-26  0.000000e+00  0.000000e+00  0.000000e+00  0.000000e+00  0.000000e+00  0.000000e+00  0.000000e+00  0.000000e+00  0.000000e+00  0.000000e+00  0.000000e+00  0.000000e+00  0.000000e+00  0.000000e+00  0.000000e+00  0.000000e+00  0.000000e+00  0.000000e+00  0.000000e+00  0.000000e+00  0.000000e+00  0.000000e+00  8.903745e-27  3.337431e-26  1.182473e-25  1.707062e-25  2.528590e-25  2.807033e-25  1.760210e-25  2.484961e-25  4.956776e-25  5.367007e-26  1.364869e-25  1.420530e-25  8.364509e-26  6.513696e-26  2.806060e-26  0.000000e+00  0.000000e+00  2.482283e-26  8.757512e-26  2.022014e-25  2.045422e-25  1.607466e-25  2.321316e-25  6.008099e-25  9.647089e-25  1.166911e-24  1.344788e-24  1.776007e-24  1.996056e-24  1.684784e-24  1.733985e-24  1.670938e-24  1.605970e-24  1.467942e-24  1.201184e-24  1.021697e-24  8.063202e-25  7.502054e-25  5.150823e-25  4.684705e-25  3.553867e-25  4.188658e-25  4.817156e-25  5.298892e-25  5.422006e-25  8.103642e-25  2.164063e-24  2.749363e-24  6.702248e-24  9.142640e-24  1.133291e-23  6.892405e-24  6.109176e-24  1.200077e-23  9.063620e-24  6.363493e-24  7.500769e-24  5.775786e-24  4.938425e-24  4.440177e-24  5.229930e-24  5.318521e-24  5.169774e-24  3.546823e-24  3.196315e-24  4.173532e-24  3.319533e-24  2.506287e-24  1.968188e-24  1.500315e-24  1.236793e-24  9.954739e-25  6.617572e-25  5.572282e-25  3.583423e-25  2.940638e-25  2.298459e-25  2.726994e-25  2.560418e-25  2.638531e-25  2.106233e-25  2.095387e-25  1.934458e-25  1.149507e-25  7.055620e-26  5.541077e-26  5.946673e-26  1.005419e-26  4.104639e-26  8.757814e-27  1.187404e-26  8.137751e-27  4.879993e-27  0.000000e+00  0.000000e+00  0.000000e+00  0.000000e+00  0.000000e+00  0.000000e+00  0.000000e+00  0.000000e+00  0.000000e+00  0.000000e+00  0.000000e+00  0.000000e+00  0.000000e+00  0.000000e+00  0.000000e+00  0.000000e+00  0.000000e+00  0.000000e+00  0.000000e+00  0.000000e+00  0.000000e+00  0.000000e+00  0.000000e+00  0.000000e+00  0.000000e+00  0.000000e+00  0.000000e+00  0.000000e+00  0.000000e+00  0.000000e+00  0.000000e+00  1.050552e-26  5.170843e-26  1.601049e-25  3.170117e-25  4.370794e-25  6.100487e-25  7.296888e-25  6.379955e-25  7.916227e-25  7.126533e-25  5.656878e-25  8.762066e-25  1.128994e-24  2.915123e-24  1.111499e-24  1.100755e-24  1.069371e-24  1.095047e-24  1.200401e-24  1.373801e-24  1.607581e-24  1.584028e-24  1.775047e-24  1.887706e-24  1.851694e-24  2.260463e-24  1.626473e-24  1.774295e-24  1.560462e-24  1.805052e-24  3.253570e-24  4.212888e-24  2.675179e-24  2.853043e-24  2.564914e-24  2.421605e-24  1.874313e-24  3.062960e-24  3.067778e-24  2.623365e-24  2.307650e-24  3.415542e-24  2.433551e-24  2.501215e-24  2.670255e-24  2.443641e-24  2.298827e-24  2.494672e-24  2.259222e-24  2.560136e-24  2.034188e-24  2.134802e-24  2.415559e-24  2.334980e-24  2.705899e-24  2.373768e-24  2.104958e-24  2.232138e-24  1.709984e-24  1.906079e-24  1.789737e-24  1.424577e-24  1.406988e-24  1.642716e-24  1.168176e-24  1.172385e-24  1.001564e-24  9.280842e-25  8.246863e-25  9.059290e-25  7.302964e-25  5.963887e-25  6.225601e-25  4.407510e-25  4.480994e-25  2.982712e-25  3.343221e-25  2.468201e-25  2.387045e-25  1.724713e-25  1.637193e-25  1.558541e-25  1.007084e-25  4.133999e-26  1.328188e-25  8.992431e-26  4.517551e-26  6.269876e-26  5.965848e-26  2.144538e-26  2.325163e-26  1.894025e-26  2.658919e-26  0.000000e+00  0.000000e+00  0.000000e+00  0.000000e+00  0.000000e+00  0.000000e+00  0.000000e+00  0.000000e+00  0.000000e+00  0.000000e+00  0.000000e+00  0.000000e+00  0.000000e+00  0.000000e+00  0.000000e+00  0.000000e+00  0.000000e+00  0.000000e+00  0.000000e+00  0.000000e+00  0.000000e+00  0.000000e+00  0.000000e+00  0.000000e+00  0.000000e+00  0.000000e+00  0.000000e+00  0.000000e+00  0.000000e+00  0.000000e+00  0.000000e+00  0.000000e+00  0.000000e+00  0.000000e+00  0.000000e+00  0.000000e+00  6.518255e-26  6.379647e-26  1.570880e-25  2.314867e-25  4.997277e-25  4.579146e-25  5.601482e-25  1.021809e-24  1.025153e-24  1.684539e-24  3.651081e-25  1.200961e-24  1.373067e-24  1.279722e-24
0.000000e+00  0.000000e+00  0.000000e+00  0.000000e+00  0.000000e+00  0.000000e+00  0.000000e+00  0.000000e+00  0.000000e+00  0.000000e+00  0.000000e+00  0.000000e+00  0.000000e+00  0.000000e+00  0.000000e+00  0.000000e+00  0.000000e+00  0.000000e+00  0.000000e+00  0.000000e+00  0.000000e+00  0.000000e+00  0.000000e+00  0.000000e+00  0.000000e+00  0.000000e+00  0.000000e+00  0.000000e+00  0.000000e+00  0.000000e+00  0.000000e+00  0.000000e+00  0.000000e+00  0.000000e+00  0.000000e+00  0.000000e+00  0.000000e+00  0.000000e+00  0.000000e+00  0.000000e+00  0.000000e+00  0.000000e+00  0.000000e+00  0.000000e+00  0.000000e+00  0.000000e+00  0.000000e+00  0.000000e+00  0.000000e+00  0.000000e+00  0.000000e+00  0.000000e+00  0.000000e+00  0.000000e+00  0.000000e+00  0.000000e+00  0.000000e+00  0.000000e+00  0.000000e+00  0.000000e+00  0.000000e+00  0.000000e+00  0.000000e+00  0.000000e+00  0.000000e+00  0.000000e+00  0.000000e+00  0.000000e+00  0.000000e+00  0.000000e+00  0.000000e+00  0.000000e+00  0.000000e+00  0.000000e+00  0.000000e+00  0.000000e+00  0.000000e+00  0.000000e+00  0.000000e+00  0.000000e+00  0.000000e+00  0.000000e+00  0.000000e+00  0.000000e+00  0.000000e+00  0.000000e+00  0.000000e+00  0.000000e+00  0.000000e+00  0.000000e+00  0.000000e+00  0.000000e+00  0.000000e+00  0.000000e+00  0.000000e+00  0.000000e+00  0.000000e+00  0.000000e+00  0.000000e+00  0.000000e+00  0.000000e+00  0.000000e+00  0.000000e+00  0.000000e+00  0.000000e+00  0.000000e+00  0.000000e+00  0.000000e+00  0.000000e+00  0.000000e+00  0.000000e+00  0.000000e+00  0.000000e+00  0.000000e+00  0.000000e+00  0.000000e+00  0.000000e+00  0.000000e+00  0.000000e+00  0.000000e+00  0.000000e+00  0.000000e+00  0.000000e+00  0.000000e+00  0.000000e+00  0.000000e+00  0.000000e+00  0.000000e+00  0.000000e+00  0.000000e+00  0.000000e+00  0.000000e+00  0.000000e+00  0.000000e+00  0.000000e+00  0.000000e+00  0.000000e+00  0.000000e+00  0.000000e+00  0.000000e+00  0.000000e+00  0.000000e+00  0.000000e+00  0.000000e+00  0.000000e+00  0.000000e+00  0.000000e+00  0.000000e+00  0.000000e+00  0.000000e+00  0.000000e+00  0.000000e+00  0.000000e+00  0.000000e+00  0.000000e+00  0.000000e+00  0.000000e+00  0.000000e+00  0.000000e+00  0.000000e+00  0.000000e+00  0.000000e+00  0.000000e+00  0.000000e+00  0.000000e+00  0.000000e+00  0.000000e+00  0.000000e+00  0.000000e+00  0.000000e+00  0.000000e+00  0.000000e+00  0.000000e+00  0.000000e+00  0.000000e+00  0.000000e+00  0.000000e+00  0.000000e+00  0.000000e+00  0.000000e+00  0.000000e+00  0.000000e+00  0.000000e+00  0.000000e+00  0.000000e+00  0.000000e+00  0.000000e+00  0.000000e+00  0.000000e+00  0.000000e+00  0.000000e+00  0.000000e+00  0.000000e+00  0.000000e+00  0.000000e+00  0.000000e+00  0.000000e+00  0.000000e+00  0.000000e+00  0.000000e+00  0.000000e+00  0.000000e+00  0.000000e+00  0.000000e+00  0.000000e+00  0.000000e+00  0.000000e+00  0.000000e+00  0.000000e+00  0.000000e+00  0.000000e+00  0.000000e+00  0.000000e+00  0.000000e+00  0.000000e+00  0.000000e+00  0.000000e+00  0.000000e+00  0.000000e+00  0.000000e+00  0.000000e+00  0.000000e+00  0.000000e+00  0.000000e+00  0.000000e+00  0.000000e+00  0.000000e+00  0.000000e+00  0.000000e+00  0.000000e+00  0.000000e+00  0.000000e+00  0.000000e+00  0.000000e+00  0.000000e+00  0.000000e+00  0.000000e+00  0.000000e+00  0.000000e+00  0.000000e+00  0.000000e+00  0.000000e+00  0.000000e+00  0.000000e+00  0.000000e+00  0.000000e+00  0.000000e+00  0.000000e+00  0.000000e+00  0.000000e+00  0.000000e+00  0.000000e+00  0.000000e+00  0.000000e+00  0.000000e+00  0.000000e+00  0.000000e+00  0.000000e+00  0.000000e+00  0.000000e+00  0.000000e+00  0.000000e+00  0.000000e+00  0.000000e+00  0.000000e+00  0.000000e+00  0.000000e+00  0.000000e+00  0.000000e+00  0.000000e+00  0.000000e+00  0.000000e+00  0.000000e+00  0.000000e+00  0.000000e+00  0.000000e+00  0.000000e+00  0.000000e+00  0.000000e+00  0.000000e+00  0.000000e+00  0.000000e+00  0.000000e+00  0.000000e+00  0.000000e+00  0.000000e+00  0.000000e+00  0.000000e+00  0.000000e+00  0.000000e+00  0.000000e+00  0.000000e+00  0.000000e+00  0.000000e+00  0.000000e+00  0.000000e+00  0.000000e+00  0.000000e+00  0.000000e+00  0.000000e+00  0.000000e+00  0.000000e+00  0.000000e+00  0.000000e+00  0.000000e+00  0.000000e+00  0.000000e+00  0.000000e+00  0.000000e+00  0.000000e+00  0.000000e+00  0.000000e+00  0.000000e+00  0.000000e+00  0.000000e+00  0.000000e+00  0.000000e+00  0.000000e+00  0.000000e+00  0.000000e+00  0.000000e+00  0.000000e+00  0.000000e+00  0.000000e+00  0.000000e+00  0.000000e+00  0.000000e+00  0.000000e+00  0.000000e+00  0.000000e+00  0.000000e+00  0.000000e+00  0.000000e+00  0.000000e+00  0.000000e+00  0.000000e+00  0.000000e+00  0.000000e+00  0.000000e+00  0.000000e+00  0.000000e+00  0.000000e+00  0.000000e+00  0.000000e+00  0.000000e+00  0.000000e+00  0.000000e+00  0.000000e+00  0.000000e+00  0.000000e+00  0.000000e+00  0.000000e+00  0.000000e+00  0.000000e+00  0.000000e+00  0.000000e+00  0.000000e+00  0.000000e+00  0.000000e+00  0.000000e+00  0.000000e+00  0.000000e+00  0.000000e+00  0.000000e+00  0.000000e+00  0.000000e+00  0.000000e+00  0.000000e+00  0.000000e+00  0.000000e+00  0.000000e+00  0.000000e+00  0.000000e+00  0.000000e+00  0.000000e+00  0.000000e+00  0.000000e+00  0.000000e+00  0.000000e+00  0.000000e+00  0.000000e+00  0.000000e+00  0.000000e+00  0.000000e+00  0.000000e+00  0.000000e+00  0.000000e+00  0.000000e+00  2.070622e-26  8.148636e-27  4.992826e-26  1.551407e-26  7.332860e-26  1.931389e-25  2.662611e-25  4.063929e-25  4.219542e-25  4.204534e-25  3.558679e-25  2.239643e-25  1.514033e-25  2.819903e-26  9.272487e-26  1.894273e-25  8.386770e-26  7.390322e-26  8.053939e-27  2.249067e-26  1.104103e-26  1.107318e-26  1.726514e-26  6.573118e-27  0.000000e+00  0.000000e+00  0.000000e+00  0.000000e+00  0.000000e+00  0.000000e+00  0.000000e+00  0.000000e+00  0.000000e+00  0.000000e+00  3.653476e-27  7.361468e-27  6.044761e-27  9.245375e-27  1.135895e-26  1.078180e-26  1.192310e-26  1.158080e-26  1.709870e-26  2.550549e-26  2.811621e-26  2.582053e-26  3.136174e-26  3.618036e-26  1.082134e-28  0.000000e+00  0.000000e+00  0.000000e+00  0.000000e+00  0.000000e+00  0.000000e+00  0.000000e+00  0.000000e+00  0.000000e+00  0.000000e+00  0.000000e+00  0.000000e+00  0.000000e+00  1.324086e-26  2.366967e-26  2.450808e-26  4.206469e-26  1.039708e-25  2.870113e-26  2.768155e-26  2.506278e-26  5.098740e-27  4.901493e-26  2.796776e-26  1.564311e-26  2.262181e-26  5.385487e-26  3.592945e-26  2.499513e-26  2.262708e-26  4.097127e-26  5.808222e-26  6.620062e-26  5.444216e-26  2.660310e-26  4.053379e-26  5.278064e-26  5.714691e-26  3.890074e-26  3.947757e-26  1.592219e-26  0.000000e+00  2.035649e-26  9.771196e-27  1.051275e-26  0.000000e+00  0.000000e+00  0.000000e+00  0.000000e+00  0.000000e+00  0.000000e+00  0.000000e+00  0.000000e+00  0.000000e+00  0.000000e+00  0.000000e+00  0.000000e+00  0.000000e+00  0.000000e+00  0.000000e+00  0.000000e+00  0.000000e+00  0.000000e+00  0.000000e+00  0.000000e+00  0.000000e+00  0.000000e+00  8.801231e-27  3.320920e-26  1.187141e-25  1.705810e-25  2.532747e-25  2.815688e-25  1.762005e-25  2.491770e-25  4.964274e-25  5.393969e-26  1.356355e-25  1.427104e-25  8.328333e-26  6.516658e-26  2.831552e-26  0.000000e+00  0.000000e+00  2.478329e-26  8.779093e-26  2.023198e-25  2.045861e-25  1.610147e-25  2.325091e-25  6.006679e-25  9.661128e-25  1.168594e-24  1.345311e-24  1.778012e-24  2.000716e-24  1.691548e-24  1.741652e-24  1.674491e-24  1.610312e-24  1.468477e-24  1.202037e-24  1.030305e-24  8.073427e-25  7.522322e-25  5.167621e-25  4.694554e-25  3.559634e-25  4.192827e-25  4.832717e-25  5.305586e-25  5.442586e-25  8.118759e-25  2.169546e-24  2.763938e-24  6.710003e-24  9.141230e-24  1.134353e-23  6.935875e-24  6.090280e-24  1.198147e-23  9.103628e-24  6.367918e-24  7.497697e-24  5.797099e-24  4.941159e-24  4.429871e-24  5.241533e-24  5.324501e-24  5.164300e-24  3.551651e-24  3.204848e-24  4.180194e-24  3.320863e-24  2.508844e-24  1.966857e-24  1.504614e-24  1.243437e-24  9.949615e-25  6.626056e-25  5.563242e-25  3.581930e-25  2.942447e-25  2.304004e-25  2.731122e-25  2.573830e-25  2.642142e-25  2.118949e-25  2.103972e-25  1.943507e-25  1.145080e-25  7.048343e-26  5.541233e-26  5.887647e-26  1.011339e-26  4.074080e-26  8.816804e-27  1.207880e-26  8.309705e-27  4.823277e-27  0.000000e+00  0.000000e+00  0.000000e+00  0.000000e+00  0.000000e+00  0.000000e+00  0.000000e+00  0.000000e+00  0.000000e+00  0.000000e+00  0.000000e+00  0.000000e+00  0.000000e+00  0.000000e+00  0.000000e+00  0.000000e+00  0.000000e+00  0.000000e+00  0.000000e+00  0.000000e+00  0.000000e+00  0.000000e+00  0.000000e+00  0.000000e+00  0.000000e+00  0.000000e+00  0.000000e+00  0.000000e+00  0.000000e+00  0.000000e+00  0.000000e+00  1.023033e-26  5.042649e-26  1.604193e-25  3.154063e-25  4.405833e-25  6.132884e-25  7.307872e-25  6.419018e-25  7.904626e-25  7.166210e-25  5.627105e-25  8.745902e-25  1.127700e-24  2.915140e-24  1.107836e-24  1.094664e-24  1.067391e-24  1.098264e-24  1.198170e-24  1.376149e-24  1.607241e-24  1.584546e-24  1.784027e-24  1.890162e-24  1.859739e-24  2.272095e-24  1.625498e-24  1.785248e-24  1.566956e-24  1.813457e-24  3.273028e-24  4.216589e-24  2.689734e-24  2.860246e-24  2.563797e-24  2.430241e-24  1.885477e-24  3.084334e-24  3.058320e-24  2.628484e-24  2.320220e-24  3.417033e-24  2.439514e-24  2.512131e-24  2.685596e-24  2.438882e-24  2.292614e-24  2.485030e-24  2.262197e-24  2.554401e-24  2.021545e-24  2.137023e-24  2.417931e-24  2.339393e-24  2.701479e-24  2.368077e-24  2.099793e-24  2.232380e-24  1.717096e-24  1.904280e-24  1.783025e-24  1.433881e-24  1.418952e-24  1.644120e-24  1.166172e-24  1.176438e-24  9.973990e-25  9.265679e-25  8.224879e-25  9.033754e-25  7.301158e-25  5.989646e-25  6.251403e-25  4.436326e-25  4.496777e-25  2.989955e-25  3.330757e-25  2.463654e-25  2.374678e-25  1.722119e-25  1.661087e-25  1.556051e-25  9.920304e-26  4.162159e-26  1.345079e-25  8.876439e-26  4.569090e-26  6.219161e-26  5.878067e-26  2.130188e-26  2.322157e-26  1.851973e-26  2.661246e-26  0.000000e+00  0.000000e+00  0.000000e+00  0.000000e+00  0.000000e+00  0.000000e+00  0.000000e+00  0.000000e+00  0.000000e+00  0.000000e+00  0.000000e+00  0.000000e+00  0.000000e+00  0.000000e+00  0.000000e+00  0.000000e+00  0.000000e+00  0.000000e+00  0.000000e+00  0.000000e+00  0.000000e+00  0.000000e+00  0.000000e+00  0.000000e+00  0.000000e+00  0.000000e+00  0.000000e+00  0.000000e+00  0.000000e+00  0.000000e+00  0.000000e+00  0.000000e+00  0.000000e+00  0.000000e+00  0.000000e+00  0.000000e+00  6.536646e-26  6.450877e-26  1.569896e-25  2.296448e-25  4.982048e-25  4.586393e-25  5.583345e-25  1.031022e-24  1.021604e-24  1.674170e-24  3.692547e-25  1.203337e-24  1.393640e-24  1.289536e-24
0.000000e+00  0.000000e+00  0.000000e+00  0.000000e+00  0.000000e+00  0.000000e+00  0.000000e+00  0.000000e+00  0.000000e+00  0.000000e+00  0.000000e+00  0.000000e+00  0.000000e+00  0.000000e+00  0.000000e+00  0.000000e+00  0.000000e+00  0.000000e+00  0.000000e+00  0.000000e+00  0.000000e+00  0.000000e+00  0.000000e+00  0.000000e+00  0.000000e+00  0.000000e+00  0.000000e+00  0.000000e+00  0.000000e+00  0.000000e+00  0.000000e+00  0.000000e+00  0.000000e+00  0.000000e+00  0.000000e+00  0.000000e+00  0.000000e+00  0.000000e+00  0.000000e+00  0.000000e+00  0.000000e+00  0.000000e+00  0.000000e+00  0.000000e+00  0.000000e+00  0.000000e+00  0.000000e+00  0.000000e+00  0.000000e+00  0.000000e+00  0.000000e+00  0.000000e+00  0.000000e+00  0.000000e+00  0.000000e+00  0.000000e+00  0.000000e+00  0.000000e+00  0.000000e+00  0.000000e+00  0.000000e+00  0.000000e+00  0.000000e+00  0.000000e+00  0.000000e+00  0.000000e+00  0.000000e+00  0.000000e+00  0.000000e+00  0.000000e+00  0.000000e+00  0.000000e+00  0.000000e+00  0.000000e+00  0.000000e+00  0.000000e+00  0.000000e+00  0.000000e+00  0.000000e+00  0.000000e+00  0.000000e+00  0.000000e+00  0.000000e+00  0.000000e+00  0.000000e+00  0.000000e+00  0.000000e+00  0.000000e+00  0.000000e+00  0.000000e+00  0.000000e+00  0.000000e+00  0.000000e+00  0.000000e+00  0.000000e+00  0.000000e+00  0.000000e+00  0.000000e+00  0.000000e+00  0.000000e+00  0.000000e+00  0.000000e+00  0.000000e+00  0.000000e+00  0.000000e+00  0.000000e+00  0.000000e+00  0.000000e+00  0.000000e+00  0.000000e+00  0.000000e+00  0.000000e+00  0.000000e+00  0.000000e+00  0.000000e+00  0.000000e+00  0.000000e+00  0.000000e+00  0.000000e+00  0.000000e+00  0.000000e+00  0.000000e+00  0.000000e+00  0.000000e+00  0.000000e+00  0.000000e+00  0.000000e+00  0.000000e+00  0.000000e+00  0.000000e+00  0.000000e+00  0.000000e+00  0.000000e+00  0.000000e+00  0.000000e+00  0.000000e+00  0.000000e+00  0.000000e+00  0.000000e+00  0.000000e+00  0.000000e+00  0.000000e+00  0.000000e+00  0.000000e+00  0.000000e+00  0.000000e+00  0.000000e+00  0.000000e+00  0.000000e+00  0.000000e+00  0.000000e+00  0.000000e+00  0.000000e+00  0.000000e+00  0.000000e+00  0.000000e+00  0.000000e+00  0.000000e+00  0.000000e+00  0.000000e+00  0.000000e+00  0.000000e+00  0.000000e+00  0.000000e+00  0.000000e+00  0.000000e+00  0.000000e+00  0.000000e+00  0.000000e+00  0.000000e+00  0.000000e+00  0.000000e+00  0.000000e+00  0.000000e+00  0.000000e+00  0.000000e+00  0.000000e+00  0.000000e+00  0.000000e+00  0.000000e+00  0.000000e+00  0.000000e+00  0.000000e+00  0.000000e+00  0.000000e+00  0.000000e+00  0.000000e+00  0.000000e+00  0.000000e+00  0.000000e+00  0.000000e+00  0.000000e+00  0.000000e+00  0.000000e+00  0.000000e+00  0.000000e+00  0.000000e+00  0.000000e+00  0.000000e+00  0.000000e+00  0.000000e+00  0.000000e+00  0.000000e+00  0.000000e+00  0.000000e+00  0.000000e+00  0.000000e+00  0.000000e+00  0.000000e+00  0.000000e+00  0.000000e+00  0.000000e+00  0.000000e+00  0.000000e+00  0.000000e+00  0.000000e+00  0.000000e+00  0.000000e+00  0.000000e+00  0.000000e+00  0.000000e+00  0.000000e+00  0.000000e+00  0.000000e+00  0.000000e+00  0.000000e+00  0.000000e+00  0.000000e+00  0.000000e+00  0.000000e+00  0.000000e+00  0.000000e+00  0.000000e+00  0.000000e+00  0.000000e+00  0.000000e+00  0.000000e+00  0.000000e+00  0.000000e+00  0.000000e+00  0.000000e+00  0.000000e+00  0.000000e+00  0.000000e+00  0.000000e+00  0.000000e+00  0.000000e+00  0.000000e+00  0.000000e+00  0.000000e+00  0.000000e+00  0.000000e+00  0.000000e+00  0.000000e+00  0.000000e+00  0.000000e+00  0.000000e+00  0.000000e+00  0.000000e+00  0.000000e+00  0.000000e+00  0.000000e+00  0.000000e+00  0.000000e+00  0.000000e+00  0.000000e+00  0.000000e+00  0.000000e+00  0.000000e+00  0.000000e+00  0.000000e+00  0.000000e+00  0.000000e+00  0.000000e+00  0.000000e+00  0.000000e+00  0.000000e+00  0.000000e+00  0.000000e+00  0.000000e+00  0.000000e+00  0.000000e+00  0.000000e+00  0.000000e+00  0.000000e+00  0.000000e+00  0.000000e+00  0.000000e+00  0.000000e+00  0.000000e+00  0.000000e+00  0.000000e+00  0.000000e+00  0.000000e+00  0.000000e+00  0.000000e+00  0.000000e+00  0.000000e+00  0.000000e+00  0.000000e+00  0.000000e+00  0.000000e+00  0.000000e+00  0.000000e+00  0.000000e+00  0.000000e+00  0.000000e+00  0.000000e+00  0.000000e+00  0.000000e+00  0.000000e+00  0.000000e+00  0.000000e+00  0.000000e+00  0.000000e+00  0.000000e+00  0.000000e+00  0.000000e+00  0.000000e+00  0.000000e+00  0.000000e+00  0.000000e+00  0.000000e+00  0.000000e+00  0.000000e+00  0.000000e+00  0.000000e+00  0.000000e+00  0.000000e+00  0.000000e+00  0.000000e+00  0.000000e+00  0.000000e+00  0.000000e+00  0.000000e+00  0.000000e+00  0.000000e+00  0.000000e+00  0.000000e+00  0.000000e+00  0.000000e+00  0.000000e+00  0.000000e+00  0.000000e+00  0.000000e+00  0.000000e+00  0.000000e+00  0.000000e+00  0.000000e+00  0.000000e+00  0.000000e+00  0.000000e+00  0.000000e+00  0.000000e+00  0.000000e+00  0.000000e+00  0.000000e+00  0.000000e+00  0.000000e+00  0.000000e+00  0.000000e+00  0.000000e+00  0.000000e+00  0.000000e+00  0.000000e+00  0.000000e+00  0.000000e+00  0.000000e+00  0.000000e+00  0.000000e+00  0.000000e+00  0.000000e+00  0.000000e+00  0.000000e+00  0.000000e+00  0.000000e+00  0.000000e+00  0.000000e+00  0.000000e+00  0.000000e+00  0.000000e+00  0.000000e+00  0.000000e+00  0.000000e+00  0.000000e+00  0.000000e+00  0.000000e+00  0.000000e+00  2.056791e-26  8.192390e-27  4.992953e-26  1.557317e-26  7.359477e-26  1.934969e-25  2.665790e-25  4.086924e-25  4.224760e-25  4.208215e-25  3.564421e-25  2.237497e-25  1.518755e-25  2.801243e-26  9.371853e-26  1.891691e-25  8.357434e-26  7.385914e-26  8.001229e-27  2.252275e-26  1.104248e-26  1.103520e-26  1.728629e-26  6.600107e-27  0.000000e+00  0.000000e+00  0.000000e+00  0.000000e+00  0.000000e+00  0.000000e+00  0.000000e+00  0.000000e+00  0.000000e+00  0.000000e+00  3.662208e-27  7.354679e-27  6.065463e-27  9.256800e-27  1.139211e-26  1.077182e-26  1.195518e-26  1.161132e-26  1.712527e-26  2.559965e-26  2.821847e-26  2.589842e-26  3.141134e-26  3.624782e-26  1.057534e-28  0.000000e+00  0.000000e+00  0.000000e+00  0.000000e+00  0.000000e+00  0.000000e+00  0.000000e+00  0.000000e+00  0.000000e+00  0.000000e+00  0.000000e+00  0.000000e+00  0.000000e+00  1.330731e-26  2.378464e-26  2.451373e-26  4.230301e-26  1.042607e-25  2.905266e-26  2.764046e-26  2.508774e-26  5.125578e-27  4.910900e-26  2.805687e-26  1.579084e-26  2.254972e-26  5.403191e-26  3.583761e-26  2.480678e-26  2.269088e-26  4.120833e-26  5.810442e-26  6.607010e-26  5.490066e-26  2.663801e-26  4.059734e-26  5.281980e-26  5.702422e-26  3.886665e-26  3.965356e-26  1.593922e-26  0.000000e+00  2.032396e-26  9.721680e-27  1.051610e-26  0.000000e+00  0.000000e+00  0.000000e+00  0.000000e+00  0.000000e+00  0.000000e+00  0.000000e+00  0.000000e+00  0.000000e+00  0.000000e+00  0.000000e+00  0.000000e+00  0.000000e+00  0.000000e+00  0.000000e+00  0.000000e+00  0.000000e+00  0.000000e+00  0.000000e+00  0.000000e+00  0.000000e+00  0.000000e+00  8.706229e-27  3.300622e-26  1.191246e-25  1.703811e-25  2.536772e-25  2.823500e-25  1.763604e-25  2.498546e-25  4.971413e-25  5.421264e-26  1.346327e-25  1.433538e-25  8.288174e-26  6.515394e-26  2.861985e-26  0.000000e+00  0.000000e+00  2.473439e-26  8.793958e-26  2.023963e-25  2.045383e-25  1.612945e-25  2.328559e-25  6.002463e-25  9.670527e-25  1.169904e-24  1.345412e-24  1.779790e-24  2.004938e-24  1.698065e-24  1.749163e-24  1.677353e-24  1.614053e-24  1.468431e-24  1.202405e-24  1.039407e-24  8.083354e-25  7.541069e-25  5.184148e-25  4.704786e-25  3.565854e-25  4.195503e-25  4.849612e-25  5.310829e-25  5.464748e-25  8.133864e-25  2.174812e-24  2.779145e-24  6.717823e-24  9.138052e-24  1.135506e-23  6.983034e-24  6.071901e-24  1.196346e-23  9.149834e-24  6.373695e-24  7.494666e-24  5.821736e-24  4.944976e-24  4.419629e-24  5.255283e-24  5.329818e-24  5.158908e-24  3.556832e-24  3.214237e-24  4.187472e-24  3.322052e-24  2.511778e-24  1.966178e-24  1.509770e-24  1.250365e-24  9.944781e-25  6.635518e-25  5.555065e-25  3.580990e-25  2.945762e-25  2.309882e-25  2.736805e-25  2.588928e-25  2.645953e-25  2.133124e-25  2.114257e-25  1.952963e-25  1.139578e-25  7.037585e-26  5.534155e-26  5.823378e-26  1.017284e-26  4.041144e-26  8.883245e-27  1.230982e-26  8.491375e-27  4.751316e-27  0.000000e+00  0.000000e+00  0.000000e+00  0.000000e+00  0.000000e+00  0.000000e+00  0.000000e+00  0.000000e+00  0.000000e+00  0.000000e+00  0.000000e+00  0.000000e+00  0.000000e+00  0.000000e+00  0.000000e+00  0.000000e+00  0.000000e+00  0.000000e+00  0.000000e+00  0.000000e+00  0.000000e+00  0.000000e+00  0.000000e+00  0.000000e+00  0.000000e+00  0.000000e+00  0.000000e+00  0.000000e+00  0.000000e+00  0.000000e+00  0.000000e+00  9.912645e-27  4.894561e-26  1.607642e-25  3.138741e-25  4.443637e-25  6.169563e-25  7.324252e-25  6.468964e-25  7.897517e-25  7.212298e-25  5.597049e-25  8.732242e-25  1.126451e-24  2.917997e-24  1.104475e-24  1.088432e-24  1.065584e-24  1.102309e-24  1.196099e-24  1.379055e-24  1.608215e-24  1.586008e-24  1.794658e-24  1.894003e-24  1.870491e-24  2.287010e-24  1.626105e-24  1.798628e-24  1.575393e-24  1.824300e-24  3.293604e-24  4.222387e-24  2.706835e-24  2.870379e-24  2.565794e-24  2.441846e-24  1.899306e-24  3.110344e-24  3.049786e-24  2.636944e-24  2.336296e-24  3.421663e-24  2.447910e-24  2.525535e-24  2.705793e-24  2.435389e-24  2.288300e-24  2.478374e-24  2.268275e-24  2.550001e-24  2.009685e-24  2.141974e-24  2.422474e-24  2.346415e-24  2.699790e-24  2.364302e-24  2.097385e-24  2.234319e-24  1.727362e-24  1.903846e-24  1.777403e-24  1.445912e-24  1.433505e-24  1.646901e-24  1.165672e-24  1.182149e-24  9.939433e-25  9.261479e-25  8.214742e-25  9.017876e-25  7.311156e-25  6.029616e-25  6.290248e-25  4.473425e-25  4.521064e-25  3.002027e-25  3.322150e-25  2.461918e-25  2.366551e-25  1.722386e-25  1.688835e-25  1.555237e-25  9.772367e-26  4.204311e-26  1.366089e-25  8.768536e-26  4.629257e-26  6.168479e-26  5.794571e-26  2.117405e-26  2.323401e-26  1.811877e-26  2.666657e-26  0.000000e+00  0.000000e+00  0.000000e+00  0.000000e+00  0.000000e+00  0.000000e+00  0.000000e+00  0.000000e+00  0.000000e+00  0.000000e+00  0.000000e+00  0.000000e+00  0.000000e+00  0.000000e+00  0.000000e+00  0.000000e+00  0.000000e+00  0.000000e+00  0.000000e+00  0.000000e+00  0.000000e+00  0.000000e+00  0.000000e+00  0.000000e+00  0.000000e+00  0.000000e+00  0.000000e+00  0.000000e+00  0.000000e+00  0.000000e+00  0.000000e+00  0.000000e+00  0.000000e+00  0.000000e+00  0.000000e+00  0.000000e+00  6.560589e-26  6.539992e-26  1.571425e-25  2.280127e-25  4.974466e-25  4.603268e-25  5.571797e-25  1.042318e-24  1.018796e-24  1.662286e-24  3.746612e-25  1.208682e-24  1.418239e-24  1.301555e-24
0.000000e+00  0.000000e+00  0.000000e+00  0.000000e+00  0.000000e+00  0.000000e+00  0.000000e+00  0.000000e+00  0.000000e+00  0.000000e+00  0.000000e+00  0.000000e+00  0.000000e+00  0.000000e+00  0.000000e+00  0.000000e+00  0.000000e+00  0.000000e+00  0.000000e+00  0.000000e+00  0.000000e+00  0.000000e+00  0.000000e+00  0.000000e+00  0.000000e+00  0.000000e+00  0.000000e+00  0.000000e+00  0.000000e+00  0.000000e+00  0.000000e+00  0.000000e+00  0.000000e+00  0.000000e+00  0.000000e+00  0.000000e+00  0.000000e+00  0.000000e+00  0.000000e+00  0.000000e+00  0.000000e+00  0.000000e+00  0.000000e+00  0.000000e+00  0.000000e+00  0.000000e+00  0.000000e+00  0.000000e+00  0.000000e+00  0.000000e+00  0.000000e+00  0.000000e+00  0.000000e+00  0.000000e+00  0.000000e+00  0.000000e+00  0.000000e+00  0.000000e+00  0.000000e+00  0.000000e+00  0.000000e+00  0.000000e+00  0.000000e+00  0.000000e+00  0.000000e+00  0.000000e+00  0.000000e+00  0.000000e+00  0.000000e+00  0.000000e+00  0.000000e+00  0.000000e+00  0.000000e+00  0.000000e+00  0.000000e+00  0.000000e+00  0.000000e+00  0.000000e+00  0.000000e+00  0.000000e+00  0.000000e+00  0.000000e+00  0.000000e+00  0.000000e+00  0.000000e+00  0.000000e+00  0.000000e+00  0.000000e+00  0.000000e+00  0.000000e+00  0.000000e+00  0.000000e+00  0.000000e+00  0.000000e+00  0.000000e+00  0.000000e+00  0.000000e+00  0.000000e+00  0.000000e+00  0.000000e+00  0.000000e+00  0.000000e+00  0.000000e+00  0.000000e+00  0.000000e+00  0.000000e+00  0.000000e+00  0.000000e+00  0.000000e+00  0.000000e+00  0.000000e+00  0.000000e+00  0.000000e+00  0.000000e+00  0.000000e+00  0.000000e+00  0.000000e+00  0.000000e+00  0.000000e+00  0.000000e+00  0.000000e+00  0.000000e+00  0.000000e+00  0.000000e+00  0.000000e+00  0.000000e+00  0.000000e+00  0.000000e+00  0.000000e+00  0.000000e+00  0.000000e+00  0.000000e+00  0.000000e+00  0.000000e+00  0.000000e+00  0.000000e+00  0.000000e+00  0.000000e+00  0.000000e+00  0.000000e+00  0.000000e+00  0.000000e+00  0.000000e+00  0.000000e+00  0.000000e+00  0.000000e+00  0.000000e+00  0.000000e+00  0.000000e+00  0.000000e+00  0.000000e+00  0.000000e+00  0.000000e+00  0.000000e+00  0.000000e+00  0.000000e+00  0.000000e+00  0.000000e+00  0.000000e+00  0.000000e+00  0.000000e+00  0.000000e+00  0.000000e+00  0.000000e+00  0.000000e+00  0.000000e+00  0.000000e+00  0.000000e+00  0.000000e+00  0.000000e+00  0.000000e+00  0.000000e+00  0.000000e+00  0.000000e+00  0.000000e+00  0.000000e+00  0.000000e+00  0.000000e+00  0.000000e+00  0.000000e+00  0.000000e+00  0.000000e+00  0.000000e+00  0.000000e+00  0.000000e+00  0.000000e+00  0.000000e+00  0.000000e+00  0.000000e+00  0.000000e+00  0.000000e+00  0.000000e+00  0.000000e+00  0.000000e+00  0.000000e+00  0.000000e+00  0.000000e+00  0.000000e+00  0.000000e+00  0.000000e+00  0.000000e+00  0.000000e+00  0.000000e+00  0.000000e+00  0.000000e+00  0.000000e+00  0.000000e+00  0.000000e+00  0.000000e+00  0.000000e+00  0.000000e+00  0.000000e+00  0.000000e+00  0.000000e+00  0.000000e+00  0.000000e+00  0.000000e+00  0.000000e+00  0.000000e+00  0.000000e+00  0.000000e+00  0.000000e+00  0.000000e+00  0.000000e+00  0.000000e+00  0.000000e+00  0.000000e+00  0.000000e+00  0.000000e+00  0.000000e+00  0.000000e+00  0.000000e+00  0.000000e+00  0.000000e+00  0.000000e+00  0.000000e+00  0.000000e+00  0.000000e+00  0.000000e+00  0.000000e+00  0.000000e+00  0.000000e+00  0.000000e+00  0.000000e+00  0.000000e+00  0.000000e+00  0.000000e+00  0.000000e+00  0.000000e+00  0.000000e+00  0.000000e+00  0.000000e+00  0.000000e+00  0.000000e+00  0.000000e+00  0.000000e+00  0.000000e+00  0.000000e+00  0.000000e+00  0.000000e+00  0.000000e+00  0.000000e+00  0.000000e+00  0.000000e+00  0.000000e+00  0.000000e+00  0.000000e+00  0.000000e+00  0.000000e+00  0.000000e+00  0.000000e+00  0.000000e+00  0.000000e+00  0.000000e+00  0.000000e+00  0.000000e+00  0.000000e+00  0.000000e+00  0.000000e+00  0.000000e+00  0.000000e+00  0.000000e+00  0.000000e+00  0.000000e+00  0.000000e+00  0.000000e+00  0.000000e+00  0.000000e+00  0.000000e+00  0.000000e+00  0.000000e+00  0.000000e+00  0.000000e+00  0.000000e+00  0.000000e+00  0.000000e+00  0.000000e+00  0.000000e+00  0.000000e+00  0.000000e+00  0.000000e+00  0.000000e+00  0.000000e+00  0.000000e+00  0.000000e+00  0.000000e+00  0.000000e+00  0.000000e+00  0.000000e+00  0.000000e+00  0.000000e+00  0.000000e+00  0.000000e+00  0.000000e+00  0.000000e+00  0.000000e+00  0.000000e+00  0.000000e+00  0.000000e+00  0.000000e+00  0.000000e+00  0.000000e+00  0.000000e+00  0.000000e+00  0.000000e+00  0.000000e+00  0.000000e+00  0.000000e+00  0.000000e+00  0.000000e+00  0.000000e+00  0.000000e+00  0.000000e+00  0.000000e+00  0.000000e+00  0.000000e+00  0.000000e+00  0.000000e+00  0.000000e+00  0.000000e+00  0.000000e+00  0.000000e+00  0.000000e+00  0.000000e+00  0.000000e+00  0.000000e+00  0.000000e+00  0.000000e+00  0.000000e+00  0.000000e+00  0.000000e+00  0.000000e+00  0.000000e+00  0.000000e+00  0.000000e+00  0.000000e+00  0.000000e+00  0.000000e+00  0.000000e+00  0.000000e+00  0.000000e+00  0.000000e+00  0.000000e+00  0.000000e+00  0.000000e+00  0.000000e+00  0.000000e+00  0.000000e+00  0.000000e+00  0.000000e+00  0.000000e+00  0.000000e+00  0.000000e+00  0.000000e+00  0.000000e+00  0.000000e+00  0.000000e+00  0.000000e+00  0.000000e+00  0.000000e+00  0.000000e+00  0.000000e+00  0.000000e+00  0.000000e+00  0.000000e+00  0.000000e+00  0.000000e+00  0.000000e+00  2.041967e-26  8.233367e-27  4.991162e-26  1.562910e-26  7.388408e-26  1.938550e-25  2.668090e-25  4.110391e-25  4.228708e-25  4.211176e-25  3.569695e-25  2.234233e-25  1.524119e-25  2.778962e-26  9.474439e-26  1.888730e-25  8.322698e-26  7.379659e-26  7.946479e-27  2.255616e-26  1.104127e-26  1.099479e-26  1.730361e-26  6.624979e-27  0.000000e+00  0.000000e+00  0.000000e+00  0.000000e+00  0.000000e+00  0.000000e+00  0.000000e+00  0.000000e+00  0.000000e+00  0.000000e+00  3.669906e-27  7.345110e-27  6.086685e-27  9.266339e-27  1.142239e-26  1.075885e-26  1.198609e-26  1.163781e-26  1.714916e-26  2.569462e-26  2.832027e-26  2.597264e-26  3.146011e-26  3.630964e-26  1.033156e-28  0.000000e+00  0.000000e+00  0.000000e+00  0.000000e+00  0.000000e+00  0.000000e+00  0.000000e+00  0.000000e+00  0.000000e+00  0.000000e+00  0.000000e+00  0.000000e+00  0.000000e+00  1.337065e-26  2.390553e-26  2.450905e-26  4.252461e-26  1.045413e-25  2.940311e-26  2.760378e-26  2.510228e-26  5.161766e-27  4.920851e-26  2.813568e-26  1.592517e-26  2.246353e-26  5.419184e-26  3.573876e-26  2.461297e-26  2.273194e-26  4.147075e-26  5.811767e-26  6.590280e-26  5.537108e-26  2.668369e-26  4.067811e-26  5.286401e-26  5.689149e-26  3.883090e-26  3.980186e-26  1.594414e-26  0.000000e+00  2.028688e-26  9.667229e-27  1.051122e-26  0.000000e+00  0.000000e+00  0.000000e+00  0.000000e+00  0.000000e+00  0.000000e+00  0.000000e+00  0.000000e+00  0.000000e+00  0.000000e+00  0.000000e+00  0.000000e+00  0.000000e+00  0.000000e+00  0.000000e+00  0.000000e+00  0.000000e+00  0.000000e+00  0.000000e+00  0.000000e+00  0.000000e+00  0.000000e+00  8.621408e-27  3.277662e-26  1.194757e-25  1.701328e-25  2.540696e-25  2.830441e-25  1.765140e-25  2.505221e-25  4.978390e-25  5.448319e-26  1.335264e-25  1.439734e-25  8.246043e-26  6.510675e-26  2.896493e-26  0.000000e+00  0.000000e+00  2.468061e-26  8.802545e-26  2.024436e-25  2.044229e-25  1.615872e-25  2.331778e-25  5.996174e-25  9.675876e-25  1.170900e-24  1.345218e-24  1.781420e-24  2.008771e-24  1.704264e-24  1.756414e-24  1.679587e-24  1.617213e-24  1.467942e-24  1.202376e-24  1.048782e-24  8.091928e-25  7.557233e-25  5.199382e-25  4.714697e-25  3.571841e-25  4.196177e-25  4.866506e-25  5.313766e-25  5.486724e-25  8.147856e-25  2.179662e-24  2.794304e-24  6.724487e-24  9.130222e-24  1.136251e-23  7.029926e-24  6.052857e-24  1.194324e-23  9.197695e-24  6.378453e-24  7.488557e-24  5.845868e-24  4.947884e-24  4.408541e-24  5.268463e-24  5.332238e-24  5.151374e-24  3.560887e-24  3.222969e-24  4.193130e-24  3.321636e-24  2.513953e-24  1.965155e-24  1.514805e-24  1.256842e-24  9.936528e-25  6.642888e-25  5.545833e-25  3.579199e-25  2.949015e-25  2.314763e-25  2.742445e-25  2.603633e-25  2.648641e-25  2.147221e-25  2.124718e-25  1.962618e-25  1.133186e-25  7.023280e-26  5.519435e-26  5.755146e-26  1.023058e-26  4.006096e-26  8.954123e-27  1.255974e-26  8.677449e-27  4.665512e-27  0.000000e+00  0.000000e+00  0.000000e+00  0.000000e+00  0.000000e+00  0.000000e+00  0.000000e+00  0.000000e+00  0.000000e+00  0.000000e+00  0.000000e+00  0.000000e+00  0.000000e+00  0.000000e+00  0.000000e+00  0.000000e+00  0.000000e+00  0.000000e+00  0.000000e+00  0.000000e+00  0.000000e+00  0.000000e+00  0.000000e+00  0.000000e+00  0.000000e+00  0.000000e+00  0.000000e+00  0.000000e+00  0.000000e+00  0.000000e+00  0.000000e+00  9.559887e-27  4.730484e-26  1.610195e-25  3.122389e-25  4.480363e-25  6.204614e-25  7.340267e-25  6.522899e-25  7.889650e-25  7.257786e-25  5.563886e-25  8.714255e-25  1.124392e-24  2.921171e-24  1.100583e-24  1.081417e-24  1.062983e-24  1.106122e-24  1.193242e-24  1.381210e-24  1.608986e-24  1.586859e-24  1.805048e-24  1.897217e-24  1.881835e-24  2.302689e-24  1.626570e-24  1.812310e-24  1.583914e-24  1.835313e-24  3.311461e-24  4.225813e-24  2.723009e-24  2.880053e-24  2.567958e-24  2.453572e-24  1.913120e-24  3.137005e-24  3.038659e-24  2.645317e-24  2.352829e-24  3.425309e-24  2.455472e-24  2.538044e-24  2.726753e-24  2.430358e-24  2.283099e-24  2.471294e-24  2.274124e-24  2.543950e-24  1.996141e-24  2.146644e-24  2.425743e-24  2.352499e-24  2.697174e-24  2.359152e-24  2.094711e-24  2.234825e-24  1.737894e-24  1.902120e-24  1.770353e-24  1.458168e-24  1.448050e-24  1.648716e-24  1.164709e-24  1.187482e-24  9.897825e-25  9.254174e-25  8.202904e-25  8.998670e-25  7.320254e-25  6.072050e-25  6.330640e-25  4.510229e-25  4.546008e-25  3.013331e-25  3.311954e-25  2.459044e-25  2.358626e-25  1.722266e-25  1.716801e-25  1.553374e-25  9.614912e-26  4.248906e-26  1.388113e-25  8.656298e-26  4.688492e-26  6.107345e-26  5.706796e-26  2.101761e-26  2.325755e-26  1.770446e-26  2.669776e-26  0.000000e+00  0.000000e+00  0.000000e+00  0.000000e+00  0.000000e+00  0.000000e+00  0.000000e+00  0.000000e+00  0.000000e+00  0.000000e+00  0.000000e+00  0.000000e+00  0.000000e+00  0.000000e+00  0.000000e+00  0.000000e+00  0.000000e+00  0.000000e+00  0.000000e+00  0.000000e+00  0.000000e+00  0.000000e+00  0.000000e+00  0.000000e+00  0.000000e+00  0.000000e+00  0.000000e+00  0.000000e+00  0.000000e+00  0.000000e+00  0.000000e+00  0.000000e+00  0.000000e+00  0.000000e+00  0.000000e+00  0.000000e+00  6.581873e-26  6.634112e-26  1.572884e-25  2.262861e-25  4.967328e-25  4.621782e-25  5.561100e-25  1.054014e-24  1.015232e-24  1.647168e-24  3.802905e-25  1.215453e-24  1.444885e-24  1.314086e-24
0.000000e+00  0.000000e+00  0.000000e+00  0.000000e+00  0.000000e+00  0.000000e+00  0.000000e+00  0.000000e+00  0.000000e+00  0.000000e+00  0.000000e+00  0.000000e+00  0.000000e+00  0.000000e+00  0.000000e+00  0.000000e+00  0.000000e+00  0.000000e+00  0.000000e+00  0.000000e+00  0.000000e+00  0.000000e+00  0.000000e+00  0.000000e+00  0.000000e+00  0.000000e+00  0.000000e+00  0.000000e+00  0.000000e+00  0.000000e+00  0.000000e+00  0.000000e+00  0.000000e+00  0.000000e+00  0.000000e+00  0.000000e+00  0.000000e+00  0.000000e+00  0.000000e+00  0.000000e+00  0.000000e+00  0.000000e+00  0.000000e+00  0.000000e+00  0.000000e+00  0.000000e+00  0.000000e+00  0.000000e+00  0.000000e+00  0.000000e+00  0.000000e+00  0.000000e+00  0.000000e+00  0.000000e+00  0.000000e+00  0.000000e+00  0.000000e+00  0.000000e+00  0.000000e+00  0.000000e+00  0.000000e+00  0.000000e+00  0.000000e+00  0.000000e+00  0.000000e+00  0.000000e+00  0.000000e+00  0.000000e+00  0.000000e+00  0.000000e+00  0.000000e+00  0.000000e+00  0.000000e+00  0.000000e+00  0.000000e+00  0.000000e+00  0.000000e+00  0.000000e+00  0.000000e+00  0.000000e+00  0.000000e+00  0.000000e+00  0.000000e+00  0.000000e+00  0.000000e+00  0.000000e+00  0.000000e+00  0.000000e+00  0.000000e+00  0.000000e+00  0.000000e+00  0.000000e+00  0.000000e+00  0.000000e+00  0.000000e+00  0.000000e+00  0.000000e+00  0.000000e+00  0.000000e+00  0.000000e+00  0.000000e+00  0.000000e+00  0.000000e+00  0.000000e+00  0.000000e+00  0.000000e+00  0.000000e+00  0.000000e+00  0.000000e+00  0.000000e+00  0.000000e+00  0.000000e+00  0.000000e+00  0.000000e+00  0.000000e+00  0.000000e+00  0.000000e+00  0.000000e+00  0.000000e+00  0.000000e+00  0.000000e+00  0.000000e+00  0.000000e+00  0.000000e+00  0.000000e+00  0.000000e+00  0.000000e+00  0.000000e+00  0.000000e+00  0.000000e+00  0.000000e+00  0.000000e+00  0.000000e+00  0.000000e+00  0.000000e+00  0.000000e+00  0.000000e+00  0.000000e+00  0.000000e+00  0.000000e+00  0.000000e+00  0.000000e+00  0.000000e+00  0.000000e+00  0.000000e+00  0.000000e+00  0.000000e+00  0.000000e+00  0.000000e+00  0.000000e+00  0.000000e+00  0.000000e+00  0.000000e+00  0.000000e+00  0.000000e+00  0.000000e+00  0.000000e+00  0.000000e+00  0.000000e+00  0.000000e+00  0.000000e+00  0.000000e+00  0.000000e+00  0.000000e+00  0.000000e+00  0.000000e+00  0.000000e+00  0.000000e+00  0.000000e+00  0.000000e+00  0.000000e+00  0.000000e+00  0.000000e+00  0.000000e+00  0.000000e+00  0.000000e+00  0.000000e+00  0.000000e+00  0.000000e+00  0.000000e+00  0.000000e+00  0.000000e+00  0.000000e+00  0.000000e+00  0.000000e+00  0.000000e+00  0.000000e+00  0.000000e+00  0.000000e+00  0.000000e+00  0.000000e+00  0.000000e+00  0.000000e+00  0.000000e+00  0.000000e+00  0.000000e+00  0.000000e+00  0.000000e+00  0.000000e+00  0.000000e+00  0.000000e+00  0.000000e+00  0.000000e+00  0.000000e+00  0.000000e+00  0.000000e+00  0.000000e+00  0.000000e+00  0.000000e+00  0.000000e+00  0.000000e+00  0.000000e+00  0.000000e+00  0.000000e+00  0.000000e+00  0.000000e+00  0.000000e+00  0.000000e+00  0.000000e+00  0.000000e+00  0.000000e+00  0.000000e+00  0.000000e+00  0.000000e+00  0.000000e+00  0.000000e+00  0.000000e+00  0.000000e+00  0.000000e+00  0.000000e+00  0.000000e+00  0.000000e+00  0.000000e+00  0.000000e+00  0.000000e+00  0.000000e+00  0.000000e+00  0.000000e+00  0.000000e+00  0.000000e+00  0.000000e+00  0.000000e+00  0.000000e+00  0.000000e+00  0.000000e+00  0.000000e+00  0.000000e+00  0.000000e+00  0.000000e+00  0.000000e+00  0.000000e+00  0.000000e+00  0.000000e+00  0.000000e+00  0.000000e+00  0.000000e+00  0.000000e+00  0.000000e+00  0.000000e+00  0.000000e+00  0.000000e+00  0.000000e+00  0.000000e+00  0.000000e+00  0.000000e+00  0.000000e+00  0.000000e+00  0.000000e+00  0.000000e+00  0.000000e+00  0.000000e+00  0.000000e+00  0.000000e+00  0.000000e+00  0.000000e+00  0.000000e+00  0.000000e+00  0.000000e+00  0.000000e+00  0.000000e+00  0.000000e+00  0.000000e+00  0.000000e+00  0.000000e+00  0.000000e+00  0.000000e+00  0.000000e+00  0.000000e+00  0.000000e+00  0.000000e+00  0.000000e+00  0.000000e+00  0.000000e+00  0.000000e+00  0.000000e+00  0.000000e+00  0.000000e+00  0.000000e+00  0.000000e+00  0.000000e+00  0.000000e+00  0.000000e+00  0.000000e+00  0.000000e+00  0.000000e+00  0.000000e+00  0.000000e+00  0.000000e+00  0.000000e+00  0.000000e+00  0.000000e+00  0.000000e+00  0.000000e+00  0.000000e+00  0.000000e+00  0.000000e+00  0.000000e+00  0.000000e+00  0.000000e+00  0.000000e+00  0.000000e+00  0.000000e+00  0.000000e+00  0.000000e+00  0.000000e+00  0.000000e+00  0.000000e+00  0.000000e+00  0.000000e+00  0.000000e+00  0.000000e+00  0.000000e+00  0.000000e+00  0.000000e+00  0.000000e+00  0.000000e+00  0.000000e+00  0.000000e+00  0.000000e+00  0.000000e+00  0.000000e+00  0.000000e+00  0.000000e+00  0.000000e+00  0.000000e+00  0.000000e+00  0.000000e+00  0.000000e+00  0.000000e+00  0.000000e+00  0.000000e+00  0.000000e+00  0.000000e+00  0.000000e+00  0.000000e+00  0.000000e+00  0.000000e+00  0.000000e+00  0.000000e+00  0.000000e+00  0.000000e+00  0.000000e+00  0.000000e+00  0.000000e+00  0.000000e+00  0.000000e+00  0.000000e+00  0.000000e+00  0.000000e+00  0.000000e+00  0.000000e+00  0.000000e+00  0.000000e+00  0.000000e+00  0.000000e+00  0.000000e+00  0.000000e+00  0.000000e+00  0.000000e+00  0.000000e+00  0.000000e+00  0.000000e+00  0.000000e+00  0.000000e+00  0.000000e+00  0.000000e+00  0.000000e+00  0.000000e+00  2.026788e-26  8.270714e-27  4.987892e-26  1.568102e-26  7.418921e-26  1.942121e-25  2.669615e-25  4.133780e-25  4.231564e-25  4.213559e-25  3.574537e-25  2.230164e-25  1.529952e-25  2.754129e-26  9.577349e-26  1.885613e-25  8.284223e-26  7.372223e-26  7.891857e-27  2.259043e-26  1.103855e-26  1.095384e-26  1.731726e-26  6.647827e-27  0.000000e+00  0.000000e+00  0.000000e+00  0.000000e+00  0.000000e+00  0.000000e+00  0.000000e+00  0.000000e+00  0.000000e+00  0.000000e+00  3.676616e-27  7.333596e-27  6.108032e-27  9.274276e-27  1.144966e-26  1.074403e-26  1.201551e-26  1.166033e-26  1.717070e-26  2.578861e-26  2.841994e-26  2.604253e-26  3.150806e-26  3.636619e-26  1.009304e-28  0.000000e+00  0.000000e+00  0.000000e+00  0.000000e+00  0.000000e+00  0.000000e+00  0.000000e+00  0.000000e+00  0.000000e+00  0.000000e+00  0.000000e+00  0.000000e+00  0.000000e+00  1.342991e-26  2.402940e-26  2.449619e-26  4.272616e-26  1.048101e-25  2.974475e-26  2.757257e-26  2.510818e-26  5.205482e-27  4.931252e-26  2.820335e-26  1.604486e-26  2.236751e-26  5.433411e-26  3.563820e-26  2.442086e-26  2.275292e-26  4.174985e-26  5.812414e-26  6.571071e-26  5.584169e-26  2.673881e-26  4.077430e-26  5.291334e-26  5.675684e-26  3.879643e-26  3.992276e-26  1.593814e-26  0.000000e+00  2.024775e-26  9.610164e-27  1.049945e-26  0.000000e+00  0.000000e+00  0.000000e+00  0.000000e+00  0.000000e+00  0.000000e+00  0.000000e+00  0.000000e+00  0.000000e+00  0.000000e+00  0.000000e+00  0.000000e+00  0.000000e+00  0.000000e+00  0.000000e+00  0.000000e+00  0.000000e+00  0.000000e+00  0.000000e+00  0.000000e+00  0.000000e+00  0.000000e+00  8.548135e-27  3.253144e-26  1.197675e-25  1.698581e-25  2.544514e-25  2.836514e-25  1.766684e-25  2.511709e-25  4.985272e-25  5.474580e-26  1.323638e-25  1.445604e-25  8.203678e-26  6.503308e-26  2.933902e-26  0.000000e+00  0.000000e+00  2.462557e-26  8.805602e-26  2.024715e-25  2.042614e-25  1.618900e-25  2.334777e-25  5.988476e-25  9.677842e-25  1.171636e-24  1.344834e-24  1.782947e-24  2.012246e-24  1.710079e-24  1.763308e-24  1.681267e-24  1.619826e-24  1.467136e-24  1.202037e-24  1.058202e-24  8.099507e-25  7.570956e-25  5.213246e-25  4.724290e-25  3.577626e-25  4.195206e-25  4.883191e-25  5.314780e-25  5.508178e-25  8.160913e-25  2.184087e-24  2.809116e-24  6.730229e-24  9.118880e-24  1.136658e-23  7.075644e-24  6.034028e-24  1.192229e-23  9.246251e-24  6.382360e-24  7.480397e-24  5.869173e-24  4.950065e-24  4.397255e-24  5.281033e-24  5.332255e-24  5.142319e-24  3.563974e-24  3.231009e-24  4.197365e-24  3.319937e-24  2.515501e-24  1.963958e-24  1.519673e-24  1.262776e-24  9.925910e-25  6.648498e-25  5.536208e-25  3.576923e-25  2.952322e-25  2.318686e-25  2.748035e-25  2.617706e-25  2.650366e-25  2.160977e-25  2.135110e-25  1.972304e-25  1.126233e-25  7.006340e-26  5.498360e-26  5.685518e-26  1.028572e-26  3.970235e-26  9.027513e-27  1.282067e-26  8.862821e-27  4.569674e-27  0.000000e+00  0.000000e+00  0.000000e+00  0.000000e+00  0.000000e+00  0.000000e+00  0.000000e+00  0.000000e+00  0.000000e+00  0.000000e+00  0.000000e+00  0.000000e+00  0.000000e+00  0.000000e+00  0.000000e+00  0.000000e+00  0.000000e+00  0.000000e+00  0.000000e+00  0.000000e+00  0.000000e+00  0.000000e+00  0.000000e+00  0.000000e+00  0.000000e+00  0.000000e+00  0.000000e+00  0.000000e+00  0.000000e+00  0.000000e+00  0.000000e+00  9.185714e-27  4.556757e-26  1.611942e-25  3.105727e-25  4.515340e-25  6.237526e-25  7.355817e-25  6.579346e-25  7.881822e-25  7.301829e-25  5.529188e-25  8.693301e-25  1.121707e-24  2.924713e-24  1.096375e-24  1.073954e-24  1.059772e-24  1.109681e-24  1.189810e-24  1.382707e-24  1.609631e-24  1.587216e-24  1.815050e-24  1.899845e-24  1.893525e-24  2.318795e-24  1.626959e-24  1.826009e-24  1.592363e-24  1.846296e-24  3.326469e-24  4.227179e-24  2.738007e-24  2.889215e-24  2.570349e-24  2.465240e-24  1.926630e-24  3.163720e-24  3.025631e-24  2.653517e-24  2.369494e-24  3.428176e-24  2.462202e-24  2.549516e-24  2.747954e-24  2.424212e-24  2.277381e-24  2.464147e-24  2.279719e-24  2.536720e-24  1.981536e-24  2.151042e-24  2.427884e-24  2.357666e-24  2.693935e-24  2.353024e-24  2.092004e-24  2.234137e-24  1.748465e-24  1.899381e-24  1.762282e-24  1.470377e-24  1.462275e-24  1.649697e-24  1.163398e-24  1.192398e-24  9.851452e-25  9.244828e-25  8.190340e-25  8.977632e-25  7.328746e-25  6.115876e-25  6.371759e-25  4.545949e-25  4.571157e-25  3.023814e-25  3.300789e-25  2.455377e-25  2.351181e-25  1.721889e-25  1.744301e-25  1.550664e-25  9.453698e-26  4.294575e-26  1.410544e-25  8.543452e-26  4.745517e-26  6.038423e-26  5.618006e-26  2.084036e-26  2.329359e-26  1.728891e-26  2.670772e-26  0.000000e+00  0.000000e+00  0.000000e+00  0.000000e+00  0.000000e+00  0.000000e+00  0.000000e+00  0.000000e+00  0.000000e+00  0.000000e+00  0.000000e+00  0.000000e+00  0.000000e+00  0.000000e+00  0.000000e+00  0.000000e+00  0.000000e+00  0.000000e+00  0.000000e+00  0.000000e+00  0.000000e+00  0.000000e+00  0.000000e+00  0.000000e+00  0.000000e+00  0.000000e+00  0.000000e+00  0.000000e+00  0.000000e+00  0.000000e+00  0.000000e+00  0.000000e+00  0.000000e+00  0.000000e+00  0.000000e+00  0.000000e+00  6.598013e-26  6.729020e-26  1.573969e-25  2.244485e-25  4.959827e-25  4.640007e-25  5.549712e-25  1.065443e-24  1.010654e-24  1.629318e-24  3.855891e-25  1.222968e-24  1.472025e-24  1.326155e-24
0.000000e+00  0.000000e+00  0.000000e+00  0.000000e+00  0.000000e+00  0.000000e+00  0.000000e+00  0.000000e+00  0.000000e+00  0.000000e+00  0.000000e+00  0.000000e+00  0.000000e+00  0.000000e+00  0.000000e+00  0.000000e+00  0.000000e+00  0.000000e+00  0.000000e+00  0.000000e+00  0.000000e+00  0.000000e+00  0.000000e+00  0.000000e+00  0.000000e+00  0.000000e+00  0.000000e+00  0.000000e+00  0.000000e+00  0.000000e+00  0.000000e+00  0.000000e+00  0.000000e+00  0.000000e+00  0.000000e+00  0.000000e+00  0.000000e+00  0.000000e+00  0.000000e+00  0.000000e+00  0.000000e+00  0.000000e+00  0.000000e+00  0.000000e+00  0.000000e+00  0.000000e+00  0.000000e+00  0.000000e+00  0.000000e+00  0.000000e+00  0.000000e+00  0.000000e+00  0.000000e+00  0.000000e+00  0.000000e+00  0.000000e+00  0.000000e+00  0.000000e+00  0.000000e+00  0.000000e+00  0.000000e+00  0.000000e+00  0.000000e+00  0.000000e+00  0.000000e+00  0.000000e+00  0.000000e+00  0.000000e+00  0.000000e+00  0.000000e+00  0.000000e+00  0.000000e+00  0.000000e+00  0.000000e+00  0.000000e+00  0.000000e+00  0.000000e+00  0.000000e+00  0.000000e+00  0.000000e+00  0.000000e+00  0.000000e+00  0.000000e+00  0.000000e+00  0.000000e+00  0.000000e+00  0.000000e+00  0.000000e+00  0.000000e+00  0.000000e+00  0.000000e+00  0.000000e+00  0.000000e+00  0.000000e+00  0.000000e+00  0.000000e+00  0.000000e+00  0.000000e+00  0.000000e+00  0.000000e+00  0.000000e+00  0.000000e+00  0.000000e+00  0.000000e+00  0.000000e+00  0.000000e+00  0.000000e+00  0.000000e+00  0.000000e+00  0.000000e+00  0.000000e+00  0.000000e+00  0.000000e+00  0.000000e+00  0.000000e+00  0.000000e+00  0.000000e+00  0.000000e+00  0.000000e+00  0.000000e+00  0.000000e+00  0.000000e+00  0.000000e+00  0.000000e+00  0.000000e+00  0.000000e+00  0.000000e+00  0.000000e+00  0.000000e+00  0.000000e+00  0.000000e+00  0.000000e+00  0.000000e+00  0.000000e+00  0.000000e+00  0.000000e+00  0.000000e+00  0.000000e+00  0.000000e+00  0.000000e+00  0.000000e+00  0.000000e+00  0.000000e+00  0.000000e+00  0.000000e+00  0.000000e+00  0.000000e+00  0.000000e+00  0.000000e+00  0.000000e+00  0.000000e+00  0.000000e+00  0.000000e+00  0.000000e+00  0.000000e+00  0.000000e+00  0.000000e+00  0.000000e+00  0.000000e+00  0.000000e+00  0.000000e+00  0.000000e+00  0.000000e+00  0.000000e+00  0.000000e+00  0.000000e+00  0.000000e+00  0.000000e+00  0.000000e+00  0.000000e+00  0.000000e+00  0.000000e+00  0.000000e+00  0.000000e+00  0.000000e+00  0.000000e+00  0.000000e+00  0.000000e+00  0.000000e+00  0.000000e+00  0.000000e+00  0.000000e+00  0.000000e+00  0.000000e+00  0.000000e+00  0.000000e+00  0.000000e+00  0.000000e+00  0.000000e+00  0.000000e+00  0.000000e+00  0.000000e+00  0.000000e+00  0.000000e+00  0.000000e+00  0.000000e+00  0.000000e+00  0.000000e+00  0.000000e+00  0.000000e+00  0.000000e+00  0.000000e+00  0.000000e+00  0.000000e+00  0.000000e+00  0.000000e+00  0.000000e+00  0.000000e+00  0.000000e+00  0.000000e+00  0.000000e+00  0.000000e+00  0.000000e+00  0.000000e+00  0.000000e+00  0.000000e+00  0.000000e+00  0.000000e+00  0.000000e+00  0.000000e+00  0.000000e+00  0.000000e+00  0.000000e+00  0.000000e+00  0.000000e+00  0.000000e+00  0.000000e+00  0.000000e+00  0.000000e+00  0.000000e+00  0.000000e+00  0.000000e+00  0.000000e+00  0.000000e+00  0.000000e+00  0.000000e+00  0.000000e+00  0.000000e+00  0.000000e+00  0.000000e+00  0.000000e+00  0.000000e+00  0.000000e+00  0.000000e+00  0.000000e+00  0.000000e+00  0.000000e+00  0.000000e+00  0.000000e+00  0.000000e+00  0.000000e+00  0.000000e+00  0.000000e+00  0.000000e+00  0.000000e+00  0.000000e+00  0.000000e+00  0.000000e+00  0.000000e+00  0.000000e+00  0.000000e+00  0.000000e+00  0.000000e+00  0.000000e+00  0.000000e+00  0.000000e+00  0.000000e+00  0.000000e+00  0.000000e+00  0.000000e+00  0.000000e+00  0.000000e+00  0.000000e+00  0.000000e+00  0.000000e+00  0.000000e+00  0.000000e+00  0.000000e+00  0.000000e+00  0.000000e+00  0.000000e+00  0.000000e+00  0.000000e+00  0.000000e+00  0.000000e+00  0.000000e+00  0.000000e+00  0.000000e+00  0.000000e+00  0.000000e+00  0.000000e+00  0.000000e+00  0.000000e+00  0.000000e+00  0.000000e+00  0.000000e+00  0.000000e+00  0.000000e+00  0.000000e+00  0.000000e+00  0.000000e+00  0.000000e+00  0.000000e+00  0.000000e+00  0.000000e+00  0.000000e+00  0.000000e+00  0.000000e+00  0.000000e+00  0.000000e+00  0.000000e+00  0.000000e+00  0.000000e+00  0.000000e+00  0.000000e+00  0.000000e+00  0.000000e+00  0.000000e+00  0.000000e+00  0.000000e+00  0.000000e+00  0.000000e+00  0.000000e+00  0.000000e+00  0.000000e+00  0.000000e+00  0.000000e+00  0.000000e+00  0.000000e+00  0.000000e+00  0.000000e+00  0.000000e+00  0.000000e+00  0.000000e+00  0.000000e+00  0.000000e+00  0.000000e+00  0.000000e+00  0.000000e+00  0.000000e+00  0.000000e+00  0.000000e+00  0.000000e+00  0.000000e+00  0.000000e+00  0.000000e+00  0.000000e+00  0.000000e+00  0.000000e+00  0.000000e+00  0.000000e+00  0.000000e+00  0.000000e+00  0.000000e+00  0.000000e+00  0.000000e+00  0.000000e+00  0.000000e+00  0.000000e+00  0.000000e+00  0.000000e+00  0.000000e+00  0.000000e+00  0.000000e+00  0.000000e+00  0.000000e+00  0.000000e+00  0.000000e+00  0.000000e+00  0.000000e+00  0.000000e+00  0.000000e+00  0.000000e+00  0.000000e+00  0.000000e+00  0.000000e+00  0.000000e+00  0.000000e+00  0.000000e+00  0.000000e+00  0.000000e+00  0.000000e+00  0.000000e+00  0.000000e+00  0.000000e+00  0.000000e+00  0.000000e+00  0.000000e+00  1.997295e-26  8.333186e-27  4.978547e-26  1.577116e-26  7.481440e-26  1.949076e-25  2.670839e-25  4.178460e-25  4.234734e-25  4.217038e-25  3.583018e-25  2.220737e-25  1.542254e-25  2.700935e-26  9.774709e-26  1.879515e-25  8.202333e-26  7.355906e-26  7.789069e-27  2.265898e-26  1.103155e-26  1.087571e-26  1.733506e-26  6.687726e-27  0.000000e+00  0.000000e+00  0.000000e+00  0.000000e+00  0.000000e+00  0.000000e+00  0.000000e+00  0.000000e+00  0.000000e+00  0.000000e+00  3.687366e-27  7.307630e-27  6.149508e-27  9.286334e-27  1.149535e-26  1.071230e-26  1.206891e-26  1.169456e-26  1.720763e-26  2.596724e-26  2.860699e-26  2.616748e-26  3.160017e-26  3.646456e-26  9.644136e-29  0.000000e+00  0.000000e+00  0.000000e+00  0.000000e+00  0.000000e+00  0.000000e+00  0.000000e+00  0.000000e+00  0.000000e+00  0.000000e+00  0.000000e+00  0.000000e+00  0.000000e+00  1.353401e-26  2.427454e-26  2.445426e-26  4.306454e-26  1.053027e-25  3.037848e-26  2.752709e-26  2.510132e-26  5.306998e-27  4.952640e-26  2.830616e-26  1.624031e-26  2.216222e-26  5.456754e-26  3.544654e-26  2.406156e-26  2.274830e-26  4.232371e-26  5.812352e-26  6.529344e-26  5.674399e-26  2.686846e-26  4.099887e-26  5.302309e-26  5.650307e-26  3.873760e-26  4.009117e-26  1.590074e-26  0.000000e+00  2.017035e-26  9.495892e-27  1.046134e-26  0.000000e+00  0.000000e+00  0.000000e+00  0.000000e+00  0.000000e+00  0.000000e+00  0.000000e+00  0.000000e+00  0.000000e+00  0.000000e+00  0.000000e+00  0.000000e+00  0.000000e+00  0.000000e+00  0.000000e+00  0.000000e+00  0.000000e+00  0.000000e+00  0.000000e+00  0.000000e+00  0.000000e+00  0.000000e+00  8.436129e-27  3.203134e-26  1.201910e-25  1.692941e-25  2.551728e-25  2.846224e-25  1.769879e-25  2.523795e-25  4.998671e-25  5.523057e-26  1.300270e-25  1.456137e-25  8.123202e-26  6.483643e-26  3.012511e-26  0.000000e+00  0.000000e+00  2.452132e-26  8.798979e-26  2.024957e-25  2.038678e-25  1.625038e-25  2.340155e-25  5.971025e-25  9.674366e-25  1.172527e-24  1.343797e-24  1.785769e-24  2.018217e-24  1.720404e-24  1.775756e-24  1.683305e-24  1.623639e-24  1.464983e-24  1.200755e-24  1.076382e-24  8.112566e-25  7.591954e-25  5.236837e-25  4.742331e-25  3.588526e-25  4.189793e-25  4.915026e-25  5.312611e-25  5.548345e-25  8.184524e-25  2.191670e-24  2.836751e-24  6.739599e-24  9.089855e-24  1.136736e-23  7.160717e-24  5.999236e-24  1.188209e-23  9.341579e-24  6.388176e-24  7.461152e-24  5.912205e-24  4.952842e-24  4.375826e-24  5.304092e-24  5.327136e-24  5.121835e-24  3.567879e-24  3.244965e-24  4.202438e-24  3.313962e-24  2.517190e-24  1.961485e-24  1.528720e-24  1.272864e-24  9.901070e-25  6.655634e-25  5.517598e-25  3.571940e-25  2.959209e-25  2.324008e-25  2.758871e-25  2.643270e-25  2.651614e-25  2.186635e-25  2.154857e-25  1.991091e-25  1.111766e-25  6.968085e-26  5.443271e-26  5.550087e-26  1.038592e-26  3.900106e-26  9.174431e-27  1.334623e-26  9.215429e-27  4.363229e-27  0.000000e+00  0.000000e+00  0.000000e+00  0.000000e+00  0.000000e+00  0.000000e+00  0.000000e+00  0.000000e+00  0.000000e+00  0.000000e+00  0.000000e+00  0.000000e+00  0.000000e+00  0.000000e+00  0.000000e+00  0.000000e+00  0.000000e+00  0.000000e+00  0.000000e+00  0.000000e+00  0.000000e+00  0.000000e+00  0.000000e+00  0.000000e+00  0.000000e+00  0.000000e+00  0.000000e+00  0.000000e+00  0.000000e+00  0.000000e+00  0.000000e+00  8.422869e-27  4.203262e-26  1.613494e-25  3.073601e-25  4.578306e-25  6.295720e-25  7.384911e-25  6.693824e-25  7.868109e-25  7.383055e-25  5.460138e-25  8.647166e-25  1.115191e-24  2.932702e-24  1.087717e-24  1.058804e-24  1.052249e-24  1.115999e-24  1.182015e-24  1.384161e-24  1.610733e-24  1.586875e-24  1.833445e-24  1.903569e-24  1.916906e-24  2.350886e-24  1.627642e-24  1.852419e-24  1.608487e-24  1.867425e-24  3.348410e-24  4.225186e-24  2.763976e-24  2.905812e-24  2.575731e-24  2.487678e-24  1.951839e-24  3.215201e-24  2.996525e-24  2.669032e-24  2.401971e-24  3.432238e-24  2.473299e-24  2.569140e-24  2.789205e-24  2.410100e-24  2.265547e-24  2.450616e-24  2.290035e-24  2.520426e-24  1.951312e-24  2.158996e-24  2.429479e-24  2.365526e-24  2.686559e-24  2.339280e-24  2.087053e-24  2.230226e-24  1.768901e-24  1.891972e-24  1.744611e-24  1.493716e-24  1.488809e-24  1.649754e-24  1.160148e-24  1.200928e-24  9.752549e-25  9.223384e-25  8.165706e-25  8.934510e-25  7.344542e-25  6.203495e-25  6.452902e-25  4.611778e-25  4.620232e-25  3.042205e-25  3.277623e-25  2.446829e-25  2.338253e-25  1.720749e-25  1.795825e-25  1.543532e-25  9.138421e-26  4.384281e-26  1.454484e-25  8.327203e-26  4.849289e-26  5.887962e-26  5.447385e-26  2.045405e-26  2.339886e-26  1.649170e-26  2.667508e-26  0.000000e+00  0.000000e+00  0.000000e+00  0.000000e+00  0.000000e+00  0.000000e+00  0.000000e+00  0.000000e+00  0.000000e+00  0.000000e+00  0.000000e+00  0.000000e+00  0.000000e+00  0.000000e+00  0.000000e+00  0.000000e+00  0.000000e+00  0.000000e+00  0.000000e+00  0.000000e+00  0.000000e+00  0.000000e+00  0.000000e+00  0.000000e+00  0.000000e+00  0.000000e+00  0.000000e+00  0.000000e+00  0.000000e+00  0.000000e+00  0.000000e+00  0.000000e+00  0.000000e+00  0.000000e+00  0.000000e+00  0.000000e+00  6.617032e-26  6.913388e-26  1.575317e-25  2.206881e-25  4.945639e-25  4.675061e-25  5.527252e-25  1.086741e-24  9.994293e-25  1.588907e-24  3.948521e-25  1.239325e-24  1.525279e-24  1.348027e-24
0.000000e+00  0.000000e+00  0.000000e+00  0.000000e+00  0.000000e+00  0.000000e+00  0.000000e+00  0.000000e+00  0.000000e+00  0.000000e+00  0.000000e+00  0.000000e+00  0.000000e+00  0.000000e+00  0.000000e+00  0.000000e+00  0.000000e+00  0.000000e+00  0.000000e+00  0.000000e+00  0.000000e+00  0.000000e+00  0.000000e+00  0.000000e+00  0.000000e+00  0.000000e+00  0.000000e+00  0.000000e+00  0.000000e+00  0.000000e+00  0.000000e+00  0.000000e+00  0.000000e+00  0.000000e+00  0.000000e+00  0.000000e+00  0.000000e+00  0.000000e+00  0.000000e+00  0.000000e+00  0.000000e+00  0.000000e+00  0.000000e+00  0.000000e+00  0.000000e+00  0.000000e+00  0.000000e+00  0.000000e+00  0.000000e+00  0.000000e+00  0.000000e+00  0.000000e+00  0.000000e+00  0.000000e+00  0.000000e+00  0.000000e+00  0.000000e+00  0.000000e+00  0.000000e+00  0.000000e+00  0.000000e+00  0.000000e+00  0.000000e+00  0.000000e+00  0.000000e+00  0.000000e+00  0.000000e+00  0.000000e+00  0.000000e+00  0.000000e+00  0.000000e+00  0.000000e+00  0.000000e+00  0.000000e+00  0.000000e+00  0.000000e+00  0.000000e+00  0.000000e+00  0.000000e+00  0.000000e+00  0.000000e+00  0.000000e+00  0.000000e+00  0.000000e+00  0.000000e+00  0.000000e+00  0.000000e+00  0.000000e+00  0.000000e+00  0.000000e+00  0.000000e+00  0.000000e+00  0.000000e+00  0.000000e+00  0.000000e+00  0.000000e+00  0.000000e+00  0.000000e+00  0.000000e+00  0.000000e+00  0.000000e+00  0.000000e+00  0.000000e+00  0.000000e+00  0.000000e+00  0.000000e+00  0.000000e+00  0.000000e+00  0.000000e+00  0.000000e+00  0.000000e+00  0.000000e+00  0.000000e+00  0.000000e+00  0.000000e+00  0.000000e+00  0.000000e+00  0.000000e+00  0.000000e+00  0.000000e+00  0.000000e+00  0.000000e+00  0.000000e+00  0.000000e+00  0.000000e+00  0.000000e+00  0.000000e+00  0.000000e+00  0.000000e+00  0.000000e+00  0.000000e+00  0.000000e+00  0.000000e+00  0.000000e+00  0.000000e+00  0.000000e+00  0.000000e+00  0.000000e+00  0.000000e+00  0.000000e+00  0.000000e+00  0.000000e+00  0.000000e+00  0.000000e+00  0.000000e+00  0.000000e+00  0.000000e+00  0.000000e+00  0.000000e+00  0.000000e+00  0.000000e+00  0.000000e+00  0.000000e+00  0.000000e+00  0.000000e+00  0.000000e+00  0.000000e+00  0.000000e+00  0.000000e+00  0.000000e+00  0.000000e+00  0.000000e+00  0.000000e+00  0.000000e+00  0.000000e+00  0.000000e+00  0.000000e+00  0.000000e+00  0.000000e+00  0.000000e+00  0.000000e+00  0.000000e+00  0.000000e+00  0.000000e+00  0.000000e+00  0.000000e+00  0.000000e+00  0.000000e+00  0.000000e+00  0.000000e+00  0.000000e+00  0.000000e+00  0.000000e+00  0.000000e+00  0.000000e+00  0.000000e+00  0.000000e+00  0.000000e+00  0.000000e+00  0.000000e+00  0.000000e+00  0.000000e+00  0.000000e+00  0.000000e+00  0.000000e+00  0.000000e+00  0.000000e+00  0.000000e+00  0.000000e+00  0.000000e+00  0.000000e+00  0.000000e+00  0.000000e+00  0.000000e+00  0.000000e+00  0.000000e+00  0.000000e+00  0.000000e+00  0.000000e+00  0.000000e+00  0.000000e+00  0.000000e+00  0.000000e+00  0.000000e+00  0.000000e+00  0.000000e+00  0.000000e+00  0.000000e+00  0.000000e+00  0.000000e+00  0.000000e+00  0.000000e+00  0.000000e+00  0.000000e+00  0.000000e+00  0.000000e+00  0.000000e+00  0.000000e+00  0.000000e+00  0.000000e+00  0.000000e+00  0.000000e+00  0.000000e+00  0.000000e+00  0.000000e+00  0.000000e+00  0.000000e+00  0.000000e+00  0.000000e+00  0.000000e+00  0.000000e+00  0.000000e+00  0.000000e+00  0.000000e+00  0.000000e+00  0.000000e+00  0.000000e+00  0.000000e+00  0.000000e+00  0.000000e+00  0.000000e+00  0.000000e+00  0.000000e+00  0.000000e+00  0.000000e+00  0.000000e+00  0.000000e+00  0.000000e+00  0.000000e+00  0.000000e+00  0.000000e+00  0.000000e+00  0.000000e+00  0.000000e+00  0.000000e+00  0.000000e+00  0.000000e+00  0.000000e+00  0.000000e+00  0.000000e+00  0.000000e+00  0.000000e+00  0.000000e+00  0.000000e+00  0.000000e+00  0.000000e+00  0.000000e+00  0.000000e+00  0.000000e+00  0.000000e+00  0.000000e+00  0.000000e+00  0.000000e+00  0.000000e+00  0.000000e+00  0.000000e+00  0.000000e+00  0.000000e+00  0.000000e+00  0.000000e+00  0.000000e+00  0.000000e+00  0.000000e+00  0.000000e+00  0.000000e+00  0.000000e+00  0.000000e+00  0.000000e+00  0.000000e+00  0.000000e+00  0.000000e+00  0.000000e+00  0.000000e+00  0.000000e+00  0.000000e+00  0.000000e+00  0.000000e+00  0.000000e+00  0.000000e+00  0.000000e+00  0.000000e+00  0.000000e+00  0.000000e+00  0.000000e+00  0.000000e+00  0.000000e+00  0.000000e+00  0.000000e+00  0.000000e+00  0.000000e+00  0.000000e+00  0.000000e+00  0.000000e+00  0.000000e+00  0.000000e+00  0.000000e+00  0.000000e+00  0.000000e+00  0.000000e+00  0.000000e+00  0.000000e+00  0.000000e+00  0.000000e+00  0.000000e+00  0.000000e+00  0.000000e+00  0.000000e+00  0.000000e+00  0.000000e+00  0.000000e+00  0.000000e+00  0.000000e+00  0.000000e+00  0.000000e+00  0.000000e+00  0.000000e+00  0.000000e+00  0.000000e+00  0.000000e+00  0.000000e+00  0.000000e+00  0.000000e+00  0.000000e+00  0.000000e+00  0.000000e+00  0.000000e+00  0.000000e+00  0.000000e+00  0.000000e+00  0.000000e+00  0.000000e+00  0.000000e+00  0.000000e+00  0.000000e+00  0.000000e+00  0.000000e+00  0.000000e+00  0.000000e+00  0.000000e+00  0.000000e+00  0.000000e+00  0.000000e+00  0.000000e+00  0.000000e+00  0.000000e+00  0.000000e+00  0.000000e+00  0.000000e+00  0.000000e+00  0.000000e+00  0.000000e+00  0.000000e+00  0.000000e+00  0.000000e+00  0.000000e+00  0.000000e+00  0.000000e+00  0.000000e+00  1.970969e-26  8.379939e-27  4.967663e-26  1.584289e-26  7.541217e-26  1.955496e-25  2.670445e-25  4.218192e-25  4.235630e-25  4.219337e-25  3.590004e-25  2.211024e-25  1.554289e-25  2.648585e-26  9.950335e-26  1.874159e-25  8.122193e-26  7.339989e-26  7.700441e-27  2.272351e-26  1.102504e-26  1.080759e-26  1.734333e-26  6.720375e-27  0.000000e+00  0.000000e+00  0.000000e+00  0.000000e+00  0.000000e+00  0.000000e+00  0.000000e+00  0.000000e+00  0.000000e+00  0.000000e+00  3.695154e-27  7.281368e-27  6.187243e-27  9.294629e-27  1.153035e-26  1.068177e-26  1.211414e-26  1.171710e-26  1.723744e-26  2.612580e-26  2.877096e-26  2.627151e-26  3.168419e-26  3.654483e-26  9.248568e-29  0.000000e+00  0.000000e+00  0.000000e+00  0.000000e+00  0.000000e+00  0.000000e+00  0.000000e+00  0.000000e+00  0.000000e+00  0.000000e+00  0.000000e+00  0.000000e+00  0.000000e+00  1.361819e-26  2.450091e-26  2.440237e-26  4.332089e-26  1.057254e-25  3.092393e-26  2.750097e-26  2.507995e-26  5.414143e-27  4.973386e-26  2.837221e-26  1.638330e-26  2.196070e-26  5.474093e-26  3.528076e-26  2.375317e-26  2.270433e-26  4.287166e-26  5.811300e-26  6.488285e-26  5.754905e-26  2.700789e-26  4.123987e-26  5.313759e-26  5.628782e-26  3.869522e-26  4.018321e-26  1.584283e-26  0.000000e+00  2.010097e-26  9.390376e-27  1.041339e-26  0.000000e+00  0.000000e+00  0.000000e+00  0.000000e+00  0.000000e+00  0.000000e+00  0.000000e+00  0.000000e+00  0.000000e+00  0.000000e+00  0.000000e+00  0.000000e+00  0.000000e+00  0.000000e+00  0.000000e+00  0.000000e+00  0.000000e+00  0.000000e+00  0.000000e+00  0.000000e+00  0.000000e+00  0.000000e+00  8.363703e-27  3.156217e-26  1.204439e-25  1.687753e-25  2.558184e-25  2.853165e-25  1.773132e-25  2.534324e-25  5.011153e-25  5.564559e-26  1.278604e-25  1.464905e-25  8.053106e-26  6.461455e-26  3.089166e-26  0.000000e+00  0.000000e+00  2.443302e-26  8.781823e-26  2.025031e-25  2.034579e-25  1.630904e-25  2.344717e-25  5.953408e-25  9.665057e-25  1.172906e-24  1.342711e-24  1.788296e-24  2.023017e-24  1.728915e-24  1.786211e-24  1.684110e-24  1.625995e-24  1.462606e-24  1.199095e-24  1.092738e-24  8.123569e-25  7.606070e-25  5.255294e-25  4.758420e-25  3.598298e-25  4.181888e-25  4.943564e-25  5.307157e-25  5.583513e-25  8.204897e-25  2.197665e-24  2.860746e-24  6.746858e-24  9.057945e-24  1.136220e-23  7.234377e-24  5.969990e-24  1.184757e-23  9.429268e-24  6.392046e-24  7.441602e-24  5.949280e-24  4.954235e-24  4.357422e-24  5.324019e-24  5.318168e-24  5.100975e-24  3.569690e-24  3.256173e-24  4.204363e-24  3.306334e-24  2.517667e-24  1.959296e-24  1.536617e-24  1.280654e-24  9.875601e-25  6.659009e-25  5.501479e-25  3.567342e-25  2.966243e-25  2.326728e-25  2.768845e-25  2.664816e-25  2.650958e-25  2.208936e-25  2.172292e-25  2.008191e-25  1.097941e-25  6.928868e-26  5.380609e-26  5.428415e-26  1.047089e-26  3.836517e-26  9.311733e-27  1.383876e-26  9.526754e-27  4.158502e-27  0.000000e+00  0.000000e+00  0.000000e+00  0.000000e+00  0.000000e+00  0.000000e+00  0.000000e+00  0.000000e+00  0.000000e+00  0.000000e+00  0.000000e+00  0.000000e+00  0.000000e+00  0.000000e+00  0.000000e+00  0.000000e+00  0.000000e+00  0.000000e+00  0.000000e+00  0.000000e+00  0.000000e+00  0.000000e+00  0.000000e+00  0.000000e+00  0.000000e+00  0.000000e+00  0.000000e+00  0.000000e+00  0.000000e+00  0.000000e+00  0.000000e+00  7.703807e-27  3.870601e-26  1.613291e-25  3.045193e-25  4.630724e-25  6.343144e-25  7.410432e-25  6.802191e-25  7.858064e-25  7.452723e-25  5.396997e-25  8.601207e-25  1.108181e-24  2.941217e-24  1.079552e-24  1.044671e-24  1.044308e-24  1.121242e-24  1.174039e-24  1.384253e-24  1.611712e-24  1.585719e-24  1.849238e-24  1.905703e-24  1.938815e-24  2.380852e-24  1.628279e-24  1.876210e-24  1.622905e-24  1.886479e-24  3.361483e-24  4.219258e-24  2.784512e-24  2.919911e-24  2.581494e-24  2.507937e-24  1.973710e-24  3.261528e-24  2.966956e-24  2.682855e-24  2.431657e-24  3.434874e-24  2.481640e-24  2.584496e-24  2.826617e-24  2.395551e-24  2.254448e-24  2.438964e-24  2.299019e-24  2.503865e-24  1.922450e-24  2.165779e-24  2.428655e-24  2.370727e-24  2.679102e-24  2.325405e-24  2.083111e-24  2.224494e-24  1.787369e-24  1.883524e-24  1.726946e-24  1.514524e-24  1.511827e-24  1.648211e-24  1.156615e-24  1.207782e-24  9.655826e-25  9.202047e-25  8.144173e-25  8.894619e-25  7.359041e-25  6.285378e-25  6.528072e-25  4.667912e-25  4.665157e-25  3.057188e-25  3.255748e-25  2.438076e-25  2.328074e-25  1.719505e-25  1.840620e-25  1.535355e-25  8.853219e-26  4.465963e-26  1.494563e-25  8.135265e-26  4.936267e-26  5.736110e-26  5.296415e-26  2.006741e-26  2.353195e-26  1.578045e-26  2.659429e-26  0.000000e+00  0.000000e+00  0.000000e+00  0.000000e+00  0.000000e+00  0.000000e+00  0.000000e+00  0.000000e+00  0.000000e+00  0.000000e+00  0.000000e+00  0.000000e+00  0.000000e+00  0.000000e+00  0.000000e+00  0.000000e+00  0.000000e+00  0.000000e+00  0.000000e+00  0.000000e+00  0.000000e+00  0.000000e+00  0.000000e+00  0.000000e+00  0.000000e+00  0.000000e+00  0.000000e+00  0.000000e+00  0.000000e+00  0.000000e+00  0.000000e+00  0.000000e+00  0.000000e+00  0.000000e+00  0.000000e+00  0.000000e+00  6.622905e-26  7.080823e-26  1.575969e-25  2.171179e-25  4.934085e-25  4.707297e-25  5.507567e-25  1.105201e-24  9.870194e-25  1.547228e-24  4.021682e-25  1.255941e-24  1.574047e-24  1.366149e-24
0.000000e+00  0.000000e+00  0.000000e+00  0.000000e+00  0.000000e+00  0.000000e+00  0.000000e+00  0.000000e+00  0.000000e+00  0.000000e+00  0.000000e+00  0.000000e+00  0.000000e+00  0.000000e+00  0.000000e+00  0.000000e+00  0.000000e+00  0.000000e+00  0.000000e+00  0.000000e+00  0.000000e+00  0.000000e+00  0.000000e+00  0.000000e+00  0.000000e+00  0.000000e+00  0.000000e+00  0.000000e+00  0.000000e+00  0.000000e+00  0.000000e+00  0.000000e+00  0.000000e+00  0.000000e+00  0.000000e+00  0.000000e+00  0.000000e+00  0.000000e+00  0.000000e+00  0.000000e+00  0.000000e+00  0.000000e+00  0.000000e+00  0.000000e+00  0.000000e+00  0.000000e+00  0.000000e+00  0.000000e+00  0.000000e+00  0.000000e+00  0.000000e+00  0.000000e+00  0.000000e+00  0.000000e+00  0.000000e+00  0.000000e+00  0.000000e+00  0.000000e+00  0.000000e+00  0.000000e+00  0.000000e+00  0.000000e+00  0.000000e+00  0.000000e+00  0.000000e+00  0.000000e+00  0.000000e+00  0.000000e+00  0.000000e+00  0.000000e+00  0.000000e+00  0.000000e+00  0.000000e+00  0.000000e+00  0.000000e+00  0.000000e+00  0.000000e+00  0.000000e+00  0.000000e+00  0.000000e+00  0.000000e+00  0.000000e+00  0.000000e+00  0.000000e+00  0.000000e+00  0.000000e+00  0.000000e+00  0.000000e+00  0.000000e+00  0.000000e+00  0.000000e+00  0.000000e+00  0.000000e+00  0.000000e+00  0.000000e+00  0.000000e+00  0.000000e+00  0.000000e+00  0.000000e+00  0.000000e+00  0.000000e+00  0.000000e+00  0.000000e+00  0.000000e+00  0.000000e+00  0.000000e+00  0.000000e+00  0.000000e+00  0.000000e+00  0.000000e+00  0.000000e+00  0.000000e+00  0.000000e+00  0.000000e+00  0.000000e+00  0.000000e+00  0.000000e+00  0.000000e+00  0.000000e+00  0.000000e+00  0.000000e+00  0.000000e+00  0.000000e+00  0.000000e+00  0.000000e+00  0.000000e+00  0.000000e+00  0.000000e+00  0.000000e+00  0.000000e+00  0.000000e+00  0.000000e+00  0.000000e+00  0.000000e+00  0.000000e+00  0.000000e+00  0.000000e+00  0.000000e+00  0.000000e+00  0.000000e+00  0.000000e+00  0.000000e+00  0.000000e+00  0.000000e+00  0.000000e+00  0.000000e+00  0.000000e+00  0.000000e+00  0.000000e+00  0.000000e+00  0.000000e+00  0.000000e+00  0.000000e+00  0.000000e+00  0.000000e+00  0.000000e+00  0.000000e+00  0.000000e+00  0.000000e+00  0.000000e+00  0.000000e+00  0.000000e+00  0.000000e+00  0.000000e+00  0.000000e+00  0.000000e+00  0.000000e+00  0.000000e+00  0.000000e+00  0.000000e+00  0.000000e+00  0.000000e+00  0.000000e+00  0.000000e+00  0.000000e+00  0.000000e+00  0.000000e+00  0.000000e+00  0.000000e+00  0.000000e+00  0.000000e+00  0.000000e+00  0.000000e+00  0.000000e+00  0.000000e+00  0.000000e+00  0.000000e+00  0.000000e+00  0.000000e+00  0.000000e+00  0.000000e+00  0.000000e+00  0.000000e+00  0.000000e+00  0.000000e+00  0.000000e+00  0.000000e+00  0.000000e+00  0.000000e+00  0.000000e+00  0.000000e+00  0.000000e+00  0.000000e+00  0.000000e+00  0.000000e+00  0.000000e+00  0.000000e+00  0.000000e+00  0.000000e+00  0.000000e+00  0.000000e+00  0.000000e+00  0.000000e+00  0.000000e+00  0.000000e+00  0.000000e+00  0.000000e+00  0.000000e+00  0.000000e+00  0.000000e+00  0.000000e+00  0.000000e+00  0.000000e+00  0.000000e+00  0.000000e+00  0.000000e+00  0.000000e+00  0.000000e+00  0.000000e+00  0.000000e+00  0.000000e+00  0.000000e+00  0.000000e+00  0.000000e+00  0.000000e+00  0.000000e+00  0.000000e+00  0.000000e+00  0.000000e+00  0.000000e+00  0.000000e+00  0.000000e+00  0.000000e+00  0.000000e+00  0.000000e+00  0.000000e+00  0.000000e+00  0.000000e+00  0.000000e+00  0.000000e+00  0.000000e+00  0.000000e+00  0.000000e+00  0.000000e+00  0.000000e+00  0.000000e+00  0.000000e+00  0.000000e+00  0.000000e+00  0.000000e+00  0.000000e+00  0.000000e+00  0.000000e+00  0.000000e+00  0.000000e+00  0.000000e+00  0.000000e+00  0.000000e+00  0.000000e+00  0.000000e+00  0.000000e+00  0.000000e+00  0.000000e+00  0.000000e+00  0.000000e+00  0.000000e+00  0.000000e+00  0.000000e+00  0.000000e+00  0.000000e+00  0.000000e+00  0.000000e+00  0.000000e+00  0.000000e+00  0.000000e+00  0.000000e+00  0.000000e+00  0.000000e+00  0.000000e+00  0.000000e+00  0.000000e+00  0.000000e+00  0.000000e+00  0.000000e+00  0.000000e+00  0.000000e+00  0.000000e+00  0.000000e+00  0.000000e+00  0.000000e+00  0.000000e+00  0.000000e+00  0.000000e+00  0.000000e+00  0.000000e+00  0.000000e+00  0.000000e+00  0.000000e+00  0.000000e+00  0.000000e+00  0.000000e+00  0.000000e+00  0.000000e+00  0.000000e+00  0.000000e+00  0.000000e+00  0.000000e+00  0.000000e+00  0.000000e+00  0.000000e+00  0.000000e+00  0.000000e+00  0.000000e+00  0.000000e+00  0.000000e+00  0.000000e+00  0.000000e+00  0.000000e+00  0.000000e+00  0.000000e+00  0.000000e+00  0.000000e+00  0.000000e+00  0.000000e+00  0.000000e+00  0.000000e+00  0.000000e+00  0.000000e+00  0.000000e+00  0.000000e+00  0.000000e+00  0.000000e+00  0.000000e+00  0.000000e+00  0.000000e+00  0.000000e+00  0.000000e+00  0.000000e+00  0.000000e+00  0.000000e+00  0.000000e+00  0.000000e+00  0.000000e+00  0.000000e+00  0.000000e+00  0.000000e+00  0.000000e+00  0.000000e+00  0.000000e+00  0.000000e+00  0.000000e+00  0.000000e+00  0.000000e+00  0.000000e+00  0.000000e+00  0.000000e+00  0.000000e+00  0.000000e+00  0.000000e+00  0.000000e+00  0.000000e+00  0.000000e+00  0.000000e+00  0.000000e+00  0.000000e+00  0.000000e+00  0.000000e+00  0.000000e+00  0.000000e+00  0.000000e+00  0.000000e+00  0.000000e+00  0.000000e+00  0.000000e+00  0.000000e+00  0.000000e+00  0.000000e+00  0.000000e+00  1.926533e-26  8.297845e-27  4.893809e-26  1.568481e-26  7.492483e-26  1.935456e-25  2.634597e-25  4.193434e-25  4.180511e-25  4.166187e-25  3.548710e-25  2.174591e-25  1.544056e-25  2.571585e-26  9.952482e-26  1.846426e-25  7.951653e-26  7.233125e-26  7.539082e-27  2.248195e-26  1.088082e-26  1.062049e-26  1.711898e-26  6.657903e-27  0.000000e+00  0.000000e+00  0.000000e+00  0.000000e+00  0.000000e+00  0.000000e+00  0.000000e+00  0.000000e+00  0.000000e+00  0.000000e+00  3.652196e-27  7.165936e-27  6.136831e-27  9.179620e-27  1.140396e-26  1.052047e-26  1.199055e-26  1.157703e-26  1.703635e-26  2.590856e-26  2.852251e-26  2.600687e-26  3.134291e-26  3.613142e-26  8.819666e-29  0.000000e+00  0.000000e+00  0.000000e+00  0.000000e+00  0.000000e+00  0.000000e+00  0.000000e+00  0.000000e+00  0.000000e+00  0.000000e+00  0.000000e+00  0.000000e+00  0.000000e+00  1.349988e-26  2.436417e-26  2.403874e-26  4.291977e-26  1.046732e-25  3.092786e-26  2.713634e-26  2.473043e-26  5.439167e-27  4.926803e-26  2.803321e-26  1.625833e-26  2.150985e-26  5.414222e-26  3.470992e-26  2.322772e-26  2.235148e-26  4.276199e-26  5.734851e-26  6.371454e-26  5.742044e-26  2.678575e-26  4.092972e-26  5.255715e-26  5.541343e-26  3.817714e-26  3.969213e-26  1.557264e-26  0.000000e+00  1.979223e-26  9.186928e-27  1.023135e-26  0.000000e+00  0.000000e+00  0.000000e+00  0.000000e+00  0.000000e+00  0.000000e+00  0.000000e+00  0.000000e+00  0.000000e+00  0.000000e+00  0.000000e+00  0.000000e+00  0.000000e+00  0.000000e+00  0.000000e+00  0.000000e+00  0.000000e+00  0.000000e+00  0.000000e+00  0.000000e+00  0.000000e+00  0.000000e+00  8.222210e-27  3.078534e-26  1.189892e-25  1.662212e-25  2.530295e-25  2.820557e-25  1.753333e-25  2.509569e-25  4.956947e-25  5.523262e-26  1.245036e-25  1.452304e-25  7.897549e-26  6.358089e-26  3.113651e-26  0.000000e+00  0.000000e+00  2.405774e-26  8.647320e-26  1.998893e-25  2.005025e-25  1.614837e-25  2.317885e-25  5.862234e-25  9.529139e-25  1.157819e-24  1.324579e-24  1.767234e-24  2.000418e-24  1.712730e-24  1.770802e-24  1.662312e-24  1.606125e-24  1.441628e-24  1.182003e-24  1.091824e-24  8.105385e-25  7.590535e-25  5.256875e-25  4.762002e-25  3.589289e-25  4.162699e-25  4.949885e-25  5.286017e-25  5.591880e-25  8.235075e-25  2.208825e-24  2.880052e-24  6.738856e-24  8.985106e-24  1.126358e-23  7.219243e-24  5.908469e-24  1.173849e-23  9.459244e-24  6.358339e-24  7.375986e-24  5.938108e-24  4.929196e-24  4.322155e-24  5.309100e-24  5.281528e-24  5.047768e-24  3.545184e-24  3.239146e-24  4.170744e-24  3.282559e-24  2.508376e-24  1.945349e-24  1.534213e-24  1.282335e-24  9.822910e-25  6.639459e-25  5.474316e-25  3.554015e-25  2.961899e-25  2.319559e-25  2.765974e-25  2.664439e-25  2.628194e-25  2.209965e-25  2.172519e-25  1.995989e-25  1.072514e-25  6.805180e-26  5.252727e-26  5.264088e-26  1.039967e-26  3.737288e-26  9.306027e-27  1.406282e-26  9.644047e-27  3.930308e-27  0.000000e+00  0.000000e+00  0.000000e+00  0.000000e+00  0.000000e+00  0.000000e+00  0.000000e+00  0.000000e+00  0.000000e+00  0.000000e+00  0.000000e+00  0.000000e+00  0.000000e+00  0.000000e+00  0.000000e+00  0.000000e+00  0.000000e+00  0.000000e+00  0.000000e+00  0.000000e+00  0.000000e+00  0.000000e+00  0.000000e+00  0.000000e+00  0.000000e+00  0.000000e+00  0.000000e+00  0.000000e+00  0.000000e+00  0.000000e+00  0.000000e+00  7.148817e-27  3.616069e-26  1.622131e-25  3.042323e-25  4.699118e-25  6.417755e-25  7.477304e-25  6.936835e-25  7.901426e-25  7.553113e-25  5.379938e-25  8.615721e-25  1.108707e-24  2.967881e-24  1.079533e-24  1.039630e-24  1.043589e-24  1.132225e-24  1.174303e-24  1.392305e-24  1.622709e-24  1.594225e-24  1.873030e-24  1.918468e-24  1.969459e-24  2.421049e-24  1.639190e-24  1.907280e-24  1.644692e-24  1.913713e-24  3.388271e-24  4.238384e-24  2.816613e-24  2.949090e-24  2.603262e-24  2.540300e-24  2.003243e-24  3.319763e-24  2.959241e-24  2.710793e-24  2.471452e-24  3.457809e-24  2.503057e-24  2.611625e-24  2.875225e-24  2.397647e-24  2.259464e-24  2.445463e-24  2.320613e-24  2.504935e-24  1.910094e-24  2.184661e-24  2.441853e-24  2.388602e-24  2.689582e-24  2.327772e-24  2.093534e-24  2.232168e-24  1.813896e-24  1.887216e-24  1.722245e-24  1.540806e-24  1.539415e-24  1.656231e-24  1.160623e-24  1.220339e-24  9.633022e-25  9.241472e-25  8.179236e-25  8.918770e-25  7.416887e-25  6.394172e-25  6.632101e-25  4.740672e-25  4.731730e-25  3.087455e-25  3.257806e-25  2.446054e-25  2.335875e-25  1.729059e-25  1.887528e-25  1.537089e-25  8.676359e-26  4.562184e-26  1.537081e-25  8.030649e-26  5.035035e-26  5.636938e-26  5.208246e-26  1.984872e-26  2.381889e-26  1.530190e-26  2.665423e-26  0.000000e+00  0.000000e+00  0.000000e+00  0.000000e+00  0.000000e+00  0.000000e+00  0.000000e+00  0.000000e+00  0.000000e+00  0.000000e+00  0.000000e+00  0.000000e+00  0.000000e+00  0.000000e+00  0.000000e+00  0.000000e+00  0.000000e+00  0.000000e+00  0.000000e+00  0.000000e+00  0.000000e+00  0.000000e+00  0.000000e+00  0.000000e+00  0.000000e+00  0.000000e+00  0.000000e+00  0.000000e+00  0.000000e+00  0.000000e+00  0.000000e+00  0.000000e+00  0.000000e+00  0.000000e+00  0.000000e+00  0.000000e+00  6.662857e-26  7.261806e-26  1.586154e-25  2.156288e-25  4.972384e-25  4.778914e-25  5.550200e-25  1.127638e-24  9.793919e-25  1.509959e-24  4.067163e-25  1.265662e-24  1.605169e-24  1.367794e-24
0.000000e+00  0.000000e+00  0.000000e+00  0.000000e+00  0.000000e+00  0.000000e+00  0.000000e+00  0.000000e+00  0.000000e+00  0.000000e+00  0.000000e+00  0.000000e+00  0.000000e+00  0.000000e+00  0.000000e+00  0.000000e+00  0.000000e+00  0.000000e+00  0.000000e+00  0.000000e+00  0.000000e+00  0.000000e+00  0.000000e+00  0.000000e+00  0.000000e+00  0.000000e+00  0.000000e+00  0.000000e+00  0.000000e+00  0.000000e+00  0.000000e+00  0.000000e+00  0.000000e+00  0.000000e+00  0.000000e+00  0.000000e+00  0.000000e+00  0.000000e+00  0.000000e+00  0.000000e+00  0.000000e+00  0.000000e+00  0.000000e+00  0.000000e+00  0.000000e+00  0.000000e+00  0.000000e+00  0.000000e+00  0.000000e+00  0.000000e+00  0.000000e+00  0.000000e+00  0.000000e+00  0.000000e+00  0.000000e+00  0.000000e+00  0.000000e+00  0.000000e+00  0.000000e+00  0.000000e+00  0.000000e+00  0.000000e+00  0.000000e+00  0.000000e+00  0.000000e+00  0.000000e+00  0.000000e+00  0.000000e+00  0.000000e+00  0.000000e+00  0.000000e+00  0.000000e+00  0.000000e+00  0.000000e+00  0.000000e+00  0.000000e+00  0.000000e+00  0.000000e+00  0.000000e+00  0.000000e+00  0.000000e+00  0.000000e+00  0.000000e+00  0.000000e+00  0.000000e+00  0.000000e+00  0.000000e+00  0.000000e+00  0.000000e+00  0.000000e+00  0.000000e+00  0.000000e+00  0.000000e+00  0.000000e+00  0.000000e+00  0.000000e+00  0.000000e+00  0.000000e+00  0.000000e+00  0.000000e+00  0.000000e+00  0.000000e+00  0.000000e+00  0.000000e+00  0.000000e+00  0.000000e+00  0.000000e+00  0.000000e+00  0.000000e+00  0.000000e+00  0.000000e+00  0.000000e+00  0.000000e+00  0.000000e+00  0.000000e+00  0.000000e+00  0.000000e+00  0.000000e+00  0.000000e+00  0.000000e+00  0.000000e+00  0.000000e+00  0.000000e+00  0.000000e+00  0.000000e+00  0.000000e+00  0.000000e+00  0.000000e+00  0.000000e+00  0.000000e+00  0.000000e+00  0.000000e+00  0.000000e+00  0.000000e+00  0.000000e+00  0.000000e+00  0.000000e+00  0.000000e+00  0.000000e+00  0.000000e+00  0.000000e+00  0.000000e+00  0.000000e+00  0.000000e+00  0.000000e+00  0.000000e+00  0.000000e+00  0.000000e+00  0.000000e+00  0.000000e+00  0.000000e+00  0.000000e+00  0.000000e+00  0.000000e+00  0.000000e+00  0.000000e+00  0.000000e+00  0.000000e+00  0.000000e+00  0.000000e+00  0.000000e+00  0.000000e+00  0.000000e+00  0.000000e+00  0.000000e+00  0.000000e+00  0.000000e+00  0.000000e+00  0.000000e+00  0.000000e+00  0.000000e+00  0.000000e+00  0.000000e+00  0.000000e+00  0.000000e+00  0.000000e+00  0.000000e+00  0.000000e+00  0.000000e+00  0.000000e+00  0.000000e+00  0.000000e+00  0.000000e+00  0.000000e+00  0.000000e+00  0.000000e+00  0.000000e+00  0.000000e+00  0.000000e+00  0.000000e+00  0.000000e+00  0.000000e+00  0.000000e+00  0.000000e+00  0.000000e+00  0.000000e+00  0.000000e+00  0.000000e+00  0.000000e+00  0.000000e+00  0.000000e+00  0.000000e+00  0.000000e+00  0.000000e+00  0.000000e+00  0.000000e+00  0.000000e+00  0.000000e+00  0.000000e+00  0.000000e+00  0.000000e+00  0.000000e+00  0.000000e+00  0.000000e+00  0.000000e+00  0.000000e+00  0.000000e+00  0.000000e+00  0.000000e+00  0.000000e+00  0.000000e+00  0.000000e+00  0.000000e+00  0.000000e+00  0.000000e+00  0.000000e+00  0.000000e+00  0.000000e+00  0.000000e+00  0.000000e+00  0.000000e+00  0.000000e+00  0.000000e+00  0.000000e+00  0.000000e+00  0.000000e+00  0.000000e+00  0.000000e+00  0.000000e+00  0.000000e+00  0.000000e+00  0.000000e+00  0.000000e+00  0.000000e+00  0.000000e+00  0.000000e+00  0.000000e+00  0.000000e+00  0.000000e+00  0.000000e+00  0.000000e+00  0.000000e+00  0.000000e+00  0.000000e+00  0.000000e+00  0.000000e+00  0.000000e+00  0.000000e+00  0.000000e+00  0.000000e+00  0.000000e+00  0.000000e+00  0.000000e+00  0.000000e+00  0.000000e+00  0.000000e+00  0.000000e+00  0.000000e+00  0.000000e+00  0.000000e+00  0.000000e+00  0.000000e+00  0.000000e+00  0.000000e+00  0.000000e+00  0.000000e+00  0.000000e+00  0.000000e+00  0.000000e+00  0.000000e+00  0.000000e+00  0.000000e+00  0.000000e+00  0.000000e+00  0.000000e+00  0.000000e+00  0.000000e+00  0.000000e+00  0.000000e+00  0.000000e+00  0.000000e+00  0.000000e+00  0.000000e+00  0.000000e+00  0.000000e+00  0.000000e+00  0.000000e+00  0.000000e+00  0.000000e+00  0.000000e+00  0.000000e+00  0.000000e+00  0.000000e+00  0.000000e+00  0.000000e+00  0.000000e+00  0.000000e+00  0.000000e+00  0.000000e+00  0.000000e+00  0.000000e+00  0.000000e+00  0.000000e+00  0.000000e+00  0.000000e+00  0.000000e+00  0.000000e+00  0.000000e+00  0.000000e+00  0.000000e+00  0.000000e+00  0.000000e+00  0.000000e+00  0.000000e+00  0.000000e+00  0.000000e+00  0.000000e+00  0.000000e+00  0.000000e+00  0.000000e+00  0.000000e+00  0.000000e+00  0.000000e+00  0.000000e+00  0.000000e+00  0.000000e+00  0.000000e+00  0.000000e+00  0.000000e+00  0.000000e+00  0.000000e+00  0.000000e+00  0.000000e+00  0.000000e+00  0.000000e+00  0.000000e+00  0.000000e+00  0.000000e+00  0.000000e+00  0.000000e+00  0.000000e+00  0.000000e+00  0.000000e+00  0.000000e+00  0.000000e+00  0.000000e+00  0.000000e+00  0.000000e+00  0.000000e+00  0.000000e+00  0.000000e+00  0.000000e+00  0.000000e+00  0.000000e+00  0.000000e+00  0.000000e+00  0.000000e+00  0.000000e+00  0.000000e+00  0.000000e+00  0.000000e+00  0.000000e+00  0.000000e+00  0.000000e+00  0.000000e+00  0.000000e+00  0.000000e+00  0.000000e+00  0.000000e+00  0.000000e+00  0.000000e+00  0.000000e+00  0.000000e+00  0.000000e+00  0.000000e+00  0.000000e+00  0.000000e+00  0.000000e+00  1.887043e-26  8.200646e-27  4.819983e-26  1.550399e-26  7.429441e-26  1.913441e-25  2.597533e-25  4.158770e-25  4.123318e-25  4.110879e-25  3.504562e-25  2.139196e-25  1.530934e-25  2.503523e-26  9.913555e-26  1.819239e-25  7.793362e-26  7.126770e-26  7.394769e-27  2.221931e-26  1.073467e-26  1.044456e-26  1.688481e-26  6.586011e-27  0.000000e+00  0.000000e+00  0.000000e+00  0.000000e+00  0.000000e+00  0.000000e+00  0.000000e+00  0.000000e+00  0.000000e+00  0.000000e+00  3.605911e-27  7.052863e-27  6.076551e-27  9.059012e-27  1.126487e-26  1.036138e-26  1.185264e-26  1.142623e-26  1.682242e-26  2.564860e-26  2.822879e-26  2.570970e-26  3.097340e-26  3.568704e-26  8.467089e-29  0.000000e+00  0.000000e+00  0.000000e+00  0.000000e+00  0.000000e+00  0.000000e+00  0.000000e+00  0.000000e+00  0.000000e+00  0.000000e+00  0.000000e+00  0.000000e+00  0.000000e+00  1.335711e-26  2.417367e-26  2.367470e-26  4.243821e-26  1.034917e-25  3.080443e-26  2.676875e-26  2.437363e-26  5.443952e-27  4.874687e-26  2.766372e-26  1.609128e-26  2.108837e-26  5.348034e-26  3.416402e-26  2.276273e-26  2.199187e-26  4.253099e-26  5.656294e-26  6.260091e-26  5.710462e-26  2.653109e-26  4.056577e-26  5.193781e-26  5.456739e-26  3.765774e-26  3.915526e-26  1.530223e-26  0.000000e+00  1.949149e-26  9.001481e-27  1.005204e-26  0.000000e+00  0.000000e+00  0.000000e+00  0.000000e+00  0.000000e+00  0.000000e+00  0.000000e+00  0.000000e+00  0.000000e+00  0.000000e+00  0.000000e+00  0.000000e+00  0.000000e+00  0.000000e+00  0.000000e+00  0.000000e+00  0.000000e+00  0.000000e+00  0.000000e+00  0.000000e+00  0.000000e+00  0.000000e+00  8.099383e-27  3.008960e-26  1.174086e-25  1.637177e-25  2.500171e-25  2.785102e-25  1.732386e-25  2.481662e-25  4.898582e-25  5.470996e-26  1.215308e-25  1.437240e-25  7.754072e-26  6.256007e-26  3.122934e-26  0.000000e+00  0.000000e+00  2.369319e-26  8.510401e-26  1.971968e-25  1.975492e-25  1.597096e-25  2.289204e-25  5.772181e-25  9.390418e-25  1.142140e-24  1.306186e-24  1.745008e-24  1.976031e-24  1.694034e-24  1.752463e-24  1.639505e-24  1.584949e-24  1.420513e-24  1.164704e-24  1.087221e-24  8.083766e-25  7.569965e-25  5.253685e-25  4.762129e-25  3.577788e-25  4.143491e-25  4.950045e-25  5.264121e-25  5.592364e-25  8.261566e-25  2.218826e-24  2.894753e-24  6.728059e-24  8.915265e-24  1.116134e-23  7.186393e-24  5.851882e-24  1.163384e-23  9.471030e-24  6.322171e-24  7.312153e-24  5.918070e-24  4.902473e-24  4.289823e-24  5.289076e-24  5.244409e-24  4.996714e-24  3.519197e-24  3.218819e-24  4.135102e-24  3.258983e-24  2.498504e-24  1.931456e-24  1.529917e-24  1.282004e-24  9.772858e-25  6.617550e-25  5.449325e-25  3.540991e-25  2.956053e-25  2.311018e-25  2.760804e-25  2.658927e-25  2.604455e-25  2.205903e-25  2.168780e-25  1.979733e-25  1.049313e-25  6.685646e-26  5.132330e-26  5.122455e-26  1.030689e-26  3.649510e-26  9.271234e-27  1.418819e-26  9.693999e-27  3.737405e-27  0.000000e+00  0.000000e+00  0.000000e+00  0.000000e+00  0.000000e+00  0.000000e+00  0.000000e+00  0.000000e+00  0.000000e+00  0.000000e+00  0.000000e+00  0.000000e+00  0.000000e+00  0.000000e+00  0.000000e+00  0.000000e+00  0.000000e+00  0.000000e+00  0.000000e+00  0.000000e+00  0.000000e+00  0.000000e+00  0.000000e+00  0.000000e+00  0.000000e+00  0.000000e+00  0.000000e+00  0.000000e+00  0.000000e+00  0.000000e+00  0.000000e+00  6.712220e-27  3.416447e-26  1.630832e-25  3.045175e-25  4.757924e-25  6.483767e-25  7.540752e-25  7.055301e-25  7.948574e-25  7.641374e-25  5.374745e-25  8.638635e-25  1.110315e-24  2.994005e-24  1.081023e-24  1.037138e-24  1.044078e-24  1.142332e-24  1.175884e-24  1.400273e-24  1.633805e-24  1.602970e-24  1.894096e-24  1.930788e-24  1.996874e-24  2.456773e-24  1.650325e-24  1.934511e-24  1.664185e-24  1.937885e-24  3.411406e-24  4.258209e-24  2.844771e-24  2.976045e-24  2.624771e-24  2.569588e-24  2.029078e-24  3.370535e-24  2.956224e-24  2.736695e-24  2.506610e-24  3.480498e-24  2.523053e-24  2.635897e-24  2.917939e-24  2.402213e-24  2.266701e-24  2.454616e-24  2.340924e-24  2.508793e-24  1.902662e-24  2.202616e-24  2.455049e-24  2.405486e-24  2.701655e-24  2.332525e-24  2.105177e-24  2.240543e-24  1.837631e-24  1.892152e-24  1.720402e-24  1.563651e-24  1.563001e-24  1.664356e-24  1.165267e-24  1.231645e-24  9.626707e-25  9.285643e-25  8.219792e-25  8.951462e-25  7.473171e-25  6.490834e-25  6.724852e-25  4.803504e-25  4.791561e-25  3.115198e-25  3.263928e-25  2.455825e-25  2.346389e-25  1.738988e-25  1.926528e-25  1.539976e-25  8.549902e-26  4.645689e-26  1.573081e-25  7.960668e-26  5.118347e-26  5.560002e-26  5.147485e-26  1.968535e-26  2.409608e-26  1.494983e-26  2.671301e-26  0.000000e+00  0.000000e+00  0.000000e+00  0.000000e+00  0.000000e+00  0.000000e+00  0.000000e+00  0.000000e+00  0.000000e+00  0.000000e+00  0.000000e+00  0.000000e+00  0.000000e+00  0.000000e+00  0.000000e+00  0.000000e+00  0.000000e+00  0.000000e+00  0.000000e+00  0.000000e+00  0.000000e+00  0.000000e+00  0.000000e+00  0.000000e+00  0.000000e+00  0.000000e+00  0.000000e+00  0.000000e+00  0.000000e+00  0.000000e+00  0.000000e+00  0.000000e+00  0.000000e+00  0.000000e+00  0.000000e+00  0.000000e+00  6.700150e-26  7.414498e-26  1.596353e-25  2.147221e-25  5.013791e-25  4.847312e-25  5.598534e-25  1.146939e-24  9.732970e-25  1.478702e-24  4.095102e-25  1.272659e-24  1.626802e-24  1.365174e-24
0.000000e+00  0.000000e+00  0.000000e+00  0.000000e+00  0.000000e+00  0.000000e+00  0.000000e+00  0.000000e+00  0.000000e+00  0.000000e+00  0.000000e+00  0.000000e+00  0.000000e+00  0.000000e+00  0.000000e+00  0.000000e+00  0.000000e+00  0.000000e+00  0.000000e+00  0.000000e+00  0.000000e+00  0.000000e+00  0.000000e+00  0.000000e+00  0.000000e+00  0.000000e+00  0.000000e+00  0.000000e+00  0.000000e+00  0.000000e+00  0.000000e+00  0.000000e+00  0.000000e+00  0.000000e+00  0.000000e+00  0.000000e+00  0.000000e+00  0.000000e+00  0.000000e+00  0.000000e+00  0.000000e+00  0.000000e+00  0.000000e+00  0.000000e+00  0.000000e+00  0.000000e+00  0.000000e+00  0.000000e+00  0.000000e+00  0.000000e+00  0.000000e+00  0.000000e+00  0.000000e+00  0.000000e+00  0.000000e+00  0.000000e+00  0.000000e+00  0.000000e+00  0.000000e+00  0.000000e+00  0.000000e+00  0.000000e+00  0.000000e+00  0.000000e+00  0.000000e+00  0.000000e+00  0.000000e+00  0.000000e+00  0.000000e+00  0.000000e+00  0.000000e+00  0.000000e+00  0.000000e+00  0.000000e+00  0.000000e+00  0.000000e+00  0.000000e+00  0.000000e+00  0.000000e+00  0.000000e+00  0.000000e+00  0.000000e+00  0.000000e+00  0.000000e+00  0.000000e+00  0.000000e+00  0.000000e+00  0.000000e+00  0.000000e+00  0.000000e+00  0.000000e+00  0.000000e+00  0.000000e+00  0.000000e+00  0.000000e+00  0.000000e+00  0.000000e+00  0.000000e+00  0.000000e+00  0.000000e+00  0.000000e+00  0.000000e+00  0.000000e+00  0.000000e+00  0.000000e+00  0.000000e+00  0.000000e+00  0.000000e+00  0.000000e+00  0.000000e+00  0.000000e+00  0.000000e+00  0.000000e+00  0.000000e+00  0.000000e+00  0.000000e+00  0.000000e+00  0.000000e+00  0.000000e+00  0.000000e+00  0.000000e+00  0.000000e+00  0.000000e+00  0.000000e+00  0.000000e+00  0.000000e+00  0.000000e+00  0.000000e+00  0.000000e+00  0.000000e+00  0.000000e+00  0.000000e+00  0.000000e+00  0.000000e+00  0.000000e+00  0.000000e+00  0.000000e+00  0.000000e+00  0.000000e+00  0.000000e+00  0.000000e+00  0.000000e+00  0.000000e+00  0.000000e+00  0.000000e+00  0.000000e+00  0.000000e+00  0.000000e+00  0.000000e+00  0.000000e+00  0.000000e+00  0.000000e+00  0.000000e+00  0.000000e+00  0.000000e+00  0.000000e+00  0.000000e+00  0.000000e+00  0.000000e+00  0.000000e+00  0.000000e+00  0.000000e+00  0.000000e+00  0.000000e+00  0.000000e+00  0.000000e+00  0.000000e+00  0.000000e+00  0.000000e+00  0.000000e+00  0.000000e+00  0.000000e+00  0.000000e+00  0.000000e+00  0.000000e+00  0.000000e+00  0.000000e+00  0.000000e+00  0.000000e+00  0.000000e+00  0.000000e+00  0.000000e+00  0.000000e+00  0.000000e+00  0.000000e+00  0.000000e+00  0.000000e+00  0.000000e+00  0.000000e+00  0.000000e+00  0.000000e+00  0.000000e+00  0.000000e+00  0.000000e+00  0.000000e+00  0.000000e+00  0.000000e+00  0.000000e+00  0.000000e+00  0.000000e+00  0.000000e+00  0.000000e+00  0.000000e+00  0.000000e+00  0.000000e+00  0.000000e+00  0.000000e+00  0.000000e+00  0.000000e+00  0.000000e+00  0.000000e+00  0.000000e+00  0.000000e+00  0.000000e+00  0.000000e+00  0.000000e+00  0.000000e+00  0.000000e+00  0.000000e+00  0.000000e+00  0.000000e+00  0.000000e+00  0.000000e+00  0.000000e+00  0.000000e+00  0.000000e+00  0.000000e+00  0.000000e+00  0.000000e+00  0.000000e+00  0.000000e+00  0.000000e+00  0.000000e+00  0.000000e+00  0.000000e+00  0.000000e+00  0.000000e+00  0.000000e+00  0.000000e+00  0.000000e+00  0.000000e+00  0.000000e+00  0.000000e+00  0.000000e+00  0.000000e+00  0.000000e+00  0.000000e+00  0.000000e+00  0.000000e+00  0.000000e+00  0.000000e+00  0.000000e+00  0.000000e+00  0.000000e+00  0.000000e+00  0.000000e+00  0.000000e+00  0.000000e+00  0.000000e+00  0.000000e+00  0.000000e+00  0.000000e+00  0.000000e+00  0.000000e+00  0.000000e+00  0.000000e+00  0.000000e+00  0.000000e+00  0.000000e+00  0.000000e+00  0.000000e+00  0.000000e+00  0.000000e+00  0.000000e+00  0.000000e+00  0.000000e+00  0.000000e+00  0.000000e+00  0.000000e+00  0.000000e+00  0.000000e+00  0.000000e+00  0.000000e+00  0.000000e+00  0.000000e+00  0.000000e+00  0.000000e+00  0.000000e+00  0.000000e+00  0.000000e+00  0.000000e+00  0.000000e+00  0.000000e+00  0.000000e+00  0.000000e+00  0.000000e+00  0.000000e+00  0.000000e+00  0.000000e+00  0.000000e+00  0.000000e+00  0.000000e+00  0.000000e+00  0.000000e+00  0.000000e+00  0.000000e+00  0.000000e+00  0.000000e+00  0.000000e+00  0.000000e+00  0.000000e+00  0.000000e+00  0.000000e+00  0.000000e+00  0.000000e+00  0.000000e+00  0.000000e+00  0.000000e+00  0.000000e+00  0.000000e+00  0.000000e+00  0.000000e+00  0.000000e+00  0.000000e+00  0.000000e+00  0.000000e+00  0.000000e+00  0.000000e+00  0.000000e+00  0.000000e+00  0.000000e+00  0.000000e+00  0.000000e+00  0.000000e+00  0.000000e+00  0.000000e+00  0.000000e+00  0.000000e+00  0.000000e+00  0.000000e+00  0.000000e+00  0.000000e+00  0.000000e+00  0.000000e+00  0.000000e+00  0.000000e+00  0.000000e+00  0.000000e+00  0.000000e+00  0.000000e+00  0.000000e+00  0.000000e+00  0.000000e+00  0.000000e+00  0.000000e+00  0.000000e+00  0.000000e+00  0.000000e+00  0.000000e+00  0.000000e+00  0.000000e+00  0.000000e+00  0.000000e+00  0.000000e+00  0.000000e+00  0.000000e+00  0.000000e+00  0.000000e+00  0.000000e+00  0.000000e+00  0.000000e+00  0.000000e+00  0.000000e+00  0.000000e+00  0.000000e+00  0.000000e+00  0.000000e+00  0.000000e+00  0.000000e+00  0.000000e+00  0.000000e+00  0.000000e+00  0.000000e+00  0.000000e+00  0.000000e+00  0.000000e+00  0.000000e+00  0.000000e+00  1.850376e-26  8.085248e-27  4.742713e-26  1.529191e-26  7.346849e-26  1.888086e-25  2.557598e-25  4.111977e-25  4.061322e-25  4.050472e-25  3.455159e-25  2.103241e-25  1.513809e-25  2.442380e-26  9.830631e-26  1.791031e-25  7.641082e-26  7.015327e-26  7.258558e-27  2.191939e-26  1.057814e-26  1.026958e-26  1.662960e-26  6.501016e-27  0.000000e+00  0.000000e+00  0.000000e+00  0.000000e+00  0.000000e+00  0.000000e+00  0.000000e+00  0.000000e+00  0.000000e+00  0.000000e+00  3.554145e-27  6.936720e-27  6.002410e-27  8.926618e-27  1.110658e-26  1.019627e-26  1.169294e-26  1.125837e-26  1.658398e-26  2.533035e-26  2.787285e-26  2.536428e-26  3.055340e-26  3.518769e-26  8.175477e-29  0.000000e+00  0.000000e+00  0.000000e+00  0.000000e+00  0.000000e+00  0.000000e+00  0.000000e+00  0.000000e+00  0.000000e+00  0.000000e+00  0.000000e+00  0.000000e+00  0.000000e+00  1.318387e-26  2.391424e-26  2.329328e-26  4.186112e-26  1.021161e-25  3.054710e-26  2.637464e-26  2.399290e-26  5.422869e-27  4.813234e-26  2.724972e-26  1.588018e-26  2.068009e-26  5.272676e-26  3.361050e-26  2.232881e-26  2.161594e-26  4.215122e-26  5.571550e-26  6.149314e-26  5.657653e-26  2.622113e-26  4.011252e-26  5.123987e-26  5.369873e-26  3.710402e-26  3.855792e-26  1.502427e-26  0.000000e+00  1.918208e-26  8.825085e-27  9.870125e-27  0.000000e+00  0.000000e+00  0.000000e+00  0.000000e+00  0.000000e+00  0.000000e+00  0.000000e+00  0.000000e+00  0.000000e+00  0.000000e+00  0.000000e+00  0.000000e+00  0.000000e+00  0.000000e+00  0.000000e+00  0.000000e+00  0.000000e+00  0.000000e+00  0.000000e+00  0.000000e+00  0.000000e+00  0.000000e+00  7.980607e-27  2.944627e-26  1.156486e-25  1.611270e-25  2.466040e-25  2.745232e-25  1.708927e-25  2.449018e-25  4.832427e-25  5.404959e-26  1.188146e-25  1.418947e-25  7.614501e-26  6.150928e-26  3.114873e-26  0.000000e+00  0.000000e+00  2.331829e-26  8.367001e-26  1.942759e-25  1.944502e-25  1.576522e-25  2.257102e-25  5.678887e-25  9.242739e-25  1.125103e-24  1.286522e-24  1.720340e-24  1.948557e-24  1.671886e-24  1.730245e-24  1.614692e-24  1.561553e-24  1.398207e-24  1.146388e-24  1.078460e-24  8.057119e-25  7.544068e-25  5.245803e-25  4.758383e-25  3.562859e-25  4.124074e-25  4.943356e-25  5.241185e-25  5.584548e-25  8.285463e-25  2.228285e-24  2.905321e-24  6.713831e-24  8.846219e-24  1.105120e-23  7.133789e-24  5.796603e-24  1.152732e-23  9.462880e-24  6.281663e-24  7.247017e-24  5.887703e-24  4.872723e-24  4.258436e-24  5.262506e-24  5.205943e-24  4.945852e-24  3.490554e-24  3.194194e-24  4.095991e-24  3.234960e-24  2.487645e-24  1.916736e-24  1.523374e-24  1.279859e-24  9.723666e-25  6.592691e-25  5.425148e-25  3.527536e-25  2.947831e-25  2.301083e-25  2.752710e-25  2.647981e-25  2.578888e-25  2.196391e-25  2.160733e-25  1.958161e-25  1.027439e-25  6.565506e-26  5.017390e-26  4.996952e-26  1.018723e-26  3.569046e-26  9.202101e-27  1.420945e-26  9.677156e-27  3.576661e-27  0.000000e+00  0.000000e+00  0.000000e+00  0.000000e+00  0.000000e+00  0.000000e+00  0.000000e+00  0.000000e+00  0.000000e+00  0.000000e+00  0.000000e+00  0.000000e+00  0.000000e+00  0.000000e+00  0.000000e+00  0.000000e+00  0.000000e+00  0.000000e+00  0.000000e+00  0.000000e+00  0.000000e+00  0.000000e+00  0.000000e+00  0.000000e+00  0.000000e+00  0.000000e+00  0.000000e+00  0.000000e+00  0.000000e+00  0.000000e+00  0.000000e+00  6.393833e-27  3.271678e-26  1.640281e-25  3.054221e-25  4.810322e-25  6.544908e-25  7.603640e-25  7.159889e-25  8.001203e-25  7.721655e-25  5.382486e-25  8.673157e-25  1.113549e-24  3.020283e-24  1.084334e-24  1.037446e-24  1.046296e-24  1.152102e-24  1.179272e-24  1.408884e-24  1.645544e-24  1.612643e-24  1.913429e-24  1.943598e-24  2.021730e-24  2.488897e-24  1.662201e-24  1.958784e-24  1.682090e-24  1.959841e-24  3.433752e-24  4.280996e-24  2.870836e-24  3.002087e-24  2.646707e-24  2.596867e-24  2.052263e-24  3.415466e-24  2.959210e-24  2.761622e-24  2.538187e-24  3.504285e-24  2.542906e-24  2.658858e-24  2.956145e-24  2.410251e-24  2.276826e-24  2.466921e-24  2.360889e-24  2.516439e-24  1.900791e-24  2.220495e-24  2.469554e-24  2.422608e-24  2.716287e-24  2.340544e-24  2.118506e-24  2.250741e-24  1.859365e-24  1.899219e-24  1.722165e-24  1.583858e-24  1.583547e-24  1.673461e-24  1.171024e-24  1.242367e-24  9.640379e-25  9.337562e-25  8.268015e-25  8.995220e-25  7.530421e-25  6.577785e-25  6.808822e-25  4.859481e-25  4.846475e-25  3.141869e-25  3.275043e-25  2.468313e-25  2.359868e-25  1.749858e-25  1.959199e-25  1.544817e-25  8.473315e-26  4.718863e-26  1.603455e-25  7.924833e-26  5.190718e-26  5.509727e-26  5.112969e-26  1.959008e-26  2.436518e-26  1.471853e-26  2.679360e-26  0.000000e+00  0.000000e+00  0.000000e+00  0.000000e+00  0.000000e+00  0.000000e+00  0.000000e+00  0.000000e+00  0.000000e+00  0.000000e+00  0.000000e+00  0.000000e+00  0.000000e+00  0.000000e+00  0.000000e+00  0.000000e+00  0.000000e+00  0.000000e+00  0.000000e+00  0.000000e+00  0.000000e+00  0.000000e+00  0.000000e+00  0.000000e+00  0.000000e+00  0.000000e+00  0.000000e+00  0.000000e+00  0.000000e+00  0.000000e+00  0.000000e+00  0.000000e+00  0.000000e+00  0.000000e+00  0.000000e+00  0.000000e+00  6.739871e-26  7.543223e-26  1.607231e-25  2.144916e-25  5.060518e-25  4.914945e-25  5.655383e-25  1.163935e-24  9.693058e-25  1.454000e-24  4.109019e-25  1.276317e-24  1.639143e-24  1.358365e-24
0.000000e+00  0.000000e+00  0.000000e+00  0.000000e+00  0.000000e+00  0.000000e+00  0.000000e+00  0.000000e+00  0.000000e+00  0.000000e+00  0.000000e+00  0.000000e+00  0.000000e+00  0.000000e+00  0.000000e+00  0.000000e+00  0.000000e+00  0.000000e+00  0.000000e+00  0.000000e+00  0.000000e+00  0.000000e+00  0.000000e+00  0.000000e+00  0.000000e+00  0.000000e+00  0.000000e+00  0.000000e+00  0.000000e+00  0.000000e+00  0.000000e+00  0.000000e+00  0.000000e+00  0.000000e+00  0.000000e+00  0.000000e+00  0.000000e+00  0.000000e+00  0.000000e+00  0.000000e+00  0.000000e+00  0.000000e+00  0.000000e+00  0.000000e+00  0.000000e+00  0.000000e+00  0.000000e+00  0.000000e+00  0.000000e+00  0.000000e+00  0.000000e+00  0.000000e+00  0.000000e+00  0.000000e+00  0.000000e+00  0.000000e+00  0.000000e+00  0.000000e+00  0.000000e+00  0.000000e+00  0.000000e+00  0.000000e+00  0.000000e+00  0.000000e+00  0.000000e+00  0.000000e+00  0.000000e+00  0.000000e+00  0.000000e+00  0.000000e+00  0.000000e+00  0.000000e+00  0.000000e+00  0.000000e+00  0.000000e+00  0.000000e+00  0.000000e+00  0.000000e+00  0.000000e+00  0.000000e+00  0.000000e+00  0.000000e+00  0.000000e+00  0.000000e+00  0.000000e+00  0.000000e+00  0.000000e+00  0.000000e+00  0.000000e+00  0.000000e+00  0.000000e+00  0.000000e+00  0.000000e+00  0.000000e+00  0.000000e+00  0.000000e+00  0.000000e+00  0.000000e+00  0.000000e+00  0.000000e+00  0.000000e+00  0.000000e+00  0.000000e+00  0.000000e+00  0.000000e+00  0.000000e+00  0.000000e+00  0.000000e+00  0.000000e+00  0.000000e+00  0.000000e+00  0.000000e+00  0.000000e+00  0.000000e+00  0.000000e+00  0.000000e+00  0.000000e+00  0.000000e+00  0.000000e+00  0.000000e+00  0.000000e+00  0.000000e+00  0.000000e+00  0.000000e+00  0.000000e+00  0.000000e+00  0.000000e+00  0.000000e+00  0.000000e+00  0.000000e+00  0.000000e+00  0.000000e+00  0.000000e+00  0.000000e+00  0.000000e+00  0.000000e+00  0.000000e+00  0.000000e+00  0.000000e+00  0.000000e+00  0.000000e+00  0.000000e+00  0.000000e+00  0.000000e+00  0.000000e+00  0.000000e+00  0.000000e+00  0.000000e+00  0.000000e+00  0.000000e+00  0.000000e+00  0.000000e+00  0.000000e+00  0.000000e+00  0.000000e+00  0.000000e+00  0.000000e+00  0.000000e+00  0.000000e+00  0.000000e+00  0.000000e+00  0.000000e+00  0.000000e+00  0.000000e+00  0.000000e+00  0.000000e+00  0.000000e+00  0.000000e+00  0.000000e+00  0.000000e+00  0.000000e+00  0.000000e+00  0.000000e+00  0.000000e+00  0.000000e+00  0.000000e+00  0.000000e+00  0.000000e+00  0.000000e+00  0.000000e+00  0.000000e+00  0.000000e+00  0.000000e+00  0.000000e+00  0.000000e+00  0.000000e+00  0.000000e+00  0.000000e+00  0.000000e+00  0.000000e+00  0.000000e+00  0.000000e+00  0.000000e+00  0.000000e+00  0.000000e+00  0.000000e+00  0.000000e+00  0.000000e+00  0.000000e+00  0.000000e+00  0.000000e+00  0.000000e+00  0.000000e+00  0.000000e+00  0.000000e+00  0.000000e+00  0.000000e+00  0.000000e+00  0.000000e+00  0.000000e+00  0.000000e+00  0.000000e+00  0.000000e+00  0.000000e+00  0.000000e+00  0.000000e+00  0.000000e+00  0.000000e+00  0.000000e+00  0.000000e+00  0.000000e+00  0.000000e+00  0.000000e+00  0.000000e+00  0.000000e+00  0.000000e+00  0.000000e+00  0.000000e+00  0.000000e+00  0.000000e+00  0.000000e+00  0.000000e+00  0.000000e+00  0.000000e+00  0.000000e+00  0.000000e+00  0.000000e+00  0.000000e+00  0.000000e+00  0.000000e+00  0.000000e+00  0.000000e+00  0.000000e+00  0.000000e+00  0.000000e+00  0.000000e+00  0.000000e+00  0.000000e+00  0.000000e+00  0.000000e+00  0.000000e+00  0.000000e+00  0.000000e+00  0.000000e+00  0.000000e+00  0.000000e+00  0.000000e+00  0.000000e+00  0.000000e+00  0.000000e+00  0.000000e+00  0.000000e+00  0.000000e+00  0.000000e+00  0.000000e+00  0.000000e+00  0.000000e+00  0.000000e+00  0.000000e+00  0.000000e+00  0.000000e+00  0.000000e+00  0.000000e+00  0.000000e+00  0.000000e+00  0.000000e+00  0.000000e+00  0.000000e+00  0.000000e+00  0.000000e+00  0.000000e+00  0.000000e+00  0.000000e+00  0.000000e+00  0.000000e+00  0.000000e+00  0.000000e+00  0.000000e+00  0.000000e+00  0.000000e+00  0.000000e+00  0.000000e+00  0.000000e+00  0.000000e+00  0.000000e+00  0.000000e+00  0.000000e+00  0.000000e+00  0.000000e+00  0.000000e+00  0.000000e+00  0.000000e+00  0.000000e+00  0.000000e+00  0.000000e+00  0.000000e+00  0.000000e+00  0.000000e+00  0.000000e+00  0.000000e+00  0.000000e+00  0.000000e+00  0.000000e+00  0.000000e+00  0.000000e+00  0.000000e+00  0.000000e+00  0.000000e+00  0.000000e+00  0.000000e+00  0.000000e+00  0.000000e+00  0.000000e+00  0.000000e+00  0.000000e+00  0.000000e+00  0.000000e+00  0.000000e+00  0.000000e+00  0.000000e+00  0.000000e+00  0.000000e+00  0.000000e+00  0.000000e+00  0.000000e+00  0.000000e+00  0.000000e+00  0.000000e+00  0.000000e+00  0.000000e+00  0.000000e+00  0.000000e+00  0.000000e+00  0.000000e+00  0.000000e+00  0.000000e+00  0.000000e+00  0.000000e+00  0.000000e+00  0.000000e+00  0.000000e+00  0.000000e+00  0.000000e+00  0.000000e+00  0.000000e+00  0.000000e+00  0.000000e+00  0.000000e+00  0.000000e+00  0.000000e+00  0.000000e+00  0.000000e+00  0.000000e+00  0.000000e+00  0.000000e+00  0.000000e+00  0.000000e+00  0.000000e+00  0.000000e+00  0.000000e+00  0.000000e+00  0.000000e+00  0.000000e+00  0.000000e+00  0.000000e+00  0.000000e+00  0.000000e+00  0.000000e+00  0.000000e+00  0.000000e+00  0.000000e+00  0.000000e+00  0.000000e+00  0.000000e+00  0.000000e+00  0.000000e+00  0.000000e+00  0.000000e+00  1.804538e-26  7.893784e-27  4.629539e-26  1.494086e-26  7.192294e-26  1.846154e-25  2.497070e-25  4.023528e-25  3.966454e-25  3.956800e-25  3.376401e-25  2.052492e-25  1.481789e-25  2.372616e-26  9.630825e-26  1.749604e-25  7.443639e-26  6.850657e-26  7.082690e-27  2.142815e-26  1.033850e-26  1.002642e-26  1.623763e-26  6.357764e-27  0.000000e+00  0.000000e+00  0.000000e+00  0.000000e+00  0.000000e+00  0.000000e+00  0.000000e+00  0.000000e+00  0.000000e+00  0.000000e+00  3.472133e-27  6.770119e-27  5.871988e-27  8.720347e-27  1.085140e-26  9.955328e-27  1.142930e-26  1.099505e-26  1.620551e-26  2.477436e-26  2.725779e-26  2.479287e-26  2.986927e-26  3.438814e-26  7.887283e-29  0.000000e+00  0.000000e+00  0.000000e+00  0.000000e+00  0.000000e+00  0.000000e+00  0.000000e+00  0.000000e+00  0.000000e+00  0.000000e+00  0.000000e+00  0.000000e+00  0.000000e+00  1.288712e-26  2.341562e-26  2.273476e-26  4.089421e-26  9.982703e-26  2.993641e-26  2.576918e-26  2.342337e-26  5.335737e-27  4.708763e-26  2.660058e-26  1.551439e-26  2.014412e-26  5.151308e-26  3.281990e-26  2.177796e-26  2.107778e-26  4.131652e-26  5.441810e-26  5.997366e-26  5.542938e-26  2.567001e-26  3.928789e-26  5.010515e-26  5.243826e-26  3.625976e-26  3.763336e-26  1.463546e-26  0.000000e+00  1.873295e-26  8.598716e-27  9.617647e-27  0.000000e+00  0.000000e+00  0.000000e+00  0.000000e+00  0.000000e+00  0.000000e+00  0.000000e+00  0.000000e+00  0.000000e+00  0.000000e+00  0.000000e+00  0.000000e+00  0.000000e+00  0.000000e+00  0.000000e+00  0.000000e+00  0.000000e+00  0.000000e+00  0.000000e+00  0.000000e+00  0.000000e+00  0.000000e+00  7.810601e-27  2.866028e-26  1.129057e-25  1.573472e-25  2.410688e-25  2.681920e-25  1.671064e-25  2.394479e-25  4.724836e-25  5.287047e-26  1.155658e-25  1.387475e-25  7.426838e-26  6.000700e-26  3.066623e-26  0.000000e+00  0.000000e+00  2.277207e-26  8.159640e-26  1.897731e-25  1.898684e-25  1.542101e-25  2.205826e-25  5.543433e-25  9.022459e-25  1.098896e-24  1.256689e-24  1.681214e-24  1.904476e-24  1.634592e-24  1.692004e-24  1.576675e-24  1.525099e-24  1.365046e-24  1.119114e-24  1.058066e-24  8.009334e-25  7.498955e-25  5.226153e-25  4.744993e-25  3.534855e-25  4.098141e-25  4.919835e-25  5.208757e-25  5.556915e-25  8.312884e-25  2.240485e-24  2.911338e-24  6.687512e-24  8.753846e-24  1.088446e-23  7.022536e-24  5.721094e-24  1.137401e-23  9.409681e-24  6.216881e-24  7.153996e-24  5.824853e-24  4.825704e-24  4.216090e-24  5.212304e-24  5.151548e-24  4.876615e-24  3.445906e-24  3.151834e-24  4.035559e-24  3.201647e-24  2.470764e-24  1.894466e-24  1.509720e-24  1.273706e-24  9.658084e-25  6.553232e-25  5.392934e-25  3.507872e-25  2.930840e-25  2.285327e-25  2.735229e-25  2.622349e-25  2.540459e-25  2.172501e-25  2.141086e-25  1.917508e-25  9.999455e-26  6.399527e-26  4.874244e-26  4.854118e-26  9.969454e-27  3.472134e-26  9.034273e-27  1.402316e-26  9.524104e-27  3.425964e-27  0.000000e+00  0.000000e+00  0.000000e+00  0.000000e+00  0.000000e+00  0.000000e+00  0.000000e+00  0.000000e+00  0.000000e+00  0.000000e+00  0.000000e+00  0.000000e+00  0.000000e+00  0.000000e+00  0.000000e+00  0.000000e+00  0.000000e+00  0.000000e+00  0.000000e+00  0.000000e+00  0.000000e+00  0.000000e+00  0.000000e+00  0.000000e+00  0.000000e+00  0.000000e+00  0.000000e+00  0.000000e+00  0.000000e+00  0.000000e+00  0.000000e+00  6.220855e-27  3.195343e-26  1.655482e-25  3.079167e-25  4.870469e-25  6.620876e-25  7.688929e-25  7.270800e-25  8.083355e-25  7.816481e-25  5.420318e-25  8.746390e-25  1.121910e-24  3.055853e-24  1.092868e-24  1.043902e-24  1.053527e-24  1.164943e-24  1.188125e-24  1.422482e-24  1.662886e-24  1.628194e-24  1.936576e-24  1.962820e-24  2.049871e-24  2.524604e-24  1.679922e-24  1.985753e-24  1.703299e-24  1.985170e-24  3.465957e-24  4.320202e-24  2.903518e-24  3.036111e-24  2.677013e-24  2.629790e-24  2.078879e-24  3.464518e-24  2.977558e-24  2.793709e-24  2.573484e-24  3.539594e-24  2.570409e-24  2.688580e-24  2.998571e-24  2.429297e-24  2.296822e-24  2.489962e-24  2.387520e-24  2.535740e-24  1.910659e-24  2.244955e-24  2.493076e-24  2.447398e-24  2.741924e-24  2.359055e-24  2.139923e-24  2.269604e-24  1.884680e-24  1.914236e-24  1.732935e-24  1.606040e-24  1.605705e-24  1.688698e-24  1.181529e-24  1.256188e-24  9.704604e-25  9.425383e-25  8.349164e-25  9.078055e-25  7.610359e-25  6.674219e-25  6.903692e-25  4.923240e-25  4.910759e-25  3.176950e-25  3.301088e-25  2.491255e-25  2.383867e-25  1.766839e-25  1.991236e-25  1.556548e-25  8.474056e-26  4.796257e-26  1.632821e-25  7.947374e-26  5.268902e-26  5.505390e-26  5.119890e-26  1.962425e-26  2.469564e-26  1.465689e-26  2.698132e-26  0.000000e+00  0.000000e+00  0.000000e+00  0.000000e+00  0.000000e+00  0.000000e+00  0.000000e+00  0.000000e+00  0.000000e+00  0.000000e+00  0.000000e+00  0.000000e+00  0.000000e+00  0.000000e+00  0.000000e+00  0.000000e+00  0.000000e+00  0.000000e+00  0.000000e+00  0.000000e+00  0.000000e+00  0.000000e+00  0.000000e+00  0.000000e+00  0.000000e+00  0.000000e+00  0.000000e+00  0.000000e+00  0.000000e+00  0.000000e+00  0.000000e+00  0.000000e+00  0.000000e+00  0.000000e+00  0.000000e+00  0.000000e+00  6.804009e-26  7.668060e-26  1.623695e-25  2.157379e-25  5.136301e-25  5.004511e-25  5.750759e-25  1.182580e-24  9.696012e-25  1.436022e-24  4.105348e-25  1.273330e-24  1.636632e-24  1.341110e-24
0.000000e+00  0.000000e+00  0.000000e+00  0.000000e+00  0.000000e+00  0.000000e+00  0.000000e+00  0.000000e+00  0.000000e+00  0.000000e+00  0.000000e+00  0.000000e+00  0.000000e+00  0.000000e+00  0.000000e+00  0.000000e+00  0.000000e+00  0.000000e+00  0.000000e+00  0.000000e+00  0.000000e+00  0.000000e+00  0.000000e+00  0.000000e+00  0.000000e+00  0.000000e+00  0.000000e+00  0.000000e+00  0.000000e+00  0.000000e+00  0.000000e+00  0.000000e+00  0.000000e+00  0.000000e+00  0.000000e+00  0.000000e+00  0.000000e+00  0.000000e+00  0.000000e+00  0.000000e+00  0.000000e+00  0.000000e+00  0.000000e+00  0.000000e+00  0.000000e+00  0.000000e+00  0.000000e+00  0.000000e+00  0.000000e+00  0.000000e+00  0.000000e+00  0.000000e+00  0.000000e+00  0.000000e+00  0.000000e+00  0.000000e+00  0.000000e+00  0.000000e+00  0.000000e+00  0.000000e+00  0.000000e+00  0.000000e+00  0.000000e+00  0.000000e+00  0.000000e+00  0.000000e+00  0.000000e+00  0.000000e+00  0.000000e+00  0.000000e+00  0.000000e+00  0.000000e+00  0.000000e+00  0.000000e+00  0.000000e+00  0.000000e+00  0.000000e+00  0.000000e+00  0.000000e+00  0.000000e+00  0.000000e+00  0.000000e+00  0.000000e+00  0.000000e+00  0.000000e+00  0.000000e+00  0.000000e+00  0.000000e+00  0.000000e+00  0.000000e+00  0.000000e+00  0.000000e+00  0.000000e+00  0.000000e+00  0.000000e+00  0.000000e+00  0.000000e+00  0.000000e+00  0.000000e+00  0.000000e+00  0.000000e+00  0.000000e+00  0.000000e+00  0.000000e+00  0.000000e+00  0.000000e+00  0.000000e+00  0.000000e+00  0.000000e+00  0.000000e+00  0.000000e+00  0.000000e+00  0.000000e+00  0.000000e+00  0.000000e+00  0.000000e+00  0.000000e+00  0.000000e+00  0.000000e+00  0.000000e+00  0.000000e+00  0.000000e+00  0.000000e+00  0.000000e+00  0.000000e+00  0.000000e+00  0.000000e+00  0.000000e+00  0.000000e+00  0.000000e+00  0.000000e+00  0.000000e+00  0.000000e+00  0.000000e+00  0.000000e+00  0.000000e+00  0.000000e+00  0.000000e+00  0.000000e+00  0.000000e+00  0.000000e+00  0.000000e+00  0.000000e+00  0.000000e+00  0.000000e+00  0.000000e+00  0.000000e+00  0.000000e+00  0.000000e+00  0.000000e+00  0.000000e+00  0.000000e+00  0.000000e+00  0.000000e+00  0.000000e+00  0.000000e+00  0.000000e+00  0.000000e+00  0.000000e+00  0.000000e+00  0.000000e+00  0.000000e+00  0.000000e+00  0.000000e+00  0.000000e+00  0.000000e+00  0.000000e+00  0.000000e+00  0.000000e+00  0.000000e+00  0.000000e+00  0.000000e+00  0.000000e+00  0.000000e+00  0.000000e+00  0.000000e+00  0.000000e+00  0.000000e+00  0.000000e+00  0.000000e+00  0.000000e+00  0.000000e+00  0.000000e+00  0.000000e+00  0.000000e+00  0.000000e+00  0.000000e+00  0.000000e+00  0.000000e+00  0.000000e+00  0.000000e+00  0.000000e+00  0.000000e+00  0.000000e+00  0.000000e+00  0.000000e+00  0.000000e+00  0.000000e+00  0.000000e+00  0.000000e+00  0.000000e+00  0.000000e+00  0.000000e+00  0.000000e+00  0.000000e+00  0.000000e+00  0.000000e+00  0.000000e+00  0.000000e+00  0.000000e+00  0.000000e+00  0.000000e+00  0.000000e+00  0.000000e+00  0.000000e+00  0.000000e+00  0.000000e+00  0.000000e+00  0.000000e+00  0.000000e+00  0.000000e+00  0.000000e+00  0.000000e+00  0.000000e+00  0.000000e+00  0.000000e+00  0.000000e+00  0.000000e+00  0.000000e+00  0.000000e+00  0.000000e+00  0.000000e+00  0.000000e+00  0.000000e+00  0.000000e+00  0.000000e+00  0.000000e+00  0.000000e+00  0.000000e+00  0.000000e+00  0.000000e+00  0.000000e+00  0.000000e+00  0.000000e+00  0.000000e+00  0.000000e+00  0.000000e+00  0.000000e+00  0.000000e+00  0.000000e+00  0.000000e+00  0.000000e+00  0.000000e+00  0.000000e+00  0.000000e+00  0.000000e+00  0.000000e+00  0.000000e+00  0.000000e+00  0.000000e+00  0.000000e+00  0.000000e+00  0.000000e+00  0.000000e+00  0.000000e+00  0.000000e+00  0.000000e+00  0.000000e+00  0.000000e+00  0.000000e+00  0.000000e+00  0.000000e+00  0.000000e+00  0.000000e+00  0.000000e+00  0.000000e+00  0.000000e+00  0.000000e+00  0.000000e+00  0.000000e+00  0.000000e+00  0.000000e+00  0.000000e+00  0.000000e+00  0.000000e+00  0.000000e+00  0.000000e+00  0.000000e+00  0.000000e+00  0.000000e+00  0.000000e+00  0.000000e+00  0.000000e+00  0.000000e+00  0.000000e+00  0.000000e+00  0.000000e+00  0.000000e+00  0.000000e+00  0.000000e+00  0.000000e+00  0.000000e+00  0.000000e+00  0.000000e+00  0.000000e+00  0.000000e+00  0.000000e+00  0.000000e+00  0.000000e+00  0.000000e+00  0.000000e+00  0.000000e+00  0.000000e+00  0.000000e+00  0.000000e+00  0.000000e+00  0.000000e+00  0.000000e+00  0.000000e+00  0.000000e+00  0.000000e+00  0.000000e+00  0.000000e+00  0.000000e+00  0.000000e+00  0.000000e+00  0.000000e+00  0.000000e+00  0.000000e+00  0.000000e+00  0.000000e+00  0.000000e+00  0.000000e+00  0.000000e+00  0.000000e+00  0.000000e+00  0.000000e+00  0.000000e+00  0.000000e+00  0.000000e+00  0.000000e+00  0.000000e+00  0.000000e+00  0.000000e+00  0.000000e+00  0.000000e+00  0.000000e+00  0.000000e+00  0.000000e+00  0.000000e+00  0.000000e+00  0.000000e+00  0.000000e+00  0.000000e+00  0.000000e+00  0.000000e+00  0.000000e+00  0.000000e+00  0.000000e+00  0.000000e+00  0.000000e+00  0.000000e+00  0.000000e+00  0.000000e+00  0.000000e+00  0.000000e+00  0.000000e+00  0.000000e+00  0.000000e+00  0.000000e+00  0.000000e+00  0.000000e+00  0.000000e+00  0.000000e+00  0.000000e+00  0.000000e+00  0.000000e+00  0.000000e+00  0.000000e+00  0.000000e+00  0.000000e+00  0.000000e+00  0.000000e+00  0.000000e+00  0.000000e+00  0.000000e+00  0.000000e+00  0.000000e+00  1.737272e-26  7.564756e-27  4.446274e-26  1.433586e-26  6.909784e-26  1.773649e-25  2.397276e-25  3.861736e-25  3.809112e-25  3.800178e-25  3.242791e-25  1.972100e-25  1.423296e-25  2.278556e-26  9.234939e-26  1.682188e-25  7.148241e-26  6.582370e-26  6.818309e-27  2.058237e-26  9.940130e-27  9.643267e-27  1.558645e-26  6.108244e-27  0.000000e+00  0.000000e+00  0.000000e+00  0.000000e+00  0.000000e+00  0.000000e+00  0.000000e+00  0.000000e+00  0.000000e+00  0.000000e+00  3.333649e-27  6.503583e-27  5.640034e-27  8.374778e-27  1.041698e-26  9.565478e-27  1.097469e-26  1.055322e-26  1.556505e-26  2.378964e-26  2.617387e-26  2.380661e-26  2.869500e-26  3.302943e-26  7.552181e-29  0.000000e+00  0.000000e+00  0.000000e+00  0.000000e+00  0.000000e+00  0.000000e+00  0.000000e+00  0.000000e+00  0.000000e+00  0.000000e+00  0.000000e+00  0.000000e+00  0.000000e+00  1.236727e-26  2.249557e-26  2.183099e-26  3.922191e-26  9.586441e-26  2.873188e-26  2.475891e-26  2.249081e-26  5.139304e-27  4.525454e-26  2.551331e-26  1.487406e-26  1.933688e-26  4.944873e-26  3.155407e-26  2.095980e-26  2.022263e-26  3.969917e-26  5.226502e-26  5.761162e-26  5.322167e-26  2.468228e-26  3.779172e-26  4.815721e-26  5.040247e-26  3.485705e-26  3.609868e-26  1.402669e-26  0.000000e+00  1.800759e-26  8.261496e-27  9.223965e-27  0.000000e+00  0.000000e+00  0.000000e+00  0.000000e+00  0.000000e+00  0.000000e+00  0.000000e+00  0.000000e+00  0.000000e+00  0.000000e+00  0.000000e+00  0.000000e+00  0.000000e+00  0.000000e+00  0.000000e+00  0.000000e+00  0.000000e+00  0.000000e+00  0.000000e+00  0.000000e+00  0.000000e+00  0.000000e+00  7.533493e-27  2.753434e-26  1.083272e-25  1.512275e-25  2.315910e-25  2.574947e-25  1.606268e-25  2.299789e-25  4.540188e-25  5.076450e-26  1.109913e-25  1.332172e-25  7.137917e-26  5.761253e-26  2.953129e-26  0.000000e+00  0.000000e+00  2.188736e-26  7.828002e-26  1.822663e-25  1.824043e-25  1.482163e-25  2.118749e-25  5.325110e-25  8.662523e-25  1.055295e-24  1.207353e-24  1.614980e-24  1.829476e-24  1.569702e-24  1.624796e-24  1.513640e-24  1.464128e-24  1.310872e-24  1.074565e-24  1.017877e-24  7.919282e-25  7.416001e-25  5.184515e-25  4.714229e-25  3.482046e-25  4.057156e-25  4.866266e-25  5.155452e-25  5.494412e-25  8.348035e-25  2.258082e-24  2.910642e-24  6.636274e-24  8.608817e-24  1.060569e-23  6.808605e-24  5.601315e-24  1.112415e-23  9.279337e-24  6.104166e-24  7.002529e-24  5.703005e-24  4.744219e-24  4.148941e-24  5.117931e-24  5.063748e-24  4.768171e-24  3.369955e-24  3.076620e-24  3.933497e-24  3.148543e-24  2.441688e-24  1.856888e-24  1.483070e-24  1.260444e-24  9.554865e-25  6.484050e-25  5.341765e-25  3.474723e-25  2.897117e-25  2.257960e-25  2.700353e-25  2.570890e-25  2.477067e-25  2.123940e-25  2.101625e-25  1.843035e-25  9.597410e-26  6.140758e-26  4.668039e-26  4.660968e-26  9.576759e-27  3.334860e-26  8.697658e-27  1.351242e-26  9.155949e-27  3.264498e-27  0.000000e+00  0.000000e+00  0.000000e+00  0.000000e+00  0.000000e+00  0.000000e+00  0.000000e+00  0.000000e+00  0.000000e+00  0.000000e+00  0.000000e+00  0.000000e+00  0.000000e+00  0.000000e+00  0.000000e+00  0.000000e+00  0.000000e+00  0.000000e+00  0.000000e+00  0.000000e+00  0.000000e+00  0.000000e+00  0.000000e+00  0.000000e+00  0.000000e+00  0.000000e+00  0.000000e+00  0.000000e+00  0.000000e+00  0.000000e+00  0.000000e+00  6.231106e-27  3.205956e-26  1.681021e-25  3.129813e-25  4.950202e-25  6.728627e-25  7.817540e-25  7.405296e-25  8.218029e-25  7.945038e-25  5.505779e-25  8.884655e-25  1.138736e-24  3.109170e-24  1.109957e-24  1.059911e-24  1.068914e-24  1.183898e-24  1.205964e-24  1.445074e-24  1.690485e-24  1.654243e-24  1.968368e-24  1.993814e-24  2.086399e-24  2.570107e-24  1.708295e-24  2.020236e-24  1.732024e-24  2.018709e-24  3.517205e-24  4.388355e-24  2.950346e-24  3.086133e-24  2.723104e-24  2.675166e-24  2.114072e-24  3.526067e-24  3.020326e-24  2.840233e-24  2.618772e-24  3.595945e-24  2.612652e-24  2.732146e-24  3.052789e-24  2.466646e-24  2.333468e-24  2.531199e-24  2.427198e-24  2.574258e-24  1.938576e-24  2.282069e-24  2.532809e-24  2.486530e-24  2.786618e-24  2.394918e-24  2.175597e-24  2.303429e-24  1.918539e-24  1.942633e-24  1.758032e-24  1.634062e-24  1.633252e-24  1.714790e-24  1.200220e-24  1.276335e-24  9.849545e-25  9.575732e-25  8.487574e-25  9.227272e-25  7.732894e-25  6.796861e-25  7.026512e-25  5.007089e-25  4.996941e-25  3.228873e-25  3.351728e-25  2.532156e-25  2.425840e-25  1.794725e-25  2.027021e-25  1.579797e-25  8.583277e-26  4.890671e-26  1.664805e-25  8.054616e-26  5.367310e-26  5.567340e-26  5.185339e-26  1.984903e-26  2.515388e-26  1.482586e-26  2.735222e-26  0.000000e+00  0.000000e+00  0.000000e+00  0.000000e+00  0.000000e+00  0.000000e+00  0.000000e+00  0.000000e+00  0.000000e+00  0.000000e+00  0.000000e+00  0.000000e+00  0.000000e+00  0.000000e+00  0.000000e+00  0.000000e+00  0.000000e+00  0.000000e+00  0.000000e+00  0.000000e+00  0.000000e+00  0.000000e+00  0.000000e+00  0.000000e+00  0.000000e+00  0.000000e+00  0.000000e+00  0.000000e+00  0.000000e+00  0.000000e+00  0.000000e+00  0.000000e+00  0.000000e+00  0.000000e+00  0.000000e+00  0.000000e+00  6.912808e-26  7.804403e-26  1.650288e-25  2.193121e-25  5.266675e-25  5.139403e-25  5.917225e-25  1.206363e-24  9.760231e-25  1.424409e-24  4.075976e-25  1.259418e-24  1.611761e-24  1.306074e-24
0.000000e+00  0.000000e+00  0.000000e+00  0.000000e+00  0.000000e+00  0.000000e+00  0.000000e+00  0.000000e+00  0.000000e+00  0.000000e+00  0.000000e+00  0.000000e+00  0.000000e+00  0.000000e+00  0.000000e+00  0.000000e+00  0.000000e+00  0.000000e+00  0.000000e+00  0.000000e+00  0.000000e+00  0.000000e+00  0.000000e+00  0.000000e+00  0.000000e+00  0.000000e+00  0.000000e+00  0.000000e+00  0.000000e+00  0.000000e+00  0.000000e+00  0.000000e+00  0.000000e+00  0.000000e+00  0.000000e+00  0.000000e+00  0.000000e+00  0.000000e+00  0.000000e+00  0.000000e+00  0.000000e+00  0.000000e+00  0.000000e+00  0.000000e+00  0.000000e+00  0.000000e+00  0.000000e+00  0.000000e+00  0.000000e+00  0.000000e+00  0.000000e+00  0.000000e+00  0.000000e+00  0.000000e+00  0.000000e+00  0.000000e+00  0.000000e+00  0.000000e+00  0.000000e+00  0.000000e+00  0.000000e+00  0.000000e+00  0.000000e+00  0.000000e+00  0.000000e+00  0.000000e+00  0.000000e+00  0.000000e+00  0.000000e+00  0.000000e+00  0.000000e+00  0.000000e+00  0.000000e+00  0.000000e+00  0.000000e+00  0.000000e+00  0.000000e+00  0.000000e+00  0.000000e+00  0.000000e+00  0.000000e+00  0.000000e+00  0.000000e+00  0.000000e+00  0.000000e+00  0.000000e+00  0.000000e+00  0.000000e+00  0.000000e+00  0.000000e+00  0.000000e+00  0.000000e+00  0.000000e+00  0.000000e+00  0.000000e+00  0.000000e+00  0.000000e+00  0.000000e+00  0.000000e+00  0.000000e+00  0.000000e+00  0.000000e+00  0.000000e+00  0.000000e+00  0.000000e+00  0.000000e+00  0.000000e+00  0.000000e+00  0.000000e+00  0.000000e+00  0.000000e+00  0.000000e+00  0.000000e+00  0.000000e+00  0.000000e+00  0.000000e+00  0.000000e+00  0.000000e+00  0.000000e+00  0.000000e+00  0.000000e+00  0.000000e+00  0.000000e+00  0.000000e+00  0.000000e+00  0.000000e+00  0.000000e+00  0.000000e+00  0.000000e+00  0.000000e+00  0.000000e+00  0.000000e+00  0.000000e+00  0.000000e+00  0.000000e+00  0.000000e+00  0.000000e+00  0.000000e+00  0.000000e+00  0.000000e+00  0.000000e+00  0.000000e+00  0.000000e+00  0.000000e+00  0.000000e+00  0.000000e+00  0.000000e+00  0.000000e+00  0.000000e+00  0.000000e+00  0.000000e+00  0.000000e+00  0.000000e+00  0.000000e+00  0.000000e+00  0.000000e+00  0.000000e+00  0.000000e+00  0.000000e+00  0.000000e+00  0.000000e+00  0.000000e+00  0.000000e+00  0.000000e+00  0.000000e+00  0.000000e+00  0.000000e+00  0.000000e+00  0.000000e+00  0.000000e+00  0.000000e+00  0.000000e+00  0.000000e+00  0.000000e+00  0.000000e+00  0.000000e+00  0.000000e+00  0.000000e+00  0.000000e+00  0.000000e+00  0.000000e+00  0.000000e+00  0.000000e+00  0.000000e+00  0.000000e+00  0.000000e+00  0.000000e+00  0.000000e+00  0.000000e+00  0.000000e+00  0.000000e+00  0.000000e+00  0.000000e+00  0.000000e+00  0.000000e+00  0.000000e+00  0.000000e+00  0.000000e+00  0.000000e+00  0.000000e+00  0.000000e+00  0.000000e+00  0.000000e+00  0.000000e+00  0.000000e+00  0.000000e+00  0.000000e+00  0.000000e+00  0.000000e+00  0.000000e+00  0.000000e+00  0.000000e+00  0.000000e+00  0.000000e+00  0.000000e+00  0.000000e+00  0.000000e+00  0.000000e+00  0.000000e+00  0.000000e+00  0.000000e+00  0.000000e+00  0.000000e+00  0.000000e+00  0.000000e+00  0.000000e+00  0.000000e+00  0.000000e+00  0.000000e+00  0.000000e+00  0.000000e+00  0.000000e+00  0.000000e+00  0.000000e+00  0.000000e+00  0.000000e+00  0.000000e+00  0.000000e+00  0.000000e+00  0.000000e+00  0.000000e+00  0.000000e+00  0.000000e+00  0.000000e+00  0.000000e+00  0.000000e+00  0.000000e+00  0.000000e+00  0.000000e+00  0.000000e+00  0.000000e+00  0.000000e+00  0.000000e+00  0.000000e+00  0.000000e+00  0.000000e+00  0.000000e+00  0.000000e+00  0.000000e+00  0.000000e+00  0.000000e+00  0.000000e+00  0.000000e+00  0.000000e+00  0.000000e+00  0.000000e+00  0.000000e+00  0.000000e+00  0.000000e+00  0.000000e+00  0.000000e+00  0.000000e+00  0.000000e+00  0.000000e+00  0.000000e+00  0.000000e+00  0.000000e+00  0.000000e+00  0.000000e+00  0.000000e+00  0.000000e+00  0.000000e+00  0.000000e+00  0.000000e+00  0.000000e+00  0.000000e+00  0.000000e+00  0.000000e+00  0.000000e+00  0.000000e+00  0.000000e+00  0.000000e+00  0.000000e+00  0.000000e+00  0.000000e+00  0.000000e+00  0.000000e+00  0.000000e+00  0.000000e+00  0.000000e+00  0.000000e+00  0.000000e+00  0.000000e+00  0.000000e+00  0.000000e+00  0.000000e+00  0.000000e+00  0.000000e+00  0.000000e+00  0.000000e+00  0.000000e+00  0.000000e+00  0.000000e+00  0.000000e+00  0.000000e+00  0.000000e+00  0.000000e+00  0.000000e+00  0.000000e+00  0.000000e+00  0.000000e+00  0.000000e+00  0.000000e+00  0.000000e+00  0.000000e+00  0.000000e+00  0.000000e+00  0.000000e+00  0.000000e+00  0.000000e+00  0.000000e+00  0.000000e+00  0.000000e+00  0.000000e+00  0.000000e+00  0.000000e+00  0.000000e+00  0.000000e+00  0.000000e+00  0.000000e+00  0.000000e+00  0.000000e+00  0.000000e+00  0.000000e+00  0.000000e+00  0.000000e+00  0.000000e+00  0.000000e+00  0.000000e+00  0.000000e+00  0.000000e+00  0.000000e+00  0.000000e+00  0.000000e+00  0.000000e+00  0.000000e+00  0.000000e+00  0.000000e+00  0.000000e+00  0.000000e+00  0.000000e+00  0.000000e+00  0.000000e+00  0.000000e+00  0.000000e+00  0.000000e+00  0.000000e+00  0.000000e+00  0.000000e+00  0.000000e+00  0.000000e+00  0.000000e+00  0.000000e+00  0.000000e+00  0.000000e+00  0.000000e+00  0.000000e+00  0.000000e+00  0.000000e+00  0.000000e+00  0.000000e+00  0.000000e+00  0.000000e+00  0.000000e+00  0.000000e+00  0.000000e+00  0.000000e+00  0.000000e+00  1.650195e-26  7.126207e-27  4.204420e-26  1.352791e-26  6.527641e-26  1.676614e-25  2.265114e-25  3.643150e-25  3.600400e-25  3.592061e-25  3.064738e-25  1.866427e-25  1.344210e-25  2.159687e-26  8.693023e-26  1.593001e-25  6.765171e-26  6.227583e-26  6.474157e-27  1.945161e-26  9.410918e-27  9.139693e-27  1.472249e-26  5.773872e-27  0.000000e+00  0.000000e+00  0.000000e+00  0.000000e+00  0.000000e+00  0.000000e+00  0.000000e+00  0.000000e+00  0.000000e+00  0.000000e+00  3.149325e-27  6.152645e-27  5.327998e-27  7.915401e-27  9.837846e-27  9.050798e-27  1.036691e-26  9.966030e-27  1.471187e-26  2.246629e-26  2.471877e-26  2.248792e-26  2.712591e-26  3.121766e-26  7.143377e-29  0.000000e+00  0.000000e+00  0.000000e+00  0.000000e+00  0.000000e+00  0.000000e+00  0.000000e+00  0.000000e+00  0.000000e+00  0.000000e+00  0.000000e+00  0.000000e+00  0.000000e+00  1.167028e-26  2.124877e-26  2.063832e-26  3.698668e-26  9.056343e-26  2.708202e-26  2.341597e-26  2.125725e-26  4.863282e-27  4.279385e-26  2.406898e-26  1.401660e-26  1.828902e-26  4.669705e-26  2.988587e-26  1.989903e-26  1.909968e-26  3.748724e-26  4.940829e-26  5.452140e-26  5.020867e-26  2.335029e-26  3.576851e-26  4.555358e-26  4.771662e-26  3.299358e-26  3.406408e-26  1.323014e-26  0.000000e+00  1.704947e-26  7.824464e-27  8.709642e-27  0.000000e+00  0.000000e+00  0.000000e+00  0.000000e+00  0.000000e+00  0.000000e+00  0.000000e+00  0.000000e+00  0.000000e+00  0.000000e+00  0.000000e+00  0.000000e+00  0.000000e+00  0.000000e+00  0.000000e+00  0.000000e+00  0.000000e+00  0.000000e+00  0.000000e+00  0.000000e+00  0.000000e+00  0.000000e+00  7.165888e-27  2.608962e-26  1.022491e-25  1.431451e-25  2.189318e-25  2.432489e-25  1.519713e-25  2.173002e-25  4.293465e-25  4.792913e-26  1.051510e-25  1.257956e-25  6.760726e-26  5.446490e-26  2.792875e-26  0.000000e+00  0.000000e+00  2.071949e-26  7.391774e-26  1.723000e-25  1.725389e-25  1.401804e-25  2.002663e-25  5.037232e-25  8.186625e-25  9.974198e-25  1.141938e-24  1.526751e-24  1.729440e-24  1.482767e-24  1.534590e-24  1.430048e-24  1.383117e-24  1.239265e-24  1.015671e-24  9.627163e-25  7.786081e-25  7.293960e-25  5.120245e-25  4.667082e-25  3.406260e-25  3.998273e-25  4.785252e-25  5.078402e-25  5.400430e-25  8.386069e-25  2.278785e-24  2.903068e-24  6.556857e-24  8.407281e-24  1.022454e-23  6.512235e-24  5.438398e-24  1.078497e-23  9.083030e-24  5.946121e-24  6.794772e-24  5.529632e-24  4.629509e-24  4.056249e-24  4.983704e-24  4.942139e-24  4.621849e-24  3.265556e-24  2.973323e-24  3.793879e-24  3.075371e-24  2.400447e-24  1.804953e-24  1.444898e-24  1.240275e-24  9.410302e-25  6.384232e-25  5.269430e-25  3.427169e-25  2.847684e-25  2.218601e-25  2.649512e-25  2.497439e-25  2.391792e-25  2.055632e-25  2.046608e-25  1.742223e-25  9.079460e-26  5.802266e-26  4.403331e-26  4.417158e-26  9.046610e-27  3.159349e-26  8.233437e-27  1.277680e-26  8.634839e-27  3.075694e-27  0.000000e+00  0.000000e+00  0.000000e+00  0.000000e+00  0.000000e+00  0.000000e+00  0.000000e+00  0.000000e+00  0.000000e+00  0.000000e+00  0.000000e+00  0.000000e+00  0.000000e+00  0.000000e+00  0.000000e+00  0.000000e+00  0.000000e+00  0.000000e+00  0.000000e+00  0.000000e+00  0.000000e+00  0.000000e+00  0.000000e+00  0.000000e+00  0.000000e+00  0.000000e+00  0.000000e+00  0.000000e+00  0.000000e+00  0.000000e+00  0.000000e+00  6.326242e-27  3.257514e-26  1.713065e-25  3.196973e-25  5.044066e-25  6.858503e-25  7.976273e-25  7.561558e-25  8.388322e-25  8.097936e-25  5.620910e-25  9.064010e-25  1.160685e-24  3.175298e-24  1.132403e-24  1.081723e-24  1.089123e-24  1.207038e-24  1.229246e-24  1.473470e-24  1.725045e-24  1.687107e-24  2.006385e-24  2.032490e-24  2.129752e-24  2.623833e-24  1.743951e-24  2.060788e-24  1.766343e-24  2.058501e-24  3.579965e-24  4.474877e-24  3.006803e-24  3.147282e-24  2.780416e-24  2.729898e-24  2.155733e-24  3.598118e-24  3.077330e-24  2.896949e-24  2.672187e-24  3.666132e-24  2.664875e-24  2.785111e-24  3.116836e-24  2.515292e-24  2.380785e-24  2.584423e-24  2.475916e-24  2.624528e-24  1.977092e-24  2.327866e-24  2.582981e-24  2.535068e-24  2.843795e-24  2.441433e-24  2.220897e-24  2.346368e-24  1.959135e-24  1.979097e-24  1.791513e-24  1.666856e-24  1.665200e-24  1.747717e-24  1.224118e-24  1.300775e-24  1.004284e-24  9.766624e-25  8.664052e-25  9.419989e-25  7.884265e-25  6.941827e-25  7.172006e-25  5.106272e-25  5.100160e-25  3.292350e-25  3.417553e-25  2.584758e-25  2.480285e-25  1.829697e-25  2.066935e-25  1.610025e-25  8.752591e-26  5.001412e-26  1.700577e-25  8.209974e-26  5.483362e-26  5.663334e-26  5.283038e-26  2.017072e-26  2.571628e-26  1.511814e-26  2.782831e-26  0.000000e+00  0.000000e+00  0.000000e+00  0.000000e+00  0.000000e+00  0.000000e+00  0.000000e+00  0.000000e+00  0.000000e+00  0.000000e+00  0.000000e+00  0.000000e+00  0.000000e+00  0.000000e+00  0.000000e+00  0.000000e+00  0.000000e+00  0.000000e+00  0.000000e+00  0.000000e+00  0.000000e+00  0.000000e+00  0.000000e+00  0.000000e+00  0.000000e+00  0.000000e+00  0.000000e+00  0.000000e+00  0.000000e+00  0.000000e+00  0.000000e+00  0.000000e+00  0.000000e+00  0.000000e+00  0.000000e+00  0.000000e+00  7.050158e-26  7.955207e-26  1.683642e-25  2.243536e-25  5.441243e-25  5.313288e-25  6.141249e-25  1.234727e-24  9.847956e-25  1.411702e-24  4.023461e-25  1.236705e-24  1.570737e-24  1.256544e-24
0.000000e+00  0.000000e+00  0.000000e+00  0.000000e+00  0.000000e+00  0.000000e+00  0.000000e+00  0.000000e+00  0.000000e+00  0.000000e+00  0.000000e+00  0.000000e+00  0.000000e+00  0.000000e+00  0.000000e+00  0.000000e+00  0.000000e+00  0.000000e+00  0.000000e+00  0.000000e+00  0.000000e+00  0.000000e+00  0.000000e+00  0.000000e+00  0.000000e+00  0.000000e+00  0.000000e+00  0.000000e+00  0.000000e+00  0.000000e+00  0.000000e+00  0.000000e+00  0.000000e+00  0.000000e+00  0.000000e+00  0.000000e+00  0.000000e+00  0.000000e+00  0.000000e+00  0.000000e+00  0.000000e+00  0.000000e+00  0.000000e+00  0.000000e+00  0.000000e+00  0.000000e+00  0.000000e+00  0.000000e+00  0.000000e+00  0.000000e+00  0.000000e+00  0.000000e+00  0.000000e+00  0.000000e+00  0.000000e+00  0.000000e+00  0.000000e+00  0.000000e+00  0.000000e+00  0.000000e+00  0.000000e+00  0.000000e+00  0.000000e+00  0.000000e+00  0.000000e+00  0.000000e+00  0.000000e+00  0.000000e+00  0.000000e+00  0.000000e+00  0.000000e+00  0.000000e+00  0.000000e+00  0.000000e+00  0.000000e+00  0.000000e+00  0.000000e+00  0.000000e+00  0.000000e+00  0.000000e+00  0.000000e+00  0.000000e+00  0.000000e+00  0.000000e+00  0.000000e+00  0.000000e+00  0.000000e+00  0.000000e+00  0.000000e+00  0.000000e+00  0.000000e+00  0.000000e+00  0.000000e+00  0.000000e+00  0.000000e+00  0.000000e+00  0.000000e+00  0.000000e+00  0.000000e+00  0.000000e+00  0.000000e+00  0.000000e+00  0.000000e+00  0.000000e+00  0.000000e+00  0.000000e+00  0.000000e+00  0.000000e+00  0.000000e+00  0.000000e+00  0.000000e+00  0.000000e+00  0.000000e+00  0.000000e+00  0.000000e+00  0.000000e+00  0.000000e+00  0.000000e+00  0.000000e+00  0.000000e+00  0.000000e+00  0.000000e+00  0.000000e+00  0.000000e+00  0.000000e+00  0.000000e+00  0.000000e+00  0.000000e+00  0.000000e+00  0.000000e+00  0.000000e+00  0.000000e+00  0.000000e+00  0.000000e+00  0.000000e+00  0.000000e+00  0.000000e+00  0.000000e+00  0.000000e+00  0.000000e+00  0.000000e+00  0.000000e+00  0.000000e+00  0.000000e+00  0.000000e+00  0.000000e+00  0.000000e+00  0.000000e+00  0.000000e+00  0.000000e+00  0.000000e+00  0.000000e+00  0.000000e+00  0.000000e+00  0.000000e+00  0.000000e+00  0.000000e+00  0.000000e+00  0.000000e+00  0.000000e+00  0.000000e+00  0.000000e+00  0.000000e+00  0.000000e+00  0.000000e+00  0.000000e+00  0.000000e+00  0.000000e+00  0.000000e+00  0.000000e+00  0.000000e+00  0.000000e+00  0.000000e+00  0.000000e+00  0.000000e+00  0.000000e+00  0.000000e+00  0.000000e+00  0.000000e+00  0.000000e+00  0.000000e+00  0.000000e+00  0.000000e+00  0.000000e+00  0.000000e+00  0.000000e+00  0.000000e+00  0.000000e+00  0.000000e+00  0.000000e+00  0.000000e+00  0.000000e+00  0.000000e+00  0.000000e+00  0.000000e+00  0.000000e+00  0.000000e+00  0.000000e+00  0.000000e+00  0.000000e+00  0.000000e+00  0.000000e+00  0.000000e+00  0.000000e+00  0.000000e+00  0.000000e+00  0.000000e+00  0.000000e+00  0.000000e+00  0.000000e+00  0.000000e+00  0.000000e+00  0.000000e+00  0.000000e+00  0.000000e+00  0.000000e+00  0.000000e+00  0.000000e+00  0.000000e+00  0.000000e+00  0.000000e+00  0.000000e+00  0.000000e+00  0.000000e+00  0.000000e+00  0.000000e+00  0.000000e+00  0.000000e+00  0.000000e+00  0.000000e+00  0.000000e+00  0.000000e+00  0.000000e+00  0.000000e+00  0.000000e+00  0.000000e+00  0.000000e+00  0.000000e+00  0.000000e+00  0.000000e+00  0.000000e+00  0.000000e+00  0.000000e+00  0.000000e+00  0.000000e+00  0.000000e+00  0.000000e+00  0.000000e+00  0.000000e+00  0.000000e+00  0.000000e+00  0.000000e+00  0.000000e+00  0.000000e+00  0.000000e+00  0.000000e+00  0.000000e+00  0.000000e+00  0.000000e+00  0.000000e+00  0.000000e+00  0.000000e+00  0.000000e+00  0.000000e+00  0.000000e+00  0.000000e+00  0.000000e+00  0.000000e+00  0.000000e+00  0.000000e+00  0.000000e+00  0.000000e+00  0.000000e+00  0.000000e+00  0.000000e+00  0.000000e+00  0.000000e+00  0.000000e+00  0.000000e+00  0.000000e+00  0.000000e+00  0.000000e+00  0.000000e+00  0.000000e+00  0.000000e+00  0.000000e+00  0.000000e+00  0.000000e+00  0.000000e+00  0.000000e+00  0.000000e+00  0.000000e+00  0.000000e+00  0.000000e+00  0.000000e+00  0.000000e+00  0.000000e+00  0.000000e+00  0.000000e+00  0.000000e+00  0.000000e+00  0.000000e+00  0.000000e+00  0.000000e+00  0.000000e+00  0.000000e+00  0.000000e+00  0.000000e+00  0.000000e+00  0.000000e+00  0.000000e+00  0.000000e+00  0.000000e+00  0.000000e+00  0.000000e+00  0.000000e+00  0.000000e+00  0.000000e+00  0.000000e+00  0.000000e+00  0.000000e+00  0.000000e+00  0.000000e+00  0.000000e+00  0.000000e+00  0.000000e+00  0.000000e+00  0.000000e+00  0.000000e+00  0.000000e+00  0.000000e+00  0.000000e+00  0.000000e+00  0.000000e+00  0.000000e+00  0.000000e+00  0.000000e+00  0.000000e+00  0.000000e+00  0.000000e+00  0.000000e+00  0.000000e+00  0.000000e+00  0.000000e+00  0.000000e+00  0.000000e+00  0.000000e+00  0.000000e+00  0.000000e+00  0.000000e+00  0.000000e+00  0.000000e+00  0.000000e+00  0.000000e+00  0.000000e+00  0.000000e+00  0.000000e+00  0.000000e+00  0.000000e+00  0.000000e+00  0.000000e+00  0.000000e+00  0.000000e+00  0.000000e+00  0.000000e+00  0.000000e+00  0.000000e+00  0.000000e+00  0.000000e+00  0.000000e+00  0.000000e+00  0.000000e+00  0.000000e+00  0.000000e+00  0.000000e+00  0.000000e+00  0.000000e+00  0.000000e+00  0.000000e+00  0.000000e+00  0.000000e+00  0.000000e+00  0.000000e+00  0.000000e+00  0.000000e+00  0.000000e+00  0.000000e+00  0.000000e+00  1.553037e-26  6.624019e-27  3.929691e-26  1.259916e-26  6.081412e-26  1.564609e-25  2.114485e-25  3.388563e-25  3.361990e-25  3.353828e-25  2.860257e-25  1.746867e-25  1.251931e-25  2.031517e-26  8.053894e-26  1.491232e-25  6.338806e-26  5.823444e-26  6.087776e-27  1.814803e-26  8.804315e-27  8.568919e-27  1.373609e-26  5.387435e-27  0.000000e+00  0.000000e+00  0.000000e+00  0.000000e+00  0.000000e+00  0.000000e+00  0.000000e+00  0.000000e+00  0.000000e+00  0.000000e+00  2.938040e-27  5.754846e-27  4.965908e-27  7.389405e-27  9.173082e-27  8.465483e-27  9.666732e-27  9.294456e-27  1.373241e-26  2.093285e-26  2.303461e-26  2.096847e-26  2.531775e-26  2.913565e-26  6.725575e-29  0.000000e+00  0.000000e+00  0.000000e+00  0.000000e+00  0.000000e+00  0.000000e+00  0.000000e+00  0.000000e+00  0.000000e+00  0.000000e+00  0.000000e+00  0.000000e+00  0.000000e+00  1.086563e-26  1.978992e-26  1.928382e-26  3.441761e-26  8.445115e-26  2.513290e-26  2.187718e-26  1.985307e-26  4.526717e-27  3.994188e-26  2.242025e-26  1.303005e-26  1.712235e-26  4.353888e-26  2.799007e-26  1.871303e-26  1.783396e-26  3.487347e-26  4.614322e-26  5.104581e-26  4.666034e-26  2.179772e-26  3.340096e-26  4.254905e-26  4.466324e-26  3.085772e-26  3.174658e-26  1.233722e-26  0.000000e+00  1.595873e-26  7.338312e-27  8.133507e-27  0.000000e+00  0.000000e+00  0.000000e+00  0.000000e+00  0.000000e+00  0.000000e+00  0.000000e+00  0.000000e+00  0.000000e+00  0.000000e+00  0.000000e+00  0.000000e+00  0.000000e+00  0.000000e+00  0.000000e+00  0.000000e+00  0.000000e+00  0.000000e+00  0.000000e+00  0.000000e+00  0.000000e+00  0.000000e+00  6.741706e-27  2.450113e-26  9.531286e-26  1.339450e-25  2.043512e-25  2.269119e-25  1.419919e-25  2.026620e-25  4.009040e-25  4.463820e-26  9.877036e-26  1.172120e-25  6.337108e-26  5.090760e-26  2.596477e-26  0.000000e+00  0.000000e+00  1.939081e-26  6.899295e-26  1.609024e-25  1.613100e-25  1.308765e-25  1.869269e-25  4.710467e-25  7.645332e-25  9.312713e-25  1.067196e-24  1.425447e-24  1.614410e-24  1.382380e-24  1.430213e-24  1.334666e-24  1.290471e-24  1.157811e-24  9.486830e-25  8.972527e-25  7.612407e-25  7.136141e-25  5.032827e-25  4.603143e-25  3.310670e-25  3.924405e-25  4.677330e-25  4.980928e-25  5.276300e-25  8.414845e-25  2.297957e-24  2.883514e-24  6.448696e-24  8.162813e-24  9.772422e-24  6.156256e-24  5.245221e-24  1.038496e-23  8.823648e-24  5.752379e-24  6.546509e-24  5.313891e-24  4.488444e-24  3.944334e-24  4.816562e-24  4.795708e-24  4.450865e-24  3.140571e-24  2.850094e-24  3.627977e-24  2.987794e-24  2.348947e-24  1.742270e-24  1.397001e-24  1.213411e-24  9.232962e-25  6.257622e-25  5.179782e-25  3.367295e-25  2.783766e-25  2.168989e-25  2.584321e-25  2.405960e-25  2.292746e-25  1.971974e-25  1.979964e-25  1.624298e-25  8.508236e-26  5.422296e-26  4.114055e-26  4.154653e-26  8.428949e-27  2.967222e-26  7.677596e-27  1.185602e-26  7.996567e-27  2.895918e-27  0.000000e+00  0.000000e+00  0.000000e+00  0.000000e+00  0.000000e+00  0.000000e+00  0.000000e+00  0.000000e+00  0.000000e+00  0.000000e+00  0.000000e+00  0.000000e+00  0.000000e+00  0.000000e+00  0.000000e+00  0.000000e+00  0.000000e+00  0.000000e+00  0.000000e+00  0.000000e+00  0.000000e+00  0.000000e+00  0.000000e+00  0.000000e+00  0.000000e+00  0.000000e+00  0.000000e+00  0.000000e+00  0.000000e+00  0.000000e+00  0.000000e+00  6.577031e-27  3.381643e-26  1.746553e-25  3.272697e-25  5.131172e-25  6.984474e-25  8.136120e-25  7.700546e-25  8.567130e-25  8.242466e-25  5.754177e-25  9.260738e-25  1.185105e-24  3.242135e-24  1.157523e-24  1.107421e-24  1.111870e-24  1.230015e-24  1.255156e-24  1.503143e-24  1.760730e-24  1.721625e-24  2.042704e-24  2.072398e-24  2.170145e-24  2.673327e-24  1.780902e-24  2.098030e-24  1.798929e-24  2.095821e-24  3.643362e-24  4.566738e-24  3.061640e-24  3.208026e-24  2.838617e-24  2.782681e-24  2.194619e-24  3.663476e-24  3.143020e-24  2.952937e-24  2.721477e-24  3.738467e-24  2.717722e-24  2.837293e-24  3.175781e-24  2.569147e-24  2.432298e-24  2.642068e-24  2.524633e-24  2.680450e-24  2.023399e-24  2.374057e-24  2.635739e-24  2.584631e-24  2.904977e-24  2.492652e-24  2.268719e-24  2.392282e-24  1.997688e-24  2.018781e-24  1.830095e-24  1.696686e-24  1.693824e-24  1.782437e-24  1.249771e-24  1.324826e-24  1.026452e-24  9.969163e-25  8.851681e-25  9.629110e-25  8.037773e-25  7.075452e-25  7.307260e-25  5.198696e-25  5.198259e-25  3.355561e-25  3.490222e-25  2.641439e-25  2.539121e-25  1.866148e-25  2.099638e-25  1.643473e-25  8.986133e-26  5.100825e-26  1.729707e-25  8.408981e-26  5.589482e-26  5.797338e-26  5.413407e-26  2.058603e-26  2.627109e-26  1.556525e-26  2.835059e-26  0.000000e+00  0.000000e+00  0.000000e+00  0.000000e+00  0.000000e+00  0.000000e+00  0.000000e+00  0.000000e+00  0.000000e+00  0.000000e+00  0.000000e+00  0.000000e+00  0.000000e+00  0.000000e+00  0.000000e+00  0.000000e+00  0.000000e+00  0.000000e+00  0.000000e+00  0.000000e+00  0.000000e+00  0.000000e+00  0.000000e+00  0.000000e+00  0.000000e+00  0.000000e+00  0.000000e+00  0.000000e+00  0.000000e+00  0.000000e+00  0.000000e+00  0.000000e+00  0.000000e+00  0.000000e+00  0.000000e+00  0.000000e+00  7.194537e-26  8.076890e-26  1.718216e-25  2.306423e-25  5.643665e-25  5.500276e-25  6.399949e-25  1.261483e-24  9.955831e-25  1.402184e-24  3.944825e-25  1.203910e-24  1.511804e-24  1.195516e-24
0.000000e+00  0.000000e+00  0.000000e+00  0.000000e+00  0.000000e+00  0.000000e+00  0.000000e+00  0.000000e+00  0.000000e+00  0.000000e+00  0.000000e+00  0.000000e+00  0.000000e+00  0.000000e+00  0.000000e+00  0.000000e+00  0.000000e+00  0.000000e+00  0.000000e+00  0.000000e+00  0.000000e+00  0.000000e+00  0.000000e+00  0.000000e+00  0.000000e+00  0.000000e+00  0.000000e+00  0.000000e+00  0.000000e+00  0.000000e+00  0.000000e+00  0.000000e+00  0.000000e+00  0.000000e+00  0.000000e+00  0.000000e+00  0.000000e+00  0.000000e+00  0.000000e+00  0.000000e+00  0.000000e+00  0.000000e+00  0.000000e+00  0.000000e+00  0.000000e+00  0.000000e+00  0.000000e+00  0.000000e+00  0.000000e+00  0.000000e+00  0.000000e+00  0.000000e+00  0.000000e+00  0.000000e+00  0.000000e+00  0.000000e+00  0.000000e+00  0.000000e+00  0.000000e+00  0.000000e+00  0.000000e+00  0.000000e+00  0.000000e+00  0.000000e+00  0.000000e+00  0.000000e+00  0.000000e+00  0.000000e+00  0.000000e+00  0.000000e+00  0.000000e+00  0.000000e+00  0.000000e+00  0.000000e+00  0.000000e+00  0.000000e+00  0.000000e+00  0.000000e+00  0.000000e+00  0.000000e+00  0.000000e+00  0.000000e+00  0.000000e+00  0.000000e+00  0.000000e+00  0.000000e+00  0.000000e+00  0.000000e+00  0.000000e+00  0.000000e+00  0.000000e+00  0.000000e+00  0.000000e+00  0.000000e+00  0.000000e+00  0.000000e+00  0.000000e+00  0.000000e+00  0.000000e+00  0.000000e+00  0.000000e+00  0.000000e+00  0.000000e+00  0.000000e+00  0.000000e+00  0.000000e+00  0.000000e+00  0.000000e+00  0.000000e+00  0.000000e+00  0.000000e+00  0.000000e+00  0.000000e+00  0.000000e+00  0.000000e+00  0.000000e+00  0.000000e+00  0.000000e+00  0.000000e+00  0.000000e+00  0.000000e+00  0.000000e+00  0.000000e+00  0.000000e+00  0.000000e+00  0.000000e+00  0.000000e+00  0.000000e+00  0.000000e+00  0.000000e+00  0.000000e+00  0.000000e+00  0.000000e+00  0.000000e+00  0.000000e+00  0.000000e+00  0.000000e+00  0.000000e+00  0.000000e+00  0.000000e+00  0.000000e+00  0.000000e+00  0.000000e+00  0.000000e+00  0.000000e+00  0.000000e+00  0.000000e+00  0.000000e+00  0.000000e+00  0.000000e+00  0.000000e+00  0.000000e+00  0.000000e+00  0.000000e+00  0.000000e+00  0.000000e+00  0.000000e+00  0.000000e+00  0.000000e+00  0.000000e+00  0.000000e+00  0.000000e+00  0.000000e+00  0.000000e+00  0.000000e+00  0.000000e+00  0.000000e+00  0.000000e+00  0.000000e+00  0.000000e+00  0.000000e+00  0.000000e+00  0.000000e+00  0.000000e+00  0.000000e+00  0.000000e+00  0.000000e+00  0.000000e+00  0.000000e+00  0.000000e+00  0.000000e+00  0.000000e+00  0.000000e+00  0.000000e+00  0.000000e+00  0.000000e+00  0.000000e+00  0.000000e+00  0.000000e+00  0.000000e+00  0.000000e+00  0.000000e+00  0.000000e+00  0.000000e+00  0.000000e+00  0.000000e+00  0.000000e+00  0.000000e+00  0.000000e+00  0.000000e+00  0.000000e+00  0.000000e+00  0.000000e+00  0.000000e+00  0.000000e+00  0.000000e+00  0.000000e+00  0.000000e+00  0.000000e+00  0.000000e+00  0.000000e+00  0.000000e+00  0.000000e+00  0.000000e+00  0.000000e+00  0.000000e+00  0.000000e+00  0.000000e+00  0.000000e+00  0.000000e+00  0.000000e+00  0.000000e+00  0.000000e+00  0.000000e+00  0.000000e+00  0.000000e+00  0.000000e+00  0.000000e+00  0.000000e+00  0.000000e+00  0.000000e+00  0.000000e+00  0.000000e+00  0.000000e+00  0.000000e+00  0.000000e+00  0.000000e+00  0.000000e+00  0.000000e+00  0.000000e+00  0.000000e+00  0.000000e+00  0.000000e+00  0.000000e+00  0.000000e+00  0.000000e+00  0.000000e+00  0.000000e+00  0.000000e+00  0.000000e+00  0.000000e+00  0.000000e+00  0.000000e+00  0.000000e+00  0.000000e+00  0.000000e+00  0.000000e+00  0.000000e+00  0.000000e+00  0.000000e+00  0.000000e+00  0.000000e+00  0.000000e+00  0.000000e+00  0.000000e+00  0.000000e+00  0.000000e+00  0.000000e+00  0.000000e+00  0.000000e+00  0.000000e+00  0.000000e+00  0.000000e+00  0.000000e+00  0.000000e+00  0.000000e+00  0.000000e+00  0.000000e+00  0.000000e+00  0.000000e+00  0.000000e+00  0.000000e+00  0.000000e+00  0.000000e+00  0.000000e+00  0.000000e+00  0.000000e+00  0.000000e+00  0.000000e+00  0.000000e+00  0.000000e+00  0.000000e+00  0.000000e+00  0.000000e+00  0.000000e+00  0.000000e+00  0.000000e+00  0.000000e+00  0.000000e+00  0.000000e+00  0.000000e+00  0.000000e+00  0.000000e+00  0.000000e+00  0.000000e+00  0.000000e+00  0.000000e+00  0.000000e+00  0.000000e+00  0.000000e+00  0.000000e+00  0.000000e+00  0.000000e+00  0.000000e+00  0.000000e+00  0.000000e+00  0.000000e+00  0.000000e+00  0.000000e+00  0.000000e+00  0.000000e+00  0.000000e+00  0.000000e+00  0.000000e+00  0.000000e+00  0.000000e+00  0.000000e+00  0.000000e+00  0.000000e+00  0.000000e+00  0.000000e+00  0.000000e+00  0.000000e+00  0.000000e+00  0.000000e+00  0.000000e+00  0.000000e+00  0.000000e+00  0.000000e+00  0.000000e+00  0.000000e+00  0.000000e+00  0.000000e+00  0.000000e+00  0.000000e+00  0.000000e+00  0.000000e+00  0.000000e+00  0.000000e+00  0.000000e+00  0.000000e+00  0.000000e+00  0.000000e+00  0.000000e+00  0.000000e+00  0.000000e+00  0.000000e+00  0.000000e+00  0.000000e+00  0.000000e+00  0.000000e+00  0.000000e+00  0.000000e+00  0.000000e+00  0.000000e+00  0.000000e+00  0.000000e+00  0.000000e+00  0.000000e+00  0.000000e+00  0.000000e+00  0.000000e+00  0.000000e+00  0.000000e+00  0.000000e+00  0.000000e+00  0.000000e+00  0.000000e+00  0.000000e+00  0.000000e+00  0.000000e+00  0.000000e+00  0.000000e+00  0.000000e+00  0.000000e+00  0.000000e+00  0.000000e+00  0.000000e+00  1.430323e-26  5.991814e-27  3.582929e-26  1.142449e-26  5.511781e-26  1.422243e-25  1.924319e-25  3.064728e-25  3.060467e-25  3.052260e-25  2.601069e-25  1.595989e-25  1.134250e-25  1.873173e-26  7.238809e-26  1.362150e-25  5.805228e-26  5.312215e-26  5.599057e-27  1.649263e-26  8.033784e-27  7.846229e-27  1.249031e-26  4.895942e-27  0.000000e+00  0.000000e+00  0.000000e+00  0.000000e+00  0.000000e+00  0.000000e+00  0.000000e+00  0.000000e+00  0.000000e+00  0.000000e+00  2.670626e-27  5.252907e-27  4.504967e-27  6.723549e-27  8.331661e-27  7.725543e-27  8.778606e-27  8.445941e-27  1.249088e-26  1.898309e-26  2.089430e-26  1.904097e-26  2.302092e-26  2.649531e-26  6.224142e-29  0.000000e+00  0.000000e+00  0.000000e+00  0.000000e+00  0.000000e+00  0.000000e+00  0.000000e+00  0.000000e+00  0.000000e+00  0.000000e+00  0.000000e+00  0.000000e+00  0.000000e+00  9.845220e-27  1.792504e-26  1.757494e-26  3.117093e-26  7.669359e-26  2.263711e-26  1.992673e-26  1.808091e-26  4.086631e-27  3.630680e-26  2.034195e-26  1.178394e-26  1.566502e-26  3.954136e-26  2.559030e-26  1.721695e-26  1.624623e-26  3.151796e-26  4.201223e-26  4.667648e-26  4.211933e-26  1.981182e-26  3.036420e-26  3.872456e-26  4.080350e-26  2.814512e-26  2.882795e-26  1.122241e-26  0.000000e+00  1.457708e-26  6.729553e-27  7.413926e-27  0.000000e+00  0.000000e+00  0.000000e+00  0.000000e+00  0.000000e+00  0.000000e+00  0.000000e+00  0.000000e+00  0.000000e+00  0.000000e+00  0.000000e+00  0.000000e+00  0.000000e+00  0.000000e+00  0.000000e+00  0.000000e+00  0.000000e+00  0.000000e+00  0.000000e+00  0.000000e+00  0.000000e+00  0.000000e+00  6.196152e-27  2.252394e-26  8.656525e-26  1.223035e-25  1.858309e-25  2.062250e-25  1.292947e-25  1.840617e-25  3.647459e-25  4.044961e-26  9.086042e-26  1.063059e-25  5.804441e-26  4.643379e-26  2.339201e-26  0.000000e+00  0.000000e+00  1.771088e-26  6.281409e-26  1.464833e-25  1.471206e-25  1.190152e-25  1.700086e-25  4.298059e-25  6.962512e-25  8.476146e-25  9.725847e-25  1.297011e-24  1.468415e-24  1.254856e-24  1.297538e-24  1.214230e-24  1.173353e-24  1.055044e-24  8.641787e-25  8.128928e-25  7.357304e-25  6.905345e-25  4.899599e-25  4.506596e-25  3.175670e-25  3.817506e-25  4.518548e-25  4.839435e-25  5.095402e-25  8.425359e-25  2.314114e-24  2.842293e-24  6.282402e-24  7.823406e-24  9.171687e-24  5.687773e-24  4.985361e-24  9.854169e-24  8.449836e-24  5.485191e-24  6.211123e-24  5.016499e-24  4.293039e-24  3.790008e-24  4.584593e-24  4.595397e-24  4.224587e-24  2.972679e-24  2.686778e-24  3.407308e-24  2.868634e-24  2.275737e-24  1.657032e-24  1.330266e-24  1.173605e-24  8.982028e-25  6.075097e-25  5.051644e-25  3.281256e-25  2.691363e-25  2.097881e-25  2.491083e-25  2.280395e-25  2.164322e-25  1.859774e-25  1.891670e-25  1.473362e-25  7.798424e-26  4.946519e-26  3.757875e-26  3.831874e-26  7.640520e-27  2.728657e-26  6.954887e-27  1.063725e-26  7.163074e-27  2.693778e-27  0.000000e+00  0.000000e+00  0.000000e+00  0.000000e+00  0.000000e+00  0.000000e+00  0.000000e+00  0.000000e+00  0.000000e+00  0.000000e+00  0.000000e+00  0.000000e+00  0.000000e+00  0.000000e+00  0.000000e+00  0.000000e+00  0.000000e+00  0.000000e+00  0.000000e+00  0.000000e+00  0.000000e+00  0.000000e+00  0.000000e+00  0.000000e+00  0.000000e+00  0.000000e+00  0.000000e+00  0.000000e+00  0.000000e+00  0.000000e+00  0.000000e+00  7.029912e-27  3.600091e-26  1.781961e-25  3.360399e-25  5.209469e-25  7.105654e-25  8.298542e-25  7.818995e-25  8.759342e-25  8.376690e-25  5.912465e-25  9.481220e-25  1.212789e-24  3.310700e-24  1.186322e-24  1.138391e-24  1.137894e-24  1.252924e-24  1.284574e-24  1.534589e-24  1.798182e-24  1.758469e-24  2.077105e-24  2.114042e-24  2.207223e-24  2.718004e-24  1.819811e-24  2.131367e-24  1.829551e-24  2.130336e-24  3.706929e-24  4.665630e-24  3.114296e-24  3.268724e-24  2.898592e-24  2.833501e-24  2.230076e-24  3.720720e-24  3.220123e-24  3.008448e-24  2.766006e-24  3.814178e-24  2.771585e-24  2.888509e-24  3.228565e-24  2.630024e-24  2.489734e-24  2.706070e-24  2.573711e-24  2.744011e-24  2.080047e-24  2.421090e-24  2.691949e-24  2.635623e-24  2.971804e-24  2.550231e-24  2.320402e-24  2.442169e-24  2.033947e-24  2.062745e-24  1.875393e-24  1.722888e-24  1.718276e-24  1.819563e-24  1.277811e-24  1.348489e-24  1.052390e-24  1.018852e-24  9.055701e-25  9.861602e-25  8.195805e-25  7.195959e-25  7.430896e-25  5.282645e-25  5.290878e-25  3.418841e-25  3.572289e-25  2.703790e-25  2.604346e-25  1.904803e-25  2.123101e-25  1.681095e-25  9.304907e-26  5.186371e-26  1.750632e-25  8.666171e-26  5.683070e-26  5.978811e-26  5.587905e-26  2.112005e-26  2.683135e-26  1.621510e-26  2.892935e-26  0.000000e+00  0.000000e+00  0.000000e+00  0.000000e+00  0.000000e+00  0.000000e+00  0.000000e+00  0.000000e+00  0.000000e+00  0.000000e+00  0.000000e+00  0.000000e+00  0.000000e+00  0.000000e+00  0.000000e+00  0.000000e+00  0.000000e+00  0.000000e+00  0.000000e+00  0.000000e+00  0.000000e+00  0.000000e+00  0.000000e+00  0.000000e+00  0.000000e+00  0.000000e+00  0.000000e+00  0.000000e+00  0.000000e+00  0.000000e+00  0.000000e+00  0.000000e+00  0.000000e+00  0.000000e+00  0.000000e+00  0.000000e+00  7.347680e-26  8.162845e-26  1.754612e-25  2.388292e-25  5.901252e-25  5.715895e-25  6.723219e-25  1.286942e-24  1.007706e-24  1.391335e-24  3.820984e-25  1.153723e-24  1.424385e-24  1.112927e-24
0.000000e+00  0.000000e+00  0.000000e+00  0.000000e+00  0.000000e+00  0.000000e+00  0.000000e+00  0.000000e+00  0.000000e+00  0.000000e+00  0.000000e+00  0.000000e+00  0.000000e+00  0.000000e+00  0.000000e+00  0.000000e+00  0.000000e+00  0.000000e+00  0.000000e+00  0.000000e+00  0.000000e+00  0.000000e+00  0.000000e+00  0.000000e+00  0.000000e+00  0.000000e+00  0.000000e+00  0.000000e+00  0.000000e+00  0.000000e+00  0.000000e+00  0.000000e+00  0.000000e+00  0.000000e+00  0.000000e+00  0.000000e+00  0.000000e+00  0.000000e+00  0.000000e+00  0.000000e+00  0.000000e+00  0.000000e+00  0.000000e+00  0.000000e+00  0.000000e+00  0.000000e+00  0.000000e+00  0.000000e+00  0.000000e+00  0.000000e+00  0.000000e+00  0.000000e+00  0.000000e+00  0.000000e+00  0.000000e+00  0.000000e+00  0.000000e+00  0.000000e+00  0.000000e+00  0.000000e+00  0.000000e+00  0.000000e+00  0.000000e+00  0.000000e+00  0.000000e+00  0.000000e+00  0.000000e+00  0.000000e+00  0.000000e+00  0.000000e+00  0.000000e+00  0.000000e+00  0.000000e+00  0.000000e+00  0.000000e+00  0.000000e+00  0.000000e+00  0.000000e+00  0.000000e+00  0.000000e+00  0.000000e+00  0.000000e+00  0.000000e+00  0.000000e+00  0.000000e+00  0.000000e+00  0.000000e+00  0.000000e+00  0.000000e+00  0.000000e+00  0.000000e+00  0.000000e+00  0.000000e+00  0.000000e+00  0.000000e+00  0.000000e+00  0.000000e+00  0.000000e+00  0.000000e+00  0.000000e+00  0.000000e+00  0.000000e+00  0.000000e+00  0.000000e+00  0.000000e+00  0.000000e+00  0.000000e+00  0.000000e+00  0.000000e+00  0.000000e+00  0.000000e+00  0.000000e+00  0.000000e+00  0.000000e+00  0.000000e+00  0.000000e+00  0.000000e+00  0.000000e+00  0.000000e+00  0.000000e+00  0.000000e+00  0.000000e+00  0.000000e+00  0.000000e+00  0.000000e+00  0.000000e+00  0.000000e+00  0.000000e+00  0.000000e+00  0.000000e+00  0.000000e+00  0.000000e+00  0.000000e+00  0.000000e+00  0.000000e+00  0.000000e+00  0.000000e+00  0.000000e+00  0.000000e+00  0.000000e+00  0.000000e+00  0.000000e+00  0.000000e+00  0.000000e+00  0.000000e+00  0.000000e+00  0.000000e+00  0.000000e+00  0.000000e+00  0.000000e+00  0.000000e+00  0.000000e+00  0.000000e+00  0.000000e+00  0.000000e+00  0.000000e+00  0.000000e+00  0.000000e+00  0.000000e+00  0.000000e+00  0.000000e+00  0.000000e+00  0.000000e+00  0.000000e+00  0.000000e+00  0.000000e+00  0.000000e+00  0.000000e+00  0.000000e+00  0.000000e+00  0.000000e+00  0.000000e+00  0.000000e+00  0.000000e+00  0.000000e+00  0.000000e+00  0.000000e+00  0.000000e+00  0.000000e+00  0.000000e+00  0.000000e+00  0.000000e+00  0.000000e+00  0.000000e+00  0.000000e+00  0.000000e+00  0.000000e+00  0.000000e+00  0.000000e+00  0.000000e+00  0.000000e+00  0.000000e+00  0.000000e+00  0.000000e+00  0.000000e+00  0.000000e+00  0.000000e+00  0.000000e+00  0.000000e+00  0.000000e+00  0.000000e+00  0.000000e+00  0.000000e+00  0.000000e+00  0.000000e+00  0.000000e+00  0.000000e+00  0.000000e+00  0.000000e+00  0.000000e+00  0.000000e+00  0.000000e+00  0.000000e+00  0.000000e+00  0.000000e+00  0.000000e+00  0.000000e+00  0.000000e+00  0.000000e+00  0.000000e+00  0.000000e+00  0.000000e+00  0.000000e+00  0.000000e+00  0.000000e+00  0.000000e+00  0.000000e+00  0.000000e+00  0.000000e+00  0.000000e+00  0.000000e+00  0.000000e+00  0.000000e+00  0.000000e+00  0.000000e+00  0.000000e+00  0.000000e+00  0.000000e+00  0.000000e+00  0.000000e+00  0.000000e+00  0.000000e+00  0.000000e+00  0.000000e+00  0.000000e+00  0.000000e+00  0.000000e+00  0.000000e+00  0.000000e+00  0.000000e+00  0.000000e+00  0.000000e+00  0.000000e+00  0.000000e+00  0.000000e+00  0.000000e+00  0.000000e+00  0.000000e+00  0.000000e+00  0.000000e+00  0.000000e+00  0.000000e+00  0.000000e+00  0.000000e+00  0.000000e+00  0.000000e+00  0.000000e+00  0.000000e+00  0.000000e+00  0.000000e+00  0.000000e+00  0.000000e+00  0.000000e+00  0.000000e+00  0.000000e+00  0.000000e+00  0.000000e+00  0.000000e+00  0.000000e+00  0.000000e+00  0.000000e+00  0.000000e+00  0.000000e+00  0.000000e+00  0.000000e+00  0.000000e+00  0.000000e+00  0.000000e+00  0.000000e+00  0.000000e+00  0.000000e+00  0.000000e+00  0.000000e+00  0.000000e+00  0.000000e+00  0.000000e+00  0.000000e+00  0.000000e+00  0.000000e+00  0.000000e+00  0.000000e+00  0.000000e+00  0.000000e+00  0.000000e+00  0.000000e+00  0.000000e+00  0.000000e+00  0.000000e+00  0.000000e+00  0.000000e+00  0.000000e+00  0.000000e+00  0.000000e+00  0.000000e+00  0.000000e+00  0.000000e+00  0.000000e+00  0.000000e+00  0.000000e+00  0.000000e+00  0.000000e+00  0.000000e+00  0.000000e+00  0.000000e+00  0.000000e+00  0.000000e+00  0.000000e+00  0.000000e+00  0.000000e+00  0.000000e+00  0.000000e+00  0.000000e+00  0.000000e+00  0.000000e+00  0.000000e+00  0.000000e+00  0.000000e+00  0.000000e+00  0.000000e+00  0.000000e+00  0.000000e+00  0.000000e+00  0.000000e+00  0.000000e+00  0.000000e+00  0.000000e+00  0.000000e+00  0.000000e+00  0.000000e+00  0.000000e+00  0.000000e+00  0.000000e+00  0.000000e+00  0.000000e+00  0.000000e+00  0.000000e+00  0.000000e+00  0.000000e+00  0.000000e+00  0.000000e+00  0.000000e+00  0.000000e+00  0.000000e+00  0.000000e+00  0.000000e+00  0.000000e+00  0.000000e+00  0.000000e+00  0.000000e+00  0.000000e+00  0.000000e+00  0.000000e+00  0.000000e+00  0.000000e+00  0.000000e+00  0.000000e+00  0.000000e+00  0.000000e+00  0.000000e+00  0.000000e+00  0.000000e+00  0.000000e+00  0.000000e+00  0.000000e+00  0.000000e+00  0.000000e+00  0.000000e+00  0.000000e+00  1.594633e-26  6.871842e-27  4.059358e-26  1.306184e-26  6.316268e-26  1.620992e-25  2.186722e-25  3.521874e-25  3.477220e-25  3.469941e-25  2.961264e-25  1.802164e-25  1.300440e-25  2.078099e-26  8.405741e-26  1.539896e-25  6.522182e-26  6.016082e-26  6.258680e-27  1.880122e-26  9.100349e-27  8.833582e-27  1.421245e-26  5.582879e-27  0.000000e+00  0.000000e+00  0.000000e+00  0.000000e+00  0.000000e+00  0.000000e+00  0.000000e+00  0.000000e+00  0.000000e+00  0.000000e+00  3.041693e-27  5.940581e-27  5.152222e-27  7.646161e-27  9.501372e-27  8.742522e-27  1.001722e-26  9.621319e-27  1.421534e-26  2.171807e-26  2.389325e-26  2.172940e-26  2.622220e-26  3.016622e-26  6.824858e-29  0.000000e+00  0.000000e+00  0.000000e+00  0.000000e+00  0.000000e+00  0.000000e+00  0.000000e+00  0.000000e+00  0.000000e+00  0.000000e+00  0.000000e+00  0.000000e+00  0.000000e+00  1.127186e-26  2.056333e-26  1.992204e-26  3.569538e-26  8.752162e-26  2.620543e-26  2.262923e-26  2.052185e-26  4.730298e-27  4.139955e-26  2.321741e-26  1.352329e-26  1.762663e-26  4.509567e-26  2.888260e-26  1.923010e-26  1.841279e-26  3.630851e-26  4.772459e-26  5.261634e-26  4.858852e-26  2.260857e-26  3.465188e-26  4.405907e-26  4.611032e-26  3.190061e-26  3.285580e-26  1.273625e-26  0.000000e+00  1.647658e-26  7.547126e-27  8.390752e-27  0.000000e+00  0.000000e+00  0.000000e+00  0.000000e+00  0.000000e+00  0.000000e+00  0.000000e+00  0.000000e+00  0.000000e+00  0.000000e+00  0.000000e+00  0.000000e+00  0.000000e+00  0.000000e+00  0.000000e+00  0.000000e+00  0.000000e+00  0.000000e+00  0.000000e+00  0.000000e+00  0.000000e+00  0.000000e+00  6.953425e-27  2.514577e-26  9.865630e-26  1.383159e-25  2.116315e-25  2.349272e-25  1.469922e-25  2.100425e-25  4.151587e-25  4.633189e-26  1.012836e-25  1.215686e-25  6.527834e-26  5.255291e-26  2.717227e-26  0.000000e+00  0.000000e+00  2.002264e-26  7.126163e-26  1.664452e-25  1.666559e-25  1.356078e-25  1.935297e-25  4.864300e-25  7.902361e-25  9.633176e-25  1.103342e-24  1.475483e-24  1.671450e-24  1.432975e-24  1.483250e-24  1.380574e-24  1.335439e-24  1.196565e-24  9.805214e-25  9.334979e-25  7.703961e-25  7.216469e-25  5.080867e-25  4.640808e-25  3.361851e-25  3.956123e-25  4.740694e-25  5.025095e-25  5.348480e-25  8.408972e-25  2.290568e-24  2.901975e-24  6.504600e-24  8.271963e-24  9.989828e-24  6.348808e-24  5.335045e-24  1.057494e-23  8.981006e-24  5.849228e-24  6.663819e-24  5.431586e-24  4.558154e-24  3.995886e-24  4.905508e-24  4.862182e-24  4.527317e-24  3.202110e-24  2.913036e-24  3.708869e-24  3.026983e-24  2.374491e-24  1.773109e-24  1.423130e-24  1.228164e-24  9.312114e-25  6.320159e-25  5.219999e-25  3.395756e-25  2.819208e-25  2.193089e-25  2.620343e-25  2.456353e-25  2.339614e-25  2.018913e-25  2.017230e-25  1.686623e-25  8.744935e-26  5.593006e-26  4.227863e-26  4.251252e-26  8.749510e-27  3.044228e-26  7.993099e-27  1.245444e-26  8.386271e-27  2.913177e-27  0.000000e+00  0.000000e+00  0.000000e+00  0.000000e+00  0.000000e+00  0.000000e+00  0.000000e+00  0.000000e+00  0.000000e+00  0.000000e+00  0.000000e+00  0.000000e+00  0.000000e+00  0.000000e+00  0.000000e+00  0.000000e+00  0.000000e+00  0.000000e+00  0.000000e+00  0.000000e+00  0.000000e+00  0.000000e+00  0.000000e+00  0.000000e+00  0.000000e+00  0.000000e+00  0.000000e+00  0.000000e+00  0.000000e+00  0.000000e+00  0.000000e+00  6.160825e-27  3.185748e-26  1.729244e-25  3.228094e-25  5.105612e-25  6.938167e-25  8.070634e-25  7.681986e-25  8.482710e-25  8.196785e-25  5.668524e-25  9.148453e-25  1.169991e-24  3.215944e-24  1.142457e-24  1.089904e-24  1.097093e-24  1.220762e-24  1.239150e-24  1.488270e-24  1.744555e-24  1.704326e-24  2.030644e-24  2.053224e-24  2.160441e-24  2.662724e-24  1.764198e-24  2.089461e-24  1.788917e-24  2.085320e-24  3.611606e-24  4.518048e-24  3.040773e-24  3.184018e-24  2.814933e-24  2.765798e-24  2.183752e-24  3.650491e-24  3.097886e-24  2.931748e-24  2.710077e-24  3.704442e-24  2.694822e-24  2.816411e-24  3.162998e-24  2.536935e-24  2.403892e-24  2.611792e-24  2.505017e-24  2.646369e-24  1.989592e-24  2.354702e-24  2.608846e-24  2.561676e-24  2.873260e-24  2.462126e-24  2.245705e-24  2.366249e-24  1.987068e-24  1.995185e-24  1.803742e-24  1.690302e-24  1.688097e-24  1.764071e-24  1.235934e-24  1.315222e-24  1.011808e-24  9.865045e-25  8.758235e-25  9.517717e-25  7.970882e-25  7.047843e-25  7.274917e-25  5.173233e-25  5.170297e-25  3.329937e-25  3.447232e-25  2.611462e-25  2.510208e-25  1.848269e-25  2.099434e-25  1.622955e-25  8.770003e-26  5.087928e-26  1.731828e-25  8.245348e-26  5.568155e-26  5.660917e-26  5.297832e-26  2.019973e-26  2.610403e-26  1.509472e-26  2.801201e-26  0.000000e+00  0.000000e+00  0.000000e+00  0.000000e+00  0.000000e+00  0.000000e+00  0.000000e+00  0.000000e+00  0.000000e+00  0.000000e+00  0.000000e+00  0.000000e+00  0.000000e+00  0.000000e+00  0.000000e+00  0.000000e+00  0.000000e+00  0.000000e+00  0.000000e+00  0.000000e+00  0.000000e+00  0.000000e+00  0.000000e+00  0.000000e+00  0.000000e+00  0.000000e+00  0.000000e+00  0.000000e+00  0.000000e+00  0.000000e+00  0.000000e+00  0.000000e+00  0.000000e+00  0.000000e+00  0.000000e+00  0.000000e+00  7.119809e-26  8.081432e-26  1.701971e-25  2.260087e-25  5.537935e-25  5.425739e-25  6.268485e-25  1.255153e-24  9.835115e-25  1.388193e-24  3.995656e-25  1.227946e-24  1.557005e-24  1.229815e-24
0.000000e+00  0.000000e+00  0.000000e+00  0.000000e+00  0.000000e+00  0.000000e+00  0.000000e+00  0.000000e+00  0.000000e+00  0.000000e+00  0.000000e+00  0.000000e+00  0.000000e+00  0.000000e+00  0.000000e+00  0.000000e+00  0.000000e+00  0.000000e+00  0.000000e+00  0.000000e+00  0.000000e+00  0.000000e+00  0.000000e+00  0.000000e+00  0.000000e+00  0.000000e+00  0.000000e+00  0.000000e+00  0.000000e+00  0.000000e+00  0.000000e+00  0.000000e+00  0.000000e+00  0.000000e+00  0.000000e+00  0.000000e+00  0.000000e+00  0.000000e+00  0.000000e+00  0.000000e+00  0.000000e+00  0.000000e+00  0.000000e+00  0.000000e+00  0.000000e+00  0.000000e+00  0.000000e+00  0.000000e+00  0.000000e+00  0.000000e+00  0.000000e+00  0.000000e+00  0.000000e+00  0.000000e+00  0.000000e+00  0.000000e+00  0.000000e+00  0.000000e+00  0.000000e+00  0.000000e+00  0.000000e+00  0.000000e+00  0.000000e+00  0.000000e+00  0.000000e+00  0.000000e+00  0.000000e+00  0.000000e+00  0.000000e+00  0.000000e+00  0.000000e+00  0.000000e+00  0.000000e+00  0.000000e+00  0.000000e+00  0.000000e+00  0.000000e+00  0.000000e+00  0.000000e+00  0.000000e+00  0.000000e+00  0.000000e+00  0.000000e+00  0.000000e+00  0.000000e+00  0.000000e+00  0.000000e+00  0.000000e+00  0.000000e+00  0.000000e+00  0.000000e+00  0.000000e+00  0.000000e+00  0.000000e+00  0.000000e+00  0.000000e+00  0.000000e+00  0.000000e+00  0.000000e+00  0.000000e+00  0.000000e+00  0.000000e+00  0.000000e+00  0.000000e+00  0.000000e+00  0.000000e+00  0.000000e+00  0.000000e+00  0.000000e+00  0.000000e+00  0.000000e+00  0.000000e+00  0.000000e+00  0.000000e+00  0.000000e+00  0.000000e+00  0.000000e+00  0.000000e+00  0.000000e+00  0.000000e+00  0.000000e+00  0.000000e+00  0.000000e+00  0.000000e+00  0.000000e+00  0.000000e+00  0.000000e+00  0.000000e+00  0.000000e+00  0.000000e+00  0.000000e+00  0.000000e+00  0.000000e+00  0.000000e+00  0.000000e+00  0.000000e+00  0.000000e+00  0.000000e+00  0.000000e+00  0.000000e+00  0.000000e+00  0.000000e+00  0.000000e+00  0.000000e+00  0.000000e+00  0.000000e+00  0.000000e+00  0.000000e+00  0.000000e+00  0.000000e+00  0.000000e+00  0.000000e+00  0.000000e+00  0.000000e+00  0.000000e+00  0.000000e+00  0.000000e+00  0.000000e+00  0.000000e+00  0.000000e+00  0.000000e+00  0.000000e+00  0.000000e+00  0.000000e+00  0.000000e+00  0.000000e+00  0.000000e+00  0.000000e+00  0.000000e+00  0.000000e+00  0.000000e+00  0.000000e+00  0.000000e+00  0.000000e+00  0.000000e+00  0.000000e+00  0.000000e+00  0.000000e+00  0.000000e+00  0.000000e+00  0.000000e+00  0.000000e+00  0.000000e+00  0.000000e+00  0.000000e+00  0.000000e+00  0.000000e+00  0.000000e+00  0.000000e+00  0.000000e+00  0.000000e+00  0.000000e+00  0.000000e+00  0.000000e+00  0.000000e+00  0.000000e+00  0.000000e+00  0.000000e+00  0.000000e+00  0.000000e+00  0.000000e+00  0.000000e+00  0.000000e+00  0.000000e+00  0.000000e+00  0.000000e+00  0.000000e+00  0.000000e+00  0.000000e+00  0.000000e+00  0.000000e+00  0.000000e+00  0.000000e+00  0.000000e+00  0.000000e+00  0.000000e+00  0.000000e+00  0.000000e+00  0.000000e+00  0.000000e+00  0.000000e+00  0.000000e+00  0.000000e+00  0.000000e+00  0.000000e+00  0.000000e+00  0.000000e+00  0.000000e+00  0.000000e+00  0.000000e+00  0.000000e+00  0.000000e+00  0.000000e+00  0.000000e+00  0.000000e+00  0.000000e+00  0.000000e+00  0.000000e+00  0.000000e+00  0.000000e+00  0.000000e+00  0.000000e+00  0.000000e+00  0.000000e+00  0.000000e+00  0.000000e+00  0.000000e+00  0.000000e+00  0.000000e+00  0.000000e+00  0.000000e+00  0.000000e+00  0.000000e+00  0.000000e+00  0.000000e+00  0.000000e+00  0.000000e+00  0.000000e+00  0.000000e+00  0.000000e+00  0.000000e+00  0.000000e+00  0.000000e+00  0.000000e+00  0.000000e+00  0.000000e+00  0.000000e+00  0.000000e+00  0.000000e+00  0.000000e+00  0.000000e+00  0.000000e+00  0.000000e+00  0.000000e+00  0.000000e+00  0.000000e+00  0.000000e+00  0.000000e+00  0.000000e+00  0.000000e+00  0.000000e+00  0.000000e+00  0.000000e+00  0.000000e+00  0.000000e+00  0.000000e+00  0.000000e+00  0.000000e+00  0.000000e+00  0.000000e+00  0.000000e+00  0.000000e+00  0.000000e+00  0.000000e+00  0.000000e+00  0.000000e+00  0.000000e+00  0.000000e+00  0.000000e+00  0.000000e+00  0.000000e+00  0.000000e+00  0.000000e+00  0.000000e+00  0.000000e+00  0.000000e+00  0.000000e+00  0.000000e+00  0.000000e+00  0.000000e+00  0.000000e+00  0.000000e+00  0.000000e+00  0.000000e+00  0.000000e+00  0.000000e+00  0.000000e+00  0.000000e+00  0.000000e+00  0.000000e+00  0.000000e+00  0.000000e+00  0.000000e+00  0.000000e+00  0.000000e+00  0.000000e+00  0.000000e+00  0.000000e+00  0.000000e+00  0.000000e+00  0.000000e+00  0.000000e+00  0.000000e+00  0.000000e+00  0.000000e+00  0.000000e+00  0.000000e+00  0.000000e+00  0.000000e+00  0.000000e+00  0.000000e+00  0.000000e+00  0.000000e+00  0.000000e+00  0.000000e+00  0.000000e+00  0.000000e+00  0.000000e+00  0.000000e+00  0.000000e+00  0.000000e+00  0.000000e+00  0.000000e+00  0.000000e+00  0.000000e+00  0.000000e+00  0.000000e+00  0.000000e+00  0.000000e+00  0.000000e+00  0.000000e+00  0.000000e+00  0.000000e+00  0.000000e+00  0.000000e+00  0.000000e+00  0.000000e+00  0.000000e+00  0.000000e+00  0.000000e+00  0.000000e+00  0.000000e+00  0.000000e+00  0.000000e+00  0.000000e+00  0.000000e+00  0.000000e+00  0.000000e+00  0.000000e+00  0.000000e+00  0.000000e+00  0.000000e+00  0.000000e+00  0.000000e+00  0.000000e+00  0.000000e+00  0.000000e+00  0.000000e+00  1.844220e-26  8.303680e-27  4.815222e-26  1.570684e-26  7.618715e-26  1.939744e-25  2.605604e-25  4.266572e-25  4.141720e-25  4.137169e-25  3.538056e-25  2.126485e-25  1.570138e-25  2.386851e-26  1.033785e-25  1.820025e-25  7.639519e-26  7.131554e-26  7.271222e-27  2.250464e-26  1.079034e-26  1.037567e-26  1.696691e-26  6.684384e-27  0.000000e+00  0.000000e+00  0.000000e+00  0.000000e+00  0.000000e+00  0.000000e+00  0.000000e+00  0.000000e+00  0.000000e+00  0.000000e+00  3.636177e-27  7.027259e-27  6.196392e-27  9.120777e-27  1.138063e-26  1.035160e-26  1.200869e-26  1.150587e-26  1.697424e-26  2.613343e-26  2.873156e-26  2.605129e-26  3.134959e-26  3.604160e-26  7.685360e-29  0.000000e+00  0.000000e+00  0.000000e+00  0.000000e+00  0.000000e+00  0.000000e+00  0.000000e+00  0.000000e+00  0.000000e+00  0.000000e+00  0.000000e+00  0.000000e+00  0.000000e+00  1.357531e-26  2.483146e-26  2.364685e-26  4.301396e-26  1.049387e-25  3.204971e-26  2.693866e-26  2.441117e-26  5.779162e-27  4.956455e-26  2.784299e-26  1.634658e-26  2.070816e-26  5.401104e-26  3.406201e-26  2.231905e-26  2.185747e-26  4.410356e-26  5.683404e-26  6.196383e-26  5.914434e-26  2.709668e-26  4.151832e-26  5.257133e-26  5.451871e-26  3.785328e-26  3.931857e-26  1.515119e-26  0.000000e+00  1.946786e-26  8.819682e-27  9.947626e-27  0.000000e+00  0.000000e+00  0.000000e+00  0.000000e+00  0.000000e+00  0.000000e+00  0.000000e+00  0.000000e+00  0.000000e+00  0.000000e+00  0.000000e+00  0.000000e+00  0.000000e+00  0.000000e+00  0.000000e+00  0.000000e+00  0.000000e+00  0.000000e+00  0.000000e+00  0.000000e+00  0.000000e+00  0.000000e+00  8.124183e-27  2.919410e-26  1.180633e-25  1.636190e-25  2.529171e-25  2.808509e-25  1.752370e-25  2.517606e-25  4.957819e-25  5.582502e-26  1.173716e-25  1.461594e-25  7.664065e-26  6.226982e-26  3.334550e-26  0.000000e+00  0.000000e+00  2.368837e-26  8.473996e-26  1.983642e-25  1.976739e-25  1.621117e-25  2.311685e-25  5.761513e-25  9.399925e-25  1.148104e-24  1.311481e-24  1.761111e-24  1.995960e-24  1.719184e-24  1.782316e-24  1.646616e-24  1.594815e-24  1.422239e-24  1.166013e-24  1.128852e-24  8.122053e-25  7.591877e-25  5.288104e-25  4.803199e-25  3.608301e-25  4.117941e-25  5.021568e-25  5.244172e-25  5.675102e-25  8.300534e-25  2.225649e-24  2.944416e-24  6.746994e-24  8.843881e-24  1.116800e-23  7.365616e-24  5.818770e-24  1.161222e-23  9.694394e-24  6.342146e-24  7.288131e-24  6.011050e-24  4.913177e-24  4.266462e-24  5.344821e-24  5.219040e-24  4.957277e-24  3.528147e-24  3.248772e-24  4.143973e-24  3.240589e-24  2.500165e-24  1.933643e-24  1.550615e-24  1.294669e-24  9.722066e-25  6.622213e-25  5.427265e-25  3.537410e-25  2.983280e-25  2.311023e-25  2.790008e-25  2.707002e-25  2.604925e-25  2.258590e-25  2.210808e-25  2.030079e-25  1.022662e-25  6.619311e-26  4.968232e-26  4.895320e-26  1.053428e-26  3.530996e-26  9.651702e-27  1.542956e-26  1.039382e-26  3.233779e-27  0.000000e+00  0.000000e+00  0.000000e+00  0.000000e+00  0.000000e+00  0.000000e+00  0.000000e+00  0.000000e+00  0.000000e+00  0.000000e+00  0.000000e+00  0.000000e+00  0.000000e+00  0.000000e+00  0.000000e+00  0.000000e+00  0.000000e+00  0.000000e+00  0.000000e+00  0.000000e+00  0.000000e+00  0.000000e+00  0.000000e+00  0.000000e+00  0.000000e+00  0.000000e+00  0.000000e+00  0.000000e+00  0.000000e+00  0.000000e+00  0.000000e+00  4.965584e-27  2.608712e-26  1.619157e-25  2.979092e-25  4.842903e-25  6.549024e-25  7.575323e-25  7.307462e-25  7.922441e-25  7.761660e-25  5.220072e-25  8.497102e-25  1.086842e-24  3.013223e-24  1.058768e-24  1.001716e-24  1.018250e-24  1.149515e-24  1.151186e-24  1.392002e-24  1.632414e-24  1.592791e-24  1.921345e-24  1.924596e-24  2.045727e-24  2.523997e-24  1.648097e-24  1.983172e-24  1.692344e-24  1.976349e-24  3.398845e-24  4.215155e-24  2.869171e-24  2.996860e-24  2.636642e-24  2.609566e-24  2.068819e-24  3.466390e-24  2.867868e-24  2.760891e-24  2.570197e-24  3.474735e-24  2.528169e-24  2.652784e-24  2.995657e-24  2.355913e-24  2.235626e-24  2.426400e-24  2.354654e-24  2.457655e-24  1.826132e-24  2.210980e-24  2.436538e-24  2.402693e-24  2.675341e-24  2.290110e-24  2.094930e-24  2.212494e-24  1.875184e-24  1.860970e-24  1.669038e-24  1.605347e-24  1.606411e-24  1.649679e-24  1.151660e-24  1.240342e-24  9.353691e-25  9.211780e-25  8.160229e-25  8.841804e-25  7.493121e-25  6.674511e-25  6.890614e-25  4.899708e-25  4.885155e-25  3.133642e-25  3.204917e-25  2.427263e-25  2.324523e-25  1.731600e-25  2.013668e-25  1.508615e-25  7.893922e-26  4.817961e-26  1.661094e-25  7.525403e-26  5.264781e-26  5.119607e-26  4.819663e-26  1.858470e-26  2.454164e-26  1.333829e-26  2.616508e-26  0.000000e+00  0.000000e+00  0.000000e+00  0.000000e+00  0.000000e+00  0.000000e+00  0.000000e+00  0.000000e+00  0.000000e+00  0.000000e+00  0.000000e+00  0.000000e+00  0.000000e+00  0.000000e+00  0.000000e+00  0.000000e+00  0.000000e+00  0.000000e+00  0.000000e+00  0.000000e+00  0.000000e+00  0.000000e+00  0.000000e+00  0.000000e+00  0.000000e+00  0.000000e+00  0.000000e+00  0.000000e+00  0.000000e+00  0.000000e+00  0.000000e+00  0.000000e+00  0.000000e+00  0.000000e+00  0.000000e+00  0.000000e+00  6.642325e-26  7.779961e-26  1.592056e-25  2.050381e-25  4.977502e-25  4.912853e-25  5.540436e-25  1.181826e-24  9.313556e-25  1.362490e-24  4.199505e-25  1.322424e-24  1.742913e-24  1.400702e-24
0.000000e+00  0.000000e+00  0.000000e+00  0.000000e+00  0.000000e+00  0.000000e+00  0.000000e+00  0.000000e+00  0.000000e+00  0.000000e+00  0.000000e+00  0.000000e+00  0.000000e+00  0.000000e+00  0.000000e+00  0.000000e+00  0.000000e+00  0.000000e+00  0.000000e+00  0.000000e+00  0.000000e+00  0.000000e+00  0.000000e+00  0.000000e+00  0.000000e+00  0.000000e+00  0.000000e+00  0.000000e+00  0.000000e+00  0.000000e+00  0.000000e+00  0.000000e+00  0.000000e+00  0.000000e+00  0.000000e+00  0.000000e+00  0.000000e+00  0.000000e+00  0.000000e+00  0.000000e+00  0.000000e+00  0.000000e+00  0.000000e+00  0.000000e+00  0.000000e+00  0.000000e+00  0.000000e+00  0.000000e+00  0.000000e+00  0.000000e+00  0.000000e+00  0.000000e+00  0.000000e+00  0.000000e+00  0.000000e+00  0.000000e+00  0.000000e+00  0.000000e+00  0.000000e+00  0.000000e+00  0.000000e+00  0.000000e+00  0.000000e+00  0.000000e+00  0.000000e+00  0.000000e+00  0.000000e+00  0.000000e+00  0.000000e+00  0.000000e+00  0.000000e+00  0.000000e+00  0.000000e+00  0.000000e+00  0.000000e+00  0.000000e+00  0.000000e+00  0.000000e+00  0.000000e+00  0.000000e+00  0.000000e+00  0.000000e+00  0.000000e+00  0.000000e+00  0.000000e+00  0.000000e+00  0.000000e+00  0.000000e+00  0.000000e+00  0.000000e+00  0.000000e+00  0.000000e+00  0.000000e+00  0.000000e+00  0.000000e+00  0.000000e+00  0.000000e+00  0.000000e+00  0.000000e+00  0.000000e+00  0.000000e+00  0.000000e+00  0.000000e+00  0.000000e+00  0.000000e+00  0.000000e+00  0.000000e+00  0.000000e+00  0.000000e+00  0.000000e+00  0.000000e+00  0.000000e+00  0.000000e+00  0.000000e+00  0.000000e+00  0.000000e+00  0.000000e+00  0.000000e+00  0.000000e+00  0.000000e+00  0.000000e+00  0.000000e+00  0.000000e+00  0.000000e+00  0.000000e+00  0.000000e+00  0.000000e+00  0.000000e+00  0.000000e+00  0.000000e+00  0.000000e+00  0.000000e+00  0.000000e+00  0.000000e+00  0.000000e+00  0.000000e+00  0.000000e+00  0.000000e+00  0.000000e+00  0.000000e+00  0.000000e+00  0.000000e+00  0.000000e+00  0.000000e+00  0.000000e+00  0.000000e+00  0.000000e+00  0.000000e+00  0.000000e+00  0.000000e+00  0.000000e+00  0.000000e+00  0.000000e+00  0.000000e+00  0.000000e+00  0.000000e+00  0.000000e+00  0.000000e+00  0.000000e+00  0.000000e+00  0.000000e+00  0.000000e+00  0.000000e+00  0.000000e+00  0.000000e+00  0.000000e+00  0.000000e+00  0.000000e+00  0.000000e+00  0.000000e+00  0.000000e+00  0.000000e+00  0.000000e+00  0.000000e+00  0.000000e+00  0.000000e+00  0.000000e+00  0.000000e+00  0.000000e+00  0.000000e+00  0.000000e+00  0.000000e+00  0.000000e+00  0.000000e+00  0.000000e+00  0.000000e+00  0.000000e+00  0.000000e+00  0.000000e+00  0.000000e+00  0.000000e+00  0.000000e+00  0.000000e+00  0.000000e+00  0.000000e+00  0.000000e+00  0.000000e+00  0.000000e+00  0.000000e+00  0.000000e+00  0.000000e+00  0.000000e+00  0.000000e+00  0.000000e+00  0.000000e+00  0.000000e+00  0.000000e+00  0.000000e+00  0.000000e+00  0.000000e+00  0.000000e+00  0.000000e+00  0.000000e+00  0.000000e+00  0.000000e+00  0.000000e+00  0.000000e+00  0.000000e+00  0.000000e+00  0.000000e+00  0.000000e+00  0.000000e+00  0.000000e+00  0.000000e+00  0.000000e+00  0.000000e+00  0.000000e+00  0.000000e+00  0.000000e+00  0.000000e+00  0.000000e+00  0.000000e+00  0.000000e+00  0.000000e+00  0.000000e+00  0.000000e+00  0.000000e+00  0.000000e+00  0.000000e+00  0.000000e+00  0.000000e+00  0.000000e+00  0.000000e+00  0.000000e+00  0.000000e+00  0.000000e+00  0.000000e+00  0.000000e+00  0.000000e+00  0.000000e+00  0.000000e+00  0.000000e+00  0.000000e+00  0.000000e+00  0.000000e+00  0.000000e+00  0.000000e+00  0.000000e+00  0.000000e+00  0.000000e+00  0.000000e+00  0.000000e+00  0.000000e+00  0.000000e+00  0.000000e+00  0.000000e+00  0.000000e+00  0.000000e+00  0.000000e+00  0.000000e+00  0.000000e+00  0.000000e+00  0.000000e+00  0.000000e+00  0.000000e+00  0.000000e+00  0.000000e+00  0.000000e+00  0.000000e+00  0.000000e+00  0.000000e+00  0.000000e+00  0.000000e+00  0.000000e+00  0.000000e+00  0.000000e+00  0.000000e+00  0.000000e+00  0.000000e+00  0.000000e+00  0.000000e+00  0.000000e+00  0.000000e+00  0.000000e+00  0.000000e+00  0.000000e+00  0.000000e+00  0.000000e+00  0.000000e+00  0.000000e+00  0.000000e+00  0.000000e+00  0.000000e+00  0.000000e+00  0.000000e+00  0.000000e+00  0.000000e+00  0.000000e+00  0.000000e+00  0.000000e+00  0.000000e+00  0.000000e+00  0.000000e+00  0.000000e+00  0.000000e+00  0.000000e+00  0.000000e+00  0.000000e+00  0.000000e+00  0.000000e+00  0.000000e+00  0.000000e+00  0.000000e+00  0.000000e+00  0.000000e+00  0.000000e+00  0.000000e+00  0.000000e+00  0.000000e+00  0.000000e+00  0.000000e+00  0.000000e+00  0.000000e+00  0.000000e+00  0.000000e+00  0.000000e+00  0.000000e+00  0.000000e+00  0.000000e+00  0.000000e+00  0.000000e+00  0.000000e+00  0.000000e+00  0.000000e+00  0.000000e+00  0.000000e+00  0.000000e+00  0.000000e+00  0.000000e+00  0.000000e+00  0.000000e+00  0.000000e+00  0.000000e+00  0.000000e+00  0.000000e+00  0.000000e+00  0.000000e+00  0.000000e+00  0.000000e+00  0.000000e+00  0.000000e+00  0.000000e+00  0.000000e+00  0.000000e+00  0.000000e+00  0.000000e+00  0.000000e+00  0.000000e+00  0.000000e+00  0.000000e+00  0.000000e+00  0.000000e+00  0.000000e+00  0.000000e+00  0.000000e+00  0.000000e+00  0.000000e+00  0.000000e+00  0.000000e+00  0.000000e+00  0.000000e+00  0.000000e+00  0.000000e+00  0.000000e+00  0.000000e+00  0.000000e+00  0.000000e+00  0.000000e+00  2.113828e-26  9.987054e-27  5.678504e-26  1.879192e-26  9.143182e-26  2.308675e-25  3.087323e-25  5.144640e-25  4.904873e-25  4.905548e-25  4.204335e-25  2.492825e-25  1.886940e-25  2.715766e-26  1.265946e-25  2.137325e-25  8.885274e-26  8.404290e-26  8.382471e-27  2.679005e-26  1.272049e-26  1.210250e-26  2.013863e-26  7.958228e-27  0.000000e+00  0.000000e+00  0.000000e+00  0.000000e+00  0.000000e+00  0.000000e+00  0.000000e+00  0.000000e+00  0.000000e+00  0.000000e+00  4.322674e-27  8.261269e-27  7.413506e-27  1.082017e-26  1.355915e-26  1.218262e-26  1.431989e-26  1.368405e-26  2.015733e-26  3.128389e-26  3.437135e-26  3.106587e-26  3.727445e-26  4.282186e-26  8.521845e-29  0.000000e+00  0.000000e+00  0.000000e+00  0.000000e+00  0.000000e+00  0.000000e+00  0.000000e+00  0.000000e+00  0.000000e+00  0.000000e+00  0.000000e+00  0.000000e+00  0.000000e+00  1.625760e-26  2.982125e-26  2.789794e-26  5.155322e-26  1.251799e-25  3.898261e-26  3.188590e-26  2.887443e-26  7.017118e-27  5.901521e-26  3.320308e-26  1.965687e-26  2.418271e-26  6.432659e-26  3.991270e-26  2.569404e-26  2.579694e-26  5.328440e-26  6.729892e-26  7.252915e-26  7.161825e-26  3.230216e-26  4.945476e-26  6.236577e-26  6.412456e-26  4.464468e-26  4.678529e-26  1.791783e-26  0.000000e+00  2.284481e-26  1.023624e-26  1.173701e-26  0.000000e+00  0.000000e+00  0.000000e+00  0.000000e+00  0.000000e+00  0.000000e+00  0.000000e+00  0.000000e+00  0.000000e+00  0.000000e+00  0.000000e+00  0.000000e+00  0.000000e+00  0.000000e+00  0.000000e+00  0.000000e+00  0.000000e+00  0.000000e+00  0.000000e+00  0.000000e+00  0.000000e+00  0.000000e+00  9.419483e-27  3.365213e-26  1.405164e-25  1.923513e-25  3.005615e-25  3.337559e-25  2.077651e-25  3.001062e-25  5.888260e-25  6.688947e-26  1.350926e-25  1.747689e-25  8.947289e-26  7.337463e-26  4.066020e-26  0.000000e+00  0.000000e+00  2.788051e-26  1.002194e-25  2.352112e-25  2.331271e-25  1.926117e-25  2.746113e-25  6.783754e-25  1.111780e-24  1.360799e-24  1.550200e-24  2.091026e-24  2.369880e-24  2.051044e-24  2.130207e-24  1.953351e-24  1.893911e-24  1.681764e-24  1.379116e-24  1.358036e-24  8.448372e-25  7.888731e-25  5.438440e-25  4.936925e-25  3.834582e-25  4.238961e-25  5.261482e-25  5.411362e-25  5.963800e-25  8.113829e-25  2.128916e-24  2.941093e-24  6.903100e-24  9.330871e-24  1.235831e-23  8.485880e-24  6.285188e-24  1.266656e-23  1.035746e-23  6.805492e-24  7.885507e-24  6.573370e-24  5.241384e-24  4.511701e-24  5.763866e-24  5.549416e-24  5.387736e-24  3.855202e-24  3.604683e-24  4.585567e-24  3.440811e-24  2.611015e-24  2.088887e-24  1.673077e-24  1.348382e-24  1.007227e-24  6.871502e-25  5.604233e-25  3.656157e-25  3.128403e-25  2.408939e-25  2.945287e-25  2.958800e-25  2.892123e-25  2.518772e-25  2.426562e-25  2.430068e-25  1.188622e-25  7.790473e-26  5.800572e-26  5.599497e-26  1.260737e-26  4.065102e-26  1.155743e-26  1.896735e-26  1.278255e-26  3.553186e-27  0.000000e+00  0.000000e+00  0.000000e+00  0.000000e+00  0.000000e+00  0.000000e+00  0.000000e+00  0.000000e+00  0.000000e+00  0.000000e+00  0.000000e+00  0.000000e+00  0.000000e+00  0.000000e+00  0.000000e+00  0.000000e+00  0.000000e+00  0.000000e+00  0.000000e+00  0.000000e+00  0.000000e+00  0.000000e+00  0.000000e+00  0.000000e+00  0.000000e+00  0.000000e+00  0.000000e+00  0.000000e+00  0.000000e+00  0.000000e+00  0.000000e+00  3.840326e-27  2.057873e-26  1.474545e-25  2.673192e-25  4.464516e-25  6.009792e-25  6.912668e-25  6.754660e-25  7.202362e-25  7.147651e-25  4.677256e-25  7.674964e-25  9.821891e-25  2.744824e-24  9.548607e-25  8.956433e-25  9.192208e-25  1.053125e-24  1.040663e-24  1.266064e-24  1.485465e-24  1.447643e-24  1.769136e-24  1.754655e-24  1.883548e-24  2.325975e-24  1.496196e-24  1.830528e-24  1.557361e-24  1.822796e-24  3.108505e-24  3.821500e-24  2.630741e-24  2.744177e-24  2.400860e-24  2.394503e-24  1.905046e-24  3.198561e-24  2.583771e-24  2.529301e-24  2.370640e-24  3.173014e-24  2.305171e-24  2.428574e-24  2.755145e-24  2.128081e-24  2.023096e-24  2.192171e-24  2.152663e-24  2.220927e-24  1.630067e-24  2.019002e-24  2.211400e-24  2.190754e-24  2.421858e-24  2.072909e-24  1.901426e-24  2.013785e-24  1.719035e-24  1.689402e-24  1.502801e-24  1.481924e-24  1.485893e-24  1.500507e-24  1.043447e-24  1.138129e-24  8.410252e-25  8.371392e-25  7.394274e-25  7.987684e-25  6.860730e-25  6.141369e-25  6.346092e-25  4.508978e-25  4.488479e-25  2.868521e-25  2.900432e-25  2.192276e-25  2.090283e-25  1.579450e-25  1.875202e-25  1.363541e-25  6.916784e-26  4.421060e-26  1.546520e-25  6.694363e-26  4.823812e-26  4.494543e-26  4.282604e-26  1.667103e-26  2.247555e-26  1.145188e-26  2.377856e-26  0.000000e+00  0.000000e+00  0.000000e+00  0.000000e+00  0.000000e+00  0.000000e+00  0.000000e+00  0.000000e+00  0.000000e+00  0.000000e+00  0.000000e+00  0.000000e+00  0.000000e+00  0.000000e+00  0.000000e+00  0.000000e+00  0.000000e+00  0.000000e+00  0.000000e+00  0.000000e+00  0.000000e+00  0.000000e+00  0.000000e+00  0.000000e+00  0.000000e+00  0.000000e+00  0.000000e+00  0.000000e+00  0.000000e+00  0.000000e+00  0.000000e+00  0.000000e+00  0.000000e+00  0.000000e+00  0.000000e+00  0.000000e+00  6.015341e-26  7.289964e-26  1.448010e-25  1.816478e-25  4.386903e-25  4.318796e-25  4.760291e-25  1.081558e-24  8.602182e-25  1.310462e-24  4.346600e-25  1.403216e-24  1.925779e-24  1.576724e-24
0.000000e+00  0.000000e+00  0.000000e+00  0.000000e+00  0.000000e+00  0.000000e+00  0.000000e+00  0.000000e+00  0.000000e+00  0.000000e+00  0.000000e+00  0.000000e+00  0.000000e+00  0.000000e+00  0.000000e+00  0.000000e+00  0.000000e+00  0.000000e+00  0.000000e+00  0.000000e+00  0.000000e+00  0.000000e+00  0.000000e+00  0.000000e+00  0.000000e+00  0.000000e+00  0.000000e+00  0.000000e+00  0.000000e+00  0.000000e+00  0.000000e+00  0.000000e+00  0.000000e+00  0.000000e+00  0.000000e+00  0.000000e+00  0.000000e+00  0.000000e+00  0.000000e+00  0.000000e+00  0.000000e+00  0.000000e+00  0.000000e+00  0.000000e+00  0.000000e+00  0.000000e+00  0.000000e+00  0.000000e+00  0.000000e+00  0.000000e+00  0.000000e+00  0.000000e+00  0.000000e+00  0.000000e+00  0.000000e+00  0.000000e+00  0.000000e+00  0.000000e+00  0.000000e+00  0.000000e+00  0.000000e+00  0.000000e+00  0.000000e+00  0.000000e+00  0.000000e+00  0.000000e+00  0.000000e+00  0.000000e+00  0.000000e+00  0.000000e+00  0.000000e+00  0.000000e+00  0.000000e+00  0.000000e+00  0.000000e+00  0.000000e+00  0.000000e+00  0.000000e+00  0.000000e+00  0.000000e+00  0.000000e+00  0.000000e+00  0.000000e+00  0.000000e+00  0.000000e+00  0.000000e+00  0.000000e+00  0.000000e+00  0.000000e+00  0.000000e+00  0.000000e+00  0.000000e+00  0.000000e+00  0.000000e+00  0.000000e+00  0.000000e+00  0.000000e+00  0.000000e+00  0.000000e+00  0.000000e+00  0.000000e+00  0.000000e+00  0.000000e+00  0.000000e+00  0.000000e+00  0.000000e+00  0.000000e+00  0.000000e+00  0.000000e+00  0.000000e+00  0.000000e+00  0.000000e+00  0.000000e+00  0.000000e+00  0.000000e+00  0.000000e+00  0.000000e+00  0.000000e+00  0.000000e+00  0.000000e+00  0.000000e+00  0.000000e+00  0.000000e+00  0.000000e+00  0.000000e+00  0.000000e+00  0.000000e+00  0.000000e+00  0.000000e+00  0.000000e+00  0.000000e+00  0.000000e+00  0.000000e+00  0.000000e+00  0.000000e+00  0.000000e+00  0.000000e+00  0.000000e+00  0.000000e+00  0.000000e+00  0.000000e+00  0.000000e+00  0.000000e+00  0.000000e+00  0.000000e+00  0.000000e+00  0.000000e+00  0.000000e+00  0.000000e+00  0.000000e+00  0.000000e+00  0.000000e+00  0.000000e+00  0.000000e+00  0.000000e+00  0.000000e+00  0.000000e+00  0.000000e+00  0.000000e+00  0.000000e+00  0.000000e+00  0.000000e+00  0.000000e+00  0.000000e+00  0.000000e+00  0.000000e+00  0.000000e+00  0.000000e+00  0.000000e+00  0.000000e+00  0.000000e+00  0.000000e+00  0.000000e+00  0.000000e+00  0.000000e+00  0.000000e+00  0.000000e+00  0.000000e+00  0.000000e+00  0.000000e+00  0.000000e+00  0.000000e+00  0.000000e+00  0.000000e+00  0.000000e+00  0.000000e+00  0.000000e+00  0.000000e+00  0.000000e+00  0.000000e+00  0.000000e+00  0.000000e+00  0.000000e+00  0.000000e+00  0.000000e+00  0.000000e+00  0.000000e+00  0.000000e+00  0.000000e+00  0.000000e+00  0.000000e+00  0.000000e+00  0.000000e+00  0.000000e+00  0.000000e+00  0.000000e+00  0.000000e+00  0.000000e+00  0.000000e+00  0.000000e+00  0.000000e+00  0.000000e+00  0.000000e+00  0.000000e+00  0.000000e+00  0.000000e+00  0.000000e+00  0.000000e+00  0.000000e+00  0.000000e+00  0.000000e+00  0.000000e+00  0.000000e+00  0.000000e+00  0.000000e+00  0.000000e+00  0.000000e+00  0.000000e+00  0.000000e+00  0.000000e+00  0.000000e+00  0.000000e+00  0.000000e+00  0.000000e+00  0.000000e+00  0.000000e+00  0.000000e+00  0.000000e+00  0.000000e+00  0.000000e+00  0.000000e+00  0.000000e+00  0.000000e+00  0.000000e+00  0.000000e+00  0.000000e+00  0.000000e+00  0.000000e+00  0.000000e+00  0.000000e+00  0.000000e+00  0.000000e+00  0.000000e+00  0.000000e+00  0.000000e+00  0.000000e+00  0.000000e+00  0.000000e+00  0.000000e+00  0.000000e+00  0.000000e+00  0.000000e+00  0.000000e+00  0.000000e+00  0.000000e+00  0.000000e+00  0.000000e+00  0.000000e+00  0.000000e+00  0.000000e+00  0.000000e+00  0.000000e+00  0.000000e+00  0.000000e+00  0.000000e+00  0.000000e+00  0.000000e+00  0.000000e+00  0.000000e+00  0.000000e+00  0.000000e+00  0.000000e+00  0.000000e+00  0.000000e+00  0.000000e+00  0.000000e+00  0.000000e+00  0.000000e+00  0.000000e+00  0.000000e+00  0.000000e+00  0.000000e+00  0.000000e+00  0.000000e+00  0.000000e+00  0.000000e+00  0.000000e+00  0.000000e+00  0.000000e+00  0.000000e+00  0.000000e+00  0.000000e+00  0.000000e+00  0.000000e+00  0.000000e+00  0.000000e+00  0.000000e+00  0.000000e+00  0.000000e+00  0.000000e+00  0.000000e+00  0.000000e+00  0.000000e+00  0.000000e+00  0.000000e+00  0.000000e+00  0.000000e+00  0.000000e+00  0.000000e+00  0.000000e+00  0.000000e+00  0.000000e+00  0.000000e+00  0.000000e+00  0.000000e+00  0.000000e+00  0.000000e+00  0.000000e+00  0.000000e+00  0.000000e+00  0.000000e+00  0.000000e+00  0.000000e+00  0.000000e+00  0.000000e+00  0.000000e+00  0.000000e+00  0.000000e+00  0.000000e+00  0.000000e+00  0.000000e+00  0.000000e+00  0.000000e+00  0.000000e+00  0.000000e+00  0.000000e+00  0.000000e+00  0.000000e+00  0.000000e+00  0.000000e+00  0.000000e+00  0.000000e+00  0.000000e+00  0.000000e+00  0.000000e+00  0.000000e+00  0.000000e+00  0.000000e+00  0.000000e+00  0.000000e+00  0.000000e+00  0.000000e+00  0.000000e+00  0.000000e+00  0.000000e+00  0.000000e+00  0.000000e+00  0.000000e+00  0.000000e+00  0.000000e+00  0.000000e+00  0.000000e+00  0.000000e+00  0.000000e+00  0.000000e+00  0.000000e+00  0.000000e+00  0.000000e+00  0.000000e+00  0.000000e+00  0.000000e+00  0.000000e+00  0.000000e+00  0.000000e+00  0.000000e+00  0.000000e+00  0.000000e+00  0.000000e+00  1.723452e-26  7.599980e-27  4.445874e-26  1.440996e-26  6.980840e-26  1.783829e-25  2.400670e-25  3.901127e-25  3.816811e-25  3.810834e-25  3.255872e-25  1.968305e-25  1.437950e-25  2.237037e-26  9.386827e-26  1.683474e-25  7.094829e-26  6.586833e-26  6.780174e-27  2.069284e-26  9.965644e-27  9.625228e-27  1.561902e-26  6.145703e-27  0.000000e+00  0.000000e+00  0.000000e+00  0.000000e+00  0.000000e+00  0.000000e+00  0.000000e+00  0.000000e+00  0.000000e+00  0.000000e+00  3.345251e-27  6.496736e-27  5.685137e-27  8.399469e-27  1.046037e-26  9.566074e-27  1.103370e-26  1.058316e-26  1.562479e-26  2.397076e-26  2.636182e-26  2.393548e-26  2.884201e-26  3.316789e-26  7.270133e-29  0.000000e+00  0.000000e+00  0.000000e+00  0.000000e+00  0.000000e+00  0.000000e+00  0.000000e+00  0.000000e+00  0.000000e+00  0.000000e+00  0.000000e+00  0.000000e+00  0.000000e+00  1.244669e-26  2.274210e-26  2.182670e-26  3.942437e-26  9.641080e-26  2.918186e-26  2.483257e-26  2.250894e-26  5.266892e-27  4.557293e-26  2.557592e-26  1.496049e-26  1.920252e-26  4.964650e-26  3.153743e-26  2.082099e-26  2.017154e-26  4.028561e-26  5.238014e-26  5.740075e-26  5.396796e-26  2.490338e-26  3.816641e-26  4.841338e-26  5.041151e-26  3.494869e-26  3.615217e-26  1.396759e-26  0.000000e+00  1.801002e-26  8.199550e-27  9.184410e-27  0.000000e+00  0.000000e+00  0.000000e+00  0.000000e+00  0.000000e+00  0.000000e+00  0.000000e+00  0.000000e+00  0.000000e+00  0.000000e+00  0.000000e+00  0.000000e+00  0.000000e+00  0.000000e+00  0.000000e+00  0.000000e+00  0.000000e+00  0.000000e+00  0.000000e+00  0.000000e+00  0.000000e+00  0.000000e+00  7.557590e-27  2.722237e-26  1.085557e-25  1.512731e-25  2.327306e-25  2.583874e-25  1.614374e-25  2.313484e-25  4.563695e-25  5.117657e-26  1.095289e-25  1.341183e-25  7.109582e-26  5.751750e-26  3.032947e-26  0.000000e+00  0.000000e+00  2.189756e-26  7.813855e-26  1.827455e-25  1.825183e-25  1.491680e-25  2.127594e-25  5.323257e-25  8.667440e-25  1.057716e-24  1.209758e-24  1.621387e-24  1.837308e-24  1.579119e-24  1.635896e-24  1.516400e-24  1.467883e-24  1.311824e-24  1.075267e-24  1.033302e-24  7.936280e-25  7.424593e-25  5.197894e-25  4.730890e-25  3.494916e-25  4.046242e-25  4.894953e-25  5.146899e-25  5.526681e-25  8.363400e-25  2.260691e-24  2.931023e-24  6.643490e-24  8.582868e-24  1.060966e-23  6.875591e-24  5.592006e-24  1.112011e-23  9.366534e-24  6.113245e-24  6.996034e-24  5.740368e-24  4.748893e-24  4.141609e-24  5.140557e-24  5.053385e-24  4.753677e-24  3.374225e-24  3.088303e-24  3.937686e-24  3.141104e-24  2.442843e-24  1.858524e-24  1.491318e-24  1.265008e-24  9.535862e-25  6.486259e-25  5.333352e-25  3.473436e-25  2.908655e-25  2.257813e-25  2.712202e-25  2.589097e-25  2.477067e-25  2.143815e-25  2.117421e-25  1.862122e-25  9.502603e-26  6.117016e-26  4.605362e-26  4.581175e-26  9.661336e-27  3.293937e-26  8.844771e-27  1.397744e-26  9.411430e-27  3.075144e-27  0.000000e+00  0.000000e+00  0.000000e+00  0.000000e+00  0.000000e+00  0.000000e+00  0.000000e+00  0.000000e+00  0.000000e+00  0.000000e+00  0.000000e+00  0.000000e+00  0.000000e+00  0.000000e+00  0.000000e+00  0.000000e+00  0.000000e+00  0.000000e+00  0.000000e+00  0.000000e+00  0.000000e+00  0.000000e+00  0.000000e+00  0.000000e+00  0.000000e+00  0.000000e+00  0.000000e+00  0.000000e+00  0.000000e+00  0.000000e+00  0.000000e+00  5.498327e-27  2.867441e-26  1.675745e-25  3.103941e-25  4.983874e-25  6.754261e-25  7.832984e-25  7.512469e-25  8.209208e-25  7.993287e-25  5.443274e-25  8.826756e-25  1.128783e-24  3.118458e-24  1.100843e-24  1.045440e-24  1.057932e-24  1.186729e-24  1.195535e-24  1.441466e-24  1.690221e-24  1.650000e-24  1.979222e-24  1.990967e-24  2.107156e-24  2.598656e-24  1.707917e-24  2.040415e-24  1.743631e-24  2.034473e-24  3.509645e-24  4.370197e-24  2.959684e-24  3.094595e-24  2.729069e-24  2.692057e-24  2.130343e-24  3.566178e-24  2.982818e-24  2.850320e-24  2.645373e-24  3.593118e-24  2.614749e-24  2.738607e-24  3.085886e-24  2.447313e-24  2.320892e-24  2.520492e-24  2.433016e-24  2.552783e-24  1.906912e-24  2.285669e-24  2.524984e-24  2.485046e-24  2.776252e-24  2.377066e-24  2.172019e-24  2.290911e-24  1.934700e-24  1.929082e-24  1.736351e-24  1.651323e-24  1.650885e-24  1.708302e-24  1.194613e-24  1.279574e-24  9.736077e-25  9.545418e-25  8.465497e-25  9.184705e-25  7.740456e-25  6.875578e-25  7.096585e-25  5.046277e-25  5.036585e-25  3.236087e-25  3.327246e-25  2.521011e-25  2.418896e-25  1.791518e-25  2.062513e-25  1.566444e-25  8.313717e-26  4.965562e-26  1.701742e-25  7.875522e-26  5.429077e-26  5.380875e-26  5.049631e-26  1.937301e-26  2.535726e-26  1.416633e-26  2.710274e-26  0.000000e+00  0.000000e+00  0.000000e+00  0.000000e+00  0.000000e+00  0.000000e+00  0.000000e+00  0.000000e+00  0.000000e+00  0.000000e+00  0.000000e+00  0.000000e+00  0.000000e+00  0.000000e+00  0.000000e+00  0.000000e+00  0.000000e+00  0.000000e+00  0.000000e+00  0.000000e+00  0.000000e+00  0.000000e+00  0.000000e+00  0.000000e+00  0.000000e+00  0.000000e+00  0.000000e+00  0.000000e+00  0.000000e+00  0.000000e+00  0.000000e+00  0.000000e+00  0.000000e+00  0.000000e+00  0.000000e+00  0.000000e+00  6.887731e-26  7.952872e-26  1.648661e-25  2.151586e-25  5.246716e-25  5.168661e-25  5.892907e-25  1.220711e-24  9.578703e-25  1.376189e-24  4.111063e-25  1.280154e-24  1.656997e-24  1.319748e-24
0.000000e+00  0.000000e+00  0.000000e+00  0.000000e+00  0.000000e+00  0.000000e+00  0.000000e+00  0.000000e+00  0.000000e+00  0.000000e+00  0.000000e+00  0.000000e+00  0.000000e+00  0.000000e+00  0.000000e+00  0.000000e+00  0.000000e+00  0.000000e+00  0.000000e+00  0.000000e+00  0.000000e+00  0.000000e+00  0.000000e+00  0.000000e+00  0.000000e+00  0.000000e+00  0.000000e+00  0.000000e+00  0.000000e+00  0.000000e+00  0.000000e+00  0.000000e+00  0.000000e+00  0.000000e+00  0.000000e+00  0.000000e+00  0.000000e+00  0.000000e+00  0.000000e+00  0.000000e+00  0.000000e+00  0.000000e+00  0.000000e+00  0.000000e+00  0.000000e+00  0.000000e+00  0.000000e+00  0.000000e+00  0.000000e+00  0.000000e+00  0.000000e+00  0.000000e+00  0.000000e+00  0.000000e+00  0.000000e+00  0.000000e+00  0.000000e+00  0.000000e+00  0.000000e+00  0.000000e+00  0.000000e+00  0.000000e+00  0.000000e+00  0.000000e+00  0.000000e+00  0.000000e+00  0.000000e+00  0.000000e+00  0.000000e+00  0.000000e+00  0.000000e+00  0.000000e+00  0.000000e+00  0.000000e+00  0.000000e+00  0.000000e+00  0.000000e+00  0.000000e+00  0.000000e+00  0.000000e+00  0.000000e+00  0.000000e+00  0.000000e+00  0.000000e+00  0.000000e+00  0.000000e+00  0.000000e+00  0.000000e+00  0.000000e+00  0.000000e+00  0.000000e+00  0.000000e+00  0.000000e+00  0.000000e+00  0.000000e+00  0.000000e+00  0.000000e+00  0.000000e+00  0.000000e+00  0.000000e+00  0.000000e+00  0.000000e+00  0.000000e+00  0.000000e+00  0.000000e+00  0.000000e+00  0.000000e+00  0.000000e+00  0.000000e+00  0.000000e+00  0.000000e+00  0.000000e+00  0.000000e+00  0.000000e+00  0.000000e+00  0.000000e+00  0.000000e+00  0.000000e+00  0.000000e+00  0.000000e+00  0.000000e+00  0.000000e+00  0.000000e+00  0.000000e+00  0.000000e+00  0.000000e+00  0.000000e+00  0.000000e+00  0.000000e+00  0.000000e+00  0.000000e+00  0.000000e+00  0.000000e+00  0.000000e+00  0.000000e+00  0.000000e+00  0.000000e+00  0.000000e+00  0.000000e+00  0.000000e+00  0.000000e+00  0.000000e+00  0.000000e+00  0.000000e+00  0.000000e+00  0.000000e+00  0.000000e+00  0.000000e+00  0.000000e+00  0.000000e+00  0.000000e+00  0.000000e+00  0.000000e+00  0.000000e+00  0.000000e+00  0.000000e+00  0.000000e+00  0.000000e+00  0.000000e+00  0.000000e+00  0.000000e+00  0.000000e+00  0.000000e+00  0.000000e+00  0.000000e+00  0.000000e+00  0.000000e+00  0.000000e+00  0.000000e+00  0.000000e+00  0.000000e+00  0.000000e+00  0.000000e+00  0.000000e+00  0.000000e+00  0.000000e+00  0.000000e+00  0.000000e+00  0.000000e+00  0.000000e+00  0.000000e+00  0.000000e+00  0.000000e+00  0.000000e+00  0.000000e+00  0.000000e+00  0.000000e+00  0.000000e+00  0.000000e+00  0.000000e+00  0.000000e+00  0.000000e+00  0.000000e+00  0.000000e+00  0.000000e+00  0.000000e+00  0.000000e+00  0.000000e+00  0.000000e+00  0.000000e+00  0.000000e+00  0.000000e+00  0.000000e+00  0.000000e+00  0.000000e+00  0.000000e+00  0.000000e+00  0.000000e+00  0.000000e+00  0.000000e+00  0.000000e+00  0.000000e+00  0.000000e+00  0.000000e+00  0.000000e+00  0.000000e+00  0.000000e+00  0.000000e+00  0.000000e+00  0.000000e+00  0.000000e+00  0.000000e+00  0.000000e+00  0.000000e+00  0.000000e+00  0.000000e+00  0.000000e+00  0.000000e+00  0.000000e+00  0.000000e+00  0.000000e+00  0.000000e+00  0.000000e+00  0.000000e+00  0.000000e+00  0.000000e+00  0.000000e+00  0.000000e+00  0.000000e+00  0.000000e+00  0.000000e+00  0.000000e+00  0.000000e+00  0.000000e+00  0.000000e+00  0.000000e+00  0.000000e+00  0.000000e+00  0.000000e+00  0.000000e+00  0.000000e+00  0.000000e+00  0.000000e+00  0.000000e+00  0.000000e+00  0.000000e+00  0.000000e+00  0.000000e+00  0.000000e+00  0.000000e+00  0.000000e+00  0.000000e+00  0.000000e+00  0.000000e+00  0.000000e+00  0.000000e+00  0.000000e+00  0.000000e+00  0.000000e+00  0.000000e+00  0.000000e+00  0.000000e+00  0.000000e+00  0.000000e+00  0.000000e+00  0.000000e+00  0.000000e+00  0.000000e+00  0.000000e+00  0.000000e+00  0.000000e+00  0.000000e+00  0.000000e+00  0.000000e+00  0.000000e+00  0.000000e+00  0.000000e+00  0.000000e+00  0.000000e+00  0.000000e+00  0.000000e+00  0.000000e+00  0.000000e+00  0.000000e+00  0.000000e+00  0.000000e+00  0.000000e+00  0.000000e+00  0.000000e+00  0.000000e+00  0.000000e+00  0.000000e+00  0.000000e+00  0.000000e+00  0.000000e+00  0.000000e+00  0.000000e+00  0.000000e+00  0.000000e+00  0.000000e+00  0.000000e+00  0.000000e+00  0.000000e+00  0.000000e+00  0.000000e+00  0.000000e+00  0.000000e+00  0.000000e+00  0.000000e+00  0.000000e+00  0.000000e+00  0.000000e+00  0.000000e+00  0.000000e+00  0.000000e+00  0.000000e+00  0.000000e+00  0.000000e+00  0.000000e+00  0.000000e+00  0.000000e+00  0.000000e+00  0.000000e+00  0.000000e+00  0.000000e+00  0.000000e+00  0.000000e+00  0.000000e+00  0.000000e+00  0.000000e+00  0.000000e+00  0.000000e+00  0.000000e+00  0.000000e+00  0.000000e+00  0.000000e+00  0.000000e+00  0.000000e+00  0.000000e+00  0.000000e+00  0.000000e+00  0.000000e+00  0.000000e+00  0.000000e+00  0.000000e+00  0.000000e+00  0.000000e+00  0.000000e+00  0.000000e+00  0.000000e+00  0.000000e+00  0.000000e+00  0.000000e+00  0.000000e+00  0.000000e+00  0.000000e+00  0.000000e+00  0.000000e+00  0.000000e+00  0.000000e+00  0.000000e+00  0.000000e+00  0.000000e+00  0.000000e+00  0.000000e+00  0.000000e+00  0.000000e+00  0.000000e+00  0.000000e+00  0.000000e+00  0.000000e+00  0.000000e+00  0.000000e+00  0.000000e+00  0.000000e+00  0.000000e+00  0.000000e+00  0.000000e+00  1.116196e-26  4.461551e-27  2.724172e-26  8.556634e-27  4.116804e-26  1.071541e-25  1.455812e-25  2.277242e-25  2.316312e-25  2.308467e-25  1.962679e-25  1.219963e-25  8.466114e-26  1.470551e-26  5.283084e-26  1.040004e-25  4.471712e-26  4.043263e-26  4.354658e-27  1.241860e-26  6.116077e-27  6.031162e-27  9.427079e-27  3.685474e-27  0.000000e+00  0.000000e+00  0.000000e+00  0.000000e+00  0.000000e+00  0.000000e+00  0.000000e+00  0.000000e+00  0.000000e+00  0.000000e+00  2.013108e-27  4.006393e-27  3.374446e-27  5.082034e-27  6.266937e-27  5.887625e-27  6.598177e-27  6.362791e-27  9.430762e-27  1.420720e-26  1.564972e-26  1.430853e-26  1.735903e-26  1.998972e-26  4.935538e-29  0.000000e+00  0.000000e+00  0.000000e+00  0.000000e+00  0.000000e+00  0.000000e+00  0.000000e+00  0.000000e+00  0.000000e+00  0.000000e+00  0.000000e+00  0.000000e+00  0.000000e+00  7.352686e-27  1.335616e-26  1.334771e-26  2.326487e-26  5.764083e-26  1.658838e-26  1.510654e-26  1.370803e-26  3.004236e-27  2.733774e-26  1.526394e-26  8.759139e-27  1.204364e-26  2.973066e-26  1.959808e-26  1.341637e-26  1.233534e-26  2.332091e-26  3.181340e-26  3.580200e-26  3.107012e-26  1.490497e-26  2.284412e-26  2.925909e-26  3.120794e-26  2.140147e-26  2.168472e-26  8.493028e-27  0.000000e+00  1.113344e-26  5.205107e-27  5.645111e-27  0.000000e+00  0.000000e+00  0.000000e+00  0.000000e+00  0.000000e+00  0.000000e+00  0.000000e+00  0.000000e+00  0.000000e+00  0.000000e+00  0.000000e+00  0.000000e+00  0.000000e+00  0.000000e+00  0.000000e+00  0.000000e+00  0.000000e+00  0.000000e+00  0.000000e+00  0.000000e+00  0.000000e+00  0.000000e+00  4.803113e-27  1.755585e-26  6.513187e-26  9.335150e-26  1.401532e-25  1.553334e-25  9.785962e-26  1.383155e-25  2.754425e-25  3.018989e-26  7.100189e-26  7.956710e-26  4.474439e-26  3.537790e-26  1.707256e-26  0.000000e+00  0.000000e+00  1.353657e-26  4.763159e-26  1.109201e-25  1.119747e-25  8.969076e-26  1.283043e-25  3.275828e-25  5.278431e-25  6.413511e-25  7.384872e-25  9.803101e-25  1.108180e-24  9.415504e-25  9.719500e-25  9.178499e-25  8.852764e-25  8.013711e-25  6.557087e-25  6.055037e-25  6.523286e-25  6.147821e-25  4.436867e-25  4.174317e-25  2.764326e-25  3.458825e-25  4.010795e-25  4.367439e-25  4.525599e-25  8.264035e-25  2.296077e-24  2.648667e-24  5.692340e-24  6.783529e-24  7.523648e-24  4.472402e-24  4.240380e-24  8.383084e-24  7.318654e-24  4.697479e-24  5.249287e-24  4.167772e-24  3.710781e-24  3.321877e-24  3.904832e-24  3.998972e-24  3.591499e-24  2.500794e-24  2.245117e-24  2.801708e-24  2.516003e-24  2.042178e-24  1.411171e-24  1.134332e-24  1.042867e-24  8.165927e-25  5.482123e-25  4.625563e-25  2.999615e-25  2.398276e-25  1.869236e-25  2.201193e-25  1.925041e-25  1.825710e-25  1.556836e-25  1.657214e-25  1.101667e-25  6.035153e-26  3.773313e-26  2.883893e-26  3.021262e-26  5.702905e-27  2.130277e-26  5.158926e-27  7.641298e-27  5.133136e-27  2.197418e-27  0.000000e+00  0.000000e+00  0.000000e+00  0.000000e+00  0.000000e+00  0.000000e+00  0.000000e+00  0.000000e+00  0.000000e+00  0.000000e+00  0.000000e+00  0.000000e+00  0.000000e+00  0.000000e+00  0.000000e+00  0.000000e+00  0.000000e+00  0.000000e+00  0.000000e+00  0.000000e+00  0.000000e+00  0.000000e+00  0.000000e+00  0.000000e+00  0.000000e+00  0.000000e+00  0.000000e+00  0.000000e+00  0.000000e+00  0.000000e+00  0.000000e+00  8.341484e-27  4.218386e-26  1.812203e-25  3.482667e-25  5.206013e-25  7.150518e-25  8.415594e-25  7.796065e-25  8.960062e-25  8.401381e-25  6.148680e-25  9.743974e-25  1.246136e-24  3.367093e-24  1.224041e-24  1.186043e-24  1.169774e-24  1.266612e-24  1.320476e-24  1.562698e-24  1.831756e-24  1.793339e-24  2.087992e-24  2.147740e-24  2.215445e-24  2.723948e-24  1.855534e-24  2.132571e-24  1.838607e-24  2.137757e-24  3.737110e-24  4.760677e-24  3.131819e-24  3.306565e-24  2.948587e-24  2.856853e-24  2.233448e-24  3.715715e-24  3.324443e-24  3.041340e-24  2.771019e-24  3.879139e-24  2.809650e-24  2.912817e-24  3.231329e-24  2.703911e-24  2.557902e-24  2.782266e-24  2.606803e-24  2.822696e-24  2.168920e-24  2.455243e-24  2.743410e-24  2.672976e-24  3.044198e-24  2.618428e-24  2.375611e-24  2.491280e-24  2.046357e-24  2.110470e-24  1.937069e-24  1.720477e-24  1.710911e-24  1.853745e-24  1.307489e-24  1.360385e-24  1.087829e-24  1.041644e-24  9.277075e-25  1.013859e-24  8.321219e-25  7.211582e-25  7.454546e-25  5.287802e-25  5.324588e-25  3.458111e-25  3.672932e-25  2.773574e-25  2.683538e-25  1.940613e-25  2.087793e-25  1.724446e-25  9.955917e-26  5.173197e-26  1.722879e-25  9.135160e-26  5.675728e-26  6.316888e-26  5.934319e-26  2.200914e-26  2.731330e-26  1.768891e-26  2.950451e-26  0.000000e+00  0.000000e+00  0.000000e+00  0.000000e+00  0.000000e+00  0.000000e+00  0.000000e+00  0.000000e+00  0.000000e+00  0.000000e+00  0.000000e+00  0.000000e+00  0.000000e+00  0.000000e+00  0.000000e+00  0.000000e+00  0.000000e+00  0.000000e+00  0.000000e+00  0.000000e+00  0.000000e+00  0.000000e+00  0.000000e+00  0.000000e+00  0.000000e+00  0.000000e+00  0.000000e+00  0.000000e+00  0.000000e+00  0.000000e+00  0.000000e+00  0.000000e+00  0.000000e+00  0.000000e+00  0.000000e+00  0.000000e+00  7.479086e-26  8.034158e-26  1.787129e-25  2.556104e-25  6.486684e-25  6.085318e-25  7.405111e-25  1.300897e-24  1.010550e-24  1.333341e-24  3.398547e-25  9.932416e-25  1.167500e-24  8.882896e-25
