# OCRT layered gas absorption cross section, 1 nm wavelength bins
# Gas: H2O
# Spectral range: 330-1100 nm, 1 nm; 40 AFGL US76 levels
# n_layers = 40
# 330-349 nm: clean HITRAN2020/online line list downloaded with global isotopologue IDs; HAPI 1.3.0.0 Voigt, 0.05 cm^-1, legacy bin-mean contract.
# 350-1100 nm: validated canonical v6 LUT preserved exactly; clean 350-360 overlap checked.
# Units: cm^2/molecule
# Layer order: ascending z_km (layer 0 = ground, layer 39 = TOA)
# layer  0: z=  0.000 km T= 288.150 K P=1.0132500e+03 mbar
# layer  1: z=  0.500 km T= 284.900 K P=9.5429000e+02 mbar
# layer  2: z=  1.000 km T= 281.650 K P=8.9876000e+02 mbar
# layer  3: z=  1.500 km T= 278.400 K P=8.4529500e+02 mbar
# layer  4: z=  2.000 km T= 275.150 K P=7.9501000e+02 mbar
# layer  5: z=  2.500 km T= 271.900 K P=7.4663800e+02 mbar
# layer  6: z=  3.000 km T= 268.650 K P=7.0121000e+02 mbar
# layer  7: z=  3.500 km T= 265.400 K P=6.5754600e+02 mbar
# layer  8: z=  4.000 km T= 262.150 K P=6.1660000e+02 mbar
# layer  9: z=  4.500 km T= 258.900 K P=5.7728700e+02 mbar
# layer 10: z=  5.000 km T= 255.650 K P=5.4048000e+02 mbar
# layer 11: z=  5.500 km T= 252.400 K P=5.0517200e+02 mbar
# layer 12: z=  6.000 km T= 249.150 K P=4.7217000e+02 mbar
# layer 13: z=  6.500 km T= 245.900 K P=4.4055100e+02 mbar
# layer 14: z=  7.000 km T= 242.650 K P=4.1105000e+02 mbar
# layer 15: z=  7.500 km T= 239.400 K P=3.8281000e+02 mbar
# layer 16: z=  8.000 km T= 236.150 K P=3.5651000e+02 mbar
# layer 17: z=  9.000 km T= 229.650 K P=3.0800000e+02 mbar
# layer 18: z= 10.000 km T= 223.150 K P=2.6499000e+02 mbar
# layer 19: z= 11.000 km T= 216.650 K P=2.2700000e+02 mbar
# layer 20: z= 12.000 km T= 216.650 K P=1.9399000e+02 mbar
# layer 21: z= 13.000 km T= 216.650 K P=1.6579000e+02 mbar
# layer 22: z= 14.000 km T= 216.650 K P=1.4170000e+02 mbar
# layer 23: z= 15.000 km T= 216.650 K P=1.2111000e+02 mbar
# layer 24: z= 16.000 km T= 216.650 K P=1.0352000e+02 mbar
# layer 25: z= 18.000 km T= 216.650 K P=7.5652000e+01 mbar
# layer 26: z= 20.000 km T= 216.650 K P=5.5293000e+01 mbar
# layer 27: z= 22.000 km T= 218.550 K P=4.0475000e+01 mbar
# layer 28: z= 24.000 km T= 220.550 K P=2.9717000e+01 mbar
# layer 29: z= 26.000 km T= 222.770 K P=2.1898300e+01 mbar
# layer 30: z= 28.000 km T= 226.300 K P=1.6171700e+01 mbar
# layer 31: z= 30.000 km T= 232.500 K P=1.1970000e+01 mbar
# layer 32: z= 33.000 km T= 241.410 K P=7.4951300e+00 mbar
# layer 33: z= 37.000 km T= 252.690 K P=4.3717600e+00 mbar
# layer 34: z= 42.000 km T= 268.960 K P=2.2014100e+00 mbar
# layer 35: z= 50.000 km T= 247.050 K P=7.9780000e-01 mbar
# layer 36: z= 60.000 km T= 219.700 K P=2.1960000e-01 mbar
# layer 37: z= 75.000 km T= 196.000 K P=2.4000000e-02 mbar
# layer 38: z= 90.000 km T= 232.100 K P=1.8400000e-03 mbar
# layer 39: z=100.000 km T= 322.650 K P=3.2000000e-04 mbar
330.0000  331.0000  332.0000  333.0000  334.0000  335.0000  336.0000  337.0000  338.0000  339.0000  340.0000  341.0000  342.0000  343.0000  344.0000  345.0000  346.0000  347.0000  348.0000  349.0000  350.0000  351.0000  352.0000  353.0000  354.0000  355.0000  356.0000  357.0000  358.0000  359.0000  360.0000  361.0000  362.0000  363.0000  364.0000  365.0000  366.0000  367.0000  368.0000  369.0000  370.0000  371.0000  372.0000  373.0000  374.0000  375.0000  376.0000  377.0000  378.0000  379.0000  380.0000  381.0000  382.0000  383.0000  384.0000  385.0000  386.0000  387.0000  388.0000  389.0000  390.0000  391.0000  392.0000  393.0000  394.0000  395.0000  396.0000  397.0000  398.0000  399.0000  400.0000  401.0000  402.0000  403.0000  404.0000  405.0000  406.0000  407.0000  408.0000  409.0000  410.0000  411.0000  412.0000  413.0000  414.0000  415.0000  416.0000  417.0000  418.0000  419.0000  420.0000  421.0000  422.0000  423.0000  424.0000  425.0000  426.0000  427.0000  428.0000  429.0000  430.0000  431.0000  432.0000  433.0000  434.0000  435.0000  436.0000  437.0000  438.0000  439.0000  440.0000  441.0000  442.0000  443.0000  444.0000  445.0000  446.0000  447.0000  448.0000  449.0000  450.0000  451.0000  452.0000  453.0000  454.0000  455.0000  456.0000  457.0000  458.0000  459.0000  460.0000  461.0000  462.0000  463.0000  464.0000  465.0000  466.0000  467.0000  468.0000  469.0000  470.0000  471.0000  472.0000  473.0000  474.0000  475.0000  476.0000  477.0000  478.0000  479.0000  480.0000  481.0000  482.0000  483.0000  484.0000  485.0000  486.0000  487.0000  488.0000  489.0000  490.0000  491.0000  492.0000  493.0000  494.0000  495.0000  496.0000  497.0000  498.0000  499.0000  500.0000  501.0000  502.0000  503.0000  504.0000  505.0000  506.0000  507.0000  508.0000  509.0000  510.0000  511.0000  512.0000  513.0000  514.0000  515.0000  516.0000  517.0000  518.0000  519.0000  520.0000  521.0000  522.0000  523.0000  524.0000  525.0000  526.0000  527.0000  528.0000  529.0000  530.0000  531.0000  532.0000  533.0000  534.0000  535.0000  536.0000  537.0000  538.0000  539.0000  540.0000  541.0000  542.0000  543.0000  544.0000  545.0000  546.0000  547.0000  548.0000  549.0000  550.0000  551.0000  552.0000  553.0000  554.0000  555.0000  556.0000  557.0000  558.0000  559.0000  560.0000  561.0000  562.0000  563.0000  564.0000  565.0000  566.0000  567.0000  568.0000  569.0000  570.0000  571.0000  572.0000  573.0000  574.0000  575.0000  576.0000  577.0000  578.0000  579.0000  580.0000  581.0000  582.0000  583.0000  584.0000  585.0000  586.0000  587.0000  588.0000  589.0000  590.0000  591.0000  592.0000  593.0000  594.0000  595.0000  596.0000  597.0000  598.0000  599.0000  600.0000  601.0000  602.0000  603.0000  604.0000  605.0000  606.0000  607.0000  608.0000  609.0000  610.0000  611.0000  612.0000  613.0000  614.0000  615.0000  616.0000  617.0000  618.0000  619.0000  620.0000  621.0000  622.0000  623.0000  624.0000  625.0000  626.0000  627.0000  628.0000  629.0000  630.0000  631.0000  632.0000  633.0000  634.0000  635.0000  636.0000  637.0000  638.0000  639.0000  640.0000  641.0000  642.0000  643.0000  644.0000  645.0000  646.0000  647.0000  648.0000  649.0000  650.0000  651.0000  652.0000  653.0000  654.0000  655.0000  656.0000  657.0000  658.0000  659.0000  660.0000  661.0000  662.0000  663.0000  664.0000  665.0000  666.0000  667.0000  668.0000  669.0000  670.0000  671.0000  672.0000  673.0000  674.0000  675.0000  676.0000  677.0000  678.0000  679.0000  680.0000  681.0000  682.0000  683.0000  684.0000  685.0000  686.0000  687.0000  688.0000  689.0000  690.0000  691.0000  692.0000  693.0000  694.0000  695.0000  696.0000  697.0000  698.0000  699.0000  700.0000  701.0000  702.0000  703.0000  704.0000  705.0000  706.0000  707.0000  708.0000  709.0000  710.0000  711.0000  712.0000  713.0000  714.0000  715.0000  716.0000  717.0000  718.0000  719.0000  720.0000  721.0000  722.0000  723.0000  724.0000  725.0000  726.0000  727.0000  728.0000  729.0000  730.0000  731.0000  732.0000  733.0000  734.0000  735.0000  736.0000  737.0000  738.0000  739.0000  740.0000  741.0000  742.0000  743.0000  744.0000  745.0000  746.0000  747.0000  748.0000  749.0000  750.0000  751.0000  752.0000  753.0000  754.0000  755.0000  756.0000  757.0000  758.0000  759.0000  760.0000  761.0000  762.0000  763.0000  764.0000  765.0000  766.0000  767.0000  768.0000  769.0000  770.0000  771.0000  772.0000  773.0000  774.0000  775.0000  776.0000  777.0000  778.0000  779.0000  780.0000  781.0000  782.0000  783.0000  784.0000  785.0000  786.0000  787.0000  788.0000  789.0000  790.0000  791.0000  792.0000  793.0000  794.0000  795.0000  796.0000  797.0000  798.0000  799.0000  800.0000  801.0000  802.0000  803.0000  804.0000  805.0000  806.0000  807.0000  808.0000  809.0000  810.0000  811.0000  812.0000  813.0000  814.0000  815.0000  816.0000  817.0000  818.0000  819.0000  820.0000  821.0000  822.0000  823.0000  824.0000  825.0000  826.0000  827.0000  828.0000  829.0000  830.0000  831.0000  832.0000  833.0000  834.0000  835.0000  836.0000  837.0000  838.0000  839.0000  840.0000  841.0000  842.0000  843.0000  844.0000  845.0000  846.0000  847.0000  848.0000  849.0000  850.0000  851.0000  852.0000  853.0000  854.0000  855.0000  856.0000  857.0000  858.0000  859.0000  860.0000  861.0000  862.0000  863.0000  864.0000  865.0000  866.0000  867.0000  868.0000  869.0000  870.0000  871.0000  872.0000  873.0000  874.0000  875.0000  876.0000  877.0000  878.0000  879.0000  880.0000  881.0000  882.0000  883.0000  884.0000  885.0000  886.0000  887.0000  888.0000  889.0000  890.0000  891.0000  892.0000  893.0000  894.0000  895.0000  896.0000  897.0000  898.0000  899.0000  900.0000  901.0000  902.0000  903.0000  904.0000  905.0000  906.0000  907.0000  908.0000  909.0000  910.0000  911.0000  912.0000  913.0000  914.0000  915.0000  916.0000  917.0000  918.0000  919.0000  920.0000  921.0000  922.0000  923.0000  924.0000  925.0000  926.0000  927.0000  928.0000  929.0000  930.0000  931.0000  932.0000  933.0000  934.0000  935.0000  936.0000  937.0000  938.0000  939.0000  940.0000  941.0000  942.0000  943.0000  944.0000  945.0000  946.0000  947.0000  948.0000  949.0000  950.0000  951.0000  952.0000  953.0000  954.0000  955.0000  956.0000  957.0000  958.0000  959.0000  960.0000  961.0000  962.0000  963.0000  964.0000  965.0000  966.0000  967.0000  968.0000  969.0000  970.0000  971.0000  972.0000  973.0000  974.0000  975.0000  976.0000  977.0000  978.0000  979.0000  980.0000  981.0000  982.0000  983.0000  984.0000  985.0000  986.0000  987.0000  988.0000  989.0000  990.0000  991.0000  992.0000  993.0000  994.0000  995.0000  996.0000  997.0000  998.0000  999.0000  1000.0000  1001.0000  1002.0000  1003.0000  1004.0000  1005.0000  1006.0000  1007.0000  1008.0000  1009.0000  1010.0000  1011.0000  1012.0000  1013.0000  1014.0000  1015.0000  1016.0000  1017.0000  1018.0000  1019.0000  1020.0000  1021.0000  1022.0000  1023.0000  1024.0000  1025.0000  1026.0000  1027.0000  1028.0000  1029.0000  1030.0000  1031.0000  1032.0000  1033.0000  1034.0000  1035.0000  1036.0000  1037.0000  1038.0000  1039.0000  1040.0000  1041.0000  1042.0000  1043.0000  1044.0000  1045.0000  1046.0000  1047.0000  1048.0000  1049.0000  1050.0000  1051.0000  1052.0000  1053.0000  1054.0000  1055.0000  1056.0000  1057.0000  1058.0000  1059.0000  1060.0000  1061.0000  1062.0000  1063.0000  1064.0000  1065.0000  1066.0000  1067.0000  1068.0000  1069.0000  1070.0000  1071.0000  1072.0000  1073.0000  1074.0000  1075.0000  1076.0000  1077.0000  1078.0000  1079.0000  1080.0000  1081.0000  1082.0000  1083.0000  1084.0000  1085.0000  1086.0000  1087.0000  1088.0000  1089.0000  1090.0000  1091.0000  1092.0000  1093.0000  1094.0000  1095.0000  1096.0000  1097.0000  1098.0000  1099.0000  1100.0000
3.623910e-29  4.961892e-29  6.001189e-29  8.010418e-29  2.929010e-28  1.194635e-27  8.003749e-28  7.096239e-28  3.646676e-28  1.653771e-28  5.616529e-29  2.546646e-29  1.822605e-29  2.491879e-29  6.652279e-29  3.213341e-28  2.380618e-28  2.131293e-28  5.361652e-28  1.890303e-28  9.029064e-29  2.831508e-29  1.073946e-29  1.305199e-29  1.013725e-29  1.484213e-29  1.838249e-29  8.076314e-30  2.224921e-29  3.168689e-29  1.063272e-28  4.455971e-28  2.425206e-27  2.393692e-27  1.854142e-27  1.330390e-27  6.263181e-28  2.590348e-28  1.246985e-28  4.644574e-29  5.792784e-29  1.086038e-28  9.520653e-29  1.264760e-28  1.292839e-28  2.132566e-28  6.798014e-28  7.776233e-28  5.091972e-28  3.996629e-28  2.034299e-28  1.839323e-28  4.455793e-28  1.639378e-28  1.286383e-28  8.307535e-29  4.842186e-29  1.734642e-29  1.279865e-29  7.214350e-30  1.356104e-29  2.381562e-29  2.183690e-29  8.396513e-29  1.320691e-28  6.489873e-28  1.411711e-27  8.604109e-27  5.376979e-27  4.753793e-27  4.695566e-27  2.507293e-27  1.443653e-27  5.928176e-28  2.761795e-28  1.157576e-28  4.882282e-29  2.380236e-29  1.086977e-29  2.766347e-29  2.230361e-28  4.119757e-28  2.254052e-28  4.455085e-28  4.738365e-28  1.799260e-27  2.014173e-27  2.942293e-27  1.389001e-27  1.267172e-27  7.700999e-28  3.545130e-28  1.433227e-28  9.454431e-29  1.282299e-28  4.415420e-28  1.040727e-27  6.449510e-28  5.639723e-28  7.409746e-28  4.539149e-28  2.638565e-28  1.484017e-28  7.215844e-29  3.756950e-29  2.876125e-29  4.177874e-29  1.217942e-28  3.218854e-28  9.789956e-28  1.678257e-27  4.242159e-27  1.023007e-26  3.135671e-26  1.333372e-26  1.519977e-26  1.587344e-26  7.343080e-27  4.088454e-27  2.577094e-27  7.048543e-28  3.300546e-28  8.174819e-28  1.848837e-27  8.924870e-28  1.095818e-27  1.533594e-27  9.536607e-28  3.511911e-28  4.491011e-28  2.467395e-28  1.001233e-28  5.900177e-29  6.451293e-29  1.197693e-28  2.029448e-28  5.444112e-28  2.431756e-27  2.654409e-27  4.980464e-27  1.008835e-26  6.396518e-27  4.711280e-27  6.281076e-27  3.225658e-27  2.325037e-27  1.069772e-27  6.379194e-28  2.564046e-28  2.198929e-28  1.189746e-28  2.843158e-28  3.351991e-28  1.391009e-27  1.545841e-27  9.354028e-27  5.791468e-27  8.459393e-27  6.362896e-27  7.703054e-27  4.460790e-27  3.997622e-27  3.043455e-27  2.018583e-27  1.087226e-27  5.964665e-28  4.368014e-28  4.864954e-28  9.457818e-28  2.363928e-27  5.137192e-27  9.220838e-27  2.588995e-26  4.709384e-26  1.758386e-25  5.008104e-26  7.364056e-26  8.663414e-26  6.276470e-26  4.919233e-26  3.644713e-26  1.527372e-26  9.041094e-27  4.445721e-27  1.844773e-27  1.172683e-27  6.308410e-28  4.661285e-28  5.196119e-28  3.198059e-28  2.036598e-28  2.479407e-28  5.179783e-28  1.659957e-27  9.260773e-27  8.927371e-27  1.543882e-27  7.128956e-27  3.140395e-27  5.247500e-27  4.689809e-27  4.359938e-27  2.597080e-27  1.803540e-27  1.196601e-27  1.643251e-27  2.266879e-27  2.820242e-27  4.772099e-27  8.873572e-27  2.000428e-26  5.011219e-26  5.531424e-26  2.400131e-26  4.961695e-26  3.110585e-26  5.471092e-26  3.255375e-26  1.855089e-26  1.354334e-26  1.364514e-26  7.781611e-27  4.166440e-27  2.638864e-27  1.794865e-27  1.585971e-27  9.080548e-28  3.895347e-28  5.426995e-28  1.253008e-27  1.929455e-27  2.478110e-27  2.225863e-27  2.724825e-27  2.118242e-27  2.620815e-27  3.898658e-27  8.826434e-27  3.978145e-26  1.343765e-25  9.210616e-26  2.434539e-26  7.255230e-26  6.274348e-26  5.823444e-26  6.070577e-26  4.928014e-26  4.176811e-26  2.391276e-26  1.154449e-26  1.223550e-26  1.185372e-26  1.418085e-26  1.346615e-26  1.891236e-26  2.296136e-26  3.972380e-26  7.861728e-26  2.816437e-25  6.912216e-25  6.517319e-25  4.392839e-25  5.950179e-25  4.396553e-25  5.070695e-25  5.510785e-25  3.135062e-25  3.172436e-25  2.385644e-25  1.797615e-25  1.084656e-25  5.031108e-26  4.074785e-26  2.384853e-26  8.541886e-27  6.545019e-27  4.439524e-27  2.018322e-27  1.765079e-27  9.627647e-28  7.379607e-28  4.322812e-28  2.413513e-28  1.253394e-28  1.033304e-28  1.221501e-28  1.124864e-28  1.192438e-28  2.585927e-28  3.811189e-28  4.642924e-28  6.706943e-28  6.410091e-28  1.269280e-27  1.655022e-27  5.625849e-27  1.763490e-26  5.294519e-26  9.595569e-26  7.987575e-26  4.039427e-26  1.893560e-26  8.014893e-26  5.571310e-26  3.865021e-26  4.428211e-26  3.637731e-26  3.689954e-26  2.269868e-26  2.637769e-26  2.455463e-26  2.633875e-26  2.490844e-26  4.029632e-26  3.601010e-26  6.164468e-26  1.673652e-25  3.790934e-25  5.982300e-25  5.554513e-25  2.318546e-25  1.666559e-25  6.069581e-25  2.136131e-25  1.636518e-25  4.166801e-25  2.112571e-25  2.524304e-25  1.737859e-25  1.186887e-25  8.434847e-26  3.923853e-26  1.698208e-26  2.323144e-26  1.882538e-26  1.398229e-26  1.106375e-26  8.586396e-27  3.163517e-27  5.032560e-27  1.730267e-27  8.439167e-28  8.507225e-28  1.052820e-27  7.959682e-28  6.393468e-28  1.097362e-27  1.266200e-27  1.673806e-27  2.284086e-27  3.999382e-27  6.259041e-27  1.052947e-26  1.477267e-26  1.741479e-26  1.381890e-26  2.201835e-26  3.022551e-26  1.415198e-26  1.835126e-26  2.533884e-26  6.048887e-26  1.843967e-25  7.915662e-25  1.499747e-24  1.113252e-24  1.306685e-24  2.341785e-25  2.550427e-25  8.972664e-25  8.198946e-25  8.336156e-25  7.345000e-25  8.184556e-25  5.326162e-25  5.124550e-25  3.431470e-25  3.367369e-25  3.317770e-25  2.077940e-25  2.494962e-25  2.118550e-25  1.783562e-25  2.014278e-25  2.333221e-25  4.033289e-25  4.814504e-25  3.092129e-24  5.501583e-24  9.608305e-24  6.605165e-24  4.524777e-24  8.330816e-25  3.113725e-24  5.812462e-24  5.354614e-24  3.394521e-24  4.338020e-24  4.569587e-24  3.798421e-24  2.068792e-24  3.627197e-24  2.006688e-24  9.761485e-25  8.072687e-25  8.490126e-25  7.146544e-25  7.992389e-25  3.740478e-25  4.789253e-25  2.599903e-25  1.773602e-25  1.170215e-25  8.809183e-26  5.269251e-26  2.474054e-26  2.689589e-26  1.761134e-26  1.248240e-26  8.949301e-27  1.000626e-26  8.878813e-27  6.219541e-27  2.866050e-27  3.930379e-27  2.485063e-27  3.011769e-27  1.830746e-27  3.857323e-27  1.930701e-27  1.818115e-27  1.504012e-27  1.066250e-27  5.801872e-28  4.900670e-28  2.302439e-28  2.862488e-28  2.579862e-28  2.081523e-28  2.161168e-28  4.827438e-28  3.239119e-28  5.667066e-28  1.124379e-27  1.286926e-27  8.297985e-28  2.353348e-27  1.196572e-27  2.993985e-27  4.530078e-27  5.227052e-27  3.269684e-27  8.263280e-27  1.153154e-26  2.934096e-26  4.159415e-26  6.703689e-26  2.554180e-25  2.949241e-25  4.001827e-25  7.535316e-25  4.660992e-25  4.322030e-25  4.876115e-25  7.484501e-26  1.676060e-25  6.233381e-25  6.178800e-25  2.194171e-25  3.434640e-25  4.931291e-25  5.261298e-25  5.136627e-25  5.510128e-25  4.785661e-25  3.940406e-25  2.133611e-25  2.664224e-25  2.152042e-25  3.671922e-25  5.235479e-25  7.133145e-25  1.141376e-24  1.565007e-24  4.487624e-24  4.516723e-24  8.598351e-24  8.353553e-24  7.984412e-24  5.015029e-24  6.442676e-24  1.021407e-24  1.919793e-24  1.547983e-23  2.736500e-24  2.258097e-24  3.433254e-24  1.663035e-24  6.686521e-24  3.622958e-24  3.326970e-24  3.288121e-24  4.544796e-24  1.187091e-24  2.132193e-24  5.616621e-25  1.398914e-24  4.737064e-25  7.042530e-25  4.198376e-25  3.498005e-25  4.453796e-25  2.979181e-25  1.681340e-25  2.613505e-25  1.066580e-25  1.035121e-25  3.742197e-26  1.159912e-25  9.474394e-26  7.744730e-26  1.836935e-25  1.198125e-25  7.593514e-26  1.449569e-25  4.769416e-26  8.693750e-26  4.720791e-26  5.023212e-26  4.315004e-26  1.514307e-26  2.189154e-26  7.659656e-27  1.171941e-26  4.360055e-27  5.901532e-27  2.939628e-27  2.074138e-27  3.047613e-27  2.091985e-27  1.872032e-27  4.410890e-27  2.081599e-27  2.669932e-27  7.747912e-27  8.920998e-27  1.359807e-26  1.169125e-26  2.582137e-26  2.690797e-26  2.486686e-26  6.333716e-26  6.942977e-26  5.045801e-26  4.847831e-26  5.871960e-26  1.743274e-25  8.995529e-26  2.218933e-25  1.729758e-26  1.911824e-25  1.182895e-25  2.962881e-25  9.179861e-25  1.378429e-24  2.485167e-24  5.031565e-24  9.715623e-24  7.604008e-24  2.047332e-23  7.989405e-24  1.013465e-23  9.939289e-24  1.099122e-23  1.151214e-24  1.907795e-24  3.712783e-24  1.208403e-23  9.053954e-24  9.107598e-24  8.459653e-24  6.711175e-24  7.853161e-24  8.412548e-24  1.003596e-23  4.060927e-24  1.251001e-23  3.499205e-24  1.078442e-23  4.277923e-24  4.548764e-24  1.853793e-24  4.253972e-24  2.159992e-24  3.399414e-24  4.169990e-24  3.040699e-24  1.656337e-24  8.413894e-24  1.019189e-23  2.213160e-23  4.112761e-23  7.007042e-23  6.936100e-23  1.036213e-22  1.518989e-22  1.377414e-22  1.241451e-22  1.020902e-22  3.367226e-23  1.634779e-23  2.827703e-23  2.923662e-23  1.206638e-22  1.137080e-22  3.453845e-23  1.021999e-22  2.486092e-23  8.414961e-23  1.014744e-23  1.258756e-22  6.943354e-24  7.328443e-23  3.625115e-23  2.257846e-23  4.953032e-23  3.815616e-23  4.782375e-23  2.322701e-23  2.676058e-23  1.833980e-23  1.880557e-23  2.066038e-23  1.470079e-23  1.682971e-23  1.492761e-23  1.207472e-23  1.298833e-23  6.189921e-24  2.440323e-24  5.185645e-24  1.652015e-24  4.360761e-24  5.237661e-24  7.240213e-24  1.042280e-23  9.242383e-24  4.984918e-24  4.384901e-24  6.066362e-24  7.236303e-24  1.456930e-24  1.886021e-24  3.472223e-24  5.163141e-25  2.344426e-24  3.692003e-25  5.523501e-25  7.623683e-25  2.114506e-25  6.124059e-25  1.885628e-25  1.660295e-25  4.040959e-25  1.270472e-25  8.716867e-26  9.397068e-26  9.038075e-26  8.737498e-26  9.246321e-26  1.741600e-25  6.869001e-26  3.614566e-25  1.064647e-25  1.749572e-25  5.450323e-26  1.136074e-25  7.359193e-26  1.547645e-25  1.977614e-25  2.470754e-25  5.711521e-26  1.301576e-25  5.089554e-26  5.343410e-26  3.963190e-26  7.739897e-26  8.687559e-26  1.790936e-26  1.683143e-25  2.759587e-26  3.283762e-26  6.856293e-26  7.122899e-26  2.137756e-25  2.652910e-26  5.583636e-26  4.412877e-26  6.598024e-26  6.910236e-26  1.821799e-26  3.408071e-26  1.556416e-26  1.504989e-26  6.661625e-27  4.406621e-27  1.267297e-26  6.527067e-27  4.375309e-27  7.859675e-27  4.129624e-27  1.130270e-26  7.272990e-27  3.665836e-27  2.330327e-27  3.772037e-27  4.741590e-27  3.941007e-27  2.069202e-27  2.183576e-27  1.775756e-27  2.156490e-27  8.262649e-27  3.260050e-27  6.351506e-27  3.528777e-27  7.383562e-27  3.783074e-27  1.045519e-26  1.450762e-26  9.781215e-27  1.023331e-26  1.938297e-26  3.764077e-26  3.483577e-27  7.181202e-26  1.275716e-26  3.166289e-26  7.887161e-26  1.468267e-25  1.212328e-25  3.582665e-26  1.699660e-25  1.501261e-25  4.941471e-26  5.567872e-25  1.038536e-25  4.420949e-25  4.743995e-25  3.453698e-26  9.847124e-25  7.099385e-25  2.030426e-25  2.546297e-25  1.130077e-24  4.324139e-25  2.452223e-24  6.336449e-25  3.070675e-25  8.395174e-25  1.753054e-24  5.416975e-25  2.120918e-25  3.492870e-24  6.435889e-25  1.961536e-24  2.851135e-24  3.244827e-25  2.669706e-24  2.339561e-24  4.447098e-24
3.630017e-29  4.976298e-29  5.996615e-29  7.941930e-29  2.926569e-28  1.200161e-27  8.052610e-28  7.091059e-28  3.615047e-28  1.630145e-28  5.481558e-29  2.494442e-29  1.807677e-29  2.473992e-29  6.659197e-29  3.226526e-28  2.388038e-28  2.134661e-28  5.365242e-28  1.885716e-28  8.951735e-29  2.780772e-29  1.052487e-29  1.296910e-29  1.014120e-29  1.485065e-29  1.837599e-29  8.070892e-30  2.212023e-29  3.108499e-29  1.052619e-28  4.436496e-28  2.435548e-27  2.405487e-27  1.862220e-27  1.324585e-27  6.179701e-28  2.534680e-28  1.222469e-28  4.535561e-29  5.749796e-29  1.087364e-28  9.565421e-29  1.264754e-28  1.288912e-28  2.120360e-28  6.820389e-28  7.815579e-28  5.106462e-28  3.985544e-28  2.007591e-28  1.822067e-28  4.466736e-28  1.638627e-28  1.288613e-28  8.266555e-29  4.772735e-29  1.696279e-29  1.254488e-29  7.088063e-30  1.344109e-29  2.368145e-29  2.170886e-29  8.289745e-29  1.303931e-28  6.429572e-28  1.407482e-27  8.633542e-27  5.417415e-27  4.776133e-27  4.689184e-27  2.480806e-27  1.425850e-27  5.821825e-28  2.713043e-28  1.136347e-28  4.778517e-29  2.331705e-29  1.068303e-29  2.738901e-29  2.229225e-28  4.146101e-28  2.246182e-28  4.462713e-28  4.720054e-28  1.794797e-27  2.021062e-27  2.954874e-27  1.397278e-27  1.268566e-27  7.655294e-28  3.487248e-28  1.394305e-28  9.203245e-29  1.270603e-28  4.412450e-28  1.045905e-27  6.487211e-28  5.674342e-28  7.429573e-28  4.518232e-28  2.607253e-28  1.458353e-28  7.026034e-29  3.641278e-29  2.804059e-29  4.082877e-29  1.202145e-28  3.199450e-28  9.654595e-28  1.668214e-27  4.233998e-27  1.023749e-26  3.148177e-26  1.344983e-26  1.527471e-26  1.587745e-26  7.260254e-27  4.011130e-27  2.505318e-27  6.769671e-28  3.154465e-28  8.073343e-28  1.853231e-27  8.905599e-28  1.095781e-27  1.539649e-27  9.517754e-28  3.492912e-28  4.473953e-28  2.438705e-28  9.807199e-29  5.765838e-29  6.339765e-29  1.175832e-28  2.014607e-28  5.387643e-28  2.418975e-27  2.669954e-27  4.985356e-27  1.013775e-26  6.429169e-27  4.732442e-27  6.281978e-27  3.208154e-27  2.295377e-27  1.047875e-27  6.243023e-28  2.496290e-28  2.155196e-28  1.162039e-28  2.799932e-28  3.319188e-28  1.400724e-27  1.537797e-27  9.344333e-27  5.802860e-27  8.490063e-27  6.414810e-27  7.724942e-27  4.446391e-27  3.987188e-27  3.018668e-27  1.985686e-27  1.064744e-27  5.828486e-28  4.255065e-28  4.787567e-28  9.228201e-28  2.325001e-27  5.097029e-27  9.175483e-27  2.576663e-26  4.703847e-26  1.764301e-25  5.045827e-26  7.421332e-26  8.703718e-26  6.275405e-26  4.892069e-26  3.602120e-26  1.496796e-26  8.791231e-27  4.293187e-27  1.764202e-27  1.128539e-27  6.090637e-28  4.549789e-28  5.132228e-28  3.150068e-28  2.002107e-28  2.462327e-28  5.113304e-28  1.627668e-27  9.227238e-27  9.015055e-27  1.549359e-27  7.159282e-27  3.132658e-27  5.268112e-27  4.671018e-27  4.342375e-27  2.582384e-27  1.784347e-27  1.189284e-27  1.629567e-27  2.242674e-27  2.793542e-27  4.706935e-27  8.832457e-27  1.989354e-26  5.002722e-26  5.583063e-26  2.403542e-26  4.992239e-26  3.126448e-26  5.489869e-26  3.246725e-26  1.839368e-26  1.343935e-26  1.352141e-26  7.664862e-27  4.079207e-27  2.565508e-27  1.744537e-27  1.560183e-27  8.997105e-28  3.814551e-28  5.370943e-28  1.249680e-27  1.928192e-27  2.482591e-27  2.224746e-27  2.717516e-27  2.104326e-27  2.616156e-27  3.857315e-27  8.729341e-27  3.923058e-26  1.345801e-25  9.295557e-26  2.448396e-26  7.319973e-26  6.292935e-26  5.826706e-26  6.081004e-26  4.926338e-26  4.133651e-26  2.363605e-26  1.143019e-26  1.205845e-26  1.164380e-26  1.396155e-26  1.320663e-26  1.868858e-26  2.283999e-26  3.932521e-26  7.780181e-26  2.789293e-25  6.926930e-25  6.556302e-25  4.398955e-25  5.989100e-25  4.442440e-25  5.100589e-25  5.511143e-25  3.129891e-25  3.163500e-25  2.366740e-25  1.774831e-25  1.062857e-25  4.906260e-26  3.955931e-26  2.295647e-26  8.172518e-27  6.256909e-27  4.261913e-27  1.944212e-27  1.697342e-27  9.207427e-28  7.042910e-28  4.114550e-28  2.275922e-28  1.179299e-28  9.795616e-29  1.158397e-28  1.091350e-28  1.154161e-28  2.538219e-28  3.744320e-28  4.599450e-28  6.657411e-28  6.320999e-28  1.251281e-27  1.620256e-27  5.494477e-27  1.731694e-26  5.236007e-26  9.605029e-26  8.067588e-26  4.094411e-26  1.912901e-26  8.052277e-26  5.585243e-26  3.879064e-26  4.438768e-26  3.627975e-26  3.658357e-26  2.246463e-26  2.604832e-26  2.422994e-26  2.606671e-26  2.463095e-26  4.015206e-26  3.548651e-26  6.085883e-26  1.653680e-25  3.764668e-25  5.986633e-25  5.616917e-25  2.344637e-25  1.678589e-25  6.079951e-25  2.156848e-25  1.643410e-25  4.188126e-25  2.106463e-25  2.508278e-25  1.720177e-25  1.171821e-25  8.264886e-26  3.825819e-26  1.654376e-26  2.270960e-26  1.850799e-26  1.382891e-26  1.084468e-26  8.446072e-27  3.073523e-27  4.900310e-27  1.674481e-27  8.152818e-28  8.248898e-28  1.019637e-27  7.803859e-28  6.315862e-28  1.079348e-27  1.250171e-27  1.651178e-27  2.247145e-27  3.936503e-27  6.194205e-27  1.042031e-26  1.474957e-26  1.741860e-26  1.365933e-26  2.200173e-26  3.017827e-26  1.407096e-26  1.831079e-26  2.507094e-26  5.950413e-26  1.790833e-25  7.804367e-25  1.499755e-24  1.119088e-24  1.322643e-24  2.364674e-25  2.567325e-25  9.051923e-25  8.232149e-25  8.360239e-25  7.366562e-25  8.190775e-25  5.318751e-25  5.092571e-25  3.416375e-25  3.325772e-25  3.287099e-25  2.045729e-25  2.458679e-25  2.094124e-25  1.757566e-25  1.983712e-25  2.321904e-25  3.995081e-25  4.717167e-25  3.039395e-24  5.463126e-24  9.648316e-24  6.660812e-24  4.581531e-24  8.355636e-25  3.153648e-24  5.848466e-24  5.363437e-24  3.380194e-24  4.372254e-24  4.576837e-24  3.793134e-24  2.050336e-24  3.601869e-24  1.988742e-24  9.623412e-25  7.930801e-25  8.331643e-25  7.106491e-25  7.911524e-25  3.680266e-25  4.715247e-25  2.545490e-25  1.728385e-25  1.132562e-25  8.520573e-26  5.045540e-26  2.374833e-26  2.569016e-26  1.705053e-26  1.196014e-26  8.601932e-27  9.685929e-27  8.711992e-27  6.113300e-27  2.799064e-27  3.849866e-27  2.431624e-27  2.963256e-27  1.800911e-27  3.844110e-27  1.899459e-27  1.796104e-27  1.484379e-27  1.039198e-27  5.658034e-28  4.721395e-28  2.210990e-28  2.737365e-28  2.466720e-28  1.980906e-28  2.071221e-28  4.640733e-28  3.133080e-28  5.472442e-28  1.095463e-27  1.267324e-27  8.140083e-28  2.301054e-27  1.173463e-27  2.949073e-27  4.497206e-27  5.157264e-27  3.144025e-27  8.014484e-27  1.116111e-26  2.830614e-26  4.043385e-26  6.514027e-26  2.514892e-25  2.908296e-25  3.982858e-25  7.558279e-25  4.696043e-25  4.366034e-25  4.933428e-25  7.530757e-26  1.682064e-25  6.286829e-25  6.181796e-25  2.173372e-25  3.442217e-25  4.946463e-25  5.266057e-25  5.143289e-25  5.505573e-25  4.788188e-25  3.928815e-25  2.097405e-25  2.646207e-25  2.126163e-25  3.640982e-25  5.174868e-25  6.979783e-25  1.118468e-24  1.529763e-24  4.430607e-24  4.474891e-24  8.590562e-24  8.380516e-24  8.053491e-24  5.067776e-24  6.539237e-24  1.030220e-24  1.928795e-24  1.550097e-23  2.721288e-24  2.287577e-24  3.462632e-24  1.674907e-24  6.737929e-24  3.629414e-24  3.318235e-24  3.276896e-24  4.507239e-24  1.166456e-24  2.095768e-24  5.474697e-25  1.364830e-24  4.607904e-25  6.856276e-25  4.131295e-25  3.416736e-25  4.400792e-25  2.949414e-25  1.679901e-25  2.605224e-25  1.063055e-25  1.031940e-25  3.657223e-26  1.159011e-25  9.508469e-26  7.698622e-26  1.850173e-25  1.191810e-25  7.588312e-26  1.441489e-25  4.707271e-26  8.629454e-26  4.634104e-26  4.956835e-26  4.236257e-26  1.469223e-26  2.124250e-26  7.403878e-27  1.136156e-26  4.171258e-27  5.664613e-27  2.824867e-27  1.985837e-27  2.894314e-27  2.006625e-27  1.773397e-27  4.276777e-27  1.969787e-27  2.559244e-27  7.453371e-27  8.569905e-27  1.310532e-26  1.127335e-26  2.527293e-26  2.596256e-26  2.428135e-26  6.239626e-26  6.812725e-26  4.911147e-26  4.811781e-26  5.784286e-26  1.733203e-25  8.970010e-26  2.204518e-25  1.674873e-26  1.904542e-25  1.128633e-25  2.931861e-25  8.961669e-25  1.332910e-24  2.417932e-24  4.956973e-24  9.616509e-24  7.579486e-24  2.052421e-23  8.034244e-24  1.019102e-23  1.001553e-23  1.117082e-23  1.141104e-24  1.920353e-24  3.748584e-24  1.221108e-23  9.124306e-24  9.097179e-24  8.520868e-24  6.655601e-24  7.907131e-24  8.426359e-24  1.005601e-23  4.021991e-24  1.252594e-23  3.465169e-24  1.076156e-23  4.253736e-24  4.487897e-24  1.832261e-24  4.214224e-24  2.144088e-24  3.360242e-24  4.180525e-24  3.017676e-24  1.600260e-24  8.311704e-24  9.854516e-24  2.148485e-23  4.043117e-23  6.910799e-23  6.893203e-23  1.030451e-22  1.527442e-22  1.386620e-22  1.255607e-22  1.033499e-22  3.397627e-23  1.652797e-23  2.846809e-23  2.943546e-23  1.219341e-22  1.143502e-22  3.431950e-23  1.023323e-22  2.475743e-23  8.444304e-23  9.944960e-24  1.263724e-22  6.784637e-24  7.354917e-23  3.573558e-23  2.238942e-23  4.911999e-23  3.780449e-23  4.724998e-23  2.307120e-23  2.619831e-23  1.824075e-23  1.869846e-23  2.039643e-23  1.457430e-23  1.663895e-23  1.483605e-23  1.214394e-23  1.287938e-23  6.209600e-24  2.390490e-24  5.179130e-24  1.636142e-24  4.384293e-24  5.227901e-24  7.226259e-24  1.049470e-23  9.220351e-24  4.957064e-24  4.347534e-24  6.032059e-24  7.165625e-24  1.436899e-24  1.847657e-24  3.400600e-24  4.955104e-25  2.284865e-24  3.570639e-25  5.332986e-25  7.369604e-25  2.008966e-25  5.933966e-25  1.839996e-25  1.601298e-25  3.920752e-25  1.234616e-25  8.440847e-26  9.017481e-26  8.755954e-26  8.595911e-26  8.977500e-26  1.722601e-25  6.745839e-26  3.602426e-25  1.051144e-25  1.747855e-25  5.294103e-26  1.137810e-25  7.387311e-26  1.544764e-25  1.992108e-25  2.492314e-25  5.688672e-26  1.311769e-25  5.081610e-26  5.386583e-26  3.897483e-26  7.828317e-26  8.690240e-26  1.739951e-26  1.699463e-25  2.747426e-26  3.240617e-26  6.896077e-26  7.152104e-26  2.141777e-25  2.640509e-26  5.564101e-26  4.373761e-26  6.554774e-26  6.830905e-26  1.782706e-26  3.351808e-26  1.517299e-26  1.464734e-26  6.483480e-27  4.336793e-27  1.233256e-26  6.486685e-27  4.310905e-27  7.623674e-27  4.072139e-27  1.110536e-26  7.090197e-27  3.554695e-27  2.198445e-27  3.618494e-27  4.589099e-27  3.761333e-27  1.977839e-27  2.060907e-27  1.679210e-27  2.020774e-27  7.930485e-27  3.104668e-27  6.021638e-27  3.425871e-27  7.005220e-27  3.673513e-27  9.854944e-27  1.403403e-26  9.117622e-27  9.688064e-27  1.870271e-26  3.596224e-26  3.297843e-27  6.852174e-26  1.230468e-26  2.998083e-26  7.580778e-26  1.414107e-25  1.167770e-25  3.454543e-26  1.647223e-25  1.462876e-25  4.756415e-26  5.425985e-25  1.013486e-25  4.378444e-25  4.607076e-25  3.219861e-26  9.724691e-25  6.983618e-25  1.999433e-25  2.461350e-25  1.123901e-24  4.281403e-25  2.452570e-24  6.231163e-25  3.010561e-25  8.301654e-25  1.761070e-24  5.336679e-25  2.033383e-25  3.503604e-24  6.282318e-25  1.952425e-24  2.839946e-24  3.158108e-25  2.646350e-24  2.325244e-24  4.463877e-24
3.635980e-29  4.990979e-29  5.991929e-29  7.872219e-29  2.923836e-28  1.205741e-27  8.102132e-28  7.084758e-28  3.582951e-28  1.606508e-28  5.347896e-29  2.443087e-29  1.793359e-29  2.456144e-29  6.665692e-29  3.239775e-28  2.395616e-28  2.137884e-28  5.368594e-28  1.881151e-28  8.873263e-29  2.729796e-29  1.031109e-29  1.288731e-29  1.014624e-29  1.485940e-29  1.836898e-29  8.065461e-30  2.198922e-29  3.048390e-29  1.041837e-28  4.416624e-28  2.445886e-27  2.417526e-27  1.870274e-27  1.318486e-27  6.095117e-28  2.479233e-28  1.198416e-28  4.429335e-29  5.707363e-29  1.088749e-28  9.611223e-29  1.264697e-28  1.284877e-28  2.107976e-28  6.842636e-28  7.855739e-28  5.120984e-28  3.973949e-28  1.980428e-28  1.804896e-28  4.478046e-28  1.638028e-28  1.290854e-28  8.223922e-29  4.702203e-29  1.657956e-29  1.229262e-29  6.963502e-30  1.332131e-29  2.354773e-29  2.158362e-29  8.183070e-29  1.287082e-28  6.368325e-28  1.403055e-27  8.662699e-27  5.458982e-27  4.798601e-27  4.682028e-27  2.453769e-27  1.408007e-27  5.717250e-28  2.665577e-28  1.115752e-28  4.677915e-29  2.284826e-29  1.050339e-29  2.711411e-29  2.227932e-28  4.172797e-28  2.238235e-28  4.470204e-28  4.701304e-28  1.790140e-27  2.028030e-27  2.967529e-27  1.405642e-27  1.269864e-27  7.607816e-28  3.428597e-28  1.355488e-28  8.954451e-29  1.258924e-28  4.409165e-28  1.051138e-27  6.525680e-28  5.709600e-28  7.448989e-28  4.496423e-28  2.575518e-28  1.432630e-28  6.837403e-29  3.527053e-29  2.733160e-29  3.989512e-29  1.186347e-28  3.179951e-28  9.519103e-28  1.658019e-27  4.225247e-27  1.024467e-26  3.160757e-26  1.356843e-26  1.535029e-26  1.587835e-26  7.176192e-27  3.933046e-27  2.433607e-27  6.495552e-28  3.012070e-28  7.973555e-28  1.857850e-27  8.887048e-28  1.095767e-27  1.545740e-27  9.498163e-28  3.473968e-28  4.456702e-28  2.409617e-28  9.602463e-29  5.632698e-29  6.230221e-29  1.153957e-28  1.999521e-28  5.331398e-28  2.405831e-27  2.685690e-27  4.990212e-27  1.018766e-26  6.462081e-27  4.753642e-27  6.282312e-27  3.190166e-27  2.265106e-27  1.026038e-27  6.108164e-28  2.429959e-28  2.112460e-28  1.135040e-28  2.756985e-28  3.286196e-28  1.410673e-27  1.529685e-27  9.334073e-27  5.814675e-27  8.521114e-27  6.467453e-27  7.746572e-27  4.431397e-27  3.976424e-27  2.993339e-27  1.952544e-27  1.042415e-27  5.694362e-28  4.144211e-28  4.711507e-28  9.002231e-28  2.285868e-27  5.056090e-27  9.128774e-27  2.564187e-26  4.698054e-26  1.770232e-25  5.084467e-26  7.479564e-26  8.743967e-26  6.273683e-26  4.864047e-26  3.558610e-26  1.466005e-26  8.542118e-27  4.143000e-27  1.685580e-27  1.085800e-27  5.881785e-28  4.442779e-28  5.071320e-28  3.103978e-28  1.968675e-28  2.445972e-28  5.047413e-28  1.595410e-27  9.192222e-27  9.104503e-27  1.555273e-27  7.190040e-27  3.125157e-27  5.288504e-27  4.651410e-27  4.324519e-27  2.567740e-27  1.765332e-27  1.182233e-27  1.616006e-27  2.218275e-27  2.766616e-27  4.641457e-27  8.790332e-27  1.977905e-26  4.993625e-26  5.635696e-26  2.407154e-26  5.023109e-26  3.142694e-26  5.508278e-26  3.237810e-26  1.823297e-26  1.333429e-26  1.339718e-26  7.547475e-27  3.992125e-27  2.492725e-27  1.694842e-27  1.535135e-27  8.919038e-28  3.737909e-28  5.317121e-28  1.246292e-27  1.926906e-27  2.487119e-27  2.223993e-27  2.710195e-27  2.090393e-27  2.611506e-27  3.815957e-27  8.631828e-27  3.867848e-26  1.347746e-25  9.382280e-26  2.462633e-26  7.385932e-26  6.311357e-26  5.829668e-26  6.091109e-26  4.923911e-26  4.089511e-26  2.335827e-26  1.131757e-26  1.188313e-26  1.143639e-26  1.374235e-26  1.294791e-26  1.846289e-26  2.271707e-26  3.892366e-26  7.698385e-26  2.761803e-25  6.941094e-25  6.596184e-25  4.405106e-25  6.028475e-25  4.489108e-25  5.130441e-25  5.511231e-25  3.124540e-25  3.154140e-25  2.347413e-25  1.751761e-25  1.040933e-25  4.781614e-26  3.837830e-26  2.207981e-26  7.812498e-27  5.978446e-27  4.090855e-27  1.873389e-27  1.632356e-27  8.804084e-28  6.719311e-28  3.913157e-28  2.144576e-28  1.109110e-28  9.280608e-29  1.098257e-28  1.058633e-28  1.117544e-28  2.491380e-28  3.677474e-28  4.556279e-28  6.607875e-28  6.233781e-28  1.233397e-27  1.586048e-27  5.364096e-27  1.699765e-26  5.176423e-26  9.613465e-26  8.149109e-26  4.151103e-26  1.932458e-26  8.090103e-26  5.599635e-26  3.893524e-26  4.449319e-26  3.617412e-26  3.625937e-26  2.223033e-26  2.571641e-26  2.390569e-26  2.579436e-26  2.435514e-26  4.000490e-26  3.496521e-26  6.007606e-26  1.633537e-25  3.737648e-25  5.990132e-25  5.680176e-25  2.371645e-25  1.690954e-25  6.090298e-25  2.178028e-25  1.650481e-25  4.209334e-25  2.100130e-25  2.491818e-25  1.701894e-25  1.156478e-25  8.095451e-26  3.728562e-26  1.611385e-26  2.220294e-26  1.819832e-26  1.367989e-26  1.063115e-26  8.306371e-27  2.985215e-27  4.769093e-27  1.619924e-27  7.876708e-28  7.998700e-28  9.874128e-28  7.654794e-28  6.241557e-28  1.061801e-27  1.234653e-27  1.629010e-27  2.210951e-27  3.873456e-27  6.129287e-27  1.031024e-26  1.472678e-26  1.742475e-26  1.349944e-26  2.198421e-26  3.012935e-26  1.398839e-26  1.827028e-26  2.481144e-26  5.854577e-26  1.738268e-25  7.691488e-25  1.499495e-24  1.124914e-24  1.338942e-24  2.388136e-25  2.584607e-25  9.132295e-25  8.264993e-25  8.383816e-25  7.389052e-25  8.196396e-25  5.310520e-25  5.059416e-25  3.401414e-25  3.283486e-25  3.256074e-25  2.013599e-25  2.422189e-25  2.069938e-25  1.731468e-25  1.953490e-25  2.310630e-25  3.957009e-25  4.620167e-25  2.986421e-24  5.423367e-24  9.687849e-24  6.717258e-24  4.640311e-24  8.383067e-25  3.194022e-24  5.885443e-24  5.371817e-24  3.365908e-24  4.406491e-24  4.583542e-24  3.786841e-24  2.032205e-24  3.575316e-24  1.970682e-24  9.484837e-25  7.789286e-25  8.174491e-25  7.066352e-25  7.832023e-25  3.620034e-25  4.641397e-25  2.491667e-25  1.683452e-25  1.095349e-25  8.235992e-26  4.827949e-26  2.278580e-26  2.452472e-26  1.651100e-26  1.146039e-26  8.269439e-27  9.376352e-27  8.550901e-27  6.012697e-27  2.736157e-27  3.773466e-27  2.380538e-27  2.917508e-27  1.772219e-27  3.832184e-27  1.869198e-27  1.774436e-27  1.465272e-27  1.012921e-27  5.517054e-28  4.547727e-28  2.122583e-28  2.616312e-28  2.357087e-28  1.883946e-28  1.983757e-28  4.457504e-28  3.028600e-28  5.281891e-28  1.066687e-27  1.247514e-27  7.983887e-28  2.248707e-27  1.150547e-27  2.903893e-27  4.464678e-27  5.088518e-27  3.022170e-27  7.775306e-27  1.080005e-26  2.728932e-26  3.929159e-26  6.325723e-26  2.475005e-25  2.866786e-25  3.963094e-25  7.580316e-25  4.731837e-25  4.410536e-25  4.992299e-25  7.579307e-26  1.688188e-25  6.341345e-25  6.184248e-25  2.152658e-25  3.450408e-25  4.962149e-25  5.270776e-25  5.149702e-25  5.500469e-25  4.790436e-25  3.916613e-25  2.060871e-25  2.628185e-25  2.100631e-25  3.611253e-25  5.116127e-25  6.828379e-25  1.095572e-24  1.494745e-24  4.372205e-24  4.431883e-24  8.580822e-24  8.406102e-24  8.124492e-24  5.121966e-24  6.638231e-24  1.039366e-24  1.938107e-24  1.552201e-23  2.706251e-24  2.317960e-24  3.492581e-24  1.686958e-24  6.789228e-24  3.636052e-24  3.308952e-24  3.264958e-24  4.468237e-24  1.145743e-24  2.058803e-24  5.333613e-25  1.330633e-24  4.480606e-25  6.670812e-25  4.065586e-25  3.337660e-25  4.349127e-25  2.921619e-25  1.679346e-25  2.597943e-25  1.060215e-25  1.029430e-25  3.576922e-26  1.158366e-25  9.545842e-26  7.655061e-26  1.863386e-25  1.185617e-25  7.581931e-26  1.433089e-25  4.645785e-26  8.564017e-26  4.547290e-26  4.889949e-26  4.157184e-26  1.424630e-26  2.060228e-26  7.153825e-27  1.100781e-26  3.987678e-27  5.433582e-27  2.714664e-27  1.899331e-27  2.747134e-27  1.923670e-27  1.678725e-27  4.144778e-27  1.862306e-27  2.453164e-27  7.164956e-27  8.226668e-27  1.262046e-26  1.086338e-26  2.472391e-26  2.503098e-26  2.369895e-26  6.143962e-26  6.681112e-26  4.777248e-26  4.774242e-26  5.694396e-26  1.722908e-25  8.944183e-26  2.189694e-25  1.622232e-26  1.897435e-25  1.076117e-25  2.902131e-25  8.748513e-25  1.287969e-24  2.350919e-24  4.881344e-24  9.514405e-24  7.553215e-24  2.057292e-23  8.081468e-24  1.024760e-23  1.009386e-23  1.135492e-23  1.130933e-24  1.933388e-24  3.785261e-24  1.233907e-23  9.196521e-24  9.085518e-24  8.583513e-24  6.598092e-24  7.961604e-24  8.440890e-24  1.007559e-23  3.982718e-24  1.254082e-23  3.430841e-24  1.073709e-23  4.229661e-24  4.425567e-24  1.810526e-24  4.174191e-24  2.128201e-24  3.321267e-24  4.191238e-24  2.995210e-24  1.545591e-24  8.213308e-24  9.521841e-24  2.084328e-23  3.972794e-23  6.812665e-23  6.848569e-23  1.024406e-22  1.535763e-22  1.395768e-22  1.269928e-22  1.046492e-22  3.429055e-23  1.671423e-23  2.866340e-23  2.964462e-23  1.232154e-22  1.150045e-22  3.409574e-23  1.024614e-22  2.465808e-23  8.473752e-23  9.749210e-24  1.268607e-22  6.629548e-24  7.379719e-23  3.521042e-23  2.219721e-23  4.869669e-23  3.744173e-23  4.666416e-23  2.291071e-23  2.563473e-23  1.814202e-23  1.859292e-23  2.013799e-23  1.444893e-23  1.645460e-23  1.474347e-23  1.221781e-23  1.277179e-23  6.231831e-24  2.342077e-24  5.175788e-24  1.620799e-24  4.409801e-24  5.220268e-24  7.212834e-24  1.056776e-23  9.199007e-24  4.928596e-24  4.308839e-24  5.997841e-24  7.092519e-24  1.417325e-24  1.809291e-24  3.328217e-24  4.755369e-25  2.225289e-24  3.453038e-25  5.145853e-25  7.117694e-25  1.906889e-25  5.747213e-25  1.795197e-25  1.544530e-25  3.802524e-25  1.199780e-25  8.170473e-26  8.652725e-26  8.480338e-26  8.458189e-26  8.715236e-26  1.703675e-25  6.624117e-26  3.590365e-25  1.037659e-25  1.746161e-25  5.141183e-26  1.139570e-25  7.416971e-26  1.541912e-25  2.007424e-25  2.514053e-25  5.668558e-26  1.322293e-25  5.076278e-26  5.431697e-26  3.832306e-26  7.919334e-26  8.692619e-26  1.690289e-26  1.715903e-25  2.736472e-26  3.198222e-26  6.937658e-26  7.182059e-26  2.145515e-25  2.628333e-26  5.543684e-26  4.334601e-26  6.510116e-26  6.749274e-26  1.743540e-26  3.293619e-26  1.479977e-26  1.424438e-26  6.308297e-27  4.269679e-27  1.200021e-26  6.445746e-27  4.250377e-27  7.388792e-27  4.015441e-27  1.090819e-26  6.908513e-27  3.445512e-27  2.072323e-27  3.469146e-27  4.439320e-27  3.586249e-27  1.890473e-27  1.943635e-27  1.587509e-27  1.891962e-27  7.605653e-27  2.956437e-27  5.702907e-27  3.326776e-27  6.642115e-27  3.565238e-27  9.277281e-27  1.357502e-26  8.489299e-27  9.162952e-27  1.803917e-26  3.433779e-26  3.122370e-27  6.531996e-26  1.187009e-26  2.833710e-26  7.280396e-26  1.360903e-25  1.123907e-25  3.330723e-26  1.595400e-25  1.424720e-25  4.576113e-26  5.284286e-25  9.884961e-26  4.332689e-25  4.471331e-25  3.000026e-26  9.600092e-25  6.866286e-25  1.969056e-25  2.376238e-25  1.117434e-24  4.239495e-25  2.452283e-24  6.125714e-25  2.949738e-25  8.206093e-25  1.768935e-24  5.257168e-25  1.948192e-25  3.514438e-24  6.129010e-25  1.943402e-24  2.828482e-24  3.075140e-25  2.622854e-24  2.310558e-24  4.482068e-24
3.641776e-29  5.005843e-29  5.987193e-29  7.801284e-29  2.921008e-28  1.211366e-27  8.152462e-28  7.077429e-28  3.550488e-28  1.582828e-28  5.215533e-29  2.392602e-29  1.779606e-29  2.438271e-29  6.671647e-29  3.253147e-28  2.403338e-28  2.141026e-28  5.371791e-28  1.876609e-28  8.793407e-29  2.678617e-29  1.009791e-29  1.280669e-29  1.015253e-29  1.486790e-29  1.836145e-29  8.060341e-30  2.185636e-29  2.988466e-29  1.030929e-28  4.396286e-28  2.456254e-27  2.429807e-27  1.878366e-27  1.312108e-27  6.009455e-28  2.424017e-28  1.174845e-28  4.325640e-29  5.665248e-29  1.090208e-28  9.658191e-29  1.264580e-28  1.280724e-28  2.095383e-28  6.864579e-28  7.897154e-28  5.135446e-28  3.961625e-28  1.952958e-28  1.787711e-28  4.489686e-28  1.637545e-28  1.293046e-28  8.179573e-29  4.630376e-29  1.619730e-29  1.204217e-29  6.841049e-30  1.320108e-29  2.341429e-29  2.146126e-29  8.076667e-29  1.270144e-28  6.306417e-28  1.398418e-27  8.691966e-27  5.501636e-27  4.821318e-27  4.673942e-27  2.426134e-27  1.390154e-27  5.614295e-28  2.619496e-28  1.095794e-28  4.580379e-29  2.239577e-29  1.033063e-29  2.683955e-29  2.226378e-28  4.199929e-28  2.230229e-28  4.477538e-28  4.682181e-28  1.785280e-27  2.035017e-27  2.980274e-27  1.414095e-27  1.271065e-27  7.558642e-28  3.369230e-28  1.316791e-28  8.707983e-29  1.247243e-28  4.405644e-28  1.056466e-27  6.564750e-28  5.745280e-28  7.467848e-28  4.473619e-28  2.543345e-28  1.406799e-28  6.650348e-29  3.414230e-29  2.663350e-29  3.897805e-29  1.170578e-28  3.160304e-28  9.383225e-28  1.647643e-27  4.215844e-27  1.025175e-26  3.173619e-26  1.368925e-26  1.542580e-26  1.587706e-26  7.090378e-27  3.854200e-27  2.362120e-27  6.226526e-28  2.873583e-28  7.875451e-28  1.862702e-27  8.869431e-28  1.095744e-27  1.551862e-27  9.477590e-28  3.454906e-28  4.439257e-28  2.380170e-28  9.397771e-29  5.501114e-29  6.122823e-29  1.132116e-28  1.984199e-28  5.274914e-28  2.392353e-27  2.701573e-27  4.995037e-27  1.023826e-26  6.495258e-27  4.775024e-27  6.282301e-27  3.171632e-27  2.234278e-27  1.004249e-27  5.974822e-28  2.365137e-28  2.070783e-28  1.108750e-28  2.714300e-28  3.253034e-28  1.420706e-27  1.521490e-27  9.323083e-27  5.827204e-27  8.552168e-27  6.520948e-27  7.768014e-27  4.416005e-27  3.965290e-27  2.967367e-27  1.919173e-27  1.020223e-27  5.562512e-28  4.035548e-28  4.636542e-28  8.779894e-28  2.246535e-27  5.014381e-27  9.080921e-27  2.551567e-26  4.691959e-26  1.776233e-25  5.124121e-26  7.538745e-26  8.784316e-26  6.271287e-26  4.834964e-26  3.514225e-26  1.435103e-26  8.293928e-27  3.995298e-27  1.608937e-27  1.044516e-27  5.681789e-28  4.340151e-28  5.013190e-28  3.059767e-28  1.936214e-28  2.430310e-28  4.982201e-28  1.563155e-27  9.155355e-27  9.195819e-27  1.561554e-27  7.220883e-27  3.117831e-27  5.308674e-27  4.630875e-27  4.306366e-27  2.553253e-27  1.746458e-27  1.175439e-27  1.602561e-27  2.193541e-27  2.739342e-27  4.575533e-27  8.747456e-27  1.966142e-26  4.984006e-26  5.689314e-26  2.410934e-26  5.054250e-26  3.159085e-26  5.526319e-26  3.228459e-26  1.806910e-26  1.322796e-26  1.327247e-26  7.429705e-27  3.905381e-27  2.420525e-27  1.645815e-27  1.510828e-27  8.845831e-28  3.665737e-28  5.265717e-28  1.242801e-27  1.925697e-27  2.491765e-27  2.223677e-27  2.702821e-27  2.076376e-27  2.606722e-27  3.774489e-27  8.533697e-27  3.812193e-26  1.349551e-25  9.470841e-26  2.477377e-26  7.453214e-26  6.329333e-26  5.832383e-26  6.100851e-26  4.920869e-26  4.044491e-26  2.307968e-26  1.120564e-26  1.170949e-26  1.123186e-26  1.352339e-26  1.268970e-26  1.823492e-26  2.259230e-26  3.852215e-26  7.616102e-26  2.733925e-25  6.954739e-25  6.637199e-25  4.411147e-25  6.068302e-25  4.536765e-25  5.160342e-25  5.510701e-25  3.118555e-25  3.144392e-25  2.327708e-25  1.728305e-25  1.018930e-25  4.657149e-26  3.720458e-26  2.121943e-26  7.461959e-27  5.709781e-27  3.926223e-27  1.805727e-27  1.570150e-27  8.417358e-28  6.408231e-28  3.718846e-28  2.019244e-28  1.042700e-28  8.786990e-29  1.041002e-28  1.026712e-28  1.082488e-28  2.445239e-28  3.610520e-28  4.513364e-28  6.558876e-28  6.147708e-28  1.215633e-27  1.552306e-27  5.234468e-27  1.667679e-26  5.115847e-26  9.620010e-26  8.231786e-26  4.209079e-26  1.952547e-26  8.127929e-26  5.614749e-26  3.907995e-26  4.459723e-26  3.606065e-26  3.592435e-26  2.199375e-26  2.538220e-26  2.358177e-26  2.552231e-26  2.407755e-26  3.985557e-26  3.444581e-26  5.929499e-26  1.613362e-25  3.709914e-25  5.992826e-25  5.744877e-25  2.399561e-25  1.703645e-25  6.100404e-25  2.199732e-25  1.657761e-25  4.230501e-25  2.093437e-25  2.474805e-25  1.683228e-25  1.140922e-25  7.925978e-26  3.632444e-26  1.569133e-26  2.171207e-26  1.789458e-26  1.353496e-26  1.042346e-26  8.167080e-27  2.898736e-27  4.638702e-27  1.566519e-27  7.610000e-28  7.756904e-28  9.561566e-28  7.511900e-28  6.170561e-28  1.044707e-27  1.219555e-27  1.607313e-27  2.175245e-27  3.809858e-27  6.063704e-27  1.020054e-26  1.470289e-26  1.743292e-26  1.333779e-26  2.196664e-26  3.007918e-26  1.390379e-26  1.822960e-26  2.455960e-26  5.761093e-26  1.686358e-25  7.576575e-25  1.499017e-24  1.130794e-24  1.355528e-24  2.412204e-25  2.602251e-25  9.214048e-25  8.297665e-25  8.407784e-25  7.411697e-25  8.201365e-25  5.301572e-25  5.024775e-25  3.386611e-25  3.240542e-25  3.224594e-25  1.981558e-25  2.385615e-25  2.045867e-25  1.705291e-25  1.923624e-25  2.299454e-25  3.919232e-25  4.523890e-25  2.933096e-24  5.382263e-24  9.726663e-24  6.774337e-24  4.700498e-24  8.412918e-25  3.235384e-24  5.923103e-24  5.379476e-24  3.351919e-24  4.441315e-24  4.589223e-24  3.780018e-24  2.014157e-24  3.547705e-24  1.952438e-24  9.345872e-25  7.648123e-25  8.019113e-25  7.026796e-25  7.753986e-25  3.560192e-25  4.567825e-25  2.438389e-25  1.638872e-25  1.058637e-25  7.955508e-26  4.616145e-26  2.185408e-26  2.339737e-26  1.599114e-26  1.098261e-26  7.952052e-27  9.078075e-27  8.395666e-27  5.917217e-27  2.677108e-27  3.701111e-27  2.331842e-27  2.874516e-27  1.744670e-27  3.821435e-27  1.839800e-27  1.753276e-27  1.446621e-27  9.874391e-28  5.378597e-28  4.379445e-28  2.037097e-28  2.499168e-28  2.250950e-28  1.790590e-28  1.898568e-28  4.277705e-28  2.925620e-28  5.095550e-28  1.038026e-27  1.227583e-27  7.828165e-28  2.196431e-27  1.127832e-27  2.858462e-27  4.432661e-27  5.021610e-27  2.903666e-27  7.545401e-27  1.044970e-26  2.628761e-26  3.816550e-26  6.138519e-26  2.434441e-25  2.824497e-25  3.942402e-25  7.601161e-25  4.768272e-25  4.455751e-25  5.052511e-25  7.630212e-26  1.694422e-25  6.397275e-25  6.185869e-25  2.132057e-25  3.459282e-25  4.977954e-25  5.275266e-25  5.155762e-25  5.494816e-25  4.792688e-25  3.903889e-25  2.024014e-25  2.610228e-25  2.075449e-25  3.582794e-25  5.059515e-25  6.678531e-25  1.072816e-24  1.459515e-24  4.313072e-24  4.388209e-24  8.569361e-24  8.431623e-24  8.195548e-24  5.177359e-24  6.739382e-24  1.048808e-24  1.947515e-24  1.554264e-23  2.691286e-24  2.349251e-24  3.522976e-24  1.699279e-24  6.840198e-24  3.642153e-24  3.299168e-24  3.252050e-24  4.427639e-24  1.125061e-24  2.021357e-24  5.193097e-25  1.296255e-24  4.355044e-25  6.486769e-25  4.001158e-25  3.260875e-25  4.298803e-25  2.895541e-25  1.679684e-25  2.591609e-25  1.057998e-25  1.027537e-25  3.501382e-26  1.158024e-25  9.586843e-26  7.612117e-26  1.876622e-25  1.179443e-25  7.576486e-26  1.424409e-25  4.584168e-26  8.496741e-26  4.460558e-26  4.822212e-26  4.077719e-26  1.380587e-26  1.996903e-26  6.909202e-27  1.065844e-26  3.809049e-27  5.208823e-27  2.608630e-27  1.814975e-27  2.606154e-27  1.843162e-27  1.588051e-27  4.016010e-27  1.759111e-27  2.351653e-27  6.884528e-27  7.891862e-27  1.214171e-26  1.046192e-26  2.417457e-26  2.411301e-26  2.311865e-26  6.046989e-26  6.548742e-26  4.644565e-26  4.735700e-26  5.602755e-26  1.712221e-25  8.916703e-26  2.174093e-25  1.574276e-26  1.890303e-25  1.025211e-25  2.873708e-25  8.541354e-25  1.243600e-24  2.284394e-24  4.804211e-24  9.409504e-24  7.525343e-24  2.061846e-23  8.128923e-24  1.030481e-23  1.017354e-23  1.154380e-23  1.120372e-24  1.946909e-24  3.822890e-24  1.246875e-23  9.269612e-24  9.072768e-24  8.646793e-24  6.539080e-24  8.016674e-24  8.455767e-24  1.009353e-23  3.942679e-24  1.255474e-23  3.396578e-24  1.071088e-23  4.205706e-24  4.361943e-24  1.788632e-24  4.134163e-24  2.112363e-24  3.282562e-24  4.202245e-24  2.973530e-24  1.492453e-24  8.118372e-24  9.194762e-24  2.020643e-23  3.901589e-23  6.712710e-23  6.802269e-23  1.018165e-22  1.543949e-22  1.405070e-22  1.284488e-22  1.059866e-22  3.461487e-23  1.690670e-23  2.886282e-23  2.986367e-23  1.245054e-22  1.156589e-22  3.386736e-23  1.025899e-22  2.455768e-23  8.503685e-23  9.557408e-24  1.273419e-22  6.477427e-24  7.404020e-23  3.467077e-23  2.199881e-23  4.825736e-23  3.707023e-23  4.606471e-23  2.274570e-23  2.506647e-23  1.804466e-23  1.848921e-23  1.988446e-23  1.432220e-23  1.627820e-23  1.464794e-23  1.229790e-23  1.266475e-23  6.256929e-24  2.295009e-24  5.175251e-24  1.606124e-24  4.437484e-24  5.215333e-24  7.198173e-24  1.064155e-23  9.176184e-24  4.899471e-24  4.268629e-24  5.963249e-24  7.017324e-24  1.397476e-24  1.771165e-24  3.255517e-24  4.561596e-25  2.165350e-24  3.338986e-25  4.961580e-25  6.867800e-25  1.808158e-25  5.563666e-25  1.750898e-25  1.490211e-25  3.686012e-25  1.165975e-25  7.905830e-26  8.303020e-26  8.211432e-26  8.324792e-26  8.460161e-26  1.685106e-25  6.502515e-26  3.578114e-25  1.024181e-25  1.744401e-25  4.991617e-26  1.141340e-25  7.448062e-26  1.539470e-25  2.023404e-25  2.536013e-25  5.650616e-26  1.333116e-25  5.072212e-26  5.478774e-26  3.766339e-26  8.013861e-26  8.694359e-26  1.640794e-26  1.732568e-25  2.726006e-26  3.155588e-26  6.980258e-26  7.211892e-26  2.148991e-25  2.616158e-26  5.522324e-26  4.294677e-26  6.465041e-26  6.665874e-26  1.704799e-26  3.234429e-26  1.443997e-26  1.384716e-26  6.139147e-27  4.205230e-27  1.167464e-26  6.404300e-27  4.192469e-27  7.156195e-27  3.959769e-27  1.071214e-26  6.728645e-27  3.336917e-27  1.951861e-27  3.323835e-27  4.292188e-27  3.415883e-27  1.806564e-27  1.831575e-27  1.500272e-27  1.770215e-27  7.287410e-27  2.815445e-27  5.394826e-27  3.231643e-27  6.293768e-27  3.458461e-27  8.721588e-27  1.312704e-26  7.894942e-27  8.656706e-27  1.738957e-26  3.276458e-26  2.956404e-27  6.221245e-26  1.144979e-26  2.673995e-26  6.986231e-26  1.308833e-25  1.080756e-25  3.210203e-26  1.544090e-25  1.387022e-25  4.400133e-26  5.143232e-25  9.635859e-26  4.285560e-25  4.334922e-25  2.789315e-26  9.472890e-25  6.747504e-25  1.939670e-25  2.289606e-25  1.110942e-24  4.197830e-25  2.451516e-24  6.020288e-25  2.887648e-25  8.109555e-25  1.776875e-24  5.177358e-25  1.862198e-25  3.525497e-24  5.975362e-25  1.934526e-24  2.817070e-24  2.995712e-25  2.599175e-24  2.295750e-24  4.501220e-24
3.647437e-29  5.021022e-29  5.982296e-29  7.729207e-29  2.917926e-28  1.217039e-27  8.203518e-28  7.068834e-28  3.517593e-28  1.559167e-28  5.084618e-29  2.342995e-29  1.766414e-29  2.420438e-29  6.677181e-29  3.266565e-28  2.411249e-28  2.143963e-28  5.374934e-28  1.872038e-28  8.712352e-29  2.627266e-29  9.885850e-30  1.272705e-29  1.016027e-29  1.487642e-29  1.835341e-29  8.055308e-30  2.172130e-29  2.928547e-29  1.019914e-28  4.375524e-28  2.466672e-27  2.442372e-27  1.886439e-27  1.305435e-27  5.922676e-28  2.369102e-28  1.151756e-28  4.224698e-29  5.623449e-29  1.091735e-28  9.706254e-29  1.264409e-28  1.276475e-28  2.082554e-28  6.886354e-28  7.939541e-28  5.149814e-28  3.948777e-28  1.924985e-28  1.770563e-28  4.501588e-28  1.637318e-28  1.295151e-28  8.133470e-29  4.557562e-29  1.581598e-29  1.179344e-29  6.720409e-30  1.308075e-29  2.328163e-29  2.134149e-29  7.970699e-29  1.253134e-28  6.243804e-28  1.393580e-27  8.721355e-27  5.545252e-27  4.844393e-27  4.665067e-27  2.397944e-27  1.372305e-27  5.513334e-28  2.574788e-28  1.076444e-28  4.485726e-29  2.195899e-29  1.016463e-29  2.656522e-29  2.224586e-28  4.227468e-28  2.222148e-28  4.484705e-28  4.662675e-28  1.780218e-27  2.042053e-27  2.993058e-27  1.422632e-27  1.272182e-27  7.507675e-28  3.308958e-28  1.278205e-28  8.464402e-29  1.235593e-28  4.401913e-28  1.061842e-27  6.604715e-28  5.781741e-28  7.486042e-28  4.449939e-28  2.510735e-28  1.380881e-28  6.464564e-29  3.302891e-29  2.594746e-29  3.807775e-29  1.154791e-28  3.140609e-28  9.247389e-28  1.637048e-27  4.205823e-27  1.025872e-26  3.186629e-26  1.381257e-26  1.550119e-26  1.587309e-26  7.003209e-27  3.774710e-27  2.290857e-27  5.962570e-28  2.738901e-28  7.778638e-28  1.867732e-27  8.852753e-28  1.095751e-27  1.558063e-27  9.455968e-28  3.436075e-28  4.421437e-28  2.350322e-28  9.193514e-29  5.370946e-29  6.017607e-29  1.110279e-28  1.968682e-28  5.218616e-28  2.378506e-27  2.717681e-27  4.999709e-27  1.028936e-26  6.529077e-27  4.796412e-27  6.281752e-27  3.152632e-27  2.202879e-27  9.825196e-28  5.843082e-28  2.301906e-28  2.030103e-28  1.083156e-28  2.671916e-28  3.219731e-28  1.430990e-27  1.513250e-27  9.311325e-27  5.840531e-27  8.583666e-27  6.575250e-27  7.789186e-27  4.400018e-27  3.953816e-27  2.940812e-27  1.885540e-27  9.981846e-28  5.432896e-28  3.929089e-28  4.562845e-28  8.561392e-28  2.206983e-27  4.971812e-27  9.032053e-27  2.538844e-26  4.685617e-26  1.782240e-25  5.164622e-26  7.599028e-26  8.824632e-26  6.268194e-26  4.804790e-26  3.468925e-26  1.404027e-26  8.046793e-27  3.850209e-27  1.534262e-27  1.004623e-27  5.490449e-28  4.241859e-28  4.957875e-28  3.017381e-28  1.904764e-28  2.415377e-28  4.917679e-28  1.530973e-27  9.116742e-27  9.288837e-27  1.568464e-27  7.252315e-27  3.110670e-27  5.328448e-27  4.609666e-27  4.287892e-27  2.538919e-27  1.727808e-27  1.168923e-27  1.589247e-27  2.168534e-27  2.711854e-27  4.509230e-27  8.703757e-27  1.954061e-26  4.973915e-26  5.744019e-26  2.414921e-26  5.085791e-26  3.175709e-26  5.544361e-26  3.218831e-26  1.790255e-26  1.312050e-26  1.314693e-26  7.311180e-27  3.818566e-27  2.348902e-27  1.597396e-27  1.487199e-27  8.778423e-28  3.597649e-28  5.216928e-28  1.239190e-27  1.924429e-27  2.496453e-27  2.223598e-27  2.695379e-27  2.062415e-27  2.601737e-27  3.732996e-27  8.435526e-27  3.756197e-26  1.351223e-25  9.561156e-26  2.492558e-26  7.521754e-26  6.347471e-26  5.834892e-26  6.109927e-26  4.916958e-26  3.998513e-26  2.280017e-26  1.109602e-26  1.153752e-26  1.102998e-26  1.330447e-26  1.243242e-26  1.800468e-26  2.246623e-26  3.811838e-26  7.533540e-26  2.705672e-25  6.967897e-25  6.679346e-25  4.417112e-25  6.108947e-25  4.585272e-25  5.190205e-25  5.509953e-25  3.112404e-25  3.134161e-25  2.307546e-25  1.704521e-25  9.968097e-26  4.533233e-26  3.604185e-26  2.037588e-26  7.120781e-27  5.450986e-27  3.767984e-27  1.741194e-27  1.510602e-27  8.046364e-28  6.109346e-28  3.531227e-28  1.899775e-28  9.799219e-29  8.314188e-29  9.864791e-29  9.955833e-29  1.048983e-28  2.399825e-28  3.543315e-28  4.471355e-28  6.509749e-28  6.063493e-28  1.197984e-27  1.519153e-27  5.106047e-27  1.635460e-26  5.054175e-26  9.625362e-26  8.315782e-26  4.268508e-26  1.973245e-26  8.166198e-26  5.630820e-26  3.922950e-26  4.469564e-26  3.594287e-26  3.558115e-26  2.175435e-26  2.504598e-26  2.325771e-26  2.524957e-26  2.379925e-26  3.970324e-26  3.392874e-26  5.851978e-26  1.593028e-25  3.681385e-25  5.994812e-25  5.810341e-25  2.428476e-25  1.716737e-25  6.110294e-25  2.221949e-25  1.665242e-25  4.251404e-25  2.086588e-25  2.457106e-25  1.664168e-25  1.125051e-25  7.756649e-26  3.537639e-26  1.527768e-26  2.123679e-26  1.759736e-26  1.339416e-26  1.022013e-26  8.028491e-27  2.814019e-27  4.509274e-27  1.514266e-27  7.353025e-28  7.524580e-28  9.257319e-28  7.375235e-28  6.102535e-28  1.028131e-27  1.204932e-27  1.586044e-27  2.140303e-27  3.746317e-27  5.997788e-27  1.009009e-26  1.467902e-26  1.744358e-26  1.317595e-26  2.194828e-26  3.002656e-26  1.381718e-26  1.818923e-26  2.431557e-26  5.670300e-26  1.634972e-25  7.459649e-25  1.498229e-24  1.136690e-24  1.372451e-24  2.436856e-25  2.620415e-25  9.297333e-25  8.329834e-25  8.431326e-25  7.434874e-25  8.206059e-25  5.291777e-25  4.988813e-25  3.371952e-25  3.196763e-25  3.192745e-25  1.949527e-25  2.348897e-25  2.021953e-25  1.679054e-25  1.894144e-25  2.288180e-25  3.881672e-25  4.428044e-25  2.879446e-24  5.339900e-24  9.765287e-24  6.832579e-24  4.762381e-24  8.445628e-25  3.277138e-24  5.961192e-24  5.386759e-24  3.337792e-24  4.476380e-24  4.594281e-24  3.772560e-24  1.996065e-24  3.518948e-24  1.933922e-24  9.206897e-25  7.507626e-25  7.865471e-25  6.987245e-25  7.676842e-25  3.500313e-25  4.494514e-25  2.385709e-25  1.594542e-25  1.022450e-25  7.678813e-26  4.410637e-26  2.095275e-26  2.230713e-26  1.549080e-26  1.052546e-26  7.648615e-27  8.790347e-27  8.246017e-27  5.827179e-27  2.621954e-27  3.632501e-27  2.285447e-27  2.834159e-27  1.718213e-27  3.811903e-27  1.811173e-27  1.732444e-27  1.428386e-27  9.626832e-28  5.242649e-28  4.216671e-28  1.954508e-28  2.385904e-28  2.148340e-28  1.700769e-28  1.815672e-28  4.101185e-28  2.824463e-28  4.913277e-28  1.009490e-27  1.207442e-27  7.674154e-28  2.144037e-27  1.105249e-27  2.812725e-27  4.400895e-27  4.955818e-27  2.788732e-27  7.324855e-27  1.010841e-26  2.530208e-26  3.705858e-26  5.952859e-26  2.393345e-25  2.781609e-25  3.920643e-25  7.621126e-25  4.805020e-25  4.501930e-25  5.113922e-25  7.683500e-26  1.700757e-25  6.454032e-25  6.186676e-25  2.111594e-25  3.468840e-25  4.994232e-25  5.279439e-25  5.161826e-25  5.488624e-25  4.794532e-25  3.890673e-25  1.986883e-25  2.592290e-25  2.050598e-25  3.555407e-25  5.004935e-25  6.530908e-25  1.050082e-24  1.424362e-24  4.252661e-24  4.343769e-24  8.555536e-24  8.456694e-24  8.267627e-24  5.234215e-24  6.843156e-24  1.058697e-24  1.957057e-24  1.556340e-23  2.676611e-24  2.381447e-24  3.554046e-24  1.712038e-24  6.891723e-24  3.648318e-24  3.288843e-24  3.238259e-24  4.385594e-24  1.104117e-24  1.983295e-24  5.053288e-25  1.261876e-24  4.231253e-25  6.303446e-25  3.938228e-25  3.186202e-25  4.249842e-25  2.871485e-25  1.680974e-25  2.586252e-25  1.056452e-25  1.026341e-25  3.430195e-26  1.157890e-25  9.631184e-26  7.570101e-26  1.889905e-25  1.173297e-25  7.570785e-26  1.415415e-25  4.522462e-26  8.427595e-26  4.373975e-26  4.753772e-26  3.998146e-26  1.337010e-26  1.934166e-26  6.670324e-27  1.031327e-26  3.635477e-27  4.990401e-27  2.506977e-27  1.733009e-27  2.471561e-27  1.764983e-27  1.501318e-27  3.889810e-27  1.660058e-27  2.254732e-27  6.611155e-27  7.565071e-27  1.167095e-26  1.006937e-26  2.362463e-26  2.321090e-26  2.254414e-26  5.949079e-26  6.415742e-26  4.512500e-26  4.696511e-26  5.509428e-26  1.701366e-25  8.888722e-26  2.157685e-25  1.532266e-26  1.883297e-25  9.758482e-26  2.846403e-25  8.340166e-25  1.199738e-24  2.217956e-24  4.726405e-24  9.301474e-24  7.495830e-24  2.066195e-23  8.177408e-24  1.036228e-23  1.025501e-23  1.173641e-23  1.109880e-24  1.961124e-24  3.861332e-24  1.259899e-23  9.344431e-24  9.058314e-24  8.710962e-24  6.479264e-24  8.071781e-24  8.472443e-24  1.011066e-23  3.903252e-24  1.256603e-23  3.362333e-24  1.068238e-23  4.181748e-24  4.296695e-24  1.766765e-24  4.094242e-24  2.096344e-24  3.244149e-24  4.213374e-24  2.952378e-24  1.440723e-24  8.026283e-24  8.873047e-24  1.957500e-23  3.829689e-23  6.610757e-23  6.753807e-23  1.011818e-22  1.551977e-22  1.414284e-22  1.299232e-22  1.073597e-22  3.494835e-23  1.710578e-23  2.906509e-23  3.008521e-23  1.258231e-22  1.163122e-22  3.363066e-23  1.027160e-22  2.446167e-23  8.533783e-23  9.375387e-24  1.278141e-22  6.330417e-24  7.426098e-23  3.412533e-23  2.179524e-23  4.780365e-23  3.668909e-23  4.545392e-23  2.257732e-23  2.449714e-23  1.794923e-23  1.838799e-23  1.963682e-23  1.419518e-23  1.611013e-23  1.454932e-23  1.238228e-23  1.255925e-23  6.285212e-24  2.249307e-24  5.177607e-24  1.592481e-24  4.466635e-24  5.212195e-24  7.183952e-24  1.071589e-23  9.153674e-24  4.869374e-24  4.227451e-24  5.928065e-24  6.939798e-24  1.377910e-24  1.733152e-24  3.182215e-24  4.375795e-25  2.105320e-24  3.228453e-25  4.780463e-25  6.620319e-25  1.713075e-25  5.382954e-25  1.707642e-25  1.437914e-25  3.571562e-25  1.133149e-25  7.647069e-26  7.965910e-26  7.948930e-26  8.195799e-26  8.211602e-26  1.666656e-25  6.382498e-26  3.565967e-25  1.010690e-25  1.742545e-25  4.845400e-26  1.143176e-25  7.480609e-26  1.537316e-25  2.040024e-25  2.558220e-25  5.634484e-26  1.344327e-25  5.069484e-26  5.527393e-26  3.701339e-26  8.111122e-26  8.695586e-26  1.592484e-26  1.749400e-25  2.716599e-26  3.112941e-26  7.025811e-26  7.241521e-26  2.152327e-25  2.603717e-26  5.499945e-26  4.254471e-26  6.418951e-26  6.580087e-26  1.666100e-26  3.173650e-26  1.409663e-26  1.345430e-26  5.973074e-27  4.143325e-27  1.135787e-26  6.362828e-27  4.137667e-27  6.924819e-27  3.904372e-27  1.051546e-26  6.549900e-27  3.230322e-27  1.836398e-27  3.182579e-27  4.147506e-27  3.249945e-27  1.726403e-27  1.724468e-27  1.417503e-27  1.655202e-27  6.976636e-27  2.681317e-27  5.097483e-27  3.139818e-27  5.960155e-27  3.353237e-27  8.188380e-27  1.269210e-26  7.333356e-27  8.170172e-27  1.675677e-26  3.124474e-26  2.800205e-27  5.919586e-26  1.104227e-26  2.518314e-26  6.698412e-26  1.257642e-25  1.038271e-25  3.095089e-26  1.493223e-25  1.349818e-25  4.225383e-26  5.002917e-25  9.387572e-26  4.235649e-25  4.199999e-25  2.589984e-26  9.342394e-25  6.627135e-25  1.911223e-25  2.203690e-25  1.104072e-24  4.155714e-25  2.449994e-24  5.917798e-25  2.825102e-25  8.011750e-25  1.784757e-24  5.095778e-25  1.781933e-25  3.536539e-24  5.823329e-25  1.926019e-24  2.805068e-24  2.919912e-25  2.575406e-24  2.281010e-24  4.520868e-24
3.652931e-29  5.036423e-29  5.977395e-29  7.655809e-29  2.914665e-28  1.222791e-27  8.255395e-28  7.059102e-28  3.484317e-28  1.535492e-28  4.955170e-29  2.294219e-29  1.753869e-29  2.402620e-29  6.682244e-29  3.280094e-28  2.419268e-28  2.146741e-28  5.377901e-28  1.867429e-28  8.630417e-29  2.575785e-29  9.674784e-30  1.264860e-29  1.016909e-29  1.488471e-29  1.834474e-29  8.050486e-30  2.158435e-29  2.868792e-29  1.008750e-28  4.354300e-28  2.477115e-27  2.455198e-27  1.894505e-27  1.298475e-27  5.834821e-28  2.314458e-28  1.129188e-28  4.126432e-29  5.582110e-29  1.093339e-28  9.755339e-29  1.264189e-28  1.272106e-28  2.069440e-28  6.907667e-28  7.983253e-28  5.164021e-28  3.934974e-28  1.896590e-28  1.753487e-28  4.513864e-28  1.637253e-28  1.297203e-28  8.085280e-29  4.483560e-29  1.543566e-29  1.154700e-29  6.601727e-30  1.296034e-29  2.314948e-29  2.122444e-29  7.864834e-29  1.236039e-28  6.180284e-28  1.388534e-27  8.750331e-27  5.590239e-27  4.867178e-27  4.655378e-27  2.369229e-27  1.354446e-27  5.414177e-28  2.531458e-28  1.057714e-28  4.393951e-29  2.153748e-29  1.000524e-29  2.628970e-29  2.222541e-28  4.255515e-28  2.213980e-28  4.491723e-28  4.642738e-28  1.774917e-27  2.049199e-27  3.005896e-27  1.431215e-27  1.273195e-27  7.454861e-28  3.248036e-28  1.239799e-28  8.223460e-29  1.223962e-28  4.397906e-28  1.067319e-27  6.645354e-28  5.818575e-28  7.503538e-28  4.425320e-28  2.477659e-28  1.354933e-28  6.280234e-29  3.193133e-29  2.527293e-29  3.719468e-29  1.139042e-28  3.120732e-28  9.111315e-28  1.626229e-27  4.195240e-27  1.026504e-26  3.199840e-26  1.393845e-26  1.557696e-26  1.586646e-26  6.914344e-27  3.694583e-27  2.219809e-27  5.703901e-28  2.608137e-28  7.683334e-28  1.873020e-27  8.837123e-28  1.095741e-27  1.564333e-27  9.432985e-28  3.417267e-28  4.403536e-28  2.320111e-28  8.989517e-29  5.242150e-29  5.914600e-29  1.088426e-28  1.952863e-28  5.162350e-28  2.364287e-27  2.734039e-27  5.004282e-27  1.034145e-26  6.562958e-27  4.817923e-27  6.280606e-27  3.133044e-27  2.170972e-27  9.608314e-28  5.712916e-28  2.240166e-28  1.990469e-28  1.058245e-28  2.629774e-28  3.186256e-28  1.441439e-27  1.504925e-27  9.299029e-27  5.854355e-27  8.615419e-27  6.630594e-27  7.809879e-27  4.383632e-27  3.942021e-27  2.913691e-27  1.851677e-27  9.762858e-28  5.305740e-28  3.824887e-28  4.490271e-28  8.346839e-28  2.167153e-27  4.928444e-27  8.981767e-27  2.526033e-26  4.678978e-26  1.788321e-25  5.206138e-26  7.659993e-26  8.864987e-26  6.264598e-26  4.773655e-26  3.422820e-26  1.372823e-26  7.800809e-27  3.707660e-27  1.461559e-27  9.661340e-28  5.307627e-28  4.147721e-28  4.905218e-28  2.976754e-28  1.874242e-28  2.401090e-28  4.853762e-28  1.498826e-27  9.076613e-27  9.383708e-27  1.575792e-27  7.284051e-27  3.103750e-27  5.348211e-27  4.587569e-27  4.269042e-27  2.524711e-27  1.709341e-27  1.162690e-27  1.576096e-27  2.143298e-27  2.683961e-27  4.442540e-27  8.659313e-27  1.941686e-26  4.963209e-26  5.799807e-26  2.419015e-26  5.117610e-26  3.192432e-26  5.561940e-26  3.208779e-26  1.773275e-26  1.301132e-26  1.302089e-26  7.192330e-27  3.731922e-27  2.278015e-27  1.549624e-27  1.464292e-27  8.716440e-28  3.533709e-28  5.170242e-28  1.235488e-27  1.923170e-27  2.501242e-27  2.224012e-27  2.687864e-27  2.048403e-27  2.596654e-27  3.691292e-27  8.336616e-27  3.700106e-26  1.352795e-25  9.653406e-26  2.508216e-26  7.591450e-26  6.365645e-26  5.837372e-26  6.118538e-26  4.912327e-26  3.951496e-26  2.251988e-26  1.098741e-26  1.136758e-26  1.083089e-26  1.308581e-26  1.217589e-26  1.777273e-26  2.233831e-26  3.771446e-26  7.450534e-26  2.677143e-25  6.980522e-25  6.722496e-25  4.423008e-25  6.149817e-25  4.634684e-25  5.219990e-25  5.508599e-25  3.105745e-25  3.123480e-25  2.287002e-25  1.680459e-25  9.745610e-26  4.409808e-26  3.488759e-26  1.954848e-26  6.788759e-27  5.201755e-27  3.615959e-27  1.679655e-27  1.453641e-27  7.690977e-28  5.822181e-28  3.350354e-28  1.785845e-28  9.206273e-29  7.861985e-29  9.346796e-29  9.652103e-29  1.016971e-28  2.355290e-28  3.475994e-28  4.429637e-28  6.460820e-28  5.981007e-28  1.180453e-27  1.486499e-27  4.978640e-27  1.603191e-26  4.991527e-26  9.629080e-26  8.401130e-26  4.329788e-26  1.994388e-26  8.204032e-26  5.647507e-26  3.937914e-26  4.479439e-26  3.581773e-26  3.522777e-26  2.151238e-26  2.470768e-26  2.293453e-26  2.497797e-26  2.351992e-26  3.955033e-26  3.341111e-26  5.774973e-26  1.572584e-25  3.652045e-25  5.995984e-25  5.877060e-25  2.458105e-25  1.730144e-25  6.120079e-25  2.244598e-25  1.672979e-25  4.272328e-25  2.079336e-25  2.438679e-25  1.644613e-25  1.109006e-25  7.587528e-26  3.444009e-26  1.487239e-26  2.077761e-26  1.730645e-26  1.325690e-26  1.002244e-26  7.890193e-27  2.730832e-27  4.381063e-27  1.463291e-27  7.105408e-28  7.299809e-28  8.962192e-28  7.245434e-28  6.037515e-28  1.011977e-27  1.190737e-27  1.565349e-27  2.105937e-27  3.682175e-27  5.931720e-27  9.979587e-27  1.465475e-26  1.745621e-26  1.301282e-26  2.193096e-26  2.997297e-26  1.372911e-26  1.814892e-26  2.408029e-26  5.582162e-26  1.584333e-25  7.341493e-25  1.497174e-24  1.142584e-24  1.389837e-24  2.462124e-25  2.639212e-25  9.381930e-25  8.362255e-25  8.455086e-25  7.458162e-25  8.209693e-25  5.280973e-25  4.951635e-25  3.357207e-25  3.152286e-25  3.160625e-25  1.917544e-25  2.312076e-25  1.998249e-25  1.652720e-25  1.864972e-25  2.276940e-25  3.844347e-25  4.332974e-25  2.825674e-24  5.296150e-24  9.803195e-24  6.891316e-24  4.826061e-24  8.481441e-25  3.320087e-24  5.999754e-24  5.393693e-24  3.323672e-24  4.511930e-24  4.598626e-24  3.764322e-24  1.978049e-24  3.489242e-24  1.915264e-24  9.068170e-25  7.367333e-25  7.714241e-25  6.947963e-25  7.601305e-25  3.440840e-25  4.421515e-25  2.333294e-25  1.550529e-25  9.867562e-26  7.406537e-26  4.210547e-26  2.008060e-26  2.125430e-26  1.500940e-26  1.008846e-26  7.359277e-27  8.513554e-27  8.101845e-27  5.742396e-27  2.570331e-27  3.567584e-27  2.241246e-27  2.796316e-27  1.692863e-27  3.803350e-27  1.783399e-27  1.712036e-27  1.410560e-27  9.386533e-28  5.109124e-28  4.058669e-28  1.874608e-28  2.276425e-28  2.048949e-28  1.614322e-28  1.735267e-28  3.928256e-28  2.724793e-28  4.735178e-28  9.810573e-28  1.187056e-27  7.521332e-28  2.091729e-27  1.082803e-27  2.766695e-27  4.369306e-27  4.891382e-27  2.676707e-27  7.113444e-27  9.777581e-27  2.433405e-26  3.596819e-26  5.768537e-26  2.351586e-25  2.738148e-25  3.897851e-25  7.639960e-25  4.842221e-25  4.548787e-25  5.177046e-25  7.739180e-26  1.707253e-25  6.512121e-25  6.187087e-25  2.091306e-25  3.479274e-25  5.010565e-25  5.283526e-25  5.167498e-25  5.482255e-25  4.796336e-25  3.876968e-25  1.949472e-25  2.574436e-25  2.026287e-25  3.529104e-25  4.952177e-25  6.384987e-25  1.027468e-24  1.389322e-24  4.191013e-24  4.298198e-24  8.539896e-24  8.480584e-24  8.340441e-24  5.292061e-24  6.949357e-24  1.068982e-24  1.966970e-24  1.558438e-23  2.661694e-24  2.414539e-24  3.585205e-24  1.725073e-24  6.943145e-24  3.653572e-24  3.277792e-24  3.223581e-24  4.342108e-24  1.083028e-24  1.944807e-24  4.914246e-25  1.227371e-24  4.109082e-25  6.121315e-25  3.876619e-25  3.114128e-25  4.201877e-25  2.849181e-25  1.683083e-25  2.581710e-25  1.055585e-25  1.025771e-25  3.362442e-26  1.158066e-25  9.678265e-26  7.529699e-26  1.903247e-25  1.167275e-25  7.563982e-26  1.406132e-25  4.460911e-26  8.356953e-26  4.287219e-26  4.684439e-26  3.918249e-26  1.294204e-26  1.872227e-26  6.436500e-27  9.971657e-27  3.467068e-27  4.777594e-27  2.409652e-27  1.652756e-27  2.342779e-27  1.689089e-27  1.418477e-27  3.766196e-27  1.565191e-27  2.162197e-27  6.344701e-27  7.246828e-27  1.120891e-26  9.686234e-27  2.307422e-26  2.232250e-26  2.197111e-26  5.849691e-26  6.281404e-26  4.380838e-26  4.656309e-26  5.414323e-26  1.690143e-25  8.859799e-26  2.140744e-25  1.491987e-26  1.876285e-25  9.280425e-26  2.820597e-25  8.145192e-25  1.156490e-24  2.151536e-24  4.648077e-24  9.190394e-24  7.464619e-24  2.070221e-23  8.227346e-24  1.042000e-23  1.034038e-23  1.193275e-23  1.099034e-24  1.975748e-24  3.900820e-24  1.273028e-23  9.421553e-24  9.043426e-24  8.775380e-24  6.418083e-24  8.125533e-24  8.491014e-24  1.012651e-23  3.863836e-24  1.257629e-23  3.328164e-24  1.065140e-23  4.158201e-24  4.230049e-24  1.744735e-24  4.054160e-24  2.080341e-24  3.206453e-24  4.224805e-24  2.932010e-24  1.390321e-24  7.937111e-24  8.556059e-24  1.894876e-23  3.757321e-23  6.506946e-23  6.703687e-23  1.005222e-22  1.559855e-22  1.423498e-22  1.314265e-22  1.087672e-22  3.529707e-23  1.731180e-23  2.927057e-23  3.031228e-23  1.271656e-22  1.169664e-22  3.339056e-23  1.028335e-22  2.436847e-23  8.564011e-23  9.194720e-24  1.282759e-22  6.186394e-24  7.447290e-23  3.356660e-23  2.158594e-23  4.733821e-23  3.629786e-23  4.483179e-23  2.240419e-23  2.392523e-23  1.785262e-23  1.829020e-23  1.939422e-23  1.406710e-23  1.595159e-23  1.444816e-23  1.247330e-23  1.245331e-23  6.315994e-24  2.205454e-24  5.183615e-24  1.578502e-24  4.497892e-24  5.211362e-24  7.169276e-24  1.079141e-23  9.130136e-24  4.838590e-24  4.184672e-24  5.892906e-24  6.859548e-24  1.358529e-24  1.695343e-24  3.108719e-24  4.195657e-25  2.044906e-24  3.121651e-25  4.601773e-25  6.375795e-25  1.621490e-25  5.205368e-25  1.665050e-25  1.387655e-25  3.458639e-25  1.101126e-25  7.394709e-26  7.640657e-26  7.692304e-26  8.070283e-26  7.968836e-26  1.648461e-25  6.263455e-26  3.553458e-25  9.971887e-26  1.740630e-25  4.701763e-26  1.144878e-25  7.514364e-26  1.535399e-25  2.057279e-25  2.580615e-25  5.620548e-26  1.355899e-25  5.069411e-26  5.578372e-26  3.634899e-26  8.211537e-26  8.697296e-26  1.544438e-26  1.766558e-25  2.708343e-26  3.070553e-26  7.072211e-26  7.271721e-26  2.155464e-25  2.591835e-26  5.476523e-26  4.212654e-26  6.372569e-26  6.492044e-26  1.627297e-26  3.111766e-26  1.376687e-26  1.306653e-26  5.811612e-27  4.083705e-27  1.105070e-26  6.320557e-27  4.084466e-27  6.695612e-27  3.849257e-27  1.031904e-26  6.372918e-27  3.124946e-27  1.726464e-27  3.045470e-27  4.005564e-27  3.088214e-27  1.649212e-27  1.622225e-27  1.338828e-27  1.546098e-27  6.673034e-27  2.553880e-27  4.810590e-27  3.051374e-27  5.640568e-27  3.249467e-27  7.677972e-27  1.226804e-26  6.802914e-27  7.700840e-27  1.613947e-26  2.977475e-26  2.652727e-27  5.626943e-26  1.064614e-26  2.366737e-26  6.417659e-26  1.207450e-25  9.965314e-26  2.982571e-26  1.442969e-25  1.313107e-25  4.054654e-26  4.863666e-25  9.141008e-26  4.183489e-25  4.065309e-25  2.401578e-26  9.209237e-25  6.504881e-25  1.883857e-25  2.115832e-25  1.097148e-24  4.113203e-25  2.448085e-24  5.814193e-25  2.761649e-25  7.912427e-25  1.792530e-24  5.015025e-25  1.700980e-25  3.547831e-24  5.670345e-25  1.917772e-24  2.792820e-24  2.846667e-25  2.551417e-24  2.265963e-24  4.541531e-24
3.658246e-29  5.052119e-29  5.972347e-29  7.581398e-29  2.911168e-28  1.228615e-27  8.307945e-28  7.048083e-28  3.450590e-28  1.511814e-28  4.827347e-29  2.246322e-29  1.741908e-29  2.384813e-29  6.686804e-29  3.293719e-28  2.427455e-28  2.149418e-28  5.380763e-28  1.862808e-28  8.547070e-29  2.524084e-29  9.464966e-30  1.257157e-29  1.017917e-29  1.489297e-29  1.833564e-29  8.045771e-30  2.144549e-29  2.809265e-29  9.974820e-29  4.332632e-28  2.487560e-27  2.468308e-27  1.902536e-27  1.291186e-27  5.745939e-28  2.260178e-28  1.107126e-28  4.030743e-29  5.541087e-29  1.095005e-28  9.805768e-29  1.263902e-28  1.267620e-28  2.056111e-28  6.928723e-28  8.028110e-28  5.178356e-28  3.920580e-28  1.867789e-28  1.736473e-28  4.526413e-28  1.637318e-28  1.299229e-28  8.035404e-29  4.408438e-29  1.505654e-29  1.130240e-29  6.485232e-30  1.283938e-29  2.301823e-29  2.111023e-29  7.759294e-29  1.218873e-28  6.116113e-28  1.383242e-27  8.779356e-27  5.636361e-27  4.890363e-27  4.644864e-27  2.339868e-27  1.336614e-27  5.317071e-28  2.489518e-28  1.039594e-28  4.304939e-29  2.113112e-29  9.852135e-30  2.601563e-29  2.220232e-28  4.284011e-28  2.205778e-28  4.498586e-28  4.622406e-28  1.769432e-27  2.056384e-27  3.018835e-27  1.439890e-27  1.274115e-27  7.400099e-28  3.186319e-28  1.201529e-28  7.985261e-29  1.212351e-28  4.393675e-28  1.072865e-27  6.686757e-28  5.856045e-28  7.520412e-28  4.399678e-28  2.444192e-28  1.328883e-28  6.097622e-29  3.084846e-29  2.461024e-29  3.632804e-29  1.123340e-28  3.100745e-28  8.975130e-28  1.615239e-27  4.183809e-27  1.027160e-26  3.213269e-26  1.406698e-26  1.565221e-26  1.585664e-26  6.824351e-27  3.613817e-27  2.149072e-27  5.450785e-28  2.481274e-28  7.589180e-28  1.878550e-27  8.822413e-28  1.095734e-27  1.570630e-27  9.409165e-28  3.398548e-28  4.385301e-28  2.289496e-28  8.786096e-29  5.114862e-29  5.813799e-29  1.066633e-28  1.936826e-28  5.106104e-28  2.349628e-27  2.750522e-27  5.008826e-27  1.039405e-26  6.597127e-27  4.839406e-27  6.279007e-27  3.113021e-27  2.138462e-27  9.392878e-28  5.584457e-28  2.180078e-28  1.951800e-28  1.034031e-28  2.587917e-28  3.152559e-28  1.452175e-27  1.496508e-27  9.285940e-27  5.869056e-27  8.647273e-27  6.686544e-27  7.830381e-27  4.366702e-27  3.929843e-27  2.885931e-27  1.817604e-27  9.545622e-28  5.180911e-28  3.722816e-28  4.419013e-28  8.136123e-28  2.127064e-27  4.884384e-27  8.930329e-27  2.513132e-26  4.671990e-26  1.794433e-25  5.248763e-26  7.722164e-26  8.905230e-26  6.259962e-26  4.741305e-26  3.375789e-26  1.341487e-26  7.555993e-27  3.567855e-27  1.390852e-27  9.290364e-28  5.133286e-28  4.057580e-28  4.855120e-28  2.937766e-28  1.844661e-28  2.387467e-28  4.790502e-28  1.466744e-27  9.034686e-27  9.480277e-27  1.583688e-27  7.316197e-27  3.097091e-27  5.367481e-27  4.564660e-27  4.249801e-27  2.510678e-27  1.691078e-27  1.156741e-27  1.563067e-27  2.117735e-27  2.655763e-27  4.375520e-27  8.613885e-27  1.928905e-26  4.951988e-26  5.856738e-26  2.423313e-26  5.149710e-26  3.209540e-26  5.579326e-26  3.198360e-26  1.755944e-26  1.290120e-26  1.289411e-26  7.072762e-27  3.645524e-27  2.207695e-27  1.502534e-27  1.442136e-27  8.659896e-28  3.473781e-28  5.125866e-28  1.231664e-27  1.921871e-27  2.506080e-27  2.224800e-27  2.680491e-27  2.034429e-27  2.591291e-27  3.649777e-27  8.237429e-27  3.643791e-26  1.354243e-25  9.747752e-26  2.524322e-26  7.662195e-26  6.383692e-26  5.839537e-26  6.126756e-26  4.906704e-26  3.903687e-26  2.223975e-26  1.088085e-26  1.120018e-26  1.063444e-26  1.286677e-26  1.192024e-26  1.753895e-26  2.220822e-26  3.730978e-26  7.367168e-26  2.648150e-25  6.992625e-25  6.766987e-25  4.428738e-25  6.191122e-25  4.685060e-25  5.250103e-25  5.506925e-25  3.098774e-25  3.112306e-25  2.266057e-25  1.655946e-25  9.522671e-26  4.286757e-26  3.374449e-26  1.873909e-26  6.466696e-27  4.962192e-27  3.470236e-27  1.621107e-27  1.399177e-27  7.350288e-28  5.546422e-28  3.175974e-28  1.677474e-28  8.646398e-29  7.429727e-29  8.854713e-29  9.356371e-29  9.863812e-29  2.311381e-28  3.408655e-28  4.388070e-28  6.412370e-28  5.900093e-28  1.163019e-27  1.454360e-27  4.852315e-27  1.570855e-26  4.927725e-26  9.631174e-26  8.487434e-26  4.392754e-26  2.016122e-26  8.242605e-26  5.665046e-26  3.953525e-26  4.488859e-26  3.568355e-26  3.486564e-26  2.126840e-26  2.436775e-26  2.261229e-26  2.470580e-26  2.323897e-26  3.939250e-26  3.289650e-26  5.698635e-26  1.552008e-25  3.621773e-25  5.996478e-25  5.944740e-25  2.488856e-25  1.744062e-25  6.129507e-25  2.267884e-25  1.680981e-25  4.292954e-25  2.071883e-25  2.419736e-25  1.624777e-25  1.092702e-25  7.418827e-26  3.351728e-26  1.447351e-26  2.033367e-26  1.702267e-26  1.312416e-26  9.829505e-27  7.752834e-27  2.649263e-27  4.253535e-27  1.413526e-27  6.866702e-28  7.082381e-28  8.676267e-28  7.121728e-28  5.975455e-28  9.962898e-28  1.176964e-27  1.545063e-27  2.072280e-27  3.618154e-27  5.865017e-27  9.868862e-27  1.462997e-26  1.747130e-26  1.284842e-26  2.191362e-26  2.991704e-26  1.363829e-26  1.810837e-26  2.385386e-26  5.496720e-26  1.534417e-25  7.221302e-25  1.495841e-24  1.148447e-24  1.407530e-24  2.487925e-25  2.658607e-25  9.467602e-25  8.394041e-25  8.478824e-25  7.482463e-25  8.213004e-25  5.269464e-25  4.913207e-25  3.342656e-25  3.106974e-25  3.128244e-25  1.885623e-25  2.275207e-25  1.974654e-25  1.626320e-25  1.836159e-25  2.265750e-25  3.807175e-25  4.238668e-25  2.771539e-24  5.250898e-24  9.840165e-24  6.951096e-24  4.891625e-24  8.519891e-25  3.363441e-24  6.039176e-24  5.400026e-24  3.309362e-24  4.547648e-24  4.602327e-24  3.755389e-24  1.960194e-24  3.458169e-24  1.896285e-24  8.929921e-25  7.227544e-25  7.565149e-25  6.909259e-25  7.526567e-25  3.381341e-25  4.348489e-25  2.281392e-25  1.506839e-25  9.515277e-26  7.138951e-26  4.016479e-26  1.923794e-26  2.023809e-26  1.454668e-26  9.670500e-27  7.082954e-27  8.247280e-27  7.962606e-27  5.662750e-27  2.522450e-27  3.506256e-27  2.199293e-27  2.760948e-27  1.668517e-27  3.795725e-27  1.756460e-27  1.691935e-27  1.393066e-27  9.153052e-28  4.977802e-28  3.905740e-28  1.797395e-28  2.170648e-28  1.953068e-28  1.531121e-28  1.656993e-28  3.758928e-28  2.626372e-28  4.561358e-28  9.528761e-28  1.166463e-27  7.369813e-28  2.039385e-27  1.060561e-27  2.720536e-27  4.337798e-27  4.827910e-27  2.568457e-27  6.910882e-27  9.456035e-27  2.338272e-26  3.489853e-26  5.585782e-26  2.309098e-25  2.694186e-25  3.874111e-25  7.657517e-25  4.879588e-25  4.596755e-25  5.241808e-25  7.797480e-26  1.713876e-25  6.571433e-25  6.186559e-25  2.070940e-25  3.490414e-25  5.026935e-25  5.288028e-25  5.173008e-25  5.475090e-25  4.798093e-25  3.862350e-25  1.911707e-25  2.556540e-25  2.002554e-25  3.503675e-25  4.901724e-25  6.241682e-25  1.004965e-24  1.354427e-24  4.128332e-24  4.251658e-24  8.522357e-24  8.503902e-24  8.413643e-24  5.351804e-24  7.058203e-24  1.079655e-24  1.976780e-24  1.560494e-23  2.647082e-24  2.448589e-24  3.616981e-24  1.738552e-24  6.994524e-24  3.659109e-24  3.266369e-24  3.207461e-24  4.296957e-24  1.061969e-24  1.905811e-24  4.775837e-25  1.192914e-24  3.988762e-25  5.940925e-25  3.816524e-25  3.043973e-25  4.155617e-25  2.828569e-25  1.686089e-25  2.578199e-25  1.055373e-25  1.025871e-25  3.298601e-26  1.158397e-25  9.728421e-26  7.490093e-26  1.916513e-25  1.161309e-25  7.555858e-26  1.396552e-25  4.399384e-26  8.284593e-26  4.200994e-26  4.614468e-26  3.838223e-26  1.251947e-26  1.810967e-26  6.208047e-27  9.635452e-27  3.303390e-27  4.570095e-27  2.316176e-27  1.574871e-27  2.219917e-27  1.615488e-27  1.339476e-27  3.645126e-27  1.474508e-27  2.074048e-27  6.084126e-27  6.936956e-27  1.075445e-26  9.311392e-27  2.252297e-26  2.145213e-26  2.139754e-26  5.749080e-26  6.146485e-26  4.249964e-26  4.615309e-26  5.317488e-26  1.678607e-25  8.829055e-26  2.123241e-25  1.453680e-26  1.869263e-25  8.818873e-26  2.796065e-25  7.955339e-25  1.113727e-24  2.085567e-24  4.568675e-24  9.075868e-24  7.430972e-24  2.073998e-23  8.277229e-24  1.047773e-23  1.042711e-23  1.213339e-23  1.088257e-24  1.990777e-24  3.941292e-24  1.286143e-23  9.500782e-24  9.026237e-24  8.840535e-24  6.355861e-24  8.180316e-24  8.509700e-24  1.014125e-23  3.824095e-24  1.258499e-23  3.294046e-24  1.061854e-23  4.135015e-24  4.161489e-24  1.722521e-24  4.014549e-24  2.064312e-24  3.169183e-24  4.236204e-24  2.912172e-24  1.341359e-24  7.851860e-24  8.244432e-24  1.832785e-23  3.684328e-23  6.401455e-23  6.651350e-23  9.985141e-23  1.567444e-22  1.432725e-22  1.329519e-22  1.102164e-22  3.565327e-23  1.752511e-23  2.947768e-23  3.054366e-23  1.285276e-22  1.176227e-22  3.313882e-23  1.029556e-22  2.428061e-23  8.594804e-23  9.026951e-24  1.287257e-22  6.045603e-24  7.466390e-23  3.300124e-23  2.137171e-23  4.685662e-23  3.589353e-23  4.419593e-23  2.222533e-23  2.335328e-23  1.775580e-23  1.819430e-23  1.915931e-23  1.393884e-23  1.580210e-23  1.434459e-23  1.256943e-23  1.234835e-23  6.349978e-24  2.162921e-24  5.192881e-24  1.565674e-24  4.530664e-24  5.212416e-24  7.154722e-24  1.086734e-23  9.106309e-24  4.806621e-24  4.141007e-24  5.857019e-24  6.777209e-24  1.339261e-24  1.657720e-24  3.034360e-24  4.022160e-25  1.984575e-24  3.018113e-25  4.426018e-25  6.134302e-25  1.533353e-25  5.030885e-25  1.623372e-25  1.339305e-25  3.347406e-25  1.069997e-25  7.148052e-26  7.326143e-26  7.442226e-26  7.948334e-26  7.733057e-26  1.630309e-25  6.145258e-26  3.541029e-25  9.837972e-26  1.738598e-25  4.560988e-26  1.146558e-25  7.550030e-26  1.533727e-25  2.075178e-25  2.603301e-25  5.608905e-26  1.367735e-25  5.070943e-26  5.630866e-26  3.569158e-26  8.315153e-26  8.697857e-26  1.497638e-26  1.783780e-25  2.701010e-26  3.028542e-26  7.119850e-26  7.304010e-26  2.158206e-25  2.579572e-26  5.452027e-26  4.170913e-26  6.324896e-26  6.401475e-26  1.588643e-26  3.047924e-26  1.345526e-26  1.268402e-26  5.655667e-27  4.026431e-27  1.075161e-26  6.277305e-27  4.034382e-27  6.466662e-27  3.794844e-27  1.012130e-26  6.197383e-27  3.020832e-27  1.621624e-27  2.911671e-27  3.865314e-27  2.930766e-27  1.575163e-27  1.524879e-27  1.264279e-27  1.443058e-27  6.376098e-27  2.432884e-27  4.534834e-27  2.966020e-27  5.334472e-27  3.146820e-27  7.190395e-27  1.185593e-26  6.302262e-27  7.250347e-27  1.553773e-26  2.835565e-26  2.513539e-27  5.343635e-26  1.026169e-26  2.220147e-26  6.143348e-26  1.158248e-25  9.555076e-26  2.874146e-26  1.393461e-25  1.276918e-25  3.889191e-26  4.725389e-25  8.894935e-26  4.127691e-25  3.932952e-25  2.224846e-26  9.074330e-25  6.381706e-25  1.857012e-25  2.029399e-25  1.089847e-24  4.070195e-25  2.445580e-24  5.708139e-25  2.698132e-25  7.812011e-25  1.800243e-24  4.935092e-25  1.621751e-25  3.559138e-24  5.518081e-25  1.909824e-24  2.780318e-24  2.776638e-25  2.527300e-24  2.250476e-24  4.563009e-24
3.663376e-29  5.068156e-29  5.967233e-29  7.505722e-29  2.907282e-28  1.234487e-27  8.361354e-28  7.035835e-28  3.416492e-28  1.488198e-28  4.701117e-29  2.199336e-29  1.730515e-29  2.367015e-29  6.690934e-29  3.307482e-28  2.435838e-28  2.151842e-28  5.383474e-28  1.858209e-28  8.462849e-29  2.472259e-29  9.256122e-30  1.249609e-29  1.019084e-29  1.490096e-29  1.832603e-29  8.041467e-30  2.130524e-29  2.749902e-29  9.861201e-29  4.310369e-28  2.498040e-27  2.481739e-27  1.910563e-27  1.283605e-27  5.656080e-28  2.206242e-28  1.085595e-28  3.937668e-29  5.500243e-29  1.096739e-28  9.857241e-29  1.263577e-28  1.263022e-28  2.042562e-28  6.949595e-28  8.074200e-28  5.192425e-28  3.905161e-28  1.838580e-28  1.719539e-28  4.539376e-28  1.637608e-28  1.301188e-28  7.983183e-29  4.332231e-29  1.467934e-29  1.106045e-29  6.370991e-30  1.271836e-29  2.288753e-29  2.099887e-29  7.654260e-29  1.201625e-28  6.051218e-28  1.377738e-27  8.808413e-27  5.683580e-27  4.913587e-27  4.633532e-27  2.309975e-27  1.318827e-27  5.221971e-28  2.448944e-28  1.022048e-28  4.218596e-29  2.073906e-29  9.705203e-30  2.574082e-29  2.217656e-28  4.312914e-28  2.197529e-28  4.505228e-28  4.601600e-28  1.763719e-27  2.063623e-27  3.031816e-27  1.448610e-27  1.274956e-27  7.343551e-28  3.123718e-28  1.163494e-28  7.750127e-29  1.200745e-28  4.389158e-28  1.078488e-27  6.729044e-28  5.894222e-28  7.536592e-28  4.373158e-28  2.410274e-28  1.302782e-28  5.916689e-29  2.978338e-29  2.395938e-29  3.547836e-29  1.107586e-28  3.080725e-28  8.839013e-28  1.604038e-27  4.171787e-27  1.027794e-26  3.226921e-26  1.419776e-26  1.572791e-26  1.584371e-26  6.732573e-27  3.532490e-27  2.078726e-27  5.202983e-28  2.358334e-28  7.496302e-28  1.884327e-27  8.808600e-28  1.095705e-27  1.576955e-27  9.384216e-28  3.379827e-28  4.366824e-28  2.258489e-28  8.583138e-29  4.989156e-29  5.715250e-29  1.044861e-28  1.920519e-28  5.049835e-28  2.334605e-27  2.767350e-27  5.013210e-27  1.044747e-26  6.631770e-27  4.861342e-27  6.276925e-27  3.092300e-27  2.105552e-27  9.177748e-28  5.457863e-28  2.121557e-28  1.914145e-28  1.010483e-28  2.546317e-28  3.118797e-28  1.462976e-27  1.488036e-27  9.272087e-27  5.884196e-27  8.679376e-27  6.743627e-27  7.850719e-27  4.349349e-27  3.917246e-27  2.857551e-27  1.783257e-27  9.330553e-28  5.058691e-28  3.623124e-28  4.348783e-28  7.929019e-28  2.086867e-27  4.839450e-27  8.876960e-27  2.500115e-26  4.664738e-26  1.800582e-25  5.292389e-26  7.785322e-26  8.945474e-26  6.254652e-26  4.707779e-26  3.328096e-26  1.310041e-26  7.312656e-27  3.430986e-27  1.322185e-27  8.933656e-28  4.967113e-28  3.971374e-28  4.807509e-28  2.900457e-28  1.815997e-28  2.374516e-28  4.727938e-28  1.434736e-27  8.990932e-27  9.578920e-27  1.592101e-27  7.348693e-27  3.090638e-27  5.386463e-27  4.540738e-27  4.230349e-27  2.496840e-27  1.673023e-27  1.151108e-27  1.550148e-27  2.091827e-27  2.627237e-27  4.308322e-27  8.567372e-27  1.915772e-26  4.940096e-26  5.914757e-26  2.427782e-26  5.181942e-26  3.226889e-26  5.596462e-26  3.187611e-26  1.738312e-26  1.279008e-26  1.276637e-26  6.953017e-27  3.559263e-27  2.138146e-27  1.456148e-27  1.420674e-27  8.608991e-28  3.417758e-28  5.083719e-28  1.227737e-27  1.920438e-27  2.511112e-27  2.225941e-27  2.673005e-27  2.020478e-27  2.585861e-27  3.608577e-27  8.138134e-27  3.587124e-26  1.355496e-25  9.844213e-26  2.540927e-26  7.734674e-26  6.401517e-26  5.841004e-26  6.134450e-26  4.900251e-26  3.855030e-26  2.195844e-26  1.077548e-26  1.103517e-26  1.044116e-26  1.264844e-26  1.166542e-26  1.730305e-26  2.207541e-26  3.690502e-26  7.283665e-26  2.618895e-25  7.004214e-25  6.812869e-25  4.434369e-25  6.233121e-25  4.736578e-25  5.279937e-25  5.504532e-25  3.091449e-25  3.100725e-25  2.244608e-25  1.631151e-25  9.299128e-26  4.164523e-26  3.261375e-26  1.794720e-26  6.153862e-27  4.732221e-27  3.330580e-27  1.565339e-27  1.347141e-27  7.023693e-28  5.281669e-28  3.007943e-28  1.574354e-28  8.118526e-29  7.016645e-29  8.387556e-29  9.067945e-29  9.571098e-29  2.268201e-28  3.341101e-28  4.346797e-28  6.364128e-28  5.820746e-28  1.145741e-27  1.422742e-27  4.727352e-27  1.538466e-26  4.862723e-26  9.631767e-26  8.575146e-26  4.457532e-26  2.038315e-26  8.280971e-26  5.683236e-26  3.969215e-26  4.497641e-26  3.554122e-26  3.449425e-26  2.102215e-26  2.402587e-26  2.229062e-26  2.443441e-26  2.295840e-26  3.923396e-26  3.238177e-26  5.622741e-26  1.531351e-25  3.590682e-25  5.995967e-25  6.013741e-25  2.520606e-25  1.758658e-25  6.138534e-25  2.291688e-25  1.689019e-25  4.313541e-25  2.063972e-25  2.400080e-25  1.604434e-25  1.076167e-25  7.251063e-26  3.260602e-26  1.408443e-26  1.990624e-26  1.674578e-26  1.299425e-26  9.641382e-27  7.615263e-27  2.569296e-27  4.127144e-27  1.364964e-27  6.637110e-28  6.871926e-28  8.400018e-28  7.004332e-28  5.916139e-28  9.810402e-28  1.163651e-27  1.525220e-27  2.039395e-27  3.553880e-27  5.798196e-27  9.757739e-27  1.460514e-26  1.748898e-26  1.268301e-26  2.189634e-26  2.985930e-26  1.354499e-26  1.806747e-26  2.363518e-26  5.413798e-26  1.485117e-25  7.099226e-25  1.494230e-24  1.154260e-24  1.425625e-24  2.514936e-25  2.678567e-25  9.554634e-25  8.426418e-25  8.502540e-25  7.506829e-25  8.215709e-25  5.257045e-25  4.873638e-25  3.327837e-25  3.061074e-25  3.095626e-25  1.853755e-25  2.238211e-25  1.951235e-25  1.599928e-25  1.807724e-25  2.254489e-25  3.770325e-25  4.144847e-25  2.717194e-24  5.204102e-24  9.877014e-24  7.011671e-24  4.958804e-24  8.561286e-25  3.407864e-24  6.079268e-24  5.405524e-24  3.294996e-24  4.583841e-24  4.605136e-24  3.745621e-24  1.942407e-24  3.426234e-24  1.877144e-24  8.791327e-25  7.088939e-25  7.418071e-25  6.870667e-25  7.453165e-25  3.322032e-25  4.275683e-25  2.229793e-25  1.463503e-25  9.167507e-26  6.876268e-26  3.828032e-26  1.842364e-26  1.926126e-26  1.410149e-26  9.270986e-27  6.819295e-27  7.991673e-27  7.828233e-27  5.588037e-27  2.478040e-27  3.448344e-27  2.159558e-27  2.728109e-27  1.645176e-27  3.789281e-27  1.730160e-27  1.672102e-27  1.376042e-27  8.925894e-28  4.848495e-28  3.757404e-28  1.722721e-28  2.068366e-28  1.860224e-28  1.451154e-28  1.581031e-28  3.593167e-28  2.529538e-28  4.391267e-28  9.248306e-28  1.145713e-27  7.218617e-28  1.987100e-27  1.038416e-27  2.673906e-27  4.306333e-27  4.765737e-27  2.463003e-27  6.716904e-27  9.144462e-27  2.244835e-26  3.385021e-26  5.405266e-26  2.266000e-25  2.649497e-25  3.848658e-25  7.673865e-25  4.917921e-25  4.645532e-25  5.308266e-25  7.857748e-26  1.720551e-25  6.632219e-25  6.185396e-25  2.050740e-25  3.502390e-25  5.043726e-25  5.292261e-25  5.177997e-25  5.467241e-25  4.799707e-25  3.847365e-25  1.873557e-25  2.538665e-25  1.979172e-25  3.479334e-25  4.853163e-25  6.100033e-25  9.825309e-25  1.319770e-24  4.064227e-24  4.204053e-24  8.503051e-24  8.526240e-24  8.488255e-24  5.412709e-24  7.169796e-24  1.090838e-24  1.986787e-24  1.562622e-23  2.632104e-24  2.483858e-24  3.649233e-24  1.752271e-24  7.045893e-24  3.664316e-24  3.254171e-24  3.190401e-24  4.250443e-24  1.040607e-24  1.866390e-24  4.638533e-25  1.158410e-24  3.870474e-25  5.761676e-25  3.758093e-25  2.975750e-25  4.110547e-25  2.809761e-25  1.689985e-25  2.575544e-25  1.055764e-25  1.026630e-25  3.237901e-26  1.158965e-25  9.782834e-26  7.452628e-26  1.929930e-25  1.155372e-25  7.546727e-26  1.386645e-25  4.337337e-26  8.210162e-26  4.114789e-26  4.544056e-26  3.757704e-26  1.210354e-26  1.750377e-26  5.984460e-27  9.304222e-27  3.144697e-27  4.367983e-27  2.226461e-27  1.498940e-27  2.102945e-27  1.544247e-27  1.264362e-27  3.527078e-27  1.387753e-27  1.990078e-27  5.830420e-27  6.635421e-27  1.030762e-26  8.945660e-27  2.196999e-26  2.059778e-26  2.082837e-26  5.647695e-26  6.010610e-26  4.120248e-26  4.573376e-26  5.219101e-26  1.666892e-25  8.797930e-26  2.105152e-25  1.417095e-26  1.862177e-25  8.371984e-26  2.772998e-25  7.771672e-25  1.071675e-24  2.019437e-24  4.488449e-24  8.958599e-24  7.395883e-24  2.077475e-23  8.328218e-24  1.053603e-23  1.051534e-23  1.233879e-23  1.077231e-24  2.006497e-24  3.982790e-24  1.299388e-23  9.582288e-24  9.008380e-24  8.906473e-24  6.292282e-24  8.235411e-24  8.529234e-24  1.015441e-23  3.783731e-24  1.259176e-23  3.259716e-24  1.058367e-23  4.112059e-24  4.091965e-24  1.700014e-24  3.974975e-24  2.048229e-24  3.132369e-24  4.248067e-24  2.892963e-24  1.293819e-24  7.769992e-24  7.937302e-24  1.771387e-23  3.610278e-23  6.295091e-23  6.596209e-23  9.915366e-23  1.574866e-22  1.441899e-22  1.344878e-22  1.117126e-22  3.602457e-23  1.774278e-23  2.969277e-23  3.078129e-23  1.299174e-22  1.182748e-22  3.288116e-23  1.030730e-22  2.419469e-23  8.625956e-23  8.863705e-24  1.291637e-22  5.906541e-24  7.483512e-23  3.242192e-23  2.115410e-23  4.636241e-23  3.548415e-23  4.354896e-23  2.204248e-23  2.278246e-23  1.765838e-23  1.810063e-23  1.893035e-23  1.381027e-23  1.566140e-23  1.423848e-23  1.267126e-23  1.224263e-23  6.386976e-24  2.121336e-24  5.205206e-24  1.552764e-24  4.565748e-24  5.215479e-24  7.139436e-24  1.094384e-23  9.081830e-24  4.774230e-24  4.095744e-24  5.821183e-24  6.692740e-24  1.319919e-24  1.620281e-24  2.959496e-24  3.854177e-25  1.924015e-24  2.918175e-25  4.253831e-25  5.896320e-25  1.448761e-25  4.858337e-25  1.582329e-25  1.292847e-25  3.237548e-25  1.039654e-25  6.907139e-26  7.021404e-26  7.198193e-26  7.830342e-26  7.502544e-26  1.612334e-25  6.027073e-26  3.528534e-25  9.703120e-26  1.736456e-25  4.423553e-26  1.148027e-25  7.587060e-26  1.532534e-25  2.093827e-25  2.626083e-25  5.599246e-26  1.379855e-25  5.074556e-26  5.686249e-26  3.502077e-26  8.421865e-26  8.698601e-26  1.451695e-26  1.801343e-25  2.694731e-26  2.986062e-26  7.168281e-26  7.338283e-26  2.160492e-25  2.567046e-26  5.426244e-26  4.126998e-26  6.276475e-26  6.308700e-26  1.549856e-26  2.982622e-26  1.315305e-26  1.230894e-26  5.504528e-27  3.971258e-27  1.046185e-26  6.233606e-27  3.986963e-27  6.239803e-27  3.741010e-27  9.922116e-27  6.023123e-27  2.918721e-27  1.521359e-27  2.782007e-27  3.727296e-27  2.777541e-27  1.503911e-27  1.432163e-27  1.193295e-27  1.345698e-27  6.086148e-27  2.318230e-27  4.268381e-27  2.883425e-27  5.041369e-27  3.045441e-27  6.725759e-27  1.145313e-26  5.831166e-27  6.817377e-27  1.495596e-26  2.697900e-26  2.382449e-27  5.068997e-26  9.886961e-27  2.076800e-26  5.876217e-26  1.109847e-25  9.150817e-26  2.768674e-26  1.344765e-25  1.241151e-25  3.729056e-26  4.588317e-25  8.650703e-26  4.069222e-25  3.800929e-25  2.057562e-26  8.935150e-25  6.258601e-25  1.830734e-25  1.941942e-25  1.082481e-24  4.026775e-25  2.442606e-24  5.603557e-25  2.633120e-25  7.711027e-25  1.807812e-24  4.852637e-25  1.545814e-25  3.570794e-24  5.366465e-25  1.902147e-24  2.767534e-24  2.708699e-25  2.503043e-24  2.234948e-24  4.585317e-24
3.668370e-29  5.084508e-29  5.962147e-29  7.428942e-29  2.903140e-28  1.240471e-27  8.415585e-28  7.022321e-28  3.382012e-28  1.464649e-28  4.576502e-29  2.153295e-29  1.719715e-29  2.349233e-29  6.694493e-29  3.321294e-28  2.444378e-28  2.154125e-28  5.386043e-28  1.853632e-28  8.377466e-29  2.420296e-29  9.048821e-30  1.242200e-29  1.020387e-29  1.490880e-29  1.831602e-29  8.037113e-30  2.116273e-29  2.690809e-29  9.746391e-29  4.287720e-28  2.508538e-27  2.495484e-27  1.918568e-27  1.275692e-27  5.565182e-28  2.152723e-28  1.064628e-28  3.847310e-29  5.459746e-29  1.098565e-28  9.909956e-29  1.263168e-28  1.258316e-28  2.028748e-28  6.969717e-28  8.121980e-28  5.206621e-28  3.889067e-28  1.808983e-28  1.702653e-28  4.552681e-28  1.638070e-28  1.303106e-28  7.929193e-29  4.255058e-29  1.430363e-29  1.082081e-29  6.258845e-30  1.259692e-29  2.275760e-29  2.089044e-29  7.549400e-29  1.184323e-28  5.985287e-28  1.372091e-27  8.837451e-27  5.732087e-27  4.936958e-27  4.621348e-27  2.279491e-27  1.301095e-27  5.129036e-28  2.409806e-28  1.005116e-28  4.134776e-29  2.036087e-29  9.564194e-30  2.546414e-29  2.214822e-28  4.342243e-28  2.189210e-28  4.511755e-28  4.580423e-28  1.757806e-27  2.070916e-27  3.044919e-27  1.457397e-27  1.275676e-27  7.285129e-28  3.060447e-28  1.125727e-28  7.518053e-29  1.189126e-28  4.384502e-28  1.084206e-27  6.771745e-28  5.932895e-28  7.551900e-28  4.345549e-28  2.375967e-28  1.276665e-28  5.737716e-29  2.873434e-29  2.331995e-29  3.464572e-29  1.091913e-28  3.060442e-28  8.702860e-28  1.592621e-27  4.159082e-27  1.028413e-26  3.240933e-26  1.433159e-26  1.580325e-26  1.582777e-26  6.639355e-27  3.450518e-27  2.008717e-27  4.961118e-28  2.239341e-28  7.404475e-28  1.890393e-27  8.795799e-28  1.095668e-27  1.583398e-27  9.358146e-28  3.361398e-28  4.348079e-28  2.227059e-28  8.380580e-29  4.865054e-29  5.618913e-29  1.023160e-28  1.903935e-28  4.993573e-28  2.319201e-27  2.784341e-27  5.017465e-27  1.050161e-26  6.667019e-27  4.883215e-27  6.274110e-27  3.070905e-27  2.072064e-27  8.963927e-28  5.332962e-28  2.064631e-28  1.877518e-28  9.876422e-29  2.504947e-28  3.084819e-28  1.474051e-27  1.479491e-27  9.257652e-27  5.900386e-27  8.711820e-27  6.801268e-27  7.870387e-27  4.331639e-27  3.904127e-27  2.828546e-27  1.748735e-27  9.117745e-28  4.938923e-28  3.525628e-28  4.279898e-28  7.725722e-28  2.046429e-27  4.793835e-27  8.822395e-27  2.487125e-26  4.657315e-26  1.806761e-25  5.337278e-26  7.849405e-26  8.985691e-26  6.248552e-26  4.673220e-26  3.279352e-26  1.278495e-26  7.070748e-27  3.297084e-27  1.255558e-27  8.590382e-28  4.809370e-28  3.888978e-28  4.762208e-28  2.864769e-28  1.788159e-28  2.362159e-28  4.666105e-28  1.402745e-27  8.945234e-27  9.679318e-27  1.600902e-27  7.381705e-27  3.084454e-27  5.405050e-27  4.515944e-27  4.210531e-27  2.483067e-27  1.655293e-27  1.145792e-27  1.537428e-27  2.065786e-27  2.598239e-27  4.240894e-27  8.520403e-27  1.902340e-26  4.927560e-26  5.973987e-26  2.432642e-26  5.214502e-26  3.244447e-26  5.613117e-26  3.176601e-26  1.720358e-26  1.267827e-26  1.263833e-26  6.832764e-27  3.473260e-27  2.069279e-27  1.410398e-27  1.399921e-27  8.563521e-28  3.365697e-28  5.043957e-28  1.223652e-27  1.918991e-27  2.516315e-27  2.227560e-27  2.665468e-27  2.006550e-27  2.580121e-27  3.567126e-27  8.037963e-27  3.530270e-26  1.356619e-25  9.942837e-26  2.558024e-26  7.808541e-26  6.418992e-26  5.842098e-26  6.142102e-26  4.892681e-26  3.805514e-26  2.167759e-26  1.067264e-26  1.087183e-26  1.025022e-26  1.243010e-26  1.141163e-26  1.706487e-26  2.194106e-26  3.650165e-26  7.199648e-26  2.589280e-25  7.015017e-25  6.859942e-25  4.439926e-25  6.275409e-25  4.789106e-25  5.310103e-25  5.501711e-25  3.083630e-25  3.088600e-25  2.222755e-25  1.605919e-25  9.074872e-26  4.042972e-26  3.149437e-26  1.717325e-26  5.850893e-27  4.511536e-27  3.196944e-27  1.512352e-27  1.297447e-27  6.711196e-28  5.027636e-28  2.846226e-28  1.476369e-28  7.621412e-29  6.622480e-29  7.944995e-29  8.786671e-29  9.291685e-29  2.225898e-28  3.273478e-28  4.305699e-28  6.315712e-28  5.742781e-28  1.128556e-27  1.391705e-27  4.603564e-27  1.505974e-26  4.796815e-26  9.630961e-26  8.664067e-26  4.523971e-26  2.061109e-26  8.319450e-26  5.702302e-26  3.985396e-26  4.506046e-26  3.539163e-26  3.411429e-26  2.077275e-26  2.368161e-26  2.196980e-26  2.416363e-26  2.267635e-26  3.907175e-26  3.186854e-26  5.547575e-26  1.510540e-25  3.558572e-25  5.994718e-25  6.083710e-25  2.553307e-25  1.773635e-25  6.147389e-25  2.316023e-25  1.697336e-25  4.333886e-25  2.055896e-25  2.379636e-25  1.583649e-25  1.059441e-25  7.083882e-26  3.170922e-26  1.370388e-26  1.949459e-26  1.647566e-26  1.286808e-26  9.457641e-27  7.477987e-27  2.490853e-27  4.001825e-27  1.317625e-27  6.416206e-28  6.668555e-28  8.132641e-28  6.893566e-28  5.859357e-28  9.662394e-28  1.150745e-27  1.505863e-27  2.007308e-27  3.488778e-27  5.730810e-27  9.647067e-27  1.457964e-26  1.750917e-26  1.251704e-26  2.188000e-26  2.979886e-26  1.345072e-26  1.802646e-26  2.342455e-26  5.333383e-26  1.436566e-25  6.975744e-25  1.492295e-24  1.160102e-24  1.443977e-24  2.543644e-25  2.698977e-25  9.643551e-25  8.457807e-25  8.526095e-25  7.531827e-25  8.217403e-25  5.243423e-25  4.833029e-25  3.313076e-25  3.014383e-25  3.062645e-25  1.822017e-25  2.201130e-25  1.928054e-25  1.573447e-25  1.779690e-25  2.243181e-25  3.733737e-25  4.051929e-25  2.662773e-24  5.155594e-24  9.912682e-24  7.072931e-24  5.028761e-24  8.606463e-25  3.453237e-24  6.119943e-24  5.410385e-24  3.280542e-24  4.620018e-24  4.607414e-24  3.735231e-24  1.924856e-24  3.392887e-24  1.857792e-24  8.652811e-25  6.951517e-25  7.273472e-25  6.832880e-25  7.380575e-25  3.262987e-25  4.203310e-25  2.178809e-25  1.420499e-25  8.825704e-26  6.617971e-26  3.645248e-26  1.763973e-26  1.831889e-26  1.367384e-26  8.888328e-27  6.567202e-27  7.746151e-27  7.698911e-27  5.518030e-27  2.437146e-27  3.393674e-27  2.121918e-27  2.697477e-27  1.622754e-27  3.783688e-27  1.704508e-27  1.652586e-27  1.359315e-27  8.704430e-28  4.721498e-28  3.613720e-28  1.650580e-28  1.969743e-28  1.770568e-28  1.374585e-28  1.507102e-28  3.431150e-28  2.433913e-28  4.225589e-28  8.969038e-28  1.124722e-27  7.069241e-28  1.934966e-27  1.016485e-27  2.626942e-27  4.274980e-27  4.704261e-27  2.361213e-27  6.531920e-27  8.842993e-27  2.152995e-26  3.281888e-26  5.226166e-26  2.222334e-25  2.604444e-25  3.822387e-25  7.689287e-25  4.955986e-25  4.694918e-25  5.376610e-25  7.921158e-26  1.727427e-25  6.694630e-25  6.183042e-25  2.030704e-25  3.515070e-25  5.061261e-25  5.296164e-25  5.182283e-25  5.459453e-25  4.801167e-25  3.831772e-25  1.835186e-25  2.520818e-25  1.956257e-25  3.455819e-25  4.806683e-25  5.960953e-25  9.602009e-25  1.285196e-24  3.999061e-24  4.155502e-24  8.481426e-24  8.547846e-24  8.562840e-24  5.474655e-24  7.283946e-24  1.102444e-24  1.997001e-24  1.564700e-23  2.617541e-24  2.520022e-24  3.682026e-24  1.766436e-24  7.097015e-24  3.668476e-24  3.241117e-24  3.172317e-24  4.202021e-24  1.019140e-24  1.826456e-24  4.502226e-25  1.123912e-24  3.754089e-25  5.584222e-25  3.701113e-25  2.909588e-25  4.066662e-25  2.792855e-25  1.694765e-25  2.573566e-25  1.056813e-25  1.028067e-25  3.179823e-26  1.159820e-25  9.838539e-26  7.415227e-26  1.943262e-25  1.149646e-25  7.536586e-26  1.376382e-25  4.276434e-26  8.133750e-26  4.028734e-26  4.472906e-26  3.677578e-26  1.169469e-26  1.690318e-26  5.766247e-27  8.977173e-27  2.991624e-27  4.170084e-27  2.140561e-27  1.424744e-27  1.991330e-27  1.475283e-27  1.192857e-27  3.411069e-27  1.304968e-27  1.910318e-27  5.582877e-27  6.342219e-27  9.870116e-27  8.588788e-27  2.141882e-26  1.975931e-26  2.026392e-26  5.544875e-26  5.873773e-26  3.991275e-26  4.530756e-26  5.118809e-26  1.654507e-25  8.764903e-26  2.086805e-25  1.382061e-26  1.855107e-25  7.941494e-26  2.751221e-25  7.593542e-25  1.030115e-24  1.953515e-24  4.407411e-24  8.837558e-24  7.358181e-24  2.080656e-23  8.380405e-24  1.059448e-23  1.060708e-23  1.255002e-23  1.065867e-24  2.022900e-24  4.025355e-24  1.312685e-23  9.664100e-24  8.989090e-24  8.973023e-24  6.227503e-24  8.290622e-24  8.548814e-24  1.016662e-23  3.743667e-24  1.259733e-23  3.225034e-24  1.054678e-23  4.089120e-24  4.020534e-24  1.677457e-24  3.935758e-24  2.032329e-24  3.095909e-24  4.260177e-24  2.874537e-24  1.247651e-24  7.691577e-24  7.635525e-24  1.710517e-23  3.535472e-23  6.186910e-23  6.539047e-23  9.844247e-23  1.582216e-22  1.451128e-22  1.360444e-22  1.132444e-22  3.640667e-23  1.796853e-23  2.991360e-23  3.102268e-23  1.313409e-22  1.189338e-22  3.261647e-23  1.031872e-22  2.411162e-23  8.657486e-23  8.707143e-24  1.295892e-22  5.771339e-24  7.497935e-23  3.184407e-23  2.092841e-23  4.585434e-23  3.506373e-23  4.288866e-23  2.185438e-23  2.221198e-23  1.756082e-23  1.801040e-23  1.870882e-23  1.368204e-23  1.553027e-23  1.412980e-23  1.277717e-23  1.213843e-23  6.427317e-24  2.082044e-24  5.221785e-24  1.540303e-24  4.602946e-24  5.220324e-24  7.124111e-24  1.102139e-23  9.057279e-24  4.740948e-24  4.049237e-24  5.784217e-24  6.605914e-24  1.300415e-24  1.582989e-24  2.884611e-24  3.692264e-25  1.863250e-24  2.821323e-25  4.084450e-25  5.661928e-25  1.367592e-25  4.688625e-25  1.542031e-25  1.247911e-25  3.129070e-25  1.010146e-25  6.672390e-26  6.726370e-26  6.959826e-26  7.715988e-26  7.277653e-26  1.594554e-25  5.909370e-26  3.515398e-25  9.567982e-26  1.734051e-25  4.288737e-26  1.149536e-25  7.625297e-26  1.531338e-25  2.113347e-25  2.649332e-25  5.591201e-26  1.392337e-25  5.079613e-26  5.743261e-26  3.435561e-26  8.531509e-26  8.697741e-26  1.407172e-26  1.819097e-25  2.689505e-26  2.944168e-26  7.217747e-26  7.373549e-26  2.162411e-25  2.554894e-26  5.399633e-26  4.083205e-26  6.227092e-26  6.213139e-26  1.511216e-26  2.915915e-26  1.286946e-26  1.194076e-26  5.357107e-27  3.918655e-27  1.017965e-26  6.188491e-27  3.941041e-27  6.014465e-27  3.687294e-27  9.721540e-27  5.850566e-27  2.817342e-27  1.425750e-27  2.655818e-27  3.591020e-27  2.628400e-27  1.435325e-27  1.343901e-27  1.125900e-27  1.253965e-27  5.802985e-27  2.209511e-27  4.012610e-27  2.803534e-27  4.760869e-27  2.944964e-27  6.284092e-27  1.106047e-26  5.388107e-27  6.402402e-27  1.438768e-26  2.565557e-26  2.259814e-27  4.802808e-26  9.524918e-27  1.938336e-26  5.615950e-26  1.062296e-25  8.755259e-26  2.665994e-26  1.296856e-25  1.205990e-25  3.574943e-26  4.452334e-25  8.407494e-26  4.007491e-25  3.671195e-25  1.899787e-26  8.793015e-25  6.134762e-25  1.805499e-25  1.855614e-25  1.074741e-24  3.982766e-25  2.439032e-24  5.500641e-25  2.567488e-25  7.607128e-25  1.815408e-24  4.770758e-25  1.472266e-25  3.582289e-24  5.218583e-25  1.894726e-24  2.754318e-24  2.640845e-25  2.478728e-24  2.219079e-24  4.608278e-24
3.673182e-29  5.101125e-29  5.956940e-29  7.350915e-29  2.898849e-28  1.246503e-27  8.470731e-28  7.007367e-28  3.347195e-28  1.441177e-28  4.453583e-29  2.108223e-29  1.709531e-29  2.331503e-29  6.697614e-29  3.335212e-28  2.453173e-28  2.156172e-28  5.388524e-28  1.849034e-28  8.291065e-29  2.368233e-29  8.843159e-30  1.234925e-29  1.021828e-29  1.491661e-29  1.830517e-29  8.033183e-30  2.101832e-29  2.632031e-29  9.630413e-29  4.264548e-28  2.519055e-27  2.509495e-27  1.926508e-27  1.267461e-27  5.473367e-28  2.099809e-28  1.044243e-28  3.759580e-29  5.419494e-29  1.100425e-28  9.963941e-29  1.262701e-28  1.253459e-28  2.014725e-28  6.989414e-28  8.170963e-28  5.220560e-28  3.872090e-28  1.779035e-28  1.685893e-28  4.566372e-28  1.638654e-28  1.304924e-28  7.872974e-29  4.176764e-29  1.392994e-29  1.058399e-29  6.149045e-30  1.247533e-29  2.262871e-29  2.078548e-29  7.445130e-29  1.166955e-28  5.918682e-28  1.366130e-27  8.866304e-27  5.781982e-27  4.960325e-27  4.608219e-27  2.248395e-27  1.283410e-27  5.038526e-28  2.372088e-28  9.887651e-29  4.053431e-29  1.999664e-29  9.429135e-30  2.518701e-29  2.211715e-28  4.372144e-28  2.180846e-28  4.518034e-28  4.558833e-28  1.751640e-27  2.078241e-27  3.058090e-27  1.466246e-27  1.276292e-27  7.224522e-28  2.996434e-28  1.088136e-28  7.289210e-29  1.177529e-28  4.379476e-28  1.090031e-27  6.815316e-28  5.972169e-28  7.566539e-28  4.316917e-28  2.341302e-28  1.250522e-28  5.560401e-29  2.770221e-29  2.269313e-29  3.382868e-29  1.076251e-28  3.040099e-28  8.566841e-28  1.580991e-27  4.145541e-27  1.028996e-26  3.255039e-26  1.446825e-26  1.587918e-26  1.580858e-26  6.544432e-27  3.368093e-27  1.939175e-27  4.724949e-28  2.124296e-28  7.313424e-28  1.896694e-27  8.783684e-28  1.095627e-27  1.589762e-27  9.331046e-28  3.342953e-28  4.329021e-28  2.195200e-28  8.178950e-29  4.742679e-29  5.524838e-29  1.001495e-28  1.887116e-28  4.937174e-28  2.303358e-27  2.801528e-27  5.021603e-27  1.055678e-26  6.702610e-27  4.905310e-27  6.270833e-27  3.049014e-27  2.038045e-27  8.751179e-28  5.210064e-28  2.009277e-28  1.841857e-28  9.654377e-29  2.463890e-28  3.050844e-28  1.485317e-27  1.470907e-27  9.242050e-27  5.917532e-27  8.744207e-27  6.859766e-27  7.889674e-27  4.313430e-27  3.890731e-27  2.798850e-27  1.713999e-27  8.906773e-28  4.821804e-28  3.430481e-28  4.212102e-28  7.526133e-28  2.005759e-27  4.747425e-27  8.766222e-27  2.474021e-26  4.649430e-26  1.813027e-25  5.383278e-26  7.914414e-26  9.025722e-26  6.241564e-26  4.637447e-26  3.229653e-26  1.246829e-26  6.830704e-27  3.166182e-27  1.190994e-27  8.260972e-28  4.659556e-28  3.810231e-28  4.719171e-28  2.830754e-28  1.761228e-28  2.350408e-28  4.605058e-28  1.370943e-27  8.897933e-27  9.782110e-27  1.610173e-27  7.414993e-27  3.078529e-27  5.423054e-27  4.490248e-27  4.190293e-27  2.469638e-27  1.637709e-27  1.140795e-27  1.524783e-27  2.039376e-27  2.568784e-27  4.173312e-27  8.472355e-27  1.888531e-26  4.914383e-26  6.034402e-26  2.437587e-26  5.247525e-26  3.262180e-26  5.629149e-26  3.165361e-26  1.702036e-26  1.256489e-26  1.250927e-26  6.711993e-27  3.387514e-27  2.001154e-27  1.365382e-27  1.379921e-27  8.523203e-28  3.317463e-28  5.006165e-28  1.219429e-27  1.917495e-27  2.521527e-27  2.229462e-27  2.657961e-27  1.992653e-27  2.574172e-27  3.525844e-27  7.937750e-27  3.473231e-26  1.357566e-25  1.004409e-25  2.575713e-26  7.883969e-26  6.436005e-26  5.842805e-26  6.148998e-26  4.884395e-26  3.755174e-26  2.139625e-26  1.057084e-26  1.071138e-26  1.006226e-26  1.221226e-26  1.115870e-26  1.682505e-26  2.180370e-26  3.609448e-26  7.115544e-26  2.559270e-25  7.025397e-25  6.908229e-25  4.445436e-25  6.318295e-25  4.842414e-25  5.340336e-25  5.497985e-25  3.075422e-25  3.076007e-25  2.200468e-25  1.580356e-25  8.850116e-26  3.922068e-26  3.038874e-26  1.641783e-26  5.557399e-27  4.300433e-27  3.069221e-27  1.462038e-27  1.250014e-27  6.411882e-28  4.783595e-28  2.690772e-28  1.383385e-28  7.153635e-29  6.246599e-29  7.525597e-29  8.512983e-29  9.024334e-29  2.184336e-28  3.205774e-28  4.264909e-28  6.267686e-28  5.666729e-28  1.111543e-27  1.361217e-27  4.481322e-27  1.473443e-26  4.729836e-26  9.627331e-26  8.754435e-26  4.592101e-26  2.084481e-26  8.358421e-26  5.722308e-26  4.001820e-26  4.514335e-26  3.523077e-26  3.372234e-26  2.052149e-26  2.333597e-26  2.165115e-26  2.389410e-26  2.239376e-26  3.890865e-26  3.135548e-26  5.473404e-26  1.489664e-25  3.525484e-25  5.992694e-25  6.154986e-25  2.587033e-25  1.788998e-25  6.155862e-25  2.340969e-25  1.706019e-25  4.353914e-25  2.047197e-25  2.358474e-25  1.562549e-25  1.042439e-25  6.918024e-26  3.082645e-26  1.333172e-26  1.909928e-26  1.621074e-26  1.274507e-26  9.278144e-27  7.340196e-27  2.414167e-27  3.877636e-27  1.271493e-27  6.203657e-28  6.471119e-28  7.875064e-28  6.789025e-28  5.805169e-28  9.518960e-28  1.138239e-27  1.486998e-27  1.975837e-27  3.423572e-27  5.663244e-27  9.536908e-27  1.455249e-26  1.753179e-26  1.235077e-26  2.186483e-26  2.973711e-26  1.335243e-26  1.798449e-26  2.322251e-26  5.255667e-26  1.388740e-25  6.850456e-25  1.490031e-24  1.165842e-24  1.462854e-24  2.573072e-25  2.719900e-25  9.733628e-25  8.489889e-25  8.549554e-25  7.557376e-25  8.218440e-25  5.228931e-25  4.790971e-25  3.298017e-25  2.967057e-25  3.029455e-25  1.790361e-25  2.163970e-25  1.904991e-25  1.547020e-25  1.751950e-25  2.231817e-25  3.697469e-25  3.959747e-25  2.607992e-24  5.105689e-24  9.947731e-24  7.134939e-24  5.100495e-24  8.655293e-25  3.499883e-24  6.161564e-24  5.414375e-24  3.265850e-24  4.656634e-24  4.608825e-24  3.723746e-24  1.907440e-24  3.358525e-24  1.838239e-24  8.514605e-25  6.815251e-25  7.131527e-25  6.795225e-25  7.308977e-25  3.203800e-25  4.130624e-25  2.128440e-25  1.377807e-25  8.489445e-26  6.363899e-26  3.467727e-26  1.688223e-26  1.741364e-26  1.326219e-26  8.522090e-27  6.326778e-27  7.510909e-27  7.573955e-27  5.452918e-27  2.399575e-27  3.342013e-27  2.086295e-27  2.669416e-27  1.601298e-27  3.779049e-27  1.679372e-27  1.633219e-27  1.342929e-27  8.489118e-28  4.596579e-28  3.474398e-28  1.580782e-28  1.874471e-28  1.684063e-28  1.300963e-28  1.435427e-28  3.272643e-28  2.339763e-28  4.063881e-28  8.691593e-28  1.103579e-27  6.920186e-28  1.882857e-27  9.946233e-28  2.579617e-27  4.243178e-27  4.643799e-27  2.261928e-27  6.355548e-27  8.550583e-27  2.062953e-26  3.181378e-26  5.048592e-26  2.178043e-25  2.558539e-25  3.794667e-25  7.702880e-25  4.994917e-25  4.744638e-25  5.447286e-25  7.987070e-26  1.734426e-25  6.757478e-25  6.180329e-25  2.010706e-25  3.528504e-25  5.078624e-25  5.299709e-25  5.186214e-25  5.451059e-25  4.802298e-25  3.815699e-25  1.796511e-25  2.503193e-25  1.933800e-25  3.433278e-25  4.762383e-25  5.823786e-25  9.380257e-25  1.250683e-24  3.932727e-24  4.105926e-24  8.457964e-24  8.568071e-24  8.638360e-24  5.538516e-24  7.401556e-24  1.114393e-24  2.007586e-24  1.566769e-23  2.602668e-24  2.557393e-24  3.715389e-24  1.780615e-24  7.148397e-24  3.672749e-24  3.227116e-24  3.153087e-24  4.152318e-24  9.975171e-25  1.786272e-24  4.366621e-25  1.089461e-24  3.639995e-25  5.408356e-25  3.645654e-25  2.845278e-25  4.023989e-25  2.778145e-25  1.700327e-25  2.572508e-25  1.058411e-25  1.029939e-25  3.126478e-26  1.160991e-25  9.896790e-26  7.379899e-26  1.956706e-25  1.143739e-25  7.525473e-26  1.365687e-25  4.213910e-26  8.055670e-26  3.942863e-26  4.401839e-26  3.597440e-26  1.129148e-26  1.630578e-26  5.553302e-27  8.655539e-27  2.842741e-27  3.976957e-27  2.058055e-27  1.352772e-27  1.885184e-27  1.408619e-27  1.124888e-27  3.297877e-27  1.225888e-27  1.834622e-27  5.341867e-27  6.057787e-27  9.440561e-27  8.240514e-27  2.086870e-26  1.893734e-26  1.970688e-26  5.441036e-26  5.735213e-26  3.864393e-26  4.486926e-26  5.017191e-26  1.642019e-25  8.731314e-26  2.067557e-25  1.348643e-26  1.848020e-25  7.525951e-26  2.730674e-25  7.420876e-25  9.892003e-25  1.888119e-24  4.325315e-24  8.713745e-24  7.317952e-24  2.083691e-23  8.431321e-24  1.065334e-23  1.069926e-23  1.276613e-23  1.054240e-24  2.039623e-24  4.068959e-24  1.326190e-23  9.747965e-24  8.968402e-24  9.039093e-24  6.162440e-24  8.346880e-24  8.569107e-24  1.017790e-23  3.702708e-24  1.260090e-23  3.190364e-24  1.050814e-23  4.066561e-24  3.947961e-24  1.654850e-24  3.897304e-24  2.016048e-24  3.060340e-24  4.272367e-24  2.856487e-24  1.202814e-24  7.616482e-24  7.339050e-24  1.650361e-23  3.460431e-23  6.076966e-23  6.479812e-23  9.770897e-23  1.589254e-22  1.460350e-22  1.376310e-22  1.148167e-22  3.681143e-23  1.820119e-23  3.013626e-23  3.126727e-23  1.327771e-22  1.195846e-22  3.234045e-23  1.033092e-22  2.403230e-23  8.689665e-23  8.556825e-24  1.299984e-22  5.636274e-24  7.510325e-23  3.125516e-23  2.069992e-23  4.533245e-23  3.462941e-23  4.221664e-23  2.166193e-23  2.164048e-23  1.746467e-23  1.792103e-23  1.849452e-23  1.355337e-23  1.540889e-23  1.401862e-23  1.288989e-23  1.203434e-23  6.470514e-24  2.043481e-24  5.241528e-24  1.528726e-24  4.641632e-24  5.227212e-24  7.108833e-24  1.109820e-23  9.031279e-24  4.707209e-24  4.001785e-24  5.746422e-24  6.517605e-24  1.281058e-24  1.545810e-24  2.809318e-24  3.536365e-25  1.802356e-24  2.727705e-25  3.918689e-25  5.432326e-25  1.289863e-25  4.520944e-25  1.502549e-25  1.204856e-25  3.021990e-25  9.813885e-26  6.443137e-26  6.440703e-26  6.727885e-26  7.604962e-26  7.059230e-26  1.576882e-25  5.791358e-26  3.502123e-25  9.432951e-26  1.731516e-25  4.157220e-26  1.150936e-25  7.664745e-26  1.530660e-25  2.132967e-25  2.672585e-25  5.584670e-26  1.405148e-25  5.086651e-26  5.803005e-26  3.367230e-26  8.644519e-26  8.697128e-26  1.362464e-26  1.837175e-25  2.685319e-26  2.901849e-26  7.268454e-26  7.408298e-26  2.164254e-25  2.542375e-26  5.371689e-26  4.037599e-26  6.177537e-26  6.115303e-26  1.472418e-26  2.847568e-26  1.259666e-26  1.158140e-26  5.215002e-27  3.867707e-27  9.905754e-27  6.143472e-27  3.897056e-27  5.790575e-27  3.634600e-27  9.520335e-27  5.678392e-27  2.717149e-27  1.334607e-27  2.532842e-27  3.455759e-27  2.483745e-27  1.369260e-27  1.259921e-27  1.062109e-27  1.167391e-27  5.526503e-27  2.106627e-27  3.766435e-27  2.726003e-27  4.492452e-27  2.845643e-27  5.864590e-27  1.067656e-26  4.972644e-27  6.004653e-27  1.383345e-26  2.438488e-26  2.143540e-27  4.545245e-26  9.173848e-27  1.804796e-26  5.363460e-26  1.015429e-25  8.365499e-26  2.566386e-26  1.249785e-25  1.171254e-25  3.423092e-26  4.317505e-25  8.165386e-26  3.942143e-25  3.543197e-25  1.751566e-26  8.647904e-25  6.010736e-25  1.780374e-25  1.768892e-25  1.066874e-24  3.938696e-25  2.435017e-24  5.395761e-25  2.500310e-25  7.503115e-25  1.822576e-24  4.688784e-25  1.396931e-25  3.594461e-24  5.070256e-25  1.887876e-24  2.740578e-24  2.574991e-25  2.454251e-24  2.202963e-24  4.632169e-24
3.677943e-29  5.118156e-29  5.951709e-29  7.272099e-29  2.894278e-28  1.252617e-27  8.526461e-28  6.990960e-28  3.312178e-28  1.417826e-28  4.332308e-29  2.064137e-29  1.699921e-29  2.313856e-29  6.700137e-29  3.349225e-28  2.462159e-28  2.158067e-28  5.390883e-28  1.844473e-28  8.203268e-29  2.316108e-29  8.638700e-30  1.227838e-29  1.023442e-29  1.492413e-29  1.829395e-29  8.029669e-30  2.087249e-29  2.573462e-29  9.513679e-29  4.240871e-28  2.529612e-27  2.523900e-27  1.934452e-27  1.258872e-27  5.380643e-28  2.047427e-28  1.024418e-28  3.674252e-29  5.379386e-29  1.102371e-28  1.001926e-28  1.262174e-28  1.248502e-28  2.000434e-28  7.008676e-28  8.221506e-28  5.234334e-28  3.854141e-28  1.748747e-28  1.669248e-28  4.580395e-28  1.639472e-28  1.306651e-28  7.814354e-29  4.097471e-29  1.356020e-29  1.035024e-29  6.041522e-30  1.235349e-29  2.250053e-29  2.068337e-29  7.341329e-29  1.149586e-28  5.851208e-28  1.360018e-27  8.894887e-27  5.833512e-27  4.983555e-27  4.594073e-27  2.216751e-27  1.265820e-27  4.950334e-28  2.335776e-28  9.729790e-29  3.974275e-29  1.964558e-29  9.299450e-30  2.491036e-29  2.208338e-28  4.402481e-28  2.172454e-28  4.524091e-28  4.536784e-28  1.745249e-27  2.085649e-27  3.071278e-27  1.475220e-27  1.276742e-27  7.162189e-28  2.931792e-28  1.050902e-28  7.063798e-29  1.165912e-28  4.374264e-28  1.095960e-27  6.859762e-28  6.012312e-28  7.580309e-28  4.287231e-28  2.306325e-28  1.224286e-28  5.385234e-29  2.668829e-29  2.207718e-29  3.302985e-29  1.060592e-28  3.019607e-28  8.430855e-28  1.569065e-27  4.131087e-27  1.029561e-26  3.269403e-26  1.460750e-26  1.595486e-26  1.578567e-26  6.447743e-27  3.285257e-27  1.870045e-27  4.494764e-28  2.013225e-28  7.223401e-28  1.903283e-27  8.772963e-28  1.095533e-27  1.596232e-27  9.302947e-28  3.324710e-28  4.309836e-28  2.163015e-28  7.978143e-29  4.621881e-29  5.432930e-29  9.799283e-29  1.870007e-28  4.880907e-28  2.287145e-27  2.818962e-27  5.025743e-27  1.061244e-26  6.738528e-27  4.927425e-27  6.266865e-27  3.026448e-27  2.003465e-27  8.539947e-28  5.089050e-28  1.955620e-28  1.807154e-28  9.439186e-29  2.423062e-28  3.016542e-28  1.496762e-27  1.462195e-27  9.225648e-27  5.935302e-27  8.777232e-27  6.918951e-27  7.908940e-27  4.294918e-27  3.876844e-27  2.768538e-27  1.679085e-27  8.697980e-28  4.707365e-28  3.337640e-28  4.145446e-28  7.330368e-28  1.965044e-27  4.699997e-27  8.708673e-27  2.460692e-26  4.641152e-26  1.819285e-25  5.430471e-26  7.980736e-26  9.065624e-26  6.233599e-26  4.600502e-26  3.179080e-26  1.215107e-26  6.592727e-27  3.038163e-27  1.128520e-27  7.945088e-28  4.517490e-28  3.735025e-28  4.678238e-28  2.798154e-28  1.735096e-28  2.339137e-28  4.544577e-28  1.339298e-27  8.848548e-27  9.887014e-27  1.619977e-27  7.448671e-27  3.073243e-27  5.440383e-27  4.463391e-27  4.169763e-27  2.456382e-27  1.620505e-27  1.136172e-27  1.512269e-27  2.012751e-27  2.538907e-27  4.105446e-27  8.423904e-27  1.874441e-26  4.900646e-26  6.095771e-26  2.442831e-26  5.280828e-26  3.280212e-26  5.645010e-26  3.153767e-26  1.683439e-26  1.245063e-26  1.237997e-26  6.591037e-27  3.302057e-27  1.933807e-27  1.321049e-27  1.360614e-27  8.488594e-28  3.272754e-28  4.970357e-28  1.214980e-27  1.916009e-27  2.526789e-27  2.231901e-27  2.650492e-27  1.978802e-27  2.567955e-27  3.484511e-27  7.836844e-27  3.416023e-26  1.358307e-25  1.014781e-25  2.593836e-26  7.960884e-26  6.453118e-26  5.843035e-26  6.155128e-26  4.874662e-26  3.704084e-26  2.111548e-26  1.047115e-26  1.055305e-26  9.877340e-27  1.199472e-26  1.090684e-26  1.658231e-26  2.166335e-26  3.568846e-26  7.031191e-26  2.528960e-25  7.034895e-25  6.958154e-25  4.450728e-25  6.361444e-25  4.896952e-25  5.370604e-25  5.493945e-25  3.066647e-25  3.062798e-25  2.177694e-25  1.554488e-25  8.624818e-26  3.802011e-26  2.929724e-26  1.568128e-26  5.273445e-27  4.098478e-27  2.947236e-27  1.414324e-27  1.204707e-27  6.125365e-28  4.549849e-28  2.541353e-28  1.295097e-28  6.713884e-29  5.888184e-29  7.128721e-29  8.246070e-29  8.768954e-29  2.143487e-28  3.138046e-28  4.224345e-28  6.219585e-28  5.592237e-28  1.094552e-27  1.331320e-27  4.360445e-27  1.440867e-26  4.661611e-26  9.622549e-26  8.846368e-26  4.661744e-26  2.108531e-26  8.397050e-26  5.743331e-26  4.018913e-26  4.521762e-26  3.506266e-26  3.332076e-26  2.026792e-26  2.298824e-26  2.133296e-26  2.362504e-26  2.210976e-26  3.874169e-26  3.084378e-26  5.399870e-26  1.468786e-25  3.491418e-25  5.989965e-25  6.227152e-25  2.621846e-25  1.804829e-25  6.164141e-25  2.366422e-25  1.714673e-25  4.373982e-25  2.038310e-25  2.336618e-25  1.541063e-25  1.025329e-25  6.752041e-26  2.996227e-26  1.296879e-26  1.871964e-26  1.595347e-26  1.262466e-26  9.102843e-27  7.202973e-27  2.338672e-27  3.754781e-27  1.226634e-27  5.999217e-28  6.280244e-28  7.626921e-28  6.689769e-28  5.753701e-28  9.379958e-28  1.126110e-27  1.468651e-27  1.945180e-27  3.358008e-27  5.594795e-27  9.425933e-27  1.452599e-26  1.755646e-26  1.218287e-26  2.185021e-26  2.967289e-26  1.325040e-26  1.794243e-26  2.302875e-26  5.180437e-26  1.341616e-25  6.723267e-25  1.487493e-24  1.171631e-24  1.482081e-24  2.603293e-25  2.741125e-25  9.826018e-25  8.521663e-25  8.573000e-25  7.583244e-25  8.218824e-25  5.213422e-25  4.747791e-25  3.282844e-25  2.919277e-25  2.996025e-25  1.758865e-25  2.126738e-25  1.882069e-25  1.520417e-25  1.724663e-25  2.220285e-25  3.661586e-25  3.868530e-25  2.552999e-24  5.054327e-24  9.980600e-24  7.198056e-24  5.174596e-24  8.707448e-25  3.547229e-24  6.203353e-24  5.417747e-24  3.251184e-24  4.693168e-24  4.609925e-24  3.711426e-24  1.890138e-24  3.322920e-24  1.818603e-24  8.376993e-25  6.679771e-25  6.992210e-25  6.757904e-25  7.238444e-25  3.145134e-25  4.058345e-25  2.078331e-25  1.335572e-25  8.157960e-26  6.114406e-26  3.295710e-26  1.615371e-26  1.654755e-26  1.286710e-26  8.170977e-27  6.097241e-27  7.285606e-27  7.453487e-27  5.392169e-27  2.365270e-27  3.293717e-27  2.052478e-27  2.643768e-27  1.580614e-27  3.775012e-27  1.654907e-27  1.614167e-27  1.326763e-27  8.279274e-28  4.473712e-28  3.338914e-28  1.513436e-28  1.782461e-28  1.600598e-28  1.230492e-28  1.365665e-28  3.117752e-28  2.246904e-28  3.906377e-28  8.416282e-28  1.082168e-27  6.772464e-28  1.830825e-27  9.729269e-28  2.531861e-27  4.211321e-27  4.584086e-27  2.165909e-27  6.187102e-27  8.268185e-27  1.974744e-26  3.082863e-26  4.872827e-26  2.132990e-25  2.512138e-25  3.766112e-25  7.715294e-25  5.033997e-25  4.795487e-25  5.519467e-25  8.054730e-26  1.741558e-25  6.822018e-25  6.177031e-25  1.990856e-25  3.542603e-25  5.097008e-25  5.303078e-25  5.189635e-25  5.442185e-25  4.803259e-25  3.799112e-25  1.757615e-25  2.485699e-25  1.911752e-25  3.412102e-25  4.719721e-25  5.689198e-25  9.159796e-25  1.216317e-24  3.865378e-24  4.055271e-24  8.432140e-24  8.587473e-24  8.713672e-24  5.603143e-24  7.522103e-24  1.126860e-24  2.017827e-24  1.568906e-23  2.588191e-24  2.595650e-24  3.749275e-24  1.795161e-24  7.199571e-24  3.676252e-24  3.211916e-24  3.132798e-24  4.101105e-24  9.758327e-25  1.745746e-24  4.232134e-25  1.055155e-24  3.528055e-25  5.234544e-25  3.591791e-25  2.782651e-25  3.982457e-25  2.765427e-25  1.706802e-25  2.572276e-25  1.060660e-25  1.032409e-25  3.076568e-26  1.162413e-25  9.957776e-26  7.346152e-26  1.970174e-25  1.137912e-25  7.513260e-26  1.354581e-25  4.152289e-26  7.975144e-26  3.857582e-26  4.329864e-26  3.517551e-26  1.089529e-26  1.571609e-26  5.345740e-27  8.338938e-27  2.699171e-27  3.788750e-27  1.978871e-27  1.282801e-27  1.784016e-27  1.344236e-27  1.060274e-27  3.186973e-27  1.150608e-27  1.762800e-27  5.106077e-27  5.782184e-27  9.020708e-27  7.900507e-27  2.031881e-26  1.813084e-26  1.915218e-26  5.335777e-26  5.596037e-26  3.738473e-26  4.442271e-26  4.914146e-26  1.629039e-25  8.695751e-26  2.048038e-25  1.316438e-26  1.840732e-25  7.126481e-26  2.711388e-25  7.253901e-25  9.488229e-25  1.823120e-24  4.241902e-24  8.585992e-24  7.274372e-24  2.086497e-23  8.484472e-24  1.071257e-23  1.079385e-23  1.298922e-23  1.042513e-24  2.057148e-24  4.114000e-24  1.339716e-23  9.832308e-24  8.945758e-24  9.105692e-24  6.096107e-24  8.402602e-24  8.589684e-24  1.018777e-23  3.661655e-24  1.260378e-23  3.155553e-24  1.046680e-23  4.044168e-24  3.873894e-24  1.631920e-24  3.859386e-24  1.999589e-24  3.025132e-24  4.285167e-24  2.839264e-24  1.159323e-24  7.544862e-24  7.047690e-24  1.590881e-23  3.384713e-23  5.965268e-23  6.417601e-23  9.695455e-23  1.596010e-22  1.469462e-22  1.392374e-22  1.164357e-22  3.722000e-23  1.844167e-23  3.036372e-23  3.152026e-23  1.342573e-22  1.202350e-22  3.206009e-23  1.034212e-22  2.394964e-23  8.722447e-23  8.409285e-24  1.303942e-22  5.510448e-24  7.519661e-23  3.066576e-23  2.046343e-23  4.479264e-23  3.418703e-23  4.153520e-23  2.146472e-23  2.107108e-23  1.736975e-23  1.783410e-23  1.828943e-23  1.342333e-23  1.529938e-23  1.390402e-23  1.300635e-23  1.193248e-23  6.517888e-24  2.006299e-24  5.265086e-24  1.518195e-24  4.681077e-24  5.235526e-24  7.092936e-24  1.117519e-23  9.005711e-24  4.672262e-24  3.953647e-24  5.707714e-24  6.426562e-24  1.261159e-24  1.508843e-24  2.733110e-24  3.387751e-25  1.741210e-24  2.637293e-25  3.755965e-25  5.206913e-25  1.215586e-25  4.356029e-25  1.463739e-25  1.163111e-25  2.916582e-25  9.532253e-26  6.219898e-26  6.164690e-26  6.500963e-26  7.496809e-26  6.846159e-26  1.559208e-25  5.673621e-26  3.488815e-25  9.296460e-26  1.728467e-25  4.027250e-26  1.152276e-25  7.705122e-26  1.530197e-25  2.153600e-25  2.696059e-25  5.580540e-26  1.418052e-25  5.099372e-26  5.864361e-26  3.298718e-26  8.760297e-26  8.695194e-26  1.319647e-26  1.855523e-25  2.681866e-26  2.859356e-26  7.320306e-26  7.443807e-26  2.165650e-25  2.529266e-26  5.342835e-26  3.990890e-26  6.126501e-26  6.013726e-26  1.433485e-26  2.777244e-26  1.233947e-26  1.123270e-26  5.079443e-27  3.818776e-27  9.639853e-27  6.097173e-27  3.854945e-27  5.568862e-27  3.581981e-27  9.316613e-27  5.507859e-27  2.618919e-27  1.247553e-27  2.412879e-27  3.322186e-27  2.343206e-27  1.305677e-27  1.180197e-27  1.001385e-27  1.085856e-27  5.256657e-27  2.008813e-27  3.529816e-27  2.650935e-27  4.235805e-27  2.747412e-27  5.467708e-27  1.030142e-26  4.584141e-27  5.624126e-27  1.329294e-26  2.316096e-26  2.034468e-27  4.295816e-26  8.834148e-27  1.675462e-26  5.118369e-26  9.693727e-26  7.984017e-26  2.469089e-26  1.203777e-25  1.137261e-25  3.276480e-26  4.184001e-25  7.924912e-26  3.873296e-25  3.417725e-25  1.612497e-26  8.501597e-25  5.885631e-25  1.756802e-25  1.683536e-25  1.058610e-24  3.893937e-25  2.430483e-24  5.291503e-25  2.431978e-25  7.399466e-25  1.829539e-24  4.606793e-25  1.327079e-25  3.606680e-24  4.922151e-25  1.881359e-24  2.726493e-24  2.510597e-25  2.429766e-24  2.186407e-24  4.656961e-24
3.682603e-29  5.135523e-29  5.946556e-29  7.192166e-29  2.889476e-28  1.258835e-27  8.583300e-28  6.973086e-28  3.276819e-28  1.394596e-28  4.212909e-29  2.021123e-29  1.690905e-29  2.296254e-29  6.702094e-29  3.363375e-28  2.471414e-28  2.159729e-28  5.393227e-28  1.840022e-28  8.114299e-29  2.264145e-29  8.435898e-30  1.220965e-29  1.025204e-29  1.493188e-29  1.828272e-29  8.026266e-30  2.072507e-29  2.515471e-29  9.396030e-29  4.216729e-28  2.540149e-27  2.538673e-27  1.942295e-27  1.249937e-27  5.287071e-28  1.995743e-28  1.005147e-28  3.591504e-29  5.339553e-29  1.104386e-28  1.007579e-28  1.261581e-28  1.243420e-28  1.985956e-28  7.027790e-28  8.273695e-28  5.248007e-28  3.835537e-28  1.717981e-28  1.652823e-28  4.594952e-28  1.640445e-28  1.308341e-28  7.754181e-29  4.017483e-29  1.319307e-29  1.011885e-29  5.936485e-30  1.223139e-29  2.237334e-29  2.058465e-29  7.237920e-29  1.132152e-28  5.783017e-28  1.353698e-27  8.923348e-27  5.886272e-27  5.006988e-27  4.578964e-27  2.184540e-27  1.248346e-27  4.864636e-28  2.300896e-28  9.577144e-29  3.897400e-29  1.930751e-29  9.175484e-30  2.463034e-29  2.204693e-28  4.433301e-28  2.164079e-28  4.529962e-28  4.514357e-28  1.738646e-27  2.093127e-27  3.084622e-27  1.484271e-27  1.277124e-27  7.097633e-28  2.866482e-28  1.013963e-28  6.841717e-29  1.154378e-28  4.368683e-28  1.101944e-27  6.905019e-28  6.052989e-28  7.593278e-28  4.256258e-28  2.270951e-28  1.198076e-28  5.212193e-29  2.569256e-29  2.147386e-29  3.224699e-29  1.044979e-28  2.999079e-28  8.294906e-28  1.556981e-27  4.115894e-27  1.030119e-26  3.283989e-26  1.474947e-26  1.602925e-26  1.575949e-26  6.349590e-27  3.201944e-27  1.801474e-27  4.270427e-28  1.906139e-28  7.134477e-28  1.910064e-27  8.762923e-28  1.095441e-27  1.602746e-27  9.273737e-28  3.306706e-28  4.290095e-28  2.130359e-28  7.778136e-29  4.502971e-29  5.343487e-29  9.583741e-29  1.852689e-28  4.824770e-28  2.270523e-27  2.836567e-27  5.029675e-27  1.066949e-26  6.774462e-27  4.949627e-27  6.262173e-27  3.003196e-27  1.968351e-27  8.329747e-28  4.970049e-28  1.903526e-28  1.773426e-28  9.230348e-29  2.382423e-28  2.982078e-28  1.508432e-27  1.453401e-27  9.208724e-27  5.953765e-27  8.810727e-27  6.979193e-27  7.927313e-27  4.275890e-27  3.862577e-27  2.737457e-27  1.644053e-27  8.491227e-28  4.595601e-28  3.247199e-28  4.079911e-28  7.138088e-28  1.924132e-27  4.651824e-27  8.649644e-27  2.447387e-26  4.632654e-26  1.825679e-25  5.478879e-26  8.047778e-26  9.105664e-26  6.224809e-26  4.562440e-26  3.127606e-26  1.183299e-26  6.356869e-27  2.913391e-27  1.068127e-27  7.642348e-28  4.383187e-28  3.663223e-28  4.639354e-28  2.767066e-28  1.709672e-28  2.328584e-28  4.484925e-28  1.307809e-27  8.797069e-27  9.993816e-27  1.630272e-27  7.482727e-27  3.068037e-27  5.457709e-27  4.435422e-27  4.148925e-27  2.443286e-27  1.603623e-27  1.131880e-27  1.499937e-27  1.985802e-27  2.508542e-27  4.037226e-27  8.374229e-27  1.860005e-26  4.886337e-26  6.158316e-26  2.448216e-26  5.314467e-26  3.298292e-26  5.660491e-26  3.141574e-26  1.664467e-26  1.233485e-26  1.225077e-26  6.469415e-27  3.217074e-27  1.867242e-27  1.277439e-27  1.342004e-27  8.459810e-28  3.231747e-28  4.936839e-28  1.210444e-27  1.914446e-27  2.532233e-27  2.234524e-27  2.642993e-27  1.964989e-27  2.561750e-27  3.443779e-27  7.736094e-27  3.358534e-26  1.358905e-25  1.025382e-25  2.612574e-26  8.039436e-26  6.469726e-26  5.843109e-26  6.160829e-26  4.863916e-26  3.652220e-26  2.083473e-26  1.037371e-26  1.039783e-26  9.694901e-27  1.177769e-26  1.065588e-26  1.633715e-26  2.152088e-26  3.528223e-26  6.946370e-26  2.498305e-25  7.043689e-25  7.009296e-25  4.455966e-25  6.405523e-25  4.952547e-25  5.400728e-25  5.489286e-25  3.057401e-25  3.049145e-25  2.154514e-25  1.528195e-25  8.399526e-26  3.682957e-26  2.822075e-26  1.496392e-26  4.999636e-27  3.905502e-27  2.830864e-27  1.369032e-27  1.161492e-27  5.851190e-28  4.325381e-28  2.397929e-28  1.211501e-28  6.301026e-29  5.546984e-29  6.753669e-29  7.985716e-29  8.525031e-29  2.103422e-28  3.070187e-28  4.183963e-28  6.171138e-28  5.519079e-28  1.077776e-27  1.301944e-27  4.240920e-27  1.408273e-26  4.592469e-26  9.615587e-26  8.939563e-26  4.733681e-26  2.133055e-26  8.435593e-26  5.765040e-26  4.036223e-26  4.528736e-26  3.488289e-26  3.290913e-26  2.001145e-26  2.263870e-26  2.101632e-26  2.335738e-26  2.182463e-26  3.857258e-26  3.033415e-26  5.327080e-26  1.447816e-25  3.456358e-25  5.985896e-25  6.300752e-25  2.657895e-25  1.821011e-25  6.172546e-25  2.392627e-25  1.723869e-25  4.393627e-25  2.028752e-25  2.313750e-25  1.519221e-25  1.008005e-25  6.587512e-26  2.910968e-26  1.261626e-26  1.835488e-26  1.570251e-26  1.250737e-26  8.930884e-27  7.065912e-27  2.264744e-27  3.633133e-27  1.182992e-27  5.803462e-28  6.094920e-28  7.388364e-28  6.596655e-28  5.704889e-28  9.245142e-28  1.114343e-27  1.450828e-27  1.915270e-27  3.292557e-27  5.526512e-27  9.315686e-27  1.449965e-26  1.758313e-26  1.201536e-26  2.183749e-26  2.960706e-26  1.314719e-26  1.789973e-26  2.284324e-26  5.108740e-26  1.295341e-25  6.594823e-25  1.484584e-24  1.177342e-24  1.501749e-24  2.634235e-25  2.762716e-25  9.919250e-25  8.553305e-25  8.596225e-25  7.609721e-25  8.218513e-25  5.196483e-25  4.703157e-25  3.267461e-25  2.870718e-25  2.962453e-25  1.727486e-25  2.089403e-25  1.859409e-25  1.493915e-25  1.697697e-25  2.208628e-25  3.626028e-25  3.778121e-25  2.497881e-24  5.001658e-24  1.001236e-23  7.262936e-24  5.250939e-24  8.763057e-25  3.595647e-24  6.246639e-24  5.420329e-24  3.236554e-24  4.729868e-24  4.610047e-24  3.698325e-24  1.872971e-24  3.286097e-24  1.798685e-24  8.240283e-25  6.545758e-25  6.856367e-25  6.721144e-25  7.168802e-25  3.086728e-25  3.986218e-25  2.028850e-25  1.293687e-25  7.832657e-26  5.869560e-26  3.128851e-26  1.545214e-26  1.571722e-26  1.248684e-26  7.834675e-27  5.877761e-27  7.070129e-27  7.336883e-27  5.335387e-27  2.334192e-27  3.248394e-27  2.020516e-27  2.620382e-27  1.560770e-27  3.771854e-27  1.630974e-27  1.595246e-27  1.310847e-27  8.074130e-28  4.352431e-28  3.207659e-28  1.448309e-28  1.693472e-28  1.520011e-28  1.162869e-28  1.297929e-28  2.966793e-28  2.155417e-28  3.753035e-28  8.141793e-28  1.060602e-27  6.625167e-28  1.778866e-27  9.514373e-28  2.483685e-27  4.179099e-27  4.524806e-27  2.072717e-27  6.027015e-27  7.995863e-27  1.888206e-26  2.986680e-26  4.698094e-26  2.087502e-25  2.465004e-25  3.736246e-25  7.725760e-25  5.073723e-25  4.847388e-25  5.593623e-25  8.125969e-26  1.748570e-25  6.886930e-25  6.173061e-25  1.971344e-25  3.557638e-25  5.115090e-25  5.306244e-25  5.192945e-25  5.432428e-25  4.803918e-25  3.781853e-25  1.718201e-25  2.468262e-25  1.889946e-25  3.391770e-25  4.679420e-25  5.556760e-25  8.940315e-25  1.182081e-24  3.796961e-24  4.003584e-24  8.403744e-24  8.605334e-24  8.790418e-24  5.669497e-24  7.645849e-24  1.140078e-24  2.028566e-24  1.571047e-23  2.573372e-24  2.635332e-24  3.783576e-24  1.809765e-24  7.250455e-24  3.679279e-24  3.195908e-24  3.111135e-24  4.047926e-24  9.537825e-25  1.704830e-24  4.098620e-25  1.020964e-24  3.417744e-25  5.062714e-25  3.539558e-25  2.721700e-25  3.942163e-25  2.754652e-25  1.714196e-25  2.572703e-25  1.063412e-25  1.035532e-25  3.028642e-26  1.164116e-25  1.002001e-25  7.312865e-26  1.983833e-25  1.132039e-25  7.499782e-26  1.343115e-25  4.090504e-26  7.893185e-26  3.772477e-26  4.258028e-26  3.437988e-26  1.050677e-26  1.512558e-26  5.143901e-27  8.028921e-27  2.559721e-27  3.603964e-27  1.902994e-27  1.214893e-27  1.687592e-27  1.282141e-27  9.989453e-28  3.078660e-27  1.079066e-27  1.694600e-27  4.875988e-27  5.514427e-27  8.610415e-27  7.568840e-27  1.977077e-26  1.734176e-26  1.860263e-26  5.228939e-26  5.456654e-26  3.613751e-26  4.396722e-26  4.809952e-26  1.615638e-25  8.658510e-26  2.027949e-25  1.285603e-26  1.833468e-25  6.742219e-26  2.693522e-25  7.092676e-25  9.091293e-25  1.758184e-24  4.157499e-24  8.455066e-24  7.228100e-24  2.088861e-23  8.535514e-24  1.077303e-23  1.089140e-23  1.321653e-23  1.030556e-24  2.074803e-24  4.160134e-24  1.353465e-23  9.918507e-24  8.920875e-24  9.173763e-24  6.028760e-24  8.458519e-24  8.610583e-24  1.019606e-23  3.620149e-24  1.260512e-23  3.120755e-24  1.042333e-23  4.021840e-24  3.798779e-24  1.608837e-24  3.822058e-24  1.983355e-24  2.990861e-24  4.297781e-24  2.822428e-24  1.117277e-24  7.476647e-24  6.762034e-24  1.532065e-23  3.308755e-23  5.851406e-23  6.352260e-23  9.618262e-23  1.602497e-22  1.478708e-22  1.408653e-22  1.180897e-22  3.764970e-23  1.869197e-23  3.059748e-23  3.177864e-23  1.357673e-22  1.208810e-22  3.176751e-23  1.035429e-22  2.387715e-23  8.756502e-23  8.276581e-24  1.307683e-22  5.384619e-24  7.526305e-23  3.006804e-23  2.021994e-23  4.424009e-23  3.373767e-23  4.084383e-23  2.126360e-23  2.050145e-23  1.727447e-23  1.775142e-23  1.809356e-23  1.329285e-23  1.519949e-23  1.378596e-23  1.312733e-23  1.183067e-23  6.568205e-24  1.970853e-24  5.292811e-24  1.509097e-24  4.722284e-24  5.246566e-24  7.075847e-24  1.125178e-23  8.979051e-24  4.636867e-24  3.904263e-24  5.668180e-24  6.333755e-24  1.241104e-24  1.472075e-24  2.656783e-24  3.243184e-25  1.680001e-24  2.549956e-25  3.596240e-25  4.987891e-25  1.144641e-25  4.193049e-25  1.425784e-25  1.122785e-25  2.812284e-25  9.257523e-26  6.001971e-26  5.896921e-26  6.280264e-26  7.391616e-26  6.637924e-26  1.541670e-25  5.555697e-26  3.474698e-25  9.159207e-26  1.725252e-25  3.900194e-26  1.153388e-25  7.745086e-26  1.530210e-25  2.174850e-25  2.719623e-25  5.578720e-26  1.431153e-25  5.113275e-26  5.929147e-26  3.229861e-26  8.880734e-26  8.692090e-26  1.277122e-26  1.874196e-25  2.679262e-26  2.817032e-26  7.373238e-26  7.477819e-26  2.166840e-25  2.517246e-26  5.311287e-26  3.943258e-26  6.075872e-26  5.909248e-26  1.394624e-26  2.705169e-26  1.209658e-26  1.089228e-26  4.945937e-27  3.771961e-27  9.380436e-27  6.048870e-27  3.814217e-27  5.350414e-27  3.529746e-27  9.111491e-27  5.337409e-27  2.521977e-27  1.164804e-27  2.296258e-27  3.189587e-27  2.206781e-27  1.244343e-27  1.104345e-27  9.438354e-28  1.008944e-27  4.993781e-27  1.916246e-27  3.302188e-27  2.578690e-27  3.988689e-27  2.649727e-27  5.093646e-27  9.932300e-27  4.222768e-27  5.261106e-27  1.276579e-26  2.199366e-26  1.932158e-27  4.055014e-26  8.506208e-27  1.550892e-26  4.881019e-26  9.239283e-26  7.609796e-26  2.374631e-26  1.158650e-25  1.103925e-25  3.137842e-26  4.051330e-25  7.684677e-26  3.801265e-25  3.293586e-25  1.482908e-26  8.353148e-25  5.759239e-25  1.733517e-25  1.598166e-25  1.050256e-24  3.848601e-25  2.425745e-24  5.188265e-25  2.362809e-25  7.294603e-25  1.836096e-24  4.524394e-25  1.261745e-25  3.619387e-24  4.773899e-25  1.875394e-24  2.711772e-24  2.447747e-25  2.405346e-24  2.169588e-24  4.682354e-24
3.687183e-29  5.153266e-29  5.941648e-29  7.111522e-29  2.884300e-28  1.265119e-27  8.640723e-28  6.953839e-28  3.241531e-28  1.371476e-28  4.095514e-29  1.979113e-29  1.682507e-29  2.278856e-29  6.703559e-29  3.377707e-28  2.480898e-28  2.161186e-28  5.395554e-28  1.835587e-28  8.024301e-29  2.212296e-29  8.234521e-30  1.214269e-29  1.027167e-29  1.493889e-29  1.827140e-29  8.023241e-30  2.057673e-29  2.457697e-29  9.277525e-29  4.192137e-28  2.550729e-27  2.553851e-27  1.950097e-27  1.240683e-27  5.193161e-28  1.944826e-28  9.864864e-29  3.511196e-29  5.300049e-29  1.106468e-28  1.013368e-28  1.260957e-28  1.238268e-28  1.971236e-28  7.046229e-28  8.327575e-28  5.261460e-28  3.815712e-28  1.686983e-28  1.636573e-28  4.609827e-28  1.641614e-28  1.309929e-28  7.691049e-29  3.936229e-29  1.282913e-29  9.891167e-30  5.833980e-30  1.210955e-29  2.224710e-29  2.048967e-29  7.135074e-29  1.114755e-28  5.713925e-28  1.347105e-27  8.952007e-27  5.940662e-27  5.030428e-27  4.562851e-27  2.151785e-27  1.230996e-27  4.781722e-28  2.267410e-28  9.430081e-29  3.822584e-29  1.898228e-29  9.056847e-30  2.434939e-29  2.200721e-28  4.464591e-28  2.155729e-28  4.535551e-28  4.491443e-28  1.731790e-27  2.100690e-27  3.098032e-27  1.493432e-27  1.277343e-27  7.031016e-28  2.800618e-28  9.773856e-29  6.624045e-29  1.142766e-28  4.362835e-28  1.108063e-27  6.951186e-28  6.094315e-28  7.605299e-28  4.224398e-28  2.235246e-28  1.171881e-28  5.041441e-29  2.471551e-29  2.088208e-29  3.148058e-29  1.029408e-28  2.978146e-28  8.159124e-28  1.544675e-27  4.099689e-27  1.030735e-26  3.298897e-26  1.489467e-26  1.610423e-26  1.572938e-26  6.249943e-27  3.118207e-27  1.733575e-27  4.052319e-28  1.802913e-28  7.046356e-28  1.917127e-27  8.753970e-28  1.095321e-27  1.609275e-27  9.243223e-28  3.288779e-28  4.270243e-28  2.097364e-28  7.578972e-29  4.385674e-29  5.256261e-29  9.369297e-29  1.835062e-28  4.768421e-28  2.253514e-27  2.854491e-27  5.033394e-27  1.072668e-26  6.810913e-27  4.972070e-27  6.256987e-27  2.979285e-27  1.932704e-27  8.121391e-28  4.853183e-28  1.853163e-28  1.740606e-28  9.028136e-29  2.341973e-28  2.947553e-28  1.520232e-27  1.444513e-27  9.190840e-27  5.973646e-27  8.844500e-27  7.040186e-27  7.945416e-27  4.256478e-27  3.847828e-27  2.705789e-27  1.608784e-27  8.287187e-28  4.486687e-28  3.159125e-28  4.015534e-28  6.949846e-28  1.883036e-27  4.602782e-27  8.588946e-27  2.433945e-26  4.623759e-26  1.831990e-25  5.528766e-26  8.116051e-26  9.145200e-26  6.214888e-26  4.523237e-26  3.075382e-26  1.151441e-26  6.123219e-27  2.791681e-27  1.009837e-27  7.353156e-28  4.256513e-28  3.594867e-28  4.602474e-28  2.737343e-28  1.685031e-28  2.318493e-28  4.426069e-28  1.276487e-27  8.744000e-27  1.010244e-26  1.641002e-27  7.517333e-27  3.063420e-27  5.474243e-27  4.406569e-27  4.127664e-27  2.430444e-27  1.587016e-27  1.127974e-27  1.487695e-27  1.958556e-27  2.477645e-27  3.969125e-27  8.323644e-27  1.845210e-26  4.871108e-26  6.222370e-26  2.453936e-26  5.348737e-26  3.316596e-26  5.675578e-26  3.129060e-26  1.645199e-26  1.221849e-26  1.212057e-26  6.347486e-27  3.132248e-27  1.801456e-27  1.234566e-27  1.324048e-27  8.436833e-28  3.194334e-28  4.905471e-28  1.205673e-27  1.912764e-27  2.537668e-27  2.237869e-27  2.635572e-27  1.951111e-27  2.555028e-27  3.402832e-27  7.634983e-27  3.300842e-26  1.359294e-25  1.036233e-25  2.631764e-26  8.119960e-26  6.485930e-26  5.842754e-26  6.165665e-26  4.851830e-26  3.599842e-26  2.055449e-26  1.027830e-26  1.024497e-26  9.515138e-27  1.156114e-26  1.040643e-26  1.608957e-26  2.137720e-26  3.487431e-26  6.861792e-26  2.467297e-25  7.051528e-25  7.062198e-25  4.461040e-25  6.449707e-25  5.009497e-25  5.430519e-25  5.484135e-25  3.047668e-25  3.034864e-25  2.130860e-25  1.501586e-25  8.173263e-26  3.564638e-26  2.715895e-26  1.426642e-26  4.735669e-27  3.721661e-27  2.720108e-27  1.326190e-27  1.120237e-27  5.588678e-28  4.110108e-28  2.260217e-28  1.132366e-28  5.913637e-29  5.222426e-29  6.399467e-29  7.732236e-29  8.292172e-29  2.064140e-28  3.002322e-28  4.143765e-28  6.122798e-28  5.447788e-28  1.061065e-27  1.273146e-27  4.122503e-27  1.375599e-26  4.522133e-26  9.606530e-26  9.034018e-26  4.807838e-26  2.158315e-26  8.474685e-26  5.787553e-26  4.054284e-26  4.535356e-26  3.469568e-26  3.248664e-26  1.975289e-26  2.228724e-26  2.070044e-26  2.309118e-26  2.153909e-26  3.839677e-26  2.982857e-26  5.254953e-26  1.426695e-25  3.420221e-25  5.981237e-25  6.375099e-25  2.694978e-25  1.837607e-25  6.180211e-25  2.419299e-25  1.733028e-25  4.413040e-25  2.018894e-25  2.290053e-25  1.497106e-25  9.905651e-26  6.424798e-26  2.827482e-26  1.227290e-26  1.800724e-26  1.545776e-26  1.239226e-26  8.761734e-27  6.928948e-27  2.192393e-27  3.512737e-27  1.140561e-27  5.614926e-28  5.914761e-28  7.160319e-28  6.509201e-28  5.658234e-28  9.114816e-28  1.102942e-27  1.433481e-27  1.886157e-27  3.226612e-27  5.457982e-27  9.204721e-27  1.447257e-26  1.761216e-26  1.184739e-26  2.182541e-26  2.953803e-26  1.304049e-26  1.785673e-26  2.266459e-26  5.039673e-26  1.249819e-25  6.464600e-25  1.481303e-24  1.182932e-24  1.521968e-24  2.665923e-25  2.785011e-25  1.001470e-24  8.584502e-25  8.620019e-25  7.637283e-25  8.217136e-25  5.178604e-25  4.657391e-25  3.251998e-25  2.821736e-25  2.928560e-25  1.696261e-25  2.052082e-25  1.836858e-25  1.467360e-25  1.671186e-25  2.196818e-25  3.590987e-25  3.688536e-25  2.442563e-24  4.947782e-24  1.004237e-23  7.328634e-24  5.329258e-24  8.822519e-25  3.644800e-24  6.290315e-24  5.422266e-24  3.221872e-24  4.766261e-24  4.609795e-24  3.684278e-24  1.855975e-24  3.248295e-24  1.778545e-24  8.103692e-25  6.413023e-25  6.723064e-25  6.684208e-25  7.099836e-25  3.028529e-25  3.914130e-25  1.979587e-25  1.252262e-25  7.512907e-26  5.629615e-26  2.967414e-26  1.477832e-26  1.492033e-26  1.212191e-26  7.512575e-27  5.668159e-27  6.863362e-27  7.224504e-27  5.282798e-27  2.306262e-27  3.206032e-27  1.990403e-27  2.599160e-27  1.541701e-27  3.769452e-27  1.607637e-27  1.576469e-27  1.295353e-27  7.873881e-28  4.232909e-28  3.080249e-28  1.385436e-28  1.607687e-28  1.442375e-28  1.098214e-28  1.232181e-28  2.819589e-28  2.065364e-28  3.603787e-28  7.868740e-28  1.038924e-27  6.479207e-28  1.727060e-27  9.300898e-28  2.435140e-27  4.146384e-27  4.465772e-27  1.982371e-27  5.874936e-27  7.733104e-27  1.803535e-26  2.892747e-26  4.525003e-26  2.041319e-25  2.417468e-25  3.705074e-25  7.734569e-25  5.113584e-25  4.899937e-25  5.669573e-25  8.198960e-26  1.755759e-25  6.953820e-25  6.168221e-25  1.951970e-25  3.573491e-25  5.133947e-25  5.308997e-25  5.195599e-25  5.421958e-25  4.804480e-25  3.764313e-25  1.678623e-25  2.451095e-25  1.868611e-25  3.372387e-25  4.640823e-25  5.426934e-25  8.723007e-25  1.147972e-24  3.727163e-24  3.950911e-24  8.374127e-24  8.620245e-24  8.867437e-24  5.737430e-24  7.772896e-24  1.153750e-24  2.039101e-24  1.573158e-23  2.559040e-24  2.675856e-24  3.818570e-24  1.824665e-24  7.301498e-24  3.681510e-24  3.178837e-24  3.087994e-24  3.992971e-24  9.319027e-25  1.663772e-24  3.966208e-25  9.868780e-25  3.310047e-25  4.892614e-25  3.488907e-25  2.662895e-25  3.902714e-25  2.746043e-25  1.722276e-25  2.573611e-25  1.066801e-25  1.039328e-25  2.983505e-26  1.166111e-25  1.008354e-25  7.281783e-26  1.997563e-25  1.126137e-25  7.484401e-26  1.331011e-25  4.030733e-26  7.808501e-26  3.687865e-26  4.186328e-26  3.358947e-26  1.012378e-26  1.454149e-26  4.947256e-27  7.723986e-27  2.425405e-27  3.423744e-27  1.830244e-27  1.149036e-27  1.595653e-27  1.222451e-27  9.407626e-28  2.972707e-27  1.011085e-27  1.629871e-27  4.651904e-27  5.255965e-27  8.209743e-27  7.245472e-27  1.922199e-26  1.657026e-26  1.806232e-26  5.121388e-26  5.316024e-26  3.490374e-26  4.350257e-26  4.704396e-26  1.601653e-25  8.618828e-26  2.007256e-25  1.255962e-26  1.826066e-25  6.373482e-26  2.676853e-25  6.935090e-25  8.700519e-25  1.693556e-24  4.072642e-24  8.320771e-24  7.180149e-24  2.091097e-23  8.584919e-24  1.083463e-23  1.099110e-23  1.345157e-23  1.018345e-24  2.093420e-24  4.207513e-24  1.367250e-23  1.000667e-23  8.895018e-24  9.241917e-24  5.960473e-24  8.513807e-24  8.631817e-24  1.020376e-23  3.578664e-24  1.260475e-23  3.085516e-24  1.037858e-23  3.999636e-24  3.721826e-24  1.585791e-24  3.785299e-24  1.967101e-24  2.957022e-24  4.310894e-24  2.805914e-24  1.076434e-24  7.411659e-24  6.482927e-24  1.473972e-23  3.232848e-23  5.735711e-23  6.285094e-23  9.538495e-23  1.608666e-22  1.487919e-22  1.425224e-22  1.197818e-22  3.809541e-23  1.894803e-23  3.083571e-23  3.204265e-23  1.373083e-22  1.215236e-22  3.146362e-23  1.036593e-22  2.380743e-23  8.791057e-23  8.143451e-24  1.311285e-22  5.262866e-24  7.529820e-23  2.947156e-23  1.997096e-23  4.367371e-23  3.327208e-23  4.014210e-23  2.105804e-23  1.993589e-23  1.717794e-23  1.767092e-23  1.790748e-23  1.316237e-23  1.510958e-23  1.366518e-23  1.325100e-23  1.173162e-23  6.622511e-24  1.936582e-24  5.324379e-24  1.499967e-24  4.764797e-24  5.259429e-24  7.057924e-24  1.132843e-23  8.951246e-24  4.600660e-24  3.854470e-24  5.626949e-24  6.239566e-24  1.221133e-24  1.435489e-24  2.580009e-24  3.105335e-25  1.619078e-24  2.465863e-25  3.439863e-25  4.773983e-25  1.077011e-25  4.032282e-25  1.388537e-25  1.083659e-25  2.709535e-25  8.988805e-26  5.789976e-26  5.637734e-26  6.065679e-26  7.290630e-26  6.434589e-26  1.524126e-25  5.437002e-26  3.460470e-25  9.020872e-26  1.721375e-25  3.775522e-26  1.154345e-25  7.786125e-26  1.530456e-25  2.196526e-25  2.743030e-25  5.578879e-26  1.444592e-25  5.129434e-26  5.995896e-26  3.159690e-26  9.004278e-26  8.687641e-26  1.236547e-26  1.893330e-25  2.678632e-26  2.774423e-26  7.427395e-26  7.511741e-26  2.167745e-25  2.504865e-26  5.278313e-26  3.893880e-26  6.025148e-26  5.800887e-26  1.355443e-26  2.631411e-26  1.186613e-26  1.056102e-26  4.816303e-27  3.726301e-27  9.125771e-27  5.998230e-27  3.776258e-27  5.134273e-27  3.477561e-27  8.904870e-27  5.169006e-27  2.426260e-27  1.086152e-27  2.183155e-27  3.058322e-27  2.075236e-27  1.184905e-27  1.032441e-27  8.893029e-28  9.368002e-28  4.737630e-27  1.828230e-27  3.084326e-27  2.507916e-27  3.752635e-27  2.553183e-27  4.740052e-27  9.571360e-27  3.886821e-27  4.915337e-27  1.225141e-26  2.087177e-26  1.834541e-27  3.822124e-26  8.189822e-27  1.431786e-26  4.650926e-26  8.790267e-26  7.242669e-26  2.282981e-26  1.114680e-25  1.071207e-25  3.003861e-26  3.919406e-25  7.445211e-26  3.725665e-25  3.172374e-25  1.362706e-26  8.202494e-25  5.632028e-25  1.710834e-25  1.515705e-25  1.041419e-24  3.802791e-25  2.420273e-24  5.083961e-25  2.292662e-25  7.190593e-25  1.842184e-24  4.440936e-25  1.195175e-25  3.632920e-24  4.625630e-25  1.869769e-24  2.696705e-24  2.385471e-25  2.380958e-24  2.152146e-24  4.708924e-24
3.691857e-29  5.171535e-29  5.937014e-29  7.030809e-29  2.879033e-28  1.271571e-27  8.699334e-28  6.933329e-28  3.206099e-28  1.348516e-28  3.980308e-29  1.938061e-29  1.674733e-29  2.261562e-29  6.704671e-29  3.392258e-28  2.490639e-28  2.162396e-28  5.397888e-28  1.831169e-28  7.933354e-29  2.160554e-29  8.035290e-30  1.207809e-29  1.029331e-29  1.494626e-29  1.826052e-29  8.020646e-30  2.042832e-29  2.400718e-29  9.158805e-29  4.167084e-28  2.561327e-27  2.569426e-27  1.957829e-27  1.231091e-27  5.098768e-28  1.894595e-28  9.683969e-29  3.433421e-29  5.260605e-29  1.108653e-28  1.019320e-28  1.260274e-28  1.232968e-28  1.956356e-28  7.064486e-28  8.383195e-28  5.274540e-28  3.795056e-28  1.655714e-28  1.620545e-28  4.625126e-28  1.642985e-28  1.311413e-28  7.625863e-29  3.854771e-29  1.246804e-29  9.667165e-30  5.734065e-30  1.198802e-29  2.212253e-29  2.039847e-29  7.033255e-29  1.097418e-28  5.644246e-28  1.340261e-27  8.980361e-27  5.996483e-27  5.053599e-27  4.545762e-27  2.118460e-27  1.213765e-27  4.701292e-28  2.235333e-28  9.288267e-29  3.749751e-29  1.866876e-29  8.943332e-30  2.406884e-29  2.196412e-28  4.496402e-28  2.147363e-28  4.540922e-28  4.468201e-28  1.724701e-27  2.108290e-27  3.111509e-27  1.502585e-27  1.277435e-27  6.962226e-28  2.734068e-28  9.412165e-29  6.410017e-29  1.131162e-28  4.356767e-28  1.114267e-27  6.998418e-28  6.136182e-28  7.616497e-28  4.191302e-28  2.199305e-28  1.145738e-28  4.872830e-29  2.375717e-29  2.030235e-29  3.073213e-29  1.013871e-28  2.957339e-28  8.023636e-28  1.532214e-27  4.082595e-27  1.031376e-26  3.313990e-26  1.504261e-26  1.617919e-26  1.569577e-26  6.148457e-27  3.034119e-27  1.666282e-27  3.840520e-28  1.703661e-28  6.958838e-28  1.924464e-27  8.746149e-28  1.095156e-27  1.615813e-27  9.211425e-28  3.271099e-28  4.249943e-28  2.063918e-28  7.380704e-29  4.270515e-29  5.171549e-29  9.155647e-29  1.817209e-28  4.712168e-28  2.236099e-27  2.872706e-27  5.037114e-27  1.078502e-26  6.847738e-27  4.994608e-27  6.251101e-27  2.954750e-27  1.896595e-27  7.914617e-28  4.738504e-28  1.804518e-28  1.708702e-28  8.832270e-29  2.301801e-28  2.912844e-28  1.532426e-27  1.435522e-27  9.172069e-27  5.994442e-27  8.879051e-27  7.102058e-27  7.963006e-27  4.236607e-27  3.832638e-27  2.673433e-27  1.573349e-27  8.085288e-28  4.380600e-28  3.073506e-28  3.952156e-28  6.765213e-28  1.841821e-27  4.552785e-27  8.526735e-27  2.420548e-26  4.614449e-26  1.838437e-25  5.579717e-26  8.185437e-26  9.184871e-26  6.204113e-26  4.482645e-26  3.022022e-26  1.119573e-26  5.892262e-27  2.673045e-27  9.536211e-28  7.077076e-28  4.137118e-28  3.529690e-28  4.567459e-28  2.709036e-28  1.661228e-28  2.308965e-28  4.367904e-28  1.245250e-27  8.688518e-27  1.021344e-26  1.652408e-27  7.552024e-27  3.058798e-27  5.490128e-27  4.376370e-27  4.106374e-27  2.417802e-27  1.570721e-27  1.124464e-27  1.475599e-27  1.931088e-27  2.446258e-27  3.900886e-27  8.271897e-27  1.830115e-26  4.855262e-26  6.287528e-26  2.459941e-26  5.383147e-26  3.334997e-26  5.690089e-26  3.116089e-26  1.625581e-26  1.209996e-26  1.199044e-26  6.225446e-27  3.048061e-27  1.736547e-27  1.192431e-27  1.306774e-27  8.419654e-28  3.160594e-28  4.876085e-28  1.200773e-27  1.911110e-27  2.543264e-27  2.241359e-27  2.628346e-27  1.937307e-27  2.548276e-27  3.362445e-27  7.533611e-27  3.242816e-26  1.359513e-25  1.047316e-25  2.651532e-26  8.201798e-26  6.501878e-26  5.842011e-26  6.169886e-26  4.838625e-26  3.546740e-26  2.027458e-26  1.018531e-26  1.009532e-26  9.338462e-27  1.134515e-26  1.015810e-26  1.583947e-26  2.122914e-26  3.446806e-26  6.776768e-26  2.435911e-25  7.058657e-25  7.116621e-25  4.466095e-25  6.494289e-25  5.067489e-25  5.460066e-25  5.478507e-25  3.037368e-25  3.020179e-25  2.106870e-25  1.474578e-25  7.947345e-26  3.447604e-26  2.611456e-26  1.358845e-26  4.481778e-27  3.546495e-27  2.614692e-27  1.285675e-27  1.080910e-27  5.337886e-28  3.903949e-28  2.128319e-28  1.057579e-28  5.550774e-29  4.914056e-29  6.065620e-29  7.484708e-29  8.069364e-29  2.025466e-28  2.934509e-28  4.103482e-28  6.074375e-28  5.377871e-28  1.044500e-27  1.245033e-27  4.005874e-27  1.342940e-26  4.450693e-26  9.595227e-26  9.129102e-26  4.883632e-26  2.184074e-26  8.513724e-26  5.810397e-26  4.072947e-26  4.541100e-26  3.449779e-26  3.205412e-26  1.949108e-26  2.193473e-26  2.038632e-26  2.282586e-26  2.125368e-26  3.821920e-26  2.932361e-26  5.184149e-26  1.405523e-25  3.383143e-25  5.975657e-25  6.451249e-25  2.732860e-25  1.854680e-25  6.187694e-25  2.446786e-25  1.742473e-25  4.432130e-25  2.008574e-25  2.265553e-25  1.474450e-25  9.729394e-26  6.263312e-26  2.746061e-26  1.193849e-26  1.767461e-26  1.521817e-26  1.227894e-26  8.596759e-27  6.791590e-27  2.121060e-27  3.393770e-27  1.099373e-27  5.434792e-28  5.740102e-28  6.942008e-28  6.426310e-28  5.614059e-28  8.988125e-28  1.091825e-27  1.416742e-27  1.857698e-27  3.160186e-27  5.388576e-27  9.093934e-27  1.444527e-26  1.764291e-26  1.167948e-26  2.181554e-26  2.946559e-26  1.293034e-26  1.781257e-26  2.249483e-26  4.973594e-26  1.204947e-25  6.332997e-25  1.477716e-24  1.188439e-24  1.542666e-24  2.698520e-25  2.807733e-25  1.011161e-24  8.615373e-25  8.644024e-25  7.665220e-25  8.215360e-25  5.159363e-25  4.610334e-25  3.236300e-25  2.772025e-25  2.894577e-25  1.665151e-25  2.014705e-25  1.814430e-25  1.440816e-25  1.645010e-25  2.184673e-25  3.556287e-25  3.600126e-25  2.387119e-24  4.892020e-24  1.007058e-23  7.395482e-24  5.410483e-24  8.885667e-25  3.694984e-24  6.335303e-24  5.423813e-24  3.207066e-24  4.802928e-24  4.608492e-24  3.669181e-24  1.839343e-24  3.209009e-24  1.758290e-24  7.967957e-25  6.281512e-25  6.593124e-25  6.647846e-25  7.031621e-25  2.970622e-25  3.842162e-25  1.930531e-25  1.211293e-25  7.198515e-26  5.394116e-26  2.811085e-26  1.413001e-26  1.416102e-26  1.177052e-26  7.203675e-27  5.467710e-27  6.665247e-27  7.115978e-27  5.234174e-27  2.281204e-27  3.166492e-27  1.961963e-27  2.580212e-27  1.523365e-27  3.767742e-27  1.584632e-27  1.557921e-27  1.279895e-27  7.677909e-28  4.115147e-28  2.956252e-28  1.324662e-28  1.524825e-28  1.367587e-28  1.036362e-28  1.168363e-28  2.676238e-28  1.976728e-28  3.458307e-28  7.598291e-28  1.017077e-27  6.332737e-28  1.675269e-27  9.088896e-28  2.385822e-27  4.113232e-27  4.406914e-27  1.894212e-27  5.730757e-27  7.479915e-27  1.720756e-26  2.800964e-26  4.353858e-26  1.994565e-25  2.368999e-25  3.672315e-25  7.741236e-25  5.153934e-25  4.953661e-25  5.747668e-25  8.275374e-26  1.763002e-25  7.021890e-25  6.162609e-25  1.932744e-25  3.590170e-25  5.153040e-25  5.311163e-25  5.197882e-25  5.410765e-25  4.804698e-25  3.746149e-25  1.638533e-25  2.433971e-25  1.847693e-25  3.354142e-25  4.604067e-25  5.299041e-25  8.507503e-25  1.114010e-24  3.656365e-24  3.897442e-24  8.340862e-24  8.634413e-24  8.945624e-24  5.806390e-24  7.904036e-24  1.167805e-24  2.049451e-24  1.575298e-23  2.544365e-24  2.717856e-24  3.854235e-24  1.839789e-24  7.352522e-24  3.682603e-24  3.160686e-24  3.063336e-24  3.936545e-24  9.100620e-25  1.622166e-24  3.834673e-25  9.529611e-25  3.204644e-25  4.725717e-25  3.439765e-25  2.605643e-25  3.864114e-25  2.739542e-25  1.731030e-25  2.575460e-25  1.070696e-25  1.043691e-25  2.940233e-26  1.168397e-25  1.014912e-25  7.251787e-26  2.011462e-25  1.120170e-25  7.467451e-26  1.318469e-25  3.971065e-26  7.722317e-26  3.603561e-26  4.114677e-26  3.280355e-26  9.750132e-27  1.395699e-26  4.756337e-27  7.424881e-27  2.295751e-27  3.247025e-27  1.760581e-27  1.085206e-27  1.507793e-27  1.165106e-27  8.855848e-28  2.868932e-27  9.466215e-28  1.568780e-27  4.432687e-27  5.006113e-27  7.817927e-27  6.931326e-27  1.867705e-26  1.581598e-26  1.752899e-26  5.011996e-26  5.175578e-26  3.368123e-26  4.303167e-26  4.597879e-26  1.587123e-25  8.576873e-26  1.986004e-25  1.228072e-26  1.818210e-25  6.021692e-26  2.661521e-25  6.783287e-25  8.316068e-25  1.629189e-24  3.987095e-24  8.181830e-24  7.128231e-24  2.093010e-23  8.633397e-24  1.089578e-23  1.109236e-23  1.369371e-23  1.005448e-24  2.112504e-24  4.256323e-24  1.381056e-23  1.009610e-23  8.865198e-24  9.311569e-24  5.889964e-24  8.569112e-24  8.653259e-24  1.020892e-23  3.536792e-24  1.260423e-23  3.050196e-24  1.033124e-23  3.977368e-24  3.643379e-24  1.562619e-24  3.749301e-24  1.951376e-24  2.923480e-24  4.323995e-24  2.789561e-24  1.037247e-24  7.349680e-24  6.210087e-24  1.416494e-23  3.156451e-23  5.618048e-23  6.214437e-23  9.457989e-23  1.614642e-22  1.497089e-22  1.441971e-22  1.215155e-22  3.854686e-23  1.921367e-23  3.108046e-23  3.231359e-23  1.388821e-22  1.221546e-22  3.115604e-23  1.037756e-22  2.374877e-23  8.825372e-23  8.025450e-24  1.314692e-22  5.142880e-24  7.530420e-23  2.886622e-23  1.971982e-23  4.309325e-23  3.279593e-23  3.943191e-23  2.084599e-23  1.936999e-23  1.708213e-23  1.759592e-23  1.772936e-23  1.303129e-23  1.503155e-23  1.353872e-23  1.338165e-23  1.163160e-23  6.680716e-24  1.903448e-24  5.360104e-24  1.491671e-24  4.809493e-24  5.274084e-24  7.039041e-24  1.140464e-23  8.921434e-24  4.564003e-24  3.803696e-24  5.585010e-24  6.143656e-24  1.200996e-24  1.399079e-24  2.502758e-24  2.970386e-25  1.557950e-24  2.384828e-25  3.287250e-25  4.566444e-25  1.012709e-25  3.874380e-25  1.351917e-25  1.045810e-25  2.607777e-25  8.726816e-26  5.583732e-26  5.387771e-26  5.856384e-26  7.192295e-26  6.237549e-26  1.506644e-25  5.318226e-26  3.445606e-25  8.882094e-26  1.717089e-25  3.652371e-26  1.155159e-25  7.828591e-26  1.531078e-25  2.218621e-25  2.766332e-25  5.580956e-26  1.458381e-25  5.147872e-26  6.064702e-26  3.089197e-26  9.130407e-26  8.683011e-26  1.195990e-26  1.912843e-25  2.677431e-26  2.732073e-26  7.482403e-26  7.544626e-26  2.168353e-25  2.492230e-26  5.243831e-26  3.842438e-26  5.973529e-26  5.689159e-26  1.315770e-26  2.555513e-26  1.164890e-26  1.024353e-26  4.693837e-27  3.682353e-27  8.876332e-27  5.945551e-27  3.740429e-27  4.921881e-27  3.425608e-27  8.695456e-27  5.000275e-27  2.331700e-27  1.011498e-27  2.072422e-27  2.927250e-27  1.947679e-27  1.127863e-27  9.641763e-28  8.373398e-28  8.692371e-28  4.487956e-27  1.744703e-27  2.875481e-27  2.438600e-27  3.526522e-27  2.457211e-27  4.407239e-27  9.215358e-27  3.575367e-27  4.587392e-27  1.175210e-26  1.980532e-26  1.743662e-27  3.597676e-26  7.883936e-27  1.317911e-26  4.428622e-26  8.348984e-26  6.881383e-26  2.193983e-26  1.071737e-25  1.038989e-25  2.876045e-26  3.787887e-25  7.207616e-26  3.646694e-25  3.053455e-25  1.249545e-26  8.049594e-25  5.503654e-25  1.688733e-25  1.432594e-25  1.032486e-24  3.756755e-25  2.414667e-24  4.982697e-25  2.221080e-25  7.085516e-25  1.847647e-24  4.356868e-25  1.129874e-25  3.646827e-24  4.477272e-25  1.864651e-24  2.680961e-24  2.323357e-25  2.356506e-24  2.134396e-24  4.735627e-24
3.696647e-29  5.190378e-29  5.932781e-29  6.949458e-29  2.873732e-28  1.278106e-27  8.758621e-28  6.911188e-28  3.170608e-28  1.325705e-28  3.866961e-29  1.897970e-29  1.667552e-29  2.244329e-29  6.705537e-29  3.407050e-28  2.500658e-28  2.163549e-28  5.400690e-28  1.826871e-28  7.842166e-29  2.108837e-29  7.838717e-30  1.201554e-29  1.031694e-29  1.495333e-29  1.825035e-29  8.018095e-30  2.027862e-29  2.344090e-29  9.040293e-29  4.141787e-28  2.572063e-27  2.585441e-27  1.965542e-27  1.221152e-27  5.003735e-28  1.845043e-28  9.508623e-29  3.357972e-29  5.221363e-29  1.110903e-28  1.025403e-28  1.259502e-28  1.227674e-28  1.941344e-28  7.081863e-28  8.440750e-28  5.287839e-28  3.773431e-28  1.624344e-28  1.604772e-28  4.640939e-28  1.644566e-28  1.312863e-28  7.558970e-29  3.772594e-29  1.211005e-29  9.446413e-30  5.636942e-30  1.186651e-29  2.199971e-29  2.031065e-29  6.932086e-29  1.080060e-28  5.573744e-28  1.333226e-27  9.008720e-27  6.054078e-27  5.076840e-27  4.527414e-27  2.084621e-27  1.196734e-27  4.623531e-28  2.204659e-28  9.151168e-29  3.678845e-29  1.836682e-29  8.834641e-30  2.378595e-29  2.191843e-28  4.528746e-28  2.139023e-28  4.546199e-28  4.444532e-28  1.717376e-27  2.115970e-27  3.125161e-27  1.511864e-27  1.277411e-27  6.891346e-28  2.667138e-28  9.055245e-29  6.199844e-29  1.119587e-28  4.350505e-28  1.120586e-27  7.046694e-28  6.178734e-28  7.626665e-28  4.157074e-28  2.163058e-28  1.119665e-28  4.706749e-29  2.281952e-29  1.973409e-29  3.000066e-29  9.983814e-29  2.936218e-28  7.888618e-28  1.519439e-27  4.064628e-27  1.031952e-26  3.329380e-26  1.519443e-26  1.625348e-26  1.565862e-26  6.045454e-27  2.949751e-27  1.599714e-27  3.635127e-28  1.608355e-28  6.872048e-28  1.932013e-27  8.739369e-28  1.094991e-27  1.622360e-27  9.178237e-28  3.253597e-28  4.229381e-28  2.030092e-28  7.184167e-29  4.157101e-29  5.089113e-29  8.942918e-29  1.799063e-28  4.655649e-28  2.218323e-27  2.891113e-27  5.040609e-27  1.084431e-26  6.884804e-27  5.017070e-27  6.244469e-27  2.929521e-27  1.860009e-27  7.709954e-28  4.626099e-28  1.757638e-28  1.677725e-28  8.642973e-29  2.261932e-28  2.877868e-28  1.544638e-27  1.426429e-27  9.152435e-27  6.016104e-27  8.913299e-27  7.164890e-27  7.980026e-27  4.216344e-27  3.816968e-27  2.640410e-27  1.537785e-27  7.886429e-28  4.277472e-28  2.990237e-28  3.890038e-28  6.584582e-28  1.800548e-27  4.501721e-27  8.463212e-27  2.407078e-26  4.604905e-26  1.844913e-25  5.632119e-26  8.255784e-26  9.223902e-26  6.192685e-26  4.440985e-26  2.967960e-26  1.087654e-26  5.664113e-27  2.557830e-27  8.995278e-28  6.813951e-28  4.024688e-28  3.467678e-28  4.534085e-28  2.681940e-28  1.638134e-28  2.299822e-28  4.310533e-28  1.214242e-27  8.631302e-27  1.032684e-26  1.664325e-27  7.587657e-27  3.054737e-27  5.505670e-27  4.345172e-27  4.084487e-27  2.405357e-27  1.554811e-27  1.121376e-27  1.463627e-27  1.903284e-27  2.414364e-27  3.832285e-27  8.219299e-27  1.814613e-26  4.838486e-26  6.354180e-26  2.466275e-26  5.417898e-26  3.353700e-26  5.704324e-26  3.102806e-26  1.605662e-26  1.198141e-26  1.186001e-26  6.103035e-27  2.964048e-27  1.672560e-27  1.151047e-27  1.290172e-27  8.408322e-28  3.129978e-28  4.848354e-28  1.195614e-27  1.909269e-27  2.549070e-27  2.245575e-27  2.621023e-27  1.923620e-27  2.541164e-27  3.322253e-27  7.431655e-27  3.184699e-26  1.359515e-25  1.058653e-25  2.671957e-26  8.285367e-26  6.517252e-26  5.840792e-26  6.173605e-26  4.823610e-26  3.493172e-26  1.999714e-26  1.009422e-26  9.948737e-27  9.164386e-27  1.112935e-26  9.911175e-27  1.558696e-26  2.107823e-26  3.405916e-26  6.691958e-26  2.404261e-25  7.064847e-25  7.172594e-25  4.470953e-25  6.539566e-25  5.126806e-25  5.489224e-25  5.472276e-25  3.026521e-25  3.004831e-25  2.082415e-25  1.447182e-25  7.721508e-26  3.331541e-26  2.508754e-26  1.293041e-26  4.237845e-27  3.379945e-27  2.514513e-27  1.247332e-27  1.043466e-27  5.097302e-28  3.706258e-28  2.001799e-28  9.870142e-29  5.211147e-29  4.620861e-29  5.750827e-29  7.244258e-29  7.856834e-29  1.987672e-28  2.866712e-28  4.063536e-28  6.025610e-28  5.309360e-28  1.027998e-27  1.217550e-27  3.890633e-27  1.310350e-26  4.378250e-26  9.581360e-26  9.226220e-26  4.962014e-26  2.210607e-26  8.553025e-26  5.834611e-26  4.092037e-26  4.546047e-26  3.428821e-26  3.161030e-26  1.922658e-26  2.158095e-26  2.007374e-26  2.256061e-26  2.096713e-26  3.803331e-26  2.882182e-26  5.114376e-26  1.384152e-25  3.344848e-25  5.969325e-25  6.528332e-25  2.772171e-25  1.872179e-25  6.194917e-25  2.474827e-25  1.752166e-25  4.451050e-25  1.997839e-25  2.239977e-25  1.451509e-25  9.552468e-26  6.103413e-26  2.666396e-26  1.161273e-26  1.735814e-26  1.498491e-26  1.216920e-26  8.435368e-27  6.653307e-27  2.051589e-27  3.276057e-27  1.059411e-27  5.261766e-28  5.570780e-28  6.734733e-28  6.348355e-28  5.572263e-28  8.865657e-28  1.081089e-27  1.400489e-27  1.830062e-27  3.093065e-27  5.319392e-27  8.983420e-27  1.441790e-26  1.767372e-26  1.151326e-26  2.180687e-26  2.939054e-26  1.281680e-26  1.776641e-26  2.233319e-26  4.910454e-26  1.161034e-25  6.200284e-25  1.473725e-24  1.193864e-24  1.563794e-24  2.732114e-25  2.830852e-25  1.020996e-24  8.645556e-25  8.668471e-25  7.694006e-25  8.212744e-25  5.138845e-25  4.561962e-25  3.220506e-25  2.721948e-25  2.860454e-25  1.634247e-25  1.977257e-25  1.792230e-25  1.414254e-25  1.619293e-25  2.172236e-25  3.522032e-25  3.512249e-25  2.331348e-24  4.834891e-24  1.009648e-23  7.463014e-24  5.494335e-24  8.952977e-25  3.745789e-24  6.380892e-24  5.424657e-24  3.192093e-24  4.839179e-24  4.606581e-24  3.653350e-24  1.823078e-24  3.168362e-24  1.738049e-24  7.833748e-25  6.151436e-25  6.466246e-25  6.611561e-25  6.964314e-25  2.912824e-25  3.770733e-25  1.881985e-25  1.170767e-25  6.890277e-26  5.163877e-26  2.659900e-26  1.350780e-26  1.343597e-26  1.143332e-26  6.908092e-27  5.276529e-27  6.474977e-27  7.011082e-27  5.189079e-27  2.259163e-27  3.129940e-27  1.935160e-27  2.563526e-27  1.505708e-27  3.766635e-27  1.562036e-27  1.539318e-27  1.264754e-27  7.485805e-28  3.999021e-28  2.835737e-28  1.266048e-28  1.444829e-28  1.295594e-28  9.771813e-29  1.106509e-28  2.536828e-28  1.889454e-28  3.316674e-28  7.328226e-28  9.951737e-28  6.187353e-28  1.623772e-27  8.878794e-28  2.336145e-27  4.079475e-27  4.347512e-27  1.808821e-27  5.593841e-27  7.236868e-27  1.639898e-26  2.711850e-26  4.184485e-26  1.947008e-25  2.320250e-25  3.638320e-25  7.745967e-25  5.194452e-25  5.008951e-25  5.827178e-25  8.353625e-26  1.770480e-25  7.091310e-25  6.156230e-25  1.913672e-25  3.607810e-25  5.172347e-25  5.313387e-25  5.199511e-25  5.399379e-25  4.804443e-25  3.727202e-25  1.598126e-25  2.417050e-25  1.827203e-25  3.336838e-25  4.569555e-25  5.173685e-25  8.294710e-25  1.080119e-24  3.584518e-24  3.842913e-24  8.305133e-24  8.647023e-24  9.023876e-24  5.876519e-24  8.038979e-24  1.182476e-24  2.060231e-24  1.577523e-23  2.529677e-24  2.760877e-24  3.890424e-24  1.855417e-24  7.402705e-24  3.682958e-24  3.141289e-24  3.036663e-24  3.878181e-24  8.881072e-25  1.580502e-24  3.704278e-25  9.192347e-25  3.101154e-25  4.560802e-25  3.392026e-25  2.550270e-25  3.826053e-25  2.735028e-25  1.740390e-25  2.577733e-25  1.075181e-25  1.048631e-25  2.899584e-26  1.170922e-25  1.021699e-25  7.222936e-26  2.025495e-25  1.114043e-25  7.448609e-26  1.305507e-25  3.910241e-26  7.634085e-26  3.519691e-26  4.043128e-26  3.202031e-26  9.384152e-27  1.337755e-26  4.570852e-27  7.132303e-27  2.170803e-27  3.074276e-27  1.693967e-27  1.023899e-27  1.423922e-27  1.110017e-27  8.333359e-28  2.767359e-27  8.854890e-28  1.510885e-27  4.219985e-27  4.764160e-27  7.436316e-27  6.624986e-27  1.813180e-26  1.507866e-26  1.699704e-26  4.901782e-26  5.034528e-26  3.247757e-26  4.254335e-26  4.491008e-26  1.572289e-25  8.532222e-26  1.964335e-25  1.201219e-26  1.810284e-25  5.685425e-26  2.647291e-25  6.637184e-25  7.937389e-25  1.565099e-24  3.900398e-24  8.038350e-24  7.073741e-24  2.095003e-23  8.681663e-24  1.095785e-23  1.119624e-23  1.394229e-23  9.928140e-25  2.132100e-24  4.306608e-24  1.395012e-23  1.018773e-23  8.833759e-24  9.382793e-24  5.818241e-24  8.623240e-24  8.674888e-24  1.021264e-23  3.495056e-24  1.260338e-23  3.014272e-24  1.028258e-23  3.955318e-24  3.564145e-24  1.539335e-24  3.713684e-24  1.935781e-24  2.890687e-24  4.337636e-24  2.773788e-24  9.993013e-25  7.291025e-24  5.943669e-24  1.359734e-23  3.080515e-23  5.498888e-23  6.140716e-23  9.376220e-23  1.620248e-22  1.506271e-22  1.458913e-22  1.232809e-22  3.902305e-23  1.948862e-23  3.133174e-23  3.259448e-23  1.404976e-22  1.227729e-22  3.083571e-23  1.038874e-22  2.370207e-23  8.861290e-23  7.914756e-24  1.317864e-22  5.026723e-24  7.526743e-23  2.826699e-23  1.946035e-23  4.249322e-23  3.231225e-23  3.871307e-23  2.063060e-23  1.880862e-23  1.698549e-23  1.752611e-23  1.756096e-23  1.289933e-23  1.496440e-23  1.340914e-23  1.351313e-23  1.153417e-23  6.742976e-24  1.871367e-24  5.400196e-24  1.483839e-24  4.855829e-24  5.289997e-24  7.019205e-24  1.147976e-23  8.889444e-24  4.526826e-24  3.753303e-24  5.540556e-24  6.045772e-24  1.180767e-24  1.362935e-24  2.425025e-24  2.841681e-25  1.497076e-24  2.306660e-25  3.138327e-25  4.365626e-25  9.515897e-26  3.718986e-25  1.315942e-25  1.009120e-25  2.507336e-25  8.470849e-26  5.383649e-26  5.146130e-26  5.653246e-26  7.097517e-26  6.043407e-26  1.489040e-25  5.198811e-26  3.430214e-25  8.740995e-26  1.712242e-25  3.532747e-26  1.155664e-25  7.871336e-26  1.532050e-25  2.241171e-25  2.789535e-25  5.586102e-26  1.472479e-25  5.170118e-26  6.135341e-26  3.018184e-26  9.260790e-26  8.675703e-26  1.156863e-26  1.932837e-25  2.677801e-26  2.690273e-26  7.537437e-26  7.576464e-26  2.168535e-25  2.479133e-26  5.207143e-26  3.788432e-26  5.922455e-26  5.573062e-26  1.276133e-26  2.478026e-26  1.144403e-26  9.935456e-27  4.573070e-27  3.640372e-27  8.628798e-27  5.888990e-27  3.705407e-27  4.713483e-27  3.373293e-27  8.484302e-27  4.832481e-27  2.238237e-27  9.405782e-28  1.964168e-27  2.796809e-27  1.825331e-27  1.072449e-27  8.994683e-28  7.883322e-28  8.058900e-28  4.244503e-27  1.665348e-27  2.675349e-27  2.370810e-27  3.309429e-27  2.361737e-27  4.094482e-27  8.866803e-27  3.288135e-27  4.276951e-27  1.126583e-26  1.879159e-26  1.658428e-27  3.381294e-26  7.589513e-27  1.209597e-26  4.214133e-26  7.914214e-26  6.528323e-26  2.107633e-26  1.030032e-25  1.007701e-25  2.750965e-26  3.657127e-25  6.970429e-26  3.564410e-25  2.937299e-25  1.145622e-26  7.894655e-25  5.374821e-25  1.667457e-25  1.353234e-25  1.023109e-24  3.710177e-25  2.408643e-24  4.882384e-25  2.148555e-25  6.982986e-25  1.852290e-24  4.271909e-25  1.070383e-25  3.661340e-24  4.329021e-25  1.860330e-24  2.664530e-24  2.261201e-25  2.332085e-24  2.116191e-24  4.763524e-24
3.701490e-29  5.209902e-29  5.928713e-29  6.867283e-29  2.868341e-28  1.284780e-27  8.818968e-28  6.887962e-28  3.134931e-28  1.303167e-28  3.755438e-29  1.858938e-29  1.661068e-29  2.227501e-29  6.706452e-29  3.422291e-28  2.511068e-28  2.164682e-28  5.403583e-28  1.822587e-28  7.750795e-29  2.057194e-29  7.644205e-30  1.195601e-29  1.034287e-29  1.496115e-29  1.824095e-29  8.016106e-30  2.012894e-29  2.287947e-29  8.921396e-29  4.116226e-28  2.582850e-27  2.601890e-27  1.973140e-27  1.210939e-27  4.908723e-28  1.796259e-28  9.339590e-29  3.285267e-29  5.182410e-29  1.113312e-28  1.031682e-28  1.258774e-28  1.222298e-28  1.926234e-28  7.099640e-28  8.500009e-28  5.300531e-28  3.751245e-28  1.592893e-28  1.589108e-28  4.657282e-28  1.646376e-28  1.314154e-28  7.490178e-29  3.689538e-29  1.175615e-29  9.230442e-30  5.542627e-30  1.174523e-29  2.187835e-29  2.022641e-29  6.831786e-29  1.062824e-28  5.502532e-28  1.325934e-27  9.037073e-27  6.113235e-27  5.100024e-27  4.508018e-27  2.050260e-27  1.179862e-27  4.548506e-28  2.175307e-28  9.019107e-29  3.609888e-29  1.807614e-29  8.730812e-30  2.350418e-29  2.187023e-28  4.561714e-28  2.130704e-28  4.551169e-28  4.420443e-28  1.709855e-27  2.123744e-27  3.138870e-27  1.521179e-27  1.277228e-27  6.818299e-28  2.599981e-28  8.704203e-29  5.993840e-29  1.107967e-28  4.343779e-28  1.127016e-27  7.095883e-28  6.221939e-28  7.635686e-28  4.121639e-28  2.126762e-28  1.093633e-28  4.543485e-29  2.190107e-29  1.917815e-29  2.928659e-29  9.829715e-29  2.915071e-28  7.754140e-28  1.506455e-27  4.045693e-27  1.032559e-26  3.345082e-26  1.534955e-26  1.632697e-26  1.561693e-26  5.940545e-27  2.865215e-27  1.533881e-27  3.435982e-28  1.516854e-28  6.785769e-28  1.939798e-27  8.733776e-28  1.094788e-27  1.628977e-27  9.143949e-28  3.236564e-28  4.208247e-28  1.995795e-28  6.988590e-29  4.045791e-29  5.008953e-29  8.731716e-29  1.780679e-28  4.599123e-28  2.200154e-27  2.909866e-27  5.044157e-27  1.090431e-26  6.922166e-27  5.039910e-27  6.237023e-27  2.903420e-27  1.822903e-27  7.506735e-28  4.515939e-28  1.712366e-28  1.647663e-28  8.460108e-29  2.222183e-28  2.842653e-28  1.557298e-27  1.417346e-27  9.131800e-27  6.038971e-27  8.948511e-27  7.228453e-27  7.996687e-27  4.195580e-27  3.800691e-27  2.606688e-27  1.502104e-27  7.690321e-28  4.177205e-28  2.909476e-28  3.828793e-28  6.407406e-28  1.759205e-27  4.449977e-27  8.397341e-27  2.393509e-26  4.594989e-26  1.851409e-25  5.686518e-26  8.327319e-26  9.262704e-26  6.179790e-26  4.397840e-26  2.912894e-26  1.055790e-26  5.438707e-27  2.445829e-27  8.475061e-28  6.563715e-28  3.919145e-28  3.408585e-28  4.502406e-28  2.656122e-28  1.615753e-28  2.291198e-28  4.253737e-28  1.183315e-27  8.571547e-27  1.044185e-26  1.676939e-27  7.623107e-27  3.051102e-27  5.520466e-27  4.313178e-27  4.062634e-27  2.393211e-27  1.539237e-27  1.118706e-27  1.451761e-27  1.875124e-27  2.381879e-27  3.764023e-27  8.165571e-27  1.798795e-26  4.820762e-26  6.422339e-26  2.472947e-26  5.453434e-26  3.372379e-26  5.718135e-26  3.088995e-26  1.585381e-26  1.186118e-26  1.172854e-26  5.980527e-27  2.880454e-27  1.609322e-27  1.110416e-27  1.274210e-27  8.403365e-28  3.102745e-28  4.822769e-28  1.190212e-27  1.907522e-27  2.554870e-27  2.250338e-27  2.613814e-27  1.909908e-27  2.533752e-27  3.282847e-27  7.329144e-27  3.126370e-26  1.359364e-25  1.070257e-25  2.692961e-26  8.370725e-26  6.532503e-26  5.839434e-26  6.176369e-26  4.807149e-26  3.438804e-26  1.972054e-26  1.000570e-26  9.805025e-27  8.993276e-27  1.091422e-26  9.665476e-27  1.533235e-26  2.092520e-26  3.365216e-26  6.606621e-26  2.372409e-25  7.070125e-25  7.230101e-25  4.475832e-25  6.585527e-25  5.187106e-25  5.518606e-25  5.465327e-25  3.015107e-25  2.988709e-25  2.057368e-25  1.419462e-25  7.495747e-26  3.216440e-26  2.407891e-26  1.229337e-26  4.003939e-27  3.221724e-27  2.419497e-27  1.211085e-27  1.007723e-27  4.867616e-28  3.516850e-28  1.880923e-28  9.204429e-29  4.893347e-29  4.343057e-29  5.454405e-29  7.009548e-29  7.653320e-29  1.950616e-28  2.798985e-28  4.023483e-28  5.976693e-28  5.243135e-28  1.011580e-27  1.190688e-27  3.777061e-27  1.277738e-26  4.304853e-26  9.564636e-26  9.323898e-26  5.042581e-26  2.237992e-26  8.591965e-26  5.859959e-26  4.111494e-26  4.550128e-26  3.406571e-26  3.115569e-26  1.895991e-26  2.122559e-26  1.976159e-26  2.229762e-26  2.068070e-26  3.784447e-26  2.832341e-26  5.045771e-26  1.362847e-25  3.305623e-25  5.961267e-25  6.607184e-25  2.812627e-25  1.890069e-25  6.201633e-25  2.503590e-25  1.762032e-25  4.469825e-25  1.986582e-25  2.213501e-25  1.428143e-25  9.373411e-26  5.945929e-26  2.588803e-26  1.129623e-26  1.705576e-26  1.475686e-26  1.205987e-26  8.275977e-27  6.514582e-27  1.983259e-27  3.159922e-27  1.020712e-27  5.096626e-28  5.406110e-28  6.537955e-28  6.275216e-28  5.532886e-28  8.747484e-28  1.070612e-27  1.384917e-27  1.803201e-27  3.025701e-27  5.249262e-27  8.873125e-27  1.438988e-26  1.770672e-26  1.134582e-26  2.180121e-26  2.931102e-26  1.269925e-26  1.771952e-26  2.218006e-26  4.850685e-26  1.117920e-25  6.066177e-25  1.469421e-24  1.199291e-24  1.585430e-24  2.766826e-25  2.854557e-25  1.031067e-24  8.675657e-25  8.693283e-25  7.723571e-25  8.209310e-25  5.117266e-25  4.512331e-25  3.204599e-25  2.671426e-25  2.825991e-25  1.603446e-25  1.939890e-25  1.770065e-25  1.387883e-25  1.593974e-25  2.159360e-25  3.488472e-25  3.425847e-25  2.275531e-24  4.776137e-24  1.012211e-23  7.532655e-24  5.580603e-24  9.024228e-25  3.797359e-24  6.427449e-24  5.425436e-24  3.176937e-24  4.875371e-24  4.603784e-24  3.636300e-24  1.806899e-24  3.126522e-24  1.717463e-24  7.700478e-25  6.023326e-25  6.342243e-25  6.575806e-25  6.898216e-25  2.855528e-25  3.698804e-25  1.833645e-25  1.130788e-25  6.588110e-26  4.937867e-26  2.514228e-26  1.291010e-26  1.274494e-26  1.110902e-26  6.625393e-27  5.093393e-27  6.292421e-27  6.910086e-27  5.147407e-27  2.240034e-27  3.096041e-27  1.909919e-27  2.548890e-27  1.488680e-27  3.766055e-27  1.539848e-27  1.520900e-27  1.249850e-27  7.297930e-28  3.884413e-28  2.718524e-28  1.209440e-28  1.367553e-28  1.226395e-28  9.205731e-29  1.046549e-28  2.401271e-28  1.803669e-28  3.179129e-28  7.060871e-28  9.731408e-28  6.041569e-28  1.572327e-27  8.670280e-28  2.285759e-27  4.044955e-27  4.288404e-27  1.725615e-27  5.464444e-27  7.003046e-27  1.561218e-26  2.625015e-26  4.017286e-26  1.899057e-25  2.270792e-25  3.602863e-25  7.748733e-25  5.235016e-25  5.065591e-25  5.908230e-25  8.434807e-26  1.777869e-25  7.161290e-25  6.148526e-25  1.895249e-25  3.625722e-25  5.192140e-25  5.314886e-25  5.201223e-25  5.386942e-25  4.803614e-25  3.707960e-25  1.557256e-25  2.400585e-25  1.807193e-25  3.320534e-25  4.536631e-25  5.050874e-25  8.084117e-25  1.046461e-24  3.511614e-24  3.787388e-24  8.266743e-24  8.656934e-24  9.101497e-24  5.948954e-24  8.178687e-24  1.197724e-24  2.070402e-24  1.579729e-23  2.515027e-24  2.805129e-24  3.927139e-24  1.871704e-24  7.453097e-24  3.682133e-24  3.120539e-24  3.008660e-24  3.818124e-24  8.658043e-25  1.538633e-24  3.574930e-25  8.857084e-25  3.000786e-25  4.398461e-25  3.345844e-25  2.496867e-25  3.788970e-25  2.732797e-25  1.750452e-25  2.580271e-25  1.080301e-25  1.054139e-25  2.861078e-26  1.173776e-25  1.028477e-25  7.195766e-26  2.039828e-25  1.107679e-25  7.427477e-26  1.292037e-25  3.849948e-26  7.543815e-26  3.437259e-26  3.971641e-26  3.124827e-26  9.024233e-27  1.280101e-26  4.390919e-27  6.846954e-27  2.049683e-27  2.906034e-27  1.630302e-27  9.646461e-28  1.343978e-27  1.057074e-27  7.838933e-28  2.667758e-27  8.276135e-28  1.456287e-27  4.010759e-27  4.531168e-27  7.065647e-27  6.326001e-27  1.758785e-26  1.435898e-26  1.647461e-26  4.790419e-26  4.892322e-26  3.128515e-26  4.205450e-26  4.383349e-26  1.556385e-25  8.484517e-26  1.942164e-25  1.175766e-26  1.802185e-25  5.362170e-26  2.634522e-25  6.495602e-25  7.565225e-25  1.501415e-24  3.813314e-24  7.890976e-24  7.016555e-24  2.096393e-23  8.728657e-24  1.101980e-23  1.130343e-23  1.419917e-23  9.796333e-25  2.152262e-24  4.358123e-24  1.409074e-23  1.027959e-23  8.799517e-24  9.455894e-24  5.745816e-24  8.676649e-24  8.694854e-24  1.021529e-23  3.453477e-24  1.260112e-23  2.978147e-24  1.023227e-23  3.933432e-24  3.483355e-24  1.516332e-24  3.678475e-24  1.920680e-24  2.858330e-24  4.351435e-24  2.758114e-24  9.626732e-25  7.236518e-24  5.684393e-24  1.303789e-23  3.004125e-23  5.377750e-23  6.064219e-23  9.293358e-23  1.625429e-22  1.515347e-22  1.476212e-22  1.250723e-22  3.952207e-23  1.977118e-23  3.159027e-23  3.288354e-23  1.421564e-22  1.233741e-22  3.050584e-23  1.040001e-22  2.366350e-23  8.897967e-23  7.809037e-24  1.320896e-22  4.910289e-24  7.519860e-23  2.766252e-23  1.919417e-23  4.187363e-23  3.181422e-23  3.798640e-23  2.041000e-23  1.824648e-23  1.689004e-23  1.746417e-23  1.740226e-23  1.276687e-23  1.490994e-23  1.327555e-23  1.364781e-23  1.143856e-23  6.809420e-24  1.840363e-24  5.444880e-24  1.477403e-24  4.904461e-24  5.306997e-24  6.997940e-24  1.155465e-23  8.856587e-24  4.488811e-24  3.701565e-24  5.495138e-24  5.946903e-24  1.160241e-24  1.326944e-24  2.346824e-24  2.716914e-25  1.436790e-24  2.231120e-25  2.993025e-25  4.171396e-25  8.936803e-26  3.566514e-25  1.280749e-25  9.733927e-26  2.407848e-25  8.221183e-26  5.189415e-26  4.914274e-26  5.456179e-26  7.007434e-26  5.852726e-26  1.471450e-25  5.079786e-26  3.413915e-25  8.599735e-26  1.706618e-25  3.415029e-26  1.155949e-25  7.915295e-26  1.533832e-25  2.263604e-25  2.812162e-25  5.595015e-26  1.486920e-25  5.194278e-26  6.207449e-26  2.945732e-26  9.394829e-26  8.667708e-26  1.118742e-26  1.953353e-25  2.679164e-26  2.648587e-26  7.594948e-26  7.605047e-26  2.168361e-25  2.465664e-26  5.168988e-26  3.733491e-26  5.871003e-26  5.452480e-26  1.236136e-26  2.397952e-26  1.125562e-26  9.633991e-27  4.456472e-27  3.600361e-27  8.384656e-27  5.829606e-27  3.671686e-27  4.509841e-27  3.321084e-27  8.271286e-27  4.664240e-27  2.146387e-27  8.733906e-28  1.858584e-27  2.666650e-27  1.707368e-27  1.018835e-27  8.381097e-28  7.419226e-28  7.461818e-28  4.008237e-27  1.589849e-27  2.484396e-27  2.304080e-27  3.101259e-27  2.267085e-27  3.800155e-27  8.523873e-27  3.024679e-27  3.984666e-27  1.079136e-26  1.782975e-26  1.578557e-27  3.173344e-26  7.307006e-27  1.106427e-26  4.007198e-26  7.485202e-26  6.182333e-26  2.023873e-26  9.894993e-26  9.769100e-26  2.629060e-26  3.527423e-25  6.733513e-26  3.479581e-25  2.823476e-25  1.047761e-26  7.737455e-25  5.244637e-25  1.646942e-25  1.274803e-25  1.013327e-24  3.662348e-25  2.402299e-24  4.782930e-25  2.075092e-25  6.880474e-25  1.856362e-24  4.187206e-25  1.010368e-25  3.677051e-24  4.180728e-25  1.856709e-24  2.646992e-24  2.199001e-25  2.307801e-24  2.097358e-24  4.791531e-24
3.706450e-29  5.230503e-29  5.925455e-29  6.784160e-29  2.863078e-28  1.291584e-27  8.880152e-28  6.863698e-28  3.099149e-28  1.280881e-28  3.645541e-29  1.820921e-29  1.655171e-29  2.210771e-29  6.707317e-29  3.437967e-28  2.521769e-28  2.165881e-28  5.406984e-28  1.818421e-28  7.658742e-29  2.005740e-29  7.451434e-30  1.189866e-29  1.037107e-29  1.496947e-29  1.823265e-29  8.014526e-30  1.997807e-29  2.232133e-29  8.801764e-29  4.090657e-28  2.593864e-27  2.618859e-27  1.980809e-27  1.200490e-27  4.813044e-28  1.748225e-28  9.176587e-29  3.214873e-29  5.143952e-29  1.115859e-28  1.038125e-28  1.258003e-28  1.216923e-28  1.910989e-28  7.117187e-28  8.561471e-28  5.313471e-28  3.728521e-28  1.561145e-28  1.573657e-28  4.674157e-28  1.648505e-28  1.315423e-28  7.420152e-29  3.605885e-29  1.140835e-29  9.019853e-30  5.451417e-30  1.162430e-29  2.175959e-29  2.014592e-29  6.732742e-29  1.045669e-28  5.430579e-28  1.318451e-27  9.065136e-27  6.174171e-27  5.123210e-27  4.487397e-27  2.015501e-27  1.163198e-27  4.476352e-28  2.147304e-28  8.891662e-29  3.542610e-29  1.779680e-29  8.631877e-30  2.321996e-29  2.181888e-28  4.595292e-28  2.122539e-28  4.556126e-28  4.396123e-28  1.702136e-27  2.131615e-27  3.152821e-27  1.530617e-27  1.276923e-27  6.743308e-28  2.532859e-28  8.357743e-29  5.791403e-29  1.096361e-28  4.336834e-28  1.133583e-27  7.146110e-28  6.265975e-28  7.643577e-28  4.085005e-28  2.090170e-28  1.067681e-28  4.383083e-29  2.100341e-29  1.863403e-29  2.858885e-29  9.676420e-29  2.893679e-28  7.620371e-28  1.493316e-27  4.025662e-27  1.033275e-26  3.361106e-26  1.550801e-26  1.640186e-26  1.557126e-26  5.834076e-27  2.780545e-27  1.468828e-27  3.243433e-28  1.429200e-28  6.700255e-28  1.947901e-27  8.729715e-28  1.094489e-27  1.635636e-27  9.108112e-28  3.220033e-28  4.187131e-28  1.961158e-28  6.794896e-29  3.936422e-29  4.931213e-29  8.521586e-29  1.762035e-28  4.542497e-28  2.181557e-27  2.928688e-27  5.047705e-27  1.096538e-26  6.959606e-27  5.062664e-27  6.228731e-27  2.876704e-27  1.785401e-27  7.306471e-28  4.408244e-28  1.668781e-28  1.618400e-28  8.283324e-29  2.182757e-28  2.807322e-28  1.570100e-27  1.408204e-27  9.110286e-27  6.062572e-27  8.984075e-27  7.292957e-27  8.012510e-27  4.174319e-27  3.784110e-27  2.572313e-27  1.466236e-27  7.497364e-28  4.080001e-28  2.831221e-28  3.768847e-28  6.234050e-28  1.717690e-27  4.396990e-27  8.330335e-27  2.379943e-26  4.584321e-26  1.857963e-25  5.742321e-26  8.399732e-26  9.301031e-26  6.165683e-26  4.353394e-26  2.857153e-26  1.023842e-26  5.216385e-27  2.337275e-27  7.976283e-28  6.325926e-28  3.820138e-28  3.352435e-28  4.472342e-28  2.631590e-28  1.594205e-28  2.283059e-28  4.198057e-28  1.152624e-27  8.509673e-27  1.055974e-26  1.689944e-27  7.659341e-27  3.047919e-27  5.534427e-27  4.279729e-27  4.040217e-27  2.381093e-27  1.524278e-27  1.116411e-27  1.440095e-27  1.846763e-27  2.348878e-27  3.695625e-27  8.111114e-27  1.782556e-26  4.802069e-26  6.491928e-26  2.480049e-26  5.489175e-26  3.391234e-26  5.731385e-26  3.074915e-26  1.564772e-26  1.174067e-26  1.159776e-26  5.857742e-27  2.797431e-27  1.547049e-27  1.070563e-27  1.258963e-27  8.404140e-28  3.078863e-28  4.798800e-28  1.184686e-27  1.905477e-27  2.560788e-27  2.255569e-27  2.606733e-27  1.896278e-27  2.525985e-27  3.243434e-27  7.226556e-27  3.067558e-26  1.358966e-25  1.082085e-25  2.714599e-26  8.458038e-26  6.547164e-26  5.837764e-26  6.178259e-26  4.789213e-26  3.384272e-26  1.944459e-26  9.919439e-27  9.664847e-27  8.825134e-27  1.069989e-26  9.421093e-27  1.507521e-26  2.076821e-26  3.324565e-26  6.521252e-26  2.340108e-25  7.074297e-25  7.289185e-25  4.480536e-25  6.632103e-25  5.248866e-25  5.547280e-25  5.457810e-25  3.003247e-25  2.972219e-25  2.031929e-25  1.391369e-25  7.270772e-26  3.102681e-26  2.309038e-26  1.167703e-26  3.780187e-27  3.071866e-27  2.329458e-27  1.176907e-27  9.736726e-28  4.647665e-28  3.335373e-28  1.765254e-28  8.578386e-29  4.596354e-29  4.079621e-29  5.175164e-29  6.781839e-29  7.458660e-29  1.914454e-28  2.731419e-28  3.983115e-28  5.927483e-28  5.177990e-28  9.953752e-28  1.164379e-27  3.664902e-27  1.245143e-26  4.230315e-26  9.545430e-26  9.422949e-26  5.125996e-26  2.266217e-26  8.630703e-26  5.886437e-26  4.131428e-26  4.553810e-26  3.383503e-26  3.069328e-26  1.868903e-26  2.086855e-26  1.945099e-26  2.203432e-26  2.039259e-26  3.764744e-26  2.782988e-26  4.978308e-26  1.341439e-25  3.265022e-25  5.952392e-25  6.686809e-25  2.854658e-25  1.908345e-25  6.208317e-25  2.532924e-25  1.772299e-25  4.487884e-25  1.974755e-25  2.186185e-25  1.404280e-25  9.194088e-26  5.790265e-26  2.513147e-26  1.098894e-26  1.676927e-26  1.453375e-26  1.195432e-26  8.119283e-27  6.375194e-27  1.916567e-27  3.045211e-27  9.832686e-28  4.939195e-28  5.245664e-28  6.351120e-28  6.205747e-28  5.495684e-28  8.632480e-28  1.060482e-27  1.369799e-27  1.777323e-27  2.958031e-27  5.179213e-27  8.762745e-27  1.436188e-26  1.774146e-26  1.117823e-26  2.179634e-26  2.922723e-26  1.257821e-26  1.767227e-26  2.203200e-26  4.793690e-26  1.075613e-25  5.931233e-25  1.464675e-24  1.204415e-24  1.607662e-24  2.802589e-25  2.878810e-25  1.041352e-24  8.704944e-25  8.718176e-25  7.753766e-25  8.205906e-25  5.093901e-25  4.461058e-25  3.188566e-25  2.620508e-25  2.791491e-25  1.572788e-25  1.902507e-25  1.748089e-25  1.361400e-25  1.569076e-25  2.146164e-25  3.455378e-25  3.340188e-25  2.219403e-24  4.715706e-24  1.014354e-23  7.603497e-24  5.669879e-24  9.100269e-25  3.849375e-24  6.475330e-24  5.425673e-24  3.161491e-24  4.911364e-24  4.600488e-24  3.618361e-24  1.790829e-24  3.083574e-24  1.696877e-24  7.568843e-25  5.896114e-25  6.221457e-25  6.539529e-25  6.832044e-25  2.798709e-25  3.627081e-25  1.785656e-25  1.091269e-25  6.291267e-26  4.716463e-26  2.373368e-26  1.233694e-26  1.208778e-26  1.079634e-26  6.355139e-27  4.918632e-27  6.117609e-27  6.811929e-27  5.108865e-27  2.223641e-27  3.065073e-27  1.886117e-27  2.536477e-27  1.472104e-27  3.766476e-27  1.517779e-27  1.502469e-27  1.235078e-27  7.113362e-28  3.771548e-28  2.604594e-28  1.154854e-28  1.293023e-28  1.159840e-28  8.665879e-29  9.886533e-29  2.269713e-28  1.719204e-28  3.045467e-28  6.794615e-28  9.510522e-28  5.895375e-28  1.521161e-27  8.464475e-28  2.235066e-27  4.009448e-27  4.227932e-27  1.644748e-27  5.342173e-27  6.779809e-27  1.484546e-26  2.540769e-26  3.851463e-26  1.850219e-25  2.220912e-25  3.565576e-25  7.748244e-25  5.275994e-25  5.123193e-25  5.991257e-25  8.517851e-26  1.785430e-25  7.231717e-25  6.140824e-25  1.876999e-25  3.644768e-25  5.211343e-25  5.316603e-25  5.201764e-25  5.373421e-25  4.802561e-25  3.688307e-25  1.516268e-25  2.384079e-25  1.787491e-25  3.305296e-25  4.504981e-25  4.930688e-25  7.875878e-25  1.012921e-24  3.437972e-24  3.730354e-24  8.225465e-24  8.664478e-24  9.180631e-24  6.020451e-24  8.322908e-24  1.213503e-24  2.080470e-24  1.581956e-23  2.501098e-24  2.850449e-24  3.964310e-24  1.887987e-24  7.503172e-24  3.679634e-24  3.098360e-24  2.978526e-24  3.756751e-24  8.436160e-25  1.496547e-24  3.446865e-25  8.524030e-25  2.902516e-25  4.239322e-25  3.300723e-25  2.445570e-25  3.751626e-25  2.732318e-25  1.761451e-25  2.582825e-25  1.085868e-25  1.060165e-25  2.825457e-26  1.176789e-25  1.035479e-25  7.169652e-26  2.054509e-25  1.101179e-25  7.404913e-26  1.278113e-25  3.789204e-26  7.451657e-26  3.355180e-26  3.900552e-26  3.048387e-26  8.671511e-27  1.222408e-26  4.216512e-27  6.567400e-27  1.933902e-27  2.742105e-27  1.569296e-27  9.075458e-28  1.267546e-27  1.006444e-27  7.371180e-28  2.570252e-27  7.728136e-28  1.404896e-27  3.806585e-27  4.306588e-27  6.706060e-27  6.035046e-27  1.704675e-26  1.365743e-26  1.595919e-26  4.677694e-26  4.750605e-26  3.011341e-26  4.155486e-26  4.275014e-26  1.540147e-25  8.433165e-26  1.919163e-25  1.150908e-26  1.793814e-25  5.054257e-26  2.623052e-25  6.359566e-25  7.197994e-25  1.438142e-24  3.725502e-24  7.739810e-24  6.955228e-24  2.097782e-23  8.773163e-24  1.108105e-23  1.141199e-23  1.446630e-23  9.662931e-25  2.173321e-24  4.411358e-24  1.422995e-23  1.037287e-23  8.761260e-24  9.530825e-24  5.672634e-24  8.728591e-24  8.716459e-24  1.021801e-23  3.411862e-24  1.260056e-23  2.941976e-24  1.017822e-23  3.912626e-24  3.401769e-24  1.493232e-24  3.643892e-24  1.905830e-24  2.826933e-24  4.366156e-24  2.742638e-24  9.270859e-25  7.184650e-24  5.431593e-24  1.248867e-23  2.927867e-23  5.255422e-23  5.983652e-23  9.208832e-23  1.630597e-22  1.524178e-22  1.493724e-22  1.269136e-22  4.003251e-23  2.006313e-23  3.185052e-23  3.318860e-23  1.438884e-22  1.239576e-22  3.016033e-23  1.041207e-22  2.362849e-23  8.937053e-23  7.715389e-24  1.323635e-22  4.794736e-24  7.509577e-23  2.706007e-23  1.893013e-23  4.123426e-23  3.130957e-23  3.725136e-23  2.018268e-23  1.768747e-23  1.679492e-23  1.740618e-23  1.725430e-23  1.263276e-23  1.486535e-23  1.313562e-23  1.378349e-23  1.134685e-23  6.880023e-24  1.809924e-24  5.493966e-24  1.470605e-24  4.955823e-24  5.325590e-24  6.976449e-24  1.162743e-23  8.820475e-24  4.450456e-24  3.650781e-24  5.446855e-24  5.846227e-24  1.139706e-24  1.291083e-24  2.267697e-24  2.596627e-25  1.377084e-24  2.158442e-25  2.852132e-25  3.983205e-25  8.387620e-26  3.417204e-25  1.246218e-25  9.387221e-26  2.309358e-25  7.977426e-26  5.001451e-26  4.690602e-26  5.264866e-26  6.921605e-26  5.664884e-26  1.453489e-25  4.961178e-26  3.397045e-25  8.456069e-26  1.700131e-25  3.299251e-26  1.156020e-25  7.961555e-26  1.535673e-25  2.286815e-25  2.834600e-25  5.607105e-26  1.501503e-25  5.222933e-26  6.281680e-26  2.872556e-26  9.533657e-26  8.656884e-26  1.081766e-26  1.974584e-25  2.678756e-26  2.607133e-26  7.652238e-26  7.632630e-26  2.167967e-25  2.451792e-26  5.127870e-26  3.675671e-26  5.820386e-26  5.327655e-26  1.196063e-26  2.315854e-26  1.107457e-26  9.343867e-27  4.342851e-27  3.562039e-27  8.140273e-27  5.766119e-27  3.638899e-27  4.310924e-27  3.268352e-27  8.055558e-27  4.496056e-27  2.055952e-27  8.100419e-28  1.756467e-27  2.537725e-27  1.594643e-27  9.671936e-28  7.799745e-28  6.979445e-28  6.903537e-28  3.778951e-27  1.518057e-27  2.302329e-27  2.238265e-27  2.901804e-27  2.172950e-27  3.523920e-27  8.184693e-27  2.784098e-27  3.709406e-27  1.033157e-26  1.692026e-26  1.502773e-27  2.973682e-26  7.033881e-27  1.009798e-26  3.807141e-26  7.064043e-26  5.842855e-26  1.942565e-26  9.500761e-26  9.468361e-26  2.510058e-26  3.397270e-25  6.497849e-26  3.391494e-25  2.713248e-25  9.578054e-27  7.577845e-25  5.114032e-25  1.626211e-25  1.198584e-25  1.003188e-24  3.614066e-25  2.395469e-24  4.689029e-25  2.000519e-25  6.779712e-25  1.859039e-24  4.099941e-25  9.555528e-26  3.693844e-24  4.033102e-25  1.853874e-24  2.628501e-24  2.138241e-25  2.283473e-24  2.077901e-24  4.820707e-24
3.716794e-29  5.274849e-29  5.919887e-29  6.614694e-29  2.851865e-28  1.305915e-27  9.006768e-28  6.811153e-28  3.027411e-28  1.236899e-28  3.430732e-29  1.747947e-29  1.645443e-29  2.177763e-29  6.708898e-29  3.470683e-28  2.544692e-28  2.167990e-28  5.414408e-28  1.811227e-28  7.470808e-29  1.902614e-29  7.071835e-30  1.179397e-29  1.043632e-29  1.499164e-29  1.821927e-29  8.015915e-30  1.967438e-29  2.121696e-29  8.560854e-29  4.038510e-28  2.616322e-27  2.654410e-27  1.996074e-27  1.178551e-27  4.620217e-28  1.654500e-28  8.869877e-29  3.080702e-29  5.068316e-29  1.121398e-28  1.051707e-28  1.256725e-28  1.206108e-28  1.880526e-28  7.153683e-28  8.690012e-28  5.340681e-28  3.681856e-28  1.496538e-28  1.543830e-28  4.710581e-28  1.653537e-28  1.318103e-28  7.273317e-29  3.437249e-29  1.072352e-29  8.610706e-30  5.276376e-30  1.138495e-29  2.152922e-29  1.999811e-29  6.536318e-29  1.011338e-28  5.284765e-28  1.302784e-27  9.121282e-27  6.301405e-27  5.169275e-27  4.442943e-27  1.944426e-27  1.130576e-27  4.340652e-28  2.095372e-28  8.652180e-29  3.412756e-29  1.727333e-29  8.449567e-30  2.265730e-29  2.171178e-28  4.664217e-28  2.106929e-28  4.565726e-28  4.347504e-28  1.686331e-27  2.147814e-27  3.181462e-27  1.549800e-27  1.276029e-27  6.587207e-28  2.397737e-28  7.679801e-29  5.399421e-29  1.073278e-28  4.322183e-28  1.147187e-27  7.249909e-28  6.356119e-28  7.656531e-28  4.008347e-28  2.016430e-28  1.016310e-28  4.070511e-29  1.926976e-29  1.758113e-29  2.724356e-29  9.372191e-29  2.850863e-28  7.355082e-28  1.466202e-27  3.983012e-27  1.034722e-26  3.395652e-26  1.583406e-26  1.655383e-26  1.546845e-26  5.616981e-27  2.610849e-27  1.341581e-27  2.877684e-28  1.265316e-28  6.530727e-28  1.964781e-27  8.724725e-28  1.093885e-27  1.648968e-27  9.031828e-28  3.188286e-28  4.143607e-28  1.890847e-28  6.412821e-29  3.723982e-29  4.784059e-29  8.106238e-29  1.724100e-28  4.429370e-28  2.142999e-27  2.967306e-27  5.054014e-27  1.109067e-26  7.035558e-27  5.109239e-27  6.209782e-27  2.820806e-27  1.709077e-27  6.913014e-28  4.200405e-28  1.586698e-28  1.562421e-28  7.948431e-29  2.104787e-28  2.735988e-28  1.596527e-27  1.390008e-27  9.064244e-27  6.114285e-27  9.056508e-27  7.424812e-27  8.042799e-27  4.130466e-27  3.749381e-27  2.501598e-27  1.394287e-27  7.121521e-28  3.895003e-28  2.682160e-28  3.651807e-28  5.898736e-28  1.634567e-27  4.288400e-27  8.190645e-27  2.352780e-26  4.561834e-26  1.871250e-25  5.858790e-26  8.548618e-26  9.376960e-26  6.133910e-26  4.260357e-26  2.742991e-26  9.602751e-27  4.781981e-27  2.130719e-27  7.042159e-28  5.887122e-28  3.641164e-28  3.248189e-28  4.416476e-28  2.586040e-28  1.553022e-28  2.268078e-28  4.088273e-28  1.091755e-27  8.379495e-27  1.080211e-26  1.718226e-27  7.732787e-27  3.042900e-27  5.560206e-27  4.209582e-27  3.994707e-27  2.357817e-27  1.495539e-27  1.113242e-27  1.417047e-27  1.789050e-27  2.281481e-27  3.559083e-27  7.999157e-27  1.749109e-26  4.761803e-26  6.635674e-26  2.495098e-26  5.562199e-26  3.429236e-26  5.756546e-26  3.044936e-26  1.522405e-26  1.149769e-26  1.133331e-26  5.612049e-27  2.632686e-27  1.425567e-27  9.933343e-28  1.230139e-27  8.424215e-28  3.040457e-28  4.756702e-28  1.172684e-27  1.901290e-27  2.572893e-27  2.267252e-27  2.592819e-27  1.869367e-27  2.509698e-27  3.166339e-27  7.020281e-27  2.949439e-26  1.357555e-25  1.106667e-25  2.760215e-26  8.638639e-26  6.575437e-26  5.832828e-26  6.179347e-26  4.748569e-26  3.273751e-26  1.889610e-26  9.754287e-27  9.395959e-27  8.497152e-27  1.027291e-26  8.937451e-27  1.455291e-26  2.044269e-26  3.243318e-26  6.350712e-26  2.274788e-25  7.079663e-25  7.412252e-25  4.489512e-25  6.727376e-25  5.376162e-25  5.603785e-25  5.439815e-25  2.977483e-25  2.936852e-25  1.979556e-25  1.334096e-25  6.822359e-26  2.879103e-26  2.116743e-26  1.050905e-26  3.362702e-27  2.796260e-27  2.163585e-27  1.114288e-27  9.102137e-28  4.236054e-28  2.995021e-28  1.549425e-28  7.437549e-29  4.060301e-29  3.595256e-29  4.666797e-29  6.343625e-29  7.094899e-29  1.844161e-28  2.596768e-28  3.903204e-28  5.827273e-28  5.051105e-28  9.633115e-28  1.113672e-27  3.446094e-27  1.180178e-26  4.078138e-26  9.497480e-26  9.624561e-26  5.299647e-26  2.324754e-26  8.708452e-26  5.943896e-26  4.171381e-26  4.559414e-26  3.333193e-26  2.973289e-26  1.814011e-26  2.014960e-26  1.883565e-26  2.150949e-26  1.981962e-26  3.723402e-26  2.684923e-26  4.846343e-26  1.298503e-25  3.181105e-25  5.930921e-25  6.851148e-25  2.941598e-25  1.946530e-25  6.220160e-25  2.593356e-25  1.793391e-25  4.523779e-25  1.949304e-25  2.128368e-25  1.355411e-25  8.832571e-26  5.484980e-26  2.368369e-26  1.040497e-26  1.624179e-26  1.410557e-26  1.174306e-26  7.813833e-27  6.095205e-27  1.786603e-27  2.820197e-27  9.119301e-28  4.646226e-28  4.938069e-28  6.005770e-28  6.078292e-28  5.427759e-28  8.414868e-28  1.041127e-27  1.341372e-27  1.727802e-27  2.821302e-27  5.037161e-27  8.543161e-27  1.430563e-26  1.781602e-26  1.084425e-26  2.179562e-26  2.904468e-26  1.232357e-26  1.757500e-26  2.175953e-26  4.689255e-26  9.935578e-26  5.659333e-25  1.453792e-24  1.214734e-24  1.653833e-24  2.877956e-25  2.928131e-25  1.062411e-24  8.760374e-25  8.771642e-25  7.819113e-25  8.196029e-25  5.043402e-25  4.354975e-25  3.156209e-25  2.517754e-25  2.721687e-25  1.512154e-25  1.828099e-25  1.704400e-25  1.308660e-25  1.520438e-25  2.118581e-25  3.390919e-25  3.172466e-25  2.106433e-24  4.589324e-24  1.017953e-23  7.747476e-24  5.859608e-24  9.265882e-25  3.955621e-24  6.572574e-24  5.426265e-24  3.130142e-24  4.982629e-24  4.591044e-24  3.579110e-24  1.759632e-24  2.994254e-24  1.655740e-24  7.310216e-25  5.646258e-25  5.990042e-25  6.467505e-25  6.700859e-25  2.686630e-25  3.483524e-25  1.690537e-25  1.013774e-25  5.717035e-26  4.286858e-26  2.107687e-26  1.126158e-26  1.086999e-26  1.020705e-26  5.852145e-27  4.591851e-27  5.788864e-27  6.624482e-27  5.040235e-27  2.199619e-27  3.011164e-27  1.842611e-27  2.517704e-27  1.440135e-27  3.768593e-27  1.474318e-27  1.466152e-27  1.205496e-27  6.754061e-28  3.549416e-28  2.385452e-28  1.051559e-28  1.151885e-28  1.034695e-28  7.658513e-29  8.785226e-29  2.019313e-28  1.554859e-28  2.789866e-28  6.265310e-28  9.070292e-28  5.600686e-28  1.419215e-27  8.060374e-28  2.131585e-27  3.935426e-27  4.105158e-27  1.488929e-27  5.117895e-27  6.362953e-27  1.338018e-26  2.380058e-26  3.526913e-26  1.750888e-25  2.118850e-25  3.486204e-25  7.739477e-25  5.358975e-25  5.242264e-25  6.163704e-25  8.693248e-26  1.801204e-25  7.375854e-25  6.122483e-25  1.841525e-25  3.686497e-25  5.249634e-25  5.319385e-25  5.201243e-25  5.344422e-25  4.799362e-25  3.646957e-25  1.432744e-25  2.352228e-25  1.749942e-25  3.277970e-25  4.448055e-25  4.696938e-25  7.467580e-25  9.465059e-25  3.287420e-24  3.612989e-24  8.134455e-24  8.669167e-24  9.337545e-24  6.166581e-24  8.627708e-24  1.246734e-24  2.098938e-24  1.586482e-23  2.474575e-24  2.944434e-24  4.041685e-24  1.920949e-24  7.603935e-24  3.669348e-24  3.049960e-24  2.911672e-24  3.628048e-24  7.989836e-25  1.411809e-24  3.194162e-25  7.864928e-25  2.713548e-25  3.930816e-25  3.215305e-25  2.349092e-25  3.678377e-25  2.737943e-25  1.784795e-25  2.588028e-25  1.098502e-25  1.074006e-25  2.761212e-26  1.183379e-25  1.049631e-25  7.122368e-26  2.085429e-25  1.086823e-25  7.352093e-26  1.248854e-25  3.669003e-26  7.260496e-26  3.194422e-26  3.758803e-26  2.898966e-26  7.987089e-27  1.108694e-26  3.883332e-27  6.027996e-27  1.717605e-27  2.427653e-27  1.455882e-27  7.998782e-28  1.125111e-27  9.114225e-28  6.512615e-28  2.381191e-27  6.724325e-28  1.310853e-27  3.413146e-27  3.882552e-27  6.019421e-27  5.475454e-27  1.596913e-26  1.231091e-26  1.494998e-26  4.448230e-26  4.466417e-26  2.781629e-26  4.054235e-26  4.058316e-26  1.504514e-25  8.314355e-26  1.872482e-25  1.102982e-26  1.776399e-25  4.480213e-26  2.603826e-25  6.102665e-25  6.484652e-25  1.313768e-24  3.547991e-24  7.420373e-24  6.820535e-24  2.100741e-23  8.854489e-24  1.120268e-23  1.163961e-23  1.502647e-23  9.385863e-25  2.217122e-24  4.524271e-24  1.450913e-23  1.056140e-23  8.675235e-24  9.688086e-24  5.522121e-24  8.823747e-24  8.756699e-24  1.021668e-23  3.329274e-24  1.260162e-23  2.869427e-24  1.006560e-23  3.871300e-24  3.235852e-24  1.447150e-24  3.576399e-24  1.877791e-24  2.765192e-24  4.395679e-24  2.712698e-24  8.593551e-25  7.092847e-24  4.947265e-24  1.141643e-23  2.775701e-23  5.007704e-23  5.811324e-23  9.038972e-23  1.639613e-22  1.541836e-22  1.529513e-22  1.306158e-22  4.112529e-23  2.066830e-23  3.240079e-23  3.384027e-23  1.474803e-22  1.250366e-22  2.944633e-23  1.043835e-22  2.358477e-23  9.017996e-23  7.575562e-24  1.328260e-22  4.582348e-24  7.477307e-23  2.584210e-23  1.838930e-23  3.989329e-23  3.027012e-23  3.575413e-23  1.970918e-23  1.657525e-23  1.660626e-23  1.732306e-23  1.698791e-23  1.236232e-23  1.481462e-23  1.284057e-23  1.405414e-23  1.117006e-23  7.030651e-24  1.755989e-24  5.608735e-24  1.460359e-24  5.063928e-24  5.366084e-24  6.926256e-24  1.176722e-23  8.741102e-24  4.371955e-24  3.547578e-24  5.344232e-24  5.641311e-24  1.098464e-24  1.219807e-24  2.108226e-24  2.369032e-25  1.259316e-24  2.020696e-25  2.583109e-25  3.627930e-25  7.378199e-26  3.129359e-25  1.179102e-25  8.718865e-26  2.115676e-25  7.506333e-26  4.643952e-26  4.270313e-26  4.901222e-26  6.762159e-26  5.301716e-26  1.417085e-25  4.723099e-26  3.360186e-25  8.160842e-26  1.684269e-25  3.073195e-26  1.155174e-25  8.055793e-26  1.542202e-25  2.331758e-25  2.877352e-25  5.640568e-26  1.530835e-25  5.292311e-26  6.434405e-26  2.722990e-26  9.821035e-26  8.630804e-26  1.009498e-26  2.019298e-25  2.680468e-26  2.523622e-26  7.772381e-26  7.673991e-26  2.166127e-25  2.422356e-26  5.041414e-26  3.546325e-26  5.722523e-26  5.062810e-26  1.114878e-26  2.146247e-26  1.075017e-26  8.792926e-27  4.122543e-27  3.492261e-27  7.657477e-27  5.623036e-27  3.575394e-27  3.929151e-27  3.161345e-27  7.616147e-27  4.159483e-27  1.877687e-27  6.940215e-28  1.559106e-27  2.281054e-27  1.383958e-27  8.682298e-28  6.728494e-28  6.172679e-28  5.892561e-28  3.340517e-27  1.384975e-27  1.963759e-27  2.108828e-27  2.526644e-27  1.987012e-27  3.021160e-27  7.521439e-27  2.367044e-27  3.210635e-27  9.449884e-27  1.525815e-26  1.363432e-27  2.600117e-26  6.526675e-27  8.336509e-27  3.427207e-26  6.246670e-26  5.186302e-26  1.788262e-26  8.747836e-26  8.886331e-26  2.281762e-26  3.137783e-25  6.028074e-26  3.209190e-25  2.498702e-25  7.967603e-27  7.251010e-25  4.850347e-25  1.586834e-25  1.053358e-25  9.817145e-25  3.514089e-25  2.382253e-24  4.504172e-25  1.848780e-25  6.582657e-25  1.860868e-24  3.925587e-25  8.496657e-26  3.732128e-24  3.735537e-25  1.851093e-24  2.587361e-24  2.014125e-25  2.234901e-24  2.037536e-24  4.880989e-24
3.726457e-29  5.321309e-29  5.914690e-29  6.440232e-29  2.839384e-28  1.321347e-27  9.144008e-28  6.753605e-28  2.955722e-28  1.193572e-28  3.222287e-29  1.678851e-29  1.638518e-29  2.144770e-29  6.707704e-29  3.504847e-28  2.569962e-28  2.169060e-28  5.423415e-28  1.804355e-28  7.276052e-29  1.799304e-29  6.700194e-30  1.170015e-29  1.051456e-29  1.501321e-29  1.820965e-29  8.020493e-30  1.936150e-29  2.012883e-29  8.316479e-29  3.984020e-28  2.639796e-27  2.692668e-27  2.011609e-27  1.155333e-27  4.425692e-28  1.564524e-28  8.589015e-29  2.954608e-29  4.992596e-29  1.127714e-28  1.066643e-28  1.255497e-28  1.194985e-28  1.849478e-28  7.190198e-28  8.830406e-28  5.370149e-28  3.630728e-28  1.430776e-28  1.515373e-28  4.750608e-28  1.660017e-28  1.320799e-28  7.117857e-29  3.265797e-29  1.005590e-29  8.219177e-30  5.113898e-30  1.114440e-29  2.131192e-29  1.987047e-29  6.343314e-29  9.771992e-29  5.137197e-28  1.286194e-27  9.177053e-27  6.436629e-27  5.214717e-27  4.393616e-27  1.871914e-27  1.099552e-27  4.219089e-28  2.049921e-28  8.432336e-29  3.290000e-29  1.679284e-29  8.286503e-30  2.209301e-29  2.159860e-28  4.737441e-28  2.091886e-28  4.576234e-28  4.298723e-28  1.670184e-27  2.164825e-27  3.211867e-27  1.569802e-27  1.274796e-27  6.422304e-28  2.261015e-28  7.022646e-29  5.023803e-29  1.050274e-28  4.307513e-28  1.161435e-27  7.358951e-28  6.450120e-28  7.665231e-28  3.927319e-28  1.942571e-28  9.656557e-29  3.769185e-29  1.762013e-29  1.657626e-29  2.596714e-29  9.073336e-29  2.807969e-28  7.095244e-28  1.438314e-27  3.936665e-27  1.036079e-26  3.431813e-26  1.618048e-26  1.670836e-26  1.534821e-26  5.392611e-27  2.440983e-27  1.218471e-27  2.538661e-28  1.116367e-28  6.363948e-28  1.982899e-27  8.726916e-28  1.093093e-27  1.662562e-27  8.951497e-28  3.158684e-28  4.098543e-28  1.819025e-28  6.038284e-29  3.520426e-29  4.648173e-29  7.700000e-29  1.685658e-28  4.316436e-28  2.102944e-27  3.007145e-27  5.059912e-27  1.122014e-26  7.112574e-27  5.156722e-27  6.187366e-27  2.761808e-27  1.631274e-27  6.531030e-28  4.002435e-28  1.511125e-28  1.509604e-28  7.638424e-29  2.028055e-28  2.664171e-28  1.623917e-27  1.371499e-27  9.014967e-27  6.171380e-27  9.131722e-27  7.559988e-27  8.070318e-27  4.085373e-27  3.712756e-27  2.428163e-27  1.322231e-27  6.759814e-28  3.722059e-28  2.543055e-28  3.538877e-28  5.578718e-28  1.551503e-27  4.175586e-27  8.044084e-27  2.325809e-26  4.537141e-26  1.884720e-25  5.982755e-26  8.701869e-26  9.451208e-26  6.096293e-26  4.161525e-26  2.625765e-26  8.970215e-27  4.362403e-27  1.938578e-27  6.191719e-28  5.495403e-28  3.485537e-28  3.153822e-28  4.365639e-28  2.545064e-28  1.514834e-28  2.254831e-28  3.980958e-28  1.031846e-27  8.240200e-27  1.105404e-26  1.748972e-27  7.807762e-27  3.040046e-27  5.582851e-27  4.134771e-27  3.948541e-27  2.335657e-27  1.469120e-27  1.112001e-27  1.394523e-27  1.730122e-27  2.211583e-27  3.422826e-27  7.883738e-27  1.714074e-26  4.717580e-26  6.784663e-26  2.512431e-26  5.637299e-26  3.467560e-26  5.780419e-26  3.013160e-26  1.478730e-26  1.125314e-26  1.106832e-26  5.366736e-27  2.470047e-27  1.308378e-27  9.193857e-28  1.203734e-27  8.469129e-28  3.013716e-28  4.721097e-28  1.159847e-27  1.896454e-27  2.585363e-27  2.280288e-27  2.579397e-27  1.842648e-27  2.491756e-27  3.091320e-27  6.811202e-27  2.830405e-26  1.355155e-25  1.132430e-25  2.809093e-26  8.826297e-26  6.601847e-26  5.826409e-26  6.175786e-26  4.700896e-26  3.161825e-26  1.835694e-26  9.599450e-27  9.143342e-27  8.180207e-27  9.848075e-27  8.461770e-27  1.401888e-26  2.010208e-26  3.162744e-26  6.180056e-26  2.208356e-25  7.080449e-25  7.541588e-25  4.498111e-25  6.826043e-25  5.508545e-25  5.658734e-25  5.418442e-25  2.949668e-25  2.898919e-25  1.924928e-25  1.275285e-25  6.378685e-26  2.661613e-26  1.933199e-26  9.425008e-27  2.984694e-27  2.551772e-27  2.015538e-27  1.058711e-27  8.523553e-28  3.858625e-28  2.683075e-28  1.353589e-28  6.437736e-29  3.594867e-29  3.164035e-29  4.220088e-29  5.929377e-29  6.761058e-29  1.777363e-28  2.463244e-28  3.822510e-28  5.724597e-28  4.927470e-28  9.318383e-28  1.065487e-27  3.233912e-27  1.115402e-26  3.921557e-26  9.437426e-26  9.829451e-26  5.486714e-26  2.386888e-26  8.785714e-26  6.007270e-26  4.211482e-26  4.561907e-26  3.277379e-26  2.873464e-26  1.758012e-26  1.942356e-26  1.822654e-26  2.098456e-26  1.924615e-26  3.678886e-26  2.588652e-26  4.719583e-26  1.255567e-25  3.092618e-25  5.903481e-25  7.020951e-25  3.032542e-25  1.986893e-25  6.229921e-25  2.656036e-25  1.816606e-25  4.558556e-25  1.921262e-25  2.066704e-25  1.304622e-25  8.469051e-26  5.189649e-26  2.232699e-26  9.862944e-27  1.577027e-26  1.369883e-26  1.153268e-26  7.516711e-27  5.812504e-27  1.662167e-27  2.601053e-27  8.453139e-28  4.382436e-28  4.645279e-28  5.698343e-28  5.964112e-28  5.368746e-28  8.212886e-28  1.023037e-27  1.315471e-27  1.681593e-27  2.682961e-27  4.893629e-27  8.325255e-27  1.424738e-26  1.789310e-26  1.051602e-26  2.180348e-26  2.884692e-26  1.205075e-26  1.747138e-26  2.151070e-26  4.597701e-26  9.147083e-26  5.385038e-25  1.441180e-24  1.224205e-24  1.702356e-24  2.958779e-25  2.978141e-25  1.084423e-24  8.812024e-25  8.828406e-25  7.890171e-25  8.184780e-25  4.986062e-25  4.244050e-25  3.123943e-25  2.414209e-25  2.651104e-25  1.452270e-25  1.754261e-25  1.661049e-25  1.256201e-25  1.473458e-25  2.088815e-25  3.330230e-25  3.009903e-25  1.992441e-24  4.456589e-24  1.020137e-23  7.895058e-24  6.066826e-24  9.452292e-25  4.062860e-24  6.672968e-24  5.429189e-24  3.097772e-24  5.052826e-24  4.577432e-24  3.535348e-24  1.729012e-24  2.900496e-24  1.614731e-24  7.059591e-25  5.403827e-25  5.770646e-25  6.394943e-25  6.569791e-25  2.577577e-25  3.339057e-25  1.596890e-25  9.386364e-26  5.168889e-26  3.875863e-26  1.863054e-26  1.027693e-26  9.771030e-27  9.661979e-27  5.397141e-27  4.294245e-27  5.486652e-27  6.446504e-27  4.982089e-27  2.186497e-27  2.968078e-27  1.803705e-27  2.507427e-27  1.409048e-27  3.772882e-27  1.431683e-27  1.430174e-27  1.175698e-27  6.404359e-28  3.331742e-28  2.177549e-28  9.557143e-29  1.021241e-28  9.196956e-29  6.743217e-29  7.762901e-29  1.784837e-28  1.397351e-28  2.549305e-28  5.742605e-28  8.633410e-28  5.301805e-28  1.318203e-27  7.666412e-28  2.025123e-27  3.856063e-27  3.977125e-27  1.340570e-27  4.917914e-27  5.985843e-27  1.200345e-26  2.229043e-26  3.212166e-26  1.648401e-25  2.015452e-25  3.398435e-25  7.716540e-25  5.443621e-25  5.367549e-25  6.344501e-25  8.876425e-26  1.817257e-25  7.519698e-25  6.101676e-25  1.807296e-25  3.734332e-25  5.286319e-25  5.321003e-25  5.198038e-25  5.311706e-25  4.794173e-25  3.602994e-25  1.347788e-25  2.321547e-25  1.714467e-25  3.254484e-25  4.398917e-25  4.472800e-25  7.072466e-25  8.808859e-25  3.133804e-24  3.490317e-24  8.031343e-24  8.659984e-24  9.493815e-24  6.314183e-24  8.958257e-24  1.282260e-24  2.115478e-24  1.591305e-23  2.448323e-24  3.042489e-24  4.123068e-24  1.952920e-24  7.708943e-24  3.648176e-24  2.995911e-24  2.835487e-24  3.493077e-24  7.543206e-25  1.326340e-24  2.946541e-25  7.216740e-25  2.534064e-25  3.636017e-25  3.133824e-25  2.261688e-25  3.604246e-25  2.751328e-25  1.809750e-25  2.591386e-25  1.112549e-25  1.089883e-25  2.706191e-26  1.190819e-25  1.064315e-25  7.079518e-26  2.118882e-25  1.070861e-25  7.288874e-26  1.217570e-25  3.547353e-26  7.061127e-26  3.038398e-26  3.618169e-26  2.753362e-26  7.332367e-27  9.972895e-27  3.571167e-27  5.511754e-27  1.520194e-27  2.134095e-27  1.353171e-27  7.011048e-28  9.957844e-28  8.244905e-28  5.747924e-28  2.199222e-27  5.835451e-28  1.228553e-27  3.039145e-27  3.491626e-27  5.380461e-27  4.946905e-27  1.490011e-26  1.103975e-26  1.396112e-26  4.214304e-26  4.181578e-26  2.559514e-26  3.950961e-26  3.842879e-26  1.464942e-25  8.173745e-26  1.823582e-25  1.057973e-26  1.758005e-25  3.960312e-26  2.589584e-25  5.862995e-25  5.798319e-25  1.192150e-24  3.368223e-24  7.081080e-24  6.669918e-24  2.104072e-23  8.917777e-24  1.132283e-23  1.188164e-23  1.562938e-23  9.096808e-25  2.264508e-24  4.647899e-24  1.477715e-23  1.075313e-23  8.574156e-24  9.860485e-24  5.367675e-24  8.902869e-24  8.796086e-24  1.021139e-23  3.247933e-24  1.261483e-23  2.794298e-24  9.946707e-24  3.832709e-24  3.067630e-24  1.400899e-24  3.510541e-24  1.852562e-24  2.704817e-24  4.427023e-24  2.682939e-24  7.960037e-25  7.017904e-24  4.490751e-24  1.039071e-23  2.625247e-23  4.756575e-23  5.625068e-23  8.866020e-23  1.647595e-22  1.559336e-22  1.566519e-22  1.343098e-22  4.231769e-23  2.130522e-23  3.300540e-23  3.455287e-23  1.513824e-22  1.259552e-22  2.868527e-23  1.046657e-22  2.358353e-23  9.110251e-23  7.472765e-24  1.332170e-22  4.383628e-24  7.431595e-23  2.462151e-23  1.781827e-23  3.849967e-23  2.918915e-23  3.422549e-23  1.920169e-23  1.547765e-23  1.641646e-23  1.728217e-23  1.675989e-23  1.208738e-23  1.481206e-23  1.252439e-23  1.431614e-23  1.100647e-23  7.195187e-24  1.705156e-24  5.748476e-24  1.453054e-24  5.181779e-24  5.410461e-24  6.868090e-24  1.189407e-23  8.647406e-24  4.291567e-24  3.445879e-24  5.230399e-24  5.432881e-24  1.057914e-24  1.148984e-24  1.946618e-24  2.156025e-25  1.145811e-24  1.892945e-25  2.332605e-25  3.297890e-25  6.479752e-26  2.856711e-25  1.115698e-25  8.081940e-26  1.925691e-25  7.057618e-26  4.309221e-26  3.884633e-26  4.561755e-26  6.621632e-26  4.950165e-26  1.379086e-25  4.487141e-26  3.319479e-25  7.858655e-26  1.663552e-25  2.855441e-26  1.152755e-25  8.154589e-26  1.552264e-25  2.374009e-25  2.916093e-25  5.687530e-26  1.560175e-25  5.384030e-26  6.593334e-26  2.566421e-26  1.012993e-25  8.595574e-26  9.413993e-27  2.067491e-25  2.683337e-26  2.438787e-26  7.897134e-26  7.695698e-26  2.163072e-25  2.390700e-26  4.945467e-26  3.402267e-26  5.626428e-26  4.776760e-26  1.032721e-26  1.969339e-26  1.046615e-26  8.273296e-27  3.905493e-27  3.429571e-27  7.176889e-27  5.456718e-27  3.516404e-27  3.571893e-27  3.050535e-27  7.166372e-27  3.823574e-27  1.702766e-27  5.913426e-28  1.372854e-27  2.028335e-27  1.193174e-27  7.762326e-28  5.768351e-28  5.456650e-28  5.013836e-28  2.930643e-27  1.264803e-27  1.658978e-27  1.980784e-27  2.181386e-27  1.804582e-27  2.580690e-27  6.873838e-27  2.029207e-27  2.779835e-27  8.618898e-27  1.379717e-26  1.238474e-27  2.260502e-26  6.072608e-27  6.807849e-27  3.071899e-26  5.469993e-26  4.560762e-26  1.644367e-26  8.046389e-26  8.328590e-26  2.066033e-26  2.877195e-25  5.560249e-26  3.018988e-25  2.294928e-25  6.603569e-27  6.911543e-25  4.582582e-25  1.548534e-25  9.196836e-26  9.579186e-25  3.408277e-25  2.369504e-24  4.323571e-25  1.693832e-25  6.395602e-25  1.855832e-24  3.743224e-25  7.489999e-26  3.778072e-24  3.436387e-25  1.852903e-24  2.539032e-24  1.890696e-25  2.186265e-24  1.994097e-24  4.943043e-24
3.734979e-29  5.368987e-29  5.908759e-29  6.260784e-29  2.824988e-28  1.337238e-27  9.285967e-28  6.687523e-28  2.883507e-28  1.150876e-28  3.020605e-29  1.613348e-29  1.633499e-29  2.111580e-29  6.702293e-29  3.539505e-28  2.596471e-28  2.168533e-28  5.431721e-28  1.797350e-28  7.073668e-29  1.695887e-29  6.337335e-30  1.161369e-29  1.060303e-29  1.502979e-29  1.819873e-29  8.025127e-30  1.903857e-29  1.905742e-29  8.068006e-29  3.926732e-28  2.664279e-27  2.734255e-27  2.027587e-27  1.130570e-27  4.229419e-28  1.478296e-28  8.330381e-29  2.835352e-29  4.914965e-29  1.134455e-28  1.082539e-28  1.253928e-28  1.183474e-28  1.817123e-28  7.224869e-28  8.984015e-28  5.398405e-28  3.574261e-28  1.363591e-28  1.488283e-28  4.793874e-28  1.668049e-28  1.322653e-28  6.950238e-29  3.091252e-29  9.406652e-30  7.846299e-30  4.962580e-30  1.090161e-29  2.110019e-29  1.976239e-29  6.152629e-29  9.432304e-29  4.987431e-28  1.269545e-27  9.239085e-27  6.583237e-27  5.262855e-27  4.342063e-27  1.798515e-27  1.070121e-27  4.110589e-28  2.009620e-28  8.226518e-29  3.171371e-29  1.635113e-29  8.142203e-30  2.152249e-29  2.148213e-28  4.815982e-28  2.078392e-28  4.587494e-28  4.248977e-28  1.653553e-27  2.183246e-27  3.243432e-27  1.590920e-27  1.273094e-27  6.250673e-28  2.123303e-28  6.389195e-29  4.666245e-29  1.027564e-28  4.294426e-28  1.177049e-27  7.480106e-28  6.552597e-28  7.673399e-28  3.844292e-28  1.869109e-28  9.157196e-29  3.478464e-29  1.605516e-29  1.561452e-29  2.475902e-29  8.781077e-29  2.765535e-28  6.842031e-28  1.410304e-27  3.888085e-27  1.037330e-26  3.469631e-26  1.654943e-26  1.686288e-26  1.521146e-26  5.164526e-27  2.272624e-27  1.100270e-27  2.226758e-28  9.819553e-29  6.198588e-28  2.002423e-27  8.735758e-28  1.092400e-27  1.676719e-27  8.867502e-28  3.132021e-28  4.052729e-28  1.746313e-28  5.674898e-29  3.326836e-29  4.522756e-29  7.302651e-29  1.646730e-28  4.204259e-28  2.061493e-27  3.048428e-27  5.065905e-27  1.135583e-26  7.190619e-27  5.206284e-27  6.160784e-27  2.699927e-27  1.552671e-27  6.163089e-28  3.814680e-28  1.442077e-28  1.459873e-28  7.352101e-29  1.952782e-28  2.592296e-28  1.652910e-27  1.352820e-27  8.963778e-27  6.235166e-27  9.210740e-27  7.698948e-27  8.094884e-27  4.039907e-27  3.674502e-27  2.352187e-27  1.250597e-27  6.412958e-28  3.561589e-28  2.414189e-28  3.430126e-28  5.274260e-28  1.469297e-27  4.059121e-27  7.890989e-27  2.299300e-26  4.510205e-26  1.898697e-25  6.113456e-26  8.859541e-26  9.523280e-26  6.052975e-26  4.056699e-26  2.505807e-26  8.344340e-27  3.959988e-27  1.760768e-27  5.422961e-28  5.148159e-28  3.351484e-28  3.068683e-28  4.319262e-28  2.508901e-28  1.479569e-28  2.243098e-28  3.876467e-28  9.730015e-28  8.091892e-27  1.131610e-26  1.782314e-27  7.884749e-27  3.040103e-27  5.601513e-27  4.054907e-27  3.901653e-27  2.314915e-27  1.444834e-27  1.112940e-27  1.372428e-27  1.669678e-27  2.139129e-27  3.287418e-27  7.763261e-27  1.677517e-26  4.668993e-26  6.940535e-26  2.531292e-26  5.715161e-26  3.506096e-26  5.802764e-26  2.979302e-26  1.433695e-26  1.100802e-26  1.080323e-26  5.121720e-27  2.309633e-27  1.195988e-27  8.487391e-28  1.179623e-27  8.538754e-28  2.997988e-28  4.691851e-28  1.145865e-27  1.890573e-27  2.597988e-27  2.295133e-27  2.566832e-27  1.816500e-27  2.472114e-27  3.018516e-27  6.599099e-27  2.710850e-26  1.351616e-25  1.159473e-25  2.861317e-26  9.023903e-26  6.626938e-26  5.819840e-26  6.165611e-26  4.646415e-26  3.048998e-26  1.782712e-26  9.456013e-27  8.906770e-27  7.874931e-27  9.426618e-27  7.994488e-27  1.347244e-26  1.974613e-26  3.083327e-26  6.008807e-26  2.140711e-25  7.075644e-25  7.676944e-25  4.506524e-25  6.928184e-25  5.645685e-25  5.711462e-25  5.394443e-25  2.918958e-25  2.857850e-25  1.867969e-25  1.215208e-25  5.939779e-26  2.450363e-26  1.758341e-26  8.426313e-27  2.644841e-27  2.336704e-27  1.883811e-27  1.009506e-27  7.994622e-28  3.512583e-28  2.398371e-28  1.176253e-28  5.567265e-29  3.191296e-29  2.782234e-29  3.828811e-29  5.537971e-29  6.452772e-29  1.714157e-28  2.331570e-28  3.741226e-28  5.618043e-28  4.806042e-28  9.009036e-28  1.020101e-27  3.029440e-27  1.050946e-26  3.761492e-26  9.366092e-26  1.003473e-25  5.686914e-26  2.453377e-26  8.861488e-26  6.078841e-26  4.252107e-26  4.561307e-26  3.215659e-26  2.769304e-26  1.700780e-26  1.869347e-26  1.762434e-26  2.045867e-26  1.867710e-26  3.629849e-26  2.494899e-26  4.597613e-26  1.212714e-25  2.999940e-25  5.870290e-25  7.198229e-25  3.127582e-25  2.029599e-25  6.237460e-25  2.720825e-25  1.842090e-25  4.591060e-25  1.890185e-25  2.000608e-25  1.252155e-25  8.107012e-26  4.906435e-26  2.106136e-26  9.367896e-27  1.535120e-26  1.330994e-26  1.131978e-26  7.225277e-27  5.526324e-27  1.543554e-27  2.387660e-27  7.831596e-28  4.146051e-28  4.365881e-28  5.426626e-28  5.861713e-28  5.318452e-28  8.025464e-28  1.006004e-27  1.292350e-27  1.638555e-27  2.543459e-27  4.747225e-27  8.109586e-27  1.418885e-26  1.796812e-26  1.019496e-26  2.181275e-26  2.862252e-26  1.175919e-26  1.736490e-26  2.127900e-26  4.520437e-26  8.393250e-26  5.111518e-25  1.427124e-24  1.232991e-24  1.753990e-24  3.047162e-25  3.027653e-25  1.106942e-24  8.858421e-25  8.891239e-25  7.970256e-25  8.172226e-25  4.921474e-25  4.128212e-25  3.091928e-25  2.310120e-25  2.579888e-25  1.393131e-25  1.681501e-25  1.617985e-25  1.204266e-25  1.428322e-25  2.056399e-25  3.273597e-25  2.852392e-25  1.877311e-24  4.317872e-24  1.020417e-23  8.045473e-24  6.295843e-24  9.661254e-25  4.170014e-24  6.776717e-24  5.433215e-24  3.064895e-24  5.120967e-24  4.558559e-24  3.488040e-24  1.699285e-24  2.801992e-24  1.574596e-24  6.818578e-25  5.169044e-25  5.565433e-25  6.321744e-25  6.436022e-25  2.472461e-25  3.191909e-25  1.504993e-25  8.657111e-26  4.646802e-26  3.485010e-26  1.639340e-26  9.376161e-27  8.784404e-27  9.157620e-27  4.988668e-27  4.024045e-27  5.208646e-27  6.277009e-27  4.932449e-27  2.184809e-27  2.935753e-27  1.768462e-27  2.505431e-27  1.377728e-27  3.778978e-27  1.389477e-27  1.394549e-27  1.145457e-27  6.060188e-28  3.117667e-28  1.980194e-28  8.670886e-29  9.003919e-29  8.145384e-29  5.912926e-29  6.819392e-29  1.567051e-28  1.247108e-28  2.323546e-28  5.226125e-28  8.203276e-28  4.993956e-28  1.217960e-27  7.287062e-28  1.915889e-27  3.772086e-27  3.840605e-27  1.198162e-27  4.739545e-27  5.648291e-27  1.071933e-26  2.088015e-26  2.909833e-26  1.543503e-25  1.910435e-25  3.301260e-25  7.679899e-25  5.527517e-25  5.498123e-25  6.535167e-25  9.065827e-26  1.834241e-25  7.660768e-25  6.078641e-25  1.773732e-25  3.788107e-25  5.318794e-25  5.321683e-25  5.191060e-25  5.275761e-25  4.787003e-25  3.555930e-25  1.261419e-25  2.291592e-25  1.681598e-25  3.235547e-25  4.356666e-25  4.257101e-25  6.690604e-25  8.167613e-25  2.976914e-24  3.362276e-24  7.916354e-24  8.634389e-24  9.645109e-24  6.458827e-24  9.319618e-24  1.320545e-24  2.127126e-24  1.596313e-23  2.423349e-24  3.142526e-24  4.209820e-24  1.983723e-24  7.819112e-24  3.614076e-24  2.935991e-24  2.748942e-24  3.352391e-24  7.098210e-25  1.240168e-24  2.703619e-25  6.581429e-25  2.362980e-25  3.355959e-25  3.056415e-25  2.183872e-25  3.527115e-25  2.772924e-25  1.835550e-25  2.591120e-25  1.127994e-25  1.107304e-25  2.660598e-26  1.198885e-25  1.079336e-25  7.041567e-26  2.156002e-25  1.052432e-25  7.214313e-26  1.184356e-25  3.424524e-26  6.856721e-26  2.887426e-26  3.478931e-26  2.611370e-26  6.709047e-27  8.885278e-27  3.279273e-27  5.020873e-27  1.341743e-27  1.863018e-27  1.261090e-27  6.110118e-28  8.787479e-28  7.451865e-28  5.068687e-28  2.024231e-27  5.054489e-28  1.157135e-27  2.686354e-27  3.133028e-27  4.786702e-27  4.448723e-27  1.384843e-26  9.849489e-27  1.300215e-26  3.973768e-26  3.899536e-26  2.346606e-26  3.845382e-26  3.630554e-26  1.420811e-25  8.002218e-26  1.773201e-25  1.015272e-26  1.738261e-25  3.493717e-26  2.581180e-25  5.638993e-25  5.140938e-25  1.074269e-24  3.187022e-24  6.719625e-24  6.498479e-24  2.109294e-23  8.954947e-24  1.144052e-23  1.213798e-23  1.628795e-23  8.794510e-25  2.316327e-24  4.784813e-24  1.503315e-23  1.094289e-23  8.456795e-24  1.005553e-23  5.211799e-24  8.960831e-24  8.830990e-24  1.020102e-23  3.168010e-24  1.264718e-23  2.715323e-24  9.826678e-24  3.797678e-24  2.898196e-24  1.354981e-24  3.444976e-24  1.831174e-24  2.646358e-24  4.459801e-24  2.653635e-24  7.366196e-25  6.963238e-24  4.061641e-24  9.415778e-24  2.477399e-23  4.506367e-23  5.422963e-23  8.690618e-23  1.654135e-22  1.576980e-22  1.604996e-22  1.379195e-22  4.363069e-23  2.195388e-23  3.367248e-23  3.534837e-23  1.556121e-22  1.267013e-22  2.781963e-23  1.049803e-22  2.364473e-23  9.215405e-23  7.385117e-24  1.335440e-22  4.207680e-24  7.372616e-23  2.339273e-23  1.722321e-23  3.702223e-23  2.807721e-23  3.266522e-23  1.865736e-23  1.439393e-23  1.622325e-23  1.730079e-23  1.656781e-23  1.180817e-23  1.486605e-23  1.217754e-23  1.455548e-23  1.085740e-23  7.374697e-24  1.654873e-24  5.917433e-24  1.451631e-24  5.311010e-24  5.456968e-24  6.795058e-24  1.199913e-23  8.536728e-24  4.209848e-24  3.345782e-24  5.100958e-24  5.222657e-24  1.018606e-24  1.078498e-24  1.783940e-24  1.961356e-25  1.037244e-24  1.774491e-25  2.100940e-25  2.992530e-25  5.684813e-26  2.600457e-25  1.055941e-25  7.466094e-26  1.739070e-25  6.630436e-26  3.996487e-26  3.531683e-26  4.248459e-26  6.506269e-26  4.609367e-26  1.338765e-25  4.254978e-26  3.274207e-25  7.546855e-26  1.637463e-25  2.647515e-26  1.149256e-25  8.256735e-26  1.566909e-25  2.410623e-25  2.949342e-25  5.753035e-26  1.588672e-25  5.503889e-26  6.755903e-26  2.405176e-26  1.046150e-25  8.550503e-26  8.771704e-27  2.120173e-25  2.681719e-26  2.354263e-26  8.026482e-26  7.686459e-26  2.158912e-25  2.358056e-26  4.836565e-26  3.242106e-26  5.531059e-26  4.467369e-26  9.499240e-27  1.787426e-26  1.022605e-26  7.776967e-27  3.692307e-27  3.374151e-27  6.693008e-27  5.256793e-27  3.458751e-27  3.239524e-27  2.934411e-27  6.707428e-27  3.486282e-27  1.531024e-27  5.011752e-28  1.197549e-27  1.782517e-27  1.021986e-27  6.903602e-28  4.912185e-28  4.824285e-28  4.258648e-28  2.549367e-27  1.157127e-27  1.388070e-27  1.853970e-27  1.865148e-27  1.626256e-27  2.196462e-27  6.240548e-27  1.761106e-27  2.413378e-27  7.836968e-27  1.252509e-26  1.126424e-27  1.955457e-26  5.662424e-27  5.505687e-27  2.739394e-26  4.738210e-26  3.967845e-26  1.511014e-26  7.389181e-26  7.787266e-26  1.863179e-26  2.614870e-25  5.093309e-26  2.824267e-25  2.101229e-25  5.453333e-27  6.554958e-25  4.311720e-25  1.511341e-25  7.943334e-26  9.316342e-25  3.293790e-25  2.358221e-24  4.148992e-25  1.537539e-25  6.219733e-25  1.841589e-24  3.553797e-25  6.588167e-26  3.833478e-24  3.135749e-25  1.861163e-24  2.481458e-24  1.765649e-25  2.136965e-24  1.948534e-24  5.008171e-24
3.739390e-29  5.375621e-29  5.916271e-29  6.267872e-29  2.828402e-28  1.338800e-27  9.302248e-28  6.697549e-28  2.885962e-28  1.152270e-28  3.023522e-29  1.615734e-29  1.635056e-29  2.114153e-29  6.711391e-29  3.544263e-28  2.599794e-28  2.171358e-28  5.438919e-28  1.799575e-28  7.083575e-29  1.696587e-29  6.346479e-30  1.162606e-29  1.061825e-29  1.505118e-29  1.822129e-29  8.035352e-30  1.906069e-29  1.908237e-29  8.078162e-29  3.931728e-28  2.668100e-27  2.738403e-27  2.030573e-27  1.132164e-27  4.234947e-28  1.479774e-28  8.341374e-29  2.838894e-29  4.921292e-29  1.135904e-28  1.084241e-28  1.255755e-28  1.184928e-28  1.819559e-28  7.234117e-28  8.998217e-28  5.405616e-28  3.579330e-28  1.365305e-28  1.489916e-28  4.801152e-28  1.670525e-28  1.324280e-28  6.960835e-29  3.095225e-29  9.419707e-30  7.857086e-30  4.969598e-30  1.091599e-29  2.112951e-29  1.979049e-29  6.161332e-29  9.444330e-29  4.995662e-28  1.271442e-27  9.255936e-27  6.595581e-27  5.270562e-27  4.349350e-27  1.801480e-27  1.071706e-27  4.116419e-28  2.012727e-28  8.238248e-29  3.175747e-29  1.637480e-29  8.153989e-30  2.154981e-29  2.151594e-28  4.826134e-28  2.079052e-28  4.594521e-28  4.255124e-28  1.655670e-27  2.186993e-27  3.248553e-27  1.593549e-27  1.275173e-27  6.259880e-28  2.126769e-28  6.397894e-29  4.672871e-29  1.029138e-28  4.301279e-28  1.179154e-27  7.492076e-28  6.563141e-28  7.687667e-28  3.850577e-28  1.872446e-28  9.167270e-29  3.483626e-29  1.607412e-29  1.563691e-29  2.479216e-29  8.795264e-29  2.770363e-28  6.852017e-28  1.412710e-27  3.899342e-27  1.038082e-26  3.473876e-26  1.657290e-26  1.688695e-26  1.523957e-26  5.167945e-27  2.275711e-27  1.102114e-27  2.230468e-28  9.833316e-29  6.208046e-28  2.005748e-27  8.746236e-28  1.094485e-27  1.679887e-27  8.880142e-28  3.137760e-28  4.060434e-28  1.749313e-28  5.684445e-29  3.332274e-29  4.529963e-29  7.314582e-29  1.649593e-28  4.202511e-28  2.065415e-27  3.051295e-27  5.071705e-27  1.136855e-26  7.195059e-27  5.213800e-27  6.167688e-27  2.703318e-27  1.555702e-27  6.169851e-28  3.820492e-28  1.444465e-28  1.462943e-28  7.355664e-29  1.955204e-28  2.596832e-28  1.654016e-27  1.354658e-27  8.979282e-27  6.238847e-27  9.232465e-27  7.704977e-27  8.091404e-27  4.045312e-27  3.678143e-27  2.357324e-27  1.251134e-27  6.424530e-28  3.565903e-28  2.418297e-28  3.434214e-28  5.282432e-28  1.471068e-27  4.065761e-27  7.895609e-27  2.303578e-26  4.510157e-26  1.900264e-25  6.113291e-26  8.859812e-26  9.523398e-26  6.052546e-26  4.057270e-26  2.508679e-26  8.351066e-27  3.965994e-27  1.763879e-27  5.427428e-28  5.154616e-28  3.351434e-28  3.071014e-28  4.323575e-28  2.511972e-28  1.483783e-28  2.242854e-28  3.879101e-28  9.736791e-28  8.100747e-27  1.132090e-26  1.779311e-27  7.889177e-27  3.040281e-27  5.606159e-27  4.058709e-27  3.903147e-27  2.323385e-27  1.439181e-27  1.113647e-27  1.372652e-27  1.670250e-27  2.141498e-27  3.291430e-27  7.768560e-27  1.677689e-26  4.670753e-26  6.941657e-26  2.531667e-26  5.722651e-26  3.501966e-26  5.809416e-26  2.980325e-26  1.433806e-26  1.101865e-26  1.080133e-26  5.129956e-27  2.310867e-27  1.197908e-27  8.506191e-28  1.180375e-27  8.545557e-28  3.000228e-28  4.677019e-28  1.147806e-27  1.889257e-27  2.600923e-27  2.292697e-27  2.568684e-27  1.815989e-27  2.471790e-27  3.025585e-27  6.596733e-27  2.709907e-26  1.351928e-25  1.159654e-25  2.861802e-26  9.024989e-26  6.629983e-26  5.823488e-26  6.164737e-26  4.655434e-26  3.041487e-26  1.784831e-26  9.455776e-27  8.913087e-27  7.879509e-27  9.433742e-27  7.999398e-27  1.346504e-26  1.974519e-26  3.090485e-26  6.010650e-26  2.141890e-25  7.076501e-25  7.667947e-25  4.509192e-25  6.935111e-25  5.640409e-25  5.708286e-25  5.394092e-25  2.916654e-25  2.856597e-25  1.867865e-25  1.214333e-25  5.947040e-26  2.455771e-26  1.759720e-26  8.436200e-27  2.647195e-27  2.338421e-27  1.882340e-27  1.009725e-27  7.993459e-28  3.515493e-28  2.402746e-28  1.177873e-28  5.583156e-29  3.195374e-29  2.781222e-29  3.834273e-29  5.535813e-29  6.458704e-29  1.716505e-28  2.338359e-28  3.738318e-28  5.600957e-28  4.801947e-28  9.019366e-28  1.019165e-27  3.028754e-27  1.051874e-26  3.760878e-26  9.368802e-26  1.002604e-25  5.689851e-26  2.456812e-26  8.856160e-26  6.103076e-26  4.237366e-26  4.557095e-26  3.211349e-26  2.769624e-26  1.702940e-26  1.864770e-26  1.761515e-26  2.044623e-26  1.867372e-26  3.627758e-26  2.500897e-26  4.604623e-26  1.214484e-25  3.004959e-25  5.840613e-25  7.224764e-25  3.122106e-25  2.028707e-25  6.232221e-25  2.715458e-25  1.845552e-25  4.598710e-25  1.887690e-25  1.996577e-25  1.251475e-25  8.137023e-26  4.913620e-26  2.105192e-26  9.378388e-27  1.538294e-26  1.324432e-26  1.128752e-26  7.227538e-27  5.527485e-27  1.544667e-27  2.394986e-27  7.840464e-28  4.142168e-28  4.344066e-28  5.440931e-28  5.860851e-28  5.324179e-28  8.053578e-28  1.006755e-27  1.300770e-27  1.634062e-27  2.528878e-27  4.737300e-27  8.153776e-27  1.419798e-26  1.793302e-26  1.019661e-26  2.181187e-26  2.856413e-26  1.173344e-26  1.736581e-26  2.122646e-26  4.534934e-26  8.367784e-26  5.127744e-25  1.428759e-24  1.231811e-24  1.755638e-24  3.055700e-25  3.014019e-25  1.107287e-24  8.854674e-25  8.904438e-25  7.992790e-25  8.197023e-25  4.920452e-25  4.133060e-25  3.096299e-25  2.316252e-25  2.577847e-25  1.391000e-25  1.684295e-25  1.615786e-25  1.205627e-25  1.429169e-25  2.053238e-25  3.282901e-25  2.857401e-25  1.868653e-24  4.317418e-24  1.016315e-23  8.043924e-24  6.332247e-24  9.661121e-25  4.164269e-24  6.755872e-24  5.467768e-24  3.067400e-24  5.141107e-24  4.529244e-24  3.490465e-24  1.700050e-24  2.807825e-24  1.576875e-24  6.824107e-25  5.158816e-25  5.547127e-25  6.308653e-25  6.411739e-25  2.487646e-25  3.187225e-25  1.505415e-25  8.685399e-26  4.638636e-26  3.493370e-26  1.633824e-26  9.384586e-27  8.803409e-27  9.156648e-27  4.992422e-27  4.010816e-27  5.205427e-27  6.263642e-27  4.930298e-27  2.188365e-27  2.941563e-27  1.759692e-27  2.511635e-27  1.369337e-27  3.784431e-27  1.389314e-27  1.399223e-27  1.141462e-27  6.047345e-28  3.122520e-28  1.965898e-28  8.637107e-29  8.988267e-29  8.166200e-29  5.931778e-29  6.828597e-29  1.569207e-28  1.241856e-28  2.319495e-28  5.183571e-28  8.305198e-28  4.923756e-28  1.214868e-27  7.325349e-28  1.906735e-27  3.775078e-27  3.833368e-27  1.159018e-27  4.734441e-27  5.656431e-27  1.062485e-26  2.086981e-26  2.891067e-26  1.539498e-25  1.902062e-25  3.289801e-25  7.650644e-25  5.530211e-25  5.505132e-25  6.526654e-25  9.034383e-26  1.834118e-25  7.625360e-25  6.083742e-25  1.769839e-25  3.796970e-25  5.295923e-25  5.325969e-25  5.199826e-25  5.273252e-25  4.782638e-25  3.543664e-25  1.253120e-25  2.293303e-25  1.681396e-25  3.246974e-25  4.357327e-25  4.243752e-25  6.690100e-25  8.118008e-25  2.974945e-24  3.367495e-24  7.924761e-24  8.589190e-24  9.627472e-24  6.411714e-24  9.374429e-24  1.320498e-24  2.105565e-24  1.597917e-23  2.424598e-24  3.148359e-24  4.200102e-24  1.978526e-24  7.855117e-24  3.571583e-24  2.929723e-24  2.720855e-24  3.355506e-24  7.088793e-25  1.242858e-24  2.692322e-25  6.575949e-25  2.369865e-25  3.363746e-25  3.054528e-25  2.188065e-25  3.510404e-25  2.769112e-25  1.822702e-25  2.574110e-25  1.120240e-25  1.104347e-25  2.659915e-26  1.195159e-25  1.077224e-25  7.034514e-26  2.178073e-25  1.041806e-25  7.180613e-26  1.181054e-25  3.418819e-26  6.867168e-26  2.903320e-26  3.514804e-26  2.638736e-26  6.677084e-27  8.687753e-27  3.302115e-27  5.041812e-27  1.327399e-27  1.844145e-27  1.256390e-27  6.033178e-28  8.919607e-28  7.483175e-28  5.126632e-28  2.009006e-27  5.038569e-28  1.161250e-27  2.633338e-27  3.127670e-27  4.829193e-27  4.405473e-27  1.376435e-26  9.795901e-27  1.295099e-26  3.963432e-26  3.890694e-26  2.346099e-26  3.865577e-26  3.676078e-26  1.407229e-25  7.899073e-26  1.779839e-25  1.007709e-26  1.739494e-25  3.509121e-26  2.589023e-25  5.604818e-25  5.100072e-25  1.067004e-24  3.198018e-24  6.655076e-24  6.451513e-24  2.127391e-23  8.831030e-24  1.142980e-23  1.210412e-23  1.641904e-23  8.697771e-25  2.312757e-24  4.813070e-24  1.496269e-23  1.089617e-23  8.454519e-24  1.009238e-23  5.202942e-24  8.867658e-24  8.821617e-24  1.020538e-23  3.160411e-24  1.278521e-23  2.707763e-24  9.854822e-24  3.785388e-24  2.917683e-24  1.359330e-24  3.440765e-24  1.846045e-24  2.650484e-24  4.464087e-24  2.647518e-24  7.321509e-25  7.007103e-24  4.058342e-24  9.396915e-24  2.493390e-23  4.511291e-23  5.385338e-23  8.698178e-23  1.661552e-22  1.578615e-22  1.606181e-22  1.363596e-22  4.380302e-23  2.182435e-23  3.386195e-23  3.558592e-23  1.566370e-22  1.259798e-22  2.756938e-23  1.050657e-22  2.377846e-23  9.275233e-23  7.386682e-24  1.338208e-22  4.170275e-24  7.451341e-23  2.272940e-23  1.723357e-23  3.704610e-23  2.811987e-23  3.277745e-23  1.858473e-23  1.435490e-23  1.624804e-23  1.749458e-23  1.658237e-23  1.167295e-23  1.491064e-23  1.210903e-23  1.460419e-23  1.065831e-23  7.367374e-24  1.640459e-24  5.974572e-24  1.464015e-24  5.318722e-24  5.436058e-24  6.744651e-24  1.192033e-23  8.502549e-24  4.233203e-24  3.313663e-24  5.142342e-24  5.262871e-24  1.020481e-24  1.074609e-24  1.767037e-24  1.932623e-25  1.032190e-24  1.780067e-25  2.094950e-25  3.029328e-25  5.748977e-26  2.580718e-25  1.070469e-25  7.324982e-26  1.699419e-25  6.663091e-26  4.035728e-26  3.500261e-26  4.279373e-26  6.610312e-26  4.559710e-26  1.330268e-25  4.221039e-26  3.267760e-25  7.520365e-26  1.615318e-25  2.635215e-26  1.146235e-25  8.259652e-26  1.583972e-25  2.372316e-25  2.925031e-25  5.794287e-26  1.573468e-25  5.599319e-26  6.742035e-26  2.328639e-26  1.048865e-25  8.560805e-26  8.387592e-27  2.137018e-25  2.603558e-26  2.360993e-26  8.048012e-26  7.558147e-26  2.161300e-25  2.362913e-26  4.807704e-26  3.168833e-26  5.601972e-26  4.374342e-26  9.269684e-27  1.736751e-26  1.024084e-26  8.080392e-27  3.761207e-27  3.408254e-27  6.808354e-27  5.155479e-27  3.447955e-27  3.205427e-27  2.930854e-27  6.629751e-27  3.434899e-27  1.516787e-27  5.056773e-28  1.171586e-27  1.727897e-27  1.018540e-27  6.808161e-28  4.862307e-28  4.789785e-28  4.189550e-28  2.515827e-27  1.163744e-27  1.365411e-27  1.834707e-27  1.814790e-27  1.607826e-27  2.228318e-27  6.172252e-27  1.755277e-27  2.390077e-27  7.900900e-27  1.276186e-26  1.137593e-27  1.935937e-26  5.771024e-27  5.328742e-27  2.764876e-26  4.626763e-26  3.888431e-26  1.512578e-26  7.519527e-26  7.808033e-26  1.874926e-26  2.627733e-25  5.038542e-26  2.847162e-25  2.076269e-25  4.935927e-27  6.565366e-25  4.317124e-25  1.515082e-25  7.107097e-26  9.430533e-25  3.264617e-25  2.386841e-24  4.208585e-25  1.471478e-25  6.345990e-25  1.811831e-24  3.524628e-25  6.249878e-26  3.884074e-24  3.076576e-25  1.882266e-24  2.450468e-24  1.729361e-25  2.143332e-24  1.925414e-24  5.010562e-24
3.743152e-29  5.381285e-29  5.922690e-29  6.273927e-29  2.831316e-28  1.340133e-27  9.316183e-28  6.706112e-28  2.888069e-28  1.153464e-28  3.026007e-29  1.617775e-29  1.636378e-29  2.116351e-29  6.719178e-29  3.548331e-28  2.602635e-28  2.173774e-28  5.445084e-28  1.801473e-28  7.092102e-29  1.697147e-29  6.354311e-30  1.163659e-29  1.063131e-29  1.506949e-29  1.824057e-29  8.044090e-30  1.907950e-29  1.910378e-29  8.086877e-29  3.935989e-28  2.671371e-27  2.741959e-27  2.033114e-27  1.133527e-27  4.239671e-28  1.481026e-28  8.350763e-29  2.841945e-29  4.926661e-29  1.137138e-28  1.085693e-28  1.257317e-28  1.186172e-28  1.821637e-28  7.241972e-28  9.010390e-28  5.411721e-28  3.583682e-28  1.366795e-28  1.491294e-28  4.807365e-28  1.672651e-28  1.325646e-28  6.969908e-29  3.098594e-29  9.430920e-30  7.866377e-30  4.975660e-30  1.092834e-29  2.115451e-29  1.981441e-29  6.168817e-29  9.454424e-29  5.002636e-28  1.273060e-27  9.270710e-27  6.606363e-27  5.277138e-27  4.355599e-27  1.804044e-27  1.073051e-27  4.121574e-28  2.015392e-28  8.248335e-29  3.179494e-29  1.639504e-29  8.164154e-30  2.157303e-29  2.154467e-28  4.835014e-28  2.079520e-28  4.600448e-28  4.260428e-28  1.657466e-27  2.190149e-27  3.252894e-27  1.595852e-27  1.276949e-27  6.267703e-28  2.129724e-28  6.405581e-29  4.678724e-29  1.030477e-28  4.307072e-28  1.181008e-27  7.502695e-28  6.572274e-28  7.700525e-28  3.855916e-28  1.875379e-28  9.175737e-29  3.488198e-29  1.608954e-29  1.565530e-29  2.481972e-29  8.807486e-29  2.774516e-28  6.860527e-28  1.414797e-27  3.909256e-27  1.038696e-26  3.477614e-26  1.659462e-26  1.691340e-26  1.526429e-26  5.170990e-27  2.278025e-27  1.103817e-27  2.233597e-28  9.845848e-29  6.216369e-28  2.008809e-27  8.757203e-28  1.096409e-27  1.682922e-27  8.891236e-28  3.143446e-28  4.067715e-28  1.751872e-28  5.692933e-29  3.336901e-29  4.536197e-29  7.325148e-29  1.652201e-28  4.200269e-28  2.069053e-27  3.055211e-27  5.079908e-27  1.138822e-26  7.203449e-27  5.225027e-27  6.178380e-27  2.707050e-27  1.558458e-27  6.176452e-28  3.826345e-28  1.446742e-28  1.465854e-28  7.360031e-29  1.957537e-28  2.601293e-28  1.657004e-27  1.356644e-27  8.996439e-27  6.249715e-27  9.259720e-27  7.717120e-27  8.095580e-27  4.053135e-27  3.684441e-27  2.362634e-27  1.251637e-27  6.436298e-28  3.569545e-28  2.421890e-28  3.438479e-28  5.291122e-28  1.472557e-27  4.073133e-27  7.904659e-27  2.308847e-26  4.515100e-26  1.903892e-25  6.117336e-26  8.867866e-26  9.531905e-26  6.060499e-26  4.061142e-26  2.513480e-26  8.361113e-27  3.973462e-27  1.767196e-27  5.432648e-28  5.163404e-28  3.353386e-28  3.075485e-28  4.331291e-28  2.517158e-28  1.489006e-28  2.245094e-28  3.885210e-28  9.750000e-28  8.112749e-27  1.133573e-26  1.779296e-27  7.897184e-27  3.043239e-27  5.615622e-27  4.066101e-27  3.907076e-27  2.332888e-27  1.435545e-27  1.115512e-27  1.373885e-27  1.672076e-27  2.144732e-27  3.297628e-27  7.779334e-27  1.679289e-26  4.674676e-26  6.949663e-26  2.533446e-26  5.734094e-26  3.499952e-26  5.819884e-26  2.984119e-26  1.435252e-26  1.103412e-26  1.080645e-26  5.143098e-27  2.312163e-27  1.200075e-27  8.526325e-28  1.182664e-27  8.565659e-28  3.003511e-28  4.672722e-28  1.150701e-27  1.889538e-27  2.605538e-27  2.291394e-27  2.571618e-27  1.817273e-27  2.471524e-27  3.034656e-27  6.598216e-27  2.710878e-26  1.353631e-25  1.159994e-25  2.864609e-26  9.029644e-26  6.639153e-26  5.830870e-26  6.164295e-26  4.665438e-26  3.037698e-26  1.787991e-26  9.459389e-27  8.921242e-27  7.891708e-27  9.442997e-27  8.009921e-27  1.346582e-26  1.975807e-26  3.101693e-26  6.014158e-26  2.144250e-25  7.082118e-25  7.657229e-25  4.513576e-25  6.950161e-25  5.632704e-25  5.706150e-25  5.395145e-25  2.914816e-25  2.856325e-25  1.869064e-25  1.213959e-25  5.958612e-26  2.463387e-26  1.761499e-26  8.448183e-27  2.651165e-27  2.342743e-27  1.880992e-27  1.010818e-27  7.995408e-28  3.521862e-28  2.408234e-28  1.179666e-28  5.600390e-29  3.199675e-29  2.781016e-29  3.841561e-29  5.536009e-29  6.470855e-29  1.720917e-28  2.348089e-28  3.738083e-28  5.583622e-28  4.801374e-28  9.034709e-28  1.018281e-27  3.029014e-27  1.053235e-26  3.761005e-26  9.379571e-26  1.001713e-25  5.694742e-26  2.461467e-26  8.853060e-26  6.130243e-26  4.220599e-26  4.557373e-26  3.206484e-26  2.772608e-26  1.705431e-26  1.859937e-26  1.761748e-26  2.043232e-26  1.868405e-26  3.626100e-26  2.510914e-26  4.612788e-26  1.216698e-25  3.009864e-25  5.815433e-25  7.252808e-25  3.113623e-25  2.027895e-25  6.229140e-25  2.708229e-25  1.850772e-25  4.606663e-25  1.886119e-25  1.991745e-25  1.252056e-25  8.172755e-26  4.922081e-26  2.103966e-26  9.393486e-27  1.541171e-26  1.318535e-26  1.124999e-26  7.235987e-27  5.533373e-27  1.547604e-27  2.401102e-27  7.849282e-28  4.140443e-28  4.320354e-28  5.463543e-28  5.866890e-28  5.335905e-28  8.089707e-28  1.008113e-27  1.310070e-27  1.630785e-27  2.514331e-27  4.729395e-27  8.204678e-27  1.421449e-26  1.788830e-26  1.021031e-26  2.179673e-26  2.849375e-26  1.170682e-26  1.738082e-26  2.117449e-26  4.553862e-26  8.339389e-26  5.150618e-25  1.431056e-24  1.231086e-24  1.758153e-24  3.068335e-25  2.995302e-25  1.107396e-24  8.844578e-25  8.923052e-25  8.026391e-25  8.227362e-25  4.917285e-25  4.139871e-25  3.104260e-25  2.324890e-25  2.574451e-25  1.388839e-25  1.688548e-25  1.612938e-25  1.207406e-25  1.430729e-25  2.048132e-25  3.297758e-25  2.863776e-25  1.857524e-24  4.322047e-24  1.010714e-23  8.039246e-24  6.383101e-24  9.668678e-25  4.147808e-24  6.734848e-24  5.510496e-24  3.070910e-24  5.161010e-24  4.500238e-24  3.495144e-24  1.701187e-24  2.814706e-24  1.580921e-24  6.833328e-25  5.142211e-25  5.523370e-25  6.293860e-25  6.379653e-25  2.507915e-25  3.180398e-25  1.507587e-25  8.723728e-26  4.630314e-26  3.500830e-26  1.628840e-26  9.394922e-27  8.821802e-27  9.161618e-27  4.997106e-27  3.997102e-27  5.203344e-27  6.245399e-27  4.927395e-27  2.193761e-27  2.949847e-27  1.749047e-27  2.518810e-27  1.358144e-27  3.789950e-27  1.389571e-27  1.405277e-27  1.136118e-27  6.027891e-28  3.127315e-28  1.947627e-28  8.611268e-29  8.964599e-29  8.192189e-29  5.950582e-29  6.844776e-29  1.573369e-28  1.235580e-28  2.317633e-28  5.130858e-28  8.424487e-28  4.843944e-28  1.210410e-27  7.376527e-28  1.895121e-27  3.778087e-27  3.815130e-27  1.121031e-27  4.723942e-27  5.667841e-27  1.052363e-26  2.085051e-26  2.871094e-26  1.531838e-25  1.893933e-25  3.274291e-25  7.615535e-25  5.531362e-25  5.513044e-25  6.519620e-25  8.987907e-26  1.833553e-25  7.578414e-25  6.090966e-25  1.765312e-25  3.811300e-25  5.265115e-25  5.334571e-25  5.205081e-25  5.270481e-25  4.776809e-25  3.527112e-25  1.243817e-25  2.293907e-25  1.682327e-25  3.261878e-25  4.359299e-25  4.225767e-25  6.691143e-25  8.061807e-25  2.973949e-24  3.371436e-24  7.938038e-24  8.538181e-24  9.604324e-24  6.351482e-24  9.443067e-24  1.320511e-24  2.077588e-24  1.599708e-23  2.430869e-24  3.148595e-24  4.196587e-24  1.970445e-24  7.907140e-24  3.516749e-24  2.923549e-24  2.687244e-24  3.360701e-24  7.086408e-25  1.245616e-24  2.679669e-25  6.564725e-25  2.379781e-25  3.375506e-25  3.050248e-25  2.194156e-25  3.487998e-25  2.765315e-25  1.804859e-25  2.551572e-25  1.110346e-25  1.099778e-25  2.661892e-26  1.189838e-25  1.075749e-25  7.025601e-26  2.205639e-25  1.028772e-25  7.143532e-26  1.177162e-25  3.412293e-26  6.882098e-26  2.925760e-26  3.556055e-26  2.667596e-26  6.652866e-27  8.474461e-27  3.330976e-27  5.061634e-27  1.313463e-27  1.824485e-27  1.251738e-27  5.950872e-28  9.050054e-28  7.531391e-28  5.193253e-28  1.989571e-27  5.022607e-28  1.167923e-27  2.579899e-27  3.117906e-27  4.887744e-27  4.358693e-27  1.366707e-26  9.728875e-27  1.287887e-26  3.949850e-26  3.880477e-26  2.346610e-26  3.890468e-26  3.732291e-26  1.389298e-25  7.767159e-26  1.788706e-25  1.000009e-26  1.740512e-25  3.525645e-26  2.600296e-25  5.559088e-25  5.040834e-25  1.059301e-24  3.209890e-24  6.581530e-24  6.391663e-24  2.150718e-23  8.673377e-24  1.141625e-23  1.209099e-23  1.656550e-23  8.596744e-25  2.312073e-24  4.852932e-24  1.485489e-23  1.084063e-23  8.446526e-24  1.015837e-23  5.197247e-24  8.741151e-24  8.800191e-24  1.022589e-23  3.157437e-24  1.296728e-23  2.696566e-24  9.894767e-24  3.772535e-24  2.941905e-24  1.365582e-24  3.428927e-24  1.867345e-24  2.653759e-24  4.472042e-24  2.638154e-24  7.278430e-25  7.066748e-24  4.054125e-24  9.387647e-24  2.514644e-23  4.527872e-23  5.337924e-23  8.722046e-23  1.670257e-22  1.580949e-22  1.607713e-22  1.342834e-22  4.402905e-23  2.164272e-23  3.412078e-23  3.591034e-23  1.579118e-22  1.250440e-22  2.720394e-23  1.051588e-22  2.399119e-23  9.356551e-23  7.415216e-24  1.342772e-22  4.133043e-24  7.534526e-23  2.208391e-23  1.725541e-23  3.706848e-23  2.816541e-23  3.289316e-23  1.848120e-23  1.431960e-23  1.625558e-23  1.775738e-23  1.658704e-23  1.152099e-23  1.496675e-23  1.203055e-23  1.459095e-23  1.046639e-23  7.347044e-24  1.618706e-24  6.051896e-24  1.482375e-24  5.336141e-24  5.404910e-24  6.684981e-24  1.180889e-23  8.454301e-24  4.261810e-24  3.291497e-24  5.172176e-24  5.307403e-24  1.024542e-24  1.069665e-24  1.748430e-24  1.902380e-25  1.029661e-24  1.787131e-25  2.094741e-25  3.070969e-25  5.825862e-26  2.561366e-25  1.090098e-25  7.160768e-26  1.653301e-25  6.712264e-26  4.086425e-26  3.465511e-26  4.319775e-26  6.749956e-26  4.503191e-26  1.317635e-25  4.189855e-26  3.258951e-25  7.488127e-26  1.587834e-25  2.628558e-26  1.142423e-25  8.266110e-26  1.607231e-25  2.321248e-25  2.891874e-25  5.849611e-26  1.553461e-25  5.727997e-26  6.708760e-26  2.250607e-26  1.053031e-25  8.556381e-26  8.057480e-27  2.157519e-25  2.512584e-26  2.368535e-26  8.068923e-26  7.392606e-26  2.165801e-25  2.370618e-26  4.768569e-26  3.077768e-26  5.679006e-26  4.268876e-26  9.008337e-27  1.679302e-26  1.027544e-26  8.403706e-27  3.824014e-27  3.453160e-27  6.913612e-27  5.024259e-27  3.433915e-27  3.171279e-27  2.920678e-27  6.539344e-27  3.372554e-27  1.499336e-27  5.104322e-28  1.144804e-27  1.668023e-27  1.018344e-27  6.702956e-28  4.805751e-28  4.754354e-28  4.122940e-28  2.479365e-27  1.170493e-27  1.341325e-27  1.812064e-27  1.755241e-27  1.586334e-27  2.262303e-27  6.085509e-27  1.755803e-27  2.373407e-27  7.967172e-27  1.306569e-26  1.149325e-27  1.913594e-26  5.909167e-27  5.164938e-27  2.789863e-26  4.493989e-26  3.793795e-26  1.514368e-26  7.672645e-26  7.825894e-26  1.890028e-26  2.631895e-25  4.963707e-26  2.869733e-25  2.052748e-25  4.490841e-27  6.562651e-25  4.318898e-25  1.517673e-25  6.381248e-26  9.521946e-25  3.223453e-25  2.422319e-24  4.281115e-25  1.403932e-25  6.504268e-25  1.771057e-24  3.493558e-25  6.002917e-26  3.945142e-24  3.007773e-25  1.910320e-24  2.407117e-24  1.690550e-25  2.150072e-24  1.897066e-24  5.015702e-24
3.746361e-29  5.386120e-29  5.928175e-29  6.279101e-29  2.833806e-28  1.341271e-27  9.328109e-28  6.713426e-28  2.889876e-28  1.154487e-28  3.028124e-29  1.619520e-29  1.637502e-29  2.118230e-29  6.725848e-29  3.551811e-28  2.605063e-28  2.175840e-28  5.450367e-28  1.803090e-28  7.099427e-29  1.697598e-29  6.361022e-30  1.164557e-29  1.064253e-29  1.508517e-29  1.825706e-29  8.051560e-30  1.909549e-29  1.912213e-29  8.094365e-29  3.939619e-28  2.674172e-27  2.745010e-27  2.035275e-27  1.134693e-27  4.243706e-28  1.482090e-28  8.358778e-29  2.844575e-29  4.931212e-29  1.138186e-28  1.086931e-28  1.258653e-28  1.187237e-28  1.823407e-28  7.248627e-28  9.020840e-28  5.416870e-28  3.587426e-28  1.368091e-28  1.492457e-28  4.812665e-28  1.674478e-28  1.326788e-28  6.977675e-29  3.101449e-29  9.440549e-30  7.874398e-30  4.980907e-30  1.093897e-29  2.117582e-29  1.983479e-29  6.175261e-29  9.462873e-29  5.008520e-28  1.274412e-27  9.283594e-27  6.615828e-27  5.282752e-27  4.360967e-27  1.806265e-27  1.074189e-27  4.126035e-28  2.017677e-28  8.257021e-29  3.182704e-29  1.641237e-29  8.172924e-30  2.159278e-29  2.156902e-28  4.842756e-28  2.079872e-28  4.605424e-28  4.265007e-28  1.658986e-27  2.192792e-27  3.256549e-27  1.597822e-27  1.278431e-27  6.274319e-28  2.132235e-28  6.412407e-29  4.683933e-29  1.031615e-28  4.311942e-28  1.182633e-27  7.511872e-28  6.580082e-28  7.711955e-28  3.860449e-28  1.877964e-28  9.182888e-29  3.492266e-29  1.610196e-29  1.567020e-29  2.484154e-29  8.818005e-29  2.778086e-28  6.867713e-28  1.416587e-27  3.917551e-27  1.039163e-26  3.480742e-26  1.661193e-26  1.693795e-26  1.528517e-26  5.173382e-27  2.279626e-27  1.105255e-27  2.236219e-28  9.857122e-29  6.223527e-28  2.011379e-27  8.766791e-28  1.098046e-27  1.685653e-27  8.900100e-28  3.148696e-28  4.074396e-28  1.754044e-28  5.700540e-29  3.340822e-29  4.541593e-29  7.334517e-29  1.654513e-28  4.196897e-28  2.072232e-27  3.058331e-27  5.086847e-27  1.140516e-26  7.210479e-27  5.235333e-27  6.187966e-27  2.710168e-27  1.560709e-27  6.182630e-28  3.831361e-28  1.448681e-28  1.468422e-28  7.362999e-29  1.959538e-28  2.605100e-28  1.660875e-27  1.358261e-27  9.011745e-27  6.260042e-27  9.286102e-27  7.727072e-27  8.099449e-27  4.060632e-27  3.690085e-27  2.367554e-27  1.251902e-27  6.447071e-28  3.572157e-28  2.424771e-28  3.442008e-28  5.298876e-28  1.473593e-27  4.079218e-27  7.912901e-27  2.313867e-26  4.519051e-26  1.908085e-25  6.124321e-26  8.875190e-26  9.542936e-26  6.068102e-26  4.064164e-26  2.518824e-26  8.369168e-27  3.980423e-27  1.770132e-27  5.436681e-28  5.170511e-28  3.354368e-28  3.078970e-28  4.337977e-28  2.522091e-28  1.494044e-28  2.246833e-28  3.890063e-28  9.762288e-28  8.122381e-27  1.135567e-26  1.780256e-27  7.905603e-27  3.049182e-27  5.626642e-27  4.073271e-27  3.910824e-27  2.342062e-27  1.432692e-27  1.117934e-27  1.375106e-27  1.673535e-27  2.147415e-27  3.303242e-27  7.787527e-27  1.680930e-26  4.678590e-26  6.959607e-26  2.536096e-26  5.750865e-26  3.499618e-26  5.838553e-26  2.988542e-26  1.437276e-26  1.105259e-26  1.081031e-26  5.158524e-27  2.312571e-27  1.202194e-27  8.544217e-28  1.185076e-27  8.584877e-28  3.004194e-28  4.668143e-28  1.153418e-27  1.889467e-27  2.611288e-27  2.290176e-27  2.577325e-27  1.819566e-27  2.473231e-27  3.044290e-27  6.599305e-27  2.712100e-26  1.355838e-25  1.161455e-25  2.871178e-26  9.047726e-26  6.653811e-26  5.848216e-26  6.168907e-26  4.677694e-26  3.035677e-26  1.791884e-26  9.470572e-27  8.935297e-27  7.908455e-27  9.452288e-27  8.022787e-27  1.346888e-26  1.977896e-26  3.117352e-26  6.018608e-26  2.147109e-25  7.091853e-25  7.653950e-25  4.520725e-25  6.975939e-25  5.628411e-25  5.706596e-25  5.403264e-25  2.915919e-25  2.858615e-25  1.870503e-25  1.213977e-25  5.970127e-26  2.471695e-26  1.763358e-26  8.462154e-27  2.655621e-27  2.348852e-27  1.879616e-27  1.012805e-27  7.997804e-28  3.527989e-28  2.413592e-28  1.181071e-28  5.619892e-29  3.204585e-29  2.780622e-29  3.849120e-29  5.535112e-29  6.488837e-29  1.726057e-28  2.358778e-28  3.739212e-28  5.564743e-28  4.802615e-28  9.058224e-28  1.017909e-27  3.029191e-27  1.055343e-26  3.761783e-26  9.396608e-26  1.002092e-25  5.707091e-26  2.468658e-26  8.855259e-26  6.163150e-26  4.204405e-26  4.566157e-26  3.204312e-26  2.778992e-26  1.708175e-26  1.855057e-26  1.762892e-26  2.042854e-26  1.871164e-26  3.624556e-26  2.526201e-26  4.627450e-26  1.219811e-25  3.016052e-25  5.797849e-25  7.289263e-25  3.101367e-25  2.028087e-25  6.231432e-25  2.698608e-25  1.859052e-25  4.621484e-25  1.887084e-25  1.987709e-25  1.252620e-25  8.212903e-26  4.933794e-26  2.103186e-26  9.413911e-27  1.543213e-26  1.313750e-26  1.122513e-26  7.251028e-27  5.541848e-27  1.552605e-27  2.405460e-27  7.852448e-28  4.137762e-28  4.295189e-28  5.489060e-28  5.875472e-28  5.349819e-28  8.134855e-28  1.010398e-27  1.320452e-27  1.628948e-27  2.499017e-27  4.723276e-27  8.257257e-27  1.424631e-26  1.783906e-26  1.023483e-26  2.176799e-26  2.842655e-26  1.169401e-26  1.740700e-26  2.113582e-26  4.578554e-26  8.315959e-26  5.180781e-25  1.434776e-24  1.231815e-24  1.761142e-24  3.085219e-25  2.971438e-25  1.107816e-24  8.836409e-25  8.949524e-25  8.069015e-25  8.263447e-25  4.914845e-25  4.149981e-25  3.118450e-25  2.335401e-25  2.570543e-25  1.387404e-25  1.695696e-25  1.610230e-25  1.210167e-25  1.432934e-25  2.042468e-25  3.318213e-25  2.873848e-25  1.844954e-24  4.330159e-24  1.004364e-23  8.033754e-24  6.448679e-24  9.688332e-25  4.120617e-24  6.713711e-24  5.567231e-24  3.074738e-24  5.180692e-24  4.472172e-24  3.503439e-24  1.702956e-24  2.824168e-24  1.586915e-24  6.853218e-25  5.119849e-25  5.494374e-25  6.279524e-25  6.343111e-25  2.534806e-25  3.171024e-25  1.512428e-25  8.768134e-26  4.624821e-26  3.506470e-26  1.625238e-26  9.405976e-27  8.842476e-27  9.180387e-27  5.005165e-27  3.983566e-27  5.201137e-27  6.225154e-27  4.926381e-27  2.201636e-27  2.961400e-27  1.736726e-27  2.527653e-27  1.344382e-27  3.797228e-27  1.390600e-27  1.413351e-27  1.129294e-27  6.005628e-28  3.129651e-28  1.927189e-28  8.589853e-29  8.932571e-29  8.221384e-29  5.968031e-29  6.864192e-29  1.579449e-28  1.228649e-28  2.317666e-28  5.072399e-28  8.566246e-28  4.765372e-28  1.205684e-27  7.446305e-28  1.882320e-27  3.781119e-27  3.786428e-27  1.083523e-27  4.710194e-27  5.685050e-27  1.041146e-26  2.082879e-26  2.850548e-26  1.521124e-25  1.886661e-25  3.256326e-25  7.580573e-25  5.529962e-25  5.523166e-25  6.515910e-25  8.915383e-26  1.831879e-25  7.518036e-25  6.100807e-25  1.760733e-25  3.830452e-25  5.227449e-25  5.348998e-25  5.207528e-25  5.267337e-25  4.770793e-25  3.505496e-25  1.233932e-25  2.292842e-25  1.684379e-25  3.280566e-25  4.362978e-25  4.204725e-25  6.693381e-25  8.004553e-25  2.974908e-24  3.374350e-24  7.958077e-24  8.484879e-24  9.571301e-24  6.276301e-24  9.526598e-24  1.320428e-24  2.043123e-24  1.602200e-23  2.443000e-24  3.139429e-24  4.202064e-24  1.957630e-24  7.976592e-24  3.453289e-24  2.918740e-24  2.649099e-24  3.367862e-24  7.095266e-25  1.248599e-24  2.666084e-25  6.547330e-25  2.390497e-25  3.389152e-25  3.043723e-25  2.201695e-25  3.461358e-25  2.762294e-25  1.782569e-25  2.523346e-25  1.098344e-25  1.093193e-25  2.665799e-26  1.183376e-25  1.074761e-25  7.014543e-26  2.237190e-25  1.014104e-25  7.103026e-26  1.173676e-25  3.405414e-26  6.902471e-26  2.954888e-26  3.599800e-26  2.697659e-26  6.635707e-27  8.248569e-27  3.364167e-27  5.079124e-27  1.300308e-27  1.804934e-27  1.247172e-27  5.864489e-28  9.175613e-28  7.595409e-28  5.269161e-28  1.966289e-27  5.009956e-28  1.176694e-27  2.523566e-27  3.106156e-27  4.956029e-27  4.315479e-27  1.355632e-26  9.658332e-27  1.278229e-26  3.937067e-26  3.871386e-26  2.347805e-26  3.918892e-26  3.799476e-26  1.366267e-25  7.606688e-26  1.798992e-25  9.918970e-27  1.743005e-25  3.544806e-26  2.615277e-25  5.501746e-25  4.963928e-25  1.051768e-24  3.221257e-24  6.503754e-24  6.326279e-24  2.179204e-23  8.486365e-24  1.139962e-23  1.208944e-23  1.673353e-23  8.491538e-25  2.315290e-24  4.906628e-24  1.471092e-23  1.077173e-23  8.428462e-24  1.025661e-23  5.200495e-24  8.587218e-24  8.769771e-24  1.026445e-23  3.158714e-24  1.319365e-23  2.682583e-24  9.949620e-24  3.757331e-24  2.972705e-24  1.373314e-24  3.409139e-24  1.894464e-24  2.655808e-24  4.484793e-24  2.625186e-24  7.238118e-25  7.141720e-24  4.049093e-24  9.389212e-24  2.541031e-23  4.554744e-23  5.288612e-23  8.765046e-23  1.680711e-22  1.584329e-22  1.610425e-22  1.317137e-22  4.430963e-23  2.138738e-23  3.444109e-23  3.631193e-23  1.594206e-22  1.239425e-22  2.674410e-23  1.052757e-22  2.428386e-23  9.460135e-23  7.478215e-24  1.349492e-22  4.088441e-24  7.626363e-23  2.144103e-23  1.729767e-23  3.709855e-23  2.823081e-23  3.301701e-23  1.835666e-23  1.428950e-23  1.624182e-23  1.808968e-23  1.657880e-23  1.135753e-23  1.503432e-23  1.194844e-23  1.451287e-23  1.028905e-23  7.314176e-24  1.589714e-24  6.144566e-24  1.512817e-24  5.364531e-24  5.364729e-24  6.607751e-24  1.166345e-23  8.400230e-24  4.294560e-24  3.278253e-24  5.186899e-24  5.358051e-24  1.033084e-24  1.063735e-24  1.728744e-24  1.872543e-25  1.029449e-24  1.796152e-25  2.098318e-25  3.115494e-25  5.914796e-26  2.543004e-25  1.114994e-25  6.974093e-26  1.602400e-25  6.775947e-26  4.148684e-26  3.425042e-26  4.371803e-26  6.918491e-26  4.439004e-26  1.300752e-25  4.161382e-26  3.247681e-25  7.457780e-26  1.555466e-25  2.620097e-26  1.138424e-25  8.277861e-26  1.636696e-25  2.256739e-25  2.850323e-25  5.919540e-26  1.528172e-25  5.888675e-26  6.656945e-26  2.172877e-26  1.058261e-25  8.538330e-26  7.774037e-27  2.181060e-25  2.414649e-26  2.377953e-26  8.094365e-26  7.188703e-26  2.172021e-25  2.381670e-26  4.721648e-26  2.969441e-26  5.760340e-26  4.151490e-26  8.722131e-27  1.619420e-26  1.033971e-26  8.733412e-27  3.879861e-27  3.507837e-27  7.009018e-27  4.864493e-27  3.417942e-27  3.137123e-27  2.903513e-27  6.433980e-27  3.301379e-27  1.480052e-27  5.155019e-28  1.117811e-27  1.605839e-27  1.020251e-27  6.590701e-28  4.744196e-28  4.721451e-28  4.060608e-28  2.440743e-27  1.177955e-27  1.317457e-27  1.786071e-27  1.689463e-27  1.562006e-27  2.298140e-27  5.986483e-27  1.763055e-27  2.363775e-27  8.039411e-27  1.342163e-26  1.161104e-27  1.890057e-26  6.078885e-27  5.015441e-27  2.814861e-26  4.345015e-26  3.688499e-26  1.516344e-26  7.845386e-26  7.837132e-26  1.908689e-26  2.626728e-25  4.871518e-26  2.895933e-25  2.029309e-25  4.115771e-27  6.555948e-25  4.317744e-25  1.517014e-25  5.708848e-26  9.590269e-25  3.167020e-25  2.462256e-24  4.362153e-25  1.336241e-25  6.695140e-25  1.719390e-24  3.459220e-25  5.865496e-26  4.014344e-24  2.929183e-25  1.945595e-24  2.352099e-24  1.646863e-25  2.156639e-24  1.864157e-24  5.023175e-24
3.749099e-29  5.390250e-29  5.932863e-29  6.283524e-29  2.835933e-28  1.342242e-27  9.338319e-28  6.719679e-28  2.891428e-28  1.155364e-28  3.029927e-29  1.621010e-29  1.638456e-29  2.119836e-29  6.731565e-29  3.554791e-28  2.607140e-28  2.177608e-28  5.454899e-28  1.804469e-28  7.105713e-29  1.697961e-29  6.366778e-30  1.165321e-29  1.065216e-29  1.509860e-29  1.827116e-29  8.057951e-30  1.910907e-29  1.913787e-29  8.100808e-29  3.942709e-28  2.676572e-27  2.747632e-27  2.037115e-27  1.135690e-27  4.247151e-28  1.482996e-28  8.365623e-29  2.846842e-29  4.935071e-29  1.139078e-28  1.087986e-28  1.259796e-28  1.188149e-28  1.824915e-28  7.254258e-28  9.029829e-28  5.421196e-28  3.590651e-28  1.369220e-28  1.493439e-28  4.817188e-28  1.676051e-28  1.327738e-28  6.984328e-29  3.103867e-29  9.448822e-30  7.881343e-30  4.985457e-30  1.094811e-29  2.119398e-29  1.985216e-29  6.180820e-29  9.469933e-29  5.013466e-28  1.275534e-27  9.294887e-27  6.624178e-27  5.287551e-27  4.365591e-27  1.808195e-27  1.075154e-27  4.129908e-28  2.019637e-28  8.264514e-29  3.185454e-29  1.642723e-29  8.180495e-30  2.160959e-29  2.158962e-28  4.849497e-28  2.080160e-28  4.609586e-28  4.268969e-28  1.660273e-27  2.194994e-27  3.259613e-27  1.599508e-27  1.279656e-27  6.279890e-28  2.134363e-28  6.418492e-29  4.688596e-29  1.032579e-28  4.316028e-28  1.184064e-27  7.519824e-28  6.586746e-28  7.722189e-28  3.864301e-28  1.880249e-28  9.188962e-29  3.495896e-29  1.611187e-29  1.568210e-29  2.485840e-29  8.827052e-29  2.781159e-28  6.873764e-28  1.418120e-27  3.924374e-27  1.039513e-26  3.483364e-26  1.662549e-26  1.696085e-26  1.530270e-26  5.175229e-27  2.280611e-27  1.106427e-27  2.238408e-28  9.867326e-29  6.229716e-28  2.013536e-27  8.775205e-28  1.099439e-27  1.688136e-27  8.906998e-28  3.153597e-28  4.080589e-28  1.755884e-28  5.707403e-29  3.344135e-29  4.546268e-29  7.342846e-29  1.656573e-28  4.192671e-28  2.074996e-27  3.060790e-27  5.092707e-27  1.141976e-26  7.216408e-27  5.244940e-27  6.196739e-27  2.712799e-27  1.562517e-27  6.188468e-28  3.835670e-28  1.450329e-28  1.470701e-28  7.364744e-29  1.961266e-28  2.608355e-28  1.664703e-27  1.359558e-27  9.025515e-27  6.269770e-27  9.311099e-27  7.734850e-27  8.102129e-27  4.067665e-27  3.695227e-27  2.372154e-27  1.251979e-27  6.456975e-28  3.573881e-28  2.427040e-28  3.444933e-28  5.305875e-28  1.474249e-27  4.084224e-27  7.920533e-27  2.318434e-26  4.521798e-26  1.912128e-25  6.129413e-26  8.878744e-26  9.551079e-26  6.073771e-26  4.065621e-26  2.524191e-26  8.374954e-27  3.986944e-27  1.772720e-27  5.439712e-28  5.176167e-28  3.354534e-28  3.081581e-28  4.343789e-28  2.526772e-28  1.498926e-28  2.248093e-28  3.893800e-28  9.773803e-28  8.129538e-27  1.137482e-26  1.780724e-27  7.912246e-27  3.056498e-27  5.637136e-27  4.079627e-27  3.913214e-27  2.350350e-27  1.430026e-27  1.120215e-27  1.375787e-27  1.674635e-27  2.149590e-27  3.308024e-27  7.793201e-27  1.682114e-26  4.680895e-26  6.969320e-26  2.537846e-26  5.767255e-26  3.498260e-26  5.858958e-26  2.992486e-26  1.439021e-26  1.106880e-26  1.081104e-26  5.173941e-27  2.312020e-27  1.204266e-27  8.559773e-28  1.187296e-27  8.603385e-28  3.002460e-28  4.663092e-28  1.155827e-27  1.888428e-27  2.616577e-27  2.288023e-27  2.582614e-27  1.821867e-27  2.473438e-27  3.053404e-27  6.597339e-27  2.712515e-26  1.357856e-25  1.162387e-25  2.878703e-26  9.067714e-26  6.670256e-26  5.867084e-26  6.170654e-26  4.688265e-26  3.033867e-26  1.795577e-26  9.481217e-27  8.947616e-27  7.926193e-27  9.457388e-27  8.035225e-27  1.346822e-26  1.979243e-26  3.134404e-26  6.020762e-26  2.149439e-25  7.098960e-25  7.648315e-25  4.527309e-25  7.004429e-25  5.622314e-25  5.705851e-25  5.413146e-25  2.915912e-25  2.860668e-25  1.871202e-25  1.213460e-25  5.979941e-26  2.479891e-26  1.764559e-26  8.474799e-27  2.659892e-27  2.355754e-27  1.877284e-27  1.015030e-27  7.995312e-28  3.532984e-28  2.418389e-28  1.181934e-28  5.638312e-29  3.208576e-29  2.779910e-29  3.856543e-29  5.532186e-29  6.506726e-29  1.731315e-28  2.369735e-28  3.738536e-28  5.540206e-28  4.801553e-28  9.078834e-28  1.017097e-27  3.028389e-27  1.057087e-26  3.761229e-26  9.413966e-26  1.002626e-25  5.727646e-26  2.479570e-26  8.855456e-26  6.205676e-26  4.191008e-26  4.579900e-26  3.202624e-26  2.786498e-26  1.710419e-26  1.850047e-26  1.764063e-26  2.042248e-26  1.873967e-26  3.622104e-26  2.543791e-26  4.643227e-26  1.222912e-25  3.022059e-25  5.780850e-25  7.331776e-25  3.089569e-25  2.030715e-25  6.237465e-25  2.690598e-25  1.871016e-25  4.641449e-25  1.889277e-25  1.982486e-25  1.253171e-25  8.256216e-26  4.946876e-26  2.101874e-26  9.440567e-27  1.545792e-26  1.309533e-26  1.119830e-26  7.271397e-27  5.547875e-27  1.558705e-27  2.407383e-27  7.849272e-28  4.133596e-28  4.266403e-28  5.515126e-28  5.883385e-28  5.363237e-28  8.185420e-28  1.012978e-27  1.331307e-27  1.627911e-27  2.482798e-27  4.717542e-27  8.308852e-27  1.428344e-26  1.779963e-26  1.026802e-26  2.173683e-26  2.836282e-26  1.168686e-26  1.744329e-26  2.111075e-26  4.613900e-26  8.298691e-26  5.216632e-25  1.439796e-24  1.234208e-24  1.767288e-24  3.110749e-25  2.946352e-25  1.109524e-24  8.827056e-25  8.986449e-25  8.130284e-25  8.313799e-25  4.916905e-25  4.165240e-25  3.140441e-25  2.348144e-25  2.567059e-25  1.386715e-25  1.705275e-25  1.608427e-25  1.214176e-25  1.436719e-25  2.036846e-25  3.344778e-25  2.886975e-25  1.831481e-24  4.341200e-24  9.975198e-24  8.034547e-24  6.537774e-24  9.719253e-25  4.086938e-24  6.701062e-24  5.635624e-24  3.080399e-24  5.205519e-24  4.450833e-24  3.519028e-24  1.705899e-24  2.835792e-24  1.595154e-24  6.883756e-25  5.092576e-25  5.465151e-25  6.271063e-25  6.308200e-25  2.568742e-25  3.161181e-25  1.518033e-25  8.814130e-26  4.621443e-26  3.510474e-26  1.623008e-26  9.422678e-27  8.865865e-27  9.207144e-27  5.015950e-27  3.971902e-27  5.201016e-27  6.206017e-27  4.927883e-27  2.213143e-27  2.977785e-27  1.723508e-27  2.539029e-27  1.329021e-27  3.808342e-27  1.393292e-27  1.424208e-27  1.121603e-27  5.982463e-28  3.129842e-28  1.904509e-28  8.572201e-29  8.895415e-29  8.255054e-29  5.985191e-29  6.885972e-29  1.586213e-28  1.220932e-28  2.317833e-28  5.007628e-28  8.721470e-28  4.679613e-28  1.200770e-27  7.533564e-28  1.869872e-27  3.789483e-27  3.752786e-27  1.049022e-27  4.696574e-27  5.710181e-27  1.030637e-26  2.080241e-26  2.832019e-26  1.507675e-25  1.880479e-25  3.234783e-25  7.550059e-25  5.531154e-25  5.538770e-25  6.515106e-25  8.829717e-26  1.830879e-25  7.451600e-25  6.114210e-25  1.756042e-25  3.855271e-25  5.185984e-25  5.372130e-25  5.211614e-25  5.269801e-25  4.767368e-25  3.481558e-25  1.223669e-25  2.289423e-25  1.688233e-25  3.303733e-25  4.368913e-25  4.181742e-25  6.700193e-25  7.943508e-25  2.979553e-24  3.378147e-24  7.985787e-24  8.437773e-24  9.543135e-24  6.191106e-24  9.622577e-24  1.319774e-24  2.004651e-24  1.605105e-23  2.459548e-24  3.125444e-24  4.217538e-24  1.941571e-24  8.065579e-24  3.379409e-24  2.919333e-24  2.610529e-24  3.378949e-24  7.117376e-25  1.251139e-24  2.653065e-25  6.525004e-25  2.403525e-25  3.404389e-25  3.035741e-25  2.212653e-25  3.432368e-25  2.760407e-25  1.755998e-25  2.492623e-25  1.083882e-25  1.085101e-25  2.672392e-26  1.175850e-25  1.075212e-25  7.004128e-26  2.273412e-25  9.977838e-26  7.063475e-26  1.170943e-25  3.401259e-26  6.929383e-26  2.989122e-26  3.645967e-26  2.727862e-26  6.630151e-27  8.016851e-27  3.403701e-27  5.095091e-27  1.288941e-27  1.786754e-27  1.243436e-27  5.777493e-28  9.296600e-28  7.677797e-28  5.352496e-28  1.940014e-27  5.001155e-28  1.188388e-27  2.466490e-27  3.090962e-27  5.031417e-27  4.272158e-27  1.345633e-26  9.587197e-27  1.266935e-26  3.924628e-26  3.863894e-26  2.352864e-26  3.956127e-26  3.878467e-26  1.339761e-25  7.427043e-26  1.811441e-25  9.863463e-27  1.744948e-25  3.567066e-26  2.635093e-25  5.435169e-25  4.872120e-25  1.044512e-24  3.232367e-24  6.422400e-24  6.256462e-24  2.214097e-23  8.270882e-24  1.138380e-23  1.210259e-23  1.692320e-23  8.375626e-25  2.322146e-24  4.974067e-24  1.453285e-23  1.069422e-23  8.416361e-24  1.038941e-23  5.209620e-24  8.409032e-24  8.731048e-24  1.032225e-23  3.165761e-24  1.346029e-23  2.667103e-24  1.002084e-23  3.742895e-24  3.008331e-24  1.382666e-24  3.380223e-24  1.926897e-24  2.656328e-24  4.504111e-24  2.609742e-24  7.206236e-25  7.234333e-24  4.045364e-24  9.406279e-24  2.572906e-23  4.593820e-23  5.237107e-23  8.826308e-23  1.692909e-22  1.587982e-22  1.614760e-22  1.286458e-22  4.463915e-23  2.106299e-23  3.482459e-23  3.680661e-23  1.611104e-22  1.227124e-22  2.618545e-23  1.053957e-22  2.465591e-23  9.584778e-23  7.584506e-24  1.358203e-22  4.048373e-24  7.726657e-23  2.081781e-23  1.735314e-23  3.713997e-23  2.831431e-23  3.314624e-23  1.820662e-23  1.426717e-23  1.621601e-23  1.848795e-23  1.655404e-23  1.118484e-23  1.511302e-23  1.187399e-23  1.437724e-23  1.011475e-23  7.265142e-24  1.554418e-24  6.254189e-24  1.552144e-24  5.406905e-24  5.315352e-24  6.517942e-24  1.148557e-23  8.337186e-24  4.331471e-24  3.272892e-24  5.187551e-24  5.417441e-24  1.045995e-24  1.056835e-24  1.707961e-24  1.843823e-25  1.031651e-24  1.806796e-25  2.105855e-25  3.161759e-25  6.014000e-26  2.526561e-25  1.144018e-25  6.777839e-26  1.548569e-25  6.858850e-26  4.222143e-26  3.383047e-26  4.434901e-26  7.114794e-26  4.377413e-26  1.280420e-25  4.137406e-26  3.237302e-25  7.427508e-26  1.519569e-25  2.623071e-26  1.135164e-25  8.295665e-26  1.671325e-25  2.179931e-25  2.801966e-25  6.002612e-26  1.497652e-25  6.082712e-26  6.589492e-26  2.096098e-26  1.065347e-25  8.510435e-26  7.495022e-27  2.206940e-25  2.311056e-26  2.387607e-26  8.115497e-26  6.946686e-26  2.181243e-25  2.395980e-26  4.666385e-26  2.847287e-26  5.836555e-26  4.034978e-26  8.438174e-27  1.557475e-26  1.041262e-26  9.062167e-27  3.927903e-27  3.571862e-27  7.097478e-27  4.684921e-27  3.398201e-27  3.102572e-27  2.878427e-27  6.329399e-27  3.224045e-27  1.460094e-27  5.204677e-28  1.090320e-27  1.542718e-27  1.023998e-27  6.477967e-28  4.681591e-28  4.691217e-28  4.007233e-28  2.400923e-27  1.185361e-27  1.292915e-27  1.757084e-27  1.619923e-27  1.538248e-27  2.336369e-27  5.877234e-27  1.776374e-27  2.359816e-27  8.114734e-27  1.382695e-26  1.173144e-27  1.865411e-26  6.274244e-27  4.881552e-27  2.838378e-26  4.185950e-26  3.573935e-26  1.517909e-26  8.028280e-26  7.850286e-26  1.930629e-26  2.614771e-25  4.762432e-26  2.924631e-25  2.007936e-25  3.790293e-27  6.536599e-25  4.312505e-25  1.513723e-25  5.132983e-26  9.629232e-25  3.099369e-25  2.506814e-24  4.452376e-25  1.268767e-25  6.909155e-25  1.658161e-24  3.429468e-25  5.940872e-26  4.088104e-24  2.840703e-25  1.988005e-24  2.285340e-24  1.604968e-25  2.162870e-24  1.827487e-24  5.036089e-24
3.751436e-29  5.393776e-29  5.936867e-29  6.287304e-29  2.837749e-28  1.343072e-27  9.347056e-28  6.725022e-28  2.892760e-28  1.156115e-28  3.031462e-29  1.622282e-29  1.639266e-29  2.121210e-29  6.736467e-29  3.557341e-28  2.608915e-28  2.179121e-28  5.458785e-28  1.805645e-28  7.111096e-29  1.698256e-29  6.371715e-30  1.165972e-29  1.066045e-29  1.511011e-29  1.828320e-29  8.063418e-30  1.912059e-29  1.915134e-29  8.106353e-29  3.945336e-28  2.678627e-27  2.749885e-27  2.038680e-27  1.136542e-27  4.250089e-28  1.483769e-28  8.371464e-29  2.848796e-29  4.938338e-29  1.139835e-28  1.088885e-28  1.260774e-28  1.188929e-28  1.826198e-28  7.259009e-28  9.037572e-28  5.424815e-28  3.593433e-28  1.370204e-28  1.494266e-28  4.821045e-28  1.677405e-28  1.328525e-28  6.990026e-29  3.105914e-29  9.455922e-30  7.887366e-30  4.989405e-30  1.095599e-29  2.120942e-29  1.986696e-29  6.185617e-29  9.475818e-29  5.017606e-28  1.276458e-27  9.304814e-27  6.631561e-27  5.291656e-27  4.369580e-27  1.809873e-27  1.075971e-27  4.133271e-28  2.021318e-28  8.270979e-29  3.187809e-29  1.643997e-29  8.187027e-30  2.162392e-29  2.160700e-28  4.855352e-28  2.080419e-28  4.613051e-28  4.272401e-28  1.661361e-27  2.196821e-27  3.262168e-27  1.600949e-27  1.280658e-27  6.284558e-28  2.136159e-28  6.423917e-29  4.692783e-29  1.033396e-28  4.319445e-28  1.185328e-27  7.526726e-28  6.592416e-28  7.731392e-28  3.867578e-28  1.882269e-28  9.194145e-29  3.499139e-29  1.611970e-29  1.569144e-29  2.487106e-29  8.834815e-29  2.783808e-28  6.878837e-28  1.419430e-27  3.929933e-27  1.039772e-26  3.485576e-26  1.663588e-26  1.698224e-26  1.531742e-26  5.176630e-27  2.281084e-27  1.107364e-27  2.240231e-28  9.876579e-29  6.235087e-28  2.015347e-27  8.782594e-28  1.100622e-27  1.690410e-27  8.912188e-28  3.158198e-28  4.086360e-28  1.757439e-28  5.713613e-29  3.346924e-29  4.550316e-29  7.350249e-29  1.658414e-28  4.187853e-28  2.077383e-27  3.062705e-27  5.097642e-27  1.143233e-26  7.221434e-27  5.253982e-27  6.204901e-27  2.715040e-27  1.563941e-27  6.194004e-28  3.839375e-28  1.451727e-28  1.472732e-28  7.365448e-29  1.962769e-28  2.611141e-28  1.668526e-27  1.360584e-27  9.037977e-27  6.279012e-27  9.334634e-27  7.740911e-27  8.103865e-27  4.074292e-27  3.699971e-27  2.376472e-27  1.251913e-27  6.466079e-28  3.574861e-28  2.428790e-28  3.447361e-28  5.312244e-28  1.474597e-27  4.088341e-27  7.927672e-27  2.322572e-26  4.523558e-26  1.916052e-25  6.132865e-26  8.879012e-26  9.556769e-26  6.077737e-26  4.065745e-26  2.529622e-26  8.378890e-27  3.993047e-27  1.774983e-27  5.441905e-28  5.180584e-28  3.354038e-28  3.083432e-28  4.348851e-28  2.531233e-28  1.503654e-28  2.248945e-28  3.896578e-28  9.784772e-28  8.134610e-27  1.139258e-26  1.780790e-27  7.917554e-27  3.064079e-27  5.646612e-27  4.085226e-27  3.914418e-27  2.357862e-27  1.427554e-27  1.122361e-27  1.376007e-27  1.675456e-27  2.151320e-27  3.312022e-27  7.796679e-27  1.682939e-26  4.681819e-26  6.977449e-26  2.538712e-26  5.783341e-26  3.495642e-26  5.880266e-26  2.995845e-26  1.440482e-26  1.108215e-26  1.080775e-26  5.189014e-27  2.310699e-27  1.206293e-27  8.573096e-28  1.189342e-27  8.621281e-28  2.998714e-28  4.657648e-28  1.157960e-27  1.886593e-27  2.621484e-27  2.285133e-27  2.587407e-27  1.824044e-27  2.472330e-27  3.061952e-27  6.592830e-27  2.712230e-26  1.359678e-25  1.162776e-25  2.886369e-26  9.087731e-26  6.686821e-26  5.886958e-26  6.169335e-26  4.696818e-26  3.032223e-26  1.798972e-26  9.490006e-27  8.956819e-27  7.944219e-27  9.458293e-27  8.047212e-27  1.346394e-26  1.979866e-26  3.152603e-26  6.020520e-26  2.151141e-25  7.103577e-25  7.638814e-25  4.532668e-25  7.034043e-25  5.611721e-25  5.701640e-25  5.423570e-25  2.914739e-25  2.861847e-25  1.871118e-25  1.212510e-25  5.987733e-26  2.487832e-26  1.765127e-26  8.485842e-27  2.663697e-27  2.362972e-27  1.873887e-27  1.017263e-27  7.988194e-28  3.536921e-28  2.422587e-28  1.182314e-28  5.655333e-29  3.211775e-29  2.779053e-29  3.863830e-29  5.527693e-29  6.524386e-29  1.736669e-28  2.380772e-28  3.736206e-28  5.511086e-28  4.798536e-28  9.096491e-28  1.015879e-27  3.026610e-27  1.058440e-26  3.759469e-26  9.431097e-26  1.002957e-25  5.749388e-26  2.491223e-26  8.849465e-26  6.250672e-26  4.174519e-26  4.596234e-26  3.200077e-26  2.794732e-26  1.711875e-26  1.844482e-26  1.765050e-26  2.040845e-26  1.876479e-26  3.618314e-26  2.562397e-26  4.658815e-26  1.225710e-25  3.027488e-25  5.763161e-25  7.373979e-25  3.073220e-25  2.032925e-25  6.243415e-25  2.679769e-25  1.884494e-25  4.661343e-25  1.891589e-25  1.975866e-25  1.253344e-25  8.299588e-26  4.959716e-26  2.099445e-26  9.470457e-27  1.547450e-26  1.305496e-26  1.116552e-26  7.292420e-27  5.551515e-27  1.565406e-27  2.407055e-27  7.839928e-28  4.128073e-28  4.234204e-28  5.540504e-28  5.890192e-28  5.375958e-28  8.237472e-28  1.015306e-27  1.342124e-27  1.626557e-27  2.465948e-27  4.710581e-27  8.360463e-27  1.431911e-26  1.775562e-26  1.030227e-26  2.168388e-26  2.828640e-26  1.168013e-26  1.748343e-26  2.107771e-26  4.653150e-26  8.278756e-26  5.254890e-25  1.444865e-24  1.236956e-24  1.774102e-24  3.141135e-25  2.917397e-25  1.110993e-24  8.812887e-25  9.029063e-25  8.199794e-25  8.366499e-25  4.916052e-25  4.182272e-25  3.166100e-25  2.361031e-25  2.562645e-25  1.385617e-25  1.715960e-25  1.605999e-25  1.218297e-25  1.440404e-25  2.029901e-25  3.374979e-25  2.900585e-25  1.816589e-24  4.353842e-24  9.895608e-24  8.031687e-24  6.642460e-24  9.764893e-25  4.046934e-24  6.687851e-24  5.711818e-24  3.087016e-24  5.232334e-24  4.430452e-24  3.536757e-24  1.708815e-24  2.847505e-24  1.604145e-24  6.922451e-25  5.062094e-25  5.433928e-25  6.265615e-25  6.266545e-25  2.606217e-25  3.146783e-25  1.524169e-25  8.857959e-26  4.617796e-26  3.512543e-26  1.621755e-26  9.437068e-27  8.888419e-27  9.237118e-27  5.026628e-27  3.960736e-27  5.199671e-27  6.182732e-27  4.929455e-27  2.228039e-27  2.997557e-27  1.709570e-27  2.552772e-27  1.311973e-27  3.823054e-27  1.396315e-27  1.436429e-27  1.112488e-27  5.953141e-28  3.127367e-28  1.880516e-28  8.556419e-29  8.853890e-29  8.289874e-29  5.999293e-29  6.909257e-29  1.593160e-28  1.212727e-28  2.317538e-28  4.935200e-28  8.882486e-28  4.587444e-28  1.194763e-27  7.628588e-28  1.855638e-27  3.796882e-27  3.711063e-27  1.014601e-27  4.679256e-27  5.739810e-27  1.019625e-26  2.077024e-26  2.813569e-26  1.491299e-25  1.873919e-25  3.209290e-25  7.519899e-25  5.531055e-25  5.559437e-25  6.528142e-25  8.735631e-26  1.830057e-25  7.379992e-25  6.132414e-25  1.752493e-25  3.889938e-25  5.142841e-25  5.402622e-25  5.215485e-25  5.274555e-25  4.767255e-25  3.454124e-25  1.213071e-25  2.285089e-25  1.694517e-25  3.332005e-25  4.380122e-25  4.159551e-25  6.711252e-25  7.879691e-25  2.985289e-24  3.381433e-24  8.015918e-24  8.393454e-24  9.514665e-24  6.106640e-24  9.743950e-24  1.320970e-24  1.964011e-24  1.608781e-23  2.482585e-24  3.109662e-24  4.245506e-24  1.927282e-24  8.183637e-24  3.302798e-24  2.922732e-24  2.571434e-24  3.392213e-24  7.146754e-25  1.252920e-24  2.638971e-25  6.496466e-25  2.417273e-25  3.420205e-25  3.026874e-25  2.226062e-25  3.399349e-25  2.762805e-25  1.728535e-25  2.459739e-25  1.069625e-25  1.076531e-25  2.683069e-26  1.168076e-25  1.077977e-25  6.998803e-26  2.315875e-25  9.811390e-26  7.032180e-26  1.169306e-25  3.400311e-26  6.959168e-26  3.026832e-26  3.693368e-26  2.757222e-26  6.636124e-27  7.786347e-27  3.446324e-27  5.111064e-27  1.279439e-27  1.769952e-27  1.241042e-27  5.691781e-28  9.409362e-28  7.775505e-28  5.438255e-28  1.911553e-27  4.995455e-28  1.202855e-27  2.409716e-27  3.072967e-27  5.111848e-27  4.230409e-27  1.335386e-26  9.509830e-27  1.254698e-26  3.909887e-26  3.860075e-26  2.360998e-26  3.995030e-26  3.967216e-26  1.311435e-25  7.235051e-26  1.827959e-25  9.819642e-27  1.750412e-25  3.589202e-26  2.661128e-25  5.365235e-25  4.769549e-25  1.038055e-24  3.244424e-24  6.342502e-24  6.180572e-24  2.254782e-23  8.050210e-24  1.137712e-23  1.215123e-23  1.712469e-23  8.260940e-25  2.335949e-24  5.055754e-24  1.433372e-23  1.062146e-23  8.399272e-24  1.055413e-23  5.224848e-24  8.213549e-24  8.688215e-24  1.040937e-23  3.178219e-24  1.378013e-23  2.651712e-24  1.011411e-23  3.728887e-24  3.048915e-24  1.394272e-24  3.344394e-24  1.965522e-24  2.656453e-24  4.528429e-24  2.592989e-24  7.184540e-25  7.342641e-24  4.042982e-24  9.443235e-24  2.609374e-23  4.643573e-23  5.186602e-23  8.902814e-23  1.708068e-22  1.594524e-22  1.621675e-22  1.251198e-22  4.500550e-23  2.068479e-23  3.526824e-23  3.738196e-23  1.630159e-22  1.214599e-22  2.558701e-23  1.055190e-22  2.509874e-23  9.724373e-23  7.754757e-24  1.369769e-22  4.010627e-24  7.839873e-23  2.026204e-23  1.744889e-23  3.722270e-23  2.843506e-23  3.328031e-23  1.804651e-23  1.425971e-23  1.618153e-23  1.895546e-23  1.652269e-23  1.100748e-23  1.519788e-23  1.180879e-23  1.420011e-23  9.961126e-24  7.196852e-24  1.513979e-24  6.379814e-24  1.597262e-24  5.458140e-24  5.259395e-24  6.418325e-24  1.129783e-23  8.278343e-24  4.373141e-24  3.279437e-24  5.178000e-24  5.480668e-24  1.061284e-24  1.050259e-24  1.686876e-24  1.816715e-25  1.036372e-24  1.818816e-25  2.118371e-25  3.208188e-25  6.120602e-26  2.514540e-25  1.178201e-25  6.573978e-26  1.492266e-25  6.959859e-26  4.304369e-26  3.342156e-26  4.507242e-26  7.342399e-26  4.319664e-26  1.257928e-25  4.118630e-26  3.228086e-25  7.402957e-26  1.481341e-25  2.628359e-26  1.133629e-25  8.321668e-26  1.712458e-25  2.094045e-25  2.748419e-25  6.100506e-26  1.464005e-25  6.301971e-26  6.508478e-26  2.026667e-26  1.073297e-25  8.475921e-26  7.283644e-27  2.235453e-25  2.196186e-26  2.398426e-26  8.142818e-26  6.683338e-26  2.194305e-25  2.413144e-26  4.609789e-26  2.715626e-26  5.916218e-26  3.917746e-26  8.144962e-27  1.495031e-26  1.049463e-26  9.382904e-27  3.968309e-27  3.642118e-27  7.177567e-27  4.492659e-27  3.376267e-27  3.069785e-27  2.848182e-27  6.226564e-27  3.141536e-27  1.439124e-27  5.252856e-28  1.063638e-27  1.481023e-27  1.029248e-27  6.367982e-28  4.620066e-28  4.669030e-28  3.962795e-28  2.361501e-27  1.193213e-27  1.269143e-27  1.730351e-27  1.548835e-27  1.513627e-27  2.373977e-27  5.762287e-27  1.796010e-27  2.362032e-27  8.198141e-27  1.426876e-26  1.185986e-27  1.841727e-26  6.493628e-27  4.763649e-27  2.858180e-26  4.022382e-26  3.454209e-26  1.520311e-26  8.219999e-26  7.865006e-26  1.955131e-26  2.595902e-25  4.642149e-26  2.954330e-25  1.987325e-25  3.511448e-27  6.503377e-25  4.303750e-25  1.507842e-25  4.693891e-26  9.645970e-25  3.023039e-25  2.556039e-24  4.550621e-25  1.205262e-25  7.151266e-25  1.589601e-24  3.397335e-25  6.024724e-26  4.169974e-24  2.746090e-25  2.036817e-24  2.207585e-24  1.563177e-25  2.169678e-24  1.787827e-24  5.053608e-24
3.755131e-29  5.399357e-29  5.943208e-29  6.293296e-29  2.840629e-28  1.344386e-27  9.360930e-28  6.733492e-28  2.894885e-28  1.157310e-28  3.033881e-29  1.624293e-29  1.640535e-29  2.123390e-29  6.744279e-29  3.561395e-28  2.611730e-28  2.181524e-28  5.464979e-28  1.807500e-28  7.119637e-29  1.698690e-29  6.379589e-30  1.166999e-29  1.067370e-29  1.512844e-29  1.830228e-29  8.072100e-30  1.913864e-29  1.917273e-29  8.115240e-29  3.949460e-28  2.681897e-27  2.753490e-27  2.041143e-27  1.137892e-27  4.254731e-28  1.484998e-28  8.380697e-29  2.851930e-29  4.943448e-29  1.141024e-28  1.090302e-28  1.262330e-28  1.190170e-28  1.828213e-28  7.266379e-28  9.050018e-28  5.430339e-28  3.597909e-28  1.371808e-28  1.495553e-28  4.827141e-28  1.679580e-28  1.329709e-28  6.999092e-29  3.109115e-29  9.467237e-30  7.897141e-30  4.995808e-30  1.096861e-29  2.123372e-29  1.989036e-29  6.193341e-29  9.484800e-29  5.023933e-28  1.277828e-27  9.321280e-27  6.643896e-27  5.298186e-27  4.376010e-27  1.812598e-27  1.077250e-27  4.138740e-28  2.023995e-28  8.281383e-29  3.191552e-29  1.646029e-29  8.197519e-30  2.164655e-29  2.163396e-28  4.864823e-28  2.080910e-28  4.618303e-28  4.277958e-28  1.663053e-27  2.199570e-27  3.266039e-27  1.603233e-27  1.282117e-27  6.291686e-28  2.138941e-28  6.433051e-29  4.699935e-29  1.034669e-28  4.324673e-28  1.187436e-27  7.537943e-28  6.601295e-28  7.747165e-28  3.872757e-28  1.885639e-28  9.202417e-29  3.504617e-29  1.613054e-29  1.570414e-29  2.488658e-29  8.847148e-29  2.788070e-28  6.886612e-28  1.421497e-27  3.938013e-27  1.040096e-26  3.489059e-26  1.664942e-26  1.702061e-26  1.534023e-26  5.178439e-27  2.280915e-27  1.108653e-27  2.243010e-28  9.892554e-29  6.243860e-28  2.018152e-27  8.794762e-28  1.102477e-27  1.694429e-27  8.918476e-28  3.166586e-28  4.096763e-28  1.759851e-28  5.724338e-29  3.351228e-29  4.556845e-29  7.362649e-29  1.661533e-28  4.177352e-28  2.081185e-27  3.065299e-27  5.105286e-27  1.145243e-26  7.229382e-27  5.270624e-27  6.219847e-27  2.718660e-27  1.565873e-27  6.204200e-28  3.845330e-28  1.453910e-28  1.476174e-28  7.364482e-29  1.965238e-28  2.615587e-28  1.676137e-27  1.361991e-27  9.059619e-27  6.296209e-27  9.376995e-27  7.749336e-27  8.105360e-27  4.086403e-27  3.708495e-27  2.384305e-27  1.251506e-27  6.482046e-28  3.575148e-28  2.431084e-28  3.451067e-28  5.323421e-28  1.474632e-27  4.094532e-27  7.940689e-27  2.329646e-26  4.524912e-26  1.923536e-25  6.136180e-26  8.871939e-26  9.562519e-26  6.081562e-26  4.062994e-26  2.540582e-26  8.382728e-27  4.004002e-27  1.778653e-27  5.444367e-28  5.186498e-28  3.351668e-28  3.085322e-28  4.357129e-28  2.539513e-28  1.512563e-28  2.249700e-28  3.899886e-28  9.805454e-28  8.140009e-27  1.142481e-26  1.780068e-27  7.925504e-27  3.079753e-27  5.662937e-27  4.094377e-27  3.914034e-27  2.370898e-27  1.423166e-27  1.126238e-27  1.375416e-27  1.676529e-27  2.153679e-27  3.317926e-27  7.798453e-27  1.683858e-26  4.680497e-26  6.989868e-26  2.538315e-26  5.814451e-26  3.487625e-26  5.924600e-26  3.001162e-26  1.442732e-26  1.110108e-26  1.079206e-26  5.217563e-27  2.306508e-27  1.210171e-27  8.593780e-28  1.192953e-27  8.655149e-28  2.986925e-28  4.646071e-28  1.161507e-27  1.881265e-27  2.630336e-27  2.277940e-27  2.595561e-27  1.828150e-27  2.467084e-27  3.077237e-27  6.578395e-27  2.710148e-26  1.362857e-25  1.162181e-25  2.902034e-26  9.128314e-26  6.720114e-26  5.928908e-26  6.159478e-26  4.709236e-26  3.029306e-26  1.804852e-26  9.503391e-27  8.967193e-27  7.980685e-27  9.450508e-27  8.069568e-27  1.344811e-26  1.979414e-26  3.190906e-26  6.014531e-26  2.153026e-25  7.106685e-25  7.611975e-25  4.540414e-25  7.094849e-25  5.579902e-25  5.685006e-25  5.446449e-25  2.909729e-25  2.862258e-25  1.869192e-25  1.209732e-25  5.997823e-26  2.502497e-26  1.764897e-26  8.503691e-27  2.669785e-27  2.378050e-27  1.864824e-27  1.021743e-27  7.963168e-28  3.542129e-28  2.429359e-28  1.181931e-28  5.684510e-29  3.216285e-29  2.777335e-29  3.877825e-29  5.515743e-29  6.558357e-29  1.747440e-28  2.402293e-28  3.727963e-28  5.444160e-28  4.788441e-28  9.123322e-28  1.012550e-27  3.021222e-27  1.060069e-26  3.753400e-26  9.464737e-26  1.003304e-25  5.796032e-26  2.516160e-26  8.821823e-26  6.345420e-26  4.134905e-26  4.635679e-26  3.193688e-26  2.812977e-26  1.712814e-26  1.832559e-26  1.766866e-26  2.036507e-26  1.880792e-26  3.608467e-26  2.600962e-26  4.688822e-26  1.230413e-25  3.037163e-25  5.727240e-25  7.455758e-25  3.029169e-25  2.036533e-25  6.256325e-25  2.651984e-25  1.914221e-25  4.699493e-25  1.896948e-25  1.959908e-25  1.252866e-25  8.383906e-26  4.985055e-26  2.091942e-26  9.535424e-27  1.548823e-26  1.298395e-26  1.108853e-26  7.335453e-27  5.552552e-27  1.580056e-27  2.401008e-27  7.807519e-28  4.114473e-28  4.164373e-28  5.587360e-28  5.901559e-28  5.399227e-28  8.342891e-28  1.019206e-27  1.363218e-27  1.622672e-27  2.432226e-27  4.694441e-27  8.449222e-27  1.438552e-26  1.765134e-26  1.037225e-26  2.152682e-26  2.811069e-26  1.167086e-26  1.755963e-26  2.098997e-26  4.736810e-26  8.231332e-26  5.334308e-25  1.454909e-24  1.243582e-24  1.787641e-24  3.209006e-25  2.848732e-25  1.112317e-24  8.769617e-25  9.114194e-25  8.342679e-25  8.469386e-25  4.905823e-25  4.218658e-25  3.223994e-25  2.385896e-25  2.548930e-25  1.382336e-25  1.739468e-25  1.599634e-25  1.226705e-25  1.447183e-25  2.012676e-25  3.439453e-25  2.927738e-25  1.784807e-24  4.381561e-24  9.708692e-24  8.011751e-24  6.876124e-24  9.865932e-25  3.946628e-24  6.651564e-24  5.872723e-24  3.100648e-24  5.283272e-24  4.387940e-24  3.576465e-24  1.712678e-24  2.870029e-24  1.622964e-24  7.011194e-25  4.988830e-25  5.360947e-25  6.255883e-25  6.169811e-25  2.687138e-25  3.107047e-25  1.537282e-25  8.937364e-26  4.611058e-26  3.512178e-26  1.621496e-26  9.455907e-27  8.926529e-27  9.301849e-27  5.045526e-27  3.939188e-27  5.191648e-27  6.126304e-27  4.928281e-27  2.259921e-27  3.039550e-27  1.676869e-27  2.579787e-27  1.272551e-27  3.851307e-27  1.401582e-27  1.462367e-27  1.089492e-27  5.879919e-28  3.115008e-28  1.830463e-28  8.528361e-29  8.765990e-29  8.359303e-29  6.018194e-29  6.958416e-29  1.606996e-28  1.196330e-28  2.315742e-28  4.778173e-28  9.207735e-28  4.393811e-28  1.180635e-27  7.832047e-28  1.824190e-27  3.809438e-27  3.610251e-27  9.480651e-28  4.629313e-27  5.806314e-27  9.967340e-27  2.065609e-26  2.778145e-26  1.451598e-25  1.860378e-25  3.149699e-25  7.454820e-25  5.518596e-25  5.596354e-25  6.564763e-25  8.498677e-26  1.823430e-25  7.206060e-25  6.166985e-25  1.744827e-25  3.969268e-25  5.041317e-25  5.465681e-25  5.209794e-25  5.283102e-25  4.762791e-25  3.389747e-25  1.190363e-25  2.269590e-25  1.709009e-25  3.390273e-25  4.401104e-25  4.110969e-25  6.728534e-25  7.744836e-25  2.996816e-24  3.385407e-24  8.078426e-24  8.304278e-24  9.437645e-24  5.910632e-24  9.998859e-24  1.325370e-24  1.872317e-24  1.614835e-23  2.536497e-24  3.068631e-24  4.329394e-24  1.892769e-24  8.451493e-24  3.132939e-24  2.933231e-24  2.491520e-24  3.418647e-24  7.222873e-25  1.253917e-24  2.607823e-25  6.424278e-25  2.442744e-25  3.451137e-25  3.001291e-25  2.253314e-25  3.323198e-25  2.769633e-25  1.666193e-25  2.385927e-25  1.036856e-25  1.054936e-25  2.709095e-26  1.151033e-25  1.085965e-25  6.989260e-26  2.405019e-25  9.439625e-26  6.970739e-26  1.166650e-25  3.397519e-26  7.019925e-26  3.103693e-26  3.781913e-26  2.808392e-26  6.661312e-27  7.346218e-27  3.531630e-27  5.135287e-27  1.264388e-27  1.740322e-27  1.236963e-27  5.522795e-28  9.599572e-28  7.987958e-28  5.608298e-28  1.849470e-27  4.984924e-28  1.235340e-27  2.301695e-27  3.029492e-27  5.277001e-27  4.152286e-27  1.314329e-26  9.341863e-27  1.224677e-26  3.874240e-26  3.852759e-26  2.378764e-26  4.072306e-26  4.160847e-26  1.246425e-25  6.814418e-26  1.861957e-25  9.714810e-27  1.761446e-25  3.628232e-26  2.720290e-25  5.210156e-25  4.537216e-25  1.026560e-24  3.262248e-24  6.181474e-24  6.016130e-24  2.342701e-23  7.565366e-24  1.136609e-23  1.227908e-23  1.757746e-23  8.039406e-25  2.378442e-24  5.256984e-24  1.388175e-23  1.047712e-23  8.350488e-24  1.096785e-23  5.271772e-24  7.809694e-24  8.592469e-24  1.063344e-23  3.204826e-24  1.449035e-23  2.618333e-24  1.032693e-23  3.705218e-24  3.133154e-24  1.418134e-24  3.255376e-24  2.053177e-24  2.657212e-24  4.601091e-24  2.556146e-24  7.158146e-25  7.591610e-24  4.034817e-24  9.547235e-24  2.690969e-23  4.759503e-23  5.084010e-23  9.069468e-23  1.741383e-22  1.609470e-22  1.642204e-22  1.177390e-22  4.590817e-23  1.985633e-23  3.630997e-23  3.876196e-23  1.671208e-22  1.189413e-22  2.422837e-23  1.060005e-22  2.617628e-23  1.007445e-22  8.139732e-24  1.401803e-22  3.921795e-24  8.088300e-23  1.919245e-23  1.767326e-23  3.739074e-23  2.867417e-23  3.350495e-23  1.767959e-23  1.424458e-23  1.606552e-23  2.003117e-23  1.644809e-23  1.067263e-23  1.542142e-23  1.168536e-23  1.375161e-23  9.701220e-24  7.039747e-24  1.423120e-24  6.672838e-24  1.703504e-24  5.604223e-24  5.146010e-24  6.200060e-24  1.090487e-23  8.163916e-24  4.464720e-24  3.308978e-24  5.123012e-24  5.609647e-24  1.096591e-24  1.036330e-24  1.645024e-24  1.760573e-25  1.050329e-24  1.847803e-25  2.149464e-25  3.295101e-25  6.337453e-26  2.497219e-25  1.255108e-25  6.159552e-26  1.378513e-25  7.196897e-26  4.484865e-26  3.258145e-26  4.674020e-26  7.832901e-26  4.196781e-26  1.208538e-25  4.091564e-26  3.207741e-25  7.353197e-26  1.401603e-25  2.641464e-26  1.130370e-25  8.389339e-26  1.805922e-25  1.911329e-25  2.636139e-25  6.340075e-26  1.390894e-25  6.810372e-26  6.328670e-26  1.893907e-26  1.096860e-25  8.387638e-26  6.958433e-27  2.297558e-25  1.972904e-26  2.425642e-26  8.210699e-26  6.135488e-26  2.232265e-25  2.460420e-26  4.490499e-26  2.434468e-26  6.059022e-26  3.690605e-26  7.568471e-27  1.374981e-26  1.068320e-26  9.978641e-27  4.030227e-27  3.803888e-27  7.323363e-27  4.092263e-27  3.334715e-27  3.009811e-27  2.772588e-27  6.032800e-27  2.971139e-27  1.396632e-27  5.338936e-28  1.014593e-27  1.366836e-27  1.042475e-27  6.149863e-28  4.497787e-28  4.642385e-28  3.899841e-28  2.283603e-27  1.208051e-27  1.223950e-27  1.674755e-27  1.405484e-27  1.464938e-27  2.445236e-27  5.521915e-27  1.849905e-27  2.381528e-27  8.352695e-27  1.518323e-26  1.210517e-27  1.795978e-26  6.975706e-27  4.570332e-27  2.885268e-26  3.698036e-26  3.208135e-26  1.523235e-26  8.601825e-26  7.887754e-26  2.006422e-26  2.542866e-25  4.380034e-26  3.013451e-25  1.944582e-25  3.168748e-27  6.404297e-25  4.276485e-25  1.493310e-25  3.978115e-26  9.603838e-25  2.857692e-25  2.656494e-24  4.752652e-25  1.090935e-25  7.677776e-25  1.445542e-24  3.316470e-25  6.197411e-26  4.344574e-24  2.556577e-25  2.148410e-24  2.037560e-24  1.477449e-25  2.182393e-24  1.706574e-24  5.110789e-24
3.757825e-29  5.403429e-29  5.947838e-29  6.297678e-29  2.842734e-28  1.345345e-27  9.371096e-28  6.739686e-28  2.896451e-28  1.158189e-28  3.035636e-29  1.625756e-29  1.641446e-29  2.124986e-29  6.750035e-29  3.564371e-28  2.613788e-28  2.183286e-28  5.469539e-28  1.808848e-28  7.125875e-29  1.698979e-29  6.385396e-30  1.167745e-29  1.068352e-29  1.514192e-29  1.831621e-29  8.078467e-30  1.915162e-29  1.918838e-29  8.121838e-29  3.952430e-28  2.684297e-27  2.756161e-27  2.042928e-27  1.138875e-27  4.258109e-28  1.485905e-28  8.387419e-29  2.854254e-29  4.947116e-29  1.141882e-28  1.091330e-28  1.263473e-28  1.191081e-28  1.829668e-28  7.271594e-28  9.059320e-28  5.434139e-28  3.601253e-28  1.373022e-28  1.496468e-28  4.831583e-28  1.681200e-28  1.330509e-28  7.005761e-29  3.111414e-29  9.475554e-30  7.904536e-30  5.000633e-30  1.097799e-29  2.125126e-29  1.990745e-29  6.199115e-29  9.491030e-29  5.028303e-28  1.278728e-27  9.334104e-27  6.653564e-27  5.303000e-27  4.380839e-27  1.814651e-27  1.078171e-27  4.142878e-28  2.025962e-28  8.289147e-29  3.194296e-29  1.647529e-29  8.205317e-30  2.166309e-29  2.165302e-28  4.871908e-28  2.081395e-28  4.621884e-28  4.282141e-28  1.664258e-27  2.201429e-27  3.268668e-27  1.604903e-27  1.283034e-27  6.296574e-28  2.140898e-28  6.440236e-29  4.705702e-29  1.035576e-28  4.328304e-28  1.189087e-27  7.546441e-28  6.607626e-28  7.759954e-28  3.876552e-28  1.888268e-28  9.208587e-29  3.508957e-29  1.613692e-29  1.571121e-29  2.489310e-29  8.856143e-29  2.791257e-28  6.891995e-28  1.422993e-27  3.943125e-27  1.040259e-26  3.491631e-26  1.665637e-26  1.705311e-26  1.535649e-26  5.179368e-27  2.279865e-27  1.109366e-27  2.244944e-28  9.905531e-29  6.250596e-28  2.020154e-27  8.804059e-28  1.103814e-27  1.697826e-27  8.920894e-28  3.173909e-28  4.105720e-28  1.761556e-28  5.733098e-29  3.354242e-29  4.561719e-29  7.372353e-29  1.664018e-28  4.166864e-28  2.083941e-27  3.066765e-27  5.110692e-27  1.146726e-26  7.235242e-27  5.285403e-27  6.233214e-27  2.721458e-27  1.566936e-27  6.213170e-28  3.849790e-28  1.455466e-28  1.478933e-28  7.361521e-29  1.967154e-28  2.618886e-28  1.683484e-27  1.362785e-27  9.077549e-27  6.311642e-27  9.412760e-27  7.754575e-27  8.105306e-27  4.096964e-27  3.715891e-27  2.391069e-27  1.250922e-27  6.495219e-28  3.574028e-28  2.432267e-28  3.453669e-28  5.332818e-28  1.474143e-27  4.098794e-27  7.952101e-27  2.335278e-26  4.524474e-26  1.930395e-25  6.136557e-26  8.858498e-26  9.563274e-26  6.081541e-26  4.057809e-26  2.551245e-26  8.383221e-27  4.013255e-27  1.781370e-27  5.445098e-28  5.189658e-28  3.348317e-28  3.085538e-28  4.363457e-28  2.546869e-28  1.520557e-28  2.249605e-28  3.901125e-28  9.824427e-28  8.141249e-27  1.145326e-26  1.778710e-27  7.931335e-27  3.095295e-27  5.676220e-27  4.101196e-27  3.911198e-27  2.381678e-27  1.419472e-27  1.129538e-27  1.373983e-27  1.677156e-27  2.154951e-27  3.321585e-27  7.795595e-27  1.684217e-26  4.676490e-26  6.998432e-26  2.535996e-26  5.843394e-26  3.477562e-26  5.968751e-26  3.005061e-26  1.444333e-26  1.111156e-26  1.076909e-26  5.243060e-27  2.301350e-27  1.213703e-27  8.608020e-28  1.195963e-27  8.685848e-28  2.972117e-28  4.634469e-28  1.164249e-27  1.874847e-27  2.638018e-27  2.270017e-27  2.601941e-27  1.831956e-27  2.459388e-27  3.090058e-27  6.560156e-27  2.706908e-26  1.365526e-25  1.160285e-25  2.917560e-26  9.168722e-26  6.752451e-26  5.971436e-26  6.143569e-26  4.717256e-26  3.026749e-26  1.809551e-26  9.512891e-27  8.969429e-27  8.016132e-27  9.434820e-27  8.089230e-27  1.342749e-26  1.977492e-26  3.228968e-26  6.004018e-26  2.153475e-25  7.104136e-25  7.580415e-25  4.545221e-25  7.154179e-25  5.539523e-25  5.661567e-25  5.471216e-25  2.902648e-25  2.861042e-25  1.865875e-25  1.206404e-25  6.002083e-26  2.515079e-26  1.763617e-26  8.516830e-27  2.673935e-27  2.393170e-27  1.854243e-27  1.026093e-27  7.929470e-28  3.544691e-28  2.434315e-28  1.180560e-28  5.707113e-29  3.218987e-29  2.775951e-29  3.890636e-29  5.502211e-29  6.589370e-29  1.757782e-28  2.421987e-28  3.717090e-28  5.373553e-28  4.775608e-28  9.140387e-28  1.008585e-27  3.014834e-27  1.060540e-26  3.745652e-26  9.496682e-26  1.003525e-25  5.844592e-26  2.541702e-26  8.780209e-26  6.440885e-26  4.091278e-26  4.680621e-26  3.187061e-26  2.832370e-26  1.711920e-26  1.820969e-26  1.768762e-26  2.031310e-26  1.884312e-26  3.597842e-26  2.638561e-26  4.716189e-26  1.234112e-25  3.045652e-25  5.692864e-25  7.531003e-25  2.976735e-25  2.039507e-25  6.270970e-25  2.620157e-25  1.945313e-25  4.733729e-25  1.903277e-25  1.942589e-25  1.251776e-25  8.461676e-26  5.009626e-26  2.082315e-26  9.602852e-27  1.548680e-26  1.292889e-26  1.100618e-26  7.377467e-27  5.547431e-27  1.595219e-27  2.390416e-27  7.764967e-28  4.099624e-28  4.094292e-28  5.627353e-28  5.910968e-28  5.419384e-28  8.444446e-28  1.022167e-27  1.382788e-27  1.617690e-27  2.400809e-27  4.677876e-27  8.517941e-27  1.444422e-26  1.754192e-26  1.044057e-26  2.133055e-26  2.793008e-26  1.166861e-26  1.762969e-26  2.088682e-26  4.821463e-26  8.178804e-26  5.411816e-25  1.464432e-24  1.251376e-24  1.800460e-24  3.280842e-25  2.773913e-25  1.111989e-24  8.715730e-25  9.194673e-25  8.480298e-25  8.562985e-25  4.887649e-25  4.256137e-25  3.285875e-25  2.408206e-25  2.531316e-25  1.378378e-25  1.763942e-25  1.592490e-25  1.235012e-25  1.453054e-25  1.993723e-25  3.504411e-25  2.953303e-25  1.753730e-24  4.410568e-24  9.507778e-24  7.979188e-24  7.121788e-24  9.974608e-25  3.833057e-24  6.607180e-24  6.032040e-24  3.115359e-24  5.330355e-24  4.346258e-24  3.618930e-24  1.714363e-24  2.890745e-24  1.641568e-24  7.108239e-25  4.909401e-25  5.283076e-25  6.250563e-25  6.066852e-25  2.769067e-25  3.058712e-25  1.550527e-25  9.004704e-26  4.606226e-26  3.508323e-26  1.623507e-26  9.465040e-27  8.956693e-27  9.367974e-27  5.061366e-27  3.920500e-27  5.179319e-27  6.064487e-27  4.923515e-27  2.292315e-27  3.081857e-27  1.641279e-27  2.605077e-27  1.230444e-27  3.877103e-27  1.406015e-27  1.488353e-27  1.063134e-27  5.797327e-28  3.096556e-28  1.782079e-28  8.505365e-29  8.681811e-29  8.424842e-29  6.027112e-29  7.007338e-29  1.619939e-28  1.181496e-28  2.312947e-28  4.620698e-28  9.516438e-28  4.203528e-28  1.165530e-27  8.036764e-28  1.792216e-27  3.819642e-27  3.499963e-27  8.876701e-28  4.566470e-27  5.877213e-27  9.745314e-27  2.049740e-26  2.747063e-26  1.407862e-25  1.847304e-25  3.086119e-25  7.391087e-25  5.494598e-25  5.626652e-25  6.610782e-25  8.227493e-26  1.811897e-25  7.012542e-25  6.198328e-25  1.736848e-25  4.053640e-25  4.932191e-25  5.527266e-25  5.190816e-25  5.291836e-25  4.754534e-25  3.315926e-25  1.167872e-25  2.246103e-25  1.724118e-25  3.446924e-25  4.419743e-25  4.062586e-25  6.737992e-25  7.613076e-25  3.007672e-24  3.387469e-24  8.140410e-24  8.223752e-24  9.346595e-24  5.701036e-24  1.025033e-23  1.330197e-24  1.776427e-24  1.618384e-23  2.594327e-24  3.017394e-24  4.430997e-24  1.854845e-24  8.737197e-24  2.958881e-24  2.947778e-24  2.416512e-24  3.444062e-24  7.312131e-25  1.252491e-24  2.576383e-25  6.342783e-25  2.464738e-25  3.479529e-25  2.969799e-25  2.279141e-25  3.242511e-25  2.777586e-25  1.599698e-25  2.309288e-25  1.001307e-25  1.029097e-25  2.734173e-26  1.132329e-25  1.095931e-25  6.972815e-26  2.492153e-25  9.055382e-26  6.912831e-26  1.164718e-25  3.394719e-26  7.076871e-26  3.176356e-26  3.858739e-26  2.848330e-26  6.698143e-27  6.956390e-27  3.611157e-27  5.151088e-27  1.254202e-27  1.716459e-27  1.233749e-27  5.366332e-28  9.745247e-28  8.204417e-28  5.765838e-28  1.786953e-27  4.976672e-28  1.269667e-27  2.206961e-27  2.982064e-27  5.435773e-27  4.085139e-27  1.294425e-26  9.173550e-27  1.191030e-26  3.834940e-26  3.847638e-26  2.396866e-26  4.143843e-26  4.358089e-26  1.177383e-25  6.386911e-26  1.894789e-25  9.597452e-27  1.771871e-25  3.658304e-26  2.781354e-25  5.042974e-25  4.294033e-25  1.017233e-24  3.271600e-24  6.031644e-24  5.849707e-24  2.430887e-23  7.071358e-24  1.134894e-23  1.241172e-23  1.800970e-23  7.800849e-25  2.428964e-24  5.474029e-24  1.338485e-23  1.031739e-23  8.293345e-24  1.141439e-23  5.326841e-24  7.395821e-24  8.478095e-24  1.088239e-23  3.228432e-24  1.522457e-23  2.582268e-24  1.054816e-23  3.676517e-24  3.214850e-24  1.439804e-24  3.150444e-24  2.141477e-24  2.652293e-24  4.680776e-24  2.514098e-24  7.135926e-25  7.843380e-24  4.021778e-24  9.676932e-24  2.774462e-23  4.884783e-23  4.986063e-23  9.232037e-23  1.774899e-22  1.623723e-22  1.664589e-22  1.098748e-22  4.676235e-23  1.892819e-23  3.733299e-23  4.019122e-23  1.709171e-22  1.163711e-22  2.278710e-23  1.064003e-22  2.732242e-23  1.044367e-22  8.534270e-24  1.436696e-22  3.816783e-24  8.337533e-23  1.819837e-23  1.790862e-23  3.755153e-23  2.887897e-23  3.366820e-23  1.727867e-23  1.423092e-23  1.589567e-23  2.114786e-23  1.632770e-23  1.035491e-23  1.562866e-23  1.157424e-23  1.322205e-23  9.464536e-24  6.831073e-24  1.325845e-24  6.975441e-24  1.815192e-24  5.766144e-24  5.020257e-24  5.963888e-24  1.048802e-23  8.045933e-24  4.551366e-24  3.344818e-24  5.031889e-24  5.728025e-24  1.133307e-24  1.021743e-24  1.606696e-24  1.702766e-25  1.067414e-24  1.875450e-25  2.184400e-25  3.369416e-25  6.542239e-26  2.487569e-25  1.334396e-25  5.768076e-26  1.271328e-25  7.446921e-26  4.663822e-26  3.174784e-26  4.843088e-26  8.328753e-26  4.073589e-26  1.156596e-25  4.069350e-26  3.186891e-25  7.302669e-26  1.320759e-25  2.655357e-26  1.127192e-25  8.452346e-26  1.903004e-25  1.720253e-25  2.519364e-25  6.591478e-26  1.312940e-25  7.340882e-26  6.121758e-26  1.766683e-26  1.123978e-25  8.275972e-26  6.673961e-27  2.356906e-25  1.743399e-26  2.452514e-26  8.268182e-26  5.566721e-26  2.275334e-25  2.510721e-26  4.364476e-26  2.148715e-26  6.166691e-26  3.488704e-26  7.034132e-27  1.267971e-26  1.086632e-26  1.049230e-26  4.070075e-27  3.964639e-27  7.445286e-27  3.695367e-27  3.286654e-27  2.950280e-27  2.680490e-27  5.865104e-27  2.806344e-27  1.357170e-27  5.409030e-28  9.714810e-28  1.268813e-27  1.056890e-27  5.943470e-28  4.383737e-28  4.633076e-28  3.861612e-28  2.212011e-27  1.220338e-27  1.183854e-27  1.620065e-27  1.271264e-27  1.417837e-27  2.508938e-27  5.285902e-27  1.911556e-27  2.411219e-27  8.471426e-27  1.606842e-26  1.231767e-27  1.753812e-26  7.462340e-27  4.424189e-27  2.898080e-26  3.396516e-26  2.972671e-26  1.521350e-26  8.950226e-26  7.891667e-26  2.056323e-26  2.480104e-25  4.108518e-26  3.067218e-25  1.900234e-25  2.914443e-27  6.280000e-25  4.231333e-25  1.474676e-25  3.436228e-26  9.478052e-25  2.682946e-25  2.748958e-24  4.938408e-25  9.898472e-26  8.202174e-25  1.298539e-24  3.222184e-25  6.362989e-26  4.506690e-24  2.367209e-25  2.266723e-24  1.857580e-24  1.395919e-25  2.188916e-24  1.624402e-24  5.180714e-24
3.758527e-29  5.393897e-29  5.954920e-29  6.355988e-29  2.849583e-28  1.341731e-27  9.340437e-28  6.767265e-28  2.919444e-28  1.171673e-28  3.096278e-29  1.646322e-29  1.643743e-29  2.136588e-29  6.758702e-29  3.557497e-28  2.608207e-28  2.185617e-28  5.472203e-28  1.812463e-28  7.193475e-29  1.729676e-29  6.498082e-30  1.171019e-29  1.066766e-29  1.515290e-29  1.833543e-29  8.084292e-30  1.926299e-29  1.951970e-29  8.202796e-29  3.973042e-28  2.679830e-27  2.746694e-27  2.040349e-27  1.147487e-27  4.319999e-28  1.511883e-28  8.468886e-29  2.891216e-29  4.974549e-29  1.140866e-28  1.087752e-28  1.265287e-28  1.195580e-28  1.841013e-28  7.267910e-28  9.023463e-28  5.430683e-28  3.622176e-28  1.394207e-28  1.505413e-28  4.823809e-28  1.680576e-28  1.331039e-28  7.064191e-29  3.165745e-29  9.674226e-30  8.020699e-30  5.049375e-30  1.106023e-29  2.133349e-29  1.995731e-29  6.261558e-29  9.598658e-29  5.078308e-28  1.284754e-27  9.328137e-27  6.618078e-27  5.293357e-27  4.401659e-27  1.838600e-27  1.087801e-27  4.178027e-28  2.039530e-28  8.357175e-29  3.231970e-29  1.661894e-29  8.255049e-30  2.185087e-29  2.171157e-28  4.856040e-28  2.085747e-28  4.623043e-28  4.301588e-28  1.670690e-27  2.198048e-27  3.262073e-27  1.600329e-27  1.284540e-27  6.353611e-28  2.183937e-28  6.631836e-29  4.815112e-29  1.043267e-28  4.336527e-28  1.186039e-27  7.518203e-28  6.583378e-28  7.770020e-28  3.905926e-28  1.912712e-28  9.362529e-29  3.598015e-29  1.659779e-29  1.600122e-29  2.525395e-29  8.952046e-29  2.807327e-28  6.972716e-28  1.432948e-27  3.963983e-27  1.040123e-26  3.483333e-26  1.655539e-26  1.703559e-26  1.541625e-26  5.247388e-27  2.328795e-27  1.144519e-27  2.336477e-28  1.029974e-28  6.305542e-28  2.016109e-27  8.807541e-28  1.105268e-27  1.696474e-27  8.948629e-28  3.187755e-28  4.126931e-28  1.784823e-28  5.848021e-29  3.413810e-29  4.602921e-29  7.498461e-29  1.678035e-28  4.190813e-28  2.098815e-27  3.055921e-27  5.113116e-27  1.143892e-26  7.216691e-27  5.283377e-27  6.252853e-27  2.742344e-27  1.591383e-27  6.328027e-28  3.907836e-28  1.476622e-28  1.495681e-28  7.440227e-29  1.990820e-28  2.643172e-28  1.681025e-27  1.368980e-27  9.109176e-27  6.304336e-27  9.418740e-27  7.717661e-27  8.096633e-27  4.119433e-27  3.733808e-27  2.419727e-27  1.271429e-27  6.608184e-28  3.619061e-28  2.470630e-28  3.487163e-28  5.429999e-28  1.498054e-27  4.137798e-27  8.006027e-27  2.347926e-26  4.531678e-26  1.931863e-25  6.097717e-26  8.799341e-26  9.541686e-26  6.093596e-26  4.084359e-26  2.596726e-26  8.566644e-27  4.138959e-27  1.835291e-27  5.662383e-28  5.292136e-28  3.381494e-28  3.109983e-28  4.381583e-28  2.563245e-28  1.537776e-28  2.252457e-28  3.933076e-28  1.001315e-27  8.187546e-27  1.139811e-26  1.766642e-27  7.913892e-27  3.107656e-27  5.682151e-27  4.130779e-27  3.922420e-27  2.397946e-27  1.422091e-27  1.131671e-27  1.379136e-27  1.695426e-27  2.177572e-27  3.364932e-27  7.827466e-27  1.695383e-26  4.687442e-26  6.958070e-26  2.527706e-26  5.845162e-26  3.456501e-26  6.000772e-26  3.018154e-26  1.458651e-26  1.119166e-26  1.082612e-26  5.338092e-27  2.343815e-27  1.249774e-27  8.828511e-28  1.205425e-27  8.687475e-28  2.964541e-28  4.628000e-28  1.170905e-27  1.870855e-27  2.640369e-27  2.258704e-27  2.610932e-27  1.842082e-27  2.457679e-27  3.121375e-27  6.605992e-27  2.738407e-26  1.368759e-25  1.150112e-25  2.915241e-26  9.145200e-26  6.773434e-26  6.011073e-26  6.131117e-26  4.742320e-26  3.054790e-26  1.828815e-26  9.560280e-27  9.037660e-27  8.136083e-27  9.542798e-27  8.241268e-27  1.357089e-26  1.985976e-26  3.286093e-26  6.042731e-26  2.174005e-25  7.101228e-25  7.512441e-25  4.546178e-25  7.173829e-25  5.461060e-25  5.622467e-25  5.501923e-25  2.904372e-25  2.871967e-25  1.879372e-25  1.221128e-25  6.133570e-26  2.588823e-26  1.813217e-26  8.817583e-27  2.775929e-27  2.466915e-27  1.881192e-27  1.043933e-27  8.045259e-28  3.644018e-28  2.519348e-28  1.229188e-28  5.971034e-29  3.334286e-29  2.881730e-29  4.013861e-29  5.602804e-29  6.704809e-29  1.785137e-28  2.479481e-28  3.729280e-28  5.339966e-28  4.798529e-28  9.244602e-28  1.017289e-27  3.067153e-27  1.079734e-26  3.785592e-26  9.545125e-26  9.976692e-26  5.827214e-26  2.544209e-26  8.715138e-26  6.506556e-26  4.037974e-26  4.723445e-26  3.199580e-26  2.882101e-26  1.728677e-26  1.831003e-26  1.787794e-26  2.040950e-26  1.903938e-26  3.602688e-26  2.699649e-26  4.776341e-26  1.249791e-25  3.082132e-25  5.668522e-25  7.544732e-25  2.900936e-25  2.029493e-25  6.282462e-25  2.572321e-25  1.965692e-25  4.752434e-25  1.918776e-25  1.946238e-25  1.266093e-25  8.643957e-26  5.114698e-26  2.109470e-26  9.798529e-27  1.560392e-26  1.298889e-26  1.098713e-26  7.500376e-27  5.624631e-27  1.643790e-27  2.442406e-27  7.897917e-28  4.150163e-28  4.109853e-28  5.745998e-28  5.949736e-28  5.450304e-28  8.590143e-28  1.028998e-27  1.407925e-27  1.624310e-27  2.411299e-27  4.704843e-27  8.639323e-27  1.450581e-26  1.743098e-26  1.059081e-26  2.114712e-26  2.783710e-26  1.175221e-26  1.771665e-26  2.085238e-26  4.923780e-26  8.340555e-26  5.565502e-25  1.477127e-24  1.256351e-24  1.796012e-24  3.318310e-25  2.691673e-25  1.104501e-24  8.650290e-25  9.239503e-25  8.575325e-25  8.648484e-25  4.887727e-25  4.326087e-25  3.353027e-25  2.459730e-25  2.535475e-25  1.390970e-25  1.807964e-25  1.598433e-25  1.258368e-25  1.470998e-25  1.984694e-25  3.577691e-25  3.024426e-25  1.758106e-24  4.478651e-24  9.322166e-24  7.902072e-24  7.271588e-24  1.001115e-24  3.700808e-24  6.529967e-24  6.174630e-24  3.137997e-24  5.356218e-24  4.309259e-24  3.673806e-24  1.723876e-24  2.940336e-24  1.670102e-24  7.265421e-25  4.902509e-25  5.264578e-25  6.267497e-25  6.009337e-25  2.878787e-25  3.052509e-25  1.589251e-25  9.282382e-26  4.748612e-26  3.621067e-26  1.688645e-26  9.725007e-27  9.270003e-27  9.572264e-27  5.190582e-27  3.974198e-27  5.253075e-27  6.054953e-27  4.934316e-27  2.320282e-27  3.130255e-27  1.616650e-27  2.628873e-27  1.199836e-27  3.897695e-27  1.422011e-27  1.523838e-27  1.046252e-27  5.817263e-28  3.141184e-28  1.789433e-28  8.722701e-29  8.938489e-29  8.787089e-29  6.284502e-29  7.326250e-29  1.695440e-28  1.208821e-28  2.370490e-28  4.606407e-28  9.951133e-28  4.100750e-28  1.178300e-27  8.343581e-28  1.794146e-27  3.856004e-27  3.433169e-27  8.617534e-28  4.553314e-27  6.034493e-27  9.871264e-27  2.072963e-26  2.801633e-26  1.394877e-25  1.864327e-25  3.054687e-25  7.342971e-25  5.442879e-25  5.610855e-25  6.599212e-25  7.927598e-26  1.792782e-25  6.789400e-25  6.237313e-25  1.738575e-25  4.114305e-25  4.823546e-25  5.580451e-25  5.169698e-25  5.309747e-25  4.745377e-25  3.260016e-25  1.170630e-25  2.233303e-25  1.746616e-25  3.503559e-25  4.447197e-25  4.075152e-25  6.856929e-25  7.660300e-25  3.063455e-24  3.429377e-24  8.232912e-24  8.163199e-24  9.213117e-24  5.464478e-24  1.036102e-23  1.323980e-24  1.685428e-24  1.619261e-23  2.656237e-24  2.944398e-24  4.502250e-24  1.810642e-24  8.974277e-24  2.806403e-24  2.981428e-24  2.372057e-24  3.510327e-24  7.532318e-25  1.275653e-24  2.614065e-25  6.442902e-25  2.540650e-25  3.589170e-25  2.963287e-25  2.322788e-25  3.189879e-25  2.775622e-25  1.530586e-25  2.239209e-25  9.635399e-26  9.982267e-26  2.764728e-26  1.112459e-25  1.100890e-25  6.974119e-26  2.560466e-25  8.742353e-26  6.880891e-26  1.171494e-25  3.429566e-26  7.190722e-26  3.287636e-26  3.974573e-26  2.933492e-26  6.906519e-27  6.843302e-27  3.773883e-27  5.310554e-27  1.288252e-27  1.765317e-27  1.253466e-27  5.437592e-28  1.025052e-27  8.659980e-28  6.137562e-28  1.770105e-27  5.174549e-28  1.321114e-27  2.201065e-27  3.026973e-27  5.781665e-27  4.156077e-27  1.304717e-26  9.302562e-27  1.181879e-26  3.866786e-26  3.917686e-26  2.480997e-26  4.241551e-26  4.627581e-26  1.121645e-25  6.036734e-26  1.942125e-25  9.586716e-27  1.789320e-25  3.809642e-26  2.840299e-25  4.942618e-25  4.218313e-25  1.040529e-24  3.333776e-24  5.989486e-24  5.741756e-24  2.512807e-23  6.604493e-24  1.128980e-23  1.244664e-23  1.819209e-23  7.641894e-25  2.459739e-24  5.635732e-24  1.285036e-23  1.011885e-23  8.271679e-24  1.176917e-23  5.419246e-24  6.999270e-24  8.355527e-24  1.112870e-23  3.269406e-24  1.592012e-23  2.566778e-24  1.078442e-23  3.648973e-24  3.346644e-24  1.473561e-24  3.071143e-24  2.232108e-24  2.666949e-24  4.747347e-24  2.482085e-24  7.275906e-25  8.086357e-24  4.128884e-24  1.007125e-23  2.901526e-23  5.079896e-23  4.949738e-23  9.428016e-23  1.805496e-22  1.631174e-22  1.674951e-22  1.015858e-22  4.707229e-23  1.787487e-23  3.803373e-23  4.127748e-23  1.729345e-22  1.136756e-22  2.162387e-23  1.067302e-22  2.837811e-23  1.076254e-22  8.909426e-24  1.469853e-22  3.757136e-24  8.611986e-23  1.748729e-23  1.832082e-23  3.813837e-23  2.937281e-23  3.430294e-23  1.706826e-23  1.452466e-23  1.576492e-23  2.220645e-23  1.628174e-23  1.012600e-23  1.579615e-23  1.157921e-23  1.265500e-23  9.265505e-24  6.559229e-24  1.247781e-24  7.193746e-24  1.919253e-24  5.881424e-24  4.887391e-24  5.759347e-24  1.006858e-23  7.971017e-24  4.663727e-24  3.401914e-24  4.977271e-24  5.906453e-24  1.179239e-24  1.027878e-24  1.616971e-24  1.685997e-25  1.114714e-24  1.937642e-25  2.284775e-25  3.545387e-25  7.004964e-26  2.542452e-25  1.433486e-25  5.565233e-26  1.212614e-25  7.821383e-26  4.944229e-26  3.183114e-26  5.093498e-26  8.841718e-26  4.037420e-26  1.119733e-25  4.102138e-26  3.178795e-25  7.331864e-26  1.249394e-25  2.729390e-26  1.125456e-25  8.465048e-26  1.988729e-25  1.533113e-25  2.402565e-25  6.801183e-26  1.229337e-25  7.805426e-26  5.873822e-26  1.678152e-26  1.140200e-25  8.171625e-26  6.508560e-27  2.395434e-25  1.522303e-26  2.505782e-26  8.291928e-26  5.028643e-26  2.318123e-25  2.568892e-26  4.276831e-26  1.909837e-26  6.291772e-26  3.386171e-26  6.690943e-27  1.210501e-26  1.110798e-26  1.120287e-26  4.191223e-27  4.134680e-27  7.741774e-27  3.371453e-27  3.253447e-27  2.971242e-27  2.620382e-27  5.830576e-27  2.734131e-27  1.368652e-27  5.735284e-28  9.711781e-28  1.230710e-27  1.120038e-27  5.947478e-28  4.505373e-28  4.796241e-28  4.003078e-28  2.244792e-27  1.258745e-27  1.210050e-27  1.598493e-27  1.208008e-27  1.417125e-27  2.688726e-27  5.212353e-27  2.028385e-27  2.525846e-27  8.810758e-27  1.730558e-26  1.285706e-27  1.785096e-26  8.076524e-27  4.562049e-27  3.015800e-26  3.267620e-26  2.878571e-26  1.550482e-26  9.506178e-26  8.096151e-26  2.171137e-26  2.495091e-25  3.957947e-26  3.184034e-25  1.902423e-25  2.820834e-27  6.263313e-25  4.261467e-25  1.467812e-25  3.082470e-26  9.429439e-25  2.551393e-25  2.837971e-24  5.168224e-25  9.255792e-26  8.784354e-25  1.163849e-24  3.176415e-25  6.706797e-26  4.634195e-24  2.251099e-25  2.376763e-24  1.695818e-24  1.350713e-25  2.210686e-24  1.553410e-24  5.229059e-24
3.758520e-29  5.382966e-29  5.961200e-29  6.415937e-29  2.856084e-28  1.337725e-27  9.305918e-28  6.793976e-28  2.943220e-28  1.185740e-28  3.160386e-29  1.667979e-29  1.646127e-29  2.148419e-29  6.766021e-29  3.549556e-28  2.601912e-28  2.187468e-28  5.473871e-28  1.815936e-28  7.262512e-29  1.761948e-29  6.616396e-30  1.174350e-29  1.064933e-29  1.516061e-29  1.835210e-29  8.088868e-30  1.937621e-29  1.986695e-29  8.286131e-29  3.993760e-28  2.674502e-27  2.736235e-27  2.037110e-27  1.156152e-27  4.384252e-28  1.539405e-28  8.555131e-29  2.930202e-29  5.002379e-29  1.139598e-28  1.083791e-28  1.266866e-28  1.200044e-28  1.852501e-28  7.262488e-28  8.984260e-28  5.425905e-28  3.642953e-28  1.416132e-28  1.514696e-28  4.814674e-28  1.679575e-28  1.331306e-28  7.123028e-29  3.222244e-29  9.883394e-30  8.143022e-30  5.100466e-30  1.114433e-29  2.141599e-29  2.000679e-29  6.326135e-29  9.710653e-29  5.129598e-28  1.290764e-27  9.318527e-27  6.579036e-27  5.281855e-27  4.421818e-27  1.863157e-27  1.097847e-27  4.215205e-28  2.053765e-28  8.428066e-29  3.271301e-29  1.676963e-29  8.306885e-30  2.204363e-29  2.176712e-28  4.837798e-28  2.090228e-28  4.623252e-28  4.320838e-28  1.677060e-27  2.194054e-27  3.254512e-27  1.595133e-27  1.285797e-27  6.411456e-28  2.228742e-28  6.834348e-29  4.930531e-29  1.051122e-28  4.344127e-28  1.182471e-27  7.486731e-28  6.556461e-28  7.776928e-28  3.935459e-28  1.937788e-28  9.523694e-29  3.691886e-29  1.708933e-29  1.630855e-29  2.563749e-29  9.051045e-29  2.823346e-28  7.056773e-28  1.442976e-27  3.984447e-27  1.039916e-26  3.474110e-26  1.644882e-26  1.700832e-26  1.547328e-26  5.318102e-27  2.380566e-27  1.181790e-27  2.434921e-28  1.072503e-28  6.361672e-28  2.011461e-27  8.809316e-28  1.106445e-27  1.694233e-27  8.976489e-28  3.200741e-28  4.146966e-28  1.808785e-28  5.967749e-29  3.476640e-29  4.645986e-29  7.629609e-29  1.692081e-28  4.218357e-28  2.113590e-27  3.044197e-27  5.114236e-27  1.140571e-26  7.195867e-27  5.277828e-27  6.270086e-27  2.763397e-27  1.616719e-27  6.448120e-28  3.968744e-28  1.499176e-28  1.512920e-28  7.525779e-29  2.015353e-28  2.667871e-28  1.676883e-27  1.375275e-27  9.137811e-27  6.293670e-27  9.416132e-27  7.678045e-27  8.087256e-27  4.140457e-27  3.750799e-27  2.448062e-27  1.293142e-27  6.725488e-28  3.667856e-28  2.511659e-28  3.522043e-28  5.531367e-28  1.523323e-27  4.177578e-27  8.059493e-27  2.359838e-26  4.539142e-26  1.931860e-25  6.057339e-26  8.740038e-26  9.518319e-26  6.105396e-26  4.112692e-26  2.642279e-26  8.760096e-27  4.270944e-27  1.892805e-27  5.897899e-28  5.403836e-28  3.418815e-28  3.136365e-28  4.399485e-28  2.579175e-28  1.554300e-28  2.255585e-28  3.966784e-28  1.020893e-27  8.234606e-27  1.133450e-26  1.754536e-27  7.894472e-27  3.117450e-27  5.684720e-27  4.159717e-27  3.934596e-27  2.412661e-27  1.425947e-27  1.133305e-27  1.384814e-27  1.714423e-27  2.200790e-27  3.409721e-27  7.860447e-27  1.706965e-26  4.699169e-26  6.914009e-26  2.519455e-26  5.840659e-26  3.436428e-26  6.024929e-26  3.030828e-26  1.473131e-26  1.127280e-26  1.089085e-26  5.432445e-27  2.389775e-27  1.287462e-27  9.060075e-28  1.214915e-27  8.684216e-28  2.960910e-28  4.624083e-28  1.177126e-27  1.867892e-27  2.640962e-27  2.248827e-27  2.618972e-27  1.851787e-27  2.457000e-27  3.151174e-27  6.657729e-27  2.772041e-26  1.371441e-25  1.139755e-25  2.909717e-26  9.113144e-26  6.788458e-26  6.043964e-26  6.120055e-26  4.766118e-26  3.084509e-26  1.848047e-26  9.608866e-27  9.109497e-27  8.256008e-27  9.659094e-27  8.397392e-27  1.372593e-26  1.994959e-26  3.338135e-26  6.084709e-26  2.195337e-25  7.097257e-25  7.448894e-25  4.545678e-25  7.181377e-25  5.386794e-25  5.584905e-25  5.529607e-25  2.907188e-25  2.883359e-25  1.893872e-25  1.237243e-25  6.270610e-26  2.664482e-26  1.866539e-26  9.140087e-27  2.886491e-27  2.544095e-27  1.913004e-27  1.062400e-27  8.176299e-28  3.750138e-28  2.609686e-28  1.281977e-28  6.253942e-29  3.460251e-29  2.997814e-29  4.146221e-29  5.713464e-29  6.821830e-29  1.812029e-28  2.536068e-28  3.743683e-28  5.318979e-28  4.825502e-28  9.349845e-28  1.027309e-27  3.123877e-27  1.099721e-26  3.828826e-26  9.587834e-26  9.916075e-26  5.800373e-26  2.541891e-26  8.653090e-26  6.556514e-26  3.990659e-26  4.760564e-26  3.213894e-26  2.930853e-26  1.746414e-26  1.843968e-26  1.807603e-26  2.051916e-26  1.923914e-26  3.609678e-26  2.756252e-26  4.834315e-26  1.265414e-25  3.118491e-25  5.650017e-25  7.542415e-25  2.832050e-25  2.018698e-25  6.292276e-25  2.528818e-25  1.980835e-25  4.763610e-25  1.934086e-25  1.953251e-25  1.281142e-25  8.819754e-26  5.221509e-26  2.140800e-26  9.993792e-27  1.573022e-26  1.307009e-26  1.098278e-26  7.622004e-27  5.705399e-27  1.692716e-27  2.498905e-27  8.046815e-28  4.208513e-28  4.142132e-28  5.866681e-28  5.989891e-28  5.478910e-28  8.722618e-28  1.035419e-27  1.430483e-27  1.632398e-27  2.429020e-27  4.736582e-27  8.747922e-27  1.455521e-26  1.734212e-26  1.073442e-26  2.099179e-26  2.777869e-26  1.184113e-26  1.778943e-26  2.083913e-26  5.016466e-26  8.524008e-26  5.711572e-25  1.488249e-24  1.260280e-24  1.788807e-24  3.343655e-25  2.620807e-25  1.096469e-24  8.590185e-25  9.267564e-25  8.645240e-25  8.716399e-25  4.889221e-25  4.392285e-25  3.412229e-25  2.509129e-25  2.542936e-25  1.404925e-25  1.849773e-25  1.606244e-25  1.281522e-25  1.488714e-25  1.978406e-25  3.641078e-25  3.095349e-25  1.769143e-24  4.544632e-24  9.166363e-24  7.826133e-24  7.380009e-24  1.003179e-24  3.584837e-24  6.456795e-24  6.290877e-24  3.158821e-24  5.373804e-24  4.278398e-24  3.723670e-24  1.733349e-24  2.987976e-24  1.696440e-24  7.413662e-25  4.911420e-25  5.261207e-25  6.288363e-25  5.969423e-25  2.979191e-25  3.053111e-25  1.627616e-25  9.562177e-26  4.902388e-26  3.742394e-26  1.759610e-26  1.000166e-26  9.604277e-27  9.777903e-27  5.327384e-27  4.036225e-27  5.337308e-27  6.057617e-27  4.947749e-27  2.344034e-27  3.174100e-27  1.597804e-27  2.649663e-27  1.175796e-27  3.913595e-27  1.437965e-27  1.556317e-27  1.033147e-27  5.853974e-28  3.191073e-28  1.807268e-28  8.960880e-29  9.232825e-29  9.164584e-29  6.564044e-29  7.661490e-29  1.774314e-28  1.241118e-28  2.431495e-28  4.619209e-28  1.034866e-27  4.028055e-28  1.194132e-27  8.629223e-28  1.802517e-27  3.892363e-27  3.381392e-27  8.463490e-28  4.551192e-27  6.189088e-27  1.005339e-26  2.100292e-26  2.867050e-26  1.388078e-25  1.884752e-25  3.033115e-25  7.305528e-25  5.390514e-25  5.586466e-25  6.581309e-25  7.666982e-26  1.773525e-25  6.591422e-25  6.273205e-25  1.742220e-25  4.162250e-25  4.731877e-25  5.623136e-25  5.147508e-25  5.327112e-25  4.736352e-25  3.214825e-25  1.177808e-25  2.223779e-25  1.767516e-25  3.551557e-25  4.472776e-25  4.098517e-25  6.981537e-25  7.734694e-25  3.119766e-24  3.472937e-24  8.317110e-24  8.118485e-24  9.088571e-24  5.257960e-24  1.042482e-23  1.317155e-24  1.609083e-24  1.618964e-23  2.711078e-24  2.878278e-24  4.561690e-24  1.771476e-24  9.171274e-24  2.680266e-24  3.015383e-24  2.341005e-24  3.574713e-24  7.752556e-25  1.299554e-24  2.660135e-25  6.561494e-25  2.618716e-25  3.700784e-25  2.962848e-25  2.364067e-25  3.150319e-25  2.772584e-25  1.471541e-25  2.181077e-25  9.311044e-26  9.703129e-26  2.791429e-26  1.095236e-25  1.104653e-25  6.981692e-26  2.613886e-25  8.487021e-26  6.859526e-26  1.178760e-25  3.468092e-26  7.298479e-26  3.390043e-26  4.079446e-26  3.015029e-26  7.124210e-27  6.800250e-27  3.931303e-27  5.476540e-27  1.327235e-27  1.823674e-27  1.275314e-27  5.545377e-28  1.076164e-27  9.114945e-28  6.513192e-28  1.762956e-27  5.391259e-28  1.369522e-27  2.214011e-27  3.081580e-27  6.126554e-27  4.248805e-27  1.319825e-26  9.462477e-27  1.176875e-26  3.907031e-26  3.991153e-26  2.570018e-26  4.328772e-26  4.880327e-26  1.074655e-25  5.751375e-26  1.985608e-25  9.594716e-27  1.806192e-25  3.962317e-26  2.890913e-25  4.869960e-25  4.175749e-25  1.067385e-24  3.395452e-24  5.974644e-24  5.659114e-24  2.581538e-23  6.213719e-24  1.122893e-23  1.245869e-23  1.829120e-23  7.516970e-25  2.484055e-24  5.766248e-24  1.238479e-23  9.943222e-24  8.257651e-24  1.205944e-23  5.506117e-24  6.665088e-24  8.246145e-24  1.134655e-23  3.307266e-24  1.651701e-23  2.555649e-24  1.098811e-23  3.622768e-24  3.470317e-24  1.504542e-24  3.005770e-24  2.311126e-24  2.683292e-24  4.803753e-24  2.455778e-24  7.431021e-25  8.291557e-24  4.245539e-24  1.047038e-23  3.020830e-23  5.264580e-23  4.930092e-23  9.601006e-23  1.831213e-22  1.636075e-22  1.682032e-22  9.446690e-23  4.720349e-23  1.695010e-23  3.855177e-23  4.214362e-23  1.742015e-22  1.113286e-22  2.064652e-23  1.070212e-22  2.928069e-23  1.102890e-22  9.233961e-24  1.498857e-22  3.711936e-24  8.855264e-23  1.692805e-23  1.871470e-23  3.871504e-23  2.983553e-23  3.493317e-23  1.692203e-23  1.483976e-23  1.564508e-23  2.311951e-23  1.626087e-23  9.952717e-24  1.593278e-23  1.161156e-23  1.214842e-23  9.108918e-24  6.302997e-24  1.183913e-24  7.362022e-24  2.008038e-24  5.973566e-24  4.772405e-24  5.588215e-24  9.709524e-24  7.916995e-24  4.765023e-24  3.455725e-24  4.926659e-24  6.069439e-24  1.221105e-24  1.037158e-24  1.636061e-24  1.676369e-25  1.162848e-24  1.999233e-25  2.387736e-25  3.721157e-25  7.474537e-26  2.603108e-25  1.525310e-25  5.434821e-26  1.170703e-25  8.176387e-26  5.213585e-26  3.207599e-26  5.326674e-26  9.290232e-26  4.020528e-26  1.091048e-25  4.140164e-26  3.173359e-25  7.368879e-26  1.189150e-25  2.807805e-26  1.124378e-25  8.460321e-26  2.060408e-25  1.374573e-25  2.303342e-25  6.973250e-26  1.155406e-25  8.195500e-26  5.649836e-26  1.608420e-26  1.152702e-25  8.074280e-26  6.395629e-27  2.423155e-25  1.335527e-26  2.557866e-26  8.307691e-26  4.571001e-26  2.355877e-25  2.620948e-26  4.208766e-26  1.709018e-26  6.393216e-26  3.321849e-26  6.423448e-27  1.171162e-26  1.132853e-26  1.185249e-26  4.310867e-27  4.282827e-27  8.032902e-27  3.106373e-27  3.225715e-27  3.003518e-27  2.569667e-27  5.829770e-27  2.687721e-27  1.389636e-27  6.073586e-28  9.794353e-28  1.209968e-27  1.186795e-27  5.989951e-28  4.665187e-28  4.980716e-28  4.170073e-28  2.296104e-27  1.295986e-27  1.246440e-27  1.585127e-27  1.164707e-27  1.424253e-27  2.872069e-27  5.174260e-27  2.142784e-27  2.645653e-27  9.142188e-27  1.845826e-26  1.339278e-27  1.826109e-26  8.644791e-27  4.746799e-27  3.138114e-26  3.185567e-26  2.819081e-26  1.579223e-26  1.003132e-25  8.325208e-26  2.286776e-26  2.519332e-25  3.842169e-26  3.297982e-25  1.911336e-25  2.768487e-27  6.262359e-25  4.295663e-25  1.463853e-25  2.828476e-26  9.379538e-25  2.446009e-25  2.911446e-24  5.371051e-25  8.774907e-26  9.305710e-25  1.050048e-24  3.141749e-25  7.043999e-26  4.732152e-24  2.159397e-25  2.470661e-24  1.555314e-24  1.318989e-25  2.231655e-24  1.492641e-24  5.268150e-24
3.757841e-29  5.370148e-29  5.967198e-29  6.481148e-29  2.862642e-28  1.333119e-27  9.265816e-28  6.821421e-28  2.969240e-28  1.201275e-28  3.231994e-29  1.692164e-29  1.648812e-29  2.161220e-29  6.772477e-29  3.540164e-28  2.594620e-28  2.188978e-28  5.474750e-28  1.819509e-28  7.337185e-29  1.797746e-29  6.747759e-30  1.177982e-29  1.062783e-29  1.516590e-29  1.836757e-29  8.092673e-30  1.949828e-29  2.025164e-29  8.376950e-29  4.015822e-28  2.668080e-27  2.724286e-27  2.033058e-27  1.165379e-27  4.454778e-28  1.570223e-28  8.652119e-29  2.973765e-29  5.032361e-29  1.138042e-28  1.079263e-28  1.268333e-28  1.204751e-28  1.864831e-28  7.255049e-28  8.939658e-28  5.419680e-28  3.664712e-28  1.440102e-28  1.524928e-28  4.803814e-28  1.678205e-28  1.331349e-28  7.185745e-29  3.284299e-29  1.011625e-29  8.279426e-30  5.157381e-30  1.123536e-29  2.150452e-29  2.005959e-29  6.396884e-29  9.834042e-29  5.185309e-28  1.297121e-27  9.304901e-27  6.534470e-27  5.267902e-27  4.442511e-27  1.889780e-27  1.108955e-27  4.256974e-28  2.069680e-28  8.506575e-29  3.314845e-29  1.693761e-29  8.364557e-30  2.225323e-29  2.182317e-28  4.816272e-28  2.095094e-28  4.622661e-28  4.341056e-28  1.683761e-27  2.189298e-27  3.245646e-27  1.589038e-27  1.286947e-27  6.473574e-28  2.278044e-28  7.060454e-29  5.059267e-29  1.059639e-28  4.351685e-28  1.178209e-27  7.450498e-28  6.525604e-28  7.780944e-28  3.966888e-28  1.964995e-28  9.701966e-29  3.796412e-29  1.764356e-29  1.665353e-29  2.606961e-29  9.159429e-29  2.840318e-28  7.149458e-28  1.453684e-27  4.005983e-27  1.039626e-26  3.463479e-26  1.633133e-26  1.696969e-26  1.553117e-26  5.395714e-27  2.438508e-27  1.223594e-27  2.546852e-28  1.121024e-28  6.422511e-28  2.006015e-27  8.809854e-28  1.107461e-27  1.690940e-27  9.006640e-28  3.213622e-28  4.166777e-28  1.834875e-28  6.099519e-29  3.546796e-29  4.693785e-29  7.773881e-29  1.706991e-28  4.251669e-28  2.129195e-27  3.031107e-27  5.114282e-27  1.136615e-26  7.171569e-27  5.268137e-27  6.285490e-27  2.785781e-27  1.644573e-27  6.580636e-28  4.036487e-28  1.524666e-28  1.531741e-28  7.624439e-29  2.042270e-28  2.694512e-28  1.670537e-27  1.382090e-27  9.164907e-27  6.278580e-27  9.404795e-27  7.633663e-27  8.076686e-27  4.161117e-27  3.767629e-27  2.477610e-27  1.317395e-27  6.854407e-28  3.723908e-28  2.558196e-28  3.560605e-28  5.643274e-28  1.551595e-27  4.220511e-27  8.115135e-27  2.371771e-26  4.547549e-26  1.930171e-25  6.013653e-26  8.679276e-26  9.492526e-26  6.118171e-26  4.145106e-26  2.689937e-26  8.975923e-27  4.417299e-27  1.957755e-27  6.168043e-28  5.532803e-28  3.463403e-28  3.166867e-28  4.418404e-28  2.595520e-28  1.570982e-28  2.259380e-28  4.004635e-28  1.042259e-27  8.286062e-27  1.125818e-26  1.741793e-27  7.871988e-27  3.124540e-27  5.684139e-27  4.189780e-27  3.949076e-27  2.426660e-27  1.431357e-27  1.134555e-27  1.391652e-27  1.735266e-27  2.226097e-27  3.458963e-27  7.897779e-27  1.719661e-26  4.713136e-26  6.864130e-26  2.511360e-26  5.828615e-26  3.417099e-26  6.039967e-26  3.043823e-26  1.488672e-26  1.136147e-26  1.096959e-26  5.531132e-27  2.442556e-27  1.328989e-27  9.318009e-28  1.225025e-27  8.675824e-28  2.962693e-28  4.623034e-28  1.183315e-27  1.866353e-27  2.639690e-27  2.240300e-27  2.626590e-27  1.861566e-27  2.458326e-27  3.181320e-27  6.720177e-27  2.810218e-26  1.373670e-25  1.129063e-25  2.899955e-26  9.068123e-26  6.796702e-26  6.069247e-26  6.111894e-26  4.790387e-26  3.117806e-26  1.868461e-26  9.662125e-27  9.191618e-27  8.381562e-27  9.793446e-27  8.566759e-27  1.390336e-26  2.005432e-26  3.386178e-26  6.134237e-26  2.219006e-25  7.093237e-25  7.388340e-25  4.544078e-25  7.174743e-25  5.316679e-25  5.549662e-25  5.553576e-25  2.912076e-25  2.896277e-25  1.910689e-25  1.255966e-25  6.422834e-26  2.746478e-26  1.927223e-26  9.505777e-27  3.013276e-27  2.629120e-27  1.952943e-27  1.082540e-27  8.336021e-28  3.870758e-28  2.711532e-28  1.342903e-28  6.576430e-29  3.606236e-29  3.132301e-29  4.296481e-29  5.842239e-29  6.946867e-29  1.839709e-28  2.594478e-28  3.762570e-28  5.313891e-28  4.859351e-28  9.463817e-28  1.039725e-27  3.189199e-27  1.121988e-26  3.878595e-26  9.625443e-26  9.848929e-26  5.759230e-26  2.533095e-26  8.596086e-26  6.588268e-26  3.949965e-26  4.789469e-26  3.230939e-26  2.979794e-26  1.766623e-26  1.861134e-26  1.829167e-26  2.065360e-26  1.945349e-26  3.619737e-26  2.809922e-26  4.892819e-26  1.281901e-25  3.156570e-25  5.637530e-25  7.521857e-25  2.770860e-25  2.006348e-25  6.299309e-25  2.489700e-25  1.989662e-25  4.767234e-25  1.949258e-25  1.965164e-25  1.297992e-25  8.996567e-26  5.335158e-26  2.179388e-26  1.019685e-26  1.587828e-26  1.317533e-26  1.099946e-26  7.747261e-27  5.796390e-27  1.743858e-27  2.565099e-27  8.227035e-28  4.279930e-28  4.197406e-28  5.996523e-28  6.033724e-28  5.506807e-28  8.845444e-28  1.041935e-27  1.451106e-27  1.643138e-27  2.456068e-27  4.775802e-27  8.852728e-27  1.459398e-26  1.727445e-26  1.087685e-26  2.087569e-26  2.775997e-26  1.193837e-26  1.785098e-26  2.085567e-26  5.100067e-26  8.745354e-26  5.854680e-25  1.498002e-24  1.262559e-24  1.777821e-24  3.353431e-25  2.562522e-25  1.087928e-24  8.537301e-25  9.277351e-25  8.688512e-25  8.768625e-25  4.895591e-25  4.455795e-25  3.462131e-25  2.558637e-25  2.556216e-25  1.421499e-25  1.890170e-25  1.616899e-25  1.305302e-25  1.507198e-25  1.975879e-25  3.694651e-25  3.169158e-25  1.788941e-24  4.609987e-24  9.044231e-24  7.752311e-24  7.437326e-24  1.002892e-24  3.487620e-24  6.387814e-24  6.379653e-24  3.177695e-24  5.381991e-24  4.254017e-24  3.768090e-24  1.743829e-24  3.035542e-24  1.721106e-24  7.553445e-25  4.942566e-25  5.278724e-25  6.312561e-25  5.951741e-25  3.071205e-25  3.065927e-25  1.667022e-25  9.860359e-26  5.076955e-26  3.880869e-26  1.840325e-26  1.031545e-26  9.982332e-27  9.993835e-27  5.480643e-27  4.111424e-27  5.439007e-27  6.077757e-27  4.965938e-27  2.363280e-27  3.213528e-27  1.586529e-27  2.667696e-27  1.159948e-27  3.925127e-27  1.454706e-27  1.586154e-27  1.025368e-27  5.916494e-28  3.251940e-28  1.839384e-28  9.236132e-29  9.589111e-29  9.578860e-29  6.886179e-29  8.032028e-29  1.860979e-28  1.281032e-28  2.500525e-28  4.669995e-28  1.071896e-27  3.991477e-28  1.215221e-27  8.897630e-28  1.819623e-27  3.930586e-27  3.350613e-27  8.428739e-28  4.568015e-27  6.345819e-27  1.031678e-26  2.135875e-26  2.948094e-26  1.390860e-25  1.910362e-25  3.024424e-25  7.278731e-25  5.338856e-25  5.552920e-25  6.550347e-25  7.453562e-26  1.755252e-25  6.423121e-25  6.306205e-25  1.748550e-25  4.194160e-25  4.659103e-25  5.654961e-25  5.128020e-25  5.343669e-25  4.728487e-25  3.184288e-25  1.191110e-25  2.220681e-25  1.786945e-25  3.591097e-25  4.497509e-25  4.136645e-25  7.121146e-25  7.848342e-25  3.179593e-24  3.520396e-24  8.394168e-24  8.087897e-24  8.974199e-24  5.083941e-24  1.043341e-23  1.308795e-24  1.548863e-24  1.618076e-23  2.757639e-24  2.820078e-24  4.601405e-24  1.737935e-24  9.316658e-24  2.583151e-24  3.049159e-24  2.323862e-24  3.639384e-24  7.975814e-25  1.326377e-24  2.719367e-25  6.713539e-25  2.702773e-25  3.820295e-25  2.971684e-25  2.404424e-25  3.126947e-25  2.767619e-25  1.423552e-25  2.136183e-25  9.046962e-26  9.465055e-26  2.815336e-26  1.081149e-25  1.106201e-25  6.997877e-26  2.651571e-25  8.297695e-26  6.848942e-26  1.186855e-25  3.512097e-26  7.404082e-26  3.486809e-26  4.178090e-26  3.098349e-26  7.358612e-27  6.837254e-27  4.089755e-27  5.660505e-27  1.373421e-27  1.895731e-27  1.300943e-27  5.705734e-28  1.131547e-27  9.582385e-28  6.910075e-28  1.769409e-27  5.642480e-28  1.415503e-27  2.249648e-27  3.154491e-27  6.483079e-27  4.370509e-27  1.341606e-26  9.676671e-27  1.179064e-26  3.961072e-26  4.072375e-26  2.667239e-26  4.407977e-26  5.116618e-26  1.038772e-25  5.538551e-26  2.026176e-25  9.633041e-27  1.822650e-25  4.127830e-26  2.932232e-25  4.834169e-25  4.183643e-25  1.099487e-24  3.462397e-24  5.990879e-24  5.606501e-24  2.636187e-23  5.903869e-24  1.116510e-23  1.243987e-23  1.829651e-23  7.437532e-25  2.497531e-24  5.855676e-24  1.199886e-23  9.792528e-24  8.254279e-24  1.226744e-23  5.587419e-24  6.398500e-24  8.154598e-24  1.152561e-23  3.343902e-24  1.699969e-23  2.551075e-24  1.115633e-23  3.599949e-24  3.588978e-24  1.533986e-24  2.961823e-24  2.377900e-24  2.703751e-24  4.846146e-24  2.437750e-24  7.611040e-25  8.457029e-24  4.381051e-24  1.088445e-23  3.133555e-23  5.439372e-23  4.930282e-23  9.752805e-23  1.851515e-22  1.637836e-22  1.684482e-22  8.862876e-23  4.714469e-23  1.617615e-23  3.887306e-23  4.274903e-23  1.747161e-22  1.093427e-22  1.990435e-23  1.072709e-22  2.999596e-23  1.123108e-22  9.499441e-24  1.522371e-22  3.689228e-24  9.065461e-23  1.652948e-23  1.909516e-23  3.930457e-23  3.029297e-23  3.560043e-23  1.686058e-23  1.519504e-23  1.555605e-23  2.385795e-23  1.627965e-23  9.838312e-24  1.604242e-23  1.167410e-23  1.172280e-23  8.994056e-24  6.076889e-24  1.137734e-24  7.472330e-24  2.078640e-24  6.036239e-24  4.678471e-24  5.457982e-24  9.415525e-24  7.885791e-24  4.858062e-24  3.506449e-24  4.893123e-24  6.222713e-24  1.258898e-24  1.051046e-24  1.666239e-24  1.678098e-25  1.212952e-24  2.062962e-25  2.496501e-25  3.905761e-25  7.970688e-26  2.671963e-25  1.609448e-25  5.385079e-26  1.147906e-25  8.513726e-26  5.476569e-26  3.256036e-26  5.545870e-26  9.669677e-26  4.030381e-26  1.071891e-25  4.186928e-26  3.171590e-25  7.419182e-26  1.141385e-25  2.894407e-26  1.124001e-25  8.439728e-26  2.115671e-25  1.247606e-25  2.222316e-25  7.100544e-26  1.093478e-25  8.496932e-26  5.456612e-26  1.560095e-26  1.159972e-25  7.993121e-26  6.324818e-27  2.440231e-25  1.185673e-26  2.610266e-26  8.314066e-26  4.203536e-26  2.386339e-25  2.667050e-26  4.164140e-26  1.551832e-26  6.482687e-26  3.295727e-26  6.239017e-27  1.150702e-26  1.153675e-26  1.246927e-26  4.438878e-27  4.409166e-27  8.334076e-27  2.904634e-27  3.207729e-27  3.053672e-27  2.535989e-27  5.864319e-27  2.672842e-27  1.422606e-27  6.447286e-28  9.982118e-28  1.207537e-27  1.260331e-27  6.086528e-28  4.880626e-28  5.194691e-28  4.372289e-28  2.372325e-27  1.334956e-27  1.297249e-27  1.582702e-27  1.145818e-27  1.442856e-27  3.068953e-27  5.183617e-27  2.257254e-27  2.775126e-27  9.488786e-27  1.955083e-26  1.395863e-27  1.882271e-26  9.168643e-27  4.992939e-27  3.276029e-26  3.160273e-26  2.803665e-26  1.611538e-26  1.054490e-25  8.593836e-26  2.406970e-26  2.560763e-25  3.775144e-26  3.413911e-25  1.931208e-25  2.763902e-27  6.291199e-25  4.344741e-25  1.464831e-25  2.653497e-26  9.357592e-25  2.373054e-25  2.971003e-24  5.552777e-25  8.457923e-26  9.764189e-25  9.594809e-25  3.125900e-25  7.386998e-26  4.802260e-24  2.099280e-25  2.545990e-24  1.442787e-24  1.302479e-25  2.254780e-24  1.444693e-24  5.294466e-24
3.755672e-29  5.348787e-29  5.975186e-29  6.582401e-29  2.871912e-28  1.325590e-27  9.199525e-28  6.861069e-28  3.009950e-28  1.225887e-28  3.347039e-29  1.731093e-29  1.653301e-29  2.181053e-29  6.779945e-29  3.524373e-28  2.582613e-28  2.190418e-28  5.474583e-28  1.824751e-28  7.452377e-29  1.854628e-29  6.957208e-30  1.183709e-29  1.059247e-29  1.516893e-29  1.838723e-29  8.096713e-30  1.968608e-29  2.086337e-29  8.518342e-29  4.049296e-28  2.657057e-27  2.704852e-27  2.025866e-27  1.179323e-27  4.565456e-28  1.619875e-28  8.809794e-29  3.043983e-29  5.078561e-29  1.135357e-28  1.071898e-28  1.270181e-28  1.211811e-28  1.883707e-28  7.240924e-28  8.867666e-28  5.408250e-28  3.697000e-28  1.477533e-28  1.541161e-28  4.785513e-28  1.675681e-28  1.330995e-28  7.280542e-29  3.381697e-29  1.048863e-29  8.498226e-30  5.248823e-30  1.137640e-29  2.164061e-29  2.014118e-29  6.508012e-29  1.002886e-28  5.271787e-28  1.306715e-27  9.278293e-27  6.462069e-27  5.243789e-27  4.472347e-27  1.930944e-27  1.126607e-27  4.324910e-28  2.095504e-28  8.632078e-29  3.384174e-29  1.720820e-29  8.457414e-30  2.257883e-29  2.190283e-28  4.780179e-28  2.102654e-28  4.620387e-28  4.371239e-28  1.693759e-27  2.181305e-27  3.230925e-27  1.578858e-27  1.288399e-27  6.568484e-28  2.355670e-28  7.423095e-29  5.265737e-29  1.072848e-28  4.362249e-28  1.170945e-27  7.390986e-28  6.475271e-28  7.780892e-28  4.014263e-28  2.007152e-28  9.984441e-29  3.963659e-29  1.854430e-29  1.721148e-29  2.677280e-29  9.329455e-29  2.865957e-28  7.296116e-28  1.469963e-27  4.038464e-27  1.039067e-26  3.445953e-26  1.614748e-26  1.689407e-26  1.561313e-26  5.517294e-27  2.531701e-27  1.291115e-27  2.730715e-28  1.201151e-28  6.516724e-28  1.996918e-27  8.808730e-28  1.108588e-27  1.684264e-27  9.053820e-28  3.231387e-28  4.193901e-28  1.875452e-28  6.307262e-29  3.659510e-29  4.770395e-29  8.001238e-29  1.729464e-28  4.309940e-28  2.152647e-27  3.010348e-27  5.112505e-27  1.129935e-26  7.131104e-27  5.246133e-27  6.302630e-27  2.819469e-27  1.688430e-27  6.789837e-28  4.145099e-28  1.566324e-28  1.561305e-28  7.789330e-29  2.084591e-28  2.735576e-28  1.656793e-27  1.392762e-27  9.199386e-27  6.248797e-27  9.372391e-27  7.562861e-27  8.059576e-27  4.188909e-27  3.790436e-27  2.520983e-27  1.356267e-27  7.057529e-28  3.817324e-28  2.634582e-28  3.621970e-28  5.820668e-28  1.597097e-27  4.286509e-27  8.196369e-27  2.388564e-26  4.561519e-26  1.924237e-25  5.946885e-26  8.594326e-26  9.453274e-26  6.139265e-26  4.199271e-26  2.759423e-26  9.321878e-27  4.650023e-27  2.063659e-27  6.617390e-28  5.748940e-28  3.541471e-28  3.218276e-28  4.447206e-28  2.619106e-28  1.594424e-28  2.266252e-28  4.065919e-28  1.075486e-27  8.366927e-27  1.112554e-26  1.723160e-27  7.834316e-27  3.128100e-27  5.676979e-27  4.234055e-27  3.974723e-27  2.444686e-27  1.442051e-27  1.135677e-27  1.403808e-27  1.767901e-27  2.265704e-27  3.536731e-27  7.960256e-27  1.739487e-26  4.737875e-26  6.783942e-26  2.501198e-26  5.795763e-26  3.392850e-26  6.039719e-26  3.062766e-26  1.512505e-26  1.150163e-26  1.111059e-26  5.676457e-27  2.530198e-27  1.394363e-27  9.732048e-28  1.240402e-27  8.654060e-28  2.977612e-28  4.628739e-28  1.191886e-27  1.867645e-27  2.634345e-27  2.231662e-27  2.636544e-27  1.875376e-27  2.465627e-27  3.224357e-27  6.830674e-27  2.873101e-26  1.375807e-25  1.114198e-25  2.876725e-26  8.976360e-26  6.792528e-26  6.085588e-26  6.109604e-26  4.825626e-26  3.171395e-26  1.899379e-26  9.745523e-27  9.330335e-27  8.565571e-27  1.002074e-26  8.829013e-27  1.419609e-26  2.023514e-26  3.442633e-26  6.221089e-26  2.256889e-25  7.090166e-25  7.311981e-25  4.540550e-25  7.134385e-25  5.233263e-25  5.509785e-25  5.575813e-25  2.924277e-25  2.917651e-25  1.939438e-25  1.287434e-25  6.667318e-26  2.872976e-26  2.027001e-26  1.010404e-26  3.223518e-27  2.763217e-27  2.026799e-27  1.113833e-27  8.624926e-28  4.070252e-28  2.878116e-28  1.445544e-28  7.111853e-29  3.853127e-29  3.358365e-29  4.542771e-29  6.060206e-29  7.137115e-29  1.879353e-28  2.678289e-28  3.799687e-28  5.344452e-28  4.922210e-28  9.643306e-28  1.062622e-27  3.298738e-27  1.158008e-26  3.961732e-26  9.666278e-26  9.741433e-26  5.668763e-26  2.505900e-26  8.536260e-26  6.588626e-26  3.910822e-26  4.806567e-26  3.260069e-26  3.045330e-26  1.800156e-26  1.893991e-26  1.862381e-26  2.089792e-26  1.978034e-26  3.640696e-26  2.876330e-26  4.974188e-26  1.306742e-25  3.212223e-25  5.633003e-25  7.454647e-25  2.707507e-25  1.985871e-25  6.300292e-25  2.447272e-25  1.986547e-25  4.757150e-25  1.968253e-25  1.993002e-25  1.325174e-25  9.240016e-26  5.505220e-26  2.249372e-26  1.049299e-26  1.613522e-26  1.336399e-26  1.107229e-26  7.926074e-27  5.947150e-27  1.817772e-27  2.680076e-27  8.551683e-28  4.408364e-28  4.325646e-28  6.195307e-28  6.102470e-28  5.544466e-28  8.992060e-28  1.051535e-27  1.474980e-27  1.664454e-27  2.513972e-27  4.846228e-27  8.996602e-27  1.462872e-26  1.722481e-26  1.106804e-26  2.082077e-26  2.781935e-26  1.208396e-26  1.791342e-26  2.095043e-26  5.190119e-26  9.137057e-26  6.041879e-25  1.508267e-24  1.260853e-24  1.754667e-24  3.329193e-25  2.513187e-25  1.075720e-24  8.486335e-25  9.254763e-25  8.689621e-25  8.807993e-25  4.918768e-25  4.534303e-25  3.505347e-25  2.626870e-25  2.589074e-25  1.450396e-25  1.940938e-25  1.638021e-25  1.338666e-25  1.534442e-25  1.982343e-25  3.745336e-25  3.275501e-25  1.835904e-24  4.695986e-24  8.960141e-24  7.660623e-24  7.394611e-24  9.964511e-25  3.401214e-24  6.307879e-24  6.438023e-24  3.198202e-24  5.370875e-24  4.235320e-24  3.812805e-24  1.761067e-24  3.100006e-24  1.750624e-24  7.720046e-25  5.038645e-25  5.353661e-25  6.349221e-25  5.981150e-25  3.174038e-25  3.117322e-25  1.722919e-25  1.031073e-25  5.361290e-26  4.109755e-26  1.971274e-26  1.083429e-26  1.060019e-26  1.031086e-26  5.728832e-27  4.244440e-27  5.616943e-27  6.147807e-27  5.001727e-27  2.378750e-27  3.255997e-27  1.590339e-27  2.685688e-27  1.158726e-27  3.931805e-27  1.479484e-27  1.619777e-27  1.029032e-27  6.067471e-28  3.362858e-28  1.917015e-28  9.696786e-29  1.022102e-28  1.022834e-28  7.424313e-29  8.615062e-29  1.996616e-28  1.353007e-28  2.614717e-28  4.834230e-28  1.115630e-27  4.029173e-28  1.257396e-27  9.217184e-28  1.863348e-27  3.986624e-27  3.364468e-27  8.660608e-28  4.642433e-27  6.563053e-27  1.086800e-26  2.206311e-26  3.092869e-26  1.420275e-25  1.957110e-25  3.044188e-25  7.264835e-25  5.277179e-25  5.489199e-25  6.470410e-25  7.280565e-26  1.735722e-25  6.270112e-25  6.343154e-25  1.762896e-25  4.197465e-25  4.604076e-25  5.673070e-25  5.115153e-25  5.363566e-25  4.722194e-25  3.180776e-25  1.223526e-25  2.233635e-25  1.809612e-25  3.625755e-25  4.529995e-25  4.223659e-25  7.346748e-25  8.096945e-25  3.268890e-24  3.594013e-24  8.480893e-24  8.070514e-24  8.848292e-24  4.925681e-24  1.032399e-23  1.292876e-24  1.505209e-24  1.616596e-23  2.798040e-24  2.761253e-24  4.598394e-24  1.706282e-24  9.384241e-24  2.519747e-24  3.090864e-24  2.330190e-24  3.727430e-24  8.274980e-25  1.370960e-24  2.831082e-25  7.006637e-25  2.829576e-25  4.000450e-25  3.007131e-25  2.458015e-25  3.134598e-25  2.755528e-25  1.385002e-25  2.106484e-25  8.834652e-26  9.258010e-26  2.842825e-26  1.069820e-25  1.101906e-25  7.038508e-26  2.667687e-25  8.199193e-26  6.857449e-26  1.199703e-25  3.582621e-26  7.542644e-26  3.605808e-26  4.301463e-26  3.218240e-26  7.710943e-27  7.073054e-27  4.308361e-27  5.954601e-27  1.452593e-27  2.024533e-27  1.344835e-27  6.050887e-28  1.218554e-27  1.022994e-27  7.493227e-28  1.813392e-27  6.067568e-28  1.471330e-27  2.350820e-27  3.303363e-27  6.985397e-27  4.600280e-27  1.386290e-26  1.011478e-26  1.202555e-26  4.069529e-26  4.201596e-26  2.814630e-26  4.499031e-26  5.386858e-26  1.019299e-25  5.422589e-26  2.073575e-25  9.764953e-27  1.843004e-25  4.390951e-26  2.965596e-25  4.877721e-25  4.333973e-25  1.154720e-24  3.570024e-24  6.083377e-24  5.607499e-24  2.675929e-23  5.671270e-24  1.107659e-23  1.234239e-23  1.810064e-23  7.447713e-25  2.487092e-24  5.873846e-24  1.167275e-23  9.645125e-24  8.277906e-24  1.234156e-23  5.681950e-24  6.192728e-24  8.079372e-24  1.165794e-23  3.392707e-24  1.736209e-23  2.563123e-24  1.129839e-23  3.583447e-24  3.736625e-24  1.571068e-24  2.959208e-24  2.437939e-24  2.742682e-24  4.865703e-24  2.434448e-24  7.912374e-25  8.589597e-24  4.611683e-24  1.146729e-23  3.267101e-23  5.644543e-23  4.975674e-23  9.909290e-23  1.865524e-22  1.633500e-22  1.675472e-22  8.377349e-23  4.666552e-23  1.550463e-23  3.887784e-23  4.294133e-23  1.738500e-22  1.075247e-22  1.951149e-23  1.075243e-22  3.048169e-23  1.134375e-22  9.706439e-24  1.538982e-22  3.719420e-24  9.262378e-23  1.636027e-23  1.956227e-23  4.012682e-23  3.092598e-23  3.660379e-23  1.698679e-23  1.576891e-23  1.553997e-23  2.442329e-23  1.641074e-23  9.814002e-24  1.613808e-23  1.181734e-23  1.136914e-23  8.927062e-24  5.871682e-24  1.119900e-24  7.492921e-24  2.128269e-24  6.043988e-24  4.604180e-24  5.383852e-24  9.175043e-24  7.892361e-24  4.964583e-24  3.564344e-24  4.909743e-24  6.410298e-24  1.298881e-24  1.080849e-24  1.732054e-24  1.714100e-25  1.283369e-24  2.154041e-25  2.653332e-25  4.176088e-25  8.693538e-26  2.782644e-25  1.700449e-25  5.501181e-26  1.163213e-25  8.913160e-26  5.807434e-26  3.381999e-26  5.806862e-26  1.000969e-25  4.112628e-26  1.069673e-25  4.272703e-26  3.178120e-25  7.522880e-26  1.108213e-25  3.025512e-26  1.124725e-25  8.387540e-26  2.149970e-25  1.150004e-25  2.156007e-25  7.164494e-26  1.040872e-25  8.682771e-26  5.280084e-26  1.544872e-26  1.156136e-25  7.938382e-26  6.347086e-27  2.440504e-25  1.070494e-26  2.680334e-26  8.298174e-26  3.926639e-26  2.406858e-25  2.713478e-26  4.160608e-26  1.448501e-26  6.593622e-26  3.339431e-26  6.192350e-27  1.165237e-26  1.179428e-26  1.324063e-26  4.636921e-27  4.527474e-27  8.767455e-27  2.780458e-27  3.212478e-27  3.167340e-27  2.540817e-27  5.983149e-27  2.729748e-27  1.494441e-27  7.045477e-28  1.048485e-27  1.245470e-27  1.374065e-27  6.355205e-28  5.306028e-28  5.543757e-28  4.725762e-28  2.533868e-27  1.394913e-27  1.401389e-27  1.607596e-27  1.182806e-27  1.497701e-27  3.368078e-27  5.317931e-27  2.410709e-27  2.970039e-27  1.001811e-26  2.087454e-26  1.481024e-27  1.996612e-26  9.750231e-27  5.464995e-27  3.505352e-26  3.266793e-26  2.896891e-26  1.669073e-26  1.121488e-25  9.044623e-26  2.576608e-26  2.664487e-25  3.815719e-26  3.575383e-25  1.987857e-25  2.853574e-27  6.414334e-25  4.459156e-25  1.477993e-25  2.565120e-26  9.441656e-25  2.352860e-25  3.022976e-24  5.755884e-25  8.402978e-26  1.021866e-24  8.932484e-25  3.158497e-25  7.861480e-26  4.841290e-24  2.103280e-25  2.601712e-24  1.365391e-24  1.315358e-25  2.294029e-24  1.413747e-24  5.295726e-24
3.750473e-29  5.311175e-29  5.987806e-29  6.755946e-29  2.886297e-28  1.312382e-27  9.082775e-28  6.923389e-28  3.080480e-28  1.269435e-28  3.553745e-29  1.801886e-29  1.662469e-29  2.215457e-29  6.788847e-29  3.496179e-28  2.561705e-28  2.191412e-28  5.472892e-28  1.833588e-28  7.648598e-29  1.954522e-29  7.330391e-30  1.194123e-29  1.053348e-29  1.516802e-29  1.841680e-29  8.102390e-30  2.000595e-29  2.194769e-29  8.762304e-29  4.105356e-28  2.636968e-27  2.671284e-27  2.012292e-27  1.202355e-27  4.757566e-28  1.709486e-28  9.101800e-29  3.172092e-29  5.157936e-29  1.130589e-28  1.059170e-28  1.272815e-28  1.223569e-28  1.915672e-28  7.212755e-28  8.744430e-28  5.386057e-28  3.749350e-28  1.542085e-28  1.570102e-28  4.753351e-28  1.671330e-28  1.329648e-28  7.437352e-29  3.550414e-29  1.115386e-29  8.893102e-30  5.415734e-30  1.161987e-29  2.187757e-29  2.028899e-29  6.703170e-29  1.037057e-28  5.420145e-28  1.322533e-27  9.226855e-27  6.337597e-27  5.199184e-27  4.519344e-27  2.001237e-27  1.158127e-27  4.451602e-28  2.143884e-28  8.860895e-29  3.508603e-29  1.770568e-29  8.629948e-30  2.313961e-29  2.202732e-28  4.716264e-28  2.115927e-28  4.614661e-28  4.421489e-28  1.710185e-27  2.167029e-27  3.204720e-27  1.560721e-27  1.290271e-27  6.726876e-28  2.490771e-28  8.073788e-29  5.638083e-29  1.095688e-28  4.378823e-28  1.158053e-27  7.287131e-28  6.387264e-28  7.772642e-28  4.092590e-28  2.079862e-28  1.048169e-28  4.263728e-29  2.018572e-29  1.822179e-29  2.805419e-29  9.627347e-29  2.909350e-28  7.554479e-28  1.497381e-27  4.092654e-27  1.037844e-26  3.415214e-26  1.583386e-26  1.674783e-26  1.573887e-26  5.725519e-27  2.696391e-27  1.412814e-27  3.072309e-28  1.351946e-28  6.680367e-28  1.981086e-27  8.807490e-28  1.110047e-27  1.671321e-27  9.133056e-28  3.261115e-28  4.236676e-28  1.945140e-28  6.673764e-29  3.862735e-29  4.910232e-29  8.401531e-29  1.767250e-28  4.417303e-28  2.191671e-27  2.974599e-27  5.107514e-27  1.118052e-26  7.058697e-27  5.201936e-27  6.323971e-27  2.875192e-27  1.764390e-27  7.160435e-28  4.341705e-28  1.643927e-28  1.614480e-28  8.097973e-29  2.158971e-28  2.806256e-28  1.629897e-27  1.411209e-27  9.249857e-27  6.193587e-27  9.303265e-27  7.440657e-27  8.027491e-27  4.232329e-27  3.825578e-27  2.592474e-27  1.424641e-27  7.419164e-28  3.991493e-28  2.776003e-28  3.731809e-28  6.138901e-28  1.677608e-27  4.398372e-27  8.328399e-27  2.416076e-26  4.585768e-26  1.910932e-25  5.835334e-26  8.458660e-26  9.385559e-26  6.174555e-26  4.294331e-26  2.873719e-26  9.934798e-27  5.065838e-27  2.259152e-27  7.465350e-28  6.162725e-28  3.696173e-28  3.316241e-28  4.499150e-28  2.660404e-28  1.634053e-28  2.279962e-28  4.176014e-28  1.133408e-27  8.504194e-27  1.088658e-26  1.693230e-27  7.767058e-27  3.128073e-27  5.657176e-27  4.306141e-27  4.021823e-27  2.472996e-27  1.463773e-27  1.137864e-27  1.426645e-27  1.824072e-27  2.333632e-27  3.673055e-27  8.071766e-27  1.773314e-26  4.781823e-26  6.645426e-26  2.486693e-26  5.726214e-26  3.356750e-26  6.015103e-26  3.093576e-26  1.552943e-26  1.174636e-26  1.137306e-26  5.920118e-27  2.689073e-27  1.510400e-27  1.047881e-27  1.267921e-27  8.620725e-28  3.021381e-28  4.648500e-28  1.205296e-27  1.873327e-27  2.622277e-27  2.222003e-27  2.652130e-27  1.898354e-27  2.483226e-27  3.296362e-27  7.034872e-27  2.985349e-26  1.377841e-25  1.090864e-25  2.829816e-26  8.799384e-26  6.767716e-26  6.090147e-26  6.114577e-26  4.882341e-26  3.264919e-26  1.952574e-26  9.895041e-27  9.591143e-27  8.879064e-27  1.043637e-26  9.285776e-27  1.471579e-26  2.056193e-26  3.522346e-26  6.382300e-26  2.323204e-25  7.086415e-25  7.200164e-25  4.533733e-25  7.036358e-25  5.117044e-25  5.455895e-25  5.597088e-25  2.949303e-25  2.954769e-25  1.991160e-25  1.343760e-25  7.101381e-26  3.093800e-26  2.209459e-26  1.121233e-26  3.620167e-27  3.012333e-27  2.175310e-27  1.171397e-27  9.194577e-28  4.445091e-28  3.188847e-28  1.641179e-28  8.141135e-29  4.335348e-29  3.792546e-29  5.011500e-29  6.467400e-29  7.476526e-29  1.946432e-28  2.816667e-28  3.872279e-28  5.436151e-28  5.043816e-28  9.959631e-28  1.107372e-27  3.500735e-27  1.222095e-26  4.110212e-26  9.714122e-26  9.553435e-26  5.490994e-26  2.447264e-26  8.462267e-26  6.543461e-26  3.867662e-26  4.805317e-26  3.310826e-26  3.145722e-26  1.860104e-26  1.957083e-26  1.920023e-26  2.136019e-26  2.034170e-26  3.681499e-26  2.974595e-26  5.108181e-26  1.349127e-25  3.303388e-25  5.636841e-25  7.307048e-25  2.631204e-25  1.949994e-25  6.290749e-25  2.393302e-25  1.964799e-25  4.724205e-25  1.994977e-25  2.049125e-25  1.372480e-25  9.628738e-26  5.798428e-26  2.385129e-26  1.100857e-26  1.663930e-26  1.372255e-26  1.124924e-26  8.222561e-27  6.217572e-27  1.941954e-27  2.895572e-27  9.183920e-28  4.662241e-28  4.599109e-28  6.554235e-28  6.229444e-28  5.608633e-28  9.208905e-28  1.068353e-27  1.509313e-27  1.707671e-27  2.630255e-27  4.977555e-27  9.230041e-27  1.466491e-26  1.719348e-26  1.136966e-26  2.085837e-26  2.800339e-26  1.232300e-26  1.798864e-26  2.119511e-26  5.310868e-26  9.882257e-26  6.328277e-25  1.520349e-24  1.252190e-24  1.709703e-24  3.250843e-25  2.469827e-25  1.056047e-24  8.429550e-25  9.182108e-25  8.629045e-25  8.834117e-25  4.970616e-25  4.647054e-25  3.544059e-25  2.735652e-25  2.658559e-25  1.504190e-25  2.016802e-25  1.679511e-25  1.392792e-25  1.580898e-25  2.004147e-25  3.801335e-25  3.453536e-25  1.933830e-24  4.825701e-24  8.916468e-24  7.527575e-24  7.196453e-24  9.801267e-25  3.318099e-24  6.198787e-24  6.458441e-24  3.224870e-24  5.327344e-24  4.220342e-24  3.862865e-24  1.792220e-24  3.199797e-24  1.792734e-24  7.961178e-25  5.258114e-25  5.539872e-25  6.411375e-25  6.091477e-25  3.311318e-25  3.240299e-25  1.814811e-25  1.108702e-25  5.878862e-26  4.530531e-26  2.213373e-26  1.180785e-26  1.176142e-26  1.086154e-26  6.192588e-27  4.505012e-27  5.959533e-27  6.315386e-27  5.076337e-27  2.396312e-27  3.314948e-27  1.621204e-27  2.709951e-27  1.181496e-27  3.933495e-27  1.521585e-27  1.664715e-27  1.051860e-27  6.390410e-28  3.574879e-28  2.086066e-28  1.055941e-28  1.145141e-28  1.140628e-28  8.444952e-29  9.669984e-29  2.240146e-28  1.492235e-28  2.825263e-28  5.213027e-28  1.177079e-27  4.189923e-28  1.341222e-27  9.671815e-28  1.955931e-27  4.078635e-27  3.454327e-27  9.377805e-28  4.834934e-27  6.930950e-27  1.201126e-26  2.349469e-26  3.367695e-26  1.497659e-25  2.043971e-25  3.109543e-25  7.263384e-25  5.191355e-25  5.371367e-25  6.303472e-25  7.145685e-26  1.712150e-25  6.117179e-25  6.390317e-25  1.792877e-25  4.158599e-25  4.567207e-25  5.671877e-25  5.111556e-25  5.390779e-25  4.717085e-25  3.218898e-25  1.291538e-25  2.274964e-25  1.842305e-25  3.660135e-25  4.584966e-25  4.407662e-25  7.752697e-25  8.607340e-25  3.418436e-24  3.719299e-24  8.591458e-24  8.064155e-24  8.683742e-24  4.765844e-24  1.002478e-23  1.263335e-24  1.479457e-24  1.614204e-23  2.834477e-24  2.692426e-24  4.527343e-24  1.672728e-24  9.337417e-24  2.496317e-24  3.148605e-24  2.371421e-24  3.863892e-24  8.739631e-25  1.451206e-24  3.047675e-25  7.582456e-25  3.049081e-25  4.312913e-25  3.093751e-25  2.545397e-25  3.193598e-25  2.733616e-25  1.355916e-25  2.096236e-25  8.675718e-26  9.080745e-26  2.885387e-26  1.061516e-25  1.087641e-25  7.124710e-26  2.653360e-25  8.223370e-26  6.893585e-26  1.221513e-25  3.705467e-26  7.753191e-26  3.781126e-26  4.484721e-26  3.418254e-26  8.320514e-27  7.676153e-27  4.667952e-27  6.483444e-27  1.604836e-27  2.275013e-27  1.429863e-27  6.784580e-28  1.379085e-27  1.130623e-27  8.520257e-28  1.928301e-27  6.890491e-28  1.556556e-27  2.581893e-27  3.615410e-27  7.825213e-27  5.055946e-27  1.476261e-26  1.101270e-26  1.266089e-26  4.282115e-26  4.429286e-26  3.069149e-26  4.622171e-26  5.752832e-26  1.022421e-25  5.436473e-26  2.138572e-25  1.007369e-26  1.871997e-25  4.876211e-26  2.993631e-25  5.064640e-25  4.755502e-25  1.257233e-24  3.760868e-24  6.305831e-24  5.688999e-24  2.698142e-23  5.516265e-24  1.093705e-23  1.210937e-23  1.757755e-23  7.601210e-25  2.438414e-24  5.784866e-24  1.138612e-23  9.476544e-24  8.343562e-24  1.222047e-23  5.812012e-24  6.043919e-24  8.020646e-24  1.172824e-23  3.468891e-24  1.758696e-23  2.604606e-24  1.141964e-23  3.577220e-24  3.953485e-24  1.626234e-24  3.024016e-24  2.497307e-24  2.819057e-24  4.852465e-24  2.455270e-24  8.475957e-25  8.699692e-24  5.044183e-24  1.243099e-23  3.454437e-23  5.927311e-23  5.096031e-23  1.009288e-22  1.871129e-22  1.618949e-22  1.647076e-22  7.969659e-23  4.550458e-23  1.489146e-23  3.841610e-23  4.253649e-23  1.708163e-22  1.056522e-22  1.960115e-23  1.078244e-22  3.068875e-23  1.133440e-22  9.858050e-24  1.546465e-22  3.841676e-24  9.462843e-23  1.650328e-23  2.022373e-23  4.142064e-23  3.192796e-23  3.829433e-23  1.742408e-23  1.678971e-23  1.564618e-23  2.481581e-23  1.676396e-23  9.929019e-24  1.626040e-23  1.210240e-23  1.108137e-23  8.925491e-24  5.680368e-24  1.146793e-24  7.389219e-24  2.152384e-24  5.968746e-24  4.551170e-24  5.384390e-24  8.975331e-24  7.952294e-24  5.108822e-24  3.639581e-24  5.012192e-24  6.680862e-24  1.348618e-24  1.141153e-24  1.865828e-24  1.814747e-25  1.399209e-24  2.309382e-25  2.919786e-25  4.640529e-25  9.958497e-26  2.980996e-25  1.816992e-25  5.917042e-26  1.243953e-25  9.480403e-26  6.308311e-26  3.666237e-26  6.183883e-26  1.034281e-25  4.330739e-26  1.094134e-25  4.436499e-26  3.198579e-25  7.727730e-26  1.092407e-25  3.253399e-26  1.126721e-25  8.283771e-26  2.157481e-25  1.081404e-25  2.100476e-25  7.146026e-26  9.954799e-26  8.720764e-26  5.107832e-26  1.579669e-26  1.134787e-25  7.920790e-26  6.521648e-27  2.416230e-25  9.898670e-27  2.790415e-26  8.243911e-26  3.742544e-26  2.413556e-25  2.767550e-26  4.218536e-26  1.411609e-26  6.762055e-26  3.495708e-26  6.357768e-27  1.237355e-26  1.219324e-26  1.440370e-26  4.986223e-27  4.654961e-27  9.498205e-27  2.753687e-27  3.257586e-27  3.407824e-27  2.610374e-27  6.250176e-27  2.912440e-27  1.642834e-27  8.166638e-28  1.161496e-27  1.356598e-27  1.578968e-27  6.975934e-28  6.198401e-28  6.196338e-28  5.437900e-28  2.872618e-27  1.506249e-27  1.620546e-27  1.682087e-27  1.326339e-27  1.622616e-27  3.911404e-27  5.683162e-27  2.670106e-27  3.321696e-27  1.095549e-26  2.283867e-26  1.635061e-27  2.235671e-26  1.052781e-26  6.434445e-27  3.935953e-26  3.617373e-26  3.189957e-26  1.780058e-26  1.226755e-25  9.880430e-26  2.858459e-26  2.888708e-25  4.044094e-26  3.836907e-25  2.113455e-25  3.120958e-27  6.707890e-25  4.698936e-25  1.511796e-25  2.590300e-26  9.715973e-25  2.413414e-25  3.071705e-24  6.026603e-25  8.743332e-26  1.073284e-24  8.534366e-25  3.274632e-25  8.641190e-26  4.843052e-24  2.213230e-25  2.636960e-24  1.332118e-24  1.377706e-25  2.366152e-24  1.405518e-24  5.258878e-24
3.741434e-29  5.259054e-29  6.005286e-29  6.997980e-29  2.904143e-28  1.293924e-27  8.919750e-28  7.000816e-28  3.180163e-28  1.333078e-28  3.862024e-29  1.909802e-29  1.679026e-29  2.264851e-29  6.795929e-29  3.456219e-28  2.533069e-28  2.190587e-28  5.469733e-28  1.846219e-28  7.920813e-29  2.097938e-29  7.880593e-30  1.210221e-29  1.046041e-29  1.516128e-29  1.845554e-29  8.110963e-30  2.045068e-29  2.353406e-29  9.106676e-29  4.181578e-28  2.607876e-27  2.625616e-27  1.991816e-27  1.232829e-27  5.029713e-28  1.843597e-28  9.558923e-29  3.369120e-29  5.270659e-29  1.124072e-28  1.041842e-28  1.275914e-28  1.239559e-28  1.959772e-28  7.168032e-28  8.578895e-28  5.351609e-28  3.817248e-28  1.632711e-28  1.612971e-28  4.709471e-28  1.666197e-28  1.326580e-28  7.645451e-29  3.788253e-29  1.213660e-29  9.486714e-30  5.672140e-30  1.196605e-29  2.222273e-29  2.052080e-29  6.986859e-29  1.086258e-28  5.627573e-28  1.343383e-27  9.150737e-27  6.170069e-27  5.133246e-27  4.578230e-27  2.098794e-27  1.204833e-27  4.651937e-28  2.221544e-28  9.215692e-29  3.696280e-29  1.848353e-29  8.904926e-30  2.393116e-29  2.218270e-28  4.627166e-28  2.135330e-28  4.604391e-28  4.490068e-28  1.731955e-27  2.146812e-27  3.167427e-27  1.534978e-27  1.291800e-27  6.938590e-28  2.682526e-28  9.040885e-29  6.198010e-29  1.128262e-28  4.400169e-28  1.140203e-27  7.143853e-28  6.264680e-28  7.752043e-28  4.196692e-28  2.182779e-28  1.120085e-28  4.711207e-29  2.267524e-29  1.974411e-29  2.999761e-29  1.005825e-28  2.970049e-28  7.929308e-28  1.535004e-27  4.165964e-27  1.035642e-26  3.372607e-26  1.540352e-26  1.653185e-26  1.588989e-26  6.012700e-27  2.932595e-27  1.593946e-27  3.605429e-28  1.592668e-28  6.916832e-28  1.959746e-27  8.812478e-28  1.111730e-27  1.652574e-27  9.237330e-28  3.305810e-28  4.294509e-28  2.042589e-28  7.208991e-29  4.167680e-29  5.125936e-29  8.984002e-29  1.819536e-28  4.573235e-28  2.244392e-27  2.924934e-27  5.098907e-27  1.101450e-26  6.955350e-27  5.138164e-27  6.347505e-27  2.949848e-27  1.871018e-27  7.705285e-28  4.639452e-28  1.766270e-28  1.695881e-28  8.580090e-29  2.267281e-28  2.906495e-28  1.592008e-27  1.437138e-27  9.314001e-27  6.120437e-27  9.202217e-27  7.271862e-27  7.976391e-27  4.290898e-27  3.871454e-27  2.690120e-27  1.522246e-27  7.957747e-28  4.261415e-28  2.995446e-28  3.895830e-28  6.618719e-28  1.793383e-27  4.552551e-27  8.504435e-27  2.454725e-26  4.617938e-26  1.891362e-25  5.684842e-26  8.273211e-26  9.286678e-26  6.217324e-26  4.423360e-26  3.030908e-26  1.082186e-26  5.684005e-27  2.562335e-27  8.815470e-28  6.837584e-28  3.956178e-28  3.473953e-28  4.581935e-28  2.726034e-28  1.694409e-28  2.302497e-28  4.338931e-28  1.217282e-27  8.688052e-27  1.055405e-26  1.654344e-27  7.672401e-27  3.128885e-27  5.622436e-27  4.401176e-27  4.088306e-27  2.513894e-27  1.498572e-27  1.143763e-27  1.460527e-27  1.902572e-27  2.427657e-27  3.868853e-27  8.227486e-27  1.819685e-26  4.839605e-26  6.455187e-26  2.468409e-26  5.625762e-26  3.307223e-26  5.969828e-26  3.134745e-26  1.608600e-26  1.209285e-26  1.175216e-26  6.265006e-27  2.922260e-27  1.682645e-27  1.160122e-27  1.311044e-27  8.608989e-28  3.107065e-28  4.687799e-28  1.222731e-27  1.881935e-27  2.604961e-27  2.212305e-27  2.674018e-27  1.931707e-27  2.508666e-27  3.400663e-27  7.328857e-27  3.146161e-26  1.379092e-25  1.059633e-25  2.764300e-26  8.551459e-26  6.724791e-26  6.086851e-26  6.119132e-26  4.955641e-26  3.395313e-26  2.029209e-26  1.012101e-26  9.993481e-27  9.342573e-27  1.104505e-26  9.948201e-27  1.545146e-26  2.101629e-26  3.630313e-26  6.616726e-26  2.416580e-25  7.075371e-25  7.054884e-25  4.523423e-25  6.890575e-25  4.965765e-25  5.382058e-25  5.618209e-25  2.983931e-25  3.004455e-25  2.063380e-25  1.423244e-25  7.729365e-26  3.416930e-26  2.484714e-26  1.294004e-26  4.254370e-27  3.418436e-27  2.420479e-27  1.265348e-27  1.011709e-27  5.042588e-28  3.681601e-28  1.955308e-28  9.846699e-29  5.150359e-29  4.505000e-29  5.786817e-29  7.094488e-29  8.008940e-29  2.046826e-28  3.012384e-28  3.979128e-28  5.580211e-28  5.228742e-28  1.041993e-27  1.176877e-27  3.804408e-27  1.314652e-26  4.319602e-26  9.761084e-26  9.290119e-26  5.244980e-26  2.364523e-26  8.364040e-26  6.471974e-26  3.815527e-26  4.789287e-26  3.377854e-26  3.279181e-26  1.945505e-26  2.049487e-26  2.003787e-26  2.203936e-26  2.114535e-26  3.739463e-26  3.110062e-26  5.303726e-26  1.409470e-25  3.427517e-25  5.638529e-25  7.093091e-25  2.537750e-25  1.901287e-25  6.272293e-25  2.325829e-25  1.930038e-25  4.669873e-25  2.027968e-25  2.127819e-25  1.437831e-25  1.016812e-25  6.229998e-26  2.595919e-26  1.180636e-26  1.746839e-26  1.427674e-26  1.152856e-26  8.654052e-27  6.605222e-27  2.124160e-27  3.218206e-27  1.017441e-27  5.075970e-28  5.035636e-28  7.124658e-28  6.436436e-28  5.712859e-28  9.526216e-28  1.094083e-27  1.558953e-27  1.775807e-27  2.802596e-27  5.167911e-27  9.557211e-27  1.470687e-26  1.717275e-26  1.179169e-26  2.096613e-26  2.827947e-26  1.264315e-26  1.808180e-26  2.160447e-26  5.487552e-26  1.102026e-25  6.718126e-25  1.533457e-24  1.237530e-24  1.646863e-24  3.134559e-25  2.423525e-25  1.028946e-24  8.355753e-25  9.071900e-25  8.524486e-25  8.851022e-25  5.040155e-25  4.793954e-25  3.585601e-25  2.885347e-25  2.761694e-25  1.583428e-25  2.121951e-25  1.741629e-25  1.469088e-25  1.649159e-25  2.038420e-25  3.872043e-25  3.712944e-25  2.080787e-24  4.996032e-24  8.877051e-24  7.349708e-24  6.893420e-24  9.577274e-25  3.224677e-24  6.054875e-24  6.456816e-24  3.260666e-24  5.256162e-24  4.199892e-24  3.919791e-24  1.837217e-24  3.332173e-24  1.849456e-24  8.301742e-25  5.600838e-25  5.845266e-25  6.503453e-25  6.273984e-25  3.494838e-25  3.428556e-25  1.946421e-25  1.221941e-25  6.662545e-26  5.168947e-26  2.595127e-26  1.334982e-26  1.362997e-26  1.171417e-26  6.937934e-27  4.930209e-27  6.506607e-27  6.590400e-27  5.204054e-27  2.433650e-27  3.408782e-27  1.681070e-27  2.752709e-27  1.225451e-27  3.936086e-27  1.582990e-27  1.724445e-27  1.090482e-27  6.893042e-28  3.891969e-28  2.358713e-28  1.190880e-28  1.342059e-28  1.324821e-28  1.008627e-28  1.130787e-28  2.613509e-28  1.709051e-28  3.145415e-28  5.801139e-28  1.259325e-27  4.449371e-28  1.466545e-27  1.029354e-27  2.092892e-27  4.205956e-27  3.610114e-27  1.058226e-27  5.169350e-27  7.509231e-27  1.383507e-26  2.574690e-26  3.784668e-26  1.616662e-25  2.167162e-25  3.205949e-25  7.259135e-25  5.075785e-25  5.206366e-25  6.069215e-25  7.016477e-26  1.682153e-25  5.939450e-25  6.447471e-25  1.838968e-25  4.094942e-25  4.534366e-25  5.655670e-25  5.109059e-25  5.424995e-25  4.710147e-25  3.285615e-25  1.392275e-25  2.340634e-25  1.889577e-25  3.704113e-25  4.675696e-25  4.696527e-25  8.354341e-25  9.378868e-25  3.626446e-24  3.891748e-24  8.720670e-24  8.052892e-24  8.468076e-24  4.580116e-24  9.588431e-24  1.223508e-24  1.458097e-24  1.610675e-23  2.875045e-24  2.608955e-24  4.410659e-24  1.632465e-24  9.215594e-24  2.486667e-24  3.221028e-24  2.435076e-24  4.044517e-24  9.384410e-25  1.565485e-24  3.372858e-25  8.446864e-25  3.375247e-25  4.777658e-25  3.234412e-25  2.679106e-25  3.296690e-25  2.712132e-25  1.330750e-25  2.098308e-25  8.542795e-26  8.917388e-26  2.956649e-26  1.055000e-25  1.066158e-25  7.257321e-26  2.618763e-25  8.311883e-26  6.945712e-26  1.250883e-25  3.879824e-26  8.033988e-26  4.021984e-26  4.731387e-26  3.704933e-26  9.230070e-27  8.645412e-27  5.200640e-27  7.276120e-27  1.850572e-27  2.673877e-27  1.569357e-27  7.986549e-28  1.636568e-27  1.295448e-27  1.015919e-27  2.114924e-27  8.250015e-28  1.688984e-27  2.959624e-27  4.122692e-27  9.089672e-27  5.780413e-27  1.613473e-26  1.240961e-26  1.366917e-26  4.592057e-26  4.756130e-26  3.445685e-26  4.778905e-26  6.244140e-26  1.036044e-25  5.519820e-26  2.221973e-25  1.055672e-26  1.910227e-25  5.640174e-26  3.029956e-25  5.396904e-25  5.447884e-25  1.410553e-24  4.032147e-24  6.632066e-24  5.820346e-24  2.711840e-23  5.374066e-24  1.074493e-23  1.176573e-23  1.681832e-23  7.854241e-25  2.364392e-24  5.628552e-24  1.106947e-23  9.267006e-24  8.431493e-24  1.197818e-23  5.984880e-24  5.898831e-24  7.964432e-24  1.176551e-23  3.573192e-24  1.776584e-23  2.670782e-24  1.154153e-23  3.579021e-24  4.246105e-24  1.700635e-24  3.142424e-24  2.567428e-24  2.934981e-24  4.822192e-24  2.496051e-24  9.355496e-25  8.833374e-24  5.707003e-24  1.384977e-23  3.705902e-23  6.300830e-23  5.272073e-23  1.030744e-22  1.871141e-22  1.595598e-22  1.603962e-22  7.544588e-23  4.383904e-23  1.422439e-23  3.763883e-23  4.176832e-23  1.661218e-22  1.033954e-22  1.992706e-23  1.082279e-22  3.080747e-23  1.125861e-22  1.002348e-23  1.549148e-22  4.044313e-24  9.687424e-23  1.680025e-23  2.108388e-23  4.312781e-23  3.326533e-23  4.064269e-23  1.810231e-23  1.827435e-23  1.583787e-23  2.522148e-23  1.736847e-23  1.015742e-23  1.649498e-23  1.250602e-23  1.078583e-23  8.977556e-24  5.478008e-24  1.211070e-24  7.221407e-24  2.168010e-24  5.843375e-24  4.508011e-24  5.422873e-24  8.757137e-24  8.042745e-24  5.297417e-24  3.732740e-24  5.173073e-24  7.037765e-24  1.412821e-24  1.231139e-24  2.066504e-24  1.978601e-25  1.569225e-24  2.548760e-25  3.324864e-25  5.342591e-25  1.197525e-25  3.277259e-25  1.973291e-25  6.649895e-26  1.384315e-25  1.027326e-25  7.032985e-26  4.136005e-26  6.718457e-26  1.073885e-25  4.683733e-26  1.139178e-25  4.680460e-26  3.229015e-25  8.021479e-26  1.082075e-25  3.593749e-26  1.128857e-25  8.135601e-26  2.153382e-25  1.017732e-25  2.039862e-25  7.095006e-26  9.473733e-26  8.698354e-26  4.917037e-26  1.646697e-26  1.102181e-25  7.917387e-26  6.822529e-27  2.375168e-25  9.136888e-27  2.947581e-26  8.157461e-26  3.572719e-26  2.412732e-25  2.834219e-26  4.315141e-26  1.396916e-26  6.985920e-26  3.742553e-26  6.671098e-27  1.357399e-26  1.280020e-26  1.604319e-26  5.502821e-27  4.819419e-27  1.057438e-26  2.770204e-27  3.338919e-27  3.783423e-27  2.727312e-27  6.651014e-27  3.206691e-27  1.873063e-27  9.994148e-28  1.344705e-27  1.541771e-27  1.901917e-27  8.014807e-28  7.723312e-28  7.257430e-28  6.688869e-28  3.422363e-27  1.688738e-27  1.985531e-27  1.803864e-27  1.589728e-27  1.818607e-27  4.797572e-27  6.268542e-27  3.099803e-27  3.896091e-27  1.236796e-26  2.570882e-26  1.886714e-27  2.627423e-26  1.160796e-26  8.061078e-27  4.608251e-26  4.215248e-26  3.675845e-26  1.948468e-26  1.379829e-25  1.116689e-25  3.277761e-26  3.227655e-25  4.433132e-26  4.207785e-25  2.301751e-25  3.589888e-27  7.140802e-25  5.051954e-25  1.561743e-25  2.677484e-26  1.013014e-24  2.531592e-25  3.122785e-24  6.376910e-25  9.365200e-26  1.136926e-24  8.196328e-25  3.454577e-25  9.796750e-26  4.827028e-24  2.404206e-25  2.671395e-24  1.314415e-24  1.484176e-25  2.470812e-24  1.408049e-24  5.198799e-24
3.727493e-29  5.196244e-29  6.026284e-29  7.291459e-29  2.922480e-28  1.271375e-27  8.721635e-28  7.080151e-28  3.302787e-28  1.415094e-28  4.270804e-29  2.056784e-29  1.705862e-29  2.327346e-29  6.796352e-29  3.406587e-28  2.499004e-28  2.186232e-28  5.464329e-28  1.862129e-28  8.249896e-29  2.278788e-29  8.597500e-30  1.232374e-29  1.038623e-29  1.514591e-29  1.849792e-29  8.122698e-30  2.098922e-29  2.558301e-29  9.531330e-29  4.271204e-28  2.570825e-27  2.571784e-27  1.964649e-27  1.267212e-27  5.365948e-28  2.021093e-28  1.020060e-28  3.642402e-29  5.412580e-29  1.116405e-28  1.021437e-28  1.278811e-28  1.258287e-28  2.012557e-28  7.105238e-28  8.387135e-28  5.304451e-28  3.891819e-28  1.743419e-28  1.669053e-28  4.657793e-28  1.661568e-28  1.321130e-28  7.881366e-29  4.080251e-29  1.341880e-29  1.027776e-29  6.023824e-30  1.239901e-29  2.266713e-29  2.084648e-29  7.351001e-29  1.148478e-28  5.880562e-28  1.366749e-27  9.051587e-27  5.975892e-27  5.047614e-27  4.639539e-27  2.216191e-27  1.265763e-27  4.934581e-28  2.334133e-28  9.714717e-29  3.952319e-29  1.958670e-29  9.302998e-30  2.491166e-29  2.234249e-28  4.518864e-28  2.160313e-28  4.588282e-28  4.570999e-28  1.756568e-27  2.121656e-27  3.120818e-27  1.502994e-27  1.291987e-27  7.181080e-28  2.919925e-28  1.031067e-28  6.946424e-29  1.169241e-28  4.423323e-28  1.118696e-27  6.972019e-28  6.115913e-28  7.713561e-28  4.314803e-28  2.309817e-28  1.211485e-28  5.303087e-29  2.603803e-29  2.179334e-29  3.263345e-29  1.060757e-28  3.044426e-28  8.407906e-28  1.579758e-27  4.250930e-27  1.032196e-26  3.321123e-26  1.489062e-26  1.625233e-26  1.603578e-26  6.355654e-27  3.228993e-27  1.832149e-27  4.349847e-28  1.939044e-28  7.221075e-28  1.935191e-27  8.829777e-28  1.113253e-27  1.628902e-27  9.353484e-28  3.365149e-28  4.362663e-28  2.161362e-28  7.898150e-29  4.574468e-29  5.424024e-29  9.730587e-29  1.882459e-28  4.772933e-28  2.305741e-27  2.864746e-27  5.085827e-27  1.081201e-26  6.826089e-27  5.057768e-27  6.367274e-27  3.035752e-27  2.001159e-27  8.411085e-28  5.040907e-28  1.939478e-28  1.808090e-28  9.257499e-29  2.406947e-28  3.031160e-28  1.545723e-27  1.468910e-27  9.382894e-27  6.037635e-27  9.073485e-27  7.069115e-27  7.904083e-27  4.358973e-27  3.922522e-27  2.805680e-27  1.644172e-27  8.668182e-28  4.634817e-28  3.300339e-28  4.114666e-28  7.265102e-28  1.939466e-27  4.736859e-27  8.706052e-27  2.502205e-26  4.654258e-26  1.866259e-25  5.509039e-26  8.051782e-26  9.159031e-26  6.258931e-26  4.573886e-26  3.218077e-26  1.194874e-26  6.496146e-27  2.982171e-27  1.074985e-27  7.833299e-28  4.354900e-28  3.705664e-28  4.703598e-28  2.821264e-28  1.777473e-28  2.336254e-28  4.552793e-28  1.324191e-27  8.899462e-27  1.015201e-26  1.611367e-27  7.555743e-27  3.131900e-27  5.569913e-27  4.508263e-27  4.169454e-27  2.565910e-27  1.548031e-27  1.155740e-27  1.505051e-27  1.998181e-27  2.541013e-27  4.115513e-27  8.417087e-27  1.874598e-26  4.904002e-26  6.228306e-26  2.448730e-26  5.499185e-26  3.247804e-26  5.899540e-26  3.181932e-26  1.675014e-26  1.251980e-26  1.223121e-26  6.693115e-27  3.224449e-27  1.909125e-27  1.310368e-27  1.372114e-27  8.656886e-28  3.254057e-28  4.756808e-28  1.242113e-27  1.893281e-27  2.583671e-27  2.206045e-27  2.700549e-27  1.974608e-27  2.540894e-27  3.534371e-27  7.699962e-27  3.348417e-26  1.378256e-25  1.023473e-25  2.685088e-26  8.249435e-26  6.660548e-26  6.069263e-26  6.120716e-26  5.035486e-26  3.553174e-26  2.126055e-26  1.042285e-26  1.054543e-26  9.953779e-27  1.183251e-26  1.079590e-26  1.636059e-26  2.156714e-26  3.758284e-26  6.917232e-26  2.531153e-25  7.053581e-25  6.892493e-25  4.509732e-25  6.701417e-25  4.796252e-25  5.294128e-25  5.630655e-25  3.025323e-25  3.061158e-25  2.151282e-25  1.520825e-25  8.527240e-26  3.833502e-26  2.852619e-26  1.534756e-26  5.165493e-27  4.019624e-27  2.788524e-27  1.405992e-27  1.148499e-27  5.912191e-28  4.393197e-28  2.413085e-28  1.243105e-28  6.421817e-29  5.571099e-29  6.962453e-29  7.963214e-29  8.774499e-29  2.180981e-28  3.254207e-28  4.118857e-28  5.780576e-28  5.480493e-28  1.101340e-27  1.273424e-27  4.210119e-27  1.432069e-26  4.577153e-26  9.789076e-26  8.968183e-26  4.950132e-26  2.263353e-26  8.250722e-26  6.374396e-26  3.763298e-26  4.748676e-26  3.453034e-26  3.430209e-26  2.051396e-26  2.168938e-26  2.111176e-26  2.292340e-26  2.215664e-26  3.812322e-26  3.273313e-26  5.555719e-26  1.484694e-25  3.573285e-25  5.634043e-25  6.823020e-25  2.441263e-25  1.843843e-25  6.241643e-25  2.254408e-25  1.881844e-25  4.592629e-25  2.061167e-25  2.223588e-25  1.516029e-25  1.081588e-25  6.790080e-26  2.886555e-26  1.291322e-26  1.870085e-26  1.504544e-26  1.192660e-26  9.218158e-27  7.096178e-27  2.361638e-27  3.647700e-27  1.157113e-27  5.685761e-28  5.664468e-28  7.939535e-28  6.745762e-28  5.867464e-28  9.946868e-28  1.130011e-27  1.622704e-27  1.871670e-27  3.028609e-27  5.411161e-27  9.962048e-27  1.475054e-26  1.717624e-26  1.230798e-26  2.117415e-26  2.863785e-26  1.301138e-26  1.818490e-26  2.221814e-26  5.716859e-26  1.256707e-25  7.174731e-25  1.543809e-24  1.215848e-24  1.570479e-24  2.984786e-25  2.386141e-25  9.964560e-25  8.274489e-25  8.929353e-25  8.370458e-25  8.844137e-25  5.120288e-25  4.956675e-25  3.617090e-25  3.063378e-25  2.895623e-25  1.686571e-25  2.249017e-25  1.824053e-25  1.563014e-25  1.738251e-25  2.087345e-25  3.949816e-25  4.044770e-25  2.276131e-24  5.185322e-24  8.859491e-24  7.143926e-24  6.490912e-24  9.312408e-25  3.141453e-24  5.892076e-24  6.410160e-24  3.303379e-24  5.153921e-24  4.175600e-24  3.968137e-24  1.893985e-24  3.481527e-24  1.914913e-24  8.723584e-25  6.075202e-25  6.290366e-25  6.625427e-25  6.542333e-25  3.704361e-25  3.687002e-25  2.112931e-25  1.367698e-25  7.720637e-26  6.030664e-26  3.135961e-26  1.556465e-26  1.635023e-26  1.291681e-26  8.027648e-27  5.568361e-27  7.292991e-27  6.998158e-27  5.403316e-27  2.504872e-27  3.545655e-27  1.783750e-27  2.821906e-27  1.299754e-27  3.942107e-27  1.663471e-27  1.792897e-27  1.148936e-27  7.600244e-28  4.316099e-28  2.758945e-28  1.382585e-28  1.628154e-28  1.584584e-28  1.246941e-28  1.358950e-28  3.123500e-28  2.013137e-28  3.583961e-28  6.624502e-28  1.352753e-27  4.827705e-28  1.634022e-27  1.102915e-27  2.271699e-27  4.358996e-27  3.857312e-27  1.244072e-27  5.696105e-27  8.334916e-27  1.644807e-26  2.892039e-26  4.346731e-26  1.780879e-25  2.319420e-25  3.331070e-25  7.249824e-25  4.943307e-25  5.006111e-25  5.782337e-25  6.939273e-26  1.651045e-25  5.775151e-25  6.500123e-25  1.901539e-25  4.005372e-25  4.520183e-25  5.614727e-25  5.111794e-25  5.461071e-25  4.702423e-25  3.384931e-25  1.524321e-25  2.430947e-25  1.950779e-25  3.754531e-25  4.811528e-25  5.104037e-25  9.139777e-25  1.041972e-24  3.877215e-24  4.096824e-24  8.838005e-24  8.032739e-24  8.228528e-24  4.408071e-24  9.034070e-24  1.176760e-24  1.453633e-24  1.605872e-23  2.907878e-24  2.523692e-24  4.241242e-24  1.593763e-24  8.980930e-24  2.510634e-24  3.294542e-24  2.522041e-24  4.247514e-24  1.015293e-24  1.708437e-24  3.805902e-25  9.601759e-25  3.799534e-25  5.387487e-25  3.437757e-25  2.863526e-25  3.457097e-25  2.704042e-25  1.323669e-25  2.127192e-25  8.514613e-26  8.853183e-26  3.068739e-26  1.054746e-25  1.038087e-25  7.430767e-26  2.555269e-25  8.509682e-26  7.012058e-26  1.285456e-25  4.095028e-26  8.353280e-26  4.308216e-26  5.016134e-26  4.062031e-26  1.043650e-26  1.006524e-26  5.903065e-27  8.332454e-27  2.213456e-27  3.246186e-27  1.779434e-27  9.781943e-28  2.011349e-27  1.520723e-27  1.251858e-27  2.393082e-27  1.030703e-27  1.878287e-27  3.526365e-27  4.877062e-27  1.076314e-26  6.817966e-27  1.799567e-26  1.438993e-26  1.513003e-26  4.989878e-26  5.173176e-26  3.930700e-26  4.945222e-26  6.795611e-26  1.069996e-25  5.725169e-26  2.310385e-25  1.124914e-26  1.952544e-25  6.736026e-26  3.072349e-25  5.920314e-25  6.493005e-25  1.613933e-24  4.368755e-24  7.056701e-24  6.009444e-24  2.701232e-23  5.311069e-24  1.051851e-23  1.131878e-23  1.586041e-23  8.224753e-25  2.265926e-24  5.390929e-24  1.080410e-23  9.044904e-24  8.535800e-24  1.157748e-23  6.182220e-24  5.814873e-24  7.938887e-24  1.171057e-23  3.695616e-24  1.776237e-23  2.768499e-24  1.162086e-23  3.601083e-24  4.580571e-24  1.786098e-24  3.328268e-24  2.630034e-24  3.090107e-24  4.768027e-24  2.565126e-24  1.059871e-24  8.975234e-24  6.615615e-24  1.569878e-23  3.992283e-23  6.714334e-23  5.500316e-23  1.049990e-22  1.858563e-22  1.562762e-22  1.545699e-22  7.234665e-23  4.176128e-23  1.368526e-23  3.650412e-23  4.052212e-23  1.597496e-22  1.012379e-22  2.068888e-23  1.086105e-22  3.068842e-23  1.107354e-22  1.014797e-23  1.539379e-22  4.344697e-24  9.865923e-23  1.734428e-23  2.201185e-23  4.506250e-23  3.480341e-23  4.345707e-23  1.902896e-23  2.016827e-23  1.615140e-23  2.548168e-23  1.826991e-23  1.053995e-23  1.688244e-23  1.300144e-23  1.060262e-23  9.125506e-24  5.333015e-24  1.334959e-24  6.991632e-24  2.159889e-24  5.658979e-24  4.502557e-24  5.528350e-24  8.586068e-24  8.165082e-24  5.501082e-24  3.825140e-24  5.404180e-24  7.434243e-24  1.481302e-24  1.350765e-24  2.333123e-24  2.225145e-25  1.787193e-24  2.879101e-25  3.870406e-25  6.275370e-25  1.485437e-25  3.675843e-25  2.149526e-25  7.821518e-26  1.609765e-25  1.124149e-25  7.946406e-26  4.849336e-26  7.390091e-26  1.110776e-25  5.209319e-26  1.212058e-25  5.007775e-26  3.271837e-25  8.401270e-26  1.090062e-25  4.042643e-26  1.130210e-25  7.953200e-26  2.127012e-25  9.889867e-26  1.992135e-25  7.001088e-26  9.124849e-26  8.556212e-26  4.760530e-26  1.763147e-26  1.057594e-25  7.955417e-26  7.293463e-27  2.313036e-25  8.781652e-27  3.141826e-26  8.033192e-26  3.504853e-26  2.396900e-25  2.898918e-26  4.457290e-26  1.450590e-26  7.240651e-26  4.091142e-26  7.228966e-27  1.539726e-26  1.361862e-26  1.803167e-26  6.176069e-27  5.001272e-27  1.196937e-26  2.888298e-27  3.470115e-27  4.315202e-27  2.908021e-27  7.196727e-27  3.641091e-27  2.192487e-27  1.271030e-27  1.617098e-27  1.828211e-27  2.356567e-27  9.631208e-28  1.011318e-27  8.838571e-28  8.733326e-28  4.227837e-27  1.967254e-27  2.544715e-27  1.988235e-27  2.046489e-27  2.097335e-27  6.118496e-27  7.132613e-27  3.767971e-27  4.753110e-27  1.426945e-26  2.943349e-26  2.266300e-27  3.215193e-26  1.290669e-26  1.054719e-26  5.548403e-26  5.158512e-26  4.420178e-26  2.180406e-26  1.574125e-25  1.290054e-25  3.823422e-26  3.688298e-25  5.047582e-26  4.660821e-25  2.554853e-25  4.356252e-27  7.709714e-25  5.515116e-25  1.626450e-25  2.907334e-26  1.069578e-24  2.729389e-25  3.157416e-24  6.755602e-25  1.040473e-25  1.198619e-24  8.146996e-25  3.706086e-25  1.130504e-25  4.779063e-24  2.711925e-25  2.689145e-24  1.345146e-24  1.650347e-25  2.601733e-24  1.435837e-24  5.111027e-24
3.703120e-29  5.111892e-29  6.054690e-29  7.688996e-29  2.941995e-28  1.240370e-27  8.452960e-28  7.162950e-28  3.471203e-28  1.535345e-28  4.895102e-29  2.288895e-29  1.756546e-29  2.417679e-29  6.783210e-29  3.337091e-28  2.453826e-28  2.174738e-28  5.453819e-28  1.885054e-28  8.696960e-29  2.537194e-29  9.664478e-30  1.267433e-29  1.031217e-29  1.511629e-29  1.854683e-29  8.142162e-30  2.172135e-29  2.860244e-29  1.012055e-28  4.388407e-28  2.517488e-27  2.501276e-27  1.924040e-27  1.309298e-27  5.831513e-28  2.288946e-28  1.124691e-28  4.088047e-29  5.619951e-29  1.106604e-28  9.948464e-29  1.281367e-28  1.282495e-28  2.083047e-28  7.005509e-28  8.141859e-28  5.231647e-28  3.979836e-28  1.894539e-28  1.752618e-28  4.590925e-28  1.658606e-28  1.311056e-28  8.172664e-29  4.481186e-29  1.532507e-29  1.148457e-29  6.581320e-30  1.301611e-29  2.332277e-29  2.137915e-29  7.885398e-29  1.237598e-28  6.227565e-28  1.395033e-27  8.905785e-27  5.728188e-27  4.922337e-27  4.705662e-27  2.373318e-27  1.355887e-27  5.394123e-28  2.525527e-28  1.054716e-28  4.367501e-29  2.144675e-29  9.989601e-30  2.629380e-29  2.250965e-28  4.371637e-28  2.196717e-28  4.560155e-28  4.677169e-28  1.786815e-27  2.086291e-27  3.054985e-27  1.458275e-27  1.289361e-27  7.484732e-28  3.249169e-28  1.221005e-28  8.096514e-29  1.228286e-28  4.450244e-28  1.089768e-27  6.741904e-28  5.913949e-28  7.639817e-28  4.460554e-28  2.485670e-28  1.343047e-28  6.201214e-29  3.127355e-29  2.499491e-29  3.678613e-29  1.140606e-28  3.147871e-28  9.102548e-28  1.639165e-27  4.358785e-27  1.026191e-26  3.251530e-26  1.420870e-26  1.584716e-26  1.617085e-26  6.809862e-27  3.646762e-27  2.188874e-27  5.553272e-28  2.522127e-28  7.676729e-28  1.904987e-27  8.875972e-28  1.114653e-27  1.595712e-27  9.492013e-28  3.455208e-28  4.454163e-28  2.323886e-28  8.908719e-29  5.199224e-29  5.903228e-29  1.081939e-28  1.967481e-28  5.063092e-28  2.384569e-27  2.782789e-27  5.063616e-27  1.053559e-26  6.644295e-27  4.945153e-27  6.381907e-27  3.144645e-27  2.178396e-27  9.450166e-28  5.664244e-28  2.225097e-28  1.989917e-28  1.037107e-28  2.614009e-28  3.206982e-28  1.483892e-27  1.512545e-27  9.464358e-27  5.937245e-27  8.892924e-27  6.797131e-27  7.787542e-27  4.447150e-27  3.985287e-27  2.958588e-27  1.815598e-27  9.741941e-28  5.231065e-28  3.792071e-28  4.454017e-28  8.276671e-28  2.147582e-27  4.982967e-27  8.961515e-27  2.568450e-26  4.698038e-26  1.831080e-25  5.280273e-26  7.751375e-26  8.970580e-26  6.296214e-26  4.765399e-26  3.467475e-26  1.356542e-26  7.713646e-27  3.653818e-27  1.398197e-27  9.561311e-28  5.080887e-28  4.112394e-28  4.921458e-28  2.988050e-28  1.913989e-28  2.396480e-28  4.876082e-28  1.479386e-27  9.164900e-27  9.613398e-27  1.559956e-27  7.394371e-27  3.142808e-27  5.483200e-27  4.640449e-27  4.278346e-27  2.642135e-27  1.628003e-27  1.181618e-27  1.571733e-27  2.128858e-27  2.694615e-27  4.467069e-27  8.673628e-27  1.946486e-26  4.979601e-26  5.926988e-26  2.424637e-26  5.324567e-26  3.165308e-26  5.787742e-26  3.241467e-26  1.763008e-26  1.310838e-26  1.290831e-26  7.298315e-27  3.670055e-27  2.250979e-27  1.542675e-27  1.474313e-27  8.854735e-28  3.541604e-28  4.894387e-28  1.266169e-27  1.908749e-27  2.555797e-27  2.205682e-27  2.736946e-27  2.037881e-27  2.584634e-27  3.731432e-27  8.224695e-27  3.635410e-26  1.373462e-25  9.762060e-26  2.581517e-26  7.845846e-26  6.558937e-26  6.031695e-26  6.111158e-26  5.127662e-26  3.765358e-26  2.264810e-26  1.088324e-26  1.141196e-26  1.089389e-26  1.298980e-26  1.203627e-26  1.762003e-26  2.230899e-26  3.937737e-26  7.350521e-26  2.688388e-25  7.007274e-25  6.686525e-25  4.488618e-25  6.436010e-25  4.576775e-25  5.169622e-25  5.631105e-25  3.077833e-25  3.130726e-25  2.269932e-25  1.654004e-25  9.672048e-26  4.446571e-26  3.414275e-26  1.923203e-26  6.692310e-27  5.073425e-27  3.440676e-27  1.659923e-27  1.390960e-27  7.427268e-28  5.620204e-28  3.202048e-28  1.711287e-28  8.825463e-29  7.472105e-29  9.108899e-29  9.371562e-29  1.010963e-28  2.390994e-28  3.595119e-28  4.325659e-28  6.084131e-28  5.875781e-28  1.189297e-27  1.427305e-27  4.830023e-27  1.600461e-26  4.930244e-26  9.784057e-26  8.527631e-26  4.566088e-26  2.130128e-26  8.092079e-26  6.243748e-26  3.701257e-26  4.670600e-26  3.542921e-26  3.620163e-26  2.197883e-26  2.342523e-26  2.268418e-26  2.422151e-26  2.360842e-26  3.914992e-26  3.503377e-26  5.931058e-26  1.590637e-25  3.764189e-25  5.609885e-25  6.452540e-25  2.323857e-25  1.768868e-25  6.189565e-25  2.166552e-25  1.813864e-25  4.474850e-25  2.096597e-25  2.349398e-25  1.619486e-25  1.169312e-25  7.619728e-26  3.343314e-26  1.470521e-26  2.083614e-26  1.629237e-26  1.257520e-26  1.010001e-26  7.806204e-27  2.723993e-27  4.300937e-27  1.385384e-27  6.741010e-28  6.717007e-28  9.310415e-28  7.301254e-28  6.144350e-28  1.062767e-27  1.190083e-27  1.720933e-27  2.026055e-27  3.361046e-27  5.761451e-27  1.053886e-26  1.481141e-26  1.720767e-26  1.303118e-26  2.152843e-26  2.912235e-26  1.348152e-26  1.832955e-26  2.326858e-26  6.079744e-26  1.497499e-25  7.779083e-25  1.550224e-24  1.182126e-24  1.468696e-24  2.783301e-25  2.348688e-25  9.522683e-25  8.163376e-25  8.735407e-25  8.141706e-25  8.804804e-25  5.214923e-25  5.159788e-25  3.642530e-25  3.301294e-25  3.086445e-25  1.838347e-25  2.427518e-25  1.948038e-25  1.695455e-25  1.873365e-25  2.164020e-25  4.059365e-25  4.532514e-25  2.566347e-24  5.417276e-24  8.840131e-24  6.869557e-24  5.941924e-24  8.990492e-25  3.049884e-24  5.677791e-24  6.303008e-24  3.364540e-24  4.998256e-24  4.135328e-24  4.008235e-24  1.974166e-24  3.667646e-24  2.001150e-24  9.334971e-25  6.805760e-25  7.013472e-25  6.815277e-25  6.972106e-25  3.985055e-25  4.082745e-25  2.357909e-25  1.583057e-25  9.374217e-26  7.367829e-26  4.033705e-26  1.932105e-26  2.101956e-26  1.496195e-26  9.924886e-27  6.718641e-27  8.622325e-27  7.695285e-27  5.775763e-27  2.670124e-27  3.797192e-27  1.979163e-27  2.962631e-27  1.433421e-27  3.965708e-27  1.789320e-27  1.887919e-27  1.244210e-27  8.754685e-28  4.970787e-28  3.444278e-28  1.706318e-28  2.117554e-28  2.017327e-28  1.654704e-28  1.732009e-28  3.932026e-28  2.508158e-28  4.286148e-28  7.921884e-28  1.473938e-27  5.423853e-28  1.887715e-27  1.205151e-27  2.530969e-27  4.570105e-27  4.288291e-27  1.570557e-27  6.651436e-27  9.742162e-27  2.074059e-26  3.402737e-26  5.211423e-26  2.029375e-25  2.527322e-25  3.500139e-25  7.219115e-25  4.767961e-25  4.737338e-25  5.401846e-25  6.898838e-26  1.614035e-25  5.591056e-25  6.545898e-25  1.996987e-25  3.884440e-25  4.519252e-25  5.536063e-25  5.117760e-25  5.503083e-25  4.690622e-25  3.529700e-25  1.716346e-25  2.563159e-25  2.046168e-25  3.836639e-25  5.052840e-25  5.759851e-25  1.030683e-24  1.200286e-24  4.215847e-24  4.366617e-24  8.941703e-24  7.981831e-24  7.918532e-24  4.216362e-24  8.287678e-24  1.117236e-24  1.463144e-24  1.597982e-23  2.939078e-24  2.420322e-24  3.992351e-24  1.550226e-24  8.581751e-24  2.568382e-24  3.374032e-24  2.644064e-24  4.498404e-24  1.118741e-24  1.908643e-24  4.457558e-25  1.134352e-24  4.428120e-25  6.305005e-25  3.767818e-25  3.167367e-25  3.726495e-25  2.735549e-25  1.341878e-25  2.200481e-25  8.635496e-26  8.947053e-26  3.287699e-26  1.063723e-25  1.000699e-25  7.681788e-26  2.449998e-25  8.859018e-26  7.100321e-26  1.331022e-25  4.395366e-26  8.758970e-26  4.700170e-26  5.388473e-26  4.564922e-26  1.229423e-26  1.242131e-26  6.995609e-27  9.955763e-27  2.850179e-27  4.201445e-27  2.157307e-27  1.291315e-27  2.657612e-27  1.886696e-27  1.657433e-27  2.866802e-27  1.402096e-27  2.215010e-27  4.515081e-27  6.182746e-27  1.332310e-26  8.545053e-27  2.085245e-26  1.763946e-26  1.748787e-26  5.558074e-26  5.782012e-26  4.637819e-26  5.141577e-26  7.498381e-26  1.132463e-25  6.099481e-26  2.413221e-25  1.242452e-26  2.006180e-25  8.599827e-26  3.147684e-25  6.825724e-25  8.272966e-25  1.921233e-24  4.833995e-24  7.658388e-24  6.282913e-24  2.658188e-23  5.309568e-24  1.021758e-23  1.068550e-23  1.457802e-23  8.777718e-25  2.131340e-24  5.038294e-24  1.052621e-23  8.758021e-24  8.661418e-24  1.095813e-23  6.442534e-24  5.771752e-24  7.949167e-24  1.152601e-23  3.856718e-24  1.753509e-23  2.926256e-24  1.166235e-23  3.658791e-24  5.008704e-24  1.896480e-24  3.623367e-24  2.692328e-24  3.323562e-24  4.686760e-24  2.685544e-24  1.266578e-24  9.208304e-24  8.054830e-24  1.850206e-23  4.365002e-23  7.230446e-23  5.817077e-23  1.067357e-22  1.826822e-22  1.513211e-22  1.461575e-22  6.980210e-23  3.899063e-23  1.318009e-23  3.483465e-23  3.859869e-23  1.505636e-22  9.880908e-23  2.206066e-23  1.089294e-22  3.034183e-23  1.075140e-22  1.027585e-23  1.512020e-22  4.827170e-24  9.994801e-23  1.823732e-23  2.310960e-23  4.750142e-23  3.677361e-23  4.719618e-23  2.036956e-23  2.289179e-23  1.667224e-23  2.567803e-23  1.974366e-23  1.118418e-23  1.762876e-23  1.366793e-23  1.053237e-23  9.446061e-24  5.245555e-24  1.569111e-24  6.707409e-24  2.130458e-24  5.394783e-24  4.550779e-24  5.719804e-24  8.427804e-24  8.335955e-24  5.744840e-24  3.923172e-24  5.751910e-24  7.924251e-24  1.565596e-24  1.530557e-24  2.729687e-24  2.647107e-25  2.107557e-24  3.419116e-25  4.725923e-25  7.698257e-25  1.970912e-25  4.306422e-25  2.384489e-25  9.940817e-26  2.011281e-25  1.267058e-25  9.300655e-26  6.123439e-26  8.412585e-26  1.153847e-25  6.109110e-26  1.333238e-25  5.518698e-26  3.340065e-25  8.960166e-26  1.121135e-25  4.729893e-26  1.129859e-25  7.708409e-26  2.078486e-25  9.922846e-26  1.947611e-25  6.884792e-26  8.867720e-26  8.290332e-26  4.623272e-26  1.963976e-26  9.948066e-26  8.056723e-26  8.098513e-27  2.216433e-25  8.804512e-27  3.417802e-26  7.839627e-26  3.532431e-26  2.362751e-25  2.968778e-26  4.666346e-26  1.599815e-26  7.561440e-26  4.621402e-26  8.252607e-27  1.839865e-26  1.492659e-26  2.078496e-26  7.179259e-27  5.264874e-27  1.404267e-26  3.158785e-27  3.699463e-27  5.183077e-27  3.204371e-27  8.047573e-27  4.356601e-27  2.697234e-27  1.752667e-27  2.089686e-27  2.338764e-27  3.105655e-27  1.262990e-27  1.456736e-27  1.169694e-27  1.279745e-27  5.592971e-27  2.483234e-27  3.561291e-27  2.310754e-27  2.968904e-27  2.549772e-27  8.497273e-27  8.578279e-27  5.074805e-27  6.290850e-27  1.725923e-26  3.529379e-26  2.966827e-27  4.248822e-26  1.480567e-26  1.500852e-26  7.069668e-26  6.841043e-26  5.700375e-26  2.552331e-26  1.859508e-25  1.554677e-25  4.641078e-26  4.389923e-25  6.111405e-26  5.281833e-25  2.934545e-25  5.814775e-27  8.523078e-25  6.189559e-25  1.717618e-25  3.421852e-26  1.151660e-24  3.054043e-25  3.171024e-24  7.218263e-25  1.219258e-25  1.264369e-24  8.412367e-25  4.081891e-25  1.359610e-25  4.690005e-24  3.237301e-25  2.697272e-24  1.440758e-24  1.937648e-25  2.782015e-24  1.500303e-24  4.983276e-24
3.735328e-29  5.227980e-29  6.016869e-29  7.147537e-29  2.914287e-28  1.282721e-27  8.821423e-28  7.044250e-28  3.242360e-28  1.374117e-28  4.064345e-29  1.982193e-29  1.691793e-29  2.296437e-29  6.798413e-29  3.431832e-28  2.516133e-28  2.189182e-28  5.468127e-28  1.854451e-28  8.088912e-29  2.188573e-29  8.237941e-30  1.221202e-29  1.042275e-29  1.515705e-29  1.848041e-29  8.117947e-30  2.072607e-29  2.455730e-29  9.322111e-29  4.227938e-28  2.589823e-27  2.598681e-27  1.978707e-27  1.250799e-27  5.199923e-28  1.931600e-28  9.872561e-29  3.502826e-29  5.342405e-29  1.120320e-28  1.031625e-28  1.277722e-28  1.249324e-28  1.986894e-28  7.138414e-28  8.482403e-28  5.329170e-28  3.856764e-28  1.688939e-28  1.640975e-28  4.683967e-28  1.663938e-28  1.324196e-28  7.768660e-29  3.936182e-29  1.277511e-29  9.878979e-30  5.845389e-30  1.218519e-29  2.244756e-29  2.068269e-29  7.169592e-29  1.117539e-28  5.756413e-28  1.355635e-27  9.104024e-27  6.072403e-27  5.091620e-27  4.611689e-27  2.158832e-27  1.235304e-27  4.790347e-28  2.276223e-28  9.459570e-29  3.822073e-29  1.902100e-29  9.098399e-30  2.442793e-29  2.227131e-28  4.573805e-28  2.147831e-28  4.597420e-28  4.532209e-28  1.744912e-27  2.134506e-27  3.144494e-27  1.519212e-27  1.292259e-27  7.064226e-28  2.802550e-28  9.672297e-29  6.568429e-29  1.148982e-28  4.412968e-28  1.129634e-27  7.058287e-28  6.190483e-28  7.737159e-28  4.258521e-28  2.247429e-28  1.165936e-28  5.005025e-29  2.432945e-29  2.075340e-29  3.129151e-29  1.033436e-28  3.008201e-28  8.169441e-28  1.558117e-27  4.210480e-27  1.034031e-26  3.347135e-26  1.514380e-26  1.639916e-26  1.597253e-26  6.187321e-27  3.080824e-27  1.711994e-27  3.968806e-28  1.760445e-28  7.069599e-28  1.947532e-27  8.821332e-28  1.112851e-27  1.641511e-27  9.297359e-28  3.336928e-28  4.331478e-28  2.103010e-28  7.554617e-29  4.369100e-29  5.272636e-29  9.358823e-29  1.852043e-28  4.669651e-28  2.276345e-27  2.894610e-27  5.093601e-27  1.091511e-26  6.891885e-27  5.101690e-27  6.362649e-27  2.994803e-27  1.936914e-27  8.059433e-28  4.837605e-28  1.850825e-28  1.751306e-28  8.908180e-29  2.337192e-28  2.969814e-28  1.570714e-27  1.453256e-27  9.354603e-27  6.081756e-27  9.145360e-27  7.169953e-27  7.941272e-27  4.328541e-27  3.900197e-27  2.750840e-27  1.583270e-27  8.313195e-28  4.443202e-28  3.144335e-28  4.003958e-28  6.939067e-28  1.866203e-27  4.647490e-27  8.611500e-27  2.479821e-26  4.636178e-26  1.880725e-25  5.594827e-26  8.155084e-26  9.221855e-26  6.238194e-26  4.497838e-26  3.130517e-26  1.138411e-26  6.089770e-27  2.768254e-27  9.749692e-28  7.317729e-28  4.143769e-28  3.584843e-28  4.641499e-28  2.773948e-28  1.737259e-28  2.318446e-28  4.445427e-28  1.271409e-27  8.795480e-27  1.035849e-26  1.631492e-27  7.615746e-27  3.134947e-27  5.600378e-27  4.457851e-27  4.127798e-27  2.542711e-27  1.521741e-27  1.149893e-27  1.481809e-27  1.951101e-27  2.485149e-27  3.993270e-27  8.319374e-27  1.847765e-26  4.870820e-26  6.341367e-26  2.456644e-26  5.570805e-26  3.273269e-26  5.951266e-26  3.159792e-26  1.642403e-26  1.230890e-26  1.198290e-26  6.488273e-27  3.070320e-27  1.796257e-27  1.234395e-27  1.341629e-27  8.632402e-28  3.170427e-28  4.714807e-28  1.233379e-27  1.885047e-27  2.595730e-27  2.206029e-27  2.689258e-27  1.953665e-27  2.520582e-27  3.469734e-27  7.507122e-27  3.245655e-26  1.379664e-25  1.039819e-25  2.729504e-26  8.413721e-26  6.705115e-26  6.095573e-26  6.111481e-26  4.998187e-26  3.474230e-26  2.078826e-26  1.027236e-26  1.026016e-26  9.657703e-27  1.142618e-26  1.037657e-26  1.590326e-26  2.127991e-26  3.708683e-26  6.758664e-26  2.474150e-25  7.060637e-25  6.961101e-25  4.516313e-25  6.815096e-25  4.860906e-25  5.324611e-25  5.638263e-25  3.001272e-25  3.033024e-25  2.105613e-25  1.471426e-25  8.125875e-26  3.629234e-26  2.665581e-26  1.412144e-26  4.699160e-27  3.712487e-27  2.591384e-27  1.334325e-27  1.075097e-27  5.458808e-28  4.024021e-28  2.173016e-28  1.107725e-28  5.750094e-29  5.014388e-29  6.353445e-29  7.511762e-29  8.388909e-29  2.116712e-28  3.141908e-28  4.041718e-28  5.650364e-28  5.346081e-28  1.071548e-27  1.221577e-27  3.999982e-27  1.372886e-26  4.445914e-26  9.788807e-26  9.131035e-26  5.113762e-26  2.322528e-26  8.282395e-26  6.459151e-26  3.770798e-26  4.794256e-26  3.415180e-26  3.367488e-26  1.998400e-26  2.104378e-26  2.058169e-26  2.244649e-26  2.166338e-26  3.771434e-26  3.206911e-26  5.438962e-26  1.448091e-25  3.505293e-25  5.626644e-25  6.979299e-25  2.465499e-25  1.873439e-25  6.266756e-25  2.276135e-25  1.918398e-25  4.640342e-25  2.050194e-25  2.169384e-25  1.476811e-25  1.052703e-25  6.517483e-26  2.733842e-26  1.236810e-26  1.804604e-26  1.465021e-26  1.168526e-26  8.950201e-27  6.842530e-27  2.249673e-27  3.420781e-27  1.081661e-27  5.361115e-28  5.314152e-28  7.538602e-28  6.587016e-28  5.792574e-28  9.767055e-28  1.111703e-27  1.597816e-27  1.819839e-27  2.902781e-27  5.282315e-27  9.768201e-27  1.473826e-26  1.714705e-26  1.207721e-26  2.097023e-26  2.840131e-26  1.283953e-26  1.814695e-26  2.185876e-26  5.639863e-26  1.175546e-25  6.983697e-25  1.542710e-24  1.231479e-24  1.612428e-24  3.086965e-25  2.374063e-25  1.011514e-24  8.284847e-25  9.018422e-25  8.493336e-25  8.878019e-25  5.068235e-25  4.895035e-25  3.632876e-25  2.983557e-25  2.820091e-25  1.632153e-25  2.197389e-25  1.779752e-25  1.520370e-25  1.695234e-25  2.052189e-25  3.934166e-25  3.892019e-25  2.165216e-24  5.108808e-24  8.782576e-24  7.225400e-24  6.785859e-24  9.491481e-25  3.133223e-24  5.948533e-24  6.497422e-24  3.287179e-24  5.224709e-24  4.172177e-24  3.968955e-24  1.865409e-24  3.417619e-24  1.890767e-24  8.556624e-25  5.795944e-25  6.024007e-25  6.567833e-25  6.360542e-25  3.641394e-25  3.524722e-25  2.035370e-25  1.297003e-25  7.182651e-26  5.589806e-26  2.863583e-26  1.440830e-26  1.495226e-26  1.232486e-26  7.464936e-27  5.224034e-27  6.888899e-27  6.758214e-27  5.298178e-27  2.478459e-27  3.493381e-27  1.712284e-27  2.795998e-27  1.241283e-27  3.946143e-27  1.624219e-27  1.771875e-27  1.105096e-27  7.194962e-28  4.087883e-28  2.528354e-28  1.282210e-28  1.474925e-28  1.453602e-28  1.124811e-28  1.245156e-28  2.871015e-28  1.849573e-28  3.352160e-28  6.115200e-28  1.321182e-27  4.544534e-28  1.539019e-27  1.076474e-27  2.168737e-27  4.289936e-27  3.666091e-27  1.118474e-27  5.381628e-27  7.935103e-27  1.500134e-26  2.717172e-26  4.052153e-26  1.670968e-25  2.239107e-25  3.239511e-25  7.233924e-25  4.986939e-25  5.109596e-25  5.952140e-25  6.855831e-26  1.655186e-25  5.764649e-25  6.494329e-25  1.867006e-25  4.086880e-25  4.482518e-25  5.660415e-25  5.088074e-25  5.448442e-25  4.699278e-25  3.300363e-25  1.447776e-25  2.373175e-25  1.925669e-25  3.750731e-25  4.746805e-25  4.871180e-25  8.749765e-25  9.823700e-25  3.758869e-24  3.997119e-24  8.813330e-24  8.028001e-24  8.297207e-24  4.401868e-24  9.393516e-24  1.202975e-24  1.414687e-24  1.608052e-23  2.923424e-24  2.542865e-24  4.386060e-24  1.594892e-24  9.240496e-24  2.423172e-24  3.274240e-24  2.452370e-24  4.161114e-24  9.840573e-25  1.633130e-24  3.572156e-25  8.957989e-25  3.603060e-25  5.095980e-25  3.318535e-25  2.779038e-25  3.337461e-25  2.707654e-25  1.296943e-25  2.078748e-25  8.365697e-26  8.730956e-26  3.015701e-26  1.045808e-25  1.058005e-25  7.348837e-26  2.620885e-25  8.233053e-26  6.960840e-26  1.267318e-25  3.992832e-26  8.222268e-26  4.195492e-26  4.901673e-26  3.899980e-26  9.852354e-27  9.144203e-27  5.580782e-27  7.799759e-27  2.018106e-27  2.942339e-27  1.666951e-27  8.757841e-28  1.819213e-27  1.420573e-27  1.140032e-27  2.209929e-27  9.214155e-28  1.795263e-27  3.184205e-27  4.437805e-27  1.002269e-26  6.264657e-27  1.697059e-26  1.321824e-26  1.412178e-26  4.769335e-26  4.954674e-26  3.709741e-26  4.892477e-26  6.646669e-26  1.014230e-25  5.426182e-26  2.283960e-25  1.082113e-26  1.939662e-25  6.155030e-26  3.077475e-25  5.569797e-25  5.775520e-25  1.507619e-24  4.198022e-24  6.781619e-24  5.838668e-24  2.747996e-23  5.134715e-24  1.061339e-23  1.160191e-23  1.647168e-23  7.917198e-25  2.341177e-24  5.612606e-24  1.070779e-23  9.093860e-24  8.453201e-24  1.198727e-23  6.112103e-24  5.684294e-24  7.884216e-24  1.189157e-23  3.644233e-24  1.814422e-23  2.693578e-24  1.167997e-23  3.561853e-24  4.458705e-24  1.753155e-24  3.177117e-24  2.644184e-24  3.007813e-24  4.836222e-24  2.507456e-24  9.942436e-25  9.004399e-24  6.139553e-24  1.484344e-23  3.896004e-23  6.588212e-23  5.345382e-23  1.048372e-22  1.882110e-22  1.584654e-22  1.587277e-22  7.044009e-23  4.304081e-23  1.351341e-23  3.743939e-23  4.178042e-23  1.641153e-22  1.010983e-22  1.950781e-23  1.086703e-22  3.132066e-23  1.133939e-22  1.028890e-23  1.565245e-22  4.131638e-24  9.917868e-23  1.662238e-23  2.171498e-23  4.417020e-23  3.408386e-23  4.213120e-23  1.837698e-23  1.922189e-23  1.585186e-23  2.591202e-23  1.774435e-23  1.022189e-23  1.675330e-23  1.273526e-23  1.038383e-23  8.965860e-24  5.257581e-24  1.219380e-24  7.217445e-24  2.218303e-24  5.836594e-24  4.444516e-24  5.361094e-24  8.481340e-24  8.060931e-24  5.446732e-24  3.806198e-24  5.202829e-24  7.292197e-24  1.468118e-24  1.282984e-24  2.183832e-24  2.051221e-25  1.691998e-24  2.726046e-25  3.622873e-25  5.849934e-25  1.352347e-25  3.468441e-25  2.110767e-25  7.038884e-26  1.436094e-25  1.090441e-25  7.599870e-26  4.426750e-26  7.127016e-26  1.117358e-25  4.864196e-26  1.150045e-25  4.829424e-26  3.237661e-25  8.174229e-26  1.045143e-25  3.833123e-26  1.129559e-25  8.048430e-26  2.185047e-25  9.177672e-26  1.964159e-25  7.153875e-26  8.897279e-26  8.881580e-26  4.723160e-26  1.640706e-26  1.094329e-25  7.847309e-26  6.922649e-27  2.366699e-25  7.921880e-27  3.064290e-26  8.126453e-26  3.267834e-26  2.428761e-25  2.895936e-26  4.329705e-26  1.268809e-26  7.130244e-26  3.843606e-26  6.643549e-27  1.398661e-26  1.328332e-26  1.726859e-26  5.846867e-27  4.985030e-27  1.131489e-26  2.637182e-27  3.373136e-27  4.003974e-27  2.751379e-27  6.854863e-27  3.328451e-27  2.013547e-27  1.130333e-27  1.452344e-27  1.631996e-27  2.137864e-27  8.659693e-28  8.804136e-28  8.033243e-28  7.644441e-28  3.779903e-27  1.816412e-27  2.226690e-27  1.861346e-27  1.715436e-27  1.926284e-27  5.459905e-27  6.537501e-27  3.437532e-27  4.328700e-27  1.331906e-26  2.799520e-26  2.076343e-27  2.876957e-26  1.253754e-26  9.192377e-27  5.059181e-26  4.482006e-26  3.883435e-26  2.047657e-26  1.493777e-25  1.207376e-25  3.585707e-26  3.403322e-25  4.553014e-26  4.468459e-25  2.395800e-25  3.861017e-27  7.338404e-25  5.234167e-25  1.585474e-25  2.586058e-26  1.025996e-24  2.544649e-25  3.177095e-24  6.642610e-25  9.405915e-26  1.197944e-24  7.463310e-25  3.517396e-25  1.063534e-25  4.859202e-24  2.435894e-25  2.737844e-24  1.225239e-24  1.527403e-25  2.537990e-24  1.375204e-24  5.192925e-24
3.762949e-29  5.394236e-29  5.966126e-29  6.397826e-29  2.856833e-28  1.340984e-27  9.337296e-28  6.792986e-28  2.935776e-28  1.181244e-28  3.135985e-29  1.661140e-29  1.646501e-29  2.146057e-29  6.772672e-29  3.557858e-28  2.607943e-28  2.189623e-28  5.480790e-28  1.816644e-28  7.243578e-29  1.748613e-29  6.576081e-30  1.174120e-29  1.067371e-29  1.517993e-29  1.836779e-29  8.097508e-30  1.934880e-29  1.974530e-29  8.262229e-29  3.989666e-28  2.680746e-27  2.745228e-27  2.041346e-27  1.154102e-27  4.362598e-28  1.529250e-28  8.529245e-29  2.917553e-29  4.996373e-29  1.141487e-28  1.087108e-28  1.268111e-28  1.199687e-28  1.849947e-28  7.272556e-28  9.017177e-28  5.432969e-28  3.640080e-28  1.409023e-28  1.512134e-28  4.825823e-28  1.682796e-28  1.332191e-28  7.109597e-29  3.201969e-29  9.808434e-30  8.104542e-30  5.087279e-30  1.112474e-29  2.140879e-29  2.001410e-29  6.308916e-29  9.672025e-29  5.113888e-28  1.289169e-27  9.347598e-27  6.614284e-27  5.295037e-27  4.422102e-27  1.856380e-27  1.095072e-27  4.206842e-28  2.050953e-28  8.411449e-29  3.259138e-29  1.673098e-29  8.298175e-30  2.198984e-29  2.177185e-28  4.857741e-28  2.089913e-28  4.627802e-28  4.320165e-28  1.676212e-27  2.198073e-27  3.260943e-27  1.600068e-27  1.285902e-27  6.393163e-28  2.212584e-28  6.762472e-29  4.893668e-29  1.049184e-28  4.346014e-28  1.187225e-27  7.515479e-28  6.576933e-28  7.801352e-28  3.929671e-28  1.932306e-28  9.466674e-29  3.660774e-29  1.688301e-29  1.617884e-29  2.546016e-29  9.023365e-29  2.822187e-28  7.028410e-28  1.441105e-27  3.980103e-27  1.040073e-26  3.482819e-26  1.649293e-26  1.709230e-26  1.547590e-26  5.288113e-27  2.352556e-27  1.165717e-27  2.395861e-28  1.057103e-28  6.351013e-28  2.016702e-27  8.824762e-28  1.108085e-27  1.703288e-27  8.956481e-28  3.213543e-28  4.160401e-28  1.801154e-28  5.936142e-29  3.454267e-29  4.636054e-29  7.592924e-29  1.691253e-28  4.176225e-28  2.111448e-27  3.049565e-27  5.121808e-27  1.144439e-26  7.215204e-27  5.319355e-27  6.300647e-27  2.760764e-27  1.605945e-27  6.420383e-28  3.950677e-28  1.491994e-28  1.511421e-28  7.472407e-29  2.008791e-28  2.663222e-28  1.701214e-27  1.372689e-27  9.167480e-27  6.339847e-27  9.495241e-27  7.701672e-27  8.087431e-27  4.157773e-27  3.762979e-27  2.452507e-27  1.281715e-27  6.704465e-28  3.638383e-28  2.493732e-28  3.511046e-28  5.510810e-28  1.509329e-27  4.167613e-27  8.066584e-27  2.365690e-26  4.528795e-26  1.950691e-25  6.067740e-26  8.697791e-26  9.511433e-26  6.083399e-26  4.074896e-26  2.656630e-26  8.668354e-27  4.236116e-27  1.872668e-27  5.791753e-28  5.356476e-28  3.389080e-28  3.118980e-28  4.403803e-28  2.591626e-28  1.568140e-28  2.250653e-28  3.949042e-28  1.018157e-27  8.203313e-27  1.144025e-26  1.753642e-27  7.917627e-27  3.161816e-27  5.711916e-27  4.157999e-27  3.910369e-27  2.431536e-27  1.415544e-27  1.139954e-27  1.374766e-27  1.707444e-27  2.190234e-27  3.391923e-27  7.816889e-27  1.702104e-26  4.670860e-26  6.944095e-26  2.507007e-26  5.925240e-26  3.405514e-26  6.154535e-26  3.031996e-26  1.469423e-26  1.122939e-26  1.076217e-26  5.456494e-27  2.351736e-27  1.281149e-27  8.977820e-28  1.217753e-27  8.767469e-28  2.906284e-28  4.589256e-28  1.179559e-27  1.845622e-27  2.659810e-27  2.227148e-27  2.626930e-27  1.858417e-27  2.422087e-27  3.166307e-27  6.565047e-27  2.742954e-26  1.376756e-25  1.131471e-25  2.962615e-26  9.263822e-26  6.882783e-26  6.171223e-26  6.047686e-26  4.765172e-26  3.064024e-26  1.848426e-26  9.606141e-27  9.044310e-27  8.314045e-27  9.527521e-27  8.378241e-27  1.358381e-26  1.978728e-26  3.432756e-26  6.013352e-26  2.181676e-25  7.064890e-25  7.369087e-25  4.547849e-25  7.354942e-25  5.249717e-25  5.494083e-25  5.615432e-25  2.874941e-25  2.868872e-25  1.871764e-25  1.218675e-25  6.195697e-26  2.661423e-26  1.836931e-26  9.025487e-27  2.843552e-27  2.560619e-27  1.859799e-27  1.068393e-27  7.971197e-28  3.700221e-28  2.577581e-28  1.250024e-28  6.166530e-29  3.407202e-29  2.947044e-29  4.126406e-29  5.620170e-29  6.856081e-29  1.831395e-28  2.564566e-28  3.692031e-28  5.096612e-28  4.764931e-28  9.307185e-28  1.007191e-27  3.076759e-27  1.086417e-26  3.781167e-26  9.664409e-26  9.960427e-26  5.984726e-26  2.627906e-26  8.474221e-26  6.846105e-26  3.857799e-26  4.924185e-26  3.191687e-26  2.981687e-26  1.728326e-26  1.806795e-26  1.808100e-26  2.029103e-26  1.923460e-26  3.576094e-26  2.843695e-26  4.882857e-26  1.266176e-25  3.127355e-25  5.559918e-25  7.745974e-25  2.658672e-25  2.032664e-25  6.356175e-25  2.432012e-25  2.080078e-25  4.840532e-25  1.958077e-25  1.892563e-25  1.269547e-25  8.962445e-26  5.256330e-26  2.087229e-26  1.013434e-26  1.562475e-26  1.297247e-26  1.070844e-26  7.699576e-27  5.621102e-27  1.724146e-27  2.420085e-27  7.800754e-28  4.133141e-28  3.916986e-28  5.907952e-28  5.998882e-28  5.515450e-28  8.968852e-28  1.036797e-27  1.475838e-27  1.606249e-27  2.336893e-27  4.675588e-27  8.798259e-27  1.467490e-26  1.706692e-26  1.088445e-26  2.026122e-26  2.728299e-26  1.185266e-26  1.795084e-26  2.045661e-26  5.255961e-26  8.255962e-26  5.881885e-25  1.511567e-24  1.293050e-24  1.828531e-24  3.582581e-25  2.392417e-25  1.090311e-24  8.404968e-25  9.472823e-25  9.000552e-25  8.917346e-25  4.786381e-25  4.496616e-25  3.610208e-25  2.545366e-25  2.465278e-25  1.384068e-25  1.915613e-25  1.579542e-25  1.299558e-25  1.494935e-25  1.915492e-25  3.818952e-25  3.139468e-25  1.676928e-24  4.618539e-24  8.556336e-24  7.692402e-24  8.168088e-24  1.043746e-24  3.222148e-24  6.300399e-24  6.722439e-24  3.212573e-24  5.508617e-24  4.167005e-24  3.858910e-24  1.723213e-24  3.027162e-24  1.742814e-24  7.715143e-25  4.640293e-25  5.000627e-25  6.311032e-25  5.643571e-25  3.200460e-25  2.850737e-25  1.653928e-25  9.602275e-26  4.839109e-26  3.667656e-26  1.749076e-26  9.867238e-27  9.526678e-27  9.906373e-27  5.305269e-27  3.968237e-27  5.249610e-27  5.842277e-27  4.915527e-27  2.440228e-27  3.293104e-27  1.478580e-27  2.714919e-27  1.042274e-27  3.975062e-27  1.442718e-27  1.626075e-27  9.379683e-28  5.533727e-28  3.083443e-28  1.659221e-28  8.808636e-29  8.873208e-29  9.193970e-29  6.430974e-29  7.676852e-29  1.777899e-28  1.191108e-28  2.389094e-28  4.119964e-28  1.107084e-27  3.481530e-28  1.134688e-27  9.165046e-28  1.700196e-27  3.902230e-27  3.013919e-27  6.912488e-28  4.276505e-27  6.373904e-27  9.317100e-27  2.010869e-26  2.770164e-26  1.232829e-25  1.838226e-25  2.830508e-25  7.149644e-25  5.269477e-25  5.649739e-25  6.813954e-25  6.765034e-26  1.713635e-25  5.975661e-25  6.349218e-25  1.716941e-25  4.442355e-25  4.409175e-25  5.789956e-25  5.018440e-25  5.361971e-25  4.695325e-25  2.950723e-25  1.107445e-25  2.111006e-25  1.812446e-25  3.699332e-25  4.512539e-25  3.949245e-25  6.916151e-25  7.311674e-25  3.126408e-24  3.461051e-24  8.480691e-24  7.967899e-24  8.795477e-24  4.641004e-24  1.114216e-23  1.341576e-24  1.328735e-24  1.615152e-23  2.899369e-24  2.704642e-24  4.975306e-24  1.656395e-24  1.010140e-23  2.186679e-24  3.079064e-24  2.160462e-24  3.628531e-24  8.030925e-25  1.272618e-24  2.545456e-25  6.204911e-25  2.643356e-25  3.732717e-25  2.838086e-25  2.417355e-25  2.898573e-25  2.812547e-25  1.273874e-25  1.958798e-25  8.219975e-26  8.753555e-26  2.849797e-26  1.036975e-25  1.149541e-25  6.898766e-26  2.845403e-25  7.367881e-26  6.720582e-26  1.174998e-25  3.453690e-26  7.414541e-26  3.548750e-26  4.213544e-26  3.047424e-26  7.215226e-27  5.838494e-27  4.081960e-27  5.422171e-27  1.301084e-27  1.751484e-27  1.261307e-27  5.056132e-28  1.077973e-27  9.657121e-28  6.800777e-28  1.567230e-27  5.284738e-28  1.468792e-27  1.979368e-27  2.884906e-27  6.463780e-27  4.059615e-27  1.259241e-26  8.838317e-27  1.051168e-26  3.746268e-26  3.961613e-26  2.603620e-26  4.483014e-26  5.442692e-26  8.577677e-26  4.534589e-26  2.063290e-25  9.145854e-27  1.836062e-25  3.929199e-26  3.072190e-25  4.310514e-25  3.355079e-25  1.039290e-24  3.342362e-24  5.587018e-24  5.172500e-24  2.832552e-23  4.832125e-24  1.116958e-23  1.286490e-23  1.949359e-23  6.706524e-25  2.688167e-24  6.497217e-24  1.082943e-23  9.474580e-24  8.072059e-24  1.354772e-23  5.684940e-24  5.516420e-24  7.858112e-24  1.222279e-23  3.337510e-24  1.875675e-23  2.439394e-24  1.165579e-23  3.500773e-24  3.658473e-24  1.544113e-24  2.613200e-24  2.557424e-24  2.638354e-24  5.090801e-24  2.309433e-24  7.342354e-25  8.992231e-24  4.132459e-24  1.086433e-23  3.253705e-23  5.641030e-23  4.664127e-23  1.000894e-22  1.929905e-22  1.675217e-22  1.763247e-22  7.089533e-23  4.939962e-23  1.396405e-23  4.126688e-23  4.650011e-23  1.830359e-22  1.043735e-22  1.612454e-23  1.077835e-22  3.300977e-23  1.221084e-22  1.045771e-23  1.616730e-22  3.313551e-24  9.588630e-23  1.437378e-23  1.938731e-23  3.909143e-23  3.004953e-23  3.490841e-23  1.560100e-23  1.469226e-23  1.482835e-23  2.653904e-23  1.570223e-23  9.123483e-24  1.638124e-23  1.135230e-23  1.034304e-23  8.522744e-24  5.390464e-24  8.761601e-25  8.229961e-24  2.360925e-24  6.523582e-24  4.368683e-24  4.841858e-24  8.499822e-24  7.616316e-24  4.958456e-24  3.573140e-24  4.443831e-24  6.310195e-24  1.326161e-24  9.889635e-25  1.531329e-24  1.471167e-25  1.211234e-24  2.049253e-25  2.479289e-25  3.824482e-25  7.893307e-26  2.591090e-25  1.760788e-25  4.420560e-26  8.889377e-26  8.912353e-26  5.682829e-26  2.932893e-26  5.782947e-26  1.071226e-25  3.625628e-26  9.338417e-26  4.051536e-26  3.116112e-25  7.193845e-26  9.509137e-26  2.833680e-26  1.116226e-25  8.525198e-26  2.361455e-25  8.205583e-26  1.973378e-25  7.768629e-26  9.028035e-26  9.862731e-26  4.927587e-26  1.259321e-26  1.246876e-25  7.605085e-26  5.639939e-27  2.561895e-25  6.813639e-27  2.623179e-26  8.467321e-26  2.900374e-26  2.522299e-25  2.754121e-26  3.825394e-26  8.979812e-27  6.443302e-26  2.881850e-26  5.064739e-27  9.202047e-27  1.169486e-26  1.280641e-26  4.290824e-27  4.724703e-27  8.217794e-27  2.050249e-27  3.013840e-27  2.795619e-27  2.199774e-27  5.502049e-27  2.230907e-27  1.282709e-27  6.062194e-28  8.692232e-28  9.922210e-28  1.209948e-27  5.341695e-28  4.277498e-28  4.984853e-28  4.100457e-28  2.084802e-27  1.301479e-27  1.127512e-27  1.414717e-27  8.024176e-28  1.269749e-27  2.967881e-27  4.479523e-27  2.325623e-27  2.732471e-27  9.107312e-27  2.062684e-26  1.364589e-27  1.689330e-26  1.001921e-26  4.396929e-27  3.050422e-26  2.385988e-26  2.151910e-26  1.517745e-26  1.073006e-25  8.180238e-26  2.400497e-26  2.268807e-25  2.966592e-26  3.387478e-25  1.746289e-25  2.320177e-27  5.743152e-25  4.018478e-25  1.395267e-25  1.926428e-26  8.501667e-25  1.908954e-25  3.112219e-24  5.757359e-25  6.349512e-26  1.077414e-24  6.268306e-25  2.771406e-25  7.389494e-26  5.088427e-24  1.573238e-25  2.828071e-24  9.746318e-25  1.107624e-25  2.194933e-24  1.232715e-24  5.511846e-24
3.774494e-29  5.560628e-29  5.921345e-29  5.691276e-29  2.778916e-28  1.397922e-27  9.836067e-28  6.456724e-28  2.664474e-28  1.026711e-28  2.434240e-29  1.439499e-29  1.637276e-29  2.016321e-29  6.695670e-29  3.675710e-28  2.704331e-28  2.167069e-28  5.492622e-28  1.783718e-28  6.419101e-29  1.370954e-29  5.290881e-30  1.145042e-29  1.102249e-29  1.514332e-29  1.825501e-29  8.087963e-30  1.802370e-29  1.589051e-29  7.301013e-29  3.742480e-28  2.758784e-27  2.902238e-27  2.084811e-27  1.045887e-27  3.619869e-28  1.239139e-28  7.697127e-29  2.510229e-29  4.675073e-29  1.163651e-28  1.145698e-28  1.253743e-28  1.149371e-28  1.715246e-28  7.343429e-28  9.615303e-28  5.492993e-28  3.381546e-28  1.152878e-28  1.415178e-28  4.974918e-28  1.711346e-28  1.325787e-28  6.378085e-29  2.538453e-29  7.535433e-30  6.842589e-30  4.587135e-30  1.017368e-29  2.056526e-29  1.962922e-29  5.600719e-29  8.400584e-29  4.505226e-28  1.213212e-27  9.555246e-27  7.217055e-27  5.450732e-27  4.174262e-27  1.569025e-27  9.917345e-28  3.879718e-28  1.923995e-28  7.691485e-29  2.829015e-29  1.524781e-29  7.832017e-30  1.974565e-29  2.111423e-28  5.138832e-28  2.047695e-28  4.632924e-28  4.107213e-28  1.599644e-27  2.256850e-27  3.365744e-27  1.674348e-27  1.267347e-27  5.661297e-28  1.693284e-28  4.596323e-29  3.684982e-29  9.591815e-29  4.263960e-28  1.246891e-27  7.984991e-28  6.952261e-28  7.781902e-28  3.567697e-28  1.654033e-28  7.644847e-29  2.658590e-29  1.165244e-29  1.279943e-29  2.124919e-29  7.927668e-29  2.646896e-28  6.089102e-28  1.323470e-27  3.737718e-27  1.040098e-26  3.618941e-26  1.784568e-26  1.768157e-26  1.474665e-26  4.404633e-27  1.729654e-27  7.603374e-28  1.414942e-28  6.507986e-29  5.727665e-28  2.090502e-27  8.907397e-28  1.100639e-27  1.761012e-27  8.553678e-28  3.149582e-28  3.989051e-28  1.516991e-28  4.645341e-29  2.783586e-29  4.217701e-29  6.160480e-29  1.536130e-28  3.740681e-28  1.938257e-27  3.199989e-27  5.136882e-27  1.196332e-26  7.501169e-27  5.540997e-27  6.198138e-27  2.508788e-27  1.301192e-27  5.161793e-28  3.331352e-28  1.275669e-28  1.346866e-28  6.537598e-29  1.739313e-28  2.390214e-28  1.840868e-27  1.297357e-27  8.945662e-27  6.668729e-27  9.840845e-27  8.230584e-27  8.149752e-27  3.996675e-27  3.608794e-27  2.156913e-27  1.017318e-27  5.517246e-28  3.114054e-28  2.072889e-28  3.137479e-28  4.482174e-28  1.204110e-27  3.689875e-27  7.476206e-27  2.266795e-26  4.402585e-26  2.020666e-25  6.571393e-26  9.193554e-26  9.721898e-26  5.848883e-26  3.615647e-26  2.203890e-26  6.423712e-27  2.860285e-27  1.303577e-27  3.493568e-28  4.296426e-28  3.017117e-28  2.832399e-28  4.257752e-28  2.494892e-28  1.462295e-28  2.207857e-28  3.548584e-28  8.102202e-28  7.550701e-27  1.254023e-26  1.896087e-27  8.206115e-27  3.235662e-27  5.754146e-27  3.815537e-27  3.696221e-27  2.359727e-27  1.352454e-27  1.163985e-27  1.285171e-27  1.477176e-27  1.898013e-27  2.871309e-27  7.322269e-27  1.555637e-26  4.422537e-26  7.556534e-26  2.564293e-26  6.289830e-26  3.507934e-26  6.325778e-26  2.895099e-26  1.303042e-26  1.023522e-26  9.644395e-27  4.550225e-27  1.770057e-27  8.938521e-28  6.517393e-28  1.141396e-27  9.274900e-28  2.820236e-28  4.552414e-28  1.116383e-27  1.797274e-27  2.733952e-27  2.265341e-27  2.572302e-27  1.795243e-27  2.315432e-27  2.935206e-27  5.715047e-27  2.297236e-26  1.361235e-25  1.223562e-25  3.222158e-26  1.016565e-25  7.032601e-26  6.233593e-26  5.905325e-26  4.493413e-26  2.673404e-26  1.658639e-26  9.161142e-27  8.228130e-27  7.318165e-27  7.950507e-27  6.742025e-27  1.142003e-26  1.825608e-26  3.199632e-26  5.379042e-26  1.907666e-25  6.986185e-25  7.792217e-25  4.577551e-25  7.896418e-25  5.609929e-25  5.603023e-25  5.561698e-25  2.734076e-25  2.681872e-25  1.642618e-25  9.812646e-26  4.589189e-26  1.898477e-26  1.247624e-26  5.820168e-27  1.770497e-27  1.978541e-27  1.449246e-27  9.270531e-28  6.242632e-28  2.621470e-28  1.690123e-28  7.193347e-29  3.683697e-29  2.258029e-29  1.841549e-29  2.960511e-29  4.305078e-29  5.864447e-29  1.638981e-28  2.062120e-28  3.392316e-28  4.597686e-28  4.318252e-28  8.114906e-28  8.631034e-28  2.409890e-27  8.421183e-27  3.158886e-26  9.396753e-26  1.074260e-25  6.980283e-26  2.974803e-26  8.565240e-26  7.341324e-26  3.917465e-26  4.990349e-26  2.929783e-26  2.580931e-26  1.479467e-26  1.553333e-26  1.609538e-26  1.855452e-26  1.713586e-26  3.386292e-26  2.532221e-26  4.470831e-26  1.112236e-25  2.747171e-25  5.386344e-25  8.528904e-25  2.832434e-25  2.204940e-25  6.430930e-25  2.582719e-25  2.255580e-25  4.993647e-25  1.836934e-25  1.603169e-25  1.065596e-25  7.567480e-26  4.347837e-26  1.651853e-26  8.916328e-27  1.442290e-26  1.176154e-26  9.896910e-27  6.664801e-27  4.527468e-27  1.321709e-27  1.666984e-27  5.883803e-28  3.464564e-28  2.943014e-28  4.965408e-28  5.682204e-28  5.401665e-28  8.484358e-28  9.851672e-28  1.401566e-27  1.461417e-27  1.864368e-27  4.154170e-27  7.932769e-27  1.465085e-26  1.695197e-26  9.899712e-27  1.965412e-26  2.611618e-26  1.079515e-26  1.782025e-26  1.942155e-26  5.088700e-26  5.757865e-26  4.847851e-25  1.458356e-24  1.343656e-24  2.058435e-24  4.167408e-25  2.384165e-25  1.160157e-24  8.476205e-25  1.000802e-24  9.507942e-25  8.867383e-25  4.423990e-25  4.084973e-25  3.579522e-25  2.141553e-25  2.146261e-25  1.185841e-25  1.678293e-25  1.412784e-25  1.107901e-25  1.338278e-25  1.794897e-25  3.759184e-25  2.547187e-25  1.277539e-24  4.093363e-24  8.161038e-24  8.100438e-24  9.802426e-24  1.168286e-24  3.263847e-24  6.603846e-24  6.895022e-24  3.188954e-24  5.736079e-24  4.091798e-24  3.689827e-24  1.596119e-24  2.614770e-24  1.613545e-24  7.213480e-25  3.783875e-25  4.351208e-25  6.130506e-25  5.041107e-25  2.801814e-25  2.282417e-25  1.336695e-25  6.927453e-26  3.178518e-26  2.316680e-26  1.068663e-26  7.088813e-27  6.478349e-27  8.333402e-27  4.058552e-27  3.257598e-27  4.198652e-27  5.218355e-27  4.700685e-27  2.570976e-27  3.254040e-27  1.329403e-27  2.729107e-27  8.897662e-28  4.035924e-27  1.291510e-27  1.480852e-27  7.911415e-28  4.250731e-28  2.284954e-28  1.102840e-28  6.188399e-29  5.395826e-29  5.882451e-29  3.629899e-29  4.615018e-29  1.054110e-28  7.640563e-29  1.712212e-28  2.673718e-28  9.016285e-28  2.602017e-28  8.213692e-28  7.748909e-28  1.287403e-27  3.506206e-27  2.519755e-27  4.223066e-28  3.628155e-27  5.576859e-27  5.751548e-27  1.545070e-26  1.844377e-26  8.782766e-26  1.463115e-25  2.395631e-25  6.942993e-25  5.505687e-25  6.198590e-25  7.779694e-25  6.599520e-26  1.767968e-25  6.133825e-25  6.133353e-25  1.599929e-25  4.870620e-25  4.305971e-25  5.857569e-25  4.910086e-25  5.276817e-25  4.668230e-25  2.584945e-25  8.197358e-26  1.857271e-25  1.757552e-25  3.677075e-25  4.443485e-25  3.324463e-25  5.469735e-25  5.401509e-25  2.530669e-24  2.938726e-24  7.987946e-24  7.759558e-24  9.238751e-24  4.837669e-24  1.312365e-23  1.497610e-24  1.219214e-24  1.613368e-23  2.865184e-24  2.841412e-24  5.601317e-24  1.708932e-24  1.086053e-23  1.916619e-24  2.827697e-24  1.854704e-24  3.064427e-24  6.413994e-25  9.582505e-25  1.768211e-25  4.143120e-25  1.915779e-25  2.729597e-25  2.486445e-25  2.191804e-25  2.530220e-25  3.028606e-25  1.275490e-25  1.859510e-25  8.224191e-26  8.974834e-26  2.835487e-26  1.041027e-25  1.247229e-25  6.452519e-26  3.042666e-25  6.497233e-26  6.415831e-26  1.081918e-25  2.939566e-26  6.582992e-26  2.986681e-26  3.549814e-26  2.316559e-26  5.319680e-27  3.663959e-27  2.998345e-27  3.673697e-27  9.042128e-28  1.040948e-27  1.048343e-27  2.968916e-28  6.619198e-28  6.683121e-28  4.138429e-28  1.143695e-27  3.272755e-28  1.311760e-27  1.273258e-27  2.044310e-27  4.021521e-27  2.663240e-27  9.361634e-27  6.008078e-27  8.027909e-27  2.857842e-26  3.156093e-26  1.754831e-26  4.025099e-26  4.313282e-26  7.125601e-26  3.710850e-26  1.810720e-25  7.761915e-27  1.715640e-25  2.603426e-26  3.125721e-25  3.455936e-25  1.870616e-25  6.942482e-25  2.574603e-24  4.487636e-24  4.491211e-24  2.869268e-23  4.447139e-24  1.170953e-23  1.404661e-23  2.297546e-23  5.540116e-25  3.105451e-24  7.475567e-24  1.075078e-23  9.715093e-24  7.613875e-24  1.526557e-23  5.328371e-24  5.277827e-24  7.911203e-24  1.233246e-23  3.032197e-24  1.912483e-23  2.275681e-24  1.160646e-23  3.527532e-24  2.886225e-24  1.336009e-24  2.134704e-24  2.463232e-24  2.352943e-24  5.392645e-24  2.149024e-24  5.686082e-25  9.145429e-24  2.746449e-24  8.013716e-24  2.660695e-23  4.704271e-23  3.995645e-23  9.317102e-23  1.941282e-22  1.752492e-22  1.934172e-22  7.030547e-23  5.650869e-23  1.429954e-23  4.522079e-23  5.155124e-23  2.012308e-22  1.076128e-22  1.301998e-23  1.066272e-22  3.513835e-23  1.311537e-22  1.077699e-23  1.637861e-22  2.641904e-24  9.041934e-23  1.217719e-23  1.679392e-23  3.377724e-23  2.590923e-23  2.801122e-23  1.296202e-23  1.102741e-23  1.388056e-23  2.754458e-23  1.452882e-23  8.282063e-24  1.686449e-23  9.906326e-24  1.042614e-23  8.207081e-24  5.574209e-24  6.486749e-25  9.538309e-24  2.511898e-24  7.244057e-24  4.319871e-24  4.305538e-24  8.405538e-24  7.089030e-24  4.418748e-24  3.270313e-24  3.709180e-24  5.284620e-24  1.183241e-24  7.508229e-25  1.021892e-24  1.092943e-25  8.518776e-25  1.598360e-25  1.714090e-25  2.410412e-25  4.669930e-26  1.948006e-25  1.445149e-25  2.834136e-26  5.441548e-26  7.245440e-26  4.205928e-26  2.040473e-26  4.794360e-26  1.020529e-25  2.747718e-26  7.588276e-26  3.411439e-26  3.008841e-25  6.336690e-26  8.609325e-26  2.069652e-26  1.083028e-25  8.950037e-26  2.556855e-25  7.208778e-26  1.956101e-25  8.632331e-26  9.159019e-26  1.101180e-25  5.163742e-26  9.452584e-27  1.410438e-25  7.371676e-26  4.631941e-27  2.734829e-25  5.729155e-27  2.243484e-26  8.727793e-26  2.511829e-26  2.619050e-25  2.563418e-26  3.295995e-26  6.117741e-27  5.686711e-26  2.094494e-26  4.078684e-27  5.849930e-27  1.072318e-26  9.111316e-27  3.079637e-27  4.532495e-27  5.962850e-27  1.578044e-27  2.701239e-27  1.955258e-27  1.716066e-27  4.406116e-27  1.444790e-27  7.792537e-28  3.267279e-28  5.204635e-28  6.081514e-28  6.493017e-28  3.414709e-28  2.108145e-28  3.232936e-28  2.656713e-28  1.095161e-27  1.060803e-27  5.585130e-28  1.082159e-27  3.839807e-28  8.109310e-28  1.636415e-27  3.102353e-27  1.834595e-27  1.911833e-27  6.054648e-27  1.529628e-26  9.702385e-28  1.046358e-26  7.961285e-27  2.055569e-27  1.777486e-26  1.233691e-26  1.121700e-26  1.133846e-26  7.545500e-26  5.395359e-26  1.539539e-26  1.425900e-25  1.884082e-26  2.446916e-25  1.222146e-25  1.553840e-27  4.304934e-25  2.982476e-25  1.197388e-25  1.581975e-26  6.816202e-25  1.378477e-25  2.970940e-24  4.827919e-25  4.118166e-26  9.391588e-25  5.141723e-25  2.100520e-25  5.031509e-26  5.302208e-24  9.647132e-26  2.963173e-24  7.656356e-25  8.098346e-26  1.866781e-24  1.117857e-24  5.856098e-24
3.752302e-29  5.315737e-29  5.989544e-29  6.747445e-29  2.886584e-28  1.313734e-27  9.095645e-28  6.923082e-28  3.076862e-28  1.267135e-28  3.541329e-29  1.798071e-29  1.662298e-29  2.214147e-29  6.791600e-29  3.499591e-28  2.564126e-28  2.192356e-28  5.475513e-28  1.833752e-28  7.639830e-29  1.948240e-29  7.309790e-30  1.193823e-29  1.054247e-29  1.517562e-29  1.842254e-29  8.105513e-30  1.999280e-29  2.188690e-29  8.750635e-29  4.103444e-28  2.639562e-27  2.674879e-27  2.014116e-27  1.201474e-27  4.747301e-28  1.704187e-28  9.086214e-29  3.165003e-29  5.154888e-29  1.131340e-28  1.060513e-28  1.273288e-28  1.223349e-28  1.914454e-28  7.217295e-28  8.757348e-28  5.389303e-28  3.748092e-28  1.538723e-28  1.568696e-28  4.757801e-28  1.672500e-28  1.330114e-28  7.431578e-29  3.540996e-29  1.111577e-29  8.872085e-30  5.407638e-30  1.160966e-29  2.187181e-29  2.028870e-29  6.694072e-29  1.035187e-28  5.413014e-28  1.321905e-27  9.237999e-27  6.351150e-27  5.204828e-27  4.519424e-27  1.998020e-27  1.156611e-27  4.445751e-28  2.141734e-28  8.850419e-29  3.502034e-29  1.768148e-29  8.623042e-30  2.311357e-29  2.202951e-28  4.724339e-28  2.115430e-28  4.616725e-28  4.420786e-28  1.709806e-27  2.168760e-27  3.207534e-27  1.562776e-27  1.290425e-27  6.719142e-28  2.483198e-28  8.036751e-29  5.617915e-29  1.094730e-28  4.379592e-28  1.159893e-27  7.298616e-28  6.395821e-28  7.782004e-28  4.090095e-28  2.076973e-28  1.045379e-28  4.247352e-29  2.007956e-29  1.815750e-29  2.796708e-29  9.613068e-29  2.908421e-28  7.540632e-28  1.496510e-27  4.091037e-27  1.037974e-26  3.418836e-26  1.585456e-26  1.677919e-26  1.574091e-26  5.712524e-27  2.683846e-27  1.404801e-27  3.050919e-28  1.342921e-28  6.674179e-28  1.983204e-27  8.812552e-28  1.110703e-27  1.674728e-27  9.125885e-28  3.264956e-28  4.241105e-28  1.941630e-28  6.656762e-29  3.851212e-29  4.903935e-29  8.382471e-29  1.766582e-28  4.400296e-28  2.190623e-27  2.977025e-27  5.110460e-27  1.119629e-26  7.067157e-27  5.217261e-27  6.335349e-27  2.873990e-27  1.759581e-27  7.144920e-28  4.331099e-28  1.639789e-28  1.612898e-28  8.072449e-29  2.155428e-28  2.803634e-28  1.638807e-27  1.410088e-27  9.260659e-27  6.210313e-27  9.331924e-27  7.450869e-27  8.028981e-27  4.238215e-27  3.830167e-27  2.593505e-27  1.419527e-27  7.406095e-28  3.977279e-28  2.766645e-28  3.725666e-28  6.125723e-28  1.671258e-27  4.394223e-27  8.330392e-27  2.417812e-26  4.581991e-26  1.917926e-25  5.840763e-26  8.446086e-26  9.384480e-26  6.166501e-26  4.279599e-26  2.878977e-26  9.891395e-27  5.047126e-27  2.248024e-27  7.405485e-28  6.137588e-28  3.680718e-28  3.307976e-28  4.499594e-28  2.664176e-28  1.638509e-28  2.278038e-28  4.168817e-28  1.131752e-27  8.491314e-27  1.092792e-26  1.693186e-27  7.777148e-27  3.143942e-27  5.667931e-27  4.305251e-27  4.012777e-27  2.479609e-27  1.459526e-27  1.140012e-27  1.422556e-27  1.820944e-27  2.329111e-27  3.665258e-27  8.052936e-27  1.771285e-26  4.771296e-26  6.658141e-26  2.482253e-26  5.758029e-26  3.346047e-26  6.064378e-26  3.093805e-26  1.550798e-26  1.172895e-26  1.132331e-26  5.927345e-27  2.672170e-27  1.506677e-27  1.043565e-27  1.268654e-27  8.648941e-28  3.000712e-28  4.633565e-28  1.206178e-27  1.864912e-27  2.628647e-27  2.214333e-27  2.655561e-27  1.899679e-27  2.469184e-27  3.300073e-27  6.997225e-27  2.972595e-26  1.379849e-25  1.087940e-25  2.849933e-26  8.858005e-26  6.804143e-26  6.139120e-26  6.086413e-26  4.881295e-26  3.255991e-26  1.952156e-26  9.891826e-27  9.560900e-27  8.897421e-27  1.037834e-26  9.272589e-27  1.465893e-26  2.049459e-26  3.558018e-26  6.350160e-26  2.317561e-25  7.072832e-25  7.173113e-25  4.533683e-25  7.102074e-25  5.067034e-25  5.420264e-25  5.631794e-25  2.936360e-25  2.949516e-25  1.981606e-25  1.336362e-25  7.065959e-26  3.091321e-26  2.195267e-26  1.115242e-26  3.599222e-27  3.013246e-27  2.151027e-27  1.172755e-27  9.098962e-28  4.416439e-28  3.168821e-28  1.622977e-28  8.078678e-29  4.302348e-29  3.763392e-29  4.996560e-29  6.422982e-29  7.484945e-29  1.953047e-28  2.828189e-28  3.849452e-28  5.347274e-28  5.017837e-28  9.938742e-28  1.098003e-27  3.477001e-27  1.216144e-26  4.090047e-26  9.742778e-26  9.574335e-26  5.561497e-26  2.479957e-26  8.393088e-26  6.654623e-26  3.817456e-26  4.872502e-26  3.302538e-26  3.167664e-26  1.853320e-26  1.940994e-26  1.919318e-26  2.125207e-26  2.033641e-26  3.666947e-26  3.008996e-26  5.126409e-26  1.348804e-25  3.306887e-25  5.603634e-25  7.384136e-25  2.566852e-25  1.956095e-25  6.317340e-25  2.357371e-25  2.003251e-25  4.752400e-25  2.005731e-25  2.024864e-25  1.367417e-25  9.685956e-26  5.807364e-26  2.362221e-26  1.104738e-26  1.657754e-26  1.368796e-26  1.113528e-26  8.251952e-27  6.178692e-27  1.954672e-27  2.857772e-27  9.058440e-28  4.625330e-28  4.505683e-28  6.571964e-28  6.230027e-28  5.621038e-28  9.299052e-28  1.068144e-27  1.527214e-27  1.696624e-27  2.590777e-27  4.950574e-27  9.240802e-27  1.470064e-26  1.710316e-26  1.142467e-26  2.057291e-26  2.781489e-26  1.232931e-26  1.803728e-26  2.104778e-26  5.409284e-26  9.762921e-26  6.398325e-25  1.529482e-24  1.265760e-24  1.725269e-24  3.341647e-25  2.383606e-25  1.053939e-24  8.352567e-25  9.251775e-25  8.764891e-25  8.911516e-25  4.928488e-25  4.688860e-25  3.624969e-25  2.749686e-25  2.627721e-25  1.494437e-25  2.043487e-25  1.668758e-25  1.400240e-25  1.583016e-25  1.976518e-25  3.867650e-25  3.473918e-25  1.894590e-24  4.857269e-24  8.675999e-24  7.476385e-24  7.497147e-24  9.960763e-25  3.180266e-24  6.137353e-24  6.629162e-24  3.242674e-24  5.382644e-24  4.176539e-24  3.920614e-24  1.788371e-24  3.216197e-24  1.811529e-24  8.075896e-25  5.142487e-25  5.428082e-25  6.420889e-25  5.959186e-25  3.405875e-25  3.150712e-25  1.824987e-25  1.109933e-25  5.846565e-26  4.494130e-26  2.208795e-26  1.172632e-26  1.171107e-26  1.090578e-26  6.174398e-27  4.467264e-27  5.928244e-27  6.224583e-27  5.065517e-27  2.432899e-27  3.363377e-27  1.572045e-27  2.737367e-27  1.126402e-27  3.956426e-27  1.523077e-27  1.694791e-27  1.012181e-27  6.252406e-28  3.526107e-28  2.017888e-28  1.047650e-28  1.126276e-28  1.140195e-28  8.386320e-29  9.672474e-29  2.240935e-28  1.466820e-28  2.799314e-28  4.978082e-28  1.208577e-27  3.950747e-28  1.312278e-27  9.901046e-28  1.913314e-27  4.085772e-27  3.290473e-27  8.657664e-28  4.716183e-27  6.992751e-27  1.167581e-26  2.308121e-26  3.324854e-26  1.426792e-25  2.024652e-25  3.025325e-25  7.202807e-25  5.139033e-25  5.393945e-25  6.398121e-25  6.802445e-26  1.685326e-25  5.873257e-25  6.428788e-25  1.782779e-25  4.268855e-25  4.442883e-25  5.738374e-25  5.053625e-25  5.403948e-25  4.699158e-25  3.114918e-25  1.260806e-25  2.232206e-25  1.858686e-25  3.718872e-25  4.598634e-25  4.338607e-25  7.728954e-25  8.410342e-25  3.421736e-24  3.714072e-24  8.661366e-24  8.013119e-24  8.562204e-24  4.523953e-24  1.029846e-23  1.274187e-24  1.368196e-24  1.612793e-23  2.914272e-24  2.628309e-24  4.698641e-24  1.626440e-24  9.719946e-24  2.295841e-24  3.179869e-24  2.298237e-24  3.886900e-24  8.870258e-25  1.437229e-24  2.995710e-25  7.408354e-25  3.066552e-25  4.327893e-25  3.043435e-25  2.566532e-25  3.089758e-25  2.746413e-25  1.277643e-25  2.007388e-25  8.248064e-26  8.693658e-26  2.904400e-26  1.038327e-25  1.105929e-25  7.109104e-26  2.745564e-25  7.759451e-26  6.839521e-26  1.218725e-25  3.704500e-26  7.802721e-26  3.845864e-26  4.538626e-26  3.436060e-26  8.354548e-27  7.215952e-27  4.729814e-27  6.454931e-27  1.586418e-27  2.239288e-27  1.420378e-27  6.538842e-28  1.375615e-27  1.156895e-27  8.664087e-28  1.833288e-27  6.816873e-28  1.595213e-27  2.464786e-27  3.503065e-27  7.996049e-27  4.972997e-27  1.449506e-26  1.066101e-26  1.203769e-26  4.211429e-26  4.404756e-26  3.094642e-26  4.685753e-26  6.015117e-26  9.268504e-26  4.929316e-26  2.173460e-25  9.875148e-27  1.887339e-25  4.834752e-26  3.066897e-25  4.834099e-25  4.343465e-25  1.243406e-24  3.736435e-24  6.135874e-24  5.483722e-24  2.802360e-23  4.964993e-24  1.090728e-23  1.228184e-23  1.802987e-23  7.262948e-25  2.519386e-24  6.079047e-24  1.077266e-23  9.304266e-24  8.260512e-24  1.281501e-23  5.881560e-24  5.587464e-24  7.854824e-24  1.210731e-23  3.483027e-24  1.853463e-23  2.546331e-24  1.168181e-23  3.516409e-24  4.038974e-24  1.643773e-24  2.863180e-24  2.603890e-24  2.800872e-24  4.968674e-24  2.394515e-24  8.418520e-25  8.977385e-24  4.987628e-24  1.258845e-23  3.555682e-23  6.096148e-23  4.982115e-23  1.026794e-22  1.913318e-22  1.634607e-22  1.681837e-22  7.045072e-23  4.633411e-23  1.371832e-23  3.947793e-23  4.429806e-23  1.742819e-22  1.027286e-22  1.761944e-23  1.082704e-22  3.221633e-23  1.181107e-22  1.037542e-23  1.597863e-22  3.672496e-24  9.785149e-23  1.539237e-23  2.054034e-23  4.153619e-23  3.197979e-23  3.830137e-23  1.688052e-23  1.672361e-23  1.528345e-23  2.624605e-23  1.654392e-23  9.594620e-24  1.644421e-23  1.201097e-23  1.031534e-23  8.698980e-24  5.302170e-24  1.015399e-24  7.724463e-24  2.296860e-24  6.200938e-24  4.391825e-24  5.078382e-24  8.485451e-24  7.831730e-24  5.200063e-24  3.694542e-24  4.791561e-24  6.786625e-24  1.395170e-24  1.119432e-24  1.819834e-24  1.709901e-25  1.423221e-24  2.333519e-25  2.965910e-25  4.699312e-25  1.018089e-25  2.968577e-25  1.925079e-25  5.473057e-26  1.111194e-25  9.810566e-26  6.532790e-26  3.533684e-26  6.368541e-26  1.095113e-25  4.145511e-26  1.027928e-25  4.395267e-26  3.170018e-25  7.637091e-26  9.907029e-26  3.272144e-26  1.124683e-25  8.304083e-26  2.279417e-25  8.582726e-26  1.967120e-25  7.457098e-26  8.923094e-26  9.402819e-26  4.813929e-26  1.424590e-26  1.174721e-25  7.707549e-26  6.191106e-27  2.474341e-25  7.233501e-27  2.824236e-26  8.318825e-26  3.050766e-26  2.480377e-25  2.829181e-26  4.061795e-26  1.048397e-26  6.777704e-26  3.308351e-26  5.700749e-27  1.122462e-26  1.235563e-26  1.483992e-26  4.979194e-27  4.840431e-27  9.571515e-27  2.293962e-27  3.170345e-27  3.306503e-27  2.444122e-27  6.096352e-27  2.696740e-27  1.594416e-27  8.132515e-28  1.105617e-27  1.249674e-27  1.593411e-27  6.657094e-28  6.009757e-28  6.200320e-28  5.390238e-28  2.774282e-27  1.497803e-27  1.556461e-27  1.603297e-27  1.139024e-27  1.548651e-27  3.949425e-27  5.336996e-27  2.735676e-27  3.355814e-27  1.092538e-26  2.380634e-26  1.644326e-27  2.159541e-26  1.115447e-26  6.254615e-27  3.889052e-26  3.213621e-26  2.852733e-26  1.744492e-26  1.259023e-25  9.869780e-26  2.918636e-26  2.762212e-25  3.625356e-26  3.884991e-25  2.034069e-25  2.908843e-27  6.472171e-25  4.566188e-25  1.485026e-25  2.168618e-26  9.311210e-25  2.188232e-25  3.155828e-24  6.189121e-25  7.639163e-26  1.139650e-24  6.756419e-25  3.109325e-25  8.802506e-26  4.986466e-24  1.935218e-25  2.785369e-24  1.077605e-24  1.283733e-25  2.355203e-24  1.291827e-24  5.361844e-24
3.594212e-29  4.877946e-29  6.131965e-29  8.784541e-29  2.965419e-28  1.148308e-27  7.699263e-28  7.240977e-28  3.940616e-28  1.931701e-28  7.191459e-29  3.208771e-29  2.027084e-29  2.718535e-29  6.660442e-29  3.124114e-28  2.329812e-28  2.108740e-28  5.393613e-28  1.959125e-28  9.974432e-29  3.355805e-29  1.334188e-29  1.400378e-29  1.027909e-29  1.501073e-29  1.860709e-29  8.226556e-30  2.380163e-29  3.881583e-29  1.185093e-28  4.692652e-28  2.346317e-27  2.314347e-27  1.788692e-27  1.396909e-27  7.169159e-28  3.216067e-28  1.556727e-28  6.027151e-29  6.386225e-29  1.085512e-28  9.268080e-29  1.280232e-28  1.341095e-28  2.272369e-28  6.633761e-28  7.527738e-28  4.975716e-28  4.145219e-28  2.315872e-28  2.034803e-28  4.426433e-28  1.676814e-28  1.270147e-28  8.804517e-29  5.611560e-29  2.177512e-29  1.579610e-29  8.756281e-30  1.501168e-29  2.556990e-29  2.360835e-29  9.699993e-29  1.519058e-28  7.237408e-28  1.451487e-27  8.417587e-27  5.121877e-27  4.518419e-27  4.785676e-27  2.791028e-27  1.652269e-27  7.229182e-28  3.391822e-28  1.439565e-28  6.275538e-29  3.047643e-29  1.349938e-29  3.077304e-29  2.265350e-28  3.952316e-28  2.312434e-28  4.439830e-28  4.949402e-28  1.850073e-27  1.976319e-27  2.849775e-27  1.323083e-27  1.263658e-27  8.168476e-28  4.195426e-28  1.867667e-28  1.230739e-28  1.425782e-28  4.496566e-28  1.008354e-27  6.102941e-28  5.341497e-28  7.303920e-28  4.770980e-28  2.990279e-28  1.759041e-28  9.414685e-29  5.110997e-29  3.760617e-29  5.341400e-29  1.405926e-28  3.465378e-28  1.137535e-27  1.798628e-27  4.605927e-27  1.001121e-26  3.054112e-26  1.237115e-26  1.455488e-26  1.616761e-26  7.991541e-27  4.895413e-27  3.407299e-27  1.042091e-27  5.121606e-28  9.407654e-28  1.851172e-27  9.194030e-28  1.117494e-27  1.498073e-27  9.757577e-28  3.762507e-28  4.721015e-28  2.791836e-28  1.226589e-28  7.515931e-29  7.865800e-29  1.439944e-28  2.206584e-28  6.029688e-28  2.576495e-27  2.546634e-27  4.969737e-27  9.739559e-27  6.093928e-27  4.604895e-27  6.358327e-27  3.405499e-27  2.670439e-27  1.287985e-27  7.995335e-28  3.441834e-28  2.774410e-28  1.526874e-28  3.351576e-28  3.757770e-28  1.319575e-27  1.637271e-27  9.632570e-27  5.724075e-27  8.359623e-27  6.046445e-27  7.342558e-27  4.663271e-27  4.125047e-27  3.366010e-27  2.331691e-27  1.353831e-27  7.590698e-28  5.806796e-28  5.786593e-28  1.226998e-27  2.795613e-27  5.654496e-27  9.577499e-27  2.766948e-26  4.782030e-26  1.728211e-25  4.685458e-26  6.883191e-26  8.336085e-26  6.275736e-26  5.210023e-26  4.138960e-26  1.861610e-26  1.190361e-26  6.311773e-27  2.809469e-27  1.780444e-27  8.953825e-28  6.230812e-28  6.150331e-28  3.873094e-28  2.550263e-28  2.722217e-28  6.070286e-28  1.988058e-27  9.767397e-27  8.155073e-27  1.459774e-27  6.917159e-27  3.223964e-27  5.158600e-27  4.937939e-27  4.564073e-27  2.894505e-27  1.940586e-27  1.325294e-27  1.807123e-27  2.504839e-27  3.144288e-27  5.568047e-27  9.376858e-27  2.127861e-26  5.111575e-26  5.114377e-26  2.363818e-26  4.829735e-26  2.912663e-26  5.409374e-26  3.379895e-26  1.992127e-26  1.479930e-26  1.495840e-26  9.200120e-27  5.177119e-27  3.473375e-27  2.427561e-27  1.939186e-27  1.055922e-27  5.192754e-28  5.716450e-28  1.331728e-27  1.949820e-27  2.490141e-27  2.258305e-27  2.842004e-27  2.247464e-27  2.699225e-27  4.395682e-27  9.825311e-27  4.524462e-26  1.338535e-25  8.488680e-26  2.327817e-26  6.773339e-26  6.206319e-26  5.876929e-26  5.993493e-26  5.275825e-26  4.331624e-26  2.701484e-26  1.251134e-26  1.465709e-26  1.450074e-26  1.687608e-26  1.622761e-26  2.133636e-26  2.436893e-26  4.544366e-26  8.713569e-26  3.136951e-25  6.764105e-25  6.156640e-25  4.405386e-25  5.680112e-25  3.970960e-25  4.751896e-25  5.552254e-25  3.187735e-25  3.272984e-25  2.591012e-25  2.024692e-25  1.325785e-25  6.517142e-26  5.413091e-26  3.494886e-26  1.341933e-26  1.022994e-26  6.742007e-27  3.055010e-27  2.690491e-27  1.536565e-27  1.192922e-27  7.108763e-28  4.286508e-28  2.360529e-28  1.757898e-28  2.128950e-28  1.554558e-28  1.730972e-28  3.238113e-28  4.687015e-28  5.050193e-28  7.131764e-28  7.451996e-28  1.500750e-27  2.032173e-27  7.062810e-27  2.133556e-26  5.924754e-26  9.529435e-26  7.270492e-26  3.608360e-26  1.799143e-26  7.554526e-26  5.960491e-26  3.547207e-26  4.380813e-26  3.712625e-26  4.077336e-26  2.621488e-26  2.897017e-26  2.789604e-26  2.844244e-26  2.835223e-26  4.234441e-26  4.275541e-26  7.245146e-26  1.910760e-25  4.262115e-25  5.407468e-25  5.438066e-25  2.017057e-25  1.575745e-25  5.988292e-25  1.939268e-25  1.640366e-25  4.093307e-25  2.149633e-25  2.652529e-25  1.885890e-25  1.415645e-25  1.038604e-25  5.049063e-26  2.199373e-26  3.064593e-26  2.168113e-26  1.536827e-26  1.399127e-26  1.026942e-26  4.164337e-27  6.682805e-27  2.354802e-27  1.192228e-27  1.158721e-27  1.563201e-27  1.028624e-27  7.650787e-28  1.373623e-27  1.476258e-27  2.116254e-27  2.647139e-27  4.453560e-27  6.881290e-27  1.243051e-26  1.505080e-26  1.741960e-26  1.525646e-26  2.267059e-26  3.026750e-26  1.467158e-26  1.891824e-26  2.812419e-26  7.604572e-26  2.402165e-25  9.426691e-25  1.529436e-24  1.072316e-24  1.200718e-24  2.288087e-25  2.246855e-25  8.250361e-25  7.762870e-25  8.212781e-25  7.488243e-25  8.591750e-25  5.366518e-25  5.664303e-25  3.683025e-25  3.948854e-25  3.644150e-25  2.335241e-25  3.006852e-25  2.382870e-25  2.117599e-25  2.378126e-25  2.445017e-25  4.486475e-25  6.210018e-25  3.518847e-24  5.928419e-24  8.605192e-24  6.078411e-24  4.586862e-24  8.409529e-25  2.800773e-24  5.056482e-24  5.878164e-24  3.558200e-24  4.508868e-24  3.942990e-24  4.015450e-24  2.217394e-24  4.096934e-24  2.238613e-24  1.136202e-24  9.325057e-25  9.755937e-25  7.556838e-25  8.570079e-25  4.876157e-25  5.477085e-25  3.245250e-25  2.333521e-25  1.585644e-25  1.240595e-25  8.039721e-26  3.697988e-26  4.334034e-26  2.520984e-26  1.956249e-26  1.310232e-26  1.496053e-26  1.105839e-26  8.014890e-27  3.925125e-27  5.292485e-27  3.077816e-27  3.897317e-27  2.092637e-27  4.257179e-27  2.357833e-27  2.268610e-27  1.635119e-27  1.399766e-27  7.632525e-28  6.776764e-28  3.307252e-28  4.481375e-28  4.029563e-28  3.633954e-28  3.388034e-28  7.204158e-28  4.605761e-28  7.228974e-28  1.272608e-27  1.815242e-27  7.560234e-28  2.773742e-27  1.556559e-27  3.362737e-27  5.305703e-27  6.275544e-27  3.148695e-27  1.149918e-26  1.629294e-26  3.833839e-26  5.408606e-26  8.346562e-26  2.827160e-25  3.090767e-25  3.888168e-25  6.971780e-25  4.260043e-25  4.006927e-25  4.433888e-25  6.918801e-26  1.524319e-25  5.092480e-25  6.539711e-25  2.328615e-25  3.648912e-25  4.524108e-25  5.240714e-25  5.108532e-25  5.581318e-25  4.637145e-25  3.896442e-25  2.311937e-25  2.971463e-25  2.433518e-25  4.315308e-25  6.212460e-25  8.334716e-25  1.430239e-24  1.747038e-24  5.157518e-24  5.049574e-24  8.954279e-24  7.650072e-24  7.024466e-24  3.713650e-24  6.397983e-24  9.829176e-25  1.491974e-24  1.564986e-23  3.028189e-24  2.147160e-24  3.308987e-24  1.449753e-24  7.298882e-24  2.713803e-24  3.504054e-24  2.944672e-24  5.056284e-24  1.408885e-24  2.491891e-24  6.672228e-25  1.722542e-24  6.553106e-25  9.518473e-25  5.072135e-25  4.516999e-25  4.840744e-25  3.228470e-25  1.543766e-25  2.628009e-25  9.904791e-26  1.044393e-25  4.681118e-26  1.140169e-25  9.361741e-26  8.574374e-26  2.127234e-25  1.004075e-25  7.346475e-26  1.452306e-25  5.344895e-26  9.779292e-26  5.898894e-26  6.402934e-26  6.110674e-26  1.934076e-26  2.211337e-26  1.150931e-26  1.606157e-26  6.044628e-27  8.372910e-27  4.171290e-27  2.798715e-27  5.782085e-27  3.539281e-27  3.687986e-27  5.008502e-27  3.388776e-27  4.092941e-27  9.243236e-27  1.217516e-26  2.280529e-26  1.610509e-26  3.100865e-26  3.116577e-26  2.620217e-26  7.272504e-26  7.795472e-26  6.928412e-26  5.571639e-26  9.362697e-26  1.333866e-25  7.329921e-26  2.624118e-25  1.881048e-26  2.174875e-25  1.739740e-25  3.658100e-25  1.080662e-24  1.576901e-24  2.985427e-24  6.145610e-24  9.341463e-24  6.965692e-24  2.450494e-23  5.346978e-24  9.372800e-24  8.879927e-24  1.134186e-23  1.034199e-24  1.799988e-24  4.088980e-24  9.717829e-24  7.888209e-24  8.838625e-24  9.208822e-24  7.166024e-24  5.690848e-24  8.100249e-24  1.066258e-23  4.288218e-24  1.631583e-23  3.488593e-24  1.158435e-23  3.944614e-24  6.089490e-24  2.188158e-24  4.566431e-24  2.809535e-24  4.109207e-24  4.517119e-24  3.189152e-24  2.187217e-24  1.068254e-23  1.373854e-23  2.875891e-23  5.389109e-23  8.509587e-23  6.636073e-23  1.078140e-22  1.684585e-22  1.355251e-22  1.220206e-22  6.459674e-23  3.203855e-23  1.213989e-23  3.022026e-23  3.314677e-23  1.242752e-22  9.239535e-23  2.636660e-23  1.083989e-22  2.943269e-23  9.818388e-23  1.086577e-23  1.394725e-22  6.616789e-24  9.917330e-23  2.083181e-23  2.541631e-23  5.334199e-23  4.166607e-23  5.694908e-23  2.413967e-23  3.134436e-23  1.854314e-23  2.640075e-23  2.521386e-23  1.352758e-23  2.137353e-23  1.548469e-23  1.085063e-23  1.115114e-23  5.439194e-24  2.638591e-24  6.478420e-24  2.090785e-24  4.827035e-24  5.000061e-24  6.324307e-24  8.061710e-24  8.826130e-24  6.297755e-24  4.093505e-24  6.794617e-24  9.074738e-24  1.797689e-24  2.158771e-24  4.025989e-24  4.504793e-25  3.187611e-24  5.828357e-25  8.090953e-25  1.283532e-24  4.208370e-25  6.948803e-25  3.188699e-25  2.064195e-25  3.877346e-25  1.879003e-25  1.450148e-25  1.283616e-25  1.279985e-25  1.327621e-25  1.040758e-25  1.788060e-25  7.677840e-26  3.613162e-25  1.094140e-25  1.271690e-25  7.429672e-26  1.129013e-25  7.126094e-26  1.993102e-25  1.080662e-25  1.839607e-25  6.983366e-26  8.659009e-26  7.741496e-26  4.485297e-26  2.747834e-26  8.398106e-26  8.570171e-26  1.175712e-26  1.915763e-25  9.860832e-27  4.337356e-26  7.214825e-26  3.784668e-26  2.245880e-25  3.142747e-26  5.232663e-26  2.238515e-26  8.339741e-26  6.299076e-26  1.266662e-26  2.953490e-26  2.031712e-26  2.919040e-26  1.071296e-26  6.548745e-27  2.111213e-26  4.364030e-27  4.790990e-27  8.818921e-27  4.378287e-27  1.135585e-26  7.257355e-27  4.642212e-27  4.261544e-27  4.393774e-27  4.903972e-27  6.423616e-27  3.040143e-27  4.008079e-27  2.834052e-27  3.961256e-27  1.172117e-26  5.469007e-27  9.097093e-27  4.003141e-27  8.886754e-27  4.452045e-27  2.170617e-26  1.468817e-26  1.396182e-26  1.445208e-26  2.967727e-26  6.176989e-26  7.139614e-27  9.239633e-26  2.281318e-26  3.732071e-26  1.326064e-25  1.462113e-25  1.113096e-25  4.117126e-26  2.852466e-25  2.487732e-25  7.563461e-26  6.750340e-25  1.066802e-25  7.052352e-25  4.190357e-25  1.422775e-26  1.083305e-24  8.260770e-25  1.997747e-25  6.347948e-26  1.381901e-24  4.115445e-25  3.073821e-24  8.387503e-25  1.903339e-25  1.385221e-24  9.827340e-25  5.241426e-25  2.229674e-25  4.408799e-24  5.284191e-25  2.744113e-24  1.867901e-24  3.249834e-25  3.292412e-24  1.777826e-24  4.676598e-24
