# OCRT layered gas absorption cross section, 1 nm wavelength bins
# Gas: O3
# Spectral range: 330-1100 nm, 1 nm; 40 AFGL US76 levels
# n_layers = 40
# 330-349 nm: Serdyuchenko-Gorshelev 213-1100 nm, 11 temperatures; negative raw noise clipped before 1 nm boxcar, linear T interpolation/clamp.
# 350-1100 nm: existing Serdyuchenko continuum-merged canonical LUT preserved exactly.
# Units: cm^2/molecule
# Layer order: ascending z_km (layer 0 = ground, layer 39 = TOA)
# layer  0: z=  0.000 km T= 288.150 K P=1.0132500e+03 mbar
# layer  1: z=  0.500 km T= 284.900 K P=9.5429000e+02 mbar
# layer  2: z=  1.000 km T= 281.650 K P=8.9876000e+02 mbar
# layer  3: z=  1.500 km T= 278.400 K P=8.4529500e+02 mbar
# layer  4: z=  2.000 km T= 275.150 K P=7.9501000e+02 mbar
# layer  5: z=  2.500 km T= 271.900 K P=7.4663800e+02 mbar
# layer  6: z=  3.000 km T= 268.650 K P=7.0121000e+02 mbar
# layer  7: z=  3.500 km T= 265.400 K P=6.5754600e+02 mbar
# layer  8: z=  4.000 km T= 262.150 K P=6.1660000e+02 mbar
# layer  9: z=  4.500 km T= 258.900 K P=5.7728700e+02 mbar
# layer 10: z=  5.000 km T= 255.650 K P=5.4048000e+02 mbar
# layer 11: z=  5.500 km T= 252.400 K P=5.0517200e+02 mbar
# layer 12: z=  6.000 km T= 249.150 K P=4.7217000e+02 mbar
# layer 13: z=  6.500 km T= 245.900 K P=4.4055100e+02 mbar
# layer 14: z=  7.000 km T= 242.650 K P=4.1105000e+02 mbar
# layer 15: z=  7.500 km T= 239.400 K P=3.8281000e+02 mbar
# layer 16: z=  8.000 km T= 236.150 K P=3.5651000e+02 mbar
# layer 17: z=  9.000 km T= 229.650 K P=3.0800000e+02 mbar
# layer 18: z= 10.000 km T= 223.150 K P=2.6499000e+02 mbar
# layer 19: z= 11.000 km T= 216.650 K P=2.2700000e+02 mbar
# layer 20: z= 12.000 km T= 216.650 K P=1.9399000e+02 mbar
# layer 21: z= 13.000 km T= 216.650 K P=1.6579000e+02 mbar
# layer 22: z= 14.000 km T= 216.650 K P=1.4170000e+02 mbar
# layer 23: z= 15.000 km T= 216.650 K P=1.2111000e+02 mbar
# layer 24: z= 16.000 km T= 216.650 K P=1.0352000e+02 mbar
# layer 25: z= 18.000 km T= 216.650 K P=7.5652000e+01 mbar
# layer 26: z= 20.000 km T= 216.650 K P=5.5293000e+01 mbar
# layer 27: z= 22.000 km T= 218.550 K P=4.0475000e+01 mbar
# layer 28: z= 24.000 km T= 220.550 K P=2.9717000e+01 mbar
# layer 29: z= 26.000 km T= 222.770 K P=2.1898300e+01 mbar
# layer 30: z= 28.000 km T= 226.300 K P=1.6171700e+01 mbar
# layer 31: z= 30.000 km T= 232.500 K P=1.1970000e+01 mbar
# layer 32: z= 33.000 km T= 241.410 K P=7.4951300e+00 mbar
# layer 33: z= 37.000 km T= 252.690 K P=4.3717600e+00 mbar
# layer 34: z= 42.000 km T= 268.960 K P=2.2014100e+00 mbar
# layer 35: z= 50.000 km T= 247.050 K P=7.9780000e-01 mbar
# layer 36: z= 60.000 km T= 219.700 K P=2.1960000e-01 mbar
# layer 37: z= 75.000 km T= 196.000 K P=2.4000000e-02 mbar
# layer 38: z= 90.000 km T= 232.100 K P=1.8400000e-03 mbar
# layer 39: z=100.000 km T= 322.650 K P=3.2000000e-04 mbar
330.0000  331.0000  332.0000  333.0000  334.0000  335.0000  336.0000  337.0000  338.0000  339.0000  340.0000  341.0000  342.0000  343.0000  344.0000  345.0000  346.0000  347.0000  348.0000  349.0000  350.0000  351.0000  352.0000  353.0000  354.0000  355.0000  356.0000  357.0000  358.0000  359.0000  360.0000  361.0000  362.0000  363.0000  364.0000  365.0000  366.0000  367.0000  368.0000  369.0000  370.0000  371.0000  372.0000  373.0000  374.0000  375.0000  376.0000  377.0000  378.0000  379.0000  380.0000  381.0000  382.0000  383.0000  384.0000  385.0000  386.0000  387.0000  388.0000  389.0000  390.0000  391.0000  392.0000  393.0000  394.0000  395.0000  396.0000  397.0000  398.0000  399.0000  400.0000  401.0000  402.0000  403.0000  404.0000  405.0000  406.0000  407.0000  408.0000  409.0000  410.0000  411.0000  412.0000  413.0000  414.0000  415.0000  416.0000  417.0000  418.0000  419.0000  420.0000  421.0000  422.0000  423.0000  424.0000  425.0000  426.0000  427.0000  428.0000  429.0000  430.0000  431.0000  432.0000  433.0000  434.0000  435.0000  436.0000  437.0000  438.0000  439.0000  440.0000  441.0000  442.0000  443.0000  444.0000  445.0000  446.0000  447.0000  448.0000  449.0000  450.0000  451.0000  452.0000  453.0000  454.0000  455.0000  456.0000  457.0000  458.0000  459.0000  460.0000  461.0000  462.0000  463.0000  464.0000  465.0000  466.0000  467.0000  468.0000  469.0000  470.0000  471.0000  472.0000  473.0000  474.0000  475.0000  476.0000  477.0000  478.0000  479.0000  480.0000  481.0000  482.0000  483.0000  484.0000  485.0000  486.0000  487.0000  488.0000  489.0000  490.0000  491.0000  492.0000  493.0000  494.0000  495.0000  496.0000  497.0000  498.0000  499.0000  500.0000  501.0000  502.0000  503.0000  504.0000  505.0000  506.0000  507.0000  508.0000  509.0000  510.0000  511.0000  512.0000  513.0000  514.0000  515.0000  516.0000  517.0000  518.0000  519.0000  520.0000  521.0000  522.0000  523.0000  524.0000  525.0000  526.0000  527.0000  528.0000  529.0000  530.0000  531.0000  532.0000  533.0000  534.0000  535.0000  536.0000  537.0000  538.0000  539.0000  540.0000  541.0000  542.0000  543.0000  544.0000  545.0000  546.0000  547.0000  548.0000  549.0000  550.0000  551.0000  552.0000  553.0000  554.0000  555.0000  556.0000  557.0000  558.0000  559.0000  560.0000  561.0000  562.0000  563.0000  564.0000  565.0000  566.0000  567.0000  568.0000  569.0000  570.0000  571.0000  572.0000  573.0000  574.0000  575.0000  576.0000  577.0000  578.0000  579.0000  580.0000  581.0000  582.0000  583.0000  584.0000  585.0000  586.0000  587.0000  588.0000  589.0000  590.0000  591.0000  592.0000  593.0000  594.0000  595.0000  596.0000  597.0000  598.0000  599.0000  600.0000  601.0000  602.0000  603.0000  604.0000  605.0000  606.0000  607.0000  608.0000  609.0000  610.0000  611.0000  612.0000  613.0000  614.0000  615.0000  616.0000  617.0000  618.0000  619.0000  620.0000  621.0000  622.0000  623.0000  624.0000  625.0000  626.0000  627.0000  628.0000  629.0000  630.0000  631.0000  632.0000  633.0000  634.0000  635.0000  636.0000  637.0000  638.0000  639.0000  640.0000  641.0000  642.0000  643.0000  644.0000  645.0000  646.0000  647.0000  648.0000  649.0000  650.0000  651.0000  652.0000  653.0000  654.0000  655.0000  656.0000  657.0000  658.0000  659.0000  660.0000  661.0000  662.0000  663.0000  664.0000  665.0000  666.0000  667.0000  668.0000  669.0000  670.0000  671.0000  672.0000  673.0000  674.0000  675.0000  676.0000  677.0000  678.0000  679.0000  680.0000  681.0000  682.0000  683.0000  684.0000  685.0000  686.0000  687.0000  688.0000  689.0000  690.0000  691.0000  692.0000  693.0000  694.0000  695.0000  696.0000  697.0000  698.0000  699.0000  700.0000  701.0000  702.0000  703.0000  704.0000  705.0000  706.0000  707.0000  708.0000  709.0000  710.0000  711.0000  712.0000  713.0000  714.0000  715.0000  716.0000  717.0000  718.0000  719.0000  720.0000  721.0000  722.0000  723.0000  724.0000  725.0000  726.0000  727.0000  728.0000  729.0000  730.0000  731.0000  732.0000  733.0000  734.0000  735.0000  736.0000  737.0000  738.0000  739.0000  740.0000  741.0000  742.0000  743.0000  744.0000  745.0000  746.0000  747.0000  748.0000  749.0000  750.0000  751.0000  752.0000  753.0000  754.0000  755.0000  756.0000  757.0000  758.0000  759.0000  760.0000  761.0000  762.0000  763.0000  764.0000  765.0000  766.0000  767.0000  768.0000  769.0000  770.0000  771.0000  772.0000  773.0000  774.0000  775.0000  776.0000  777.0000  778.0000  779.0000  780.0000  781.0000  782.0000  783.0000  784.0000  785.0000  786.0000  787.0000  788.0000  789.0000  790.0000  791.0000  792.0000  793.0000  794.0000  795.0000  796.0000  797.0000  798.0000  799.0000  800.0000  801.0000  802.0000  803.0000  804.0000  805.0000  806.0000  807.0000  808.0000  809.0000  810.0000  811.0000  812.0000  813.0000  814.0000  815.0000  816.0000  817.0000  818.0000  819.0000  820.0000  821.0000  822.0000  823.0000  824.0000  825.0000  826.0000  827.0000  828.0000  829.0000  830.0000  831.0000  832.0000  833.0000  834.0000  835.0000  836.0000  837.0000  838.0000  839.0000  840.0000  841.0000  842.0000  843.0000  844.0000  845.0000  846.0000  847.0000  848.0000  849.0000  850.0000  851.0000  852.0000  853.0000  854.0000  855.0000  856.0000  857.0000  858.0000  859.0000  860.0000  861.0000  862.0000  863.0000  864.0000  865.0000  866.0000  867.0000  868.0000  869.0000  870.0000  871.0000  872.0000  873.0000  874.0000  875.0000  876.0000  877.0000  878.0000  879.0000  880.0000  881.0000  882.0000  883.0000  884.0000  885.0000  886.0000  887.0000  888.0000  889.0000  890.0000  891.0000  892.0000  893.0000  894.0000  895.0000  896.0000  897.0000  898.0000  899.0000  900.0000  901.0000  902.0000  903.0000  904.0000  905.0000  906.0000  907.0000  908.0000  909.0000  910.0000  911.0000  912.0000  913.0000  914.0000  915.0000  916.0000  917.0000  918.0000  919.0000  920.0000  921.0000  922.0000  923.0000  924.0000  925.0000  926.0000  927.0000  928.0000  929.0000  930.0000  931.0000  932.0000  933.0000  934.0000  935.0000  936.0000  937.0000  938.0000  939.0000  940.0000  941.0000  942.0000  943.0000  944.0000  945.0000  946.0000  947.0000  948.0000  949.0000  950.0000  951.0000  952.0000  953.0000  954.0000  955.0000  956.0000  957.0000  958.0000  959.0000  960.0000  961.0000  962.0000  963.0000  964.0000  965.0000  966.0000  967.0000  968.0000  969.0000  970.0000  971.0000  972.0000  973.0000  974.0000  975.0000  976.0000  977.0000  978.0000  979.0000  980.0000  981.0000  982.0000  983.0000  984.0000  985.0000  986.0000  987.0000  988.0000  989.0000  990.0000  991.0000  992.0000  993.0000  994.0000  995.0000  996.0000  997.0000  998.0000  999.0000  1000.0000  1001.0000  1002.0000  1003.0000  1004.0000  1005.0000  1006.0000  1007.0000  1008.0000  1009.0000  1010.0000  1011.0000  1012.0000  1013.0000  1014.0000  1015.0000  1016.0000  1017.0000  1018.0000  1019.0000  1020.0000  1021.0000  1022.0000  1023.0000  1024.0000  1025.0000  1026.0000  1027.0000  1028.0000  1029.0000  1030.0000  1031.0000  1032.0000  1033.0000  1034.0000  1035.0000  1036.0000  1037.0000  1038.0000  1039.0000  1040.0000  1041.0000  1042.0000  1043.0000  1044.0000  1045.0000  1046.0000  1047.0000  1048.0000  1049.0000  1050.0000  1051.0000  1052.0000  1053.0000  1054.0000  1055.0000  1056.0000  1057.0000  1058.0000  1059.0000  1060.0000  1061.0000  1062.0000  1063.0000  1064.0000  1065.0000  1066.0000  1067.0000  1068.0000  1069.0000  1070.0000  1071.0000  1072.0000  1073.0000  1074.0000  1075.0000  1076.0000  1077.0000  1078.0000  1079.0000  1080.0000  1081.0000  1082.0000  1083.0000  1084.0000  1085.0000  1086.0000  1087.0000  1088.0000  1089.0000  1090.0000  1091.0000  1092.0000  1093.0000  1094.0000  1095.0000  1096.0000  1097.0000  1098.0000  1099.0000  1100.0000
5.175269e-21  7.157805e-21  4.477638e-21  3.173999e-21  4.804935e-21  2.521805e-21  1.871806e-21  2.956739e-21  2.271706e-21  1.269012e-21  1.726174e-21  1.186204e-21  6.858196e-22  7.915061e-22  1.103646e-21  7.128992e-22  5.722603e-22  4.498305e-22  3.300673e-22  2.439818e-22  2.889993e-22  2.511458e-22  3.093153e-22  2.237332e-22  1.294703e-22  1.033729e-22  8.651801e-23  1.157745e-22  9.561247e-23  7.008306e-23  7.970998e-23  5.817623e-23  3.741522e-23  2.946779e-23  2.404763e-23  3.877138e-23  3.590397e-23  2.127764e-23  1.508771e-23  1.648106e-23  1.415017e-23  1.297425e-23  8.820580e-24  7.824313e-24  1.149404e-23  1.027324e-23  6.871736e-24  5.747144e-24  5.526422e-24  6.615030e-24  6.469132e-24  5.782534e-24  5.109527e-24  6.220021e-24  5.957239e-24  5.453001e-24  4.838548e-24  5.187857e-24  5.724962e-24  6.820251e-24  6.897713e-24  6.953728e-24  6.612702e-24  7.417657e-24  8.633533e-24  1.055584e-23  1.118899e-23  1.079997e-23  1.016553e-23  1.019734e-23  1.101094e-23  1.222061e-23  1.400601e-23  1.471495e-23  1.484283e-23  1.460851e-23  1.551997e-23  1.829841e-23  2.233539e-23  2.562818e-23  2.726170e-23  2.755694e-23  2.606855e-23  2.459884e-23  2.485424e-23  2.720167e-23  3.134703e-23  3.521280e-23  3.704263e-23  3.684111e-23  3.648503e-23  3.798453e-23  4.375421e-23  5.209859e-23  6.122640e-23  6.881394e-23  7.166183e-23  7.023661e-23  6.621411e-23  6.268295e-23  6.275439e-23  6.852776e-23  7.769835e-23  8.514834e-23  8.760398e-23  8.648716e-23  8.542629e-23  8.879285e-23  9.919835e-23  1.162369e-22  1.355429e-22  1.541530e-22  1.712742e-22  1.802683e-22  1.778003e-22  1.674175e-22  1.573016e-22  1.532422e-22  1.579971e-22  1.721582e-22  1.873919e-22  1.955481e-22  1.974821e-22  1.949318e-22  1.965273e-22  2.054617e-22  2.265510e-22  2.575440e-22  2.947778e-22  3.339250e-22  3.733636e-22  4.017835e-22  4.133248e-22  4.052501e-22  3.836706e-22  3.602392e-22  3.472625e-22  3.504264e-22  3.713171e-22  3.984019e-22  4.182499e-22  4.241816e-22  4.245691e-22  4.252785e-22  4.341090e-22  4.580671e-22  4.971679e-22  5.500256e-22  6.124620e-22  6.799169e-22  7.466330e-22  8.042057e-22  8.419635e-22  8.506671e-22  8.349099e-22  8.058612e-22  7.755179e-22  7.541179e-22  7.519028e-22  7.706920e-22  8.006400e-22  8.298356e-22  8.500017e-22  8.595361e-22  8.664521e-22  8.776128e-22  9.024033e-22  9.460968e-22  1.008788e-21  1.085807e-21  1.175280e-21  1.271062e-21  1.368809e-21  1.462507e-21  1.539383e-21  1.592203e-21  1.615478e-21  1.612015e-21  1.588511e-21  1.557150e-21  1.531703e-21  1.520123e-21  1.526817e-21  1.550433e-21  1.585423e-21  1.622895e-21  1.657685e-21  1.688386e-21  1.716874e-21  1.746518e-21  1.782110e-21  1.827025e-21  1.885235e-21  1.955632e-21  2.037779e-21  2.128259e-21  2.224104e-21  2.323323e-21  2.422195e-21  2.517538e-21  2.605179e-21  2.680312e-21  2.739409e-21  2.779076e-21  2.799509e-21  2.803281e-21  2.798440e-21  2.794352e-21  2.798909e-21  2.819021e-21  2.854893e-21  2.903580e-21  2.959269e-21  3.016470e-21  3.071236e-21  3.118502e-21  3.159444e-21  3.194828e-21  3.226189e-21  3.254728e-21  3.284117e-21  3.314045e-21  3.346825e-21  3.383563e-21  3.424731e-21  3.472324e-21  3.528424e-21  3.594711e-21  3.672975e-21  3.760353e-21  3.855899e-21  3.952968e-21  4.048118e-21  4.136099e-21  4.214722e-21  4.283841e-21  4.345533e-21  4.401764e-21  4.456004e-21  4.510507e-21  4.565315e-21  4.618038e-21  4.663554e-21  4.697842e-21  4.715917e-21  4.714852e-21  4.698212e-21  4.668635e-21  4.629888e-21  4.586343e-21  4.541298e-21  4.495854e-21  4.454969e-21  4.419038e-21  4.388640e-21  4.364373e-21  4.347565e-21  4.337887e-21  4.335730e-21  4.342841e-21  4.360107e-21  4.389839e-21  4.435131e-21  4.495585e-21  4.571063e-21  4.655338e-21  4.743512e-21  4.831762e-21  4.915768e-21  4.989575e-21  5.048974e-21  5.090251e-21  5.110736e-21  5.110859e-21  5.090975e-21  5.053271e-21  4.999720e-21  4.933040e-21  4.855868e-21  4.772930e-21  4.686912e-21  4.600794e-21  4.515640e-21  4.432908e-21  4.354299e-21  4.279731e-21  4.209128e-21  4.143085e-21  4.081357e-21  4.024585e-21  3.971987e-21  3.923224e-21  3.876506e-21  3.830665e-21  3.785171e-21  3.738503e-21  3.691082e-21  3.641987e-21  3.590500e-21  3.538739e-21  3.486633e-21  3.435858e-21  3.385096e-21  3.334759e-21  3.282294e-21  3.227405e-21  3.170450e-21  3.113200e-21  3.055713e-21  2.997080e-21  2.937736e-21  2.879947e-21  2.824855e-21  2.773966e-21  2.726047e-21  2.680672e-21  2.635190e-21  2.589573e-21  2.546354e-21  2.504725e-21  2.464851e-21  2.426094e-21  2.388316e-21  2.348849e-21  2.308378e-21  2.268194e-21  2.227999e-21  2.188517e-21  2.149813e-21  2.112022e-21  2.075150e-21  2.038766e-21  2.003628e-21  1.967790e-21  1.930297e-21  1.890529e-21  1.849946e-21  1.809065e-21  1.768429e-21  1.727991e-21  1.688105e-21  1.649617e-21  1.612052e-21  1.575495e-21  1.541302e-21  1.507921e-21  1.475396e-21  1.443669e-21  1.412842e-21  1.384458e-21  1.358126e-21  1.334984e-21  1.314416e-21  1.295890e-21  1.276870e-21  1.256594e-21  1.233495e-21  1.207053e-21  1.178028e-21  1.147618e-21  1.117359e-21  1.088073e-21  1.060436e-21  1.033394e-21  1.006794e-21  9.795475e-22  9.537842e-22  9.273290e-22  9.029132e-22  8.804478e-22  8.589424e-22  8.394975e-22  8.211111e-22  8.050270e-22  7.900633e-22  7.764697e-22  7.636973e-22  7.519544e-22  7.406588e-22  7.296076e-22  7.196005e-22  7.104908e-22  7.028523e-22  6.976186e-22  6.940070e-22  6.903673e-22  6.840911e-22  6.751981e-22  6.617411e-22  6.462741e-22  6.216602e-22  5.982094e-22  5.752902e-22  5.608921e-22  5.497399e-22  5.372400e-22  5.235412e-22  5.113918e-22  4.980087e-22  4.835139e-22  4.695213e-22  4.601475e-22  4.496242e-22  4.415888e-22  4.360219e-22  4.320167e-22  4.292740e-22  4.264168e-22  4.233217e-22  4.211568e-22  4.203435e-22  4.204118e-22  4.226753e-22  4.266482e-22  4.320452e-22  4.374308e-22  4.427203e-22  4.449649e-22  4.431579e-22  4.359100e-22  4.232626e-22  4.054180e-22  3.846550e-22  3.638388e-22  3.453391e-22  3.282597e-22  3.138961e-22  3.025847e-22  2.923307e-22  2.841216e-22  2.775295e-22  2.720221e-22  2.666836e-22  2.623313e-22  2.581080e-22  2.543512e-22  2.514315e-22  2.494542e-22  2.478610e-22  2.477867e-22  2.487032e-22  2.516928e-22  2.567946e-22  2.639005e-22  2.728253e-22  2.834671e-22  2.946255e-22  3.055578e-22  3.132274e-22  3.170358e-22  3.158390e-22  3.093440e-22  2.978731e-22  2.847435e-22  2.696233e-22  2.538637e-22  2.411021e-22  2.290905e-22  2.191784e-22  2.093480e-22  2.014024e-22  1.932949e-22  1.862568e-22  1.785033e-22  1.712304e-22  1.657522e-22  1.608332e-22  1.569950e-22  1.540791e-22  1.515650e-22  1.493529e-22  1.467857e-22  1.458198e-22  1.442078e-22  1.447257e-22  1.453156e-22  1.471814e-22  1.527763e-22  1.599213e-22  1.679531e-22  1.763600e-22  1.846463e-22  1.945182e-22  2.025136e-22  2.130072e-22  2.193025e-22  2.267683e-22  2.275077e-22  2.247551e-22  2.150972e-22  2.094521e-22  1.917449e-22  1.808811e-22  1.793284e-22  1.528051e-22  1.387850e-22  1.277725e-22  1.154972e-22  1.127904e-22  1.019880e-22  9.499668e-23  8.980579e-23  8.695259e-23  7.903336e-23  7.806122e-23  7.407659e-23  7.384630e-23  7.120035e-23  7.213320e-23  7.128137e-23  7.116821e-23  7.290118e-23  7.442188e-23  7.647891e-23  7.765591e-23  8.052706e-23  8.421365e-23  8.821536e-23  9.431874e-23  1.021638e-22  1.099244e-22  1.192838e-22  1.294817e-22  1.366848e-22  1.383316e-22  1.366622e-22  1.319517e-22  1.274432e-22  1.217846e-22  1.150855e-22  1.065325e-22  9.997904e-23  9.200874e-23  8.289900e-23  7.606995e-23  6.943464e-23  6.376575e-23  5.765571e-23  5.386389e-23  5.023722e-23  4.666517e-23  4.408143e-23  4.146718e-23  3.939537e-23  3.764640e-23  3.654767e-23  3.618093e-23  3.643410e-23  3.551149e-23  3.604503e-23  3.691612e-23  3.798248e-23  3.918730e-23  4.058333e-23  4.212948e-23  4.435157e-23  4.614090e-23  4.784791e-23  4.929865e-23  5.000326e-23  5.085850e-23  4.903174e-23  4.768633e-23  4.905347e-23  5.235321e-23  5.613954e-23  6.226127e-23  6.984577e-23  6.894577e-23  8.210071e-23  6.825009e-23  6.791934e-23  6.446449e-23  6.189074e-23  4.829962e-23  4.603074e-23  4.324938e-23  4.914411e-23  4.321686e-23  4.044971e-23  3.715174e-23  3.282972e-23  3.159412e-23  3.094324e-23  3.054592e-23  2.318918e-23  3.086497e-23  2.060643e-23  2.768118e-23  2.045464e-23  2.000292e-23  1.753488e-23  1.925767e-23  1.698334e-23  1.820709e-23  1.905347e-23  1.806098e-23  1.700988e-23  2.366959e-23  2.592421e-23  3.794200e-23  5.680534e-23  8.582084e-23  8.482132e-23  1.187729e-22  1.674440e-22  1.548667e-22  1.430604e-22  1.237921e-22  5.847132e-23  4.451093e-23  5.992115e-23  6.476792e-23  1.592660e-22  1.540371e-22  7.492126e-23  1.408692e-22  5.992466e-23  1.154987e-22  3.710779e-23  1.493025e-22  2.749443e-23  9.214875e-23  5.274857e-23  3.660854e-23  6.393738e-23  5.177553e-23  6.067370e-23  3.508572e-23  3.747402e-23  2.831039e-23  2.793499e-23  2.916384e-23  2.267995e-23  2.458863e-23  2.276933e-23  1.950102e-23  1.967895e-23  1.193327e-23  7.867262e-24  9.959177e-24  6.038807e-24  8.603284e-24  8.913279e-24  1.074537e-23  1.368224e-23  1.216307e-23  7.959699e-24  7.427447e-24  9.009288e-24  1.004014e-23  4.608438e-24  5.156703e-24  7.027413e-24  4.608547e-24  7.375737e-24  6.695710e-24  8.326116e-24  9.896652e-24  1.182828e-23  1.527980e-23  2.778375e-23  3.115183e-23  2.147597e-23  2.180764e-23  2.190404e-23  1.741393e-23  1.185967e-23  1.257754e-23  9.014712e-24  8.030625e-24  6.845721e-24  6.679407e-24  4.886104e-24  5.289603e-24  3.616747e-24  4.388530e-24  3.188164e-24  2.931962e-24  3.453154e-24  2.894193e-24  2.430948e-24  2.784691e-24  2.311721e-24  2.310261e-24  2.053509e-24  2.192162e-24  1.952720e-24  1.613555e-24  1.890668e-24  1.751708e-24  1.579922e-24  1.442974e-24  1.523482e-24  1.648149e-24  1.404690e-24  1.435970e-24  1.307230e-24  1.426545e-24  1.517342e-24  1.384598e-24  1.411728e-24  1.502561e-24  1.645247e-24  1.590892e-24  1.526160e-24  1.872149e-24  1.810576e-24  2.020281e-24  1.997733e-24  2.297380e-24  2.559576e-24  2.832115e-24  3.154102e-24  3.523535e-24  4.594283e-24  7.481454e-24  6.596359e-24  5.336313e-24  5.471176e-24  5.478829e-24  4.576194e-24  3.942282e-24  3.715409e-24  2.610645e-24  3.085433e-24  2.393488e-24  2.675192e-24  2.438180e-24  2.165577e-24  2.314251e-24  2.238728e-24  1.957610e-24  2.337925e-24  2.303681e-24  2.621471e-24  2.899095e-24  2.435540e-24  2.501326e-24  2.418334e-24  2.502490e-24  2.078888e-24  1.986503e-24  2.144256e-24  1.927948e-24  2.374627e-24  1.794108e-24  2.165672e-24  2.066788e-24  1.639116e-24  2.576970e-24  2.186324e-24  1.782474e-24  1.768151e-24  2.634769e-24  1.948049e-24  4.057035e-24  2.129618e-24  1.786901e-24  2.330926e-24  3.388996e-24  2.149066e-24  1.745271e-24  4.836225e-24  2.235952e-24  3.485307e-24  4.518502e-24  2.025254e-24  4.165725e-24  3.917777e-24  6.045372e-24
5.088254e-21  7.071718e-21  4.392936e-21  3.106550e-21  4.736522e-21  2.464983e-21  1.826899e-21  2.910931e-21  2.227749e-21  1.233099e-21  1.681208e-21  1.160246e-21  6.665716e-22  7.620794e-22  1.083783e-21  6.934577e-22  5.488702e-22  4.309044e-22  3.188177e-22  2.307453e-22  2.719625e-22  2.409756e-22  2.990655e-22  2.124974e-22  1.205780e-22  9.652914e-23  8.028003e-23  1.074964e-22  8.801257e-23  6.426638e-23  7.608332e-23  5.414968e-23  3.389811e-23  2.628834e-23  2.154360e-23  3.543970e-23  3.266435e-23  1.909693e-23  1.366930e-23  1.537382e-23  1.318308e-23  1.176300e-23  7.767621e-24  7.018827e-24  1.038526e-23  9.802072e-24  6.350695e-24  5.268240e-24  5.412024e-24  6.591109e-24  6.573510e-24  6.061947e-24  5.711394e-24  6.246090e-24  5.933200e-24  5.483781e-24  5.215205e-24  5.493989e-24  6.155281e-24  7.105930e-24  7.325328e-24  7.420967e-24  7.231542e-24  8.231658e-24  9.401375e-24  1.105075e-23  1.183368e-23  1.154337e-23  1.067891e-23  1.052268e-23  1.091025e-23  1.204414e-23  1.368767e-23  1.437830e-23  1.442253e-23  1.423322e-23  1.516252e-23  1.800415e-23  2.210004e-23  2.571254e-23  2.720528e-23  2.733043e-23  2.582069e-23  2.442898e-23  2.443174e-23  2.693278e-23  3.107898e-23  3.481976e-23  3.639496e-23  3.621687e-23  3.626531e-23  3.753598e-23  4.312905e-23  5.175356e-23  6.117111e-23  6.882936e-23  7.165266e-23  7.009273e-23  6.583116e-23  6.211149e-23  6.220303e-23  6.812465e-23  7.751674e-23  8.518674e-23  8.778091e-23  8.643632e-23  8.509823e-23  8.858075e-23  9.922169e-23  1.169531e-22  1.356515e-22  1.544331e-22  1.712821e-22  1.803870e-22  1.772622e-22  1.673091e-22  1.572439e-22  1.535270e-22  1.580788e-22  1.720124e-22  1.868273e-22  1.946348e-22  1.963903e-22  1.938202e-22  1.951851e-22  2.042155e-22  2.253104e-22  2.561581e-22  2.937333e-22  3.334882e-22  3.723789e-22  4.005966e-22  4.124095e-22  4.037374e-22  3.820424e-22  3.582511e-22  3.452656e-22  3.496212e-22  3.706922e-22  3.988023e-22  4.183037e-22  4.245044e-22  4.242085e-22  4.243139e-22  4.329765e-22  4.568364e-22  4.969054e-22  5.497859e-22  6.126714e-22  6.796599e-22  7.467326e-22  8.041130e-22  8.425414e-22  8.510320e-22  8.341677e-22  8.034920e-22  7.716079e-22  7.499736e-22  7.488364e-22  7.684506e-22  7.995529e-22  8.283967e-22  8.482740e-22  8.575443e-22  8.645708e-22  8.758339e-22  9.005102e-22  9.439392e-22  1.006136e-21  1.083325e-21  1.172624e-21  1.268873e-21  1.367429e-21  1.461449e-21  1.538518e-21  1.591319e-21  1.614313e-21  1.610378e-21  1.586205e-21  1.554257e-21  1.528390e-21  1.516818e-21  1.523557e-21  1.547751e-21  1.582348e-21  1.619608e-21  1.654338e-21  1.685419e-21  1.714402e-21  1.744158e-21  1.779594e-21  1.824759e-21  1.882582e-21  1.953355e-21  2.035715e-21  2.126412e-21  2.222932e-21  2.322305e-21  2.420912e-21  2.516315e-21  2.603332e-21  2.677924e-21  2.736365e-21  2.776162e-21  2.796145e-21  2.799995e-21  2.794886e-21  2.791140e-21  2.795950e-21  2.815860e-21  2.852386e-21  2.901319e-21  2.957415e-21  3.014693e-21  3.069531e-21  3.116980e-21  3.157913e-21  3.193155e-21  3.224326e-21  3.252800e-21  3.282018e-21  3.311979e-21  3.344753e-21  3.381786e-21  3.422578e-21  3.470127e-21  3.526305e-21  3.592666e-21  3.671060e-21  3.759036e-21  3.854479e-21  3.951683e-21  4.046946e-21  4.134811e-21  4.213565e-21  4.282837e-21  4.344425e-21  4.400504e-21  4.455098e-21  4.509444e-21  4.564283e-21  4.617041e-21  4.662857e-21  4.697021e-21  4.715628e-21  4.714215e-21  4.697839e-21  4.668125e-21  4.629639e-21  4.586052e-21  4.540826e-21  4.495465e-21  4.454638e-21  4.418495e-21  4.388132e-21  4.363937e-21  4.347381e-21  4.337908e-21  4.336158e-21  4.343709e-21  4.360750e-21  4.390708e-21  4.435895e-21  4.496753e-21  4.572268e-21  4.656707e-21  4.745008e-21  4.834180e-21  4.918413e-21  4.992404e-21  5.052193e-21  5.093319e-21  5.113861e-21  5.113723e-21  5.094067e-21  5.056152e-21  5.002246e-21  4.935716e-21  4.858393e-21  4.775477e-21  4.689379e-21  4.603205e-21  4.517684e-21  4.434859e-21  4.356357e-21  4.281426e-21  4.210970e-21  4.144620e-21  4.083027e-21  4.026505e-21  3.974055e-21  3.925194e-21  3.878353e-21  3.832598e-21  3.786975e-21  3.740228e-21  3.692687e-21  3.643560e-21  3.592268e-21  3.540445e-21  3.488427e-21  3.437359e-21  3.386489e-21  3.336267e-21  3.283725e-21  3.228858e-21  3.171700e-21  3.114278e-21  3.056612e-21  2.997879e-21  2.938361e-21  2.880224e-21  2.825033e-21  2.773777e-21  2.725965e-21  2.680571e-21  2.634948e-21  2.589310e-21  2.546102e-21  2.504516e-21  2.464530e-21  2.426031e-21  2.388155e-21  2.348626e-21  2.308043e-21  2.267831e-21  2.227521e-21  2.188039e-21  2.149039e-21  2.111350e-21  2.074374e-21  2.038089e-21  2.002870e-21  1.966914e-21  1.929419e-21  1.889537e-21  1.848924e-21  1.808130e-21  1.767315e-21  1.726728e-21  1.686960e-21  1.648370e-21  1.610962e-21  1.574253e-21  1.540036e-21  1.506566e-21  1.474055e-21  1.442242e-21  1.411354e-21  1.382907e-21  1.356588e-21  1.333369e-21  1.312844e-21  1.294218e-21  1.275347e-21  1.254970e-21  1.231803e-21  1.205344e-21  1.176239e-21  1.145849e-21  1.115538e-21  1.086281e-21  1.058546e-21  1.031661e-21  1.005016e-21  9.777560e-22  9.519083e-22  9.254596e-22  9.010793e-22  8.784542e-22  8.569605e-22  8.375441e-22  8.192123e-22  8.031859e-22  7.882789e-22  7.747021e-22  7.620512e-22  7.504668e-22  7.393145e-22  7.282168e-22  7.182783e-22  7.092317e-22  7.015834e-22  6.964590e-22  6.928712e-22  6.894248e-22  6.831059e-22  6.742357e-22  6.606061e-22  6.449510e-22  6.204540e-22  5.968575e-22  5.740030e-22  5.593908e-22  5.484194e-22  5.358660e-22  5.222560e-22  5.101020e-22  4.965726e-22  4.820608e-22  4.680559e-22  4.586393e-22  4.480684e-22  4.402656e-22  4.348850e-22  4.308759e-22  4.282763e-22  4.256560e-22  4.223815e-22  4.203910e-22  4.194368e-22  4.198126e-22  4.221694e-22  4.261562e-22  4.316686e-22  4.368972e-22  4.423450e-22  4.446482e-22  4.428342e-22  4.355752e-22  4.227807e-22  4.049070e-22  3.841558e-22  3.630941e-22  3.445517e-22  3.272634e-22  3.128749e-22  3.016893e-22  2.914236e-22  2.830531e-22  2.764356e-22  2.710983e-22  2.657910e-22  2.611832e-22  2.567968e-22  2.532172e-22  2.503022e-22  2.482894e-22  2.472500e-22  2.466472e-22  2.481290e-22  2.509519e-22  2.564958e-22  2.633187e-22  2.722892e-22  2.831012e-22  2.941839e-22  3.055086e-22  3.126817e-22  3.167009e-22  3.157938e-22  3.090853e-22  2.974346e-22  2.846850e-22  2.692361e-22  2.532780e-22  2.405188e-22  2.284788e-22  2.187634e-22  2.087605e-22  2.004945e-22  1.926337e-22  1.855770e-22  1.776487e-22  1.703301e-22  1.653242e-22  1.601028e-22  1.559490e-22  1.533167e-22  1.505619e-22  1.485505e-22  1.461486e-22  1.446502e-22  1.431364e-22  1.435564e-22  1.439896e-22  1.459470e-22  1.519632e-22  1.588339e-22  1.673411e-22  1.751070e-22  1.832818e-22  1.934008e-22  2.013965e-22  2.119294e-22  2.183396e-22  2.253684e-22  2.267916e-22  2.246288e-22  2.142087e-22  2.090305e-22  1.908099e-22  1.808836e-22  1.781176e-22  1.521044e-22  1.377450e-22  1.263016e-22  1.140590e-22  1.115472e-22  1.012690e-22  9.367398e-23  8.933681e-23  8.686485e-23  7.865522e-23  7.784920e-23  7.392397e-23  7.386321e-23  7.137359e-23  7.218882e-23  7.138862e-23  7.111119e-23  7.317236e-23  7.472897e-23  7.688988e-23  7.743870e-23  8.018347e-23  8.364254e-23  8.739022e-23  9.275477e-23  1.008861e-22  1.089649e-22  1.185448e-22  1.291557e-22  1.361888e-22  1.371002e-22  1.354138e-22  1.316955e-22  1.255072e-22  1.204139e-22  1.149284e-22  1.057483e-22  9.904088e-23  9.145236e-23  8.301839e-23  7.619033e-23  7.005513e-23  6.436276e-23  5.865360e-23  5.465452e-23  5.016511e-23  4.716402e-23  4.494975e-23  4.232916e-23  4.017358e-23  3.870895e-23  3.757891e-23  3.688363e-23  3.706267e-23  3.651904e-23  3.640063e-23  3.779126e-23  3.844962e-23  3.970604e-23  4.109556e-23  4.260427e-23  4.441717e-23  4.629731e-23  4.773718e-23  4.934999e-23  5.011888e-23  5.061001e-23  4.880389e-23  4.718818e-23  4.868851e-23  5.160269e-23  5.541455e-23  6.150448e-23  6.872620e-23  6.775779e-23  8.107939e-23  6.768548e-23  6.739109e-23  6.399194e-23  6.141198e-23  4.794897e-23  4.536170e-23  4.279540e-23  4.901240e-23  4.308914e-23  4.023773e-23  3.701407e-23  3.277814e-23  3.148531e-23  3.100566e-23  3.057293e-23  2.303925e-23  3.108582e-23  2.064880e-23  2.775386e-23  2.040613e-23  2.013155e-23  1.751163e-23  1.950898e-23  1.698773e-23  1.835574e-23  1.903072e-23  1.826044e-23  1.697446e-23  2.368434e-23  2.557064e-23  3.723795e-23  5.597769e-23  8.468226e-23  8.400644e-23  1.179094e-22  1.680262e-22  1.554010e-22  1.440097e-22  1.246049e-22  5.819132e-23  4.393837e-23  5.942917e-23  6.400287e-23  1.594161e-22  1.535934e-22  7.363675e-23  1.398198e-22  5.900866e-23  1.148439e-22  3.633892e-23  1.490985e-22  2.698590e-23  9.189423e-23  5.178645e-23  3.610298e-23  6.309220e-23  5.107866e-23  5.973530e-23  3.464810e-23  3.666104e-23  2.790580e-23  2.755800e-23  2.874799e-23  2.239017e-23  2.421899e-23  2.238362e-23  1.939118e-23  1.930954e-23  1.185929e-23  7.666151e-24  9.808575e-24  5.950568e-24  8.412577e-24  8.778901e-24  1.062306e-23  1.358237e-23  1.208095e-23  7.848557e-24  7.295051e-24  8.859935e-24  9.817582e-24  4.393389e-24  4.926107e-24  6.744175e-24  4.335864e-24  7.083469e-24  6.299404e-24  7.864646e-24  9.343154e-24  1.130148e-23  1.453148e-23  2.664140e-23  3.005493e-23  2.065745e-23  2.101623e-23  2.099157e-23  1.667660e-23  1.130914e-23  1.188129e-23  8.500120e-24  7.511915e-24  6.333700e-24  6.174413e-24  4.515322e-24  4.868319e-24  3.212732e-24  4.037471e-24  2.850871e-24  2.554833e-24  3.104236e-24  2.649662e-24  2.088243e-24  2.473450e-24  1.968015e-24  1.979010e-24  1.745114e-24  1.801227e-24  1.573619e-24  1.352064e-24  1.612592e-24  1.444878e-24  1.291514e-24  1.136206e-24  1.250858e-24  1.356858e-24  1.027496e-24  1.193709e-24  1.011618e-24  1.096252e-24  1.264280e-24  9.220200e-25  1.068750e-24  1.158720e-24  1.294768e-24  1.294356e-24  1.199976e-24  1.487863e-24  1.433101e-24  1.631406e-24  1.671969e-24  1.866091e-24  2.168552e-24  2.479794e-24  2.674932e-24  3.078743e-24  4.093831e-24  6.870435e-24  6.089941e-24  4.876657e-24  4.940273e-24  5.016424e-24  4.115327e-24  3.556141e-24  3.195926e-24  2.163661e-24  2.689377e-24  2.059081e-24  2.260716e-24  1.986573e-24  1.773015e-24  1.908876e-24  1.793480e-24  1.558089e-24  1.925499e-24  1.901519e-24  2.221929e-24  2.377839e-24  2.027206e-24  2.016546e-24  1.988204e-24  2.052506e-24  1.776685e-24  1.639278e-24  1.775700e-24  1.567167e-24  2.023341e-24  1.424570e-24  1.832960e-24  1.703482e-24  1.309974e-24  2.247301e-24  1.783186e-24  1.406311e-24  1.447403e-24  2.328350e-24  1.634619e-24  3.714960e-24  1.798802e-24  1.493087e-24  2.002782e-24  3.092296e-24  1.819844e-24  1.457849e-24  4.649364e-24  1.885685e-24  3.291353e-24  4.168406e-24  1.663086e-24  3.950126e-24  3.588532e-24  5.776547e-24
4.988124e-21  6.976897e-21  4.296827e-21  3.031539e-21  4.662417e-21  2.398600e-21  1.776389e-21  2.863337e-21  2.184305e-21  1.195876e-21  1.638424e-21  1.132206e-21  6.442588e-22  7.324101e-22  1.065366e-21  6.738988e-22  5.235334e-22  4.131980e-22  3.077314e-22  2.185736e-22  2.556853e-22  2.304804e-22  2.877408e-22  2.010041e-22  1.126439e-22  9.087081e-23  7.507195e-23  1.002123e-22  8.136228e-23  5.954324e-23  7.276677e-23  5.094359e-23  3.118207e-23  2.398884e-23  1.975841e-23  3.275842e-23  3.009421e-23  1.742140e-23  1.262581e-23  1.452822e-23  1.233124e-23  1.082043e-23  7.209057e-24  6.446752e-24  9.603085e-24  9.250752e-24  5.941731e-24  4.941478e-24  5.291556e-24  6.311125e-24  6.421284e-24  6.005161e-24  5.862722e-24  6.108131e-24  5.857529e-24  5.304466e-24  5.268818e-24  5.540965e-24  6.256454e-24  7.102927e-24  7.460661e-24  7.472340e-24  7.405914e-24  8.475818e-24  9.636357e-24  1.111387e-23  1.199165e-23  1.172983e-23  1.076426e-23  1.058689e-23  1.086030e-23  1.200908e-23  1.358132e-23  1.436212e-23  1.431796e-23  1.413982e-23  1.509735e-23  1.794050e-23  2.200236e-23  2.571067e-23  2.718077e-23  2.717221e-23  2.570771e-23  2.435133e-23  2.432771e-23  2.688589e-23  3.102231e-23  3.472646e-23  3.614510e-23  3.600480e-23  3.622815e-23  3.736515e-23  4.284305e-23  5.158632e-23  6.112090e-23  6.869077e-23  7.148139e-23  6.980084e-23  6.550677e-23  6.174184e-23  6.189419e-23  6.785266e-23  7.727336e-23  8.507397e-23  8.765500e-23  8.617899e-23  8.477904e-23  8.835385e-23  9.907601e-23  1.169210e-22  1.353826e-22  1.541986e-22  1.709317e-22  1.802751e-22  1.766736e-22  1.669390e-22  1.566138e-22  1.531824e-22  1.576306e-22  1.715001e-22  1.862089e-22  1.941662e-22  1.955974e-22  1.932712e-22  1.943858e-22  2.032641e-22  2.236989e-22  2.543738e-22  2.922284e-22  3.321012e-22  3.705474e-22  3.985796e-22  4.106479e-22  4.014891e-22  3.800698e-22  3.561090e-22  3.429736e-22  3.480121e-22  3.690883e-22  3.976910e-22  4.168812e-22  4.232778e-22  4.225984e-22  4.226345e-22  4.314549e-22  4.553608e-22  4.959042e-22  5.488166e-22  6.118643e-22  6.785715e-22  7.461263e-22  8.034510e-22  8.418948e-22  8.502806e-22  8.329524e-22  8.016729e-22  7.694645e-22  7.479692e-22  7.472634e-22  7.669581e-22  7.985740e-22  8.271714e-22  8.471456e-22  8.561950e-22  8.631505e-22  8.744369e-22  8.990290e-22  9.425469e-22  1.004727e-21  1.082309e-21  1.171419e-21  1.268080e-21  1.366965e-21  1.460951e-21  1.537960e-21  1.590634e-21  1.613450e-21  1.608964e-21  1.584480e-21  1.552324e-21  1.526138e-21  1.514647e-21  1.521437e-21  1.546117e-21  1.580698e-21  1.617985e-21  1.652612e-21  1.683900e-21  1.713021e-21  1.742730e-21  1.777843e-21  1.823302e-21  1.880944e-21  1.951836e-21  2.034362e-21  2.125162e-21  2.221917e-21  2.321262e-21  2.419974e-21  2.515463e-21  2.602231e-21  2.676664e-21  2.734782e-21  2.774507e-21  2.794327e-21  2.798113e-21  2.792806e-21  2.789068e-21  2.793928e-21  2.813907e-21  2.850799e-21  2.899841e-21  2.956286e-21  3.013734e-21  3.068594e-21  3.116198e-21  3.157180e-21  3.192368e-21  3.223337e-21  3.251731e-21  3.280847e-21  3.310861e-21  3.343507e-21  3.380659e-21  3.421230e-21  3.468821e-21  3.524903e-21  3.591521e-21  3.669928e-21  3.758376e-21  3.853847e-21  3.951080e-21  4.046617e-21  4.134355e-21  4.213170e-21  4.282660e-21  4.344193e-21  4.400370e-21  4.455214e-21  4.509689e-21  4.564710e-21  4.617596e-21  4.663735e-21  4.697768e-21  4.716639e-21  4.715209e-21  4.698778e-21  4.668877e-21  4.630389e-21  4.586723e-21  4.541266e-21  4.495881e-21  4.454942e-21  4.418618e-21  4.388223e-21  4.364116e-21  4.347526e-21  4.338023e-21  4.336409e-21  4.344276e-21  4.361193e-21  4.391359e-21  4.436708e-21  4.497930e-21  4.573578e-21  4.658244e-21  4.746768e-21  4.836598e-21  4.920952e-21  4.995029e-21  5.055052e-21  5.096055e-21  5.116671e-21  5.116331e-21  5.096702e-21  5.058671e-21  5.004450e-21  4.937984e-21  4.860548e-21  4.777523e-21  4.691338e-21  4.605037e-21  4.519312e-21  4.436427e-21  4.357933e-21  4.282798e-21  4.212346e-21  4.145867e-21  4.084177e-21  4.027772e-21  3.975319e-21  3.926416e-21  3.879523e-21  3.833826e-21  3.788221e-21  3.741462e-21  3.693913e-21  3.644674e-21  3.593439e-21  3.541457e-21  3.489531e-21  3.438310e-21  3.387464e-21  3.337069e-21  3.284384e-21  3.229431e-21  3.172112e-21  3.114526e-21  3.056593e-21  2.997781e-21  2.938135e-21  2.879719e-21  2.824527e-21  2.773036e-21  2.725246e-21  2.679764e-21  2.634063e-21  2.588415e-21  2.545079e-21  2.503517e-21  2.463432e-21  2.425101e-21  2.387132e-21  2.347544e-21  2.306902e-21  2.266659e-21  2.226287e-21  2.186747e-21  2.147694e-21  2.109981e-21  2.072965e-21  2.036785e-21  2.001482e-21  1.965520e-21  1.928020e-21  1.888144e-21  1.847368e-21  1.806554e-21  1.765632e-21  1.724978e-21  1.685228e-21  1.646536e-21  1.609070e-21  1.572397e-21  1.538113e-21  1.504546e-21  1.472069e-21  1.440154e-21  1.409282e-21  1.380654e-21  1.354392e-21  1.331169e-21  1.310636e-21  1.292009e-21  1.273315e-21  1.252914e-21  1.229763e-21  1.203268e-21  1.174109e-21  1.143758e-21  1.113381e-21  1.084208e-21  1.056363e-21  1.029560e-21  1.002879e-21  9.756444e-22  9.497104e-22  9.232705e-22  8.988443e-22  8.762053e-22  8.547495e-22  8.353389e-22  8.170864e-22  8.010966e-22  7.862134e-22  7.726828e-22  7.600611e-22  7.485731e-22  7.374805e-22  7.264020e-22  7.165439e-22  7.075249e-22  6.999662e-22  6.949310e-22  6.914085e-22  6.881469e-22  6.818338e-22  6.730115e-22  6.593696e-22  6.436202e-22  6.191835e-22  5.954894e-22  5.725563e-22  5.579702e-22  5.470793e-22  5.344343e-22  5.209087e-22  5.087120e-22  4.951799e-22  4.805731e-22  4.665745e-22  4.571913e-22  4.466176e-22  4.388275e-22  4.336417e-22  4.296103e-22  4.270837e-22  4.244221e-22  4.212184e-22  4.192778e-22  4.182554e-22  4.188472e-22  4.212603e-22  4.252149e-22  4.308936e-22  4.361943e-22  4.417475e-22  4.441164e-22  4.423737e-22  4.351201e-22  4.222808e-22  4.042288e-22  3.835023e-22  3.623223e-22  3.436153e-22  3.262439e-22  3.118710e-22  3.006653e-22  2.904242e-22  2.819689e-22  2.752639e-22  2.700755e-22  2.648457e-22  2.601237e-22  2.557019e-22  2.522800e-22  2.493095e-22  2.472700e-22  2.464848e-22  2.457030e-22  2.472923e-22  2.501020e-22  2.558721e-22  2.625422e-22  2.715259e-22  2.825700e-22  2.938219e-22  3.052891e-22  3.123218e-22  3.165095e-22  3.156245e-22  3.088984e-22  2.970965e-22  2.844060e-22  2.687307e-22  2.528532e-22  2.398329e-22  2.278823e-22  2.180841e-22  2.081936e-22  1.997388e-22  1.919676e-22  1.847591e-22  1.767698e-22  1.694304e-22  1.646145e-22  1.592987e-22  1.550070e-22  1.525832e-22  1.497335e-22  1.477356e-22  1.455436e-22  1.437467e-22  1.423719e-22  1.427690e-22  1.430474e-22  1.452059e-22  1.511724e-22  1.580629e-22  1.668217e-22  1.744477e-22  1.826788e-22  1.927652e-22  2.009439e-22  2.116803e-22  2.181754e-22  2.250200e-22  2.268141e-22  2.248330e-22  2.142920e-22  2.090572e-22  1.907634e-22  1.808917e-22  1.779037e-22  1.519391e-22  1.375303e-22  1.258748e-22  1.138054e-22  1.110180e-22  1.009419e-22  9.328639e-23  8.918807e-23  8.666325e-23  7.852313e-23  7.766466e-23  7.381698e-23  7.386448e-23  7.139976e-23  7.207817e-23  7.149615e-23  7.125291e-23  7.338493e-23  7.482200e-23  7.707141e-23  7.750032e-23  8.019712e-23  8.354199e-23  8.757453e-23  9.269983e-23  1.010640e-22  1.093918e-22  1.190140e-22  1.296235e-22  1.370138e-22  1.375450e-22  1.357014e-22  1.323331e-22  1.252229e-22  1.204676e-22  1.153817e-22  1.061646e-22  9.916416e-23  9.151772e-23  8.334085e-23  7.633254e-23  7.049253e-23  6.464005e-23  5.921753e-23  5.502130e-23  5.000067e-23  4.733372e-23  4.526108e-23  4.253999e-23  4.048884e-23  3.912328e-23  3.787472e-23  3.717548e-23  3.708742e-23  3.684872e-23  3.661412e-23  3.813851e-23  3.874574e-23  4.001754e-23  4.137134e-23  4.285650e-23  4.442615e-23  4.644802e-23  4.784589e-23  4.947298e-23  5.018782e-23  5.044739e-23  4.875254e-23  4.701105e-23  4.858585e-23  5.118032e-23  5.522702e-23  6.124247e-23  6.824993e-23  6.741625e-23  8.077958e-23  6.757244e-23  6.727891e-23  6.389973e-23  6.130124e-23  4.773649e-23  4.501171e-23  4.259773e-23  4.901146e-23  4.299413e-23  4.001741e-23  3.689427e-23  3.267729e-23  3.143022e-23  3.092909e-23  3.062215e-23  2.287436e-23  3.113053e-23  2.067170e-23  2.774487e-23  2.036903e-23  2.014648e-23  1.741320e-23  1.959341e-23  1.698344e-23  1.840125e-23  1.904804e-23  1.833741e-23  1.693972e-23  2.367043e-23  2.523806e-23  3.653581e-23  5.519063e-23  8.356413e-23  8.337430e-23  1.171555e-22  1.687237e-22  1.561302e-22  1.452907e-22  1.257375e-22  5.825554e-23  4.386090e-23  5.939764e-23  6.384101e-23  1.602746e-22  1.538389e-22  7.296093e-23  1.394552e-22  5.864859e-23  1.146903e-22  3.590349e-23  1.492998e-22  2.666885e-23  9.191514e-23  5.107480e-23  3.579887e-23  6.252525e-23  5.057930e-23  5.902346e-23  3.439621e-23  3.600822e-23  2.770758e-23  2.732077e-23  2.842257e-23  2.220470e-23  2.398994e-23  2.215884e-23  1.937576e-23  1.912992e-23  1.188845e-23  7.572517e-24  9.779315e-24  5.946298e-24  8.342271e-24  8.753901e-24  1.056971e-23  1.358433e-23  1.206768e-23  7.800349e-24  7.210304e-24  8.811723e-24  9.715975e-24  4.294690e-24  4.818743e-24  6.600593e-24  4.221027e-24  6.943784e-24  6.079763e-24  7.662204e-24  9.104184e-24  1.108682e-23  1.417708e-23  2.610865e-23  2.960644e-23  2.033560e-23  2.067118e-23  2.060013e-23  1.631502e-23  1.100343e-23  1.150417e-23  8.227541e-24  7.251668e-24  6.074030e-24  5.919597e-24  4.326761e-24  4.664305e-24  3.029644e-24  3.843676e-24  2.689017e-24  2.392481e-24  2.916780e-24  2.527641e-24  1.902716e-24  2.318396e-24  1.815487e-24  1.799031e-24  1.571637e-24  1.600635e-24  1.387867e-24  1.209457e-24  1.433335e-24  1.274602e-24  1.117890e-24  9.505835e-25  1.059686e-24  1.166103e-24  8.019036e-25  1.021410e-24  8.075343e-25  8.727998e-25  1.068542e-24  6.386743e-25  8.471794e-25  9.074381e-25  1.031322e-24  1.056843e-24  9.910904e-25  1.219056e-24  1.168332e-24  1.344901e-24  1.427123e-24  1.578251e-24  1.889414e-24  2.203275e-24  2.344790e-24  2.764613e-24  3.734337e-24  6.469194e-24  5.732983e-24  4.512275e-24  4.563247e-24  4.642669e-24  3.760555e-24  3.192140e-24  2.802949e-24  1.799195e-24  2.321102e-24  1.723136e-24  1.890849e-24  1.591839e-24  1.405714e-24  1.533950e-24  1.402840e-24  1.199194e-24  1.515070e-24  1.501495e-24  1.807154e-24  1.919472e-24  1.593292e-24  1.542586e-24  1.558884e-24  1.592723e-24  1.407171e-24  1.266388e-24  1.368914e-24  1.179843e-24  1.638803e-24  1.057830e-24  1.473943e-24  1.345336e-24  9.700136e-25  1.902219e-24  1.426991e-24  1.051758e-24  1.118817e-24  2.007452e-24  1.311216e-24  3.371090e-24  1.467572e-24  1.180541e-24  1.673712e-24  2.766353e-24  1.475834e-24  1.139050e-24  4.405598e-24  1.531236e-24  3.008101e-24  3.806218e-24  1.294146e-24  3.653404e-24  3.244045e-24  5.473100e-24
4.869536e-21  6.869782e-21  4.184662e-21  2.945888e-21  4.580298e-21  2.318763e-21  1.717996e-21  2.813229e-21  2.141585e-21  1.156810e-21  1.598711e-21  1.101233e-21  6.176328e-22  7.023992e-22  1.048983e-21  6.541747e-22  4.954567e-22  3.972082e-22  2.968748e-22  2.079004e-22  2.404772e-22  2.195280e-22  2.749030e-22  1.891484e-22  1.060584e-22  8.688089e-23  7.131338e-23  9.432712e-23  7.604848e-23  5.635917e-23  6.988666e-23  4.889222e-23  2.959346e-23  2.292777e-23  1.898494e-23  3.099253e-23  2.846629e-23  1.645690e-23  1.210996e-23  1.405085e-23  1.164162e-23  1.025602e-23  7.346309e-24  6.203183e-24  9.280563e-24  8.586629e-24  5.690503e-24  4.828841e-24  5.162545e-24  5.670753e-24  5.907913e-24  5.475205e-24  5.379961e-24  5.739318e-24  5.709191e-24  4.829462e-24  4.867777e-24  5.223204e-24  5.894384e-24  6.693633e-24  7.184636e-24  6.938420e-24  6.954740e-24  7.917977e-24  9.121390e-24  1.056926e-23  1.146462e-23  1.113244e-23  1.024720e-23  1.028358e-23  1.088178e-23  1.217305e-23  1.377331e-23  1.479698e-23  1.465775e-23  1.444319e-23  1.544355e-23  1.820142e-23  2.209841e-23  2.558745e-23  2.720115e-23  2.711009e-23  2.578456e-23  2.440344e-23  2.467189e-23  2.715144e-23  3.126314e-23  3.505504e-23  3.645511e-23  3.637284e-23  3.644793e-23  3.758517e-23  4.303438e-23  5.166930e-23  6.107787e-23  6.833540e-23  7.108200e-23  6.930062e-23  6.526481e-23  6.165620e-23  6.192668e-23  6.776521e-23  7.694305e-23  8.474842e-23  8.710288e-23  8.563106e-23  8.447230e-23  8.810614e-23  9.869246e-23  1.158356e-22  1.345825e-22  1.532398e-22  1.700771e-22  1.798386e-22  1.760137e-22  1.662008e-22  1.551778e-22  1.519520e-22  1.564368e-22  1.704719e-22  1.855149e-22  1.943237e-22  1.952253e-22  1.935142e-22  1.943508e-22  2.027276e-22  2.215655e-22  2.520290e-22  2.900755e-22  3.293771e-22  3.675240e-22  3.953943e-22  4.076952e-22  3.982055e-22  3.776126e-22  3.537502e-22  3.402665e-22  3.452717e-22  3.661065e-22  3.944521e-22  4.133809e-22  4.198706e-22  4.192299e-22  4.199490e-22  4.293854e-22  4.535406e-22  4.938633e-22  5.468204e-22  6.096267e-22  6.763130e-22  7.445267e-22  8.019879e-22  8.395247e-22  8.479581e-22  8.310710e-22  8.006282e-22  7.698075e-22  7.489764e-22  7.477922e-22  7.665193e-22  7.977475e-22  8.262467e-22  8.468606e-22  8.557501e-22  8.623789e-22  8.735774e-22  8.981275e-22  9.422317e-22  1.005068e-21  1.083354e-21  1.172255e-21  1.269251e-21  1.367789e-21  1.461240e-21  1.537834e-21  1.590229e-21  1.613013e-21  1.607864e-21  1.583575e-21  1.551742e-21  1.525383e-21  1.514070e-21  1.520923e-21  1.545955e-21  1.581051e-21  1.618704e-21  1.653167e-21  1.684420e-21  1.713176e-21  1.742613e-21  1.777167e-21  1.822981e-21  1.880736e-21  1.951386e-21  2.034009e-21  2.124752e-21  2.221120e-21  2.320185e-21  2.419524e-21  2.515133e-21  2.602179e-21  2.676995e-21  2.735255e-21  2.774624e-21  2.794687e-21  2.798206e-21  2.792802e-21  2.788601e-21  2.793225e-21  2.813653e-21  2.850507e-21  2.899466e-21  2.956179e-21  3.013927e-21  3.068739e-21  3.116456e-21  3.157568e-21  3.192830e-21  3.223575e-21  3.251870e-21  3.280983e-21  3.311074e-21  3.343423e-21  3.380448e-21  3.421016e-21  3.468769e-21  3.524512e-21  3.591642e-21  3.669901e-21  3.758641e-21  3.854324e-21  3.951437e-21  4.047472e-21  4.135070e-21  4.213848e-21  4.283648e-21  4.345195e-21  4.401823e-21  4.456767e-21  4.511775e-21  4.567190e-21  4.620336e-21  4.666829e-21  4.700719e-21  4.719479e-21  4.718500e-21  4.701564e-21  4.671404e-21  4.632546e-21  4.588748e-21  4.542988e-21  4.497428e-21  4.456139e-21  4.419679e-21  4.389157e-21  4.365162e-21  4.348135e-21  4.338271e-21  4.336409e-21  4.344422e-21  4.361353e-21  4.391703e-21  4.437588e-21  4.499117e-21  4.575035e-21  4.660015e-21  4.748900e-21  4.839016e-21  4.923342e-21  4.997365e-21  5.057403e-21  5.098323e-21  5.119037e-21  5.118579e-21  5.098694e-21  5.060682e-21  5.006199e-21  4.939678e-21  4.862183e-21  4.778867e-21  4.692581e-21  4.606053e-21  4.520356e-21  4.437454e-21  4.358832e-21  4.283715e-21  4.213067e-21  4.146711e-21  4.084595e-21  4.028119e-21  3.975453e-21  3.926583e-21  3.879741e-21  3.834063e-21  3.788685e-21  3.742007e-21  3.694604e-21  3.645144e-21  3.593769e-21  3.541494e-21  3.489663e-21  3.438487e-21  3.387848e-21  3.336877e-21  3.283956e-21  3.228765e-21  3.171345e-21  3.113608e-21  3.055283e-21  2.996419e-21  2.936713e-21  2.878115e-21  2.823058e-21  2.771519e-21  2.723631e-21  2.677961e-21  2.632271e-21  2.586631e-21  2.542971e-21  2.501404e-21  2.461240e-21  2.422950e-21  2.384894e-21  2.345252e-21  2.304628e-21  2.264349e-21  2.223991e-21  2.184311e-21  2.145548e-21  2.107629e-21  2.070664e-21  2.034600e-21  1.999209e-21  1.963396e-21  1.925885e-21  1.886185e-21  1.845063e-21  1.804076e-21  1.763149e-21  1.722543e-21  1.682669e-21  1.643878e-21  1.606050e-21  1.569676e-21  1.535265e-21  1.501588e-21  1.469175e-21  1.437135e-21  1.406389e-21  1.377413e-21  1.351270e-21  1.328146e-21  1.307533e-21  1.289043e-21  1.270569e-21  1.250249e-21  1.227231e-21  1.200675e-21  1.171502e-21  1.141214e-21  1.110750e-21  1.081742e-21  1.053768e-21  1.026941e-21  1.000239e-21  9.730827e-22  9.470593e-22  9.206313e-22  8.960447e-22  8.735970e-22  8.522162e-22  8.327794e-22  8.146409e-22  7.986580e-22  7.837523e-22  7.703093e-22  7.575868e-22  7.461081e-22  7.349574e-22  7.239907e-22  7.142294e-22  7.051878e-22  6.978591e-22  6.928847e-22  6.894857e-22  6.863971e-22  6.801580e-22  6.714191e-22  6.579910e-22  6.422783e-22  6.178220e-22  5.940973e-22  5.708851e-22  5.566635e-22  5.457110e-22  5.329211e-22  5.194742e-22  5.071815e-22  4.938481e-22  4.790376e-22  4.650700e-22  4.558288e-22  4.453146e-22  4.372277e-22  4.322486e-22  4.281690e-22  4.256167e-22  4.225224e-22  4.197417e-22  4.176758e-22  4.166873e-22  4.173664e-22  4.197836e-22  4.236413e-22  4.295579e-22  4.352533e-22  4.408374e-22  4.432818e-22  4.417209e-22  4.344958e-22  4.217555e-22  4.033153e-22  3.826318e-22  3.615123e-22  3.424692e-22  3.251920e-22  3.108916e-22  2.994605e-22  2.892948e-22  2.808626e-22  2.739826e-22  2.689134e-22  2.638261e-22  2.591888e-22  2.549113e-22  2.516197e-22  2.485090e-22  2.464551e-22  2.455026e-22  2.450337e-22  2.460863e-22  2.490987e-22  2.547909e-22  2.614916e-22  2.704426e-22  2.818061e-22  2.935721e-22  3.048300e-22  3.122236e-22  3.165201e-22  3.152807e-22  3.088127e-22  2.968998e-22  2.838166e-22  2.680592e-22  2.526547e-22  2.390028e-22  2.273073e-22  2.170327e-22  2.076556e-22  1.991972e-22  1.912945e-22  1.837469e-22  1.758565e-22  1.685319e-22  1.635081e-22  1.583906e-22  1.542113e-22  1.518906e-22  1.491510e-22  1.469030e-22  1.449836e-22  1.432178e-22  1.420393e-22  1.425195e-22  1.426455e-22  1.451595e-22  1.504129e-22  1.577373e-22  1.664325e-22  1.746242e-22  1.831474e-22  1.928078e-22  2.014261e-22  2.125985e-22  2.191365e-22  2.261523e-22  2.278782e-22  2.254998e-22  2.157423e-22  2.097138e-22  1.919671e-22  1.809071e-22  1.790926e-22  1.525271e-22  1.384766e-22  1.269172e-22  1.152191e-22  1.114936e-22  1.011653e-22  9.421518e-23  8.949010e-23  8.630182e-23  7.873745e-23  7.751910e-23  7.377416e-23  7.384372e-23  7.121886e-23  7.173355e-23  7.160400e-23  7.167426e-23  7.351497e-23  7.461367e-23  7.693001e-23  7.795433e-23  8.071351e-23  8.410366e-23  8.917952e-23  9.476872e-23  1.032905e-22  1.117698e-22  1.211834e-22  1.312084e-22  1.396982e-22  1.403489e-22  1.381510e-22  1.342283e-22  1.272635e-22  1.225259e-22  1.166940e-22  1.082705e-22  1.007813e-22  9.245810e-23  8.394911e-23  7.650547e-23  7.067224e-23  6.446736e-23  5.917069e-23  5.479158e-23  4.970629e-23  4.704017e-23  4.478849e-23  4.183440e-23  4.015252e-23  3.862532e-23  3.713546e-23  3.688909e-23  3.626233e-23  3.622435e-23  3.662761e-23  3.774280e-23  3.880117e-23  4.003736e-23  4.131434e-23  4.279551e-23  4.435546e-23  4.659074e-23  4.826340e-23  4.969678e-23  5.019108e-23  5.040561e-23  4.894950e-23  4.728570e-23  4.885225e-23  5.121957e-23  5.579612e-23  6.167680e-23  6.868045e-23  6.826684e-23  8.149512e-23  6.809180e-23  6.775264e-23  6.434122e-23  6.170691e-23  4.771819e-23  4.511057e-23  4.276050e-23  4.919494e-23  4.294342e-23  3.978600e-23  3.679826e-23  3.250834e-23  3.145063e-23  3.065625e-23  3.070166e-23  2.268810e-23  3.092785e-23  2.066765e-23  2.762148e-23  2.034794e-23  2.000215e-23  1.720907e-23  1.944337e-23  1.696697e-23  1.830161e-23  1.912180e-23  1.824196e-23  1.690549e-23  2.361433e-23  2.493400e-23  3.583381e-23  5.446146e-23  8.248320e-23  8.300712e-23  1.165760e-22  1.695892e-22  1.571573e-22  1.470392e-22  1.273025e-22  5.879983e-23  4.447788e-23  6.001227e-23  6.452347e-23  1.621233e-22  1.550374e-22  7.314390e-23  1.400585e-22  5.906404e-23  1.152454e-22  3.593182e-23  1.500763e-22  2.661916e-23  9.234220e-23  5.071468e-23  3.577656e-23  6.235213e-23  5.036479e-23  5.863383e-23  3.440778e-23  3.557798e-23  2.780072e-23  2.727985e-23  2.822158e-23  2.216312e-23  2.395769e-23  2.215904e-23  1.949289e-23  1.921605e-23  1.206206e-23  7.629494e-24  9.919169e-24  6.060130e-24  8.440813e-24  8.882544e-24  1.061143e-23  1.372869e-23  1.214888e-23  7.840920e-24  7.192971e-24  8.905365e-24  9.785924e-24  4.358823e-24  4.885057e-24  6.654315e-24  4.327770e-24  7.018507e-24  6.108589e-24  7.824128e-24  9.307777e-24  1.131132e-23  1.437694e-23  2.643378e-23  3.007044e-23  2.071267e-23  2.095431e-23  2.094196e-23  1.648221e-23  1.104224e-23  1.157619e-23  8.295552e-24  7.355211e-24  6.169501e-24  6.016853e-24  4.394661e-24  4.766066e-24  3.157476e-24  3.871214e-24  2.774069e-24  2.532445e-24  2.956519e-24  2.578040e-24  1.938383e-24  2.383145e-24  1.932000e-24  1.831944e-24  1.588029e-24  1.667930e-24  1.474236e-24  1.234154e-24  1.393164e-24  1.296503e-24  1.105797e-24  9.354485e-25  9.831387e-25  1.116857e-24  7.896736e-25  9.475801e-25  7.322607e-25  7.997318e-25  9.534965e-25  6.075869e-25  7.964953e-25  7.864125e-25  8.903738e-25  9.024009e-25  9.472890e-25  1.112768e-24  1.062186e-24  1.202470e-24  1.296162e-24  1.492304e-24  1.767748e-24  2.033439e-24  2.224389e-24  2.634375e-24  3.573224e-24  6.363193e-24  5.586372e-24  4.281984e-24  4.402784e-24  4.393679e-24  3.555101e-24  2.859297e-24  2.588015e-24  1.550861e-24  1.991922e-24  1.385020e-24  1.583766e-24  1.277141e-24  1.073954e-24  1.201864e-24  1.089043e-24  8.974679e-25  1.107428e-24  1.104474e-24  1.370909e-24  1.549605e-24  1.123371e-24  1.083835e-24  1.130682e-24  1.119122e-24  9.428956e-25  8.573406e-25  9.083371e-25  7.551347e-25  1.207505e-24  6.950285e-25  1.078226e-24  9.942202e-25  6.147223e-25  1.535489e-24  1.136942e-24  7.276321e-25  7.790696e-25  1.666560e-24  9.736836e-25  3.025106e-24  1.135787e-24  8.416045e-25  1.343528e-24  2.399540e-24  1.110873e-24  7.756821e-25  4.081828e-24  1.170832e-24  2.599194e-24  3.427448e-24  9.155036e-25  3.242524e-24  2.878505e-24  5.119899e-24
4.750949e-21  6.762667e-21  4.072498e-21  2.860237e-21  4.498180e-21  2.238925e-21  1.659602e-21  2.763121e-21  2.098865e-21  1.117743e-21  1.558997e-21  1.070261e-21  5.910068e-22  6.723884e-22  1.032599e-21  6.344505e-22  4.673800e-22  3.812185e-22  2.860181e-22  1.972273e-22  2.252691e-22  2.085756e-22  2.620653e-22  1.772927e-22  9.947291e-23  8.289096e-23  6.755481e-23  8.844192e-23  7.073469e-23  5.317510e-23  6.700656e-23  4.684085e-23  2.800486e-23  2.186671e-23  1.821146e-23  2.922664e-23  2.683838e-23  1.549239e-23  1.159412e-23  1.357348e-23  1.095199e-23  9.691608e-24  7.483561e-24  5.959613e-24  8.958040e-24  7.922507e-24  5.439276e-24  4.716205e-24  5.033534e-24  5.030381e-24  5.394542e-24  4.945249e-24  4.897199e-24  5.370505e-24  5.560853e-24  4.354458e-24  4.466735e-24  4.905443e-24  5.532314e-24  6.284339e-24  6.908611e-24  6.404500e-24  6.503567e-24  7.360136e-24  8.606422e-24  1.002466e-23  1.093759e-23  1.053505e-23  9.730150e-24  9.980276e-24  1.090326e-23  1.233702e-23  1.396531e-23  1.523183e-23  1.499754e-23  1.474655e-23  1.578974e-23  1.846234e-23  2.219447e-23  2.546422e-23  2.722154e-23  2.704797e-23  2.586141e-23  2.445556e-23  2.501607e-23  2.741699e-23  3.150397e-23  3.538361e-23  3.676512e-23  3.674087e-23  3.666771e-23  3.780519e-23  4.322571e-23  5.175228e-23  6.103484e-23  6.798002e-23  7.068261e-23  6.880040e-23  6.502285e-23  6.157057e-23  6.195917e-23  6.767776e-23  7.661273e-23  8.442287e-23  8.655075e-23  8.508313e-23  8.416557e-23  8.785843e-23  9.830891e-23  1.147501e-22  1.337825e-22  1.522811e-22  1.692224e-22  1.794021e-22  1.753538e-22  1.654626e-22  1.537418e-22  1.507216e-22  1.552430e-22  1.694437e-22  1.848208e-22  1.944811e-22  1.948532e-22  1.937571e-22  1.943158e-22  2.021912e-22  2.194321e-22  2.496842e-22  2.879226e-22  3.266530e-22  3.645007e-22  3.922090e-22  4.047425e-22  3.949220e-22  3.751553e-22  3.513914e-22  3.375595e-22  3.425312e-22  3.631247e-22  3.912132e-22  4.098805e-22  4.164634e-22  4.158614e-22  4.172635e-22  4.273160e-22  4.517205e-22  4.918225e-22  5.448242e-22  6.073890e-22  6.740545e-22  7.429270e-22  8.005247e-22  8.371547e-22  8.456357e-22  8.291897e-22  7.995834e-22  7.701504e-22  7.499837e-22  7.483211e-22  7.660806e-22  7.969211e-22  8.253219e-22  8.465756e-22  8.553051e-22  8.616074e-22  8.727179e-22  8.972259e-22  9.419165e-22  1.005409e-21  1.084399e-21  1.173091e-21  1.270422e-21  1.368612e-21  1.461529e-21  1.537708e-21  1.589824e-21  1.612576e-21  1.606763e-21  1.582670e-21  1.551161e-21  1.524627e-21  1.513494e-21  1.520409e-21  1.545794e-21  1.581403e-21  1.619422e-21  1.653722e-21  1.684939e-21  1.713330e-21  1.742496e-21  1.776492e-21  1.822660e-21  1.880528e-21  1.950935e-21  2.033655e-21  2.124342e-21  2.220324e-21  2.319109e-21  2.419074e-21  2.514804e-21  2.602126e-21  2.677325e-21  2.735728e-21  2.774741e-21  2.795046e-21  2.798300e-21  2.792799e-21  2.788133e-21  2.792522e-21  2.813399e-21  2.850215e-21  2.899090e-21  2.956071e-21  3.014120e-21  3.068884e-21  3.116714e-21  3.157957e-21  3.193291e-21  3.223813e-21  3.252009e-21  3.281119e-21  3.311288e-21  3.343340e-21  3.380237e-21  3.420801e-21  3.468718e-21  3.524120e-21  3.591763e-21  3.669873e-21  3.758907e-21  3.854801e-21  3.951795e-21  4.048327e-21  4.135785e-21  4.214526e-21  4.284636e-21  4.346196e-21  4.403275e-21  4.458321e-21  4.513861e-21  4.569669e-21  4.623075e-21  4.669922e-21  4.703671e-21  4.722320e-21  4.721790e-21  4.704350e-21  4.673931e-21  4.634704e-21  4.590774e-21  4.544710e-21  4.498975e-21  4.457336e-21  4.420741e-21  4.390091e-21  4.366207e-21  4.348744e-21  4.338519e-21  4.336409e-21  4.344567e-21  4.361513e-21  4.392047e-21  4.438469e-21  4.500304e-21  4.576492e-21  4.661785e-21  4.751032e-21  4.841435e-21  4.925732e-21  4.999701e-21  5.059753e-21  5.100590e-21  5.121403e-21  5.120826e-21  5.100686e-21  5.062692e-21  5.007948e-21  4.941372e-21  4.863817e-21  4.780211e-21  4.693824e-21  4.607069e-21  4.521399e-21  4.438482e-21  4.359731e-21  4.284632e-21  4.213789e-21  4.147554e-21  4.085012e-21  4.028467e-21  3.975586e-21  3.926751e-21  3.879959e-21  3.834300e-21  3.789148e-21  3.742551e-21  3.695296e-21  3.645614e-21  3.594100e-21  3.541531e-21  3.489794e-21  3.438665e-21  3.388233e-21  3.336685e-21  3.283528e-21  3.228099e-21  3.170578e-21  3.112690e-21  3.053973e-21  2.995058e-21  2.935290e-21  2.876510e-21  2.821590e-21  2.770002e-21  2.722016e-21  2.676158e-21  2.630480e-21  2.584847e-21  2.540862e-21  2.499292e-21  2.459049e-21  2.420799e-21  2.382656e-21  2.342960e-21  2.302353e-21  2.262039e-21  2.221695e-21  2.181876e-21  2.143401e-21  2.105276e-21  2.068363e-21  2.032415e-21  1.996936e-21  1.961273e-21  1.923750e-21  1.884227e-21  1.842757e-21  1.801598e-21  1.760666e-21  1.720109e-21  1.680110e-21  1.641220e-21  1.603030e-21  1.566956e-21  1.532417e-21  1.498630e-21  1.466281e-21  1.434116e-21  1.403496e-21  1.374172e-21  1.348147e-21  1.325122e-21  1.304429e-21  1.286078e-21  1.267823e-21  1.247584e-21  1.224699e-21  1.198082e-21  1.168895e-21  1.138670e-21  1.108119e-21  1.079275e-21  1.051172e-21  1.024321e-21  9.975979e-22  9.705209e-22  9.444084e-22  9.179922e-22  8.932451e-22  8.709889e-22  8.496828e-22  8.302199e-22  8.121955e-22  7.962194e-22  7.812911e-22  7.679357e-22  7.551125e-22  7.436430e-22  7.324342e-22  7.215793e-22  7.119148e-22  7.028508e-22  6.957519e-22  6.908385e-22  6.875630e-22  6.846472e-22  6.784822e-22  6.698264e-22  6.566112e-22  6.409362e-22  6.164618e-22  5.927068e-22  5.692142e-22  5.553573e-22  5.443431e-22  5.314075e-22  5.180395e-22  5.056513e-22  4.925157e-22  4.775016e-22  4.635655e-22  4.544651e-22  4.440113e-22  4.356279e-22  4.308556e-22  4.267279e-22  4.241496e-22  4.206227e-22  4.182650e-22  4.160737e-22  4.151194e-22  4.158856e-22  4.183070e-22  4.220678e-22  4.282223e-22  4.343123e-22  4.399273e-22  4.424473e-22  4.410681e-22  4.338715e-22  4.212302e-22  4.024017e-22  3.817614e-22  3.607023e-22  3.413231e-22  3.241400e-22  3.099121e-22  2.982557e-22  2.881655e-22  2.797562e-22  2.727013e-22  2.677512e-22  2.628066e-22  2.582539e-22  2.541207e-22  2.509594e-22  2.477084e-22  2.456402e-22  2.445205e-22  2.443644e-22  2.448802e-22  2.480955e-22  2.537097e-22  2.604411e-22  2.693594e-22  2.810423e-22  2.933223e-22  3.043709e-22  3.121254e-22  3.165308e-22  3.149368e-22  3.087269e-22  2.967032e-22  2.832272e-22  2.673877e-22  2.524563e-22  2.381727e-22  2.267322e-22  2.159813e-22  2.071176e-22  1.986555e-22  1.906214e-22  1.827348e-22  1.749433e-22  1.676333e-22  1.624018e-22  1.574826e-22  1.534156e-22  1.511980e-22  1.485686e-22  1.460705e-22  1.444236e-22  1.426888e-22  1.417067e-22  1.422699e-22  1.422436e-22  1.451130e-22  1.496535e-22  1.574117e-22  1.660434e-22  1.748008e-22  1.836161e-22  1.928504e-22  2.019084e-22  2.135155e-22  2.200968e-22  2.272823e-22  2.289418e-22  2.261676e-22  2.171941e-22  2.103729e-22  1.931713e-22  1.809227e-22  1.802815e-22  1.531153e-22  1.394239e-22  1.279603e-22  1.166331e-22  1.119698e-22  1.013887e-22  9.514342e-23  8.979124e-23  8.593894e-23  7.895152e-23  7.737291e-23  7.373141e-23  7.382296e-23  7.103814e-23  7.138900e-23  7.171200e-23  7.209583e-23  7.364515e-23  7.440553e-23  7.678871e-23  7.840844e-23  8.122998e-23  8.466540e-23  9.078456e-23  9.683764e-23  1.055172e-22  1.141480e-22  1.233528e-22  1.327934e-22  1.423825e-22  1.431528e-22  1.406007e-22  1.361235e-22  1.293040e-22  1.245841e-22  1.180062e-22  1.103765e-22  1.023985e-22  9.339849e-23  8.455737e-23  7.667841e-23  7.085196e-23  6.429468e-23  5.912385e-23  5.456185e-23  4.941191e-23  4.674662e-23  4.431590e-23  4.112882e-23  3.981621e-23  3.812737e-23  3.639621e-23  3.660270e-23  3.543724e-23  3.559998e-23  3.664111e-23  3.734710e-23  3.885660e-23  4.005717e-23  4.125735e-23  4.273451e-23  4.428476e-23  4.673343e-23  4.868091e-23  4.992050e-23  5.019440e-23  5.036384e-23  4.914661e-23  4.756045e-23  4.911925e-23  5.125932e-23  5.636530e-23  6.211045e-23  6.910784e-23  6.911580e-23  8.220861e-23  6.861218e-23  6.822664e-23  6.478450e-23  6.211631e-23  4.769996e-23  4.521013e-23  4.292409e-23  4.937898e-23  4.289444e-23  3.955290e-23  3.670313e-23  3.233858e-23  3.147108e-23  3.038521e-23  3.078036e-23  2.250246e-23  3.072254e-23  2.066361e-23  2.749579e-23  2.032685e-23  1.985619e-23  1.700497e-23  1.929343e-23  1.695032e-23  1.820227e-23  1.919568e-23  1.814705e-23  1.687267e-23  2.356107e-23  2.463531e-23  3.513723e-23  5.372534e-23  8.138228e-23  8.261833e-23  1.159859e-22  1.704388e-22  1.581756e-22  1.488062e-22  1.289032e-22  5.935330e-23  4.510146e-23  6.062975e-23  6.520842e-23  1.639996e-22  1.562348e-22  7.331854e-23  1.406593e-22  5.948387e-23  1.158021e-22  3.596994e-23  1.508438e-22  2.657457e-23  9.274704e-23  5.034876e-23  3.574908e-23  6.216463e-23  5.014065e-23  5.823286e-23  3.441598e-23  3.514667e-23  2.789578e-23  2.724143e-23  2.802648e-23  2.212124e-23  2.393377e-23  2.215615e-23  1.961431e-23  1.930372e-23  1.223886e-23  7.687837e-24  1.006192e-23  6.174994e-24  8.540822e-24  9.012984e-24  1.065359e-23  1.387360e-23  1.223039e-23  7.880518e-24  7.174670e-24  8.998414e-24  9.853542e-24  4.423239e-24  4.951485e-24  6.707435e-24  4.435309e-24  7.093138e-24  6.137767e-24  7.986369e-24  9.511612e-24  1.153619e-23  1.457708e-23  2.675902e-23  3.053466e-23  2.108994e-23  2.123754e-23  2.128386e-23  1.664953e-23  1.108112e-23  1.164826e-23  8.363628e-24  7.458766e-24  6.264989e-24  6.114120e-24  4.462558e-24  4.867818e-24  3.285342e-24  3.898759e-24  2.859135e-24  2.672437e-24  2.996322e-24  2.628464e-24  1.974069e-24  2.447933e-24  2.048526e-24  1.864873e-24  1.604432e-24  1.735253e-24  1.560599e-24  1.258862e-24  1.353009e-24  1.318414e-24  1.093705e-24  9.203430e-25  9.065889e-25  1.067597e-24  7.774411e-25  8.737399e-25  6.569843e-25  7.266538e-25  8.384273e-25  5.765000e-25  7.457954e-25  6.654034e-25  7.494296e-25  7.479616e-25  9.034902e-25  1.006489e-24  9.560401e-25  1.060041e-24  1.165202e-24  1.406357e-24  1.646080e-24  1.863605e-24  2.103991e-24  2.504142e-24  3.412115e-24  6.257194e-24  5.439765e-24  4.051696e-24  4.242327e-24  4.144694e-24  3.349654e-24  2.526461e-24  2.373088e-24  1.302539e-24  1.662745e-24  1.046919e-24  1.276684e-24  9.624657e-25  7.422079e-25  8.698099e-25  7.752667e-25  5.957585e-25  6.998391e-25  7.074638e-25  9.347541e-25  1.179750e-24  6.534894e-25  6.251474e-25  7.025676e-25  6.455883e-25  4.786745e-25  4.483376e-25  4.478095e-25  3.304391e-25  7.762808e-25  3.322351e-25  6.822297e-25  6.432527e-25  2.595448e-25  1.168430e-24  8.467343e-25  4.036001e-25  4.393939e-25  1.325290e-24  6.361059e-25  2.678368e-24  8.042944e-25  5.026223e-25  1.013218e-24  2.032670e-24  7.457341e-25  4.128866e-25  3.758041e-24  8.105897e-25  2.190655e-24  3.048089e-24  5.372235e-25  2.831554e-24  2.513033e-24  4.767194e-24
4.637977e-21  6.661527e-21  3.969086e-21  2.776305e-21  4.419810e-21  2.166230e-21  1.601267e-21  2.712876e-21  2.055956e-21  1.077155e-21  1.517027e-21  1.039161e-21  5.628234e-22  6.398185e-22  1.010323e-21  6.151009e-22  4.419743e-22  3.664539e-22  2.769411e-22  1.874374e-22  2.120709e-22  2.002041e-22  2.543152e-22  1.675763e-22  9.335789e-23  7.898445e-23  6.384046e-23  8.295028e-23  6.572340e-23  5.010959e-23  6.451781e-23  4.463559e-23  2.636492e-23  2.061987e-23  1.732729e-23  2.761706e-23  2.515958e-23  1.442643e-23  1.101035e-23  1.300960e-23  1.028187e-23  9.101633e-24  7.279956e-24  5.715161e-24  8.606983e-24  7.380984e-24  5.198573e-24  4.585815e-24  4.847633e-24  4.582446e-24  5.007778e-24  4.630101e-24  4.609599e-24  5.136391e-24  5.383278e-24  4.077358e-24  4.242968e-24  4.746882e-24  5.305931e-24  6.009571e-24  6.675932e-24  6.029987e-24  6.230974e-24  6.963767e-24  8.205292e-24  9.679902e-24  1.057988e-23  1.002433e-23  9.273849e-24  9.688650e-24  1.084178e-23  1.237136e-23  1.399981e-23  1.538461e-23  1.511715e-23  1.489057e-23  1.596831e-23  1.859688e-23  2.222826e-23  2.537773e-23  2.713863e-23  2.692486e-23  2.582658e-23  2.449476e-23  2.526093e-23  2.759699e-23  3.168861e-23  3.557779e-23  3.686850e-23  3.693268e-23  3.676783e-23  3.806671e-23  4.351944e-23  5.190797e-23  6.096527e-23  6.767112e-23  7.034350e-23  6.842994e-23  6.486152e-23  6.158518e-23  6.202150e-23  6.772754e-23  7.649586e-23  8.411141e-23  8.615789e-23  8.468790e-23  8.390361e-23  8.756994e-23  9.782757e-23  1.137322e-22  1.329961e-22  1.515745e-22  1.684379e-22  1.786334e-22  1.745868e-22  1.645383e-22  1.526449e-22  1.495161e-22  1.542359e-22  1.685956e-22  1.843196e-22  1.943837e-22  1.945243e-22  1.936029e-22  1.939224e-22  2.016948e-22  2.184216e-22  2.485915e-22  2.868640e-22  3.252535e-22  3.628139e-22  3.904016e-22  4.027966e-22  3.927850e-22  3.731756e-22  3.494546e-22  3.354739e-22  3.405085e-22  3.611750e-22  3.890903e-22  4.076711e-22  4.143050e-22  4.137631e-22  4.153446e-22  4.255755e-22  4.500615e-22  4.903076e-22  5.436011e-22  6.060707e-22  6.727250e-22  7.418193e-22  7.996942e-22  8.359240e-22  8.442965e-22  8.278345e-22  7.981982e-22  7.689454e-22  7.491364e-22  7.475667e-22  7.653447e-22  7.961789e-22  8.246335e-22  8.458824e-22  8.545910e-22  8.607367e-22  8.718856e-22  8.964117e-22  9.412561e-22  1.004993e-21  1.084351e-21  1.173085e-21  1.270661e-21  1.368898e-21  1.461550e-21  1.537574e-21  1.589459e-21  1.612034e-21  1.605695e-21  1.581445e-21  1.549941e-21  1.523242e-21  1.512213e-21  1.519409e-21  1.545144e-21  1.581130e-21  1.619363e-21  1.653592e-21  1.684686e-21  1.712920e-21  1.742015e-21  1.775875e-21  1.822175e-21  1.880114e-21  1.950540e-21  2.033346e-21  2.124087e-21  2.219935e-21  2.318609e-21  2.418981e-21  2.514734e-21  2.602207e-21  2.677444e-21  2.735771e-21  2.774562e-21  2.794880e-21  2.797862e-21  2.792172e-21  2.787147e-21  2.791530e-21  2.812870e-21  2.849892e-21  2.898952e-21  2.956116e-21  3.014424e-21  3.069223e-21  3.117262e-21  3.158620e-21  3.193878e-21  3.224319e-21  3.252406e-21  3.281415e-21  3.311661e-21  3.343683e-21  3.380442e-21  3.421098e-21  3.468948e-21  3.524093e-21  3.591966e-21  3.669964e-21  3.759288e-21  3.854977e-21  3.951691e-21  4.048455e-21  4.135908e-21  4.214684e-21  4.284929e-21  4.346500e-21  4.403893e-21  4.458974e-21  4.514865e-21  4.570941e-21  4.624508e-21  4.671603e-21  4.705371e-21  4.723892e-21  4.723554e-21  4.705803e-21  4.675169e-21  4.635664e-21  4.591656e-21  4.545273e-21  4.499413e-21  4.457521e-21  4.420891e-21  4.390156e-21  4.366313e-21  4.348619e-21  4.338326e-21  4.336153e-21  4.344442e-21  4.361488e-21  4.392165e-21  4.438958e-21  4.501099e-21  4.577620e-21  4.663197e-21  4.752760e-21  4.843360e-21  4.927740e-21  5.001811e-21  5.061791e-21  5.102615e-21  5.123359e-21  5.122695e-21  5.102245e-21  5.064105e-21  5.009234e-21  4.942408e-21  4.864751e-21  4.780865e-21  4.694276e-21  4.607318e-21  4.521614e-21  4.438673e-21  4.359777e-21  4.284662e-21  4.213696e-21  4.147457e-21  4.084749e-21  4.028209e-21  3.975206e-21  3.926412e-21  3.879607e-21  3.833964e-21  3.788882e-21  3.742365e-21  3.695111e-21  3.645308e-21  3.593744e-21  3.540942e-21  3.489208e-21  3.438005e-21  3.387661e-21  3.335781e-21  3.282450e-21  3.226842e-21  3.169160e-21  3.111130e-21  3.052170e-21  2.993124e-21  2.933229e-21  2.874329e-21  2.819386e-21  2.767750e-21  2.719749e-21  2.673744e-21  2.628040e-21  2.582367e-21  2.538217e-21  2.496643e-21  2.456415e-21  2.418139e-21  2.379983e-21  2.340205e-21  2.299612e-21  2.259225e-21  2.218854e-21  2.178959e-21  2.140613e-21  2.102381e-21  2.065486e-21  2.029586e-21  1.994090e-21  1.958500e-21  1.920966e-21  1.881491e-21  1.839851e-21  1.798569e-21  1.757635e-21  1.717094e-21  1.677030e-21  1.638076e-21  1.599729e-21  1.563805e-21  1.529166e-21  1.495329e-21  1.463035e-21  1.430802e-21  1.400247e-21  1.370769e-21  1.344781e-21  1.321805e-21  1.301100e-21  1.282832e-21  1.264687e-21  1.244525e-21  1.221668e-21  1.195032e-21  1.165859e-21  1.135627e-21  1.105049e-21  1.076271e-21  1.048163e-21  1.021302e-21  9.945884e-22  9.675340e-22  9.414396e-22  9.150035e-22  8.901808e-22  8.680070e-22  8.467662e-22  8.272835e-22  8.093850e-22  7.934243e-22  7.785246e-22  7.652564e-22  7.524433e-22  7.409897e-22  7.297888e-22  7.190373e-22  7.094624e-22  7.003726e-22  6.934558e-22  6.886168e-22  6.854756e-22  6.826480e-22  6.765375e-22  6.679349e-22  6.548077e-22  6.392142e-22  6.146813e-22  5.909347e-22  5.672212e-22  5.536024e-22  5.425758e-22  5.295731e-22  5.161982e-22  5.038718e-22  4.907716e-22  4.756581e-22  4.617439e-22  4.527095e-22  4.423097e-22  4.338295e-22  4.291526e-22  4.250964e-22  4.225201e-22  4.188594e-22  4.166862e-22  4.145324e-22  4.136377e-22  4.144631e-22  4.169486e-22  4.206735e-22  4.269782e-22  4.333388e-22  4.389875e-22  4.415922e-22  4.402897e-22  4.330983e-22  4.204572e-22  4.014343e-22  3.807006e-22  3.596537e-22  3.400805e-22  3.229827e-22  3.087888e-22  2.969490e-22  2.869294e-22  2.786015e-22  2.715016e-22  2.666010e-22  2.617081e-22  2.572541e-22  2.532449e-22  2.501343e-22  2.468669e-22  2.447980e-22  2.436042e-22  2.436256e-22  2.439617e-22  2.473102e-22  2.527955e-22  2.596430e-22  2.686740e-22  2.805202e-22  2.930864e-22  3.040058e-22  3.120830e-22  3.165086e-22  3.147153e-22  3.086780e-22  2.966234e-22  2.827927e-22  2.669476e-22  2.522484e-22  2.376189e-22  2.262803e-22  2.152664e-22  2.066976e-22  1.983103e-22  1.901997e-22  1.821231e-22  1.744097e-22  1.671633e-22  1.617336e-22  1.569998e-22  1.531329e-22  1.507874e-22  1.482524e-22  1.456588e-22  1.442148e-22  1.424311e-22  1.416303e-22  1.422187e-22  1.422588e-22  1.453237e-22  1.494719e-22  1.575054e-22  1.660176e-22  1.750997e-22  1.840856e-22  1.931464e-22  2.024672e-22  2.142631e-22  2.208289e-22  2.283816e-22  2.298271e-22  2.268294e-22  2.183505e-22  2.110641e-22  1.940333e-22  1.810384e-22  1.811033e-22  1.536251e-22  1.400905e-22  1.287610e-22  1.176701e-22  1.124918e-22  1.017050e-22  9.578077e-23  9.006348e-23  8.587887e-23  7.933385e-23  7.755629e-23  7.385018e-23  7.388681e-23  7.115868e-23  7.142823e-23  7.199185e-23  7.251434e-23  7.375991e-23  7.445858e-23  7.683198e-23  7.888197e-23  8.178510e-23  8.526495e-23  9.174298e-23  9.823856e-23  1.069731e-22  1.156434e-22  1.246394e-22  1.339388e-22  1.437967e-22  1.449084e-22  1.419761e-22  1.372730e-22  1.307088e-22  1.258753e-22  1.188327e-22  1.117322e-22  1.033544e-22  9.402894e-23  8.489900e-23  7.676772e-23  7.092867e-23  6.410924e-23  5.912118e-23  5.432398e-23  4.937507e-23  4.668599e-23  4.394600e-23  4.061699e-23  3.956178e-23  3.783645e-23  3.601409e-23  3.642697e-23  3.502669e-23  3.533735e-23  3.665086e-23  3.713855e-23  3.891576e-23  4.008125e-23  4.121695e-23  4.270138e-23  4.434818e-23  4.693197e-23  4.899836e-23  5.018005e-23  5.041554e-23  5.053805e-23  4.942430e-23  4.786141e-23  4.941974e-23  5.147207e-23  5.684054e-23  6.253820e-23  6.968715e-23  6.987874e-23  8.295544e-23  6.918878e-23  6.871553e-23  6.528712e-23  6.266795e-23  4.782440e-23  4.536776e-23  4.320333e-23  4.962946e-23  4.296810e-23  3.948057e-23  3.672680e-23  3.225335e-23  3.155516e-23  3.025135e-23  3.083726e-23  2.250324e-23  3.060629e-23  2.065342e-23  2.739468e-23  2.033620e-23  1.976812e-23  1.688079e-23  1.920290e-23  1.694558e-23  1.811408e-23  1.928374e-23  1.809975e-23  1.685268e-23  2.353836e-23  2.436173e-23  3.451306e-23  5.307674e-23  8.037223e-23  8.221746e-23  1.154199e-22  1.712888e-22  1.592255e-22  1.505641e-22  1.305218e-22  5.994763e-23  4.569993e-23  6.124835e-23  6.593167e-23  1.659508e-22  1.575469e-22  7.363424e-23  1.413260e-22  5.987401e-23  1.165035e-22  3.607852e-23  1.515999e-22  2.657696e-23  9.314038e-23  4.994897e-23  3.567411e-23  6.188128e-23  4.988461e-23  5.779506e-23  3.438073e-23  3.470850e-23  2.790822e-23  2.719428e-23  2.782479e-23  2.205696e-23  2.388020e-23  2.216519e-23  1.976976e-23  1.931743e-23  1.236598e-23  7.691297e-24  1.013514e-23  6.212518e-24  8.588049e-24  9.054448e-24  1.061785e-23  1.399652e-23  1.226467e-23  7.864666e-24  7.117443e-24  8.985120e-24  9.798766e-24  4.399205e-24  4.935608e-24  6.675652e-24  4.433140e-24  7.063652e-24  6.140492e-24  8.084575e-24  9.636940e-24  1.173751e-23  1.479442e-23  2.716604e-23  3.115106e-23  2.149570e-23  2.158867e-23  2.164596e-23  1.683092e-23  1.113064e-23  1.173885e-23  8.425261e-24  7.508344e-24  6.315704e-24  6.166662e-24  4.479488e-24  4.894951e-24  3.317889e-24  3.878771e-24  2.874432e-24  2.714980e-24  2.995083e-24  2.613797e-24  1.972405e-24  2.458048e-24  2.082419e-24  1.845050e-24  1.581766e-24  1.767143e-24  1.593641e-24  1.265443e-24  1.310761e-24  1.298199e-24  1.047236e-24  8.842188e-25  8.274411e-25  1.024451e-24  7.362600e-25  7.854735e-25  5.844291e-25  6.588013e-25  7.322077e-25  5.445146e-25  6.714600e-25  5.738208e-25  6.304219e-25  6.061854e-25  8.200859e-25  8.952383e-25  8.555706e-25  9.441948e-25  1.035705e-24  1.318494e-24  1.542759e-24  1.741639e-24  2.019530e-24  2.414384e-24  3.309435e-24  6.236520e-24  5.401583e-24  3.938254e-24  4.163980e-24  3.998962e-24  3.223793e-24  2.334037e-24  2.221847e-24  1.113694e-24  1.449906e-24  8.191724e-25  1.055315e-24  7.373922e-25  5.051404e-25  6.548728e-25  5.478973e-25  3.809782e-25  4.402948e-25  4.343833e-25  6.491090e-25  9.370879e-25  3.482192e-25  3.222184e-25  4.023542e-25  3.363894e-25  1.693042e-25  1.773237e-25  1.468400e-25  4.801259e-26  4.863666e-25  9.141008e-26  4.183489e-25  4.068347e-25  2.401578e-26  9.209237e-25  6.504881e-25  1.883857e-25  2.115832e-25  1.097148e-24  4.113203e-25  2.448085e-24  5.814193e-25  2.761649e-25  7.912427e-25  1.792530e-24  5.015025e-25  1.700980e-25  3.547831e-24  5.670345e-25  1.917772e-24  2.792820e-24  2.846666e-25  2.551417e-24  2.265963e-24  4.541531e-24
4.535982e-21  6.572066e-21  3.882783e-21  2.695733e-21  4.348765e-21  2.107493e-21  1.543045e-21  2.662365e-21  2.012678e-21  1.033593e-21  1.470649e-21  1.007813e-21  5.315963e-22  6.022467e-22  9.765295e-22  5.964833e-22  4.217891e-22  3.540838e-22  2.713423e-22  1.793740e-22  2.028011e-22  1.968771e-22  2.565091e-22  1.620414e-22  8.816240e-23  7.524097e-23  6.021253e-23  7.822787e-23  6.130339e-23  4.727579e-23  6.279398e-23  4.212956e-23  2.462465e-23  1.900993e-23  1.622677e-23  2.631302e-23  2.338130e-23  1.316218e-23  1.029381e-23  1.227662e-23  9.649842e-24  8.461693e-24  6.410130e-24  5.468987e-24  8.200151e-24  7.079087e-24  4.978444e-24  4.420723e-24  4.550539e-24  4.510635e-24  4.868476e-24  4.734805e-24  4.703453e-24  5.165552e-24  5.148558e-24  4.187072e-24  4.365690e-24  4.899485e-24  5.344757e-24  5.997737e-24  6.527974e-24  5.967041e-24  6.307425e-24  6.883003e-24  8.026660e-24  9.725755e-24  1.055311e-23  9.683027e-24  8.936288e-24  9.419853e-24  1.061817e-23  1.215234e-23  1.372650e-23  1.498604e-23  1.480638e-23  1.472317e-23  1.581927e-23  1.848441e-23  2.214036e-23  2.536302e-23  2.685385e-23  2.668252e-23  2.557345e-23  2.450873e-23  2.531165e-23  2.760976e-23  3.176342e-23  3.550928e-23  3.656804e-23  3.678008e-23  3.663406e-23  3.840932e-23  4.401330e-23  5.220580e-23  6.084381e-23  6.745304e-23  7.012223e-23  6.831310e-23  6.485780e-23  6.179574e-23  6.214216e-23  6.804554e-23  7.679618e-23  8.382752e-23  8.607631e-23  8.459112e-23  8.372917e-23  8.720175e-23  9.715509e-23  1.128460e-22  1.322363e-22  1.513609e-22  1.677904e-22  1.772153e-22  1.736104e-22  1.632504e-22  1.522105e-22  1.483595e-22  1.535937e-22  1.680995e-22  1.841954e-22  1.937884e-22  1.942799e-22  1.926724e-22  1.928284e-22  2.012770e-22  2.196059e-22  2.499464e-22  2.879445e-22  3.264427e-22  3.637394e-22  3.912872e-22  4.028187e-22  3.928892e-22  3.721290e-22  3.483426e-22  3.346032e-22  3.398887e-22  3.612427e-22  3.891488e-22  4.079846e-22  4.145878e-22  4.141478e-22  4.149241e-22  4.244778e-22  4.487176e-22  4.898208e-22  5.438892e-22  6.065494e-22  6.732115e-22  7.416733e-22  8.001002e-22  8.369202e-22  8.448793e-22  8.275074e-22  7.961473e-22  7.647150e-22  7.446642e-22  7.443045e-22  7.640276e-22  7.956017e-22  8.244072e-22  8.443915e-22  8.533507e-22  8.596722e-22  8.711064e-22  8.957683e-22  9.399211e-22  1.003098e-21  1.082167e-21  1.171432e-21  1.269078e-21  1.368131e-21  1.461047e-21  1.537422e-21  1.589172e-21  1.611284e-21  1.604690e-21  1.579595e-21  1.547476e-21  1.520630e-21  1.509555e-21  1.517462e-21  1.543538e-21  1.579634e-21  1.617784e-21  1.652123e-21  1.682923e-21  1.711405e-21  1.740820e-21  1.775371e-21  1.821372e-21  1.879298e-21  1.950254e-21  2.033125e-21  2.124137e-21  2.220342e-21  2.319236e-21  2.419587e-21  2.515173e-21  2.602549e-21  2.677151e-21  2.734972e-21  2.773802e-21  2.793686e-21  2.796386e-21  2.790327e-21  2.785147e-21  2.789974e-21  2.811801e-21  2.849509e-21  2.899278e-21  2.956461e-21  3.014946e-21  3.069941e-21  3.118380e-21  3.159820e-21  3.194709e-21  3.225347e-21  3.253307e-21  3.282024e-21  3.312346e-21  3.344859e-21  3.381459e-21  3.422398e-21  3.469727e-21  3.524779e-21  3.592328e-21  3.670290e-21  3.759894e-21  3.854562e-21  3.950684e-21  4.047162e-21  4.134873e-21  4.213826e-21  4.283864e-21  4.345441e-21  4.402881e-21  4.457867e-21  4.513755e-21  4.569852e-21  4.623385e-21  4.670521e-21  4.704624e-21  4.722986e-21  4.722332e-21  4.704649e-21  4.673890e-21  4.634284e-21  4.590303e-21  4.543571e-21  4.497681e-21  4.455730e-21  4.419261e-21  4.388526e-21  4.364582e-21  4.347062e-21  4.337270e-21  4.335399e-21  4.343790e-21  4.361099e-21  4.391842e-21  4.438683e-21  4.501126e-21  4.578106e-21  4.663906e-21  4.753698e-21  4.844323e-21  4.929001e-21  5.003482e-21  5.063217e-21  5.104163e-21  5.124514e-21  5.123823e-21  5.102957e-21  5.064351e-21  5.009618e-21  4.942156e-21  4.864317e-21  4.780172e-21  4.693185e-21  4.606066e-21  4.520209e-21  4.437228e-21  4.358155e-21  4.282960e-21  4.212013e-21  4.145520e-21  4.083156e-21  4.026767e-21  3.973824e-21  3.925081e-21  3.878141e-21  3.832511e-21  3.787191e-21  3.740748e-21  3.693215e-21  3.643484e-21  3.592046e-21  3.539128e-21  3.487216e-21  3.435707e-21  3.385218e-21  3.333486e-21  3.280102e-21  3.224429e-21  3.166469e-21  3.108314e-21  3.049404e-21  2.990071e-21  2.929921e-21  2.871021e-21  2.815743e-21  2.764060e-21  2.716210e-21  2.670138e-21  2.624332e-21  2.578524e-21  2.534522e-21  2.492947e-21  2.452915e-21  2.414482e-21  2.376459e-21  2.336545e-21  2.295958e-21  2.255426e-21  2.214949e-21  2.175101e-21  2.136571e-21  2.098425e-21  2.061481e-21  2.025500e-21  1.990125e-21  1.954459e-21  1.916914e-21  1.877234e-21  1.835768e-21  1.794465e-21  1.753536e-21  1.712943e-21  1.672931e-21  1.633983e-21  1.595879e-21  1.559815e-21  1.525127e-21  1.491357e-21  1.459100e-21  1.426913e-21  1.396302e-21  1.367049e-21  1.340938e-21  1.317913e-21  1.297329e-21  1.279040e-21  1.260789e-21  1.240697e-21  1.217664e-21  1.191091e-21  1.161983e-21  1.131609e-21  1.101121e-21  1.072216e-21  1.044346e-21  1.017501e-21  9.908584e-22  9.637162e-22  9.378487e-22  9.113318e-22  8.865989e-22  8.642942e-22  8.431003e-22  8.236106e-22  8.058611e-22  7.899328e-22  7.751615e-22  7.619800e-22  7.493929e-22  7.379685e-22  7.269043e-22  7.162398e-22  7.067404e-22  6.976186e-22  6.907904e-22  6.860522e-22  6.830663e-22  6.801615e-22  6.740668e-22  6.654596e-22  6.521777e-22  6.367503e-22  6.120794e-22  5.884153e-22  5.645984e-22  5.509688e-22  5.400278e-22  5.271118e-22  5.135618e-22  5.016044e-22  4.882237e-22  4.732144e-22  4.593023e-22  4.501882e-22  4.398295e-22  4.316428e-22  4.268436e-22  4.230925e-22  4.205731e-22  4.173625e-22  4.149079e-22  4.131098e-22  4.123247e-22  4.131545e-22  4.158213e-22  4.196295e-22  4.259129e-22  4.323015e-22  4.379896e-22  4.406970e-22  4.392657e-22  4.320343e-22  4.192001e-22  4.003617e-22  3.792678e-22  3.581386e-22  3.386493e-22  3.216193e-22  3.073843e-22  2.954432e-22  2.854848e-22  2.773523e-22  2.704615e-22  2.654742e-22  2.604555e-22  2.561272e-22  2.522026e-22  2.489872e-22  2.459450e-22  2.439025e-22  2.428168e-22  2.427508e-22  2.436050e-22  2.469508e-22  2.522076e-22  2.593385e-22  2.687663e-22  2.804707e-22  2.928779e-22  3.038244e-22  3.121499e-22  3.164226e-22  3.147328e-22  3.087011e-22  2.967720e-22  2.826608e-22  2.669601e-22  2.520218e-22  2.376048e-22  2.260694e-22  2.152093e-22  2.065083e-22  1.983491e-22  1.902694e-22  1.822940e-22  1.746181e-22  1.675309e-22  1.619215e-22  1.573477e-22  1.538532e-22  1.509280e-22  1.484563e-22  1.460695e-22  1.446925e-22  1.427034e-22  1.420547e-22  1.425552e-22  1.430891e-22  1.460373e-22  1.504196e-22  1.584184e-22  1.667015e-22  1.756376e-22  1.845564e-22  1.939376e-22  2.031758e-22  2.146809e-22  2.211163e-22  2.294223e-22  2.303654e-22  2.274783e-22  2.189295e-22  2.118159e-22  1.942260e-22  1.813487e-22  1.812065e-22  1.539823e-22  1.402077e-22  1.290884e-22  1.179701e-22  1.131038e-22  1.022047e-22  9.585061e-23  9.027954e-23  8.641177e-23  8.004538e-23  7.838411e-23  7.428456e-23  7.411633e-23  7.186792e-23  7.221748e-23  7.260748e-23  7.292656e-23  7.384451e-23  7.502194e-23  7.723593e-23  7.939342e-23  8.241570e-23  8.593835e-23  9.143752e-23  9.833381e-23  1.069226e-22  1.154136e-22  1.242001e-22  1.342252e-22  1.427283e-22  1.446151e-22  1.412522e-22  1.369649e-22  1.308712e-22  1.256669e-22  1.187095e-22  1.116218e-22  1.030178e-22  9.405360e-23  8.471950e-23  7.669354e-23  7.080404e-23  6.389887e-23  5.920486e-23  5.407016e-23  4.984160e-23  4.708059e-23  4.377681e-23  4.048386e-23  3.946742e-23  3.795017e-23  3.633002e-23  3.646752e-23  3.542634e-23  3.578173e-23  3.665328e-23  3.729579e-23  3.898225e-23  4.011370e-23  4.120895e-23  4.272274e-23  4.467378e-23  4.723969e-23  4.912024e-23  5.050967e-23  5.106238e-23  5.113439e-23  4.985935e-23  4.821341e-23  4.978495e-23  5.202223e-23  5.713259e-23  6.295439e-23  7.056591e-23  7.047447e-23  8.377126e-23  6.987234e-23  6.923307e-23  6.589948e-23  6.349460e-23  4.822845e-23  4.563852e-23  4.370755e-23  5.000762e-23  4.327909e-23  3.972102e-23  3.698292e-23  3.233497e-23  3.176731e-23  3.038202e-23  3.085293e-23  2.286804e-23  3.066455e-23  2.063109e-23  2.734456e-23  2.040459e-23  1.979398e-23  1.691297e-23  1.922927e-23  1.696406e-23  1.804675e-23  1.939890e-23  1.814451e-23  1.685663e-23  2.357360e-23  2.413336e-23  3.402561e-23  5.260211e-23  7.955930e-23  8.180322e-23  1.149385e-22  1.721399e-22  1.603391e-22  1.522700e-22  1.321496e-22  6.059955e-23  4.624301e-23  6.186451e-23  6.672328e-23  1.680190e-22  1.590836e-22  7.422063e-23  1.421427e-22  6.020598e-23  1.174907e-22  3.633507e-23  1.523423e-22  2.666854e-23  9.350766e-23  4.950231e-23  3.551262e-23  6.141738e-23  4.957286e-23  5.729370e-23  3.426410e-23  3.426196e-23  2.776126e-23  2.712529e-23  2.760807e-23  2.195078e-23  2.375910e-23  2.220011e-23  1.998384e-23  1.918842e-23  1.239429e-23  7.585193e-24  1.006861e-23  6.100686e-24  8.529509e-24  8.919392e-24  1.043085e-23  1.407457e-23  1.220837e-23  7.740591e-24  6.986376e-24  8.763194e-24  9.508001e-24  4.202041e-24  4.758650e-24  6.477440e-24  4.216096e-24  6.831497e-24  6.091109e-24  8.057443e-24  9.608551e-24  1.189246e-23  1.504507e-23  2.773288e-23  3.206474e-23  2.195701e-23  2.207247e-23  2.204749e-23  1.703970e-23  1.120091e-23  1.186559e-23  8.474258e-24  7.452379e-24  6.278900e-24  6.131866e-24  4.396811e-24  4.776238e-24  3.164111e-24  3.765903e-24  2.753357e-24  2.567030e-24  2.913567e-24  2.471899e-24  1.897721e-24  2.361257e-24  1.954763e-24  1.722088e-24  1.482775e-24  1.729749e-24  1.522442e-24  1.236603e-24  1.264364e-24  1.195634e-24  9.335733e-25  8.070085e-25  7.432249e-25  9.932575e-25  6.384830e-25  6.690201e-25  5.172251e-25  6.011553e-25  6.433040e-25  5.107766e-25  5.509297e-25  5.397451e-25  5.542854e-25  4.891560e-25  6.592689e-25  7.742592e-25  7.661964e-25  8.803033e-25  9.090616e-25  1.226885e-24  1.475293e-24  1.713232e-24  2.005308e-24  2.403733e-24  3.320952e-24  6.382613e-24  5.575320e-24  4.053190e-24  4.246116e-24  4.055040e-24  3.253481e-24  2.416049e-24  2.195079e-24  1.041092e-24  1.464452e-24  8.071067e-25  1.001476e-24  6.874283e-25  4.531181e-25  6.688146e-25  4.893999e-25  3.360898e-25  4.700636e-25  4.035207e-25  6.575584e-25  9.430175e-25  3.646589e-25  3.236534e-25  3.520321e-25  3.483170e-25  1.625870e-25  1.759704e-25  1.576901e-25  4.363159e-26  4.725389e-25  8.894935e-26  4.127691e-25  3.944966e-25  2.224846e-26  9.074330e-25  6.381706e-25  1.857012e-25  2.029399e-25  1.089847e-24  4.070195e-25  2.445580e-24  5.708139e-25  2.698132e-25  7.812011e-25  1.800243e-24  4.935092e-25  1.621751e-25  3.559138e-24  5.518081e-25  1.909824e-24  2.780318e-24  2.776638e-25  2.527300e-24  2.250476e-24  4.563008e-24
4.433987e-21  6.482605e-21  3.796479e-21  2.615161e-21  4.277720e-21  2.048757e-21  1.484824e-21  2.611854e-21  1.969399e-21  9.900314e-22  1.424271e-21  9.764650e-22  5.003692e-22  5.646749e-22  9.427360e-22  5.778657e-22  4.016040e-22  3.417137e-22  2.657435e-22  1.713107e-22  1.935314e-22  1.935501e-22  2.587030e-22  1.565064e-22  8.296692e-23  7.149748e-23  5.658460e-23  7.350545e-23  5.688338e-23  4.444199e-23  6.107015e-23  3.962353e-23  2.288438e-23  1.740000e-23  1.512624e-23  2.500897e-23  2.160303e-23  1.189793e-23  9.577267e-24  1.154365e-23  9.017818e-24  7.821753e-24  5.540304e-24  5.222812e-24  7.793319e-24  6.777190e-24  4.758314e-24  4.255631e-24  4.253445e-24  4.438824e-24  4.729173e-24  4.839509e-24  4.797307e-24  5.194714e-24  4.913837e-24  4.296785e-24  4.488411e-24  5.052088e-24  5.383582e-24  5.985903e-24  6.380017e-24  5.904096e-24  6.383876e-24  6.802238e-24  7.848028e-24  9.771608e-24  1.052634e-23  9.341721e-24  8.598728e-24  9.151056e-24  1.039455e-23  1.193331e-23  1.345319e-23  1.458747e-23  1.449562e-23  1.455576e-23  1.567023e-23  1.837195e-23  2.205247e-23  2.534832e-23  2.656907e-23  2.644019e-23  2.532032e-23  2.452269e-23  2.536237e-23  2.762253e-23  3.183824e-23  3.544077e-23  3.626758e-23  3.662747e-23  3.650029e-23  3.875194e-23  4.450717e-23  5.250363e-23  6.072235e-23  6.723496e-23  6.990096e-23  6.819626e-23  6.485408e-23  6.200630e-23  6.226282e-23  6.836354e-23  7.709650e-23  8.354362e-23  8.599472e-23  8.449434e-23  8.355474e-23  8.683356e-23  9.648261e-23  1.119599e-22  1.314766e-22  1.511472e-22  1.671428e-22  1.757973e-22  1.726339e-22  1.619625e-22  1.517762e-22  1.472029e-22  1.529515e-22  1.676035e-22  1.840711e-22  1.931931e-22  1.940355e-22  1.917420e-22  1.917344e-22  2.008592e-22  2.207902e-22  2.513012e-22  2.890249e-22  3.276319e-22  3.646649e-22  3.921728e-22  4.028408e-22  3.929934e-22  3.710825e-22  3.472305e-22  3.337324e-22  3.392688e-22  3.613103e-22  3.892073e-22  4.082981e-22  4.148705e-22  4.145324e-22  4.145035e-22  4.233801e-22  4.473737e-22  4.893339e-22  5.441772e-22  6.070281e-22  6.736980e-22  7.415272e-22  8.005062e-22  8.379164e-22  8.454621e-22  8.271803e-22  7.940965e-22  7.604846e-22  7.401920e-22  7.410423e-22  7.627106e-22  7.950245e-22  8.241809e-22  8.429005e-22  8.521105e-22  8.586078e-22  8.703273e-22  8.951248e-22  9.385861e-22  1.001203e-21  1.079982e-21  1.169780e-21  1.267494e-21  1.367365e-21  1.460543e-21  1.537269e-21  1.588884e-21  1.610534e-21  1.603685e-21  1.577745e-21  1.545011e-21  1.518018e-21  1.506896e-21  1.515515e-21  1.541932e-21  1.578137e-21  1.616204e-21  1.650654e-21  1.681161e-21  1.709891e-21  1.739626e-21  1.774866e-21  1.820569e-21  1.878482e-21  1.949968e-21  2.032903e-21  2.124187e-21  2.220749e-21  2.319863e-21  2.420192e-21  2.515612e-21  2.602891e-21  2.676858e-21  2.734174e-21  2.773042e-21  2.792491e-21  2.794909e-21  2.788483e-21  2.783147e-21  2.788417e-21  2.810733e-21  2.849126e-21  2.899604e-21  2.956805e-21  3.015467e-21  3.070659e-21  3.119497e-21  3.161020e-21  3.195540e-21  3.226374e-21  3.254207e-21  3.282632e-21  3.313031e-21  3.346036e-21  3.382476e-21  3.423697e-21  3.470506e-21  3.525465e-21  3.592690e-21  3.670615e-21  3.760499e-21  3.854148e-21  3.949677e-21  4.045868e-21  4.133838e-21  4.212968e-21  4.282800e-21  4.344382e-21  4.401869e-21  4.456759e-21  4.512645e-21  4.568764e-21  4.622262e-21  4.669439e-21  4.703878e-21  4.722080e-21  4.721111e-21  4.703495e-21  4.672610e-21  4.632904e-21  4.588950e-21  4.541868e-21  4.495949e-21  4.453939e-21  4.417630e-21  4.386896e-21  4.362851e-21  4.345506e-21  4.336213e-21  4.334644e-21  4.343137e-21  4.360711e-21  4.391519e-21  4.438408e-21  4.501152e-21  4.578592e-21  4.664616e-21  4.754636e-21  4.845285e-21  4.930262e-21  5.005153e-21  5.064643e-21  5.105711e-21  5.125669e-21  5.124952e-21  5.103670e-21  5.064596e-21  5.010001e-21  4.941905e-21  4.863883e-21  4.779478e-21  4.692094e-21  4.604815e-21  4.518804e-21  4.435784e-21  4.356534e-21  4.281257e-21  4.210330e-21  4.143583e-21  4.081564e-21  4.025324e-21  3.972441e-21  3.923750e-21  3.876676e-21  3.831057e-21  3.785500e-21  3.739132e-21  3.691319e-21  3.641660e-21  3.590348e-21  3.537315e-21  3.485225e-21  3.433410e-21  3.382775e-21  3.331191e-21  3.277753e-21  3.222016e-21  3.163778e-21  3.105498e-21  3.046638e-21  2.987019e-21  2.926613e-21  2.867713e-21  2.812100e-21  2.760370e-21  2.712670e-21  2.666531e-21  2.620625e-21  2.574681e-21  2.530827e-21  2.489251e-21  2.449415e-21  2.410825e-21  2.372935e-21  2.332885e-21  2.292305e-21  2.251628e-21  2.211045e-21  2.171244e-21  2.132528e-21  2.094469e-21  2.057477e-21  2.021414e-21  1.986160e-21  1.950417e-21  1.912862e-21  1.872977e-21  1.831686e-21  1.790360e-21  1.749437e-21  1.708792e-21  1.668833e-21  1.629891e-21  1.592028e-21  1.555824e-21  1.521088e-21  1.487385e-21  1.455166e-21  1.423023e-21  1.392357e-21  1.363328e-21  1.337095e-21  1.314022e-21  1.293558e-21  1.275247e-21  1.256892e-21  1.236868e-21  1.213660e-21  1.187150e-21  1.158107e-21  1.127591e-21  1.097193e-21  1.068161e-21  1.040529e-21  1.013701e-21  9.871281e-22  9.598983e-22  9.342582e-22  9.076601e-22  8.830170e-22  8.605815e-22  8.394345e-22  8.199377e-22  8.023373e-22  7.864411e-22  7.717983e-22  7.587035e-22  7.463425e-22  7.349472e-22  7.240197e-22  7.134423e-22  7.040184e-22  6.948646e-22  6.881250e-22  6.834876e-22  6.806571e-22  6.776750e-22  6.715962e-22  6.629840e-22  6.495460e-22  6.342863e-22  6.094783e-22  5.858974e-22  5.619758e-22  5.483363e-22  5.374804e-22  5.246496e-22  5.109254e-22  4.993374e-22  4.856748e-22  4.707700e-22  4.568608e-22  4.476661e-22  4.373491e-22  4.294561e-22  4.245347e-22  4.210887e-22  4.186260e-22  4.158658e-22  4.131296e-22  4.116872e-22  4.110117e-22  4.118460e-22  4.146941e-22  4.185855e-22  4.248476e-22  4.312642e-22  4.369918e-22  4.398018e-22  4.382416e-22  4.309702e-22  4.179431e-22  3.992891e-22  3.778351e-22  3.566236e-22  3.372182e-22  3.202560e-22  3.059798e-22  2.939374e-22  2.840401e-22  2.761030e-22  2.694215e-22  2.643474e-22  2.592028e-22  2.550004e-22  2.511604e-22  2.478401e-22  2.450232e-22  2.430070e-22  2.420293e-22  2.418761e-22  2.432483e-22  2.465915e-22  2.516197e-22  2.590339e-22  2.688585e-22  2.804211e-22  2.926693e-22  3.036429e-22  3.122168e-22  3.163365e-22  3.147504e-22  3.087242e-22  2.969206e-22  2.825289e-22  2.669725e-22  2.517953e-22  2.375908e-22  2.258585e-22  2.151521e-22  2.063189e-22  1.983878e-22  1.903392e-22  1.824651e-22  1.748266e-22  1.678985e-22  1.621094e-22  1.576958e-22  1.545734e-22  1.510685e-22  1.486604e-22  1.464803e-22  1.451702e-22  1.429756e-22  1.424791e-22  1.428917e-22  1.439194e-22  1.467508e-22  1.513674e-22  1.593316e-22  1.673856e-22  1.761757e-22  1.850274e-22  1.947289e-22  2.038846e-22  2.150973e-22  2.214026e-22  2.304614e-22  2.309028e-22  2.281286e-22  2.195097e-22  2.125704e-22  1.944193e-22  1.816593e-22  1.813104e-22  1.543391e-22  1.403262e-22  1.294162e-22  1.182702e-22  1.137158e-22  1.027040e-22  9.591969e-23  9.049467e-23  8.694331e-23  8.075661e-23  7.921150e-23  7.471904e-23  7.434581e-23  7.257736e-23  7.300685e-23  7.322327e-23  7.333898e-23  7.392923e-23  7.558548e-23  7.763997e-23  7.990496e-23  8.304637e-23  8.661181e-23  9.113208e-23  9.842909e-23  1.068722e-22  1.151837e-22  1.237609e-22  1.345116e-22  1.416599e-22  1.443219e-22  1.405282e-22  1.366568e-22  1.310335e-22  1.254585e-22  1.185864e-22  1.115114e-22  1.026813e-22  9.407826e-23  8.454000e-23  7.661937e-23  7.067942e-23  6.368850e-23  5.928855e-23  5.381635e-23  5.030814e-23  4.747520e-23  4.360761e-23  4.035074e-23  3.937306e-23  3.806390e-23  3.664595e-23  3.650808e-23  3.582599e-23  3.622610e-23  3.665572e-23  3.745303e-23  3.904873e-23  4.014613e-23  4.120097e-23  4.274410e-23  4.499937e-23  4.754739e-23  4.924211e-23  5.083924e-23  5.170925e-23  5.173072e-23  5.029455e-23  4.856556e-23  5.015079e-23  5.257310e-23  5.742449e-23  6.336976e-23  7.144192e-23  7.106876e-23  8.458409e-23  7.055701e-23  6.975117e-23  6.651335e-23  6.432601e-23  4.863226e-23  4.590997e-23  4.421280e-23  5.038707e-23  4.359235e-23  3.996081e-23  3.723981e-23  3.241523e-23  3.197976e-23  3.051353e-23  3.086703e-23  2.323221e-23  3.072087e-23  2.060854e-23  2.729243e-23  2.047321e-23  1.981887e-23  1.694485e-23  1.925567e-23  1.698249e-23  1.797987e-23  1.951453e-23  1.818989e-23  1.686201e-23  2.361223e-23  2.390949e-23  3.354510e-23  5.211692e-23  7.873764e-23  8.136095e-23  1.144301e-22  1.729743e-22  1.614472e-22  1.539863e-22  1.338244e-22  6.126657e-23  4.679045e-23  6.248865e-23  6.752114e-23  1.701151e-22  1.606162e-22  7.480111e-23  1.429546e-22  6.053990e-23  1.184815e-22  3.659613e-23  1.530729e-22  2.676185e-23  9.385516e-23  4.904169e-23  3.534774e-23  6.094085e-23  4.925607e-23  5.678124e-23  3.414348e-23  3.381655e-23  2.761370e-23  2.705853e-23  2.739730e-23  2.184429e-23  2.364679e-23  2.223249e-23  2.020362e-23  1.905865e-23  1.242563e-23  7.480037e-24  1.000513e-23  5.988771e-24  8.473281e-24  8.786344e-24  1.024312e-23  1.415319e-23  1.215142e-23  7.616093e-24  6.853712e-24  8.541320e-24  9.215106e-24  4.004804e-24  4.581876e-24  6.278724e-24  3.999604e-24  6.599112e-24  6.042087e-24  8.030669e-24  9.580513e-24  1.204777e-23  1.529590e-23  2.829978e-23  3.297860e-23  2.241846e-23  2.255634e-23  2.244908e-23  1.724858e-23  1.127123e-23  1.199238e-23  8.523306e-24  7.396431e-24  6.242095e-24  6.097063e-24  4.314124e-24  4.657514e-24  3.010366e-24  3.653014e-24  2.632295e-24  2.419129e-24  2.832126e-24  2.330011e-24  1.823056e-24  2.264494e-24  1.827128e-24  1.599154e-24  1.383771e-24  1.692386e-24  1.451244e-24  1.207770e-24  1.218001e-24  1.093079e-24  8.199064e-25  7.298061e-25  6.590285e-25  9.620181e-25  5.407033e-25  5.525537e-25  4.499992e-25  5.435018e-25  5.543781e-25  4.770373e-25  4.303849e-25  5.056787e-25  4.781564e-25  3.721315e-25  4.984540e-25  6.532895e-25  6.768219e-25  8.164145e-25  7.824205e-25  1.135278e-24  1.407827e-24  1.684826e-24  1.991087e-24  2.393086e-24  3.332473e-24  6.528708e-24  5.749060e-24  4.168129e-24  4.328256e-24  4.111122e-24  3.283174e-24  2.498067e-24  2.168318e-24  9.685002e-25  1.479000e-24  7.950541e-25  9.476371e-25  6.374873e-25  4.011050e-25  6.827861e-25  4.309201e-25  2.912214e-25  4.998749e-25  3.726662e-25  6.660944e-25  9.489568e-25  3.811309e-25  3.251601e-25  3.017901e-25  3.603044e-25  1.558993e-25  1.746982e-25  1.685823e-25  3.930388e-26  4.588317e-25  8.650703e-26  4.069222e-25  3.821919e-25  2.057562e-26  8.935150e-25  6.258601e-25  1.830734e-25  1.941942e-25  1.082481e-24  4.026775e-25  2.442606e-24  5.603557e-25  2.633120e-25  7.711027e-25  1.807812e-24  4.852637e-25  1.545814e-25  3.570794e-24  5.366465e-25  1.902147e-24  2.767534e-24  2.708698e-25  2.503043e-24  2.234948e-24  4.585317e-24
4.331479e-21  6.395198e-21  3.706920e-21  2.535021e-21  4.208660e-21  1.987287e-21  1.426775e-21  2.563787e-21  1.927946e-21  9.472975e-22  1.381635e-21  9.476902e-22  4.733564e-22  5.335108e-22  9.204438e-22  5.625001e-22  3.813401e-22  3.294417e-22  2.592432e-22  1.628252e-22  1.839774e-22  1.898619e-22  2.591520e-22  1.505904e-22  7.808879e-23  6.813319e-23  5.334070e-23  6.910093e-23  5.277087e-23  4.186488e-23  5.943584e-23  3.730914e-23  2.125456e-23  1.591426e-23  1.409758e-23  2.360631e-23  1.991141e-23  1.078381e-23  8.947908e-24  1.088356e-23  8.391336e-24  7.251556e-24  4.837126e-24  4.873076e-24  7.333491e-24  6.416105e-24  4.512558e-24  4.015569e-24  3.885428e-24  4.254247e-24  4.456427e-24  4.723543e-24  4.742886e-24  5.069973e-24  4.661323e-24  4.291525e-24  4.458924e-24  5.034878e-24  5.365795e-24  5.991024e-24  6.205591e-24  5.849068e-24  6.392147e-24  6.767134e-24  7.671946e-24  9.735416e-24  1.040450e-23  9.067017e-24  8.384572e-24  9.002822e-24  1.021208e-23  1.179603e-23  1.327117e-23  1.428044e-23  1.426825e-23  1.445382e-23  1.556775e-23  1.824931e-23  2.198777e-23  2.532004e-23  2.642141e-23  2.635598e-23  2.529657e-23  2.456664e-23  2.543560e-23  2.770896e-23  3.190198e-23  3.535165e-23  3.609226e-23  3.657145e-23  3.637350e-23  3.892198e-23  4.482491e-23  5.272425e-23  6.075213e-23  6.725169e-23  6.989206e-23  6.820704e-23  6.482642e-23  6.204629e-23  6.224246e-23  6.847534e-23  7.724345e-23  8.337774e-23  8.589743e-23  8.434093e-23  8.332566e-23  8.651090e-23  9.602065e-23  1.114283e-22  1.311621e-22  1.513182e-22  1.670307e-22  1.750624e-22  1.722856e-22  1.611380e-22  1.513279e-22  1.462419e-22  1.524236e-22  1.678082e-22  1.841733e-22  1.929494e-22  1.940064e-22  1.911129e-22  1.908375e-22  2.002197e-22  2.213381e-22  2.521332e-22  2.895158e-22  3.281660e-22  3.650849e-22  3.924752e-22  4.023226e-22  3.924444e-22  3.696855e-22  3.457652e-22  3.323550e-22  3.379928e-22  3.605132e-22  3.883148e-22  4.075109e-22  4.140483e-22  4.137346e-22  4.131650e-22  4.216132e-22  4.454416e-22  4.879772e-22  5.434601e-22  6.064421e-22  6.732355e-22  7.405925e-22  7.998597e-22  8.375553e-22  8.446042e-22  8.255940e-22  7.912512e-22  7.561855e-22  7.357342e-22  7.374039e-22  7.604869e-22  7.933219e-22  8.227507e-22  8.405968e-22  8.499964e-22  8.565893e-22  8.684784e-22  8.934299e-22  9.364821e-22  9.987428e-22  1.077384e-21  1.167575e-21  1.265347e-21  1.365827e-21  1.459176e-21  1.536167e-21  1.587632e-21  1.608801e-21  1.601648e-21  1.575027e-21  1.541871e-21  1.514850e-21  1.503729e-21  1.512814e-21  1.539454e-21  1.575754e-21  1.613739e-21  1.648340e-21  1.678670e-21  1.707572e-21  1.737603e-21  1.773397e-21  1.818903e-21  1.876853e-21  1.948689e-21  2.031708e-21  2.123285e-21  2.220175e-21  2.319620e-21  2.419824e-21  2.515113e-21  2.602268e-21  2.675739e-21  2.732658e-21  2.771512e-21  2.790514e-21  2.792745e-21  2.786102e-21  2.780770e-21  2.786373e-21  2.808995e-21  2.847882e-21  2.898897e-21  2.956264e-21  3.015096e-21  3.070480e-21  3.119556e-21  3.161049e-21  3.195382e-21  3.226325e-21  3.254083e-21  3.282308e-21  3.312651e-21  3.346049e-21  3.382399e-21  3.423799e-21  3.470352e-21  3.525420e-21  3.592488e-21  3.670605e-21  3.760692e-21  3.853892e-21  3.949351e-21  4.045309e-21  4.133490e-21  4.212730e-21  4.282495e-21  4.344088e-21  4.401531e-21  4.456442e-21  4.512327e-21  4.568468e-21  4.621997e-21  4.669213e-21  4.703891e-21  4.721966e-21  4.720766e-21  4.703119e-21  4.672023e-21  4.632306e-21  4.588236e-21  4.540914e-21  4.494952e-21  4.452882e-21  4.416643e-21  4.385916e-21  4.361814e-21  4.344603e-21  4.335712e-21  4.334446e-21  4.342991e-21  4.360821e-21  4.391744e-21  4.438694e-21  4.501735e-21  4.579561e-21  4.665837e-21  4.756129e-21  4.846780e-21  4.932042e-21  5.007192e-21  5.066520e-21  5.107628e-21  5.127245e-21  5.126425e-21  5.104767e-21  5.065345e-21  5.010769e-21  4.942163e-21  4.863936e-21  4.779252e-21  4.691587e-21  4.604140e-21  4.518007e-21  4.434902e-21  4.355521e-21  4.280172e-21  4.209240e-21  4.142334e-21  4.080573e-21  4.024394e-21  3.971589e-21  3.922923e-21  3.875760e-21  3.830169e-21  3.784442e-21  3.738136e-21  3.690096e-21  3.640500e-21  3.589244e-21  3.536138e-21  3.483879e-21  3.431834e-21  3.381043e-21  3.329524e-21  3.276015e-21  3.220191e-21  3.161734e-21  3.103313e-21  3.044481e-21  2.984610e-21  2.924002e-21  2.865027e-21  2.809140e-21  2.757391e-21  2.709738e-21  2.663560e-21  2.617551e-21  2.571527e-21  2.527769e-21  2.486196e-21  2.446467e-21  2.407772e-21  2.369953e-21  2.329810e-21  2.289206e-21  2.248429e-21  2.207746e-21  2.167970e-21  2.129109e-21  2.091096e-21  2.054083e-21  2.017940e-21  1.982761e-21  1.946966e-21  1.909403e-21  1.869344e-21  1.828178e-21  1.786811e-21  1.745870e-21  1.705210e-21  1.665276e-21  1.626316e-21  1.588612e-21  1.552309e-21  1.517522e-21  1.483903e-21  1.451666e-21  1.419589e-21  1.388832e-21  1.359966e-21  1.333670e-21  1.310547e-21  1.290190e-21  1.271868e-21  1.253469e-21  1.233485e-21  1.210178e-21  1.183697e-21  1.154681e-21  1.124079e-21  1.093724e-21  1.064601e-21  1.037123e-21  1.010328e-21  9.838089e-22  9.565513e-22  9.310500e-22  9.044048e-22  8.798129e-22  8.572952e-22  8.361712e-22  8.166796e-22  7.991979e-22  7.833593e-22  7.688161e-22  7.557941e-22  7.436084e-22  7.322679e-22  7.214410e-22  7.109574e-22  7.015746e-22  6.924599e-22  6.857768e-22  6.812495e-22  6.785401e-22  6.755546e-22  6.695051e-22  6.608790e-22  6.473193e-22  6.321722e-22  6.072972e-22  5.837317e-22  5.597326e-22  5.460969e-22  5.353177e-22  5.225691e-22  5.087233e-22  4.973898e-22  4.835042e-22  4.687077e-22  4.547727e-22  4.455218e-22  4.352595e-22  4.275968e-22  4.225995e-22  4.193856e-22  4.169828e-22  4.145715e-22  4.116594e-22  4.104553e-22  4.098862e-22  4.107701e-22  4.137465e-22  4.177779e-22  4.239882e-22  4.304671e-22  4.362462e-22  4.391508e-22  4.375019e-22  4.302232e-22  4.170075e-22  3.984618e-22  3.767398e-22  3.554429e-22  3.361017e-22  3.191773e-22  3.048312e-22  2.927493e-22  2.829158e-22  2.750933e-22  2.685705e-22  2.634108e-22  2.582224e-22  2.541009e-22  2.503052e-22  2.469340e-22  2.442678e-22  2.422850e-22  2.414287e-22  2.412190e-22  2.429712e-22  2.462742e-22  2.511940e-22  2.588752e-22  2.689613e-22  2.804469e-22  2.926141e-22  3.036913e-22  3.124197e-22  3.164211e-22  3.149176e-22  3.088717e-22  2.971412e-22  2.825164e-22  2.670339e-22  2.516226e-22  2.376049e-22  2.257064e-22  2.151469e-22  2.061994e-22  1.984376e-22  1.904290e-22  1.826670e-22  1.750232e-22  1.681578e-22  1.622485e-22  1.579331e-22  1.550096e-22  1.511517e-22  1.488039e-22  1.467708e-22  1.454280e-22  1.431549e-22  1.427416e-22  1.431167e-22  1.444683e-22  1.471986e-22  1.520542e-22  1.599270e-22  1.679000e-22  1.765867e-22  1.854891e-22  1.953595e-22  2.044737e-22  2.153956e-22  2.217181e-22  2.312949e-22  2.314673e-22  2.287512e-22  2.199541e-22  2.131866e-22  1.946427e-22  1.819052e-22  1.813085e-22  1.544475e-22  1.403438e-22  1.295550e-22  1.182106e-22  1.139384e-22  1.028814e-22  9.577501e-23  9.049146e-23  8.713237e-23  8.100577e-23  7.949163e-23  7.488900e-23  7.424490e-23  7.277338e-23  7.322767e-23  7.335212e-23  7.323274e-23  7.378458e-23  7.577679e-23  7.769783e-23  8.003138e-23  8.322678e-23  8.681061e-23  9.081399e-23  9.826589e-23  1.066049e-22  1.146618e-22  1.229885e-22  1.342532e-22  1.405416e-22  1.437773e-22  1.396824e-22  1.359602e-22  1.306036e-22  1.247817e-22  1.180107e-22  1.108743e-22  1.021129e-22  9.356067e-23  8.393795e-23  7.613813e-23  7.008996e-23  6.313213e-23  5.886265e-23  5.334706e-23  5.030961e-23  4.739295e-23  4.322336e-23  4.007753e-23  3.902245e-23  3.787951e-23  3.669631e-23  3.630661e-23  3.594432e-23  3.634061e-23  3.648216e-23  3.736842e-23  3.889545e-23  3.995332e-23  4.102130e-23  4.257644e-23  4.506542e-23  4.753823e-23  4.904784e-23  5.080501e-23  5.191956e-23  5.197314e-23  5.036117e-23  4.854145e-23  5.019489e-23  5.269928e-23  5.738482e-23  6.341633e-23  7.172988e-23  7.113349e-23  8.488274e-23  7.074846e-23  6.988334e-23  6.671040e-23  6.466219e-23  4.867893e-23  4.586831e-23  4.433913e-23  5.042742e-23  4.360704e-23  3.994024e-23  3.723255e-23  3.225800e-23  3.198794e-23  3.047046e-23  3.073879e-23  2.331553e-23  3.067732e-23  2.048592e-23  2.715180e-23  2.042577e-23  1.973218e-23  1.691369e-23  1.920518e-23  1.695783e-23  1.788721e-23  1.955006e-23  1.819725e-23  1.681164e-23  2.355785e-23  2.361737e-23  3.299474e-23  5.148138e-23  7.777235e-23  8.079448e-23  1.137735e-22  1.737383e-22  1.624260e-22  1.555748e-22  1.353976e-22  6.176128e-23  4.712704e-23  6.286629e-23  6.800911e-23  1.718547e-22  1.616747e-22  7.495983e-23  1.433595e-22  6.059414e-23  1.190752e-22  3.656526e-23  1.535428e-22  2.665283e-23  9.400826e-23  4.843948e-23  3.506943e-23  6.036224e-23  4.881435e-23  5.614867e-23  3.391452e-23  3.327059e-23  2.741643e-23  2.697143e-23  2.712733e-23  2.168352e-23  2.348149e-23  2.216403e-23  2.033752e-23  1.890382e-23  1.242565e-23  7.376965e-24  9.952239e-24  5.874459e-24  8.440623e-24  8.688554e-24  1.011661e-23  1.422102e-23  1.208098e-23  7.497201e-24  6.741283e-24  8.376358e-24  8.984984e-24  3.850176e-24  4.444614e-24  6.091695e-24  3.846487e-24  6.393127e-24  5.951764e-24  7.982529e-24  9.527401e-24  1.209890e-23  1.538241e-23  2.854686e-23  3.349902e-23  2.261194e-23  2.278374e-23  2.260488e-23  1.726418e-23  1.122549e-23  1.199623e-23  8.454961e-24  7.294957e-24  6.142270e-24  5.994515e-24  4.200487e-24  4.514642e-24  2.843478e-24  3.536754e-24  2.509092e-24  2.249667e-24  2.730062e-24  2.188616e-24  1.723028e-24  2.126243e-24  1.681847e-24  1.469367e-24  1.268501e-24  1.614344e-24  1.335743e-24  1.128946e-24  1.142271e-24  9.869733e-25  7.013805e-25  6.522786e-25  5.742723e-25  8.951045e-25  4.480375e-25  4.333781e-25  3.732505e-25  4.711406e-25  4.569463e-25  4.195282e-25  3.146604e-25  4.411896e-25  3.895552e-25  2.720806e-25  3.581627e-25  5.295274e-25  5.784899e-25  7.226936e-25  6.594953e-25  1.011701e-24  1.306561e-24  1.620930e-24  1.918948e-24  2.320167e-24  3.286900e-24  6.543004e-24  5.803189e-24  4.195322e-24  4.322097e-24  4.086964e-24  3.219627e-24  2.492339e-24  2.087028e-24  8.728276e-25  1.427542e-24  7.329399e-25  8.480767e-25  5.522084e-25  3.327193e-25  6.444065e-25  3.567406e-25  2.372465e-25  4.794287e-25  3.213851e-25  6.223415e-25  8.825898e-25  3.612141e-25  3.027367e-25  2.501389e-25  3.443324e-25  1.401683e-25  1.689192e-25  1.710631e-25  3.574942e-26  4.452334e-25  8.407494e-26  4.007491e-25  3.696466e-25  1.899787e-26  8.793015e-25  6.134762e-25  1.805499e-25  1.855614e-25  1.074741e-24  3.982766e-25  2.439032e-24  5.500641e-25  2.567488e-25  7.607128e-25  1.815408e-24  4.770758e-25  1.472266e-25  3.582289e-24  5.218582e-25  1.894726e-24  2.754318e-24  2.640844e-25  2.478728e-24  2.219079e-24  4.608278e-24
4.227521e-21  6.313592e-21  3.608168e-21  2.456101e-21  4.145208e-21  1.918100e-21  1.369213e-21  2.522619e-21  1.891646e-21  9.069017e-22  1.349565e-21  9.261807e-22  4.582430e-22  5.204389e-22  9.306259e-22  5.563163e-22  3.608540e-22  3.174468e-22  2.501974e-22  1.531481e-22  1.736211e-22  1.851537e-22  2.546741e-22  1.435984e-22  7.410671e-23  6.583954e-23  5.118110e-23  6.559398e-23  4.952660e-23  4.001252e-23  5.805426e-23  3.553588e-23  1.993660e-23  1.477918e-23  1.327182e-23  2.192523e-23  1.846444e-23  1.009361e-23  8.564714e-24  1.042927e-23  7.780501e-24  6.878276e-24  4.604484e-24  4.230930e-24  6.724027e-24  5.887901e-24  4.194446e-24  3.563826e-24  3.317159e-24  3.751273e-24  3.806899e-24  3.984509e-24  4.269803e-24  4.510688e-24  4.358568e-24  3.961632e-24  3.999670e-24  4.538194e-24  5.188160e-24  6.044018e-24  5.956431e-24  5.816395e-24  6.207908e-24  6.860952e-24  7.503064e-24  9.467565e-24  1.001423e-23  8.980367e-24  8.518850e-24  9.195000e-24  1.014578e-23  1.188958e-23  1.334694e-23  1.423186e-23  1.427637e-23  1.453671e-23  1.559670e-23  1.809796e-23  2.198858e-23  2.525344e-23  2.666093e-23  2.671824e-23  2.592048e-23  2.469527e-23  2.557238e-23  2.800334e-23  3.193446e-23  3.520437e-23  3.627029e-23  3.678813e-23  3.626642e-23  3.860477e-23  4.464533e-23  5.272689e-23  6.120893e-23  6.793141e-23  7.048282e-23  6.857815e-23  6.473114e-23  6.160468e-23  6.182396e-23  6.800495e-23  7.695735e-23  8.354506e-23  8.575579e-23  8.402764e-23  8.294228e-23  8.631683e-23  9.615307e-23  1.118981e-22  1.321046e-22  1.525753e-22  1.684302e-22  1.762561e-22  1.737109e-22  1.616221e-22  1.508402e-22  1.458333e-22  1.522182e-22  1.699915e-22  1.849148e-22  1.936986e-22  1.945852e-22  1.913346e-22  1.904970e-22  1.989543e-22  2.200889e-22  2.514892e-22  2.883424e-22  3.268504e-22  3.640777e-22  3.911310e-22  4.002792e-22  3.900512e-22  3.672991e-22  3.433024e-22  3.295469e-22  3.348639e-22  3.572743e-22  3.847375e-22  4.036158e-22  4.101063e-22  4.095981e-22  4.092343e-22  4.179566e-22  4.418488e-22  4.841647e-22  5.399048e-22  6.028500e-22  6.700933e-22  7.374311e-22  7.962412e-22  8.333618e-22  8.396785e-22  8.204520e-22  7.861626e-22  7.516925e-22  7.313170e-22  7.327030e-22  7.557031e-22  7.884415e-22  8.179213e-22  8.359987e-22  8.454153e-22  8.518771e-22  8.636089e-22  8.887661e-22  9.322067e-22  9.946876e-22  1.073616e-21  1.163808e-21  1.261609e-21  1.362110e-21  1.455370e-21  1.532384e-21  1.583653e-21  1.604292e-21  1.596696e-21  1.569855e-21  1.536827e-21  1.510113e-21  1.499125e-21  1.507986e-21  1.534509e-21  1.570867e-21  1.608772e-21  1.643639e-21  1.674121e-21  1.702980e-21  1.733241e-21  1.769203e-21  1.814801e-21  1.872931e-21  1.944606e-21  2.027766e-21  2.119696e-21  2.216827e-21  2.316917e-21  2.416708e-21  2.511967e-21  2.598919e-21  2.672289e-21  2.729115e-21  2.767808e-21  2.786323e-21  2.788640e-21  2.782207e-21  2.777330e-21  2.782949e-21  2.805370e-21  2.844205e-21  2.895270e-21  2.953227e-21  3.012206e-21  3.067767e-21  3.116629e-21  3.157772e-21  3.192433e-21  3.223235e-21  3.251065e-21  3.279352e-21  3.309267e-21  3.342774e-21  3.379232e-21  3.420521e-21  3.467565e-21  3.523310e-21  3.590697e-21  3.669645e-21  3.759717e-21  3.854086e-21  3.950947e-21  4.046822e-21  4.135083e-21  4.214244e-21  4.284336e-21  4.345956e-21  4.403099e-21  4.458356e-21  4.514242e-21  4.570410e-21  4.624157e-21  4.671407e-21  4.706052e-21  4.724088e-21  4.722894e-21  4.704935e-21  4.673394e-21  4.633916e-21  4.589324e-21  4.542071e-21  4.496030e-21  4.453899e-21  4.417476e-21  4.386774e-21  4.362738e-21  4.345545e-21  4.336777e-21  4.335819e-21  4.344273e-21  4.362337e-21  4.393515e-21  4.440564e-21  4.503885e-21  4.581891e-21  4.668502e-21  4.759188e-21  4.849778e-21  4.935288e-21  5.010268e-21  5.069672e-21  5.110588e-21  5.130014e-21  5.128871e-21  5.106952e-21  5.067517e-21  5.012624e-21  4.943861e-21  4.865363e-21  4.780346e-21  4.692734e-21  4.605095e-21  4.518923e-21  4.435604e-21  4.356227e-21  4.280827e-21  4.209827e-21  4.143029e-21  4.081279e-21  4.024914e-21  3.972233e-21  3.923516e-21  3.876398e-21  3.830876e-21  3.785169e-21  3.738891e-21  3.690774e-21  3.641214e-21  3.589813e-21  3.536759e-21  3.484354e-21  3.432296e-21  3.381316e-21  3.329629e-21  3.276002e-21  3.220023e-21  3.161514e-21  3.102910e-21  3.044044e-21  2.984019e-21  2.923355e-21  2.864098e-21  2.808106e-21  2.756422e-21  2.708522e-21  2.662382e-21  2.616265e-21  2.570317e-21  2.526508e-21  2.484953e-21  2.445074e-21  2.406423e-21  2.368501e-21  2.328385e-21  2.287675e-21  2.246924e-21  2.206157e-21  2.166343e-21  2.127452e-21  2.089368e-21  2.052412e-21  2.016196e-21  1.980961e-21  1.945182e-21  1.907618e-21  1.867470e-21  1.826293e-21  1.784831e-21  1.743809e-21  1.703238e-21  1.663248e-21  1.624202e-21  1.586423e-21  1.550136e-21  1.515290e-21  1.481805e-21  1.449392e-21  1.417443e-21  1.386493e-21  1.357614e-21  1.331424e-21  1.308248e-21  1.287958e-21  1.269657e-21  1.251388e-21  1.231361e-21  1.208169e-21  1.181624e-21  1.152523e-21  1.121996e-21  1.091550e-21  1.062439e-21  1.034881e-21  1.008167e-21  9.816513e-22  9.545339e-22  9.289212e-22  9.023246e-22  8.776752e-22  8.552122e-22  8.340449e-22  8.145931e-22  7.971440e-22  7.814346e-22  7.669100e-22  7.539216e-22  7.417673e-22  7.305545e-22  7.197260e-22  7.093552e-22  6.999163e-22  6.910414e-22  6.843243e-22  6.799332e-22  6.772485e-22  6.744682e-22  6.684851e-22  6.598199e-22  6.462392e-22  6.310491e-22  6.063007e-22  5.825543e-22  5.585599e-22  5.449662e-22  5.342401e-22  5.215670e-22  5.077476e-22  4.963442e-22  4.824021e-22  4.677253e-22  4.536819e-22  4.444473e-22  4.342733e-22  4.266617e-22  4.217195e-22  4.185307e-22  4.161973e-22  4.138486e-22  4.110589e-22  4.097615e-22  4.092897e-22  4.103512e-22  4.133061e-22  4.176378e-22  4.237099e-22  4.303481e-22  4.362128e-22  4.391894e-22  4.375648e-22  4.303710e-22  4.169795e-22  3.983269e-22  3.765976e-22  3.552063e-22  3.358739e-22  3.189022e-22  3.044053e-22  2.924586e-22  2.826959e-22  2.747599e-22  2.682534e-22  2.630115e-22  2.580106e-22  2.538433e-22  2.499780e-22  2.467086e-22  2.439824e-22  2.420526e-22  2.413554e-22  2.411766e-22  2.429189e-22  2.460756e-22  2.512264e-22  2.591282e-22  2.690938e-22  2.806856e-22  2.929916e-22  3.043886e-22  3.130068e-22  3.169876e-22  3.155070e-22  3.093705e-22  2.975653e-22  2.828408e-22  2.672335e-22  2.516018e-22  2.376981e-22  2.257206e-22  2.152885e-22  2.062775e-22  1.985186e-22  1.905752e-22  1.829558e-22  1.751858e-22  1.681112e-22  1.622494e-22  1.578574e-22  1.546445e-22  1.510725e-22  1.487763e-22  1.467215e-22  1.450652e-22  1.430719e-22  1.425472e-22  1.430271e-22  1.442230e-22  1.468963e-22  1.520044e-22  1.596256e-22  1.679353e-22  1.766385e-22  1.859244e-22  1.955363e-22  2.047247e-22  2.153628e-22  2.221174e-22  2.315531e-22  2.321090e-22  2.292965e-22  2.200145e-22  2.134083e-22  1.949506e-22  1.819681e-22  1.810090e-22  1.538534e-22  1.400757e-22  1.291592e-22  1.171337e-22  1.130622e-22  1.021528e-22  9.502828e-23  8.987353e-23  8.635856e-23  7.995042e-23  7.822771e-23  7.431186e-23  7.321118e-23  7.151943e-23  7.184281e-23  7.210579e-23  7.166169e-23  7.299211e-23  7.491676e-23  7.677809e-23  7.907032e-23  8.213571e-23  8.566902e-23  9.046012e-23  9.737280e-23  1.057254e-22  1.133149e-22  1.212754e-22  1.324564e-22  1.392825e-22  1.425230e-22  1.384927e-22  1.341666e-22  1.285016e-22  1.227824e-22  1.161571e-22  1.087498e-22  1.008901e-22  9.151199e-23  8.214278e-23  7.450749e-23  6.818801e-23  6.159880e-23  5.699793e-23  5.226936e-23  4.899794e-23  4.596425e-23  4.223188e-23  3.940879e-23  3.794829e-23  3.685336e-23  3.599678e-23  3.542176e-23  3.526828e-23  3.552369e-23  3.581163e-23  3.660093e-23  3.812168e-23  3.912452e-23  4.035683e-23  4.187509e-23  4.439868e-23  4.663457e-23  4.796098e-23  4.974357e-23  5.089723e-23  5.121626e-23  4.938679e-23  4.745470e-23  4.932951e-23  5.162560e-23  5.640892e-23  6.242284e-23  7.036531e-23  6.970788e-23  8.373654e-23  6.954264e-23  6.892578e-23  6.572112e-23  6.358852e-23  4.771791e-23  4.494096e-23  4.339359e-23  4.951091e-23  4.277988e-23  3.918718e-23  3.647722e-23  3.143330e-23  3.142004e-23  2.993501e-23  3.021045e-23  2.260414e-23  3.035317e-23  2.008173e-23  2.676521e-23  2.005097e-23  1.933465e-23  1.670461e-23  1.893734e-23  1.681060e-23  1.772160e-23  1.935885e-23  1.809540e-23  1.660135e-23  2.323444e-23  2.312273e-23  3.223938e-23  5.044035e-23  7.643518e-23  7.991365e-23  1.127140e-22  1.742927e-22  1.630234e-22  1.567736e-22  1.366240e-22  6.176167e-23  4.685237e-23  6.253357e-23  6.761470e-23  1.725055e-22  1.613674e-22  7.393622e-23  1.426315e-22  5.985442e-23  1.185431e-22  3.569743e-23  1.532955e-22  2.596176e-23  9.366837e-23  4.742226e-23  3.449086e-23  5.952070e-23  4.803718e-23  5.520291e-23  3.339015e-23  3.243875e-23  2.708059e-23  2.681803e-23  2.667647e-23  2.136809e-23  2.314927e-23  2.181560e-23  2.022425e-23  1.867401e-23  1.233068e-23  7.274029e-24  9.920383e-24  5.752993e-24  8.470031e-24  8.687330e-24  1.016313e-23  1.425469e-23  1.197125e-23  7.396192e-24  6.688558e-24  8.374451e-24  8.937275e-24  3.816462e-24  4.418610e-24  5.937318e-24  3.871199e-24  6.262130e-24  5.744283e-24  7.873635e-24  9.402956e-24  1.185526e-23  1.500432e-23  2.789077e-23  3.290831e-23  2.204856e-23  2.228682e-23  2.206658e-23  1.673384e-23  1.085195e-23  1.165294e-23  8.055057e-24  7.064897e-24  5.864485e-24  5.700856e-24  3.999470e-24  4.303647e-24  2.639439e-24  3.410956e-24  2.379822e-24  2.019380e-24  2.569532e-24  2.048479e-24  1.551358e-24  1.870779e-24  1.486722e-24  1.320208e-24  1.107274e-24  1.421392e-24  1.095199e-24  9.089252e-25  9.836006e-25  8.708235e-25  5.691144e-25  5.738161e-25  4.879023e-25  7.275597e-25  3.697964e-25  3.065629e-25  2.695919e-25  3.572769e-25  3.355532e-25  2.948987e-25  2.125694e-25  2.907588e-25  2.657276e-25  2.199499e-25  2.758149e-25  3.978681e-25  4.548702e-25  5.447386e-25  5.470594e-25  7.978592e-25  1.109867e-24  1.456819e-24  1.683273e-24  2.071412e-24  3.080113e-24  6.185159e-24  5.519585e-24  3.974755e-24  4.066612e-24  3.836241e-24  2.892798e-24  2.238843e-24  1.851768e-24  7.119661e-25  1.189708e-24  5.294520e-25  6.194175e-25  3.671091e-25  2.180850e-25  4.581611e-25  2.381995e-25  1.575347e-25  3.169818e-25  2.124113e-25  4.307965e-25  6.120390e-25  2.384634e-25  2.126297e-25  1.943368e-25  2.492289e-25  9.885506e-26  1.502767e-25  1.496651e-25  3.423092e-26  4.317505e-25  8.165386e-26  3.942143e-25  3.559492e-25  1.751566e-26  8.647904e-25  6.010736e-25  1.780374e-25  1.768892e-25  1.066874e-24  3.938696e-25  2.435017e-24  5.395761e-25  2.500310e-25  7.503115e-25  1.822576e-24  4.688784e-25  1.396931e-25  3.594461e-24  5.070256e-25  1.887876e-24  2.740578e-24  2.574990e-25  2.454251e-24  2.202963e-24  4.632169e-24
4.123563e-21  6.231986e-21  3.509415e-21  2.377182e-21  4.081755e-21  1.848913e-21  1.311650e-21  2.481452e-21  1.855347e-21  8.665059e-22  1.317495e-21  9.046713e-22  4.431296e-22  5.073669e-22  9.408080e-22  5.501325e-22  3.403679e-22  3.054519e-22  2.411517e-22  1.434710e-22  1.632648e-22  1.804456e-22  2.501961e-22  1.366063e-22  7.012463e-23  6.354590e-23  4.902149e-23  6.208704e-23  4.628233e-23  3.816017e-23  5.667267e-23  3.376263e-23  1.861864e-23  1.364411e-23  1.244605e-23  2.024414e-23  1.701746e-23  9.403416e-24  8.181520e-24  9.974982e-24  7.169666e-24  6.504997e-24  4.371841e-24  3.588784e-24  6.114563e-24  5.359697e-24  3.876333e-24  3.112084e-24  2.748890e-24  3.248299e-24  3.157372e-24  3.245475e-24  3.796721e-24  3.951403e-24  4.055812e-24  3.631739e-24  3.540417e-24  4.041511e-24  5.010526e-24  6.097012e-24  5.707270e-24  5.783722e-24  6.023669e-24  6.954770e-24  7.334182e-24  9.199713e-24  9.623953e-24  8.893715e-24  8.653129e-24  9.387179e-24  1.007949e-23  1.198313e-23  1.342271e-23  1.418328e-23  1.428449e-23  1.461960e-23  1.562565e-23  1.794660e-23  2.198939e-23  2.518684e-23  2.690044e-23  2.708050e-23  2.654440e-23  2.482391e-23  2.570917e-23  2.829771e-23  3.196695e-23  3.505708e-23  3.644832e-23  3.700481e-23  3.615934e-23  3.828755e-23  4.446575e-23  5.272953e-23  6.166572e-23  6.861113e-23  7.107358e-23  6.894926e-23  6.463586e-23  6.116307e-23  6.140545e-23  6.753456e-23  7.667126e-23  8.371238e-23  8.561414e-23  8.371435e-23  8.255891e-23  8.612276e-23  9.628548e-23  1.123678e-22  1.330470e-22  1.538323e-22  1.698298e-22  1.774499e-22  1.751362e-22  1.621062e-22  1.503526e-22  1.454247e-22  1.520129e-22  1.721748e-22  1.856562e-22  1.944478e-22  1.951641e-22  1.915563e-22  1.901565e-22  1.976890e-22  2.188398e-22  2.508451e-22  2.871691e-22  3.255347e-22  3.630705e-22  3.897868e-22  3.982358e-22  3.876579e-22  3.649127e-22  3.408397e-22  3.267388e-22  3.317350e-22  3.540354e-22  3.811601e-22  3.997207e-22  4.061643e-22  4.054615e-22  4.053036e-22  4.143001e-22  4.382561e-22  4.803522e-22  5.363495e-22  5.992579e-22  6.669511e-22  7.342696e-22  7.926228e-22  8.291683e-22  8.347528e-22  8.153101e-22  7.810740e-22  7.471995e-22  7.268998e-22  7.280021e-22  7.509194e-22  7.835611e-22  8.130919e-22  8.314007e-22  8.408341e-22  8.471650e-22  8.587394e-22  8.841023e-22  9.279313e-22  9.906324e-22  1.069848e-21  1.160041e-21  1.257871e-21  1.358394e-21  1.451564e-21  1.528600e-21  1.579675e-21  1.599783e-21  1.591745e-21  1.564683e-21  1.531783e-21  1.505375e-21  1.494521e-21  1.503158e-21  1.529564e-21  1.565979e-21  1.603804e-21  1.638938e-21  1.669572e-21  1.698389e-21  1.728880e-21  1.765009e-21  1.810699e-21  1.869009e-21  1.940522e-21  2.023823e-21  2.116107e-21  2.213479e-21  2.314213e-21  2.413591e-21  2.508820e-21  2.595569e-21  2.668839e-21  2.725573e-21  2.764103e-21  2.782133e-21  2.784535e-21  2.778313e-21  2.773890e-21  2.779526e-21  2.801744e-21  2.840527e-21  2.891644e-21  2.950189e-21  3.009316e-21  3.065055e-21  3.113701e-21  3.154494e-21  3.189483e-21  3.220146e-21  3.248048e-21  3.276395e-21  3.305882e-21  3.339500e-21  3.376065e-21  3.417243e-21  3.464778e-21  3.521199e-21  3.588905e-21  3.668686e-21  3.758742e-21  3.854279e-21  3.952543e-21  4.048335e-21  4.136676e-21  4.215757e-21  4.286177e-21  4.347824e-21  4.404666e-21  4.460270e-21  4.516158e-21  4.572353e-21  4.626316e-21  4.673601e-21  4.708213e-21  4.726210e-21  4.725023e-21  4.706752e-21  4.674764e-21  4.635526e-21  4.590413e-21  4.543228e-21  4.497108e-21  4.454916e-21  4.418308e-21  4.387631e-21  4.363661e-21  4.346487e-21  4.337843e-21  4.337192e-21  4.345555e-21  4.363854e-21  4.395286e-21  4.442434e-21  4.506036e-21  4.584221e-21  4.671167e-21  4.762247e-21  4.852777e-21  4.938534e-21  5.013345e-21  5.072825e-21  5.113547e-21  5.132782e-21  5.131318e-21  5.109136e-21  5.069688e-21  5.014478e-21  4.945558e-21  4.866790e-21  4.781439e-21  4.693881e-21  4.606051e-21  4.519840e-21  4.436307e-21  4.356932e-21  4.281482e-21  4.210413e-21  4.143725e-21  4.081986e-21  4.025433e-21  3.972877e-21  3.924110e-21  3.877035e-21  3.831583e-21  3.785897e-21  3.739646e-21  3.691452e-21  3.641928e-21  3.590382e-21  3.537380e-21  3.484828e-21  3.432759e-21  3.381589e-21  3.329734e-21  3.275988e-21  3.219855e-21  3.161294e-21  3.102507e-21  3.043606e-21  2.983427e-21  2.922708e-21  2.863168e-21  2.807073e-21  2.755453e-21  2.707306e-21  2.661204e-21  2.614979e-21  2.569107e-21  2.525248e-21  2.483709e-21  2.443681e-21  2.405075e-21  2.367048e-21  2.326960e-21  2.286144e-21  2.245418e-21  2.204568e-21  2.164715e-21  2.125794e-21  2.087641e-21  2.050742e-21  2.014451e-21  1.979161e-21  1.943398e-21  1.905833e-21  1.865596e-21  1.824408e-21  1.782851e-21  1.741748e-21  1.701265e-21  1.661220e-21  1.622088e-21  1.584234e-21  1.547963e-21  1.513059e-21  1.479707e-21  1.447118e-21  1.415297e-21  1.384153e-21  1.355262e-21  1.329178e-21  1.305949e-21  1.285727e-21  1.267446e-21  1.249306e-21  1.229236e-21  1.206160e-21  1.179552e-21  1.150365e-21  1.119913e-21  1.089377e-21  1.060278e-21  1.032639e-21  1.006005e-21  9.794933e-22  9.525165e-22  9.267928e-22  9.002445e-22  8.755376e-22  8.531295e-22  8.319185e-22  8.125065e-22  7.950901e-22  7.795099e-22  7.650038e-22  7.520489e-22  7.399262e-22  7.288410e-22  7.180110e-22  7.077530e-22  6.982580e-22  6.896229e-22  6.828718e-22  6.786170e-22  6.759568e-22  6.733817e-22  6.674653e-22  6.587607e-22  6.451576e-22  6.299238e-22  6.053053e-22  5.813792e-22  5.573874e-22  5.438361e-22  5.331627e-22  5.205642e-22  5.067719e-22  4.952986e-22  4.812997e-22  4.667420e-22  4.525911e-22  4.433715e-22  4.332870e-22  4.257267e-22  4.208396e-22  4.176761e-22  4.154119e-22  4.131258e-22  4.104584e-22  4.090678e-22  4.086933e-22  4.099324e-22  4.128658e-22  4.174977e-22  4.234317e-22  4.302291e-22  4.361795e-22  4.392280e-22  4.376277e-22  4.305188e-22  4.169515e-22  3.981920e-22  3.764553e-22  3.549698e-22  3.356461e-22  3.186271e-22  3.039793e-22  2.921678e-22  2.824760e-22  2.744265e-22  2.679363e-22  2.626121e-22  2.577987e-22  2.535858e-22  2.496509e-22  2.464832e-22  2.436970e-22  2.418202e-22  2.412822e-22  2.411342e-22  2.428665e-22  2.458770e-22  2.512587e-22  2.593812e-22  2.692264e-22  2.809243e-22  2.933691e-22  3.050859e-22  3.135938e-22  3.175541e-22  3.160963e-22  3.098693e-22  2.979894e-22  2.831652e-22  2.674332e-22  2.515810e-22  2.377913e-22  2.257348e-22  2.154301e-22  2.063556e-22  1.985996e-22  1.907214e-22  1.832447e-22  1.753485e-22  1.680646e-22  1.622503e-22  1.577819e-22  1.542794e-22  1.509934e-22  1.487489e-22  1.466723e-22  1.447024e-22  1.429889e-22  1.423527e-22  1.429374e-22  1.439776e-22  1.465939e-22  1.519546e-22  1.593241e-22  1.679707e-22  1.766905e-22  1.863598e-22  1.957132e-22  2.049759e-22  2.153288e-22  2.225156e-22  2.318088e-22  2.327499e-22  2.298416e-22  2.200756e-22  2.136329e-22  1.952590e-22  1.820307e-22  1.807102e-22  1.532597e-22  1.398085e-22  1.287639e-22  1.160572e-22  1.121858e-22  1.014234e-22  9.428036e-23  8.925455e-23  8.558324e-23  7.889500e-23  7.696346e-23  7.373482e-23  7.217761e-23  7.026569e-23  7.045815e-23  7.085962e-23  7.009081e-23  7.219974e-23  7.405694e-23  7.585843e-23  7.810934e-23  8.104471e-23  8.452750e-23  9.010629e-23  9.647973e-23  1.048459e-22  1.119680e-22  1.195624e-22  1.306596e-22  1.380234e-22  1.412687e-22  1.373029e-22  1.323730e-22  1.263996e-22  1.207832e-22  1.143036e-22  1.066254e-22  9.966732e-23  8.946332e-23  8.034761e-23  7.287685e-23  6.628606e-23  6.006547e-23  5.513322e-23  5.119167e-23  4.768628e-23  4.453556e-23  4.124041e-23  3.874005e-23  3.687415e-23  3.582722e-23  3.529725e-23  3.453693e-23  3.459224e-23  3.470676e-23  3.514112e-23  3.583344e-23  3.734789e-23  3.829572e-23  3.969238e-23  4.117373e-23  4.373193e-23  4.573086e-23  4.687410e-23  4.868210e-23  4.987491e-23  5.045937e-23  4.841257e-23  4.636808e-23  4.846471e-23  5.055246e-23  5.543342e-23  6.142804e-23  6.899680e-23  6.827892e-23  8.258804e-23  6.833906e-23  6.796859e-23  6.473425e-23  6.252183e-23  4.675680e-23  4.401442e-23  4.244948e-23  4.859462e-23  4.195320e-23  3.843217e-23  3.572242e-23  3.060733e-23  3.085160e-23  2.939983e-23  2.968069e-23  2.189265e-23  3.002832e-23  1.967739e-23  2.637592e-23  1.967634e-23  1.893563e-23  1.649521e-23  1.867003e-23  1.666319e-23  1.755636e-23  1.916825e-23  1.799437e-23  1.639241e-23  2.291450e-23  2.263321e-23  3.149078e-23  4.939255e-23  7.508047e-23  7.900306e-23  1.116337e-22  1.748189e-22  1.636097e-22  1.579923e-22  1.378971e-22  6.176587e-23  4.658552e-23  6.220565e-23  6.722869e-23  1.732003e-22  1.610596e-22  7.290828e-23  1.418935e-22  5.911138e-23  1.180170e-22  3.483238e-23  1.530349e-22  2.527993e-23  9.329793e-23  4.640455e-23  3.390429e-23  5.866123e-23  4.725195e-23  5.424774e-23  3.286102e-23  3.160902e-23  2.674598e-23  2.666707e-23  2.623482e-23  2.105129e-23  2.282892e-23  2.146374e-23  2.011472e-23  1.844644e-23  1.223988e-23  7.172475e-24  9.892342e-24  5.632573e-24  8.500199e-24  8.687532e-24  1.020902e-23  1.428853e-23  1.186194e-23  7.293975e-24  6.635146e-24  8.371631e-24  8.886833e-24  3.782207e-24  4.392819e-24  5.782027e-24  3.896640e-24  6.130881e-24  5.537122e-24  7.765044e-24  9.278929e-24  1.161196e-23  1.462652e-23  2.723476e-23  3.231774e-23  2.148534e-23  2.178997e-23  2.152835e-23  1.620360e-23  1.047846e-23  1.130967e-23  7.655206e-24  6.834836e-24  5.586704e-24  5.407193e-24  3.798437e-24  4.092601e-24  2.435416e-24  3.285152e-24  2.250561e-24  1.789115e-24  2.409103e-24  1.908365e-24  1.379712e-24  1.615325e-24  1.291653e-24  1.171066e-24  9.460455e-25  1.228468e-24  8.546422e-25  6.889233e-25  8.249573e-25  7.546809e-25  4.368466e-25  4.953652e-25  4.015399e-25  5.599703e-25  2.915495e-25  1.797385e-25  1.659223e-25  2.433985e-25  2.141227e-25  1.702679e-25  1.104586e-25  1.403437e-25  1.419106e-25  1.678258e-25  1.934692e-25  2.662168e-25  3.312494e-25  3.667855e-25  4.346257e-25  5.840177e-25  9.131705e-25  1.292711e-24  1.447599e-24  1.822662e-24  2.873329e-24  5.827316e-24  5.235984e-24  3.754191e-24  3.811132e-24  3.585521e-24  2.565974e-24  1.985354e-24  1.616512e-24  5.511141e-25  9.518768e-25  3.259759e-25  3.907594e-25  1.820325e-25  1.034594e-25  2.719426e-25  1.196755e-25  7.783674e-26  1.545816e-25  1.034447e-25  2.393329e-25  3.414995e-25  1.157548e-25  1.225967e-25  1.386159e-25  1.542081e-25  5.756490e-26  1.317404e-25  1.283414e-25  3.276479e-26  4.184001e-25  7.924912e-26  3.873296e-25  3.425044e-25  1.612497e-26  8.501597e-25  5.885631e-25  1.756802e-25  1.683536e-25  1.058610e-24  3.893937e-25  2.430483e-24  5.291503e-25  2.431978e-25  7.399466e-25  1.829539e-24  4.606793e-25  1.327079e-25  3.606680e-24  4.922151e-25  1.881359e-24  2.726492e-24  2.510597e-25  2.429766e-24  2.186407e-24  4.656961e-24
4.025951e-21  6.153940e-21  3.417175e-21  2.303176e-21  4.021226e-21  1.785519e-21  1.258684e-21  2.442282e-21  1.820862e-21  8.286805e-22  1.286431e-21  8.830678e-22  4.273948e-22  4.926700e-22  9.458145e-22  5.429370e-22  3.216505e-22  2.947947e-22  2.330834e-22  1.343148e-22  1.531058e-22  1.757181e-22  2.456605e-22  1.298412e-22  6.629223e-23  6.139827e-23  4.699413e-23  5.865113e-23  4.320867e-23  3.640510e-23  5.533051e-23  3.216338e-23  1.739916e-23  1.261097e-23  1.163701e-23  1.865503e-23  1.566772e-23  8.739597e-24  7.774015e-24  9.541420e-24  6.610087e-24  6.102590e-24  4.156769e-24  3.035590e-24  5.521049e-24  4.830920e-24  3.509061e-24  2.709093e-24  2.325157e-24  2.796318e-24  2.599300e-24  2.646693e-24  3.359099e-24  3.458277e-24  3.776584e-24  3.301419e-24  3.158739e-24  3.622627e-24  4.778491e-24  6.021601e-24  5.493646e-24  5.724216e-24  5.846831e-24  6.963698e-24  7.215021e-24  8.977411e-24  9.335115e-24  8.867104e-24  8.754737e-24  9.487174e-24  9.996743e-24  1.200593e-23  1.344275e-23  1.413031e-23  1.426392e-23  1.461951e-23  1.558487e-23  1.779161e-23  2.194002e-23  2.508121e-23  2.702624e-23  2.730307e-23  2.691828e-23  2.484060e-23  2.570423e-23  2.842365e-23  3.192721e-23  3.491414e-23  3.655880e-23  3.708022e-23  3.601249e-23  3.800497e-23  4.426072e-23  5.264153e-23  6.191630e-23  6.904286e-23  7.143607e-23  6.915228e-23  6.449595e-23  6.075929e-23  6.102690e-23  6.709524e-23  7.634952e-23  8.373867e-23  8.542410e-23  8.341683e-23  8.221035e-23  8.590562e-23  9.631415e-23  1.126611e-22  1.336150e-22  1.544990e-22  1.705305e-22  1.779452e-22  1.757136e-22  1.621313e-22  1.496792e-22  1.448505e-22  1.515735e-22  1.732968e-22  1.858822e-22  1.947735e-22  1.954684e-22  1.915315e-22  1.898185e-22  1.966998e-22  2.178826e-22  2.503951e-22  2.862933e-22  3.245921e-22  3.623068e-22  3.887685e-22  3.967817e-22  3.859807e-22  3.633065e-22  3.393028e-22  3.249862e-22  3.295354e-22  3.516642e-22  3.785953e-22  3.969234e-22  4.033267e-22  4.025480e-22  4.026832e-22  4.119736e-22  4.361124e-22  4.779338e-22  5.340451e-22  5.969724e-22  6.651283e-22  7.325281e-22  7.905825e-22  8.264279e-22  8.313136e-22  8.116676e-22  7.777005e-22  7.445079e-22  7.242917e-22  7.251033e-22  7.478224e-22  7.803460e-22  8.099647e-22  8.285114e-22  8.378946e-22  8.440520e-22  8.554586e-22  8.810007e-22  9.252481e-22  9.883136e-22  1.067761e-21  1.157974e-21  1.255833e-21  1.356383e-21  1.449416e-21  1.526410e-21  1.577157e-21  1.596697e-21  1.588234e-21  1.560962e-21  1.528172e-21  1.502048e-21  1.491338e-21  1.499839e-21  1.526135e-21  1.562605e-21  1.600462e-21  1.635764e-21  1.666503e-21  1.695260e-21  1.725889e-21  1.762132e-21  1.807937e-21  1.866420e-21  1.937834e-21  2.021208e-21  2.113756e-21  2.211276e-21  2.312494e-21  2.411587e-21  2.506836e-21  2.593413e-21  2.666647e-21  2.723347e-21  2.761666e-21  2.779332e-21  2.781742e-21  2.775634e-21  2.771477e-21  2.777130e-21  2.799236e-21  2.837979e-21  2.889217e-21  2.948235e-21  3.007546e-21  3.063403e-21  3.111853e-21  3.152393e-21  3.187622e-21  3.218175e-21  3.246146e-21  3.274556e-21  3.303725e-21  3.337390e-21  3.374019e-21  3.415148e-21  3.463075e-21  3.520060e-21  3.588103e-21  3.668520e-21  3.758576e-21  3.855133e-21  3.954520e-21  4.050291e-21  4.138697e-21  4.217663e-21  4.288303e-21  4.350028e-21  4.406661e-21  4.462586e-21  4.518569e-21  4.574833e-21  4.629073e-21  4.676398e-21  4.710980e-21  4.728900e-21  4.727627e-21  4.709025e-21  4.676644e-21  4.637479e-21  4.591884e-21  4.544715e-21  4.498495e-21  4.456207e-21  4.419449e-21  4.388776e-21  4.364859e-21  4.347671e-21  4.339106e-21  4.338677e-21  4.346947e-21  4.365463e-21  4.397161e-21  4.444450e-21  4.508367e-21  4.586759e-21  4.673998e-21  4.765398e-21  4.855892e-21  4.941788e-21  5.016479e-21  5.075934e-21  5.116430e-21  5.135438e-21  5.133738e-21  5.111236e-21  5.071679e-21  5.016181e-21  4.947104e-21  4.868045e-21  4.782386e-21  4.694792e-21  4.606809e-21  4.520513e-21  4.436788e-21  4.357381e-21  4.281882e-21  4.210799e-21  4.144129e-21  4.082407e-21  4.025708e-21  3.973222e-21  3.924400e-21  3.877421e-21  3.831969e-21  3.786315e-21  3.740096e-21  3.691890e-21  3.642369e-21  3.590661e-21  3.537693e-21  3.484983e-21  3.432888e-21  3.381580e-21  3.329535e-21  3.275667e-21  3.219350e-21  3.160689e-21  3.101738e-21  3.042740e-21  2.982417e-21  2.921663e-21  2.861861e-21  2.805666e-21  2.754098e-21  2.705780e-21  2.659708e-21  2.613369e-21  2.567569e-21  2.523657e-21  2.482113e-21  2.441968e-21  2.403405e-21  2.365275e-21  2.325228e-21  2.284305e-21  2.243575e-21  2.202674e-21  2.162800e-21  2.123857e-21  2.085663e-21  2.048787e-21  2.012467e-21  1.977130e-21  1.941382e-21  1.903800e-21  1.863481e-21  1.822263e-21  1.780640e-21  1.739448e-21  1.699008e-21  1.658933e-21  1.619737e-21  1.581816e-21  1.545554e-21  1.510614e-21  1.477378e-21  1.444632e-21  1.412918e-21  1.381614e-21  1.352732e-21  1.326737e-21  1.303487e-21  1.283333e-21  1.265067e-21  1.247050e-21  1.226964e-21  1.203984e-21  1.177337e-21  1.148075e-21  1.117692e-21  1.087090e-21  1.057989e-21  1.030319e-21  1.003736e-21  9.772374e-22  9.503697e-22  9.245603e-22  8.980627e-22  8.733300e-22  8.509813e-22  8.297356e-22  8.103679e-22  7.929770e-22  7.774943e-22  7.630308e-22  7.501019e-22  7.380057e-22  7.270153e-22  7.161984e-22  7.060543e-22  6.965087e-22  6.880928e-22  6.813216e-22  6.772060e-22  6.745823e-22  6.721946e-22  6.663546e-22  6.576120e-22  6.440081e-22  6.287595e-22  6.042041e-22  5.801540e-22  5.561611e-22  5.426541e-22  5.320095e-22  5.194884e-22  5.057075e-22  4.942144e-22  4.801572e-22  4.657083e-22  4.514747e-22  4.422606e-22  4.322430e-22  4.247410e-22  4.199045e-22  4.167868e-22  4.145487e-22  4.123130e-22  4.097507e-22  4.082883e-22  4.080028e-22  4.093782e-22  4.123134e-22  4.172007e-22  4.230700e-22  4.300076e-22  4.360827e-22  4.391706e-22  4.376054e-22  4.305227e-22  4.168265e-22  3.979350e-22  3.761700e-22  3.545941e-22  3.352398e-22  3.181903e-22  3.034658e-22  2.917458e-22  2.821277e-22  2.740100e-22  2.675713e-22  2.621571e-22  2.574977e-22  2.532460e-22  2.492762e-22  2.461925e-22  2.433713e-22  2.415309e-22  2.410867e-22  2.409788e-22  2.427007e-22  2.456429e-22  2.511853e-22  2.595054e-22  2.692731e-22  2.810992e-22  2.936475e-22  3.056177e-22  3.141101e-22  3.180337e-22  3.165992e-22  3.102855e-22  2.982937e-22  2.833799e-22  2.674947e-22  2.514938e-22  2.377398e-22  2.256265e-22  2.154151e-22  2.063156e-22  1.985470e-22  1.907088e-22  1.833040e-22  1.753886e-22  1.679373e-22  1.621368e-22  1.575868e-22  1.538849e-22  1.508313e-22  1.486060e-22  1.464911e-22  1.443374e-22  1.428402e-22  1.421292e-22  1.427767e-22  1.437195e-22  1.463367e-22  1.519093e-22  1.590713e-22  1.680056e-22  1.767928e-22  1.866768e-22  1.958962e-22  2.052738e-22  2.153932e-22  2.229174e-22  2.320668e-22  2.332732e-22  2.303440e-22  2.202014e-22  2.138313e-22  1.954249e-22  1.820227e-22  1.804199e-22  1.527231e-22  1.394541e-22  1.283589e-22  1.151074e-22  1.113974e-22  1.007111e-22  9.350170e-23  8.858039e-23  8.481701e-23  7.785901e-23  7.583507e-23  7.310221e-23  7.120342e-23  6.922208e-23  6.926128e-23  6.974517e-23  6.880419e-23  7.147665e-23  7.323778e-23  7.503802e-23  7.726703e-23  8.011139e-23  8.361779e-23  8.974550e-23  9.576765e-23  1.041329e-22  1.108438e-22  1.181533e-22  1.293028e-22  1.372478e-22  1.403836e-22  1.365856e-22  1.310527e-22  1.247801e-22  1.192338e-22  1.129203e-22  1.050285e-22  9.857346e-23  8.782134e-23  7.894042e-23  7.145231e-23  6.470765e-23  5.885196e-23  5.357031e-23  5.020962e-23  4.654628e-23  4.326274e-23  4.038257e-23  3.803439e-23  3.600361e-23  3.489541e-23  3.459934e-23  3.368102e-23  3.396117e-23  3.400861e-23  3.448833e-23  3.507095e-23  3.662301e-23  3.757025e-23  3.908922e-23  4.056321e-23  4.318356e-23  4.501913e-23  4.606281e-23  4.785039e-23  4.908961e-23  4.978990e-23  4.760514e-23  4.553062e-23  4.778899e-23  4.976535e-23  5.468128e-23  6.074928e-23  6.800788e-23  6.729741e-23  8.172075e-23  6.746939e-23  6.730693e-23  6.402270e-23  6.181785e-23  4.602669e-23  4.324354e-23  4.173383e-23  4.786927e-23  4.127630e-23  3.774692e-23  3.510229e-23  2.989356e-23  3.035779e-23  2.893341e-23  2.916884e-23  2.125180e-23  2.968007e-23  1.932382e-23  2.600096e-23  1.927093e-23  1.855287e-23  1.622115e-23  1.835021e-23  1.646544e-23  1.737317e-23  1.895212e-23  1.784934e-23  1.617834e-23  2.259609e-23  2.212119e-23  3.073852e-23  4.840689e-23  7.371161e-23  7.811147e-23  1.105723e-22  1.752940e-22  1.642531e-22  1.592934e-22  1.392762e-22  6.194023e-23  4.648362e-23  6.210696e-23  6.708370e-23  1.742222e-22  1.610828e-22  7.217110e-23  1.415244e-22  5.859695e-23  1.177418e-22  3.418855e-23  1.528938e-22  2.471854e-23  9.299418e-23  4.543809e-23  3.335202e-23  5.787390e-23  4.652641e-23  5.331809e-23  3.238900e-23  3.079320e-23  2.643929e-23  2.649649e-23  2.581751e-23  2.076844e-23  2.251697e-23  2.112667e-23  2.005877e-23  1.821193e-23  1.216935e-23  7.026713e-24  9.854460e-24  5.519181e-24  8.507705e-24  8.661177e-24  1.019655e-23  1.430027e-23  1.171490e-23  7.173651e-24  6.543654e-24  8.326489e-24  8.807799e-24  3.737777e-24  4.340208e-24  5.603596e-24  3.887745e-24  6.015602e-24  5.378271e-24  7.704273e-24  9.197036e-24  1.144663e-23  1.437466e-23  2.685343e-23  3.206244e-23  2.115477e-23  2.151867e-23  2.121646e-23  1.585349e-23  1.021659e-23  1.109032e-23  7.368708e-24  6.682461e-24  5.375266e-24  5.176723e-24  3.653340e-24  3.942904e-24  2.290127e-24  3.190606e-24  2.149923e-24  1.617600e-24  2.309371e-24  1.828646e-24  1.260242e-24  1.432582e-24  1.152080e-24  1.065032e-24  8.278833e-25  1.103891e-24  6.771347e-25  5.341474e-25  7.202620e-25  6.740623e-25  3.451557e-25  4.545780e-25  3.647278e-25  4.547492e-25  2.593670e-25  1.178023e-25  1.019169e-25  1.737709e-25  1.439058e-25  1.128370e-25  7.141800e-26  7.375516e-26  7.441659e-26  1.589849e-25  1.768381e-25  1.925935e-25  2.671657e-25  2.811907e-25  4.057658e-25  4.805051e-25  8.054104e-25  1.222851e-24  1.331608e-24  1.717299e-24  2.781841e-24  5.636012e-24  5.094465e-24  3.648216e-24  3.692347e-24  3.476232e-24  2.383462e-24  1.829815e-24  1.495929e-24  4.761272e-25  8.338990e-25  2.232946e-25  2.728225e-25  1.057829e-25  6.333412e-26  1.786956e-25  8.753324e-26  5.674866e-26  7.542736e-26  5.917673e-26  1.375739e-25  1.866110e-25  7.814481e-26  8.748169e-26  1.441847e-25  1.217357e-25  5.257295e-26  1.426580e-25  1.518864e-25  6.160822e-26  4.246565e-25  8.473584e-26  3.976238e-25  3.421954e-25  2.122763e-26  8.683166e-25  5.844390e-25  1.881550e-25  1.791659e-25  1.065894e-24  4.077106e-25  2.436614e-24  5.247892e-25  2.434824e-25  7.435721e-25  1.845095e-24  4.595871e-25  1.339514e-25  3.628009e-24  4.913619e-25  1.894617e-24  2.720800e-24  2.511664e-25  2.407831e-24  2.196246e-24  4.697697e-24
3.956368e-21  6.091618e-21  3.353693e-21  2.250870e-21  3.973607e-21  1.747705e-21  1.226017e-21  2.411940e-21  1.794390e-21  8.022077e-22  1.259812e-21  8.610490e-22  4.089155e-22  4.707960e-22  9.279624e-22  5.312729e-22  3.107452e-22  2.900458e-22  2.293326e-22  1.274590e-22  1.438189e-22  1.709058e-22  2.408701e-22  1.240784e-22  6.312090e-23  5.989555e-23  4.555083e-23  5.552895e-23  4.088852e-23  3.507970e-23  5.416242e-23  3.133269e-23  1.661465e-23  1.202800e-23  1.090182e-23  1.747215e-23  1.474743e-23  8.192282e-24  7.259133e-24  9.199398e-24  6.276889e-24  5.571536e-24  4.019298e-24  2.875270e-24  4.997987e-24  4.299611e-24  2.924670e-24  2.521427e-24  2.539788e-24  2.569561e-24  2.445155e-24  2.667357e-24  3.078097e-24  3.257351e-24  3.601263e-24  2.969216e-24  3.119690e-24  3.547359e-24  4.306187e-24  5.379066e-24  5.436974e-24  5.546203e-24  5.702679e-24  6.597698e-24  7.315459e-24  8.956283e-24  9.494281e-24  9.105668e-24  8.712038e-24  9.180025e-24  9.841363e-24  1.171625e-23  1.321665e-23  1.405798e-23  1.411667e-23  1.425289e-23  1.523610e-23  1.762058e-23  2.166906e-23  2.480316e-23  2.664978e-23  2.690868e-23  2.618784e-23  2.436286e-23  2.507336e-23  2.780566e-23  3.156849e-23  3.479040e-23  3.637096e-23  3.653163e-23  3.568997e-23  3.787533e-23  4.394327e-23  5.215323e-23  6.125610e-23  6.837927e-23  7.079042e-23  6.861292e-23  6.415893e-23  6.052258e-23  6.082483e-23  6.679319e-23  7.587034e-23  8.314201e-23  8.502029e-23  8.318895e-23  8.201554e-23  8.558654e-23  9.588460e-23  1.121749e-22  1.325287e-22  1.525585e-22  1.681443e-22  1.753552e-22  1.725463e-22  1.601294e-22  1.481857e-22  1.435448e-22  1.501005e-22  1.697312e-22  1.838318e-22  1.932289e-22  1.945602e-22  1.904179e-22  1.894921e-22  1.969302e-22  2.182148e-22  2.508023e-22  2.867321e-22  3.252971e-22  3.626186e-22  3.891897e-22  3.979304e-22  3.874657e-22  3.651462e-22  3.418553e-22  3.278954e-22  3.314398e-22  3.531253e-22  3.805028e-22  3.989748e-22  4.053672e-22  4.050364e-22  4.058502e-22  4.155213e-22  4.403690e-22  4.816730e-22  5.372660e-22  6.004571e-22  6.691326e-22  7.370581e-22  7.955121e-22  8.301056e-22  8.344403e-22  8.146475e-22  7.819026e-22  7.497724e-22  7.296734e-22  7.301635e-22  7.521750e-22  7.844860e-22  8.143552e-22  8.331693e-22  8.422057e-22  8.480019e-22  8.591945e-22  8.847988e-22  9.295970e-22  9.936640e-22  1.073100e-21  1.163416e-21  1.261304e-21  1.361902e-21  1.454594e-21  1.531262e-21  1.581094e-21  1.599893e-21  1.591085e-21  1.563647e-21  1.530888e-21  1.504952e-21  1.494433e-21  1.503181e-21  1.529403e-21  1.565913e-21  1.604299e-21  1.639337e-21  1.669973e-21  1.698589e-21  1.728954e-21  1.765072e-21  1.811094e-21  1.869724e-21  1.941309e-21  2.024458e-21  2.116872e-21  2.214134e-21  2.315119e-21  2.414500e-21  2.509985e-21  2.596527e-21  2.670005e-21  2.726940e-21  2.764827e-21  2.782670e-21  2.784745e-21  2.778327e-21  2.773602e-21  2.779272e-21  2.801662e-21  2.840421e-21  2.892092e-21  2.951066e-21  3.010722e-21  3.066436e-21  3.114776e-21  3.155488e-21  3.190568e-21  3.221147e-21  3.249171e-21  3.277653e-21  3.306987e-21  3.340419e-21  3.376925e-21  3.418276e-21  3.466165e-21  3.523208e-21  3.591673e-21  3.671859e-21  3.761985e-21  3.858907e-21  3.958182e-21  4.054197e-21  4.142610e-21  4.221304e-21  4.291684e-21  4.353712e-21  4.410548e-21  4.466672e-21  4.523171e-21  4.579691e-21  4.634466e-21  4.681860e-21  4.716420e-21  4.734100e-21  4.732330e-21  4.713313e-21  4.680772e-21  4.640948e-21  4.595048e-21  4.547661e-21  4.501249e-21  4.458709e-21  4.421953e-21  4.391188e-21  4.367266e-21  4.349920e-21  4.341242e-21  4.340659e-21  4.348822e-21  4.367476e-21  4.399491e-21  4.447108e-21  4.511494e-21  4.590222e-21  4.677562e-21  4.768954e-21  4.859517e-21  4.945075e-21  5.019866e-21  5.078855e-21  5.118973e-21  5.137597e-21  5.136042e-21  5.112964e-21  5.072872e-21  5.017210e-21  4.947983e-21  4.868541e-21  4.782685e-21  4.694661e-21  4.606697e-21  4.520110e-21  4.436290e-21  4.356695e-21  4.281157e-21  4.210297e-21  4.143248e-21  4.081562e-21  4.024899e-21  3.972249e-21  3.923351e-21  3.876696e-21  3.830932e-21  3.785367e-21  3.739196e-21  3.691268e-21  3.641609e-21  3.589654e-21  3.536647e-21  3.483722e-21  3.431544e-21  3.380325e-21  3.327988e-21  3.273990e-21  3.217355e-21  3.158380e-21  3.099352e-21  3.039983e-21  2.979559e-21  2.918855e-21  2.858887e-21  2.802606e-21  2.751038e-21  2.702880e-21  2.656808e-21  2.610328e-21  2.564578e-21  2.520609e-21  2.478959e-21  2.438842e-21  2.400316e-21  2.362085e-21  2.322139e-21  2.281102e-21  2.240241e-21  2.199430e-21  2.159614e-21  2.120691e-21  2.082578e-21  2.045575e-21  2.009422e-21  1.974082e-21  1.938340e-21  1.900667e-21  1.860305e-21  1.818972e-21  1.777413e-21  1.736098e-21  1.695493e-21  1.655506e-21  1.616335e-21  1.578387e-21  1.542102e-21  1.507227e-21  1.474033e-21  1.441207e-21  1.409510e-21  1.378190e-21  1.349419e-21  1.323438e-21  1.300301e-21  1.280222e-21  1.261947e-21  1.244020e-21  1.224039e-21  1.201068e-21  1.174499e-21  1.145202e-21  1.114860e-21  1.084303e-21  1.055140e-21  1.027658e-21  1.000991e-21  9.745500e-22  9.476516e-22  9.218667e-22  8.954320e-22  8.708134e-22  8.485438e-22  8.273029e-22  8.080000e-22  7.906020e-22  7.750774e-22  7.607634e-22  7.478273e-22  7.357349e-22  7.246941e-22  7.139546e-22  7.039294e-22  6.943579e-22  6.860692e-22  6.793404e-22  6.753758e-22  6.728416e-22  6.705628e-22  6.648428e-22  6.560686e-22  6.425629e-22  6.274263e-22  6.026286e-22  5.786995e-22  5.546958e-22  5.412388e-22  5.305150e-22  5.180929e-22  5.042508e-22  4.929593e-22  4.788417e-22  4.644539e-22  4.502444e-22  4.409991e-22  4.309447e-22  4.235310e-22  4.187257e-22  4.157429e-22  4.133423e-22  4.111020e-22  4.085694e-22  4.071299e-22  4.068968e-22  4.082262e-22  4.112654e-22  4.162104e-22  4.223397e-22  4.293332e-22  4.357055e-22  4.386893e-22  4.372073e-22  4.298911e-22  4.162725e-22  3.971387e-22  3.752524e-22  3.536036e-22  3.340456e-22  3.170396e-22  3.025656e-22  2.907445e-22  2.812124e-22  2.732265e-22  2.669950e-22  2.614561e-22  2.568030e-22  2.525428e-22  2.486915e-22  2.456140e-22  2.428673e-22  2.409904e-22  2.403513e-22  2.403245e-22  2.420339e-22  2.452519e-22  2.506450e-22  2.590607e-22  2.689408e-22  2.809921e-22  2.934877e-22  3.054187e-22  3.143138e-22  3.181296e-22  3.167196e-22  3.103370e-22  2.980688e-22  2.831100e-22  2.669459e-22  2.511131e-22  2.370490e-22  2.249771e-22  2.147090e-22  2.057551e-22  1.979057e-22  1.899944e-22  1.823483e-22  1.748869e-22  1.674535e-22  1.615185e-22  1.568636e-22  1.533609e-22  1.503025e-22  1.479534e-22  1.457273e-22  1.439632e-22  1.424012e-22  1.417779e-22  1.423028e-22  1.434056e-22  1.462791e-22  1.518841e-22  1.590331e-22  1.680379e-22  1.771167e-22  1.864695e-22  1.961062e-22  2.057773e-22  2.158949e-22  2.233382e-22  2.323450e-22  2.332810e-22  2.306521e-22  2.206070e-22  2.139027e-22  1.949583e-22  1.817003e-22  1.801667e-22  1.524407e-22  1.387094e-22  1.279106e-22  1.147172e-22  1.109988e-22  1.000759e-22  9.258979e-23  8.766716e-23  8.409787e-23  7.691055e-23  7.530836e-23  7.222384e-23  7.049104e-23  6.910609e-23  6.889308e-23  6.921190e-23  6.877254e-23  7.105903e-23  7.259759e-23  7.465557e-23  7.694860e-23  7.987431e-23  8.373173e-23  8.935390e-23  9.585479e-23  1.041551e-22  1.107031e-22  1.180867e-22  1.298893e-22  1.386074e-22  1.411290e-22  1.379545e-22  1.318229e-22  1.252920e-22  1.196717e-22  1.136141e-22  1.057621e-22  9.804902e-23  8.797552e-23  7.924676e-23  7.093798e-23  6.455817e-23  5.905097e-23  5.334039e-23  4.965000e-23  4.616450e-23  4.267831e-23  4.011495e-23  3.716562e-23  3.603232e-23  3.438022e-23  3.390852e-23  3.295285e-23  3.352867e-23  3.383497e-23  3.391369e-23  3.433050e-23  3.611416e-23  3.730118e-23  3.875673e-23  4.035390e-23  4.315808e-23  4.515541e-23  4.646877e-23  4.803364e-23  4.935110e-23  4.950654e-23  4.753383e-23  4.579311e-23  4.794624e-23  5.023909e-23  5.491570e-23  6.147032e-23  6.870613e-23  6.830232e-23  8.211373e-23  6.808222e-23  6.794623e-23  6.451623e-23  6.270492e-23  4.631761e-23  4.316056e-23  4.202362e-23  4.797773e-23  4.125470e-23  3.737872e-23  3.507058e-23  2.967888e-23  3.019209e-23  2.876952e-23  2.874248e-23  2.092502e-23  2.923352e-23  1.919392e-23  2.569738e-23  1.872940e-23  1.824476e-23  1.566222e-23  1.779645e-23  1.604438e-23  1.710702e-23  1.862457e-23  1.750858e-23  1.593639e-23  2.227262e-23  2.149117e-23  2.994803e-23  4.770676e-23  7.235752e-23  7.742378e-23  1.096464e-22  1.756303e-22  1.650855e-22  1.608932e-22  1.410072e-22  6.278880e-23  4.707263e-23  6.299735e-23  6.798504e-23  1.765883e-22  1.625837e-22  7.276084e-23  1.427363e-22  5.905022e-23  1.185231e-22  3.445578e-23  1.533630e-22  2.469319e-23  9.307256e-23  4.473596e-23  3.297670e-23  5.744754e-23  4.607908e-23  5.253469e-23  3.218204e-23  3.004392e-23  2.625624e-23  2.622267e-23  2.547677e-23  2.063749e-23  2.220963e-23  2.086747e-23  2.022221e-23  1.794929e-23  1.217932e-23  6.679209e-24  9.758556e-24  5.430469e-24  8.408644e-24  8.507308e-24  9.930724e-24  1.421618e-23  1.140484e-23  6.974522e-24  6.289067e-24  8.096379e-24  8.608897e-24  3.649186e-24  4.168448e-24  5.323047e-24  3.726083e-24  5.971418e-24  5.431754e-24  7.853713e-24  9.298917e-24  1.162455e-23  1.467844e-23  2.768496e-23  3.328748e-23  2.185136e-23  2.224335e-23  2.190411e-23  1.629867e-23  1.044748e-23  1.141817e-23  7.582690e-24  6.873137e-24  5.456846e-24  5.225703e-24  3.755313e-24  4.064171e-24  2.404142e-24  3.234203e-24  2.175731e-24  1.705380e-24  2.477487e-24  2.015617e-24  1.371136e-24  1.570928e-24  1.257583e-24  1.149266e-24  8.999343e-25  1.281010e-24  7.781345e-25  6.674598e-25  8.537400e-25  7.503234e-25  4.326689e-25  5.801039e-25  5.468280e-25  6.250507e-25  4.305840e-25  3.425597e-25  2.131183e-25  2.995659e-25  2.999715e-25  3.521991e-25  3.109979e-25  3.773499e-25  2.556550e-25  3.413063e-25  4.504384e-25  3.752367e-25  4.660448e-25  6.035085e-25  7.460118e-25  8.642769e-25  1.090457e-24  1.569264e-24  1.744207e-24  2.245218e-24  3.199567e-24  6.180251e-24  5.580460e-24  4.048337e-24  4.177287e-24  3.991585e-24  2.838308e-24  2.106865e-24  1.881795e-24  7.803480e-25  1.245265e-24  5.657594e-25  6.439031e-25  5.101058e-25  3.522330e-25  4.959784e-25  4.368500e-25  2.944748e-25  3.637380e-25  3.006359e-25  4.317078e-25  5.424733e-25  4.162315e-25  2.946515e-25  4.202340e-25  3.652686e-25  2.078008e-25  2.833899e-25  3.733735e-25  2.240132e-25  5.172165e-25  1.250736e-25  4.848410e-25  3.996070e-25  5.468445e-26  1.032011e-24  6.178412e-25  2.660710e-25  2.757284e-25  1.141760e-24  5.269031e-25  2.490019e-24  5.466568e-25  2.754756e-25  8.096102e-25  1.899930e-24  4.899577e-25  1.694196e-25  3.688242e-24  5.522168e-25  1.993117e-24  2.754636e-24  2.795604e-25  2.396902e-24  2.323199e-24  4.807373e-24
3.886786e-21  6.029296e-21  3.290211e-21  2.198564e-21  3.925988e-21  1.709891e-21  1.193349e-21  2.381597e-21  1.767918e-21  7.757348e-22  1.233193e-21  8.390301e-22  3.904362e-22  4.489221e-22  9.101103e-22  5.196087e-22  2.998398e-22  2.852969e-22  2.255818e-22  1.206033e-22  1.345319e-22  1.660935e-22  2.360797e-22  1.183156e-22  5.994958e-23  5.839283e-23  4.410754e-23  5.240678e-23  3.856836e-23  3.375430e-23  5.299433e-23  3.050200e-23  1.583013e-23  1.144503e-23  1.016662e-23  1.628926e-23  1.382714e-23  7.644968e-24  6.744252e-24  8.857377e-24  5.943691e-24  5.040482e-24  3.881828e-24  2.714950e-24  4.474925e-24  3.768303e-24  2.340279e-24  2.333761e-24  2.754420e-24  2.342803e-24  2.291010e-24  2.688020e-24  2.797095e-24  3.056426e-24  3.425942e-24  2.637013e-24  3.080641e-24  3.472091e-24  3.833882e-24  4.736532e-24  5.380303e-24  5.368190e-24  5.558528e-24  6.231698e-24  7.415897e-24  8.935154e-24  9.653447e-24  9.344231e-24  8.669341e-24  8.872875e-24  9.685982e-24  1.142657e-23  1.299054e-23  1.398565e-23  1.396941e-23  1.388627e-23  1.488733e-23  1.744956e-23  2.139810e-23  2.452511e-23  2.627332e-23  2.651428e-23  2.545741e-23  2.388512e-23  2.444250e-23  2.718766e-23  3.120977e-23  3.466667e-23  3.618311e-23  3.598305e-23  3.536744e-23  3.774570e-23  4.362582e-23  5.166493e-23  6.059590e-23  6.771568e-23  7.014476e-23  6.807355e-23  6.382191e-23  6.028586e-23  6.062276e-23  6.649113e-23  7.539116e-23  8.254536e-23  8.461648e-23  8.296107e-23  8.182073e-23  8.526747e-23  9.545505e-23  1.116888e-22  1.314425e-22  1.506179e-22  1.657580e-22  1.727652e-22  1.693790e-22  1.581274e-22  1.466922e-22  1.422391e-22  1.486275e-22  1.661656e-22  1.817814e-22  1.916843e-22  1.936521e-22  1.893043e-22  1.891657e-22  1.971607e-22  2.185470e-22  2.512094e-22  2.871708e-22  3.260020e-22  3.629305e-22  3.896109e-22  3.990791e-22  3.889507e-22  3.669860e-22  3.444078e-22  3.308046e-22  3.333443e-22  3.545865e-22  3.824104e-22  4.010262e-22  4.074077e-22  4.075247e-22  4.090173e-22  4.190691e-22  4.446256e-22  4.854122e-22  5.404868e-22  6.039418e-22  6.731370e-22  7.415881e-22  8.004417e-22  8.337832e-22  8.375669e-22  8.176275e-22  7.861046e-22  7.550369e-22  7.350552e-22  7.352238e-22  7.565276e-22  7.886261e-22  8.187457e-22  8.378271e-22  8.465167e-22  8.519518e-22  8.629303e-22  8.885970e-22  9.339459e-22  9.990143e-22  1.078439e-21  1.168858e-21  1.266776e-21  1.367421e-21  1.459771e-21  1.536115e-21  1.585031e-21  1.603090e-21  1.593936e-21  1.566332e-21  1.533605e-21  1.507855e-21  1.497528e-21  1.506524e-21  1.532671e-21  1.569221e-21  1.608136e-21  1.642909e-21  1.673442e-21  1.701919e-21  1.732019e-21  1.768012e-21  1.814252e-21  1.873027e-21  1.944784e-21  2.027708e-21  2.119988e-21  2.216991e-21  2.317744e-21  2.417412e-21  2.513135e-21  2.599641e-21  2.673364e-21  2.730532e-21  2.767988e-21  2.786008e-21  2.787748e-21  2.781020e-21  2.775727e-21  2.781415e-21  2.804088e-21  2.842862e-21  2.894966e-21  2.953898e-21  3.013899e-21  3.069470e-21  3.117699e-21  3.158583e-21  3.193515e-21  3.224119e-21  3.252197e-21  3.280749e-21  3.310250e-21  3.343449e-21  3.379831e-21  3.421405e-21  3.469255e-21  3.526356e-21  3.595244e-21  3.675198e-21  3.765394e-21  3.862680e-21  3.961844e-21  4.058104e-21  4.146524e-21  4.224944e-21  4.295066e-21  4.357397e-21  4.414434e-21  4.470759e-21  4.527773e-21  4.584549e-21  4.639858e-21  4.687321e-21  4.721861e-21  4.739299e-21  4.737033e-21  4.717600e-21  4.684901e-21  4.644416e-21  4.598212e-21  4.550606e-21  4.504004e-21  4.461212e-21  4.424457e-21  4.393600e-21  4.369673e-21  4.352170e-21  4.343378e-21  4.342642e-21  4.350697e-21  4.369490e-21  4.401821e-21  4.449765e-21  4.514622e-21  4.593685e-21  4.681125e-21  4.772511e-21  4.863143e-21  4.948363e-21  5.023253e-21  5.081776e-21  5.121516e-21  5.139755e-21  5.138347e-21  5.114692e-21  5.074065e-21  5.018239e-21  4.948862e-21  4.869037e-21  4.782983e-21  4.694530e-21  4.606584e-21  4.519708e-21  4.435792e-21  4.356009e-21  4.280432e-21  4.209796e-21  4.142367e-21  4.080718e-21  4.024090e-21  3.971276e-21  3.922301e-21  3.875971e-21  3.829894e-21  3.784420e-21  3.738296e-21  3.690647e-21  3.640849e-21  3.588647e-21  3.535600e-21  3.482461e-21  3.430200e-21  3.379070e-21  3.326442e-21  3.272312e-21  3.215361e-21  3.156071e-21  3.096966e-21  3.037225e-21  2.976700e-21  2.916048e-21  2.855912e-21  2.799547e-21  2.747977e-21  2.699981e-21  2.653908e-21  2.607288e-21  2.561587e-21  2.517560e-21  2.475805e-21  2.435717e-21  2.397228e-21  2.358895e-21  2.319051e-21  2.277899e-21  2.236907e-21  2.196187e-21  2.156429e-21  2.117524e-21  2.079493e-21  2.042364e-21  2.006377e-21  1.971033e-21  1.935297e-21  1.897533e-21  1.857129e-21  1.815681e-21  1.774186e-21  1.732747e-21  1.691977e-21  1.652079e-21  1.612933e-21  1.574957e-21  1.538649e-21  1.503841e-21  1.470687e-21  1.437782e-21  1.406103e-21  1.374766e-21  1.346105e-21  1.320139e-21  1.297116e-21  1.277110e-21  1.258827e-21  1.240991e-21  1.221113e-21  1.198153e-21  1.171661e-21  1.142330e-21  1.112028e-21  1.081515e-21  1.052292e-21  1.024996e-21  9.982459e-22  9.718623e-22  9.449335e-22  9.191736e-22  8.928014e-22  8.682968e-22  8.461063e-22  8.248701e-22  8.056320e-22  7.882269e-22  7.726605e-22  7.584959e-22  7.455526e-22  7.334640e-22  7.223729e-22  7.117108e-22  7.018045e-22  6.922070e-22  6.840457e-22  6.773592e-22  6.735457e-22  6.711009e-22  6.689311e-22  6.633310e-22  6.545251e-22  6.411158e-22  6.260913e-22  6.010543e-22  5.772479e-22  5.532308e-22  5.398244e-22  5.290219e-22  5.166969e-22  5.027940e-22  4.917045e-22  4.775251e-22  4.631986e-22  4.490144e-22  4.397361e-22  4.296464e-22  4.223211e-22  4.175469e-22  4.146994e-22  4.121359e-22  4.098912e-22  4.073882e-22  4.059715e-22  4.057908e-22  4.070743e-22  4.102175e-22  4.152201e-22  4.216095e-22  4.286588e-22  4.353284e-22  4.382080e-22  4.368092e-22  4.292595e-22  4.157185e-22  3.963423e-22  3.743350e-22  3.526132e-22  3.328513e-22  3.158889e-22  3.016655e-22  2.897431e-22  2.802971e-22  2.724430e-22  2.664186e-22  2.607551e-22  2.561083e-22  2.518397e-22  2.481067e-22  2.450354e-22  2.423633e-22  2.404499e-22  2.396159e-22  2.396701e-22  2.413671e-22  2.448608e-22  2.501046e-22  2.586159e-22  2.686086e-22  2.808851e-22  2.933280e-22  3.052196e-22  3.145174e-22  3.182255e-22  3.168400e-22  3.103886e-22  2.978439e-22  2.828401e-22  2.663972e-22  2.507324e-22  2.363583e-22  2.243277e-22  2.140028e-22  2.051943e-22  1.972641e-22  1.892801e-22  1.813928e-22  1.743853e-22  1.669698e-22  1.609002e-22  1.561405e-22  1.528368e-22  1.497738e-22  1.473008e-22  1.449635e-22  1.435890e-22  1.419623e-22  1.414266e-22  1.418288e-22  1.430917e-22  1.462215e-22  1.518590e-22  1.589949e-22  1.680703e-22  1.774407e-22  1.862624e-22  1.963164e-22  2.062809e-22  2.163956e-22  2.237582e-22  2.326194e-22  2.332881e-22  2.309613e-22  2.210136e-22  2.139781e-22  1.944920e-22  1.813778e-22  1.799139e-22  1.521579e-22  1.379661e-22  1.274629e-22  1.143273e-22  1.106003e-22  9.943953e-23  9.167680e-23  8.675241e-23  8.337725e-23  7.596212e-23  7.478110e-23  7.134555e-23  6.977884e-23  6.899033e-23  6.852521e-23  6.867878e-23  6.874104e-23  7.064149e-23  7.195761e-23  7.427320e-23  7.663026e-23  7.963728e-23  8.384573e-23  8.896232e-23  9.594196e-23  1.041772e-22  1.105623e-22  1.180202e-22  1.304758e-22  1.399670e-22  1.418744e-22  1.393234e-22  1.325930e-22  1.258039e-22  1.201096e-22  1.143078e-22  1.064957e-22  9.752459e-23  8.812972e-23  7.955311e-23  7.042366e-23  6.440869e-23  5.924997e-23  5.311047e-23  4.909038e-23  4.578271e-23  4.209388e-23  3.984734e-23  3.629687e-23  3.606104e-23  3.386503e-23  3.321771e-23  3.222468e-23  3.309618e-23  3.366134e-23  3.333906e-23  3.359006e-23  3.560530e-23  3.703212e-23  3.842426e-23  4.014458e-23  4.313258e-23  4.529165e-23  4.687470e-23  4.821684e-23  4.961260e-23  4.922314e-23  4.746269e-23  4.605574e-23  4.810406e-23  5.071347e-23  5.515038e-23  6.219067e-23  6.939973e-23  6.930326e-23  8.250349e-23  6.869413e-23  6.858509e-23  6.501132e-23  6.359909e-23  4.660785e-23  4.307804e-23  4.231484e-23  4.808640e-23  4.123437e-23  3.700654e-23  3.504036e-23  2.946197e-23  3.002640e-23  2.860583e-23  2.831358e-23  2.059786e-23  2.878683e-23  1.906394e-23  2.539122e-23  1.818781e-23  1.793515e-23  1.510316e-23  1.724344e-23  1.562384e-23  1.684116e-23  1.829700e-23  1.716798e-23  1.569609e-23  2.195216e-23  2.086742e-23  2.916368e-23  4.700174e-23  7.098374e-23  7.670119e-23  1.087131e-22  1.759476e-22  1.659137e-22  1.625106e-22  1.427797e-22  6.364312e-23  4.767123e-23  6.389427e-23  6.889332e-23  1.789871e-22  1.640731e-22  7.334688e-23  1.439481e-22  5.951453e-23  1.193021e-22  3.473814e-23  1.538128e-22  2.466961e-23  9.312179e-23  4.402496e-23  3.259923e-23  5.700710e-23  4.562120e-23  5.174284e-23  3.196859e-23  2.929431e-23  2.607391e-23  2.595435e-23  2.514399e-23  2.050594e-23  2.191417e-23  2.060259e-23  2.039262e-23  1.768569e-23  1.219318e-23  6.332840e-24  9.666809e-24  5.342590e-24  8.311768e-24  8.355231e-24  9.663935e-24  1.413164e-23  1.109277e-23  6.774944e-24  6.033499e-24  7.865561e-24  8.408274e-24  3.560428e-24  3.996864e-24  5.042021e-24  3.564710e-24  5.927028e-24  5.485544e-24  8.003530e-24  9.401435e-24  1.180281e-23  1.498251e-23  2.851655e-23  3.451264e-23  2.254805e-23  2.296810e-23  2.259181e-23  1.674395e-23  1.067843e-23  1.174604e-23  7.796736e-24  7.063819e-24  5.538425e-24  5.274619e-24  3.857281e-24  4.185398e-24  2.518173e-24  3.277786e-24  2.201553e-24  1.793198e-24  2.645644e-24  2.202578e-24  1.482048e-24  1.709310e-24  1.363108e-24  1.233520e-24  9.719821e-25  1.458155e-24  8.791325e-25  8.007723e-25  9.872559e-25  8.265787e-25  5.201848e-25  7.056383e-25  7.289179e-25  7.953224e-25  6.017986e-25  5.673021e-25  3.242991e-25  4.253520e-25  4.560035e-25  5.915564e-25  5.505565e-25  6.809578e-25  4.369072e-25  5.236350e-25  7.240403e-25  5.578851e-25  6.649219e-25  9.258283e-25  1.086262e-24  1.248049e-24  1.375502e-24  1.915676e-24  2.156808e-24  2.773141e-24  3.617295e-24  6.724491e-24  6.066459e-24  4.448460e-24  4.662231e-24  4.506940e-24  3.293159e-24  2.383922e-24  2.267665e-24  1.084578e-24  1.656632e-24  9.082342e-25  1.014984e-24  9.144495e-25  6.411369e-25  8.132856e-25  7.861847e-25  5.322161e-25  6.521042e-25  5.421019e-25  7.259262e-25  8.983461e-25  7.543704e-25  5.018991e-25  6.963607e-25  6.088599e-25  3.630551e-25  4.242245e-25  5.949105e-25  3.864799e-25  6.098170e-25  1.654301e-25  5.717211e-25  4.572479e-25  8.821168e-26  1.195481e-24  6.511271e-25  3.440453e-25  3.722260e-25  1.217530e-24  6.460730e-25  2.543289e-24  5.688283e-25  3.073254e-25  8.755416e-25  1.954139e-24  5.202674e-25  2.050146e-25  3.748850e-24  6.130628e-25  2.092124e-24  2.787794e-24  3.079709e-25  2.385910e-24  2.449844e-24  4.917182e-24
3.817738e-21  5.968562e-21  3.226001e-21  2.146259e-21  3.879091e-21  1.671322e-21  1.160271e-21  2.351843e-21  1.741388e-21  7.491015e-22  1.206897e-21  8.175724e-22  3.722248e-22  4.274176e-22  8.933993e-22  5.080137e-22  2.885284e-22  2.802616e-22  2.217306e-22  1.138571e-22  1.254104e-22  1.614392e-22  2.316712e-22  1.126812e-22  5.676717e-23  5.681786e-23  4.256494e-23  4.926348e-23  3.615852e-23  3.240917e-23  5.184294e-23  2.958442e-23  1.502794e-23  1.083834e-23  9.460188e-24  1.512293e-23  1.287266e-23  7.078728e-24  6.274620e-24  8.549562e-24  5.601985e-24  4.526626e-24  3.693237e-24  2.564892e-24  3.982913e-24  3.299715e-24  1.813501e-24  2.160931e-24  2.865993e-24  2.081192e-24  2.134878e-24  2.680871e-24  2.549042e-24  2.880357e-24  3.238578e-24  2.335076e-24  3.014481e-24  3.371090e-24  3.412111e-24  4.185518e-24  5.296745e-24  5.156367e-24  5.392096e-24  5.903267e-24  7.478053e-24  8.883935e-24  9.743038e-24  9.497204e-24  8.588130e-24  8.565290e-24  9.537889e-24  1.115634e-23  1.280395e-23  1.390503e-23  1.381042e-23  1.353469e-23  1.454329e-23  1.727597e-23  2.108926e-23  2.423524e-23  2.588372e-23  2.609658e-23  2.473452e-23  2.340476e-23  2.380979e-23  2.655754e-23  3.084795e-23  3.451862e-23  3.596395e-23  3.545180e-23  3.502888e-23  3.754866e-23  4.325784e-23  5.117863e-23  5.998894e-23  6.711607e-23  6.954625e-23  6.754549e-23  6.344928e-23  5.998623e-23  6.035581e-23  6.615466e-23  7.492044e-23  8.197097e-23  8.420089e-23  8.268165e-23  8.156420e-23  8.490722e-23  9.505333e-23  1.113290e-22  1.305485e-22  1.490000e-22  1.637925e-22  1.706152e-22  1.666595e-22  1.563902e-22  1.453798e-22  1.410776e-22  1.473645e-22  1.630098e-22  1.801320e-22  1.903423e-22  1.927597e-22  1.882141e-22  1.887900e-22  1.973168e-22  2.188879e-22  2.516124e-22  2.876775e-22  3.267514e-22  3.633485e-22  3.901393e-22  4.001788e-22  3.902237e-22  3.684676e-22  3.464568e-22  3.331322e-22  3.349136e-22  3.558176e-22  3.840526e-22  4.027632e-22  4.091153e-22  4.095757e-22  4.115990e-22  4.219474e-22  4.480939e-22  4.885167e-22  5.431946e-22  6.069089e-22  6.764947e-22  7.453602e-22  8.045379e-22  8.368399e-22  8.401410e-22  8.199898e-22  7.893801e-22  7.591395e-22  7.392599e-22  7.392304e-22  7.599923e-22  7.919651e-22  8.222801e-22  8.415733e-22  8.499389e-22  8.550938e-22  8.659257e-22  8.916547e-22  9.374703e-22  1.003352e-21  1.082778e-21  1.173316e-21  1.271291e-21  1.372001e-21  1.464099e-21  1.540144e-21  1.588265e-21  1.605677e-21  1.596182e-21  1.568357e-21  1.535624e-21  1.510017e-21  1.499860e-21  1.509105e-21  1.535218e-21  1.571827e-21  1.611190e-21  1.645742e-21  1.676204e-21  1.704578e-21  1.734468e-21  1.770368e-21  1.816790e-21  1.875689e-21  1.947599e-21  2.030366e-21  2.122560e-21  2.219394e-21  2.319958e-21  2.419869e-21  2.515757e-21  2.602209e-21  2.676108e-21  2.733427e-21  2.770504e-21  2.788643e-21  2.790064e-21  2.783062e-21  2.777302e-21  2.783036e-21  2.805943e-21  2.844764e-21  2.897280e-21  2.956207e-21  3.016514e-21  3.071985e-21  3.120135e-21  3.161163e-21  3.195943e-21  3.226554e-21  3.254661e-21  3.283260e-21  3.312919e-21  3.345891e-21  3.382171e-21  3.423918e-21  3.471759e-21  3.528915e-21  3.598155e-21  3.677950e-21  3.768224e-21  3.865841e-21  3.964926e-21  4.061406e-21  4.149824e-21  4.228030e-21  4.297901e-21  4.360486e-21  4.417703e-21  4.474183e-21  4.531608e-21  4.588624e-21  4.644374e-21  4.691913e-21  4.726427e-21  4.743687e-21  4.740984e-21  4.721210e-21  4.688394e-21  4.647313e-21  4.600867e-21  4.553060e-21  4.506288e-21  4.463284e-21  4.426539e-21  4.395608e-21  4.371660e-21  4.354091e-21  4.345202e-21  4.344352e-21  4.352359e-21  4.371277e-21  4.403893e-21  4.452139e-21  4.517430e-21  4.596806e-21  4.684365e-21  4.775793e-21  4.866499e-21  4.951474e-21  5.026446e-21  5.084606e-21  5.123997e-21  5.141916e-21  5.140603e-21  5.116469e-21  5.075397e-21  5.019394e-21  4.949876e-21  4.869703e-21  4.783501e-21  4.694659e-21  4.606707e-21  4.519564e-21  4.435584e-21  4.355640e-21  4.280028e-21  4.209566e-21  4.141829e-21  4.080204e-21  4.023605e-21  3.970676e-21  3.921623e-21  3.875581e-21  3.829244e-21  3.783836e-21  3.737756e-21  3.690347e-21  3.640430e-21  3.588025e-21  3.534940e-21  3.481620e-21  3.429280e-21  3.378208e-21  3.325326e-21  3.271092e-21  3.213862e-21  3.154296e-21  3.095090e-21  3.035041e-21  2.974400e-21  2.913767e-21  2.853480e-21  2.797033e-21  2.745440e-21  2.697574e-21  2.651490e-21  2.604752e-21  2.559074e-21  2.514983e-21  2.473137e-21  2.433081e-21  2.394621e-21  2.356207e-21  2.316429e-21  2.275181e-21  2.234071e-21  2.193406e-21  2.153688e-21  2.114790e-21  2.076824e-21  2.039591e-21  2.003739e-21  1.968397e-21  1.932671e-21  1.894825e-21  1.854382e-21  1.812823e-21  1.771369e-21  1.729823e-21  1.688901e-21  1.649069e-21  1.609938e-21  1.571937e-21  1.535601e-21  1.500845e-21  1.467715e-21  1.434751e-21  1.403073e-21  1.371730e-21  1.343145e-21  1.317180e-21  1.294257e-21  1.274314e-21  1.256030e-21  1.238274e-21  1.218486e-21  1.195537e-21  1.169097e-21  1.139735e-21  1.109460e-21  1.078982e-21  1.049707e-21  1.022562e-21  9.957469e-22  9.694060e-22  9.424507e-22  9.167193e-22  8.903792e-22  8.659715e-22  8.438491e-22  8.226105e-22  8.034378e-22  7.860294e-22  7.704375e-22  7.564023e-22  7.434586e-22  7.313877e-22  7.202601e-22  7.096669e-22  6.998584e-22  6.902565e-22  6.822042e-22  6.755644e-22  6.718798e-22  6.695289e-22  6.674595e-22  6.619762e-22  6.531425e-22  6.398025e-22  6.248788e-22  5.996342e-22  5.759214e-22  5.518741e-22  5.385146e-22  5.276542e-22  5.153962e-22  5.014485e-22  4.905334e-22  4.762919e-22  4.619945e-22  4.478376e-22  4.385209e-22  4.284189e-22  4.211766e-22  4.164292e-22  4.137029e-22  4.110234e-22  4.087811e-22  4.062964e-22  4.049155e-22  4.047741e-22  4.060290e-22  4.092531e-22  4.143211e-22  4.209544e-22  4.280553e-22  4.349851e-22  4.378012e-22  4.364675e-22  4.287202e-22  4.152274e-22  3.956380e-22  3.734970e-22  3.517004e-22  3.317590e-22  3.148326e-22  3.008019e-22  2.887958e-22  2.794129e-22  2.716766e-22  2.658153e-22  2.600510e-22  2.554219e-22  2.511396e-22  2.475093e-22  2.444376e-22  2.418435e-22  2.398905e-22  2.388924e-22  2.390297e-22  2.407184e-22  2.444421e-22  2.495772e-22  2.581580e-22  2.682649e-22  2.807450e-22  2.931620e-22  3.050249e-22  3.146627e-22  3.183139e-22  3.169334e-22  3.104225e-22  2.976427e-22  2.825860e-22  2.658964e-22  2.503684e-22  2.357055e-22  2.237132e-22  2.133401e-22  2.046402e-22  1.966348e-22  1.886037e-22  1.805189e-22  1.738725e-22  1.664749e-22  1.602937e-22  1.554473e-22  1.523115e-22  1.492127e-22  1.466463e-22  1.442293e-22  1.431668e-22  1.414813e-22  1.410272e-22  1.413267e-22  1.427373e-22  1.460473e-22  1.517463e-22  1.588762e-22  1.680059e-22  1.776046e-22  1.859995e-22  1.964038e-22  2.066317e-22  2.167542e-22  2.240402e-22  2.327763e-22  2.332223e-22  2.311724e-22  2.213205e-22  2.140016e-22  1.940806e-22  1.810279e-22  1.796157e-22  1.518353e-22  1.372718e-22  1.269940e-22  1.139035e-22  1.101818e-22  9.878771e-23  9.080577e-23  8.586658e-23  8.264184e-23  7.508620e-23  7.425984e-23  7.048962e-23  6.909576e-23  6.880248e-23  6.811656e-23  6.814011e-23  6.862247e-23  7.015610e-23  7.128997e-23  7.383932e-23  7.625490e-23  7.931665e-23  8.383998e-23  8.853350e-23  9.590530e-23  1.041230e-22  1.105649e-22  1.183080e-22  1.312843e-22  1.413908e-22  1.427493e-22  1.407032e-22  1.334826e-22  1.264724e-22  1.206799e-22  1.150297e-22  1.073045e-22  9.721834e-23  8.843308e-23  7.991391e-23  7.009739e-23  6.436437e-23  5.948418e-23  5.298672e-23  4.866755e-23  4.549581e-23  4.161589e-23  3.961376e-23  3.559415e-23  3.608086e-23  3.344579e-23  3.262494e-23  3.164176e-23  3.272974e-23  3.352656e-23  3.288114e-23  3.302575e-23  3.520114e-23  3.682007e-23  3.817677e-23  4.001491e-23  4.310952e-23  4.541807e-23  4.724322e-23  4.839169e-23  4.983771e-23  4.898542e-23  4.740985e-23  4.626108e-23  4.819641e-23  5.109296e-23  5.532929e-23  6.275546e-23  6.993782e-23  7.013901e-23  8.284006e-23  6.921637e-23  6.910379e-23  6.541816e-23  6.435524e-23  4.680924e-23  4.298395e-23  4.251548e-23  4.815662e-23  4.118816e-23  3.663384e-23  3.497052e-23  2.920920e-23  2.984218e-23  2.842417e-23  2.791767e-23  2.028065e-23  2.836968e-23  1.889640e-23  2.507902e-23  1.769124e-23  1.761401e-23  1.459890e-23  1.673193e-23  1.523665e-23  1.657439e-23  1.798783e-23  1.684245e-23  1.544651e-23  2.165303e-23  2.027708e-23  2.838466e-23  4.625475e-23  6.959918e-23  7.591401e-23  1.077431e-22  1.762459e-22  1.667214e-22  1.641276e-22  1.445405e-22  6.441269e-23  4.819157e-23  6.464843e-23  6.968008e-23  1.812716e-22  1.654000e-22  7.374074e-23  1.449479e-22  5.987471e-23  1.200019e-22  3.491695e-23  1.541942e-22  2.459438e-23  9.307945e-23  4.330530e-23  3.219999e-23  5.648610e-23  4.512434e-23  5.092117e-23  3.173020e-23  2.855883e-23  2.587378e-23  2.567963e-23  2.482954e-23  2.034430e-23  2.164610e-23  2.033657e-23  2.052749e-23  1.743119e-23  1.219036e-23  6.020352e-24  9.568491e-24  5.245849e-24  8.213892e-24  8.209622e-24  9.421715e-24  1.405089e-23  1.081159e-23  6.585672e-24  5.790940e-24  7.640134e-24  8.197570e-24  3.463469e-24  3.825971e-24  4.778169e-24  3.404622e-24  5.855320e-24  5.505330e-24  8.096314e-24  9.468215e-24  1.193927e-23  1.522184e-23  2.918318e-23  3.554065e-23  2.313005e-23  2.356780e-23  2.314328e-23  1.708582e-23  1.084876e-23  1.199031e-23  7.957062e-24  7.206040e-24  5.594217e-24  5.303177e-24  3.932947e-24  4.275156e-24  2.604602e-24  3.301769e-24  2.216468e-24  1.870272e-24  2.775534e-24  2.348697e-24  1.571644e-24  1.828524e-24  1.446354e-24  1.299917e-24  1.030285e-24  1.593793e-24  9.675771e-25  9.091474e-25  1.098642e-24  8.822302e-25  5.961433e-25  8.107162e-25  8.782254e-25  9.347412e-25  7.428716e-25  7.558264e-25  4.204564e-25  5.297649e-25  5.861419e-25  7.836881e-25  7.461668e-25  9.327004e-25  5.881873e-25  6.710281e-25  9.445918e-25  7.080178e-25  8.294206e-25  1.188780e-24  1.362015e-24  1.560000e-24  1.613216e-24  2.193509e-24  2.492446e-24  3.205031e-24  3.955202e-24  7.175778e-24  6.470553e-24  4.778663e-24  5.062626e-24  4.928334e-24  3.664439e-24  2.609823e-24  2.586929e-24  1.337194e-24  1.992341e-24  1.191941e-24  1.325854e-24  1.245263e-24  8.755375e-25  1.074910e-24  1.064717e-24  7.231391e-25  8.872800e-25  7.388007e-25  9.606189e-25  1.190425e-24  1.024945e-24  6.720287e-25  9.143470e-25  8.008419e-25  4.847048e-25  5.339243e-25  7.681309e-25  5.137058e-25  6.797160e-25  1.965868e-25  6.378564e-25  5.001889e-25  1.143663e-25  1.320244e-24  6.744328e-25  4.048316e-25  4.465244e-25  1.274612e-24  7.385298e-25  2.583461e-24  5.841385e-25  3.306791e-25  9.252638e-25  1.997029e-24  5.421490e-25  2.321175e-25  3.800005e-24  6.576188e-25  2.169500e-24  2.809732e-24  3.289199e-25  2.372049e-24  2.544934e-24  5.010285e-24
3.753122e-21  5.920983e-21  3.155764e-21  2.093962e-21  3.838174e-21  1.626496e-21  1.123782e-21  2.326960e-21  1.714374e-21  7.211388e-22  1.183279e-21  8.007648e-22  3.562332e-22  4.089739e-22  8.861427e-22  4.969914e-22  2.738530e-22  2.728530e-22  2.170483e-22  1.080180e-22  1.176593e-22  1.580948e-22  2.304268e-22  1.081109e-22  5.349300e-23  5.464413e-23  4.019961e-23  4.594522e-23  3.300552e-23  3.090059e-23  5.082994e-23  2.794696e-23  1.407927e-23  1.003505e-23  8.992055e-24  1.409382e-23  1.163491e-23  6.355683e-24  6.179912e-24  8.525174e-24  5.189788e-24  4.155271e-24  3.081075e-24  2.499859e-24  3.748175e-24  3.350816e-24  1.764093e-24  2.111026e-24  2.123651e-24  1.530801e-24  1.962288e-24  2.443274e-24  2.573998e-24  2.910248e-24  2.951419e-24  2.283916e-24  2.723689e-24  3.056883e-24  3.409037e-24  4.392817e-24  4.990417e-24  4.664412e-24  5.041058e-24  5.886131e-24  7.223017e-24  8.583396e-24  9.256157e-24  8.940995e-24  8.187791e-24  8.254093e-24  9.450189e-24  1.104727e-23  1.294478e-23  1.375569e-23  1.355412e-23  1.330766e-23  1.423842e-23  1.708113e-23  2.046655e-23  2.384743e-23  2.538518e-23  2.548572e-23  2.407413e-23  2.290262e-23  2.316182e-23  2.582704e-23  3.046042e-23  3.416917e-23  3.548527e-23  3.506413e-23  3.455736e-23  3.679303e-23  4.247120e-23  5.070884e-23  5.982316e-23  6.704647e-23  6.933837e-23  6.711106e-23  6.278156e-23  5.916526e-23  5.955132e-23  6.553301e-23  7.451980e-23  8.158106e-23  8.368761e-23  8.197518e-23  8.079630e-23  8.420581e-23  9.488225e-23  1.120165e-22  1.312476e-22  1.500550e-22  1.653124e-22  1.721113e-22  1.676500e-22  1.568463e-22  1.455679e-22  1.411109e-22  1.478417e-22  1.632488e-22  1.818046e-22  1.906787e-22  1.919983e-22  1.873175e-22  1.880061e-22  1.968568e-22  2.193008e-22  2.519806e-22  2.887465e-22  3.278685e-22  3.646456e-22  3.915570e-22  4.008727e-22  3.897403e-22  3.669809e-22  3.443341e-22  3.306404e-22  3.337059e-22  3.551423e-22  3.834966e-22  4.018950e-22  4.080655e-22  4.080033e-22  4.093311e-22  4.192790e-22  4.450312e-22  4.863631e-22  5.416522e-22  6.055875e-22  6.744934e-22  7.428526e-22  8.017287e-22  8.347512e-22  8.381372e-22  8.172345e-22  7.849789e-22  7.536153e-22  7.337119e-22  7.345057e-22  7.560995e-22  7.886666e-22  8.187210e-22  8.377652e-22  8.459964e-22  8.515424e-22  8.627864e-22  8.885774e-22  9.341632e-22  9.993041e-22  1.078825e-21  1.169620e-21  1.267883e-21  1.368805e-21  1.461395e-21  1.537352e-21  1.585679e-21  1.603216e-21  1.593419e-21  1.564913e-21  1.531861e-21  1.506031e-21  1.495866e-21  1.505379e-21  1.531798e-21  1.568615e-21  1.607749e-21  1.642443e-21  1.673101e-21  1.701681e-21  1.731812e-21  1.767878e-21  1.814205e-21  1.873033e-21  1.944948e-21  2.028118e-21  2.120619e-21  2.218028e-21  2.318761e-21  2.418549e-21  2.514013e-21  2.600247e-21  2.673752e-21  2.730539e-21  2.767677e-21  2.785461e-21  2.786687e-21  2.779713e-21  2.774315e-21  2.780337e-21  2.803067e-21  2.842204e-21  2.894948e-21  2.954189e-21  3.014477e-21  3.070212e-21  3.118542e-21  3.159480e-21  3.194075e-21  3.224535e-21  3.252479e-21  3.280916e-21  3.310680e-21  3.343462e-21  3.379813e-21  3.421332e-21  3.469416e-21  3.526596e-21  3.595606e-21  3.675834e-21  3.766250e-21  3.863925e-21  3.963193e-21  4.059700e-21  4.148045e-21  4.226521e-21  4.296214e-21  4.358636e-21  4.415852e-21  4.472120e-21  4.529087e-21  4.586216e-21  4.641627e-21  4.689299e-21  4.723739e-21  4.741345e-21  4.738706e-21  4.719203e-21  4.686628e-21  4.645476e-21  4.599296e-21  4.551450e-21  4.504682e-21  4.461788e-21  4.425128e-21  4.394267e-21  4.370158e-21  4.353297e-21  4.344437e-21  4.343807e-21  4.352259e-21  4.371186e-21  4.403836e-21  4.452159e-21  4.517592e-21  4.597107e-21  4.684923e-21  4.776806e-21  4.867621e-21  4.953126e-21  5.028038e-21  5.086680e-21  5.125966e-21  5.144091e-21  5.142461e-21  5.118661e-21  5.077882e-21  5.021597e-21  4.952017e-21  4.871780e-21  4.785838e-21  4.696935e-21  4.608779e-21  4.521559e-21  4.437779e-21  4.357900e-21  4.282286e-21  4.211584e-21  4.144133e-21  4.082432e-21  4.025809e-21  3.973168e-21  3.924029e-21  3.877971e-21  3.831796e-21  3.786270e-21  3.740205e-21  3.692716e-21  3.642845e-21  3.590582e-21  3.537485e-21  3.484256e-21  3.431871e-21  3.380604e-21  3.327772e-21  3.273665e-21  3.216476e-21  3.156943e-21  3.097439e-21  3.037616e-21  2.976727e-21  2.915855e-21  2.855532e-21  2.799035e-21  2.747233e-21  2.699249e-21  2.653067e-21  2.606403e-21  2.560528e-21  2.516318e-21  2.474491e-21  2.434506e-21  2.396002e-21  2.357684e-21  2.317677e-21  2.276476e-21  2.235362e-21  2.194453e-21  2.154634e-21  2.115637e-21  2.077599e-21  2.040459e-21  2.004475e-21  1.969170e-21  1.933499e-21  1.895630e-21  1.855189e-21  1.813558e-21  1.771947e-21  1.730429e-21  1.689467e-21  1.649518e-21  1.610319e-21  1.572303e-21  1.535906e-21  1.501089e-21  1.467827e-21  1.434981e-21  1.403170e-21  1.371918e-21  1.343116e-21  1.317045e-21  1.294110e-21  1.274127e-21  1.255918e-21  1.238146e-21  1.218330e-21  1.195405e-21  1.168814e-21  1.139444e-21  1.109083e-21  1.078566e-21  1.049313e-21  1.022019e-21  9.952882e-22  9.688700e-22  9.419190e-22  9.162409e-22  8.896829e-22  8.652306e-22  8.430834e-22  8.217868e-22  8.026834e-22  7.853018e-22  7.698210e-22  7.557503e-22  7.428627e-22  7.309242e-22  7.198748e-22  7.092799e-22  6.993933e-22  6.899659e-22  6.818709e-22  6.753136e-22  6.715735e-22  6.693552e-22  6.673145e-22  6.619217e-22  6.530957e-22  6.396077e-22  6.247001e-22  5.994878e-22  5.756120e-22  5.514114e-22  5.380659e-22  5.273220e-22  5.148908e-22  5.010262e-22  4.900593e-22  4.757534e-22  4.612199e-22  4.470989e-22  4.377117e-22  4.277783e-22  4.205730e-22  4.158159e-22  4.130941e-22  4.106878e-22  4.085054e-22  4.059463e-22  4.047067e-22  4.044971e-22  4.058671e-22  4.089801e-22  4.141785e-22  4.209216e-22  4.280390e-22  4.349225e-22  4.380106e-22  4.365936e-22  4.289467e-22  4.152573e-22  3.956962e-22  3.733183e-22  3.514311e-22  3.315109e-22  3.145588e-22  3.002418e-22  2.882955e-22  2.787874e-22  2.710515e-22  2.649888e-22  2.593215e-22  2.548048e-22  2.504644e-22  2.468067e-22  2.436801e-22  2.411934e-22  2.391748e-22  2.382673e-22  2.385051e-22  2.402189e-22  2.437939e-22  2.491572e-22  2.575907e-22  2.678264e-22  2.803309e-22  2.929451e-22  3.048661e-22  3.143250e-22  3.183396e-22  3.168020e-22  3.103110e-22  2.976382e-22  2.824618e-22  2.657932e-22  2.501432e-22  2.353679e-22  2.233890e-22  2.130385e-22  2.041413e-22  1.961091e-22  1.882411e-22  1.803195e-22  1.732660e-22  1.658874e-22  1.597851e-22  1.550010e-22  1.517766e-22  1.483839e-22  1.459741e-22  1.437403e-22  1.423470e-22  1.406527e-22  1.402299e-22  1.405914e-22  1.420480e-22  1.449078e-22  1.509087e-22  1.580904e-22  1.671383e-22  1.764397e-22  1.852731e-22  1.954725e-22  2.057164e-22  2.159439e-22  2.231870e-22  2.319765e-22  2.325627e-22  2.305695e-22  2.207941e-22  2.135677e-22  1.941186e-22  1.804476e-22  1.789347e-22  1.511829e-22  1.369756e-22  1.263447e-22  1.131965e-22  1.096057e-22  9.801276e-23  9.029136e-23  8.523566e-23  8.179825e-23  7.481159e-23  7.378852e-23  6.981801e-23  6.865263e-23  6.801603e-23  6.736878e-23  6.755444e-23  6.778113e-23  6.910815e-23  7.039172e-23  7.297830e-23  7.540674e-23  7.830293e-23  8.284166e-23  8.779598e-23  9.484249e-23  1.034352e-22  1.117541e-22  1.215314e-22  1.339327e-22  1.433466e-22  1.446980e-22  1.421725e-22  1.353621e-22  1.284386e-22  1.223469e-22  1.159852e-22  1.087365e-22  9.871996e-23  8.997244e-23  8.072583e-23  7.132922e-23  6.519132e-23  6.001005e-23  5.374268e-23  4.937803e-23  4.599502e-23  4.201983e-23  3.966219e-23  3.626721e-23  3.602697e-23  3.382142e-23  3.284454e-23  3.226230e-23  3.291061e-23  3.371374e-23  3.339004e-23  3.392078e-23  3.566457e-23  3.708056e-23  3.863329e-23  4.054539e-23  4.310657e-23  4.546332e-23  4.730192e-23  4.849760e-23  4.976120e-23  4.912622e-23  4.750755e-23  4.599094e-23  4.774188e-23  5.068214e-23  5.504424e-23  6.204051e-23  6.922107e-23  6.962471e-23  8.272333e-23  6.899619e-23  6.861920e-23  6.507540e-23  6.392269e-23  4.627171e-23  4.279026e-23  4.195462e-23  4.789690e-23  4.090954e-23  3.626736e-23  3.456119e-23  2.866862e-23  2.951345e-23  2.809037e-23  2.780597e-23  2.004499e-23  2.819861e-23  1.842237e-23  2.472604e-23  1.756603e-23  1.720230e-23  1.454991e-23  1.656141e-23  1.512527e-23  1.629433e-23  1.782673e-23  1.663714e-23  1.511102e-23  2.150733e-23  1.991746e-23  2.759836e-23  4.511732e-23  6.822960e-23  7.481788e-23  1.065619e-22  1.766521e-22  1.673374e-22  1.656150e-22  1.459674e-22  6.429790e-23  4.799402e-23  6.417293e-23  6.938566e-23  1.823057e-22  1.654693e-22  7.263832e-23  1.442299e-22  5.928096e-23  1.199213e-22  3.418218e-23  1.541904e-22  2.405927e-23  9.260071e-23  4.245803e-23  3.168280e-23  5.544009e-23  4.435261e-23  4.991630e-23  3.130765e-23  2.790220e-23  2.553419e-23  2.531671e-23  2.459607e-23  1.994013e-23  2.152748e-23  2.008294e-23  2.036420e-23  1.723239e-23  1.201980e-23  5.980916e-24  9.384142e-24  5.073222e-24  8.096449e-24  8.108272e-24  9.389541e-24  1.401023e-23  1.080348e-23  6.485276e-24  5.651678e-24  7.479250e-24  7.918717e-24  3.299019e-24  3.658753e-24  4.660134e-24  3.250395e-24  5.555737e-24  5.241270e-24  7.713849e-24  9.233970e-24  1.172713e-23  1.492295e-23  2.848258e-23  3.493424e-23  2.276074e-23  2.313092e-23  2.256553e-23  1.657035e-23  1.051644e-23  1.154156e-23  7.672084e-24  6.946827e-24  5.436405e-24  5.163406e-24  3.790876e-24  4.104568e-24  2.462060e-24  3.163595e-24  2.140999e-24  1.858108e-24  2.587959e-24  2.156437e-24  1.484392e-24  1.788702e-24  1.344694e-24  1.218222e-24  9.747249e-25  1.385210e-24  9.522227e-25  8.107894e-25  1.026322e-24  7.670446e-25  5.762959e-25  7.463201e-25  7.559626e-25  8.188380e-25  6.342355e-25  6.444261e-25  3.923374e-25  4.570376e-25  5.020500e-25  5.845159e-25  5.777404e-25  7.546152e-25  4.910561e-25  5.289465e-25  7.255675e-25  5.887226e-25  7.090998e-25  9.598163e-25  1.103344e-24  1.276870e-24  1.458781e-24  1.903111e-24  2.190388e-24  2.841192e-24  3.631715e-24  6.856876e-24  6.195970e-24  4.529514e-24  4.762458e-24  4.571161e-24  3.343248e-24  2.411821e-24  2.354280e-24  1.162097e-24  1.701157e-24  9.886461e-25  1.137824e-24  9.666822e-25  6.582836e-25  8.749837e-25  7.564786e-25  5.260430e-25  6.813518e-25  5.645307e-25  7.015155e-25  9.538383e-25  7.352921e-25  5.340363e-25  6.501174e-25  5.645929e-25  3.277229e-25  3.847422e-25  5.402930e-25  3.487420e-25  5.609932e-25  1.514852e-25  5.345963e-25  4.192737e-25  7.872886e-26  1.125765e-24  6.152911e-25  3.225957e-25  3.338727e-25  1.180127e-24  6.099734e-25  2.518240e-24  5.418951e-25  2.843249e-25  8.385736e-25  1.952355e-24  4.949622e-25  1.839909e-25  3.769015e-24  5.671077e-25  2.061755e-24  2.743292e-24  2.880783e-25  2.334306e-24  2.381705e-24  4.955186e-24
3.688506e-21  5.873404e-21  3.085526e-21  2.041665e-21  3.797258e-21  1.581670e-21  1.087294e-21  2.302077e-21  1.687360e-21  6.931760e-22  1.159661e-21  7.839572e-22  3.402417e-22  3.905302e-22  8.788861e-22  4.859691e-22  2.591776e-22  2.654444e-22  2.123660e-22  1.021790e-22  1.099083e-22  1.547504e-22  2.291825e-22  1.035407e-22  5.021883e-23  5.247041e-23  3.783427e-23  4.262695e-23  2.985252e-23  2.939200e-23  4.981693e-23  2.630950e-23  1.313061e-23  9.231755e-24  8.523923e-24  1.306471e-23  1.039717e-23  5.632638e-24  6.085204e-24  8.500786e-24  4.777591e-24  3.783916e-24  2.468914e-24  2.434826e-24  3.513437e-24  3.401917e-24  1.714684e-24  2.061120e-24  1.381309e-24  9.804090e-25  1.789697e-24  2.205677e-24  2.598954e-24  2.940139e-24  2.664260e-24  2.232756e-24  2.432898e-24  2.742676e-24  3.405963e-24  4.600116e-24  4.684090e-24  4.172457e-24  4.690021e-24  5.868996e-24  6.967981e-24  8.282856e-24  8.769275e-24  8.384786e-24  7.787454e-24  7.942896e-24  9.362487e-24  1.093821e-23  1.308560e-23  1.360636e-23  1.329783e-23  1.308064e-23  1.393356e-23  1.688628e-23  1.984384e-23  2.345961e-23  2.488664e-23  2.487485e-23  2.341375e-23  2.240048e-23  2.251385e-23  2.509654e-23  3.007290e-23  3.381972e-23  3.500660e-23  3.467646e-23  3.408584e-23  3.603741e-23  4.168457e-23  5.023905e-23  5.965737e-23  6.697686e-23  6.913050e-23  6.667662e-23  6.211384e-23  5.834430e-23  5.874684e-23  6.491136e-23  7.411917e-23  8.119116e-23  8.317433e-23  8.126872e-23  8.002839e-23  8.350440e-23  9.471117e-23  1.127040e-22  1.319466e-22  1.511101e-22  1.668324e-22  1.736073e-22  1.686404e-22  1.573025e-22  1.457559e-22  1.411443e-22  1.483190e-22  1.634878e-22  1.834773e-22  1.910150e-22  1.912369e-22  1.864209e-22  1.872223e-22  1.963968e-22  2.197138e-22  2.523488e-22  2.898155e-22  3.289856e-22  3.659426e-22  3.929747e-22  4.015666e-22  3.892569e-22  3.654943e-22  3.422114e-22  3.281487e-22  3.324983e-22  3.544670e-22  3.829405e-22  4.010268e-22  4.070157e-22  4.064310e-22  4.070632e-22  4.166106e-22  4.419684e-22  4.842095e-22  5.401098e-22  6.042661e-22  6.724922e-22  7.403451e-22  7.989195e-22  8.326625e-22  8.361334e-22  8.144792e-22  7.805777e-22  7.480912e-22  7.281639e-22  7.297810e-22  7.522068e-22  7.853682e-22  8.151619e-22  8.339571e-22  8.420540e-22  8.479910e-22  8.596470e-22  8.855001e-22  9.308562e-22  9.952557e-22  1.074873e-21  1.165924e-21  1.264475e-21  1.365609e-21  1.458691e-21  1.534560e-21  1.583094e-21  1.600755e-21  1.590656e-21  1.561469e-21  1.528098e-21  1.502044e-21  1.491872e-21  1.501654e-21  1.528377e-21  1.565403e-21  1.604309e-21  1.639144e-21  1.669997e-21  1.698785e-21  1.729156e-21  1.765388e-21  1.811619e-21  1.870378e-21  1.942296e-21  2.025870e-21  2.118678e-21  2.216661e-21  2.317563e-21  2.417228e-21  2.512269e-21  2.598285e-21  2.671396e-21  2.727652e-21  2.764850e-21  2.782279e-21  2.783309e-21  2.776363e-21  2.771328e-21  2.777638e-21  2.800192e-21  2.839645e-21  2.892616e-21  2.952171e-21  3.012440e-21  3.068438e-21  3.116949e-21  3.157796e-21  3.192208e-21  3.222516e-21  3.250297e-21  3.278573e-21  3.308440e-21  3.341033e-21  3.377455e-21  3.418745e-21  3.467073e-21  3.524276e-21  3.593056e-21  3.673718e-21  3.764277e-21  3.862008e-21  3.961461e-21  4.057993e-21  4.146265e-21  4.225011e-21  4.294527e-21  4.356785e-21  4.414001e-21  4.470058e-21  4.526567e-21  4.583808e-21  4.638880e-21  4.686684e-21  4.721051e-21  4.739003e-21  4.736428e-21  4.717196e-21  4.684861e-21  4.643639e-21  4.597726e-21  4.549839e-21  4.503075e-21  4.460293e-21  4.423716e-21  4.392927e-21  4.368656e-21  4.352502e-21  4.343672e-21  4.343262e-21  4.352159e-21  4.371096e-21  4.403778e-21  4.452180e-21  4.517753e-21  4.597406e-21  4.685481e-21  4.777818e-21  4.868744e-21  4.954778e-21  5.029630e-21  5.088754e-21  5.127935e-21  5.146266e-21  5.144319e-21  5.120853e-21  5.080367e-21  5.023799e-21  4.954158e-21  4.873857e-21  4.788175e-21  4.699211e-21  4.610851e-21  4.523553e-21  4.439975e-21  4.360160e-21  4.284544e-21  4.213601e-21  4.146437e-21  4.084660e-21  4.028013e-21  3.975660e-21  3.926435e-21  3.880360e-21  3.834348e-21  3.788703e-21  3.742653e-21  3.695085e-21  3.645260e-21  3.593140e-21  3.540030e-21  3.486892e-21  3.434463e-21  3.383000e-21  3.330219e-21  3.276239e-21  3.219090e-21  3.159590e-21  3.099787e-21  3.040191e-21  2.979054e-21  2.917942e-21  2.857585e-21  2.801037e-21  2.749026e-21  2.700924e-21  2.654644e-21  2.608053e-21  2.561981e-21  2.517652e-21  2.475845e-21  2.435930e-21  2.397384e-21  2.359160e-21  2.318924e-21  2.277771e-21  2.236653e-21  2.195500e-21  2.155579e-21  2.116484e-21  2.078373e-21  2.041327e-21  2.005211e-21  1.969944e-21  1.934327e-21  1.896435e-21  1.855996e-21  1.814293e-21  1.772526e-21  1.731035e-21  1.690032e-21  1.649966e-21  1.610700e-21  1.572670e-21  1.536211e-21  1.501334e-21  1.467940e-21  1.435210e-21  1.403268e-21  1.372105e-21  1.343088e-21  1.316911e-21  1.293962e-21  1.273940e-21  1.255806e-21  1.238019e-21  1.218174e-21  1.195273e-21  1.168530e-21  1.139152e-21  1.108705e-21  1.078149e-21  1.048920e-21  1.021476e-21  9.948294e-22  9.683337e-22  9.413870e-22  9.157630e-22  8.889866e-22  8.644898e-22  8.423179e-22  8.209631e-22  8.019289e-22  7.845742e-22  7.692045e-22  7.550982e-22  7.422666e-22  7.304607e-22  7.194894e-22  7.088928e-22  6.989283e-22  6.896753e-22  6.815377e-22  6.750628e-22  6.712672e-22  6.691813e-22  6.671696e-22  6.618673e-22  6.530486e-22  6.394112e-22  6.245173e-22  5.993426e-22  5.753057e-22  5.509491e-22  5.376176e-22  5.269912e-22  5.143849e-22  5.006037e-22  4.895851e-22  4.752144e-22  4.604445e-22  4.463603e-22  4.369014e-22  4.271376e-22  4.199695e-22  4.152027e-22  4.124856e-22  4.103521e-22  4.082297e-22  4.055962e-22  4.044980e-22  4.042202e-22  4.057053e-22  4.087070e-22  4.140359e-22  4.208889e-22  4.280228e-22  4.348598e-22  4.382201e-22  4.367196e-22  4.291731e-22  4.152873e-22  3.957545e-22  3.731396e-22  3.511618e-22  3.312629e-22  3.142849e-22  2.996816e-22  2.877953e-22  2.781619e-22  2.704265e-22  2.641623e-22  2.585920e-22  2.541877e-22  2.497891e-22  2.461041e-22  2.429227e-22  2.405433e-22  2.384591e-22  2.376421e-22  2.379805e-22  2.397194e-22  2.431458e-22  2.487373e-22  2.570235e-22  2.673879e-22  2.799167e-22  2.927282e-22  3.047073e-22  3.139873e-22  3.183654e-22  3.166707e-22  3.101994e-22  2.976336e-22  2.823376e-22  2.656900e-22  2.499181e-22  2.350302e-22  2.230647e-22  2.127369e-22  2.036423e-22  1.955831e-22  1.878785e-22  1.801202e-22  1.726596e-22  1.653000e-22  1.592766e-22  1.545548e-22  1.512418e-22  1.475552e-22  1.453020e-22  1.432512e-22  1.415271e-22  1.398240e-22  1.394325e-22  1.398562e-22  1.413587e-22  1.437682e-22  1.500710e-22  1.573046e-22  1.662709e-22  1.752749e-22  1.845469e-22  1.945414e-22  2.048013e-22  2.151328e-22  2.223323e-22  2.311739e-22  2.319008e-22  2.299682e-22  2.202668e-22  2.131382e-22  1.941571e-22  1.798672e-22  1.782538e-22  1.505312e-22  1.366805e-22  1.256960e-22  1.124895e-22  1.090293e-22  9.723613e-23  8.977553e-23  8.460262e-23  8.095335e-23  7.453709e-23  7.331699e-23  6.914654e-23  6.820972e-23  6.722978e-23  6.662131e-23  6.696887e-23  6.694000e-23  6.806016e-23  6.949365e-23  7.211738e-23  7.455858e-23  7.728926e-23  8.184340e-23  8.705849e-23  9.377969e-23  1.027475e-22  1.129433e-22  1.247549e-22  1.365810e-22  1.453023e-22  1.466465e-22  1.436419e-22  1.372415e-22  1.304048e-22  1.240139e-22  1.169407e-22  1.101686e-22  1.002216e-22  9.151179e-23  8.153775e-23  7.256106e-23  6.601827e-23  6.053593e-23  5.449863e-23  5.008853e-23  4.649424e-23  4.242377e-23  3.971062e-23  3.694027e-23  3.597308e-23  3.419706e-23  3.306414e-23  3.288284e-23  3.309150e-23  3.390092e-23  3.389896e-23  3.481582e-23  3.612798e-23  3.734105e-23  3.908982e-23  4.107585e-23  4.310362e-23  4.550853e-23  4.736058e-23  4.860342e-23  4.968470e-23  4.926700e-23  4.760540e-23  4.572094e-23  4.728791e-23  5.027181e-23  5.475960e-23  6.132482e-23  6.850052e-23  6.910626e-23  8.260660e-23  6.877352e-23  6.813390e-23  6.473402e-23  6.350039e-23  4.573402e-23  4.259746e-23  4.139547e-23  4.763577e-23  4.063235e-23  3.589687e-23  3.415370e-23  2.812728e-23  2.918326e-23  2.775821e-23  2.769434e-23  1.980929e-23  2.802924e-23  1.794829e-23  2.436932e-23  1.744191e-23  1.678980e-23  1.450081e-23  1.639152e-23  1.501414e-23  1.601523e-23  1.766656e-23  1.643203e-23  1.477656e-23  2.136427e-23  1.956432e-23  2.682229e-23  4.398121e-23  6.684813e-23  7.368104e-23  1.053640e-22  1.770570e-22  1.679289e-22  1.671238e-22  1.474440e-22  6.419452e-23  4.780586e-23  6.369915e-23  6.910724e-23  1.834130e-22  1.655210e-22  7.152026e-23  1.435197e-22  5.869075e-23  1.198647e-22  3.345949e-23  1.541573e-22  2.352503e-23  9.208797e-23  4.161277e-23  3.116775e-23  5.437431e-23  4.357426e-23  4.890306e-23  3.087838e-23  2.724869e-23  2.519493e-23  2.495774e-23  2.437333e-23  1.953430e-23  2.141874e-23  1.982298e-23  2.020191e-23  1.703750e-23  1.185340e-23  5.942044e-24  9.204195e-24  4.900233e-24  7.981735e-24  8.008514e-24  9.357141e-24  1.396746e-23  1.079213e-23  6.384540e-24  5.513369e-24  7.315502e-24  7.638056e-24  3.134560e-24  3.491665e-24  4.541173e-24  3.096615e-24  5.256733e-24  4.977495e-24  7.331824e-24  9.000330e-24  1.151529e-23  1.462437e-23  2.778204e-23  3.432793e-23  2.239153e-23  2.269409e-23  2.198783e-23  1.605496e-23  1.018418e-23  1.109286e-23  7.387133e-24  6.687577e-24  5.278597e-24  5.023578e-24  3.648781e-24  3.933893e-24  2.319537e-24  3.025399e-24  2.065553e-24  1.845950e-24  2.400462e-24  1.964158e-24  1.397171e-24  1.748894e-24  1.243080e-24  1.136547e-24  9.191580e-25  1.176675e-24  9.368400e-25  7.124429e-25  9.540735e-25  6.518412e-25  5.564509e-25  6.819219e-25  6.336897e-25  7.029128e-25  5.255954e-25  5.329962e-25  3.641896e-25  3.843186e-25  4.179158e-25  3.853429e-25  4.092938e-25  5.765375e-25  3.939363e-25  3.868679e-25  5.065449e-25  4.694272e-25  5.887748e-25  7.308537e-25  8.446774e-25  9.937400e-25  1.304344e-24  1.612712e-24  1.888331e-24  2.477357e-24  3.308232e-24  6.537976e-24  5.921393e-24  4.280367e-24  4.462293e-24  4.213990e-24  3.022061e-24  2.213826e-24  2.121635e-24  9.870085e-25  1.409973e-24  7.853601e-25  9.497948e-25  6.881192e-25  4.410334e-25  6.750805e-25  4.482569e-25  3.289615e-25  4.754759e-25  3.902647e-25  4.424950e-25  7.172615e-25  4.457044e-25  3.961127e-25  3.859663e-25  3.284091e-25  1.707655e-25  2.356710e-25  3.125268e-25  1.838071e-25  4.422255e-25  1.063961e-25  4.310104e-25  3.387181e-25  4.317047e-26  9.310439e-25  5.561073e-25  2.403383e-25  2.214422e-25  1.085285e-24  4.813717e-25  2.452534e-24  5.002071e-25  2.378596e-25  7.520583e-25  1.906285e-24  4.475193e-25  1.363843e-25  3.739108e-24  4.766633e-25  1.954795e-24  2.675899e-24  2.473804e-25  2.296518e-24  2.217853e-24  4.901256e-24
3.576865e-21  5.782132e-21  2.959008e-21  1.953871e-21  3.720066e-21  1.504284e-21  1.026840e-21  2.261708e-21  1.639533e-21  6.471245e-22  1.125062e-21  7.646058e-22  3.182244e-22  3.615744e-22  8.745037e-22  4.762117e-22  2.379378e-22  2.553660e-22  2.076002e-22  9.436455e-23  9.817836e-23  1.499904e-22  2.301370e-22  9.774800e-23  4.524514e-23  4.946301e-23  3.473007e-23  3.742844e-23  2.566382e-23  2.720815e-23  4.809031e-23  2.403495e-23  1.168950e-23  8.192082e-24  7.829440e-24  1.147061e-23  8.809761e-24  4.794611e-24  5.621640e-24  7.927649e-24  4.139121e-24  3.066379e-24  1.953105e-24  2.104601e-24  3.094001e-24  2.978061e-24  1.547259e-24  1.706785e-24  1.010068e-24  7.156796e-25  1.579256e-24  1.823434e-24  2.329120e-24  2.675609e-24  2.380959e-24  2.031531e-24  2.033318e-24  2.367915e-24  3.155379e-24  4.208025e-24  4.153619e-24  3.699206e-24  4.200843e-24  5.421803e-24  6.360144e-24  7.661469e-24  7.939415e-24  7.513730e-24  7.183556e-24  7.534164e-24  9.097308e-24  1.062757e-23  1.267972e-23  1.305931e-23  1.263155e-23  1.243530e-23  1.329290e-23  1.636709e-23  1.941724e-23  2.290952e-23  2.434634e-23  2.425843e-23  2.264326e-23  2.158032e-23  2.185943e-23  2.447734e-23  2.942080e-23  3.299183e-23  3.399325e-23  3.349232e-23  3.287804e-23  3.526747e-23  4.114496e-23  4.968827e-23  5.916722e-23  6.641283e-23  6.848827e-23  6.596829e-23  6.121330e-23  5.734981e-23  5.776001e-23  6.414533e-23  7.360449e-23  8.075213e-23  8.249218e-23  8.035575e-23  7.901637e-23  8.245134e-23  9.393907e-23  1.124243e-22  1.323113e-22  1.517394e-22  1.675001e-22  1.743093e-22  1.694877e-22  1.574057e-22  1.453695e-22  1.406446e-22  1.478942e-22  1.628799e-22  1.831223e-22  1.891777e-22  1.885097e-22  1.836527e-22  1.844375e-22  1.939733e-22  2.172758e-22  2.497529e-22  2.875614e-22  3.267380e-22  3.638723e-22  3.908457e-22  3.983625e-22  3.848225e-22  3.596569e-22  3.356352e-22  3.217758e-22  3.275277e-22  3.503946e-22  3.785660e-22  3.965700e-22  4.021406e-22  4.008223e-22  4.007769e-22  4.099512e-22  4.352298e-22  4.781703e-22  5.349551e-22  5.995556e-22  6.674358e-22  7.348178e-22  7.927443e-22  8.270768e-22  8.301861e-22  8.076213e-22  7.719432e-22  7.380666e-22  7.183428e-22  7.209365e-22  7.444832e-22  7.782975e-22  8.079643e-22  8.264875e-22  8.344567e-22  8.406216e-22  8.525175e-22  8.785373e-22  9.238574e-22  9.879521e-22  1.067923e-21  1.159326e-21  1.258410e-21  1.359663e-21  1.453425e-21  1.529071e-21  1.577493e-21  1.594821e-21  1.584020e-21  1.554107e-21  1.520292e-21  1.494023e-21  1.484147e-21  1.494230e-21  1.521592e-21  1.559017e-21  1.597771e-21  1.632821e-21  1.663993e-21  1.692960e-21  1.723758e-21  1.760030e-21  1.806110e-21  1.865207e-21  1.937354e-21  2.021367e-21  2.114567e-21  2.213139e-21  2.314291e-21  2.413816e-21  2.508532e-21  2.594357e-21  2.667006e-21  2.722571e-21  2.759649e-21  2.776709e-21  2.777247e-21  2.770331e-21  2.765624e-21  2.772246e-21  2.794908e-21  2.834896e-21  2.888402e-21  2.948358e-21  3.008817e-21  3.065170e-21  3.113826e-21  3.154583e-21  3.188660e-21  3.218922e-21  3.246426e-21  3.274484e-21  3.304413e-21  3.336918e-21  3.373526e-21  3.414669e-21  3.463030e-21  3.520547e-21  3.589423e-21  3.670422e-21  3.761409e-21  3.859369e-21  3.959232e-21  4.055653e-21  4.144005e-21  4.222806e-21  4.292122e-21  4.354438e-21  4.411586e-21  4.467675e-21  4.524006e-21  4.581400e-21  4.636414e-21  4.684475e-21  4.719046e-21  4.736810e-21  4.734431e-21  4.715058e-21  4.682801e-21  4.641351e-21  4.595576e-21  4.547702e-21  4.500934e-21  4.458122e-21  4.421417e-21  4.390742e-21  4.366578e-21  4.350847e-21  4.342192e-21  4.342187e-21  4.351565e-21  4.370739e-21  4.403542e-21  4.452321e-21  4.518113e-21  4.598197e-21  4.686922e-21  4.779645e-21  4.871137e-21  4.957668e-21  5.032744e-21  5.092134e-21  5.131341e-21  5.149683e-21  5.147137e-21  5.123821e-21  5.083365e-21  5.026300e-21  4.956377e-21  4.875903e-21  4.790352e-21  4.701178e-21  4.612592e-21  4.525511e-21  4.441857e-21  4.362039e-21  4.286469e-21  4.215320e-21  4.148505e-21  4.086684e-21  4.030014e-21  3.978033e-21  3.928942e-21  3.882657e-21  3.836887e-21  3.791364e-21  3.745191e-21  3.697414e-21  3.647628e-21  3.595735e-21  3.542380e-21  3.489245e-21  3.436958e-21  3.385187e-21  3.333214e-21  3.278603e-21  3.221143e-21  3.161642e-21  3.101611e-21  3.041992e-21  2.980647e-21  2.919101e-21  2.858637e-21  2.801963e-21  2.749807e-21  2.701558e-21  2.655107e-21  2.608595e-21  2.562310e-21  2.517907e-21  2.476105e-21  2.436158e-21  2.397605e-21  2.359415e-21  2.319040e-21  2.277748e-21  2.236563e-21  2.195169e-21  2.155139e-21  2.115981e-21  2.077783e-21  2.040783e-21  2.004597e-21  1.969369e-21  1.933850e-21  1.895911e-21  1.855404e-21  1.813516e-21  1.771604e-21  1.730159e-21  1.689028e-21  1.648807e-21  1.609481e-21  1.571371e-21  1.534866e-21  1.499953e-21  1.466416e-21  1.433834e-21  1.401648e-21  1.370579e-21  1.341356e-21  1.315097e-21  1.292183e-21  1.272115e-21  1.254146e-21  1.236375e-21  1.216565e-21  1.193646e-21  1.166783e-21  1.137393e-21  1.106723e-21  1.076119e-21  1.046883e-21  1.019299e-21  9.926770e-22  9.661183e-22  9.392103e-22  9.136209e-22  8.866790e-22  8.621406e-22  8.399085e-22  8.185931e-22  7.996011e-22  7.822982e-22  7.670611e-22  7.529706e-22  7.402468e-22  7.286344e-22  7.177766e-22  7.073111e-22  6.973226e-22  6.881937e-22  6.801083e-22  6.738093e-22  6.699850e-22  6.680986e-22  6.662551e-22  6.610294e-22  6.521460e-22  6.384161e-22  6.234816e-22  5.983706e-22  5.741674e-22  5.495320e-22  5.362827e-22  5.257585e-22  5.129974e-22  4.993002e-22  4.882773e-22  4.737518e-22  4.587483e-22  4.446203e-22  4.351178e-22  4.255704e-22  4.184152e-22  4.137594e-22  4.110929e-22  4.092342e-22  4.072278e-22  4.044920e-22  4.034816e-22  4.033305e-22  4.048926e-22  4.079893e-22  4.134944e-22  4.205342e-22  4.278011e-22  4.346737e-22  4.381729e-22  4.366969e-22  4.292048e-22  4.149911e-22  3.954097e-22  3.725144e-22  3.502981e-22  3.302457e-22  3.132426e-22  2.984573e-22  2.865671e-22  2.767307e-22  2.690242e-22  2.626580e-22  2.572544e-22  2.528757e-22  2.483917e-22  2.447769e-22  2.415150e-22  2.392166e-22  2.372478e-22  2.365383e-22  2.368769e-22  2.386331e-22  2.419799e-22  2.476642e-22  2.558223e-22  2.665984e-22  2.791032e-22  2.920848e-22  3.043764e-22  3.135590e-22  3.182597e-22  3.164032e-22  3.097632e-22  2.972983e-22  2.816771e-22  2.651606e-22  2.488909e-22  2.340920e-22  2.219893e-22  2.115512e-22  2.024907e-22  1.944360e-22  1.868958e-22  1.790860e-22  1.713258e-22  1.637933e-22  1.580979e-22  1.535013e-22  1.498858e-22  1.461695e-22  1.439253e-22  1.420752e-22  1.399826e-22  1.384208e-22  1.379237e-22  1.383013e-22  1.398144e-22  1.422953e-22  1.482420e-22  1.558855e-22  1.648752e-22  1.738642e-22  1.834166e-22  1.933450e-22  2.033958e-22  2.138750e-22  2.210405e-22  2.301736e-22  2.316020e-22  2.293915e-22  2.197267e-22  2.126600e-22  1.934124e-22  1.786607e-22  1.771788e-22  1.488667e-22  1.355349e-22  1.241100e-22  1.112140e-22  1.079094e-22  9.593427e-23  8.880761e-23  8.353144e-23  7.939825e-23  7.315580e-23  7.201904e-23  6.816084e-23  6.715733e-23  6.659693e-23  6.602301e-23  6.625486e-23  6.646548e-23  6.718031e-23  6.899353e-23  7.105731e-23  7.432928e-23  7.703753e-23  8.135083e-23  8.618345e-23  9.353734e-23  1.028212e-22  1.143771e-22  1.266193e-22  1.384230e-22  1.467217e-22  1.479454e-22  1.441213e-22  1.384047e-22  1.317446e-22  1.253349e-22  1.173854e-22  1.104418e-22  1.013061e-22  9.211191e-23  8.165654e-23  7.320273e-23  6.629414e-23  6.036199e-23  5.496977e-23  4.995944e-23  4.631339e-23  4.240166e-23  3.921676e-23  3.720806e-23  3.547289e-23  3.411130e-23  3.289422e-23  3.284744e-23  3.277981e-23  3.335564e-23  3.386696e-23  3.503823e-23  3.622833e-23  3.741248e-23  3.921933e-23  4.109744e-23  4.266384e-23  4.509162e-23  4.706884e-23  4.853426e-23  4.940646e-23  4.928367e-23  4.743071e-23  4.516399e-23  4.658272e-23  4.950021e-23  5.426580e-23  6.040479e-23  6.775158e-23  6.843141e-23  8.261185e-23  6.855147e-23  6.775096e-23  6.443945e-23  6.333771e-23  4.510051e-23  4.221561e-23  4.063247e-23  4.716749e-23  4.014146e-23  3.522609e-23  3.368578e-23  2.730251e-23  2.869812e-23  2.717483e-23  2.728376e-23  1.928721e-23  2.762344e-23  1.723817e-23  2.375291e-23  1.710225e-23  1.616707e-23  1.423435e-23  1.602055e-23  1.458387e-23  1.546725e-23  1.721369e-23  1.596463e-23  1.429089e-23  2.080507e-23  1.889618e-23  2.539770e-23  4.192948e-23  6.400752e-23  7.143676e-23  1.030333e-22  1.774863e-22  1.690946e-22  1.702071e-22  1.506739e-22  6.460646e-23  4.790000e-23  6.361478e-23  6.931903e-23  1.866040e-22  1.662960e-22  7.038967e-23  1.432095e-22  5.832017e-23  1.201776e-22  3.266419e-23  1.541406e-22  2.276772e-23  9.122195e-23  3.998477e-23  3.030240e-23  5.256250e-23  4.224600e-23  4.717641e-23  3.013005e-23  2.591812e-23  2.471104e-23  2.456120e-23  2.395571e-23  1.895316e-23  2.121854e-23  1.934253e-23  2.016689e-23  1.664127e-23  1.166818e-23  5.795105e-24  9.074288e-24  4.609273e-24  7.800739e-24  7.764402e-24  9.172696e-24  1.387645e-23  1.062676e-23  6.119446e-24  5.236787e-24  7.015911e-24  7.126286e-24  2.820607e-24  3.208008e-24  4.253738e-24  2.811490e-24  4.829015e-24  4.723034e-24  6.835944e-24  8.705619e-24  1.147372e-23  1.438669e-23  2.739951e-23  3.432362e-23  2.229769e-23  2.259963e-23  2.163474e-23  1.565252e-23  9.836971e-24  1.065104e-23  7.181804e-24  6.411937e-24  5.054055e-24  4.927316e-24  3.488723e-24  3.723859e-24  2.171485e-24  2.879454e-24  2.064094e-24  1.881046e-24  2.177302e-24  1.799257e-24  1.287684e-24  1.685643e-24  1.205402e-24  1.085744e-24  9.005661e-25  1.028730e-24  9.292163e-25  6.930693e-25  9.050666e-25  6.216660e-25  5.573421e-25  6.628101e-25  5.568882e-25  6.725714e-25  4.392313e-25  4.570655e-25  4.330049e-25  4.087619e-25  4.060604e-25  3.272174e-25  3.361281e-25  4.376888e-25  4.409284e-25  3.267224e-25  3.965927e-25  4.569716e-25  5.252731e-25  5.895938e-25  6.907579e-25  8.536702e-25  1.248828e-24  1.488691e-24  1.766712e-24  2.277375e-24  3.170674e-24  6.444009e-24  5.938617e-24  4.314363e-24  4.379238e-24  4.120022e-24  2.944890e-24  2.208521e-24  2.020003e-24  9.540501e-25  1.283268e-24  7.259770e-25  9.290142e-25  5.711802e-25  3.846609e-25  6.205451e-25  3.138306e-25  2.544048e-25  4.179333e-25  3.524826e-25  3.614618e-25  6.153938e-25  2.942066e-25  3.927669e-25  2.818351e-25  2.812231e-25  1.517443e-25  1.655814e-25  2.107786e-25  8.844412e-26  3.855161e-25  1.301493e-25  3.636362e-25  2.960024e-25  5.474033e-26  7.985568e-25  5.043063e-25  2.025966e-25  1.343800e-25  9.991433e-25  3.710199e-25  2.410799e-24  4.678161e-25  2.055382e-25  6.816036e-25  1.880054e-24  4.056302e-25  1.310186e-25  3.742719e-24  3.844594e-25  1.858304e-24  2.607340e-24  2.081689e-25  2.251350e-24  2.037536e-24  4.883912e-24
3.481764e-21  5.694512e-21  2.845613e-21  1.881875e-21  3.647238e-21  1.438432e-21  9.781617e-22  2.230175e-21  1.597536e-21  6.103575e-22  1.102346e-21  7.586667e-22  3.055779e-22  3.400767e-22  8.796473e-22  4.780081e-22  2.243248e-22  2.497436e-22  2.071586e-22  9.018316e-23  8.999540e-23  1.470440e-22  2.343291e-22  9.510325e-23  4.175211e-23  4.771566e-23  3.315523e-23  3.358210e-23  2.346602e-23  2.580786e-23  4.664521e-23  2.270105e-23  1.067740e-23  7.685475e-24  7.362305e-24  1.031291e-23  8.057423e-24  4.528347e-24  4.900295e-24  6.861455e-24  3.675477e-24  2.372512e-24  2.103509e-24  1.586166e-24  2.721619e-24  2.059556e-24  1.315322e-24  1.113121e-24  1.685797e-24  1.237090e-24  1.495509e-24  1.528592e-24  1.758628e-24  2.106129e-24  2.371300e-24  1.737308e-24  1.804877e-24  2.231663e-24  2.674951e-24  3.057404e-24  3.700426e-24  3.706126e-24  3.911853e-24  4.586342e-24  5.660378e-24  7.020985e-24  7.244866e-24  6.869627e-24  6.764689e-24  7.326336e-24  8.747711e-24  1.022996e-23  1.162735e-23  1.227873e-23  1.182076e-23  1.161010e-23  1.262315e-23  1.572614e-23  1.976058e-23  2.257150e-23  2.423557e-23  2.421117e-23  2.239020e-23  2.093327e-23  2.180824e-23  2.464967e-23  2.888431e-23  3.204264e-23  3.292726e-23  3.192379e-23  3.142128e-23  3.519456e-23  4.157730e-23  4.950310e-23  5.852795e-23  6.544931e-23  6.763309e-23  6.541091e-23  6.072168e-23  5.696408e-23  5.735819e-23  6.382806e-23  7.335928e-23  8.063353e-23  8.213389e-23  7.991291e-23  7.849686e-23  8.172715e-23  9.276269e-23  1.105886e-22  1.317041e-22  1.509763e-22  1.659372e-22  1.728578e-22  1.692690e-22  1.567483e-22  1.442661e-22  1.396124e-22  1.461726e-22  1.612510e-22  1.792880e-22  1.849802e-22  1.846501e-22  1.799676e-22  1.805083e-22  1.901360e-22  2.117688e-22  2.440236e-22  2.811772e-22  3.202762e-22  3.574160e-22  3.840489e-22  3.908407e-22  3.771274e-22  3.511263e-22  3.268676e-22  3.140964e-22  3.201546e-22  3.437629e-22  3.711240e-22  3.895553e-22  3.946557e-22  3.928968e-22  3.928448e-22  4.020483e-22  4.279148e-22  4.705026e-22  5.278541e-22  5.929009e-22  6.613884e-22  7.288091e-22  7.860454e-22  8.201671e-22  8.224148e-22  7.994967e-22  7.634665e-22  7.290049e-22  7.097205e-22  7.126606e-22  7.368180e-22  7.707815e-22  8.006922e-22  8.191557e-22  8.271299e-22  8.330015e-22  8.445879e-22  8.708144e-22  9.164967e-22  9.813943e-22  1.061871e-21  1.153472e-21  1.253053e-21  1.354137e-21  1.448294e-21  1.523673e-21  1.571489e-21  1.587933e-21  1.576341e-21  1.546299e-21  1.512222e-21  1.485957e-21  1.476668e-21  1.486833e-21  1.514858e-21  1.552668e-21  1.591556e-21  1.626758e-21  1.658179e-21  1.687106e-21  1.718279e-21  1.754316e-21  1.800283e-21  1.860166e-21  1.932753e-21  2.016859e-21  2.110241e-21  2.208873e-21  2.310193e-21  2.409679e-21  2.504561e-21  2.590425e-21  2.662919e-21  2.718141e-21  2.754872e-21  2.771887e-21  2.771836e-21  2.764926e-21  2.760174e-21  2.766860e-21  2.790063e-21  2.830496e-21  2.884610e-21  2.944753e-21  3.005618e-21  3.062165e-21  3.110761e-21  3.151513e-21  3.185289e-21  3.215744e-21  3.243019e-21  3.270958e-21  3.300811e-21  3.333501e-21  3.370336e-21  3.411623e-21  3.459593e-21  3.517673e-21  3.587168e-21  3.668007e-21  3.759557e-21  3.857854e-21  3.958165e-21  4.054322e-21  4.142966e-21  4.221365e-21  4.290627e-21  4.353363e-21  4.410379e-21  4.466932e-21  4.523777e-21  4.581258e-21  4.636795e-21  4.685105e-21  4.720210e-21  4.736960e-21  4.734842e-21  4.714684e-21  4.682127e-21  4.640367e-21  4.594358e-21  4.546583e-21  4.499800e-21  4.456723e-21  4.419612e-21  4.389023e-21  4.365372e-21  4.349132e-21  4.340761e-21  4.341124e-21  4.350601e-21  4.370217e-21  4.403193e-21  4.452556e-21  4.518509e-21  4.599167e-21  4.688668e-21  4.781287e-21  4.873667e-21  4.960166e-21  5.035792e-21  5.094792e-21  5.134248e-21  5.152223e-21  5.149110e-21  5.125459e-21  5.084507e-21  5.027009e-21  4.956657e-21  4.875966e-21  4.790181e-21  4.700714e-21  4.612072e-21  4.525558e-21  4.441379e-21  4.361436e-21  4.285957e-21  4.214860e-21  4.148182e-21  4.086421e-21  4.029751e-21  3.977951e-21  3.929281e-21  3.882621e-21  3.837015e-21  3.791952e-21  3.745511e-21  3.697477e-21  3.647679e-21  3.595960e-21  3.542151e-21  3.488854e-21  3.436925e-21  3.384924e-21  3.334426e-21  3.278351e-21  3.220210e-21  3.160647e-21  3.100733e-21  3.040644e-21  2.979359e-21  2.917423e-21  2.856819e-21  2.799995e-21  2.747951e-21  2.699638e-21  2.653041e-21  2.606542e-21  2.560214e-21  2.515894e-21  2.474064e-21  2.433924e-21  2.395437e-21  2.357135e-21  2.316921e-21  2.275267e-21  2.233962e-21  2.192556e-21  2.152508e-21  2.113412e-21  2.075183e-21  2.038097e-21  2.002021e-21  1.966799e-21  1.931367e-21  1.893381e-21  1.852736e-21  1.810625e-21  1.768728e-21  1.727318e-21  1.686017e-21  1.645714e-21  1.606400e-21  1.568161e-21  1.531682e-21  1.496814e-21  1.463246e-21  1.430731e-21  1.398321e-21  1.367267e-21  1.338052e-21  1.311831e-21  1.289008e-21  1.268926e-21  1.251134e-21  1.233427e-21  1.213737e-21  1.190736e-21  1.163927e-21  1.134531e-21  1.103587e-21  1.072965e-21  1.043671e-21  1.016098e-21  9.893636e-22  9.628282e-22  9.359862e-22  9.103640e-22  8.835108e-22  8.589758e-22  8.366736e-22  8.155439e-22  7.965031e-22  7.792505e-22  7.640619e-22  7.500684e-22  7.374487e-22  7.259625e-22  7.151777e-22  7.049700e-22  6.950818e-22  6.858655e-22  6.779616e-22  6.718488e-22  6.680732e-22  6.663247e-22  6.647534e-22  6.595060e-22  6.504830e-22  6.368539e-22  6.218084e-22  5.967592e-22  5.725419e-22  5.476524e-22  5.345346e-22  5.239906e-22  5.112589e-22  4.975652e-22  4.866314e-22  4.719260e-22  4.569141e-22  4.426331e-22  4.331795e-22  4.237345e-22  4.165344e-22  4.121125e-22  4.095354e-22  4.076961e-22  4.058022e-22  4.030082e-22  4.019020e-22  4.021252e-22  4.036202e-22  4.071102e-22  4.127119e-22  4.199074e-22  4.274015e-22  4.344305e-22  4.376875e-22  4.364158e-22  4.288406e-22  4.143598e-22  3.946312e-22  3.716374e-22  3.491287e-22  3.287386e-22  3.117353e-22  2.971350e-22  2.851247e-22  2.751299e-22  2.674789e-22  2.612935e-22  2.560310e-22  2.514905e-22  2.469501e-22  2.435229e-22  2.402080e-22  2.378650e-22  2.362435e-22  2.355721e-22  2.357223e-22  2.374647e-22  2.409366e-22  2.463718e-22  2.545584e-22  2.658910e-22  2.783036e-22  2.912442e-22  3.040331e-22  3.133630e-22  3.180062e-22  3.161312e-22  3.091269e-22  2.966563e-22  2.806292e-22  2.643274e-22  2.473213e-22  2.329066e-22  2.205123e-22  2.098178e-22  2.011942e-22  1.931989e-22  1.856712e-22  1.774543e-22  1.698782e-22  1.619748e-22  1.567674e-22  1.522961e-22  1.482607e-22  1.450395e-22  1.425182e-22  1.407132e-22  1.385274e-22  1.372565e-22  1.364955e-22  1.366671e-22  1.381142e-22  1.415805e-22  1.462685e-22  1.546098e-22  1.637985e-22  1.733177e-22  1.825892e-22  1.927751e-22  2.023901e-22  2.129599e-22  2.201394e-22  2.297382e-22  2.322631e-22  2.294041e-22  2.196691e-22  2.125499e-22  1.918957e-22  1.774109e-22  1.763755e-22  1.468616e-22  1.338681e-22  1.222540e-22  1.100674e-22  1.068242e-22  9.486289e-23  8.789779e-23  8.264039e-23  7.796916e-23  7.099211e-23  7.038719e-23  6.751127e-23  6.594874e-23  6.684785e-23  6.626828e-23  6.597061e-23  6.712693e-23  6.744374e-23  6.971221e-23  7.061955e-23  7.547923e-23  7.845544e-23  8.227247e-23  8.587256e-23  9.506585e-23  1.042578e-22  1.149225e-22  1.241748e-22  1.370164e-22  1.457979e-22  1.468011e-22  1.422883e-22  1.371271e-22  1.306464e-22  1.247630e-22  1.164514e-22  1.082787e-22  1.005864e-22  9.038142e-23  8.036013e-23  7.213117e-23  6.527425e-23  5.903555e-23  5.446226e-23  4.837283e-23  4.502364e-23  4.159912e-23  3.816744e-23  3.646190e-23  3.460373e-23  3.323846e-23  3.215156e-23  3.161176e-23  3.183490e-23  3.194563e-23  3.284783e-23  3.378658e-23  3.555153e-23  3.706120e-23  3.861209e-23  4.014174e-23  4.181609e-23  4.419756e-23  4.639238e-23  4.820089e-23  4.901047e-23  4.905125e-23  4.690790e-23  4.459127e-23  4.606845e-23  4.877544e-23  5.384370e-23  5.996508e-23  6.764969e-23  6.809239e-23  8.284360e-23  6.852856e-23  6.791993e-23  6.451445e-23  6.383463e-23  4.488227e-23  4.183928e-23  4.020819e-23  4.673807e-23  3.971164e-23  3.461523e-23  3.355241e-23  2.672021e-23  2.836993e-23  2.666949e-23  2.669946e-23  1.871812e-23  2.716467e-23  1.674948e-23  2.322571e-23  1.667912e-23  1.573481e-23  1.380937e-23  1.562033e-23  1.395926e-23  1.492926e-23  1.663797e-23  1.544270e-23  1.397866e-23  1.999473e-23  1.827170e-23  2.411492e-23  4.009892e-23  6.108858e-23  6.918612e-23  1.007404e-22  1.775784e-22  1.702287e-22  1.734019e-22  1.541373e-22  6.563214e-23  4.844824e-23  6.436842e-23  7.027543e-23  1.909029e-22  1.676250e-22  7.027318e-23  1.439422e-22  5.872882e-23  1.209780e-22  3.247254e-23  1.541792e-22  2.229904e-23  9.048152e-23  3.842523e-23  2.957378e-23  5.105723e-23  4.111939e-23  4.572581e-23  2.946910e-23  2.457455e-23  2.440753e-23  2.447820e-23  2.357486e-23  1.858636e-23  2.104662e-23  1.889237e-23  2.039617e-23  1.624593e-23  1.162678e-23  5.579675e-24  9.170003e-24  4.369839e-24  7.669969e-24  7.479125e-24  8.874558e-24  1.377277e-23  1.031965e-23  5.794326e-24  4.963280e-24  6.737047e-24  6.660945e-24  2.521578e-24  2.971887e-24  3.918753e-24  2.547698e-24  4.564136e-24  4.725643e-24  6.592875e-24  8.573717e-24  1.179172e-23  1.448754e-23  2.797489e-23  3.545558e-23  2.281002e-23  2.323790e-23  2.203612e-23  1.584098e-23  9.788191e-24  1.063771e-23  7.319279e-24  6.364541e-24  4.915178e-24  5.003408e-24  3.445391e-24  3.637086e-24  2.152277e-24  2.856101e-24  2.203175e-24  1.972093e-24  2.096779e-24  1.840700e-24  1.239320e-24  1.637767e-24  1.323503e-24  1.140789e-24  9.689514e-25  1.133969e-24  9.433028e-25  8.404547e-25  9.459852e-25  7.797559e-25  5.963843e-25  7.468286e-25  6.377495e-25  8.316859e-25  4.759611e-25  5.192367e-25  6.194437e-25  5.929305e-25  5.412109e-25  5.890005e-25  5.109230e-25  5.031783e-25  7.147541e-25  4.772117e-25  5.951467e-25  6.571474e-25  6.283355e-25  7.460965e-25  8.785648e-25  1.114345e-24  1.431540e-24  1.794175e-24  2.098784e-24  2.573580e-24  3.512116e-24  6.861411e-24  6.488411e-24  4.848875e-24  4.782579e-24  4.609392e-24  3.399180e-24  2.570587e-24  2.260322e-24  1.219382e-24  1.585020e-24  9.930626e-25  1.242302e-24  8.681643e-25  6.838429e-25  8.906862e-25  6.326635e-25  4.803884e-25  6.935069e-25  6.069009e-25  6.914437e-25  8.626622e-25  5.449253e-25  6.457103e-25  5.767236e-25  6.339343e-25  4.100369e-25  3.101102e-25  4.417532e-25  2.136219e-25  4.986500e-25  2.610368e-25  4.275000e-25  3.651351e-25  1.441294e-25  9.071363e-25  5.149224e-25  2.839714e-25  1.773669e-25  1.009164e-24  3.984898e-25  2.453437e-24  4.835152e-25  2.301304e-25  7.081807e-25  1.912246e-24  4.127564e-25  2.103068e-25  3.809212e-24  3.757046e-25  1.874106e-24  2.597776e-24  2.089356e-25  2.234631e-24  1.994097e-24  4.951637e-24
3.427422e-21  5.668880e-21  2.743819e-21  1.815591e-21  3.624549e-21  1.362528e-21  9.295344e-22  2.215543e-21  1.556697e-21  5.618209e-22  1.066665e-21  7.114337e-22  2.695788e-22  3.150991e-22  8.618153e-22  4.431371e-22  1.944706e-22  2.359102e-22  1.938866e-22  7.616294e-23  7.683222e-23  1.444897e-22  2.260001e-22  8.321304e-23  3.713600e-23  4.588881e-23  3.033789e-23  2.872708e-23  1.930678e-23  2.409607e-23  4.613228e-23  2.061248e-23  9.292748e-24  6.317594e-24  6.593609e-24  9.171269e-24  6.988412e-24  4.008516e-24  4.821552e-24  6.756796e-24  3.724595e-24  2.237437e-24  1.627486e-24  1.390693e-24  2.418669e-24  1.925529e-24  1.495888e-24  1.741437e-24  1.178187e-24  1.262034e-24  1.160636e-24  1.621365e-24  2.028034e-24  2.173276e-24  2.136234e-24  2.279866e-24  2.464463e-24  3.022889e-24  3.252231e-24  3.456477e-24  3.894894e-24  4.068848e-24  4.156051e-24  4.993190e-24  6.271326e-24  7.310309e-24  7.825500e-24  7.218229e-24  6.803128e-24  6.873834e-24  7.807933e-24  9.321144e-24  1.071464e-23  1.142080e-23  1.094646e-23  1.074102e-23  1.194527e-23  1.499033e-23  1.917930e-23  2.243927e-23  2.374637e-23  2.330808e-23  2.155031e-23  2.017198e-23  2.065835e-23  2.352403e-23  2.777536e-23  3.099605e-23  3.192242e-23  3.091692e-23  3.082910e-23  3.359395e-23  4.006462e-23  4.882181e-23  5.827766e-23  6.532605e-23  6.711406e-23  6.457028e-23  5.965591e-23  5.580691e-23  5.647664e-23  6.331120e-23  7.312429e-23  8.036264e-23  8.166081e-23  7.920772e-23  7.784575e-23  8.173048e-23  9.367937e-23  1.124625e-22  1.332695e-22  1.539177e-22  1.684634e-22  1.735033e-22  1.658131e-22  1.519187e-22  1.405067e-22  1.371979e-22  1.438550e-22  1.587421e-22  1.756592e-22  1.840530e-22  1.844864e-22  1.807767e-22  1.811150e-22  1.900243e-22  2.115764e-22  2.437187e-22  2.807555e-22  3.201441e-22  3.576653e-22  3.842515e-22  3.906523e-22  3.769788e-22  3.511263e-22  3.269935e-22  3.145048e-22  3.205205e-22  3.442216e-22  3.725732e-22  3.905440e-22  3.955910e-22  3.935365e-22  3.939368e-22  4.040985e-22  4.298833e-22  4.732916e-22  5.297062e-22  5.947130e-22  6.633084e-22  7.319444e-22  7.888909e-22  8.223430e-22  8.236698e-22  7.999982e-22  7.645419e-22  7.310526e-22  7.120618e-22  7.150929e-22  7.389512e-22  7.728470e-22  8.027637e-22  8.210069e-22  8.288198e-22  8.343964e-22  8.462655e-22  8.727548e-22  9.192741e-22  9.852668e-22  1.066548e-21  1.158591e-21  1.258125e-21  1.359649e-21  1.453152e-21  1.528019e-21  1.575141e-21  1.590760e-21  1.578283e-21  1.547782e-21  1.513755e-21  1.487872e-21  1.478894e-21  1.489581e-21  1.517972e-21  1.555809e-21  1.594874e-21  1.630303e-21  1.661000e-21  1.689775e-21  1.720559e-21  1.757284e-21  1.803702e-21  1.863779e-21  1.936539e-21  2.020978e-21  2.114787e-21  2.213185e-21  2.314718e-21  2.414884e-21  2.509734e-21  2.595525e-21  2.668100e-21  2.722985e-21  2.759251e-21  2.775884e-21  2.775502e-21  2.767788e-21  2.762736e-21  2.769315e-21  2.793205e-21  2.833919e-21  2.888328e-21  2.949287e-21  3.010612e-21  3.066911e-21  3.115760e-21  3.155905e-21  3.190108e-21  3.220312e-21  3.247768e-21  3.275747e-21  3.305473e-21  3.338185e-21  3.374846e-21  3.416625e-21  3.465139e-21  3.523237e-21  3.593219e-21  3.674551e-21  3.766430e-21  3.865166e-21  3.965659e-21  4.062102e-21  4.150480e-21  4.228702e-21  4.298031e-21  4.360291e-21  4.417923e-21  4.474049e-21  4.531705e-21  4.589895e-21  4.645848e-21  4.694222e-21  4.729225e-21  4.746085e-21  4.742982e-21  4.722185e-21  4.689029e-21  4.647096e-21  4.600651e-21  4.552081e-21  4.505130e-21  4.461726e-21  4.424799e-21  4.393993e-21  4.370619e-21  4.353966e-21  4.345854e-21  4.346149e-21  4.355802e-21  4.375752e-21  4.408990e-21  4.459042e-21  4.526060e-21  4.607315e-21  4.697279e-21  4.789929e-21  4.882608e-21  4.968986e-21  5.043941e-21  5.102719e-21  5.141644e-21  5.158920e-21  5.155427e-21  5.131192e-21  5.089782e-21  5.031609e-21  4.960899e-21  4.879985e-21  4.793213e-21  4.703372e-21  4.614310e-21  4.527565e-21  4.443021e-21  4.362895e-21  4.287366e-21  4.216276e-21  4.149355e-21  4.087580e-21  4.030903e-21  3.978948e-21  3.930054e-21  3.883461e-21  3.838038e-21  3.792888e-21  3.746717e-21  3.698789e-21  3.648861e-21  3.596961e-21  3.542958e-21  3.489558e-21  3.437380e-21  3.385173e-21  3.333497e-21  3.277832e-21  3.219555e-21  3.159360e-21  3.099238e-21  3.038855e-21  2.977265e-21  2.915195e-21  2.854491e-21  2.797492e-21  2.745167e-21  2.696985e-21  2.650331e-21  2.603764e-21  2.557162e-21  2.512819e-21  2.470827e-21  2.430744e-21  2.392353e-21  2.353938e-21  2.313458e-21  2.271790e-21  2.230500e-21  2.189004e-21  2.148870e-21  2.109700e-21  2.071492e-21  2.034295e-21  1.998212e-21  1.963036e-21  1.927699e-21  1.889463e-21  1.848712e-21  1.806554e-21  1.764450e-21  1.722779e-21  1.681528e-21  1.641168e-21  1.601669e-21  1.563475e-21  1.526959e-21  1.492132e-21  1.458462e-21  1.425817e-21  1.393487e-21  1.362261e-21  1.332994e-21  1.306996e-21  1.284082e-21  1.264123e-21  1.246415e-21  1.228839e-21  1.209322e-21  1.186166e-21  1.159495e-21  1.129907e-21  1.099043e-21  1.068295e-21  1.039107e-21  1.011491e-21  9.848032e-22  9.584717e-22  9.315797e-22  9.059298e-22  8.790556e-22  8.544602e-22  8.322760e-22  8.112040e-22  7.919231e-22  7.750057e-22  7.597193e-22  7.459396e-22  7.333649e-22  7.217551e-22  7.111979e-22  7.008764e-22  6.910458e-22  6.820853e-22  6.741777e-22  6.682175e-22  6.647533e-22  6.632508e-22  6.619638e-22  6.567220e-22  6.477440e-22  6.341307e-22  6.190261e-22  5.938410e-22  5.697666e-22  5.447044e-22  5.316537e-22  5.211578e-22  5.084850e-22  4.947129e-22  4.839289e-22  4.690531e-22  4.540865e-22  4.398786e-22  4.306751e-22  4.212108e-22  4.140214e-22  4.098057e-22  4.072898e-22  4.055496e-22  4.036859e-22  4.011415e-22  4.000176e-22  4.000427e-22  4.017392e-22  4.054812e-22  4.112398e-22  4.188364e-22  4.268106e-22  4.338360e-22  4.372358e-22  4.359246e-22  4.283478e-22  4.136640e-22  3.931775e-22  3.702258e-22  3.474609e-22  3.269977e-22  3.099614e-22  2.953820e-22  2.836428e-22  2.740812e-22  2.661658e-22  2.601986e-22  2.549640e-22  2.504085e-22  2.462615e-22  2.427624e-22  2.396256e-22  2.376386e-22  2.355952e-22  2.351362e-22  2.354453e-22  2.373351e-22  2.408922e-22  2.466719e-22  2.549996e-22  2.661236e-22  2.791586e-22  2.926469e-22  3.054583e-22  3.151508e-22  3.197003e-22  3.178695e-22  3.107821e-22  2.981452e-22  2.818930e-22  2.648560e-22  2.479185e-22  2.332082e-22  2.210156e-22  2.103527e-22  2.015295e-22  1.940589e-22  1.859993e-22  1.782555e-22  1.710318e-22  1.629410e-22  1.575842e-22  1.532111e-22  1.493300e-22  1.461044e-22  1.436677e-22  1.418619e-22  1.400804e-22  1.385909e-22  1.380902e-22  1.385501e-22  1.399670e-22  1.434515e-22  1.493884e-22  1.571171e-22  1.665287e-22  1.767020e-22  1.861595e-22  1.965874e-22  2.062264e-22  2.168802e-22  2.244568e-22  2.338399e-22  2.360269e-22  2.332670e-22  2.237916e-22  2.167144e-22  1.956052e-22  1.812247e-22  1.792771e-22  1.499577e-22  1.366659e-22  1.254125e-22  1.126149e-22  1.093526e-22  9.750634e-23  9.010965e-23  8.499738e-23  8.103957e-23  7.456546e-23  7.296986e-23  7.042822e-23  6.947223e-23  6.903324e-23  6.906944e-23  6.891759e-23  7.016876e-23  7.077662e-23  7.254000e-23  7.452040e-23  7.795666e-23  8.129501e-23  8.509854e-23  8.998677e-23  9.807860e-23  1.079735e-22  1.187504e-22  1.301795e-22  1.433233e-22  1.519049e-22  1.531846e-22  1.487355e-22  1.429393e-22  1.353568e-22  1.288038e-22  1.210547e-22  1.128082e-22  1.038756e-22  9.353701e-23  8.305135e-23  7.420528e-23  6.689922e-23  6.076570e-23  5.568775e-23  4.984968e-23  4.583736e-23  4.215976e-23  3.895247e-23  3.650121e-23  3.527049e-23  3.321621e-23  3.297457e-23  3.227542e-23  3.214058e-23  3.243054e-23  3.360872e-23  3.419486e-23  3.592973e-23  3.751175e-23  3.899440e-23  4.105714e-23  4.288474e-23  4.518783e-23  4.774710e-23  4.966244e-23  5.047710e-23  5.036740e-23  4.785119e-23  4.562354e-23  4.700506e-23  5.023415e-23  5.516360e-23  6.182309e-23  6.906967e-23  7.016624e-23  8.463960e-23  7.049801e-23  6.980798e-23  6.598222e-23  6.549572e-23  4.539368e-23  4.234378e-23  4.069946e-23  4.765263e-23  3.969990e-23  3.442358e-23  3.355764e-23  2.642365e-23  2.821113e-23  2.634728e-23  2.612532e-23  1.804689e-23  2.659093e-23  1.618473e-23  2.268402e-23  1.624681e-23  1.517990e-23  1.343750e-23  1.520710e-23  1.393261e-23  1.471113e-23  1.653414e-23  1.528783e-23  1.375630e-23  2.008987e-23  1.740919e-23  2.284979e-23  3.839662e-23  5.843227e-23  6.692575e-23  9.908101e-23  1.781798e-22  1.721124e-22  1.774369e-22  1.580010e-22  6.738672e-23  4.986198e-23  6.614023e-23  7.239568e-23  1.967168e-22  1.702026e-22  7.129053e-23  1.459019e-22  6.011500e-23  1.231246e-22  3.312875e-23  1.549275e-22  2.223106e-23  9.009086e-23  3.728176e-23  2.881753e-23  4.957523e-23  3.999923e-23  4.413667e-23  2.886831e-23  2.341411e-23  2.407630e-23  2.414253e-23  2.306062e-23  1.806656e-23  2.100732e-23  1.850713e-23  2.053446e-23  1.597813e-23  1.169050e-23  5.462442e-24  9.104763e-24  4.196400e-24  7.685469e-24  7.467155e-24  8.566425e-24  1.376767e-23  1.009986e-23  5.574778e-24  4.742780e-24  6.431989e-24  6.401504e-24  2.473320e-24  2.817183e-24  3.659334e-24  2.539687e-24  4.579415e-24  4.798035e-24  7.019566e-24  9.099397e-24  1.246772e-23  1.541931e-23  2.969525e-23  3.831583e-23  2.442354e-23  2.495473e-23  2.339953e-23  1.671665e-23  1.055920e-23  1.131026e-23  7.750770e-24  6.709316e-24  5.425684e-24  5.378929e-24  3.792890e-24  4.034333e-24  2.580132e-24  3.291544e-24  2.457818e-24  2.205841e-24  2.611942e-24  2.302702e-24  1.722884e-24  2.098628e-24  1.813436e-24  1.688460e-24  1.518412e-24  1.799600e-24  1.562742e-24  1.438799e-24  1.579484e-24  1.432547e-24  1.317186e-24  1.456581e-24  1.474720e-24  1.582373e-24  1.261582e-24  1.384734e-24  1.367236e-24  1.406869e-24  1.406816e-24  1.367571e-24  1.376794e-24  1.488517e-24  1.520136e-24  1.540474e-24  1.617978e-24  1.679533e-24  1.707277e-24  1.828991e-24  1.956912e-24  2.143643e-24  2.562979e-24  3.001368e-24  3.400467e-24  3.900955e-24  4.939480e-24  8.497401e-24  8.191035e-24  6.433555e-24  6.396278e-24  6.086303e-24  4.795984e-24  3.936412e-24  3.654834e-24  2.646097e-24  3.037757e-24  2.405720e-24  2.660886e-24  2.320956e-24  2.107656e-24  2.339255e-24  2.093505e-24  2.037329e-24  2.243135e-24  2.200761e-24  2.250472e-24  2.448627e-24  2.142205e-24  2.170410e-24  2.135393e-24  2.239947e-24  2.033917e-24  1.912966e-24  2.127041e-24  1.940369e-24  2.217663e-24  1.931997e-24  2.140645e-24  2.114011e-24  1.916080e-24  2.685934e-24  2.346468e-24  2.135800e-24  1.995525e-24  2.900612e-24  2.204914e-24  4.283715e-24  2.439345e-24  2.195643e-24  2.617791e-24  3.819503e-24  2.324800e-24  2.153236e-24  5.792333e-24  2.310509e-24  3.830938e-24  4.595153e-24  2.169868e-24  4.275100e-24  3.971081e-24  7.090268e-24
3.427422e-21  5.668880e-21  2.743819e-21  1.815591e-21  3.624549e-21  1.362528e-21  9.295344e-22  2.215543e-21  1.556697e-21  5.618209e-22  1.066665e-21  7.114337e-22  2.695788e-22  3.150991e-22  8.618153e-22  4.431371e-22  1.944706e-22  2.359102e-22  1.938866e-22  7.616294e-23  7.683222e-23  1.444897e-22  2.260001e-22  8.321304e-23  3.713600e-23  4.588881e-23  3.033789e-23  2.872708e-23  1.930678e-23  2.409607e-23  4.613228e-23  2.061248e-23  9.292752e-24  6.317598e-24  6.593612e-24  9.171270e-24  6.988413e-24  4.008516e-24  4.821552e-24  6.756796e-24  3.724595e-24  2.237437e-24  1.627486e-24  1.390693e-24  2.418669e-24  1.925529e-24  1.495889e-24  1.741438e-24  1.178188e-24  1.262034e-24  1.160636e-24  1.621365e-24  2.028034e-24  2.173276e-24  2.136234e-24  2.279866e-24  2.464463e-24  3.022889e-24  3.252231e-24  3.456477e-24  3.894894e-24  4.068848e-24  4.156051e-24  4.993190e-24  6.271326e-24  7.310310e-24  7.825502e-24  7.218246e-24  6.803141e-24  6.873842e-24  7.807940e-24  9.321147e-24  1.071464e-23  1.142080e-23  1.094647e-23  1.074102e-23  1.194527e-23  1.499033e-23  1.917930e-23  2.243927e-23  2.374637e-23  2.330808e-23  2.155031e-23  2.017198e-23  2.065835e-23  2.352403e-23  2.777536e-23  3.099605e-23  3.192243e-23  3.091692e-23  3.082910e-23  3.359395e-23  4.006462e-23  4.882181e-23  5.827766e-23  6.532605e-23  6.711406e-23  6.457028e-23  5.965591e-23  5.580691e-23  5.647665e-23  6.331120e-23  7.312429e-23  8.036264e-23  8.166081e-23  7.920772e-23  7.784575e-23  8.173048e-23  9.367937e-23  1.124625e-22  1.332695e-22  1.539177e-22  1.684634e-22  1.735033e-22  1.658131e-22  1.519187e-22  1.405067e-22  1.371980e-22  1.438550e-22  1.587421e-22  1.756592e-22  1.840530e-22  1.844864e-22  1.807767e-22  1.811150e-22  1.900243e-22  2.115764e-22  2.437187e-22  2.807555e-22  3.201441e-22  3.576653e-22  3.842515e-22  3.906523e-22  3.769788e-22  3.511263e-22  3.269935e-22  3.145048e-22  3.205205e-22  3.442216e-22  3.725732e-22  3.905440e-22  3.955910e-22  3.935365e-22  3.939368e-22  4.040985e-22  4.298833e-22  4.732916e-22  5.297062e-22  5.947130e-22  6.633084e-22  7.319444e-22  7.888909e-22  8.223430e-22  8.236698e-22  7.999982e-22  7.645420e-22  7.310526e-22  7.120618e-22  7.150929e-22  7.389512e-22  7.728470e-22  8.027637e-22  8.210069e-22  8.288198e-22  8.343964e-22  8.462655e-22  8.727548e-22  9.192741e-22  9.852668e-22  1.066548e-21  1.158591e-21  1.258125e-21  1.359649e-21  1.453152e-21  1.528019e-21  1.575141e-21  1.590760e-21  1.578283e-21  1.547782e-21  1.513755e-21  1.487872e-21  1.478894e-21  1.489581e-21  1.517972e-21  1.555809e-21  1.594874e-21  1.630303e-21  1.661000e-21  1.689775e-21  1.720559e-21  1.757284e-21  1.803702e-21  1.863779e-21  1.936539e-21  2.020978e-21  2.114787e-21  2.213185e-21  2.314718e-21  2.414884e-21  2.509734e-21  2.595525e-21  2.668100e-21  2.722985e-21  2.759251e-21  2.775884e-21  2.775502e-21  2.767788e-21  2.762736e-21  2.769315e-21  2.793205e-21  2.833919e-21  2.888328e-21  2.949287e-21  3.010612e-21  3.066911e-21  3.115760e-21  3.155905e-21  3.190108e-21  3.220312e-21  3.247768e-21  3.275747e-21  3.305473e-21  3.338185e-21  3.374846e-21  3.416625e-21  3.465139e-21  3.523237e-21  3.593219e-21  3.674551e-21  3.766430e-21  3.865166e-21  3.965659e-21  4.062102e-21  4.150480e-21  4.228702e-21  4.298031e-21  4.360291e-21  4.417923e-21  4.474049e-21  4.531705e-21  4.589895e-21  4.645848e-21  4.694222e-21  4.729225e-21  4.746085e-21  4.742982e-21  4.722185e-21  4.689029e-21  4.647096e-21  4.600651e-21  4.552081e-21  4.505130e-21  4.461726e-21  4.424799e-21  4.393993e-21  4.370619e-21  4.353966e-21  4.345854e-21  4.346149e-21  4.355802e-21  4.375751e-21  4.408991e-21  4.459042e-21  4.526059e-21  4.607315e-21  4.697279e-21  4.789929e-21  4.882608e-21  4.968986e-21  5.043941e-21  5.102719e-21  5.141644e-21  5.158920e-21  5.155427e-21  5.131192e-21  5.089782e-21  5.031609e-21  4.960899e-21  4.879985e-21  4.793213e-21  4.703372e-21  4.614310e-21  4.527565e-21  4.443021e-21  4.362895e-21  4.287366e-21  4.216276e-21  4.149355e-21  4.087580e-21  4.030903e-21  3.978948e-21  3.930054e-21  3.883461e-21  3.838038e-21  3.792888e-21  3.746717e-21  3.698789e-21  3.648861e-21  3.596961e-21  3.542958e-21  3.489558e-21  3.437380e-21  3.385173e-21  3.333497e-21  3.277832e-21  3.219555e-21  3.159360e-21  3.099238e-21  3.038855e-21  2.977265e-21  2.915195e-21  2.854491e-21  2.797492e-21  2.745167e-21  2.696985e-21  2.650331e-21  2.603764e-21  2.557162e-21  2.512816e-21  2.470830e-21  2.430743e-21  2.392353e-21  2.353937e-21  2.313458e-21  2.271790e-21  2.230501e-21  2.189004e-21  2.148870e-21  2.109700e-21  2.071493e-21  2.034295e-21  1.998212e-21  1.963036e-21  1.927699e-21  1.889463e-21  1.848712e-21  1.806554e-21  1.764450e-21  1.722779e-21  1.681528e-21  1.641168e-21  1.601669e-21  1.563475e-21  1.526959e-21  1.492132e-21  1.458462e-21  1.425817e-21  1.393487e-21  1.362261e-21  1.332994e-21  1.306996e-21  1.284082e-21  1.264123e-21  1.246415e-21  1.228839e-21  1.209322e-21  1.186166e-21  1.159495e-21  1.129907e-21  1.099043e-21  1.068295e-21  1.039107e-21  1.011491e-21  9.848049e-22  9.584733e-22  9.315786e-22  9.059314e-22  8.790564e-22  8.544588e-22  8.322763e-22  8.112036e-22  7.919244e-22  7.750079e-22  7.597218e-22  7.459395e-22  7.333654e-22  7.217556e-22  7.111985e-22  7.008762e-22  6.910456e-22  6.820856e-22  6.741775e-22  6.682177e-22  6.647534e-22  6.632505e-22  6.619647e-22  6.567225e-22  6.477353e-22  6.341302e-22  6.189851e-22  5.938394e-22  5.698030e-22  5.447044e-22  5.316479e-22  5.211369e-22  5.085195e-22  4.947154e-22  4.839490e-22  4.690238e-22  4.540889e-22  4.398794e-22  4.306810e-22  4.212131e-22  4.140220e-22  4.098047e-22  4.072879e-22  4.055483e-22  4.036835e-22  4.011430e-22  4.000171e-22  4.000428e-22  4.017394e-22  4.054811e-22  4.112399e-22  4.188364e-22  4.268106e-22  4.338360e-22  4.372358e-22  4.359246e-22  4.283478e-22  4.136640e-22  3.931775e-22  3.702258e-22  3.474609e-22  3.269977e-22  3.099614e-22  2.953820e-22  2.836428e-22  2.740812e-22  2.661658e-22  2.601986e-22  2.549640e-22  2.504085e-22  2.462615e-22  2.427624e-22  2.396256e-22  2.376386e-22  2.355952e-22  2.351362e-22  2.354453e-22  2.373351e-22  2.408922e-22  2.466719e-22  2.549996e-22  2.661236e-22  2.791586e-22  2.926469e-22  3.054583e-22  3.151508e-22  3.197003e-22  3.178695e-22  3.107821e-22  2.981452e-22  2.818930e-22  2.648559e-22  2.479185e-22  2.332080e-22  2.210152e-22  2.103519e-22  2.015283e-22  1.940559e-22  1.859996e-22  1.782562e-22  1.710310e-22  1.629407e-22  1.575841e-22  1.532076e-22  1.493305e-22  1.461040e-22  1.436686e-22  1.418596e-22  1.400808e-22  1.385917e-22  1.380900e-22  1.385497e-22  1.399657e-22  1.434507e-22  1.493886e-22  1.571170e-22  1.665298e-22  1.767021e-22  1.861582e-22  1.965873e-22  2.062214e-22  2.168782e-22  2.244620e-22  2.338483e-22  2.359818e-22  2.332494e-22  2.237445e-22  2.167692e-22  1.956051e-22  1.812032e-22  1.792932e-22  1.499589e-22  1.366717e-22  1.254027e-22  1.126097e-22  1.093887e-22  9.746385e-23  9.010338e-23  8.496929e-23  8.104269e-23  7.456452e-23  7.297255e-23  7.042709e-23  6.947169e-23  6.903393e-23  6.907022e-23  6.891741e-23  7.016918e-23  7.077495e-23  7.253961e-23  7.451912e-23  7.795496e-23  8.129423e-23  8.509825e-23  8.998676e-23  9.807823e-23  1.079732e-22  1.187503e-22  1.301817e-22  1.433223e-22  1.519046e-22  1.531842e-22  1.487354e-22  1.429394e-22  1.353570e-22  1.288042e-22  1.210550e-22  1.128081e-22  1.038754e-22  9.353703e-23  8.305138e-23  7.420526e-23  6.689920e-23  6.076570e-23  5.568774e-23  4.984969e-23  4.583736e-23  4.215976e-23  3.895246e-23  3.650121e-23  3.527050e-23  3.321616e-23  3.297457e-23  3.227546e-23  3.214053e-23  3.243046e-23  3.360867e-23  3.419481e-23  3.592963e-23  3.751166e-23  3.899440e-23  4.105734e-23  4.288519e-23  4.518647e-23  4.774607e-23  4.966310e-23  5.047702e-23  5.036753e-23  4.785134e-23  4.562432e-23  4.700164e-23  5.023007e-23  5.515633e-23  6.183408e-23  6.900512e-23  7.011928e-23  8.482057e-23  7.037409e-23  6.979726e-23  6.594836e-23  6.562681e-23  4.538401e-23  4.234021e-23  4.072771e-23  4.758217e-23  3.965318e-23  3.442130e-23  3.359449e-23  2.641479e-23  2.811796e-23  2.633791e-23  2.612968e-23  1.803929e-23  2.672896e-23  1.617717e-23  2.271216e-23  1.623452e-23  1.519939e-23  1.344185e-23  1.520289e-23  1.394748e-23  1.471526e-23  1.653843e-23  1.528171e-23  1.375183e-23  2.013373e-23  1.740589e-23  2.283092e-23  3.855653e-23  5.848151e-23  6.654950e-23  9.915661e-23  1.789215e-22  1.722759e-22  1.775554e-22  1.564411e-22  6.755905e-23  4.973245e-23  6.632970e-23  7.263323e-23  1.977417e-22  1.694811e-22  7.104028e-23  1.459873e-22  6.024873e-23  1.237229e-22  3.313031e-23  1.552043e-22  2.219365e-23  9.087811e-23  3.661843e-23  2.882789e-23  4.959910e-23  4.004189e-23  4.424890e-23  2.879568e-23  2.337508e-23  2.410109e-23  2.433632e-23  2.307518e-23  1.793134e-23  2.105191e-23  1.843862e-23  2.058317e-23  1.577904e-23  1.168317e-23  5.448028e-24  9.161902e-24  4.208784e-24  7.693181e-24  7.446245e-24  8.516018e-24  1.368887e-23  1.006568e-23  5.598133e-24  4.710661e-24  6.473373e-24  6.441718e-24  2.475195e-24  2.813294e-24  3.642431e-24  2.536814e-24  4.574361e-24  4.798593e-24  7.018967e-24  9.103076e-24  1.246836e-23  1.541734e-23  2.969671e-23  3.831442e-23  2.441957e-23  2.495506e-23  2.339992e-23  1.671633e-23  1.055951e-23  1.131130e-23  7.750273e-24  6.708466e-24  5.425344e-24  5.378284e-24  3.792625e-24  4.032119e-24  2.580009e-24  3.291241e-24  2.457847e-24  2.207547e-24  2.608112e-24  2.300271e-24  1.723297e-24  2.097108e-24  1.814390e-24  1.688321e-24  1.517647e-24  1.799872e-24  1.562845e-24  1.438415e-24  1.581169e-24  1.431766e-24  1.317253e-24  1.456796e-24  1.473437e-24  1.582612e-24  1.261631e-24  1.384446e-24  1.366503e-24  1.407578e-24  1.405886e-24  1.367342e-24  1.376288e-24  1.488531e-24  1.520440e-24  1.540543e-24  1.618012e-24  1.679649e-24  1.707175e-24  1.828981e-24  1.956878e-24  2.143639e-24  2.562901e-24  3.001317e-24  3.400453e-24  3.900959e-24  4.939454e-24  8.497346e-24  8.191032e-24  6.433545e-24  6.396273e-24  6.086299e-24  4.795977e-24  3.936378e-24  3.654841e-24  2.646074e-24  3.037738e-24  2.405669e-24  2.660868e-24  2.320988e-24  2.107587e-24  2.339250e-24  2.093481e-24  2.037393e-24  2.243372e-24  2.200773e-24  2.250276e-24  2.448735e-24  2.142028e-24  2.170665e-24  2.134278e-24  2.239153e-24  2.033933e-24  1.914269e-24  2.127249e-24  1.940487e-24  2.218949e-24  1.931449e-24  2.142934e-24  2.111515e-24  1.915562e-24  2.686975e-24  2.347008e-24  2.136174e-24  1.987162e-24  2.912031e-24  2.201996e-24  4.312335e-24  2.445305e-24  2.189037e-24  2.630416e-24  3.789745e-24  2.321883e-24  2.149853e-24  5.842929e-24  2.304592e-24  3.852041e-24  4.564163e-24  2.166239e-24  4.281468e-24  3.947961e-24  7.092659e-24
3.427422e-21  5.668880e-21  2.743819e-21  1.815591e-21  3.624549e-21  1.362528e-21  9.295344e-22  2.215543e-21  1.556697e-21  5.618209e-22  1.066665e-21  7.114337e-22  2.695788e-22  3.150991e-22  8.618153e-22  4.431371e-22  1.944706e-22  2.359102e-22  1.938866e-22  7.616294e-23  7.683222e-23  1.444897e-22  2.260001e-22  8.321304e-23  3.713600e-23  4.588881e-23  3.033789e-23  2.872708e-23  1.930678e-23  2.409607e-23  4.613228e-23  2.061248e-23  9.292755e-24  6.317601e-24  6.593614e-24  9.171272e-24  6.988413e-24  4.008516e-24  4.821552e-24  6.756796e-24  3.724595e-24  2.237437e-24  1.627486e-24  1.390693e-24  2.418670e-24  1.925529e-24  1.495890e-24  1.741439e-24  1.178189e-24  1.262035e-24  1.160636e-24  1.621365e-24  2.028035e-24  2.173276e-24  2.136234e-24  2.279866e-24  2.464463e-24  3.022889e-24  3.252231e-24  3.456477e-24  3.894894e-24  4.068849e-24  4.156051e-24  4.993190e-24  6.271326e-24  7.310311e-24  7.825504e-24  7.218261e-24  6.803152e-24  6.873848e-24  7.807946e-24  9.321149e-24  1.071464e-23  1.142080e-23  1.094647e-23  1.074102e-23  1.194527e-23  1.499033e-23  1.917930e-23  2.243927e-23  2.374637e-23  2.330808e-23  2.155031e-23  2.017198e-23  2.065835e-23  2.352403e-23  2.777536e-23  3.099606e-23  3.192243e-23  3.091692e-23  3.082910e-23  3.359395e-23  4.006462e-23  4.882181e-23  5.827766e-23  6.532605e-23  6.711407e-23  6.457028e-23  5.965591e-23  5.580691e-23  5.647665e-23  6.331120e-23  7.312429e-23  8.036264e-23  8.166081e-23  7.920772e-23  7.784575e-23  8.173048e-23  9.367937e-23  1.124625e-22  1.332695e-22  1.539177e-22  1.684634e-22  1.735034e-22  1.658131e-22  1.519188e-22  1.405067e-22  1.371980e-22  1.438550e-22  1.587421e-22  1.756592e-22  1.840530e-22  1.844865e-22  1.807767e-22  1.811150e-22  1.900243e-22  2.115764e-22  2.437187e-22  2.807555e-22  3.201441e-22  3.576653e-22  3.842515e-22  3.906523e-22  3.769788e-22  3.511263e-22  3.269935e-22  3.145048e-22  3.205205e-22  3.442216e-22  3.725732e-22  3.905441e-22  3.955911e-22  3.935365e-22  3.939368e-22  4.040985e-22  4.298833e-22  4.732916e-22  5.297062e-22  5.947130e-22  6.633084e-22  7.319444e-22  7.888910e-22  8.223430e-22  8.236698e-22  7.999982e-22  7.645420e-22  7.310526e-22  7.120618e-22  7.150929e-22  7.389512e-22  7.728470e-22  8.027637e-22  8.210069e-22  8.288198e-22  8.343964e-22  8.462655e-22  8.727548e-22  9.192741e-22  9.852668e-22  1.066548e-21  1.158591e-21  1.258125e-21  1.359649e-21  1.453152e-21  1.528019e-21  1.575141e-21  1.590760e-21  1.578283e-21  1.547782e-21  1.513755e-21  1.487872e-21  1.478894e-21  1.489581e-21  1.517972e-21  1.555809e-21  1.594874e-21  1.630303e-21  1.661000e-21  1.689775e-21  1.720559e-21  1.757284e-21  1.803702e-21  1.863779e-21  1.936539e-21  2.020978e-21  2.114787e-21  2.213185e-21  2.314718e-21  2.414884e-21  2.509734e-21  2.595525e-21  2.668100e-21  2.722985e-21  2.759251e-21  2.775884e-21  2.775502e-21  2.767788e-21  2.762736e-21  2.769315e-21  2.793205e-21  2.833919e-21  2.888328e-21  2.949287e-21  3.010612e-21  3.066912e-21  3.115760e-21  3.155906e-21  3.190108e-21  3.220312e-21  3.247768e-21  3.275747e-21  3.305473e-21  3.338185e-21  3.374846e-21  3.416625e-21  3.465139e-21  3.523237e-21  3.593219e-21  3.674551e-21  3.766430e-21  3.865166e-21  3.965659e-21  4.062102e-21  4.150480e-21  4.228702e-21  4.298031e-21  4.360291e-21  4.417923e-21  4.474049e-21  4.531705e-21  4.589896e-21  4.645848e-21  4.694222e-21  4.729225e-21  4.746085e-21  4.742982e-21  4.722185e-21  4.689029e-21  4.647096e-21  4.600651e-21  4.552081e-21  4.505130e-21  4.461726e-21  4.424799e-21  4.393993e-21  4.370619e-21  4.353966e-21  4.345854e-21  4.346150e-21  4.355802e-21  4.375750e-21  4.408991e-21  4.459044e-21  4.526058e-21  4.607314e-21  4.697279e-21  4.789929e-21  4.882608e-21  4.968986e-21  5.043941e-21  5.102719e-21  5.141644e-21  5.158920e-21  5.155427e-21  5.131192e-21  5.089782e-21  5.031609e-21  4.960899e-21  4.879985e-21  4.793213e-21  4.703372e-21  4.614310e-21  4.527565e-21  4.443021e-21  4.362895e-21  4.287366e-21  4.216276e-21  4.149355e-21  4.087580e-21  4.030903e-21  3.978948e-21  3.930054e-21  3.883461e-21  3.838038e-21  3.792888e-21  3.746717e-21  3.698789e-21  3.648861e-21  3.596961e-21  3.542957e-21  3.489558e-21  3.437380e-21  3.385173e-21  3.333497e-21  3.277832e-21  3.219555e-21  3.159360e-21  3.099238e-21  3.038855e-21  2.977265e-21  2.915195e-21  2.854491e-21  2.797492e-21  2.745167e-21  2.696985e-21  2.650331e-21  2.603764e-21  2.557163e-21  2.512814e-21  2.470833e-21  2.430743e-21  2.392353e-21  2.353937e-21  2.313457e-21  2.271791e-21  2.230501e-21  2.189004e-21  2.148869e-21  2.109700e-21  2.071493e-21  2.034295e-21  1.998212e-21  1.963036e-21  1.927699e-21  1.889463e-21  1.848712e-21  1.806554e-21  1.764450e-21  1.722779e-21  1.681528e-21  1.641168e-21  1.601669e-21  1.563475e-21  1.526959e-21  1.492132e-21  1.458462e-21  1.425817e-21  1.393487e-21  1.362261e-21  1.332994e-21  1.306996e-21  1.284082e-21  1.264123e-21  1.246415e-21  1.228839e-21  1.209323e-21  1.186166e-21  1.159495e-21  1.129907e-21  1.099043e-21  1.068295e-21  1.039107e-21  1.011490e-21  9.848072e-22  9.584756e-22  9.315778e-22  9.059339e-22  8.790577e-22  8.544569e-22  8.322764e-22  8.112026e-22  7.919263e-22  7.750113e-22  7.597248e-22  7.459392e-22  7.333661e-22  7.217564e-22  7.111994e-22  7.008758e-22  6.910454e-22  6.820860e-22  6.741772e-22  6.682179e-22  6.647536e-22  6.632500e-22  6.619662e-22  6.567231e-22  6.477242e-22  6.341348e-22  6.189291e-22  5.938347e-22  5.698538e-22  5.447051e-22  5.316315e-22  5.211159e-22  5.085622e-22  4.947189e-22  4.839689e-22  4.689948e-22  4.540936e-22  4.398805e-22  4.306878e-22  4.212171e-22  4.140229e-22  4.098030e-22  4.072855e-22  4.055468e-22  4.036803e-22  4.011450e-22  4.000165e-22  4.000430e-22  4.017398e-22  4.054811e-22  4.112400e-22  4.188363e-22  4.268106e-22  4.338360e-22  4.372358e-22  4.359246e-22  4.283478e-22  4.136640e-22  3.931775e-22  3.702258e-22  3.474609e-22  3.269977e-22  3.099614e-22  2.953820e-22  2.836428e-22  2.740812e-22  2.661658e-22  2.601986e-22  2.549640e-22  2.504085e-22  2.462615e-22  2.427624e-22  2.396256e-22  2.376386e-22  2.355952e-22  2.351362e-22  2.354453e-22  2.373351e-22  2.408922e-22  2.466719e-22  2.549996e-22  2.661236e-22  2.791585e-22  2.926469e-22  3.054583e-22  3.151508e-22  3.197003e-22  3.178695e-22  3.107820e-22  2.981452e-22  2.818930e-22  2.648558e-22  2.479185e-22  2.332078e-22  2.210144e-22  2.103511e-22  2.015268e-22  1.940524e-22  1.859997e-22  1.782570e-22  1.710302e-22  1.629402e-22  1.575841e-22  1.532029e-22  1.493312e-22  1.461035e-22  1.436700e-22  1.418565e-22  1.400817e-22  1.385923e-22  1.380897e-22  1.385491e-22  1.399641e-22  1.434498e-22  1.493886e-22  1.571171e-22  1.665313e-22  1.767023e-22  1.861564e-22  1.965874e-22  2.062158e-22  2.168772e-22  2.244659e-22  2.338616e-22  2.359307e-22  2.332263e-22  2.236843e-22  2.168379e-22  1.956052e-22  1.811752e-22  1.793111e-22  1.499652e-22  1.366720e-22  1.253992e-22  1.126016e-22  1.094407e-22  9.740902e-23  9.009721e-23  8.493568e-23  8.104788e-23  7.456428e-23  7.297531e-23  7.042583e-23  6.947056e-23  6.903492e-23  6.907140e-23  6.891698e-23  7.016978e-23  7.077271e-23  7.253923e-23  7.451733e-23  7.795271e-23  8.129324e-23  8.509779e-23  8.998678e-23  9.807770e-23  1.079731e-22  1.187503e-22  1.301845e-22  1.433210e-22  1.519042e-22  1.531839e-22  1.487353e-22  1.429395e-22  1.353572e-22  1.288046e-22  1.210553e-22  1.128081e-22  1.038751e-22  9.353706e-23  8.305139e-23  7.420525e-23  6.689918e-23  6.076569e-23  5.568773e-23  4.984970e-23  4.583737e-23  4.215977e-23  3.895244e-23  3.650121e-23  3.527050e-23  3.321610e-23  3.297456e-23  3.227552e-23  3.214049e-23  3.243036e-23  3.360860e-23  3.419473e-23  3.592949e-23  3.751156e-23  3.899440e-23  4.105759e-23  4.288576e-23  4.518468e-23  4.774475e-23  4.966399e-23  5.047695e-23  5.036763e-23  4.785151e-23  4.562545e-23  4.699706e-23  5.022414e-23  5.514863e-23  6.184596e-23  6.893158e-23  7.005943e-23  8.505384e-23  7.021644e-23  6.978371e-23  6.593523e-23  6.577327e-23  4.537391e-23  4.233952e-23  4.076758e-23  4.747437e-23  3.959764e-23  3.441331e-23  3.366048e-23  2.640909e-23  2.799145e-23  2.631648e-23  2.615019e-23  1.803632e-23  2.691103e-23  1.616598e-23  2.275210e-23  1.622167e-23  1.522361e-23  1.344811e-23  1.519105e-23  1.396878e-23  1.471853e-23  1.654638e-23  1.527235e-23  1.374752e-23  2.019338e-23  1.740168e-23  2.282166e-23  3.876907e-23  5.864732e-23  6.607536e-23  9.939529e-23  1.797920e-22  1.725093e-22  1.777086e-22  1.543649e-22  6.778507e-23  4.955082e-23  6.658853e-23  7.295765e-23  1.990165e-22  1.685453e-22  7.067484e-23  1.460804e-22  6.046145e-23  1.245361e-22  3.315885e-23  1.556607e-22  2.215642e-23  9.170996e-23  3.597294e-23  2.884973e-23  4.962148e-23  4.008743e-23  4.436461e-23  2.869215e-23  2.333978e-23  2.410863e-23  2.459911e-23  2.307985e-23  1.777938e-23  2.110802e-23  1.836014e-23  2.056993e-23  1.558712e-23  1.166284e-23  5.426275e-24  9.239226e-24  4.227144e-24  7.710600e-24  7.415097e-24  8.456348e-24  1.357743e-23  1.001743e-23  5.626740e-24  4.688495e-24  6.503207e-24  6.486250e-24  2.479256e-24  2.808350e-24  3.623824e-24  2.533789e-24  4.571832e-24  4.799299e-24  7.018946e-24  9.107241e-24  1.246913e-23  1.541540e-23  2.969867e-23  3.831278e-23  2.441496e-23  2.495555e-23  2.340043e-23  1.671599e-23  1.055991e-23  1.131270e-23  7.749708e-24  6.707203e-24  5.425032e-24  5.377404e-24  3.792303e-24  4.029371e-24  2.579943e-24  3.290860e-24  2.457912e-24  2.209873e-24  2.603005e-24  2.296955e-24  1.723850e-24  2.095107e-24  1.815677e-24  1.687989e-24  1.516866e-24  1.800288e-24  1.562801e-24  1.438084e-24  1.583219e-24  1.430856e-24  1.317328e-24  1.457005e-24  1.471781e-24  1.583062e-24  1.261708e-24  1.384054e-24  1.365593e-24  1.408348e-24  1.404831e-24  1.367080e-24  1.375713e-24  1.488566e-24  1.520763e-24  1.540606e-24  1.618057e-24  1.679754e-24  1.707044e-24  1.828967e-24  1.956844e-24  2.143629e-24  2.562810e-24  3.001255e-24  3.400436e-24  3.900964e-24  4.939427e-24  8.497286e-24  8.191032e-24  6.433535e-24  6.396267e-24  6.086296e-24  4.795970e-24  3.936342e-24  3.654848e-24  2.646050e-24  3.037715e-24  2.405610e-24  2.660846e-24  2.321022e-24  2.107501e-24  2.339250e-24  2.093465e-24  2.037459e-24  2.243676e-24  2.200784e-24  2.250053e-24  2.448873e-24  2.141864e-24  2.170915e-24  2.132951e-24  2.238207e-24  2.033951e-24  1.915800e-24  2.127427e-24  1.940638e-24  2.219366e-24  1.930701e-24  2.145192e-24  2.109163e-24  1.915117e-24  2.686703e-24  2.347186e-24  2.136433e-24  1.979904e-24  2.921172e-24  2.197880e-24  4.347813e-24  2.452558e-24  2.182282e-24  2.646244e-24  3.748971e-24  2.318776e-24  2.147384e-24  5.903997e-24  2.297712e-24  3.880095e-24  4.520812e-24  2.162358e-24  4.288208e-24  3.919613e-24  7.097799e-24
3.427422e-21  5.668880e-21  2.743819e-21  1.815591e-21  3.624549e-21  1.362528e-21  9.295344e-22  2.215543e-21  1.556697e-21  5.618209e-22  1.066665e-21  7.114337e-22  2.695788e-22  3.150991e-22  8.618153e-22  4.431371e-22  1.944706e-22  2.359102e-22  1.938866e-22  7.616294e-23  7.683222e-23  1.444897e-22  2.260001e-22  8.321304e-23  3.713600e-23  4.588881e-23  3.033789e-23  2.872708e-23  1.930678e-23  2.409607e-23  4.613228e-23  2.061248e-23  9.292758e-24  6.317604e-24  6.593617e-24  9.171273e-24  6.988414e-24  4.008516e-24  4.821552e-24  6.756796e-24  3.724595e-24  2.237437e-24  1.627486e-24  1.390693e-24  2.418670e-24  1.925530e-24  1.495890e-24  1.741440e-24  1.178189e-24  1.262035e-24  1.160636e-24  1.621365e-24  2.028035e-24  2.173276e-24  2.136234e-24  2.279866e-24  2.464463e-24  3.022889e-24  3.252231e-24  3.456477e-24  3.894894e-24  4.068849e-24  4.156051e-24  4.993190e-24  6.271326e-24  7.310311e-24  7.825505e-24  7.218274e-24  6.803161e-24  6.873854e-24  7.807952e-24  9.321152e-24  1.071464e-23  1.142080e-23  1.094647e-23  1.074102e-23  1.194527e-23  1.499033e-23  1.917930e-23  2.243927e-23  2.374637e-23  2.330808e-23  2.155031e-23  2.017198e-23  2.065835e-23  2.352403e-23  2.777537e-23  3.099606e-23  3.192243e-23  3.091692e-23  3.082910e-23  3.359395e-23  4.006462e-23  4.882181e-23  5.827766e-23  6.532605e-23  6.711407e-23  6.457028e-23  5.965591e-23  5.580691e-23  5.647665e-23  6.331120e-23  7.312429e-23  8.036264e-23  8.166081e-23  7.920772e-23  7.784575e-23  8.173048e-23  9.367937e-23  1.124625e-22  1.332695e-22  1.539177e-22  1.684634e-22  1.735034e-22  1.658131e-22  1.519188e-22  1.405067e-22  1.371980e-22  1.438550e-22  1.587421e-22  1.756592e-22  1.840530e-22  1.844865e-22  1.807767e-22  1.811150e-22  1.900243e-22  2.115764e-22  2.437187e-22  2.807555e-22  3.201441e-22  3.576653e-22  3.842515e-22  3.906523e-22  3.769788e-22  3.511263e-22  3.269935e-22  3.145048e-22  3.205205e-22  3.442216e-22  3.725732e-22  3.905441e-22  3.955911e-22  3.935365e-22  3.939368e-22  4.040985e-22  4.298833e-22  4.732916e-22  5.297062e-22  5.947130e-22  6.633084e-22  7.319444e-22  7.888910e-22  8.223430e-22  8.236698e-22  7.999982e-22  7.645420e-22  7.310526e-22  7.120619e-22  7.150929e-22  7.389513e-22  7.728470e-22  8.027637e-22  8.210069e-22  8.288198e-22  8.343964e-22  8.462655e-22  8.727548e-22  9.192741e-22  9.852668e-22  1.066548e-21  1.158591e-21  1.258125e-21  1.359649e-21  1.453152e-21  1.528020e-21  1.575142e-21  1.590760e-21  1.578283e-21  1.547782e-21  1.513755e-21  1.487872e-21  1.478894e-21  1.489581e-21  1.517972e-21  1.555809e-21  1.594874e-21  1.630303e-21  1.661000e-21  1.689775e-21  1.720559e-21  1.757284e-21  1.803702e-21  1.863779e-21  1.936539e-21  2.020978e-21  2.114788e-21  2.213185e-21  2.314718e-21  2.414884e-21  2.509734e-21  2.595525e-21  2.668100e-21  2.722985e-21  2.759251e-21  2.775884e-21  2.775502e-21  2.767788e-21  2.762736e-21  2.769315e-21  2.793205e-21  2.833919e-21  2.888328e-21  2.949288e-21  3.010612e-21  3.066912e-21  3.115760e-21  3.155906e-21  3.190108e-21  3.220312e-21  3.247768e-21  3.275747e-21  3.305473e-21  3.338185e-21  3.374846e-21  3.416625e-21  3.465139e-21  3.523237e-21  3.593219e-21  3.674551e-21  3.766430e-21  3.865166e-21  3.965659e-21  4.062102e-21  4.150480e-21  4.228702e-21  4.298031e-21  4.360291e-21  4.417923e-21  4.474049e-21  4.531706e-21  4.589896e-21  4.645848e-21  4.694222e-21  4.729225e-21  4.746085e-21  4.742982e-21  4.722185e-21  4.689029e-21  4.647096e-21  4.600651e-21  4.552081e-21  4.505130e-21  4.461726e-21  4.424799e-21  4.393993e-21  4.370619e-21  4.353966e-21  4.345854e-21  4.346150e-21  4.355803e-21  4.375750e-21  4.408992e-21  4.459047e-21  4.526058e-21  4.607314e-21  4.697280e-21  4.789929e-21  4.882608e-21  4.968987e-21  5.043941e-21  5.102719e-21  5.141644e-21  5.158920e-21  5.155427e-21  5.131192e-21  5.089782e-21  5.031609e-21  4.960899e-21  4.879985e-21  4.793213e-21  4.703372e-21  4.614310e-21  4.527565e-21  4.443021e-21  4.362895e-21  4.287366e-21  4.216276e-21  4.149355e-21  4.087580e-21  4.030903e-21  3.978948e-21  3.930054e-21  3.883461e-21  3.838038e-21  3.792888e-21  3.746717e-21  3.698789e-21  3.648861e-21  3.596961e-21  3.542957e-21  3.489558e-21  3.437380e-21  3.385173e-21  3.333498e-21  3.277832e-21  3.219555e-21  3.159360e-21  3.099238e-21  3.038856e-21  2.977265e-21  2.915195e-21  2.854491e-21  2.797492e-21  2.745167e-21  2.696985e-21  2.650331e-21  2.603765e-21  2.557164e-21  2.512812e-21  2.470836e-21  2.430741e-21  2.392353e-21  2.353937e-21  2.313456e-21  2.271792e-21  2.230503e-21  2.189004e-21  2.148869e-21  2.109700e-21  2.071493e-21  2.034295e-21  1.998212e-21  1.963036e-21  1.927699e-21  1.889463e-21  1.848712e-21  1.806554e-21  1.764450e-21  1.722779e-21  1.681528e-21  1.641168e-21  1.601669e-21  1.563475e-21  1.526959e-21  1.492132e-21  1.458462e-21  1.425817e-21  1.393487e-21  1.362261e-21  1.332994e-21  1.306996e-21  1.284082e-21  1.264123e-21  1.246415e-21  1.228839e-21  1.209323e-21  1.186166e-21  1.159495e-21  1.129907e-21  1.099043e-21  1.068295e-21  1.039108e-21  1.011490e-21  9.848102e-22  9.584793e-22  9.315786e-22  9.059369e-22  8.790594e-22  8.544545e-22  8.322768e-22  8.112018e-22  7.919289e-22  7.750156e-22  7.597284e-22  7.459389e-22  7.333671e-22  7.217578e-22  7.112004e-22  7.008754e-22  6.910452e-22  6.820867e-22  6.741769e-22  6.682181e-22  6.647538e-22  6.632494e-22  6.619682e-22  6.567241e-22  6.477116e-22  6.341429e-22  6.188656e-22  5.938292e-22  5.699194e-22  5.447071e-22  5.316043e-22  5.210948e-22  5.086190e-22  4.947227e-22  4.839886e-22  4.689668e-22  4.541019e-22  4.398823e-22  4.306973e-22  4.212231e-22  4.140249e-22  4.098008e-22  4.072826e-22  4.055454e-22  4.036766e-22  4.011477e-22  4.000155e-22  4.000435e-22  4.017403e-22  4.054810e-22  4.112400e-22  4.188363e-22  4.268106e-22  4.338360e-22  4.372358e-22  4.359246e-22  4.283478e-22  4.136640e-22  3.931775e-22  3.702258e-22  3.474609e-22  3.269977e-22  3.099614e-22  2.953820e-22  2.836428e-22  2.740813e-22  2.661658e-22  2.601987e-22  2.549640e-22  2.504085e-22  2.462615e-22  2.427623e-22  2.396256e-22  2.376386e-22  2.355952e-22  2.351362e-22  2.354453e-22  2.373351e-22  2.408922e-22  2.466719e-22  2.549996e-22  2.661237e-22  2.791585e-22  2.926469e-22  3.054584e-22  3.151508e-22  3.197003e-22  3.178694e-22  3.107820e-22  2.981452e-22  2.818930e-22  2.648557e-22  2.479185e-22  2.332076e-22  2.210133e-22  2.103504e-22  2.015250e-22  1.940489e-22  1.859996e-22  1.782580e-22  1.710299e-22  1.629395e-22  1.575839e-22  1.531968e-22  1.493322e-22  1.461031e-22  1.436719e-22  1.418527e-22  1.400831e-22  1.385925e-22  1.380894e-22  1.385485e-22  1.399619e-22  1.434488e-22  1.493885e-22  1.571173e-22  1.665332e-22  1.767027e-22  1.861543e-22  1.965877e-22  2.062101e-22  2.168782e-22  2.244688e-22  2.338816e-22  2.358774e-22  2.331932e-22  2.236091e-22  2.169214e-22  1.956051e-22  1.811407e-22  1.793360e-22  1.499773e-22  1.366628e-22  1.254047e-22  1.125888e-22  1.095101e-22  9.734556e-23  9.009240e-23  8.489754e-23  8.105505e-23  7.456517e-23  7.297830e-23  7.042447e-23  6.946882e-23  6.903599e-23  6.907276e-23  6.891632e-23  7.017054e-23  7.077004e-23  7.253893e-23  7.451510e-23  7.794988e-23  8.129204e-23  8.509713e-23  8.998682e-23  9.807705e-23  1.079730e-22  1.187501e-22  1.301876e-22  1.433195e-22  1.519038e-22  1.531835e-22  1.487353e-22  1.429397e-22  1.353575e-22  1.288050e-22  1.210556e-22  1.128081e-22  1.038749e-22  9.353709e-23  8.305141e-23  7.420524e-23  6.689917e-23  6.076569e-23  5.568772e-23  4.984972e-23  4.583737e-23  4.215978e-23  3.895241e-23  3.650120e-23  3.527051e-23  3.321605e-23  3.297455e-23  3.227559e-23  3.214044e-23  3.243025e-23  3.360853e-23  3.419464e-23  3.592937e-23  3.751146e-23  3.899442e-23  4.105787e-23  4.288643e-23  4.518238e-23  4.774315e-23  4.966502e-23  5.047687e-23  5.036788e-23  4.785170e-23  4.562695e-23  4.699133e-23  5.021645e-23  5.514109e-23  6.185732e-23  6.885380e-23  6.999404e-23  8.533870e-23  7.002943e-23  6.976708e-23  6.593368e-23  6.594130e-23  4.536338e-23  4.234274e-23  4.082127e-23  4.733040e-23  3.952874e-23  3.439525e-23  3.375872e-23  2.641234e-23  2.783752e-23  2.628606e-23  2.618875e-23  1.803759e-23  2.713740e-23  1.615199e-23  2.280696e-23  1.620647e-23  1.525441e-23  1.345584e-23  1.517126e-23  1.399590e-23  1.472058e-23  1.655913e-23  1.525938e-23  1.374349e-23  2.026835e-23  1.739665e-23  2.282322e-23  3.903294e-23  5.891604e-23  6.558224e-23  9.982529e-23  1.808374e-22  1.728473e-22  1.779797e-22  1.517952e-22  6.806565e-23  4.929548e-23  6.690884e-23  7.335924e-23  2.005253e-22  1.674438e-22  7.021500e-23  1.461973e-22  6.075412e-23  1.255719e-22  3.322185e-23  1.563327e-22  2.211182e-23  9.262833e-23  3.533006e-23  2.889199e-23  4.965155e-23  4.015283e-23  4.448846e-23  2.856761e-23  2.330968e-23  2.409487e-23  2.493142e-23  2.307161e-23  1.761592e-23  2.117559e-23  1.827803e-23  2.049185e-23  1.540978e-23  1.162998e-23  5.397283e-24  9.331896e-24  4.257586e-24  7.738990e-24  7.374916e-24  8.379118e-24  1.343199e-23  9.963358e-24  5.659490e-24  4.675251e-24  6.517930e-24  6.536898e-24  2.487798e-24  2.802420e-24  3.604138e-24  2.530806e-24  4.571620e-24  4.800201e-24  7.019303e-24  9.111693e-24  1.247002e-23  1.541357e-23  2.970116e-23  3.831091e-23  2.440987e-23  2.495619e-23  2.340105e-23  1.671558e-23  1.056043e-23  1.131438e-23  7.749066e-24  6.705514e-24  5.424748e-24  5.376277e-24  3.791999e-24  4.026134e-24  2.579858e-24  3.290460e-24  2.458029e-24  2.212819e-24  2.596554e-24  2.292800e-24  1.724549e-24  2.092578e-24  1.817283e-24  1.687470e-24  1.516089e-24  1.800811e-24  1.562621e-24  1.437801e-24  1.585573e-24  1.429877e-24  1.317422e-24  1.457259e-24  1.469742e-24  1.583684e-24  1.261819e-24  1.383585e-24  1.364510e-24  1.409161e-24  1.403657e-24  1.366794e-24  1.375114e-24  1.488630e-24  1.521093e-24  1.540661e-24  1.618112e-24  1.679849e-24  1.706884e-24  1.828951e-24  1.956809e-24  2.143612e-24  2.562705e-24  3.001184e-24  3.400416e-24  3.900969e-24  4.939400e-24  8.497224e-24  8.191034e-24  6.433524e-24  6.396261e-24  6.086293e-24  4.795964e-24  3.936303e-24  3.654855e-24  2.646026e-24  3.037689e-24  2.405544e-24  2.660822e-24  2.321058e-24  2.107401e-24  2.339257e-24  2.093455e-24  2.037531e-24  2.244032e-24  2.200796e-24  2.249818e-24  2.449043e-24  2.141714e-24  2.171165e-24  2.131461e-24  2.237154e-24  2.033970e-24  1.917528e-24  2.127540e-24  1.940824e-24  2.218849e-24  1.929779e-24  2.147812e-24  2.106819e-24  1.914742e-24  2.686033e-24  2.347070e-24  2.136367e-24  1.973180e-24  2.928005e-24  2.192237e-24  4.387750e-24  2.460661e-24  2.175513e-24  2.665331e-24  3.697304e-24  2.315342e-24  2.146010e-24  5.973199e-24  2.289853e-24  3.915370e-24  4.465794e-24  2.157990e-24  4.294775e-24  3.886704e-24  7.105271e-24
3.427422e-21  5.668880e-21  2.743819e-21  1.815591e-21  3.624549e-21  1.362528e-21  9.295344e-22  2.215543e-21  1.556697e-21  5.618209e-22  1.066665e-21  7.114337e-22  2.695788e-22  3.150991e-22  8.618153e-22  4.431371e-22  1.944706e-22  2.359102e-22  1.938866e-22  7.616294e-23  7.683222e-23  1.444897e-22  2.260001e-22  8.321304e-23  3.713600e-23  4.588881e-23  3.033789e-23  2.872708e-23  1.930678e-23  2.409607e-23  4.613228e-23  2.061248e-23  9.292760e-24  6.317607e-24  6.593618e-24  9.171274e-24  6.988414e-24  4.008517e-24  4.821552e-24  6.756796e-24  3.724595e-24  2.237437e-24  1.627486e-24  1.390693e-24  2.418670e-24  1.925530e-24  1.495891e-24  1.741441e-24  1.178190e-24  1.262035e-24  1.160637e-24  1.621365e-24  2.028036e-24  2.173277e-24  2.136234e-24  2.279866e-24  2.464463e-24  3.022889e-24  3.252231e-24  3.456477e-24  3.894894e-24  4.068849e-24  4.156051e-24  4.993190e-24  6.271326e-24  7.310312e-24  7.825506e-24  7.218285e-24  6.803169e-24  6.873859e-24  7.807956e-24  9.321153e-24  1.071465e-23  1.142080e-23  1.094647e-23  1.074102e-23  1.194527e-23  1.499033e-23  1.917930e-23  2.243927e-23  2.374637e-23  2.330808e-23  2.155031e-23  2.017198e-23  2.065835e-23  2.352403e-23  2.777537e-23  3.099606e-23  3.192243e-23  3.091692e-23  3.082910e-23  3.359395e-23  4.006462e-23  4.882181e-23  5.827766e-23  6.532605e-23  6.711407e-23  6.457028e-23  5.965591e-23  5.580691e-23  5.647665e-23  6.331120e-23  7.312429e-23  8.036264e-23  8.166081e-23  7.920772e-23  7.784575e-23  8.173048e-23  9.367937e-23  1.124625e-22  1.332695e-22  1.539177e-22  1.684634e-22  1.735034e-22  1.658131e-22  1.519188e-22  1.405068e-22  1.371980e-22  1.438550e-22  1.587421e-22  1.756592e-22  1.840530e-22  1.844865e-22  1.807767e-22  1.811150e-22  1.900243e-22  2.115764e-22  2.437187e-22  2.807555e-22  3.201441e-22  3.576653e-22  3.842515e-22  3.906523e-22  3.769788e-22  3.511263e-22  3.269935e-22  3.145048e-22  3.205206e-22  3.442216e-22  3.725732e-22  3.905441e-22  3.955911e-22  3.935365e-22  3.939368e-22  4.040985e-22  4.298833e-22  4.732916e-22  5.297062e-22  5.947130e-22  6.633084e-22  7.319444e-22  7.888910e-22  8.223430e-22  8.236698e-22  7.999982e-22  7.645420e-22  7.310527e-22  7.120619e-22  7.150929e-22  7.389513e-22  7.728471e-22  8.027637e-22  8.210070e-22  8.288198e-22  8.343964e-22  8.462655e-22  8.727548e-22  9.192741e-22  9.852668e-22  1.066548e-21  1.158591e-21  1.258125e-21  1.359649e-21  1.453152e-21  1.528020e-21  1.575142e-21  1.590760e-21  1.578284e-21  1.547782e-21  1.513755e-21  1.487872e-21  1.478894e-21  1.489581e-21  1.517972e-21  1.555809e-21  1.594874e-21  1.630303e-21  1.661000e-21  1.689775e-21  1.720559e-21  1.757284e-21  1.803702e-21  1.863779e-21  1.936539e-21  2.020978e-21  2.114788e-21  2.213185e-21  2.314718e-21  2.414884e-21  2.509734e-21  2.595525e-21  2.668100e-21  2.722985e-21  2.759251e-21  2.775884e-21  2.775502e-21  2.767788e-21  2.762736e-21  2.769315e-21  2.793205e-21  2.833919e-21  2.888328e-21  2.949288e-21  3.010612e-21  3.066912e-21  3.115760e-21  3.155906e-21  3.190108e-21  3.220312e-21  3.247768e-21  3.275747e-21  3.305473e-21  3.338185e-21  3.374846e-21  3.416625e-21  3.465139e-21  3.523237e-21  3.593219e-21  3.674551e-21  3.766430e-21  3.865166e-21  3.965659e-21  4.062102e-21  4.150480e-21  4.228702e-21  4.298031e-21  4.360291e-21  4.417923e-21  4.474049e-21  4.531706e-21  4.589896e-21  4.645848e-21  4.694222e-21  4.729225e-21  4.746085e-21  4.742982e-21  4.722185e-21  4.689029e-21  4.647096e-21  4.600651e-21  4.552081e-21  4.505130e-21  4.461726e-21  4.424799e-21  4.393993e-21  4.370619e-21  4.353966e-21  4.345854e-21  4.346150e-21  4.355804e-21  4.375749e-21  4.408993e-21  4.459049e-21  4.526057e-21  4.607314e-21  4.697281e-21  4.789929e-21  4.882608e-21  4.968987e-21  5.043941e-21  5.102719e-21  5.141645e-21  5.158920e-21  5.155427e-21  5.131192e-21  5.089782e-21  5.031609e-21  4.960899e-21  4.879985e-21  4.793213e-21  4.703372e-21  4.614310e-21  4.527565e-21  4.443021e-21  4.362895e-21  4.287366e-21  4.216276e-21  4.149355e-21  4.087580e-21  4.030903e-21  3.978948e-21  3.930054e-21  3.883461e-21  3.838038e-21  3.792888e-21  3.746717e-21  3.698789e-21  3.648861e-21  3.596962e-21  3.542958e-21  3.489558e-21  3.437380e-21  3.385173e-21  3.333498e-21  3.277832e-21  3.219555e-21  3.159360e-21  3.099238e-21  3.038856e-21  2.977265e-21  2.915195e-21  2.854491e-21  2.797492e-21  2.745167e-21  2.696985e-21  2.650332e-21  2.603765e-21  2.557164e-21  2.512810e-21  2.470841e-21  2.430740e-21  2.392353e-21  2.353938e-21  2.313455e-21  2.271793e-21  2.230505e-21  2.189004e-21  2.148868e-21  2.109700e-21  2.071494e-21  2.034296e-21  1.998212e-21  1.963036e-21  1.927699e-21  1.889463e-21  1.848712e-21  1.806554e-21  1.764450e-21  1.722779e-21  1.681528e-21  1.641168e-21  1.601669e-21  1.563475e-21  1.526959e-21  1.492132e-21  1.458462e-21  1.425817e-21  1.393487e-21  1.362261e-21  1.332994e-21  1.306996e-21  1.284082e-21  1.264123e-21  1.246415e-21  1.228839e-21  1.209323e-21  1.186166e-21  1.159495e-21  1.129907e-21  1.099044e-21  1.068295e-21  1.039108e-21  1.011490e-21  9.848138e-22  9.584844e-22  9.315810e-22  9.059431e-22  8.790619e-22  8.544520e-22  8.322786e-22  8.112008e-22  7.919326e-22  7.750217e-22  7.597335e-22  7.459391e-22  7.333686e-22  7.217600e-22  7.112017e-22  7.008751e-22  6.910452e-22  6.820877e-22  6.741768e-22  6.682185e-22  6.647542e-22  6.632489e-22  6.619709e-22  6.567254e-22  6.476981e-22  6.341540e-22  6.187971e-22  5.938300e-22  5.700085e-22  5.447102e-22  5.315706e-22  5.210821e-22  5.086874e-22  4.947284e-22  4.840134e-22  4.689454e-22  4.541175e-22  4.398852e-22  4.307089e-22  4.212314e-22  4.140279e-22  4.097981e-22  4.072797e-22  4.055445e-22  4.036731e-22  4.011511e-22  4.000145e-22  4.000440e-22  4.017407e-22  4.054810e-22  4.112401e-22  4.188362e-22  4.268106e-22  4.338361e-22  4.372359e-22  4.359246e-22  4.283478e-22  4.136640e-22  3.931775e-22  3.702258e-22  3.474609e-22  3.269977e-22  3.099614e-22  2.953820e-22  2.836427e-22  2.740813e-22  2.661658e-22  2.601987e-22  2.549640e-22  2.504085e-22  2.462615e-22  2.427623e-22  2.396256e-22  2.376386e-22  2.355952e-22  2.351362e-22  2.354453e-22  2.373351e-22  2.408922e-22  2.466719e-22  2.549995e-22  2.661237e-22  2.791585e-22  2.926468e-22  3.054584e-22  3.151508e-22  3.197003e-22  3.178694e-22  3.107820e-22  2.981451e-22  2.818930e-22  2.648555e-22  2.479185e-22  2.332074e-22  2.210120e-22  2.103497e-22  2.015228e-22  1.940459e-22  1.859997e-22  1.782596e-22  1.710298e-22  1.629386e-22  1.575838e-22  1.531902e-22  1.493335e-22  1.461026e-22  1.436744e-22  1.418486e-22  1.400854e-22  1.385929e-22  1.380896e-22  1.385482e-22  1.399595e-22  1.434478e-22  1.493882e-22  1.571177e-22  1.665355e-22  1.767032e-22  1.861520e-22  1.965883e-22  2.062040e-22  2.168828e-22  2.244726e-22  2.339093e-22  2.358303e-22  2.331651e-22  2.235239e-22  2.170174e-22  1.956044e-22  1.811023e-22  1.793651e-22  1.499939e-22  1.366488e-22  1.254202e-22  1.125728e-22  1.095991e-22  9.727168e-23  9.009299e-23  8.485897e-23  8.106613e-23  7.456738e-23  7.298084e-23  7.042317e-23  6.946659e-23  6.903729e-23  6.907429e-23  6.891553e-23  7.017163e-23  7.076714e-23  7.253874e-23  7.451245e-23  7.794681e-23  8.129060e-23  8.509632e-23  8.998688e-23  9.807630e-23  1.079730e-22  1.187500e-22  1.301912e-22  1.433179e-22  1.519034e-22  1.531832e-22  1.487352e-22  1.429400e-22  1.353578e-22  1.288055e-22  1.210559e-22  1.128081e-22  1.038747e-22  9.353713e-23  8.305143e-23  7.420522e-23  6.689915e-23  6.076568e-23  5.568772e-23  4.984973e-23  4.583738e-23  4.215978e-23  3.895239e-23  3.650120e-23  3.527052e-23  3.321599e-23  3.297453e-23  3.227567e-23  3.214040e-23  3.243015e-23  3.360846e-23  3.419453e-23  3.592924e-23  3.751139e-23  3.899447e-23  4.105825e-23  4.288722e-23  4.517973e-23  4.774135e-23  4.966626e-23  5.047681e-23  5.036807e-23  4.785192e-23  4.562893e-23  4.698467e-23  5.020727e-23  5.513384e-23  6.186843e-23  6.877245e-23  6.992422e-23  8.568763e-23  6.981394e-23  6.975126e-23  6.594683e-23  6.613097e-23  4.535179e-23  4.234960e-23  4.088871e-23  4.715233e-23  3.945123e-23  3.438314e-23  3.389152e-23  2.642147e-23  2.765933e-23  2.624734e-23  2.624655e-23  1.804464e-23  2.740404e-23  1.613651e-23  2.287818e-23  1.619203e-23  1.529004e-23  1.346519e-23  1.514235e-23  1.402833e-23  1.472110e-23  1.657845e-23  1.524394e-23  1.374030e-23  2.036096e-23  1.739292e-23  2.284029e-23  3.935169e-23  5.930680e-23  6.506719e-23  1.004379e-22  1.820572e-22  1.732126e-22  1.784133e-22  1.487273e-22  6.839518e-23  4.897109e-23  6.729234e-23  7.385392e-23  2.022151e-22  1.662137e-22  6.965635e-23  1.463173e-22  6.112618e-23  1.268184e-22  3.332814e-23  1.572038e-22  2.207175e-23  9.363127e-23  3.470684e-23  2.894746e-23  4.969297e-23  4.023633e-23  4.461769e-23  2.841757e-23  2.328735e-23  2.406906e-23  2.532969e-23  2.304685e-23  1.744323e-23  2.125429e-23  1.820358e-23  2.035622e-23  1.523548e-23  1.158094e-23  5.361987e-24  9.441519e-24  4.296913e-24  7.781364e-24  7.325539e-24  8.289309e-24  1.325411e-23  9.900314e-24  5.696401e-24  4.669890e-24  6.518582e-24  6.596288e-24  2.500709e-24  2.795520e-24  3.583355e-24  2.527934e-24  4.573822e-24  4.801266e-24  7.020057e-24  9.116320e-24  1.247101e-23  1.541192e-23  2.970406e-23  3.830895e-23  2.440449e-23  2.495702e-23  2.340179e-23  1.671516e-23  1.056106e-23  1.131634e-23  7.748450e-24  6.703481e-24  5.424508e-24  5.375239e-24  3.791697e-24  4.022544e-24  2.579888e-24  3.290134e-24  2.458207e-24  2.216282e-24  2.588873e-24  2.287964e-24  1.725380e-24  2.089526e-24  1.819224e-24  1.686796e-24  1.515321e-24  1.801520e-24  1.562342e-24  1.437522e-24  1.588161e-24  1.428841e-24  1.317519e-24  1.457471e-24  1.467322e-24  1.584606e-24  1.261962e-24  1.383032e-24  1.363288e-24  1.409924e-24  1.402492e-24  1.366510e-24  1.374495e-24  1.488703e-24  1.521421e-24  1.540709e-24  1.618176e-24  1.679938e-24  1.706705e-24  1.828931e-24  1.956775e-24  2.143587e-24  2.562600e-24  3.001106e-24  3.400397e-24  3.900974e-24  4.939373e-24  8.497161e-24  8.191037e-24  6.433512e-24  6.396255e-24  6.086290e-24  4.795959e-24  3.936263e-24  3.654863e-24  2.646001e-24  3.037660e-24  2.405474e-24  2.660798e-24  2.321096e-24  2.107292e-24  2.339271e-24  2.093451e-24  2.037607e-24  2.244437e-24  2.200808e-24  2.249571e-24  2.449239e-24  2.141580e-24  2.171400e-24  2.129870e-24  2.236008e-24  2.033986e-24  1.919357e-24  2.127671e-24  1.941044e-24  2.217653e-24  1.928688e-24  2.150681e-24  2.104682e-24  1.914417e-24  2.684098e-24  2.346547e-24  2.136038e-24  1.967421e-24  2.931901e-24  2.185472e-24  4.432308e-24  2.469684e-24  2.168766e-24  2.686733e-24  3.636075e-24  2.312367e-24  2.146763e-24  6.046959e-24  2.281005e-24  3.957780e-24  4.399035e-24  2.153800e-24  4.301006e-24  3.850034e-24  7.118186e-24
3.427422e-21  5.668880e-21  2.743819e-21  1.815591e-21  3.624549e-21  1.362528e-21  9.295344e-22  2.215543e-21  1.556697e-21  5.618209e-22  1.066665e-21  7.114337e-22  2.695788e-22  3.150991e-22  8.618153e-22  4.431371e-22  1.944706e-22  2.359102e-22  1.938866e-22  7.616294e-23  7.683222e-23  1.444897e-22  2.260001e-22  8.321304e-23  3.713600e-23  4.588881e-23  3.033789e-23  2.872708e-23  1.930678e-23  2.409607e-23  4.613228e-23  2.061248e-23  9.292762e-24  6.317609e-24  6.593620e-24  9.171275e-24  6.988414e-24  4.008517e-24  4.821552e-24  6.756796e-24  3.724596e-24  2.237437e-24  1.627486e-24  1.390693e-24  2.418670e-24  1.925530e-24  1.495891e-24  1.741442e-24  1.178190e-24  1.262036e-24  1.160637e-24  1.621365e-24  2.028036e-24  2.173277e-24  2.136234e-24  2.279866e-24  2.464463e-24  3.022889e-24  3.252231e-24  3.456477e-24  3.894894e-24  4.068849e-24  4.156051e-24  4.993190e-24  6.271326e-24  7.310312e-24  7.825507e-24  7.218295e-24  6.803177e-24  6.873863e-24  7.807960e-24  9.321155e-24  1.071465e-23  1.142080e-23  1.094647e-23  1.074102e-23  1.194527e-23  1.499033e-23  1.917930e-23  2.243927e-23  2.374637e-23  2.330808e-23  2.155031e-23  2.017198e-23  2.065835e-23  2.352403e-23  2.777537e-23  3.099606e-23  3.192243e-23  3.091692e-23  3.082910e-23  3.359395e-23  4.006462e-23  4.882181e-23  5.827766e-23  6.532605e-23  6.711407e-23  6.457028e-23  5.965591e-23  5.580691e-23  5.647665e-23  6.331120e-23  7.312429e-23  8.036264e-23  8.166081e-23  7.920772e-23  7.784575e-23  8.173048e-23  9.367937e-23  1.124625e-22  1.332695e-22  1.539177e-22  1.684634e-22  1.735035e-22  1.658132e-22  1.519188e-22  1.405068e-22  1.371980e-22  1.438550e-22  1.587421e-22  1.756592e-22  1.840530e-22  1.844865e-22  1.807767e-22  1.811150e-22  1.900243e-22  2.115764e-22  2.437187e-22  2.807555e-22  3.201441e-22  3.576653e-22  3.842515e-22  3.906523e-22  3.769788e-22  3.511263e-22  3.269935e-22  3.145048e-22  3.205206e-22  3.442216e-22  3.725732e-22  3.905441e-22  3.955911e-22  3.935365e-22  3.939368e-22  4.040985e-22  4.298833e-22  4.732916e-22  5.297062e-22  5.947130e-22  6.633084e-22  7.319444e-22  7.888910e-22  8.223430e-22  8.236698e-22  7.999982e-22  7.645420e-22  7.310527e-22  7.120619e-22  7.150929e-22  7.389513e-22  7.728471e-22  8.027637e-22  8.210070e-22  8.288198e-22  8.343964e-22  8.462655e-22  8.727548e-22  9.192741e-22  9.852668e-22  1.066548e-21  1.158591e-21  1.258125e-21  1.359649e-21  1.453152e-21  1.528021e-21  1.575142e-21  1.590760e-21  1.578284e-21  1.547782e-21  1.513755e-21  1.487872e-21  1.478894e-21  1.489581e-21  1.517972e-21  1.555809e-21  1.594874e-21  1.630303e-21  1.661000e-21  1.689775e-21  1.720559e-21  1.757284e-21  1.803702e-21  1.863779e-21  1.936539e-21  2.020978e-21  2.114788e-21  2.213185e-21  2.314718e-21  2.414884e-21  2.509734e-21  2.595525e-21  2.668100e-21  2.722985e-21  2.759251e-21  2.775884e-21  2.775502e-21  2.767788e-21  2.762736e-21  2.769315e-21  2.793205e-21  2.833919e-21  2.888328e-21  2.949288e-21  3.010612e-21  3.066912e-21  3.115760e-21  3.155906e-21  3.190108e-21  3.220312e-21  3.247768e-21  3.275747e-21  3.305473e-21  3.338185e-21  3.374846e-21  3.416625e-21  3.465139e-21  3.523237e-21  3.593219e-21  3.674551e-21  3.766430e-21  3.865166e-21  3.965659e-21  4.062102e-21  4.150480e-21  4.228702e-21  4.298031e-21  4.360291e-21  4.417923e-21  4.474049e-21  4.531706e-21  4.589896e-21  4.645848e-21  4.694222e-21  4.729225e-21  4.746086e-21  4.742982e-21  4.722185e-21  4.689029e-21  4.647096e-21  4.600651e-21  4.552081e-21  4.505130e-21  4.461726e-21  4.424799e-21  4.393993e-21  4.370619e-21  4.353967e-21  4.345854e-21  4.346150e-21  4.355805e-21  4.375748e-21  4.408993e-21  4.459052e-21  4.526056e-21  4.607314e-21  4.697282e-21  4.789929e-21  4.882608e-21  4.968987e-21  5.043941e-21  5.102719e-21  5.141645e-21  5.158920e-21  5.155427e-21  5.131192e-21  5.089782e-21  5.031609e-21  4.960899e-21  4.879985e-21  4.793213e-21  4.703372e-21  4.614310e-21  4.527565e-21  4.443021e-21  4.362895e-21  4.287366e-21  4.216276e-21  4.149355e-21  4.087580e-21  4.030903e-21  3.978948e-21  3.930054e-21  3.883461e-21  3.838038e-21  3.792888e-21  3.746717e-21  3.698789e-21  3.648861e-21  3.596962e-21  3.542958e-21  3.489558e-21  3.437380e-21  3.385173e-21  3.333498e-21  3.277832e-21  3.219555e-21  3.159360e-21  3.099239e-21  3.038856e-21  2.977265e-21  2.915195e-21  2.854491e-21  2.797492e-21  2.745167e-21  2.696985e-21  2.650332e-21  2.603765e-21  2.557165e-21  2.512809e-21  2.470845e-21  2.430739e-21  2.392353e-21  2.353938e-21  2.313454e-21  2.271794e-21  2.230507e-21  2.189005e-21  2.148868e-21  2.109700e-21  2.071494e-21  2.034296e-21  1.998212e-21  1.963036e-21  1.927699e-21  1.889463e-21  1.848711e-21  1.806554e-21  1.764450e-21  1.722779e-21  1.681528e-21  1.641168e-21  1.601669e-21  1.563475e-21  1.526959e-21  1.492132e-21  1.458462e-21  1.425817e-21  1.393487e-21  1.362261e-21  1.332994e-21  1.306996e-21  1.284082e-21  1.264123e-21  1.246415e-21  1.228839e-21  1.209323e-21  1.186166e-21  1.159495e-21  1.129907e-21  1.099044e-21  1.068295e-21  1.039108e-21  1.011490e-21  9.848176e-22  9.584894e-22  9.315837e-22  9.059499e-22  8.790650e-22  8.544491e-22  8.322800e-22  8.111994e-22  7.919369e-22  7.750286e-22  7.597387e-22  7.459390e-22  7.333703e-22  7.217625e-22  7.112030e-22  7.008746e-22  6.910451e-22  6.820887e-22  6.741765e-22  6.682189e-22  6.647546e-22  6.632482e-22  6.619739e-22  6.567268e-22  6.476833e-22  6.341666e-22  6.187175e-22  5.938272e-22  5.701132e-22  5.447148e-22  5.315306e-22  5.210689e-22  5.087636e-22  4.947350e-22  4.840403e-22  4.689250e-22  4.541352e-22  4.398881e-22  4.307206e-22  4.212403e-22  4.140318e-22  4.097950e-22  4.072766e-22  4.055440e-22  4.036690e-22  4.011549e-22  4.000131e-22  4.000446e-22  4.017412e-22  4.054809e-22  4.112401e-22  4.188362e-22  4.268107e-22  4.338361e-22  4.372359e-22  4.359246e-22  4.283477e-22  4.136640e-22  3.931774e-22  3.702258e-22  3.474610e-22  3.269977e-22  3.099614e-22  2.953820e-22  2.836427e-22  2.740813e-22  2.661658e-22  2.601987e-22  2.549640e-22  2.504085e-22  2.462615e-22  2.427623e-22  2.396256e-22  2.376386e-22  2.355952e-22  2.351362e-22  2.354453e-22  2.373351e-22  2.408922e-22  2.466719e-22  2.549995e-22  2.661237e-22  2.791585e-22  2.926468e-22  3.054584e-22  3.151507e-22  3.197003e-22  3.178694e-22  3.107819e-22  2.981451e-22  2.818931e-22  2.648554e-22  2.479184e-22  2.332072e-22  2.210104e-22  2.103491e-22  2.015203e-22  1.940429e-22  1.859997e-22  1.782616e-22  1.710311e-22  1.629377e-22  1.575837e-22  1.531830e-22  1.493353e-22  1.461022e-22  1.436778e-22  1.418443e-22  1.400885e-22  1.385933e-22  1.380901e-22  1.385482e-22  1.399568e-22  1.434467e-22  1.493878e-22  1.571184e-22  1.665383e-22  1.767044e-22  1.861498e-22  1.965894e-22  2.061976e-22  2.168885e-22  2.244759e-22  2.339395e-22  2.357860e-22  2.331366e-22  2.234394e-22  2.171388e-22  1.956056e-22  1.810616e-22  1.794018e-22  1.500169e-22  1.366330e-22  1.254481e-22  1.125585e-22  1.097172e-22  9.719506e-23  9.009639e-23  8.481987e-23  8.107940e-23  7.457031e-23  7.298262e-23  7.042176e-23  6.946374e-23  6.903867e-23  6.907587e-23  6.891464e-23  7.017298e-23  7.076384e-23  7.253898e-23  7.450970e-23  7.794352e-23  8.128917e-23  8.509546e-23  8.998699e-23  9.807552e-23  1.079733e-22  1.187500e-22  1.301955e-22  1.433162e-22  1.519031e-22  1.531831e-22  1.487352e-22  1.429403e-22  1.353582e-22  1.288059e-22  1.210562e-22  1.128081e-22  1.038745e-22  9.353717e-23  8.305144e-23  7.420521e-23  6.689913e-23  6.076568e-23  5.568771e-23  4.984974e-23  4.583739e-23  4.215979e-23  3.895236e-23  3.650120e-23  3.527054e-23  3.321593e-23  3.297451e-23  3.227575e-23  3.214036e-23  3.243005e-23  3.360838e-23  3.419440e-23  3.592909e-23  3.751135e-23  3.899455e-23  4.105864e-23  4.288811e-23  4.517689e-23  4.773943e-23  4.966791e-23  5.047677e-23  5.036862e-23  4.785214e-23  4.563153e-23  4.697768e-23  5.019702e-23  5.512738e-23  6.188049e-23  6.869255e-23  6.984833e-23  8.609448e-23  6.959327e-23  6.974458e-23  6.599547e-23  6.633246e-23  4.534033e-23  4.236340e-23  4.097040e-23  4.695320e-23  3.937847e-23  3.436606e-23  3.405624e-23  2.643669e-23  2.746385e-23  2.620451e-23  2.633367e-23  1.805710e-23  2.772388e-23  1.612112e-23  2.297145e-23  1.617802e-23  1.533062e-23  1.347680e-23  1.510652e-23  1.406696e-23  1.472123e-23  1.660277e-23  1.522718e-23  1.373813e-23  2.046927e-23  1.739053e-23  2.287724e-23  3.971637e-23  5.980433e-23  6.456214e-23  1.012030e-22  1.835731e-22  1.738668e-22  1.791048e-22  1.452013e-22  6.876152e-23  4.859289e-23  6.773599e-23  7.442927e-23  2.041206e-22  1.649612e-22  6.905791e-23  1.464406e-22  6.156900e-23  1.282143e-22  3.349839e-23  1.583604e-22  2.203401e-23  9.476343e-23  3.415107e-23  2.904321e-23  4.977570e-23  4.035708e-23  4.475176e-23  2.825746e-23  2.327989e-23  2.403458e-23  2.579719e-23  2.301550e-23  1.726587e-23  2.133915e-23  1.813838e-23  2.017909e-23  1.508185e-23  1.151265e-23  5.321548e-24  9.567144e-24  4.342031e-24  7.832599e-24  7.269582e-24  8.189692e-24  1.306637e-23  9.841471e-24  5.738071e-24  4.676435e-24  6.509031e-24  6.659515e-24  2.515998e-24  2.788944e-24  3.562270e-24  2.525223e-24  4.578543e-24  4.802468e-24  7.021309e-24  9.120962e-24  1.247208e-23  1.541072e-23  2.970748e-23  3.830691e-23  2.439886e-23  2.495803e-23  2.340261e-23  1.671475e-23  1.056179e-23  1.131862e-23  7.747873e-24  6.701232e-24  5.424320e-24  5.374317e-24  3.791451e-24  4.018721e-24  2.579941e-24  3.289981e-24  2.458467e-24  2.220395e-24  2.580284e-24  2.282609e-24  1.726359e-24  2.086161e-24  1.821416e-24  1.685986e-24  1.514627e-24  1.802315e-24  1.561997e-24  1.437311e-24  1.591012e-24  1.427692e-24  1.317627e-24  1.457744e-24  1.464689e-24  1.585913e-24  1.262133e-24  1.382466e-24  1.361971e-24  1.410720e-24  1.401320e-24  1.366217e-24  1.373870e-24  1.488785e-24  1.521742e-24  1.540750e-24  1.618246e-24  1.680018e-24  1.706513e-24  1.828909e-24  1.956742e-24  2.143556e-24  2.562498e-24  3.001024e-24  3.400376e-24  3.900979e-24  4.939346e-24  8.497099e-24  8.191043e-24  6.433501e-24  6.396249e-24  6.086287e-24  4.795954e-24  3.936224e-24  3.654870e-24  2.645978e-24  3.037633e-24  2.405403e-24  2.660773e-24  2.321134e-24  2.107177e-24  2.339290e-24  2.093453e-24  2.037690e-24  2.244879e-24  2.200821e-24  2.249334e-24  2.449458e-24  2.141462e-24  2.171598e-24  2.128235e-24  2.234811e-24  2.034010e-24  1.921274e-24  2.127818e-24  1.941289e-24  2.215766e-24  1.927485e-24  2.153651e-24  2.102621e-24  1.914138e-24  2.680776e-24  2.345671e-24  2.135450e-24  1.963030e-24  2.933575e-24  2.177839e-24  4.481533e-24  2.479508e-24  2.162415e-24  2.710944e-24  3.567515e-24  2.309154e-24  2.147602e-24  6.128829e-24  2.271543e-24  4.006592e-24  4.321280e-24  2.149621e-24  4.307814e-24  3.810374e-24  7.135705e-24
3.427422e-21  5.668880e-21  2.743819e-21  1.815591e-21  3.624549e-21  1.362528e-21  9.295344e-22  2.215543e-21  1.556697e-21  5.618209e-22  1.066665e-21  7.114337e-22  2.695788e-22  3.150991e-22  8.618153e-22  4.431371e-22  1.944706e-22  2.359102e-22  1.938866e-22  7.616294e-23  7.683222e-23  1.444897e-22  2.260001e-22  8.321304e-23  3.713600e-23  4.588881e-23  3.033789e-23  2.872708e-23  1.930678e-23  2.409607e-23  4.613228e-23  2.061248e-23  9.292765e-24  6.317613e-24  6.593622e-24  9.171276e-24  6.988415e-24  4.008517e-24  4.821552e-24  6.756796e-24  3.724596e-24  2.237437e-24  1.627486e-24  1.390693e-24  2.418670e-24  1.925530e-24  1.495892e-24  1.741443e-24  1.178191e-24  1.262036e-24  1.160637e-24  1.621365e-24  2.028037e-24  2.173277e-24  2.136234e-24  2.279866e-24  2.464464e-24  3.022889e-24  3.252232e-24  3.456477e-24  3.894894e-24  4.068849e-24  4.156051e-24  4.993190e-24  6.271326e-24  7.310313e-24  7.825509e-24  7.218311e-24  6.803189e-24  6.873869e-24  7.807967e-24  9.321158e-24  1.071465e-23  1.142080e-23  1.094647e-23  1.074102e-23  1.194527e-23  1.499033e-23  1.917930e-23  2.243927e-23  2.374637e-23  2.330808e-23  2.155031e-23  2.017199e-23  2.065835e-23  2.352404e-23  2.777537e-23  3.099607e-23  3.192244e-23  3.091693e-23  3.082910e-23  3.359395e-23  4.006462e-23  4.882181e-23  5.827766e-23  6.532605e-23  6.711407e-23  6.457029e-23  5.965591e-23  5.580692e-23  5.647665e-23  6.331120e-23  7.312429e-23  8.036264e-23  8.166081e-23  7.920772e-23  7.784575e-23  8.173048e-23  9.367937e-23  1.124626e-22  1.332695e-22  1.539177e-22  1.684634e-22  1.735035e-22  1.658132e-22  1.519189e-22  1.405068e-22  1.371980e-22  1.438550e-22  1.587421e-22  1.756592e-22  1.840530e-22  1.844865e-22  1.807767e-22  1.811150e-22  1.900243e-22  2.115764e-22  2.437187e-22  2.807555e-22  3.201441e-22  3.576653e-22  3.842515e-22  3.906523e-22  3.769788e-22  3.511263e-22  3.269935e-22  3.145048e-22  3.205206e-22  3.442216e-22  3.725732e-22  3.905441e-22  3.955911e-22  3.935365e-22  3.939368e-22  4.040985e-22  4.298833e-22  4.732916e-22  5.297062e-22  5.947130e-22  6.633085e-22  7.319444e-22  7.888910e-22  8.223430e-22  8.236698e-22  7.999982e-22  7.645420e-22  7.310527e-22  7.120619e-22  7.150930e-22  7.389513e-22  7.728471e-22  8.027637e-22  8.210070e-22  8.288198e-22  8.343964e-22  8.462655e-22  8.727548e-22  9.192741e-22  9.852668e-22  1.066548e-21  1.158591e-21  1.258125e-21  1.359649e-21  1.453152e-21  1.528021e-21  1.575142e-21  1.590760e-21  1.578284e-21  1.547782e-21  1.513755e-21  1.487872e-21  1.478894e-21  1.489581e-21  1.517972e-21  1.555809e-21  1.594874e-21  1.630303e-21  1.661000e-21  1.689775e-21  1.720559e-21  1.757284e-21  1.803702e-21  1.863779e-21  1.936539e-21  2.020978e-21  2.114788e-21  2.213185e-21  2.314718e-21  2.414884e-21  2.509734e-21  2.595525e-21  2.668100e-21  2.722985e-21  2.759251e-21  2.775884e-21  2.775502e-21  2.767788e-21  2.762736e-21  2.769315e-21  2.793205e-21  2.833919e-21  2.888328e-21  2.949288e-21  3.010612e-21  3.066912e-21  3.115760e-21  3.155907e-21  3.190108e-21  3.220312e-21  3.247768e-21  3.275747e-21  3.305473e-21  3.338185e-21  3.374846e-21  3.416625e-21  3.465139e-21  3.523237e-21  3.593219e-21  3.674551e-21  3.766430e-21  3.865166e-21  3.965659e-21  4.062102e-21  4.150480e-21  4.228702e-21  4.298031e-21  4.360291e-21  4.417923e-21  4.474049e-21  4.531706e-21  4.589896e-21  4.645848e-21  4.694223e-21  4.729226e-21  4.746086e-21  4.742982e-21  4.722185e-21  4.689029e-21  4.647096e-21  4.600651e-21  4.552081e-21  4.505130e-21  4.461726e-21  4.424799e-21  4.393993e-21  4.370619e-21  4.353967e-21  4.345854e-21  4.346151e-21  4.355805e-21  4.375745e-21  4.408994e-21  4.459058e-21  4.526053e-21  4.607312e-21  4.697284e-21  4.789928e-21  4.882608e-21  4.968986e-21  5.043940e-21  5.102719e-21  5.141645e-21  5.158920e-21  5.155427e-21  5.131192e-21  5.089782e-21  5.031609e-21  4.960899e-21  4.879985e-21  4.793213e-21  4.703372e-21  4.614310e-21  4.527565e-21  4.443021e-21  4.362895e-21  4.287366e-21  4.216276e-21  4.149355e-21  4.087580e-21  4.030903e-21  3.978948e-21  3.930054e-21  3.883461e-21  3.838038e-21  3.792888e-21  3.746717e-21  3.698790e-21  3.648861e-21  3.596962e-21  3.542958e-21  3.489559e-21  3.437381e-21  3.385173e-21  3.333499e-21  3.277831e-21  3.219555e-21  3.159360e-21  3.099239e-21  3.038856e-21  2.977265e-21  2.915195e-21  2.854491e-21  2.797492e-21  2.745167e-21  2.696986e-21  2.650332e-21  2.603766e-21  2.557166e-21  2.512805e-21  2.470853e-21  2.430734e-21  2.392354e-21  2.353940e-21  2.313451e-21  2.271797e-21  2.230511e-21  2.189005e-21  2.148866e-21  2.109700e-21  2.071495e-21  2.034296e-21  1.998212e-21  1.963036e-21  1.927699e-21  1.889463e-21  1.848711e-21  1.806554e-21  1.764450e-21  1.722779e-21  1.681528e-21  1.641168e-21  1.601669e-21  1.563475e-21  1.526959e-21  1.492132e-21  1.458462e-21  1.425817e-21  1.393487e-21  1.362261e-21  1.332994e-21  1.306996e-21  1.284082e-21  1.264123e-21  1.246415e-21  1.228839e-21  1.209323e-21  1.186166e-21  1.159494e-21  1.129907e-21  1.099044e-21  1.068295e-21  1.039109e-21  1.011489e-21  9.848255e-22  9.584995e-22  9.315903e-22  9.059634e-22  8.790717e-22  8.544423e-22  8.322813e-22  8.111951e-22  7.919454e-22  7.750429e-22  7.597490e-22  7.459380e-22  7.333739e-22  7.217683e-22  7.112055e-22  7.008733e-22  6.910447e-22  6.820911e-22  6.741759e-22  6.682198e-22  6.647552e-22  6.632465e-22  6.619803e-22  6.567295e-22  6.476515e-22  6.341943e-22  6.185306e-22  5.938072e-22  5.703469e-22  5.447249e-22  5.314303e-22  5.210326e-22  5.089245e-22  4.947486e-22  4.840912e-22  4.688825e-22  4.541749e-22  4.398920e-22  4.307432e-22  4.212592e-22  4.140407e-22  4.097877e-22  4.072693e-22  4.055430e-22  4.036593e-22  4.011630e-22  4.000091e-22  4.000460e-22  4.017420e-22  4.054809e-22  4.112401e-22  4.188362e-22  4.268107e-22  4.338361e-22  4.372360e-22  4.359247e-22  4.283477e-22  4.136639e-22  3.931774e-22  3.702258e-22  3.474610e-22  3.269978e-22  3.099613e-22  2.953821e-22  2.836427e-22  2.740813e-22  2.661658e-22  2.601987e-22  2.549640e-22  2.504085e-22  2.462615e-22  2.427623e-22  2.396256e-22  2.376386e-22  2.355952e-22  2.351362e-22  2.354453e-22  2.373351e-22  2.408922e-22  2.466719e-22  2.549995e-22  2.661237e-22  2.791585e-22  2.926468e-22  3.054584e-22  3.151507e-22  3.197003e-22  3.178693e-22  3.107819e-22  2.981451e-22  2.818931e-22  2.648552e-22  2.479183e-22  2.332069e-22  2.210064e-22  2.103477e-22  2.015143e-22  1.940364e-22  1.859984e-22  1.782653e-22  1.710348e-22  1.629353e-22  1.575831e-22  1.531656e-22  1.493388e-22  1.461015e-22  1.436858e-22  1.418341e-22  1.400948e-22  1.385927e-22  1.380910e-22  1.385477e-22  1.399504e-22  1.434444e-22  1.493862e-22  1.571198e-22  1.665441e-22  1.767065e-22  1.861449e-22  1.965912e-22  2.061841e-22  2.169001e-22  2.244799e-22  2.340020e-22  2.356968e-22  2.330596e-22  2.232434e-22  2.173937e-22  1.956100e-22  1.809699e-22  1.794624e-22  1.500708e-22  1.365920e-22  1.255320e-22  1.125240e-22  1.099850e-22  9.702521e-23  9.010689e-23  8.473996e-23  8.110583e-23  7.457793e-23  7.298361e-23  7.041864e-23  6.945652e-23  6.904121e-23  6.907896e-23  6.891208e-23  7.017570e-23  7.075623e-23  7.253967e-23  7.450347e-23  7.793614e-23  8.128589e-23  8.509331e-23  8.998725e-23  9.807382e-23  1.079741e-22  1.187499e-22  1.302044e-22  1.433125e-22  1.519025e-22  1.531828e-22  1.487352e-22  1.429409e-22  1.353590e-22  1.288068e-22  1.210567e-22  1.128081e-22  1.038740e-22  9.353726e-23  8.305147e-23  7.420520e-23  6.689910e-23  6.076568e-23  5.568769e-23  4.984976e-23  4.583741e-23  4.215981e-23  3.895230e-23  3.650120e-23  3.527057e-23  3.321582e-23  3.297447e-23  3.227591e-23  3.214028e-23  3.242984e-23  3.360821e-23  3.419410e-23  3.592874e-23  3.751128e-23  3.899473e-23  4.105941e-23  4.289004e-23  4.517039e-23  4.773522e-23  4.967131e-23  5.047666e-23  5.036972e-23  4.785253e-23  4.563745e-23  4.696217e-23  5.017378e-23  5.511589e-23  6.189831e-23  6.853152e-23  6.968389e-23  8.697367e-23  6.910843e-23  6.973355e-23  6.612332e-23  6.678523e-23  4.531817e-23  4.240589e-23  4.117163e-23  4.650123e-23  3.923413e-23  3.431727e-23  3.446996e-23  2.648362e-23  2.705999e-23  2.610876e-23  2.655774e-23  1.808371e-23  2.843410e-23  1.608774e-23  2.318427e-23  1.615435e-23  1.541486e-23  1.350066e-23  1.501750e-23  1.415461e-23  1.472199e-23  1.667543e-23  1.519034e-23  1.373549e-23  2.071824e-23  1.738237e-23  2.298124e-23  4.053232e-23  6.096363e-23  6.353622e-23  1.028695e-22  1.869046e-22  1.753614e-22  1.811577e-22  1.378205e-22  6.966419e-23  4.776443e-23  6.877772e-23  7.580927e-23  2.082255e-22  1.624426e-22  6.769927e-23  1.469221e-22  6.264655e-23  1.317151e-22  3.388336e-23  1.615638e-22  2.194517e-23  9.724770e-23  3.308148e-23  2.926758e-23  4.994374e-23  4.059619e-23  4.497640e-23  2.789054e-23  2.326476e-23  2.391857e-23  2.687291e-23  2.294090e-23  1.693102e-23  2.156269e-23  1.801495e-23  1.973059e-23  1.482195e-23  1.135555e-23  5.230689e-24  9.860168e-24  4.448273e-24  7.978682e-24  7.156197e-24  7.971427e-24  1.267341e-23  9.727044e-24  5.829650e-24  4.705976e-24  6.454043e-24  6.788494e-24  2.551305e-24  2.775015e-24  3.520418e-24  2.519609e-24  4.592500e-24  4.805366e-24  7.024418e-24  9.129654e-24  1.247425e-23  1.540899e-23  2.971517e-23  3.830276e-23  2.438748e-23  2.496040e-23  2.340441e-23  1.671391e-23  1.056346e-23  1.132353e-23  7.746644e-24  6.696293e-24  5.424050e-24  5.372283e-24  3.790954e-24  4.010747e-24  2.580072e-24  3.289655e-24  2.459144e-24  2.229742e-24  2.562013e-24  2.271381e-24  1.728755e-24  2.078850e-24  1.826500e-24  1.684188e-24  1.513299e-24  1.804671e-24  1.561114e-24  1.436985e-24  1.597223e-24  1.425459e-24  1.317899e-24  1.458423e-24  1.459210e-24  1.589709e-24  1.262606e-24  1.381274e-24  1.359160e-24  1.412148e-24  1.399048e-24  1.365641e-24  1.372670e-24  1.488974e-24  1.522338e-24  1.540812e-24  1.618408e-24  1.680164e-24  1.706112e-24  1.828867e-24  1.956682e-24  2.143481e-24  2.562304e-24  3.000853e-24  3.400333e-24  3.900987e-24  4.939297e-24  8.496985e-24  8.191056e-24  6.433480e-24  6.396237e-24  6.086285e-24  4.795948e-24  3.936146e-24  3.654885e-24  2.645933e-24  3.037578e-24  2.405260e-24  2.660725e-24  2.321205e-24  2.106937e-24  2.339344e-24  2.093473e-24  2.037845e-24  2.245793e-24  2.200846e-24  2.248877e-24  2.449940e-24  2.141269e-24  2.171869e-24  2.124991e-24  2.232350e-24  2.034039e-24  1.925092e-24  2.128046e-24  1.941802e-24  2.210463e-24  1.924864e-24  2.159563e-24  2.098347e-24  1.913795e-24  2.670868e-24  2.342945e-24  2.133997e-24  1.955872e-24  2.929361e-24  2.161304e-24  4.581988e-24  2.499711e-24  2.150983e-24  2.763595e-24  3.423456e-24  2.301067e-24  2.149329e-24  6.303429e-24  2.252592e-24  4.118185e-24  4.151255e-24  2.141048e-24  4.320529e-24  3.729121e-24  7.192886e-24
3.427422e-21  5.668880e-21  2.743819e-21  1.815591e-21  3.624549e-21  1.362528e-21  9.295344e-22  2.215543e-21  1.556697e-21  5.618209e-22  1.066665e-21  7.114337e-22  2.695788e-22  3.150991e-22  8.618153e-22  4.431371e-22  1.944706e-22  2.359102e-22  1.938866e-22  7.616294e-23  7.683222e-23  1.444897e-22  2.260001e-22  8.321304e-23  3.713600e-23  4.588881e-23  3.033789e-23  2.872708e-23  1.930678e-23  2.409607e-23  4.613228e-23  2.061248e-23  9.292768e-24  6.317615e-24  6.593624e-24  9.171277e-24  6.988415e-24  4.008517e-24  4.821552e-24  6.756797e-24  3.724596e-24  2.237437e-24  1.627487e-24  1.390694e-24  2.418670e-24  1.925530e-24  1.495893e-24  1.741444e-24  1.178191e-24  1.262037e-24  1.160637e-24  1.621365e-24  2.028037e-24  2.173277e-24  2.136234e-24  2.279866e-24  2.464464e-24  3.022889e-24  3.252232e-24  3.456477e-24  3.894894e-24  4.068849e-24  4.156051e-24  4.993190e-24  6.271326e-24  7.310313e-24  7.825510e-24  7.218324e-24  6.803199e-24  6.873874e-24  7.807972e-24  9.321160e-24  1.071465e-23  1.142080e-23  1.094647e-23  1.074102e-23  1.194527e-23  1.499033e-23  1.917930e-23  2.243927e-23  2.374637e-23  2.330808e-23  2.155031e-23  2.017199e-23  2.065835e-23  2.352404e-23  2.777538e-23  3.099607e-23  3.192244e-23  3.091693e-23  3.082911e-23  3.359395e-23  4.006462e-23  4.882181e-23  5.827766e-23  6.532606e-23  6.711407e-23  6.457029e-23  5.965591e-23  5.580692e-23  5.647665e-23  6.331120e-23  7.312429e-23  8.036264e-23  8.166081e-23  7.920772e-23  7.784575e-23  8.173048e-23  9.367937e-23  1.124626e-22  1.332695e-22  1.539177e-22  1.684634e-22  1.735035e-22  1.658132e-22  1.519189e-22  1.405068e-22  1.371980e-22  1.438550e-22  1.587421e-22  1.756592e-22  1.840530e-22  1.844865e-22  1.807767e-22  1.811150e-22  1.900243e-22  2.115764e-22  2.437187e-22  2.807555e-22  3.201441e-22  3.576653e-22  3.842515e-22  3.906523e-22  3.769788e-22  3.511263e-22  3.269935e-22  3.145048e-22  3.205206e-22  3.442216e-22  3.725732e-22  3.905441e-22  3.955911e-22  3.935365e-22  3.939368e-22  4.040985e-22  4.298833e-22  4.732916e-22  5.297062e-22  5.947130e-22  6.633085e-22  7.319444e-22  7.888910e-22  8.223430e-22  8.236698e-22  7.999982e-22  7.645421e-22  7.310527e-22  7.120620e-22  7.150930e-22  7.389513e-22  7.728471e-22  8.027637e-22  8.210070e-22  8.288198e-22  8.343964e-22  8.462655e-22  8.727548e-22  9.192741e-22  9.852668e-22  1.066548e-21  1.158591e-21  1.258125e-21  1.359650e-21  1.453152e-21  1.528022e-21  1.575142e-21  1.590760e-21  1.578284e-21  1.547782e-21  1.513755e-21  1.487872e-21  1.478894e-21  1.489581e-21  1.517972e-21  1.555809e-21  1.594874e-21  1.630303e-21  1.661000e-21  1.689775e-21  1.720559e-21  1.757284e-21  1.803702e-21  1.863779e-21  1.936539e-21  2.020978e-21  2.114788e-21  2.213185e-21  2.314718e-21  2.414884e-21  2.509734e-21  2.595525e-21  2.668100e-21  2.722985e-21  2.759251e-21  2.775884e-21  2.775502e-21  2.767788e-21  2.762736e-21  2.769315e-21  2.793205e-21  2.833919e-21  2.888328e-21  2.949288e-21  3.010612e-21  3.066913e-21  3.115760e-21  3.155907e-21  3.190108e-21  3.220312e-21  3.247768e-21  3.275747e-21  3.305473e-21  3.338185e-21  3.374846e-21  3.416625e-21  3.465139e-21  3.523237e-21  3.593219e-21  3.674551e-21  3.766430e-21  3.865166e-21  3.965659e-21  4.062102e-21  4.150480e-21  4.228702e-21  4.298031e-21  4.360291e-21  4.417923e-21  4.474049e-21  4.531706e-21  4.589896e-21  4.645849e-21  4.694223e-21  4.729226e-21  4.746086e-21  4.742982e-21  4.722185e-21  4.689029e-21  4.647096e-21  4.600651e-21  4.552081e-21  4.505130e-21  4.461726e-21  4.424799e-21  4.393993e-21  4.370619e-21  4.353967e-21  4.345853e-21  4.346151e-21  4.355805e-21  4.375742e-21  4.408994e-21  4.459064e-21  4.526049e-21  4.607310e-21  4.697287e-21  4.789928e-21  4.882608e-21  4.968986e-21  5.043940e-21  5.102719e-21  5.141645e-21  5.158920e-21  5.155427e-21  5.131192e-21  5.089782e-21  5.031609e-21  4.960899e-21  4.879985e-21  4.793213e-21  4.703372e-21  4.614310e-21  4.527565e-21  4.443021e-21  4.362895e-21  4.287366e-21  4.216276e-21  4.149355e-21  4.087580e-21  4.030903e-21  3.978948e-21  3.930054e-21  3.883461e-21  3.838038e-21  3.792888e-21  3.746717e-21  3.698790e-21  3.648861e-21  3.596962e-21  3.542958e-21  3.489559e-21  3.437381e-21  3.385173e-21  3.333500e-21  3.277831e-21  3.219556e-21  3.159360e-21  3.099239e-21  3.038856e-21  2.977265e-21  2.915195e-21  2.854491e-21  2.797492e-21  2.745167e-21  2.696986e-21  2.650332e-21  2.603766e-21  2.557167e-21  2.512802e-21  2.470861e-21  2.430729e-21  2.392354e-21  2.353941e-21  2.313448e-21  2.271800e-21  2.230514e-21  2.189006e-21  2.148864e-21  2.109700e-21  2.071496e-21  2.034296e-21  1.998212e-21  1.963036e-21  1.927699e-21  1.889463e-21  1.848711e-21  1.806555e-21  1.764450e-21  1.722779e-21  1.681528e-21  1.641168e-21  1.601669e-21  1.563475e-21  1.526959e-21  1.492132e-21  1.458462e-21  1.425817e-21  1.393487e-21  1.362261e-21  1.332994e-21  1.306996e-21  1.284082e-21  1.264123e-21  1.246415e-21  1.228838e-21  1.209323e-21  1.186166e-21  1.159494e-21  1.129907e-21  1.099044e-21  1.068294e-21  1.039110e-21  1.011489e-21  9.848333e-22  9.585090e-22  9.315981e-22  9.059762e-22  8.790789e-22  8.544348e-22  8.322810e-22  8.111897e-22  7.919534e-22  7.750567e-22  7.597584e-22  7.459362e-22  7.333777e-22  7.217745e-22  7.112077e-22  7.008715e-22  6.910443e-22  6.820935e-22  6.741752e-22  6.682206e-22  6.647558e-22  6.632446e-22  6.619868e-22  6.567321e-22  6.476204e-22  6.342233e-22  6.183297e-22  5.937747e-22  5.705925e-22  5.447357e-22  5.313167e-22  5.209882e-22  5.090838e-22  4.947633e-22  4.841383e-22  4.688408e-22  4.542174e-22  4.398937e-22  4.307639e-22  4.212778e-22  4.140504e-22  4.097798e-22  4.072615e-22  4.055425e-22  4.036490e-22  4.011711e-22  4.000043e-22  4.000473e-22  4.017426e-22  4.054808e-22  4.112400e-22  4.188363e-22  4.268107e-22  4.338362e-22  4.372360e-22  4.359247e-22  4.283477e-22  4.136639e-22  3.931773e-22  3.702258e-22  3.474610e-22  3.269978e-22  3.099613e-22  2.953821e-22  2.836426e-22  2.740813e-22  2.661658e-22  2.601987e-22  2.549639e-22  2.504085e-22  2.462615e-22  2.427623e-22  2.396256e-22  2.376386e-22  2.355952e-22  2.351362e-22  2.354453e-22  2.373351e-22  2.408922e-22  2.466719e-22  2.549995e-22  2.661238e-22  2.791585e-22  2.926468e-22  3.054584e-22  3.151507e-22  3.197003e-22  3.178692e-22  3.107818e-22  2.981450e-22  2.818932e-22  2.648550e-22  2.479182e-22  2.332065e-22  2.210020e-22  2.103464e-22  2.015080e-22  1.940300e-22  1.859960e-22  1.782683e-22  1.710394e-22  1.629326e-22  1.575819e-22  1.531463e-22  1.493419e-22  1.461007e-22  1.436942e-22  1.418232e-22  1.401009e-22  1.385908e-22  1.380918e-22  1.385469e-22  1.399430e-22  1.434422e-22  1.493839e-22  1.571213e-22  1.665498e-22  1.767083e-22  1.861401e-22  1.965921e-22  2.061709e-22  2.169109e-22  2.244820e-22  2.340640e-22  2.356163e-22  2.329685e-22  2.230338e-22  2.176451e-22  1.956148e-22  1.808740e-22  1.794978e-22  1.501286e-22  1.365408e-22  1.256336e-22  1.124860e-22  1.102707e-22  9.685115e-23  9.012144e-23  8.466495e-23  8.113125e-23  7.458685e-23  7.298219e-23  7.041550e-23  6.944837e-23  6.904341e-23  6.908180e-23  6.890893e-23  7.017828e-23  7.074816e-23  7.254046e-23  7.449682e-23  7.792848e-23  8.128234e-23  8.509072e-23  8.998750e-23  9.807195e-23  1.079751e-22  1.187497e-22  1.302131e-22  1.433087e-22  1.519019e-22  1.531826e-22  1.487352e-22  1.429415e-22  1.353597e-22  1.288076e-22  1.210571e-22  1.128081e-22  1.038736e-22  9.353734e-23  8.305148e-23  7.420519e-23  6.689908e-23  6.076567e-23  5.568767e-23  4.984977e-23  4.583743e-23  4.215983e-23  3.895224e-23  3.650120e-23  3.527061e-23  3.321573e-23  3.297442e-23  3.227607e-23  3.214021e-23  3.242964e-23  3.360804e-23  3.419377e-23  3.592835e-23  3.751123e-23  3.899491e-23  4.106012e-23  4.289201e-23  4.516349e-23  4.773095e-23  4.967460e-23  5.047654e-23  5.037076e-23  4.785283e-23  4.564356e-23  4.694545e-23  5.014946e-23  5.510656e-23  6.190767e-23  6.838169e-23  6.951747e-23  8.785553e-23  6.861442e-23  6.971640e-23  6.625596e-23  6.721747e-23  4.529432e-23  4.245641e-23  4.138867e-23  4.600433e-23  3.907440e-23  3.426013e-23  3.491650e-23  2.653869e-23  2.664612e-23  2.599439e-23  2.680669e-23  1.810731e-23  2.916832e-23  1.605168e-23  2.340550e-23  1.612565e-23  1.549656e-23  1.352233e-23  1.491257e-23  1.424291e-23  1.471707e-23  1.675512e-23  1.514829e-23  1.373327e-23  2.097001e-23  1.736933e-23  2.311094e-23  4.136725e-23  6.221643e-23  6.255675e-23  1.044952e-22  1.902562e-22  1.767867e-22  1.833962e-22  1.299563e-22  7.051837e-23  4.683629e-23  6.980074e-23  7.723853e-23  2.120218e-22  1.598724e-22  6.625800e-23  1.473219e-22  6.379268e-23  1.354073e-22  3.427790e-23  1.650531e-22  2.184016e-23  9.974003e-23  3.208740e-23  2.950294e-23  5.010453e-23  4.080099e-23  4.513965e-23  2.748962e-23  2.325110e-23  2.374872e-23  2.798960e-23  2.282051e-23  1.661330e-23  2.176993e-23  1.790383e-23  1.920103e-23  1.458526e-23  1.114687e-23  5.133414e-24  1.016277e-23  4.559961e-24  8.140603e-24  7.030444e-24  7.735255e-24  1.225656e-23  9.609061e-24  5.916296e-24  4.741815e-24  6.362920e-24  6.906872e-24  2.588021e-24  2.760428e-24  3.482090e-24  2.513828e-24  4.609585e-24  4.808131e-24  7.027912e-24  9.137085e-24  1.247630e-23  1.540802e-23  2.972310e-23  3.829885e-23  2.437676e-23  2.496290e-23  2.340620e-23  1.671308e-23  1.056515e-23  1.132848e-23  7.745412e-24  6.691099e-24  5.423827e-24  5.370198e-24  3.790448e-24  4.002663e-24  2.580211e-24  3.289337e-24  2.459774e-24  2.239450e-24  2.542905e-24  2.259704e-24  1.731269e-24  2.071055e-24  1.831805e-24  1.682119e-24  1.512027e-24  1.807383e-24  1.559997e-24  1.436701e-24  1.603158e-24  1.423164e-24  1.318168e-24  1.458998e-24  1.453523e-24  1.594015e-24  1.263109e-24  1.380013e-24  1.356302e-24  1.413225e-24  1.397029e-24  1.365106e-24  1.371600e-24  1.489157e-24  1.522852e-24  1.540852e-24  1.618569e-24  1.680286e-24  1.705715e-24  1.828819e-24  1.956623e-24  2.143389e-24  2.562136e-24  3.000689e-24  3.400294e-24  3.900994e-24  4.939254e-24  8.496887e-24  8.191070e-24  6.433459e-24  6.396225e-24  6.086284e-24  4.795944e-24  3.936074e-24  3.654898e-24  2.645892e-24  3.037523e-24  2.405126e-24  2.660678e-24  2.321269e-24  2.106701e-24  2.339406e-24  2.093502e-24  2.037963e-24  2.246679e-24  2.200867e-24  2.248455e-24  2.450427e-24  2.141123e-24  2.171997e-24  2.121976e-24  2.229995e-24  2.034021e-24  1.928576e-24  2.128085e-24  1.942301e-24  2.204186e-24  1.922149e-24  2.164940e-24  2.093912e-24  1.913541e-24  2.658438e-24  2.338429e-24  2.132133e-24  1.950454e-24  2.916783e-24  2.143829e-24  4.674452e-24  2.518287e-24  2.140874e-24  2.816035e-24  3.276453e-24  2.291639e-24  2.150985e-24  6.465545e-24  2.233655e-24  4.236498e-24  3.971275e-24  2.132895e-24  4.327052e-24  3.646949e-24  7.262811e-24
3.443025e-21  5.675944e-21  2.773494e-21  1.834927e-21  3.630835e-21  1.384785e-21  9.437482e-22  2.219703e-21  1.568626e-21  5.760898e-22  1.077184e-21  7.255254e-22  2.802628e-22  3.224243e-22  8.671864e-22  4.535834e-22  2.033094e-22  2.400105e-22  1.978547e-22  8.032910e-23  8.071431e-23  1.452336e-22  2.285212e-22  8.675248e-23  3.849308e-23  4.642336e-23  3.117000e-23  3.015321e-23  2.053610e-23  2.459859e-23  4.627578e-23  2.122820e-23  9.700087e-24  6.723408e-24  6.820404e-24  9.504879e-24  7.303082e-24  4.162218e-24  4.840132e-24  6.780750e-24  3.706697e-24  2.273063e-24  1.770958e-24  1.445602e-24  2.506745e-24  1.959291e-24  1.440264e-24  1.549346e-24  1.334740e-24  1.258174e-24  1.260257e-24  1.591571e-24  1.943489e-24  2.149254e-24  2.206503e-24  2.115495e-24  2.265530e-24  2.785203e-24  3.076185e-24  3.329124e-24  3.833577e-24  3.960365e-24  4.080988e-24  4.865688e-24  6.083691e-24  7.219322e-24  7.646982e-24  7.109583e-24  6.788812e-24  7.007838e-24  8.086757e-24  9.590346e-24  1.098048e-23  1.167212e-23  1.120247e-23  1.099537e-23  1.214348e-23  1.520607e-23  1.935560e-23  2.247650e-23  2.389198e-23  2.357797e-23  2.179987e-23  2.039531e-23  2.100206e-23  2.386203e-23  2.810349e-23  3.130267e-23  3.221574e-23  3.120737e-23  3.099624e-23  3.407237e-23  4.052022e-23  4.902439e-23  5.834814e-23  6.535628e-23  6.726347e-23  6.481797e-23  5.997141e-23  5.615050e-23  5.673764e-23  6.346366e-23  7.319291e-23  8.044287e-23  8.179989e-23  7.941566e-23  7.803698e-23  8.172449e-23  9.339697e-23  1.118892e-22  1.327970e-22  1.530324e-22  1.676967e-22  1.733004e-22  1.668457e-22  1.533595e-22  1.416241e-22  1.379133e-22  1.445365e-22  1.594816e-22  1.767185e-22  1.843014e-22  1.845088e-22  1.805092e-22  1.809063e-22  1.900312e-22  2.115960e-22  2.437704e-22  2.808376e-22  3.201390e-22  3.575462e-22  3.841439e-22  3.906567e-22  3.769701e-22  3.510674e-22  3.268953e-22  3.143296e-22  3.203602e-22  3.440386e-22  3.720882e-22  3.901999e-22  3.952595e-22  3.932904e-22  3.935554e-22  4.034305e-22  4.292438e-22  4.724041e-22  5.291030e-22  5.941248e-22  6.626922e-22  7.309648e-22  7.879933e-22  8.216443e-22  8.232407e-22  7.997921e-22  7.641618e-22  7.303774e-22  7.113019e-22  7.143081e-22  7.382600e-22  7.721772e-22  8.020937e-22  8.204024e-22  8.282635e-22  8.339264e-22  8.457088e-22  8.721209e-22  9.183922e-22  9.840628e-22  1.065107e-21  1.157019e-21  1.256570e-21  1.357962e-21  1.451663e-21  1.526685e-21  1.574007e-21  1.589866e-21  1.577650e-21  1.547285e-21  1.513241e-21  1.487243e-21  1.478177e-21  1.488708e-21  1.516993e-21  1.554825e-21  1.593838e-21  1.629201e-21  1.660116e-21  1.688936e-21  1.719839e-21  1.756357e-21  1.802639e-21  1.862663e-21  1.935375e-21  2.019714e-21  2.113398e-21  2.211865e-21  2.313336e-21  2.413298e-21  2.508158e-21  2.593972e-21  2.666521e-21  2.721505e-21  2.757908e-21  2.774655e-21  2.774368e-21  2.766895e-21  2.761932e-21  2.768544e-21  2.792231e-21  2.832864e-21  2.887189e-21  2.947906e-21  3.009096e-21  3.065472e-21  3.114243e-21  3.154572e-21  3.188643e-21  3.218924e-21  3.246323e-21  3.274289e-21  3.304053e-21  3.336760e-21  3.373475e-21  3.415107e-21  3.463456e-21  3.521552e-21  3.591393e-21  3.672577e-21  3.764361e-21  3.862968e-21  3.963409e-21  4.059765e-21  4.148224e-21  4.226497e-21  4.295805e-21  4.358211e-21  4.415658e-21  4.471914e-21  4.529333e-21  4.587310e-21  4.643143e-21  4.691500e-21  4.726537e-21  4.743358e-21  4.740549e-21  4.719938e-21  4.686959e-21  4.645076e-21  4.598760e-21  4.550428e-21  4.503527e-21  4.460219e-21  4.423234e-21  4.392494e-21  4.369041e-21  4.352509e-21  4.344320e-21  4.344640e-21  4.354241e-21  4.374080e-21  4.407258e-21  4.457130e-21  4.523789e-21  4.604876e-21  4.694725e-21  4.787352e-21  4.879951e-21  4.966364e-21  5.041523e-21  5.100366e-21  5.139452e-21  5.156934e-21  5.153551e-21  5.129488e-21  5.088211e-21  5.030238e-21  4.959632e-21  4.878782e-21  4.792305e-21  4.702574e-21  4.613637e-21  4.526965e-21  4.442526e-21  4.362454e-21  4.286941e-21  4.215849e-21  4.149002e-21  4.087232e-21  4.030556e-21  3.978649e-21  3.929825e-21  3.883210e-21  3.837733e-21  3.792612e-21  3.746358e-21  3.698397e-21  3.648507e-21  3.596665e-21  3.542715e-21  3.489346e-21  3.437245e-21  3.385096e-21  3.333788e-21  3.277984e-21  3.219746e-21  3.159738e-21  3.099680e-21  3.039381e-21  2.977882e-21  2.915850e-21  2.855175e-21  2.798227e-21  2.745987e-21  2.697767e-21  2.651129e-21  2.604584e-21  2.558066e-21  2.513704e-21  2.471822e-21  2.431660e-21  2.393262e-21  2.354883e-21  2.314467e-21  2.272826e-21  2.231535e-21  2.190051e-21  2.149933e-21  2.110793e-21  2.072583e-21  2.035415e-21  1.999334e-21  1.964145e-21  1.928780e-21  1.890618e-21  1.849897e-21  1.807752e-21  1.765710e-21  1.724117e-21  1.682850e-21  1.642507e-21  1.603063e-21  1.564855e-21  1.528350e-21  1.493512e-21  1.459871e-21  1.427266e-21  1.394910e-21  1.363736e-21  1.334485e-21  1.308420e-21  1.285534e-21  1.265538e-21  1.247806e-21  1.230191e-21  1.210624e-21  1.187513e-21  1.160800e-21  1.131271e-21  1.100382e-21  1.069670e-21  1.040454e-21  1.012845e-21  9.861823e-22  9.597984e-22  9.329019e-22  9.072912e-22  8.803965e-22  8.557573e-22  8.335736e-22  8.124620e-22  7.933088e-22  7.763176e-22  7.610452e-22  7.471497e-22  7.345839e-22  7.230207e-22  7.123827e-22  7.020785e-22  6.922360e-22  6.832108e-22  6.752919e-22  6.692944e-22  6.657364e-22  6.641502e-22  6.628168e-22  6.575571e-22  6.483992e-22  6.350549e-22  6.189657e-22  5.946036e-22  5.716286e-22  5.456146e-22  5.320657e-22  5.217768e-22  5.100456e-22  4.956178e-22  4.849813e-22  4.696453e-22  4.550918e-22  4.407050e-22  4.315206e-22  4.220370e-22  4.147980e-22  4.104510e-22  4.079148e-22  4.061737e-22  4.042627e-22  4.017273e-22  4.005523e-22  4.006632e-22  4.022973e-22  4.059620e-22  4.116751e-22  4.191524e-22  4.269847e-22  4.340124e-22  4.373679e-22  4.360697e-22  4.284926e-22  4.138678e-22  3.936068e-22  3.706421e-22  3.479520e-22  3.275084e-22  3.104816e-22  2.958975e-22  2.840761e-22  2.743841e-22  2.665481e-22  2.605169e-22  2.552747e-22  2.507227e-22  2.464576e-22  2.429812e-22  2.397908e-22  2.376970e-22  2.357822e-22  2.352600e-22  2.355202e-22  2.373658e-22  2.408983e-22  2.465732e-22  2.548588e-22  2.660493e-22  2.788971e-22  2.922213e-22  3.050296e-22  3.146144e-22  3.191917e-22  3.173470e-22  3.102821e-22  2.976950e-22  2.815079e-22  2.646908e-22  2.477284e-22  2.331078e-22  2.208368e-22  2.101730e-22  2.013927e-22  1.937582e-22  1.858867e-22  1.780196e-22  1.706886e-22  1.626285e-22  1.573269e-22  1.528460e-22  1.490140e-22  1.457734e-22  1.433482e-22  1.414602e-22  1.396316e-22  1.381812e-22  1.376056e-22  1.379711e-22  1.393699e-22  1.428752e-22  1.484346e-22  1.563636e-22  1.657306e-22  1.756934e-22  1.850610e-22  1.954483e-22  2.050021e-22  2.157415e-22  2.231884e-22  2.328925e-22  2.344265e-22  2.317235e-22  2.216056e-22  2.166148e-22  1.944994e-22  1.796366e-22  1.786475e-22  1.492430e-22  1.356484e-22  1.247724e-22  1.116807e-22  1.097760e-22  9.589026e-23  8.946943e-23  8.388373e-23  8.022777e-23  7.351173e-23  7.219612e-23  6.953490e-23  6.837720e-23  6.839385e-23  6.824814e-23  6.802228e-23  6.927479e-23  6.974522e-23  7.169976e-23  7.332045e-23  7.718812e-23  8.043917e-23  8.424891e-23  8.875451e-23  9.717930e-23  1.068742e-22  1.176080e-22  1.284075e-22  1.414082e-22  1.500677e-22  1.512644e-22  1.467934e-22  1.411941e-22  1.339434e-22  1.275953e-22  1.196737e-22  1.114380e-22  1.028841e-22  9.258127e-23  8.223730e-23  7.357717e-23  6.640579e-23  6.023882e-23  5.531747e-23  4.939694e-23  4.558508e-23  4.198655e-23  3.871003e-23  3.648429e-23  3.506513e-23  3.321625e-23  3.272298e-23  3.206914e-23  3.204215e-23  3.227460e-23  3.337312e-23  3.406259e-23  3.581012e-23  3.737387e-23  3.887654e-23  4.078029e-23  4.256848e-23  4.485415e-23  4.731692e-23  4.923824e-23  5.003484e-23  4.997652e-23  4.756713e-23  4.533639e-23  4.664509e-23  4.968123e-23  5.469758e-23  6.135789e-23  6.780815e-23  6.873640e-23  8.815434e-23  6.756880e-23  6.912788e-23  6.592725e-23  6.709916e-23  4.511505e-23  4.234882e-23  4.144057e-23  4.526797e-23  3.893186e-23  3.425717e-23  3.532596e-23  2.667024e-23  2.631162e-23  2.597491e-23  2.721769e-23  1.832184e-23  3.004196e-23  1.617868e-23  2.376511e-23  1.621432e-23  1.574187e-23  1.365100e-23  1.493498e-23  1.433098e-23  1.477620e-23  1.685837e-23  1.515045e-23  1.379432e-23  2.116309e-23  1.760495e-23  2.359032e-23  4.270261e-23  6.421089e-23  6.226243e-23  1.064228e-22  1.933268e-22  1.774919e-22  1.843729e-22  1.215897e-22  7.069504e-23  4.555344e-23  7.017196e-23  7.793009e-23  2.135679e-22  1.566318e-22  6.453581e-23  1.471627e-22  6.445476e-23  1.382675e-22  3.442987e-23  1.682403e-22  2.174635e-23  1.024230e-22  3.134846e-23  2.996228e-23  5.069196e-23  4.129698e-23  4.578357e-23  2.729505e-23  2.356610e-23  2.365848e-23  2.915391e-23  2.286989e-23  1.645574e-23  2.196416e-23  1.791936e-23  1.866399e-23  1.442016e-23  1.090825e-23  5.074246e-24  1.045085e-23  4.713888e-24  8.288196e-24  6.912799e-24  7.599402e-24  1.186849e-23  9.565320e-24  6.068207e-24  4.833751e-24  6.359709e-24  7.098253e-24  2.634846e-24  2.790620e-24  3.520114e-24  2.507049e-24  4.618783e-24  4.789252e-24  6.901841e-24  8.987573e-24  1.227853e-23  1.512793e-23  2.922048e-23  3.744701e-23  2.388619e-23  2.445610e-23  2.300292e-23  1.645142e-23  1.033570e-23  1.113195e-23  7.615897e-24  6.582744e-24  5.269768e-24  5.256226e-24  3.685553e-24  3.875300e-24  2.452192e-24  3.158609e-24  2.384968e-24  2.179142e-24  2.370558e-24  2.111042e-24  1.588536e-24  1.925301e-24  1.691025e-24  1.516625e-24  1.346737e-24  1.611537e-24  1.373574e-24  1.258334e-24  1.419285e-24  1.226716e-24  1.103050e-24  1.247827e-24  1.198239e-24  1.374656e-24  1.028781e-24  1.120279e-24  1.130983e-24  1.171928e-24  1.137031e-24  1.133370e-24  1.112620e-24  1.194955e-24  1.284327e-24  1.223808e-24  1.314050e-24  1.375912e-24  1.383212e-24  1.505834e-24  1.635188e-24  1.837116e-24  2.224688e-24  2.641420e-24  3.013068e-24  3.505879e-24  4.514475e-24  8.010151e-24  7.685433e-24  5.962969e-24  5.916158e-24  5.647750e-24  4.381132e-24  3.529824e-24  3.239308e-24  2.220781e-24  2.604871e-24  1.984130e-24  2.238330e-24  1.888694e-24  1.682485e-24  1.907880e-24  1.658610e-24  1.573779e-24  1.785780e-24  1.725742e-24  1.783676e-24  1.978088e-24  1.664687e-24  1.717741e-24  1.654214e-24  1.749220e-24  1.549821e-24  1.453621e-24  1.625884e-24  1.427057e-24  1.684447e-24  1.420210e-24  1.658773e-24  1.565667e-24  1.383540e-24  2.114845e-24  1.785575e-24  1.576832e-24  1.399539e-24  2.338346e-24  1.587006e-24  4.212829e-24  1.951069e-24  1.541941e-24  2.297924e-24  2.567083e-24  1.709462e-24  1.570992e-24  6.016395e-24  1.634277e-24  3.763597e-24  3.194913e-24  1.537988e-24  3.723757e-24  2.970785e-24  6.690777e-24
3.459449e-21  5.683381e-21  2.804731e-21  1.855281e-21  3.637452e-21  1.408213e-21  9.587100e-22  2.224083e-21  1.581184e-21  5.911097e-22  1.088257e-21  7.403588e-22  2.915092e-22  3.301350e-22  8.728402e-22  4.645794e-22  2.126133e-22  2.443266e-22  2.020316e-22  8.471452e-23  8.480071e-23  1.460167e-22  2.311750e-22  9.047820e-23  3.992158e-23  4.698604e-23  3.204590e-23  3.165439e-23  2.183012e-23  2.512756e-23  4.642683e-23  2.187632e-23  1.012884e-23  7.150557e-24  7.059120e-24  9.856039e-24  7.634311e-24  4.324009e-24  4.859691e-24  6.805963e-24  3.687857e-24  2.310563e-24  1.921980e-24  1.503401e-24  2.599456e-24  1.994828e-24  1.381708e-24  1.347137e-24  1.499529e-24  1.254108e-24  1.365120e-24  1.560209e-24  1.854491e-24  2.123966e-24  2.280469e-24  1.942472e-24  2.056125e-24  2.535008e-24  2.890872e-24  3.195069e-24  3.769034e-24  3.846173e-24  4.001975e-24  4.731474e-24  5.886181e-24  7.123542e-24  7.459057e-24  6.995115e-24  6.773667e-24  7.148851e-24  8.380214e-24  9.873699e-24  1.126030e-23  1.193666e-23  1.147194e-23  1.126309e-23  1.235212e-23  1.543316e-23  1.954117e-23  2.251569e-23  2.404525e-23  2.386207e-23  2.206256e-23  2.063038e-23  2.136386e-23  2.421782e-23  2.844886e-23  3.162541e-23  3.252448e-23  3.151309e-23  3.117216e-23  3.457597e-23  4.099979e-23  4.923762e-23  5.842233e-23  6.538810e-23  6.742073e-23  6.507868e-23  6.030352e-23  5.651216e-23  5.701237e-23  6.362415e-23  7.326514e-23  8.052733e-23  8.194628e-23  7.963455e-23  7.823828e-23  8.171817e-23  9.309970e-23  1.112856e-22  1.322995e-22  1.521004e-22  1.668897e-22  1.730866e-22  1.679326e-22  1.548758e-22  1.428001e-22  1.386662e-22  1.452540e-22  1.602599e-22  1.778335e-22  1.845629e-22  1.845322e-22  1.802276e-22  1.806867e-22  1.900385e-22  2.116166e-22  2.438247e-22  2.809240e-22  3.201337e-22  3.574207e-22  3.840307e-22  3.906614e-22  3.769610e-22  3.510054e-22  3.267919e-22  3.141452e-22  3.201913e-22  3.438459e-22  3.715777e-22  3.898375e-22  3.949105e-22  3.930314e-22  3.931538e-22  4.027273e-22  4.285706e-22  4.714700e-22  5.284680e-22  5.935057e-22  6.620435e-22  7.299336e-22  7.870483e-22  8.209087e-22  8.227889e-22  7.995750e-22  7.637614e-22  7.296666e-22  7.105019e-22  7.134818e-22  7.375324e-22  7.714720e-22  8.013884e-22  8.197661e-22  8.276780e-22  8.334317e-22  8.451228e-22  8.714536e-22  9.174640e-22  9.827955e-22  1.063590e-21  1.155364e-21  1.254934e-21  1.356186e-21  1.450095e-21  1.525278e-21  1.572813e-21  1.588926e-21  1.576982e-21  1.546761e-21  1.512699e-21  1.486582e-21  1.477421e-21  1.487789e-21  1.515964e-21  1.553790e-21  1.592748e-21  1.628040e-21  1.659185e-21  1.688053e-21  1.719081e-21  1.755380e-21  1.801519e-21  1.861489e-21  1.934149e-21  2.018384e-21  2.111934e-21  2.210476e-21  2.311881e-21  2.411629e-21  2.506500e-21  2.592337e-21  2.664860e-21  2.719947e-21  2.756494e-21  2.773361e-21  2.773174e-21  2.765954e-21  2.761085e-21  2.767731e-21  2.791206e-21  2.831754e-21  2.885991e-21  2.946452e-21  3.007500e-21  3.063955e-21  3.112646e-21  3.153166e-21  3.187101e-21  3.217462e-21  3.244803e-21  3.272755e-21  3.302559e-21  3.335260e-21  3.372031e-21  3.413510e-21  3.461684e-21  3.519779e-21  3.589471e-21  3.670498e-21  3.762182e-21  3.860653e-21  3.961041e-21  4.057305e-21  4.145850e-21  4.224176e-21  4.293462e-21  4.356021e-21  4.413273e-21  4.469667e-21  4.526834e-21  4.584588e-21  4.640294e-21  4.688633e-21  4.723706e-21  4.740485e-21  4.737988e-21  4.717573e-21  4.684780e-21  4.642950e-21  4.596769e-21  4.548688e-21  4.501840e-21  4.458633e-21  4.421588e-21  4.390916e-21  4.367379e-21  4.350975e-21  4.342705e-21  4.343049e-21  4.352596e-21  4.372330e-21  4.405429e-21  4.455093e-21  4.521410e-21  4.602315e-21  4.692027e-21  4.784642e-21  4.877153e-21  4.963604e-21  5.038978e-21  5.097889e-21  5.137144e-21  5.154843e-21  5.151575e-21  5.127694e-21  5.086558e-21  5.028794e-21  4.958298e-21  4.877517e-21  4.791348e-21  4.701733e-21  4.612928e-21  4.526333e-21  4.442005e-21  4.361990e-21  4.286493e-21  4.215400e-21  4.148630e-21  4.086865e-21  4.030192e-21  3.978335e-21  3.929584e-21  3.882945e-21  3.837411e-21  3.792321e-21  3.745981e-21  3.697984e-21  3.648136e-21  3.596351e-21  3.542459e-21  3.489122e-21  3.437102e-21  3.385015e-21  3.334090e-21  3.278145e-21  3.219946e-21  3.160136e-21  3.100145e-21  3.039935e-21  2.978532e-21  2.916539e-21  2.855895e-21  2.799001e-21  2.746850e-21  2.698589e-21  2.651968e-21  2.605444e-21  2.559013e-21  2.514655e-21  2.472831e-21  2.432642e-21  2.394218e-21  2.355875e-21  2.315539e-21  2.273906e-21  2.232608e-21  2.191151e-21  2.151058e-21  2.111943e-21  2.073727e-21  2.036593e-21  2.000515e-21  1.965311e-21  1.929917e-21  1.891833e-21  1.851145e-21  1.809013e-21  1.767037e-21  1.725527e-21  1.684242e-21  1.643916e-21  1.604531e-21  1.566307e-21  1.529815e-21  1.494963e-21  1.461355e-21  1.428791e-21  1.396408e-21  1.365288e-21  1.336054e-21  1.309919e-21  1.287062e-21  1.267028e-21  1.249271e-21  1.231614e-21  1.211994e-21  1.188931e-21  1.162175e-21  1.132706e-21  1.101790e-21  1.071118e-21  1.041869e-21  1.014272e-21  9.876007e-22  9.611534e-22  9.342729e-22  9.086728e-22  8.817819e-22  8.571509e-22  8.349341e-22  8.138022e-22  7.947335e-22  7.776418e-22  7.623975e-22  7.484272e-22  7.358529e-22  7.243314e-22  7.136190e-22  7.033494e-22  6.934905e-22  6.843864e-22  6.764675e-22  6.704246e-22  6.667686e-22  6.651038e-22  6.636891e-22  6.584251e-22  6.492254e-22  6.359245e-22  6.196748e-22  5.954814e-22  5.726699e-22  5.465380e-22  5.328774e-22  5.226150e-22  5.110241e-22  4.965143e-22  4.858591e-22  4.705001e-22  4.560043e-22  4.415584e-22  4.323126e-22  4.228326e-22  4.155833e-22  4.111593e-22  4.086042e-22  4.068384e-22  4.049108e-22  4.023113e-22  4.011298e-22  4.013114e-22  4.028811e-22  4.064686e-22  4.121331e-22  4.194852e-22  4.271679e-22  4.341979e-22  4.375067e-22  4.362224e-22  4.286451e-22  4.140823e-22  3.940590e-22  3.710803e-22  3.484688e-22  3.280458e-22  3.110293e-22  2.964400e-22  2.845323e-22  2.747028e-22  2.669504e-22  2.608519e-22  2.556019e-22  2.510534e-22  2.466640e-22  2.432117e-22  2.399648e-22  2.377585e-22  2.359791e-22  2.353903e-22  2.355991e-22  2.373982e-22  2.409047e-22  2.464693e-22  2.547106e-22  2.659709e-22  2.786220e-22  2.917734e-22  3.045782e-22  3.140498e-22  3.186563e-22  3.167975e-22  3.097560e-22  2.972214e-22  2.811023e-22  2.645181e-22  2.475287e-22  2.330039e-22  2.206637e-22  2.099908e-22  2.012725e-22  1.934735e-22  1.857718e-22  1.777570e-22  1.703188e-22  1.623090e-22  1.570586e-22  1.525336e-22  1.486683e-22  1.454292e-22  1.429824e-22  1.410804e-22  1.391362e-22  1.377501e-22  1.370935e-22  1.373650e-22  1.387680e-22  1.422787e-22  1.474357e-22  1.555657e-22  1.648671e-22  1.746248e-22  1.839262e-22  1.942441e-22  2.037742e-22  2.145081e-22  2.218262e-22  2.316461e-22  2.331932e-22  2.304289e-22  2.201448e-22  2.154776e-22  1.933250e-22  1.783535e-22  1.777402e-22  1.483005e-22  1.347197e-22  1.238503e-22  1.108403e-22  1.092027e-22  9.491317e-23  8.878164e-23  8.307714e-23  7.927138e-23  7.237888e-23  7.136820e-23  6.860858e-23  6.725098e-23  6.770991e-23  6.737022e-23  6.708961e-23  6.832328e-23  6.869107e-23  7.081471e-23  7.208355e-23  7.641036e-23  7.955236e-23  8.336326e-23  8.745656e-23  9.624004e-23  1.057152e-22  1.164063e-22  1.265050e-22  1.394084e-22  1.481371e-22  1.492452e-22  1.447495e-22  1.393547e-22  1.324524e-22  1.263191e-22  1.182174e-22  1.099957e-22  1.018425e-22  9.157488e-23  8.138026e-23  7.291611e-23  6.588655e-23  5.968425e-23  5.492778e-23  4.892028e-23  4.531944e-23  4.180415e-23  3.845509e-23  3.646648e-23  3.484884e-23  3.321682e-23  3.245831e-23  3.185129e-23  3.193895e-23  3.211145e-23  3.312586e-23  3.392455e-23  3.568575e-23  3.722928e-23  3.875195e-23  4.048558e-23  4.222761e-23  4.452969e-23  4.688194e-23  4.877828e-23  4.956991e-23  4.956137e-23  4.726633e-23  4.501191e-23  4.633221e-23  4.919206e-23  5.426941e-23  6.077541e-23  6.723395e-23  6.794521e-23  8.829387e-23  6.656881e-23  6.850977e-23  6.555653e-23  6.688174e-23  4.493058e-23  4.222748e-23  4.145549e-23  4.458991e-23  3.881518e-23  3.426283e-23  3.567379e-23  2.679831e-23  2.604274e-23  2.597405e-23  2.760890e-23  1.854240e-23  3.082631e-23  1.631754e-23  2.409864e-23  1.631045e-23  1.598503e-23  1.378189e-23  1.497668e-23  1.440730e-23  1.483936e-23  1.695339e-23  1.516012e-23  1.385935e-23  2.131576e-23  1.785689e-23  2.407898e-23  4.396377e-23  6.610335e-23  6.213852e-23  1.081188e-22  1.959099e-22  1.779399e-22  1.850184e-22  1.143891e-22  7.068596e-23  4.438705e-23  7.034314e-23  7.838076e-23  2.143389e-22  1.537109e-22  6.297007e-23  1.469388e-22  6.494300e-23  1.405853e-22  3.451948e-23  1.710055e-22  2.166518e-23  1.047910e-22  3.075988e-23  3.040578e-23  5.126925e-23  4.176195e-23  4.642346e-23  2.716548e-23  2.390357e-23  2.358128e-23  3.017825e-23  2.294938e-23  1.635757e-23  2.212894e-23  1.796283e-23  1.818900e-23  1.429928e-23  1.068700e-23  5.030268e-24  1.069257e-23  4.855165e-24  8.414352e-24  6.813836e-24  7.500573e-24  1.154245e-23  9.544114e-24  6.211135e-24  4.924236e-24  6.363210e-24  7.274873e-24  2.677653e-24  2.825224e-24  3.568413e-24  2.500715e-24  4.626810e-24  4.768991e-24  6.768865e-24  8.829245e-24  1.207019e-23  1.483339e-23  2.869017e-23  3.655118e-23  2.337179e-23  2.392225e-23  2.257815e-23  1.617615e-23  1.009388e-23  1.092416e-23  7.479777e-24  6.469699e-24  5.107636e-24  5.136565e-24  3.575200e-24  3.742721e-24  2.317440e-24  3.021076e-24  2.306044e-24  2.113805e-24  2.192986e-24  1.956927e-24  1.437804e-24  1.773283e-24  1.541845e-24  1.342791e-24  1.172982e-24  1.404927e-24  1.177465e-24  1.070640e-24  1.224452e-24  1.020389e-24  8.765710e-25  1.025450e-24  9.306068e-25  1.143022e-24  7.820284e-25  8.471168e-25  8.943104e-25  9.176293e-25  8.637851e-25  8.895316e-25  8.402219e-25  8.852354e-25  1.033151e-24  8.900703e-25  9.934721e-25  1.055498e-24  1.043810e-24  1.165857e-24  1.296847e-24  1.514736e-24  1.869516e-24  2.263271e-24  2.605471e-24  3.089967e-24  4.067348e-24  7.497816e-24  7.153184e-24  5.467720e-24  5.410828e-24  5.186138e-24  3.944489e-24  3.102209e-24  2.801842e-24  1.773303e-24  2.149457e-24  1.540999e-24  1.793761e-24  1.433345e-24  1.235982e-24  1.453634e-24  1.200827e-24  1.085137e-24  1.300473e-24  1.225607e-24  1.294516e-24  1.480811e-24  1.163215e-24  1.239561e-24  1.162369e-24  1.243536e-24  1.040118e-24  9.530676e-25  1.097390e-24  8.846421e-25  1.138199e-24  8.922801e-25  1.125064e-24  1.010281e-24  8.256902e-25  1.544304e-24  1.203870e-24  9.926310e-25  8.208123e-25  1.729591e-24  1.004186e-24  3.706688e-24  1.350089e-24  9.134420e-25  1.743397e-24  1.848356e-24  1.097995e-24  9.602270e-25  5.507347e-24  1.006404e-24  3.243872e-24  2.407463e-24  9.133557e-25  3.086762e-24  2.272994e-24  6.076837e-24
3.477680e-21  5.691635e-21  2.839404e-21  1.877873e-21  3.644797e-21  1.434218e-21  9.753177e-22  2.228944e-21  1.595123e-21  6.077817e-22  1.100548e-21  7.568238e-22  3.039927e-22  3.386938e-22  8.791159e-22  4.767850e-22  2.229407e-22  2.491175e-22  2.066680e-22  8.958234e-23  8.933662e-23  1.468859e-22  2.341207e-22  9.461376e-23  4.150722e-23  4.761063e-23  3.301816e-23  3.332071e-23  2.326649e-23  2.571471e-23  4.659449e-23  2.259574e-23  1.060476e-23  7.624692e-24  7.324093e-24  1.024583e-23  8.001974e-24  4.503598e-24  4.881400e-24  6.833951e-24  3.666944e-24  2.352188e-24  2.089614e-24  1.567557e-24  2.702365e-24  2.034274e-24  1.316710e-24  1.122686e-24  1.682445e-24  1.249594e-24  1.481519e-24  1.525396e-24  1.755703e-24  2.095897e-24  2.362572e-24  1.750417e-24  1.823687e-24  2.257291e-24  2.685176e-24  3.046267e-24  3.697391e-24  3.719418e-24  3.914271e-24  4.582498e-24  5.666944e-24  7.017225e-24  7.250461e-24  6.868052e-24  6.756854e-24  7.305375e-24  8.705949e-24  1.018822e-23  1.157090e-23  1.223030e-23  1.177106e-23  1.156027e-23  1.258370e-23  1.568523e-23  1.974716e-23  2.255919e-23  2.421539e-23  2.417741e-23  2.235415e-23  2.089131e-23  2.176545e-23  2.461275e-23  2.883223e-23  3.198365e-23  3.286718e-23  3.185245e-23  3.136744e-23  3.513497e-23  4.153212e-23  4.947431e-23  5.850467e-23  6.542342e-23  6.759529e-23  6.536808e-23  6.067215e-23  5.691360e-23  5.731732e-23  6.380229e-23  7.334531e-23  8.062108e-23  8.210878e-23  7.987752e-23  7.846172e-23  8.171116e-23  9.276973e-23  1.106157e-22  1.317473e-22  1.510660e-22  1.659940e-22  1.728492e-22  1.691391e-22  1.565590e-22  1.441055e-22  1.395020e-22  1.460503e-22  1.611239e-22  1.790713e-22  1.848532e-22  1.845583e-22  1.799150e-22  1.804429e-22  1.900467e-22  2.116394e-22  2.438851e-22  2.810199e-22  3.201277e-22  3.572814e-22  3.839050e-22  3.906665e-22  3.769509e-22  3.509365e-22  3.266771e-22  3.139404e-22  3.200039e-22  3.436321e-22  3.710110e-22  3.894352e-22  3.945232e-22  3.927438e-22  3.927081e-22  4.019468e-22  4.278234e-22  4.704331e-22  5.277632e-22  5.928185e-22  6.613234e-22  7.287890e-22  7.859994e-22  8.200923e-22  8.222874e-22  7.993341e-22  7.633171e-22  7.288776e-22  7.096138e-22  7.125647e-22  7.367247e-22  7.706893e-22  8.006055e-22  8.190597e-22  8.270281e-22  8.328825e-22  8.444723e-22  8.707129e-22  9.164336e-22  9.813887e-22  1.061906e-21  1.153527e-21  1.253117e-21  1.354215e-21  1.448356e-21  1.523715e-21  1.571488e-21  1.587882e-21  1.576241e-21  1.546179e-21  1.512098e-21  1.485847e-21  1.476583e-21  1.486768e-21  1.514821e-21  1.552640e-21  1.591538e-21  1.626751e-21  1.658152e-21  1.687072e-21  1.718240e-21  1.754297e-21  1.800277e-21  1.860185e-21  1.932788e-21  2.016907e-21  2.110310e-21  2.208934e-21  2.310266e-21  2.409776e-21  2.504660e-21  2.590523e-21  2.663016e-21  2.718218e-21  2.754925e-21  2.771925e-21  2.771849e-21  2.764910e-21  2.760146e-21  2.766830e-21  2.790069e-21  2.830522e-21  2.884660e-21  2.944838e-21  3.005728e-21  3.062272e-21  3.110873e-21  3.151606e-21  3.185389e-21  3.215839e-21  3.243115e-21  3.271053e-21  3.300900e-21  3.333595e-21  3.370428e-21  3.411736e-21  3.459717e-21  3.517811e-21  3.587337e-21  3.668191e-21  3.759764e-21  3.858085e-21  3.958413e-21  4.054574e-21  4.143215e-21  4.221599e-21  4.290862e-21  4.353590e-21  4.410626e-21  4.467173e-21  4.524061e-21  4.581567e-21  4.637133e-21  4.685451e-21  4.720564e-21  4.737297e-21  4.735145e-21  4.714948e-21  4.682362e-21  4.640589e-21  4.594559e-21  4.546757e-21  4.499968e-21  4.456873e-21  4.419760e-21  4.389165e-21  4.365535e-21  4.349271e-21  4.340913e-21  4.341284e-21  4.350769e-21  4.370389e-21  4.403400e-21  4.452830e-21  4.518771e-21  4.599472e-21  4.689033e-21  4.781633e-21  4.874048e-21  4.960540e-21  5.036153e-21  5.095139e-21  5.134582e-21  5.152522e-21  5.149383e-21  5.125703e-21  5.084723e-21  5.027192e-21  4.956817e-21  4.876113e-21  4.790287e-21  4.700800e-21  4.612142e-21  4.525632e-21  4.441428e-21  4.361476e-21  4.285997e-21  4.214901e-21  4.148217e-21  4.086458e-21  4.029787e-21  3.977985e-21  3.929316e-21  3.882650e-21  3.837055e-21  3.791999e-21  3.745562e-21  3.697526e-21  3.647723e-21  3.596003e-21  3.542176e-21  3.488874e-21  3.436943e-21  3.384925e-21  3.334425e-21  3.278324e-21  3.220168e-21  3.160578e-21  3.100660e-21  3.040549e-21  2.979254e-21  2.917305e-21  2.856694e-21  2.799860e-21  2.747808e-21  2.699501e-21  2.652899e-21  2.606399e-21  2.560064e-21  2.515712e-21  2.473950e-21  2.433732e-21  2.395279e-21  2.356975e-21  2.316731e-21  2.275103e-21  2.233799e-21  2.192372e-21  2.152308e-21  2.113220e-21  2.074997e-21  2.037901e-21  2.001826e-21  1.966606e-21  1.931179e-21  1.893182e-21  1.852531e-21  1.810413e-21  1.768509e-21  1.727091e-21  1.685787e-21  1.645480e-21  1.606160e-21  1.567919e-21  1.531440e-21  1.496575e-21  1.463002e-21  1.430484e-21  1.398072e-21  1.367012e-21  1.337795e-21  1.311583e-21  1.288759e-21  1.268681e-21  1.250897e-21  1.233194e-21  1.213515e-21  1.190505e-21  1.163702e-21  1.134300e-21  1.103354e-21  1.072725e-21  1.043439e-21  1.015857e-21  9.891733e-22  9.626548e-22  9.357927e-22  9.102034e-22  8.833180e-22  8.587000e-22  8.364446e-22  8.152912e-22  7.963128e-22  7.791083e-22  7.638963e-22  7.498457e-22  7.372604e-22  7.257847e-22  7.149908e-22  7.047605e-22  6.948830e-22  6.856908e-22  6.777727e-22  6.716789e-22  6.679141e-22  6.661628e-22  6.646557e-22  6.593881e-22  6.501500e-22  6.368818e-22  6.205127e-22  5.964662e-22  5.737628e-22  5.475603e-22  5.338098e-22  5.235576e-22  5.120701e-22  4.975051e-22  4.868221e-22  4.714589e-22  4.570063e-22  4.425057e-22  4.331864e-22  4.237110e-22  4.164524e-22  4.119475e-22  4.093714e-22  4.075763e-22  4.056328e-22  4.029575e-22  4.017721e-22  4.020305e-22  4.035289e-22  4.070310e-22  4.126415e-22  4.198546e-22  4.273713e-22  4.344039e-22  4.376607e-22  4.363919e-22  4.288145e-22  4.143205e-22  3.945608e-22  3.715667e-22  3.490425e-22  3.286423e-22  3.116373e-22  2.970423e-22  2.850387e-22  2.750565e-22  2.673970e-22  2.612236e-22  2.559650e-22  2.514204e-22  2.468931e-22  2.434674e-22  2.401579e-22  2.378267e-22  2.361977e-22  2.355349e-22  2.356866e-22  2.374340e-22  2.409118e-22  2.463540e-22  2.545461e-22  2.658839e-22  2.783167e-22  2.912762e-22  3.040772e-22  3.134232e-22  3.180620e-22  3.161875e-22  3.091722e-22  2.966957e-22  2.806521e-22  2.643264e-22  2.473071e-22  2.328887e-22  2.204725e-22  2.097887e-22  2.011407e-22  1.931589e-22  1.856449e-22  1.774648e-22  1.699073e-22  1.619550e-22  1.567611e-22  1.521919e-22  1.482838e-22  1.450473e-22  1.425742e-22  1.406616e-22  1.385847e-22  1.372720e-22  1.365249e-22  1.366924e-22  1.381019e-22  1.416172e-22  1.463277e-22  1.546797e-22  1.639072e-22  1.734383e-22  1.826678e-22  1.929077e-22  2.024144e-22  2.131364e-22  2.203132e-22  2.302463e-22  2.318431e-22  2.290158e-22  2.185784e-22  2.141530e-22  1.920206e-22  1.769538e-22  1.767275e-22  1.472399e-22  1.337041e-22  1.228005e-22  1.099174e-22  1.084931e-22  9.387149e-23  8.801429e-23  8.219915e-23  7.820299e-23  7.111928e-23  7.044950e-23  6.758119e-23  6.600291e-23  6.695048e-23  6.639530e-23  6.605528e-23  6.726656e-23  6.752303e-23  6.983214e-23  7.071234e-23  7.554901e-23  7.856895e-23  8.238090e-23  8.601578e-23  9.519796e-23  1.044284e-22  1.150725e-22  1.243910e-22  1.371896e-22  1.459942e-22  1.470040e-22  1.424808e-22  1.373128e-22  1.307972e-22  1.249024e-22  1.166009e-22  1.083947e-22  1.006864e-22  9.045776e-23  8.042895e-23  7.218233e-23  6.531020e-23  5.906867e-23  5.449524e-23  4.839118e-23  4.502457e-23  4.160169e-23  3.817212e-23  3.644672e-23  3.460875e-23  3.321748e-23  3.216454e-23  3.160946e-23  3.182441e-23  3.193041e-23  3.285143e-23  3.377141e-23  3.554778e-23  3.706878e-23  3.861363e-23  4.015827e-23  4.184880e-23  4.417117e-23  4.640015e-23  4.826696e-23  4.905386e-23  4.910033e-23  4.693240e-23  4.465025e-23  4.598940e-23  4.865459e-23  5.379643e-23  6.012733e-23  6.662930e-23  6.710610e-23  8.823233e-23  6.558273e-23  6.782741e-23  6.511284e-23  6.653571e-23  4.473175e-23  4.207928e-23  4.141662e-23  4.396812e-23  3.872992e-23  3.428132e-23  3.594569e-23  2.692535e-23  2.584865e-23  2.600296e-23  2.798038e-23  1.878182e-23  3.151708e-23  1.647946e-23  2.441098e-23  1.642342e-23  1.623632e-23  1.392223e-23  1.505159e-23  1.447108e-23  1.491179e-23  1.703865e-23  1.518202e-23  1.393233e-23  2.142293e-23  1.814256e-23  2.459244e-23  4.516664e-23  6.790190e-23  6.222096e-23  1.095991e-22  1.979527e-22  1.780694e-22  1.851938e-22  1.084604e-22  7.047143e-23  4.334491e-23  7.027940e-23  7.852500e-23  2.143029e-22  1.510880e-22  6.157480e-23  1.466170e-22  6.519837e-23  1.422232e-22  3.452418e-23  1.732067e-22  2.160255e-23  1.068211e-22  3.032875e-23  3.084132e-23  5.185948e-23  4.222189e-23  4.710144e-23  2.712253e-23  2.428369e-23  2.353959e-23  3.104021e-23  2.307956e-23  1.632654e-23  2.226983e-23  1.803771e-23  1.779844e-23  1.422406e-23  1.049971e-23  5.006168e-24  1.088439e-23  4.984032e-24  8.514780e-24  6.737686e-24  7.450597e-24  1.128511e-23  9.549336e-24  6.350385e-24  5.015667e-24  6.389739e-24  7.443280e-24  2.716489e-24  2.867222e-24  3.631014e-24  2.494927e-24  4.632396e-24  4.746038e-24  6.620710e-24  8.652451e-24  1.183867e-23  1.450660e-23  2.809974e-23  3.555775e-23  2.280318e-23  2.332910e-23  2.210630e-23  1.587081e-23  9.825063e-24  1.069232e-23  7.328969e-24  6.345486e-24  4.927715e-24  5.004167e-24  3.452799e-24  3.597468e-24  2.167861e-24  2.868496e-24  2.218284e-24  2.038850e-24  2.000781e-24  1.788771e-24  1.269855e-24  1.606557e-24  1.374940e-24  1.150389e-24  9.804040e-25  1.174928e-24  9.600521e-25  8.623543e-25  1.006817e-24  7.919397e-25  6.251247e-25  7.784996e-25  6.349403e-25  8.847636e-25  5.080160e-25  5.442157e-25  6.322614e-25  6.351263e-25  5.609348e-25  6.189832e-25  5.380918e-25  5.414098e-25  7.542411e-25  5.196165e-25  6.375932e-25  6.998163e-25  6.671664e-25  7.884949e-25  9.213019e-25  1.156916e-24  1.475310e-24  1.843563e-24  2.153048e-24  2.628305e-24  3.571046e-24  6.929145e-24  6.562387e-24  4.917998e-24  4.849915e-24  4.673748e-24  3.459818e-24  2.627575e-24  2.316253e-24  1.276614e-24  1.643959e-24  1.049153e-24  1.300300e-24  9.279023e-25  7.404153e-25  9.494076e-25  6.926852e-25  5.427243e-25  7.615965e-25  6.704540e-25  7.516553e-25  9.287271e-25  6.066220e-25  7.088021e-25  6.170785e-25  6.827324e-25  4.743513e-25  3.967600e-25  5.109048e-25  2.824804e-25  5.333162e-25  3.068930e-25  5.315920e-25  3.948006e-25  2.065307e-25  9.139923e-25  5.592905e-25  3.447050e-25  1.794954e-25  1.057218e-24  3.616580e-25  3.122870e-24  6.786600e-25  2.179759e-25  1.115851e-24  1.086320e-24  4.215293e-25  2.819646e-25  4.903680e-24  3.136330e-25  2.638082e-24  1.576825e-24  2.218842e-25  2.379548e-24  1.517951e-24  5.378290e-24
3.527851e-21  5.736974e-21  2.900566e-21  1.916766e-21  3.682531e-21  1.470345e-21  1.001752e-21  2.245456e-21  1.617888e-21  6.281754e-22  1.113355e-21  7.615449e-22  3.117066e-22  3.504948e-22  8.771547e-22  4.771376e-22  2.309219e-22  2.524683e-22  2.073726e-22  9.220953e-23  9.396099e-23  1.484718e-22  2.322976e-22  9.638493e-23  4.344489e-23  4.856245e-23  3.391842e-23  3.544610e-23  2.453111e-23  2.648646e-23  4.734553e-23  2.334748e-23  1.116791e-23  7.931015e-24  7.588708e-24  1.087396e-23  8.422022e-24  4.657384e-24  5.249871e-24  7.378149e-24  3.900166e-24  2.708772e-24  2.030622e-24  1.837409e-24  2.902082e-24  2.504680e-24  1.427729e-24  1.400830e-24  1.358334e-24  9.844107e-25  1.536096e-24  1.671478e-24  2.035102e-24  2.382110e-24  2.375982e-24  1.879894e-24  1.915583e-24  2.297693e-24  2.907774e-24  3.615012e-24  3.920051e-24  3.702773e-24  4.051903e-24  4.991220e-24  5.999496e-24  7.331380e-24  7.581467e-24  7.181898e-24  6.967769e-24  7.427104e-24  8.917186e-24  1.042267e-23  1.213736e-23  1.265702e-23  1.221368e-23  1.201001e-23  1.294772e-23  1.603675e-23  1.959419e-23  2.273531e-23  2.428925e-23  2.423408e-23  2.251284e-23  2.124684e-23  2.183305e-23  2.456617e-23  2.914433e-23  3.250267e-23  3.344388e-23  3.268394e-23  3.212725e-23  3.522990e-23  4.136778e-23  4.959284e-23  5.883775e-23  6.591625e-23  6.804754e-23  6.568104e-23  6.095993e-23  5.715102e-23  5.755292e-23  6.398182e-23  7.347811e-23  8.069100e-23  8.230752e-23  8.012752e-23  7.874862e-23  8.207810e-23  9.333278e-23  1.114782e-22  1.319984e-22  1.513462e-22  1.666946e-22  1.735615e-22  1.693751e-22  1.570672e-22  1.448010e-22  1.401126e-22  1.470069e-22  1.620404e-22  1.811462e-22  1.870144e-22  1.865205e-22  1.817535e-22  1.824125e-22  1.919956e-22  2.144376e-22  2.468001e-22  2.842711e-22  3.234077e-22  3.605448e-22  3.873427e-22  3.944859e-22  3.808565e-22  3.552603e-22  3.311165e-22  3.178180e-22  3.237278e-22  3.469768e-22  3.747306e-22  3.929549e-22  3.982831e-22  3.967377e-22  3.966890e-22  4.058782e-22  4.314598e-22  4.742185e-22  5.312953e-22  5.961259e-22  6.643190e-22  7.317210e-22  7.892918e-22  8.235157e-22  8.261809e-22  8.034340e-22  7.675746e-22  7.333965e-22  7.138993e-22  7.166713e-22  7.405327e-22  7.744240e-22  8.042164e-22  8.227088e-22  8.306806e-22  8.366943e-22  8.484307e-22  8.745570e-22  9.200638e-22  9.845723e-22  1.064804e-21  1.156309e-21  1.255649e-21  1.356816e-21  1.450781e-21  1.526294e-21  1.574399e-21  1.591271e-21  1.580063e-21  1.550083e-21  1.516133e-21  1.489866e-21  1.480293e-21  1.490418e-21  1.518121e-21  1.555745e-21  1.594568e-21  1.629696e-21  1.660997e-21  1.689943e-21  1.720935e-21  1.757085e-21  1.803107e-21  1.862609e-21  1.934983e-21  2.019044e-21  2.112338e-21  2.210940e-21  2.312179e-21  2.411684e-21  2.506485e-21  2.592331e-21  2.664900e-21  2.720288e-21  2.757187e-21  2.774224e-21  2.774459e-21  2.767545e-21  2.762815e-21  2.769470e-21  2.792411e-21  2.832628e-21  2.886448e-21  2.946501e-21  3.007168e-21  3.063623e-21  3.112246e-21  3.153003e-21  3.186923e-21  3.217284e-21  3.244670e-21  3.272666e-21  3.302557e-21  3.335157e-21  3.371882e-21  3.413099e-21  3.461259e-21  3.519066e-21  3.588261e-21  3.669178e-21  3.760454e-21  3.858588e-21  3.958682e-21  4.054967e-21  4.143469e-21  4.222064e-21  4.291351e-21  4.353884e-21  4.410964e-21  4.467292e-21  4.523890e-21  4.581326e-21  4.636612e-21  4.684802e-21  4.719648e-21  4.736890e-21  4.734642e-21  4.714866e-21  4.682453e-21  4.640844e-21  4.594949e-21  4.547125e-21  4.500350e-21  4.457401e-21  4.420487e-21  4.389856e-21  4.365957e-21  4.349965e-21  4.341454e-21  4.341641e-21  4.351070e-21  4.370453e-21  4.403367e-21  4.452478e-21  4.518296e-21  4.598685e-21  4.687837e-21  4.780487e-21  4.872441e-21  4.958954e-21  5.034313e-21  5.093505e-21  5.132840e-21  5.150992e-21  5.148154e-21  5.124665e-21  5.083953e-21  5.026666e-21  4.956522e-21  4.875935e-21  4.790264e-21  4.700939e-21  4.612324e-21  4.525535e-21  4.441610e-21  4.361728e-21  4.286205e-21  4.215083e-21  4.148338e-21  4.086549e-21  4.029878e-21  3.977991e-21  3.929117e-21  3.882638e-21  3.836953e-21  3.791667e-21  3.745356e-21  3.697446e-21  3.647654e-21  3.595853e-21  3.542262e-21  3.489046e-21  3.436943e-21  3.385049e-21  3.333845e-21  3.278471e-21  3.220665e-21  3.161129e-21  3.101160e-21  3.041297e-21  2.979982e-21  2.918236e-21  2.857700e-21  2.800949e-21  2.748849e-21  2.700571e-21  2.654044e-21  2.607540e-21  2.561238e-21  2.516841e-21  2.475105e-21  2.434979e-21  2.396489e-21  2.358247e-21  2.317930e-21  2.276487e-21  2.235244e-21  2.193825e-21  2.153773e-21  2.114657e-21  2.076449e-21  2.039401e-21  2.003269e-21  1.968045e-21  1.932570e-21  1.894606e-21  1.854028e-21  1.812026e-21  1.770122e-21  1.728695e-21  1.687476e-21  1.647213e-21  1.607893e-21  1.569716e-21  1.533225e-21  1.498335e-21  1.464782e-21  1.432235e-21  1.399933e-21  1.368872e-21  1.339653e-21  1.313413e-21  1.290547e-21  1.270472e-21  1.252594e-21  1.234855e-21  1.215108e-21  1.192145e-21  1.165310e-21  1.135918e-21  1.105107e-21  1.074493e-21  1.045233e-21  1.017646e-21  9.910217e-22  9.644836e-22  9.375899e-22  9.120182e-22  8.850871e-22  8.604654e-22  8.382432e-22  8.169916e-22  7.980498e-22  7.808108e-22  7.655771e-22  7.514654e-22  7.388284e-22  7.272939e-22  7.164534e-22  7.060949e-22  6.961646e-22  6.870089e-22  6.789975e-22  6.728046e-22  6.690035e-22  6.671723e-22  6.655197e-22  6.602629e-22  6.510771e-22  6.377860e-22  6.213886e-22  5.973772e-22  5.747578e-22  5.486236e-22  5.347721e-22  5.245309e-22  5.131117e-22  4.984908e-22  4.877811e-22  4.724621e-22  4.580592e-22  4.436133e-22  4.342729e-22  4.247402e-22  4.174998e-22  4.128623e-22  4.102379e-22  4.084334e-22  4.064278e-22  4.037816e-22  4.026383e-22  4.027174e-22  4.042424e-22  4.075355e-22  4.130914e-22  4.202110e-22  4.275952e-22  4.345487e-22  4.379231e-22  4.365522e-22  4.290169e-22  4.146657e-22  3.950081e-22  3.720624e-22  3.496956e-22  3.294693e-22  3.124655e-22  2.977760e-22  2.858234e-22  2.759058e-22  2.682278e-22  2.619549e-22  2.566237e-22  2.521617e-22  2.476487e-22  2.441306e-22  2.408414e-22  2.385200e-22  2.367302e-22  2.360404e-22  2.362819e-22  2.380309e-22  2.414422e-22  2.469981e-22  2.551708e-22  2.662340e-22  2.786910e-22  2.916514e-22  3.041996e-22  3.134578e-22  3.181292e-22  3.162623e-22  3.094347e-22  2.969671e-22  2.811375e-22  2.647294e-22  2.480809e-22  2.334783e-22  2.212003e-22  2.106470e-22  2.017828e-22  1.937521e-22  1.862522e-22  1.782633e-22  1.706011e-22  1.628410e-22  1.574048e-22  1.527622e-22  1.490714e-22  1.455810e-22  1.432487e-22  1.413068e-22  1.392679e-22  1.378123e-22  1.371913e-22  1.374516e-22  1.388938e-22  1.419103e-22  1.472146e-22  1.552358e-22  1.643563e-22  1.735933e-22  1.829544e-22  1.930596e-22  2.027745e-22  2.134640e-22  2.206204e-22  2.303488e-22  2.313488e-22  2.288282e-22  2.183801e-22  2.141291e-22  1.926585e-22  1.774143e-22  1.770410e-22  1.481703e-22  1.344421e-22  1.236682e-22  1.103919e-22  1.090763e-22  9.424341e-23  8.840746e-23  8.252999e-23  7.883066e-23  7.209220e-23  7.118121e-23  6.780252e-23  6.648202e-23  6.674710e-23  6.617158e-23  6.609174e-23  6.682178e-23  6.726552e-23  6.936500e-23  7.079043e-23  7.487362e-23  7.774607e-23  8.181019e-23  8.602432e-23  9.431337e-23  1.035661e-22  1.146576e-22  1.254159e-22  1.376722e-22  1.462410e-22  1.473523e-22  1.431764e-22  1.377501e-22  1.311835e-22  1.250463e-22  1.169080e-22  1.093270e-22  1.009317e-22  9.122063e-23  8.098858e-23  7.265030e-23  6.576825e-23  5.967831e-23  5.470806e-23  4.914189e-23  4.564883e-23  4.198818e-23  3.867548e-23  3.682348e-23  3.502515e-23  3.366058e-23  3.251109e-23  3.221189e-23  3.229222e-23  3.262739e-23  3.334018e-23  3.439073e-23  3.587694e-23  3.723026e-23  3.890784e-23  4.060987e-23  4.224132e-23  4.458435e-23  4.669201e-23  4.838507e-23  4.920134e-23  4.917149e-23  4.716305e-23  4.490573e-23  4.620753e-23  4.894698e-23  5.395189e-23  6.029285e-23  6.653694e-23  6.712127e-23  8.846601e-23  6.532383e-23  6.765003e-23  6.505615e-23  6.635725e-23  4.480911e-23  4.226720e-23  4.169966e-23  4.397166e-23  3.890485e-23  3.456603e-23  3.618167e-23  2.724183e-23  2.585718e-23  2.621676e-23  2.842661e-23  1.909926e-23  3.214066e-23  1.671872e-23  2.477526e-23  1.661622e-23  1.653176e-23  1.416308e-23  1.523104e-23  1.483511e-23  1.519858e-23  1.737085e-23  1.543272e-23  1.409451e-23  2.192281e-23  1.847403e-23  2.531608e-23  4.667546e-23  7.016581e-23  6.288025e-23  1.114461e-22  1.997135e-22  1.779436e-22  1.845424e-22  1.037128e-22  7.006076e-23  4.269062e-23  7.016864e-23  7.854574e-23  2.131782e-22  1.489956e-22  6.078704e-23  1.465825e-22  6.542834e-23  1.433722e-22  3.474927e-23  1.750312e-22  2.176566e-23  1.089266e-22  3.032825e-23  3.139415e-23  5.273849e-23  4.287834e-23  4.806629e-23  2.732857e-23  2.498501e-23  2.358615e-23  3.163973e-23  2.329977e-23  1.635750e-23  2.245472e-23  1.825025e-23  1.746502e-23  1.427883e-23  1.040308e-23  5.074186e-24  1.093578e-23  5.157548e-24  8.652664e-24  6.832600e-24  7.506614e-24  1.116546e-23  9.668027e-24  6.585943e-24  5.165005e-24  6.496367e-24  7.762865e-24  2.887808e-24  2.983858e-24  3.788210e-24  2.621020e-24  4.775052e-24  4.744297e-24  6.730603e-24  8.709464e-24  1.165539e-23  1.441805e-23  2.775146e-23  3.487812e-23  2.247628e-23  2.294497e-23  2.185497e-23  1.574275e-23  9.822637e-24  1.067737e-23  7.242578e-24  6.354727e-24  4.979192e-24  4.950424e-24  3.461568e-24  3.622600e-24  2.162231e-24  2.864498e-24  2.138583e-24  1.988228e-24  2.015449e-24  1.746485e-24  1.277755e-24  1.610460e-24  1.299701e-24  1.101751e-24  9.248366e-25  1.098780e-24  9.297336e-25  7.656326e-25  9.657922e-25  6.870286e-25  5.794682e-25  7.107269e-25  5.609775e-25  7.788071e-25  4.612357e-25  4.807940e-25  5.088568e-25  5.128858e-25  4.599553e-25  4.576034e-25  4.173164e-25  4.726315e-25  5.867694e-25  4.049085e-25  4.999919e-25  5.614968e-25  5.756330e-25  6.699204e-25  7.869730e-25  9.874544e-25  1.341594e-24  1.644876e-24  1.937564e-24  2.430098e-24  3.346233e-24  6.658227e-24  6.222061e-24  4.589657e-24  4.587021e-24  4.372210e-24  3.178953e-24  2.394529e-24  2.143931e-24  1.090393e-24  1.438351e-24  8.624629e-25  1.090083e-24  7.248152e-25  5.369849e-25  7.599894e-25  4.781336e-25  3.718698e-25  5.663291e-25  4.837879e-25  5.272447e-25  7.462897e-25  4.213395e-25  5.257427e-25  4.080202e-25  4.433349e-25  2.844141e-25  2.683549e-25  3.342768e-25  1.570191e-25  4.099242e-25  1.778942e-25  4.429726e-25  2.910500e-25  9.639904e-26  7.883450e-25  4.844588e-25  2.356258e-25  8.373953e-26  9.790231e-25  2.745079e-25  3.080068e-24  6.103863e-25  1.253502e-25  1.068542e-24  9.316211e-25  3.419926e-25  1.707189e-25  4.862472e-24  2.321393e-25  2.616134e-24  1.405349e-24  1.450486e-25  2.326927e-24  1.413747e-24  5.301572e-24
3.618563e-21  5.820549e-21  3.008727e-21  1.985439e-21  3.751998e-21  1.533157e-21  1.048184e-21  2.275534e-21  1.657947e-21  6.632455e-22  1.135023e-21  7.672098e-22  3.237694e-22  3.710003e-22  8.722484e-22  4.754241e-22  2.439065e-22  2.578312e-22  2.077938e-22  9.619793e-23  1.017663e-22  1.512822e-22  2.282989e-22  9.890762e-23  4.677670e-23  5.022916e-23  3.542057e-23  3.911491e-23  2.662748e-23  2.782212e-23  4.872394e-23  2.461981e-23  1.213331e-23  8.414243e-24  8.034284e-24  1.197822e-23  9.139638e-24  4.911359e-24  5.937923e-24  8.395134e-24  4.342412e-24  3.370615e-24  1.887159e-24  2.331916e-24  3.257277e-24  3.380793e-24  1.648961e-24  1.967095e-24  7.137934e-25  4.870657e-25  1.615977e-24  1.952712e-24  2.579265e-24  2.925306e-24  2.385195e-24  2.160538e-24  2.133482e-24  2.427656e-24  3.366028e-24  4.712528e-24  4.352327e-24  3.696171e-24  4.327555e-24  5.788122e-24  6.666965e-24  7.942303e-24  8.243960e-24  7.796275e-24  7.367309e-24  7.625338e-24  9.250648e-24  1.080194e-23  1.314116e-23  1.340157e-23  1.298706e-23  1.279712e-23  1.358656e-23  1.664813e-23  1.926671e-23  2.305773e-23  2.439491e-23  2.427916e-23  2.275422e-23  2.186402e-23  2.188189e-23  2.440179e-23  2.965606e-23  3.340805e-23  3.446067e-23  3.418008e-23  3.351677e-23  3.529943e-23  4.095540e-23  4.976947e-23  5.944752e-23  6.683529e-23  6.886326e-23  6.621269e-23  6.142886e-23  5.751894e-23  5.793620e-23  6.428444e-23  7.371200e-23  8.080413e-23  8.264928e-23  8.054992e-23  7.924416e-23  8.276887e-23  9.445487e-23  1.132292e-22  1.325775e-22  1.520740e-22  1.681854e-22  1.749460e-22  1.695838e-22  1.576943e-22  1.458535e-22  1.410972e-22  1.486491e-22  1.635941e-22  1.848035e-22  1.910182e-22  1.902021e-22  1.852685e-22  1.861603e-22  1.956557e-22  2.196904e-22  2.522649e-22  2.903606e-22  3.295712e-22  3.667031e-22  3.938259e-22  4.016606e-22  3.881964e-22  3.633972e-22  3.394795e-22  3.251429e-22  3.307606e-22  3.533023e-22  3.818291e-22  3.996459e-22  4.054225e-22  4.042974e-22  4.042550e-22  4.134164e-22  4.384371e-22  4.815323e-22  5.380686e-22  6.024734e-22  6.700873e-22  7.374524e-22  7.956815e-22  8.301065e-22  8.335936e-22  8.111837e-22  7.756600e-22  7.420400e-22  7.221236e-22  7.245652e-22  7.478442e-22  7.815931e-22  8.111529e-22  8.297023e-22  8.376692e-22  8.439627e-22  8.559942e-22  8.819235e-22  9.270847e-22  9.908275e-22  1.070577e-21  1.161892e-21  1.260760e-21  1.362086e-21  1.455676e-21  1.531443e-21  1.580127e-21  1.597840e-21  1.587387e-21  1.557531e-21  1.523831e-21  1.497561e-21  1.487426e-21  1.497474e-21  1.524544e-21  1.561801e-21  1.600496e-21  1.635480e-21  1.666542e-21  1.695527e-21  1.726161e-21  1.762535e-21  1.808665e-21  1.867417e-21  1.939372e-21  2.023344e-21  2.116464e-21  2.215009e-21  2.316088e-21  2.415630e-21  2.510274e-21  2.596081e-21  2.668798e-21  2.724513e-21  2.761743e-21  2.778823e-21  2.779620e-21  2.772701e-21  2.768013e-21  2.774608e-21  2.797032e-21  2.836825e-21  2.890064e-21  2.949939e-21  3.010220e-21  3.066490e-21  3.115169e-21  3.155931e-21  3.190139e-21  3.220315e-21  3.247920e-21  3.276030e-21  3.305992e-21  3.338416e-21  3.374925e-21  3.416004e-21  3.464538e-21  3.521808e-21  3.590411e-21  3.671481e-21  3.762222e-21  3.860034e-21  3.959700e-21  4.056237e-21  4.144460e-21  4.223438e-21  4.292777e-21  4.354910e-21  4.412115e-21  4.468001e-21  4.524108e-21  4.581462e-21  4.636248e-21  4.684201e-21  4.718538e-21  4.736747e-21  4.734250e-21  4.715223e-21  4.683096e-21  4.641783e-21  4.596110e-21  4.548192e-21  4.501431e-21  4.458736e-21  4.422209e-21  4.391495e-21  4.367107e-21  4.351602e-21  4.342820e-21  4.342655e-21  4.351989e-21  4.370953e-21  4.403700e-21  4.452253e-21  4.517920e-21  4.597759e-21  4.686171e-21  4.778921e-21  4.870027e-21  4.956571e-21  5.031406e-21  5.090969e-21  5.130068e-21  5.148570e-21  5.146272e-21  5.123103e-21  5.082864e-21  5.025989e-21  4.956254e-21  4.875875e-21  4.790427e-21  4.701382e-21  4.612819e-21  4.525490e-21  4.442067e-21  4.362304e-21  4.286693e-21  4.215522e-21  4.148646e-21  4.086799e-21  4.030129e-21  3.978069e-21  3.928794e-21  3.882673e-21  3.836831e-21  3.791107e-21  3.745050e-21  3.697387e-21  3.647605e-21  3.595638e-21  3.542480e-21  3.489419e-21  3.436973e-21  3.385300e-21  3.332689e-21  3.278711e-21  3.221554e-21  3.162078e-21  3.101998e-21  3.042583e-21  2.981210e-21  2.919837e-21  2.859434e-21  2.802827e-21  2.750620e-21  2.702402e-21  2.656015e-21  2.609498e-21  2.563237e-21  2.518760e-21  2.477053e-21  2.437111e-21  2.398558e-21  2.360423e-21  2.319952e-21  2.278854e-21  2.237725e-21  2.196318e-21  2.156282e-21  2.117107e-21  2.078930e-21  2.041963e-21  2.005725e-21  1.970496e-21  1.934939e-21  1.897020e-21  1.856572e-21  1.814784e-21  1.772865e-21  1.731404e-21  1.690348e-21  1.650163e-21  1.610832e-21  1.572779e-21  1.536262e-21  1.501329e-21  1.467806e-21  1.435195e-21  1.403107e-21  1.372032e-21  1.342805e-21  1.316529e-21  1.293575e-21  1.273514e-21  1.255466e-21  1.237668e-21  1.217805e-21  1.194921e-21  1.168035e-21  1.138649e-21  1.108098e-21  1.077502e-21  1.048297e-21  1.020699e-21  9.941847e-22  9.676219e-22  9.406655e-22  9.151261e-22  8.881089e-22  8.634847e-22  8.413301e-22  8.198993e-22  8.010030e-22  7.837186e-22  7.684395e-22  7.542333e-22  7.414980e-22  7.298433e-22  7.189333e-22  7.083282e-22  6.983017e-22  6.892302e-22  6.810451e-22  6.746750e-22  6.708273e-22  6.688637e-22  6.669520e-22  6.617183e-22  6.526526e-22  6.392793e-22  6.229618e-22  5.989220e-22  5.763078e-22  5.504178e-22  5.364587e-22  5.262038e-22  5.147931e-22  5.001415e-22  4.893745e-22  4.741757e-22  4.598171e-22  4.455108e-22  4.361321e-22  4.264944e-22  4.192939e-22  4.144321e-22  4.117212e-22  4.098997e-22  4.077862e-22  4.052003e-22  4.041435e-22  4.038674e-22  4.054567e-22  4.083739e-22  4.138381e-22  4.208090e-22  4.279765e-22  4.347808e-22  4.383862e-22  4.368203e-22  4.293643e-22  4.152679e-22  3.957507e-22  3.728990e-22  3.508111e-22  3.309068e-22  3.139033e-22  2.990372e-22  2.871992e-22  2.774327e-22  2.697018e-22  2.632565e-22  2.577907e-22  2.534830e-22  2.490237e-22  2.453267e-22  2.420880e-22  2.398092e-22  2.376882e-22  2.369619e-22  2.373832e-22  2.391454e-22  2.424373e-22  2.482308e-22  2.563763e-22  2.669088e-22  2.794537e-22  2.924532e-22  3.045270e-22  3.136447e-22  3.183709e-22  3.165217e-22  3.100416e-22  2.975794e-22  2.821370e-22  2.655239e-22  2.495781e-22  2.346088e-22  2.226071e-22  2.122992e-22  2.030176e-22  1.949298e-22  1.874197e-22  1.798198e-22  1.719824e-22  1.645760e-22  1.586731e-22  1.539102e-22  1.506242e-22  1.466586e-22  1.445916e-22  1.426058e-22  1.406560e-22  1.389221e-22  1.385531e-22  1.390094e-22  1.405151e-22  1.425908e-22  1.490983e-22  1.564525e-22  1.653845e-22  1.741154e-22  1.837406e-22  1.936061e-22  2.037223e-22  2.143400e-22  2.214882e-22  2.307763e-22  2.307031e-22  2.288007e-22  2.184160e-22  2.142502e-22  1.941096e-22  1.785965e-22  1.778294e-22  1.500942e-22  1.360568e-22  1.254451e-22  1.114825e-22  1.101648e-22  9.522172e-23  8.928148e-23  8.334847e-23  8.020152e-23  7.415989e-23  7.273646e-23  6.842015e-23  6.763058e-23  6.651259e-23  6.594076e-23  6.636376e-23  6.619126e-23  6.701308e-23  6.867856e-23  7.120745e-23  7.377605e-23  7.639336e-23  8.093083e-23  8.632076e-23  9.285529e-23  1.021958e-22  1.141378e-22  1.277493e-22  1.390126e-22  1.471219e-22  1.484430e-22  1.449248e-22  1.389689e-22  1.322312e-22  1.255923e-22  1.177995e-22  1.113902e-22  1.016177e-22  9.287132e-23  8.222519e-23  7.367236e-23  6.674104e-23  6.094352e-23  5.519212e-23  5.065531e-23  4.687907e-23  4.275371e-23  3.967632e-23  3.753520e-23  3.585420e-23  3.449301e-23  3.321941e-23  3.339076e-23  3.319347e-23  3.397221e-23  3.431196e-23  3.558431e-23  3.652239e-23  3.756489e-23  3.948748e-23  4.152171e-23  4.305154e-23  4.543369e-23  4.733604e-23  4.870489e-23  4.957893e-23  4.939434e-23  4.766162e-23  4.545346e-23  4.669389e-23  4.961498e-23  5.434102e-23  6.073164e-23  6.653294e-23  6.738249e-23  8.849886e-23  6.525104e-23  6.746392e-23  6.498245e-23  6.593527e-23  4.500506e-23  4.262268e-23  4.213330e-23  4.435028e-23  3.932913e-23  3.511794e-23  3.635224e-23  2.777999e-23  2.609688e-23  2.667761e-23  2.904919e-23  1.964069e-23  3.281573e-23  1.715467e-23  2.528597e-23  1.697678e-23  1.700048e-23  1.457949e-23  1.561477e-23  1.546619e-23  1.573053e-23  1.793665e-23  1.592300e-23  1.438826e-23  2.273436e-23  1.906674e-23  2.652496e-23  4.885979e-23  7.338233e-23  6.445400e-23  1.138194e-22  2.009475e-22  1.770760e-22  1.821851e-22  9.985584e-23  6.905886e-23  4.216204e-23  6.956475e-23  7.790836e-23  2.097660e-22  1.467316e-22  6.026188e-23  1.464529e-22  6.524444e-23  1.433951e-22  3.498563e-23  1.761157e-22  2.214541e-23  1.112015e-22  3.079457e-23  3.220593e-23  5.413881e-23  4.392386e-23  4.968240e-23  2.791223e-23  2.624043e-23  2.380082e-23  3.207241e-23  2.379877e-23  1.656014e-23  2.273858e-23  1.866311e-23  1.720847e-23  1.449831e-23  1.040819e-23  5.258079e-24  1.087408e-23  5.403078e-24  8.814568e-24  7.094028e-24  7.736049e-24  1.118564e-23  9.931521e-24  6.963618e-24  5.404121e-24  6.756231e-24  8.278483e-24  3.184094e-24  3.201831e-24  4.087359e-24  2.862384e-24  5.035280e-24  4.745158e-24  6.965205e-24  8.850243e-24  1.135615e-23  1.431568e-23  2.720823e-23  3.379650e-23  2.197755e-23  2.233755e-23  2.147393e-23  1.556215e-23  9.869698e-24  1.069208e-23  7.110275e-24  6.398756e-24  5.111046e-24  4.876007e-24  3.502066e-24  3.701811e-24  2.180754e-24  2.886741e-24  2.005825e-24  1.903094e-24  2.089425e-24  1.705097e-24  1.324150e-24  1.654386e-24  1.188307e-24  1.049040e-24  8.584621e-25  9.992103e-25  9.157853e-25  6.245745e-25  9.289317e-25  5.354562e-25  5.425196e-25  6.312335e-25  4.822143e-25  6.274147e-25  4.264399e-25  4.211563e-25  3.292799e-25  3.379851e-25  3.298768e-25  2.072843e-25  2.496227e-25  4.102927e-25  3.262492e-25  2.615072e-25  3.106697e-25  3.708323e-25  4.771420e-25  5.206298e-25  6.077338e-25  7.387748e-25  1.167152e-24  1.353353e-24  1.620800e-24  2.147578e-24  3.020485e-24  6.259959e-24  5.697664e-24  4.079790e-24  4.202293e-24  3.905423e-24  2.745617e-24  2.049121e-24  1.914701e-24  8.372356e-25  1.150479e-24  6.075185e-25  7.912051e-25  4.416613e-25  2.513588e-25  5.022535e-25  1.739568e-25  1.564610e-25  3.040449e-25  2.411468e-25  2.116439e-25  5.107781e-25  1.817038e-25  2.853905e-25  1.228394e-25  1.038666e-25  3.777993e-26  1.343327e-25  1.170006e-25  3.837959e-26  2.995779e-25  5.086908e-26  3.900664e-25  2.182309e-25  1.010196e-26  6.817526e-25  4.727700e-25  1.577338e-25  3.023795e-26  9.741986e-25  2.442684e-25  3.075966e-24  6.052572e-25  9.051693e-26  1.076767e-24  8.563002e-25  3.294142e-25  9.328534e-26  4.844633e-24  2.229507e-25  2.638036e-24  1.335100e-24  1.387789e-25  2.368607e-24  1.405518e-24  5.259314e-24
3.793085e-21  5.950409e-21  3.199203e-21  2.126306e-21  3.863479e-21  1.654219e-21  1.146349e-21  2.342349e-21  1.731081e-21  7.384326e-22  1.197886e-21  8.111597e-22  3.661234e-22  4.203806e-22  8.906306e-22  5.038083e-22  2.829292e-22  2.774350e-22  2.199441e-22  1.116292e-22  1.224530e-22  1.601632e-22  2.311964e-22  1.109374e-22  5.551795e-23  5.598850e-23  4.166248e-23  4.799744e-23  3.495553e-23  3.183359e-23  5.145644e-23  2.895967e-23  1.466602e-23  1.053189e-23  9.281601e-24  1.473030e-23  1.240041e-23  6.802860e-24  6.238487e-24  8.540257e-24  5.444717e-24  4.384941e-24  3.459675e-24  2.540081e-24  3.893353e-24  3.319214e-24  1.794658e-24  2.141902e-24  2.582767e-24  1.871202e-24  2.069030e-24  2.590220e-24  2.558570e-24  2.891764e-24  3.129017e-24  2.315558e-24  2.903533e-24  3.251209e-24  3.410938e-24  4.264610e-24  5.179869e-24  4.968668e-24  5.258162e-24  5.896730e-24  7.380748e-24  8.769276e-24  9.557287e-24  9.285120e-24  8.435479e-24  8.446604e-24  9.504486e-24  1.111475e-23  1.285769e-23  1.384806e-23  1.371263e-23  1.344807e-23  1.442697e-23  1.720163e-23  2.085167e-23  2.408728e-23  2.569351e-23  2.586352e-23  2.448256e-23  2.321318e-23  2.356257e-23  2.627885e-23  3.070012e-23  3.438533e-23  3.578134e-23  3.530390e-23  3.484898e-23  3.726036e-23  4.295771e-23  5.099938e-23  5.992569e-23  6.708952e-23  6.946695e-23  6.737975e-23  6.319453e-23  5.967301e-23  6.004888e-23  6.591748e-23  7.476758e-23  8.182220e-23  8.400505e-23  8.241211e-23  8.127122e-23  8.463961e-23  9.498806e-23  1.115913e-22  1.308153e-22  1.494026e-22  1.643725e-22  1.711864e-22  1.670375e-22  1.565645e-22  1.454518e-22  1.410903e-22  1.475466e-22  1.631010e-22  1.807702e-22  1.904706e-22  1.924692e-22  1.878720e-22  1.884909e-22  1.971413e-22  2.190455e-22  2.517529e-22  2.880853e-22  3.271776e-22  3.638434e-22  3.906802e-22  4.004436e-22  3.900393e-22  3.679004e-22  3.456469e-22  3.321815e-22  3.344528e-22  3.555600e-22  3.838405e-22  4.024321e-22  4.087149e-22  4.089759e-22  4.107338e-22  4.209293e-22  4.469254e-22  4.876951e-22  5.426061e-22  6.064047e-22  6.757311e-22  7.444035e-22  8.034661e-22  8.360430e-22  8.393766e-22  8.189386e-22  7.877011e-22  7.570319e-22  7.371434e-22  7.374278e-22  7.585070e-22  7.907067e-22  8.209223e-22  8.401204e-22  8.484347e-22  8.537388e-22  8.647279e-22  8.904806e-22  9.362085e-22  1.001808e-21  1.081270e-21  1.171906e-21  1.269990e-21  1.370782e-21  1.463068e-21  1.539083e-21  1.587279e-21  1.604738e-21  1.595128e-21  1.567043e-21  1.534188e-21  1.508497e-21  1.498336e-21  1.507684e-21  1.533913e-21  1.570602e-21  1.609877e-21  1.644483e-21  1.675020e-21  1.703473e-21  1.733455e-21  1.769418e-21  1.815804e-21  1.874676e-21  1.946588e-21  2.029508e-21  2.121820e-21  2.218873e-21  2.319501e-21  2.419365e-21  2.515092e-21  2.601460e-21  2.675209e-21  2.732325e-21  2.769425e-21  2.787429e-21  2.788775e-21  2.781784e-21  2.776162e-21  2.782006e-21  2.804846e-21  2.843788e-21  2.896390e-21  2.955438e-21  3.015737e-21  3.071310e-21  3.119527e-21  3.160523e-21  3.195231e-21  3.225784e-21  3.253829e-21  3.282366e-21  3.312065e-21  3.344964e-21  3.381271e-21  3.422931e-21  3.470865e-21  3.528030e-21  3.597183e-21  3.677142e-21  3.767471e-21  3.865110e-21  3.964265e-21  4.060755e-21  4.149145e-21  4.227454e-21  4.297258e-21  4.359780e-21  4.416996e-21  4.473396e-21  4.530648e-21  4.587705e-21  4.643327e-21  4.690918e-21  4.725403e-21  4.742796e-21  4.740115e-21  4.720445e-21  4.687719e-21  4.646612e-21  4.600268e-21  4.552446e-21  4.505675e-21  4.462713e-21  4.426001e-21  4.395096e-21  4.371087e-21  4.353790e-21  4.344909e-21  4.344146e-21  4.352321e-21  4.371228e-21  4.403877e-21  4.452180e-21  4.517474e-21  4.596909e-21  4.684593e-21  4.776176e-21  4.866928e-21  4.952103e-21  5.027052e-21  5.085398e-21  5.124750e-21  5.142746e-21  5.141312e-21  5.117306e-21  5.076346e-21  5.020235e-21  4.950693e-21  4.870496e-21  4.784393e-21  4.695527e-21  4.607498e-21  4.520325e-21  4.436421e-21  4.356502e-21  4.280890e-21  4.210336e-21  4.142708e-21  4.081054e-21  4.024446e-21  3.971627e-21  3.922541e-21  3.876493e-21  3.830218e-21  3.784765e-21  3.738690e-21  3.691251e-21  3.641351e-21  3.589002e-21  3.535912e-21  3.482628e-21  3.430270e-21  3.379121e-21  3.326266e-21  3.272071e-21  3.214862e-21  3.155306e-21  3.095987e-21  3.036024e-21  2.975287e-21  2.914564e-21  2.854262e-21  2.797797e-21  2.746123e-21  2.698216e-21  2.652093e-21  2.605385e-21  2.559638e-21  2.515460e-21  2.473707e-21  2.433600e-21  2.395150e-21  2.356778e-21  2.316889e-21  2.275692e-21  2.234585e-21  2.193809e-21  2.154039e-21  2.115113e-21  2.077127e-21  2.039924e-21  2.004020e-21  1.968692e-21  1.932987e-21  1.895131e-21  1.854690e-21  1.813104e-21  1.771590e-21  1.730054e-21  1.689117e-21  1.649240e-21  1.610084e-21  1.572077e-21  1.535717e-21  1.500938e-21  1.467758e-21  1.434838e-21  1.403110e-21  1.371802e-21  1.343134e-21  1.317128e-21  1.294201e-21  1.274243e-21  1.255988e-21  1.238224e-21  1.218427e-21  1.195486e-21  1.168988e-21  1.139624e-21  1.109316e-21  1.078823e-21  1.049563e-21  1.022351e-21  9.956288e-22  9.692629e-22  9.422894e-22  9.166116e-22  8.901524e-22  8.656472e-22  8.435610e-22  8.222661e-22  8.031894e-22  7.858337e-22  7.702662e-22  7.561445e-22  7.432563e-22  7.312480e-22  7.201314e-22  7.095107e-22  6.996771e-22  6.901615e-22  6.820728e-22  6.754752e-22  6.717668e-22  6.694497e-22  6.674405e-22  6.619788e-22  6.528954e-22  6.399117e-22  6.235814e-22  5.994385e-22  5.771695e-22  5.517572e-22  5.378026e-22  5.271836e-22  5.162352e-22  5.013617e-22  4.907557e-22  4.756808e-22  4.619719e-22  4.475761e-22  4.383919e-22  4.282937e-22  4.209982e-22  4.161450e-22  4.134133e-22  4.108859e-22  4.086094e-22  4.062232e-22  4.048044e-22  4.046767e-22  4.059738e-22  4.091478e-22  4.142676e-22  4.209418e-22  4.280491e-22  4.349617e-22  4.378815e-22  4.365157e-22  4.288064e-22  4.152389e-22  3.956598e-22  3.734289e-22  3.515978e-22  3.316646e-22  3.147279e-22  3.005884e-22  2.886046e-22  2.791745e-22  2.714382e-22  2.655002e-22  2.597725e-22  2.551864e-22  2.508820e-22  2.472412e-22  2.441486e-22  2.415955e-22  2.396175e-22  2.386539e-22  2.388295e-22  2.405278e-22  2.441948e-22  2.494170e-22  2.579414e-22  2.680979e-22  2.805868e-22  2.930791e-22  3.049645e-22  3.145337e-22  3.183238e-22  3.168825e-22  3.103792e-22  2.976406e-22  2.825389e-22  2.658548e-22  2.502815e-22  2.355733e-22  2.235583e-22  2.132116e-22  2.044079e-22  1.963855e-22  1.884519e-22  1.804604e-22  1.736622e-22  1.662371e-22  1.600906e-22  1.551592e-22  1.521368e-22  1.488897e-22  1.464378e-22  1.439782e-22  1.428882e-22  1.411560e-22  1.407260e-22  1.410368e-22  1.424309e-22  1.455935e-22  1.514197e-22  1.585834e-22  1.677122e-22  1.771720e-22  1.856793e-22  1.960625e-22  2.061531e-22  2.165148e-22  2.237847e-22  2.329013e-22  2.323728e-22  2.303570e-22  2.197956e-22  2.153322e-22  1.941303e-22  1.802005e-22  1.796790e-22  1.519374e-22  1.369900e-22  1.272525e-22  1.134046e-22  1.117557e-22  9.729606e-23  9.069716e-23  8.503496e-23  8.250923e-23  7.504027e-23  7.408097e-23  7.020517e-23  6.886494e-23  6.853366e-23  6.785913e-23  6.790265e-23  6.831639e-23  6.970474e-23  7.094505e-23  7.346946e-23  7.588325e-23  7.890759e-23  8.344318e-23  8.825283e-23  9.548810e-23  1.038648e-22  1.110190e-22  1.195966e-22  1.322667e-22  1.421321e-22  1.434879e-22  1.412637e-22  1.342040e-22  1.272279e-22  1.213231e-22  1.153996e-22  1.078508e-22  9.778676e-23  8.902110e-23  8.022394e-23  7.056711e-23  6.467955e-23  5.968472e-23  5.327494e-23  4.893887e-23  4.568648e-23  4.177021e-23  3.963162e-23  3.585091e-23  3.606050e-23  3.358792e-23  3.270818e-23  3.188031e-23  3.279802e-23  3.359619e-23  3.307291e-23  3.336411e-23  3.537528e-23  3.691722e-23  3.835338e-23  4.022274e-23  4.312634e-23  4.538231e-23  4.723568e-23  4.845871e-23  4.980716e-23  4.904944e-23  4.744791e-23  4.619677e-23  4.790436e-23  5.070146e-23  5.509028e-23  6.264765e-23  6.831430e-23  6.871121e-23  8.895859e-23  6.580684e-23  6.868234e-23  6.581598e-23  6.696822e-23  4.640179e-23  4.313465e-23  4.360378e-23  4.512323e-23  4.012608e-23  3.610482e-23  3.738184e-23  2.919722e-23  2.697197e-23  2.757874e-23  2.942691e-23  2.028474e-23  3.346773e-23  1.838583e-23  2.622249e-23  1.727552e-23  1.816971e-23  1.475029e-23  1.610904e-23  1.583157e-23  1.652418e-23  1.840566e-23  1.649236e-23  1.526873e-23  2.316059e-23  2.000213e-23  2.855053e-23  5.236610e-23  7.755825e-23  6.710123e-23  1.169208e-22  2.012924e-22  1.755428e-22  1.785400e-22  9.656647e-23  6.899449e-23  4.274416e-23  7.067546e-23  7.863130e-23  2.066575e-22  1.458196e-22  6.253733e-23  1.489715e-22  6.676828e-23  1.438044e-22  3.678567e-23  1.772055e-22  2.345223e-23  1.145299e-22  3.174592e-23  3.372775e-23  5.695799e-23  4.597299e-23  5.274465e-23  2.912486e-23  2.798850e-23  2.463301e-23  3.326016e-23  2.460852e-23  1.749872e-23  2.315220e-23  1.938765e-23  1.768651e-23  1.483520e-23  1.083496e-23  5.356838e-24  1.130232e-23  5.866611e-24  9.138074e-24  7.382481e-24  7.821221e-24  1.128418e-23  9.974332e-24  7.332463e-24  5.736983e-24  7.228596e-24  9.120892e-24  3.640610e-24  3.644107e-24  4.404450e-24  3.264231e-24  5.836168e-24  5.431673e-24  7.974586e-24  9.483949e-24  1.188514e-23  1.506944e-23  2.898295e-23  3.527623e-23  2.288064e-23  2.342009e-23  2.294008e-23  1.687993e-23  1.073337e-23  1.185585e-23  7.835463e-24  7.072825e-24  5.529276e-24  5.230351e-24  3.872085e-24  4.147268e-24  2.551276e-24  3.246359e-24  2.190149e-24  1.927696e-24  2.580767e-24  2.199512e-24  1.553409e-24  1.760269e-24  1.442757e-24  1.256289e-24  9.956479e-25  1.531310e-24  9.541662e-25  8.670194e-25  1.114500e-24  8.206362e-25  5.913029e-25  7.921274e-25  7.914309e-25  9.149460e-25  7.050250e-25  7.045485e-25  3.860224e-25  5.128476e-25  5.362126e-25  7.017586e-25  6.710049e-25  8.661821e-25  5.573508e-25  6.177928e-25  8.622199e-25  6.645408e-25  7.804174e-25  1.101068e-24  1.262470e-24  1.451349e-24  1.552541e-24  2.081150e-24  2.376869e-24  3.066296e-24  3.831200e-24  7.052899e-24  6.365911e-24  4.683353e-24  4.947997e-24  4.792014e-24  3.541778e-24  2.533546e-24  2.498217e-24  1.269771e-24  1.880701e-24  1.112736e-24  1.253606e-24  1.139789e-24  7.901793e-25  9.985425e-25  9.468431e-25  6.492225e-25  8.159947e-25  6.725688e-25  8.550157e-25  1.104284e-24  9.107901e-25  6.241100e-25  7.781804e-25  6.834991e-25  4.235381e-25  5.135317e-25  6.932756e-25  4.564988e-25  5.964202e-25  1.549098e-25  6.660327e-25  4.101046e-25  9.327630e-26  1.176655e-24  6.245483e-25  3.636668e-25  2.979873e-25  1.232200e-24  5.734470e-25  3.275139e-24  7.212682e-25  1.945926e-25  1.334727e-24  9.457731e-25  4.456440e-25  2.069744e-25  4.947875e-24  4.362618e-25  2.940838e-24  1.440959e-24  2.380080e-25  2.505641e-24  1.781699e-24  5.413852e-24
4.032160e-21  6.159501e-21  3.422839e-21  2.307843e-21  4.025475e-21  1.788893e-21  1.261599e-21  2.444990e-21  1.823224e-21  8.310427e-22  1.288806e-21  8.850326e-22  4.290438e-22  4.946218e-22  9.474074e-22  5.439778e-22  3.226236e-22  2.952185e-22  2.334181e-22  1.349265e-22  1.539345e-22  1.761476e-22  2.460879e-22  1.303554e-22  6.657521e-23  6.153236e-23  4.712292e-23  5.892972e-23  4.341570e-23  3.652336e-23  5.543474e-23  3.223751e-23  1.746920e-23  1.266302e-23  1.170264e-23  1.876060e-23  1.574985e-23  8.788437e-24  7.819959e-24  9.571939e-24  6.639819e-24  6.149977e-24  4.169037e-24  3.049897e-24  5.567724e-24  4.878331e-24  3.561215e-24  2.725851e-24  2.306011e-24  2.816558e-24  2.613057e-24  2.644851e-24  3.384180e-24  3.476208e-24  3.792229e-24  3.331063e-24  3.162224e-24  3.629344e-24  4.820635e-24  6.078935e-24  5.498703e-24  5.740101e-24  5.859694e-24  6.996358e-24  7.206060e-24  8.979305e-24  9.320925e-24  8.845947e-24  8.758641e-24  9.514624e-24  1.001067e-23  1.203180e-23  1.346294e-23  1.413677e-23  1.427706e-23  1.465222e-23  1.561599e-23  1.780687e-23  2.196420e-23  2.510602e-23  2.705983e-23  2.733827e-23  2.698345e-23  2.488323e-23  2.576053e-23  2.847882e-23  3.195925e-23  3.492522e-23  3.657558e-23  3.712918e-23  3.604127e-23  3.801654e-23  4.428905e-23  5.268511e-23  6.197521e-23  6.910207e-23  7.149370e-23  6.920041e-23  6.452603e-23  6.078042e-23  6.104494e-23  6.712220e-23  7.639228e-23  8.379191e-23  8.546013e-23  8.343716e-23  8.222773e-23  8.593409e-23  9.635249e-23  1.127045e-22  1.337119e-22  1.546723e-22  1.707434e-22  1.781767e-22  1.759964e-22  1.623102e-22  1.498127e-22  1.449670e-22  1.517049e-22  1.736149e-22  1.860652e-22  1.949114e-22  1.955494e-22  1.916309e-22  1.898477e-22  1.966792e-22  2.178530e-22  2.503587e-22  2.862541e-22  3.245292e-22  3.622789e-22  3.887309e-22  3.966792e-22  3.858481e-22  3.631423e-22  3.390751e-22  3.247266e-22  3.293655e-22  3.515338e-22  3.784251e-22  3.967405e-22  4.031447e-22  4.023261e-22  4.024007e-22  4.116570e-22  4.357326e-22  4.776001e-22  5.337578e-22  5.966614e-22  6.647709e-22  7.321239e-22  7.901426e-22  8.260997e-22  8.310347e-22  8.114017e-22  7.773258e-22  7.440383e-22  7.238117e-22  7.246518e-22  7.474340e-22  7.799766e-22  8.095729e-22  8.280958e-22  8.375099e-22  8.436996e-22  8.551253e-22  8.806618e-22  9.248600e-22  9.878362e-22  1.067285e-21  1.157488e-21  1.255345e-21  1.355891e-21  1.448954e-21  1.525981e-21  1.576806e-21  1.596412e-21  1.587980e-21  1.560723e-21  1.527929e-21  1.501790e-21  1.491062e-21  1.499540e-21  1.525844e-21  1.562310e-21  1.600120e-21  1.635445e-21  1.666194e-21  1.694962e-21  1.725616e-21  1.761870e-21  1.807656e-21  1.866126e-21  1.937524e-21  2.020918e-21  2.113478e-21  2.211021e-21  2.312260e-21  2.411328e-21  2.506555e-21  2.593136e-21  2.666347e-21  2.723027e-21  2.761384e-21  2.779035e-21  2.781475e-21  2.775394e-21  2.771288e-21  2.776939e-21  2.799020e-21  2.837762e-21  2.888961e-21  2.947983e-21  3.007262e-21  3.063135e-21  3.111592e-21  3.152120e-21  3.187360e-21  3.217910e-21  3.245876e-21  3.274280e-21  3.303434e-21  3.337119e-21  3.373760e-21  3.414868e-21  3.462800e-21  3.519779e-21  3.587784e-21  3.668222e-21  3.758272e-21  3.854796e-21  3.954193e-21  4.049942e-21  4.138348e-21  4.217339e-21  4.288001e-21  4.349699e-21  4.406315e-21  4.462221e-21  4.518160e-21  4.574400e-21  4.628592e-21  4.675913e-21  4.710496e-21  4.728438e-21  4.727207e-21  4.708644e-21  4.676274e-21  4.637170e-21  4.591602e-21  4.544453e-21  4.498250e-21  4.455984e-21  4.419226e-21  4.388561e-21  4.364644e-21  4.347473e-21  4.338915e-21  4.338503e-21  4.346781e-21  4.365272e-21  4.396958e-21  4.444243e-21  4.508073e-21  4.586440e-21  4.673694e-21  4.765077e-21  4.855569e-21  4.941494e-21  5.016176e-21  5.075675e-21  5.116204e-21  5.135245e-21  5.133533e-21  5.111082e-21  5.071572e-21  5.016089e-21  4.947026e-21  4.868001e-21  4.782360e-21  4.694803e-21  4.606819e-21  4.520548e-21  4.436832e-21  4.357443e-21  4.281947e-21  4.210843e-21  4.144208e-21  4.082482e-21  4.025780e-21  3.973309e-21  3.924494e-21  3.877486e-21  3.832061e-21  3.786399e-21  3.740176e-21  3.691945e-21  3.642437e-21  3.590752e-21  3.537787e-21  3.485098e-21  3.433009e-21  3.381690e-21  3.329679e-21  3.275814e-21  3.219530e-21  3.160895e-21  3.101952e-21  3.042987e-21  2.982671e-21  2.921913e-21  2.862126e-21  2.805939e-21  2.754370e-21  2.706041e-21  2.659969e-21  2.613644e-21  2.567847e-21  2.523894e-21  2.482447e-21  2.442226e-21  2.403683e-21  2.365567e-21  2.325490e-21  2.284607e-21  2.243892e-21  2.202966e-21  2.163075e-21  2.124139e-21  2.085945e-21  2.049076e-21  2.012738e-21  1.977402e-21  1.941654e-21  1.904078e-21  1.863764e-21  1.822557e-21  1.780928e-21  1.739747e-21  1.699322e-21  1.659239e-21  1.620041e-21  1.582122e-21  1.545863e-21  1.510916e-21  1.477677e-21  1.444938e-21  1.413222e-21  1.381920e-21  1.353028e-21  1.327032e-21  1.303771e-21  1.283611e-21  1.265345e-21  1.247320e-21  1.227225e-21  1.204243e-21  1.177590e-21  1.148331e-21  1.117945e-21  1.087339e-21  1.058250e-21  1.030552e-21  1.004038e-21  9.775362e-22  9.506512e-22  9.248712e-22  8.983328e-22  8.735171e-22  8.512042e-22  8.299251e-22  8.106128e-22  7.932653e-22  7.777725e-22  7.632253e-22  7.503298e-22  7.382432e-22  7.272413e-22  7.163916e-22  7.062395e-22  6.967163e-22  6.882696e-22  6.815051e-22  6.773731e-22  6.747253e-22  6.723723e-22  6.665154e-22  6.575231e-22  6.443159e-22  6.277283e-22  6.042315e-22  5.815307e-22  5.563474e-22  5.423306e-22  5.317922e-22  5.206030e-22  5.059030e-22  4.947537e-22  4.798401e-22  4.660887e-22  4.516040e-22  4.425652e-22  4.324732e-22  4.248961e-22  4.199615e-22  4.168221e-22  4.146465e-22  4.123578e-22  4.099174e-22  4.083611e-22  4.081094e-22  4.094880e-22  4.124055e-22  4.172905e-22  4.231351e-22  4.300679e-22  4.361169e-22  4.392139e-22  4.376411e-22  4.305788e-22  4.168761e-22  3.980057e-22  3.762519e-22  3.546826e-22  3.353467e-22  3.182928e-22  3.035463e-22  2.918349e-22  2.822096e-22  2.740799e-22  2.676229e-22  2.622195e-22  2.575597e-22  2.533087e-22  2.493284e-22  2.462441e-22  2.434162e-22  2.415791e-22  2.411523e-22  2.410372e-22  2.427602e-22  2.456778e-22  2.512335e-22  2.595450e-22  2.693030e-22  2.811085e-22  2.936616e-22  3.056356e-22  3.140917e-22  3.180254e-22  3.165877e-22  3.102801e-22  2.983134e-22  2.834043e-22  2.675411e-22  2.515267e-22  2.377978e-22  2.256533e-22  2.154631e-22  2.063249e-22  1.985567e-22  1.907599e-22  1.834056e-22  1.754530e-22  1.679686e-22  1.621823e-22  1.575407e-22  1.539643e-22  1.508713e-22  1.487092e-22  1.465000e-22  1.444017e-22  1.428712e-22  1.421633e-22  1.428088e-22  1.437077e-22  1.463221e-22  1.519076e-22  1.590806e-22  1.680389e-22  1.767768e-22  1.866488e-22  1.958955e-22  2.050857e-22  2.154225e-22  2.229684e-22  2.324736e-22  2.327012e-22  2.297615e-22  2.189099e-22  2.152245e-22  1.955044e-22  1.814775e-22  1.807926e-22  1.530815e-22  1.394125e-22  1.288597e-22  1.149276e-22  1.131680e-22  9.959936e-23  9.368018e-23  8.807072e-23  8.507587e-23  7.800320e-23  7.588201e-23  7.315014e-23  7.120315e-23  6.926965e-23  6.932510e-23  6.978212e-23  6.882067e-23  7.146505e-23  7.328976e-23  7.503316e-23  7.725090e-23  8.011138e-23  8.359264e-23  8.978080e-23  9.574895e-23  1.041346e-22  1.108575e-22  1.182165e-22  1.292223e-22  1.371216e-22  1.403112e-22  1.364634e-22  1.309885e-22  1.247397e-22  1.192023e-22  1.128646e-22  1.049630e-22  9.861514e-23  8.780832e-23  7.891336e-23  7.149784e-23  6.472062e-23  5.883408e-23  5.359058e-23  5.025987e-23  4.658058e-23  4.331514e-23  4.040576e-23  3.811185e-23  3.600122e-23  3.494001e-23  3.466033e-23  3.374812e-23  3.399899e-23  3.402227e-23  3.453658e-23  3.513350e-23  3.666593e-23  3.759130e-23  3.912194e-23  4.058733e-23  4.320560e-23  4.495228e-23  4.599722e-23  4.786209e-23  4.906464e-23  4.982702e-23  4.761111e-23  4.554493e-23  4.765631e-23  4.945976e-23  5.451034e-23  6.088862e-23  6.653523e-23  6.598481e-23  8.781139e-23  6.419467e-23  6.700086e-23  6.441494e-23  6.440355e-23  4.579156e-23  4.344373e-23  4.294300e-23  4.514134e-23  4.041249e-23  3.739240e-23  3.751492e-23  3.006008e-23  2.773387e-23  2.827823e-23  3.072209e-23  2.135273e-23  3.487713e-23  1.898001e-23  2.722158e-23  1.889651e-23  1.935529e-23  1.644623e-23  1.790256e-23  1.714824e-23  1.749315e-23  1.945276e-23  1.762098e-23  1.613887e-23  2.411774e-23  2.200608e-23  3.113535e-23  5.523691e-23  8.235848e-23  6.959346e-23  1.194001e-22  2.009256e-22  1.726664e-22  1.730031e-22  9.352972e-23  6.601586e-23  4.144720e-23  6.795541e-23  7.577031e-23  1.981309e-22  1.413631e-22  6.101274e-23  1.464943e-22  6.536157e-23  1.408733e-22  3.602422e-23  1.760537e-22  2.367001e-23  1.163865e-22  3.272376e-23  3.515520e-23  5.868381e-23  4.759052e-23  5.593862e-23  3.015448e-23  3.047641e-23  2.532394e-23  3.424400e-23  2.600766e-23  1.801558e-23  2.421932e-23  2.035450e-23  1.753052e-23  1.552136e-23  1.093812e-23  6.418769e-24  1.156466e-23  6.177074e-24  9.457033e-24  7.932045e-24  8.671178e-24  1.164890e-23  1.092612e-23  8.052404e-24  6.482805e-24  8.079343e-24  9.917631e-24  3.984099e-24  4.230960e-24  5.298119e-24  3.799136e-24  6.121300e-24  5.405662e-24  7.716960e-24  9.314784e-24  1.146423e-23  1.429440e-23  2.685127e-23  3.191872e-23  2.097144e-23  2.147361e-23  2.117436e-23  1.580306e-23  1.020690e-23  1.109813e-23  7.335147e-24  6.632329e-24  5.362401e-24  5.151939e-24  3.636538e-24  3.868530e-24  2.281266e-24  3.184407e-24  2.149738e-24  1.669450e-24  2.175977e-24  1.739422e-24  1.264571e-24  1.368491e-24  1.177110e-24  1.045890e-24  8.067244e-25  1.105149e-24  6.607517e-25  5.167379e-25  7.524064e-25  6.492460e-25  3.405567e-25  4.500251e-25  3.087795e-25  4.625672e-25  2.478948e-25  8.917760e-26  6.702361e-26  1.741487e-25  1.117022e-25  8.472625e-26  3.831985e-26  4.816664e-26  6.535438e-26  1.439348e-25  1.536498e-25  1.788623e-25  2.462545e-25  2.520826e-25  3.743509e-25  4.456345e-25  7.780423e-25  1.190229e-24  1.294453e-24  1.670292e-24  2.743877e-24  5.586076e-24  5.051237e-24  3.612227e-24  3.648976e-24  3.430181e-24  2.342734e-24  1.804305e-24  1.461541e-24  4.482045e-25  7.965958e-25  1.907729e-25  2.391497e-25  7.069816e-26  3.472355e-26  1.498995e-25  5.582458e-26  3.699394e-26  5.704090e-26  3.795657e-26  1.027221e-25  1.592293e-25  4.290906e-26  7.546431e-26  7.834427e-26  6.778126e-26  3.669783e-26  1.712556e-25  1.504439e-25  5.385296e-26  3.789170e-25  5.455184e-26  4.751224e-25  2.621177e-25  7.662172e-27  7.880223e-25  5.559111e-25  1.702934e-25  3.907047e-26  1.077657e-24  2.847450e-25  3.163032e-24  6.786409e-25  1.077681e-25  1.205910e-24  8.193492e-25  3.743016e-25  1.170685e-25  4.783518e-24  2.784114e-25  2.699077e-24  1.349811e-24  1.683371e-25  2.603017e-24  1.449610e-24  5.118954e-24
4.545711e-21  6.580600e-21  3.891015e-21  2.703418e-21  4.355541e-21  2.113096e-21  1.548599e-21  2.667183e-21  2.016806e-21  1.037748e-21  1.475073e-21  1.010803e-21  5.345749e-22  6.058305e-22  9.797528e-22  5.982592e-22  4.237145e-22  3.552637e-22  2.718763e-22  1.801432e-22  2.036853e-22  1.971945e-22  2.562999e-22  1.625693e-22  8.865797e-23  7.559804e-23  6.055858e-23  7.867831e-23  6.172499e-23  4.754609e-23  6.295841e-23  4.236860e-23  2.479067e-23  1.916353e-23  1.633176e-23  2.643742e-23  2.355093e-23  1.328277e-23  1.036216e-23  1.234654e-23  9.710128e-24  8.522735e-24  6.493100e-24  5.492470e-24  8.238958e-24  7.107886e-24  4.999449e-24  4.436482e-24  4.578883e-24  4.517490e-24  4.881765e-24  4.724819e-24  4.694508e-24  5.162773e-24  5.170948e-24  4.176608e-24  4.353984e-24  4.884930e-24  5.341053e-24  5.998866e-24  6.542087e-24  5.973046e-24  6.300133e-24  6.890707e-24  8.043700e-24  9.721392e-24  1.055568e-23  9.715711e-24  8.968582e-24  9.445526e-24  1.063955e-23  1.217326e-23  1.375259e-23  1.502406e-23  1.483603e-23  1.473914e-23  1.583349e-23  1.849514e-23  2.214875e-23  2.536443e-23  2.688102e-23  2.670565e-23  2.559759e-23  2.450740e-23  2.530682e-23  2.760856e-23  3.175632e-23  3.551585e-23  3.659672e-23  3.679465e-23  3.664683e-23  3.837665e-23  4.396620e-23  5.217739e-23  6.085540e-23  6.747385e-23  7.014336e-23  6.832425e-23  6.485816e-23  6.177567e-23  6.213066e-23  6.801521e-23  7.676753e-23  8.385460e-23  8.608409e-23  8.460035e-23  8.374581e-23  8.723687e-23  9.721924e-23  1.129305e-22  1.323088e-22  1.513814e-22  1.678521e-22  1.773510e-22  1.737036e-22  1.633735e-22  1.522523e-22  1.484698e-22  1.536550e-22  1.681469e-22  1.842072e-22  1.938452e-22  1.943032e-22  1.927612e-22  1.929328e-22  2.013169e-22  2.194930e-22  2.498172e-22  2.878414e-22  3.263293e-22  3.636511e-22  3.912027e-22  4.028166e-22  3.928793e-22  3.722288e-22  3.484486e-22  3.346862e-22  3.399478e-22  3.612362e-22  3.891433e-22  4.079548e-22  4.145608e-22  4.141112e-22  4.149643e-22  4.245825e-22  4.488458e-22  4.898672e-22  5.438617e-22  6.065037e-22  6.731651e-22  7.416872e-22  8.000615e-22  8.368251e-22  8.448238e-22  8.275386e-22  7.963431e-22  7.651186e-22  7.450910e-22  7.446158e-22  7.641532e-22  7.956569e-22  8.244289e-22  8.445337e-22  8.534690e-22  8.597738e-22  8.711808e-22  8.958296e-22  9.400484e-22  1.003279e-21  1.082375e-21  1.171590e-21  1.269229e-21  1.368205e-21  1.461095e-21  1.537440e-21  1.589199e-21  1.611356e-21  1.604787e-21  1.579772e-21  1.547711e-21  1.520880e-21  1.509808e-21  1.517648e-21  1.543691e-21  1.579777e-21  1.617934e-21  1.652263e-21  1.683091e-21  1.711550e-21  1.740934e-21  1.775419e-21  1.821449e-21  1.879376e-21  1.950282e-21  2.033146e-21  2.124133e-21  2.220303e-21  2.319176e-21  2.419529e-21  2.515131e-21  2.602517e-21  2.677179e-21  2.735049e-21  2.773874e-21  2.793799e-21  2.796526e-21  2.790503e-21  2.785338e-21  2.790122e-21  2.811903e-21  2.849546e-21  2.899247e-21  2.956428e-21  3.014896e-21  3.069874e-21  3.118273e-21  3.159708e-21  3.194630e-21  3.225249e-21  3.253221e-21  3.281966e-21  3.312281e-21  3.344747e-21  3.381362e-21  3.422274e-21  3.469652e-21  3.524714e-21  3.592293e-21  3.670259e-21  3.759836e-21  3.854602e-21  3.950780e-21  4.047285e-21  4.134972e-21  4.213908e-21  4.283966e-21  4.345542e-21  4.402978e-21  4.457972e-21  4.513863e-21  4.569956e-21  4.623492e-21  4.670626e-21  4.704697e-21  4.723074e-21  4.722449e-21  4.704761e-21  4.674010e-21  4.634416e-21  4.590432e-21  4.543733e-21  4.497846e-21  4.455901e-21  4.419416e-21  4.388682e-21  4.364747e-21  4.347213e-21  4.337370e-21  4.335475e-21  4.343854e-21  4.361129e-21  4.391879e-21  4.438734e-21  4.501113e-21  4.578052e-21  4.663851e-21  4.753606e-21  4.844233e-21  4.928881e-21  5.003322e-21  5.063082e-21  5.104017e-21  5.124404e-21  5.123716e-21  5.102890e-21  5.064327e-21  5.009581e-21  4.942180e-21  4.864359e-21  4.780238e-21  4.693289e-21  4.606185e-21  4.520343e-21  4.437366e-21  4.358310e-21  4.283122e-21  4.212173e-21  4.145705e-21  4.083308e-21  4.026904e-21  3.973956e-21  3.925208e-21  3.878281e-21  3.832649e-21  3.787352e-21  3.740903e-21  3.693396e-21  3.643658e-21  3.592209e-21  3.539302e-21  3.487408e-21  3.435928e-21  3.385449e-21  3.333710e-21  3.280323e-21  3.224661e-21  3.166726e-21  3.108583e-21  3.049668e-21  2.990361e-21  2.930237e-21  2.871336e-21  2.816091e-21  2.764412e-21  2.716549e-21  2.670484e-21  2.624689e-21  2.578904e-21  2.534836e-21  2.493351e-21  2.453233e-21  2.414833e-21  2.376801e-21  2.336884e-21  2.296320e-21  2.255807e-21  2.215324e-21  2.175462e-21  2.136956e-21  2.098810e-21  2.061865e-21  2.025890e-21  1.990503e-21  1.954845e-21  1.917300e-21  1.877639e-21  1.836158e-21  1.794856e-21  1.753927e-21  1.713339e-21  1.673322e-21  1.634374e-21  1.596246e-21  1.560195e-21  1.525513e-21  1.491736e-21  1.459476e-21  1.427284e-21  1.396678e-21  1.367403e-21  1.341305e-21  1.318284e-21  1.297689e-21  1.279401e-21  1.261161e-21  1.241062e-21  1.218046e-21  1.191466e-21  1.162352e-21  1.131992e-21  1.101495e-21  1.072608e-21  1.044706e-21  1.017918e-21  9.912684e-22  9.641146e-22  9.382540e-22  9.117118e-22  8.869097e-22  8.646546e-22  8.434272e-22  8.239868e-22  8.062634e-22  7.903250e-22  7.754767e-22  7.623168e-22  7.497137e-22  7.382756e-22  7.271749e-22  7.165016e-22  7.070149e-22  6.978784e-22  6.910513e-22  6.863002e-22  6.832859e-22  6.804235e-22  6.743310e-22  6.654853e-22  6.525906e-22  6.359888e-22  6.122517e-22  5.897121e-22  5.648960e-22  5.509106e-22  5.399132e-22  5.282502e-22  5.138671e-22  5.022747e-22  4.880000e-22  4.736995e-22  4.595475e-22  4.506352e-22  4.401691e-22  4.318906e-22  4.270203e-22  4.232270e-22  4.207490e-22  4.174491e-22  4.151373e-22  4.132182e-22  4.124571e-22  4.132865e-22  4.159271e-22  4.197311e-22  4.260145e-22  4.324004e-22  4.380855e-22  4.407827e-22  4.393636e-22  4.321354e-22  4.193204e-22  4.004637e-22  3.794046e-22  3.582833e-22  3.387861e-22  3.217492e-22  3.075185e-22  2.955866e-22  2.856227e-22  2.774715e-22  2.705609e-22  2.655815e-22  2.605749e-22  2.562347e-22  2.523020e-22  2.490966e-22  2.460329e-22  2.439879e-22  2.428919e-22  2.428343e-22  2.436390e-22  2.469851e-22  2.522637e-22  2.593674e-22  2.687578e-22  2.804752e-22  2.928976e-22  3.038418e-22  3.121433e-22  3.164310e-22  3.147306e-22  3.086979e-22  2.967575e-22  2.826736e-22  2.669561e-22  2.520424e-22  2.376023e-22  2.260612e-22  2.151976e-22  2.064887e-22  1.983017e-22  1.902520e-22  1.822923e-22  1.746148e-22  1.674869e-22  1.618937e-22  1.572170e-22  1.538204e-22  1.509070e-22  1.484764e-22  1.459797e-22  1.446718e-22  1.426719e-22  1.420170e-22  1.425124e-22  1.429765e-22  1.459493e-22  1.503297e-22  1.583355e-22  1.666693e-22  1.756009e-22  1.844620e-22  1.938857e-22  2.029507e-22  2.147226e-22  2.211994e-22  2.297407e-22  2.297942e-22  2.269283e-22  2.177445e-22  2.129841e-22  1.942462e-22  1.808064e-22  1.815735e-22  1.542388e-22  1.401715e-22  1.294355e-22  1.177544e-22  1.146376e-22  1.010668e-22  9.595053e-23  8.969400e-23  8.655808e-23  8.003227e-23  7.830426e-23  7.420997e-23  7.403259e-23  7.184306e-23  7.217689e-23  7.254331e-23  7.289891e-23  7.379309e-23  7.495871e-23  7.716300e-23  7.930683e-23  8.233637e-23  8.586100e-23  9.146648e-23  9.831526e-23  1.069303e-22  1.154374e-22  1.242955e-22  1.341703e-22  1.428256e-22  1.446365e-22  1.413211e-22  1.369990e-22  1.308606e-22  1.256944e-22  1.187285e-22  1.116321e-22  1.030442e-22  9.405201e-23  8.473691e-23  7.670015e-23  7.081554e-23  6.391877e-23  5.919659e-23  5.409480e-23  4.979737e-23  4.704327e-23  4.379215e-23  4.049648e-23  3.947655e-23  3.793773e-23  3.629910e-23  3.646618e-23  3.538741e-23  3.573762e-23  3.664915e-23  3.727682e-23  3.897390e-23  4.010683e-23  4.121347e-23  4.272593e-23  4.466444e-23  4.715561e-23  4.908129e-23  5.050706e-23  5.099854e-23  5.109113e-23  4.981522e-23  4.821476e-23  4.963535e-23  5.167924e-23  5.693411e-23  6.317244e-23  6.905369e-23  6.926638e-23  8.953895e-23  6.684424e-23  6.892906e-23  6.610774e-23  6.587952e-23  4.797840e-23  4.575469e-23  4.476032e-23  4.764884e-23  4.251422e-23  3.933163e-23  3.908230e-23  3.240793e-23  2.934373e-23  2.981080e-23  3.223761e-23  2.286207e-23  3.560992e-23  2.026217e-23  2.839002e-23  1.991963e-23  2.063218e-23  1.708174e-23  1.883179e-23  1.758879e-23  1.820400e-23  1.983956e-23  1.791172e-23  1.677681e-23  2.491856e-23  2.393582e-23  3.418709e-23  5.938450e-23  8.782613e-23  7.345008e-23  1.218047e-22  1.980689e-22  1.683694e-22  1.654584e-22  9.171826e-23  6.390870e-23  4.186654e-23  6.718246e-23  7.472487e-23  1.899877e-22  1.401860e-22  6.306253e-23  1.480502e-22  6.622717e-23  1.389919e-22  3.754349e-23  1.747907e-22  2.542794e-23  1.187750e-22  3.472707e-23  3.724548e-23  6.206049e-23  5.044411e-23  6.028112e-23  3.240239e-23  3.378851e-23  2.668248e-23  3.460646e-23  2.819068e-23  1.919402e-23  2.558305e-23  2.151024e-23  1.793553e-23  1.628843e-23  1.129041e-23  6.997447e-24  1.159037e-23  6.674913e-24  9.402338e-24  8.270737e-24  9.012383e-24  1.163483e-23  1.144112e-23  8.687595e-24  6.776878e-24  8.675831e-24  1.067492e-23  4.445345e-24  4.644777e-24  6.184581e-24  4.097639e-24  6.970868e-24  6.134932e-24  8.088345e-24  9.765351e-24  1.192060e-23  1.494705e-23  2.775452e-23  3.194260e-23  2.177834e-23  2.204573e-23  2.203048e-23  1.700746e-23  1.120367e-23  1.188929e-23  8.453120e-24  7.427837e-24  6.276032e-24  6.114970e-24  4.395791e-24  4.725796e-24  3.180334e-24  3.775015e-24  2.766523e-24  2.635603e-24  2.813224e-24  2.420081e-24  1.917592e-24  2.322506e-24  1.999135e-24  1.723790e-24  1.476103e-24  1.749744e-24  1.522822e-24  1.232431e-24  1.312219e-24  1.187204e-24  9.482675e-25  8.216164e-25  7.135728e-25  1.016714e-24  6.516898e-25  6.722478e-25  4.978845e-25  6.189738e-25  6.338969e-25  5.063240e-25  5.502850e-25  5.444370e-25  5.696121e-25  5.018275e-25  6.758413e-25  7.890613e-25  7.715987e-25  8.860579e-25  9.198360e-25  1.235028e-24  1.479636e-24  1.714084e-24  2.006331e-24  2.404870e-24  3.319019e-24  6.367138e-24  5.558908e-24  4.041908e-24  4.238204e-24  4.049589e-24  3.250476e-24  2.407415e-24  2.197671e-24  1.047018e-24  1.462401e-24  8.058628e-25  1.006004e-24  6.934544e-25  4.547632e-25  6.662096e-25  4.939772e-25  3.420356e-25  4.740269e-25  4.069045e-25  6.455341e-25  9.469592e-25  3.557580e-25  3.325181e-25  3.089484e-25  3.082409e-25  1.599061e-25  2.222319e-25  1.840859e-25  5.141050e-26  4.389923e-25  6.111405e-26  5.281833e-25  2.945703e-25  5.814775e-27  8.523078e-25  6.189559e-25  1.717618e-25  3.421852e-26  1.151660e-24  3.054043e-25  3.171024e-24  7.218263e-25  1.219258e-25  1.264369e-24  8.412367e-25  4.081891e-25  1.359610e-25  4.690005e-24  3.237301e-25  2.697272e-24  1.440758e-24  1.937648e-25  2.782015e-24  1.500303e-24  4.983276e-24
3.911407e-21  6.051348e-21  3.312674e-21  2.217072e-21  3.942838e-21  1.723271e-21  1.204909e-21  2.392334e-21  1.777285e-21  7.851021e-22  1.242612e-21  8.468214e-22  3.969750e-22  4.566621e-22  9.164272e-22  5.237360e-22  3.036986e-22  2.869773e-22  2.269090e-22  1.230292e-22  1.378181e-22  1.677963e-22  2.377748e-22  1.203547e-22  6.107174e-23  5.892456e-23  4.461824e-23  5.351155e-23  3.938934e-23  3.422329e-23  5.340766e-23  3.079594e-23  1.610776e-23  1.165135e-23  1.042679e-23  1.670783e-23  1.415278e-23  7.838635e-24  6.926442e-24  8.978400e-24  6.061592e-24  5.228395e-24  3.930472e-24  2.771681e-24  4.660010e-24  3.956307e-24  2.547072e-24  2.400178e-24  2.678480e-24  2.423046e-24  2.345556e-24  2.680710e-24  2.896533e-24  3.127525e-24  3.487980e-24  2.754563e-24  3.094458e-24  3.498724e-24  4.001006e-24  4.963890e-24  5.400356e-24  5.431179e-24  5.609535e-24  6.361206e-24  7.380359e-24  8.942639e-24  9.597139e-24  9.259950e-24  8.684545e-24  8.981605e-24  9.741023e-24  1.152910e-23  1.307056e-23  1.401125e-23  1.402152e-23  1.401600e-23  1.501074e-23  1.751008e-23  2.149398e-23  2.462350e-23  2.640653e-23  2.665385e-23  2.571587e-23  2.405417e-23  2.466573e-23  2.740635e-23  3.133673e-23  3.471049e-23  3.624960e-23  3.617718e-23  3.548157e-23  3.779158e-23  4.373815e-23  5.183772e-23  6.082951e-23  6.795050e-23  7.037324e-23  6.826441e-23  6.394117e-23  6.036963e-23  6.069427e-23  6.659802e-23  7.556072e-23  8.275648e-23  8.475937e-23  8.304170e-23  8.188966e-23  8.538037e-23  9.560705e-23  1.118608e-22  1.318269e-22  1.513047e-22  1.666024e-22  1.736820e-22  1.704999e-22  1.588360e-22  1.472209e-22  1.427011e-22  1.491487e-22  1.674273e-22  1.825070e-22  1.922309e-22  1.939734e-22  1.896984e-22  1.892812e-22  1.970792e-22  2.184295e-22  2.510654e-22  2.870156e-22  3.257526e-22  3.628202e-22  3.894618e-22  3.986726e-22  3.884252e-22  3.663350e-22  3.435046e-22  3.297752e-22  3.326704e-22  3.540695e-22  3.817355e-22  4.003005e-22  4.066857e-22  4.066443e-22  4.078967e-22  4.178137e-22  4.431195e-22  4.840891e-22  5.393471e-22  6.027087e-22  6.717201e-22  7.399852e-22  7.986974e-22  8.324819e-22  8.364606e-22  8.165731e-22  7.846179e-22  7.531742e-22  7.331512e-22  7.334334e-22  7.549875e-22  7.871613e-22  8.171922e-22  8.361790e-22  8.449913e-22  8.505541e-22  8.616084e-22  8.872530e-22  9.324070e-22  9.971211e-22  1.076550e-21  1.166932e-21  1.264840e-21  1.365468e-21  1.457939e-21  1.534402e-21  1.583638e-21  1.601959e-21  1.592927e-21  1.565382e-21  1.532644e-21  1.506829e-21  1.496433e-21  1.505341e-21  1.531514e-21  1.568051e-21  1.606779e-21  1.641645e-21  1.672214e-21  1.700741e-21  1.730935e-21  1.766972e-21  1.813134e-21  1.871858e-21  1.943555e-21  2.026558e-21  2.118886e-21  2.215980e-21  2.316815e-21  2.416382e-21  2.512021e-21  2.598540e-21  2.672176e-21  2.729261e-21  2.766869e-21  2.784827e-21  2.786686e-21  2.780067e-21  2.774975e-21  2.780657e-21  2.803229e-21  2.841998e-21  2.893949e-21  2.952897e-21  3.012775e-21  3.068398e-21  3.116664e-21  3.157490e-21  3.192473e-21  3.223068e-21  3.251126e-21  3.279654e-21  3.309096e-21  3.342377e-21  3.378803e-21  3.420298e-21  3.468162e-21  3.525242e-21  3.593981e-21  3.674017e-21  3.764188e-21  3.861345e-21  3.960549e-21  4.056722e-21  4.145139e-21  4.223656e-21  4.293869e-21  4.356093e-21  4.413059e-21  4.469312e-21  4.526146e-21  4.582830e-21  4.637951e-21  4.685391e-21  4.719938e-21  4.737462e-21  4.735368e-21  4.716085e-21  4.683439e-21  4.643189e-21  4.597093e-21  4.549564e-21  4.503029e-21  4.460327e-21  4.423571e-21  4.392746e-21  4.368822e-21  4.351376e-21  4.342622e-21  4.341943e-21  4.350034e-21  4.368764e-21  4.401001e-21  4.448858e-21  4.513497e-21  4.592447e-21  4.679880e-21  4.771248e-21  4.861860e-21  4.947199e-21  5.022053e-21  5.080744e-21  5.120618e-21  5.138992e-21  5.137532e-21  5.114080e-21  5.073643e-21  5.017875e-21  4.948551e-21  4.868861e-21  4.782878e-21  4.694576e-21  4.606624e-21  4.519851e-21  4.435968e-21  4.356252e-21  4.280689e-21  4.209973e-21  4.142679e-21  4.081017e-21  4.024376e-21  3.971620e-21  3.922672e-21  3.876228e-21  3.830261e-21  3.784755e-21  3.738614e-21  3.690867e-21  3.641117e-21  3.589006e-21  3.535971e-21  3.482910e-21  3.430677e-21  3.379512e-21  3.326996e-21  3.272902e-21  3.216069e-21  3.156888e-21  3.097812e-21  3.038201e-21  2.977710e-21  2.917041e-21  2.856964e-21  2.800630e-21  2.749060e-21  2.701009e-21  2.654936e-21  2.608367e-21  2.562656e-21  2.518604e-21  2.476977e-21  2.436797e-21  2.398323e-21  2.360032e-21  2.320127e-21  2.279050e-21  2.238108e-21  2.197338e-21  2.157546e-21  2.118644e-21  2.080592e-21  2.043502e-21  2.007454e-21  1.972112e-21  1.936374e-21  1.898641e-21  1.858253e-21  1.816846e-21  1.775328e-21  1.733933e-21  1.693221e-21  1.653291e-21  1.614137e-21  1.576171e-21  1.539871e-21  1.505039e-21  1.471871e-21  1.438994e-21  1.407308e-21  1.375977e-21  1.347278e-21  1.321306e-21  1.298243e-21  1.278212e-21  1.259931e-21  1.242062e-21  1.222149e-21  1.199184e-21  1.172664e-21  1.143346e-21  1.113030e-21  1.082501e-21  1.053306e-21  1.025933e-21  9.992776e-22  9.728771e-22  9.459402e-22  9.202037e-22  8.937722e-22  8.691447e-22  8.469726e-22  8.256990e-22  8.065082e-22  7.891511e-22  7.735820e-22  7.592885e-22  7.463843e-22  7.343066e-22  7.232137e-22  7.124961e-22  7.025520e-22  6.929850e-22  6.847574e-22  6.780673e-22  6.741974e-22  6.717032e-22  6.695450e-22  6.638920e-22  6.548298e-22  6.418249e-22  6.252856e-22  6.014650e-22  5.791657e-22  5.538120e-22  5.397809e-22  5.291793e-22  5.182650e-22  5.033844e-22  4.925833e-22  4.775542e-22  4.639372e-22  4.494698e-22  4.403777e-22  4.302311e-22  4.228033e-22  4.179108e-22  4.150071e-22  4.125535e-22  4.102501e-22  4.078712e-22  4.063471e-22  4.061909e-22  4.074890e-22  4.105871e-22  4.155716e-22  4.218679e-22  4.288975e-22  4.354623e-22  4.383788e-22  4.369502e-22  4.294826e-22  4.159146e-22  3.966237e-22  3.746597e-22  3.529638e-22  3.332742e-22  3.162958e-22  3.019842e-22  2.900972e-22  2.806211e-22  2.727203e-22  2.666227e-22  2.610030e-22  2.563540e-22  2.520885e-22  2.483136e-22  2.452401e-22  2.425416e-22  2.406411e-22  2.398761e-22  2.399016e-22  2.416031e-22  2.449992e-22  2.502958e-22  2.587731e-22  2.687264e-22  2.809228e-22  2.933843e-22  3.052902e-22  3.144451e-22  3.181918e-22  3.167967e-22  3.103695e-22  2.979230e-22  2.829360e-22  2.665888e-22  2.508659e-22  2.365991e-22  2.245234e-22  2.142379e-22  2.053483e-22  1.974406e-22  1.895176e-22  1.817484e-22  1.745860e-22  1.671271e-22  1.611085e-22  1.562730e-22  1.530552e-22  1.499536e-22  1.475820e-22  1.451674e-22  1.437564e-22  1.421067e-22  1.415543e-22  1.419860e-22  1.431576e-22  1.462214e-22  1.518612e-22  1.590154e-22  1.680979e-22  1.773390e-22  1.862883e-22  1.962586e-22  2.059590e-22  2.162959e-22  2.236903e-22  2.329830e-22  2.326842e-22  2.302311e-22  2.194896e-22  2.154873e-22  1.946972e-22  1.808608e-22  1.803385e-22  1.526318e-22  1.380690e-22  1.281658e-22  1.142257e-22  1.126473e-22  9.840566e-23  9.210699e-23  8.645640e-23  8.383684e-23  7.636399e-23  7.496391e-23  7.162543e-23  6.996169e-23  6.906741e-23  6.868650e-23  6.885356e-23  6.876750e-23  7.073520e-23  7.218064e-23  7.436540e-23  7.669330e-23  7.969788e-23  8.378848e-23  8.910148e-23  9.589894e-23  1.041739e-22  1.106130e-22  1.181052e-22  1.302384e-22  1.394808e-22  1.416051e-22  1.388391e-22  1.323252e-22  1.256284e-22  1.199623e-22  1.140682e-22  1.062361e-22  9.770514e-23  8.807591e-23  7.944498e-23  7.060533e-23  6.446122e-23  5.917944e-23  5.319159e-23  4.928868e-23  4.591804e-23  4.230091e-23  3.994134e-23  3.660423e-23  3.605108e-23  3.404600e-23  3.346149e-23  3.248440e-23  3.324843e-23  3.372088e-23  3.353953e-23  3.384847e-23  3.578255e-23  3.712462e-23  3.854489e-23  4.022437e-23  4.316172e-23  4.518564e-23  4.669941e-23  4.818106e-23  4.951851e-23  4.933529e-23  4.748795e-23  4.600387e-23  4.792150e-23  5.027795e-23  5.492299e-23  6.211643e-23  6.770493e-23  6.764114e-23  8.892220e-23  6.499608e-23  6.809828e-23  6.538151e-23  6.614634e-23  4.628686e-23  4.334266e-23  4.358535e-23  4.499403e-23  4.027097e-23  3.671569e-23  3.775140e-23  2.973591e-23  2.721978e-23  2.790229e-23  3.014982e-23  2.080625e-23  3.448470e-23  1.874082e-23  2.683154e-23  1.795605e-23  1.883227e-23  1.548332e-23  1.685420e-23  1.645989e-23  1.700770e-23  1.892977e-23  1.700061e-23  1.572425e-23  2.369834e-23  2.092105e-23  2.991634e-23  5.437641e-23  8.075514e-23  6.801631e-23  1.190158e-22  2.027936e-22  1.747016e-22  1.770615e-22  9.169063e-23  6.799452e-23  4.185315e-23  7.002243e-23  7.813463e-23  2.039284e-22  1.427130e-22  6.138244e-23  1.484552e-22  6.690138e-23  1.442880e-22  3.685993e-23  1.788295e-22  2.362425e-23  1.169810e-22  3.181850e-23  3.463909e-23  5.803451e-23  4.690267e-23  5.447103e-23  2.950008e-23  2.921121e-23  2.487426e-23  3.433886e-23  2.521371e-23  1.769671e-23  2.371286e-23  1.984811e-23  1.738073e-23  1.507784e-23  1.078574e-23  5.759610e-24  1.156926e-23  6.097382e-24  9.388964e-24  7.584660e-24  8.073709e-24  1.126522e-23  1.033214e-23  7.715322e-24  6.108466e-24  7.550214e-24  9.593867e-24  3.851831e-24  3.928600e-24  4.795200e-24  3.525120e-24  6.055153e-24  5.497765e-24  7.978680e-24  9.486165e-24  1.177142e-23  1.482874e-23  2.829688e-23  3.404359e-23  2.218076e-23  2.273250e-23  2.236790e-23  1.657590e-23  1.060868e-23  1.166949e-23  7.706566e-24  6.960068e-24  5.504250e-24  5.235989e-24  3.813630e-24  4.075156e-24  2.479195e-24  3.259833e-24  2.194765e-24  1.827543e-24  2.456839e-24  2.057030e-24  1.458539e-24  1.603967e-24  1.363171e-24  1.190535e-24  9.317539e-25  1.414048e-24  8.350213e-25  7.484194e-25  9.860878e-25  7.807394e-25  4.923900e-25  6.678536e-25  6.218345e-25  7.611348e-25  5.452073e-25  4.785146e-25  2.590399e-25  3.922276e-25  3.819413e-25  5.002062e-25  4.539525e-25  5.750849e-25  3.796845e-25  4.602284e-25  6.285145e-25  4.956059e-25  5.912230e-25  8.113967e-25  9.648724e-25  1.111560e-24  1.272725e-24  1.791368e-24  2.010459e-24  2.586430e-24  3.468824e-24  6.530572e-24  5.894635e-24  4.306596e-24  4.490527e-24  4.324531e-24  3.132083e-24  2.285090e-24  2.131169e-24  9.762045e-25  1.510469e-24  7.851597e-25  8.831137e-25  7.723090e-25  5.361056e-25  7.007596e-25  6.621992e-25  4.494826e-25  5.578794e-25  4.569606e-25  6.138167e-25  7.769672e-25  6.303316e-25  4.340843e-25  5.584231e-25  4.914081e-25  3.063408e-25  4.150752e-25  5.322191e-25  3.356361e-25  5.339405e-25  1.237634e-25  6.203611e-25  3.668785e-25  6.731335e-26  1.061108e-24  6.078578e-25  3.053465e-25  2.177410e-25  1.181068e-24  4.810656e-25  3.284884e-24  7.233911e-25  1.654737e-25  1.337886e-24  8.355741e-25  4.226205e-25  1.834748e-25  4.944700e-24  3.821453e-25  2.928472e-24  1.314768e-24  2.161247e-25  2.562631e-24  1.639558e-24  5.345073e-24
3.452469e-21  5.680220e-21  2.791455e-21  1.846630e-21  3.634640e-21  1.398256e-21  9.523513e-22  2.222221e-21  1.575847e-21  5.847262e-22  1.083551e-21  7.340546e-22  2.867295e-22  3.268579e-22  8.704373e-22  4.599061e-22  2.086591e-22  2.424923e-22  2.002564e-22  8.285072e-23  8.306399e-23  1.456839e-22  2.300471e-22  8.889477e-23  3.931447e-23  4.674690e-23  3.167364e-23  3.101639e-23  2.128016e-23  2.490275e-23  4.636263e-23  2.160087e-23  9.946625e-24  6.969023e-24  6.957669e-24  9.706798e-24  7.493539e-24  4.255248e-24  4.851379e-24  6.795248e-24  3.695864e-24  2.294626e-24  1.857795e-24  1.478837e-24  2.560054e-24  1.979725e-24  1.406595e-24  1.433078e-24  1.429494e-24  1.255836e-24  1.320554e-24  1.573538e-24  1.892316e-24  2.134714e-24  2.249034e-24  2.016007e-24  2.145122e-24  2.641341e-24  2.969630e-24  3.252042e-24  3.796465e-24  3.894705e-24  4.035556e-24  4.788515e-24  5.970123e-24  7.164249e-24  7.538926e-24  7.043789e-24  6.780122e-24  7.088929e-24  8.255503e-24  9.753278e-24  1.114137e-23  1.182423e-23  1.135741e-23  1.114931e-23  1.226344e-23  1.533665e-23  1.946230e-23  2.249903e-23  2.398011e-23  2.374133e-23  2.195092e-23  2.053047e-23  2.121009e-23  2.406661e-23  2.830208e-23  3.148825e-23  3.239327e-23  3.138316e-23  3.109739e-23  3.436194e-23  4.079597e-23  4.914699e-23  5.839080e-23  6.537458e-23  6.735390e-23  6.496788e-23  6.016237e-23  5.635845e-23  5.689561e-23  6.355594e-23  7.323444e-23  8.049144e-23  8.188407e-23  7.954152e-23  7.815273e-23  8.172085e-23  9.322604e-23  1.115421e-22  1.325109e-22  1.524965e-22  1.672327e-22  1.731775e-22  1.674707e-22  1.542315e-22  1.423003e-22  1.383462e-22  1.449491e-22  1.599291e-22  1.773597e-22  1.844518e-22  1.845223e-22  1.803472e-22  1.807800e-22  1.900354e-22  2.116078e-22  2.438016e-22  2.808873e-22  3.201359e-22  3.574740e-22  3.840788e-22  3.906594e-22  3.769649e-22  3.510317e-22  3.268359e-22  3.142235e-22  3.202631e-22  3.439278e-22  3.717947e-22  3.899915e-22  3.950589e-22  3.931415e-22  3.933245e-22  4.030262e-22  4.288567e-22  4.718670e-22  5.287379e-22  5.937688e-22  6.623192e-22  7.303718e-22  7.874499e-22  8.212213e-22  8.229809e-22  7.996673e-22  7.639316e-22  7.299687e-22  7.108420e-22  7.138330e-22  7.378416e-22  7.717717e-22  8.016882e-22  8.200365e-22  8.279269e-22  8.336419e-22  8.453718e-22  8.717372e-22  9.178585e-22  9.833341e-22  1.064234e-21  1.156067e-21  1.255629e-21  1.356941e-21  1.450761e-21  1.525878e-21  1.573320e-21  1.589325e-21  1.577266e-21  1.546983e-21  1.512929e-21  1.486863e-21  1.477742e-21  1.488179e-21  1.516401e-21  1.554230e-21  1.593211e-21  1.628533e-21  1.659581e-21  1.688428e-21  1.719403e-21  1.755795e-21  1.801995e-21  1.861988e-21  1.934670e-21  2.018949e-21  2.112556e-21  2.211066e-21  2.312499e-21  2.412338e-21  2.507205e-21  2.593032e-21  2.665566e-21  2.720609e-21  2.757095e-21  2.773911e-21  2.773681e-21  2.766354e-21  2.761445e-21  2.768077e-21  2.791642e-21  2.832226e-21  2.886500e-21  2.947070e-21  3.008178e-21  3.064601e-21  3.113324e-21  3.153765e-21  3.187756e-21  3.218083e-21  3.245449e-21  3.273407e-21  3.303194e-21  3.335897e-21  3.372644e-21  3.414189e-21  3.462437e-21  3.520533e-21  3.590287e-21  3.671381e-21  3.763108e-21  3.861637e-21  3.962048e-21  4.058350e-21  4.146859e-21  4.225162e-21  4.294458e-21  4.356952e-21  4.414286e-21  4.470622e-21  4.527897e-21  4.585744e-21  4.641505e-21  4.689853e-21  4.724910e-21  4.741707e-21  4.739075e-21  4.718579e-21  4.685706e-21  4.643854e-21  4.597615e-21  4.549428e-21  4.502557e-21  4.459307e-21  4.422287e-21  4.391587e-21  4.368085e-21  4.351628e-21  4.343391e-21  4.343725e-21  4.353292e-21  4.373063e-21  4.406207e-21  4.455977e-21  4.522404e-21  4.603393e-21  4.693184e-21  4.785791e-21  4.878341e-21  4.964775e-21  5.040058e-21  5.098941e-21  5.138125e-21  5.155731e-21  5.152415e-21  5.128457e-21  5.087261e-21  5.029408e-21  4.958865e-21  4.878055e-21  4.791755e-21  4.702090e-21  4.613229e-21  4.526601e-21  4.442227e-21  4.362188e-21  4.286684e-21  4.215591e-21  4.148788e-21  4.087021e-21  4.030347e-21  3.978468e-21  3.929686e-21  3.883057e-21  3.837548e-21  3.792445e-21  3.746141e-21  3.698160e-21  3.648293e-21  3.596485e-21  3.542568e-21  3.489219e-21  3.437163e-21  3.385047e-21  3.333964e-21  3.278075e-21  3.219863e-21  3.159967e-21  3.099948e-21  3.039700e-21  2.978256e-21  2.916246e-21  2.855589e-21  2.798673e-21  2.746483e-21  2.698241e-21  2.651612e-21  2.605079e-21  2.558613e-21  2.514241e-21  2.472422e-21  2.432204e-21  2.393812e-21  2.355460e-21  2.315072e-21  2.273458e-21  2.232160e-21  2.190687e-21  2.150574e-21  2.111454e-21  2.073243e-21  2.036094e-21  2.000012e-21  1.964816e-21  1.929433e-21  1.891316e-21  1.850614e-21  1.808478e-21  1.766473e-21  1.724928e-21  1.683651e-21  1.643317e-21  1.603907e-21  1.565690e-21  1.529192e-21  1.494346e-21  1.460725e-21  1.428143e-21  1.395772e-21  1.364629e-21  1.335387e-21  1.309282e-21  1.286413e-21  1.266395e-21  1.248649e-21  1.231009e-21  1.211412e-21  1.188327e-21  1.161590e-21  1.132096e-21  1.101192e-21  1.070502e-21  1.041271e-21  1.013664e-21  9.870211e-22  9.606055e-22  9.337247e-22  9.081223e-22  8.812181e-22  8.565328e-22  8.343463e-22  8.132115e-22  7.941497e-22  7.771175e-22  7.618458e-22  7.478740e-22  7.353268e-22  7.237967e-22  7.130993e-22  7.028018e-22  6.929558e-22  6.838951e-22  6.759655e-22  6.699471e-22  6.663313e-22  6.646920e-22  6.633389e-22  6.580636e-22  6.487867e-22  6.356568e-22  6.186972e-22  5.949423e-22  5.730615e-22  5.461870e-22  5.321204e-22  5.220712e-22  5.110892e-22  4.961959e-22  4.856283e-22  4.700123e-22  4.557729e-22  4.411896e-22  4.320354e-22  4.225520e-22  4.152860e-22  4.108315e-22  4.082850e-22  4.065590e-22  4.046011e-22  4.020895e-22  4.008642e-22  4.010402e-22  4.026346e-22  4.062534e-22  4.119382e-22  4.193439e-22  4.270900e-22  4.341191e-22  4.374479e-22  4.361576e-22  4.285803e-22  4.139911e-22  3.938666e-22  3.708941e-22  3.482493e-22  3.278175e-22  3.107964e-22  2.962095e-22  2.843382e-22  2.745674e-22  2.667794e-22  2.607096e-22  2.554627e-22  2.509128e-22  2.465763e-22  2.431137e-22  2.398908e-22  2.377324e-22  2.358954e-22  2.353349e-22  2.355656e-22  2.373844e-22  2.409020e-22  2.465135e-22  2.547735e-22  2.660043e-22  2.787389e-22  2.919637e-22  3.047701e-22  3.142896e-22  3.188839e-22  3.170307e-22  3.099794e-22  2.974224e-22  2.812749e-22  2.645909e-22  2.476128e-22  2.330473e-22  2.207215e-22  2.100644e-22  2.013024e-22  1.935773e-22  1.858063e-22  1.778739e-22  1.704985e-22  1.624346e-22  1.571658e-22  1.525963e-22  1.488243e-22  1.455731e-22  1.431679e-22  1.412056e-22  1.393652e-22  1.379195e-22  1.373154e-22  1.376181e-22  1.389955e-22  1.425255e-22  1.478485e-22  1.559102e-22  1.652509e-22  1.750840e-22  1.843946e-22  1.947546e-22  2.042569e-22  2.150629e-22  2.224117e-22  2.323752e-22  2.335477e-22  2.306331e-22  2.200609e-22  2.167054e-22  1.938457e-22  1.785861e-22  1.780864e-22  1.489127e-22  1.349127e-22  1.246811e-22  1.110657e-22  1.104602e-22  9.478124e-23  8.915207e-23  8.322620e-23  7.975903e-23  7.289754e-23  7.170329e-23  6.899276e-23  6.769900e-23  6.800636e-23  6.775127e-23  6.747350e-23  6.873476e-23  6.911223e-23  7.119472e-23  7.258696e-23  7.671621e-23  7.991696e-23  8.372898e-23  8.800888e-23  9.663266e-23  1.062124e-22  1.169163e-22  1.273390e-22  1.402460e-22  1.489561e-22  1.501033e-22  1.456182e-22  1.401381e-22  1.330881e-22  1.268633e-22  1.188370e-22  1.106088e-22  1.022842e-22  9.200281e-23  8.174452e-23  7.319705e-23  6.610718e-23  5.991994e-23  5.509336e-23  4.912289e-23  4.543241e-23  4.188172e-23  3.856324e-23  3.647405e-23  3.494088e-23  3.321635e-23  3.257062e-23  3.194436e-23  3.198266e-23  3.218025e-23  3.323039e-23  3.398194e-23  3.573717e-23  3.729075e-23  3.880561e-23  4.061275e-23  4.237918e-23  4.464390e-23  4.705343e-23  4.898338e-23  4.976706e-23  4.974151e-23  4.739449e-23  4.517009e-23  4.640615e-23  4.931608e-23  5.443470e-23  6.099608e-23  6.708405e-23  6.775973e-23  9.103682e-23  6.544613e-23  6.868725e-23  6.612542e-23  6.821866e-23  4.492263e-23  4.249349e-23  4.223559e-23  4.312486e-23  3.832149e-23  3.406887e-23  3.713761e-23  2.695962e-23  2.486632e-23  2.553989e-23  2.841146e-23  1.849500e-23  3.298638e-23  1.613754e-23  2.471114e-23  1.613647e-23  1.612240e-23  1.377900e-23  1.453861e-23  1.465474e-23  1.477453e-23  1.722403e-23  1.499849e-23  1.382944e-23  2.203876e-23  1.768631e-23  2.443488e-23  4.626357e-23  6.984846e-23  5.944804e-23  1.122125e-22  2.057742e-22  1.818720e-22  1.931665e-22  9.085227e-23  7.294170e-23  4.150369e-23  7.320566e-23  8.291382e-23  2.233841e-22  1.469997e-22  5.869816e-23  1.479199e-22  6.884818e-23  1.525516e-22  3.584307e-23  1.828502e-22  2.128208e-23  1.121522e-22  2.821808e-23  3.105730e-23  5.164538e-23  4.197499e-23  4.639459e-23  2.583737e-23  2.374656e-23  2.274643e-23  3.355048e-23  2.234809e-23  1.549641e-23  2.256544e-23  1.769884e-23  1.637019e-23  1.369793e-23  9.759599e-24  4.714062e-24  1.152929e-23  5.185743e-24  8.949911e-24  6.403304e-24  6.723487e-24  1.031872e-23  9.229488e-24  6.386874e-24  5.026065e-24  5.857384e-24  7.509834e-24  2.782309e-24  2.766267e-24  3.451267e-24  2.482478e-24  4.692242e-24  4.785221e-24  6.838911e-24  8.914337e-24  1.216492e-23  1.495995e-23  2.894300e-23  3.692121e-23  2.356045e-23  2.415801e-23  2.276451e-23  1.629050e-23  1.020221e-23  1.102859e-23  7.533607e-24  6.500803e-24  5.175818e-24  5.181465e-24  3.620507e-24  3.772683e-24  2.375301e-24  3.078667e-24  2.340215e-24  2.174724e-24  2.206315e-24  1.985212e-24  1.510550e-24  1.809488e-24  1.623577e-24  1.408496e-24  1.243040e-24  1.502685e-24  1.255706e-24  1.149606e-24  1.322308e-24  1.100742e-24  9.736993e-25  1.121623e-24  1.025699e-24  1.259713e-24  8.884513e-25  9.590878e-25  9.859322e-25  1.026638e-24  9.752413e-25  9.916907e-25  9.533144e-25  1.017326e-24  1.141131e-24  1.031940e-24  1.130222e-24  1.191983e-24  1.186887e-24  1.310124e-24  1.440448e-24  1.651356e-24  2.020136e-24  2.423508e-24  2.778602e-24  3.266743e-24  4.257270e-24  7.715332e-24  7.379441e-24  5.678138e-24  5.625561e-24  5.382331e-24  4.130063e-24  3.283756e-24  2.987787e-24  1.963378e-24  2.342832e-24  1.728949e-24  1.982551e-24  1.627042e-24  1.425035e-24  1.646920e-24  1.395523e-24  1.292916e-24  1.509387e-24  1.438212e-24  1.501216e-24  1.693770e-24  1.376069e-24  1.442430e-24  1.363058e-24  1.451527e-24  1.256249e-24  1.175022e-24  1.321524e-24  1.116797e-24  1.346332e-24  1.107402e-24  1.365683e-24  1.230194e-24  1.062306e-24  1.734823e-24  1.424830e-24  1.233890e-24  1.056671e-24  1.898404e-24  1.193700e-24  4.153798e-24  1.652756e-24  1.154256e-24  2.148072e-24  1.682232e-24  1.319360e-24  1.224690e-24  6.121600e-24  1.210737e-24  3.862072e-24  2.101733e-24  1.156340e-24  3.329675e-24  2.283802e-24  6.598071e-24
3.246127e-21  5.586369e-21  2.486999e-21  1.645896e-21  3.541272e-21  1.206501e-21  8.120936e-22  2.194699e-21  1.467798e-21  4.557662e-22  1.006919e-21  6.384447e-22  2.092950e-22  2.595324e-22  8.528787e-22  3.913969e-22  1.360170e-22  2.109384e-22  1.708041e-22  5.121700e-23  4.587835e-23  1.348927e-22  2.116546e-22  5.854028e-23  2.188671e-23  3.598584e-23  2.154850e-23  1.672581e-23  1.069434e-23  1.870901e-23  3.660536e-23  1.304441e-23  5.373205e-24  3.879889e-24  4.172069e-24  5.026701e-24  3.217393e-24  1.689153e-24  2.770684e-24  4.510215e-24  2.047307e-24  9.401053e-25  4.378086e-25  5.180571e-25  1.171586e-24  8.687971e-25  5.601823e-25  7.688122e-25  9.083792e-25  7.271966e-25  1.096744e-24  1.149427e-24  5.054633e-25  1.217592e-24  1.435807e-24  1.114764e-24  1.251185e-24  1.695229e-24  1.907467e-24  1.757024e-24  2.301485e-24  2.327110e-24  2.717914e-24  3.505965e-24  4.702279e-24  5.678932e-24  6.259393e-24  6.122133e-24  5.647321e-24  5.841116e-24  6.524797e-24  7.523541e-24  8.739318e-24  9.034078e-24  8.408487e-24  7.886613e-24  8.880942e-24  1.184351e-23  1.622038e-23  1.926172e-23  2.031920e-23  1.969769e-23  1.736142e-23  1.541170e-23  1.546166e-23  1.849104e-23  2.308850e-23  2.652222e-23  2.739390e-23  2.622990e-23  2.572050e-23  2.816500e-23  3.493663e-23  4.432108e-23  5.425474e-23  6.156496e-23  6.298305e-23  5.957696e-23  5.396063e-23  4.958533e-23  5.019039e-23  5.749111e-23  6.781843e-23  7.518748e-23  7.628713e-23  7.343844e-23  7.192763e-23  7.640391e-23  8.927936e-23  1.085695e-22  1.289622e-22  1.467650e-22  1.613058e-22  1.684701e-22  1.643954e-22  1.517561e-22  1.388803e-22  1.347478e-22  1.427927e-22  1.617056e-22  1.801974e-22  1.882558e-22  1.867642e-22  1.806052e-22  1.796702e-22  1.902601e-22  2.142194e-22  2.479392e-22  2.856924e-22  3.257364e-22  3.624232e-22  3.884207e-22  3.940685e-22  3.772858e-22  3.502425e-22  3.254187e-22  3.129330e-22  3.207747e-22  3.455059e-22  3.749503e-22  3.925377e-22  3.969097e-22  3.940827e-22  3.941535e-22  4.047033e-22  4.318475e-22  4.758834e-22  5.332011e-22  5.989770e-22  6.684665e-22  7.370415e-22  7.940560e-22  8.254599e-22  8.247215e-22  7.984233e-22  7.614131e-22  7.279244e-22  7.093932e-22  7.142729e-22  7.398523e-22  7.746768e-22  8.045261e-22  8.221241e-22  8.293393e-22  8.347504e-22  8.469032e-22  8.743473e-22  9.216647e-22  9.888284e-22  1.070474e-21  1.163558e-21  1.264086e-21  1.366832e-21  1.459883e-21  1.533317e-21  1.578743e-21  1.592142e-21  1.577758e-21  1.545695e-21  1.510415e-21  1.484613e-21  1.476278e-21  1.488690e-21  1.518423e-21  1.557388e-21  1.596796e-21  1.632089e-21  1.663026e-21  1.691643e-21  1.722651e-21  1.759802e-21  1.806995e-21  1.867155e-21  1.940494e-21  2.026147e-21  2.120627e-21  2.219961e-21  2.321823e-21  2.422412e-21  2.516871e-21  2.601827e-21  2.672814e-21  2.727253e-21  2.762293e-21  2.777208e-21  2.776049e-21  2.767056e-21  2.761443e-21  2.768083e-21  2.792985e-21  2.835613e-21  2.891364e-21  2.953379e-21  3.015108e-21  3.071878e-21  3.120456e-21  3.160585e-21  3.194166e-21  3.223580e-21  3.251141e-21  3.278579e-21  3.309003e-21  3.341246e-21  3.377378e-21  3.418759e-21  3.468458e-21  3.527397e-21  3.598400e-21  3.680903e-21  3.773902e-21  3.873081e-21  3.974283e-21  4.070371e-21  4.158299e-21  4.236082e-21  4.304829e-21  4.366817e-21  4.423579e-21  4.479752e-21  4.537451e-21  4.596095e-21  4.652305e-21  4.701087e-21  4.736059e-21  4.752085e-21  4.747772e-21  4.727043e-21  4.692447e-21  4.649631e-21  4.603095e-21  4.553549e-21  4.506220e-21  4.463138e-21  4.426913e-21  4.396364e-21  4.373208e-21  4.357828e-21  4.350517e-21  4.351565e-21  4.362099e-21  4.383510e-21  4.417858e-21  4.469460e-21  4.538105e-21  4.621118e-21  4.711746e-21  4.805408e-21  4.898372e-21  4.984972e-21  5.059299e-21  5.117251e-21  5.154875e-21  5.171324e-21  5.165757e-21  5.140368e-21  5.097697e-21  5.040003e-21  4.967857e-21  4.886545e-21  4.799425e-21  4.709265e-21  4.619486e-21  4.532106e-21  4.447735e-21  4.367817e-21  4.292057e-21  4.220928e-21  4.154855e-21  4.093070e-21  4.036731e-21  3.984621e-21  3.936104e-21  3.889482e-21  3.844121e-21  3.799484e-21  3.753817e-21  3.705975e-21  3.656067e-21  3.603665e-21  3.549923e-21  3.496102e-21  3.443393e-21  3.390956e-21  3.338550e-21  3.282458e-21  3.223806e-21  3.162614e-21  3.102080e-21  3.041352e-21  2.979504e-21  2.916718e-21  2.855670e-21  2.798044e-21  2.745557e-21  2.696896e-21  2.650515e-21  2.603475e-21  2.556441e-21  2.511832e-21  2.469990e-21  2.429740e-21  2.391232e-21  2.352768e-21  2.312147e-21  2.269948e-21  2.228151e-21  2.186181e-21  2.145800e-21  2.106517e-21  2.068298e-21  2.030959e-21  1.995058e-21  1.959948e-21  1.924416e-21  1.886204e-21  1.844791e-21  1.802226e-21  1.759704e-21  1.717666e-21  1.676253e-21  1.635767e-21  1.596025e-21  1.557732e-21  1.521034e-21  1.486077e-21  1.452436e-21  1.419681e-21  1.387277e-21  1.355903e-21  1.326482e-21  1.300403e-21  1.277555e-21  1.257879e-21  1.240469e-21  1.223203e-21  1.203742e-21  1.180717e-21  1.153792e-21  1.123791e-21  1.092711e-21  1.061810e-21  1.032487e-21  1.004793e-21  9.782777e-22  9.518796e-22  9.249159e-22  8.995103e-22  8.721338e-22  8.472765e-22  8.252387e-22  8.039261e-22  7.852250e-22  7.684648e-22  7.533865e-22  7.396056e-22  7.273154e-22  7.161307e-22  7.053412e-22  6.953735e-22  6.858436e-22  6.769089e-22  6.693075e-22  6.636633e-22  6.605974e-22  6.598558e-22  6.590141e-22  6.543606e-22  6.447453e-22  6.309660e-22  6.137475e-22  5.902424e-22  5.693315e-22  5.407405e-22  5.267522e-22  5.170552e-22  5.061703e-22  4.909451e-22  4.805376e-22  4.641964e-22  4.497244e-22  4.352739e-22  4.260345e-22  4.171191e-22  4.105153e-22  4.063428e-22  4.040231e-22  4.025280e-22  4.004629e-22  3.982959e-22  3.970845e-22  3.974320e-22  3.995799e-22  4.035088e-22  4.099320e-22  4.177589e-22  4.265705e-22  4.343878e-22  4.381064e-22  4.365941e-22  4.286181e-22  4.133045e-22  3.918358e-22  3.678446e-22  3.441457e-22  3.234816e-22  3.060517e-22  2.917546e-22  2.800819e-22  2.709509e-22  2.634693e-22  2.573206e-22  2.523101e-22  2.481702e-22  2.440887e-22  2.403421e-22  2.375232e-22  2.351428e-22  2.335906e-22  2.328724e-22  2.333846e-22  2.353262e-22  2.390253e-22  2.451088e-22  2.537200e-22  2.650198e-22  2.785423e-22  2.925610e-22  3.060896e-22  3.162086e-22  3.206161e-22  3.191207e-22  3.115908e-22  2.977997e-22  2.809756e-22  2.631914e-22  2.462005e-22  2.313544e-22  2.188439e-22  2.085861e-22  1.997093e-22  1.921425e-22  1.847324e-22  1.773178e-22  1.698566e-22  1.624843e-22  1.561009e-22  1.519801e-22  1.483523e-22  1.453192e-22  1.432157e-22  1.407229e-22  1.388760e-22  1.372928e-22  1.368383e-22  1.370266e-22  1.385727e-22  1.416456e-22  1.481432e-22  1.566032e-22  1.662595e-22  1.756992e-22  1.857184e-22  1.957006e-22  2.056514e-22  2.163636e-22  2.244759e-22  2.349533e-22  2.356399e-22  2.337448e-22  2.224462e-22  2.206916e-22  1.953504e-22  1.792791e-22  1.774224e-22  1.478227e-22  1.337602e-22  1.238197e-22  1.092956e-22  1.090681e-22  9.259436e-23  8.767274e-23  8.102736e-23  7.801091e-23  7.200879e-23  7.004580e-23  6.745224e-23  6.636061e-23  6.585594e-23  6.637563e-23  6.631468e-23  6.642709e-23  6.753896e-23  6.990144e-23  7.218027e-23  7.560986e-23  7.846615e-23  8.309274e-23  8.862072e-23  9.643081e-23  1.066793e-22  1.172191e-22  1.302890e-22  1.428877e-22  1.526377e-22  1.530240e-22  1.476065e-22  1.410312e-22  1.337827e-22  1.258954e-22  1.182961e-22  1.109317e-22  1.012597e-22  8.942833e-23  7.856653e-23  7.004681e-23  6.320828e-23  5.628396e-23  5.136413e-23  4.649458e-23  4.250089e-23  3.909149e-23  3.632485e-23  3.410113e-23  3.228335e-23  3.072024e-23  3.062900e-23  3.013925e-23  3.019260e-23  3.009089e-23  3.165634e-23  3.299496e-23  3.485166e-23  3.651335e-23  3.802929e-23  3.993575e-23  4.160323e-23  4.389929e-23  4.702415e-23  4.863268e-23  4.873300e-23  4.905379e-23  4.611945e-23  4.368616e-23  4.485244e-23  4.774897e-23  5.331486e-23  6.076422e-23  6.529439e-23  6.756487e-23  9.188963e-23  6.528517e-23  6.909118e-23  6.723998e-23  7.097521e-23  4.353662e-23  4.124093e-23  4.145313e-23  4.061138e-23  3.643688e-23  3.158155e-23  3.637050e-23  2.420640e-23  2.238048e-23  2.340559e-23  2.644600e-23  1.614106e-23  3.164487e-23  1.386138e-23  2.286889e-23  1.423244e-23  1.373103e-23  1.212600e-23  1.307161e-23  1.353648e-23  1.354545e-23  1.706757e-23  1.426822e-23  1.288008e-23  2.187181e-23  1.570932e-23  2.125572e-23  3.972550e-23  5.993089e-23  5.207116e-23  1.049559e-22  2.063362e-22  1.892457e-22  2.099962e-22  9.050394e-23  8.077266e-23  4.313969e-23  7.885503e-23  9.023621e-23  2.441148e-22  1.531133e-22  5.834965e-23  1.489537e-22  7.257088e-23  1.628044e-22  3.682494e-23  1.850793e-22  2.051530e-23  1.062101e-22  2.569020e-23  2.816171e-23  4.619197e-23  3.756586e-23  3.946902e-23  2.321013e-23  1.981741e-23  2.140161e-23  3.418156e-23  2.083419e-23  1.418138e-23  2.285216e-23  1.607913e-23  1.623465e-23  1.320482e-23  9.662688e-24  4.132310e-24  1.248483e-23  5.070649e-24  9.390859e-24  6.276883e-24  5.887962e-24  9.870149e-24  8.368648e-24  5.543344e-24  4.374326e-24  4.806831e-24  6.340351e-24  2.354447e-24  2.170336e-24  2.705865e-24  2.122138e-24  3.919378e-24  4.261342e-24  6.652784e-24  9.024719e-24  1.273867e-23  1.587155e-23  3.063648e-23  4.155205e-23  2.562889e-23  2.625015e-23  2.388821e-23  1.631982e-23  1.000305e-23  1.066422e-23  6.860073e-24  5.901120e-24  4.654117e-24  4.564501e-24  3.021441e-24  3.088870e-24  1.849038e-24  2.420677e-24  1.574311e-24  1.471739e-24  1.617889e-24  1.241797e-24  9.782050e-25  1.141944e-24  1.052189e-24  7.854110e-25  7.252249e-25  9.291869e-25  7.127413e-25  6.038994e-25  7.923088e-25  5.795325e-25  4.318699e-25  4.878663e-25  4.005086e-25  6.577444e-25  3.165003e-25  4.159401e-25  2.716014e-25  3.750728e-25  2.746683e-25  3.102623e-25  3.185676e-25  2.782835e-25  2.482261e-25  2.563469e-25  3.300117e-25  3.991764e-25  3.269016e-25  4.905488e-25  5.777527e-25  8.643801e-25  1.136563e-24  1.633275e-24  2.027767e-24  2.574238e-24  3.564190e-24  7.434508e-24  7.281580e-24  5.023824e-24  5.272476e-24  4.633488e-24  3.103623e-24  2.199129e-24  2.020116e-24  9.353447e-25  1.273246e-24  6.829922e-25  8.310359e-25  4.636129e-25  1.899120e-25  5.123969e-25  2.633296e-25  1.361536e-25  2.642169e-25  1.843629e-25  1.793694e-25  3.951612e-25  1.013953e-25  1.161772e-25  6.767285e-26  1.166707e-25  6.139664e-26  1.338204e-25  1.020733e-25  2.283833e-26  1.529772e-25  3.209488e-26  2.511894e-25  1.277386e-25  7.859249e-27  4.341933e-25  3.091564e-25  1.336552e-25  1.742469e-26  6.822957e-25  1.378477e-25  2.972393e-24  4.827919e-25  4.355925e-26  9.406431e-25  5.141723e-25  2.100520e-25  5.583022e-26  5.302208e-24  9.647131e-26  2.963173e-24  7.656356e-25  8.098342e-26  1.867670e-24  1.117857e-24  5.856098e-24
3.612710e-21  5.815157e-21  3.001749e-21  1.981008e-21  3.747516e-21  1.529105e-21  1.045188e-21  2.273593e-21  1.655363e-21  6.609829e-22  1.133625e-21  7.668443e-22  3.229911e-22  3.696773e-22  8.725649e-22  4.755347e-22  2.430688e-22  2.574852e-22  2.077666e-22  9.594061e-23  1.012627e-22  1.511009e-22  2.285569e-22  9.874486e-23  4.656175e-23  5.012163e-23  3.532366e-23  3.887821e-23  2.649223e-23  2.773595e-23  4.863501e-23  2.453773e-23  1.207102e-23  8.383069e-24  8.005538e-24  1.190698e-23  9.093340e-24  4.894974e-24  5.893533e-24  8.329522e-24  4.313880e-24  3.327915e-24  1.896415e-24  2.300013e-24  3.234362e-24  3.324270e-24  1.634689e-24  1.930562e-24  7.553768e-25  5.191526e-25  1.610823e-24  1.934568e-24  2.544158e-24  2.890261e-24  2.384600e-24  2.142432e-24  2.119424e-24  2.419272e-24  3.336463e-24  4.641721e-24  4.324438e-24  3.696597e-24  4.309771e-24  5.736709e-24  6.623902e-24  7.902889e-24  8.201219e-24  7.756646e-24  7.341538e-24  7.612551e-24  9.229137e-24  1.077747e-23  1.307640e-23  1.335354e-23  1.293717e-23  1.274634e-23  1.354535e-23  1.660869e-23  1.928783e-23  2.303693e-23  2.438810e-23  2.427625e-23  2.273864e-23  2.182421e-23  2.187874e-23  2.441240e-23  2.962304e-23  3.334964e-23  3.439507e-23  3.408355e-23  3.342713e-23  3.529495e-23  4.098200e-23  4.975807e-23  5.940818e-23  6.677600e-23  6.881063e-23  6.617839e-23  6.139860e-23  5.749521e-23  5.791147e-23  6.426491e-23  7.369691e-23  8.079683e-23  8.262723e-23  8.052267e-23  7.921219e-23  8.272431e-23  9.438247e-23  1.131162e-22  1.325402e-22  1.520271e-22  1.680892e-22  1.748567e-22  1.695703e-22  1.576538e-22  1.457856e-22  1.410337e-22  1.485432e-22  1.634939e-22  1.845676e-22  1.907599e-22  1.899646e-22  1.850417e-22  1.859185e-22  1.954196e-22  2.193515e-22  2.519124e-22  2.899677e-22  3.291736e-22  3.663058e-22  3.934076e-22  4.011977e-22  3.877229e-22  3.628722e-22  3.389400e-22  3.246704e-22  3.303069e-22  3.528942e-22  3.813712e-22  3.992142e-22  4.049619e-22  4.038097e-22  4.037669e-22  4.129300e-22  4.379870e-22  4.810605e-22  5.376316e-22  6.020639e-22  6.697152e-22  7.370827e-22  7.952692e-22  8.296813e-22  8.331153e-22  8.106837e-22  7.751384e-22  7.414824e-22  7.215930e-22  7.240559e-22  7.473724e-22  7.811306e-22  8.107054e-22  8.292511e-22  8.372183e-22  8.434938e-22  8.555063e-22  8.814482e-22  9.266318e-22  9.904239e-22  1.070204e-21  1.161532e-21  1.260430e-21  1.361746e-21  1.455360e-21  1.531111e-21  1.579757e-21  1.597416e-21  1.586915e-21  1.557050e-21  1.523334e-21  1.497065e-21  1.486966e-21  1.497019e-21  1.524130e-21  1.561410e-21  1.600114e-21  1.635107e-21  1.666185e-21  1.695167e-21  1.725824e-21  1.762183e-21  1.808306e-21  1.867106e-21  1.939089e-21  2.023067e-21  2.116197e-21  2.214746e-21  2.315836e-21  2.415376e-21  2.510029e-21  2.595839e-21  2.668547e-21  2.724240e-21  2.761449e-21  2.778527e-21  2.779287e-21  2.772368e-21  2.767678e-21  2.774276e-21  2.796734e-21  2.836554e-21  2.889831e-21  2.949717e-21  3.010023e-21  3.066305e-21  3.114981e-21  3.155743e-21  3.189931e-21  3.220120e-21  3.247710e-21  3.275813e-21  3.305771e-21  3.338206e-21  3.374728e-21  3.415817e-21  3.464326e-21  3.521631e-21  3.590273e-21  3.671332e-21  3.762108e-21  3.859941e-21  3.959634e-21  4.056155e-21  4.144397e-21  4.223349e-21  4.292685e-21  4.354843e-21  4.412040e-21  4.467955e-21  4.524094e-21  4.581453e-21  4.636271e-21  4.684241e-21  4.718610e-21  4.736756e-21  4.734275e-21  4.715200e-21  4.683055e-21  4.641723e-21  4.596035e-21  4.548123e-21  4.501361e-21  4.458650e-21  4.422098e-21  4.391389e-21  4.367033e-21  4.351497e-21  4.342731e-21  4.342589e-21  4.351928e-21  4.370917e-21  4.403678e-21  4.452274e-21  4.517939e-21  4.597815e-21  4.686282e-21  4.779021e-21  4.870183e-21  4.956724e-21  5.031593e-21  5.091133e-21  5.130247e-21  5.148726e-21  5.146394e-21  5.123204e-21  5.082934e-21  5.026032e-21  4.956271e-21  4.875879e-21  4.790417e-21  4.701353e-21  4.612787e-21  4.525493e-21  4.442037e-21  4.362266e-21  4.286661e-21  4.215494e-21  4.148626e-21  4.086783e-21  4.030113e-21  3.978064e-21  3.928814e-21  3.882671e-21  3.836839e-21  3.791143e-21  3.745070e-21  3.697391e-21  3.647608e-21  3.595652e-21  3.542466e-21  3.489396e-21  3.436972e-21  3.385283e-21  3.332765e-21  3.278695e-21  3.221498e-21  3.162017e-21  3.101944e-21  3.042500e-21  2.981131e-21  2.919734e-21  2.859322e-21  2.802705e-21  2.750506e-21  2.702284e-21  2.655889e-21  2.609372e-21  2.563109e-21  2.518633e-21  2.476934e-21  2.436967e-21  2.398425e-21  2.360285e-21  2.319818e-21  2.278705e-21  2.237568e-21  2.196158e-21  2.156118e-21  2.116948e-21  2.078771e-21  2.041798e-21  2.005567e-21  1.970338e-21  1.934786e-21  1.896865e-21  1.856408e-21  1.814606e-21  1.772688e-21  1.731229e-21  1.690163e-21  1.649973e-21  1.610642e-21  1.572581e-21  1.536066e-21  1.501136e-21  1.467611e-21  1.435004e-21  1.402902e-21  1.371828e-21  1.342602e-21  1.316328e-21  1.293379e-21  1.273317e-21  1.255281e-21  1.237486e-21  1.217631e-21  1.194741e-21  1.167859e-21  1.138472e-21  1.107905e-21  1.077308e-21  1.048100e-21  1.020501e-21  9.939895e-22  9.674294e-22  9.404801e-22  9.149382e-22  8.879225e-22  8.632810e-22  8.411276e-22  8.197036e-22  8.008189e-22  7.835442e-22  7.682627e-22  7.540508e-22  7.413307e-22  7.296871e-22  7.187754e-22  7.081814e-22  6.981632e-22  6.890901e-22  6.809122e-22  6.745555e-22  6.707101e-22  6.687520e-22  6.668665e-22  6.616276e-22  6.525181e-22  6.392229e-22  6.226170e-22  5.987626e-22  5.764957e-22  5.503170e-22  5.362067e-22  5.260274e-22  5.148567e-22  5.000545e-22  4.893242e-22  4.740203e-22  4.597647e-22  4.453866e-22  4.360350e-22  4.264027e-22  4.191912e-22  4.143207e-22  4.116156e-22  4.098065e-22  4.076861e-22  4.051191e-22  4.040382e-22  4.037948e-22  4.053790e-22  4.083198e-22  4.137898e-22  4.207705e-22  4.279519e-22  4.347658e-22  4.383564e-22  4.368030e-22  4.293419e-22  4.152290e-22  3.957027e-22  3.728450e-22  3.507391e-22  3.308141e-22  3.138105e-22  2.989559e-22  2.871104e-22  2.773342e-22  2.696067e-22  2.631725e-22  2.577154e-22  2.533977e-22  2.489350e-22  2.452495e-22  2.420076e-22  2.397260e-22  2.376264e-22  2.369025e-22  2.373121e-22  2.390735e-22  2.423731e-22  2.481512e-22  2.562985e-22  2.668653e-22  2.794044e-22  2.924015e-22  3.045059e-22  3.136326e-22  3.183553e-22  3.165048e-22  3.100024e-22  2.975398e-22  2.820726e-22  2.654724e-22  2.494812e-22  2.345356e-22  2.225097e-22  2.121912e-22  2.029299e-22  1.948478e-22  1.873386e-22  1.797208e-22  1.719017e-22  1.644605e-22  1.585884e-22  1.538108e-22  1.505282e-22  1.465883e-22  1.445157e-22  1.425093e-22  1.405731e-22  1.388447e-22  1.384668e-22  1.389071e-22  1.404003e-22  1.425443e-22  1.489727e-22  1.563758e-22  1.653242e-22  1.740834e-22  1.836841e-22  1.935711e-22  2.036447e-22  2.142964e-22  2.214350e-22  2.308258e-22  2.306933e-22  2.286703e-22  2.181615e-22  2.144968e-22  1.940249e-22  1.784073e-22  1.777628e-22  1.500523e-22  1.358840e-22  1.254972e-22  1.113637e-22  1.104740e-22  9.495661e-23  8.926008e-23  8.322514e-23  8.014489e-23  7.404255e-23  7.262732e-23  6.837651e-23  6.754279e-23  6.653089e-23  6.595916e-23  6.634174e-23  6.623461e-23  6.701936e-23  6.872399e-23  7.117253e-23  7.383791e-23  7.647625e-23  8.098358e-23  8.630185e-23  9.294699e-23  1.022859e-22  1.141712e-22  1.276079e-22  1.389215e-22  1.470646e-22  1.483725e-22  1.448121e-22  1.388909e-22  1.321644e-22  1.255578e-22  1.177423e-22  1.112572e-22  1.015730e-22  9.276491e-23  8.214542e-23  7.360642e-23  6.667826e-23  6.086189e-23  5.516087e-23  5.055767e-23  4.679973e-23  4.270434e-23  3.961166e-23  3.748928e-23  3.580075e-23  3.443920e-23  3.317362e-23  3.331493e-23  3.313527e-23  3.388523e-23  3.424897e-23  3.550673e-23  3.648018e-23  3.754320e-23  3.945051e-23  4.146359e-23  4.300213e-23  4.536936e-23  4.728943e-23  4.868817e-23  4.955439e-23  4.938168e-23  4.762935e-23  4.542563e-23  4.664066e-23  4.953340e-23  5.430870e-23  6.069121e-23  6.637759e-23  6.716561e-23  8.955325e-23  6.469446e-23  6.743716e-23  6.514465e-23  6.638107e-23  4.495958e-23  4.267758e-23  4.239376e-23  4.369390e-23  3.911860e-23  3.500352e-23  3.692796e-23  2.782321e-23  2.561536e-23  2.647827e-23  2.939263e-23  1.962481e-23  3.373435e-23  1.707095e-23  2.552301e-23  1.689230e-23  1.706972e-23  1.457372e-23  1.543336e-23  1.553589e-23  1.568295e-23  1.801551e-23  1.583196e-23  1.436720e-23  2.296679e-23  1.899985e-23  2.666660e-23  4.985218e-23  7.504561e-23  6.329095e-23  1.155354e-22  2.051229e-22  1.786039e-22  1.856301e-22  9.059579e-23  6.987812e-23  4.098344e-23  7.063575e-23  7.968493e-23  2.132560e-22  1.438333e-22  5.831985e-23  1.469266e-22  6.679724e-23  1.481543e-22  3.549754e-23  1.812338e-22  2.195961e-23  1.144072e-22  2.966280e-23  3.251285e-23  5.424749e-23  4.397288e-23  4.969424e-23  2.735923e-23  2.615919e-23  2.343110e-23  3.350006e-23  2.356932e-23  1.622009e-23  2.291197e-23  1.856343e-23  1.644042e-23  1.425754e-23  1.001732e-23  5.116556e-24  1.120661e-23  5.533269e-24  9.031460e-24  6.914396e-24  7.415273e-24  1.068157e-23  9.797824e-24  7.039799e-24  5.448509e-24  6.525444e-24  8.368436e-24  3.214739e-24  3.169938e-24  4.030696e-24  2.836977e-24  5.049976e-24  4.748518e-24  6.956401e-24  8.850035e-24  1.137850e-23  1.432233e-23  2.725484e-23  3.386211e-23  2.199697e-23  2.238040e-23  2.150108e-23  1.557266e-23  9.868751e-24  1.069743e-23  7.117099e-24  6.389453e-24  5.102233e-24  4.878084e-24  3.498679e-24  3.686428e-24  2.179893e-24  2.885116e-24  2.014527e-24  1.920829e-24  2.061896e-24  1.694074e-24  1.324256e-24  1.640943e-24  1.202338e-24  1.049390e-24  8.612159e-25  1.009490e-24  9.145414e-25  6.333558e-25  9.369643e-25  5.425179e-25  5.453126e-25  6.370763e-25  4.802592e-25  6.439073e-25  4.293360e-25  4.234739e-25  3.372095e-25  3.495341e-25  3.364963e-25  2.227875e-25  2.593393e-25  4.145027e-25  3.435683e-25  2.707744e-25  3.230777e-25  3.832537e-25  4.830348e-25  5.301771e-25  6.192118e-25  7.546569e-25  1.178270e-24  1.371957e-24  1.641197e-24  2.165809e-24  3.041452e-24  6.285554e-24  5.731524e-24  4.112656e-24  4.227101e-24  3.935543e-24  2.773574e-24  2.071329e-24  1.929488e-24  8.535184e-25  1.168977e-24  6.237885e-25  8.104216e-25  4.600024e-25  2.694637e-25  5.189639e-25  1.936379e-25  1.703887e-25  3.220608e-25  2.568203e-25  2.313982e-25  5.266492e-25  1.970469e-25  3.007059e-25  1.374268e-25  1.225847e-25  5.340775e-26  1.468852e-25  1.314512e-25  4.681736e-26  2.954940e-25  5.502421e-26  3.999754e-25  2.158006e-25  1.547465e-26  6.669515e-25  4.617962e-25  1.603002e-25  2.948909e-26  9.358034e-25  2.240918e-25  3.163497e-24  6.235864e-25  8.194214e-26  1.145920e-24  6.807964e-25  3.144442e-25  1.003973e-25  4.989311e-24  1.964517e-25  2.787306e-24  1.082972e-24  1.301884e-25  2.359622e-24  1.291827e-24  5.362629e-24
5.305124e-21  7.286274e-21  4.604039e-21  3.274655e-21  4.907027e-21  2.606602e-21  1.938822e-21  3.025099e-21  2.337304e-21  1.322606e-21  1.793277e-21  1.224940e-21  7.145435e-22  8.354197e-22  1.133286e-21  7.419119e-22  6.071655e-22  4.780742e-22  3.468551e-22  2.637348e-22  3.144234e-22  2.663229e-22  3.246111e-22  2.405005e-22  1.427404e-22  1.135859e-22  9.582700e-23  1.281280e-22  1.069539e-22  7.876335e-23  8.512207e-23  6.418510e-23  4.266377e-23  3.421245e-23  2.778436e-23  4.374333e-23  4.073856e-23  2.453200e-23  1.720444e-23  1.813341e-23  1.559338e-23  1.478181e-23  1.039192e-23  9.026347e-24  1.314869e-23  1.097639e-23  7.649277e-24  6.461796e-24  5.697130e-24  6.650739e-24  6.313392e-24  5.365581e-24  4.211356e-24  6.181123e-24  5.993112e-24  5.407072e-24  4.276468e-24  4.731017e-24  5.082795e-24  6.393932e-24  6.259582e-24  6.256465e-24  5.689205e-24  6.202927e-24  7.487694e-24  9.817345e-24  1.022694e-23  9.690433e-24  9.399231e-24  9.711623e-24  1.116129e-23  1.248421e-23  1.448126e-23  1.521746e-23  1.547010e-23  1.516860e-23  1.605340e-23  1.873755e-23  2.268659e-23  2.550229e-23  2.734589e-23  2.789494e-23  2.643844e-23  2.485232e-23  2.548477e-23  2.760299e-23  3.174702e-23  3.579927e-23  3.800909e-23  3.777267e-23  3.681296e-23  3.865396e-23  4.468718e-23  5.261350e-23  6.130894e-23  6.879092e-23  7.167550e-23  7.045129e-23  6.678557e-23  6.353574e-23  6.357721e-23  6.912935e-23  7.796938e-23  8.509105e-23  8.733996e-23  8.656305e-23  8.591585e-23  8.910938e-23  9.916356e-23  1.151681e-22  1.353810e-22  1.537353e-22  1.712623e-22  1.800905e-22  1.786025e-22  1.675789e-22  1.573879e-22  1.528177e-22  1.578760e-22  1.723764e-22  1.882347e-22  1.969112e-22  1.991115e-22  1.965907e-22  1.985304e-22  2.073214e-22  2.284024e-22  2.596123e-22  2.963365e-22  3.345770e-22  3.748332e-22  4.035548e-22  4.146908e-22  4.075075e-22  3.861004e-22  3.632062e-22  3.502427e-22  3.516281e-22  3.722496e-22  3.978043e-22  4.181694e-22  4.236997e-22  4.251072e-22  4.267179e-22  4.357991e-22  4.599041e-22  4.975600e-22  5.503834e-22  6.121497e-22  6.803005e-22  7.464845e-22  8.043441e-22  8.411012e-22  8.501225e-22  8.360176e-22  8.093971e-22  7.813528e-22  7.603024e-22  7.564786e-22  7.740364e-22  8.022626e-22  8.319828e-22  8.525802e-22  8.625088e-22  8.692599e-22  8.802677e-22  9.052285e-22  9.493166e-22  1.012746e-21  1.089512e-21  1.179243e-21  1.274330e-21  1.370870e-21  1.464087e-21  1.540672e-21  1.593521e-21  1.617213e-21  1.614454e-21  1.591953e-21  1.561469e-21  1.536652e-21  1.525058e-21  1.531685e-21  1.554436e-21  1.590012e-21  1.627801e-21  1.662679e-21  1.692813e-21  1.720564e-21  1.750040e-21  1.785864e-21  1.830405e-21  1.889195e-21  1.959031e-21  2.040858e-21  2.131015e-21  2.225852e-21  2.324842e-21  2.424111e-21  2.519364e-21  2.607935e-21  2.683878e-21  2.743953e-21  2.783425e-21  2.804529e-21  2.808184e-21  2.803746e-21  2.799146e-21  2.803325e-21  2.823739e-21  2.858636e-21  2.906955e-21  2.962032e-21  3.019122e-21  3.073779e-21  3.120770e-21  3.161728e-21  3.197325e-21  3.228970e-21  3.257606e-21  3.287250e-21  3.317128e-21  3.349917e-21  3.386217e-21  3.427945e-21  3.475603e-21  3.531587e-21  3.597763e-21  3.675833e-21  3.762319e-21  3.858018e-21  3.954887e-21  4.049867e-21  4.138021e-21  4.216449e-21  4.285340e-21  4.347186e-21  4.403645e-21  4.457361e-21  4.512093e-21  4.566848e-21  4.619526e-21  4.664591e-21  4.699067e-21  4.716348e-21  4.715802e-21  4.698773e-21  4.669396e-21  4.630263e-21  4.586779e-21  4.542003e-21  4.496437e-21  4.455466e-21  4.419851e-21  4.389400e-21  4.365025e-21  4.347845e-21  4.337864e-21  4.335120e-21  4.341534e-21  4.359117e-21  4.388544e-21  4.433968e-21  4.493806e-21  4.569237e-21  4.653298e-21  4.741284e-21  4.828163e-21  4.911839e-21  4.985371e-21  5.044190e-21  5.085686e-21  5.106084e-21  5.106594e-21  5.086365e-21  5.048974e-21  4.995951e-21  4.929047e-21  4.852100e-21  4.769131e-21  4.683231e-21  4.597196e-21  4.512590e-21  4.429996e-21  4.351229e-21  4.277200e-21  4.206379e-21  4.140795e-21  4.078864e-21  4.021720e-21  3.968902e-21  3.920283e-21  3.873750e-21  3.827781e-21  3.782481e-21  3.735932e-21  3.688691e-21  3.639645e-21  3.587861e-21  3.536187e-21  3.483951e-21  3.433617e-21  3.383013e-21  3.332514e-21  3.280156e-21  3.225236e-21  3.168586e-21  3.111595e-21  3.054375e-21  2.995889e-21  2.936806e-21  2.879535e-21  2.824593e-21  2.774249e-21  2.726174e-21  2.680831e-21  2.635572e-21  2.590008e-21  2.546673e-21  2.505034e-21  2.465304e-21  2.426180e-21  2.388550e-21  2.349166e-21  2.308881e-21  2.268732e-21  2.228716e-21  2.189241e-21  2.150981e-21  2.113044e-21  2.076324e-21  2.039787e-21  2.004763e-21  1.969104e-21  1.931610e-21  1.892010e-21  1.851475e-21  1.810462e-21  1.770093e-21  1.729879e-21  1.689813e-21  1.651479e-21  1.613680e-21  1.577348e-21  1.543191e-21  1.509942e-21  1.477398e-21  1.445797e-21  1.415063e-21  1.386772e-21  1.360421e-21  1.337395e-21  1.316763e-21  1.298385e-21  1.279144e-21  1.259018e-21  1.236020e-21  1.209602e-21  1.180700e-21  1.150260e-21  1.120078e-21  1.090763e-21  1.063304e-21  1.036114e-21  1.009479e-21  9.821889e-22  9.565014e-22  9.301168e-22  9.056222e-22  8.833625e-22  8.618613e-22  8.424038e-22  8.239622e-22  8.078162e-22  7.927292e-22  7.791567e-22  7.661767e-22  7.542264e-22  7.426931e-22  7.317040e-22  7.216193e-22  7.123925e-22  7.047754e-22  6.993809e-22  6.957115e-22  6.918135e-22  6.856865e-22  6.769824e-22  6.638045e-22  6.473050e-22  6.230166e-22  6.003738e-22  5.772227e-22  5.628791e-22  5.510082e-22  5.398272e-22  5.256014e-22  5.135385e-22  4.995361e-22  4.858917e-22  4.718292e-22  4.628301e-22  4.521512e-22  4.437030e-22  4.378226e-22  4.338220e-22  4.307980e-22  4.275978e-22  4.248294e-22  4.223574e-22  4.217531e-22  4.213552e-22  4.234662e-22  4.274140e-22  4.326317e-22  4.382380e-22  4.432951e-22  4.454442e-22  4.436474e-22  4.364132e-22  4.239862e-22  4.061826e-22  3.854017e-22  3.649511e-22  3.465153e-22  3.297471e-22  3.154208e-22  3.039212e-22  2.936848e-22  2.857165e-22  2.791623e-22  2.734009e-22  2.680159e-22  2.640448e-22  2.600648e-22  2.560437e-22  2.531168e-22  2.511926e-22  2.487731e-22  2.494873e-22  2.495603e-22  2.527987e-22  2.572405e-22  2.647689e-22  2.736259e-22  2.840131e-22  2.952849e-22  3.056315e-22  3.140421e-22  3.175364e-22  3.159075e-22  3.097297e-22  2.985304e-22  2.848351e-22  2.702087e-22  2.547485e-22  2.419863e-22  2.300247e-22  2.198056e-22  2.102105e-22  2.027044e-22  1.942468e-22  1.872464e-22  1.797429e-22  1.725691e-22  1.663766e-22  1.618169e-22  1.585924e-22  1.552273e-22  1.530846e-22  1.505119e-22  1.477350e-22  1.475634e-22  1.458131e-22  1.464564e-22  1.472884e-22  1.490361e-22  1.540177e-22  1.615683e-22  1.689260e-22  1.783185e-22  1.867798e-22  1.964405e-22  2.043100e-22  2.152004e-22  2.212098e-22  2.292016e-22  2.279131e-22  2.240868e-22  2.152004e-22  2.101808e-22  1.931150e-22  1.804629e-22  1.813368e-22  1.541197e-22  1.402700e-22  1.298871e-22  1.174477e-22  1.153348e-22  1.021613e-22  9.713461e-23  9.014546e-23  8.753896e-23  7.978865e-23  7.868297e-23  7.438874e-23  7.409384e-23  7.110415e-23  7.227001e-23  7.119869e-23  7.134307e-23  7.252728e-23  7.398411e-23  7.585166e-23  7.798027e-23  8.103167e-23  8.506637e-23  8.945484e-23  9.665055e-23  1.040701e-22  1.113640e-22  1.204176e-22  1.299479e-22  1.374224e-22  1.401682e-22  1.385301e-22  1.323438e-22  1.303429e-22  1.238428e-22  1.153367e-22  1.077062e-22  1.013783e-22  9.284249e-23  8.272463e-23  7.589171e-23  6.851080e-23  6.287587e-23  5.616714e-23  5.268653e-23  5.034615e-23  4.592241e-23  4.278603e-23  4.018199e-23  3.823529e-23  3.606182e-23  3.501147e-23  3.514074e-23  3.549987e-23  3.401229e-23  3.551721e-23  3.561061e-23  3.729335e-23  3.841975e-23  3.983574e-23  4.142765e-23  4.428727e-23  4.586506e-23  4.799612e-23  4.926040e-23  4.983142e-23  5.125454e-23  4.941935e-23  4.849462e-23  4.972823e-23  5.360377e-23  5.762138e-23  6.439337e-23  7.099444e-23  7.004369e-23  8.773240e-23  6.651715e-23  6.802992e-23  6.422408e-23  6.322385e-23  4.869080e-23  4.694009e-23  4.435648e-23  4.716406e-23  4.234671e-23  4.048153e-23  3.819771e-23  3.327862e-23  2.967473e-23  3.055842e-23  3.116215e-23  2.358211e-23  3.436498e-23  2.048179e-23  2.833855e-23  2.015763e-23  2.126087e-23  1.787180e-23  1.913579e-23  1.760261e-23  1.863660e-23  1.945028e-23  1.787742e-23  1.750993e-23  2.576373e-23  2.949504e-23  4.465483e-23  6.976463e-23  1.011092e-22  8.239694e-23  1.233944e-22  1.843964e-22  1.532269e-22  1.416318e-22  8.696554e-23  5.770912e-23  4.142636e-23  6.288368e-23  7.011649e-23  1.645491e-22  1.343449e-22  6.833954e-23  1.488319e-22  6.570895e-23  1.309480e-22  3.867137e-23  1.639451e-22  2.768988e-23  1.188125e-22  3.799562e-23  3.991874e-23  6.839798e-23  5.580060e-23  7.034318e-23  3.641893e-23  4.243194e-23  2.896968e-23  3.593290e-23  3.394400e-23  2.175043e-23  2.939939e-23  2.376537e-23  1.854415e-23  1.823044e-23  1.132232e-23  8.291285e-24  1.146697e-23  6.585571e-24  9.389269e-24  8.861646e-24  9.991166e-24  1.157748e-23  1.183649e-23  9.396826e-24  7.277863e-24  9.909234e-24  1.210522e-23  5.240224e-24  5.716321e-24  7.896973e-24  4.918593e-24  8.566194e-24  7.482646e-24  9.243086e-24  1.120589e-23  1.280806e-23  1.645063e-23  2.961198e-23  3.282032e-23  2.266315e-23  2.304418e-23  2.331945e-23  1.854298e-23  1.271463e-23  1.365983e-23  9.790243e-24  8.806511e-24  7.616065e-24  7.431062e-24  5.440361e-24  5.870243e-24  4.237123e-24  4.911972e-24  3.689597e-24  3.538871e-24  3.886315e-24  3.199211e-24  2.954747e-24  3.207111e-24  2.851038e-24  2.796653e-24  2.500595e-24  2.783458e-24  2.517323e-24  1.996868e-24  2.331341e-24  2.191677e-24  2.020206e-24  1.904946e-24  1.897375e-24  2.094256e-24  1.972292e-24  1.793698e-24  1.726046e-24  1.936216e-24  1.887692e-24  2.068773e-24  1.918172e-24  2.019846e-24  2.181810e-24  2.037199e-24  2.014965e-24  2.453553e-24  2.371661e-24  2.600922e-24  2.484479e-24  2.941160e-24  3.142863e-24  3.357598e-24  3.869983e-24  4.189036e-24  5.341503e-24  8.393217e-24  7.354304e-24  6.023098e-24  6.265089e-24  6.169793e-24  5.265551e-24  4.521487e-24  4.492616e-24  3.279936e-24  3.676790e-24  2.893465e-24  3.294224e-24  3.122473e-24  2.750873e-24  2.922385e-24  2.906579e-24  2.563098e-24  2.975016e-24  2.907210e-24  3.233385e-24  3.686349e-24  3.048048e-24  3.273931e-24  3.051522e-24  3.157431e-24  2.533301e-24  2.612124e-24  2.787175e-24  2.489801e-24  2.995927e-24  2.344661e-24  2.918977e-24  2.533156e-24  2.106498e-24  3.149260e-24  2.886794e-24  2.335932e-24  2.042979e-24  3.334647e-24  2.388534e-24  5.189631e-24  2.812691e-24  2.099657e-24  3.352365e-24  3.073406e-24  2.610829e-24  2.172006e-24  6.047027e-24  2.620572e-24  4.543726e-24  4.041022e-24  2.553281e-24  5.075316e-24  3.826011e-24  6.701080e-24
