wavelength_nm,a_ph_star_m2_per_mg_chla,segment,source,decision
330,0.0089202518085695279,PLOPS_derived_330_750,phyto_absorption_plops2024_class_balanced_300_800_1nm_smoothed.csv,PLOPS aph_spec/TChl-a class-balanced robust median; 1-nm 5-point moving average
331,0.0090763933383513733,PLOPS_derived_330_750,phyto_absorption_plops2024_class_balanced_300_800_1nm_smoothed.csv,PLOPS aph_spec/TChl-a class-balanced robust median; 1-nm 5-point moving average
332,0.0094445255387913957,PLOPS_derived_330_750,phyto_absorption_plops2024_class_balanced_300_800_1nm_smoothed.csv,PLOPS aph_spec/TChl-a class-balanced robust median; 1-nm 5-point moving average
333,0.0094650259541757854,PLOPS_derived_330_750,phyto_absorption_plops2024_class_balanced_300_800_1nm_smoothed.csv,PLOPS aph_spec/TChl-a class-balanced robust median; 1-nm 5-point moving average
334,0.0096537531625971243,PLOPS_derived_330_750,phyto_absorption_plops2024_class_balanced_300_800_1nm_smoothed.csv,PLOPS aph_spec/TChl-a class-balanced robust median; 1-nm 5-point moving average
335,0.009667066246666401,PLOPS_derived_330_750,phyto_absorption_plops2024_class_balanced_300_800_1nm_smoothed.csv,PLOPS aph_spec/TChl-a class-balanced robust median; 1-nm 5-point moving average
336,0.0098417466668936533,PLOPS_derived_330_750,phyto_absorption_plops2024_class_balanced_300_800_1nm_smoothed.csv,PLOPS aph_spec/TChl-a class-balanced robust median; 1-nm 5-point moving average
337,0.0098827330735917467,PLOPS_derived_330_750,phyto_absorption_plops2024_class_balanced_300_800_1nm_smoothed.csv,PLOPS aph_spec/TChl-a class-balanced robust median; 1-nm 5-point moving average
338,0.0099858211351868589,PLOPS_derived_330_750,phyto_absorption_plops2024_class_balanced_300_800_1nm_smoothed.csv,PLOPS aph_spec/TChl-a class-balanced robust median; 1-nm 5-point moving average
339,0.0099861282606374963,PLOPS_derived_330_750,phyto_absorption_plops2024_class_balanced_300_800_1nm_smoothed.csv,PLOPS aph_spec/TChl-a class-balanced robust median; 1-nm 5-point moving average
340,0.010119715862985868,PLOPS_derived_330_750,phyto_absorption_plops2024_class_balanced_300_800_1nm_smoothed.csv,PLOPS aph_spec/TChl-a class-balanced robust median; 1-nm 5-point moving average
341,0.010055425054279078,PLOPS_derived_330_750,phyto_absorption_plops2024_class_balanced_300_800_1nm_smoothed.csv,PLOPS aph_spec/TChl-a class-balanced robust median; 1-nm 5-point moving average
342,0.010017677395835069,PLOPS_derived_330_750,phyto_absorption_plops2024_class_balanced_300_800_1nm_smoothed.csv,PLOPS aph_spec/TChl-a class-balanced robust median; 1-nm 5-point moving average
343,0.01004849285463188,PLOPS_derived_330_750,phyto_absorption_plops2024_class_balanced_300_800_1nm_smoothed.csv,PLOPS aph_spec/TChl-a class-balanced robust median; 1-nm 5-point moving average
344,0.0099769990798648095,PLOPS_derived_330_750,phyto_absorption_plops2024_class_balanced_300_800_1nm_smoothed.csv,PLOPS aph_spec/TChl-a class-balanced robust median; 1-nm 5-point moving average
345,0.0098455876322365264,PLOPS_derived_330_750,phyto_absorption_plops2024_class_balanced_300_800_1nm_smoothed.csv,PLOPS aph_spec/TChl-a class-balanced robust median; 1-nm 5-point moving average
346,0.0097468481866777538,PLOPS_derived_330_750,phyto_absorption_plops2024_class_balanced_300_800_1nm_smoothed.csv,PLOPS aph_spec/TChl-a class-balanced robust median; 1-nm 5-point moving average
347,0.009623252334088726,PLOPS_derived_330_750,phyto_absorption_plops2024_class_balanced_300_800_1nm_smoothed.csv,PLOPS aph_spec/TChl-a class-balanced robust median; 1-nm 5-point moving average
348,0.0094608859717146589,PLOPS_derived_330_750,phyto_absorption_plops2024_class_balanced_300_800_1nm_smoothed.csv,PLOPS aph_spec/TChl-a class-balanced robust median; 1-nm 5-point moving average
349,0.0093889256105379303,PLOPS_derived_330_750,phyto_absorption_plops2024_class_balanced_300_800_1nm_smoothed.csv,PLOPS aph_spec/TChl-a class-balanced robust median; 1-nm 5-point moving average
350,0.0093355398900737165,PLOPS_derived_330_750,phyto_absorption_plops2024_class_balanced_300_800_1nm_smoothed.csv,PLOPS aph_spec/TChl-a class-balanced robust median; 1-nm 5-point moving average
351,0.0092610368823599111,PLOPS_derived_330_750,phyto_absorption_plops2024_class_balanced_300_800_1nm_smoothed.csv,PLOPS aph_spec/TChl-a class-balanced robust median; 1-nm 5-point moving average
352,0.009199014407404546,PLOPS_derived_330_750,phyto_absorption_plops2024_class_balanced_300_800_1nm_smoothed.csv,PLOPS aph_spec/TChl-a class-balanced robust median; 1-nm 5-point moving average
353,0.0091611923866431345,PLOPS_derived_330_750,phyto_absorption_plops2024_class_balanced_300_800_1nm_smoothed.csv,PLOPS aph_spec/TChl-a class-balanced robust median; 1-nm 5-point moving average
354,0.0091210035986984839,PLOPS_derived_330_750,phyto_absorption_plops2024_class_balanced_300_800_1nm_smoothed.csv,PLOPS aph_spec/TChl-a class-balanced robust median; 1-nm 5-point moving average
355,0.0090888323191467228,PLOPS_derived_330_750,phyto_absorption_plops2024_class_balanced_300_800_1nm_smoothed.csv,PLOPS aph_spec/TChl-a class-balanced robust median; 1-nm 5-point moving average
356,0.0090932046536521781,PLOPS_derived_330_750,phyto_absorption_plops2024_class_balanced_300_800_1nm_smoothed.csv,PLOPS aph_spec/TChl-a class-balanced robust median; 1-nm 5-point moving average
357,0.0091366389920804897,PLOPS_derived_330_750,phyto_absorption_plops2024_class_balanced_300_800_1nm_smoothed.csv,PLOPS aph_spec/TChl-a class-balanced robust median; 1-nm 5-point moving average
358,0.0091779648758954294,PLOPS_derived_330_750,phyto_absorption_plops2024_class_balanced_300_800_1nm_smoothed.csv,PLOPS aph_spec/TChl-a class-balanced robust median; 1-nm 5-point moving average
359,0.0092306560266842141,PLOPS_derived_330_750,phyto_absorption_plops2024_class_balanced_300_800_1nm_smoothed.csv,PLOPS aph_spec/TChl-a class-balanced robust median; 1-nm 5-point moving average
360,0.0093242322599876928,PLOPS_derived_330_750,phyto_absorption_plops2024_class_balanced_300_800_1nm_smoothed.csv,PLOPS aph_spec/TChl-a class-balanced robust median; 1-nm 5-point moving average
361,0.0094000188273568666,PLOPS_derived_330_750,phyto_absorption_plops2024_class_balanced_300_800_1nm_smoothed.csv,PLOPS aph_spec/TChl-a class-balanced robust median; 1-nm 5-point moving average
362,0.0094777083954336837,PLOPS_derived_330_750,phyto_absorption_plops2024_class_balanced_300_800_1nm_smoothed.csv,PLOPS aph_spec/TChl-a class-balanced robust median; 1-nm 5-point moving average
363,0.0095869918850207299,PLOPS_derived_330_750,phyto_absorption_plops2024_class_balanced_300_800_1nm_smoothed.csv,PLOPS aph_spec/TChl-a class-balanced robust median; 1-nm 5-point moving average
364,0.0096867226351603393,PLOPS_derived_330_750,phyto_absorption_plops2024_class_balanced_300_800_1nm_smoothed.csv,PLOPS aph_spec/TChl-a class-balanced robust median; 1-nm 5-point moving average
365,0.0097941756786865744,PLOPS_derived_330_750,phyto_absorption_plops2024_class_balanced_300_800_1nm_smoothed.csv,PLOPS aph_spec/TChl-a class-balanced robust median; 1-nm 5-point moving average
366,0.0099179701578014923,PLOPS_derived_330_750,phyto_absorption_plops2024_class_balanced_300_800_1nm_smoothed.csv,PLOPS aph_spec/TChl-a class-balanced robust median; 1-nm 5-point moving average
367,0.010058716330586605,PLOPS_derived_330_750,phyto_absorption_plops2024_class_balanced_300_800_1nm_smoothed.csv,PLOPS aph_spec/TChl-a class-balanced robust median; 1-nm 5-point moving average
368,0.010199003715180014,PLOPS_derived_330_750,phyto_absorption_plops2024_class_balanced_300_800_1nm_smoothed.csv,PLOPS aph_spec/TChl-a class-balanced robust median; 1-nm 5-point moving average
369,0.010368452549400789,PLOPS_derived_330_750,phyto_absorption_plops2024_class_balanced_300_800_1nm_smoothed.csv,PLOPS aph_spec/TChl-a class-balanced robust median; 1-nm 5-point moving average
370,0.010511658036255013,PLOPS_derived_330_750,phyto_absorption_plops2024_class_balanced_300_800_1nm_smoothed.csv,PLOPS aph_spec/TChl-a class-balanced robust median; 1-nm 5-point moving average
371,0.010657602075139107,PLOPS_derived_330_750,phyto_absorption_plops2024_class_balanced_300_800_1nm_smoothed.csv,PLOPS aph_spec/TChl-a class-balanced robust median; 1-nm 5-point moving average
372,0.010812989142909849,PLOPS_derived_330_750,phyto_absorption_plops2024_class_balanced_300_800_1nm_smoothed.csv,PLOPS aph_spec/TChl-a class-balanced robust median; 1-nm 5-point moving average
373,0.010969255606864164,PLOPS_derived_330_750,phyto_absorption_plops2024_class_balanced_300_800_1nm_smoothed.csv,PLOPS aph_spec/TChl-a class-balanced robust median; 1-nm 5-point moving average
374,0.011134421531698741,PLOPS_derived_330_750,phyto_absorption_plops2024_class_balanced_300_800_1nm_smoothed.csv,PLOPS aph_spec/TChl-a class-balanced robust median; 1-nm 5-point moving average
375,0.011319603336033766,PLOPS_derived_330_750,phyto_absorption_plops2024_class_balanced_300_800_1nm_smoothed.csv,PLOPS aph_spec/TChl-a class-balanced robust median; 1-nm 5-point moving average
376,0.01150389418259788,PLOPS_derived_330_750,phyto_absorption_plops2024_class_balanced_300_800_1nm_smoothed.csv,PLOPS aph_spec/TChl-a class-balanced robust median; 1-nm 5-point moving average
377,0.011682757939643877,PLOPS_derived_330_750,phyto_absorption_plops2024_class_balanced_300_800_1nm_smoothed.csv,PLOPS aph_spec/TChl-a class-balanced robust median; 1-nm 5-point moving average
378,0.011833151199692383,PLOPS_derived_330_750,phyto_absorption_plops2024_class_balanced_300_800_1nm_smoothed.csv,PLOPS aph_spec/TChl-a class-balanced robust median; 1-nm 5-point moving average
379,0.011989235244966697,PLOPS_derived_330_750,phyto_absorption_plops2024_class_balanced_300_800_1nm_smoothed.csv,PLOPS aph_spec/TChl-a class-balanced robust median; 1-nm 5-point moving average
380,0.012124752564358,PLOPS_derived_330_750,phyto_absorption_plops2024_class_balanced_300_800_1nm_smoothed.csv,PLOPS aph_spec/TChl-a class-balanced robust median; 1-nm 5-point moving average
381,0.012271484466980689,PLOPS_derived_330_750,phyto_absorption_plops2024_class_balanced_300_800_1nm_smoothed.csv,PLOPS aph_spec/TChl-a class-balanced robust median; 1-nm 5-point moving average
382,0.012383434336608431,PLOPS_derived_330_750,phyto_absorption_plops2024_class_balanced_300_800_1nm_smoothed.csv,PLOPS aph_spec/TChl-a class-balanced robust median; 1-nm 5-point moving average
383,0.012512784894214332,PLOPS_derived_330_750,phyto_absorption_plops2024_class_balanced_300_800_1nm_smoothed.csv,PLOPS aph_spec/TChl-a class-balanced robust median; 1-nm 5-point moving average
384,0.012617586862041662,PLOPS_derived_330_750,phyto_absorption_plops2024_class_balanced_300_800_1nm_smoothed.csv,PLOPS aph_spec/TChl-a class-balanced robust median; 1-nm 5-point moving average
385,0.012723852710098141,PLOPS_derived_330_750,phyto_absorption_plops2024_class_balanced_300_800_1nm_smoothed.csv,PLOPS aph_spec/TChl-a class-balanced robust median; 1-nm 5-point moving average
386,0.012803894279454425,PLOPS_derived_330_750,phyto_absorption_plops2024_class_balanced_300_800_1nm_smoothed.csv,PLOPS aph_spec/TChl-a class-balanced robust median; 1-nm 5-point moving average
387,0.012904618977382163,PLOPS_derived_330_750,phyto_absorption_plops2024_class_balanced_300_800_1nm_smoothed.csv,PLOPS aph_spec/TChl-a class-balanced robust median; 1-nm 5-point moving average
388,0.012987811439363802,PLOPS_derived_330_750,phyto_absorption_plops2024_class_balanced_300_800_1nm_smoothed.csv,PLOPS aph_spec/TChl-a class-balanced robust median; 1-nm 5-point moving average
389,0.013069976894476724,PLOPS_derived_330_750,phyto_absorption_plops2024_class_balanced_300_800_1nm_smoothed.csv,PLOPS aph_spec/TChl-a class-balanced robust median; 1-nm 5-point moving average
390,0.013144592122166964,PLOPS_derived_330_750,phyto_absorption_plops2024_class_balanced_300_800_1nm_smoothed.csv,PLOPS aph_spec/TChl-a class-balanced robust median; 1-nm 5-point moving average
391,0.013236378492628761,PLOPS_derived_330_750,phyto_absorption_plops2024_class_balanced_300_800_1nm_smoothed.csv,PLOPS aph_spec/TChl-a class-balanced robust median; 1-nm 5-point moving average
392,0.013306588304378598,PLOPS_derived_330_750,phyto_absorption_plops2024_class_balanced_300_800_1nm_smoothed.csv,PLOPS aph_spec/TChl-a class-balanced robust median; 1-nm 5-point moving average
393,0.013379201584532159,PLOPS_derived_330_750,phyto_absorption_plops2024_class_balanced_300_800_1nm_smoothed.csv,PLOPS aph_spec/TChl-a class-balanced robust median; 1-nm 5-point moving average
394,0.013459841050181057,PLOPS_derived_330_750,phyto_absorption_plops2024_class_balanced_300_800_1nm_smoothed.csv,PLOPS aph_spec/TChl-a class-balanced robust median; 1-nm 5-point moving average
395,0.013530585054087494,PLOPS_derived_330_750,phyto_absorption_plops2024_class_balanced_300_800_1nm_smoothed.csv,PLOPS aph_spec/TChl-a class-balanced robust median; 1-nm 5-point moving average
396,0.013590204570108037,PLOPS_derived_330_750,phyto_absorption_plops2024_class_balanced_300_800_1nm_smoothed.csv,PLOPS aph_spec/TChl-a class-balanced robust median; 1-nm 5-point moving average
397,0.01367809598166211,PLOPS_derived_330_750,phyto_absorption_plops2024_class_balanced_300_800_1nm_smoothed.csv,PLOPS aph_spec/TChl-a class-balanced robust median; 1-nm 5-point moving average
398,0.013768926471116877,PLOPS_derived_330_750,phyto_absorption_plops2024_class_balanced_300_800_1nm_smoothed.csv,PLOPS aph_spec/TChl-a class-balanced robust median; 1-nm 5-point moving average
399,0.013860663205786401,PLOPS_derived_330_750,phyto_absorption_plops2024_class_balanced_300_800_1nm_smoothed.csv,PLOPS aph_spec/TChl-a class-balanced robust median; 1-nm 5-point moving average
400,0.013974897897593576,PLOPS_derived_330_750,phyto_absorption_plops2024_class_balanced_300_800_1nm_smoothed.csv,PLOPS aph_spec/TChl-a class-balanced robust median; 1-nm 5-point moving average
401,0.014112991367519007,PLOPS_derived_330_750,phyto_absorption_plops2024_class_balanced_300_800_1nm_smoothed.csv,PLOPS aph_spec/TChl-a class-balanced robust median; 1-nm 5-point moving average
402,0.014255934922577387,PLOPS_derived_330_750,phyto_absorption_plops2024_class_balanced_300_800_1nm_smoothed.csv,PLOPS aph_spec/TChl-a class-balanced robust median; 1-nm 5-point moving average
403,0.014411374367316068,PLOPS_derived_330_750,phyto_absorption_plops2024_class_balanced_300_800_1nm_smoothed.csv,PLOPS aph_spec/TChl-a class-balanced robust median; 1-nm 5-point moving average
404,0.01457468824131304,PLOPS_derived_330_750,phyto_absorption_plops2024_class_balanced_300_800_1nm_smoothed.csv,PLOPS aph_spec/TChl-a class-balanced robust median; 1-nm 5-point moving average
405,0.014743149072710793,PLOPS_derived_330_750,phyto_absorption_plops2024_class_balanced_300_800_1nm_smoothed.csv,PLOPS aph_spec/TChl-a class-balanced robust median; 1-nm 5-point moving average
406,0.014918349350208325,PLOPS_derived_330_750,phyto_absorption_plops2024_class_balanced_300_800_1nm_smoothed.csv,PLOPS aph_spec/TChl-a class-balanced robust median; 1-nm 5-point moving average
407,0.015091787161860016,PLOPS_derived_330_750,phyto_absorption_plops2024_class_balanced_300_800_1nm_smoothed.csv,PLOPS aph_spec/TChl-a class-balanced robust median; 1-nm 5-point moving average
408,0.015270690251981234,PLOPS_derived_330_750,phyto_absorption_plops2024_class_balanced_300_800_1nm_smoothed.csv,PLOPS aph_spec/TChl-a class-balanced robust median; 1-nm 5-point moving average
409,0.015459383556486989,PLOPS_derived_330_750,phyto_absorption_plops2024_class_balanced_300_800_1nm_smoothed.csv,PLOPS aph_spec/TChl-a class-balanced robust median; 1-nm 5-point moving average
410,0.015634161162788301,PLOPS_derived_330_750,phyto_absorption_plops2024_class_balanced_300_800_1nm_smoothed.csv,PLOPS aph_spec/TChl-a class-balanced robust median; 1-nm 5-point moving average
411,0.015802178707163744,PLOPS_derived_330_750,phyto_absorption_plops2024_class_balanced_300_800_1nm_smoothed.csv,PLOPS aph_spec/TChl-a class-balanced robust median; 1-nm 5-point moving average
412,0.015951359002628715,PLOPS_derived_330_750,phyto_absorption_plops2024_class_balanced_300_800_1nm_smoothed.csv,PLOPS aph_spec/TChl-a class-balanced robust median; 1-nm 5-point moving average
413,0.016087455575760967,PLOPS_derived_330_750,phyto_absorption_plops2024_class_balanced_300_800_1nm_smoothed.csv,PLOPS aph_spec/TChl-a class-balanced robust median; 1-nm 5-point moving average
414,0.016200724856872292,PLOPS_derived_330_750,phyto_absorption_plops2024_class_balanced_300_800_1nm_smoothed.csv,PLOPS aph_spec/TChl-a class-balanced robust median; 1-nm 5-point moving average
415,0.016306527043834739,PLOPS_derived_330_750,phyto_absorption_plops2024_class_balanced_300_800_1nm_smoothed.csv,PLOPS aph_spec/TChl-a class-balanced robust median; 1-nm 5-point moving average
416,0.016397559719131156,PLOPS_derived_330_750,phyto_absorption_plops2024_class_balanced_300_800_1nm_smoothed.csv,PLOPS aph_spec/TChl-a class-balanced robust median; 1-nm 5-point moving average
417,0.016483214164962668,PLOPS_derived_330_750,phyto_absorption_plops2024_class_balanced_300_800_1nm_smoothed.csv,PLOPS aph_spec/TChl-a class-balanced robust median; 1-nm 5-point moving average
418,0.016566450518692443,PLOPS_derived_330_750,phyto_absorption_plops2024_class_balanced_300_800_1nm_smoothed.csv,PLOPS aph_spec/TChl-a class-balanced robust median; 1-nm 5-point moving average
419,0.016634026608627776,PLOPS_derived_330_750,phyto_absorption_plops2024_class_balanced_300_800_1nm_smoothed.csv,PLOPS aph_spec/TChl-a class-balanced robust median; 1-nm 5-point moving average
420,0.016703586031500701,PLOPS_derived_330_750,phyto_absorption_plops2024_class_balanced_300_800_1nm_smoothed.csv,PLOPS aph_spec/TChl-a class-balanced robust median; 1-nm 5-point moving average
421,0.016772138794263761,PLOPS_derived_330_750,phyto_absorption_plops2024_class_balanced_300_800_1nm_smoothed.csv,PLOPS aph_spec/TChl-a class-balanced robust median; 1-nm 5-point moving average
422,0.016847200886091089,PLOPS_derived_330_750,phyto_absorption_plops2024_class_balanced_300_800_1nm_smoothed.csv,PLOPS aph_spec/TChl-a class-balanced robust median; 1-nm 5-point moving average
423,0.01693062732073973,PLOPS_derived_330_750,phyto_absorption_plops2024_class_balanced_300_800_1nm_smoothed.csv,PLOPS aph_spec/TChl-a class-balanced robust median; 1-nm 5-point moving average
424,0.017026340957679562,PLOPS_derived_330_750,phyto_absorption_plops2024_class_balanced_300_800_1nm_smoothed.csv,PLOPS aph_spec/TChl-a class-balanced robust median; 1-nm 5-point moving average
425,0.01713344369496916,PLOPS_derived_330_750,phyto_absorption_plops2024_class_balanced_300_800_1nm_smoothed.csv,PLOPS aph_spec/TChl-a class-balanced robust median; 1-nm 5-point moving average
426,0.017251794102718529,PLOPS_derived_330_750,phyto_absorption_plops2024_class_balanced_300_800_1nm_smoothed.csv,PLOPS aph_spec/TChl-a class-balanced robust median; 1-nm 5-point moving average
427,0.017383621934263897,PLOPS_derived_330_750,phyto_absorption_plops2024_class_balanced_300_800_1nm_smoothed.csv,PLOPS aph_spec/TChl-a class-balanced robust median; 1-nm 5-point moving average
428,0.017526946271525085,PLOPS_derived_330_750,phyto_absorption_plops2024_class_balanced_300_800_1nm_smoothed.csv,PLOPS aph_spec/TChl-a class-balanced robust median; 1-nm 5-point moving average
429,0.017686213135790066,PLOPS_derived_330_750,phyto_absorption_plops2024_class_balanced_300_800_1nm_smoothed.csv,PLOPS aph_spec/TChl-a class-balanced robust median; 1-nm 5-point moving average
430,0.017848573680657894,PLOPS_derived_330_750,phyto_absorption_plops2024_class_balanced_300_800_1nm_smoothed.csv,PLOPS aph_spec/TChl-a class-balanced robust median; 1-nm 5-point moving average
431,0.018006769912637464,PLOPS_derived_330_750,phyto_absorption_plops2024_class_balanced_300_800_1nm_smoothed.csv,PLOPS aph_spec/TChl-a class-balanced robust median; 1-nm 5-point moving average
432,0.018167440435499092,PLOPS_derived_330_750,phyto_absorption_plops2024_class_balanced_300_800_1nm_smoothed.csv,PLOPS aph_spec/TChl-a class-balanced robust median; 1-nm 5-point moving average
433,0.018309288051369096,PLOPS_derived_330_750,phyto_absorption_plops2024_class_balanced_300_800_1nm_smoothed.csv,PLOPS aph_spec/TChl-a class-balanced robust median; 1-nm 5-point moving average
434,0.018440959395230241,PLOPS_derived_330_750,phyto_absorption_plops2024_class_balanced_300_800_1nm_smoothed.csv,PLOPS aph_spec/TChl-a class-balanced robust median; 1-nm 5-point moving average
435,0.018558910310518293,PLOPS_derived_330_750,phyto_absorption_plops2024_class_balanced_300_800_1nm_smoothed.csv,PLOPS aph_spec/TChl-a class-balanced robust median; 1-nm 5-point moving average
436,0.018652619316082225,PLOPS_derived_330_750,phyto_absorption_plops2024_class_balanced_300_800_1nm_smoothed.csv,PLOPS aph_spec/TChl-a class-balanced robust median; 1-nm 5-point moving average
437,0.018720391705638426,PLOPS_derived_330_750,phyto_absorption_plops2024_class_balanced_300_800_1nm_smoothed.csv,PLOPS aph_spec/TChl-a class-balanced robust median; 1-nm 5-point moving average
438,0.018767036073166397,PLOPS_derived_330_750,phyto_absorption_plops2024_class_balanced_300_800_1nm_smoothed.csv,PLOPS aph_spec/TChl-a class-balanced robust median; 1-nm 5-point moving average
439,0.018771625678178604,PLOPS_derived_330_750,phyto_absorption_plops2024_class_balanced_300_800_1nm_smoothed.csv,PLOPS aph_spec/TChl-a class-balanced robust median; 1-nm 5-point moving average
440,0.018733986084917477,PLOPS_derived_330_750,phyto_absorption_plops2024_class_balanced_300_800_1nm_smoothed.csv,PLOPS aph_spec/TChl-a class-balanced robust median; 1-nm 5-point moving average
441,0.018666434542509727,PLOPS_derived_330_750,phyto_absorption_plops2024_class_balanced_300_800_1nm_smoothed.csv,PLOPS aph_spec/TChl-a class-balanced robust median; 1-nm 5-point moving average
442,0.018546033046539387,PLOPS_derived_330_750,phyto_absorption_plops2024_class_balanced_300_800_1nm_smoothed.csv,PLOPS aph_spec/TChl-a class-balanced robust median; 1-nm 5-point moving average
443,0.018384928065216716,PLOPS_derived_330_750,phyto_absorption_plops2024_class_balanced_300_800_1nm_smoothed.csv,PLOPS aph_spec/TChl-a class-balanced robust median; 1-nm 5-point moving average
444,0.018200849240305954,PLOPS_derived_330_750,phyto_absorption_plops2024_class_balanced_300_800_1nm_smoothed.csv,PLOPS aph_spec/TChl-a class-balanced robust median; 1-nm 5-point moving average
445,0.018022982589910898,PLOPS_derived_330_750,phyto_absorption_plops2024_class_balanced_300_800_1nm_smoothed.csv,PLOPS aph_spec/TChl-a class-balanced robust median; 1-nm 5-point moving average
446,0.017851523599389518,PLOPS_derived_330_750,phyto_absorption_plops2024_class_balanced_300_800_1nm_smoothed.csv,PLOPS aph_spec/TChl-a class-balanced robust median; 1-nm 5-point moving average
447,0.017707602972196989,PLOPS_derived_330_750,phyto_absorption_plops2024_class_balanced_300_800_1nm_smoothed.csv,PLOPS aph_spec/TChl-a class-balanced robust median; 1-nm 5-point moving average
448,0.01759251762330636,PLOPS_derived_330_750,phyto_absorption_plops2024_class_balanced_300_800_1nm_smoothed.csv,PLOPS aph_spec/TChl-a class-balanced robust median; 1-nm 5-point moving average
449,0.017502840810300273,PLOPS_derived_330_750,phyto_absorption_plops2024_class_balanced_300_800_1nm_smoothed.csv,PLOPS aph_spec/TChl-a class-balanced robust median; 1-nm 5-point moving average
450,0.017421923540842075,PLOPS_derived_330_750,phyto_absorption_plops2024_class_balanced_300_800_1nm_smoothed.csv,PLOPS aph_spec/TChl-a class-balanced robust median; 1-nm 5-point moving average
451,0.017361735394352502,PLOPS_derived_330_750,phyto_absorption_plops2024_class_balanced_300_800_1nm_smoothed.csv,PLOPS aph_spec/TChl-a class-balanced robust median; 1-nm 5-point moving average
452,0.017300443613671026,PLOPS_derived_330_750,phyto_absorption_plops2024_class_balanced_300_800_1nm_smoothed.csv,PLOPS aph_spec/TChl-a class-balanced robust median; 1-nm 5-point moving average
453,0.017254233946820366,PLOPS_derived_330_750,phyto_absorption_plops2024_class_balanced_300_800_1nm_smoothed.csv,PLOPS aph_spec/TChl-a class-balanced robust median; 1-nm 5-point moving average
454,0.017224336113163451,PLOPS_derived_330_750,phyto_absorption_plops2024_class_balanced_300_800_1nm_smoothed.csv,PLOPS aph_spec/TChl-a class-balanced robust median; 1-nm 5-point moving average
455,0.017200903101078829,PLOPS_derived_330_750,phyto_absorption_plops2024_class_balanced_300_800_1nm_smoothed.csv,PLOPS aph_spec/TChl-a class-balanced robust median; 1-nm 5-point moving average
456,0.017178692179756677,PLOPS_derived_330_750,phyto_absorption_plops2024_class_balanced_300_800_1nm_smoothed.csv,PLOPS aph_spec/TChl-a class-balanced robust median; 1-nm 5-point moving average
457,0.017169477782369415,PLOPS_derived_330_750,phyto_absorption_plops2024_class_balanced_300_800_1nm_smoothed.csv,PLOPS aph_spec/TChl-a class-balanced robust median; 1-nm 5-point moving average
458,0.017149363488609268,PLOPS_derived_330_750,phyto_absorption_plops2024_class_balanced_300_800_1nm_smoothed.csv,PLOPS aph_spec/TChl-a class-balanced robust median; 1-nm 5-point moving average
459,0.017134082510263698,PLOPS_derived_330_750,phyto_absorption_plops2024_class_balanced_300_800_1nm_smoothed.csv,PLOPS aph_spec/TChl-a class-balanced robust median; 1-nm 5-point moving average
460,0.017097667135820123,PLOPS_derived_330_750,phyto_absorption_plops2024_class_balanced_300_800_1nm_smoothed.csv,PLOPS aph_spec/TChl-a class-balanced robust median; 1-nm 5-point moving average
461,0.017050466034547351,PLOPS_derived_330_750,phyto_absorption_plops2024_class_balanced_300_800_1nm_smoothed.csv,PLOPS aph_spec/TChl-a class-balanced robust median; 1-nm 5-point moving average
462,0.016991656500880681,PLOPS_derived_330_750,phyto_absorption_plops2024_class_balanced_300_800_1nm_smoothed.csv,PLOPS aph_spec/TChl-a class-balanced robust median; 1-nm 5-point moving average
463,0.01693024655303986,PLOPS_derived_330_750,phyto_absorption_plops2024_class_balanced_300_800_1nm_smoothed.csv,PLOPS aph_spec/TChl-a class-balanced robust median; 1-nm 5-point moving average
464,0.016844954342116379,PLOPS_derived_330_750,phyto_absorption_plops2024_class_balanced_300_800_1nm_smoothed.csv,PLOPS aph_spec/TChl-a class-balanced robust median; 1-nm 5-point moving average
465,0.016793968333349722,PLOPS_derived_330_750,phyto_absorption_plops2024_class_balanced_300_800_1nm_smoothed.csv,PLOPS aph_spec/TChl-a class-balanced robust median; 1-nm 5-point moving average
466,0.016754748866750602,PLOPS_derived_330_750,phyto_absorption_plops2024_class_balanced_300_800_1nm_smoothed.csv,PLOPS aph_spec/TChl-a class-balanced robust median; 1-nm 5-point moving average
467,0.016732852824139548,PLOPS_derived_330_750,phyto_absorption_plops2024_class_balanced_300_800_1nm_smoothed.csv,PLOPS aph_spec/TChl-a class-balanced robust median; 1-nm 5-point moving average
468,0.01671198860099312,PLOPS_derived_330_750,phyto_absorption_plops2024_class_balanced_300_800_1nm_smoothed.csv,PLOPS aph_spec/TChl-a class-balanced robust median; 1-nm 5-point moving average
469,0.016696323114051632,PLOPS_derived_330_750,phyto_absorption_plops2024_class_balanced_300_800_1nm_smoothed.csv,PLOPS aph_spec/TChl-a class-balanced robust median; 1-nm 5-point moving average
470,0.016651975656092721,PLOPS_derived_330_750,phyto_absorption_plops2024_class_balanced_300_800_1nm_smoothed.csv,PLOPS aph_spec/TChl-a class-balanced robust median; 1-nm 5-point moving average
471,0.016584020210569376,PLOPS_derived_330_750,phyto_absorption_plops2024_class_balanced_300_800_1nm_smoothed.csv,PLOPS aph_spec/TChl-a class-balanced robust median; 1-nm 5-point moving average
472,0.016482277629342224,PLOPS_derived_330_750,phyto_absorption_plops2024_class_balanced_300_800_1nm_smoothed.csv,PLOPS aph_spec/TChl-a class-balanced robust median; 1-nm 5-point moving average
473,0.016372770154755623,PLOPS_derived_330_750,phyto_absorption_plops2024_class_balanced_300_800_1nm_smoothed.csv,PLOPS aph_spec/TChl-a class-balanced robust median; 1-nm 5-point moving average
474,0.016239059440216017,PLOPS_derived_330_750,phyto_absorption_plops2024_class_balanced_300_800_1nm_smoothed.csv,PLOPS aph_spec/TChl-a class-balanced robust median; 1-nm 5-point moving average
475,0.016086446970189384,PLOPS_derived_330_750,phyto_absorption_plops2024_class_balanced_300_800_1nm_smoothed.csv,PLOPS aph_spec/TChl-a class-balanced robust median; 1-nm 5-point moving average
476,0.015924090534590232,PLOPS_derived_330_750,phyto_absorption_plops2024_class_balanced_300_800_1nm_smoothed.csv,PLOPS aph_spec/TChl-a class-balanced robust median; 1-nm 5-point moving average
477,0.015752963939373886,PLOPS_derived_330_750,phyto_absorption_plops2024_class_balanced_300_800_1nm_smoothed.csv,PLOPS aph_spec/TChl-a class-balanced robust median; 1-nm 5-point moving average
478,0.01556941704234505,PLOPS_derived_330_750,phyto_absorption_plops2024_class_balanced_300_800_1nm_smoothed.csv,PLOPS aph_spec/TChl-a class-balanced robust median; 1-nm 5-point moving average
479,0.01538096283149591,PLOPS_derived_330_750,phyto_absorption_plops2024_class_balanced_300_800_1nm_smoothed.csv,PLOPS aph_spec/TChl-a class-balanced robust median; 1-nm 5-point moving average
480,0.015204796625816494,PLOPS_derived_330_750,phyto_absorption_plops2024_class_balanced_300_800_1nm_smoothed.csv,PLOPS aph_spec/TChl-a class-balanced robust median; 1-nm 5-point moving average
481,0.015032134168753942,PLOPS_derived_330_750,phyto_absorption_plops2024_class_balanced_300_800_1nm_smoothed.csv,PLOPS aph_spec/TChl-a class-balanced robust median; 1-nm 5-point moving average
482,0.014865848375333203,PLOPS_derived_330_750,phyto_absorption_plops2024_class_balanced_300_800_1nm_smoothed.csv,PLOPS aph_spec/TChl-a class-balanced robust median; 1-nm 5-point moving average
483,0.014712447297795932,PLOPS_derived_330_750,phyto_absorption_plops2024_class_balanced_300_800_1nm_smoothed.csv,PLOPS aph_spec/TChl-a class-balanced robust median; 1-nm 5-point moving average
484,0.014567043515201624,PLOPS_derived_330_750,phyto_absorption_plops2024_class_balanced_300_800_1nm_smoothed.csv,PLOPS aph_spec/TChl-a class-balanced robust median; 1-nm 5-point moving average
485,0.014428484320975604,PLOPS_derived_330_750,phyto_absorption_plops2024_class_balanced_300_800_1nm_smoothed.csv,PLOPS aph_spec/TChl-a class-balanced robust median; 1-nm 5-point moving average
486,0.014290219923765264,PLOPS_derived_330_750,phyto_absorption_plops2024_class_balanced_300_800_1nm_smoothed.csv,PLOPS aph_spec/TChl-a class-balanced robust median; 1-nm 5-point moving average
487,0.01416753377468488,PLOPS_derived_330_750,phyto_absorption_plops2024_class_balanced_300_800_1nm_smoothed.csv,PLOPS aph_spec/TChl-a class-balanced robust median; 1-nm 5-point moving average
488,0.014036364774438861,PLOPS_derived_330_750,phyto_absorption_plops2024_class_balanced_300_800_1nm_smoothed.csv,PLOPS aph_spec/TChl-a class-balanced robust median; 1-nm 5-point moving average
489,0.013902317318664979,PLOPS_derived_330_750,phyto_absorption_plops2024_class_balanced_300_800_1nm_smoothed.csv,PLOPS aph_spec/TChl-a class-balanced robust median; 1-nm 5-point moving average
490,0.013763820131197172,PLOPS_derived_330_750,phyto_absorption_plops2024_class_balanced_300_800_1nm_smoothed.csv,PLOPS aph_spec/TChl-a class-balanced robust median; 1-nm 5-point moving average
491,0.013617144643019777,PLOPS_derived_330_750,phyto_absorption_plops2024_class_balanced_300_800_1nm_smoothed.csv,PLOPS aph_spec/TChl-a class-balanced robust median; 1-nm 5-point moving average
492,0.01345237222710725,PLOPS_derived_330_750,phyto_absorption_plops2024_class_balanced_300_800_1nm_smoothed.csv,PLOPS aph_spec/TChl-a class-balanced robust median; 1-nm 5-point moving average
493,0.013270356658503967,PLOPS_derived_330_750,phyto_absorption_plops2024_class_balanced_300_800_1nm_smoothed.csv,PLOPS aph_spec/TChl-a class-balanced robust median; 1-nm 5-point moving average
494,0.013084487426336548,PLOPS_derived_330_750,phyto_absorption_plops2024_class_balanced_300_800_1nm_smoothed.csv,PLOPS aph_spec/TChl-a class-balanced robust median; 1-nm 5-point moving average
495,0.012885225208598989,PLOPS_derived_330_750,phyto_absorption_plops2024_class_balanced_300_800_1nm_smoothed.csv,PLOPS aph_spec/TChl-a class-balanced robust median; 1-nm 5-point moving average
496,0.012694968584288735,PLOPS_derived_330_750,phyto_absorption_plops2024_class_balanced_300_800_1nm_smoothed.csv,PLOPS aph_spec/TChl-a class-balanced robust median; 1-nm 5-point moving average
497,0.012514839618369581,PLOPS_derived_330_750,phyto_absorption_plops2024_class_balanced_300_800_1nm_smoothed.csv,PLOPS aph_spec/TChl-a class-balanced robust median; 1-nm 5-point moving average
498,0.012334899263481712,PLOPS_derived_330_750,phyto_absorption_plops2024_class_balanced_300_800_1nm_smoothed.csv,PLOPS aph_spec/TChl-a class-balanced robust median; 1-nm 5-point moving average
499,0.012162492187901202,PLOPS_derived_330_750,phyto_absorption_plops2024_class_balanced_300_800_1nm_smoothed.csv,PLOPS aph_spec/TChl-a class-balanced robust median; 1-nm 5-point moving average
500,0.012009531576656183,PLOPS_derived_330_750,phyto_absorption_plops2024_class_balanced_300_800_1nm_smoothed.csv,PLOPS aph_spec/TChl-a class-balanced robust median; 1-nm 5-point moving average
501,0.011847118522320588,PLOPS_derived_330_750,phyto_absorption_plops2024_class_balanced_300_800_1nm_smoothed.csv,PLOPS aph_spec/TChl-a class-balanced robust median; 1-nm 5-point moving average
502,0.011672646350827254,PLOPS_derived_330_750,phyto_absorption_plops2024_class_balanced_300_800_1nm_smoothed.csv,PLOPS aph_spec/TChl-a class-balanced robust median; 1-nm 5-point moving average
503,0.011517250079302894,PLOPS_derived_330_750,phyto_absorption_plops2024_class_balanced_300_800_1nm_smoothed.csv,PLOPS aph_spec/TChl-a class-balanced robust median; 1-nm 5-point moving average
504,0.011348274142394655,PLOPS_derived_330_750,phyto_absorption_plops2024_class_balanced_300_800_1nm_smoothed.csv,PLOPS aph_spec/TChl-a class-balanced robust median; 1-nm 5-point moving average
505,0.011150297656561592,PLOPS_derived_330_750,phyto_absorption_plops2024_class_balanced_300_800_1nm_smoothed.csv,PLOPS aph_spec/TChl-a class-balanced robust median; 1-nm 5-point moving average
506,0.010950679467744008,PLOPS_derived_330_750,phyto_absorption_plops2024_class_balanced_300_800_1nm_smoothed.csv,PLOPS aph_spec/TChl-a class-balanced robust median; 1-nm 5-point moving average
507,0.010737661612720252,PLOPS_derived_330_750,phyto_absorption_plops2024_class_balanced_300_800_1nm_smoothed.csv,PLOPS aph_spec/TChl-a class-balanced robust median; 1-nm 5-point moving average
508,0.010504475920174523,PLOPS_derived_330_750,phyto_absorption_plops2024_class_balanced_300_800_1nm_smoothed.csv,PLOPS aph_spec/TChl-a class-balanced robust median; 1-nm 5-point moving average
509,0.010265198042812656,PLOPS_derived_330_750,phyto_absorption_plops2024_class_balanced_300_800_1nm_smoothed.csv,PLOPS aph_spec/TChl-a class-balanced robust median; 1-nm 5-point moving average
510,0.010030704209476238,PLOPS_derived_330_750,phyto_absorption_plops2024_class_balanced_300_800_1nm_smoothed.csv,PLOPS aph_spec/TChl-a class-balanced robust median; 1-nm 5-point moving average
511,0.0097809153581786979,PLOPS_derived_330_750,phyto_absorption_plops2024_class_balanced_300_800_1nm_smoothed.csv,PLOPS aph_spec/TChl-a class-balanced robust median; 1-nm 5-point moving average
512,0.0095408399471086439,PLOPS_derived_330_750,phyto_absorption_plops2024_class_balanced_300_800_1nm_smoothed.csv,PLOPS aph_spec/TChl-a class-balanced robust median; 1-nm 5-point moving average
513,0.0093003582554369198,PLOPS_derived_330_750,phyto_absorption_plops2024_class_balanced_300_800_1nm_smoothed.csv,PLOPS aph_spec/TChl-a class-balanced robust median; 1-nm 5-point moving average
514,0.0090772993555579776,PLOPS_derived_330_750,phyto_absorption_plops2024_class_balanced_300_800_1nm_smoothed.csv,PLOPS aph_spec/TChl-a class-balanced robust median; 1-nm 5-point moving average
515,0.0088494334973358083,PLOPS_derived_330_750,phyto_absorption_plops2024_class_balanced_300_800_1nm_smoothed.csv,PLOPS aph_spec/TChl-a class-balanced robust median; 1-nm 5-point moving average
516,0.0086312988278320797,PLOPS_derived_330_750,phyto_absorption_plops2024_class_balanced_300_800_1nm_smoothed.csv,PLOPS aph_spec/TChl-a class-balanced robust median; 1-nm 5-point moving average
517,0.0084422331294597107,PLOPS_derived_330_750,phyto_absorption_plops2024_class_balanced_300_800_1nm_smoothed.csv,PLOPS aph_spec/TChl-a class-balanced robust median; 1-nm 5-point moving average
518,0.0082867110451145844,PLOPS_derived_330_750,phyto_absorption_plops2024_class_balanced_300_800_1nm_smoothed.csv,PLOPS aph_spec/TChl-a class-balanced robust median; 1-nm 5-point moving average
519,0.008146210363250337,PLOPS_derived_330_750,phyto_absorption_plops2024_class_balanced_300_800_1nm_smoothed.csv,PLOPS aph_spec/TChl-a class-balanced robust median; 1-nm 5-point moving average
520,0.0080380066256657886,PLOPS_derived_330_750,phyto_absorption_plops2024_class_balanced_300_800_1nm_smoothed.csv,PLOPS aph_spec/TChl-a class-balanced robust median; 1-nm 5-point moving average
521,0.0079529604719532007,PLOPS_derived_330_750,phyto_absorption_plops2024_class_balanced_300_800_1nm_smoothed.csv,PLOPS aph_spec/TChl-a class-balanced robust median; 1-nm 5-point moving average
522,0.0078677952348453362,PLOPS_derived_330_750,phyto_absorption_plops2024_class_balanced_300_800_1nm_smoothed.csv,PLOPS aph_spec/TChl-a class-balanced robust median; 1-nm 5-point moving average
523,0.0077820587690119397,PLOPS_derived_330_750,phyto_absorption_plops2024_class_balanced_300_800_1nm_smoothed.csv,PLOPS aph_spec/TChl-a class-balanced robust median; 1-nm 5-point moving average
524,0.0077015053722943169,PLOPS_derived_330_750,phyto_absorption_plops2024_class_balanced_300_800_1nm_smoothed.csv,PLOPS aph_spec/TChl-a class-balanced robust median; 1-nm 5-point moving average
525,0.0076206183013420468,PLOPS_derived_330_750,phyto_absorption_plops2024_class_balanced_300_800_1nm_smoothed.csv,PLOPS aph_spec/TChl-a class-balanced robust median; 1-nm 5-point moving average
526,0.0075540770114487631,PLOPS_derived_330_750,phyto_absorption_plops2024_class_balanced_300_800_1nm_smoothed.csv,PLOPS aph_spec/TChl-a class-balanced robust median; 1-nm 5-point moving average
527,0.0074804527704616288,PLOPS_derived_330_750,phyto_absorption_plops2024_class_balanced_300_800_1nm_smoothed.csv,PLOPS aph_spec/TChl-a class-balanced robust median; 1-nm 5-point moving average
528,0.0074059546595365766,PLOPS_derived_330_750,phyto_absorption_plops2024_class_balanced_300_800_1nm_smoothed.csv,PLOPS aph_spec/TChl-a class-balanced robust median; 1-nm 5-point moving average
529,0.0073349297248940393,PLOPS_derived_330_750,phyto_absorption_plops2024_class_balanced_300_800_1nm_smoothed.csv,PLOPS aph_spec/TChl-a class-balanced robust median; 1-nm 5-point moving average
530,0.0072613074564852591,PLOPS_derived_330_750,phyto_absorption_plops2024_class_balanced_300_800_1nm_smoothed.csv,PLOPS aph_spec/TChl-a class-balanced robust median; 1-nm 5-point moving average
531,0.0071788749384448704,PLOPS_derived_330_750,phyto_absorption_plops2024_class_balanced_300_800_1nm_smoothed.csv,PLOPS aph_spec/TChl-a class-balanced robust median; 1-nm 5-point moving average
532,0.0071022942212170641,PLOPS_derived_330_750,phyto_absorption_plops2024_class_balanced_300_800_1nm_smoothed.csv,PLOPS aph_spec/TChl-a class-balanced robust median; 1-nm 5-point moving average
533,0.0070264929464801526,PLOPS_derived_330_750,phyto_absorption_plops2024_class_balanced_300_800_1nm_smoothed.csv,PLOPS aph_spec/TChl-a class-balanced robust median; 1-nm 5-point moving average
534,0.0069389972066934025,PLOPS_derived_330_750,phyto_absorption_plops2024_class_balanced_300_800_1nm_smoothed.csv,PLOPS aph_spec/TChl-a class-balanced robust median; 1-nm 5-point moving average
535,0.0068500310658814447,PLOPS_derived_330_750,phyto_absorption_plops2024_class_balanced_300_800_1nm_smoothed.csv,PLOPS aph_spec/TChl-a class-balanced robust median; 1-nm 5-point moving average
536,0.0067555544067776242,PLOPS_derived_330_750,phyto_absorption_plops2024_class_balanced_300_800_1nm_smoothed.csv,PLOPS aph_spec/TChl-a class-balanced robust median; 1-nm 5-point moving average
537,0.0066620853424888861,PLOPS_derived_330_750,phyto_absorption_plops2024_class_balanced_300_800_1nm_smoothed.csv,PLOPS aph_spec/TChl-a class-balanced robust median; 1-nm 5-point moving average
538,0.006553173794290928,PLOPS_derived_330_750,phyto_absorption_plops2024_class_balanced_300_800_1nm_smoothed.csv,PLOPS aph_spec/TChl-a class-balanced robust median; 1-nm 5-point moving average
539,0.0064504587649732168,PLOPS_derived_330_750,phyto_absorption_plops2024_class_balanced_300_800_1nm_smoothed.csv,PLOPS aph_spec/TChl-a class-balanced robust median; 1-nm 5-point moving average
540,0.0063428489404323708,PLOPS_derived_330_750,phyto_absorption_plops2024_class_balanced_300_800_1nm_smoothed.csv,PLOPS aph_spec/TChl-a class-balanced robust median; 1-nm 5-point moving average
541,0.0062321332364215888,PLOPS_derived_330_750,phyto_absorption_plops2024_class_balanced_300_800_1nm_smoothed.csv,PLOPS aph_spec/TChl-a class-balanced robust median; 1-nm 5-point moving average
542,0.0061155370980128677,PLOPS_derived_330_750,phyto_absorption_plops2024_class_balanced_300_800_1nm_smoothed.csv,PLOPS aph_spec/TChl-a class-balanced robust median; 1-nm 5-point moving average
543,0.0060178605250526696,PLOPS_derived_330_750,phyto_absorption_plops2024_class_balanced_300_800_1nm_smoothed.csv,PLOPS aph_spec/TChl-a class-balanced robust median; 1-nm 5-point moving average
544,0.0059372071423740179,PLOPS_derived_330_750,phyto_absorption_plops2024_class_balanced_300_800_1nm_smoothed.csv,PLOPS aph_spec/TChl-a class-balanced robust median; 1-nm 5-point moving average
545,0.005884150805201863,PLOPS_derived_330_750,phyto_absorption_plops2024_class_balanced_300_800_1nm_smoothed.csv,PLOPS aph_spec/TChl-a class-balanced robust median; 1-nm 5-point moving average
546,0.0058294722793646005,PLOPS_derived_330_750,phyto_absorption_plops2024_class_balanced_300_800_1nm_smoothed.csv,PLOPS aph_spec/TChl-a class-balanced robust median; 1-nm 5-point moving average
547,0.0058085659513858788,PLOPS_derived_330_750,phyto_absorption_plops2024_class_balanced_300_800_1nm_smoothed.csv,PLOPS aph_spec/TChl-a class-balanced robust median; 1-nm 5-point moving average
548,0.0057838291793044679,PLOPS_derived_330_750,phyto_absorption_plops2024_class_balanced_300_800_1nm_smoothed.csv,PLOPS aph_spec/TChl-a class-balanced robust median; 1-nm 5-point moving average
549,0.0057641487925982034,PLOPS_derived_330_750,phyto_absorption_plops2024_class_balanced_300_800_1nm_smoothed.csv,PLOPS aph_spec/TChl-a class-balanced robust median; 1-nm 5-point moving average
550,0.005736497413790901,PLOPS_derived_330_750,phyto_absorption_plops2024_class_balanced_300_800_1nm_smoothed.csv,PLOPS aph_spec/TChl-a class-balanced robust median; 1-nm 5-point moving average
551,0.005700161458539757,PLOPS_derived_330_750,phyto_absorption_plops2024_class_balanced_300_800_1nm_smoothed.csv,PLOPS aph_spec/TChl-a class-balanced robust median; 1-nm 5-point moving average
552,0.0056210447041997727,PLOPS_derived_330_750,phyto_absorption_plops2024_class_balanced_300_800_1nm_smoothed.csv,PLOPS aph_spec/TChl-a class-balanced robust median; 1-nm 5-point moving average
553,0.0055290175387720389,PLOPS_derived_330_750,phyto_absorption_plops2024_class_balanced_300_800_1nm_smoothed.csv,PLOPS aph_spec/TChl-a class-balanced robust median; 1-nm 5-point moving average
554,0.005394293588420686,PLOPS_derived_330_750,phyto_absorption_plops2024_class_balanced_300_800_1nm_smoothed.csv,PLOPS aph_spec/TChl-a class-balanced robust median; 1-nm 5-point moving average
555,0.0052357143943932366,PLOPS_derived_330_750,phyto_absorption_plops2024_class_balanced_300_800_1nm_smoothed.csv,PLOPS aph_spec/TChl-a class-balanced robust median; 1-nm 5-point moving average
556,0.0050797287939605366,PLOPS_derived_330_750,phyto_absorption_plops2024_class_balanced_300_800_1nm_smoothed.csv,PLOPS aph_spec/TChl-a class-balanced robust median; 1-nm 5-point moving average
557,0.0049294300747472252,PLOPS_derived_330_750,phyto_absorption_plops2024_class_balanced_300_800_1nm_smoothed.csv,PLOPS aph_spec/TChl-a class-balanced robust median; 1-nm 5-point moving average
558,0.0047776021541044503,PLOPS_derived_330_750,phyto_absorption_plops2024_class_balanced_300_800_1nm_smoothed.csv,PLOPS aph_spec/TChl-a class-balanced robust median; 1-nm 5-point moving average
559,0.0046358136450691256,PLOPS_derived_330_750,phyto_absorption_plops2024_class_balanced_300_800_1nm_smoothed.csv,PLOPS aph_spec/TChl-a class-balanced robust median; 1-nm 5-point moving average
560,0.0045076916840315513,PLOPS_derived_330_750,phyto_absorption_plops2024_class_balanced_300_800_1nm_smoothed.csv,PLOPS aph_spec/TChl-a class-balanced robust median; 1-nm 5-point moving average
561,0.004386797715146021,PLOPS_derived_330_750,phyto_absorption_plops2024_class_balanced_300_800_1nm_smoothed.csv,PLOPS aph_spec/TChl-a class-balanced robust median; 1-nm 5-point moving average
562,0.0042735757688513471,PLOPS_derived_330_750,phyto_absorption_plops2024_class_balanced_300_800_1nm_smoothed.csv,PLOPS aph_spec/TChl-a class-balanced robust median; 1-nm 5-point moving average
563,0.004169531927393548,PLOPS_derived_330_750,phyto_absorption_plops2024_class_balanced_300_800_1nm_smoothed.csv,PLOPS aph_spec/TChl-a class-balanced robust median; 1-nm 5-point moving average
564,0.0040734371986543404,PLOPS_derived_330_750,phyto_absorption_plops2024_class_balanced_300_800_1nm_smoothed.csv,PLOPS aph_spec/TChl-a class-balanced robust median; 1-nm 5-point moving average
565,0.0039876905310385746,PLOPS_derived_330_750,phyto_absorption_plops2024_class_balanced_300_800_1nm_smoothed.csv,PLOPS aph_spec/TChl-a class-balanced robust median; 1-nm 5-point moving average
566,0.0039133010290115502,PLOPS_derived_330_750,phyto_absorption_plops2024_class_balanced_300_800_1nm_smoothed.csv,PLOPS aph_spec/TChl-a class-balanced robust median; 1-nm 5-point moving average
567,0.0038486955039424313,PLOPS_derived_330_750,phyto_absorption_plops2024_class_balanced_300_800_1nm_smoothed.csv,PLOPS aph_spec/TChl-a class-balanced robust median; 1-nm 5-point moving average
568,0.0037848923989706033,PLOPS_derived_330_750,phyto_absorption_plops2024_class_balanced_300_800_1nm_smoothed.csv,PLOPS aph_spec/TChl-a class-balanced robust median; 1-nm 5-point moving average
569,0.0037369876786237924,PLOPS_derived_330_750,phyto_absorption_plops2024_class_balanced_300_800_1nm_smoothed.csv,PLOPS aph_spec/TChl-a class-balanced robust median; 1-nm 5-point moving average
570,0.0036972134620294689,PLOPS_derived_330_750,phyto_absorption_plops2024_class_balanced_300_800_1nm_smoothed.csv,PLOPS aph_spec/TChl-a class-balanced robust median; 1-nm 5-point moving average
571,0.003658320310651891,PLOPS_derived_330_750,phyto_absorption_plops2024_class_balanced_300_800_1nm_smoothed.csv,PLOPS aph_spec/TChl-a class-balanced robust median; 1-nm 5-point moving average
572,0.0036284114481178117,PLOPS_derived_330_750,phyto_absorption_plops2024_class_balanced_300_800_1nm_smoothed.csv,PLOPS aph_spec/TChl-a class-balanced robust median; 1-nm 5-point moving average
573,0.0036165559059387676,PLOPS_derived_330_750,phyto_absorption_plops2024_class_balanced_300_800_1nm_smoothed.csv,PLOPS aph_spec/TChl-a class-balanced robust median; 1-nm 5-point moving average
574,0.0036123040742697034,PLOPS_derived_330_750,phyto_absorption_plops2024_class_balanced_300_800_1nm_smoothed.csv,PLOPS aph_spec/TChl-a class-balanced robust median; 1-nm 5-point moving average
575,0.003607074933391,PLOPS_derived_330_750,phyto_absorption_plops2024_class_balanced_300_800_1nm_smoothed.csv,PLOPS aph_spec/TChl-a class-balanced robust median; 1-nm 5-point moving average
576,0.0036141860478372122,PLOPS_derived_330_750,phyto_absorption_plops2024_class_balanced_300_800_1nm_smoothed.csv,PLOPS aph_spec/TChl-a class-balanced robust median; 1-nm 5-point moving average
577,0.0036225964994715688,PLOPS_derived_330_750,phyto_absorption_plops2024_class_balanced_300_800_1nm_smoothed.csv,PLOPS aph_spec/TChl-a class-balanced robust median; 1-nm 5-point moving average
578,0.0036402010072885405,PLOPS_derived_330_750,phyto_absorption_plops2024_class_balanced_300_800_1nm_smoothed.csv,PLOPS aph_spec/TChl-a class-balanced robust median; 1-nm 5-point moving average
579,0.0036672976832731533,PLOPS_derived_330_750,phyto_absorption_plops2024_class_balanced_300_800_1nm_smoothed.csv,PLOPS aph_spec/TChl-a class-balanced robust median; 1-nm 5-point moving average
580,0.0036970585612197977,PLOPS_derived_330_750,phyto_absorption_plops2024_class_balanced_300_800_1nm_smoothed.csv,PLOPS aph_spec/TChl-a class-balanced robust median; 1-nm 5-point moving average
581,0.0037447275067155109,PLOPS_derived_330_750,phyto_absorption_plops2024_class_balanced_300_800_1nm_smoothed.csv,PLOPS aph_spec/TChl-a class-balanced robust median; 1-nm 5-point moving average
582,0.0037953099976637916,PLOPS_derived_330_750,phyto_absorption_plops2024_class_balanced_300_800_1nm_smoothed.csv,PLOPS aph_spec/TChl-a class-balanced robust median; 1-nm 5-point moving average
583,0.0038495538603988588,PLOPS_derived_330_750,phyto_absorption_plops2024_class_balanced_300_800_1nm_smoothed.csv,PLOPS aph_spec/TChl-a class-balanced robust median; 1-nm 5-point moving average
584,0.0038955101099021469,PLOPS_derived_330_750,phyto_absorption_plops2024_class_balanced_300_800_1nm_smoothed.csv,PLOPS aph_spec/TChl-a class-balanced robust median; 1-nm 5-point moving average
585,0.0039460360698560593,PLOPS_derived_330_750,phyto_absorption_plops2024_class_balanced_300_800_1nm_smoothed.csv,PLOPS aph_spec/TChl-a class-balanced robust median; 1-nm 5-point moving average
586,0.0039890769391981596,PLOPS_derived_330_750,phyto_absorption_plops2024_class_balanced_300_800_1nm_smoothed.csv,PLOPS aph_spec/TChl-a class-balanced robust median; 1-nm 5-point moving average
587,0.0040310436332715634,PLOPS_derived_330_750,phyto_absorption_plops2024_class_balanced_300_800_1nm_smoothed.csv,PLOPS aph_spec/TChl-a class-balanced robust median; 1-nm 5-point moving average
588,0.0040644264141361094,PLOPS_derived_330_750,phyto_absorption_plops2024_class_balanced_300_800_1nm_smoothed.csv,PLOPS aph_spec/TChl-a class-balanced robust median; 1-nm 5-point moving average
589,0.0040994603444310662,PLOPS_derived_330_750,phyto_absorption_plops2024_class_balanced_300_800_1nm_smoothed.csv,PLOPS aph_spec/TChl-a class-balanced robust median; 1-nm 5-point moving average
590,0.0041282015195629974,PLOPS_derived_330_750,phyto_absorption_plops2024_class_balanced_300_800_1nm_smoothed.csv,PLOPS aph_spec/TChl-a class-balanced robust median; 1-nm 5-point moving average
591,0.0041475129853801142,PLOPS_derived_330_750,phyto_absorption_plops2024_class_balanced_300_800_1nm_smoothed.csv,PLOPS aph_spec/TChl-a class-balanced robust median; 1-nm 5-point moving average
592,0.004157166704227752,PLOPS_derived_330_750,phyto_absorption_plops2024_class_balanced_300_800_1nm_smoothed.csv,PLOPS aph_spec/TChl-a class-balanced robust median; 1-nm 5-point moving average
593,0.0041693621124214396,PLOPS_derived_330_750,phyto_absorption_plops2024_class_balanced_300_800_1nm_smoothed.csv,PLOPS aph_spec/TChl-a class-balanced robust median; 1-nm 5-point moving average
594,0.0041707370265313837,PLOPS_derived_330_750,phyto_absorption_plops2024_class_balanced_300_800_1nm_smoothed.csv,PLOPS aph_spec/TChl-a class-balanced robust median; 1-nm 5-point moving average
595,0.0041574994263322371,PLOPS_derived_330_750,phyto_absorption_plops2024_class_balanced_300_800_1nm_smoothed.csv,PLOPS aph_spec/TChl-a class-balanced robust median; 1-nm 5-point moving average
596,0.0041423161451476153,PLOPS_derived_330_750,phyto_absorption_plops2024_class_balanced_300_800_1nm_smoothed.csv,PLOPS aph_spec/TChl-a class-balanced robust median; 1-nm 5-point moving average
597,0.0041237836217650316,PLOPS_derived_330_750,phyto_absorption_plops2024_class_balanced_300_800_1nm_smoothed.csv,PLOPS aph_spec/TChl-a class-balanced robust median; 1-nm 5-point moving average
598,0.0040956005766846441,PLOPS_derived_330_750,phyto_absorption_plops2024_class_balanced_300_800_1nm_smoothed.csv,PLOPS aph_spec/TChl-a class-balanced robust median; 1-nm 5-point moving average
599,0.0040671742979644446,PLOPS_derived_330_750,phyto_absorption_plops2024_class_balanced_300_800_1nm_smoothed.csv,PLOPS aph_spec/TChl-a class-balanced robust median; 1-nm 5-point moving average
600,0.0040425783595712562,PLOPS_derived_330_750,phyto_absorption_plops2024_class_balanced_300_800_1nm_smoothed.csv,PLOPS aph_spec/TChl-a class-balanced robust median; 1-nm 5-point moving average
601,0.0040169367087069963,PLOPS_derived_330_750,phyto_absorption_plops2024_class_balanced_300_800_1nm_smoothed.csv,PLOPS aph_spec/TChl-a class-balanced robust median; 1-nm 5-point moving average
602,0.003996134736424739,PLOPS_derived_330_750,phyto_absorption_plops2024_class_balanced_300_800_1nm_smoothed.csv,PLOPS aph_spec/TChl-a class-balanced robust median; 1-nm 5-point moving average
603,0.0039826260906980502,PLOPS_derived_330_750,phyto_absorption_plops2024_class_balanced_300_800_1nm_smoothed.csv,PLOPS aph_spec/TChl-a class-balanced robust median; 1-nm 5-point moving average
604,0.0039734866364783345,PLOPS_derived_330_750,phyto_absorption_plops2024_class_balanced_300_800_1nm_smoothed.csv,PLOPS aph_spec/TChl-a class-balanced robust median; 1-nm 5-point moving average
605,0.0039779814794677843,PLOPS_derived_330_750,phyto_absorption_plops2024_class_balanced_300_800_1nm_smoothed.csv,PLOPS aph_spec/TChl-a class-balanced robust median; 1-nm 5-point moving average
606,0.0039916547433178047,PLOPS_derived_330_750,phyto_absorption_plops2024_class_balanced_300_800_1nm_smoothed.csv,PLOPS aph_spec/TChl-a class-balanced robust median; 1-nm 5-point moving average
607,0.0040145455850021279,PLOPS_derived_330_750,phyto_absorption_plops2024_class_balanced_300_800_1nm_smoothed.csv,PLOPS aph_spec/TChl-a class-balanced robust median; 1-nm 5-point moving average
608,0.0040440111800068117,PLOPS_derived_330_750,phyto_absorption_plops2024_class_balanced_300_800_1nm_smoothed.csv,PLOPS aph_spec/TChl-a class-balanced robust median; 1-nm 5-point moving average
609,0.0040902505566714703,PLOPS_derived_330_750,phyto_absorption_plops2024_class_balanced_300_800_1nm_smoothed.csv,PLOPS aph_spec/TChl-a class-balanced robust median; 1-nm 5-point moving average
610,0.0041371980168933148,PLOPS_derived_330_750,phyto_absorption_plops2024_class_balanced_300_800_1nm_smoothed.csv,PLOPS aph_spec/TChl-a class-balanced robust median; 1-nm 5-point moving average
611,0.0041913248157930318,PLOPS_derived_330_750,phyto_absorption_plops2024_class_balanced_300_800_1nm_smoothed.csv,PLOPS aph_spec/TChl-a class-balanced robust median; 1-nm 5-point moving average
612,0.0042587306244529499,PLOPS_derived_330_750,phyto_absorption_plops2024_class_balanced_300_800_1nm_smoothed.csv,PLOPS aph_spec/TChl-a class-balanced robust median; 1-nm 5-point moving average
613,0.0043227129939072883,PLOPS_derived_330_750,phyto_absorption_plops2024_class_balanced_300_800_1nm_smoothed.csv,PLOPS aph_spec/TChl-a class-balanced robust median; 1-nm 5-point moving average
614,0.0043787623704308228,PLOPS_derived_330_750,phyto_absorption_plops2024_class_balanced_300_800_1nm_smoothed.csv,PLOPS aph_spec/TChl-a class-balanced robust median; 1-nm 5-point moving average
615,0.0044436526983484704,PLOPS_derived_330_750,phyto_absorption_plops2024_class_balanced_300_800_1nm_smoothed.csv,PLOPS aph_spec/TChl-a class-balanced robust median; 1-nm 5-point moving average
616,0.0045013143238358698,PLOPS_derived_330_750,phyto_absorption_plops2024_class_balanced_300_800_1nm_smoothed.csv,PLOPS aph_spec/TChl-a class-balanced robust median; 1-nm 5-point moving average
617,0.0045435475162403684,PLOPS_derived_330_750,phyto_absorption_plops2024_class_balanced_300_800_1nm_smoothed.csv,PLOPS aph_spec/TChl-a class-balanced robust median; 1-nm 5-point moving average
618,0.004595041078455488,PLOPS_derived_330_750,phyto_absorption_plops2024_class_balanced_300_800_1nm_smoothed.csv,PLOPS aph_spec/TChl-a class-balanced robust median; 1-nm 5-point moving average
619,0.0046445902880827561,PLOPS_derived_330_750,phyto_absorption_plops2024_class_balanced_300_800_1nm_smoothed.csv,PLOPS aph_spec/TChl-a class-balanced robust median; 1-nm 5-point moving average
620,0.0046828918148551207,PLOPS_derived_330_750,phyto_absorption_plops2024_class_balanced_300_800_1nm_smoothed.csv,PLOPS aph_spec/TChl-a class-balanced robust median; 1-nm 5-point moving average
621,0.0047255072917952706,PLOPS_derived_330_750,phyto_absorption_plops2024_class_balanced_300_800_1nm_smoothed.csv,PLOPS aph_spec/TChl-a class-balanced robust median; 1-nm 5-point moving average
622,0.0047620096282683854,PLOPS_derived_330_750,phyto_absorption_plops2024_class_balanced_300_800_1nm_smoothed.csv,PLOPS aph_spec/TChl-a class-balanced robust median; 1-nm 5-point moving average
623,0.0047920919314208893,PLOPS_derived_330_750,phyto_absorption_plops2024_class_balanced_300_800_1nm_smoothed.csv,PLOPS aph_spec/TChl-a class-balanced robust median; 1-nm 5-point moving average
624,0.00481710670531802,PLOPS_derived_330_750,phyto_absorption_plops2024_class_balanced_300_800_1nm_smoothed.csv,PLOPS aph_spec/TChl-a class-balanced robust median; 1-nm 5-point moving average
625,0.0048406985260034726,PLOPS_derived_330_750,phyto_absorption_plops2024_class_balanced_300_800_1nm_smoothed.csv,PLOPS aph_spec/TChl-a class-balanced robust median; 1-nm 5-point moving average
626,0.0048618706892994759,PLOPS_derived_330_750,phyto_absorption_plops2024_class_balanced_300_800_1nm_smoothed.csv,PLOPS aph_spec/TChl-a class-balanced robust median; 1-nm 5-point moving average
627,0.004894427585251917,PLOPS_derived_330_750,phyto_absorption_plops2024_class_balanced_300_800_1nm_smoothed.csv,PLOPS aph_spec/TChl-a class-balanced robust median; 1-nm 5-point moving average
628,0.0049145659875522579,PLOPS_derived_330_750,phyto_absorption_plops2024_class_balanced_300_800_1nm_smoothed.csv,PLOPS aph_spec/TChl-a class-balanced robust median; 1-nm 5-point moving average
629,0.0049536707579380997,PLOPS_derived_330_750,phyto_absorption_plops2024_class_balanced_300_800_1nm_smoothed.csv,PLOPS aph_spec/TChl-a class-balanced robust median; 1-nm 5-point moving average
630,0.0050045176528111194,PLOPS_derived_330_750,phyto_absorption_plops2024_class_balanced_300_800_1nm_smoothed.csv,PLOPS aph_spec/TChl-a class-balanced robust median; 1-nm 5-point moving average
631,0.0050487439887599763,PLOPS_derived_330_750,phyto_absorption_plops2024_class_balanced_300_800_1nm_smoothed.csv,PLOPS aph_spec/TChl-a class-balanced robust median; 1-nm 5-point moving average
632,0.0050876642426013197,PLOPS_derived_330_750,phyto_absorption_plops2024_class_balanced_300_800_1nm_smoothed.csv,PLOPS aph_spec/TChl-a class-balanced robust median; 1-nm 5-point moving average
633,0.0051465016640614781,PLOPS_derived_330_750,phyto_absorption_plops2024_class_balanced_300_800_1nm_smoothed.csv,PLOPS aph_spec/TChl-a class-balanced robust median; 1-nm 5-point moving average
634,0.0051970693402747566,PLOPS_derived_330_750,phyto_absorption_plops2024_class_balanced_300_800_1nm_smoothed.csv,PLOPS aph_spec/TChl-a class-balanced robust median; 1-nm 5-point moving average
635,0.0052460896286786749,PLOPS_derived_330_750,phyto_absorption_plops2024_class_balanced_300_800_1nm_smoothed.csv,PLOPS aph_spec/TChl-a class-balanced robust median; 1-nm 5-point moving average
636,0.005310342315942582,PLOPS_derived_330_750,phyto_absorption_plops2024_class_balanced_300_800_1nm_smoothed.csv,PLOPS aph_spec/TChl-a class-balanced robust median; 1-nm 5-point moving average
637,0.0053833778648273104,PLOPS_derived_330_750,phyto_absorption_plops2024_class_balanced_300_800_1nm_smoothed.csv,PLOPS aph_spec/TChl-a class-balanced robust median; 1-nm 5-point moving average
638,0.0054643225980638742,PLOPS_derived_330_750,phyto_absorption_plops2024_class_balanced_300_800_1nm_smoothed.csv,PLOPS aph_spec/TChl-a class-balanced robust median; 1-nm 5-point moving average
639,0.0055282265403395784,PLOPS_derived_330_750,phyto_absorption_plops2024_class_balanced_300_800_1nm_smoothed.csv,PLOPS aph_spec/TChl-a class-balanced robust median; 1-nm 5-point moving average
640,0.0055660698524511521,PLOPS_derived_330_750,phyto_absorption_plops2024_class_balanced_300_800_1nm_smoothed.csv,PLOPS aph_spec/TChl-a class-balanced robust median; 1-nm 5-point moving average
641,0.0055842822026839177,PLOPS_derived_330_750,phyto_absorption_plops2024_class_balanced_300_800_1nm_smoothed.csv,PLOPS aph_spec/TChl-a class-balanced robust median; 1-nm 5-point moving average
642,0.0055801953850334561,PLOPS_derived_330_750,phyto_absorption_plops2024_class_balanced_300_800_1nm_smoothed.csv,PLOPS aph_spec/TChl-a class-balanced robust median; 1-nm 5-point moving average
643,0.0055432231709901074,PLOPS_derived_330_750,phyto_absorption_plops2024_class_balanced_300_800_1nm_smoothed.csv,PLOPS aph_spec/TChl-a class-balanced robust median; 1-nm 5-point moving average
644,0.0055034897472082973,PLOPS_derived_330_750,phyto_absorption_plops2024_class_balanced_300_800_1nm_smoothed.csv,PLOPS aph_spec/TChl-a class-balanced robust median; 1-nm 5-point moving average
645,0.0054689092872651987,PLOPS_derived_330_750,phyto_absorption_plops2024_class_balanced_300_800_1nm_smoothed.csv,PLOPS aph_spec/TChl-a class-balanced robust median; 1-nm 5-point moving average
646,0.0054210255702270213,PLOPS_derived_330_750,phyto_absorption_plops2024_class_balanced_300_800_1nm_smoothed.csv,PLOPS aph_spec/TChl-a class-balanced robust median; 1-nm 5-point moving average
647,0.0053813244372583951,PLOPS_derived_330_750,phyto_absorption_plops2024_class_balanced_300_800_1nm_smoothed.csv,PLOPS aph_spec/TChl-a class-balanced robust median; 1-nm 5-point moving average
648,0.0053462833040978331,PLOPS_derived_330_750,phyto_absorption_plops2024_class_balanced_300_800_1nm_smoothed.csv,PLOPS aph_spec/TChl-a class-balanced robust median; 1-nm 5-point moving average
649,0.0053314970348749607,PLOPS_derived_330_750,phyto_absorption_plops2024_class_balanced_300_800_1nm_smoothed.csv,PLOPS aph_spec/TChl-a class-balanced robust median; 1-nm 5-point moving average
650,0.0053428117552328496,PLOPS_derived_330_750,phyto_absorption_plops2024_class_balanced_300_800_1nm_smoothed.csv,PLOPS aph_spec/TChl-a class-balanced robust median; 1-nm 5-point moving average
651,0.0053765769828537022,PLOPS_derived_330_750,phyto_absorption_plops2024_class_balanced_300_800_1nm_smoothed.csv,PLOPS aph_spec/TChl-a class-balanced robust median; 1-nm 5-point moving average
652,0.0054318379916677203,PLOPS_derived_330_750,phyto_absorption_plops2024_class_balanced_300_800_1nm_smoothed.csv,PLOPS aph_spec/TChl-a class-balanced robust median; 1-nm 5-point moving average
653,0.0055229198092445527,PLOPS_derived_330_750,phyto_absorption_plops2024_class_balanced_300_800_1nm_smoothed.csv,PLOPS aph_spec/TChl-a class-balanced robust median; 1-nm 5-point moving average
654,0.0056510212753798613,PLOPS_derived_330_750,phyto_absorption_plops2024_class_balanced_300_800_1nm_smoothed.csv,PLOPS aph_spec/TChl-a class-balanced robust median; 1-nm 5-point moving average
655,0.005826724359366227,PLOPS_derived_330_750,phyto_absorption_plops2024_class_balanced_300_800_1nm_smoothed.csv,PLOPS aph_spec/TChl-a class-balanced robust median; 1-nm 5-point moving average
656,0.0060703081739203173,PLOPS_derived_330_750,phyto_absorption_plops2024_class_balanced_300_800_1nm_smoothed.csv,PLOPS aph_spec/TChl-a class-balanced robust median; 1-nm 5-point moving average
657,0.0063800542848727474,PLOPS_derived_330_750,phyto_absorption_plops2024_class_balanced_300_800_1nm_smoothed.csv,PLOPS aph_spec/TChl-a class-balanced robust median; 1-nm 5-point moving average
658,0.006768399790222623,PLOPS_derived_330_750,phyto_absorption_plops2024_class_balanced_300_800_1nm_smoothed.csv,PLOPS aph_spec/TChl-a class-balanced robust median; 1-nm 5-point moving average
659,0.0072071565976078358,PLOPS_derived_330_750,phyto_absorption_plops2024_class_balanced_300_800_1nm_smoothed.csv,PLOPS aph_spec/TChl-a class-balanced robust median; 1-nm 5-point moving average
660,0.0076597341703909805,PLOPS_derived_330_750,phyto_absorption_plops2024_class_balanced_300_800_1nm_smoothed.csv,PLOPS aph_spec/TChl-a class-balanced robust median; 1-nm 5-point moving average
661,0.0081132956654674862,PLOPS_derived_330_750,phyto_absorption_plops2024_class_balanced_300_800_1nm_smoothed.csv,PLOPS aph_spec/TChl-a class-balanced robust median; 1-nm 5-point moving average
662,0.0085701498125911792,PLOPS_derived_330_750,phyto_absorption_plops2024_class_balanced_300_800_1nm_smoothed.csv,PLOPS aph_spec/TChl-a class-balanced robust median; 1-nm 5-point moving average
663,0.0090082009909061445,PLOPS_derived_330_750,phyto_absorption_plops2024_class_balanced_300_800_1nm_smoothed.csv,PLOPS aph_spec/TChl-a class-balanced robust median; 1-nm 5-point moving average
664,0.0094566109160478546,PLOPS_derived_330_750,phyto_absorption_plops2024_class_balanced_300_800_1nm_smoothed.csv,PLOPS aph_spec/TChl-a class-balanced robust median; 1-nm 5-point moving average
665,0.0099258943367029756,PLOPS_derived_330_750,phyto_absorption_plops2024_class_balanced_300_800_1nm_smoothed.csv,PLOPS aph_spec/TChl-a class-balanced robust median; 1-nm 5-point moving average
666,0.010438215321722313,PLOPS_derived_330_750,phyto_absorption_plops2024_class_balanced_300_800_1nm_smoothed.csv,PLOPS aph_spec/TChl-a class-balanced robust median; 1-nm 5-point moving average
667,0.010946703866165053,PLOPS_derived_330_750,phyto_absorption_plops2024_class_balanced_300_800_1nm_smoothed.csv,PLOPS aph_spec/TChl-a class-balanced robust median; 1-nm 5-point moving average
668,0.01144645569907145,PLOPS_derived_330_750,phyto_absorption_plops2024_class_balanced_300_800_1nm_smoothed.csv,PLOPS aph_spec/TChl-a class-balanced robust median; 1-nm 5-point moving average
669,0.011896466148795632,PLOPS_derived_330_750,phyto_absorption_plops2024_class_balanced_300_800_1nm_smoothed.csv,PLOPS aph_spec/TChl-a class-balanced robust median; 1-nm 5-point moving average
670,0.012287163024395994,PLOPS_derived_330_750,phyto_absorption_plops2024_class_balanced_300_800_1nm_smoothed.csv,PLOPS aph_spec/TChl-a class-balanced robust median; 1-nm 5-point moving average
671,0.012587926916264121,PLOPS_derived_330_750,phyto_absorption_plops2024_class_balanced_300_800_1nm_smoothed.csv,PLOPS aph_spec/TChl-a class-balanced robust median; 1-nm 5-point moving average
672,0.012803047290045357,PLOPS_derived_330_750,phyto_absorption_plops2024_class_balanced_300_800_1nm_smoothed.csv,PLOPS aph_spec/TChl-a class-balanced robust median; 1-nm 5-point moving average
673,0.012932537907038799,PLOPS_derived_330_750,phyto_absorption_plops2024_class_balanced_300_800_1nm_smoothed.csv,PLOPS aph_spec/TChl-a class-balanced robust median; 1-nm 5-point moving average
674,0.012970047382005346,PLOPS_derived_330_750,phyto_absorption_plops2024_class_balanced_300_800_1nm_smoothed.csv,PLOPS aph_spec/TChl-a class-balanced robust median; 1-nm 5-point moving average
675,0.012940226201904999,PLOPS_derived_330_750,phyto_absorption_plops2024_class_balanced_300_800_1nm_smoothed.csv,PLOPS aph_spec/TChl-a class-balanced robust median; 1-nm 5-point moving average
676,0.012853830177005273,PLOPS_derived_330_750,phyto_absorption_plops2024_class_balanced_300_800_1nm_smoothed.csv,PLOPS aph_spec/TChl-a class-balanced robust median; 1-nm 5-point moving average
677,0.012726822669035538,PLOPS_derived_330_750,phyto_absorption_plops2024_class_balanced_300_800_1nm_smoothed.csv,PLOPS aph_spec/TChl-a class-balanced robust median; 1-nm 5-point moving average
678,0.01253900680505078,PLOPS_derived_330_750,phyto_absorption_plops2024_class_balanced_300_800_1nm_smoothed.csv,PLOPS aph_spec/TChl-a class-balanced robust median; 1-nm 5-point moving average
679,0.012314102864584626,PLOPS_derived_330_750,phyto_absorption_plops2024_class_balanced_300_800_1nm_smoothed.csv,PLOPS aph_spec/TChl-a class-balanced robust median; 1-nm 5-point moving average
680,0.012015268682537127,PLOPS_derived_330_750,phyto_absorption_plops2024_class_balanced_300_800_1nm_smoothed.csv,PLOPS aph_spec/TChl-a class-balanced robust median; 1-nm 5-point moving average
681,0.011621669049345293,PLOPS_derived_330_750,phyto_absorption_plops2024_class_balanced_300_800_1nm_smoothed.csv,PLOPS aph_spec/TChl-a class-balanced robust median; 1-nm 5-point moving average
682,0.011144227842168064,PLOPS_derived_330_750,phyto_absorption_plops2024_class_balanced_300_800_1nm_smoothed.csv,PLOPS aph_spec/TChl-a class-balanced robust median; 1-nm 5-point moving average
683,0.010582841906288783,PLOPS_derived_330_750,phyto_absorption_plops2024_class_balanced_300_800_1nm_smoothed.csv,PLOPS aph_spec/TChl-a class-balanced robust median; 1-nm 5-point moving average
684,0.0099279722681228644,PLOPS_derived_330_750,phyto_absorption_plops2024_class_balanced_300_800_1nm_smoothed.csv,PLOPS aph_spec/TChl-a class-balanced robust median; 1-nm 5-point moving average
685,0.009185868086101813,PLOPS_derived_330_750,phyto_absorption_plops2024_class_balanced_300_800_1nm_smoothed.csv,PLOPS aph_spec/TChl-a class-balanced robust median; 1-nm 5-point moving average
686,0.0084116618620116313,PLOPS_derived_330_750,phyto_absorption_plops2024_class_balanced_300_800_1nm_smoothed.csv,PLOPS aph_spec/TChl-a class-balanced robust median; 1-nm 5-point moving average
687,0.0076165673745796983,PLOPS_derived_330_750,phyto_absorption_plops2024_class_balanced_300_800_1nm_smoothed.csv,PLOPS aph_spec/TChl-a class-balanced robust median; 1-nm 5-point moving average
688,0.0068336578125239404,PLOPS_derived_330_750,phyto_absorption_plops2024_class_balanced_300_800_1nm_smoothed.csv,PLOPS aph_spec/TChl-a class-balanced robust median; 1-nm 5-point moving average
689,0.0060824738733990065,PLOPS_derived_330_750,phyto_absorption_plops2024_class_balanced_300_800_1nm_smoothed.csv,PLOPS aph_spec/TChl-a class-balanced robust median; 1-nm 5-point moving average
690,0.0053929714755005182,PLOPS_derived_330_750,phyto_absorption_plops2024_class_balanced_300_800_1nm_smoothed.csv,PLOPS aph_spec/TChl-a class-balanced robust median; 1-nm 5-point moving average
691,0.0047388798327223135,PLOPS_derived_330_750,phyto_absorption_plops2024_class_balanced_300_800_1nm_smoothed.csv,PLOPS aph_spec/TChl-a class-balanced robust median; 1-nm 5-point moving average
692,0.0041288305237630277,PLOPS_derived_330_750,phyto_absorption_plops2024_class_balanced_300_800_1nm_smoothed.csv,PLOPS aph_spec/TChl-a class-balanced robust median; 1-nm 5-point moving average
693,0.0035718230762596241,PLOPS_derived_330_750,phyto_absorption_plops2024_class_balanced_300_800_1nm_smoothed.csv,PLOPS aph_spec/TChl-a class-balanced robust median; 1-nm 5-point moving average
694,0.0030905789621298056,PLOPS_derived_330_750,phyto_absorption_plops2024_class_balanced_300_800_1nm_smoothed.csv,PLOPS aph_spec/TChl-a class-balanced robust median; 1-nm 5-point moving average
695,0.0026582690599429161,PLOPS_derived_330_750,phyto_absorption_plops2024_class_balanced_300_800_1nm_smoothed.csv,PLOPS aph_spec/TChl-a class-balanced robust median; 1-nm 5-point moving average
696,0.0022759339021897612,PLOPS_derived_330_750,phyto_absorption_plops2024_class_balanced_300_800_1nm_smoothed.csv,PLOPS aph_spec/TChl-a class-balanced robust median; 1-nm 5-point moving average
697,0.0019710342102613153,PLOPS_derived_330_750,phyto_absorption_plops2024_class_balanced_300_800_1nm_smoothed.csv,PLOPS aph_spec/TChl-a class-balanced robust median; 1-nm 5-point moving average
698,0.0017029124905708001,PLOPS_derived_330_750,phyto_absorption_plops2024_class_balanced_300_800_1nm_smoothed.csv,PLOPS aph_spec/TChl-a class-balanced robust median; 1-nm 5-point moving average
699,0.0014391548073515192,PLOPS_derived_330_750,phyto_absorption_plops2024_class_balanced_300_800_1nm_smoothed.csv,PLOPS aph_spec/TChl-a class-balanced robust median; 1-nm 5-point moving average
700,0.0012439888874935237,PLOPS_derived_330_750,phyto_absorption_plops2024_class_balanced_300_800_1nm_smoothed.csv,PLOPS aph_spec/TChl-a class-balanced robust median; 1-nm 5-point moving average
701,0.0010984297810660848,PLOPS_derived_330_750,phyto_absorption_plops2024_class_balanced_300_800_1nm_smoothed.csv,PLOPS aph_spec/TChl-a class-balanced robust median; 1-nm 5-point moving average
702,0.00094715403321705266,PLOPS_derived_330_750,phyto_absorption_plops2024_class_balanced_300_800_1nm_smoothed.csv,PLOPS aph_spec/TChl-a class-balanced robust median; 1-nm 5-point moving average
703,0.00081840712617172644,PLOPS_derived_330_750,phyto_absorption_plops2024_class_balanced_300_800_1nm_smoothed.csv,PLOPS aph_spec/TChl-a class-balanced robust median; 1-nm 5-point moving average
704,0.00072577095011184742,PLOPS_derived_330_750,phyto_absorption_plops2024_class_balanced_300_800_1nm_smoothed.csv,PLOPS aph_spec/TChl-a class-balanced robust median; 1-nm 5-point moving average
705,0.00062614769026174562,PLOPS_derived_330_750,phyto_absorption_plops2024_class_balanced_300_800_1nm_smoothed.csv,PLOPS aph_spec/TChl-a class-balanced robust median; 1-nm 5-point moving average
706,0.00053680481103046121,PLOPS_derived_330_750,phyto_absorption_plops2024_class_balanced_300_800_1nm_smoothed.csv,PLOPS aph_spec/TChl-a class-balanced robust median; 1-nm 5-point moving average
707,0.00046869853460452832,PLOPS_derived_330_750,phyto_absorption_plops2024_class_balanced_300_800_1nm_smoothed.csv,PLOPS aph_spec/TChl-a class-balanced robust median; 1-nm 5-point moving average
708,0.00041525039136721309,PLOPS_derived_330_750,phyto_absorption_plops2024_class_balanced_300_800_1nm_smoothed.csv,PLOPS aph_spec/TChl-a class-balanced robust median; 1-nm 5-point moving average
709,0.00036992184821066235,PLOPS_derived_330_750,phyto_absorption_plops2024_class_balanced_300_800_1nm_smoothed.csv,PLOPS aph_spec/TChl-a class-balanced robust median; 1-nm 5-point moving average
710,0.00033783032540386744,PLOPS_derived_330_750,phyto_absorption_plops2024_class_balanced_300_800_1nm_smoothed.csv,PLOPS aph_spec/TChl-a class-balanced robust median; 1-nm 5-point moving average
711,0.00031296095885221902,PLOPS_derived_330_750,phyto_absorption_plops2024_class_balanced_300_800_1nm_smoothed.csv,PLOPS aph_spec/TChl-a class-balanced robust median; 1-nm 5-point moving average
712,0.00028020531121511136,PLOPS_derived_330_750,phyto_absorption_plops2024_class_balanced_300_800_1nm_smoothed.csv,PLOPS aph_spec/TChl-a class-balanced robust median; 1-nm 5-point moving average
713,0.00025595775619363127,PLOPS_derived_330_750,phyto_absorption_plops2024_class_balanced_300_800_1nm_smoothed.csv,PLOPS aph_spec/TChl-a class-balanced robust median; 1-nm 5-point moving average
714,0.00023210225019796378,PLOPS_derived_330_750,phyto_absorption_plops2024_class_balanced_300_800_1nm_smoothed.csv,PLOPS aph_spec/TChl-a class-balanced robust median; 1-nm 5-point moving average
715,0.00020726077680768742,PLOPS_derived_330_750,phyto_absorption_plops2024_class_balanced_300_800_1nm_smoothed.csv,PLOPS aph_spec/TChl-a class-balanced robust median; 1-nm 5-point moving average
716,0.00018320831207106322,PLOPS_derived_330_750,phyto_absorption_plops2024_class_balanced_300_800_1nm_smoothed.csv,PLOPS aph_spec/TChl-a class-balanced robust median; 1-nm 5-point moving average
717,0.00016795746253987499,PLOPS_derived_330_750,phyto_absorption_plops2024_class_balanced_300_800_1nm_smoothed.csv,PLOPS aph_spec/TChl-a class-balanced robust median; 1-nm 5-point moving average
718,0.00014716539531122878,PLOPS_derived_330_750,phyto_absorption_plops2024_class_balanced_300_800_1nm_smoothed.csv,PLOPS aph_spec/TChl-a class-balanced robust median; 1-nm 5-point moving average
719,0.00012921666961072186,PLOPS_derived_330_750,phyto_absorption_plops2024_class_balanced_300_800_1nm_smoothed.csv,PLOPS aph_spec/TChl-a class-balanced robust median; 1-nm 5-point moving average
720,0.00011691153339515405,PLOPS_derived_330_750,phyto_absorption_plops2024_class_balanced_300_800_1nm_smoothed.csv,PLOPS aph_spec/TChl-a class-balanced robust median; 1-nm 5-point moving average
721,0.00010013086470000336,PLOPS_derived_330_750,phyto_absorption_plops2024_class_balanced_300_800_1nm_smoothed.csv,PLOPS aph_spec/TChl-a class-balanced robust median; 1-nm 5-point moving average
722,9.1315956520546596e-05,PLOPS_derived_330_750,phyto_absorption_plops2024_class_balanced_300_800_1nm_smoothed.csv,PLOPS aph_spec/TChl-a class-balanced robust median; 1-nm 5-point moving average
723,8.6974162347322839e-05,PLOPS_derived_330_750,phyto_absorption_plops2024_class_balanced_300_800_1nm_smoothed.csv,PLOPS aph_spec/TChl-a class-balanced robust median; 1-nm 5-point moving average
724,8.2138001021743012e-05,PLOPS_derived_330_750,phyto_absorption_plops2024_class_balanced_300_800_1nm_smoothed.csv,PLOPS aph_spec/TChl-a class-balanced robust median; 1-nm 5-point moving average
725,7.5442917687739235e-05,PLOPS_derived_330_750,phyto_absorption_plops2024_class_balanced_300_800_1nm_smoothed.csv,PLOPS aph_spec/TChl-a class-balanced robust median; 1-nm 5-point moving average
726,7.1364603194702252e-05,PLOPS_derived_330_750,phyto_absorption_plops2024_class_balanced_300_800_1nm_smoothed.csv,PLOPS aph_spec/TChl-a class-balanced robust median; 1-nm 5-point moving average
727,6.5387014118933212e-05,PLOPS_derived_330_750,phyto_absorption_plops2024_class_balanced_300_800_1nm_smoothed.csv,PLOPS aph_spec/TChl-a class-balanced robust median; 1-nm 5-point moving average
728,6.1992352801951552e-05,PLOPS_derived_330_750,phyto_absorption_plops2024_class_balanced_300_800_1nm_smoothed.csv,PLOPS aph_spec/TChl-a class-balanced robust median; 1-nm 5-point moving average
729,5.716481430723183e-05,PLOPS_derived_330_750,phyto_absorption_plops2024_class_balanced_300_800_1nm_smoothed.csv,PLOPS aph_spec/TChl-a class-balanced robust median; 1-nm 5-point moving average
730,5.2716598785238733e-05,PLOPS_derived_330_750,phyto_absorption_plops2024_class_balanced_300_800_1nm_smoothed.csv,PLOPS aph_spec/TChl-a class-balanced robust median; 1-nm 5-point moving average
731,5.3545201859697824e-05,PLOPS_derived_330_750,phyto_absorption_plops2024_class_balanced_300_800_1nm_smoothed.csv,PLOPS aph_spec/TChl-a class-balanced robust median; 1-nm 5-point moving average
732,5.300949432090936e-05,PLOPS_derived_330_750,phyto_absorption_plops2024_class_balanced_300_800_1nm_smoothed.csv,PLOPS aph_spec/TChl-a class-balanced robust median; 1-nm 5-point moving average
733,5.0923609759948554e-05,PLOPS_derived_330_750,phyto_absorption_plops2024_class_balanced_300_800_1nm_smoothed.csv,PLOPS aph_spec/TChl-a class-balanced robust median; 1-nm 5-point moving average
734,4.6531759059765678e-05,PLOPS_derived_330_750,phyto_absorption_plops2024_class_balanced_300_800_1nm_smoothed.csv,PLOPS aph_spec/TChl-a class-balanced robust median; 1-nm 5-point moving average
735,4.9270640092594679e-05,PLOPS_derived_330_750,phyto_absorption_plops2024_class_balanced_300_800_1nm_smoothed.csv,PLOPS aph_spec/TChl-a class-balanced robust median; 1-nm 5-point moving average
736,5.0754666710560467e-05,PLOPS_derived_330_750,phyto_absorption_plops2024_class_balanced_300_800_1nm_smoothed.csv,PLOPS aph_spec/TChl-a class-balanced robust median; 1-nm 5-point moving average
737,5.1930438194581815e-05,PLOPS_derived_330_750,phyto_absorption_plops2024_class_balanced_300_800_1nm_smoothed.csv,PLOPS aph_spec/TChl-a class-balanced robust median; 1-nm 5-point moving average
738,5.3847898379656319e-05,PLOPS_derived_330_750,phyto_absorption_plops2024_class_balanced_300_800_1nm_smoothed.csv,PLOPS aph_spec/TChl-a class-balanced robust median; 1-nm 5-point moving average
739,5.9366311423962614e-05,PLOPS_derived_330_750,phyto_absorption_plops2024_class_balanced_300_800_1nm_smoothed.csv,PLOPS aph_spec/TChl-a class-balanced robust median; 1-nm 5-point moving average
740,5.5707401203347197e-05,PLOPS_derived_330_750,phyto_absorption_plops2024_class_balanced_300_800_1nm_smoothed.csv,PLOPS aph_spec/TChl-a class-balanced robust median; 1-nm 5-point moving average
741,4.9225204421258042e-05,PLOPS_derived_330_750,phyto_absorption_plops2024_class_balanced_300_800_1nm_smoothed.csv,PLOPS aph_spec/TChl-a class-balanced robust median; 1-nm 5-point moving average
742,4.4340931583884069e-05,PLOPS_derived_330_750,phyto_absorption_plops2024_class_balanced_300_800_1nm_smoothed.csv,PLOPS aph_spec/TChl-a class-balanced robust median; 1-nm 5-point moving average
743,4.1495483401469415e-05,PLOPS_derived_330_750,phyto_absorption_plops2024_class_balanced_300_800_1nm_smoothed.csv,PLOPS aph_spec/TChl-a class-balanced robust median; 1-nm 5-point moving average
744,4.044022813664617e-05,PLOPS_derived_330_750,phyto_absorption_plops2024_class_balanced_300_800_1nm_smoothed.csv,PLOPS aph_spec/TChl-a class-balanced robust median; 1-nm 5-point moving average
745,3.8881644914468213e-05,PLOPS_derived_330_750,phyto_absorption_plops2024_class_balanced_300_800_1nm_smoothed.csv,PLOPS aph_spec/TChl-a class-balanced robust median; 1-nm 5-point moving average
746,3.6045591087386154e-05,PLOPS_derived_330_750,phyto_absorption_plops2024_class_balanced_300_800_1nm_smoothed.csv,PLOPS aph_spec/TChl-a class-balanced robust median; 1-nm 5-point moving average
747,3.6936357812560248e-05,PLOPS_derived_330_750,phyto_absorption_plops2024_class_balanced_300_800_1nm_smoothed.csv,PLOPS aph_spec/TChl-a class-balanced robust median; 1-nm 5-point moving average
748,3.3584994876066724e-05,PLOPS_derived_330_750,phyto_absorption_plops2024_class_balanced_300_800_1nm_smoothed.csv,PLOPS aph_spec/TChl-a class-balanced robust median; 1-nm 5-point moving average
749,2.7276500651409186e-05,PLOPS_derived_330_750,phyto_absorption_plops2024_class_balanced_300_800_1nm_smoothed.csv,PLOPS aph_spec/TChl-a class-balanced robust median; 1-nm 5-point moving average
750,2.2351120859219934e-05,PLOPS_derived_330_750,phyto_absorption_plops2024_class_balanced_300_800_1nm_smoothed.csv,PLOPS aph_spec/TChl-a class-balanced robust median; 1-nm 5-point moving average
751,2.1904098442035535e-05,linear_taper_750_to_800_zero,OCRT project closure,"a750 + (-4.4702241718439867e-07)*(lambda-750), reaching exact zero at 800 nm"
752,2.1457076024851136e-05,linear_taper_750_to_800_zero,OCRT project closure,"a750 + (-4.4702241718439867e-07)*(lambda-750), reaching exact zero at 800 nm"
753,2.1010053607666738e-05,linear_taper_750_to_800_zero,OCRT project closure,"a750 + (-4.4702241718439867e-07)*(lambda-750), reaching exact zero at 800 nm"
754,2.0563031190482339e-05,linear_taper_750_to_800_zero,OCRT project closure,"a750 + (-4.4702241718439867e-07)*(lambda-750), reaching exact zero at 800 nm"
755,2.011600877329794e-05,linear_taper_750_to_800_zero,OCRT project closure,"a750 + (-4.4702241718439867e-07)*(lambda-750), reaching exact zero at 800 nm"
756,1.9668986356113541e-05,linear_taper_750_to_800_zero,OCRT project closure,"a750 + (-4.4702241718439867e-07)*(lambda-750), reaching exact zero at 800 nm"
757,1.9221963938929143e-05,linear_taper_750_to_800_zero,OCRT project closure,"a750 + (-4.4702241718439867e-07)*(lambda-750), reaching exact zero at 800 nm"
758,1.8774941521744744e-05,linear_taper_750_to_800_zero,OCRT project closure,"a750 + (-4.4702241718439867e-07)*(lambda-750), reaching exact zero at 800 nm"
759,1.8327919104560345e-05,linear_taper_750_to_800_zero,OCRT project closure,"a750 + (-4.4702241718439867e-07)*(lambda-750), reaching exact zero at 800 nm"
760,1.7880896687375947e-05,linear_taper_750_to_800_zero,OCRT project closure,"a750 + (-4.4702241718439867e-07)*(lambda-750), reaching exact zero at 800 nm"
761,1.7433874270191548e-05,linear_taper_750_to_800_zero,OCRT project closure,"a750 + (-4.4702241718439867e-07)*(lambda-750), reaching exact zero at 800 nm"
762,1.6986851853007149e-05,linear_taper_750_to_800_zero,OCRT project closure,"a750 + (-4.4702241718439867e-07)*(lambda-750), reaching exact zero at 800 nm"
763,1.6539829435822751e-05,linear_taper_750_to_800_zero,OCRT project closure,"a750 + (-4.4702241718439867e-07)*(lambda-750), reaching exact zero at 800 nm"
764,1.6092807018638352e-05,linear_taper_750_to_800_zero,OCRT project closure,"a750 + (-4.4702241718439867e-07)*(lambda-750), reaching exact zero at 800 nm"
765,1.5645784601453953e-05,linear_taper_750_to_800_zero,OCRT project closure,"a750 + (-4.4702241718439867e-07)*(lambda-750), reaching exact zero at 800 nm"
766,1.5198762184269555e-05,linear_taper_750_to_800_zero,OCRT project closure,"a750 + (-4.4702241718439867e-07)*(lambda-750), reaching exact zero at 800 nm"
767,1.4751739767085156e-05,linear_taper_750_to_800_zero,OCRT project closure,"a750 + (-4.4702241718439867e-07)*(lambda-750), reaching exact zero at 800 nm"
768,1.4304717349900757e-05,linear_taper_750_to_800_zero,OCRT project closure,"a750 + (-4.4702241718439867e-07)*(lambda-750), reaching exact zero at 800 nm"
769,1.3857694932716359e-05,linear_taper_750_to_800_zero,OCRT project closure,"a750 + (-4.4702241718439867e-07)*(lambda-750), reaching exact zero at 800 nm"
770,1.341067251553196e-05,linear_taper_750_to_800_zero,OCRT project closure,"a750 + (-4.4702241718439867e-07)*(lambda-750), reaching exact zero at 800 nm"
771,1.2963650098347561e-05,linear_taper_750_to_800_zero,OCRT project closure,"a750 + (-4.4702241718439867e-07)*(lambda-750), reaching exact zero at 800 nm"
772,1.2516627681163163e-05,linear_taper_750_to_800_zero,OCRT project closure,"a750 + (-4.4702241718439867e-07)*(lambda-750), reaching exact zero at 800 nm"
773,1.2069605263978764e-05,linear_taper_750_to_800_zero,OCRT project closure,"a750 + (-4.4702241718439867e-07)*(lambda-750), reaching exact zero at 800 nm"
774,1.1622582846794365e-05,linear_taper_750_to_800_zero,OCRT project closure,"a750 + (-4.4702241718439867e-07)*(lambda-750), reaching exact zero at 800 nm"
775,1.1175560429609967e-05,linear_taper_750_to_800_zero,OCRT project closure,"a750 + (-4.4702241718439867e-07)*(lambda-750), reaching exact zero at 800 nm"
776,1.0728538012425568e-05,linear_taper_750_to_800_zero,OCRT project closure,"a750 + (-4.4702241718439867e-07)*(lambda-750), reaching exact zero at 800 nm"
777,1.0281515595241169e-05,linear_taper_750_to_800_zero,OCRT project closure,"a750 + (-4.4702241718439867e-07)*(lambda-750), reaching exact zero at 800 nm"
778,9.8344931780567707e-06,linear_taper_750_to_800_zero,OCRT project closure,"a750 + (-4.4702241718439867e-07)*(lambda-750), reaching exact zero at 800 nm"
779,9.3874707608723721e-06,linear_taper_750_to_800_zero,OCRT project closure,"a750 + (-4.4702241718439867e-07)*(lambda-750), reaching exact zero at 800 nm"
780,8.9404483436879734e-06,linear_taper_750_to_800_zero,OCRT project closure,"a750 + (-4.4702241718439867e-07)*(lambda-750), reaching exact zero at 800 nm"
781,8.4934259265035747e-06,linear_taper_750_to_800_zero,OCRT project closure,"a750 + (-4.4702241718439867e-07)*(lambda-750), reaching exact zero at 800 nm"
782,8.0464035093191761e-06,linear_taper_750_to_800_zero,OCRT project closure,"a750 + (-4.4702241718439867e-07)*(lambda-750), reaching exact zero at 800 nm"
783,7.5993810921347774e-06,linear_taper_750_to_800_zero,OCRT project closure,"a750 + (-4.4702241718439867e-07)*(lambda-750), reaching exact zero at 800 nm"
784,7.1523586749503787e-06,linear_taper_750_to_800_zero,OCRT project closure,"a750 + (-4.4702241718439867e-07)*(lambda-750), reaching exact zero at 800 nm"
785,6.7053362577659801e-06,linear_taper_750_to_800_zero,OCRT project closure,"a750 + (-4.4702241718439867e-07)*(lambda-750), reaching exact zero at 800 nm"
786,6.2583138405815814e-06,linear_taper_750_to_800_zero,OCRT project closure,"a750 + (-4.4702241718439867e-07)*(lambda-750), reaching exact zero at 800 nm"
787,5.8112914233971827e-06,linear_taper_750_to_800_zero,OCRT project closure,"a750 + (-4.4702241718439867e-07)*(lambda-750), reaching exact zero at 800 nm"
788,5.364269006212784e-06,linear_taper_750_to_800_zero,OCRT project closure,"a750 + (-4.4702241718439867e-07)*(lambda-750), reaching exact zero at 800 nm"
789,4.9172465890283854e-06,linear_taper_750_to_800_zero,OCRT project closure,"a750 + (-4.4702241718439867e-07)*(lambda-750), reaching exact zero at 800 nm"
790,4.4702241718439867e-06,linear_taper_750_to_800_zero,OCRT project closure,"a750 + (-4.4702241718439867e-07)*(lambda-750), reaching exact zero at 800 nm"
791,4.023201754659588e-06,linear_taper_750_to_800_zero,OCRT project closure,"a750 + (-4.4702241718439867e-07)*(lambda-750), reaching exact zero at 800 nm"
792,3.5761793374751894e-06,linear_taper_750_to_800_zero,OCRT project closure,"a750 + (-4.4702241718439867e-07)*(lambda-750), reaching exact zero at 800 nm"
793,3.1291569202907907e-06,linear_taper_750_to_800_zero,OCRT project closure,"a750 + (-4.4702241718439867e-07)*(lambda-750), reaching exact zero at 800 nm"
794,2.682134503106392e-06,linear_taper_750_to_800_zero,OCRT project closure,"a750 + (-4.4702241718439867e-07)*(lambda-750), reaching exact zero at 800 nm"
795,2.2351120859219934e-06,linear_taper_750_to_800_zero,OCRT project closure,"a750 + (-4.4702241718439867e-07)*(lambda-750), reaching exact zero at 800 nm"
796,1.7880896687375947e-06,linear_taper_750_to_800_zero,OCRT project closure,"a750 + (-4.4702241718439867e-07)*(lambda-750), reaching exact zero at 800 nm"
797,1.341067251553196e-06,linear_taper_750_to_800_zero,OCRT project closure,"a750 + (-4.4702241718439867e-07)*(lambda-750), reaching exact zero at 800 nm"
798,8.9404483436879734e-07,linear_taper_750_to_800_zero,OCRT project closure,"a750 + (-4.4702241718439867e-07)*(lambda-750), reaching exact zero at 800 nm"
799,4.4702241718439867e-07,linear_taper_750_to_800_zero,OCRT project closure,"a750 + (-4.4702241718439867e-07)*(lambda-750), reaching exact zero at 800 nm"
800,0,zero_800_to_1100,OCRT project closure,a_ph_star fixed to exact zero from 800 through 1100 nm
801,0,zero_800_to_1100,OCRT project closure,a_ph_star fixed to exact zero from 800 through 1100 nm
802,0,zero_800_to_1100,OCRT project closure,a_ph_star fixed to exact zero from 800 through 1100 nm
803,0,zero_800_to_1100,OCRT project closure,a_ph_star fixed to exact zero from 800 through 1100 nm
804,0,zero_800_to_1100,OCRT project closure,a_ph_star fixed to exact zero from 800 through 1100 nm
805,0,zero_800_to_1100,OCRT project closure,a_ph_star fixed to exact zero from 800 through 1100 nm
806,0,zero_800_to_1100,OCRT project closure,a_ph_star fixed to exact zero from 800 through 1100 nm
807,0,zero_800_to_1100,OCRT project closure,a_ph_star fixed to exact zero from 800 through 1100 nm
808,0,zero_800_to_1100,OCRT project closure,a_ph_star fixed to exact zero from 800 through 1100 nm
809,0,zero_800_to_1100,OCRT project closure,a_ph_star fixed to exact zero from 800 through 1100 nm
810,0,zero_800_to_1100,OCRT project closure,a_ph_star fixed to exact zero from 800 through 1100 nm
811,0,zero_800_to_1100,OCRT project closure,a_ph_star fixed to exact zero from 800 through 1100 nm
812,0,zero_800_to_1100,OCRT project closure,a_ph_star fixed to exact zero from 800 through 1100 nm
813,0,zero_800_to_1100,OCRT project closure,a_ph_star fixed to exact zero from 800 through 1100 nm
814,0,zero_800_to_1100,OCRT project closure,a_ph_star fixed to exact zero from 800 through 1100 nm
815,0,zero_800_to_1100,OCRT project closure,a_ph_star fixed to exact zero from 800 through 1100 nm
816,0,zero_800_to_1100,OCRT project closure,a_ph_star fixed to exact zero from 800 through 1100 nm
817,0,zero_800_to_1100,OCRT project closure,a_ph_star fixed to exact zero from 800 through 1100 nm
818,0,zero_800_to_1100,OCRT project closure,a_ph_star fixed to exact zero from 800 through 1100 nm
819,0,zero_800_to_1100,OCRT project closure,a_ph_star fixed to exact zero from 800 through 1100 nm
820,0,zero_800_to_1100,OCRT project closure,a_ph_star fixed to exact zero from 800 through 1100 nm
821,0,zero_800_to_1100,OCRT project closure,a_ph_star fixed to exact zero from 800 through 1100 nm
822,0,zero_800_to_1100,OCRT project closure,a_ph_star fixed to exact zero from 800 through 1100 nm
823,0,zero_800_to_1100,OCRT project closure,a_ph_star fixed to exact zero from 800 through 1100 nm
824,0,zero_800_to_1100,OCRT project closure,a_ph_star fixed to exact zero from 800 through 1100 nm
825,0,zero_800_to_1100,OCRT project closure,a_ph_star fixed to exact zero from 800 through 1100 nm
826,0,zero_800_to_1100,OCRT project closure,a_ph_star fixed to exact zero from 800 through 1100 nm
827,0,zero_800_to_1100,OCRT project closure,a_ph_star fixed to exact zero from 800 through 1100 nm
828,0,zero_800_to_1100,OCRT project closure,a_ph_star fixed to exact zero from 800 through 1100 nm
829,0,zero_800_to_1100,OCRT project closure,a_ph_star fixed to exact zero from 800 through 1100 nm
830,0,zero_800_to_1100,OCRT project closure,a_ph_star fixed to exact zero from 800 through 1100 nm
831,0,zero_800_to_1100,OCRT project closure,a_ph_star fixed to exact zero from 800 through 1100 nm
832,0,zero_800_to_1100,OCRT project closure,a_ph_star fixed to exact zero from 800 through 1100 nm
833,0,zero_800_to_1100,OCRT project closure,a_ph_star fixed to exact zero from 800 through 1100 nm
834,0,zero_800_to_1100,OCRT project closure,a_ph_star fixed to exact zero from 800 through 1100 nm
835,0,zero_800_to_1100,OCRT project closure,a_ph_star fixed to exact zero from 800 through 1100 nm
836,0,zero_800_to_1100,OCRT project closure,a_ph_star fixed to exact zero from 800 through 1100 nm
837,0,zero_800_to_1100,OCRT project closure,a_ph_star fixed to exact zero from 800 through 1100 nm
838,0,zero_800_to_1100,OCRT project closure,a_ph_star fixed to exact zero from 800 through 1100 nm
839,0,zero_800_to_1100,OCRT project closure,a_ph_star fixed to exact zero from 800 through 1100 nm
840,0,zero_800_to_1100,OCRT project closure,a_ph_star fixed to exact zero from 800 through 1100 nm
841,0,zero_800_to_1100,OCRT project closure,a_ph_star fixed to exact zero from 800 through 1100 nm
842,0,zero_800_to_1100,OCRT project closure,a_ph_star fixed to exact zero from 800 through 1100 nm
843,0,zero_800_to_1100,OCRT project closure,a_ph_star fixed to exact zero from 800 through 1100 nm
844,0,zero_800_to_1100,OCRT project closure,a_ph_star fixed to exact zero from 800 through 1100 nm
845,0,zero_800_to_1100,OCRT project closure,a_ph_star fixed to exact zero from 800 through 1100 nm
846,0,zero_800_to_1100,OCRT project closure,a_ph_star fixed to exact zero from 800 through 1100 nm
847,0,zero_800_to_1100,OCRT project closure,a_ph_star fixed to exact zero from 800 through 1100 nm
848,0,zero_800_to_1100,OCRT project closure,a_ph_star fixed to exact zero from 800 through 1100 nm
849,0,zero_800_to_1100,OCRT project closure,a_ph_star fixed to exact zero from 800 through 1100 nm
850,0,zero_800_to_1100,OCRT project closure,a_ph_star fixed to exact zero from 800 through 1100 nm
851,0,zero_800_to_1100,OCRT project closure,a_ph_star fixed to exact zero from 800 through 1100 nm
852,0,zero_800_to_1100,OCRT project closure,a_ph_star fixed to exact zero from 800 through 1100 nm
853,0,zero_800_to_1100,OCRT project closure,a_ph_star fixed to exact zero from 800 through 1100 nm
854,0,zero_800_to_1100,OCRT project closure,a_ph_star fixed to exact zero from 800 through 1100 nm
855,0,zero_800_to_1100,OCRT project closure,a_ph_star fixed to exact zero from 800 through 1100 nm
856,0,zero_800_to_1100,OCRT project closure,a_ph_star fixed to exact zero from 800 through 1100 nm
857,0,zero_800_to_1100,OCRT project closure,a_ph_star fixed to exact zero from 800 through 1100 nm
858,0,zero_800_to_1100,OCRT project closure,a_ph_star fixed to exact zero from 800 through 1100 nm
859,0,zero_800_to_1100,OCRT project closure,a_ph_star fixed to exact zero from 800 through 1100 nm
860,0,zero_800_to_1100,OCRT project closure,a_ph_star fixed to exact zero from 800 through 1100 nm
861,0,zero_800_to_1100,OCRT project closure,a_ph_star fixed to exact zero from 800 through 1100 nm
862,0,zero_800_to_1100,OCRT project closure,a_ph_star fixed to exact zero from 800 through 1100 nm
863,0,zero_800_to_1100,OCRT project closure,a_ph_star fixed to exact zero from 800 through 1100 nm
864,0,zero_800_to_1100,OCRT project closure,a_ph_star fixed to exact zero from 800 through 1100 nm
865,0,zero_800_to_1100,OCRT project closure,a_ph_star fixed to exact zero from 800 through 1100 nm
866,0,zero_800_to_1100,OCRT project closure,a_ph_star fixed to exact zero from 800 through 1100 nm
867,0,zero_800_to_1100,OCRT project closure,a_ph_star fixed to exact zero from 800 through 1100 nm
868,0,zero_800_to_1100,OCRT project closure,a_ph_star fixed to exact zero from 800 through 1100 nm
869,0,zero_800_to_1100,OCRT project closure,a_ph_star fixed to exact zero from 800 through 1100 nm
870,0,zero_800_to_1100,OCRT project closure,a_ph_star fixed to exact zero from 800 through 1100 nm
871,0,zero_800_to_1100,OCRT project closure,a_ph_star fixed to exact zero from 800 through 1100 nm
872,0,zero_800_to_1100,OCRT project closure,a_ph_star fixed to exact zero from 800 through 1100 nm
873,0,zero_800_to_1100,OCRT project closure,a_ph_star fixed to exact zero from 800 through 1100 nm
874,0,zero_800_to_1100,OCRT project closure,a_ph_star fixed to exact zero from 800 through 1100 nm
875,0,zero_800_to_1100,OCRT project closure,a_ph_star fixed to exact zero from 800 through 1100 nm
876,0,zero_800_to_1100,OCRT project closure,a_ph_star fixed to exact zero from 800 through 1100 nm
877,0,zero_800_to_1100,OCRT project closure,a_ph_star fixed to exact zero from 800 through 1100 nm
878,0,zero_800_to_1100,OCRT project closure,a_ph_star fixed to exact zero from 800 through 1100 nm
879,0,zero_800_to_1100,OCRT project closure,a_ph_star fixed to exact zero from 800 through 1100 nm
880,0,zero_800_to_1100,OCRT project closure,a_ph_star fixed to exact zero from 800 through 1100 nm
881,0,zero_800_to_1100,OCRT project closure,a_ph_star fixed to exact zero from 800 through 1100 nm
882,0,zero_800_to_1100,OCRT project closure,a_ph_star fixed to exact zero from 800 through 1100 nm
883,0,zero_800_to_1100,OCRT project closure,a_ph_star fixed to exact zero from 800 through 1100 nm
884,0,zero_800_to_1100,OCRT project closure,a_ph_star fixed to exact zero from 800 through 1100 nm
885,0,zero_800_to_1100,OCRT project closure,a_ph_star fixed to exact zero from 800 through 1100 nm
886,0,zero_800_to_1100,OCRT project closure,a_ph_star fixed to exact zero from 800 through 1100 nm
887,0,zero_800_to_1100,OCRT project closure,a_ph_star fixed to exact zero from 800 through 1100 nm
888,0,zero_800_to_1100,OCRT project closure,a_ph_star fixed to exact zero from 800 through 1100 nm
889,0,zero_800_to_1100,OCRT project closure,a_ph_star fixed to exact zero from 800 through 1100 nm
890,0,zero_800_to_1100,OCRT project closure,a_ph_star fixed to exact zero from 800 through 1100 nm
891,0,zero_800_to_1100,OCRT project closure,a_ph_star fixed to exact zero from 800 through 1100 nm
892,0,zero_800_to_1100,OCRT project closure,a_ph_star fixed to exact zero from 800 through 1100 nm
893,0,zero_800_to_1100,OCRT project closure,a_ph_star fixed to exact zero from 800 through 1100 nm
894,0,zero_800_to_1100,OCRT project closure,a_ph_star fixed to exact zero from 800 through 1100 nm
895,0,zero_800_to_1100,OCRT project closure,a_ph_star fixed to exact zero from 800 through 1100 nm
896,0,zero_800_to_1100,OCRT project closure,a_ph_star fixed to exact zero from 800 through 1100 nm
897,0,zero_800_to_1100,OCRT project closure,a_ph_star fixed to exact zero from 800 through 1100 nm
898,0,zero_800_to_1100,OCRT project closure,a_ph_star fixed to exact zero from 800 through 1100 nm
899,0,zero_800_to_1100,OCRT project closure,a_ph_star fixed to exact zero from 800 through 1100 nm
900,0,zero_800_to_1100,OCRT project closure,a_ph_star fixed to exact zero from 800 through 1100 nm
901,0,zero_800_to_1100,OCRT project closure,a_ph_star fixed to exact zero from 800 through 1100 nm
902,0,zero_800_to_1100,OCRT project closure,a_ph_star fixed to exact zero from 800 through 1100 nm
903,0,zero_800_to_1100,OCRT project closure,a_ph_star fixed to exact zero from 800 through 1100 nm
904,0,zero_800_to_1100,OCRT project closure,a_ph_star fixed to exact zero from 800 through 1100 nm
905,0,zero_800_to_1100,OCRT project closure,a_ph_star fixed to exact zero from 800 through 1100 nm
906,0,zero_800_to_1100,OCRT project closure,a_ph_star fixed to exact zero from 800 through 1100 nm
907,0,zero_800_to_1100,OCRT project closure,a_ph_star fixed to exact zero from 800 through 1100 nm
908,0,zero_800_to_1100,OCRT project closure,a_ph_star fixed to exact zero from 800 through 1100 nm
909,0,zero_800_to_1100,OCRT project closure,a_ph_star fixed to exact zero from 800 through 1100 nm
910,0,zero_800_to_1100,OCRT project closure,a_ph_star fixed to exact zero from 800 through 1100 nm
911,0,zero_800_to_1100,OCRT project closure,a_ph_star fixed to exact zero from 800 through 1100 nm
912,0,zero_800_to_1100,OCRT project closure,a_ph_star fixed to exact zero from 800 through 1100 nm
913,0,zero_800_to_1100,OCRT project closure,a_ph_star fixed to exact zero from 800 through 1100 nm
914,0,zero_800_to_1100,OCRT project closure,a_ph_star fixed to exact zero from 800 through 1100 nm
915,0,zero_800_to_1100,OCRT project closure,a_ph_star fixed to exact zero from 800 through 1100 nm
916,0,zero_800_to_1100,OCRT project closure,a_ph_star fixed to exact zero from 800 through 1100 nm
917,0,zero_800_to_1100,OCRT project closure,a_ph_star fixed to exact zero from 800 through 1100 nm
918,0,zero_800_to_1100,OCRT project closure,a_ph_star fixed to exact zero from 800 through 1100 nm
919,0,zero_800_to_1100,OCRT project closure,a_ph_star fixed to exact zero from 800 through 1100 nm
920,0,zero_800_to_1100,OCRT project closure,a_ph_star fixed to exact zero from 800 through 1100 nm
921,0,zero_800_to_1100,OCRT project closure,a_ph_star fixed to exact zero from 800 through 1100 nm
922,0,zero_800_to_1100,OCRT project closure,a_ph_star fixed to exact zero from 800 through 1100 nm
923,0,zero_800_to_1100,OCRT project closure,a_ph_star fixed to exact zero from 800 through 1100 nm
924,0,zero_800_to_1100,OCRT project closure,a_ph_star fixed to exact zero from 800 through 1100 nm
925,0,zero_800_to_1100,OCRT project closure,a_ph_star fixed to exact zero from 800 through 1100 nm
926,0,zero_800_to_1100,OCRT project closure,a_ph_star fixed to exact zero from 800 through 1100 nm
927,0,zero_800_to_1100,OCRT project closure,a_ph_star fixed to exact zero from 800 through 1100 nm
928,0,zero_800_to_1100,OCRT project closure,a_ph_star fixed to exact zero from 800 through 1100 nm
929,0,zero_800_to_1100,OCRT project closure,a_ph_star fixed to exact zero from 800 through 1100 nm
930,0,zero_800_to_1100,OCRT project closure,a_ph_star fixed to exact zero from 800 through 1100 nm
931,0,zero_800_to_1100,OCRT project closure,a_ph_star fixed to exact zero from 800 through 1100 nm
932,0,zero_800_to_1100,OCRT project closure,a_ph_star fixed to exact zero from 800 through 1100 nm
933,0,zero_800_to_1100,OCRT project closure,a_ph_star fixed to exact zero from 800 through 1100 nm
934,0,zero_800_to_1100,OCRT project closure,a_ph_star fixed to exact zero from 800 through 1100 nm
935,0,zero_800_to_1100,OCRT project closure,a_ph_star fixed to exact zero from 800 through 1100 nm
936,0,zero_800_to_1100,OCRT project closure,a_ph_star fixed to exact zero from 800 through 1100 nm
937,0,zero_800_to_1100,OCRT project closure,a_ph_star fixed to exact zero from 800 through 1100 nm
938,0,zero_800_to_1100,OCRT project closure,a_ph_star fixed to exact zero from 800 through 1100 nm
939,0,zero_800_to_1100,OCRT project closure,a_ph_star fixed to exact zero from 800 through 1100 nm
940,0,zero_800_to_1100,OCRT project closure,a_ph_star fixed to exact zero from 800 through 1100 nm
941,0,zero_800_to_1100,OCRT project closure,a_ph_star fixed to exact zero from 800 through 1100 nm
942,0,zero_800_to_1100,OCRT project closure,a_ph_star fixed to exact zero from 800 through 1100 nm
943,0,zero_800_to_1100,OCRT project closure,a_ph_star fixed to exact zero from 800 through 1100 nm
944,0,zero_800_to_1100,OCRT project closure,a_ph_star fixed to exact zero from 800 through 1100 nm
945,0,zero_800_to_1100,OCRT project closure,a_ph_star fixed to exact zero from 800 through 1100 nm
946,0,zero_800_to_1100,OCRT project closure,a_ph_star fixed to exact zero from 800 through 1100 nm
947,0,zero_800_to_1100,OCRT project closure,a_ph_star fixed to exact zero from 800 through 1100 nm
948,0,zero_800_to_1100,OCRT project closure,a_ph_star fixed to exact zero from 800 through 1100 nm
949,0,zero_800_to_1100,OCRT project closure,a_ph_star fixed to exact zero from 800 through 1100 nm
950,0,zero_800_to_1100,OCRT project closure,a_ph_star fixed to exact zero from 800 through 1100 nm
951,0,zero_800_to_1100,OCRT project closure,a_ph_star fixed to exact zero from 800 through 1100 nm
952,0,zero_800_to_1100,OCRT project closure,a_ph_star fixed to exact zero from 800 through 1100 nm
953,0,zero_800_to_1100,OCRT project closure,a_ph_star fixed to exact zero from 800 through 1100 nm
954,0,zero_800_to_1100,OCRT project closure,a_ph_star fixed to exact zero from 800 through 1100 nm
955,0,zero_800_to_1100,OCRT project closure,a_ph_star fixed to exact zero from 800 through 1100 nm
956,0,zero_800_to_1100,OCRT project closure,a_ph_star fixed to exact zero from 800 through 1100 nm
957,0,zero_800_to_1100,OCRT project closure,a_ph_star fixed to exact zero from 800 through 1100 nm
958,0,zero_800_to_1100,OCRT project closure,a_ph_star fixed to exact zero from 800 through 1100 nm
959,0,zero_800_to_1100,OCRT project closure,a_ph_star fixed to exact zero from 800 through 1100 nm
960,0,zero_800_to_1100,OCRT project closure,a_ph_star fixed to exact zero from 800 through 1100 nm
961,0,zero_800_to_1100,OCRT project closure,a_ph_star fixed to exact zero from 800 through 1100 nm
962,0,zero_800_to_1100,OCRT project closure,a_ph_star fixed to exact zero from 800 through 1100 nm
963,0,zero_800_to_1100,OCRT project closure,a_ph_star fixed to exact zero from 800 through 1100 nm
964,0,zero_800_to_1100,OCRT project closure,a_ph_star fixed to exact zero from 800 through 1100 nm
965,0,zero_800_to_1100,OCRT project closure,a_ph_star fixed to exact zero from 800 through 1100 nm
966,0,zero_800_to_1100,OCRT project closure,a_ph_star fixed to exact zero from 800 through 1100 nm
967,0,zero_800_to_1100,OCRT project closure,a_ph_star fixed to exact zero from 800 through 1100 nm
968,0,zero_800_to_1100,OCRT project closure,a_ph_star fixed to exact zero from 800 through 1100 nm
969,0,zero_800_to_1100,OCRT project closure,a_ph_star fixed to exact zero from 800 through 1100 nm
970,0,zero_800_to_1100,OCRT project closure,a_ph_star fixed to exact zero from 800 through 1100 nm
971,0,zero_800_to_1100,OCRT project closure,a_ph_star fixed to exact zero from 800 through 1100 nm
972,0,zero_800_to_1100,OCRT project closure,a_ph_star fixed to exact zero from 800 through 1100 nm
973,0,zero_800_to_1100,OCRT project closure,a_ph_star fixed to exact zero from 800 through 1100 nm
974,0,zero_800_to_1100,OCRT project closure,a_ph_star fixed to exact zero from 800 through 1100 nm
975,0,zero_800_to_1100,OCRT project closure,a_ph_star fixed to exact zero from 800 through 1100 nm
976,0,zero_800_to_1100,OCRT project closure,a_ph_star fixed to exact zero from 800 through 1100 nm
977,0,zero_800_to_1100,OCRT project closure,a_ph_star fixed to exact zero from 800 through 1100 nm
978,0,zero_800_to_1100,OCRT project closure,a_ph_star fixed to exact zero from 800 through 1100 nm
979,0,zero_800_to_1100,OCRT project closure,a_ph_star fixed to exact zero from 800 through 1100 nm
980,0,zero_800_to_1100,OCRT project closure,a_ph_star fixed to exact zero from 800 through 1100 nm
981,0,zero_800_to_1100,OCRT project closure,a_ph_star fixed to exact zero from 800 through 1100 nm
982,0,zero_800_to_1100,OCRT project closure,a_ph_star fixed to exact zero from 800 through 1100 nm
983,0,zero_800_to_1100,OCRT project closure,a_ph_star fixed to exact zero from 800 through 1100 nm
984,0,zero_800_to_1100,OCRT project closure,a_ph_star fixed to exact zero from 800 through 1100 nm
985,0,zero_800_to_1100,OCRT project closure,a_ph_star fixed to exact zero from 800 through 1100 nm
986,0,zero_800_to_1100,OCRT project closure,a_ph_star fixed to exact zero from 800 through 1100 nm
987,0,zero_800_to_1100,OCRT project closure,a_ph_star fixed to exact zero from 800 through 1100 nm
988,0,zero_800_to_1100,OCRT project closure,a_ph_star fixed to exact zero from 800 through 1100 nm
989,0,zero_800_to_1100,OCRT project closure,a_ph_star fixed to exact zero from 800 through 1100 nm
990,0,zero_800_to_1100,OCRT project closure,a_ph_star fixed to exact zero from 800 through 1100 nm
991,0,zero_800_to_1100,OCRT project closure,a_ph_star fixed to exact zero from 800 through 1100 nm
992,0,zero_800_to_1100,OCRT project closure,a_ph_star fixed to exact zero from 800 through 1100 nm
993,0,zero_800_to_1100,OCRT project closure,a_ph_star fixed to exact zero from 800 through 1100 nm
994,0,zero_800_to_1100,OCRT project closure,a_ph_star fixed to exact zero from 800 through 1100 nm
995,0,zero_800_to_1100,OCRT project closure,a_ph_star fixed to exact zero from 800 through 1100 nm
996,0,zero_800_to_1100,OCRT project closure,a_ph_star fixed to exact zero from 800 through 1100 nm
997,0,zero_800_to_1100,OCRT project closure,a_ph_star fixed to exact zero from 800 through 1100 nm
998,0,zero_800_to_1100,OCRT project closure,a_ph_star fixed to exact zero from 800 through 1100 nm
999,0,zero_800_to_1100,OCRT project closure,a_ph_star fixed to exact zero from 800 through 1100 nm
1000,0,zero_800_to_1100,OCRT project closure,a_ph_star fixed to exact zero from 800 through 1100 nm
1001,0,zero_800_to_1100,OCRT project closure,a_ph_star fixed to exact zero from 800 through 1100 nm
1002,0,zero_800_to_1100,OCRT project closure,a_ph_star fixed to exact zero from 800 through 1100 nm
1003,0,zero_800_to_1100,OCRT project closure,a_ph_star fixed to exact zero from 800 through 1100 nm
1004,0,zero_800_to_1100,OCRT project closure,a_ph_star fixed to exact zero from 800 through 1100 nm
1005,0,zero_800_to_1100,OCRT project closure,a_ph_star fixed to exact zero from 800 through 1100 nm
1006,0,zero_800_to_1100,OCRT project closure,a_ph_star fixed to exact zero from 800 through 1100 nm
1007,0,zero_800_to_1100,OCRT project closure,a_ph_star fixed to exact zero from 800 through 1100 nm
1008,0,zero_800_to_1100,OCRT project closure,a_ph_star fixed to exact zero from 800 through 1100 nm
1009,0,zero_800_to_1100,OCRT project closure,a_ph_star fixed to exact zero from 800 through 1100 nm
1010,0,zero_800_to_1100,OCRT project closure,a_ph_star fixed to exact zero from 800 through 1100 nm
1011,0,zero_800_to_1100,OCRT project closure,a_ph_star fixed to exact zero from 800 through 1100 nm
1012,0,zero_800_to_1100,OCRT project closure,a_ph_star fixed to exact zero from 800 through 1100 nm
1013,0,zero_800_to_1100,OCRT project closure,a_ph_star fixed to exact zero from 800 through 1100 nm
1014,0,zero_800_to_1100,OCRT project closure,a_ph_star fixed to exact zero from 800 through 1100 nm
1015,0,zero_800_to_1100,OCRT project closure,a_ph_star fixed to exact zero from 800 through 1100 nm
1016,0,zero_800_to_1100,OCRT project closure,a_ph_star fixed to exact zero from 800 through 1100 nm
1017,0,zero_800_to_1100,OCRT project closure,a_ph_star fixed to exact zero from 800 through 1100 nm
1018,0,zero_800_to_1100,OCRT project closure,a_ph_star fixed to exact zero from 800 through 1100 nm
1019,0,zero_800_to_1100,OCRT project closure,a_ph_star fixed to exact zero from 800 through 1100 nm
1020,0,zero_800_to_1100,OCRT project closure,a_ph_star fixed to exact zero from 800 through 1100 nm
1021,0,zero_800_to_1100,OCRT project closure,a_ph_star fixed to exact zero from 800 through 1100 nm
1022,0,zero_800_to_1100,OCRT project closure,a_ph_star fixed to exact zero from 800 through 1100 nm
1023,0,zero_800_to_1100,OCRT project closure,a_ph_star fixed to exact zero from 800 through 1100 nm
1024,0,zero_800_to_1100,OCRT project closure,a_ph_star fixed to exact zero from 800 through 1100 nm
1025,0,zero_800_to_1100,OCRT project closure,a_ph_star fixed to exact zero from 800 through 1100 nm
1026,0,zero_800_to_1100,OCRT project closure,a_ph_star fixed to exact zero from 800 through 1100 nm
1027,0,zero_800_to_1100,OCRT project closure,a_ph_star fixed to exact zero from 800 through 1100 nm
1028,0,zero_800_to_1100,OCRT project closure,a_ph_star fixed to exact zero from 800 through 1100 nm
1029,0,zero_800_to_1100,OCRT project closure,a_ph_star fixed to exact zero from 800 through 1100 nm
1030,0,zero_800_to_1100,OCRT project closure,a_ph_star fixed to exact zero from 800 through 1100 nm
1031,0,zero_800_to_1100,OCRT project closure,a_ph_star fixed to exact zero from 800 through 1100 nm
1032,0,zero_800_to_1100,OCRT project closure,a_ph_star fixed to exact zero from 800 through 1100 nm
1033,0,zero_800_to_1100,OCRT project closure,a_ph_star fixed to exact zero from 800 through 1100 nm
1034,0,zero_800_to_1100,OCRT project closure,a_ph_star fixed to exact zero from 800 through 1100 nm
1035,0,zero_800_to_1100,OCRT project closure,a_ph_star fixed to exact zero from 800 through 1100 nm
1036,0,zero_800_to_1100,OCRT project closure,a_ph_star fixed to exact zero from 800 through 1100 nm
1037,0,zero_800_to_1100,OCRT project closure,a_ph_star fixed to exact zero from 800 through 1100 nm
1038,0,zero_800_to_1100,OCRT project closure,a_ph_star fixed to exact zero from 800 through 1100 nm
1039,0,zero_800_to_1100,OCRT project closure,a_ph_star fixed to exact zero from 800 through 1100 nm
1040,0,zero_800_to_1100,OCRT project closure,a_ph_star fixed to exact zero from 800 through 1100 nm
1041,0,zero_800_to_1100,OCRT project closure,a_ph_star fixed to exact zero from 800 through 1100 nm
1042,0,zero_800_to_1100,OCRT project closure,a_ph_star fixed to exact zero from 800 through 1100 nm
1043,0,zero_800_to_1100,OCRT project closure,a_ph_star fixed to exact zero from 800 through 1100 nm
1044,0,zero_800_to_1100,OCRT project closure,a_ph_star fixed to exact zero from 800 through 1100 nm
1045,0,zero_800_to_1100,OCRT project closure,a_ph_star fixed to exact zero from 800 through 1100 nm
1046,0,zero_800_to_1100,OCRT project closure,a_ph_star fixed to exact zero from 800 through 1100 nm
1047,0,zero_800_to_1100,OCRT project closure,a_ph_star fixed to exact zero from 800 through 1100 nm
1048,0,zero_800_to_1100,OCRT project closure,a_ph_star fixed to exact zero from 800 through 1100 nm
1049,0,zero_800_to_1100,OCRT project closure,a_ph_star fixed to exact zero from 800 through 1100 nm
1050,0,zero_800_to_1100,OCRT project closure,a_ph_star fixed to exact zero from 800 through 1100 nm
1051,0,zero_800_to_1100,OCRT project closure,a_ph_star fixed to exact zero from 800 through 1100 nm
1052,0,zero_800_to_1100,OCRT project closure,a_ph_star fixed to exact zero from 800 through 1100 nm
1053,0,zero_800_to_1100,OCRT project closure,a_ph_star fixed to exact zero from 800 through 1100 nm
1054,0,zero_800_to_1100,OCRT project closure,a_ph_star fixed to exact zero from 800 through 1100 nm
1055,0,zero_800_to_1100,OCRT project closure,a_ph_star fixed to exact zero from 800 through 1100 nm
1056,0,zero_800_to_1100,OCRT project closure,a_ph_star fixed to exact zero from 800 through 1100 nm
1057,0,zero_800_to_1100,OCRT project closure,a_ph_star fixed to exact zero from 800 through 1100 nm
1058,0,zero_800_to_1100,OCRT project closure,a_ph_star fixed to exact zero from 800 through 1100 nm
1059,0,zero_800_to_1100,OCRT project closure,a_ph_star fixed to exact zero from 800 through 1100 nm
1060,0,zero_800_to_1100,OCRT project closure,a_ph_star fixed to exact zero from 800 through 1100 nm
1061,0,zero_800_to_1100,OCRT project closure,a_ph_star fixed to exact zero from 800 through 1100 nm
1062,0,zero_800_to_1100,OCRT project closure,a_ph_star fixed to exact zero from 800 through 1100 nm
1063,0,zero_800_to_1100,OCRT project closure,a_ph_star fixed to exact zero from 800 through 1100 nm
1064,0,zero_800_to_1100,OCRT project closure,a_ph_star fixed to exact zero from 800 through 1100 nm
1065,0,zero_800_to_1100,OCRT project closure,a_ph_star fixed to exact zero from 800 through 1100 nm
1066,0,zero_800_to_1100,OCRT project closure,a_ph_star fixed to exact zero from 800 through 1100 nm
1067,0,zero_800_to_1100,OCRT project closure,a_ph_star fixed to exact zero from 800 through 1100 nm
1068,0,zero_800_to_1100,OCRT project closure,a_ph_star fixed to exact zero from 800 through 1100 nm
1069,0,zero_800_to_1100,OCRT project closure,a_ph_star fixed to exact zero from 800 through 1100 nm
1070,0,zero_800_to_1100,OCRT project closure,a_ph_star fixed to exact zero from 800 through 1100 nm
1071,0,zero_800_to_1100,OCRT project closure,a_ph_star fixed to exact zero from 800 through 1100 nm
1072,0,zero_800_to_1100,OCRT project closure,a_ph_star fixed to exact zero from 800 through 1100 nm
1073,0,zero_800_to_1100,OCRT project closure,a_ph_star fixed to exact zero from 800 through 1100 nm
1074,0,zero_800_to_1100,OCRT project closure,a_ph_star fixed to exact zero from 800 through 1100 nm
1075,0,zero_800_to_1100,OCRT project closure,a_ph_star fixed to exact zero from 800 through 1100 nm
1076,0,zero_800_to_1100,OCRT project closure,a_ph_star fixed to exact zero from 800 through 1100 nm
1077,0,zero_800_to_1100,OCRT project closure,a_ph_star fixed to exact zero from 800 through 1100 nm
1078,0,zero_800_to_1100,OCRT project closure,a_ph_star fixed to exact zero from 800 through 1100 nm
1079,0,zero_800_to_1100,OCRT project closure,a_ph_star fixed to exact zero from 800 through 1100 nm
1080,0,zero_800_to_1100,OCRT project closure,a_ph_star fixed to exact zero from 800 through 1100 nm
1081,0,zero_800_to_1100,OCRT project closure,a_ph_star fixed to exact zero from 800 through 1100 nm
1082,0,zero_800_to_1100,OCRT project closure,a_ph_star fixed to exact zero from 800 through 1100 nm
1083,0,zero_800_to_1100,OCRT project closure,a_ph_star fixed to exact zero from 800 through 1100 nm
1084,0,zero_800_to_1100,OCRT project closure,a_ph_star fixed to exact zero from 800 through 1100 nm
1085,0,zero_800_to_1100,OCRT project closure,a_ph_star fixed to exact zero from 800 through 1100 nm
1086,0,zero_800_to_1100,OCRT project closure,a_ph_star fixed to exact zero from 800 through 1100 nm
1087,0,zero_800_to_1100,OCRT project closure,a_ph_star fixed to exact zero from 800 through 1100 nm
1088,0,zero_800_to_1100,OCRT project closure,a_ph_star fixed to exact zero from 800 through 1100 nm
1089,0,zero_800_to_1100,OCRT project closure,a_ph_star fixed to exact zero from 800 through 1100 nm
1090,0,zero_800_to_1100,OCRT project closure,a_ph_star fixed to exact zero from 800 through 1100 nm
1091,0,zero_800_to_1100,OCRT project closure,a_ph_star fixed to exact zero from 800 through 1100 nm
1092,0,zero_800_to_1100,OCRT project closure,a_ph_star fixed to exact zero from 800 through 1100 nm
1093,0,zero_800_to_1100,OCRT project closure,a_ph_star fixed to exact zero from 800 through 1100 nm
1094,0,zero_800_to_1100,OCRT project closure,a_ph_star fixed to exact zero from 800 through 1100 nm
1095,0,zero_800_to_1100,OCRT project closure,a_ph_star fixed to exact zero from 800 through 1100 nm
1096,0,zero_800_to_1100,OCRT project closure,a_ph_star fixed to exact zero from 800 through 1100 nm
1097,0,zero_800_to_1100,OCRT project closure,a_ph_star fixed to exact zero from 800 through 1100 nm
1098,0,zero_800_to_1100,OCRT project closure,a_ph_star fixed to exact zero from 800 through 1100 nm
1099,0,zero_800_to_1100,OCRT project closure,a_ph_star fixed to exact zero from 800 through 1100 nm
1100,0,zero_800_to_1100,OCRT project closure,a_ph_star fixed to exact zero from 800 through 1100 nm
