relative_path,size_bytes,sha256
CHANGES_DTPSIGN_PHASE_DIAGNOSTIC_2026-08-02.md,1394,b437e49be3f1c7a49af97e81cc7e6acede1415859eb424f4861cfdc8cd4bfcb2
CHANGES_NATIVE_COUPLED_ANGULAR_LUT_RECOVERY_2026-07-27.md,5010,23f1a42e7060abdd294507a73e3a7b9a8f751fa0afe1f6edac1277ff3ee098de
CHANGES_PURE_WATER_Z09_TABLE_2026-07-28.md,544,3164ae486b76655eb8e9095b7c3a28e18a30fc6cefeeaae631b665aa729c75be
CHANGES_SAFE_KERNEL_INVARIANT_UPDATE_2026-07-29.md,734,7edf82e5d339526489f7521957a9895a251725e59cdfbbf239427777af5add55
CHANGES_SPECTRAL_COMPLETION_350_1100_2026-08-09.md,551,56a99f6859b9afaedd1bafa08012b934e1064c121471b97e429ea436defdfd9b
CHANGES_STAGE2_EAP_PHYTO_DISABLED_INTEGRATED_2026-07-26.md,676,ff9bc103a13fc320b785f6c506d91d7901c9c04bea35ecae3ba2a1ebcd064ab7
CHANGES_VALUE_KERNEL_POL_NIR_2026-07-27.md,938,b7fa97579c5948554808a646162374ff8ee465827d4ffd6b2c2c269f80baf043
CMakeLists.txt,1313,e5784f1609d057feb500aa668a8f44d02aff64a914a27a788135e493d976fc3f
FINAL_RELEASE_STATUS.json,1000,a5031ac6671bc2b9366ac12e50c744b0e4ee25d2b3c2359f8fb3987d6ec3ba82
INTEGRATION_MANIFEST_PURE_WATER_Z09_2026-07-28.md,1006,0a8602ac35d31a16cb12817efe237232d50d0754f934c28ff17041b16f3dc4d2
LICENSE,1608,c939197c1dafba56076c374983fe1d56fade699904b9524a7d2a08dd0b7a255b
MIGRATION_BASELINE_2026-07-28.md,453,b84e3369bc07ad679fe91339b621e2c9fdf3bc66c9f57a8e866f918d00788f1e
Makefile,668,3274c8aaccf971a9cc6a316cbea420fbbdb032c3e013383f4a1c1abb473130ef
PLATFORM_NEUTRAL_SOURCE_AUDIT.csv,992,707d8a1034535a88bc9507fef9d3a592a0f7549a03fa1aaf039be20d0d517343
README.md,10222,f1c0c82a80c8511238651260ff2a88fc8d260342bdbe79386e01ce6ec4b838cb
README_FINAL_PLATFORM_NEUTRAL_2026-08-26_KO.md,1358,57cc9da61cd118603dbea70af4602c09e75e36c4aca3cffc371a34c4a717a557
README_FIRST_KO.md,3356,f96e34aa9d61dc35898e2f123e9d6aeb2d32437402590a1ac3977c73f9d87b18
README_SPEED_PATCH_2026-08-25_KO.md,2569,f01a03b1782a1ff2f125904ba3b1173c822130e45e262aefe408dc3b937bdf8a
RELEASE_NOTES_2026-08-14_SPECTRAL_DATA_330_1100_KO.md,679,b374f2ddc82748643b7c30e8b72b96662319d305dd9220c232c4ed87a8dcbcc9
RELEASE_NOTES_2026-08-16_MIE_FR631_DIRECT_TRUNCATION_KO.md,3256,1dbf9904bf5fe47c8c4da16c499670b4a6f73b3d89a5b988e6ab484dfbd74701
RELEASE_NOTES_2026-08-16_MIE_STAGE3C_KO.md,1836,0be49948f534f39760101151938d93b408c5267ebaac07468acc88a87abe1936
VALIDATION_REPORT_DTPSIGN_2026-08-02.md,6034,e5024fe6f2ccb45a13071c151a431573cbb3d6735c722086d63a46aa2597fb25
VALIDATION_REPORT_PURE_WATER_Z09_2026-07-28.md,6455,237e1527defeb4a99d14974bbaee2666d3e3304c1f671c557a8b615e1726350a
_RELEASE/SOURCE_CODE_EQUIVALENCE_SHA256.csv,60347,12ca67a2567dfa01501a67547455493ca3d57b6b3eac6f98e024c454f2f82fb5
_RELEASE/build_audit/cmake_build.log,3122,ac17324c5c92ca45935d75478e0838d6b85eb011b89b532bf66b417441c703a1
_RELEASE/build_audit/cmake_config.log,382,c27a461afd778bf25c181d0cd670806dc39ef99851ffe3720d5a3ded4c65770e
_RELEASE/build_audit/ctest_nadir_smoke.log,325,a52c9f965a5d5cb31769da54fb5e08911703a1e9e95cce48d5906e1cd56e46b7
_RELEASE/external_mie/EAP_MIE_ARCHIVAL_ONLY_17.csv,4299,bb293fc5074351fec33bf7accf51d9bc05fdcafdebec89e1e72d187a28aa06a8
_RELEASE/external_mie/EXTERNAL_MIE_RUNTIME_REQUIRED_181.csv,48865,97fe90987c74763e9d22fdd2679204517badbd77933a16945e967bed33f3c629
_RELEASE/external_mie/INSTALL_EXTERNAL_MIE_KO.md,1069,026b9a20fd0ed9c269b25f43735f597141e1ab540894ede0573b5c8a12eee58d
_RELEASE/external_mie/MIE_198_FULL_AUDIT.csv,67438,0a54cac83de84caaf57c26d97813a0c3498d06dcfcdca1a40435be2fc065cfe5
_RELEASE/external_mie/MIE_CANONICAL_INVENTORY_198.csv,34598,d698de1b24e3d06a16c4dfd2280923c284451db988b5ae252b860c5e6f66de81
_RELEASE/external_mie/REMOVED_MIE_FROM_SOURCE_RELEASE_187.csv,32503,2bec090f3a1ecef316651a9f1d69c43be427d038510b1f24fb27ae8935ac14bb
_RELEASE/source_provenance/ORIGINAL_FINAL_RELEASE_STATUS.json,751,a3fad7b93cfa69b229a1dee6b63654efba2781fce5f4f7c130fea2f069e83716
_RELEASE/source_provenance/ORIGINAL_MANIFEST_SHA256.csv,230340,9d309b88f9535f35ed4dc57cb0d6130b46fef9a510a3c6cbaa6856cface7ad5f
_RELEASE/source_provenance/ORIGINAL_MIE_CANONICAL_INVENTORY_198.txt,3690,f3a5266342360da931b2f9cdbe9de22ad04fec5d40c906ba8d4707411fbc5d55
_RELEASE/source_provenance/ORIGINAL_MIE_FULL_AUDIT_198.csv,19278,3cc1c0dd62e44a441bdcc50c07c56753b7c5f176d8d403b52583bfe2eadfe774
_RELEASE/source_provenance/ORIGINAL_SHA256SUMS.txt,221266,e81c9acdd429b19e275138448640310df988aa357694e800543b31c135860e65
_RELEASE/source_provenance/ORIGINAL_verify_package.sh,1937,4343ee076f4ca33d16cb8a20b68c36b2494104cb2d8a462dc9c04bacce48668a
_RELEASE/tools/verify_external_mie.py,1952,6a99e6ffb023940bcf6c272b5ea78d56c1a6501f86e74065373ef3bc6367ed73
_RELEASE/tools/verify_package.py,1228,865407a08cab58654d07a3bf15cf729e9b844b7dc9639f7b80fb49380b21879b
build.sh,76,b7f05b10d5e0bd2e4e7792cb35d5dd71892c3c92697858d48a313b69ba0e6356
docs/APPLY_RT_DERIVED_TRANSMITTANCE_OUTPUT_TO_WATER_MMAX_HOTFIX.md,1476,1f4e8652347303b2cf873b35b2bf7ab0e493cba7a0f8c810cfa775de739e2834
docs/CACHE_REUSE_PERFORMANCE_2026-07-28.md,3512,f931b97b2753b8c97e913905784627f345c9d3beaa844a091f36b2daaf137ed6
docs/CCRR_CHL_INTEGRATION_COMPLETION_v1.19_2026-07-18.md,4086,a22108e47e15c196cce55af4674c254379820324a72d16a26c2727debec557fc
docs/CCRR_CHL_MOREL_MM01_v1.19_2026-07-18.md,3356,d55bbba2e8b5688aa3be71a728c8a4a6b3236995bb7b0dc33a60a5ac12956e1b
docs/CHANGELOG_BLACK_FRESNEL_SURFACE_NAMING_2026-07-21.md,1289,39cb54f9fc12c881c590c7634863745c1725ef5224c3f1c87e0194073e97f75d
docs/CHANGELOG_FIX-SKY-EDLU_2026-06-28.md,4805,a72bf8bfe891a86a5f70fb52a9ab74fe6e4ae130c83d37c49ada12cc9ef5ef86
docs/CHANGELOG_LUT_CACHE_PERFORMANCE_2026-07-21.md,1997,863704acf4a186efc2eda7f072829106bfc40f192e344b688b2c89601711685c
docs/CHANGELOG_RT_DERIVED_TRANSMITTANCE_OUTPUT_2026-07-21.md,2349,37c8b39fad803ec15895ecd6964021b5453b4ac609281ea0af8d6f6330994226
docs/CHANGELOG_v1.10_2026-07-12.md,202343,33a99ccb07f7f08931094c755888cbe2f165b12fd0baf470bdbde7fd29f9740a
docs/CHANGELOG_v1.15.md,662,31c315f54065e8ee4c402f56aaade1a8f339288d5ec31694adb2d0bf70af971a
docs/CHANGELOG_v1.16_2026-07-17.md,2289,134f0892522893374743c534065f687c0b23abbb3fa33ae129e111219618f0d1
docs/CHANGELOG_v1.18_2026-07-18.md,963,17cf2d72738dcce49d39c41652062f3ad6f3d19b97a3fc297567e041da971f04
docs/CHANGELOG_v1.19_2026-07-18.md,1265,76a603fd9e766e2575b75796ce638efcad59206b18df3447df4459e8d2440d3c
docs/CHANGELOG_v1.2_HOTFIX_2026-07-20.md,804,25401283376b6b38aa18fab4040ddff888c1bbb94d792765f8866c454c43d414
docs/CHANGELOG_v1.2_RT_TRANS_OUTPUT_FIX_2026-07-21.md,960,38c273652cc5cd9f882dbfc6d478940b5ccf6a7b9a5351d087a86efeac8ed1b1
docs/COMPARISON_PITFALLS_AND_PROCEDURE_v1.08.md,10349,7dd8153dfd1f2e32f1869dc7a180669d8f3ea282d1935a1bc274333889af37f4
docs/CONSTITUENT_INTERFACE_DECISION_2026-07-15.md,3163,ee984447dc7a6c8aea2bffc0b731ed967b6340d0890f005e8e488b044b011ddd
docs/C_WORKORDER_IOP_KD_FULLGRID_CSV_2026-07-21.md,16228,e48e798690f8cec2b4bc77daef9a805ad35dd1ecc456753f2d9e0c548f7f73e1
docs/EAP_17_SPECIES_GENERATOR_PROVENANCE_20260726.md,2432,49743ce2e33e0f1abe0aaf62bfad6bd39621a9b26f0887898e8af49090f29c50
docs/FIXEDBULK_SHAREDPHASE_HARNESS_2026-06-29.md,8171,6e5b36dddfc27c5fd2d0e7672e486f0c7d6c20bfd513dda1c897e92a72e8b102
docs/HANDOFF_aerosol_value_kernel_v1.08_2026-06-26_KST1823.md,10697,937ac9309f953d8c2c52a728c4bbb23ac2b7046f6100e90535c5bc9824766a65
docs/HARNESS_OCRT_OSOAA_CONSISTENCY_2026-06-30.md,10682,cad3590d4595dbd285dc940c6f3ff2f52148c250d2f690c92e94c756b2d17e17
docs/HARNESS_OCRT_OSOAA_v1.08_2026-06-27.md,14471,f9052e17a7d44a7351d1db18f6db9834ca8b742820981804218f533fc4e57daf
docs/IMPLEMENTATION_VALIDATION_PERSISTENT_SURFACE_CACHE_KO_2026-08-25.md,10235,ab2be3bf05d0fc35acb4ebfd9c24a371505eea9440b59f286a18c70f28ea17c0
docs/MIGRATION_GITHUB_POLICY.md,2045,093076c53d501f98e1e10ac22fdfa4b49824779a6f26a276c0ba912d88704e51
docs/NATIVE_WINDOWS_ROLLBACK_PLATFORM_NEUTRAL_FINAL_2026-08-26_KO.md,4033,729f06543dd78788174e1f8dbba631990ba3b42e70d774f98032a16caabc82f6
docs/NOTE_item3_chl_setup_2026-06-29.md,4297,1d5e5dc23b8a095eabae35224ab8e677131a388d4aa2471161cd6d5217f2c72e
docs/NOTE_item4_adom_2026-06-29.md,2628,808867c877bbd335f1d0327d02144faf13b6b868fda88c4ea9132cfc0eb039d7
docs/OCRT_AOD_REFERENCE_WAVELENGTH_KO.md,1258,31cd6f06aa43a4f6532b809dd179befe6d5833f85a8ce344d8580376e4b80b31
docs/OCRT_ATMOSPHERE_OPTION_CLEANUP_KO.md,888,edcf9a9ba0c8c268bc052f10ce1d393523090a9ef4a7e4473bf6206e8e57829b
docs/OCRT_ORGANIC_INTEGRATION.md,6101,9f2724adb29e6ade46b5becad8b5bdcb67203b82770c6405102f08b1fd1705ff
docs/OCRT_ORGANIC_IOP_SPEC.md,13866,9e85941c22e4bbb2bac1ef012f962a8848e8a0fa36a4bb97256d55a6010987df
docs/OCRT_OSOAA_COMPARISON_GUIDELINE_v1.08_2026-06-27.md,15931,0a60ab0bbb146936a66ed1fc70d1d2de8d846120eb90660de50ed678958f0a76
docs/OCRT_OUTPUT_VARIABLE_REFERENCE_KO.md,6462,87cd85056838002c93217b7254fd25f8e5e93f5674ca45a63c0fc8a608591ad9
docs/OCRT_STAGE2_COUPLING_CLAMP_FIX_REVIEW_20260725_KO.md,7309,88f72f92021bc6da311530cc29819ecf7b78a5cbf7c6479801694a91bf9c258d
docs/OCRT_STAGE2_CUMULATIVE_CODE_UPDATE_INSTRUCTION_2026-07-23_KO.md,13269,bc2424056aa68e1e0d564b2f2784d5543a0955c0a353881b6b031628ecb2cbb1
docs/OCRT_STAGE2_CUMULATIVE_CODE_UPDATE_INSTRUCTION_20260724_KO.md,20975,4f0a67a6cd484d81041d51bc96e4f10413f3f8cbef455e529123e7c339b11da7
docs/OCRT_STAGE2_CUMULATIVE_CODE_UPDATE_INSTRUCTION_20260724_REV2_KO.md,33457,4d3b74957694f342bc7247b8e5618e700c09ecef6664ebd1389ff6b0e5d2bb5f
docs/OCRT_STAGE2_CUMULATIVE_CODE_UPDATE_INSTRUCTION_20260724_REV3_KO.md,42401,b2e0906a25ec6eaa27805f4cac9312fa8d66c229c854f40a73c5914da8f3feb5
docs/OCRT_STAGE2_CUMULATIVE_CODE_UPDATE_INSTRUCTION_20260724_REV4_KO.md,54099,b6accf4a2d32d3c063472b1be0cd9a3d1eac0efc69dbc5cfbc5593b30b339b05
docs/OCRT_STAGE2_CUMULATIVE_CODE_UPDATE_INSTRUCTION_20260725_REV5_KO.md,59004,988231857dbef3bc113bfd38f886bccaf8d7cf6618a1953fc71a200ee01cf05b
docs/OCRT_STAGE2_CUMULATIVE_CODE_UPDATE_INSTRUCTION_20260726_REV6_KO.md,67854,a5afc4ab4db81f12eedee4cc3bcb79431149e76893f5f10bba593531a44c3bd8
docs/OCRT_STAGE2_DTP_UCLOSURE_CORE_REGRESSION_RESULTS.txt,698,1e2a2e4231f13875edff63b3a52c323b44480e1c0bba67b15042dd41e9a2b068
docs/OCRT_STAGE2_DTP_UCLOSURE_RELEASE_METADATA_20260724.txt,572,02f6cabeb2b0f00b525a530020fdcbf408219f5efdbcc5b71cd59f82e60f2cfa
docs/OCRT_STAGE2_EAP_CUMULATIVE_PATCH_VERIFICATION_20260726.txt,323,efe7e1e1e837a5664b137f98cc1ccbb6f1d91f0bf84ade4ff92610dbe4ed985b
docs/OCRT_STAGE2_EAP_GENERATOR_AND_PHYTO_DISABLE_REVIEW_20260726_KO.md,7186,66786f9958baccc51835058f2d8386a44c82eebbb62eab3dc687767d8de8557d
docs/OCRT_STAGE2_EAP_INCREMENTAL_PATCH_VERIFICATION_20260726.txt,304,fdcadb83e3050b6d8c5736b2cfaeacdeabdc9df995b2c4ffc1103975eef2ec74
docs/OCRT_STAGE2_INTERFACE_FIX123_AND_DTP_REVIEW_20260724_KO.md,18851,c69aa7c1efb32117ffb124e138732366ab7e695c8314332b154963b904b3bf53
docs/OCRT_STAGE2_INTERFACE_POLARIZATION_REVIEW_20260724_KO.md,15719,b3d5f44b3290b67c413204375e30e0a06f2189ebe5715394dab348179a95556c
docs/OCRT_STAGE2_OTHER_SESSION_REVIEW_AND_DTP_UCLOSURE_20260724_KO.md,14087,28a3379ed4ce58843f723d6e50923276980567fc1f1d50d8752853df9e1365db
docs/OCRT_STAGE2_SURFACE_POLE_LIMIT_AND_REPROBUILD_REVIEW_20260724_KO.md,11548,7f9a05dbd92676c17982dca9b64703fa01c93d4727181d0891fc2e72431683f9
docs/OCRT_USAGE_v1.09.md,9600,e448bd511e28cb49819966014cc8f2ba3759cfcf5c37770689daa0088d644b19
docs/OCRT_USAGE_v1.12.md,18425,bff2555bdc3fc77eee5a68a7b9618c8070b7a03652d8329c52a129280cb0b5c5
docs/OCRT_USAGE_v1.14.md,18305,b7a14edf2ea8ab57fe010bfa0d1d2545c943f9af6b36ba49c42f67a221112e7a
docs/OCRT_USAGE_v1.15.md,940,544e7b61de66aff935460855e2081f4bd3ede89caea522ebfb232aee4c3e24a8
docs/OCRT_USAGE_v1.16.md,2121,74b2169617212da2cc24128df8f6eb2f4e2576702d01cabf1fa395e9521ca642
docs/OCRT_USAGE_v1.18.md,3131,5a59d3a4e4e864496bcdcc037d24e89f0d2e2b1fc45ec337a2f9ce0fa3c8c22c
docs/OCRT_USAGE_v1.19.md,2851,031912306ea0e134df15dc5b45e2665bc166467ff844b4634ab18412940e81da
docs/OCRT_msign_fix_instructions_2026-07-21.md,11970,205258e3bebbe877e5721894850bf44c04ee898be4f44055d4e417a49ab0285a
docs/OCRT_v1.2_CLEANROOM_RELEASE_NOTES_2026-07-18.md,2120,8299287b728f23732c411a48ccfee4525e3dbd4a45e71ccd2bb8de293613370c
docs/OCRT_v1.2_IOP_KD_FULLGRID_CSV_FIX_INTEGRATION_2026-07-21.md,5325,8c4ed014dc76a984df6b0c311429ea5657518bcd8e1a040176ddb7afa244a0e0
docs/OCRT_v1.2_RT_TRANS_TO_IOP_KD_FULLGRID_CSV_FIX_2026-07-21.patch,14746,71e06b6be1d0af316c2ae958d89b0c21f48f5e3ac56a93990b68fa3495bd37c6
docs/OUTPUT_RT_DERIVATION_AUDIT_2026-07-21.md,5693,9b4259e370a51115ec0e3d9255a875377270973a0587bfcd2f07b6d45a5126cf
docs/PERSISTENT_COXMUNK_INTERFACE_CACHE_KO_2026-08-25.md,4746,bd7dd0e33308e355c518a5cf9ceb0c7f561a1063b71789a686b1fe5b0461d61f
docs/PHASE_ANGLE_GRID_FR631_SPEC_KO.md,8571,d42a82c9c6b5cd40bd845608cf2a1aee74c4977f5740210b8bafb7aa26c8047b
docs/PHASE_REPRESENTATION_POLICY_KO.md,4435,721ca1452ec259485a88b8dd5e395ca044f54037f5453c7348c28f0df231cd64
docs/PLATFORM_NEUTRAL_FINAL_VALIDATION_2026-08-26_KO.md,5079,416f686809c4911b225075b17215f860a0f051124480c936aedc18e208bbac67
docs/PSSA_IMPLEMENTATION_NOTES_2026-07-18.md,4885,e0b1147be1786a4de1c9c9a44dca183c37e02711585e9a3607d71479c953cb93
docs/PSSA_KNOWN_ISSUES_AND_LAYER_WARNING_2026-07-19.md,3014,0dfc96ff8d2f45caca371673c9e48fe506952f7d732199794f451da70aa67ce9
docs/PSSA_NUMERIC_FIXES_2026-07-19.md,9702,50263fbd9da8d2972bb08aafb9f4a6b052eaada0eb80e5da282933a5bcb9ced0
docs/PSSA_PORTING_GUIDE_2026-07-18.md,8092,cc3f1eac64157e28527acf977fa23f40a9a97cbc79781a98ee0b5bd2a4317f77
docs/PSSA_SCOPE_AND_RADIOMETRY_SPLIT_2026-07-18.md,6690,07a91fc8f8efe5ad4f6d05a37d821ccf5d8180e1bf07d024368e6943e937894a
docs/PSSA_V12_INTEGRATION_REPORT_2026-07-18.md,3791,c8ad555e80facd303fd4184ead3d4f6cdda6d7b9f233110d360185a7d5713b76
docs/PYTHON_LUT_PERFORMANCE_REVIEW_2026-07-21.md,1985,b77b732f318104a87f17161dad009b4d9dbdd6904e2411e9dcfdf4e0f7a6b6bc
docs/RAA_CONVENTION_AUDIT_REPORT_2026-07-22.md,3964,70719a6f662bf1dbf975be50c7f7a43edb82e69e48d54caafa89586dd1898cf9
docs/RT_DERIVED_TRANSMITTANCE_OUTPUT_FIX_README_KO.md,2095,7cfcbb8fdfbe314349ae8b954ce594c36beb1654371946c4017ac5471eff1ef2
docs/SAFE_KERNEL_INVARIANT_UPDATE_2026-07-29_KO.md,2575,57bf538b6eafd2c3fb48355437bcea4653ce51395c66fd52ab20110596380e15
docs/SCATTERING_SPECTRAL_REVIEW_350_1100_KO.md,13398,8969267290d27845335b045a511c10cc82fce3bb8aac51e159b96fc5e826d656
docs/SESSION_START_VERIFICATION_GUIDELINE_2026-07-04.md,4929,ff74d3236021845205ecaf8e565935e1ae0cb359dfba6ee6270befc4852ea0b1
docs/SHA256_STAGE2_INTERFACE_FIX123_2026-07-24.txt,322,a917b67f1ca4967a2bbc33fc318d1a00e21a5e10c18e5606c741faaad23bccaf
docs/SHA256_STAGE2_WATER_RAA_OUTPUT_FIX_2026-07-23.txt,5767,8855666b2d204ad2f5aee12efc781a0a48b671966e1cb2c114cf76631dcf5e02
docs/SNF_AEROSOL_MODEL_STATUS_2026-07-19.md,825,784ef667aac1e078c7f3811a8156dcc1a2c9c5d80dad132fcb1bb310cc56b81e
docs/SPEED_OPTIMIZATION_FREEZE_2026-08-25_KO.md,1224,904a95eb0de4b3021e0838460160e84c25970577917764eaf6cc150906c19640
docs/STAGE2_INTERFACE_FIX123_REVIEW_2026-07-24_KO.md,18851,c69aa7c1efb32117ffb124e138732366ab7e695c8314332b154963b904b3bf53
docs/STAGE2_SURFACE_POLE_LIMIT_AND_REPRODUCIBLE_BUILD_20260724_KO.md,2240,a857dd3480b0d3cf4c9b7aeea02deb597272c72510e74c49ea3907d864125405
docs/STAGE2_WATER_RAA_OUTPUT_FIX_REVIEW_2026-07-23_KO.md,10526,60aff78eeb206c3bb1a3c9ad44745f8e856e5724bdd1984f91b59fb88e917d2e
docs/TSM_AHN_INTEGRATION_v1.15_2026-07-17.md,3320,4636b71c36bc1ab623e7e5ed0fe44f030d1a55f8f88db4876a72dea5cabe9729
docs/TSM_PHASE_CACHE_v1.16_2026-07-17.md,8365,7862588cb0fe7f9c61bcdbcc6c747d0113c9b358f6eee8ae558369af6b2c911c
docs/VALIDATION_LUT_CACHE_PERFORMANCE_2026-07-21.md,3571,1cc3a04a0a80b52a5605ceeee915e9aebd60faed770de91a6fc00ef6b6b5cd34
docs/VALIDATION_MATRIX_OCRT_OSOAA_v1.08_2026-06-27.md,8509,82419f434b97191b1b2142c318377356fbda072b9e5a1385cc0f39b7fb70b17e
docs/WATER_BRANCH_VALIDATION_v1.18_2026-07-18.md,4789,0807a878753123a11b4237427e0ea9a8bb5e6a3c0a12b1afcf64d269b2c7fb6a
docs/WATER_INPUT_INTERFACE_v1.18_2026-07-18.md,6432,8b2e463c186f41b263f0c44984417dcb15fb5b84e5c050735f8a9c12e102606f
docs/WATER_INPUT_INTERFACE_v1.19_2026-07-18.md,2151,e1747d01a0359fa4c7124cd46579bf00587d156a6c934eee85b94f29e5a8dfab
docs/WATER_INTREFL_MSIGN_FIX_2026-07-21.md,599,c3d9a4b5956b4eed0c49eed4af428f14350a396bda88ad194eca51d949a2b272
docs/WATER_MMAX_MODE_BOUND_FIX_2026-07-20.md,5972,b3b9251098d7c8ea8212d8d912d8e91bf9a77b856c6f6103253b8974ea1de289
docs/historical_spectral_contracts/SPECTRAL_SUPPORT_350_1100_PRE_20260814.json,1616,b0770c5f1eb56663a5334a04989560e897044f055fcd264c99a7ab4fa6928a27
docs/pssa_vs_paper_fig11_12_comparison_v2_2026-07-18.csv,2163,0218738cf9273d5154948de0e1da18bec5024ed345d14928a47491fb7bb7e079
docs/reference/OCRT_v1.2_water_mmax_mode_bound_fix_instruction_2026-07-20.md,11578,44fa4cc92c1c3510ee61d9977d18072b6163fa9f588deb858f77e8c67f2182ce
docs/release/DATA_INVENTORY_CURRENT_2026-08-09.csv,1635,aa93539c28561c5c15a1997bff7be153ac04155a9cee494658645fe8681037d4
docs/release/DATA_INVENTORY_v1.1.csv,11957,2ef38736e1b107e2ac4d93cd283b20d0a685d0b9bda7383dba8a03e14e88bd81
docs/release/README.md,199,14132b2ab9eedc4a2d9bcf90aeee4c173dc4e10777d37813df525968b4a55489
docs/spectral_330_1100_20260814/DATA_INTEGRATION_MANIFEST_KO.md,5155,ba017957092aa97718fbcdb90f12672c4f262ffe64e7b46f97d5640d6d9f38a7
docs/spectral_330_1100_20260814/DETRITUS_CANDIDATE_DECISION_KO.md,2992,8662b2cdf7f766f62a4532ef53a6628fe471b6156637d526d67195e0f340f24d
docs/spectral_330_1100_20260814/HANDOFF_ARCHIVE_RECOVERY_NOTE_KO.md,1742,a6cc982752369d0b0bdee76b0b018a967e222ea0ee9e6a8decef691a53f70035
docs/spectral_330_1100_20260814/INSTALLATION_DECISION_MAP_C_PYTHON.csv,84781,7e79260d4231dc4959cd9f56888ed8a25507d4f6379cb067c32c5572d38383ec
docs/spectral_330_1100_20260814/README_FIRST_KO.md,4083,5809451d92b48f72cdd8d011a45c574c4e919f02fdba5906c344a847778d4632
docs/spectral_330_1100_20260814/SPECTRAL_DATA_METHODS_AND_PROVENANCE_330_1100_KO.md,11286,f9464c1e51414e5c464919770e1445e915459c449518dfe4c2beb82c36abb992
docs/spectral_330_1100_20260814/TEST_COMMANDS_KO.md,1879,ce38111b9f1a51719357ded36b56d17fe88044207aab024480fdd82e83964326
docs/spectral_330_1100_20260814/UPDATE_DECISION_MATRIX.csv,1973,25e7a288c78cb1db3553409476f23c207755745211ca62dfa8d93db8af247dc8
docs/spectral_330_1100_20260814/VALIDATION_REPORT_KO.md,6341,836837ecb2d9e8e44bcbf4c4f7e20c1c7e1a3cff09a9149fc9267c4c0eeeb697
docs/spectral_330_1100_20260814/source_handoff_docs/00_MAIN_OCRT_SESSION_TASK_KO.md,2186,ee220509f15d6bcc4b5e881cfae026bd009c8fa1facbe781d7367be5ee55ed05
docs/spectral_330_1100_20260814/source_handoff_docs/00_README_FIRST_KO.md,3565,73a50ac15d647fabb5681f4205dd79ec2e2f6d6b25347915d00a2627de54744f
docs/spectral_330_1100_20260814/source_handoff_docs/ACCEPTANCE_TEST_PLAN_KO.md,1540,bb60d8b73de2beaf79cda2a4cb8a78e324152b8ba0233fa9cf971a22c4b42c6e
docs/spectral_330_1100_20260814/source_handoff_docs/CODE_CHANGE_CHECKLIST_KO.md,1485,f62c0cd1e47e67973d22c86c6f4ee9dd3b18c71f9ad94c884893f776f2f69f9e
docs/spectral_330_1100_20260814/source_handoff_docs/OCRT_330_1100_ACCEPTANCE_TEST_PLAN_KO.md,1502,c8933edc0f0b8cd78acdb63dbfaa2451dd2cce64b7d82ca393cf03d69b64218d
docs/spectral_330_1100_20260814/source_handoff_docs/OCRT_330_1100_INTEGRATION_GUIDE_KO.md,10463,95bcd905f4334b0072c7af4374e6b71b67e8e75512c84d450c55aae81092e7cf
docs/spectral_330_1100_20260814/source_handoff_docs/OCRT_330_1100_SPECTRAL_DATA_TECHNICAL_NOTE_KO.md,23438,8ca29b4e206559e9c71e2516f6028b90226dfff4197ce9a5c51453b7e0cbb037
docs/spectral_330_1100_20260814/validation_summary.json,4229,16c06bc0592271854c3475b7baca0813ed6ecd136ceef0612a2799b746109193
docs/speed_2026-08-25/CURRENT_IMPLEMENTATION_ORDER_KO.md,1476,981100534268009446802dda7f5d7a27d13f6e34fa9187105c72634056f0adc8
docs/speed_2026-08-25/UPSTREAM_SPEED_PATCH_ANALYSIS_KO.md,27856,424e7cbd5b1e283d0a73278a0a6ed75a523214e1121a0a2a5d8585d3085bc303
docs/speed_2026-08-25/VALIDATION_REPORT_KO.md,7986,99253c01126b6829e6d9e9c23dc5243001b25f0af894f3816894ab798c9a850d
docs/stage2_eap_20260726/INTEGRATION_MANIFEST.md,800,dfa6e93971357012beb319683172e024acbe53611de8dcc70c697d2a69313fcc
docs/stage2_eap_20260726/VALIDATION_REPORT.md,6789,3c3bf74ad26f1c3a9d4d3efcca95787f452ebfc5c30e8e439fc825afe402c8a8
inputs/README.md,484,beb55429dbac6e180935c36487ff13ab545f9379c4d0c2a230b0c6bff3b6bbc9
inputs/README_MIE_PAYLOAD_EXTERNAL_KO.md,427,400ea5d903286298f9e5dfd2c46cfcb520c37587ed28d4b47002e875c6f36bd2
inputs/aerosol_ahmad2010_accurt_inp/r30f00v01.inp,1618,c80c82efed49ea94e5aa097159ebbf3bebbfae43faaf0aa41cabcc61d0358900
inputs/aerosol_ahmad2010_accurt_inp/r30f01v01.inp,1624,e0f7557e64cefb394cc4b809dded75614dadc6d44e026d73c462f6762086c879
inputs/aerosol_ahmad2010_accurt_inp/r30f02v01.inp,1624,26d108eba93a07c02c37432ca2686a142ec51db4e4590148c59af379fddedbfd
inputs/aerosol_ahmad2010_accurt_inp/r30f05v01.inp,1624,9004e654e2ce55a85a82435a3bc9bbf0eaa55f9f8dc37e493f83d7f88ced07fe
inputs/aerosol_ahmad2010_accurt_inp/r30f10v01.inp,1622,cefad4e3fa62206debb0f9b6713e8bb08a2daeadd2b909e75afa5fb4db3f79a4
inputs/aerosol_ahmad2010_accurt_inp/r30f20v01.inp,1622,8a778dc3eaf2739986d025c58e34cd3e16895e3c286048ab08746048834d3297
inputs/aerosol_ahmad2010_accurt_inp/r30f30v01.inp,1622,d01ffda5714d2490ea4e98861ba22b05091e79375369e528ea29351540d14198
inputs/aerosol_ahmad2010_accurt_inp/r30f50v01.inp,1622,8ef32cc28217f1905e8b6b16cb3aa92f31c3bc6c459a0b047d1b13f91c9ea86d
inputs/aerosol_ahmad2010_accurt_inp/r30f80v01.inp,1622,0999a9f16ca60d1ecffac08820afa6bc582d8fa6f2ad11b1b44496268e4b7ca0
inputs/aerosol_ahmad2010_accurt_inp/r30f95v01.inp,1624,8c92e0770197d2ed6b1178cbf88737b52f339f0b3e3a88161be4c47d3b4a9100
inputs/aerosol_ahmad2010_accurt_inp/r50f00v01.inp,1622,1b3f28d49f0669b489f426cd5059993464873aa77729c7e6520ead95cac89f2b
inputs/aerosol_ahmad2010_accurt_inp/r50f01v01.inp,1628,08f7b8a490fda00eaba4e916f64f2fc75c0240133611329a2d71fa20f81e9244
inputs/aerosol_ahmad2010_accurt_inp/r50f02v01.inp,1628,57936e92d969fb5a63eeb002451e5128617865be77602a140ea078b3c191eb11
inputs/aerosol_ahmad2010_accurt_inp/r50f05v01.inp,1628,6de404774f5d4eaab2a95f01f3eade5c61cfa9f34b6988438090cdac5d172ff5
inputs/aerosol_ahmad2010_accurt_inp/r50f10v01.inp,1626,1953e002e08c99cf7531e03330c2cba49806b1e31d8f5d0bdba29a1980c7ccc4
inputs/aerosol_ahmad2010_accurt_inp/r50f20v01.inp,1626,a6eeee1b83ebbe8d93b2755c8b19239332f1a3e9c9275f6592d46aa87da39bd0
inputs/aerosol_ahmad2010_accurt_inp/r50f30v01.inp,1626,f5805a265074564939bac5d796e3ebb1cbd512296d68675416afe606e4b21900
inputs/aerosol_ahmad2010_accurt_inp/r50f50v01.inp,1626,159e27facbaee5c0746877cc26420e720dea037a2d691caf0be8ea2951acf625
inputs/aerosol_ahmad2010_accurt_inp/r50f80v01.inp,1626,1b2540527dd2eeb0b7f62a169dddeaf522304187b0eab98b0331a6a73deaefae
inputs/aerosol_ahmad2010_accurt_inp/r50f95v01.inp,1628,193555f38843e0217b32b4464b92b14fd9d8399f2670ca5e8161b15572ada2fc
inputs/aerosol_ahmad2010_accurt_inp/r70f00v01.inp,1629,0ec603bd511220f58549397a161652f1bda0d32a2e8abd156026c428f1077b51
inputs/aerosol_ahmad2010_accurt_inp/r70f01v01.inp,1635,d1575dd56c3f3bb198f6ee8fb4ad0a9277c6116fccf546e36b6b7023cd3e5ab9
inputs/aerosol_ahmad2010_accurt_inp/r70f02v01.inp,1635,1832b7f740da319609ae62f29a53bd8e8a8067cbf3e78df9bf11fe893ea2d71c
inputs/aerosol_ahmad2010_accurt_inp/r70f05v01.inp,1635,4fba106d335097b99dc96bf123821056904aa3d6dec6445f7f6d64829f9ff63d
inputs/aerosol_ahmad2010_accurt_inp/r70f10v01.inp,1633,ce086b1ad1ecc315ad5903ef948b5cd49bc1f3adb37c689504f4fdd411adb34e
inputs/aerosol_ahmad2010_accurt_inp/r70f20v01.inp,1633,2509bc165c3725009c87fe9745b416ec347abd605a345aa13389988c8cdeca6a
inputs/aerosol_ahmad2010_accurt_inp/r70f30v01.inp,1633,91c53e6197cddbe56020973583cd92489aa54ec22d07bfc3cdc4bce025e41ca1
inputs/aerosol_ahmad2010_accurt_inp/r70f50v01.inp,1633,a7fa9855ee98c543be09d55590173b6a33ca9bcb85710b0b5ba8bd8f082b6d3e
inputs/aerosol_ahmad2010_accurt_inp/r70f80v01.inp,1633,c75fbe83f56dc8f2ed1ed719febb8a6dddd1a4abbe0f545f1c0934ef6cc77230
inputs/aerosol_ahmad2010_accurt_inp/r70f95v01.inp,1635,83084f974896acc1525405d27e25f388ee7513b1daceac4175afc6d6ac73d911
inputs/aerosol_ahmad2010_accurt_inp/r75f00v01.inp,1625,9f531dbc9095475f628d431b2aca863a5748d13d0507704e8613156b3a688f59
inputs/aerosol_ahmad2010_accurt_inp/r75f01v01.inp,1631,6be20209ebbdc3d434d693e3cce335ab772672199dbd747f86a6365488f38f26
inputs/aerosol_ahmad2010_accurt_inp/r75f02v01.inp,1631,701f1d5bcba6fd86c736e96562d3a60ba7635e14b70c1f4cf995194136fcad3c
inputs/aerosol_ahmad2010_accurt_inp/r75f05v01.inp,1631,42d0666fa7c2af666b08a0f4ae869b329ca4c1f24ca1918e5304e0f82b1e212f
inputs/aerosol_ahmad2010_accurt_inp/r75f10v01.inp,1629,b304bec424925fec0b3ebdab8299e8077211cd13e0c11918e38561993d95f43c
inputs/aerosol_ahmad2010_accurt_inp/r75f20v01.inp,1629,5ddab3a3ddaeeb45a3fed89bdb5eefed177558d985116feacd6f9979437d9316
inputs/aerosol_ahmad2010_accurt_inp/r75f30v01.inp,1629,c25a13dd6515612c3c0216e6da5d0597497a0c26102e65f353a0a8fa13b48dfa
inputs/aerosol_ahmad2010_accurt_inp/r75f50v01.inp,1629,52348d934caebab44bbd615618b6a4ac209fae5ca724d14dc61536c78244c599
inputs/aerosol_ahmad2010_accurt_inp/r75f80v01.inp,1629,4be0c1c7393e008790242e3e036e70bc59e828945b90392eeabefb0ae646be6e
inputs/aerosol_ahmad2010_accurt_inp/r75f95v01.inp,1631,531a86ed50cbb823662bdcdd181ac1a4d9991858cbfad765a1a46c909fc29bc4
inputs/aerosol_ahmad2010_accurt_inp/r80f00v01.inp,1617,d2ab70e0dec344d44ad4daad2d9e3c66955b74db6a7f3bf873d788fcd4529e4f
inputs/aerosol_ahmad2010_accurt_inp/r80f01v01.inp,1623,37327469a9e2767086176fc2d7eb61139201fbf331a02b1f82cbbcd7e9cf279a
inputs/aerosol_ahmad2010_accurt_inp/r80f02v01.inp,1623,d95c0ad32833293fdd4bb426d5e384bdbff6dc0507e1ad3a29ae7b0c987135eb
inputs/aerosol_ahmad2010_accurt_inp/r80f05v01.inp,1623,563ac013b54bc82a35833d939450691d33aa8b6327da1ae98ab6a0c0cdb36b0a
inputs/aerosol_ahmad2010_accurt_inp/r80f10v01.inp,1621,fecc14c301c5a34f4c3cfdf1bad4285cc9b89f9ac709782920f8178432627f7c
inputs/aerosol_ahmad2010_accurt_inp/r80f20v01.inp,1621,560bc0aa77ab60cea601c9ee3540d8ce446aabd430a8d1c69ba6f47a1a366045
inputs/aerosol_ahmad2010_accurt_inp/r80f30v01.inp,1621,ccde4d5277b871dbdfbf830519b5ad86dd57b6b9fb80ab1753c531a1d97785c9
inputs/aerosol_ahmad2010_accurt_inp/r80f50v01.inp,1621,1e00ba01a141cf4e67717e93900e2f34ef231813b62760ec6193f1903c8fb9e1
inputs/aerosol_ahmad2010_accurt_inp/r80f80v01.inp,1621,bfcb1dcfc9e38a7bbaa30609035aed28a8d82e4a63f16dd8e726571bd92b1d06
inputs/aerosol_ahmad2010_accurt_inp/r80f95v01.inp,1623,40a7a96bac5d0592dea953396546b36093dabc6e9067950f9382bb11e548abea
inputs/aerosol_ahmad2010_accurt_inp/r85f00v01.inp,1626,214f53458c0b9724067dc0cd4df55b2693ab703f66b05036470a422b2fdc89ed
inputs/aerosol_ahmad2010_accurt_inp/r85f01v01.inp,1632,1022bced7fda522b2910485cddb14a741f6d11629c23a0ffb0915361d8a5df65
inputs/aerosol_ahmad2010_accurt_inp/r85f02v01.inp,1632,6ee28aa189ecff7e4b92d8635d0c70105106ec264175819b5fcf7bbad966a9d2
inputs/aerosol_ahmad2010_accurt_inp/r85f05v01.inp,1632,e0037d20cc71476276915fa8c0b9a1bf7ccaff2455474d19fc8f36afe2bec00a
inputs/aerosol_ahmad2010_accurt_inp/r85f10v01.inp,1630,2b8a34eb28e7756b7bbf2d399c342cdc459fee3589d51553db2a7b90be011d61
inputs/aerosol_ahmad2010_accurt_inp/r85f20v01.inp,1630,85b916f3f79a70523fb958cef22eabf20873c78a40ce970c0581268172d5fa9f
inputs/aerosol_ahmad2010_accurt_inp/r85f30v01.inp,1630,c2bd96c4c1f333dcfeec2e6c8a69ec2d19cf9d0f434b6c23adc2c29cc07e2cb4
inputs/aerosol_ahmad2010_accurt_inp/r85f50v01.inp,1630,7be1191e9848845a152b68ad09188725bc3944b735c5d65b2f85b939e2e3039e
inputs/aerosol_ahmad2010_accurt_inp/r85f80v01.inp,1630,6cbca5676bad0770fe6a89064bbdd6a3ed24c5848baf6f4c47fbd736696016cd
inputs/aerosol_ahmad2010_accurt_inp/r85f95v01.inp,1632,77603ecb71523fd44f4ce80d9170475e8116af892c6cd42b0b4142c1902d4430
inputs/aerosol_ahmad2010_accurt_inp/r90f00v01.inp,1629,2ad6d57bec77d79f55bc73114f832c54c5661868acbe7472b174447532fcf0ee
inputs/aerosol_ahmad2010_accurt_inp/r90f01v01.inp,1635,e536fd87cf77329b11e4f345cad8ef0c6f708ce6c2f084d89076c0795d832a3d
inputs/aerosol_ahmad2010_accurt_inp/r90f02v01.inp,1635,e438742d39813d1e06792a704efe69246d886c16ca2288a4ee99b36d09f639b2
inputs/aerosol_ahmad2010_accurt_inp/r90f05v01.inp,1635,ab0e5e744bf428cce8e9cf1698dbe49877d3a05d28e7150a0e5571c8102bec1f
inputs/aerosol_ahmad2010_accurt_inp/r90f10v01.inp,1633,5fa3719546a30441c05217f794819942cb055ca8bdabb55e66236be8eb86b969
inputs/aerosol_ahmad2010_accurt_inp/r90f20v01.inp,1633,27f1d335eacb462e03cf6ed82731f98adbe132ac91f3bafbbb02d6292e0d2a33
inputs/aerosol_ahmad2010_accurt_inp/r90f30v01.inp,1633,4c814bb8a203b887e0f14edb7ac131c24a5e862ea210ba92d7336e99f9a02233
inputs/aerosol_ahmad2010_accurt_inp/r90f50v01.inp,1633,b697e7f651a4988896c368b6991d30d7d83cd2ebf3e137037b8557e2e0ec4640
inputs/aerosol_ahmad2010_accurt_inp/r90f80v01.inp,1633,7a47db10d01f3d0409ec02efdf044f63e32d814caabbca66ec394c083e237339
inputs/aerosol_ahmad2010_accurt_inp/r90f95v01.inp,1635,264c3a348d647b6687670851d4c579bef6c7149f1731606178b1760d4509d9d2
inputs/aerosol_ahmad2010_accurt_inp/r95f00v01.inp,1630,07e30ea0b1ce9612ddd58ada39f77958c65b13adb804dec4103fbbd2d31d494f
inputs/aerosol_ahmad2010_accurt_inp/r95f01v01.inp,1636,193f34215620c328ddabfdeaae758aeee420366db94e62f99cf9bb42d39afdaf
inputs/aerosol_ahmad2010_accurt_inp/r95f02v01.inp,1636,b40d2d9c77608440ee33d3e85336a7e122fc4d57f01902b2c352860bb8af7f42
inputs/aerosol_ahmad2010_accurt_inp/r95f05v01.inp,1636,eaae5cf1182c75c0ff4c4cb3460f4089363b0060d0987caf55efb25ff660f995
inputs/aerosol_ahmad2010_accurt_inp/r95f10v01.inp,1634,706b48a6f6854e9d953ece6fb08e970b30ba8bea7e0409642074a45fd802c8b0
inputs/aerosol_ahmad2010_accurt_inp/r95f20v01.inp,1634,1eef67fcc83a0bb4934b8199a467007006080c7f7e38a803544213f1ea2f82a1
inputs/aerosol_ahmad2010_accurt_inp/r95f30v01.inp,1634,6a0a3956e464d123f19a6a9b519f86e8a6cbb7ef5fd50884425974e9cbf2d3c0
inputs/aerosol_ahmad2010_accurt_inp/r95f50v01.inp,1634,b145533671aab1fef108e213b609424df9e27db70ca06f43efc809cd0ef16f9d
inputs/aerosol_ahmad2010_accurt_inp/r95f80v01.inp,1634,3ff31028d06649129c542be7591325ff18a2d5f4cd182fc5a61085bbbc1407d5
inputs/aerosol_ahmad2010_accurt_inp/r95f95v01.inp,1636,bc41c905707fa09621e4be14116f38bdcba922ebb5397a88ab50e39160eca138
inputs/aerosol_ahmad2010_accurt_mie/README_MIE_PAYLOAD_EXTERNAL_KO.md,427,400ea5d903286298f9e5dfd2c46cfcb520c37587ed28d4b47002e875c6f36bd2
inputs/aerosol_ahmad2010_accurt_mie/model_catalog.csv,17612,49df7574b57f94a042b73705592bad9cf7022f36db9b8515f32e574352b3fa3c
inputs/aerosol_ahmad2010_accurt_mie/model_list.txt,1120,73a271b6a8bc3679fdbd28a0eac17982e563c9755473d9518b68dda58e19f151
inputs/aerosol_ahmad2010_accurt_source/AccuRT_Ahmad_dry_refractive_indices.csv,943,42539564b915f6cab0a866b81e6e90dbefc3c03ea0a0ce90dbfbc01a58050065
inputs/aerosol_ahmad2010_accurt_source/AccuRT_Ahmad_microphysics.json,859,48e42b13911116544e07736f26d81a71302e69a1085c21f759b8a48054cf2830
inputs/aerosol_ahmad2010_accurt_source/Data_SF_cor_2015_12_16,508,7685a7d26fedc17fe31711b71c3c8453bface7b1bb2e87bc7096af7025a9c534
inputs/aerosol_ahmad2010_accurt_source/Data_WMO_cor_2015_12_16,2405,7fd134dabf20ac905b3e2e087953def8ae63f50cc6a0f398ccfe0e06f74ad2fd
inputs/aerosol_ahmad2010_accurt_source/IRefrac_OM_cor_2015_12_16,4275,47aee89ce5bae585bfbff7f9418110efd263631ad4dddb625f751f95c5ec0eb7
inputs/aerosol_ahmad2010_paper_inp/A2010ver_r30f00v01.inp,1652,f761348c16988bbc8410ea6dd611a9d3142f5149a560d2c12b7c54c0516694a1
inputs/aerosol_ahmad2010_paper_inp/A2010ver_r30f01v01.inp,1658,fe2a7a680cf1312a55ccfe162c59325c7c4d85e9822afec4dab60cbf41a9bcb3
inputs/aerosol_ahmad2010_paper_inp/A2010ver_r30f02v01.inp,1658,ee6543840179da85554c9dff00f9020ea90ceba1c6d4987a9f32a330a40afdff
inputs/aerosol_ahmad2010_paper_inp/A2010ver_r30f05v01.inp,1658,0f157ecc72b12668bfd35016ff67816e0b6ff9e724c13d2378d8d38697a13ab7
inputs/aerosol_ahmad2010_paper_inp/A2010ver_r30f10v01.inp,1656,35342461714e18f56aef4b5ea126175d91c0debf2f1d0e8c3a034750a79ca3b6
inputs/aerosol_ahmad2010_paper_inp/A2010ver_r30f20v01.inp,1656,54770dd3060b970f652690932a400db68324bc2d5bed3ee2f3749669268874cc
inputs/aerosol_ahmad2010_paper_inp/A2010ver_r30f30v01.inp,1656,10be109dbdbf96a3064b23a5f64b6c92f38c8818af3a4f595f7e85bb4da63319
inputs/aerosol_ahmad2010_paper_inp/A2010ver_r30f50v01.inp,1656,51d317db5c705a97ac6d3d28b4394b6cce9a144e44c6ae7288a134bbcddd05d0
inputs/aerosol_ahmad2010_paper_inp/A2010ver_r30f80v01.inp,1656,dbedf6b531bcd88e99efdf65b2010e79398b2e0e5a4a76d2ec23c6a16e93bcce
inputs/aerosol_ahmad2010_paper_inp/A2010ver_r30f95v01.inp,1658,28ec8ba01227276d58c041681fc178a39ec28c5852b13802da409a7dd3ca33ad
inputs/aerosol_ahmad2010_paper_inp/A2010ver_r50f00v01.inp,1652,957ef05bad8f59d4fbeb67ed5d5afb90d90179d3703c11a45b8256ea3715b1ec
inputs/aerosol_ahmad2010_paper_inp/A2010ver_r50f01v01.inp,1658,58bedd58ed1d5bb1c40bbf67c69e6d0a6a032b7bddd63e9a47e2751a60a724c2
inputs/aerosol_ahmad2010_paper_inp/A2010ver_r50f02v01.inp,1658,1ca23c0122943c5b93c06954d5dd025d90c01b9b8f1792f0d233a4b26863ff31
inputs/aerosol_ahmad2010_paper_inp/A2010ver_r50f05v01.inp,1658,a766551b4e2fb6289a72d46bee1ce42a78970d110c0018615e13e63fb39fd723
inputs/aerosol_ahmad2010_paper_inp/A2010ver_r50f10v01.inp,1656,418374dc9dc6570587ccd8eb9c3eb9c5dda328a0f68797061e0e42b27e884e90
inputs/aerosol_ahmad2010_paper_inp/A2010ver_r50f20v01.inp,1656,a4f8f4daceb7b807db5d4c6ac165c45964ea87c6dd13469936c42021e9bd8837
inputs/aerosol_ahmad2010_paper_inp/A2010ver_r50f30v01.inp,1656,84e48e5633b5dc22b362aa8fed87c2ea794b96d3f633837396b9545adc586ca3
inputs/aerosol_ahmad2010_paper_inp/A2010ver_r50f50v01.inp,1656,b29e6924c659c2ac6a25eba5ad5d9cf506b52aae8b5399d7d502386cd5273e39
inputs/aerosol_ahmad2010_paper_inp/A2010ver_r50f80v01.inp,1656,da407632115fa5c29ed7bd0d82b2dcd5fcb8512d5c0432b2a350f42ac1c376e7
inputs/aerosol_ahmad2010_paper_inp/A2010ver_r50f95v01.inp,1658,1f910a237bcb1713385e6b59dd1015fb796c90cb2e08d3693454801d0344d2cd
inputs/aerosol_ahmad2010_paper_inp/A2010ver_r70f00v01.inp,1652,bb34d3b76dcb776c921bf302e5dcacdddb90f5b2e69c54aedd6f0463680190c5
inputs/aerosol_ahmad2010_paper_inp/A2010ver_r70f01v01.inp,1658,cbb96e6d0680602fb9f9eec2e327dcb11fb7b15e6850d81eef2a7da751f9992b
inputs/aerosol_ahmad2010_paper_inp/A2010ver_r70f02v01.inp,1658,094cf8a3813d0994b88663ecbbdf1e5017cfb07c5ecada7830498bf14fa2a97f
inputs/aerosol_ahmad2010_paper_inp/A2010ver_r70f05v01.inp,1658,2de0a48a03eb396d23b13c9237e691676ae7881a8cbb4cbaca38d2368368bbaf
inputs/aerosol_ahmad2010_paper_inp/A2010ver_r70f10v01.inp,1656,5787ea84fad5656f8133b241b3869deb41f5ac7a161f9c34c79ab1786d5cb211
inputs/aerosol_ahmad2010_paper_inp/A2010ver_r70f20v01.inp,1656,30f243f35c103cf9b7ca33ada9fd52ea9c59f0c4823dade5f8fba2dee5d9b162
inputs/aerosol_ahmad2010_paper_inp/A2010ver_r70f30v01.inp,1656,9834bb4e83e96854907976862ff53da2ecce7668855d5132923748746638b6cc
inputs/aerosol_ahmad2010_paper_inp/A2010ver_r70f50v01.inp,1656,ed7d22d24e7e22c20e84f0d5214264e0687c874b6df652519a4a43fbbd1a3b31
inputs/aerosol_ahmad2010_paper_inp/A2010ver_r70f80v01.inp,1656,693616d275e6e7bde4c650846ad77191dc75a1d9aca60b1883fad56ab36873e1
inputs/aerosol_ahmad2010_paper_inp/A2010ver_r70f95v01.inp,1658,117f2bb1ad77c92a3275af5405ca438d77e6720ffb841e8d43387f7bf23232b0
inputs/aerosol_ahmad2010_paper_inp/A2010ver_r75f00v01.inp,1652,d05df652d55d7afe1da9f8d1b6897299d7ccff01c8731111c712aba190e7dda9
inputs/aerosol_ahmad2010_paper_inp/A2010ver_r75f01v01.inp,1658,6028c27f20d34354010388aa7e3df350b9f484ae5d808681e128d57bf2e14e58
inputs/aerosol_ahmad2010_paper_inp/A2010ver_r75f02v01.inp,1658,95e578ab8fc313094e90cb39c1acdcc895b55e6fed59b794792d2f36da25f961
inputs/aerosol_ahmad2010_paper_inp/A2010ver_r75f05v01.inp,1658,dad434505cc33c8dcd59690f87524b7c8c4396529ddaaa01d42334c49dabbc16
inputs/aerosol_ahmad2010_paper_inp/A2010ver_r75f10v01.inp,1656,8bbb5ab01d3191fb18fad43b876edd2118eaf9bad4537ec33284972379a9fffc
inputs/aerosol_ahmad2010_paper_inp/A2010ver_r75f20v01.inp,1656,ce3b3194d5a31bb945f9490e5e5724df0d7956afa0bfe879d4baef35b7fce26b
inputs/aerosol_ahmad2010_paper_inp/A2010ver_r75f30v01.inp,1656,04098abbd38d9ac9418d19889ee0fdc5e4217e0586465010802b6268f6b42241
inputs/aerosol_ahmad2010_paper_inp/A2010ver_r75f50v01.inp,1656,bed824d3eff6741f7d7f4c63403c1822cd9cd784d7b6e47b568ee9e86886672c
inputs/aerosol_ahmad2010_paper_inp/A2010ver_r75f80v01.inp,1656,f0cf144b1acd7e88824a1f048253f7a42d4ec87f7d2472236ba9ced32e0812a1
inputs/aerosol_ahmad2010_paper_inp/A2010ver_r75f95v01.inp,1658,27710245bd20f167e566442af3c9a478e8b2c44eb793da0f4bdd9dbe35b35162
inputs/aerosol_ahmad2010_paper_inp/A2010ver_r80f00v01.inp,1652,0215a82e8815abb85a1fa700b97e7d742fe2835b2bfb133cd0ba60679a16d09f
inputs/aerosol_ahmad2010_paper_inp/A2010ver_r80f01v01.inp,1658,dab262b61c4d0addda70be387986173eaeeb9caa82652deb23391d1a9f3a86c3
inputs/aerosol_ahmad2010_paper_inp/A2010ver_r80f02v01.inp,1658,d2520cb5791c27cc4078df721fb2e42db2159fc31603a907ac017cc1e21dce76
inputs/aerosol_ahmad2010_paper_inp/A2010ver_r80f05v01.inp,1658,41b0fcb452e07aaa6d66e4d11fd5e6e8ab8fdab3ce7cefc163453fb4aa47d879
inputs/aerosol_ahmad2010_paper_inp/A2010ver_r80f10v01.inp,1656,b7d26ff122a39b1d16c6391f49e313a3005b840c6fc11406ee30f9cf23dddf05
inputs/aerosol_ahmad2010_paper_inp/A2010ver_r80f20v01.inp,1656,156b07a480707ef1774612bb3afec6c121c1ddc3f5a2ac42147b1093aca1f76c
inputs/aerosol_ahmad2010_paper_inp/A2010ver_r80f30v01.inp,1656,b9b00a5550ca65e1ac292fb1f284b6fa22cc9c1dbefded6974357097c21b0b8b
inputs/aerosol_ahmad2010_paper_inp/A2010ver_r80f50v01.inp,1656,c3767e0d42a29df599ce1b2ff0b357a17142acef89b5ebb82d2adcd4bc690e97
inputs/aerosol_ahmad2010_paper_inp/A2010ver_r80f80v01.inp,1656,ef114f46b8dd0d86be6795a49b6f9174658b63a6ba52db515324e71db4bc0f07
inputs/aerosol_ahmad2010_paper_inp/A2010ver_r80f95v01.inp,1658,1ae3b3944ee4e3e5e2acbeb7108f42b402145c6962d0041a71a8047d5a11d63e
inputs/aerosol_ahmad2010_paper_inp/A2010ver_r85f00v01.inp,1652,5607ed42b882964674aa6f06fc4d02e3decf7f3e3b75686b4c93c9a246bca467
inputs/aerosol_ahmad2010_paper_inp/A2010ver_r85f01v01.inp,1658,362e67da9a946637568d5606fe880e2229cf81b5732e110c7ab1ab9059c63e77
inputs/aerosol_ahmad2010_paper_inp/A2010ver_r85f02v01.inp,1658,65a8438eaeb940716e11e52c8af67f87c83f46174dcdf326873730d341c6cd34
inputs/aerosol_ahmad2010_paper_inp/A2010ver_r85f05v01.inp,1658,434bae1d1abcf7bb4021cd8c7ac13132fe29f8e336a4f7d2b5047a0966d7aba0
inputs/aerosol_ahmad2010_paper_inp/A2010ver_r85f10v01.inp,1656,1f81a4b69a33fb476f735bd3b4dfaebf68659706482fa04d6f5093e255dce34d
inputs/aerosol_ahmad2010_paper_inp/A2010ver_r85f20v01.inp,1656,2b569bfed7693e87302eca25f1df6273fdd22e0f5a4ffa6ed7f3ac8e7a932b93
inputs/aerosol_ahmad2010_paper_inp/A2010ver_r85f30v01.inp,1656,662dfdcf61898f3b385fa3c008513352b48e865d9eca0cbac60df06cba0d042f
inputs/aerosol_ahmad2010_paper_inp/A2010ver_r85f50v01.inp,1656,88e202fcdc77bbe488e280b679deb5f4786669c473080282bf0424600c0f515b
inputs/aerosol_ahmad2010_paper_inp/A2010ver_r85f80v01.inp,1656,c5ceb9372510559dd3c8edf57030b62def5a2a694c53b98db2bb56d0baa4fa63
inputs/aerosol_ahmad2010_paper_inp/A2010ver_r85f95v01.inp,1658,e25e6b83abe2c093c39fd94191aaceaaf61688e7f272411386a9d6383ff0c90a
inputs/aerosol_ahmad2010_paper_inp/A2010ver_r90f00v01.inp,1652,3467f95b01844baedeb64011b76adb27eaa20c7c8d0440bd822d346929b630b3
inputs/aerosol_ahmad2010_paper_inp/A2010ver_r90f01v01.inp,1658,1cc1b1e19d7feb3fd23e32a6b0caca0592938c57a0101b9568403404a0b12ceb
inputs/aerosol_ahmad2010_paper_inp/A2010ver_r90f02v01.inp,1658,70aaf172b986d1f87368455e16a2b19dd164414222af30c40b92fe2cd61ad958
inputs/aerosol_ahmad2010_paper_inp/A2010ver_r90f05v01.inp,1658,9e8f931a5a0ad180cb6adff45f79e6ea04e383b6636952e2e156b663dd760209
inputs/aerosol_ahmad2010_paper_inp/A2010ver_r90f10v01.inp,1656,5840ec053fc5b9130f09add132af692ae46daf2e756d1967240f27ad83ac30d0
inputs/aerosol_ahmad2010_paper_inp/A2010ver_r90f20v01.inp,1656,5a60538cc03dd5ab77f85177ed6d075f1f987ed7cde70b5a17a5ca2dc5b9489b
inputs/aerosol_ahmad2010_paper_inp/A2010ver_r90f30v01.inp,1656,1383dbb0306f69beafc80519dfd4efdc050c8d4465d38e800b287e8ebb0be826
inputs/aerosol_ahmad2010_paper_inp/A2010ver_r90f50v01.inp,1656,3bad9395357b02ef5ee031272d8186409efc3a6074b42570d1696d90913a9cd4
inputs/aerosol_ahmad2010_paper_inp/A2010ver_r90f80v01.inp,1656,bccc6a3ff7de4561626c50c21b75ba3fda9d3bd54a0126cc8b3b36bb527affea
inputs/aerosol_ahmad2010_paper_inp/A2010ver_r90f95v01.inp,1658,2a7f5c48c9981a36ae5ddb66df0c11f4fd908c094fd95d56af71ddd9a6bfbc5c
inputs/aerosol_ahmad2010_paper_inp/A2010ver_r95f00v01.inp,1652,af959576bdbe369ee0c3d5ba60b4775f4504ab60980def33b6cbc4559a6da0b2
inputs/aerosol_ahmad2010_paper_inp/A2010ver_r95f01v01.inp,1658,e6754181803e5d7a3bd7bd23af7cc1d6c61aa81300f9f7b15b1fc8b2c078cef9
inputs/aerosol_ahmad2010_paper_inp/A2010ver_r95f02v01.inp,1658,00598c229acb56c99e5a465b4f8d5840090a0d0084b4df82a3d64867aad15943
inputs/aerosol_ahmad2010_paper_inp/A2010ver_r95f05v01.inp,1658,5418903dbfa1e9b9e77b100e6bdaa8709cf2c3b322390b627dff776f29f6a27c
inputs/aerosol_ahmad2010_paper_inp/A2010ver_r95f10v01.inp,1656,92b3cd33ba8e6409ea24212edb882a0d09350d40035dce67cabf0644180edfa2
inputs/aerosol_ahmad2010_paper_inp/A2010ver_r95f20v01.inp,1656,b7ce1d707f4fbfb7a7e9a3da6a8252ad32b9e3af0bab903c4d3ce79d495ad00d
inputs/aerosol_ahmad2010_paper_inp/A2010ver_r95f30v01.inp,1656,89e2b616894cc2fee5ad6f8a898cb6cd7d245ed465b927de63fecaf04a62325c
inputs/aerosol_ahmad2010_paper_inp/A2010ver_r95f50v01.inp,1656,44b1f49d6a1a51025849c036e5047a9e26999a09fd69cc9bd8e4d6b9b52c99cf
inputs/aerosol_ahmad2010_paper_inp/A2010ver_r95f80v01.inp,1656,4249c3021faefbe97c7ef326e5222249864375d14c22722c253784ffce3da344
inputs/aerosol_ahmad2010_paper_inp/A2010ver_r95f95v01.inp,1658,95231eb4903ea67cb52057dbeda005c03c433339a0b8164b4ba741dcdaa29de2
inputs/aerosol_ahmad2010_paper_mie/README_MIE_PAYLOAD_EXTERNAL_KO.md,427,400ea5d903286298f9e5dfd2c46cfcb520c37587ed28d4b47002e875c6f36bd2
inputs/aerosol_ahmad2010_paper_mie/README_SOURCE.md,905,ef6bd1d08e66fb43f11f9dc256cb7921325846bceafd5b537f76eea4d1a98238
inputs/aerosol_snf_inp/C50.inp,1664,41ef62889655f7bf2b92a78d69cf15ddefc1d68dfebb6ac2f501a923a8bcd2fa
inputs/aerosol_snf_inp/C70.inp,1507,4e42b29a2698d8dfd0571dadcf2e8464b13aaa35426dd1a1703139b17020f615
inputs/aerosol_snf_inp/C80.inp,1703,c4246d2c847d6a44dd71c5f90e712cbd677a82622501551f79825ba6dd6e99c3
inputs/aerosol_snf_inp/C90.inp,1680,0aaa8c0a5e08eba1fe6cdb0a8908a333585d0ac058dae2bc0e098f500041ab7c
inputs/aerosol_snf_inp/C95.inp,1773,1df07f0dc2c01ed9a92e4487e265954ef994bb96106ab53cb45e870b44037020
inputs/aerosol_snf_inp/M50C.inp,1475,915ea892925f2bbc94758982e80bf3c4a7e3c502cb57ea32ff38bbe958ab2e9c
inputs/aerosol_snf_inp/M70C.inp,1417,08cc0c9b4790aea306cfb33e3a8ab112730fa5e5429da584f12aab39c94388de
inputs/aerosol_snf_inp/M80C.inp,1424,801fcc2d80148c234e304654dd9bfbc8605a22162cb3b017084723b5f136a721
inputs/aerosol_snf_inp/M90C.inp,1419,8635ea960a66fa2154505df0208f2d368d86094e7f8a46a0a7d2e32bf8472449
inputs/aerosol_snf_inp/M95C.inp,1506,03adfee14e726f40a7b820d22e08aabe40844fe8e90bbbcf683d284254ad813a
inputs/aerosol_snf_inp/M98C.inp,1546,c646987b2face4163757800edfcdbf7413106cc9c2d8a8f80b6afff1ad46110e
inputs/aerosol_snf_inp/O99.inp,999,76c5097b9fd37af1ff46a9273abca17d2930176c06b7cbbf4576765ea5e16fe5
inputs/aerosol_snf_inp/T50.inp,322,858c48d30be3db46b1ee768b0a6333db69788992178aa6364076afe9fca155a9
inputs/aerosol_snf_inp/T80.inp,364,c80fd9a2cb26595728303f62e73a96c60a1a77b2cd29ab9ddabccbeeb7aa101e
inputs/aerosol_snf_inp/T90.inp,367,93adb846c7e7e817eabbefdee29219720533ddc107c866ced94d68654c73f875
inputs/aerosol_snf_inp/T95.inp,381,f2b09db6a0d79c4ee22db708023e72a8f42ce8c58218c13d72cbfbb4adec93d8
inputs/afgl_atm/README.md,259,092c00e23103db00f0806efde3777ab979a6f05e556408c2075e6bfab74e0301
inputs/afgl_atm/_pre_RFM_backup/afgl_mlsumm.dat,5870,98fa5b2c9450f20c4ef2b66234744048dc6e1c648379502b47b491e35ea6d98a
inputs/afgl_atm/_pre_RFM_backup/afgl_mlwint.dat,5869,78f03dda78dddd2f68969f7efba32ef5110b0ba8af53a461d2234c99239b6c5d
inputs/afgl_atm/_pre_RFM_backup/afgl_sasumm.dat,5867,d6a60ea33146ff846e87e05f88af9e14a74111fa1f3594bf5b332f8a5c2bdb50
inputs/afgl_atm/_pre_RFM_backup/afgl_sawint.dat,5866,24b91b2272425ad78282df38dd45c44d382bbb6f5f4e74d8b26ce9f09d9f5d03
inputs/afgl_atm/_pre_RFM_backup/afgl_tropical.dat,5870,4a2204c64b6b2dd0311a03b631e69c597e6f28767a8007e44a3671c07bdb363e
inputs/afgl_atm/_pre_RFM_backup/afgl_usstd76.dat,5153,ed2099a1f71f2d12ed7b80f10bde4c3ed876d35dd2d1e81d60c8b1afc8ef7ce2
inputs/afgl_atm/_pre_RFM_backup/afgl_usstd76_46layers_backup.dat,5856,c77590ddb8d492d0f93f3e569d61492e2507b7576e33483f1d708561f0cce00c
inputs/afgl_atm/afgl_mlsumm.dat,6199,94ad007d2f20ac85a3c01ec296911e2c23d3a497ddf4d18601870e334c2c8493
inputs/afgl_atm/afgl_mlwint.dat,6198,965d15e2293bff38cfc5b90d95bb0e10b8a80d26dae0a15278fab723d7cd1ba7
inputs/afgl_atm/afgl_sasumm.dat,6197,c0442d6b12e3fdbfbd13d5f46b22be17d730c7a801a79cec11e420a9c529ffea
inputs/afgl_atm/afgl_sawint.dat,6196,bc05d3aafb74ed03c00cbcb4b3891afc2cd7958de9463d30388ddac94ab2e015
inputs/afgl_atm/afgl_tropical.dat,6177,5d557f775b489a0640df6c1b93dfb60671c3e07607ff55103a0ecd113d4aa06d
inputs/afgl_atm/afgl_userdef.dat,5547,085fff37de13767b5269983bd9f0286e23047f587f37d639d2f91e0e930748d6
inputs/afgl_atm/afgl_usstd76.dat,5465,76f6199edc7d8c5c1e37de5e420a5961ddfdb6bf818cb27a5cc92da9462bee0a
inputs/afgl_atm/afgl_usstd76_46layers_backup.dat,5856,c77590ddb8d492d0f93f3e569d61492e2507b7576e33483f1d708561f0cce00c
inputs/deprecated/DEPRECATED_M50C.md,1737,62130e37cbb5b07a02da4755837d09726cf6fef0f4c041c4b6a22b3e51070401
inputs/tsm_ahn/README.md,763,d61040f3b58e1178a28888d8d2a2827f561d9b302f0efa2044505ffb5b960476
inputs/tsm_ahn/README_MIE_PAYLOAD_EXTERNAL_KO.md,427,400ea5d903286298f9e5dfd2c46cfcb520c37587ed28d4b47002e875c6f36bd2
inputs/tsm_ahn/README_PHASE_CONTRACT_2026-08-16.md,1141,ee7fab8c3deaff4a721d4342165f138691b7f33ed21bffce1bc05e0ea27ab97d
inputs/tsm_ahn/astarmin_brownearth.txt,24844,32be93e670188ed28865ac55defd2ac67307564977701a8c8f622f514b413441
inputs/tsm_ahn/astarmin_calcareoussand.txt,24856,144abf963675febcc737f33448f03838f943269200e95f2bd893cc8a01ce516c
inputs/tsm_ahn/astarmin_redclay.txt,24835,8cf139c9d4e27eb0e376f278ba52bd4a3935c5694b3b55842c903b536c8e83ad
inputs/tsm_ahn/astarmin_yellowclay.txt,24844,02cd09c2abbb726dc466d9dccf8b3b6bdb339c418f7ab764e14b34c854c9aed4
inputs/tsm_ahn/bstarmin_brownearth.txt,24843,f82c8be23a2733ac0520cb8a02920df5ebbf727b71ef1af927fc29d8069ed2cc
inputs/tsm_ahn/bstarmin_calcareoussand.txt,24854,c4a6fb46c09a444222283308dae02c5c5d764f4745a245a4f8fcb50b013b6115
inputs/tsm_ahn/bstarmin_redclay.txt,24833,9a24f7c3ce8556493c23722cd228f308aa07f860a5cc484ecee6300d8a4810f7
inputs/tsm_ahn/bstarmin_yellowclay.txt,24843,7336387f71aa16a0ce563a03626e4ff694e08b1243ecfd5e81136d246f2d4460
inputs/water_iop/README.md,682,0b2000ebbd5f52086508ba48379dfe4ff28f8f47ae1031045117f2ecd1ca5789
inputs/water_iop/README_MIE_PAYLOAD_EXTERNAL_KO.md,427,400ea5d903286298f9e5dfd2c46cfcb520c37587ed28d4b47002e875c6f36bd2
inputs/water_iop/SPECTRAL_SUPPORT_330_1100.json,3824,1bd224ec9e7bb61ec4ebc03ac289edb2c62f58f78229f8be778d87990a1771f7
inputs/water_iop/aph_bricaud_1998.txt,9440,b7a51b5ebeab083e395abdd548a97cc1f4dd88cf874f8e0d368547ca5355af7d
inputs/water_iop/aph_ccrr_morel1988_mm01.txt,9440,b7a51b5ebeab083e395abdd548a97cc1f4dd88cf874f8e0d368547ca5355af7d
inputs/water_iop/phyto_absorption_default.csv,19516,58cfde5c27ed43cf3bbd8a3d9f4ea47b62541f6414647be65f5f954287c14a31
inputs/water_iop/psi_T_rottgers2014_OCRT.txt,20730,9436aac66303f378caca69164b614da4b437c31d0415fe244c923fc93f8af2a7
inputs/water_iop/source/apstarchl_morel1988_normalized_user_supplied.txt,2870,1e7acfaa3739616051343b00a9cb3bf8ad7791d6a657b6722469c2d7b95b9a6f
inputs/water_iop/water_coef_z09_1nm.txt,73857,f173e1a4514b653973def109a5415678afbe4f39564a7b19f94a71ef55ea0e46
inputs/xsec/README.md,394,20ffec5b501d8646fb1f1d15c21950db11786da0408cb64f86e510e7847b58a0
inputs/xsec/xsec_ch4.dat,442317,ab565b7776e14d550190e426502861ea9b849cc231218953f5ebce40c7e921bd
inputs/xsec/xsec_co2.dat,442317,4b4852441de866d9a1d0db95e79ed282c4bb3978732bfb7160262b2ecaca0e50
inputs/xsec/xsec_h2o.dat,442367,c6d2f8513149effb929339424d64abcee7a86f06ccb88c6d233edffda0b5e2a1
inputs/xsec/xsec_no2.dat,442517,b04f52335bef37905201bf236edabc7d3f32895d314c6b5ba5c8ebc07e694a47
inputs/xsec/xsec_o2.dat,442316,aa94812bd061f04649a8d592b42aa5438ce604190cbebeb0f423c2f9c51267d6
inputs/xsec/xsec_o3.dat,442358,39c33805a2f7fcb50a785c001caf7775253fa3819060b38145b47c0ec3b98d2d
patches/OCRT_STAGE2_COUPLING_CLAMP_TO_EAP_GENERATOR_PHYTO_DISABLED_20260726.patch,3360505,3c80b1cec6389ad9a4369e96ce7b26134643f142823c98a0ad6b1301bf9f1ad8
patches/OCRT_STAGE2_CUMULATIVE_UPDATE_THROUGH_DTP_UCLOSURE_20260724.patch,482030,29417b8b42d152b643593095d41a9cb94672416a56fa354e36a79a6c8d88b11e
patches/OCRT_STAGE2_CUMULATIVE_UPDATE_THROUGH_EAP_GENERATOR_PHYTO_DISABLED_20260726.patch,17332365,a1820c65e6ba63b0c09d20b9291faf461f608b172f5cadf692ff64191b0fc5c0
patches/OCRT_STAGE2_CUMULATIVE_UPDATE_THROUGH_INTERFACE_FIX123_20260724.patch,195741,ed7fc5b850c62edab1a765c3b58f496f3c6249b69b50c9426345a6fedcd495ef
patches/OCRT_STAGE2_CUMULATIVE_UPDATE_THROUGH_POLE_LIMIT_REPROBUILD_20260724.patch,1215304,3b98df0b8fe6c3f5e0e4473d47b190f4dcb054450eeea19c942ee0f74477c576
patches/OCRT_STAGE2_DTP_UCLOSURE_TO_POLE_LIMIT_REPROBUILD_20260724.patch,166823,454c06b7dd66059815d0ca55ed05c3e366be297617cc078df78733248492bb74
patches/OCRT_STAGE2_FIX123_TO_DTP_UCLOSURE_20260724.patch,71050,50044734ec043e95426ad1f5ffe32fbc1eadc79658776894baf44f8eb38d4b91
patches/OCRT_STAGE2_INTERFACE_FIX2_FIX3_DELTA_20260724.patch,14661,3379ee39300bde4ef19041e5ee4d1272c8774436abafc53f58ee48bc447a0a16
patches/OCRT_v1.2_PCHIP_PLUS_RT_TRANSMITTANCE_CORE_20260721.patch,65822,f88b121bcf47aa3693dd6398f732928726fda6844609bbdfb1cd28752d73d351
patches/OCRT_v1.2_RT_DERIVED_TRANSMITTANCE_OUTPUT_CORE_20260721.patch,50088,d70bd076dc7694470deca4743b1c1aa7399688e5a9ce683806727c5c1de5b5e5
patches/speed_2026-08-25/OCRT_SPEED_PATCH_S1S2_MERGED_EAP_QFOLD_2026-08-25.diff,15996,f5ab8dc7a2b2d87c7e7b473c0643997b17093b5257e7e7c1db844a224bfac1f1
patches/speed_2026-08-25/PATCH_PRECONDITION_SHA256.json,1123,6e42a485a2110e72b25c9fc7990c9ddd28140337255b06bd32b6917fcdaa45ab
scripts/benchmark_stage2_coupling_clamp_fix.py,3455,d74a73096194e397921ef2ce898be51c0ec26c5c1bffdc2519ede810773c8992
scripts/blend_mie_to_extdata.py,1570,bd3fb758ac31acf272375534919d6d65e651160ab63314b1ffdc02b379cdccb5
scripts/build_ccrr_chl_table.py,3762,4df69056a597dba5ae29d05903647ca0f60433cb325eec40957d6f83a5e7132a
scripts/build_eap_mie_writer.sh,385,d4eeb91d9c42199b4362c4aba88826bac9dde0ce9425875e6ddcfce9cb1a0b89
scripts/build_release_v1.1.sh,821,94891fcadd99401bd8eb9a7d3efa1addfa6a623dcee9a6278a6e4cefd472da19
scripts/build_release_v1.2.sh,821,6448a2f3871e3b0160a6094b1c6c0a6e1ff2b32b21d0941f655d25a5e15800a5
scripts/check_stage2_coupling_clamp_single_parity.py,2155,2e2340543c756f3aec3b2ad077469b080b2e73b9605025f54a76419f79f1c751
scripts/compare_csv_bitexact.py,2540,bb8cd05273a69aaa3546a7e3e5ca92010aadf11a3e93e305fc5fe38bdb5d8fb8
scripts/compare_item.py,3880,6c6f89972d17fdccacfca3ff2d6f9befe4656f07d0b659b1038909a5ffe6198e
scripts/generate_snf_aerosols.sh,598,42f4af7a123578c128989d2292f25f8d4dd379e86bbfdc3c61f6368144ccafb0
scripts/harness_validate.py,4577,f315dffa6912c3cf722873c03fc3c23be3530a032c450a1f8b36be0481ae17b1
scripts/harness_validate_v110.py,4604,1a3edc76b02cfdea80bcb3ec758859201ff3f5509c0f0f811056fcf7e068a861
scripts/make_verify_fig.py,5563,94a0102387ccf6d78f8aa10754795634d0845766e79ba2286bab27e2b9eeebf6
scripts/merge_continuum_xsec.py,10791,b9b783891610fb8b305aeaf527f2f97d286f281df78d7135b8b0320538330760
scripts/mie_to_osoaa_extdata.py,3048,b6fe917c7fcb044da68a5bc6bd23347a50dd20570a82778ab03fd05a04768365
scripts/nmu_converge.py,2315,590cd975a9f00da532b89fc112c5cd28174ce415afd1646276b69d48a6a93e47
scripts/nmu_worstcase_sweep.py,2986,38f36c427259e477a2d906ab301d5bdc8e36a8cb4a3b0539d32ed960776998da
scripts/ocrt_ac_lut.py,9696,20d210c3eaac9136cbf645c44dbda8860ac621c29690f213e222d04d3f91af67
scripts/ocrt_ac_lut_ORIGINAL_pre3flag.py,8875,168b4693720315db9be19d87691a265045d224a0d055195f6e43acf55fe441f4
scripts/ocrt_osoaa_consistency_harness.py,18743,d9ae9558ebfde139617d834c53d90f8718bd7aec4dd9970e3e784d41418db224
scripts/osoaa_adom_compare.py,6274,a69f65da3a564d43235d89608bd5f7168ceafb45a7985e60e73a793f1887a040
scripts/osoaa_aer_compare.py,4667,e44b323958f1fe51fe0f6f9e755792916ed9f4ff343207c26dacfb30bb11b341
scripts/osoaa_chl_compare.py,6737,b063a65977d98bb48eff99e56a1fc3d2ee485c6376f1877b43128ae8cd2eb978
scripts/osoaa_composite_compare.py,11029,9a0f3fb24af5984c91752d300653bc918a802d11eb9f521d2e4d5a89d127cc3e
scripts/osoaa_pureocean_compare.py,6144,ca48cc21486bdf518ff17b8901453892577e2ede2ef5b476c25ad8b163826a74
scripts/osoaa_ray_compare.py,4793,68445bab192da2c6df2c2f5239c0cfbf7b9c9303d973f1e7b2b949deb46a3803
scripts/osoaa_rayaer_compare.py,4802,6f193f93cd9ee0db01c5cc1873bdaf90fd790f477f6376dab577a764722f3495
scripts/osoaa_tsm_compare.py,6602,246a2a407da8a23f30b52ebaf140564c8a35ec983d25bc73a01b29f23beda3bc
scripts/plot_chl_diag.py,1835,b978f8fcf62c51946de8eb192aa6296581f0502508f1d644991dd0b9a16620b1
scripts/plot_fix_sky_edlu.py,4902,d6d56e27e4c1bcb13a07118fb4f427378d5a233fb453299974a838c5caa64c43
scripts/plot_item4_adom.py,4032,dbc4376e56715d74128484982444653e37b1661fe328319fb6984b61914793eb
scripts/prebuild_surface_cache.py,2874,cfe1e892c4136ffaebb206b84588c01e24c5964fa53b2c8b1ee9ae16d2ee7e20
scripts/regression_atmosphere_profile_us62.sh,1728,0d2eabc4e474872c0047c37cfa0b2af1c7a2dd8b82b18ebfb536262299be004c
scripts/regression_ext_bottom_mode_bounds.sh,758,1c8703f15c024c8b6827d76d5a7e0924981ce7906023b7151b363320c0ba908f
scripts/regression_immutable_cache_reuse.sh,1696,9a3a5eb9322255fcf7863150a419fc465856d9eced09af1261a99554ad3cc1c0
scripts/regression_iop_kd_fullgrid_csv.sh,4172,fc9726949d4b961ba0e7e6fb2be57eed6a5b0d9d13739a93bfe9ced6aaf03b5e
scripts/regression_lut_cache_performance.sh,1882,62cd6cd178585dcd51721b90f1d55ae24436da90f2d7a398ab6d042a3e84d9ce
scripts/regression_organic_nir.sh,1344,cc64ba7dbcd66aa25816ad4a1ee0dac5d2698035ad5cd35578b42d9e1590b4ac
scripts/regression_raa_convention.sh,1319,b80dae765a43005d8f246237dabf01102fc08bb3f4eb38e16acc8468fd336aeb
scripts/regression_rt_derived_transmittance_output.sh,6351,f2d90a40ee39ed11bc58f48e137d84f0e12b2ecd865592c6318ceaa37f3634d2
scripts/regression_tsm_phase_cache_v116.sh,2128,923a167611baca8f6d1dfb8648b223ef03766cdafa64b4272dd90682bbe35795
scripts/regression_value_kernel_native_lut.sh,1932,442806c0699fbf921b852248e15cadf6e3df72402a69ec52f6d5cf22fe323fb8
scripts/regression_water_intrefl_msign.sh,2256,0b1aec5d308ff18688ea85da426c3556c57637a750bce61191d06e90b2f10cc8
scripts/run_stage2_coupling_clamp_run72.py,4569,1c65b1c327ea9fd24cf396a014a01ca3d7d4f2e4cc2c6dbabbbb345929ccedf7
scripts/run_stage2_taw_operator_audit.sh,537,052007b27fbd599f835647b1bcef5604fab574515817fba12f74e32f5596c361
scripts/smoke_cli_ccrr_chl_v119.sh,4411,5c2f741e3da45a351784f2c75d2694747766a6ace4c88d260a882f3119192eae
scripts/smoke_cli_organic_chl.sh,9712,8959c53549773110a80bca3a809599e102fd8735bd5ec6d625affec5f3ebcb14
scripts/smoke_cli_simple_branch.sh,271,9d6089c1976ad11f37dea56782731773e9d148730d570dccb53c1fd738095237
scripts/smoke_cli_tsm_ahn.sh,4064,1f63413bac14c683a0c14efe576277861a4eb642b220e38dbafa8b25621ce20d
scripts/smoke_cli_water_branch_v118.sh,3520,2c3828140d35ea504b1430c5574cd8dcbdbe3f5c43f4e72854a702804c47c7a3
scripts/smoke_pssa_layer_warning.sh,1570,41933c95163f38feefab9fccbfb18943e4aa4dc448bb89d0a46c67402acb4682
scripts/smoke_pssa_numeric_fixes.sh,4624,a1cbe273e2bc7e9a3079205ce8265da7cc456f21b00aa968fdb567c0014fe381
scripts/smoke_radiometry_flux_split.sh,4721,e20aa7df29244f71e8cdb355746234e666fbb917499fc2bb20b82577fe83923e
scripts/smoke_snf_aerosols.sh,457,2ee622ea2b1dec5682469f97427297a329865d86f011f6ab543e8af157feb17f
scripts/test_aw_interp_workspace_sanitized.sh,562,571bce9c2c24fc066d540f78b69faf758d103797dc87f3db555ef02613d3c116
scripts/test_detritus_candidate_gate.sh,564,d9a2760246133b03aad3f330aec97239a13d2407a3d8b470e18b0e8c2a1d8b90
scripts/test_dtpsign_phase_diagnostic.sh,1383,230f44dbc43b95e8b618b6f525c5fbbcea4513242566f5c2cb56ed0c64f73718
scripts/test_eap_mie_phase.sh,389,3c70eee930f7d011d75770e8ba776f4a8277bc01794e2cd8301da7eb459528fd
scripts/test_no_legacy_narrow_mie.sh,318,7185becfa1b21fdf2b7a666cd2332b7577405f6f968e2eeb3a6dbfd8308c5d65
scripts/test_persistent_cache_row_independence.sh,4821,5947fd1525558c90e4c002e9e8ed26adbe1988c38ae0e00dceb70c661439da89
scripts/test_persistent_surface_cache.sh,2279,3f8a0d357fced4523987261316d31b5eab0df834335202ad1b4ddb353fe7981f
scripts/test_phase_wavelength_pchip.sh,1050,53462dc6774a9eefafacddfb6d577a914889c0a5b560765c3048d23cc0418abc
scripts/test_pssa_internal.sh,591,46b2c87a9476b904271a1b26952639ca94c1c5ea4d72598e6fb43fd85a18a2be
scripts/test_pure_water_z09_table.sh,306,92a0978a3b775890c7f71e8135ef22ac60b15309f3818b6ee830fc9bd7eb223c
scripts/test_release_build_reproducibility.sh,836,64903423d04ea31ba19907946a7281e8f0f1a6c6f384d2c28e77425e023a3070
scripts/test_sos_zero_col_skip.sh,349,42c225c447922f33d8b62a783df076717d04946b7d0f3282943bdfd6b20ddfb0
scripts/test_spectral_iop_330_1100.sh,544,bf8fafdb72d96ac3e7b17b7d828b4dd7307a298eb0d52bd91409dae3f3017fe3
scripts/test_stage2_coupling_clamp_fix.py,7085,b9bc7688581cebe5a3ccf3812f63f429ae521b80c423e145d3f287979769f295
scripts/test_stage2_coupling_clamp_fix.sh,192,0f0b1b114cf1776d24598117a7d7fa2e7012b7046bc82022bbe416e536fd12d9
scripts/test_stage2_coupling_clamp_single_parity.sh,1055,a05d89da90e4cace51c62c233dafcdbfd7dd2425333a3d4a78eac1ce37293351
scripts/test_stage2_diffuse_top_uclosure.sh,609,64b29984e87a581b948caffb6c341450ce6be8851377fb86dd13151b3875316f
scripts/test_stage2_eap_disabled.sh,4030,2cf30601f64e4a0724ab9a71cc7700fac425e2f017d2f4e897612d414f1ea236
scripts/test_stage2_eap_nonchl_byte_regression.py,2518,d45a6c624774c7a1e28ddaeb0667fe3cd7d10eaec7f2ae3c7691452b3609090e
scripts/test_stage2_interface_fix123.sh,1241,f66921f879795832344f8a5fa10062e00cb38e6d7a950a5c25c395f7d3063068
scripts/test_stage2_surface_pole_limit.sh,598,547a472fd935ea7b969cc662de3de7ecf2e224c79984538fc89011b4baddba6e
scripts/test_stage2_water_raa_fix.sh,557,59071b4513f603145b1e30db717eb667b574308b3ca85f0707ef6f38ec3d21ac
scripts/test_stage3b_direct_kernel.sh,353,582a599c28298c85ec576958758e7234ec8b30f87c360f635e6a0e418532184c
scripts/test_stage3c_active_mie_cache.sh,3204,ce5c7c2eb81b811639a59a43114b4e1c70293c24da738e77e712085d648d221c
scripts/test_stage3c_batch_row_independence.sh,3246,0acb69cb32e84f7e027eeb8b6366dbcdaf4431cf0e12f02fd09baf0d7ebae6eb
scripts/test_stage4_mie_truncation_parity.sh,2679,73a34af2d613198d9e3186f2bd3f980e9b4d9f9e2eb0c811ae44d498ea57334a
scripts/test_stage4_pressure0_allview.sh,2404,898105b82cb3dcd14317ea8040ad230571ada4126ef72070fb58c46f8aa94c6a
scripts/test_value_kernel_pol.sh,359,de2c18b1c0411bc724c04c60cf5e44d281f53a9b6dd545042d161b9e9cc636af
scripts/test_value_phase_truncation.sh,381,90aa8c8e3c7985e21f479cd1cedf1abf0164207ccdc107861f3fb9d68fad0dbe
scripts/verify_release_v1.1.sh,2675,8cd00c21ad9beae7b51e5b6447422801d2b688c0433ccdde764be438b05c30f4
src/generated/rt_eap_species_data.inc,766107,c94c611503c54526e6a938826cb1aba9afd002d6aeafa44a63b7a5bae19fee38
src/internal/rt_eap_coated_mie.c,13517,08814e8f4cfee1bdd424142e4a1025bb9f481e7298f347eb9a3e3ca78c549d79
src/internal/rt_eap_coated_mie.h,1392,16cfd75e5bbc7a94dfac27af80bbf5cdf541983d2e5987ad0d97387b69e710be
src/internal/rt_eap_species_catalog.c,1233,a0ddee27f450c6e26a199e2e598b9826811de11a4f9b3daf9b60ceeda4897d80
src/internal/rt_eap_species_catalog.h,1155,e5e5c31eb4e14e106648bc349f8cfa763f7c90b6fd673c06cb79254fe54e5789
src/main.c,213210,a322b95cde7978fdd87a0fb7ac6bccb7d6a8e228ad8f86f7fd254c861d28e40a
src/rt_absorption.c,24007,f050404cf46728115c638e598332d568a805ea2a4a825a17af52ef19a83bad47
src/rt_absorption.h,7068,511b3076579f57df36e1181d8207421673c255e911233c565f67fcb7cbd45996
src/rt_aerosol.c,50004,616c4cb4b8d6e2de06eedd59080d72cd3189364705d8cf5fcbef11cdfd7a4368
src/rt_aerosol.h,9312,a7d904e47ae3109112a182bf9a7e185c8ca5331cae27ad9cf94fc9a1e491c05f
src/rt_aerosol_runtime.c,14591,1088b2d3258ef3c56af135173bdac22ba0ba2d861b21a036904686e8dbc0abf0
src/rt_aerosol_runtime.h,2228,887b36c0f140f8d740dcbf9fd92b37a4a3dc058644e49e28c5dddb3772bf4954
src/rt_air_water.c,3255,ec654ed9bf2457997b1ac38408bd2e7b8a92f604402612f7f3f8f90d07b0f179
src/rt_air_water.h,5921,417d3ab2ef0d01e722648fffd5e87d486ab9630cb7a1b042d7cf073dd02fdf05
src/rt_air_water_coupling.c,41373,b04d459e4c232fba735f37ed6e5ea3e850531ea35f3f93eaeea32598d48290ae
src/rt_air_water_coupling.h,4691,f52265a52bafc0bfb51c03660e75139b22fb96a2192e96df0e1f20d04b95a082
src/rt_angle_grid.c,2255,a0684b7ce20e0dc92c3d83be46e1ecbe622c629b8553a4644633affca62fd7ee
src/rt_angle_grid.h,750,6b76467f9ca3dd1e5ac3fe5ead4fd8ad5bf60c32a50ed0295f83645b6386f55d
src/rt_angular_basis.c,16190,e0e9709e5709629f2ab05b683b3da0756831e1e6f91a3b3a49e2b9fa4412c614
src/rt_angular_basis.h,2753,bf3ab495486c4e180f1cf541f973e4a010f4a3ae3d0dd214b6ed1950805ef48a
src/rt_atm.c,22916,1e38e4df0553c9278da700534ea5246ae4527e835204d5347925f8c2b3f53e4f
src/rt_atm.h,4805,af424e25c371d85c097d174da07c1a87dba9d7196ee90be795186107f49e0a37
src/rt_eap_mie_phase.c,8458,1e3057d49d87e8dda64e3a2a717549373ea8dc06a8c5bfc551c2013b70787c6d
src/rt_eap_mie_phase.h,2883,034f25ac13766ee6575edb504068bc686f731482ef09fcecfa36d24433a34ada
src/rt_fourier.c,1046,742089ffd2115e8203d7df3bf217b604eeb04eb8da4d3bcf26bea7136d4956b7
src/rt_fourier.h,1445,c6f87bce1bbea8dc5dbfa6c41f144c4b160c1b3b591d71b40d4a93500336f32c
src/rt_io.c,24171,9fda8883296f0bacbb61a92d55c9b507c594dec7e2987ddead8401a8398ab956
src/rt_io.h,3191,cf5bfb033a522441a584fe89691d4ac3ae5b01927b2a4dc2327352a8ea02a36a
src/rt_iop_ahn_mineral.c,14335,eedb13b43910310aef4a7d10b81c97927f8004bf2ffe22103692518a9f2c9775
src/rt_iop_ahn_mineral.h,1360,04f0723d4166e99a1c4eb4dffca3d154aea1161d9bc01617d1b1bcb7067f08b4
src/rt_iop_organic.c,18343,845324f9f48cd2588ebda6ad8bb65b9c7b45e7c272630d9bafe504da4038eae9
src/rt_iop_organic.h,6465,fd2efc0b95e98789e950e8f3bb4dee18c4b50e1cdce88bf959103dcf6b4ccd04
src/rt_kernel.c,9121,22f68c1ac851938b0bf0f6d2db548bbfcdc88865ee832083beb2f8ae42aaef92
src/rt_kernel.h,3132,eda95593d1c84eb35f22247fb608971ad6821afd832975909977ba25b7869819
src/rt_layer_transport.c,9799,66a70a4598418ed66f8e4b53b24b150a0d3d93affa794b95c3cfbc098c806219
src/rt_molecular_phase.c,1075,f8217b45c40e08da3672aa8ed1cb9956152533d36357bde60178c682bf3c78d4
src/rt_molecular_phase.h,1056,f457f5aedd7d3a608810966b75428488b5d60a43534c57ad0fc1292878d76203
src/rt_molecular_profile.c,4250,aed2b9a5c48f411eed90a33d1d1042bfb0942411327c504f0c1b6e44a3751591
src/rt_molecular_profile.h,1765,df7704644e7d6c273bb3bfb074a963c7d0e1b662603b1347296d4c4c43ba4f40
src/rt_phase_fr631.c,4734,7a6ce115bafe0b0ecac1153ad7ef77dbbab915ebd3fcb363ea90e49af92285bc
src/rt_phase_fr631.h,2809,d7db971cc954e307a2cc2f00eca1a000a79b50c89823a8ba81afecff6c7f92d2
src/rt_phase_moments.c,3087,0e559d03d8e8ca3ab2a4c8860a20e9dc98e52561a2e6d3c34831cce509944261
src/rt_phase_moments.h,1475,d66fe071ef9d1573ba4b98220003a6237f17bcad6327cdb1d9f5b5adc7b79589
src/rt_primary_source.c,8040,f5fee209bbbd693eae35d34aa1a283105f6095368bf0681d92b6b9a44faa3a19
src/rt_pssa.c,8618,5e24ec0e8c07f6989e5a86a8a0cbe157e15155a598a1cac6884b8b2257b2accf
src/rt_pssa.h,6981,6a043977b25c11230a4ee50f37ae17a7dff79cb7f76f994a2601c4f4cbbe1587
src/rt_quadrature.c,2222,07daad8801d6889d50ea365a95c04f0f7612f3e06ba3d2e07db43d1497577b19
src/rt_quadrature.h,1098,af65d7720c2bffc626a201da9a4410b131c54c81b5552f4754962b583985c0ed
src/rt_raa_convention.h,4987,8ba6c78f5cba2ae9a745cb6f209af822f6fedbe5760df1d1e40c1b677efc9524
src/rt_rayleigh.c,14253,2653f0ef3958bda8f9bc7a386586cfdda51725ffa7bf6230cbb913279ced5a3e
src/rt_rayleigh.h,2830,5e3b61e5703272754192a2795c45b0cde1abbf179bf73ec0fc880917116b2afb
src/rt_solver.c,398832,038330b0c5cff7c3a34980f7c80d30eb84ba814a2eb6fa6ff197423ed1a62e20
src/rt_solver.h,31104,84148b38b6fd50cdc0a09dead01a1e7f6d2c6a2a758f48541735ac9d41bb16a7
src/rt_sos_operator.c,22381,afaee91d4c19aa25da5b5f54adfde0c892695fa01f132957cc94d3e850cfa028
src/rt_sos_operator.h,1536,6454db44965eb7defc40669225b198ae6092983f4bfe454f14923aea13692321
src/rt_spectral_contract.h,1090,0b210277e82f097676cfa8f21445cc46076c47a50c88e756e35c1b83e2edbe67
src/rt_surface_boundary.c,38025,d374cfaafb118b1f0a726773abb8253f3eddfa8fad1335691d3d6b6c72f5a6f3
src/rt_surface_boundary.h,3496,79e366b25ebf5c68600742b39a0a8dfc749f4cdb14af5abb52568e6cb51a931d
src/rt_types.h,46674,9ebb6759b9efd0406561eebe8391670221e7033110c5a380c1697374ed664c1d
src/rt_value_phase.c,36076,0bcbc70d290c917319268e14812660ebc81baa5b4227962889e5fa9c5d5f3fd4
src/rt_value_phase.h,6114,fdf4179099ed15813dd432307b11a0076dd017daf89e319361f49791d2f4646e
src/rt_water_iop.c,36160,b74b60e81ee7807ebf6390507ee90df132d397be6b08306b00f8e1fe459436c0
src/rt_water_iop.h,13232,2cdab882d030055f4579c4f525e9353c3f0ca6282f8dbaa9a97e55ad19eb2283
src/rt_water_rt.c,402802,1ebb588f8c787ac78265695d5c8f5be9a29a5748dffb0afc280205ce9c090bfd
src/rt_water_rt.h,21515,cb83b318593a7d30a056cabe2497015913c849d75495e476a305844f5fc67261
src/rt_windows_compat.h,1087,9a823949ff2c6f2129f8c661f3fc58f2218f935e22b4147fd0284e73167454bc
src/shared/cplx.h,1331,7b769ab285e9c51b0ecdc14b85aed1d1f8c50d493f8e70d200065aaed1a22413
src/shared/io_utils.c,1391,5af2ff27023e1fc377e16c634588707aad7d4d68917029535d9c933c67747e5f
src/shared/io_utils.h,891,d76633465f523cf8cd424e4d3bde9054499e6c3bf1dc311065ce3b36cd08e2f0
src/shared/mat3.h,5490,50971ac051f26c10c88e399e35910c041b41698953cddb73a8306e911c8541b5
src/shared/mie_io.c,20888,8563721c0ef127e3d9eb94401b4ac90068f5dcbdafe245c701abe12d3c5a69a5
src/shared/mie_io.h,6194,0a193b251621d6dc8f0fc267018ed5fab11a4ae3ec29e46fa61d4cccd062f9c9
src/shared/numerics.c,8080,7c73e2e75ca7a4ddfac6f924ba402fe7b18cd98570716a676c44cc30487a5219
src/shared/numerics.h,2067,1c753732bc89127e234066636f86c0432d77f43f8186eadd120bd4430c68df06
src/shared/surface.c,88620,7b2952389d23eaee8bda6843e332c39bf9802b271bdae2e6a1c6b9faa2b06b6e
src/shared/surface.h,15524,f2334bfee1c768dae4c717bdf53b303e64f5228f454f79bdebb6ed2784cb44eb
src/shared/surface_multibounce.c,8179,5bd889f005bfde003712df9582dbb36ee3454dde860e93c46e71cc2c3b74d05c
src/shared/surface_persistent_cache.c,19539,dd8368907ee89855caa11cf2a5864e5df901f59badfe8a0c66203b99e67cee98
src/shared/surface_persistent_cache.h,3392,d9f49e39b9db8f61a636192b373c92c2d5dcdcf6986c208fcc8c0749003a09bb
tests/dump_stage4_mie_truncation.c,2525,4ccc68c8d9a1e3a1d3cb61616c53ee0cad46fb1f478e50821ffba0862ea0b6d1
tests/test_angular_basis_single.c,2236,46907c9fe07f6ee4959d3991ce3a2a25dcbfefec1957e14de8dbe80ce340cbcc
tests/test_aw_interp_workspace.c,1439,ea352922132b8a956ebb58a31fced8a8541783ac23b47e85984bab1a40113b74
tests/test_detritus_candidate_gate.c,1279,2e181babf50bcb7cfd03ae2bc8c052287c37b3aa6ff4c622acb51bc8725c2a9e
tests/test_diffuse_top_primary_operator_closure.c,4830,71f0d3d51d1e5b723aead311b75f66c676244d9360fdb6a86514e0a0e5a5707b
tests/test_eap_mie_phase.c,2668,2ef210e11fcf27c11844551ddd606533afab76db5ad575f4cad6135f00303ee2
tests/test_ext_bottom_mode_bounds.c,3027,a97ec4bfe36e75b656970e6e0d5681ad3701a7d12bda8bc03ee64f7840810afb
tests/test_fr631_mie_reader.c,2097,4a4770ccc97b3272cc1f1890cc4ba866bfe59fb956a3acf036b8a301f257a12e
tests/test_molecular_profile_us62.c,2280,9eef9f50944728f43faeb3ff32ac895e0172f0416ef1ea7f456ad2da0f342863
tests/test_phase_wavelength_pchip.c,8512,50eaa80e3ab5bff23c3ab302f4c3131911bbc64fc5c8be8606d6fc836fbeaa93
tests/test_pssa_geometry.c,2852,584f3d5400673487530095f25dde27a72e04c9390f8229a164e7b930057b83e4
tests/test_pure_water_z09_table.c,2252,d10c5b66e8ba3ae55ac72683d601616b53a8eae3dceae0260115b999ddaf6f54
tests/test_raa_convention.c,3086,eaaf03282526179618f7c6cb80efcd72d8f6f2663f0feb909411ce1789252fbb
tests/test_sos_phase_cache_equivalence.c,5130,8852fc59eb090e8176bbb41a288d7ba0a8f1148beaba52df67abcb4ffe8049cb
tests/test_sos_zero_col_skip.c,3084,ac05f0d27aa5dfeee3f9f4282e5b7c6f4406973a3fbb7bd7fe1a32cb363c8e38
tests/test_spectral_iop_330_1100.c,3398,558ba4650a326b09ec66ca3685d75da0860e71b398e8764a6197e9d1f255582f
tests/test_stage3b_direct_kernel_dump.c,3563,53c916118f93ffdbeeca9a4d189593cbd3c645cc2caaf77f59a59d138ac2345a
tests/test_surface_aw_interface_conventions.c,5153,325c75a460ff1aaf1c060d4c97b0c5b6d1df6bace2beb35816795c1cd6af86db
tests/test_surface_pole_limit.c,5098,31111b0dc5e137e5e6a09eeea202f7f2393e04da7de8efcc5668cb6de536fac5
tests/test_twa_spin2_gate.c,1704,85e12bd5b6831df8b92f9a549e34c9f919817ff1003b98f71c8bdb0c5225a2fc
tests/test_value_kernel_pol.c,4468,6383d42bbc5a867eca70740b2e08d0afaac060c29362c41bed7e5cdfa147dd3c
tests/test_value_phase_truncation.c,3639,be17412fb3a55aa0f7260dcb41437577e3dedd4fb978d896ce20d3521f73fb5f
tests/test_water_raa_output_regression.py,7430,6878f131d34c6c48607f18193d3a4807591b1cf8274f8cba05ea30fe01272d4f
tools/eap_catalog_freeze.py,3371,69d1d4773e548c590fac111cf278f11a36cd298b25312fbbc054a9b9ca6cbd77
tools/eap_generate_all.sh,1559,3b58e933402c00cddd088a35f236dffbc0af88ac37c92e4f7a42790f708441f0
tools/eap_mie_writer.c,9758,39be41716d566fe8f9d5bb4bd33b671b8ab72021a7201f88787900283db39638
tools/generate_eap_species_catalog.py,4448,d57c0a1a3b603351216515d84aa56248a6a41421abd71bcc15600428dc4a6293
tools/pure_water_z09_reference/FIX_pure_water_table_z09_2026-07-27.md,8207,d6d7319bd42d28ae36382a3259a49e576cea942f3aca72e369723f08898327dd
tools/pure_water_z09_reference/convert_water_table.py,2004,ef6f5815ce78ae62c0721bd52afb6bacd99150997cdeee45f6fa165f0caf418c
tools/remap_legacy_tsm_ahn_fr631.py,12537,23d6223a315fb4f75308f52e25a6a3ddbf6c4197f96135b7204504eb05ace948
tools/snf_mie_generator/Makefile,195,62b26a8a70cb3aaa6419431d0b285ccb576c8d6d074e9eb62714625284cd4adf
tools/snf_mie_generator/README.md,1594,e228e030fb7c8a91b7f46a0b5520a750d527e65d2cbccb8486cc3cbc85cd5625
tools/snf_mie_generator/run_snf_smoke.py,5237,35e17b19ef03e6dec8a358cdd200a3c5d7317fe3731daad84e1b0bced56ec7d9
tools/snf_mie_generator/snf_mie_gen,26184,46680d8e90513d6802cf5723a11d6f56a64718e43ba1b8b58ccce0cd1dd26217
tools/snf_mie_generator/snf_mie_gen.c,14941,0c10c6f6ce5d7e8f14a5914dbab8f1fe13221ee0c37cf3a0c96fa34e142574ab
tools/snf_mie_generator/validate_snf_mie.py,9252,b948d06d682c9fe1dabfb57ac6e1d938e5451bed64e1b045ebbc7fca7f4a0748
tools/stage2_taw_operator_audit.py,13921,f75fd3484bc1ee25dc9cdddc9422d5eaec385260de71c472b57f42dbd71f9c25
tools/validate_underwater_handoff.py,6881,c9c7e57f16cf65527b6832b3360444f8167073fb0b6af933396138aff5890739
validation/STAGE3C_ACTIVE_PUREWATER_COMPARISON_2026-08-16.json,617,798b17a863bdac0db0c2738d8637c131a5848af633b4c032bd5d85fdcb821919
validation/STAGE3C_C_TEST_SUMMARY_2026-08-16.json,2470,28ce0d35949cc536d28aa1569b386b43b11110b8e95bffe2c3574d241c4d77aa
validation/STAGE3C_HISTORICAL_OSOAA_HANDOFF_INTEGRITY_2026-08-16.json,610,4f16c12156313400cb8d20323aae210615201cc026b8ec6bfdbd2e726fcdd544
validation/TSM_AHN_LEGACY_FR631_REMAP_VALIDATION.json,1363,c687db7be49b2b446589cde06cf6bda97ec7b78109b16740773aedb164393678
validation/VALIDATION_REFERENCE_POLICY_2026-07-28.md,964,eeaa69a724f6e7f0db811d60b610ec3784c1db6b9577cd3b3b65849a2a4d6146
validation/ahmad2010_paper_80_2026-07-19/generated_quality.csv,13477,e89885bd3074b739d3af2b59288fde85543af6d8882e564aa978ba7419230b85
validation/ahmad2010_paper_80_2026-07-19/generation_log.csv,26654,ad24dd68c43d8d990cd33de3e865c4bb51b945255ed8523cd6f21310c795b3a5
validation/ahmad2010_paper_80_2026-07-19/model_catalog.csv,26675,5582786fd1957b3587650aa03e56a2b96bf652508b373b0e421b690375ae19c4
validation/ahmad2010_paper_80_2026-07-19/model_list.txt,1840,8b2d96f2357e7a29e1abee1044ce6645a78a728721d4fad52aea1029c612e702
validation/ahmad2010_paper_80_2026-07-19/model_manifest.csv,18048,0ecdac73defcb7b0d07ded977cf4256735809721bb29c04115b3aefe2c3a5a49
validation/ahmad2010_paper_80_2026-07-19/validation_summary.json,811,d1d98d4ea7932a53dfdf97aec387b38e9aed6d0355ab3bb03861eab5fe6a0847
validation/eap_generation/EAP_17_SPECIES_CATALOG_20260726.csv,2220,f1d04a488599c308c2cf39a2df0d4cc9c7caae7db3eb783104430981abbd4f59
validation/eap_generation/EAP_17_SPECIES_SHA256_20260726.txt,3685,02a2e6102e4911cf7cec3c7753fd8529714098ec762f71d10b052f3ed1243b57
validation/eap_generation/EAP_CHL_ABSORPTION_ONLY_SINGLE_RUNTIME_SECONDS.txt,5,154f016703e9eebf9ea82022289ce9446ef65c20f008f98bc3b311ed0df70794
validation/eap_generation/EAP_CHL_ABSORPTION_ONLY_SINGLE_STDERR.txt,921,53ddf91b6dd8026543377cab6874b21caa8d262e6af1f08377b707be11f9402b
validation/eap_generation/EAP_CHL_ABSORPTION_ONLY_SINGLE_STDOUT.txt,2268,ff123dbfed4a57fb5333db68fd5542d7b1168afd34f987de5383b832c82d52a0
validation/eap_generation/EAP_GENERATION_DONE,20,3c9459774e23fb8b7ce27b93b95ccfbdc1d7c6951577fbc0ab8db5d0929b91e7
validation/eap_generation/EAP_GENERATION_TIMES.jsonl,2039,d069145f193adeef4084d940507bbec62e094d9bb0ef3f1bd9ee7b26caf80d0a
validation/eap_generation/EAP_INTEGRATION_CLAIM_AUDIT_20260726.csv,1227,1214cfbef66826dd4b675864080ca82eb8be5693bdee9c5daf7ef3c6aab4d68a
validation/eap_generation/EAP_INTEGRATION_RUNTIME_RAW_20260726.csv,1079,683f8e4be4ef72911b45a9b0cab0a70a86ebfbb9025b74ddbb46e16f0db6030f
validation/eap_generation/EAP_INTEGRATION_RUNTIME_SUMMARY_20260726.csv,393,3c412f3c808bb2d4e98ca487c40f3e6fcf4658880411120152c7af7922f7f2c5
validation/eap_generation/EAP_INTEGRATION_TEST_SUMMARY_20260726.txt,1967,95cd85492f10adcb0115a5f53aeea32163a9028e89dfb32dfd1a24c2a233c682
validation/eap_generation/EAP_WRITER_DETERMINISM_20260726.txt,341,d77b38f32160c4b1bf6589840da10c22462e6d95cf0f3264a5468294cde41683
validation/eap_generation/FINAL_RELEASE_BINARY_SHA256_20260726.txt,331,995ac836d56efa4ce081dc0258ff7d636b87b78c40f0f6458da3270af2d07339
validation/eap_generation/FINAL_RELEASE_BUILD.log,201,836053fdbf32bc6f4effc1e7dde6b79b1a6d77343f85f5d7c46a2cfdc6c93a66
validation/eap_generation/NONCHL_18CASE_BYTE_REGRESSION_20260726.csv,5870,831d813c2cd2b133c4ed06edde877a1aa79a1229dc21514e4d0090af21b04578
validation/eap_generation/test_logs/final_release_test_eap_mie_phase.log,71,51b50c2d6dad663ac50463e5a13ed43308dd6f6426d6f1a4be0af3862e62043e
validation/eap_generation/test_logs/final_release_test_stage2_eap_disabled.log,140,7356200f6180c65a3f04fb4d2f48da40792faa7a701252bcb347795194f27b60
validation/eap_generation/test_logs/regression_raa_convention.log,144,24b269a1c3cdeb6296d3e2ac39515a221d02b8de465e10ed404a73014f17adf6
validation/eap_generation/test_logs/test_eap_mie_phase.log,71,51b50c2d6dad663ac50463e5a13ed43308dd6f6426d6f1a4be0af3862e62043e
validation/eap_generation/test_logs/test_nonchl_byte.log,134,b0ca6c1c031538dfbfedc543829e681210e5a34479be5606cb0fa85e2bbb41e5
validation/eap_generation/test_logs/test_release_build_reproducibility.log,386,d9e8d58dc0138038b15a6c889c7b56873fae1311e122872cf3a5d90da739b6d4
validation/eap_generation/test_logs/test_stage2_coupling_clamp_fix.log,406,f86b40566b384d622432bf20f1c82d1cbc18b6fc9a0b0499065b8074290ee8fc
validation/eap_generation/test_logs/test_stage2_coupling_clamp_single_parity.log,973,07ad547a6d83b2703ef592f90caa169b71573372c16761838a15bcca98590321
validation/eap_generation/test_logs/test_stage2_diffuse_top_uclosure.log,137,6ad1be90c32c4927254823fadd785c2770f8cc26ab88b6f086db04c5cd253046
validation/eap_generation/test_logs/test_stage2_eap_disabled.log,140,7356200f6180c65a3f04fb4d2f48da40792faa7a701252bcb347795194f27b60
validation/eap_generation/test_logs/test_stage2_interface_fix123.log,142,29e3c9dbbb1fe70afde88976ace104a4e9802693f7cab83c6dd7ea877b2b3862
validation/eap_generation/test_logs/test_stage2_surface_pole_limit.log,971,1157defc557c0c29dafa7736f4a2634a1753dbabd071e2e2ec4df92e7ab20293
validation/eap_generation/test_logs/test_stage2_water_raa_fix.log,78,e0eb7168c1a071aa49538e9c0d5ae728378e2b1a1874277efa04717ff7c71eac
validation/integrated_aerosol_runtime_smoke.log,13550,ae833208fa26b13e243ce918e707cfa5e6ab2d304b673e9b3635f9e729b6af4c
validation/integrated_aerosol_structure_summary.json,524,467f48c70edc1141fbedab36c691f26bdfbc569e42a6dbc45ed559ded0063981
validation/integrated_regression_ext_bottom_mode_bounds.log,211,b925f63d217555eb3ee19750ce49f53fa94c405224c8e1dbe9e084ed5d174232
validation/persistent_surface_cache_2026-08-25/PACKAGE_STATUS.json,564,62932f46f906f2fef2ca0578e0aafe97df9a7abf641d0e07623f4759f8d38185
validation/persistent_surface_cache_2026-08-25/SCATTER_GALLERY_KO.md,731,2d5dca8d9761800d1ded2546c7747de11551ffd584f07c41558d292509b1f72c
validation/persistent_surface_cache_2026-08-25/cache_gate/GATE_RESULTS.txt,138,876c3a4e6a775733af41d5ea9e42ce1679043bebe60436ec26d91184c23ffd0e
validation/persistent_surface_cache_2026-08-25/cache_gate/batch.stderr,744,854312a18f2aaf6b30e7742dbd4aa3e336821264f4fb7275923f664ad17e3dfe
validation/persistent_surface_cache_2026-08-25/cache_gate/corrupt.stderr,1630,cb898c8dadb271c2f43b1eaa0261841f36d72b5c83b509ef915dac7cafbcf740
validation/persistent_surface_cache_2026-08-25/cache_gate/missing.stderr,1614,e7d6538a772555869e0c7a0b2f0b5a74a111cb4ba933a99fb180b9697361526f
validation/persistent_surface_cache_2026-08-25/figures/scatter_Rrs_I_cache_off_vs_required.pdf,24644,0cec5eb722e278594564dab17b79d191254a59ab6b56f26fca30f6ba766bc0cf
validation/persistent_surface_cache_2026-08-25/figures/scatter_Rrs_I_cache_off_vs_required.png,101583,c1d35e8219a54ef772609bb7bfacf366ad61ba0939a74eaf01a8e4021a2f67d4
validation/persistent_surface_cache_2026-08-25/figures/scatter_Rrs_Q_cache_off_vs_required.pdf,24620,015a9a592b16b545fc747b622e7cc28233f2be47b3b47d50e090e5a69caf4516
validation/persistent_surface_cache_2026-08-25/figures/scatter_Rrs_Q_cache_off_vs_required.png,106409,e46a8aad2f898d00df49ff736240bad6215e3d3299418e42ffde7c207554e0f3
validation/persistent_surface_cache_2026-08-25/figures/scatter_Rrs_U_cache_off_vs_required.pdf,23696,3605ff528744911cdaeeaa5aa0e8f3fa229c8672edae45783924976ca17b75f0
validation/persistent_surface_cache_2026-08-25/figures/scatter_Rrs_U_cache_off_vs_required.png,117205,be35f15bcb94c4f6e74e5a3d03f94a19ed9446afe477d2f5c1d64ea1bc7bf53b
validation/persistent_surface_cache_2026-08-25/figures/scatter_TOA_rho_I_cache_off_vs_required.pdf,25533,e99e5a4c274a93fb81ec1cbaa2d10c526212d124fc6b4f981936397399c2a901
validation/persistent_surface_cache_2026-08-25/figures/scatter_TOA_rho_I_cache_off_vs_required.png,107806,d3187b93b4ab45d25fdc93c2bf5184386982889ca7f8b688ebe57617281fb071
validation/persistent_surface_cache_2026-08-25/figures/scatter_TOA_rho_Q_cache_off_vs_required.pdf,25534,05c2b30773b44d70e43c84a31e305bc37b053c57b9015493edfb5a27c0920584
validation/persistent_surface_cache_2026-08-25/figures/scatter_TOA_rho_Q_cache_off_vs_required.png,109219,40d6bed2fe38dd1dfc59dc4a0edb37fd72243359414c7ee553d825970bbefbac
validation/persistent_surface_cache_2026-08-25/figures/scatter_TOA_rho_U_cache_off_vs_required.pdf,23480,ab4b3231a045173b9579af239549ddbb3f2dde7f504c89405d519cc2cc7d4563
validation/persistent_surface_cache_2026-08-25/figures/scatter_TOA_rho_U_cache_off_vs_required.png,109087,c8dac4c57df54b140629229858517039fcc992a17f0836e14b5b3d1d8bf8d37c
validation/persistent_surface_cache_2026-08-25/figures/scatter_rrs_I_cache_off_vs_required.pdf,24220,8d9f3388d4e1cbd542dccbfa24fc3aa12664ce84a0d0f287627c7bb92a61c362
validation/persistent_surface_cache_2026-08-25/figures/scatter_rrs_I_cache_off_vs_required.png,103237,d44f740df8487ddd7348e59618de17893d39b2d6e3f6100baa2c3bb63873f43f
validation/persistent_surface_cache_2026-08-25/figures/scatter_rrs_Q_cache_off_vs_required.pdf,24767,fe4d70143acb8e5fb02819866685d3da29346e8967665f5aa3ce1233fa52f25f
validation/persistent_surface_cache_2026-08-25/figures/scatter_rrs_Q_cache_off_vs_required.png,106048,c67a4e4e3580faa11caf16df6f7da7c781f1f1951567ef320b6947c2def259b2
validation/persistent_surface_cache_2026-08-25/figures/scatter_rrs_U_cache_off_vs_required.pdf,23769,e2ac660762d447f536b688460bea8928735469aa644e73e3c09bc988960150f9
validation/persistent_surface_cache_2026-08-25/figures/scatter_rrs_U_cache_off_vs_required.png,114915,689f8cac25b5493667750d400c7980bb8ae4330e103d5147cfd6e5577350dc98
validation/persistent_surface_cache_2026-08-25/logs/FINAL_BINARY_RECHECK.txt,174,56eef2c9162fccaf18e796b85ebecd946907b6551b3df3a012e721ae5787cf43
validation/persistent_surface_cache_2026-08-25/logs/cmake_build_all.log,3122,ac17324c5c92ca45935d75478e0838d6b85eb011b89b532bf66b417441c703a1
validation/persistent_surface_cache_2026-08-25/logs/ctest.log,520,c4d78017484e42853511a724aabfe2eaf774549c42cd435b07c6494d2cbee000
validation/persistent_surface_cache_2026-08-25/logs/eap_fail_loud.exitcode,2,53c234e5e8472b6ac51c1ae1cab3fe06fad053beb8ebfd8977b010655bfdd3c3
validation/persistent_surface_cache_2026-08-25/logs/eap_fail_loud.stderr,565,c1c1cc3b74c5a0dcf31b5f17c64a54323fda618b731c25b77557c0f690fa6c26
validation/persistent_surface_cache_2026-08-25/logs/final_binary_sha256.txt,165,4577a173eda9bd68cb9b30f05ebe0c09805f5077ab5286c0671bfcaffb88ed3d
validation/persistent_surface_cache_2026-08-25/logs/output_sha256.txt,1067,3481eef40d7534a415a3a6b0776b00ca4b21b6aad9893c13979d10e2bf4edea2
validation/persistent_surface_cache_2026-08-25/logs/test_persistent_cache_row_independence.log,216,748f44d56ed23a0c7e71ed3816822cd29b47446cef9a2afedb195eb6b4723f16
validation/persistent_surface_cache_2026-08-25/logs/test_persistent_surface_cache.log,112,733052cca97b03420783c1b2721e80326202af906ab59b9ff410a175472962d6
validation/persistent_surface_cache_2026-08-25/logs/twa_spin2_build.log,689,ee4182456eeb5a18c1e1cbd5cd9cb5c6dbd699fff452eb51dfcf896992186e92
validation/persistent_surface_cache_2026-08-25/logs/twa_spin2_off.log,689,ee4182456eeb5a18c1e1cbd5cd9cb5c6dbd699fff452eb51dfcf896992186e92
validation/persistent_surface_cache_2026-08-25/logs/twa_spin2_required.log,689,ee4182456eeb5a18c1e1cbd5cd9cb5c6dbd699fff452eb51dfcf896992186e92
validation/persistent_surface_cache_2026-08-25/metrics/CACHE_FILE_INVENTORY.csv,14598,7b4913e8d0480027b38a65ad3c38e530b97612c1d4eac358d50f52237b0b22b9
validation/persistent_surface_cache_2026-08-25/metrics/CACHE_OPERATOR_SUMMARY.csv,157,da2576510f106c1c4e6da94a4aae4e7632c8e4b675867f6e1e378b167cf03519
validation/persistent_surface_cache_2026-08-25/metrics/IQU_scatter_metrics.csv,1001,14ec98215ea536221d9739a3bde62203eec7517ae8d19ce4b74596240ec3c6ac
validation/persistent_surface_cache_2026-08-25/metrics/IQU_scatter_metrics.json,2775,17bf923f81342836932d0259883c67bdadffcea2369a29b51ffc2556a179422a
validation/persistent_surface_cache_2026-08-25/metrics/PERSISTENT_CACHE_TIMING_LINUX_DIAGNOSTIC.csv,218,f546da01cdc13b7ac5c22c920fc290d9fce795a14d095921da3455a413f1a2ff
validation/persistent_surface_cache_2026-08-25/metrics/all_numeric_columns_regression.csv,13263,55b1b4cfc086761301ed1852d5c8eb462739b3f64c15cfaa77b8c29806ab4927
validation/persistent_surface_cache_2026-08-25/outputs/pure_water_build.csv,303939,04f7b8b9fa8853cf1bd83d123393bfc7d14b0e6dcd6e2eca72a519efa3bda688
validation/persistent_surface_cache_2026-08-25/outputs/pure_water_off.csv,303939,04f7b8b9fa8853cf1bd83d123393bfc7d14b0e6dcd6e2eca72a519efa3bda688
validation/persistent_surface_cache_2026-08-25/outputs/pure_water_required.csv,303939,04f7b8b9fa8853cf1bd83d123393bfc7d14b0e6dcd6e2eca72a519efa3bda688
validation/persistent_surface_cache_2026-08-25/outputs/red_clay_tsm0p5_build.csv,304233,e2aa038073f9bf86d46b82243dab8b62856f89261053ab00df1c20bb0f7c7258
validation/persistent_surface_cache_2026-08-25/outputs/red_clay_tsm0p5_off.csv,304233,e2aa038073f9bf86d46b82243dab8b62856f89261053ab00df1c20bb0f7c7258
validation/persistent_surface_cache_2026-08-25/outputs/red_clay_tsm0p5_required.csv,304233,e2aa038073f9bf86d46b82243dab8b62856f89261053ab00df1c20bb0f7c7258
validation/persistent_surface_cache_2026-08-25/row_independence/ROW_INDEPENDENCE_VERDICT.json,279,b474a1b4e1cd9d3f7429aef4959d3b8e36985afec9f0e6a031a8bbdb30a5462b
validation/persistent_surface_cache_2026-08-25/row_independence/ROW_OUTPUT_SHA256.csv,1141,d467dc0bc3ef73767d74361d14c798f00f1eb395ca63bc9bac9d36733179c69f
validation/persistent_surface_cache_2026-08-25/row_independence/logs/openmp4.stderr,3645,3342760ccc34001bfdb264c3ad22e28d0c0f0c6790eddb11b4626d5fca5c952f
validation/persistent_surface_cache_2026-08-25/row_independence/openmp4/row1_443.csv,82324,f50d3a3498ae64ba71582cff775ae469763379db8f01b88a2456e65f8e18c2d8
validation/persistent_surface_cache_2026-08-25/row_independence/openmp4/row2_555.csv,82234,9d78753099913edb6290ebaccdcbe591bed1b71ca9bef7e5793b764dd53a0698
validation/persistent_surface_cache_2026-08-25/row_independence/openmp4/row3_660.csv,82244,7d4dfe2b34d2ff11239d3915c43f1276b8e6c1f7ea3e363e85ddd180c03a2d75
validation/persistent_surface_cache_2026-08-25/row_independence/openmp4/row4_443.csv,82324,f50d3a3498ae64ba71582cff775ae469763379db8f01b88a2456e65f8e18c2d8
validation/persistent_surface_cache_2026-08-25/row_independence/process4/row1_443.csv,82324,f50d3a3498ae64ba71582cff775ae469763379db8f01b88a2456e65f8e18c2d8
validation/persistent_surface_cache_2026-08-25/row_independence/process4/row2_555.csv,82234,9d78753099913edb6290ebaccdcbe591bed1b71ca9bef7e5793b764dd53a0698
validation/persistent_surface_cache_2026-08-25/row_independence/process4/row3_660.csv,82244,7d4dfe2b34d2ff11239d3915c43f1276b8e6c1f7ea3e363e85ddd180c03a2d75
validation/persistent_surface_cache_2026-08-25/row_independence/process4/row4_443.csv,82324,f50d3a3498ae64ba71582cff775ae469763379db8f01b88a2456e65f8e18c2d8
validation/persistent_surface_cache_2026-08-25/row_independence/process_timeline.json,849,d350a2de2656bf1fc4e5c1baab0af85888d05a66b2e2b743987ba58140124858
validation/persistent_surface_cache_2026-08-25/row_independence/serial/row1_443.csv,82324,f50d3a3498ae64ba71582cff775ae469763379db8f01b88a2456e65f8e18c2d8
validation/persistent_surface_cache_2026-08-25/row_independence/serial/row2_555.csv,82234,9d78753099913edb6290ebaccdcbe591bed1b71ca9bef7e5793b764dd53a0698
validation/persistent_surface_cache_2026-08-25/row_independence/serial/row3_660.csv,82244,7d4dfe2b34d2ff11239d3915c43f1276b8e6c1f7ea3e363e85ddd180c03a2d75
validation/persistent_surface_cache_2026-08-25/row_independence/serial/row4_443.csv,82324,f50d3a3498ae64ba71582cff775ae469763379db8f01b88a2456e65f8e18c2d8
validation/persistent_surface_cache_2026-08-25/source/persistent_cache_off_build_required_paired_source.csv,397104,d6f7a7136491fe40f5af57a7d4b55e1025966be017ab1cd2381377f255af7803
validation/platform_neutral_final_2026-08-26/README_KO.md,710,b901487e7b11fe0fe4ea28dfda32a44a75d14346fd2d7cbc5166a500db97bb7c
validation/platform_neutral_final_2026-08-26/figures/scatter_Rrs_I_previous_vs_platform_neutral_final.pdf,19446,a996a1eaf14610a6708a9e4cc8c6c605bf9dd257a5feed7194953549ffb8d90c
validation/platform_neutral_final_2026-08-26/figures/scatter_Rrs_I_previous_vs_platform_neutral_final.png,102063,229f2da34a76663f428c342a306ceddaea9600c034ca1bb111892b3b4bd07d71
validation/platform_neutral_final_2026-08-26/figures/scatter_Rrs_Q_previous_vs_platform_neutral_final.pdf,20203,d882912226c71a13d30bda00df0d9a30ca442642e9cad827b44b961bfa44aae8
validation/platform_neutral_final_2026-08-26/figures/scatter_Rrs_Q_previous_vs_platform_neutral_final.png,109943,45a21060b57c164cceea356dc4cf83feb6f5c718b09d862e3f716a0dde0ab8a6
validation/platform_neutral_final_2026-08-26/figures/scatter_Rrs_U_previous_vs_platform_neutral_final.pdf,19203,be82d552eb8f70f72b3450e29eaf0722e42a72474a51eb4eda4dd20f0f1555fd
validation/platform_neutral_final_2026-08-26/figures/scatter_Rrs_U_previous_vs_platform_neutral_final.png,122169,2cf34e3c6256dda486426a4799765acb7b984d49c05f03c46757a9a401f166eb
validation/platform_neutral_final_2026-08-26/logs/NUMERIC_BYTE_REGRESSION_STATUS.txt,5,c26de83abdc9496cd1301470918ec39ecca1cf389ef0ae1c6504da1800d1c431
validation/platform_neutral_final_2026-08-26/logs/eap_eap_diatoms_pennate.stderr,567,985f1a2e566861b106b73481f99a4582e9ef16f9c1e88da2042ee05155fcfc1c
validation/platform_neutral_final_2026-08-26/logs/eap_eap_synechococcus.stderr,565,c1c1cc3b74c5a0dcf31b5f17c64a54323fda618b731c25b77557c0f690fa6c26
validation/platform_neutral_final_2026-08-26/logs/eap_fail_loud_final.log,59,f6260d8f90ce94c97747755160ce8cff9cbfefd4d2ecfbb4be5cb381dbfc4530
validation/platform_neutral_final_2026-08-26/logs/eap_micro.stderr,553,e16b7ba896761c475c07c4db17153ec9a6673cf5f00b371125fdac2ae7634326
validation/platform_neutral_final_2026-08-26/logs/new_pure_build.stderr,3037,a9a609d97894ef83219ece4ba05d76dabb3a1b156518bee183c67b688a049e52
validation/platform_neutral_final_2026-08-26/logs/new_pure_build.stdout,0,e3b0c44298fc1c149afbf4c8996fb92427ae41e4649b934ca495991b7852b855
validation/platform_neutral_final_2026-08-26/logs/new_pure_off.stderr,3033,351142b25f0ddeb25c552f6e37babf681946d5dc9f111dff0456cf32f1fe4310
validation/platform_neutral_final_2026-08-26/logs/new_pure_off.stdout,0,e3b0c44298fc1c149afbf4c8996fb92427ae41e4649b934ca495991b7852b855
validation/platform_neutral_final_2026-08-26/logs/new_pure_required.stderr,3043,da6a779c0c5e4dab86b3aed56324810a9ffd01619e183740352bbdfd7221522f
validation/platform_neutral_final_2026-08-26/logs/new_pure_required.stdout,0,e3b0c44298fc1c149afbf4c8996fb92427ae41e4649b934ca495991b7852b855
validation/platform_neutral_final_2026-08-26/logs/new_red_build.stderr,3080,db58b6d8c288baab1cbe2132656ef4a791eff22d2409f5376a37a8b22eb09692
validation/platform_neutral_final_2026-08-26/logs/new_red_build.stdout,0,e3b0c44298fc1c149afbf4c8996fb92427ae41e4649b934ca495991b7852b855
validation/platform_neutral_final_2026-08-26/logs/new_red_off.stderr,3076,f4d2a6b136b0305a70629b8f64c77f7be21eb594eae3b6061300addf457b2462
validation/platform_neutral_final_2026-08-26/logs/new_red_off.stdout,0,e3b0c44298fc1c149afbf4c8996fb92427ae41e4649b934ca495991b7852b855
validation/platform_neutral_final_2026-08-26/logs/new_red_required.stderr,3086,51c0cee3385d9e7d8d9642b4280cec7373c0762c6a1867a6c7c2ff7fe37b82e1
validation/platform_neutral_final_2026-08-26/logs/new_red_required.stdout,0,e3b0c44298fc1c149afbf4c8996fb92427ae41e4649b934ca495991b7852b855
validation/platform_neutral_final_2026-08-26/logs/old_pure_required.stderr,3043,2264667798d1c85fe4df841a0d1ca5a2f6a64d8a90aa614fad698527ccfd176f
validation/platform_neutral_final_2026-08-26/logs/old_pure_required.stdout,0,e3b0c44298fc1c149afbf4c8996fb92427ae41e4649b934ca495991b7852b855
validation/platform_neutral_final_2026-08-26/logs/old_red_required.stderr,3086,533ee35607de1d1474a536929104544c69b4c1025395f271929839e4b262eba4
validation/platform_neutral_final_2026-08-26/logs/old_red_required.stdout,0,e3b0c44298fc1c149afbf4c8996fb92427ae41e4649b934ca495991b7852b855
validation/platform_neutral_final_2026-08-26/logs/platform_neutral_cmake_build.log,3122,62d0e2354e05832efca93aadad602aeb8eb6d5f04ab754db6095f31a92df22b3
validation/platform_neutral_final_2026-08-26/logs/platform_neutral_cmake_configure.log,376,ad5f4c2faf33a22e676ce206c50ab529abd4a23b89e162965344b40b218b031a
validation/platform_neutral_final_2026-08-26/logs/platform_neutral_ctest.log,412,8e0a5357159062cb3f031a0c72ac19ee81cf5f4e778079bc1f6e9f0296700ea1
validation/platform_neutral_final_2026-08-26/logs/platform_neutral_pcache_test.log,112,733052cca97b03420783c1b2721e80326202af906ab59b9ff410a175472962d6
validation/platform_neutral_final_2026-08-26/logs/platform_neutral_row_independence_test.log,216,748f44d56ed23a0c7e71ed3816822cd29b47446cef9a2afedb195eb6b4723f16
validation/platform_neutral_final_2026-08-26/metrics/CACHE_FORMAT_PARITY.json,884,c39e9452086c6b422ad723e397ee813556e1b5f2339d22c0b8feafbb9ae6628b
validation/platform_neutral_final_2026-08-26/metrics/DEPRECATED_NATIVE_WINDOWS_ARTIFACTS.csv,470,49568437cebb0cbad8ed5aecdcef2d7e617bfb40263bb5abf990b3185f007e88
validation/platform_neutral_final_2026-08-26/metrics/ROLLBACK_STATUS.json,445,c588961ed53dba7c89deb5b80965da23374c2af5782c6b73c4684aa013aa14b5
validation/platform_neutral_final_2026-08-26/metrics/Rrs_IQU_old_vs_final_metrics.csv,179,7209db2ae0ae7b6dbab8985762174b7751941f2b023d67572ebd4d525e5aa3bb
validation/platform_neutral_final_2026-08-26/metrics/Rrs_IQU_old_vs_final_metrics.json,576,f59488b897011750b8050a39d5ec937c11a6635a4df08c658ad7f76fead8a69b
validation/platform_neutral_final_2026-08-26/metrics/SOURCE_PLATFORM_DEPENDENCY_AUDIT.csv,992,707d8a1034535a88bc9507fef9d3a592a0f7549a03fa1aaf039be20d0d517343
validation/platform_neutral_final_2026-08-26/metrics/all_numeric_columns_old_vs_final.csv,4333,9480280eecaf031ceaa67246c917d372201d2f6da57ed92af3443c5d0d7300c3
validation/platform_neutral_final_2026-08-26/patches/surface_persistent_cache_header_platform_neutral.diff,1644,8cb2d174e5d20533b6fa4287645903dcd4131e0e99cd22bcb2104fffb59a006e
validation/platform_neutral_final_2026-08-26/patches/surface_persistent_cache_platform_neutral.diff,5236,6a849c22e3cc0e4080e3a5aefc260bd310c04551bf4db5695fcc08597258a413
validation/platform_neutral_final_2026-08-26/source/platform_neutral_old_vs_final_Rrs_IQU_624rows.csv,91845,24013603aed55d8f72327a64e821ba1a1d14e91c1753e6fe998d95cfe8f00007
validation/pssa_asan_atmosphere.log,477,ac94c462e2728d4a61e4339176d3693652d299e5ed7988d6f2bfbee8321c1adf
validation/pssa_asan_ocean.log,1040,0be98ea40feebb6ff113b7c3c2d197d007b37c2a853d59a6340435baa56ae746
validation/pssa_core_smokes.log,1592,a6e95fa7a9843249fd66767928fd10a345c3c64ae09e5c3e97694fe6ee67c1fb
validation/pssa_layer_sensitivity_us62.txt,91,f3fd265b3ed04acaa82d2c4458ac56b6d1f5ad587d11fda5b32bf080b8eb32de
validation/pssa_layer_warning/asan_build.stderr,0,e3b0c44298fc1c149afbf4c8996fb92427ae41e4649b934ca495991b7852b855
validation/pssa_layer_warning/asan_ocean.stderr,1350,20ed94a6c5c62b7b3ed3fb44377abc46f37274a754e0dec52939c49e2069741f
validation/pssa_layer_warning/asan_ocean.stdout,2152,49b701a34e8360f06ca4ad0726b4fc3b3365ef1bdfb1d645402798b5a6a7681f
validation/pssa_layer_warning/asan_sza85.stderr,803,23ea0373f6a54b5c572499baa9d9708570cfb5c86f52f68e85fe486e3a718032
validation/pssa_layer_warning/asan_sza85.stdout,686,ffc941afe58d76c84df84f473b0c8f82d44666c1070b39c0923042b34f3e3cb1
validation/pssa_layer_warning/ccrr_chl.log,302,c73e20306bab03e60ea7d3b459b91754a41e5dbc0b6dcbfd5ef4ba241a77cc22
validation/pssa_layer_warning/organic_chl.log,486,3146aab8d091289bc0d0e5c8794c9402fe88a7eed4b5699ac1a76bf459198bd4
validation/pssa_layer_warning/performance_ocean_warning_check.json,357,9048eb721da60d2d6723b60bdda2ade5fd391e403308cbd3b3bb576991c94aa2
validation/pssa_layer_warning/performance_warning_check.json,501,04d30708869e2be4b49524ff4b0b2e4098d7e3a9a2897bdc686d2a6eee83c42a
validation/pssa_layer_warning/pssa_layer_warning.log,24,3066aa3caf8dc754d917d9045c0990b78aca2dbbdb7f4e5a2cb6817b24e57787
validation/pssa_layer_warning/radiometry_split.log,54,357f97a6855ee97ada9be5db392407301cdf3df7e94c827fde41ec63425a8bc0
validation/pssa_layer_warning/regression_us62.log,236,2cbba457b966b92c264cd3f6c69ee408e5860daef0719c9e285f69f9d3d11cde
validation/pssa_layer_warning/tsm_ahn.log,294,5791017ed2b00b9e40c7a56b6aa5c814f02217c14e1f9885b22c83a40de401cb
validation/pssa_layer_warning/water_branch.log,350,8796e9f0aaa9cfff770f47c49e14c85562603a2ab3f07f08cfd8e41adc31ed36
validation/pssa_numeric_fixes_2026-07-19/PSSA_CORRECTION_BEFORE_AFTER_2026-07-19.csv,1271,ebb632854a8153c4bc341a3e975631efb0257cb057dc2362a26b42876121559a
validation/pssa_numeric_fixes_2026-07-19/PSSA_NUMERIC_FIXES_AEROSOL_MATRIX_2026-07-19.csv,6472,ef713f930a65df8c5c445148b1bafacb3ce1f3cef7b69b35432eb68f698218df
validation/pssa_numeric_fixes_2026-07-19/PSSA_NUMERIC_FIXES_AEROSOL_SUMMARY_2026-07-19.json,4725,91a15af5f0c88bf2b3f0c0e4fa9145d4a6024eaf16ea3a1155a62e1a501d89c0
validation/pssa_numeric_fixes_2026-07-19/PSSA_NUMERIC_FIXES_CONTROL_CHECKS_2026-07-19.json,1055,7c39036abc7064c6f86f9953a55bef7d4504f59dd35fbffc8470a49b805c5f77
validation/pssa_numeric_fixes_2026-07-19/PSSA_NUMERIC_FIXES_GAS_ONLY_OCEAN_MATRIX_2026-07-19.csv,13630,5eb859ee5164fe4926ac4503da7d67aca44a1f8ff17eb21a4991c64f9103d292
validation/pssa_numeric_fixes_2026-07-19/PSSA_NUMERIC_FIXES_GAS_ONLY_SUMMARY_2026-07-19.json,3964,9d01350bbee7f8dd362cc78571baccabe347f79a11f7e7f4bf4cc4656a983cb5
validation/pssa_numeric_fixes_2026-07-19/PSSA_NUMERIC_FIXES_PERFORMANCE_2026-07-19.json,906,f0ddacc6af270b08518e0a613fcc6f01f5f381400d571f4387bf88844af5c464
validation/pssa_numeric_fixes_2026-07-19/PSSA_NUMERIC_FIXES_PP_FLAT_MATRIX_2026-07-19.csv,9472,dc630efa9620ddd3de939c4a4c66a3b162c82b024eca0ff89f3252576df97f94
validation/pssa_numeric_fixes_2026-07-19/PSSA_NUMERIC_FIXES_PP_FLAT_SUMMARY_2026-07-19.json,3092,2c7506b444c560ba83d52f948d9d4b7593583c3f0965f4a60dff50a1f8ec0b27
validation/pssa_numeric_fixes_2026-07-19/PSSA_NUMERIC_FIXES_RAYLEIGH_MATRIX_2026-07-19.csv,40725,a126c39e907c669798544b5d8b7cceb36365452c1958ba4ebed6bbae2995a37b
validation/pssa_numeric_fixes_2026-07-19/PSSA_NUMERIC_FIXES_RAYLEIGH_SUMMARY_2026-07-19.json,6676,fb6c016312ae217b6275a5b0c4f8a5eee667ccca29632f854b65f9ae49d2b9c7
validation/pssa_numeric_fixes_2026-07-19/PSSA_NUMERIC_FIXES_ROBUST_SUMMARY_2026-07-19.json,50026,9c75f6839644ecfdf2b9e7488507fc347a558b463a336619be6a4c6299987489
validation/pssa_numeric_fixes_2026-07-19/README.md,2407,2fcf03e05e35d10e3dd6a4e7feb84fe688cd89a0eb8a16daa3e46896e92d6edb
validation/pssa_numeric_fixes_2026-07-19/final_build.log,143,fbdcec9724579804786f9850d6ee5e0c2d2a72ce9392fa92d7a39243bc01f0fa
validation/pssa_numeric_fixes_2026-07-19/final_logs/ASAN_UBSAN_SUMMARY.txt,680,3b94463c2e8e985be59d564b500f8ee042761fdf511040e673d3f02e4cccc284
validation/pssa_numeric_fixes_2026-07-19/final_logs/asan_aerosol_flat_pssa.err,477,e9784bb5bf52eda20412ffdf31392dbf023b2e46c950609ba1fb4ef0db8f2860
validation/pssa_numeric_fixes_2026-07-19/final_logs/asan_aerosol_flat_pssa.out,686,d8eb7e01c841dd17b545367605a18528c78fdc567e3a58e778b4c9a131a85201
validation/pssa_numeric_fixes_2026-07-19/final_logs/asan_build.err,0,e3b0c44298fc1c149afbf4c8996fb92427ae41e4649b934ca495991b7852b855
validation/pssa_numeric_fixes_2026-07-19/final_logs/asan_build.out,0,e3b0c44298fc1c149afbf4c8996fb92427ae41e4649b934ca495991b7852b855
validation/pssa_numeric_fixes_2026-07-19/final_logs/asan_gas_only_ocean.err,822,bbf2c6664b6ff726a39df4bc8ca70810f01d558e1e9a049a92c1adf8f2663e29
validation/pssa_numeric_fixes_2026-07-19/final_logs/asan_gas_only_ocean.out,2155,5264b16b510dc9e30c7bbe54db120b579902c363f96b52845f760739824481e1
validation/pssa_numeric_fixes_2026-07-19/final_logs/asan_ocean_chl_tsm_fast.err,1535,88bf4717333ac54cf5efaa2fe4fabd127eb2fd0df9e9736fddd431487a67b0cf
validation/pssa_numeric_fixes_2026-07-19/final_logs/asan_ocean_chl_tsm_fast.out,2152,7cd714d32aeb5e693def869bb7d04fd3cf7f0e0638518daa880a80cac042875f
validation/pssa_numeric_fixes_2026-07-19/final_logs/asan_rayleigh_flat_pssa.err,477,ac94c462e2728d4a61e4339176d3693652d299e5ed7988d6f2bfbee8321c1adf
validation/pssa_numeric_fixes_2026-07-19/final_logs/asan_rayleigh_flat_pssa.out,686,a1cf3a39b9913c7329c390c083ce3c05444e40631311b0182853e1162241c7e5
validation/pssa_numeric_fixes_2026-07-19/final_logs/ccrr_chl.log,344,2be7699843643555e159efd9d494b21c0cec5b9910c32be5aaaf0a46d3f76b93
validation/pssa_numeric_fixes_2026-07-19/final_logs/organic_chl.log,528,0967a433f1c21361141c7278ac279d5b378bb6aba7875e49eb8a8bbf64921aad
validation/pssa_numeric_fixes_2026-07-19/final_logs/rebuild.log,159,05f7982e8c613e3a3fa071da2d7cc4b4559d2e90f9eee2772ce9c2bc65cba4c1
validation/pssa_numeric_fixes_2026-07-19/final_logs/smoke_pssa_layer_warning.log,24,3066aa3caf8dc754d917d9045c0990b78aca2dbbdb7f4e5a2cb6817b24e57787
validation/pssa_numeric_fixes_2026-07-19/final_logs/smoke_pssa_numeric_fixes.log,33,fc2342abb9629d138eda3d2ed0175e75eb1d67210a406e994fb899316e4275a1
validation/pssa_numeric_fixes_2026-07-19/final_logs/smoke_radiometry_flux_split.log,54,357f97a6855ee97ada9be5db392407301cdf3df7e94c827fde41ec63425a8bc0
validation/pssa_numeric_fixes_2026-07-19/final_logs/test_pssa_internal.log,232,be1916fa3df7e8ab09d20c14208087fcc1e3dba9f02be4cc34d4f35b7a06138b
validation/pssa_numeric_fixes_2026-07-19/final_logs/tsm_ahn.log,336,ee84364f7cc4b6ec34ba417c4c88562f5a04fc0c14cbab19bae8d7f919c47e86
validation/pssa_numeric_fixes_2026-07-19/final_logs/tsm_phase_cache.log,236,87c365cf53aaf056e8f35c6977a92c3b635fc1d55e15f4af800c6f89258b9197
validation/pssa_numeric_fixes_2026-07-19/final_logs/us62_regression.log,236,2cbba457b966b92c264cd3f6c69ee408e5860daef0719c9e285f69f9d3d11cde
validation/pssa_numeric_fixes_2026-07-19/final_logs/water_branch.log,392,78553065bd2063e956e51d8c0fe7ef7faa19c204ac924956c1ec8a3bf712d55c
validation/pssa_numeric_fixes_2026-07-19/ocrt_baseline,646592,db3eba472d4fd63e94268d0a649c958181590ed734e36dbc1e48801ba6dc8a95
validation/pssa_ocean_delta.txt,589,c4634e1db3faa7b5d9e7413ef2b79bd188e0d84f7755f5e9fe2d0051b06ea1e1
validation/pssa_ocean_pp.txt,844,537455de4c475bbec0a5ea60187e51a729a17c34ff48a2f66c4aa8f899c45ff0
validation/pssa_ocean_sa.txt,844,4dfa11eab9b6d1c3b1abe48bfbd89f4537a7d0fc22e1c4c3e9849e979792963f
validation/pssa_regression_atmosphere_profile_us62.log,236,2cbba457b966b92c264cd3f6c69ee408e5860daef0719c9e285f69f9d3d11cde
validation/pssa_regression_atmosphere_profile_us62.sh.log,110,aa934bcc04b0759fd29781f72b8afdd55a757000c2dd5d6a1c3fa9f486a45187
validation/raa_convention/raa0.stderr,477,66df8755f13d649c7069fa687281188b5e88704e64c936a9ea6e4e1501b5b534
validation/raa_convention/raa0.stdout,756,95a37982893c638d0f89a457a950de1953c11f414d72b0fa139b67c8dc85fcf2
validation/raa_convention/raa180.stderr,477,66df8755f13d649c7069fa687281188b5e88704e64c936a9ea6e4e1501b5b534
validation/raa_convention/raa180.stdout,759,3147e2527d22bc95fbbfcc8613a359697e58acac32262a98ffec184232c7fbae
validation/raa_convention/raa90.stderr,477,66df8755f13d649c7069fa687281188b5e88704e64c936a9ea6e4e1501b5b534
validation/raa_convention/raa90.stdout,756,c7d66ade0f0b368b62c4626bbd16e98911041330b691a050b7075bb8f28564d7
validation/raa_convention_audit/raa0.stdout,756,95a37982893c638d0f89a457a950de1953c11f414d72b0fa139b67c8dc85fcf2
validation/raa_convention_audit/raa180.stdout,759,3147e2527d22bc95fbbfcc8613a359697e58acac32262a98ffec184232c7fbae
validation/raa_convention_audit/raa90.stdout,756,c7d66ade0f0b368b62c4626bbd16e98911041330b691a050b7075bb8f28564d7
validation/raa_convention_audit/regression_water_intrefl_msign.log,61,d25a75823bf68f2f4f341e2b63e056e702c001fc322ea4ff4b561d2f8e226f99
validation/radiometry_flux_split/atmosphere_us62.log,236,2cbba457b966b92c264cd3f6c69ee408e5860daef0719c9e285f69f9d3d11cde
validation/radiometry_flux_split/ccrr_chl.log,302,c73e20306bab03e60ea7d3b459b91754a41e5dbc0b6dcbfd5ef4ba241a77cc22
validation/radiometry_flux_split/organic_chl.log,486,3146aab8d091289bc0d0e5c8794c9402fe88a7eed4b5699ac1a76bf459198bd4
validation/radiometry_flux_split/tsm_ahn.log,294,5791017ed2b00b9e40c7a56b6aa5c814f02217c14e1f9885b22c83a40de401cb
validation/radiometry_flux_split/water_branch.log,350,8796e9f0aaa9cfff770f47c49e14c85562603a2ab3f07f08cfd8e41adc31ed36
validation/rt_derived_transmittance_output_fix_2026-07-21/UPSTREAM_validation_summary.json,407,a716dfc29edb74063d696df27d6f3c2eaec0cbb22335c6f9b8d6ed072a4f8c93
validation/rt_derived_transmittance_output_fix_2026-07-21/before_after_representative.csv,751,a45219fce1df500b06fa07240d1ccdccc9adb817f462a82f5f167b9c228d60d0
validation/rt_derived_transmittance_output_fix_2026-07-21/issue_manifest.json,941,0dcf0fae82d98f0d982b13336f2d22386c27dc6e7b185483240a60bda67bd75d
validation/rt_derived_transmittance_output_fix_2026-07-21/physical_output_invariance_scatter.png,115947,2d725f0681d101d99a95ee58e18154b2adc3c71c4b1350f01cf067d41c95498a
validation/rt_derived_transmittance_output_fix_2026-07-21/public_output_derivation_audit.csv,2238,8733161562e59456e2be805563dbd692124e2f49d2b105053879fab618286f7c
validation/rt_derived_transmittance_output_fix_2026-07-21/upward_transmittance_old_approx_vs_rt.png,125286,c43972663407647627df38c80553489fb0cf34e3a8806304045e232e48ae969c
validation/snf_aerosol_2026-07-19/README.md,1912,7e088db7501d44de1d8789637d50470dbd0e9a70ca567f969fbb5099811b8221
validation/snf_aerosol_2026-07-19/baseline_reproduction.csv,469,af66bab217796bdb1568783455ce374dd244627a4e38fc896b487bd53653bef1
validation/snf_aerosol_2026-07-19/baseline_rt_identity_24cases.csv,4092,41a13c69b6466623f4404d71b9ab246621cb594cd0904d8f4652fea013c98edb
validation/snf_aerosol_2026-07-19/compare_snf_rt.py,7400,18ede85ca028f51a5ec6e2b8a0a5496397421e0db97a943bfb36f0a38c06c518
validation/snf_aerosol_2026-07-19/generated_file_sha256.txt,1190,d078efb2e5c4a49c28af839fafe1dd42fcfaa66cae6acfd3b70cc18834e247a1
validation/snf_aerosol_2026-07-19/generated_quality.csv,4917,90349563762f3a61f0ebcdfd844edbe54776481520db17ae897a54f382709d62
validation/snf_aerosol_2026-07-19/generator_reproducibility.txt,429,255c53b21e42c16a4e7f939473fc0e625d7ade2cade6298f51ced5641734acef
validation/snf_aerosol_2026-07-19/legacy83_vs_canonical_rt_18cases.csv,5389,9a8b5c401f7489c0a3d00a94a221c69aa678e0e06393b84394b06dd4dd34dcde
validation/snf_aerosol_2026-07-19/legacy_replacement.csv,1009,d8c2e2a266e750903e26e127c961d30564ed159baa75602f721271fcd7412f46
validation/snf_aerosol_2026-07-19/model_integration_matrix.csv,3091,497c4d3823a620dbac6a7f601522ae972d4f4409664aedf587668bcd5ce03e80
validation/snf_aerosol_2026-07-19/non_pssa_regressions.log,1378,8da3cb67d7399e9e008b2eef2549c46efaaf3c860d0ad41539fd94cb760f6f5d
validation/snf_aerosol_2026-07-19/runtime_smoke_48cases.csv,38378,ada5d820c1ee83703b05ddb2fa20d2a94ba8fc77a05526b542346eb884d83a2a
validation/snf_aerosol_2026-07-19/source_change_scope.txt,545,e814582346b411de662af8d3b61c328e9f089436fc106be1406d8a26b7a4c02f
validation/snf_aerosol_2026-07-19/validate_snf_mie.py,9252,b948d06d682c9fe1dabfb57ac6e1d938e5451bed64e1b045ebbc7fca7f4a0748
validation/snf_aerosol_2026-07-19/validation.json,17945,da155b36a745735edd947f86eecd08484558ab1754003717268f8c0c2057ffa0
validation/speed_2026-08-25/baseline_vs_speedpatched_metrics.csv,6364,809fd3eb1b2d9802f632dac4a4206fabc2a93892573412700757008d03eced6a
validation/speed_2026-08-25/baseline_vs_speedpatched_metrics.json,12370,42cc636875f64f7e6d6fa78ed9fc0be8b2bbc26ddad2aa1116201b96df009c15
validation/speed_2026-08-25/baseline_vs_speedpatched_paired_source.csv,776700,4d27011234127d3a6c33e83c4e56322fdfd54f8e000821c0a33fbd2662ea14bb
validation/speed_2026-08-25/eap_fail_loud.stderr.log,553,e16b7ba896761c475c07c4db17153ec9a6673cf5f00b371125fdac2ae7634326
validation/speed_2026-08-25/figures/scatter_Rrs_I_baseline_vs_speedpatched.pdf,21455,487c1fc649ade48b249ee2cf623719fd4668ae13176a5772e21b1fae9bcc5c0c
validation/speed_2026-08-25/figures/scatter_Rrs_I_baseline_vs_speedpatched.png,96655,e3ab79e6a42bd06cb5f45b19f7f8ea77ceee0219cf0cfdd09a0b44225c13d9e7
validation/speed_2026-08-25/figures/scatter_Rrs_Q_baseline_vs_speedpatched.pdf,20641,b4ba9a7800bfc671b4dc4425c712b14be8d83b036672ca8e5931cd823c6a5977
validation/speed_2026-08-25/figures/scatter_Rrs_Q_baseline_vs_speedpatched.png,106919,9370790c6372d03aa9b8a82817a621844866d205870371b19cfe8d21f94d2f0d
validation/speed_2026-08-25/figures/scatter_Rrs_U_baseline_vs_speedpatched.pdf,19628,231e9d8e8334423b0b3f170fbfe81a2f2ca22d3d383a09eed4000e5e6c44c812
validation/speed_2026-08-25/figures/scatter_Rrs_U_baseline_vs_speedpatched.png,117275,7d2b57c21003a8b51e3a15b427f041f5d77b770d0000a3528a7d54d7d320989c
validation/speed_2026-08-25/fr631_reader_test.log,108,5599a0ff93dc6fa1494ab1d37cfb06cc529925545b42a0fb4ab761c2714c91fa
validation/speed_2026-08-25/qfold_verify_newbuild.log,409,0ab1a4d19c48cb9e6befdbf6e6ae150943b45d26ce0eff26b87a883bc2f80136
validation/speed_2026-08-25/speed_comparison.csv,622,a6ad3c197e60b52c6235bbe31ffae4355a1bd4ae52c1371b60aa7f87396f6334
validation/speed_2026-08-25/speed_comparison.json,438,1e285a1ef9fcbc08293ae338a7a04b659144ba684f44f39e689ac4918abbbcb9
validation/stage2_coupling_clamp_fix_2026-07-25/CLEAN_REBUILD.log,198,c64f6d4266b4e6499c1ca16d7c1bbea6cfad1d9f50a246889b87f47796dc2eb1
validation/stage2_coupling_clamp_fix_2026-07-25/CLEAN_REBUILD_SHA256.txt,168,f385aff9325076aa4703e2e87fb8e22ae7afec15ac5b908893825c17bd3306e1
validation/stage2_coupling_clamp_fix_2026-07-25/CLEAN_REBUILD_VERIFICATION.txt,42,859b64aef44b93ca44049c179a08eac7c460bd8423ae5b175db2b5acd128214e
validation/stage2_coupling_clamp_fix_2026-07-25/COUPLING_CLAMP_REGRESSION_RESULTS.txt,406,f86b40566b384d622432bf20f1c82d1cbc18b6fc9a0b0499065b8074290ee8fc
validation/stage2_coupling_clamp_fix_2026-07-25/COUPLING_CLAMP_REGRESSION_TIME.txt,31,b5eddc95a928b80ef72053324a52da10cb184456e9c3f0a75db588a23c42b9da
validation/stage2_coupling_clamp_fix_2026-07-25/CURRENT_NADIR_CLAMP_GATE_SUMMARY_20260725.csv,997,4c425b99186bce59253bdd54def6373f8b27cbb7143f3c2c42328152539343c3
validation/stage2_coupling_clamp_fix_2026-07-25/FINAL_CORE_REGRESSION_RESULTS.txt,1126,9e3af9abb27b4bfb50cd94bf48733b69bc582a9607e5300589382d1d9d8d321e
validation/stage2_coupling_clamp_fix_2026-07-25/OCRT_STAGE2_COUPLING_CLAMP_CUMULATIVE_PATCH_VERIFICATION.txt,59,883285b3e6020f3b64987058cdafc6f0252fb6f2da8581b9be9a0c79d61ed04d
validation/stage2_coupling_clamp_fix_2026-07-25/OCRT_STAGE2_COUPLING_CLAMP_FINAL_ZIP_VERIFICATION.txt,377,172e81cde131956f7297573c72d5dbd56cefaef0ead9da60260a792329ff1136
validation/stage2_coupling_clamp_fix_2026-07-25/OCRT_STAGE2_COUPLING_CLAMP_INCREMENTAL_PATCH_VERIFICATION.txt,60,3ebf9a15bda895447c50669d8cd15c90c9b56e61fe1879bf1e216b9f40167723
validation/stage2_coupling_clamp_fix_2026-07-25/SINGLE_PARITY_WRAPPER_RESULTS.txt,973,07ad547a6d83b2703ef592f90caa169b71573372c16761838a15bcca98590321
validation/stage2_coupling_clamp_fix_2026-07-25/data/COUPLING_CLAMP_600CELL_COLUMN_DIFF.csv,1177,6bfa07ba8dda8834617c4cebf7204a6451d55df715e94b7c00f3b1598d3d4cf4
validation/stage2_coupling_clamp_fix_2026-07-25/data/COUPLING_CLAMP_600CELL_NONREGRESSION_SUMMARY.json,270,b55d9f674b96649f30d3ab9417e294bf5c94d1aee3a760495c639028af246f89
validation/stage2_coupling_clamp_fix_2026-07-25/data/COUPLING_CLAMP_FULLGRID_IMPACT_20260725.csv,1272,a2a559f7276164282e08cd3b673a4383a2fda973fe5d6bde2be37d7015bcfdba
validation/stage2_coupling_clamp_fix_2026-07-25/data/COUPLING_CLAMP_SOURCE_SCOPE_AUDIT.json,358,deeb6aa854f3871a527ceb035d1799a7df1332f98089f0a97a4c785199c1cdaf
validation/stage2_coupling_clamp_fix_2026-07-25/data/MATCHED_OCRT_OSOAA_600CELLS_COUPLING_CLAMP_20260725.csv,613284,4719bc8d1c2d5e48fe24589813c4754356fd60937bf54a40b54df147588fd1eb
validation/stage2_coupling_clamp_fix_2026-07-25/figures/clamp_n96_Rrs_I_before_after_scatter.png,99322,195c9c0937a0772322fd446b32a717320eb7ed537b799994116718f71293e7e1
validation/stage2_coupling_clamp_fix_2026-07-25/figures/clamp_n96_Rrs_Q_before_after_scatter.png,101152,68156f51e6162291a46dfb727e0dac4bd7dfa40332843479aab58e3db4c54980
validation/stage2_coupling_clamp_fix_2026-07-25/figures/clamp_n96_Rrs_U_before_after_scatter.png,95227,da75a32d73594775f3933af3b43803ecec7f32e119e59319afee8f2a9ffd5537
validation/stage2_coupling_clamp_fix_2026-07-25/figures/clamp_n96_rrs_I_before_after_scatter.png,95319,df40967da816e1e3a1449e1421e75772f81c881e37f8cf092a62d14552f77292
validation/stage2_coupling_clamp_fix_2026-07-25/figures/clamp_n96_rrs_Q_before_after_scatter.png,92865,1f173162419c36776a1f075bb39f27b5e6a548e347fc146ff9c50544d9c13d27
validation/stage2_coupling_clamp_fix_2026-07-25/figures/clamp_n96_rrs_U_before_after_scatter.png,103907,ab4a45b2a822fe05e894a6dedc50a68ab64fd2faf125acf371111ccf1a7c4f3d
validation/stage2_coupling_clamp_fix_2026-07-25/figures/coupling_clamp_runtime_change.png,106001,63471cc120c16f9e8d09fad07112f48533a237ecf7902d726864a9ce005016c5
validation/stage2_coupling_clamp_fix_2026-07-25/figures/nadir_Rrs_Q_m0_before_after.png,83155,a7a1b57ca3be5072525f0d1225f7a314dd25f74e15fd6b31266aa04a723b8a9b
validation/stage2_coupling_clamp_fix_2026-07-25/fullgrid/after_n48_nmu24.csv,22905,d25e571b05cf9646c6d679747a2a3a3e518a3b1f52a6dc75315e52a04e653370
validation/stage2_coupling_clamp_fix_2026-07-25/fullgrid/after_n64_nmu24.csv,22905,8abbdea7a78da09d06cc7ea7abeac2718299e046d0d0baf8ffed8dbb7a3e90fd
validation/stage2_coupling_clamp_fix_2026-07-25/fullgrid/after_n96_nmu24.csv,22905,9df47305d148d1f0c573d549a117adcae49cbe6d6eaf8ef1e68ddab068425905
validation/stage2_coupling_clamp_fix_2026-07-25/fullgrid/before_n48_nmu24.csv,22905,d25e571b05cf9646c6d679747a2a3a3e518a3b1f52a6dc75315e52a04e653370
validation/stage2_coupling_clamp_fix_2026-07-25/fullgrid/before_n64_nmu24.csv,22908,8ba0b5cb9b1fd13d1248f85cd93a6220c589a1cfec7b1a9cc69da2a65eff12a2
validation/stage2_coupling_clamp_fix_2026-07-25/fullgrid/before_n96_nmu24.csv,22906,0893807a55634fc9298be6eea12f9ac09303448a18abfe8a4532df754a37279c
validation/stage2_coupling_clamp_fix_2026-07-25/logs/after_n48_nmu24.stderr,1346,8da9aa95a90b2735f15f2bf3e3f138077873a28933b0042b2cf48283dbdffbd9
validation/stage2_coupling_clamp_fix_2026-07-25/logs/after_n48_nmu24.time,31,7020ed0549c6fa4885657fd4bccfebf811b68abd63e0c669b7ceba934a8ec8c2
validation/stage2_coupling_clamp_fix_2026-07-25/logs/after_n64_nmu24.stderr,1346,2a1631558bb40fff8a262c0bf29bee51c4030eee52403616b7885add954f89ea
validation/stage2_coupling_clamp_fix_2026-07-25/logs/after_n64_nmu24.time,31,0fdf283402820013f4887c7471bfec48ddd8737fa91e4dc8e47f9e14520baf0f
validation/stage2_coupling_clamp_fix_2026-07-25/logs/after_n96_nmu24.stderr,1346,6ee860cbbf66f3bd5d9f6d63241702203ca5fc7a835dddbd22fc7817832b39d1
validation/stage2_coupling_clamp_fix_2026-07-25/logs/after_n96_nmu24.time,32,600265255f522e79799476ac78c9367428af8265660e2d94e5d979ebaeaed1f3
validation/stage2_coupling_clamp_fix_2026-07-25/logs/before_n48_nmu24.stderr,1348,de2abaf959538d94ba6dc7246154caac884600ae1de7269c904a6c776c62e138
validation/stage2_coupling_clamp_fix_2026-07-25/logs/before_n48_nmu24.time,31,df7d3ac0446dcbfdfbe9c2a1f299ff038c422858a77a2320ab59a4cd041ab2e9
validation/stage2_coupling_clamp_fix_2026-07-25/logs/before_n64_nmu24.stderr,1348,c2f1547a32ac6e81325d495ad06e0c0375a5fdcc968b958aef5f13d3f5f1166b
validation/stage2_coupling_clamp_fix_2026-07-25/logs/before_n64_nmu24.time,31,cb4109a7c3abfd24e8435f625e4ff927b481c4073a8cb6503fd924cf1f24fbfe
validation/stage2_coupling_clamp_fix_2026-07-25/logs/before_n96_nmu24.stderr,1348,5d1a1c6bab6ce380fac41c6d5c7144d1c112758b64a5a9882a3141422daa8cf8
validation/stage2_coupling_clamp_fix_2026-07-25/logs/before_n96_nmu24.time,32,c5f1cb0a6c608bbe0284b9e208e4bb13c3471d341e893bcbe5adc4fdae987d97
validation/stage2_coupling_clamp_fix_2026-07-25/nonregression/regression_ext_bottom_mode_bounds.sh.log,211,b925f63d217555eb3ee19750ce49f53fa94c405224c8e1dbe9e084ed5d174232
validation/stage2_coupling_clamp_fix_2026-07-25/nonregression/regression_ext_bottom_mode_bounds.sh.time,36,818e23fcd268452582e5dc0092b5b5eac8a2700d86cdb86406160273728de06c
validation/stage2_coupling_clamp_fix_2026-07-25/nonregression/regression_raa_convention.sh.log,144,24b269a1c3cdeb6296d3e2ac39515a221d02b8de465e10ed404a73014f17adf6
validation/stage2_coupling_clamp_fix_2026-07-25/nonregression/regression_raa_convention.sh.time,35,efdb47365bfc518e6d3f1c7a3b9f79009230a2c79c8ca2deb7affb7b50073461
validation/stage2_coupling_clamp_fix_2026-07-25/nonregression/test_stage2_diffuse_top_uclosure.sh.log,137,6ad1be90c32c4927254823fadd785c2770f8cc26ab88b6f086db04c5cd253046
validation/stage2_coupling_clamp_fix_2026-07-25/nonregression/test_stage2_diffuse_top_uclosure.sh.time,35,c71ad7f4db608aa3b28a6c451cd896ff30301ea1c91d8edceab0ebfed550bc78
validation/stage2_coupling_clamp_fix_2026-07-25/nonregression/test_stage2_interface_fix123.sh.log,142,29e3c9dbbb1fe70afde88976ace104a4e9802693f7cab83c6dd7ea877b2b3862
validation/stage2_coupling_clamp_fix_2026-07-25/nonregression/test_stage2_interface_fix123.sh.time,34,460392e0b277648dda757dd984ba243d452af253f1fb518464044bf98a34436c
validation/stage2_coupling_clamp_fix_2026-07-25/nonregression/test_stage2_surface_pole_limit.sh.log,971,1157defc557c0c29dafa7736f4a2634a1753dbabd071e2e2ec4df92e7ab20293
validation/stage2_coupling_clamp_fix_2026-07-25/nonregression/test_stage2_surface_pole_limit.sh.time,34,758a60c0039d8ac93c8a3940f1c3c29224dabeed1c6cc4276f16e202e138d156
validation/stage2_coupling_clamp_fix_2026-07-25/nonregression/test_stage2_water_raa_fix.sh.log,78,e0eb7168c1a071aa49538e9c0d5ae728378e2b1a1874277efa04717ff7c71eac
validation/stage2_coupling_clamp_fix_2026-07-25/nonregression/test_stage2_water_raa_fix.sh.time,34,88121946f31769475d683337a31f14815148550995393e36144c109c6a951f94
validation/stage2_coupling_clamp_fix_2026-07-25/reference/fullgrid_n48.csv,23858,21553cf97e9ed4de58e5d82e97ea478105bb1395f005cfc0576aafcd518346b7
validation/stage2_coupling_clamp_fix_2026-07-25/reference/fullgrid_n64.csv,23858,7f95a4fd441ed6285db19d4945e89c1ece50654d2b9a7983c958a620c612264a
validation/stage2_coupling_clamp_fix_2026-07-25/reference/fullgrid_n96.csv,23858,a23ce001c093b7ae80e8133a74904955b9b5a56a50fb5795a22feb60e271ee5d
validation/stage2_coupling_clamp_fix_2026-07-25/reference_pre_pure_water_z09_20260728/fullgrid_n48.csv,22905,d25e571b05cf9646c6d679747a2a3a3e518a3b1f52a6dc75315e52a04e653370
validation/stage2_coupling_clamp_fix_2026-07-25/reference_pre_pure_water_z09_20260728/fullgrid_n64.csv,22905,8abbdea7a78da09d06cc7ea7abeac2718299e046d0d0baf8ffed8dbb7a3e90fd
validation/stage2_coupling_clamp_fix_2026-07-25/reference_pre_pure_water_z09_20260728/fullgrid_n96.csv,22905,9df47305d148d1f0c573d549a117adcae49cbe6d6eaf8ef1e68ddab068425905
validation/stage2_coupling_clamp_fix_2026-07-25/run72/RUN72_CONSOLE.log,5013,a2d16aa5fd839b402e9223f5298451a701b64ee3d047003aba1a23fc74e0a912
validation/stage2_coupling_clamp_fix_2026-07-25/run72/RUN72_STATUS_COUPLING_CLAMP_20260725.csv,14097,fdb037013b3925b7116ac7d6d6c75d3ba7228047a471a5e93985dd4fae72c3da
validation/stage2_coupling_clamp_fix_2026-07-25/run72/RUN72_SUMMARY_COUPLING_CLAMP_20260725.json,282,5658283eed6b7e149a7991d4669f3c3354df9fbad88e89c1fb513776005d0e8b
validation/stage2_coupling_clamp_fix_2026-07-25/run72/logs/cdom_0p01_b412_s0.stderr,6767,bc1ba4a91a54636d1a03f5244e4fd258f3e90a5d9e63e4bbca36661695741fe5
validation/stage2_coupling_clamp_fix_2026-07-25/run72/logs/cdom_0p01_b412_s40.stderr,6769,94f0b67ab69c6681360691a5ce4a23d79d51846aa899a898cc0e403c047dd36c
validation/stage2_coupling_clamp_fix_2026-07-25/run72/logs/cdom_0p01_b412_s80.stderr,6769,6aa6e6efd9b8bfcf94c190cfe0a3f59b5893c423eab70f25198c64c939d4c71f
validation/stage2_coupling_clamp_fix_2026-07-25/run72/logs/cdom_0p01_b443_s0.stderr,6767,a5ddd757bad65ecf61630ea764279e8d3a12aff497732e98ca2dd374c93b9674
validation/stage2_coupling_clamp_fix_2026-07-25/run72/logs/cdom_0p01_b443_s40.stderr,6769,daefd5453d17d917f6a448861dea3d54dcf9db7b2894895ea5755e5de5130b5b
validation/stage2_coupling_clamp_fix_2026-07-25/run72/logs/cdom_0p01_b443_s80.stderr,6769,66d8f17c3fe3feefad6d70a8d9675eb998b0928640f983a9580b58c5dd46491d
validation/stage2_coupling_clamp_fix_2026-07-25/run72/logs/cdom_0p01_b490_s0.stderr,6767,6ac00545e17b4681a66a3bd12d27cb4f24af143855199434154d34fea9861b2d
validation/stage2_coupling_clamp_fix_2026-07-25/run72/logs/cdom_0p01_b490_s40.stderr,6769,894e684bd913a2b0486b47860e385a57bde68576433bcb922d3a625983550bb7
validation/stage2_coupling_clamp_fix_2026-07-25/run72/logs/cdom_0p01_b490_s80.stderr,6769,be24de4a4aaa9977c7ebecf1c8fc6f6d88e641758e7bced6c933f99662cae8be
validation/stage2_coupling_clamp_fix_2026-07-25/run72/logs/cdom_0p01_b555_s0.stderr,6767,5b40920c1130dc24498bd97e91c7efafdb63ab29321b41fb120c4e4ead21e54b
validation/stage2_coupling_clamp_fix_2026-07-25/run72/logs/cdom_0p01_b555_s40.stderr,6769,d2207e9199136f8a99041f7e26e5eb94cbeaef43c6997e38fff6f229d6757c66
validation/stage2_coupling_clamp_fix_2026-07-25/run72/logs/cdom_0p01_b555_s80.stderr,6769,0d197b5dc014efffc65850674418ff37467e457a4328c57e16fcfd6c7f7ad18e
validation/stage2_coupling_clamp_fix_2026-07-25/run72/logs/cdom_0p01_b660_s0.stderr,6767,8dc929d18e903957fc6e73f3ad56ed8db6cf647175432d87767262a1f213a643
validation/stage2_coupling_clamp_fix_2026-07-25/run72/logs/cdom_0p01_b660_s40.stderr,6769,c2913cd2fcb0561c8b3b823c1ba9ec0280d57f28d2163972db3cf6d7c6a05981
validation/stage2_coupling_clamp_fix_2026-07-25/run72/logs/cdom_0p01_b660_s80.stderr,6769,05c6d7d5f715b06dcf0247ef463fd427ee49995b3b00c4ed4b893c0402b01d79
validation/stage2_coupling_clamp_fix_2026-07-25/run72/logs/cdom_0p01_b865_s0.stderr,6767,dc25d2e9cc06a03cc300ee042615620c5eb5f9a7f8e28a50f9ecabb27d5bb109
validation/stage2_coupling_clamp_fix_2026-07-25/run72/logs/cdom_0p01_b865_s40.stderr,6769,206f848bc4e60147e96887d956382d2f159f55e0c442fc348afbb7d197d7755f
validation/stage2_coupling_clamp_fix_2026-07-25/run72/logs/cdom_0p01_b865_s80.stderr,6769,9191315530853bd4ee8a4d3232ba4face79d23e11670bbad17d2c6e0fa696508
validation/stage2_coupling_clamp_fix_2026-07-25/run72/logs/cdom_0p1_b412_s0.stderr,6765,8f73928bbcb42766f3d80b7199664b145170591738c3defd30f38bf604d0d6fc
validation/stage2_coupling_clamp_fix_2026-07-25/run72/logs/cdom_0p1_b412_s40.stderr,6767,7e4d3d0282fa27913a09c937e706cc7028500479a978465734fa729a55096866
validation/stage2_coupling_clamp_fix_2026-07-25/run72/logs/cdom_0p1_b412_s80.stderr,6767,5a9afcea22ef9a7cfdeb80df385224c366163c57dca195b34044288e3de66506
validation/stage2_coupling_clamp_fix_2026-07-25/run72/logs/cdom_0p1_b443_s0.stderr,6765,98767433c994789b6216c878c59ca679dc97a88885aa2387efa78583be9a946a
validation/stage2_coupling_clamp_fix_2026-07-25/run72/logs/cdom_0p1_b443_s40.stderr,6767,6409658477c3736a076f12130aaf39ff48efd4e00037909ae8ac2f493dbb3e8b
validation/stage2_coupling_clamp_fix_2026-07-25/run72/logs/cdom_0p1_b443_s80.stderr,6767,2cbc56048aae9e9be5c7fb4bb6d04f308fcafa1076641126779f1d97a9f7e485
validation/stage2_coupling_clamp_fix_2026-07-25/run72/logs/cdom_0p1_b490_s0.stderr,6765,7f8e0f42d0f8261d805689fe3943fd4f4038bf2730908df661f7976164fc7e77
validation/stage2_coupling_clamp_fix_2026-07-25/run72/logs/cdom_0p1_b490_s40.stderr,6767,561f3f3bc922b8d509e0dff4f2686c82af0acad69215a70f08facf6bf437c0a7
validation/stage2_coupling_clamp_fix_2026-07-25/run72/logs/cdom_0p1_b490_s80.stderr,6767,b0fa3437db890e517270cc8eda9b2ba7af9081d6dc6dfb51ce42437b0cf8a0eb
validation/stage2_coupling_clamp_fix_2026-07-25/run72/logs/cdom_0p1_b555_s0.stderr,6765,d6c07c1cb665c22a80b6c2c29c658a6152a5a2c8cc2ce9af7a6e804203806eba
validation/stage2_coupling_clamp_fix_2026-07-25/run72/logs/cdom_0p1_b555_s40.stderr,6767,45ead8d1023ed59ea4c3bfb2f709e5ebb9ae68aa86e786f7c7f163a646e0e1c4
validation/stage2_coupling_clamp_fix_2026-07-25/run72/logs/cdom_0p1_b555_s80.stderr,6767,210d24a1204e2be9d6b33bd87432394e855ae88078b11c6b5ee734ad908dd18e
validation/stage2_coupling_clamp_fix_2026-07-25/run72/logs/cdom_0p1_b660_s0.stderr,6765,6b7ddd385bd189cc4555776f07670ece7e91c0588c6efcd6666f23a643042f57
validation/stage2_coupling_clamp_fix_2026-07-25/run72/logs/cdom_0p1_b660_s40.stderr,6767,a1dcb23422e51d83bac3cae027e7da2b1e4a930566bbfd40ef477174d44133f0
validation/stage2_coupling_clamp_fix_2026-07-25/run72/logs/cdom_0p1_b660_s80.stderr,6767,cd162d6e5caaa7eb96d8c65250883bf706d28a9fa5c50431a05e7dc4ae88db58
validation/stage2_coupling_clamp_fix_2026-07-25/run72/logs/cdom_0p1_b865_s0.stderr,6765,bbbd67a574dd22dd900c5540c1d16c6eef08ff2c671790bf23ddff721539fd23
validation/stage2_coupling_clamp_fix_2026-07-25/run72/logs/cdom_0p1_b865_s40.stderr,6767,b32cd603dd23f415f64363be80cdff44233f864fea1f35da6ce237724a859d84
validation/stage2_coupling_clamp_fix_2026-07-25/run72/logs/cdom_0p1_b865_s80.stderr,6767,aa8e495bea45044b453acd9ab7340cda12bbe2cb542576c61aa892ee27014caa
validation/stage2_coupling_clamp_fix_2026-07-25/run72/logs/cdom_1p0_b412_s0.stderr,6765,4a02bd3c9bb26d109d51c04dfbfbb84af4d5f4b4df03dba17132dfc771ccfa32
validation/stage2_coupling_clamp_fix_2026-07-25/run72/logs/cdom_1p0_b412_s40.stderr,6767,76a0ada2ad75088e1a5d70ba911c8fda9f1c84de6706a104c81dda79ec79e080
validation/stage2_coupling_clamp_fix_2026-07-25/run72/logs/cdom_1p0_b412_s80.stderr,6767,d528ecfbb505c2f4880a2f90f3c7e168dbc55c275dfcaefaa1d5d720898dfa00
validation/stage2_coupling_clamp_fix_2026-07-25/run72/logs/cdom_1p0_b443_s0.stderr,6765,390e3c29b22c2f395518e0dc2815778525bc07bfb02541227334df7fb52b7ad6
validation/stage2_coupling_clamp_fix_2026-07-25/run72/logs/cdom_1p0_b443_s40.stderr,6767,5df6abcf32a9f4c608cceb1461f7b3f93096bc76911ce7b2d60b70e565591a53
validation/stage2_coupling_clamp_fix_2026-07-25/run72/logs/cdom_1p0_b443_s80.stderr,6767,e9e661265a01f8ed159a0b80598c0e2020186ca82f05098fd6b34b4f02930fde
validation/stage2_coupling_clamp_fix_2026-07-25/run72/logs/cdom_1p0_b490_s0.stderr,6765,a66d48e8d0cf1d89acf82e7eff6f2e6669f29a6a2a8ee1ff7495ae34ea39f6e0
validation/stage2_coupling_clamp_fix_2026-07-25/run72/logs/cdom_1p0_b490_s40.stderr,6767,4ee1b083186b2f74e86b41ff1de94781f9386e4dbf3cef1590ba112315bd06e4
validation/stage2_coupling_clamp_fix_2026-07-25/run72/logs/cdom_1p0_b490_s80.stderr,6767,37a5f6b2e360454b8130722ac56d197858670c82db51bc73fd250f39a879a459
validation/stage2_coupling_clamp_fix_2026-07-25/run72/logs/cdom_1p0_b555_s0.stderr,6765,ee443985b18ef6abfeca27ef8bdb9586b206b2283dc29ab95508dd8176c0e246
validation/stage2_coupling_clamp_fix_2026-07-25/run72/logs/cdom_1p0_b555_s40.stderr,6767,9516af548af1106e6e9c40326cdc75fb683e2eadd9762859786c9c19ad31b8ca
validation/stage2_coupling_clamp_fix_2026-07-25/run72/logs/cdom_1p0_b555_s80.stderr,6767,3a90bf8c2370ae3d3e8fcfd7b671ac7c8f2fbe276c57e54828f5405ec7391309
validation/stage2_coupling_clamp_fix_2026-07-25/run72/logs/cdom_1p0_b660_s0.stderr,6765,c7f8b8364c074670c3ed82e3387526fee4508ccf4c59be661689e5d9590cd580
validation/stage2_coupling_clamp_fix_2026-07-25/run72/logs/cdom_1p0_b660_s40.stderr,6767,c3c26f3bcd351d7f315958d9ce3418652433007dfc2bb01b4c8690e2f43e9c2b
validation/stage2_coupling_clamp_fix_2026-07-25/run72/logs/cdom_1p0_b660_s80.stderr,6767,890d364cdded40ee2e0b8bf527faa8be9b9bb6815b0894f192c0805ee27052cc
validation/stage2_coupling_clamp_fix_2026-07-25/run72/logs/cdom_1p0_b865_s0.stderr,6765,20de9f106dde7334d8fb98e2e6958ba8f6131e8279b62057d04bf7470b36b86c
validation/stage2_coupling_clamp_fix_2026-07-25/run72/logs/cdom_1p0_b865_s40.stderr,6767,31c468cb74ea45f0eff5ed5e01919d2014e24f522bb4f1cdb09d447a63847c3b
validation/stage2_coupling_clamp_fix_2026-07-25/run72/logs/cdom_1p0_b865_s80.stderr,6767,99c482d799cabc0c018c4f065d59f7759041d4e5cc01cb5176f762dd0aefc037
validation/stage2_coupling_clamp_fix_2026-07-25/run72/logs/pure_water_b412_s0.stderr,1452,403fc57a40e3dfa143c5576b27c159cfde0147b517515e0f0bb92cefb20f2273
validation/stage2_coupling_clamp_fix_2026-07-25/run72/logs/pure_water_b412_s40.stderr,1454,c6d2eb3d71f655f8bbc2ec1c00d54145dc6407fa1837a20b43fc649f1a714eda
validation/stage2_coupling_clamp_fix_2026-07-25/run72/logs/pure_water_b412_s80.stderr,1454,c195ca7ea1e5918641daa4e3d2a15de4e16ed3c39600fb5876cf3e214b7ff5bd
validation/stage2_coupling_clamp_fix_2026-07-25/run72/logs/pure_water_b443_s0.stderr,1452,4128043b3a153edf6f077d0bcbd1103ac01f0140cedc0b7405640dc0d2c98291
validation/stage2_coupling_clamp_fix_2026-07-25/run72/logs/pure_water_b443_s40.stderr,1454,8310783564924d726504ea8291990a616bf965b9bab2c3cd2b039e66e6a90a0a
validation/stage2_coupling_clamp_fix_2026-07-25/run72/logs/pure_water_b443_s80.stderr,1454,4ea22593c832145f664043d5e2c9bffc6b5762c07b887a3856e78110fcf8e943
validation/stage2_coupling_clamp_fix_2026-07-25/run72/logs/pure_water_b490_s0.stderr,1452,f9ad21b33be492aa7e436cc1a53351599f8f2e48703375f87e052d2f85c36acf
validation/stage2_coupling_clamp_fix_2026-07-25/run72/logs/pure_water_b490_s40.stderr,1454,eef1b53da239b989cb93b6c6aa60f34fab66e1379eafaa700d6468060985a2c6
validation/stage2_coupling_clamp_fix_2026-07-25/run72/logs/pure_water_b490_s80.stderr,1454,73c8c81c4131381b96fdc707545836b5c7b131aa78e398c7672998ba1c75fc06
validation/stage2_coupling_clamp_fix_2026-07-25/run72/logs/pure_water_b555_s0.stderr,1452,8552c39a038bc1b4373e991da8192cacf53d84fd613acda3a96e4a64aec6e1c7
validation/stage2_coupling_clamp_fix_2026-07-25/run72/logs/pure_water_b555_s40.stderr,1454,64f9295a0f453c9839f2958fa6a4d91a8ceef629e4a36febba32e878b8ec87a3
validation/stage2_coupling_clamp_fix_2026-07-25/run72/logs/pure_water_b555_s80.stderr,1454,1895fa9c0777d4979c972bff6574bd51bcb7bacbc781995545b05a7882b73b1e
validation/stage2_coupling_clamp_fix_2026-07-25/run72/logs/pure_water_b660_s0.stderr,1452,46b18de9defd89fb101411f9369ad5fb65c18abe1c3c8b9aabc595f502dc7937
validation/stage2_coupling_clamp_fix_2026-07-25/run72/logs/pure_water_b660_s40.stderr,1454,e6c1e088efa41bf1f5d3c295e9efbd3c447b6f06171dd794df25f76e0cb040df
validation/stage2_coupling_clamp_fix_2026-07-25/run72/logs/pure_water_b660_s80.stderr,1454,866e9bdda966c67a922436e83a4d3089d94a68a3b64ba6794bb08de921a06099
validation/stage2_coupling_clamp_fix_2026-07-25/run72/logs/pure_water_b865_s0.stderr,1452,e05169aa7a480a1680d15191d3e8ac10f182190a1003e6959623b59ed8a6ba2f
validation/stage2_coupling_clamp_fix_2026-07-25/run72/logs/pure_water_b865_s40.stderr,1454,cbfb16f9b297258284bef728900855f6cfdfbbe59415475b53c5ed57e5ca7fa4
validation/stage2_coupling_clamp_fix_2026-07-25/run72/logs/pure_water_b865_s80.stderr,1454,92ea02e98d07f69d5139c0bebb2c043970099646971a452c12d2838a60604e27
validation/stage2_coupling_clamp_fix_2026-07-25/run72/outputs/cdom_0p01_b412_s0.csv,22909,b02f42c729adb5c849b0a79a6421b4c14d7c9b73c8994820e36004d466d3f8b9
validation/stage2_coupling_clamp_fix_2026-07-25/run72/outputs/cdom_0p01_b412_s40.csv,22905,fe4bba4e6d03cce475fb209e129ad02ef36180be2a7d50630e00b53dc624dfce
validation/stage2_coupling_clamp_fix_2026-07-25/run72/outputs/cdom_0p01_b412_s80.csv,22901,ee002dc71aeb8c93be85ec15cc0ff9f7ea81d58dfffd54bb02dab728fbeb8dc7
validation/stage2_coupling_clamp_fix_2026-07-25/run72/outputs/cdom_0p01_b443_s0.csv,22909,341a2d318fda7ad798b0b6fed596fde605121fc8861e871cba315cfb87e47d3b
validation/stage2_coupling_clamp_fix_2026-07-25/run72/outputs/cdom_0p01_b443_s40.csv,22905,d6949c3d79f34fdc5eb614653162abf49a2a5118bae66c014e3c1e62ad432bba
validation/stage2_coupling_clamp_fix_2026-07-25/run72/outputs/cdom_0p01_b443_s80.csv,22899,1dff98ad50ceb8c41f8262768c357659d1976bb95908a61bc9d9d9b78ef7b927
validation/stage2_coupling_clamp_fix_2026-07-25/run72/outputs/cdom_0p01_b490_s0.csv,22909,820b0cb29d7f32de87e99776483038a5be0a934b54cc881896356c5de806dec6
validation/stage2_coupling_clamp_fix_2026-07-25/run72/outputs/cdom_0p01_b490_s40.csv,22909,8ce0d405169ef647722aa402c02b85cea1bc25aec7d234b27466a3508a2e331d
validation/stage2_coupling_clamp_fix_2026-07-25/run72/outputs/cdom_0p01_b490_s80.csv,22899,0f46bc0bb1ef7f97bedfba684bc880902f96d03d6dd0b3f356d3c2d8ee9ca9b4
validation/stage2_coupling_clamp_fix_2026-07-25/run72/outputs/cdom_0p01_b555_s0.csv,22885,a9ee655109c23de18802cb9bd86f6bfcbf9d3b481fc45b05a5a2a966ca422996
validation/stage2_coupling_clamp_fix_2026-07-25/run72/outputs/cdom_0p01_b555_s40.csv,22881,3e4c352dfe84f59cc063bbbae91f9decf77f753d8f9ba796f51ded9ec7af5afe
validation/stage2_coupling_clamp_fix_2026-07-25/run72/outputs/cdom_0p01_b555_s80.csv,22873,2ae2941b9cd471a268820578e36a50468b0dfe1d3976e9d4d06d33f7844ed751
validation/stage2_coupling_clamp_fix_2026-07-25/run72/outputs/cdom_0p01_b660_s0.csv,22885,efea8712dd839f3dfcd82e229518aba008d1ce74a7395d71b73c3f6eb3898b01
validation/stage2_coupling_clamp_fix_2026-07-25/run72/outputs/cdom_0p01_b660_s40.csv,22880,90227e11f325f0d98cef9ec7099f213769cd5e1897d576eae805ec7e7df6643d
validation/stage2_coupling_clamp_fix_2026-07-25/run72/outputs/cdom_0p01_b660_s80.csv,22869,782b0c3135b010177205b96e5c9dbd7aa1fa5d9c181661fa2518f5fa6dfc2a33
validation/stage2_coupling_clamp_fix_2026-07-25/run72/outputs/cdom_0p01_b865_s0.csv,22884,2ee4d34bf911d7857211a230b4b469c882e26abf036229b3b72f39613c0d14ec
validation/stage2_coupling_clamp_fix_2026-07-25/run72/outputs/cdom_0p01_b865_s40.csv,22880,4be3c385755c5b5427b2459318fb2c7d5936096d03a3ac1c1cd60e204fdc3992
validation/stage2_coupling_clamp_fix_2026-07-25/run72/outputs/cdom_0p01_b865_s80.csv,22866,1061121cde66c7ddb87757c871c171fad798d0e9dbbbc7af62ff5e45a2fbd98e
validation/stage2_coupling_clamp_fix_2026-07-25/run72/outputs/cdom_0p1_b412_s0.csv,22885,9cfb5efca913fd8a8d4bb2ec186fa63e2b41db8eb6f35d8a3f3103141b6b013f
validation/stage2_coupling_clamp_fix_2026-07-25/run72/outputs/cdom_0p1_b412_s40.csv,22881,0ccfcd73947181e5a444688ff564acd5100e368f2a7b17d29011da5d64314e1e
validation/stage2_coupling_clamp_fix_2026-07-25/run72/outputs/cdom_0p1_b412_s80.csv,22877,d87c6e83bb4b0a23097cee0d129c04d88078cae8d5bca8cb756373a3e131ac71
validation/stage2_coupling_clamp_fix_2026-07-25/run72/outputs/cdom_0p1_b443_s0.csv,22885,19e1303722860678b2eb97a760eb63daa2a74bd43b9549eff21b9fdba68877a6
validation/stage2_coupling_clamp_fix_2026-07-25/run72/outputs/cdom_0p1_b443_s40.csv,22885,d786ea5d440d178844c87bce673a9837bbfa0a9ec2eea95e15cea57ad10e1fdb
validation/stage2_coupling_clamp_fix_2026-07-25/run72/outputs/cdom_0p1_b443_s80.csv,22875,57a083894a2b184a4ac1a7a472ac9efc5430cb1bf27bd90523bb6ace12eb044d
validation/stage2_coupling_clamp_fix_2026-07-25/run72/outputs/cdom_0p1_b490_s0.csv,22885,a07752372c4d36de6a1844e2e7d96de7084d6f146d9d02d814f02116434ccfe7
validation/stage2_coupling_clamp_fix_2026-07-25/run72/outputs/cdom_0p1_b490_s40.csv,22885,13403ffb2fbc385045f0075510eb6591320b6e125cccafab1d091f0b9c950e09
validation/stage2_coupling_clamp_fix_2026-07-25/run72/outputs/cdom_0p1_b490_s80.csv,22875,3a5089eb4374b5229b440b398699f2298c35b6180b5f77f55a5ea0ea40058fdd
validation/stage2_coupling_clamp_fix_2026-07-25/run72/outputs/cdom_0p1_b555_s0.csv,22885,fc374b6081d7c46ccb87cb09de04c996b82893be58e80cf027ee2f913efdee63
validation/stage2_coupling_clamp_fix_2026-07-25/run72/outputs/cdom_0p1_b555_s40.csv,22881,7076080a4ac32df7e331a722df915bd2c935ea1b90dec383703267edb5ebc756
validation/stage2_coupling_clamp_fix_2026-07-25/run72/outputs/cdom_0p1_b555_s80.csv,22873,a11fe1a226992b725755fab74e31118e38adf61b3661553fc3bd191b755a87e8
validation/stage2_coupling_clamp_fix_2026-07-25/run72/outputs/cdom_0p1_b660_s0.csv,22885,4140863aacb20ca35f66785f9294db84dfca542e0b349220abb04f0eb1936c10
validation/stage2_coupling_clamp_fix_2026-07-25/run72/outputs/cdom_0p1_b660_s40.csv,22880,aa828d9d2c75dfa69faa8213ba24a8c4c74caad51e1e5d7c2ee6ccbe76a997b1
validation/stage2_coupling_clamp_fix_2026-07-25/run72/outputs/cdom_0p1_b660_s80.csv,22869,f4fe704505cb8ff6ead76add3aa1e3e5e18748701c1f581e77f12e06e2730223
validation/stage2_coupling_clamp_fix_2026-07-25/run72/outputs/cdom_0p1_b865_s0.csv,22884,5d0cb5aafd5eaff9d80dce07cc2627b374d96f7c575a773693b834300d46046d
validation/stage2_coupling_clamp_fix_2026-07-25/run72/outputs/cdom_0p1_b865_s40.csv,22880,64423fc4072f404a7f636a334561fe2f16f0643a8757968912b27ebeb2b02829
validation/stage2_coupling_clamp_fix_2026-07-25/run72/outputs/cdom_0p1_b865_s80.csv,22866,7df1f585c8f4eadb7e502cb466bf5d3c2b5c7f906460c3e904cee6c30f54a699
validation/stage2_coupling_clamp_fix_2026-07-25/run72/outputs/cdom_1p0_b412_s0.csv,22885,51b43445a3ce598574da642eb1af2d8a1b07d834a326b9a67ae9fd63e9c69d40
validation/stage2_coupling_clamp_fix_2026-07-25/run72/outputs/cdom_1p0_b412_s40.csv,22885,d887a1ab9696f37fc62771f0fd96c43adea055c7b26b3e5f4a093d464226d333
validation/stage2_coupling_clamp_fix_2026-07-25/run72/outputs/cdom_1p0_b412_s80.csv,22877,6318d972c30fa282243b34031b7b6b64401917deb8cd179832c152d800bc12d5
validation/stage2_coupling_clamp_fix_2026-07-25/run72/outputs/cdom_1p0_b443_s0.csv,22885,f331de85cf18a6421db036f6a98db7e0ce1bd1adcfff61c02bd289462ce935c8
validation/stage2_coupling_clamp_fix_2026-07-25/run72/outputs/cdom_1p0_b443_s40.csv,22885,df4eb0c02c2fe70cd90258d8088067f23e03edc24d15f1acfd23ffde3a99a00d
validation/stage2_coupling_clamp_fix_2026-07-25/run72/outputs/cdom_1p0_b443_s80.csv,22875,92b2b3b03c56651bde2d50e037cbfb501f2bac2f386e0d8c94ced8557858c6b4
validation/stage2_coupling_clamp_fix_2026-07-25/run72/outputs/cdom_1p0_b490_s0.csv,22885,c2b61dfb60f2ab383474a7ca64de420e65eed05018cdc6eff795cbdf26d3f012
validation/stage2_coupling_clamp_fix_2026-07-25/run72/outputs/cdom_1p0_b490_s40.csv,22885,8dde078ab11180a02f10514a2d85a75bf58d0a79ecc8522bc5b36df52a4b177d
validation/stage2_coupling_clamp_fix_2026-07-25/run72/outputs/cdom_1p0_b490_s80.csv,22875,736cef8d2529f4224fa48287897a2013fbc3535de84cb2b994ade26cb7b9a9d8
validation/stage2_coupling_clamp_fix_2026-07-25/run72/outputs/cdom_1p0_b555_s0.csv,22885,3a947db6a45c771e681fd325ac167bef387e6081e5598d002146c177d3a55ab6
validation/stage2_coupling_clamp_fix_2026-07-25/run72/outputs/cdom_1p0_b555_s40.csv,22881,5977099a82632725c715d5ca9cab36041997b0c4dd8d883ea9b1cf5a45563309
validation/stage2_coupling_clamp_fix_2026-07-25/run72/outputs/cdom_1p0_b555_s80.csv,22873,46747f9f282f49456849a38c69a4fa315c28e1aed195f61796f5742415a755a7
validation/stage2_coupling_clamp_fix_2026-07-25/run72/outputs/cdom_1p0_b660_s0.csv,22885,bef5315b6975b898dff5292140e1e364068db5463bd3f85f84225bbe7a1cd40b
validation/stage2_coupling_clamp_fix_2026-07-25/run72/outputs/cdom_1p0_b660_s40.csv,22880,6b1f395444c28a53664158206fcaba7f3b3539c1b7b0cb5e07e0fd6e9c4a8cb3
validation/stage2_coupling_clamp_fix_2026-07-25/run72/outputs/cdom_1p0_b660_s80.csv,22869,6765f5ffc660074d1857df0659fbdf57f2a9d54f4e8674e191cebd008ba77e60
validation/stage2_coupling_clamp_fix_2026-07-25/run72/outputs/cdom_1p0_b865_s0.csv,22884,97a24c362c10c08c20c159254f444494a16597c9818c4da382b5d94236543735
validation/stage2_coupling_clamp_fix_2026-07-25/run72/outputs/cdom_1p0_b865_s40.csv,22880,e57ca295f88bc8b450168758419b7b3819b1a21983aaa2f7eeb3e543aab286e5
validation/stage2_coupling_clamp_fix_2026-07-25/run72/outputs/cdom_1p0_b865_s80.csv,22866,336bc6a8bc91192d1404274dfc231eb979f3dd5300de890357c900b9771c9944
validation/stage2_coupling_clamp_fix_2026-07-25/run72/outputs/pure_water_b412_s0.csv,22909,17f737bc2a6a1bad5f52b7014bf2294864e585c5c3c1eb950aefd25a0f36b3e5
validation/stage2_coupling_clamp_fix_2026-07-25/run72/outputs/pure_water_b412_s40.csv,22903,2753f3e7c5e89ee396dd35fe6fb16f9e2cc7c2e1205be5e2c4ae7ccad41855b5
validation/stage2_coupling_clamp_fix_2026-07-25/run72/outputs/pure_water_b412_s80.csv,22901,d6690aab96b69484cf4ff92e2f40ba40dd04bef4f38a4379db8e0786515af989
validation/stage2_coupling_clamp_fix_2026-07-25/run72/outputs/pure_water_b443_s0.csv,22909,a63506b894c0617c3c2261ef81367455a677d012d405bc14236c49359e49dd19
validation/stage2_coupling_clamp_fix_2026-07-25/run72/outputs/pure_water_b443_s40.csv,22905,10356d807097df74028386fed0197d6dcd71d729d474fb12a1d7db4a17f0b8df
validation/stage2_coupling_clamp_fix_2026-07-25/run72/outputs/pure_water_b443_s80.csv,22899,2150289e7fe6366f9757710f3b722e2c50dd8efc3149d4e2eb7cddec2de6e4db
validation/stage2_coupling_clamp_fix_2026-07-25/run72/outputs/pure_water_b490_s0.csv,22909,93f2ce9bf6d376a0ad074aaa8fd9a45354a031662fba5035a8c5fafbdfdd8228
validation/stage2_coupling_clamp_fix_2026-07-25/run72/outputs/pure_water_b490_s40.csv,22909,ae34772e63c2d1a6e74d6211b5d870dab692d904377f07fe8b99f6d9c596bd26
validation/stage2_coupling_clamp_fix_2026-07-25/run72/outputs/pure_water_b490_s80.csv,22899,efd49600d8634a2487cc380d946a2c2a98d8f41d5f0da108795ee4b20a1af8ee
validation/stage2_coupling_clamp_fix_2026-07-25/run72/outputs/pure_water_b555_s0.csv,22885,23a7bfa943c1c2f51ad10d24ad8410c58ebebd883b72b31e766ad66dcb02c36c
validation/stage2_coupling_clamp_fix_2026-07-25/run72/outputs/pure_water_b555_s40.csv,22881,99fd3576ecd3630da602f60a20a4ef8562fb8b954467b8ba9a50f051d277e212
validation/stage2_coupling_clamp_fix_2026-07-25/run72/outputs/pure_water_b555_s80.csv,22873,0aa8e650fa09f2aef3e0b2aa476806f9cb3b3162b2b66582cf24796513953074
validation/stage2_coupling_clamp_fix_2026-07-25/run72/outputs/pure_water_b660_s0.csv,22885,bc30eff7edcf825583fa52251ba6b2db6dfb2018cb64ea04984b44e93d9bca30
validation/stage2_coupling_clamp_fix_2026-07-25/run72/outputs/pure_water_b660_s40.csv,22880,9b871164f1291099a1b1300524e3939a1b857812dc2ecfabb124a2ca6aaa2163
validation/stage2_coupling_clamp_fix_2026-07-25/run72/outputs/pure_water_b660_s80.csv,22869,12fe74d6ce59b9eba8c02663813e5157f37b1bb174872b7c1f9e9bcde203aa87
validation/stage2_coupling_clamp_fix_2026-07-25/run72/outputs/pure_water_b865_s0.csv,22884,de356b0df71c3ddeaf7ff797ebf7e2d9aa828d4f9168bd36c04dc7fc534d385b
validation/stage2_coupling_clamp_fix_2026-07-25/run72/outputs/pure_water_b865_s40.csv,22880,f1ad71d20be868576d12dafff84e549626de216672fd224be5ff67036a4be3e2
validation/stage2_coupling_clamp_fix_2026-07-25/run72/outputs/pure_water_b865_s80.csv,22866,29b666585dfb96fc8c35d8497b8c7e3c7d893c29fcf7c81c52c9db82d087bc06
validation/stage2_coupling_clamp_fix_2026-07-25/runtime/BENCHMARK_CONSOLE.log,1998,bfdd7e1a614a5d2e2a7c06b4d992230ef13d5f432d985aab56bc3083f9bbac99
validation/stage2_coupling_clamp_fix_2026-07-25/runtime/COUPLING_CLAMP_RUNTIME_DECISION_20260725.json,1323,dabff717572c3747fa2bd4e0925145a6e5916608eb2a7182f761952d3b1dc375
validation/stage2_coupling_clamp_fix_2026-07-25/runtime/COUPLING_CLAMP_RUNTIME_RAW_20260725.csv,963,7137ffef6b54914ac23eecfca990c3e29037904b6a8bd06308cc12d15980730d
validation/stage2_coupling_clamp_fix_2026-07-25/runtime/COUPLING_CLAMP_RUNTIME_SUMMARY_20260725.csv,612,15787699e05d89f07298c77d948e7bdd3b36df989d90f8776a4c26595bf5cf57
validation/stage2_coupling_clamp_fix_2026-07-25/runtime/bin/ocrt_before_clamp,667424,6c7f4b61d311323374233e0be9643541570d3b15289457ca9336d14d8f12ffde
validation/stage2_coupling_clamp_fix_2026-07-25/sanitizer/workspace_results.txt,57,05526f712831d7b0c66885ccef43cb00baacd5a7617a6c3b5354ce53df249792
validation/stage2_coupling_clamp_fix_2026-07-25/sanitizer/workspace_runtime.txt,36,1efd056dadda489d0c809069c6ee5d39f5622673575ed4d329be094630c473fc
validation/stage2_coupling_clamp_fix_2026-07-25/single/SINGLE_FULLGRID_CONSISTENCY_RESULTS.txt,73,64bde93a958376805e7634d776547549b1a79055b161d0bb7648b1defb9ba450
validation/stage2_coupling_clamp_fix_2026-07-25/single/single_n64_vza30_raa45.out,2253,28bbb17cc6248ae4463aa7ee0f4a1d2d004ea4ac27c23705afded93fe20769db
validation/stage2_coupling_clamp_fix_2026-08-02_dtpsign/README.md,424,8a760724263143efc4af34ff7efbc4f152db78e1e59a2851b7994e62c33717cf
validation/stage2_coupling_clamp_fix_2026-08-02_dtpsign/SHA256SUMS.txt,279,928d417fbd54c1d91e8ac71b2033b3ed0b7d245ac2ea6fbf1cc064bc5a1ed8be
validation/stage2_coupling_clamp_fix_2026-08-02_dtpsign/reference/fullgrid_n48.csv,23848,5241994ffc8ff38d12fda2e026ea141cfa22bf6ed06454059b95a1eb6e20fe77
validation/stage2_coupling_clamp_fix_2026-08-02_dtpsign/reference/fullgrid_n48.stderr,1466,9259f44f974d539c17a424e1d469836ff125b43e917e9682ed2e77b40a04eab6
validation/stage2_coupling_clamp_fix_2026-08-02_dtpsign/reference/fullgrid_n48.stdout,0,e3b0c44298fc1c149afbf4c8996fb92427ae41e4649b934ca495991b7852b855
validation/stage2_coupling_clamp_fix_2026-08-02_dtpsign/reference/fullgrid_n64.csv,23848,39e2bfd8a96c212f2d8ecf04a4958e579a300e62a1476dd8d3986611d3ad2402
validation/stage2_coupling_clamp_fix_2026-08-02_dtpsign/reference/fullgrid_n64.stderr,1466,8590062563ab0245cc85e33a340ef7d192aa2cc558c95e5cb8ca8b8f6705737f
validation/stage2_coupling_clamp_fix_2026-08-02_dtpsign/reference/fullgrid_n64.stdout,0,e3b0c44298fc1c149afbf4c8996fb92427ae41e4649b934ca495991b7852b855
validation/stage2_coupling_clamp_fix_2026-08-02_dtpsign/reference/fullgrid_n96.csv,23848,c9de1bd26a792a976ac6af9f5b33072db7e4a578471d8ac8ffaa6964a9e13da3
validation/stage2_coupling_clamp_fix_2026-08-02_dtpsign/reference/fullgrid_n96.stderr,1466,4f236cd558b6694b6a1f12a6b9265a6dc4d3b9228c89a1b764567259e9dfaa8f
validation/stage2_coupling_clamp_fix_2026-08-02_dtpsign/reference/fullgrid_n96.stdout,0,e3b0c44298fc1c149afbf4c8996fb92427ae41e4649b934ca495991b7852b855
validation/stage2_coupling_clamp_fix_2026-08-02_dtpsign/single/SINGLE_FULLGRID_CONSISTENCY_RESULTS.txt,73,64bde93a958376805e7634d776547549b1a79055b161d0bb7648b1defb9ba450
validation/stage2_coupling_clamp_fix_2026-08-02_dtpsign/single/single_n64_vza30_raa45.out,2261,fef4fd2aab25482f4a0327fd731d0b0273b5cc95406ab97201651d25a2c8b965
validation/stage2_diffuse_top_uclosure_2026-07-24/ARCHIVE_CLAIM_REVIEW.csv,1872,329c8117dc4cc14d6a5aa31f527c64bf6d0be2a8c1595d4344ea575c1c16d450
validation/stage2_diffuse_top_uclosure_2026-07-24/CORE_REGRESSION_RESULTS.txt,698,1e2a2e4231f13875edff63b3a52c323b44480e1c0bba67b15042dd41e9a2b068
validation/stage2_diffuse_top_uclosure_2026-07-24/DTP_SOURCE_OPERATOR_CLOSURE_SUMMARY.csv,1620,773f4ccbc53eb80e256f7ddccb60a2a21c9a3fd4bb65532d00e732faac6de935
validation/stage2_diffuse_top_uclosure_2026-07-24/DTP_U_CONVENTION_SOURCE_TRACE.txt,1920,c1a77e15985c6a1877be737ce9c1da46bd3bd7ab038e8625ca4a6fdeb3d0bd2d
validation/stage2_diffuse_top_uclosure_2026-07-24/FIX123_VS_DTP_UCLOSURE_SCOPE_METRICS.csv,1609,01cbed58e088cd782d0c5a56be106ea0b8529b1100d72e1ff322607021f4513a
validation/stage2_diffuse_top_uclosure_2026-07-24/MATCHED_OCRT_OSOAA_600CELLS_DTP_UCLOSURE_20260724.csv,621846,1af1ea38ca904812afae0944f346ede9f902efe25ac6a6a1fe8f611ba46c6436
validation/stage2_diffuse_top_uclosure_2026-07-24/OCRT_600CELL_FIX123_TO_DTP_UCLOSURE_DELTA.csv,625134,857107582525295e97c4de3b701c899756564bbc45a6ba8a0a8d1fa472b232cf
validation/stage2_diffuse_top_uclosure_2026-07-24/OCRT_STAGE2_DTP_UCLOSURE_RUNTIME_RAW_20260724.csv,2782,ae882908720a329dee42cae041b930fba03bd678b0736fa996a1de7eadaa940c
validation/stage2_diffuse_top_uclosure_2026-07-24/OCRT_STAGE2_DTP_UCLOSURE_RUNTIME_SUMMARY_20260724.csv,357,fe704942f1e3c5ef22d83e2c5f73489b70eb674713d8bd048c19bc48256f61f5
validation/stage2_diffuse_top_uclosure_2026-07-24/README.md,1012,d05314d4a23c42cd593417f69ac7521a2210ce5b9a8fa6c550cb8694f86cb1c5
validation/stage2_diffuse_top_uclosure_2026-07-24/RUN72_STATUS_DTP_UCLOSURE_20260724.csv,20331,b741460ca9956f4c7b06b318dcbd78e2d67463101a6cf6897700ab5b48c39ff7
validation/stage2_diffuse_top_uclosure_2026-07-24/dtp_closure_test_final.log,137,6ad1be90c32c4927254823fadd785c2770f8cc26ab88b6f086db04c5cd253046
validation/stage2_diffuse_top_uclosure_2026-07-24/figures/FIGURE_MANIFEST.csv,631,afd511750901a2ba5f8fe5baa7a54009d5e84296acd857755fe7a04e10ff7e67
validation/stage2_diffuse_top_uclosure_2026-07-24/figures/dtp_u_basis_source_operator_closure.png,65168,86b058e58f266777bd85bfbdfbedbb6819f089e899d6eb66b34ea2a1ea94ba59
validation/stage2_diffuse_top_uclosure_2026-07-24/figures/purewater150_Rrs0plus_I_scatter_dtp_uclosure.png,102615,17a627a8953cbdce4edb5839a7ec570f14913603f50dde2287c6de901e660a41
validation/stage2_diffuse_top_uclosure_2026-07-24/figures/purewater150_Rrs0plus_Q_scatter_dtp_uclosure.png,115850,f62049daa6d6eb9e587273733dea07f4dc59883259badcc6f52e233056d2fd0a
validation/stage2_diffuse_top_uclosure_2026-07-24/figures/purewater150_Rrs0plus_U_scatter_dtp_uclosure.png,104137,38eebedebfdcfa139a9063e52efc3fd4198c3150e5f40e5512a04fbd042fadf5
validation/stage2_diffuse_top_uclosure_2026-07-24/figures/purewater150_rrs0minus_I_scatter_dtp_uclosure.png,97472,14432d4c23c4e6320023deef634ee7bc48b8c054ed13f4e047dd8e9d09eb9b7e
validation/stage2_diffuse_top_uclosure_2026-07-24/figures/purewater150_rrs0minus_Q_scatter_dtp_uclosure.png,98682,56cba2e6858812b646d5fb22e71b35a702f030c5b45f02410e37375dd967586e
validation/stage2_diffuse_top_uclosure_2026-07-24/figures/purewater150_rrs0minus_U_scatter_dtp_uclosure.png,98203,ef2c8b291eddcae9029bb264755399d3e5182e2450cf5be60ab4d47cccdd762f
validation/stage2_diffuse_top_uclosure_2026-07-24/figures/purewater_sza80_Rrs0plus_Q_residual_before_after.png,72825,6aeb9d65c11956346249b4477785a19d7da03b0f9b938fcef38cf551c6b10bd8
validation/stage2_diffuse_top_uclosure_2026-07-24/figures/purewater_sza80_Rrs0plus_U_residual_before_after.png,67053,e16c2aa44ddc28bb3f3ec9364d658ce57ad0535f262b10f6f1295498aaf68b14
validation/stage2_diffuse_top_uclosure_2026-07-24/figures/purewater_sza80_rrs0minus_Q_residual_before_after.png,72479,33f3435793402aeb1424ad8f401bfda4115e20b87debdf64683e348e91bc191a
validation/stage2_diffuse_top_uclosure_2026-07-24/figures/purewater_sza80_rrs0minus_U_residual_before_after.png,64228,cd871550a23e093f0b9cfd7cd37a9006ec66f45e2966f0262b7aa3601fc63a31
validation/stage2_diffuse_top_uclosure_2026-07-24/fix123_fix4_source_audit.log,142,29e3c9dbbb1fe70afde88976ace104a4e9802693f7cab83c6dd7ea877b2b3862
validation/stage2_eap_integrated/chl_expected_parity.csv,1798,2b6c995ff338fd64d3337e1a440be4d70e6e4a68505d73cb2fa19e65a187299b
validation/stage2_eap_integrated/nonchl_byte_regression_head.csv,5269,b5e1e997eef559dba2153db9ce6c74d0fe072f605c4963b86b49c3ffd15b4097
validation/stage2_eap_integrated/nonchl_byte_regression_tail.csv,758,9fedf2d5453d64aa6f504c3c71019276265914ba2e864216dab6b1581d94d9c8
validation/stage2_eap_integrated/runtime/runtime_raw.csv,365,5149fda97549f347e3b1821e7fd1b9b5e12f7763b2f1d13fa4289624dc1597a8
validation/stage2_eap_integrated/runtime/runtime_summary.txt,173,1c3deefb0bf77cba80639604c9018f37ab465c5dfecbf504e1757fa7a4f269af
validation/stage2_eap_integrated/runtime_after_absorption_lut/runtime_raw.csv,365,8048900471800a61afed66188d31cf5a105b4ba4064f7260e680977f44e564fb
validation/stage2_eap_integrated/runtime_after_absorption_lut/runtime_summary.txt,172,ea3be4850a520828bbc4b2c8a93aad746073d27a2103bce53b4ecbde9ef407e6
validation/stage2_eap_integrated/underwater_data_audit/OCRT_OSOAA_underwater_summary_2026-07-26.csv,8076,238b3afecac2353c51b4a47de15f04cb6e133cf42be5bd7022181f84fef5d40c
validation/stage2_eap_integrated/underwater_data_audit/OCRT_OSOAA_underwater_summary_RECOMPUTED_2026-07-26.csv,8162,0d0a908e59487f788ce302f202085e5a22f756fa5efaa4d755d26a53ea0186cc
validation/stage2_eap_integrated/underwater_data_audit/OCRT_OSOAA_underwater_validation_2026-07-26.csv,4970121,6cdcda786bcc746bf431a8436efb4ed9ae0402423781d8d9ef925925c7d084a6
validation/stage2_eap_integrated/underwater_data_audit/UNDERWATER_CAMPAIGN_CLAIM_RANGES.csv,315,d37ea97284a08a9755cd3db9bffd1972e290df58569bee967d084393c9a4b34d
validation/stage2_eap_integrated/underwater_data_audit/UNDERWATER_DATA_INTEGRITY_AUDIT.json,610,4f16c12156313400cb8d20323aae210615201cc026b8ec6bfdbd2e726fcdd544
validation/stage2_eap_integrated/underwater_data_audit/figures_recomputed/cdom_Rrs0plus_I_scatter.png,102875,5661440eb75339876fe840899a965fda30d5a06ff1a0d490c305fbec07fe8f36
validation/stage2_eap_integrated/underwater_data_audit/figures_recomputed/cdom_Rrs0plus_Q_scatter.png,107706,836fca848466f4b490c0e19d4ee0d7f060af0c7af82f8cab114b0a63a4ce4abc
validation/stage2_eap_integrated/underwater_data_audit/figures_recomputed/cdom_Rrs0plus_U_scatter.png,96054,b630fd0d6706011729af652fae253220458b911b916ce1b28e5b75644875c55d
validation/stage2_eap_integrated/underwater_data_audit/figures_recomputed/cdom_rrs0minus_I_scatter.png,92646,0a63a228a5ca1dbfda9a689f3bfb6713b1a8c32133adb966b7d44ce015af166e
validation/stage2_eap_integrated/underwater_data_audit/figures_recomputed/cdom_rrs0minus_Q_scatter.png,98417,b5de6056ba95d5f2dcd4a51a249adf43731289c0e477b2df650ae66bcc396cb8
validation/stage2_eap_integrated/underwater_data_audit/figures_recomputed/cdom_rrs0minus_U_scatter.png,93934,11eeb94a3145fec66cbb62cb3c259cb79e03ff0a9eb641f44056df77856689fe
validation/stage2_eap_integrated/underwater_data_audit/figures_recomputed/chl_Rrs0plus_I_scatter.png,90734,e47be3cb39b79c89624ce26440df337368c89239e1c97b61628a57c855a4ce5b
validation/stage2_eap_integrated/underwater_data_audit/figures_recomputed/chl_Rrs0plus_Q_scatter.png,93886,eed2a37c7aa5f6b159e706839eac05de68f8c7a8d8ed5d297bc172d7cae896a5
validation/stage2_eap_integrated/underwater_data_audit/figures_recomputed/chl_Rrs0plus_U_scatter.png,91453,b70cdf0b24a616c135f3fd8fde40957f5faec578a3dab8447ce3f0a94ffb5a41
validation/stage2_eap_integrated/underwater_data_audit/figures_recomputed/chl_rrs0minus_I_scatter.png,81747,3e31a36564a9e97d79c5eaf6eab619d824be7011ebf870be0244f4e1267229ef
validation/stage2_eap_integrated/underwater_data_audit/figures_recomputed/chl_rrs0minus_Q_scatter.png,92254,c457b437e549e3ac2c721bec6369de52a0b27901dad4f5329b5aad7feffdfe27
validation/stage2_eap_integrated/underwater_data_audit/figures_recomputed/chl_rrs0minus_U_scatter.png,90096,18a60d16b0781d37f3ba968913112919278246caede0eb280f29fb7297b36c86
validation/stage2_eap_integrated/underwater_data_audit/figures_recomputed/tsm_Rrs0plus_I_scatter.png,93425,55f789e7941ae4c30fbb8768f387bc828fd7dd8ec638f89482c9c26e4f9218bb
validation/stage2_eap_integrated/underwater_data_audit/figures_recomputed/tsm_Rrs0plus_Q_scatter.png,119993,a948f16c1ce2d1bcec00163611108b6881d2e800306a989c3996554f36ac6342
validation/stage2_eap_integrated/underwater_data_audit/figures_recomputed/tsm_Rrs0plus_U_scatter.png,94005,cc19a7d01334ff726508875f9eba97b09d275cfb8e96480952f7795ac6338f6c
validation/stage2_eap_integrated/underwater_data_audit/figures_recomputed/tsm_rrs0minus_I_scatter.png,90294,f104051bd216264bf9b57abd5682e07d56ed23e7df733b94169408d3a6c8917e
validation/stage2_eap_integrated/underwater_data_audit/figures_recomputed/tsm_rrs0minus_Q_scatter.png,90248,275db49595aa4339942fa9a6d6fd8fdc824a09768a1f3dc69aa4e409d6c8fbaf
validation/stage2_eap_integrated/underwater_data_audit/figures_recomputed/tsm_rrs0minus_U_scatter.png,99840,a090cf85514dd4f8f3d80cda390be4c039dad15100918e0d5a86c1a838e15945
validation/stage2_interface_fix123_2026-07-24/DIFFUSE_TOP_U_HYPOTHESIS_AUDIT.csv,497,38c8b4774d34cfd3ae89496820d56044ab6a84d6680a0729f7c6220963acb18f
validation/stage2_interface_fix123_2026-07-24/FIX1_VS_FIX123_SCOPE_METRICS.csv,1283,db00a950190734fbb48e45e7960e3dd6ed2255c78ecc2c9520df176ff4f9d76e
validation/stage2_interface_fix123_2026-07-24/OCRT_STAGE2_INTERFACE_FIX123_RUNTIME_RAW_20260724.csv,420,c358ab8905ba41cda9a097b78bfcd0dd0650b540ec178c7cc696a47e97765c9b
validation/stage2_interface_fix123_2026-07-24/OCRT_STAGE2_INTERFACE_FIX123_RUNTIME_SUMMARY_20260724.csv,332,3ac73565bf22392eec0c5ca86d9085b77406597652f3f438c8c11f940c80c513
validation/stage2_interface_fix123_2026-07-24/POLAR_LIMIT_FIX1_VS_FIX123.csv,699,cf9eaa88419398b2046d868f82c9dbbfdafab813b15094fc527ab208f16d2526
validation/stage2_interface_fix123_2026-07-24/RUN72_STATUS_20260724.csv,17424,226674cf30079cc8a0ab8d8efbce3228b987458e2973121aab02268c811f7efb
validation/stage2_interface_fix123_2026-07-24/TAW_FIX1_VS_FIX123_COMPONENT_SUMMARY.csv,2370,f9d62a9077e66efa8decc4cb44e0e971d7b1f7924912efacf57106ae2cee4baa
validation/stage2_interface_fix123_2026-07-24/final_binary_sha256.log,94,241deff6a26b708f9ca86d62c656beb5995247ea7d512c0d2061250089c415ab
validation/stage2_interface_fix123_2026-07-24/final_test_interface_fix123.log,119,9be1ef732542a740394880876324a809171c48ef5994851d668f5562178699fa
validation/stage2_interface_fix123_2026-07-24/final_test_water_raa_fix.log,78,e0eb7168c1a071aa49538e9c0d5ae728378e2b1a1874277efa04717ff7c71eac
validation/stage2_interface_fix123_2026-07-24/final_test_water_raa_output_regression.log,109,56df436fbac346807b239adeaf1c19e67d96398b11b41e4929cea3e4b534d4aa
validation/stage2_interface_fix123_2026-07-24/final_version.log,54,a876aa83ac08e832df62896e89b3477a540768f9e854220f08038af0ffe90dcf
validation/stage2_surface_pole_limit_2026-07-24/FINAL_CORE_REGRESSION_RESULTS.txt,2237,1cf8cb39d00db2292c67e6bd240336df3d1a62b4fee44951db07e03f0fa9667d
validation/stage2_surface_pole_limit_2026-07-24/FINAL_ZIP_VERIFICATION.txt,1649,399f3ca347a75c88f040a74379a58e2fa74673e4f035b66b51e0904ea0aafcda
validation/stage2_surface_pole_limit_2026-07-24/build_release.log,228,18f93f5a24e02a7532c184542661387b7ed01a65a168b1c95e428d9347f60ace
validation/stage2_surface_pole_limit_2026-07-24/build_reproducibility.log,387,e774821ca8406dbbb581eb7655c51796da329b7d088016726ec1a74596ac4e2c
validation/stage2_surface_pole_limit_2026-07-24/build_reproducibility_final.log,387,1b060936e4d7fb11083a90dda7255779ed499c02147697b224d9154621884c07
validation/stage2_surface_pole_limit_2026-07-24/data/BEFORE_AFTER_SCOPE_METRICS_POLE_LIMIT_20260724.csv,2531,afb3fe38e3da908fb3ed7ac4be56c4d9587e8c5276fbc78134e4a2f7f1d565e8
validation/stage2_surface_pole_limit_2026-07-24/data/MATCHED_OCRT_OSOAA_600CELLS_POLE_LIMIT_20260724.csv,628488,78c6016b574a043c4e144675a7bdc86f9c93dabfeb07aba0f272701fbafe3c5a
validation/stage2_surface_pole_limit_2026-07-24/data/OCRT_600CELL_BEFORE_AFTER_POLE_LIMIT_DELTA.csv,88341,7a4209bef3abf3f12c66f70a877c31e963d7a6c7883d00c1fa01cee4f614eb85
validation/stage2_surface_pole_limit_2026-07-24/data/POLE_LIMIT_OUTPUT_CHANGE_SUMMARY.csv,1091,0c27de8f0616946d46341cfb242fd3e089bc8983796638c6006f92363fa1176b
validation/stage2_surface_pole_limit_2026-07-24/data/RUNTIME_BENCHMARK_DECISION.json,419,6d28948d23534a41514270da58a7bf5309741e6bfef42181e0428952c3998f87
validation/stage2_surface_pole_limit_2026-07-24/data/RUNTIME_BENCHMARK_RAW.csv,305,3a3b253b0be31f31d6d5207f9496a55b0fe423124b6a1c487367f0ed31b8d938
validation/stage2_surface_pole_limit_2026-07-24/data/RUNTIME_BENCHMARK_SUMMARY.csv,241,00cea3f463491151991a7790880b0ce2f7afae9aff3740f6f573d3951912c397
validation/stage2_surface_pole_limit_2026-07-24/data/SAME_ARCH_SZA40_VZA0_PATCH_EFFECT.csv,2624,544fd77e52e544aa5a041c8e7204e8a9e6071fffd43c30c1f553c06d7bc8991b
validation/stage2_surface_pole_limit_2026-07-24/double_pole_audit/DOUBLE_POLE_PERTURBATION_AUDIT.csv,1003,b25a2c7bf4a39ce79aad56ff68f0f455cdce02d0da05109aa5df550295c051cc
validation/stage2_surface_pole_limit_2026-07-24/double_pole_audit/DOUBLE_POLE_PERTURBATION_SUMMARY.json,131,8bab31ec817b45e1724d26bd940ba24b8cb58ddcd0a4ac2925685d77831a0850
validation/stage2_surface_pole_limit_2026-07-24/double_pole_audit/pure_water_b412_s0_perturbed.csv,22909,17f737bc2a6a1bad5f52b7014bf2294864e585c5c3c1eb950aefd25a0f36b3e5
validation/stage2_surface_pole_limit_2026-07-24/double_pole_audit/pure_water_b443_s0_perturbed.csv,22909,a63506b894c0617c3c2261ef81367455a677d012d405bc14236c49359e49dd19
validation/stage2_surface_pole_limit_2026-07-24/double_pole_audit/pure_water_b490_s0_perturbed.csv,22909,93f2ce9bf6d376a0ad074aaa8fd9a45354a031662fba5035a8c5fafbdfdd8228
validation/stage2_surface_pole_limit_2026-07-24/double_pole_audit/pure_water_b555_s0_perturbed.csv,22885,23a7bfa943c1c2f51ad10d24ad8410c58ebebd883b72b31e766ad66dcb02c36c
validation/stage2_surface_pole_limit_2026-07-24/double_pole_audit/pure_water_b660_s0_perturbed.csv,22885,bc30eff7edcf825583fa52251ba6b2db6dfb2018cb64ea04984b44e93d9bca30
validation/stage2_surface_pole_limit_2026-07-24/double_pole_audit/pure_water_b865_s0_perturbed.csv,22884,de356b0df71c3ddeaf7ff797ebf7e2d9aa828d4f9168bd36c04dc7fc534d385b
validation/stage2_surface_pole_limit_2026-07-24/dtp_uclosure_regression.log,137,6ad1be90c32c4927254823fadd785c2770f8cc26ab88b6f086db04c5cd253046
validation/stage2_surface_pole_limit_2026-07-24/ext_bottom_regression.log,57,8194d0040fb71355a6acdcb92cf85cb2dd86acd3aea626905565e4bf8682b5b8
validation/stage2_surface_pole_limit_2026-07-24/figures/pole_continuity_before_after.png,100091,10e50d590ce238ef40a0820b738668425f7c259dce4ea123652ad0507be909b7
validation/stage2_surface_pole_limit_2026-07-24/figures/purewater150_Rrs0plus_I_scatter.png,107680,b7a25a50bafa49850ed0aa0371a334bacc0cc5ddfdf7fec30d245decbe5f82d9
validation/stage2_surface_pole_limit_2026-07-24/figures/purewater150_Rrs0plus_Q_scatter.png,120934,94b45cd0a8b7d7e5fe01672ab3680478d74b5b113d51385ff35d04a5f6b611e7
validation/stage2_surface_pole_limit_2026-07-24/figures/purewater150_Rrs0plus_U_scatter.png,107066,aa2169392f655cb279a5c8497051a629972ea683fd09f41f07ba3eadd7920d8c
validation/stage2_surface_pole_limit_2026-07-24/figures/purewater150_rrs0minus_I_scatter.png,102835,845ad159910286ff761f5b0a4aa10f960f0b2234ed3fcb8ab4b444aa1ea5369b
validation/stage2_surface_pole_limit_2026-07-24/figures/purewater150_rrs0minus_Q_scatter.png,103902,a039d843abcbdaa1342e0865aa1e34504f7f4aa7788739414c9772cc894a451b
validation/stage2_surface_pole_limit_2026-07-24/figures/purewater150_rrs0minus_U_scatter.png,102531,8de33fd60f242d87b04f6e6bb4231a12a5cb69c904e5138c5401977bde905003
validation/stage2_surface_pole_limit_2026-07-24/figures/spin2_leakage_before_after.png,57092,0a4be509bc66ae83ffed4201d11f5cec815e03015c1d030a68b2aeb605b27b4e
validation/stage2_surface_pole_limit_2026-07-24/figures/toa_vza0_443_s40_Q_before_after.png,117690,724afb4e3652bc8126403cba6f094cd452faac70d960a6830ef248ee57658429
validation/stage2_surface_pole_limit_2026-07-24/figures/toa_vza0_443_s40_U_before_after.png,117361,5feab7ae961eac543405807949c6e3b1f3ba68f0dadef4cd190e5d358e7d29ae
validation/stage2_surface_pole_limit_2026-07-24/interface_fix123_regression.log,142,29e3c9dbbb1fe70afde88976ace104a4e9802693f7cab83c6dd7ea877b2b3862
validation/stage2_surface_pole_limit_2026-07-24/pole_limit_regression.log,971,1157defc557c0c29dafa7736f4a2634a1753dbabd071e2e2ec4df92e7ab20293
validation/stage2_surface_pole_limit_2026-07-24/raa_convention_regression.log,144,24b269a1c3cdeb6296d3e2ac39515a221d02b8de465e10ed404a73014f17adf6
validation/stage2_surface_pole_limit_2026-07-24/run72/RUN72_STATUS_POLE_LIMIT_20260724.csv,16351,3c02395c66bfadfa9e51489a9a2e5e447eca16819b618f10582668a01d230600
validation/stage2_surface_pole_limit_2026-07-24/run72/RUN72_SUMMARY.json,215,16cd2b77efbfe1830fe4a2fd0e3becc587389cdc5183b633ba4e4767162e6c29
validation/stage2_surface_pole_limit_2026-07-24/run72/logs/cdom_0p01_b412_s0.log,6797,73c9e890fa176dd29b48ec9b18ede4ea7f9798e742dbe628fbda02293735db84
validation/stage2_surface_pole_limit_2026-07-24/run72/logs/cdom_0p01_b412_s40.log,6799,768cd12797f14d35e77c86ff3ff70ee066d974689a8883c18785a560d72f4c19
validation/stage2_surface_pole_limit_2026-07-24/run72/logs/cdom_0p01_b412_s80.log,6799,f6cd11df0e5b95329779a05c23e9a2346ec79f25c20ba77edbc604cab175fee0
validation/stage2_surface_pole_limit_2026-07-24/run72/logs/cdom_0p01_b443_s0.log,6797,c5dc67179cb742acfbf1f7261651b223ab4ed83fbfac717d69c7a2c321b5d37b
validation/stage2_surface_pole_limit_2026-07-24/run72/logs/cdom_0p01_b443_s40.log,6799,95a74af8f6effcab2bd12a5274c0d8aa96db1a76dcbe56e861ab5bc85e61e80c
validation/stage2_surface_pole_limit_2026-07-24/run72/logs/cdom_0p01_b443_s80.log,6799,f5385af26655b010a517b52c26be1de3ddf00830ca9d02bc910015e4013e05b7
validation/stage2_surface_pole_limit_2026-07-24/run72/logs/cdom_0p01_b490_s0.log,6797,bc340f2dd491412f215d36c55bdc5705e1b8efd734044b251cd21e3df47a4274
validation/stage2_surface_pole_limit_2026-07-24/run72/logs/cdom_0p01_b490_s40.log,6799,62ecacb81d4f26dd6b12e0b8e4c21de8d3cea06e59bc4a245222de277bb3a8dc
validation/stage2_surface_pole_limit_2026-07-24/run72/logs/cdom_0p01_b490_s80.log,6799,dc3c489f5b38f9f8140fe9bd64f83c7f81cead5bb65ba3d4711d5803d37981e5
validation/stage2_surface_pole_limit_2026-07-24/run72/logs/cdom_0p01_b555_s0.log,6797,33331d38c09cde93479fd33bab4c11756a8df7e5523cf6919be646022d73f7d6
validation/stage2_surface_pole_limit_2026-07-24/run72/logs/cdom_0p01_b555_s40.log,6799,4e65e47128f5af5b672a69b1b7a7003de410dd3df98ef56dc55da5149bfe2ca1
validation/stage2_surface_pole_limit_2026-07-24/run72/logs/cdom_0p01_b555_s80.log,6799,ecf39c8d68159cc13b96cbe3a3ed4af587c6d529e07ee2b6afb1ba969763a45a
validation/stage2_surface_pole_limit_2026-07-24/run72/logs/cdom_0p01_b660_s0.log,6797,8a8a58ca6d07785dfd6ffd128c9007877a7ab6cf5ec042293d52213081a41218
validation/stage2_surface_pole_limit_2026-07-24/run72/logs/cdom_0p01_b660_s40.log,6799,751fbc3b72dc5f9a9018cf9e5cef1b2d338e860fa1d1f58bb1953ef10d17982f
validation/stage2_surface_pole_limit_2026-07-24/run72/logs/cdom_0p01_b660_s80.log,6799,0fd65f1431dbebecfb7cafe02a1e4ff97b8f58ecb2e4549ee5b43bb657cf7086
validation/stage2_surface_pole_limit_2026-07-24/run72/logs/cdom_0p01_b865_s0.log,6797,cef8f4afbac49df33d583df06f7edd2d74b44ce81900ac09711e665d21125769
validation/stage2_surface_pole_limit_2026-07-24/run72/logs/cdom_0p01_b865_s40.log,6799,a40d6bb95d869ee515ff3b50170ccc0d22ccb47776ff2b15c7ca9ebc5ace8086
validation/stage2_surface_pole_limit_2026-07-24/run72/logs/cdom_0p01_b865_s80.log,6799,78c0baba2fd11784cd3875d33b912f85f8db4bdaab1a63d8b61ab781285d10b9
validation/stage2_surface_pole_limit_2026-07-24/run72/logs/cdom_0p1_b412_s0.log,6795,933f40972fac35dfce8fa52ff8c22a7dc6cc8c37a2fd1140013f9d5ed7b02701
validation/stage2_surface_pole_limit_2026-07-24/run72/logs/cdom_0p1_b412_s40.log,6797,6f5f8de72cfbbb45b5e3dc515ea08dd859d9847e6eb1138fab9bb6cd83cd289b
validation/stage2_surface_pole_limit_2026-07-24/run72/logs/cdom_0p1_b412_s80.log,6797,d9d4bcd831efc4127ceea032e98b64216d1345e3712e2a5f8549ab75b337c5b1
validation/stage2_surface_pole_limit_2026-07-24/run72/logs/cdom_0p1_b443_s0.log,6795,4bab6f923de3322ca207e8bb414476dee91474b4a50c11968d7a2c1316813e62
validation/stage2_surface_pole_limit_2026-07-24/run72/logs/cdom_0p1_b443_s40.log,6797,2cf5e4e9d88944fee2ca85528d42a5a3d5f52d7a496666c19923145e48fbc5a5
validation/stage2_surface_pole_limit_2026-07-24/run72/logs/cdom_0p1_b443_s80.log,6797,31a9ea393af939a51417dae70eecceed7bcf195877ef8a4831e1213e7237c06a
validation/stage2_surface_pole_limit_2026-07-24/run72/logs/cdom_0p1_b490_s0.log,6795,e4789fa706b6bb0cd399e6caad00606cadd064a087e6e8653e8308a972b3fd40
validation/stage2_surface_pole_limit_2026-07-24/run72/logs/cdom_0p1_b660_s0.log,6795,d849be9cff14a2ff8bacc10bd41d346fdc1fcb813b2b04d49a0094cc6ebced82
validation/stage2_surface_pole_limit_2026-07-24/run72/logs/cdom_0p1_b660_s40.log,6797,d173e85623d6d77122ef7d3762b6a1aadca39554e895ccf879a50330904cb8d0
validation/stage2_surface_pole_limit_2026-07-24/run72/logs/cdom_0p1_b660_s80.log,6797,169970022d1cb2f9a08c24e89162d0b2ca00329ee5f7c9074abf062db0482f36
validation/stage2_surface_pole_limit_2026-07-24/run72/logs/cdom_0p1_b865_s0.log,6795,8ad2f3732eb885c4cbabc62713e32b373a5ecbe021bd5145d2b0eb4564b9dd87
validation/stage2_surface_pole_limit_2026-07-24/run72/logs/cdom_0p1_b865_s40.log,6797,ce1b2d405dc0cac6a70f45c5879e7ff44a3bc718b8d389c08d33b744356917f7
validation/stage2_surface_pole_limit_2026-07-24/run72/logs/cdom_0p1_b865_s80.log,6797,5a062512403945706e89fcb14b207ccb96af4348b7b2f510e2ce1714e9be99f2
validation/stage2_surface_pole_limit_2026-07-24/run72/logs/cdom_1p0_b412_s0.log,6795,eb1affe0cab291ce3d634e80f081ce1cb16b10758e150708347160ff2dffea4d
validation/stage2_surface_pole_limit_2026-07-24/run72/logs/cdom_1p0_b412_s40.log,6797,95dfd2c7762b0fe36f12b2d6c45f35256df54e0efd02335d17b48037c7901764
validation/stage2_surface_pole_limit_2026-07-24/run72/logs/cdom_1p0_b412_s80.log,6797,871c4b26f43ef2843a474e05be1ff554cc9c0dec03b487195aa5aa0effcd7314
validation/stage2_surface_pole_limit_2026-07-24/run72/logs/cdom_1p0_b443_s0.log,6795,44d35d7ca4be9e60a6ce0fd3d446a6632b671a1a71c0651027fc7b61b8b8945c
validation/stage2_surface_pole_limit_2026-07-24/run72/logs/cdom_1p0_b443_s40.log,6797,81d65f3d3a76ab0b9ac7ced51f505eef2ce28c63bf05dc8550b494d0d322504b
validation/stage2_surface_pole_limit_2026-07-24/run72/logs/cdom_1p0_b443_s80.log,6797,12418111521c8ff1e139394161a06a4f9f34d17e910b94254422dac39e2ddaf1
validation/stage2_surface_pole_limit_2026-07-24/run72/logs/cdom_1p0_b490_s0.log,6795,d8172e5bf8e8bd8fc9acf6f2c58a9d1310e0138f417b8ca051b0c060fd8ce383
validation/stage2_surface_pole_limit_2026-07-24/run72/logs/cdom_1p0_b490_s40.log,6797,2bd4f7d1a87f3049d1702a1b0c9d50f6d793290c289ae0db0b3596594b30e1da
validation/stage2_surface_pole_limit_2026-07-24/run72/logs/cdom_1p0_b555_s40.log,6797,ce106d0410373028ff64ff3eeef04815af15a0e50d3fd45be0ebc51586e5b978
validation/stage2_surface_pole_limit_2026-07-24/run72/logs/cdom_1p0_b555_s80.log,6797,efc0ac5ee302d40d9e728482cc6c773e0cbd4aaccb1d31428619fd5e1381342b
validation/stage2_surface_pole_limit_2026-07-24/run72/logs/cdom_1p0_b660_s0.log,6795,eee0a4f7c5414f8498326e27e0c12c666804238e94fcb3f3a1c983880dbd9e6d
validation/stage2_surface_pole_limit_2026-07-24/run72/logs/cdom_1p0_b660_s40.log,6797,f6fcff2a5216ee2c709efe8e6edb8fba5cafd527afcd1770c6358f0ca6c3efe9
validation/stage2_surface_pole_limit_2026-07-24/run72/logs/cdom_1p0_b660_s80.log,6797,dc73ff1b1a7c2fe82ac22332d38564bd8e528dc3c9ebb5c5c8545c6a7452c870
validation/stage2_surface_pole_limit_2026-07-24/run72/logs/cdom_1p0_b865_s0.log,6795,d2ae560c65fbfc7144c6f919298337e423f8823c499a082e26ab2c7a020ee3c5
validation/stage2_surface_pole_limit_2026-07-24/run72/logs/cdom_1p0_b865_s40.log,6797,b830b420ce2087e99da5ebe15b321e0aa1b36a49ab64b7089dbbc4d3450c5b33
validation/stage2_surface_pole_limit_2026-07-24/run72/logs/cdom_1p0_b865_s80.log,6797,77cffcc34cc43c9908a9d0fcb819571da8088860400ccc55443de1291e42f9ba
validation/stage2_surface_pole_limit_2026-07-24/run72/logs/pure_water_b412_s0.log,1482,26671e78428a077649e985635c3cebdbf653c06678edcd20621a87e49b2b7b5a
validation/stage2_surface_pole_limit_2026-07-24/run72/logs/pure_water_b412_s40.log,1484,fc73ebef3a2335159dc658979f3197d69312a5a6a25e8f70471f20a720526a9b
validation/stage2_surface_pole_limit_2026-07-24/run72/logs/pure_water_b412_s80.log,1484,a4d51f4f5d37339b60a73e0f3823c0971eba06f1662e1cf3047ec744a0fc3ccc
validation/stage2_surface_pole_limit_2026-07-24/run72/logs/pure_water_b443_s0.log,1482,2f9f37cfda7206e6b74992cde6175937f38309d9acac959b6ca09f9ecdcf5399
validation/stage2_surface_pole_limit_2026-07-24/run72/logs/pure_water_b443_s40.log,1484,7d063d6ab178dd2fe83d64abb504ebe1bdfeeade707d5a056a0f44d2bf02f07c
validation/stage2_surface_pole_limit_2026-07-24/run72/logs/pure_water_b443_s80.log,1484,ef48dc49287305062d7ddb8d061fa934bd72eb05d097fe55bdd03d74c8ae8bc6
validation/stage2_surface_pole_limit_2026-07-24/run72/logs/pure_water_b490_s0.log,1482,c34d974dfeb511b2f64487891949188808128c3652baf0acc5d7196ec0b0574a
validation/stage2_surface_pole_limit_2026-07-24/run72/logs/pure_water_b490_s40.log,1484,0ab6db13bbaa15d065c2c15628cd49b736090f97973140f115d6037791ad4d22
validation/stage2_surface_pole_limit_2026-07-24/run72/logs/pure_water_b490_s80.log,1484,38bda3c7b3ea8c563a63d65fdfd3270db45384e7df9e792e3f62c66950ca7684
validation/stage2_surface_pole_limit_2026-07-24/run72/logs/pure_water_b555_s0.log,1482,66a5c7bfd66170c9a679a84f393e67bea3b48d8cf75cbb3b3849501e301b213b
validation/stage2_surface_pole_limit_2026-07-24/run72/logs/pure_water_b555_s40.log,1484,6203dca9cbb28d0ff3fabf2b25986bdffd761fd6660e8e5a37f6dd1fbb940383
validation/stage2_surface_pole_limit_2026-07-24/run72/logs/pure_water_b555_s80.log,1484,bf0d6fe2279d11eeec07df9d116c9834ce0323f2b3c010f301e100ab1a6fbcdb
validation/stage2_surface_pole_limit_2026-07-24/run72/outputs/cdom_0p01_b412_s0.csv,22909,b02f42c729adb5c849b0a79a6421b4c14d7c9b73c8994820e36004d466d3f8b9
validation/stage2_surface_pole_limit_2026-07-24/run72/outputs/cdom_0p01_b412_s40.csv,22905,fe4bba4e6d03cce475fb209e129ad02ef36180be2a7d50630e00b53dc624dfce
validation/stage2_surface_pole_limit_2026-07-24/run72/outputs/cdom_0p01_b412_s80.csv,22901,ee002dc71aeb8c93be85ec15cc0ff9f7ea81d58dfffd54bb02dab728fbeb8dc7
validation/stage2_surface_pole_limit_2026-07-24/run72/outputs/cdom_0p01_b443_s0.csv,22909,341a2d318fda7ad798b0b6fed596fde605121fc8861e871cba315cfb87e47d3b
validation/stage2_surface_pole_limit_2026-07-24/run72/outputs/cdom_0p01_b443_s40.csv,22905,d6949c3d79f34fdc5eb614653162abf49a2a5118bae66c014e3c1e62ad432bba
validation/stage2_surface_pole_limit_2026-07-24/run72/outputs/cdom_0p01_b443_s80.csv,22899,1dff98ad50ceb8c41f8262768c357659d1976bb95908a61bc9d9d9b78ef7b927
validation/stage2_surface_pole_limit_2026-07-24/run72/outputs/cdom_0p01_b490_s0.csv,22909,820b0cb29d7f32de87e99776483038a5be0a934b54cc881896356c5de806dec6
validation/stage2_surface_pole_limit_2026-07-24/run72/outputs/cdom_0p01_b490_s40.csv,22909,8ce0d405169ef647722aa402c02b85cea1bc25aec7d234b27466a3508a2e331d
validation/stage2_surface_pole_limit_2026-07-24/run72/outputs/cdom_0p01_b490_s80.csv,22899,0f46bc0bb1ef7f97bedfba684bc880902f96d03d6dd0b3f356d3c2d8ee9ca9b4
validation/stage2_surface_pole_limit_2026-07-24/run72/outputs/cdom_0p01_b555_s0.csv,22885,a9ee655109c23de18802cb9bd86f6bfcbf9d3b481fc45b05a5a2a966ca422996
validation/stage2_surface_pole_limit_2026-07-24/run72/outputs/cdom_0p01_b555_s40.csv,22881,3e4c352dfe84f59cc063bbbae91f9decf77f753d8f9ba796f51ded9ec7af5afe
validation/stage2_surface_pole_limit_2026-07-24/run72/outputs/cdom_0p01_b555_s80.csv,22873,2ae2941b9cd471a268820578e36a50468b0dfe1d3976e9d4d06d33f7844ed751
validation/stage2_surface_pole_limit_2026-07-24/run72/outputs/cdom_0p01_b660_s0.csv,22885,efea8712dd839f3dfcd82e229518aba008d1ce74a7395d71b73c3f6eb3898b01
validation/stage2_surface_pole_limit_2026-07-24/run72/outputs/cdom_0p01_b660_s40.csv,22880,90227e11f325f0d98cef9ec7099f213769cd5e1897d576eae805ec7e7df6643d
validation/stage2_surface_pole_limit_2026-07-24/run72/outputs/cdom_0p01_b660_s80.csv,22869,782b0c3135b010177205b96e5c9dbd7aa1fa5d9c181661fa2518f5fa6dfc2a33
validation/stage2_surface_pole_limit_2026-07-24/run72/outputs/cdom_0p01_b865_s0.csv,22884,2ee4d34bf911d7857211a230b4b469c882e26abf036229b3b72f39613c0d14ec
validation/stage2_surface_pole_limit_2026-07-24/run72/outputs/cdom_0p01_b865_s40.csv,22880,4be3c385755c5b5427b2459318fb2c7d5936096d03a3ac1c1cd60e204fdc3992
validation/stage2_surface_pole_limit_2026-07-24/run72/outputs/cdom_0p01_b865_s80.csv,22866,1061121cde66c7ddb87757c871c171fad798d0e9dbbbc7af62ff5e45a2fbd98e
validation/stage2_surface_pole_limit_2026-07-24/run72/outputs/cdom_0p1_b412_s0.csv,22885,9cfb5efca913fd8a8d4bb2ec186fa63e2b41db8eb6f35d8a3f3103141b6b013f
validation/stage2_surface_pole_limit_2026-07-24/run72/outputs/cdom_0p1_b412_s40.csv,22881,0ccfcd73947181e5a444688ff564acd5100e368f2a7b17d29011da5d64314e1e
validation/stage2_surface_pole_limit_2026-07-24/run72/outputs/cdom_0p1_b412_s80.csv,22877,d87c6e83bb4b0a23097cee0d129c04d88078cae8d5bca8cb756373a3e131ac71
validation/stage2_surface_pole_limit_2026-07-24/run72/outputs/cdom_0p1_b443_s0.csv,22885,19e1303722860678b2eb97a760eb63daa2a74bd43b9549eff21b9fdba68877a6
validation/stage2_surface_pole_limit_2026-07-24/run72/outputs/cdom_0p1_b443_s40.csv,22885,d786ea5d440d178844c87bce673a9837bbfa0a9ec2eea95e15cea57ad10e1fdb
validation/stage2_surface_pole_limit_2026-07-24/run72/outputs/cdom_0p1_b443_s80.csv,22875,57a083894a2b184a4ac1a7a472ac9efc5430cb1bf27bd90523bb6ace12eb044d
validation/stage2_surface_pole_limit_2026-07-24/run72/outputs/cdom_0p1_b490_s0.csv,22885,a07752372c4d36de6a1844e2e7d96de7084d6f146d9d02d814f02116434ccfe7
validation/stage2_surface_pole_limit_2026-07-24/run72/outputs/cdom_0p1_b490_s40.csv,22885,13403ffb2fbc385045f0075510eb6591320b6e125cccafab1d091f0b9c950e09
validation/stage2_surface_pole_limit_2026-07-24/run72/outputs/cdom_0p1_b490_s40.stderr.txt,6781,6cb1478058595fd6190057b61d0e11a29fe5daab7c96ea866100e985b5a3ee25
validation/stage2_surface_pole_limit_2026-07-24/run72/outputs/cdom_0p1_b490_s40.stdout.txt,0,e3b0c44298fc1c149afbf4c8996fb92427ae41e4649b934ca495991b7852b855
validation/stage2_surface_pole_limit_2026-07-24/run72/outputs/cdom_0p1_b490_s80.csv,22875,3a5089eb4374b5229b440b398699f2298c35b6180b5f77f55a5ea0ea40058fdd
validation/stage2_surface_pole_limit_2026-07-24/run72/outputs/cdom_0p1_b490_s80.stderr.txt,6781,7ffade60227c6bcfe0cb3943b3df1b93f347058312747bd90365425e2abf8da2
validation/stage2_surface_pole_limit_2026-07-24/run72/outputs/cdom_0p1_b490_s80.stdout.txt,0,e3b0c44298fc1c149afbf4c8996fb92427ae41e4649b934ca495991b7852b855
validation/stage2_surface_pole_limit_2026-07-24/run72/outputs/cdom_0p1_b555_s0.csv,22885,fc374b6081d7c46ccb87cb09de04c996b82893be58e80cf027ee2f913efdee63
validation/stage2_surface_pole_limit_2026-07-24/run72/outputs/cdom_0p1_b555_s0.stderr.txt,6779,4974217e47b450de7fd617023826c02a98664bf9cb190c0759ac5f2cdd8ffe1d
validation/stage2_surface_pole_limit_2026-07-24/run72/outputs/cdom_0p1_b555_s0.stdout.txt,0,e3b0c44298fc1c149afbf4c8996fb92427ae41e4649b934ca495991b7852b855
validation/stage2_surface_pole_limit_2026-07-24/run72/outputs/cdom_0p1_b555_s40.csv,22881,7076080a4ac32df7e331a722df915bd2c935ea1b90dec383703267edb5ebc756
validation/stage2_surface_pole_limit_2026-07-24/run72/outputs/cdom_0p1_b555_s40.stderr.txt,6781,b5c57128f051f91207aa5b02bc8f5da04dca7a2e581a2c5736c955c83266f9f7
validation/stage2_surface_pole_limit_2026-07-24/run72/outputs/cdom_0p1_b555_s40.stdout.txt,0,e3b0c44298fc1c149afbf4c8996fb92427ae41e4649b934ca495991b7852b855
validation/stage2_surface_pole_limit_2026-07-24/run72/outputs/cdom_0p1_b555_s80.csv,22873,a11fe1a226992b725755fab74e31118e38adf61b3661553fc3bd191b755a87e8
validation/stage2_surface_pole_limit_2026-07-24/run72/outputs/cdom_0p1_b555_s80.stderr.txt,6781,7dbdcd8414aa579e0338cf36e67b44a92fb303bad75522970eff5ab927b6ea22
validation/stage2_surface_pole_limit_2026-07-24/run72/outputs/cdom_0p1_b555_s80.stdout.txt,0,e3b0c44298fc1c149afbf4c8996fb92427ae41e4649b934ca495991b7852b855
validation/stage2_surface_pole_limit_2026-07-24/run72/outputs/cdom_0p1_b660_s0.csv,22885,4140863aacb20ca35f66785f9294db84dfca542e0b349220abb04f0eb1936c10
validation/stage2_surface_pole_limit_2026-07-24/run72/outputs/cdom_0p1_b660_s40.csv,22880,aa828d9d2c75dfa69faa8213ba24a8c4c74caad51e1e5d7c2ee6ccbe76a997b1
validation/stage2_surface_pole_limit_2026-07-24/run72/outputs/cdom_0p1_b660_s80.csv,22869,f4fe704505cb8ff6ead76add3aa1e3e5e18748701c1f581e77f12e06e2730223
validation/stage2_surface_pole_limit_2026-07-24/run72/outputs/cdom_0p1_b865_s0.csv,22884,5d0cb5aafd5eaff9d80dce07cc2627b374d96f7c575a773693b834300d46046d
validation/stage2_surface_pole_limit_2026-07-24/run72/outputs/cdom_0p1_b865_s40.csv,22880,64423fc4072f404a7f636a334561fe2f16f0643a8757968912b27ebeb2b02829
validation/stage2_surface_pole_limit_2026-07-24/run72/outputs/cdom_0p1_b865_s80.csv,22866,7df1f585c8f4eadb7e502cb466bf5d3c2b5c7f906460c3e904cee6c30f54a699
validation/stage2_surface_pole_limit_2026-07-24/run72/outputs/cdom_1p0_b412_s0.csv,22885,51b43445a3ce598574da642eb1af2d8a1b07d834a326b9a67ae9fd63e9c69d40
validation/stage2_surface_pole_limit_2026-07-24/run72/outputs/cdom_1p0_b412_s40.csv,22885,d887a1ab9696f37fc62771f0fd96c43adea055c7b26b3e5f4a093d464226d333
validation/stage2_surface_pole_limit_2026-07-24/run72/outputs/cdom_1p0_b412_s80.csv,22877,6318d972c30fa282243b34031b7b6b64401917deb8cd179832c152d800bc12d5
validation/stage2_surface_pole_limit_2026-07-24/run72/outputs/cdom_1p0_b443_s0.csv,22885,f331de85cf18a6421db036f6a98db7e0ce1bd1adcfff61c02bd289462ce935c8
validation/stage2_surface_pole_limit_2026-07-24/run72/outputs/cdom_1p0_b443_s40.csv,22885,df4eb0c02c2fe70cd90258d8088067f23e03edc24d15f1acfd23ffde3a99a00d
validation/stage2_surface_pole_limit_2026-07-24/run72/outputs/cdom_1p0_b443_s80.csv,22875,92b2b3b03c56651bde2d50e037cbfb501f2bac2f386e0d8c94ced8557858c6b4
validation/stage2_surface_pole_limit_2026-07-24/run72/outputs/cdom_1p0_b490_s0.csv,22885,c2b61dfb60f2ab383474a7ca64de420e65eed05018cdc6eff795cbdf26d3f012
validation/stage2_surface_pole_limit_2026-07-24/run72/outputs/cdom_1p0_b490_s40.csv,22885,8dde078ab11180a02f10514a2d85a75bf58d0a79ecc8522bc5b36df52a4b177d
validation/stage2_surface_pole_limit_2026-07-24/run72/outputs/cdom_1p0_b490_s80.csv,22875,736cef8d2529f4224fa48287897a2013fbc3535de84cb2b994ade26cb7b9a9d8
validation/stage2_surface_pole_limit_2026-07-24/run72/outputs/cdom_1p0_b490_s80.stderr.txt,6781,ba98cbfdd05892e442773a787178ffa69b10bd1f0c29ebf5ea138df7105045b1
validation/stage2_surface_pole_limit_2026-07-24/run72/outputs/cdom_1p0_b490_s80.stdout.txt,0,e3b0c44298fc1c149afbf4c8996fb92427ae41e4649b934ca495991b7852b855
validation/stage2_surface_pole_limit_2026-07-24/run72/outputs/cdom_1p0_b555_s0.csv,22885,3a947db6a45c771e681fd325ac167bef387e6081e5598d002146c177d3a55ab6
validation/stage2_surface_pole_limit_2026-07-24/run72/outputs/cdom_1p0_b555_s0.stderr.txt,6779,1e9105057ac4e89d308dc852d819cee85d58d720df718d0614f2d041e981f46d
validation/stage2_surface_pole_limit_2026-07-24/run72/outputs/cdom_1p0_b555_s0.stdout.txt,0,e3b0c44298fc1c149afbf4c8996fb92427ae41e4649b934ca495991b7852b855
validation/stage2_surface_pole_limit_2026-07-24/run72/outputs/cdom_1p0_b555_s40.csv,22881,5977099a82632725c715d5ca9cab36041997b0c4dd8d883ea9b1cf5a45563309
validation/stage2_surface_pole_limit_2026-07-24/run72/outputs/cdom_1p0_b555_s80.csv,22873,46747f9f282f49456849a38c69a4fa315c28e1aed195f61796f5742415a755a7
validation/stage2_surface_pole_limit_2026-07-24/run72/outputs/cdom_1p0_b660_s0.csv,22885,bef5315b6975b898dff5292140e1e364068db5463bd3f85f84225bbe7a1cd40b
validation/stage2_surface_pole_limit_2026-07-24/run72/outputs/cdom_1p0_b660_s40.csv,22880,6b1f395444c28a53664158206fcaba7f3b3539c1b7b0cb5e07e0fd6e9c4a8cb3
validation/stage2_surface_pole_limit_2026-07-24/run72/outputs/cdom_1p0_b660_s80.csv,22869,6765f5ffc660074d1857df0659fbdf57f2a9d54f4e8674e191cebd008ba77e60
validation/stage2_surface_pole_limit_2026-07-24/run72/outputs/cdom_1p0_b865_s0.csv,22884,97a24c362c10c08c20c159254f444494a16597c9818c4da382b5d94236543735
validation/stage2_surface_pole_limit_2026-07-24/run72/outputs/cdom_1p0_b865_s40.csv,22880,e57ca295f88bc8b450168758419b7b3819b1a21983aaa2f7eeb3e543aab286e5
validation/stage2_surface_pole_limit_2026-07-24/run72/outputs/cdom_1p0_b865_s80.csv,22866,336bc6a8bc91192d1404274dfc231eb979f3dd5300de890357c900b9771c9944
validation/stage2_surface_pole_limit_2026-07-24/run72/outputs/pure_water_b412_s0.csv,22909,17f737bc2a6a1bad5f52b7014bf2294864e585c5c3c1eb950aefd25a0f36b3e5
validation/stage2_surface_pole_limit_2026-07-24/run72/outputs/pure_water_b412_s40.csv,22903,2753f3e7c5e89ee396dd35fe6fb16f9e2cc7c2e1205be5e2c4ae7ccad41855b5
validation/stage2_surface_pole_limit_2026-07-24/run72/outputs/pure_water_b412_s80.csv,22901,d6690aab96b69484cf4ff92e2f40ba40dd04bef4f38a4379db8e0786515af989
validation/stage2_surface_pole_limit_2026-07-24/run72/outputs/pure_water_b443_s0.csv,22909,a63506b894c0617c3c2261ef81367455a677d012d405bc14236c49359e49dd19
validation/stage2_surface_pole_limit_2026-07-24/run72/outputs/pure_water_b443_s40.csv,22905,10356d807097df74028386fed0197d6dcd71d729d474fb12a1d7db4a17f0b8df
validation/stage2_surface_pole_limit_2026-07-24/run72/outputs/pure_water_b443_s80.csv,22899,2150289e7fe6366f9757710f3b722e2c50dd8efc3149d4e2eb7cddec2de6e4db
validation/stage2_surface_pole_limit_2026-07-24/run72/outputs/pure_water_b490_s0.csv,22909,93f2ce9bf6d376a0ad074aaa8fd9a45354a031662fba5035a8c5fafbdfdd8228
validation/stage2_surface_pole_limit_2026-07-24/run72/outputs/pure_water_b490_s40.csv,22909,ae34772e63c2d1a6e74d6211b5d870dab692d904377f07fe8b99f6d9c596bd26
validation/stage2_surface_pole_limit_2026-07-24/run72/outputs/pure_water_b490_s80.csv,22899,efd49600d8634a2487cc380d946a2c2a98d8f41d5f0da108795ee4b20a1af8ee
validation/stage2_surface_pole_limit_2026-07-24/run72/outputs/pure_water_b555_s0.csv,22885,23a7bfa943c1c2f51ad10d24ad8410c58ebebd883b72b31e766ad66dcb02c36c
validation/stage2_surface_pole_limit_2026-07-24/run72/outputs/pure_water_b555_s40.csv,22881,99fd3576ecd3630da602f60a20a4ef8562fb8b954467b8ba9a50f051d277e212
validation/stage2_surface_pole_limit_2026-07-24/run72/outputs/pure_water_b555_s80.csv,22873,0aa8e650fa09f2aef3e0b2aa476806f9cb3b3162b2b66582cf24796513953074
validation/stage2_surface_pole_limit_2026-07-24/run72/outputs/pure_water_b660_s0.csv,22885,bc30eff7edcf825583fa52251ba6b2db6dfb2018cb64ea04984b44e93d9bca30
validation/stage2_surface_pole_limit_2026-07-24/run72/outputs/pure_water_b660_s0.stderr.txt,1466,64354d73848a8310f4299bcd8bd36c540e5dfb2ab0e96b9c9a101cd2fd524fbd
validation/stage2_surface_pole_limit_2026-07-24/run72/outputs/pure_water_b660_s0.stdout.txt,0,e3b0c44298fc1c149afbf4c8996fb92427ae41e4649b934ca495991b7852b855
validation/stage2_surface_pole_limit_2026-07-24/run72/outputs/pure_water_b660_s40.csv,22880,9b871164f1291099a1b1300524e3939a1b857812dc2ecfabb124a2ca6aaa2163
validation/stage2_surface_pole_limit_2026-07-24/run72/outputs/pure_water_b660_s40.stderr.txt,1468,67409aa941be6adf8c5e2cc8fe32ec6048a99a984f6859e724e28205ea350d49
validation/stage2_surface_pole_limit_2026-07-24/run72/outputs/pure_water_b660_s40.stdout.txt,0,e3b0c44298fc1c149afbf4c8996fb92427ae41e4649b934ca495991b7852b855
validation/stage2_surface_pole_limit_2026-07-24/run72/outputs/pure_water_b660_s80.csv,22869,12fe74d6ce59b9eba8c02663813e5157f37b1bb174872b7c1f9e9bcde203aa87
validation/stage2_surface_pole_limit_2026-07-24/run72/outputs/pure_water_b660_s80.stderr.txt,1468,f48ee8bf9deade40b1c03c2a8b90fdcba24bbd765403c006f5399e11ce29ce45
validation/stage2_surface_pole_limit_2026-07-24/run72/outputs/pure_water_b660_s80.stdout.txt,0,e3b0c44298fc1c149afbf4c8996fb92427ae41e4649b934ca495991b7852b855
validation/stage2_surface_pole_limit_2026-07-24/run72/outputs/pure_water_b865_s0.csv,22884,de356b0df71c3ddeaf7ff797ebf7e2d9aa828d4f9168bd36c04dc7fc534d385b
validation/stage2_surface_pole_limit_2026-07-24/run72/outputs/pure_water_b865_s0.stderr.txt,1466,76526b3777b7b89dbc4ade48570e9e5916b2e4b262ca6e79ce03960d28bdb205
validation/stage2_surface_pole_limit_2026-07-24/run72/outputs/pure_water_b865_s0.stdout.txt,0,e3b0c44298fc1c149afbf4c8996fb92427ae41e4649b934ca495991b7852b855
validation/stage2_surface_pole_limit_2026-07-24/run72/outputs/pure_water_b865_s40.csv,22880,f1ad71d20be868576d12dafff84e549626de216672fd224be5ff67036a4be3e2
validation/stage2_surface_pole_limit_2026-07-24/run72/outputs/pure_water_b865_s40.stderr.txt,1468,620f381debf1c90ba772403508380cbe55baca42849406efd0b7cd6091d83e45
validation/stage2_surface_pole_limit_2026-07-24/run72/outputs/pure_water_b865_s40.stdout.txt,0,e3b0c44298fc1c149afbf4c8996fb92427ae41e4649b934ca495991b7852b855
validation/stage2_surface_pole_limit_2026-07-24/run72/outputs/pure_water_b865_s80.csv,22866,29b666585dfb96fc8c35d8497b8c7e3c7d893c29fcf7c81c52c9db82d087bc06
validation/stage2_surface_pole_limit_2026-07-24/run72/outputs/pure_water_b865_s80.stderr.txt,1468,3743b8f3b82d857966a17a08a39478e3ddf5af96bb46c37c95feb72dabca1e9c
validation/stage2_surface_pole_limit_2026-07-24/run72/outputs/pure_water_b865_s80.stdout.txt,0,e3b0c44298fc1c149afbf4c8996fb92427ae41e4649b934ca495991b7852b855
validation/stage2_surface_pole_limit_2026-07-24/runtime_tmp.csv,22905,10356d807097df74028386fed0197d6dcd71d729d474fb12a1d7db4a17f0b8df
validation/stage2_surface_pole_limit_2026-07-24/same_arch_before_after/SAME_ARCH_BEFORE_AFTER_PUREWATER_SZA0.csv,1389,1a5f05a7b79fd4bd54d8d59cfff92073675271b5daefa822df4df6358e9c414b
validation/stage2_surface_pole_limit_2026-07-24/same_arch_before_after/SAME_ARCH_BEFORE_AFTER_PUREWATER_SZA40.csv,1407,feff9e162e0244a498f0ab9e13db31c33b6a9180223879f5b30d4406aa1f6a7b
validation/stage2_surface_pole_limit_2026-07-24/same_arch_before_after/pure_water_b412_s0_before.csv,22907,fdcd832dcd5d1e9bc74114be626b2490c375b7c3ab9da4a2ba11c4ce85d1413a
validation/stage2_surface_pole_limit_2026-07-24/same_arch_before_after/pure_water_b412_s40_before.csv,22901,01ea08f83280d9e86a723f75f5ca6648c064dbd45971fd15ebe815acdf5e417c
validation/stage2_surface_pole_limit_2026-07-24/same_arch_before_after/pure_water_b443_s0_before.csv,22907,6cdb467cfc7a4fc47171145e417cb4d080e9acb488afccdca420302c649f06bb
validation/stage2_surface_pole_limit_2026-07-24/same_arch_before_after/pure_water_b443_s40_before.csv,22903,950dce387acc74d2ccb3b95c99f82ce7156684e36eb26b9d5353853be8fc762e
validation/stage2_surface_pole_limit_2026-07-24/same_arch_before_after/pure_water_b490_s0_before.csv,22907,9a08f15cc03a699926fe8970e1224043bec4d1ceb5acc2c64d50578de6e7c1f1
validation/stage2_surface_pole_limit_2026-07-24/same_arch_before_after/pure_water_b490_s40_before.csv,22907,8133ac093c74adda1827055f00154ba6e30c1a040c67a48330f8a3bb4b0d2ec3
validation/stage2_surface_pole_limit_2026-07-24/same_arch_before_after/pure_water_b555_s0_before.csv,22883,f817f233daa368552b2ec9470ed05715365a9ece81ad10f57c2fcddfe390d1d9
validation/stage2_surface_pole_limit_2026-07-24/same_arch_before_after/pure_water_b555_s40_before.csv,22879,1480d9f1cc8585888e7671d1c269364083b05eaa13ceceb0cb38779ba51cb352
validation/stage2_surface_pole_limit_2026-07-24/same_arch_before_after/pure_water_b660_s0_before.csv,22883,eaf035d6bf5742ae6a82ec5cbdde9b453294a068819dbf9eb8fc06002d2cd08c
validation/stage2_surface_pole_limit_2026-07-24/same_arch_before_after/pure_water_b660_s40_before.csv,22878,26eaccd301d64f12530e3c5f6889ccb565b0fcf59ef3f07fb4fe233029978463
validation/stage2_surface_pole_limit_2026-07-24/same_arch_before_after/pure_water_b865_s0_before.csv,22882,8f83fe0521678a431eec88fb656d19946125855543c1cce53ab6a3e31aee4c88
validation/stage2_surface_pole_limit_2026-07-24/same_arch_before_after/pure_water_b865_s40_before.csv,22878,2abcdfada9417511d0c87c5bad86835e39dd8e3150a450bb674bfde81bcbe924
validation/stage2_surface_pole_limit_2026-07-24/water_raa_regression.log,78,e0eb7168c1a071aa49538e9c0d5ae728378e2b1a1874277efa04717ff7c71eac
validation/stage2_taw_operator_audit_2026-07-24/DEPTH_SWEEP_SUMMARY.csv,1407,8983b1da14d156ac6b2c47b86307e3cc8584aad7b7cd66834d1a9844f5a7490b
validation/stage2_taw_operator_audit_2026-07-24/OCRT_STAGE2_WATER_DEPTH_CONVERGENCE_20260724.png,147474,48059b3f403e9f340c8daf681dfba72a912f0a42c647a1c2f946b3c38f28187a
validation/stage2_taw_operator_audit_2026-07-24/TAW_M11_scatter.png,73903,fb081a6ce25ffd743dfb57ffbf4144e0f241e5bd9ee5c63fae6c1841a5c8675f
validation/stage2_taw_operator_audit_2026-07-24/TAW_M12_scatter.png,84684,dec40609f3e21e4d003618d320fb6d45179f72f0677e9a5d3040bad790537a75
validation/stage2_taw_operator_audit_2026-07-24/TAW_M13_scatter.png,118859,687317a1d6936e087d4b58d3000015111f3cbf45cbc670a80cd9f0f236711efd
validation/stage2_taw_operator_audit_2026-07-24/TAW_M21_scatter.png,86375,08d9b1801f6949d4b4e2cbbeb2cbd4a6a9501ea7ff4513467c534cee7c0fbdf1
validation/stage2_taw_operator_audit_2026-07-24/TAW_M22_scatter.png,74662,bbb8c904f6f01ca603246bf00444ae658f780e3504e41f7cb83a513058ec4523
validation/stage2_taw_operator_audit_2026-07-24/TAW_M23_scatter.png,70411,3e59f81ebd677849ff5b630123ae830685305c8e9219e6f806c8a217e3f7479a
validation/stage2_taw_operator_audit_2026-07-24/TAW_M31_scatter.png,125300,f48cb0ee9c12e4f78268db45970d8eb600d426c40ebb6aed01c64917656fe7e7
validation/stage2_taw_operator_audit_2026-07-24/TAW_M32_scatter.png,71942,ae0c2178ead680b2a76b614d26476462058c76bb40f3496dc3e90adbf65ee866
validation/stage2_taw_operator_audit_2026-07-24/TAW_M33_scatter.png,75742,053533da59427330e1ad273fc6a7d3a581cdcfb0c3620dc7bc82168ca1224e23
validation/stage2_taw_operator_audit_2026-07-24/TAW_NPHI_CONVERGENCE.csv,6867,83901c9402d8c9d64c8f85d16161e8dd733310a6b25234287dd489de16c2ad99
validation/stage2_taw_operator_audit_2026-07-24/TAW_NPHI_RUNTIME.csv,129,1441f9b002ed3a25b6a25bd2d56106eee5b341d9709d958d11871db98f8bfa36
validation/stage2_taw_operator_audit_2026-07-24/TAW_OPERATOR_AUDIT_MANIFEST.json,1406,b88c397dfd276a1760e89a06a1483c130a5a713a0e8c61950e65a6d7d8bf0a0e
validation/stage2_taw_operator_audit_2026-07-24/TAW_OPERATOR_AUDIT_SUMMARY.csv,4682,5acb892a6af85d16a1626265d4513d4b1135d4405710ec5c388282063fedf660
validation/stage2_taw_operator_audit_2026-07-24/TAW_QCONVENTION_AUDIT.csv,8742,b5c89688c348c71058804a59e79ff9cf4f994075268dc09b4d80ba8189b4d272
validation/stage2_taw_operator_audit_2026-07-24/TAW_ROTATION_VARIANT_AUDIT.csv,15833,cd55da051268a680a04e665466eac72ca79864a8365ddf116635d35b7fbbcc44
validation/stage2_taw_operator_audit_2026-07-24/recalculated/RECALCULATED_METRICS.csv,862,ab078c06c37250a63ce9bfa1a0426aa693e162008cfa732a0fa8fbe7f343be02
validation/stage2_taw_operator_audit_2026-07-24/recalculated/attached_gate_0minus_I_scatter.png,88886,f79d0447b0db65035959a7a4e4a1aa855e36d731b639cd61cb9284efcdc60049
validation/stage2_taw_operator_audit_2026-07-24/recalculated/attached_gate_0minus_Q_scatter.png,88307,5ac03c2aefbd9b7d0f4bb6d29b4b49a2076526425f1a5725bb81c4773a33d067
validation/stage2_taw_operator_audit_2026-07-24/recalculated/attached_gate_0minus_U_scatter.png,86962,8ede26fafa2293149343d662fc7ba448a71b7ce47bac62f668600e1088fbea01
validation/stage2_taw_operator_audit_2026-07-24/recalculated/attached_gate_0plus_I_scatter.png,95397,a91f4741948bcd05cfb2735689e807dc58cfb360fab96b8690c4d9b1c64d31b1
validation/stage2_taw_operator_audit_2026-07-24/recalculated/attached_gate_0plus_Q_scatter.png,96221,6b1338ea308d4a25dde017eb7a96d9bb8cc6d3785cd4766131e00a6d0e5f4548
validation/stage2_taw_operator_audit_2026-07-24/recalculated/attached_gate_0plus_U_scatter.png,92975,90b85ee8a07b920fc1b9565473afc7824ca65d26e1fb7be878150480966c900b
validation/stage2_taw_operator_audit_2026-07-24/recalculated/interface_testbed_I_scatter.png,84894,7b9a7a7990dbc6ab39449f956689e742abc42f3bd42ab63b8f8fcbaa9fd275f6
validation/stage2_taw_operator_audit_2026-07-24/recalculated/interface_testbed_Q_over_I_scatter.png,71335,32f332e6d6267cbe87942583ac1238901ead13472b44c1b5fb991566e7aba777
validation/stage2_taw_operator_audit_2026-07-24/recalculated/interface_testbed_U_over_I_scatter.png,83807,6c12105a0eae793a60da59a48d43810d8e5c6a3d95b9a9755acf144f95a8e40f
validation/stage2_underwater_handoff_2026-07-26/OCRT_OSOAA_underwater_summary_2026-07-26.csv,8076,238b3afecac2353c51b4a47de15f04cb6e133cf42be5bd7022181f84fef5d40c
validation/stage2_underwater_handoff_2026-07-26/OCRT_OSOAA_underwater_summary_RECOMPUTED_2026-07-26.csv,8162,0d0a908e59487f788ce302f202085e5a22f756fa5efaa4d755d26a53ea0186cc
validation/stage2_underwater_handoff_2026-07-26/OCRT_OSOAA_underwater_validation_2026-07-26.csv,4970121,6cdcda786bcc746bf431a8436efb4ed9ae0402423781d8d9ef925925c7d084a6
validation/stage2_underwater_handoff_2026-07-26/README_data.md,6648,c122d76adfde36c54d287fec01df525f6214ba6e1725283136ede728edf17047
validation/stage2_underwater_handoff_2026-07-26/UNDERWATER_CAMPAIGN_CLAIM_RANGES.csv,315,d37ea97284a08a9755cd3db9bffd1972e290df58569bee967d084393c9a4b34d
validation/stage2_underwater_handoff_2026-07-26/UNDERWATER_DATA_INTEGRITY_AUDIT.json,610,4f16c12156313400cb8d20323aae210615201cc026b8ec6bfdbd2e726fcdd544
validation/stage2_underwater_handoff_2026-07-26/VALIDATION_SCOPE_AND_LIMITATIONS.md,3554,6f7ba0084d91cfae861dbd914047695b44f3c0180e4b673f633605c3ad50fd90
validation/stage2_underwater_handoff_2026-07-26/WORKORDER_SOURCE_2026-07-26.md,15052,57fa0178ee21cf830adb81c4688027081229a9fdebb56017b3cea7eceab0f2a6
validation/stage2_underwater_handoff_2026-07-26/figures_recomputed/cdom_Rrs0plus_I_scatter.png,102875,5661440eb75339876fe840899a965fda30d5a06ff1a0d490c305fbec07fe8f36
validation/stage2_underwater_handoff_2026-07-26/figures_recomputed/cdom_Rrs0plus_Q_scatter.png,107706,836fca848466f4b490c0e19d4ee0d7f060af0c7af82f8cab114b0a63a4ce4abc
validation/stage2_underwater_handoff_2026-07-26/figures_recomputed/cdom_Rrs0plus_U_scatter.png,96054,b630fd0d6706011729af652fae253220458b911b916ce1b28e5b75644875c55d
validation/stage2_underwater_handoff_2026-07-26/figures_recomputed/cdom_rrs0minus_I_scatter.png,92646,0a63a228a5ca1dbfda9a689f3bfb6713b1a8c32133adb966b7d44ce015af166e
validation/stage2_underwater_handoff_2026-07-26/figures_recomputed/cdom_rrs0minus_Q_scatter.png,98417,b5de6056ba95d5f2dcd4a51a249adf43731289c0e477b2df650ae66bcc396cb8
validation/stage2_underwater_handoff_2026-07-26/figures_recomputed/cdom_rrs0minus_U_scatter.png,93934,11eeb94a3145fec66cbb62cb3c259cb79e03ff0a9eb641f44056df77856689fe
validation/stage2_underwater_handoff_2026-07-26/figures_recomputed/chl_Rrs0plus_I_scatter.png,90734,e47be3cb39b79c89624ce26440df337368c89239e1c97b61628a57c855a4ce5b
validation/stage2_underwater_handoff_2026-07-26/figures_recomputed/chl_Rrs0plus_Q_scatter.png,93886,eed2a37c7aa5f6b159e706839eac05de68f8c7a8d8ed5d297bc172d7cae896a5
validation/stage2_underwater_handoff_2026-07-26/figures_recomputed/chl_Rrs0plus_U_scatter.png,91453,b70cdf0b24a616c135f3fd8fde40957f5faec578a3dab8447ce3f0a94ffb5a41
validation/stage2_underwater_handoff_2026-07-26/figures_recomputed/chl_rrs0minus_I_scatter.png,81747,3e31a36564a9e97d79c5eaf6eab619d824be7011ebf870be0244f4e1267229ef
validation/stage2_underwater_handoff_2026-07-26/figures_recomputed/chl_rrs0minus_Q_scatter.png,92254,c457b437e549e3ac2c721bec6369de52a0b27901dad4f5329b5aad7feffdfe27
validation/stage2_underwater_handoff_2026-07-26/figures_recomputed/chl_rrs0minus_U_scatter.png,90096,18a60d16b0781d37f3ba968913112919278246caede0eb280f29fb7297b36c86
validation/stage2_underwater_handoff_2026-07-26/figures_recomputed/tsm_Rrs0plus_I_scatter.png,93425,55f789e7941ae4c30fbb8768f387bc828fd7dd8ec638f89482c9c26e4f9218bb
validation/stage2_underwater_handoff_2026-07-26/figures_recomputed/tsm_Rrs0plus_Q_scatter.png,119993,a948f16c1ce2d1bcec00163611108b6881d2e800306a989c3996554f36ac6342
validation/stage2_underwater_handoff_2026-07-26/figures_recomputed/tsm_Rrs0plus_U_scatter.png,94005,cc19a7d01334ff726508875f9eba97b09d275cfb8e96480952f7795ac6338f6c
validation/stage2_underwater_handoff_2026-07-26/figures_recomputed/tsm_rrs0minus_I_scatter.png,90294,f104051bd216264bf9b57abd5682e07d56ed23e7df733b94169408d3a6c8917e
validation/stage2_underwater_handoff_2026-07-26/figures_recomputed/tsm_rrs0minus_Q_scatter.png,90248,275db49595aa4339942fa9a6d6fd8fdc824a09768a1f3dc69aa4e409d6c8fbaf
validation/stage2_underwater_handoff_2026-07-26/figures_recomputed/tsm_rrs0minus_U_scatter.png,99840,a090cf85514dd4f8f3d80cda390be4c039dad15100918e0d5a86c1a838e15945
validation/stage2_underwater_handoff_2026-07-26/source_figures/cdom_all_DoLP.png,283067,90a4fec6dccd966502b2e7d34c76857721af3d6906679b60045b16a5b7736998
validation/stage2_underwater_handoff_2026-07-26/source_figures/cdom_all_IQU_v3.png,260809,03ef5d44d639c985941680cbd10b0afefb7a9b3cfedb006745869d331e26ba57
validation/stage2_underwater_handoff_2026-07-26/source_figures/cdom_all_IQU_v5.png,245178,9d8ad6cdb8e06df7f943bf5cd001a6e211df020bdafdefe0d70ab7d7caf79866
validation/stage2_underwater_handoff_2026-07-26/source_figures/cdom_all_band_stage.png,464561,c05fed6b13fa929939ee2145d79c9d783da1dc34b1b9204353566d3511fd9ccf
validation/stage2_underwater_handoff_2026-07-26/source_figures/cdom_all_v3_vs_v5.png,457156,4bb968ebf850c848fa5d1266cf4ee1e0ca56e25613d6ed60f17e2ea2deb97db4
validation/stage2_underwater_handoff_2026-07-26/source_figures/cdom_nmu64_vs_96.png,222291,195d6bb240456c2f10e93d4ca381776e09896c8e5cfa6d267ee50be29541f689
validation/stage2_underwater_handoff_2026-07-26/source_figures/cdom_subtraction_diag.png,108057,c1632df71ad6f621ea3784c52a865d00db0fcd220a942b1f4938cdbbfac8a80b
validation/stage2_underwater_handoff_2026-07-26/source_figures/chl_DoLP.png,293073,f859dfc86d37f3fd804bb2ea6656a75e8facdf8675911fe945131d62b9c58116
validation/stage2_underwater_handoff_2026-07-26/source_figures/chl_IQU.png,269412,e29a03c7ec17fbd6aa7900ee482741cabcb1c245d57640c3e7a785069a8a310e
validation/stage2_underwater_handoff_2026-07-26/source_figures/chl_I_diagnosis.png,206747,33fdc70695230631e618babe15bf0448a15e7483b59f672a542d55e5d6de97d5
validation/stage2_underwater_handoff_2026-07-26/source_figures/chl_final_DoLP.png,296424,952ff543dfd99bc965751f221322fd056e15e8bd12d301987a8ac25119ffa60f
validation/stage2_underwater_handoff_2026-07-26/source_figures/chl_final_IQU.png,244352,bfbe0b9ad76c5d154b54a3b49ad0c8ed70f32c353c31d9bbe529a7d0ad5bef48
validation/stage2_underwater_handoff_2026-07-26/source_figures/chl_final_summary.png,65539,42107b7dd79c7d62f5eaaf4e174737d98954949a7705c8702ec445ff198fd69f
validation/stage2_underwater_handoff_2026-07-26/source_figures/chl_matched_DoLP.png,300018,fdc49e17dbe119412581be6b1a7507045e7b472cce89d62fae012172d4e3ce1f
validation/stage2_underwater_handoff_2026-07-26/source_figures/chl_matched_IQU.png,261938,8c9f0a8a5c0c98f993b191a45fd702d92d6e0e22d45d53fcdd3c60db8b7c6333
validation/stage2_underwater_handoff_2026-07-26/source_figures/chl_truncation_resolved.png,118914,b86cdc6753f138af3b3956a6857c5b7e4aeabc49be7b8a5a9ddd21d50947e45f
validation/stage2_underwater_handoff_2026-07-26/source_figures/detritus_drives_truncation.png,127629,9579a3219e196890884f4ed8b507b1f2b937b943e0e528aaa3c7454de99754aa
validation/stage2_underwater_handoff_2026-07-26/source_figures/eap_blend_dilution.png,230463,c84a164285dccd97c118f49885abd51b000039c33945211b058a960c0a58ec65
validation/stage2_underwater_handoff_2026-07-26/source_figures/eap_moment_reconstruction.png,303915,48fdf54dba7ae4d67de865d6c5e367d16aefe6bb405cda75b73a4703f2dc78ac
validation/stage2_underwater_handoff_2026-07-26/source_figures/eap_new_vs_old.png,229987,1be72f3463a9f7268059df3dd709c0d182808710a70ad22b44d6492ec6ee6b5d
validation/stage2_underwater_handoff_2026-07-26/source_figures/eap_oscillation.png,465201,e466eb974f0c41645df9c69703096b5bc9c6339dd6f53b301c042ef3d2fc2d19
validation/stage2_underwater_handoff_2026-07-26/source_figures/ff_pilot_443_cdom0.1_DoLP.png,267475,46006ac4cde56e31e4b19288a3d4375d4f1b642531614aa8468ab1c2819fc2e5
validation/stage2_underwater_handoff_2026-07-26/source_figures/ff_pilot_443_cdom0.1_IQU.png,288510,ff6537009e0c310570baa447016d37a3f0d7f9f31df69f709c611863ad910647
validation/stage2_underwater_handoff_2026-07-26/source_figures/ff_pilot_443_cdom0.1_errmap.png,156056,83071646d1492e83ed55b9275d652be05d99421c08933851c068175250c0146f
validation/stage2_underwater_handoff_2026-07-26/source_figures/ff_pilot_443_cdom0.1_v3_vs_v5.png,293920,4d2197b65c19e4d1a4947a86731b76a91281f9d1a93ada3f999daffa1bd90721
validation/stage2_underwater_handoff_2026-07-26/source_figures/gate_fullgrid_scatter.png,222578,23d80002b40152adc55fb55fe3cacd0fe6b33926e92682469cad3a652a82cc7c
validation/stage2_underwater_handoff_2026-07-26/source_figures/gibbs_not_data.png,303870,3e90d4e4bccceedfeb6c75fac81fa3cd9d6ef0434db29363bfe660754c0d49e7
validation/stage2_underwater_handoff_2026-07-26/source_figures/particle_truncation.png,191802,e65f13a5c21fad564e38f7ce00a3e6385f05a41004c18c347057b21f6e23f2b5
validation/stage2_underwater_handoff_2026-07-26/source_figures/scan_pooled_IQU.png,252719,74f35765160b8c70f634b9998a5bd6fb6f3ca397afaffc4a79271a7da5d279a4
validation/stage2_underwater_handoff_2026-07-26/source_figures/scan_sza.png,303405,a16b83bf9c4083efefccc5ccbf6a3848c2e5f6f86f2f05c70134fb5eb0de3907
validation/stage2_underwater_handoff_2026-07-26/source_figures/scan_sza0_symmetry.png,119592,f55e24dcb7efd2cddb321dc01e282ec09dc535fb5045435bfcf7664fc08366f8
validation/stage2_underwater_handoff_2026-07-26/source_figures/scan_wind.png,245744,0813e3de21555ff86f8544d0de6d72e6530391e3098fc460bb2e5a890ab4f6a7
validation/stage2_underwater_handoff_2026-07-26/source_figures/tsm_DoLP.png,292364,fc799feaf665958ef8735eabbd39427e6a196faf805417eaffb615ad88687c25
validation/stage2_underwater_handoff_2026-07-26/source_figures/tsm_IQU.png,264869,f4925433a95135862e35bd27c4961eb3c8fbb3196b004aeee0314bc39540a7a0
validation/stage2_underwater_handoff_2026-07-26/source_figures/tsm_depth_rule.png,93678,898bd3b1dea52def9b354c9e21a05a4be81744af1da331eb476c8a870e8e4d67
validation/stage2_underwater_handoff_2026-07-26/source_raw/ff_all_v3.csv,1206018,eb74ee648488c4e57f0541df6220821f6d41f6b45333ad546420f9a8886eba71
validation/stage2_underwater_handoff_2026-07-26/source_raw/ff_all_v5.csv,1205990,e0b2a77f89ffa5d5d8c5cf10bdd33fb1829d8c78adfdf08d2bebbd8a05b17e36
validation/stage2_underwater_handoff_2026-07-26/source_raw/ff_chl2b.csv,848529,01b7d23b4406fedbb04a4ecbcb625565b1a29650363d638cad82e3b5da7daa18
validation/stage2_underwater_handoff_2026-07-26/source_raw/ff_s0.1_n96.csv,160624,145cfd0069c07315e784bdc69b5c3d87d6eb6bc2aaeb53ad9d4ea884cd8c9ded
validation/stage2_underwater_handoff_2026-07-26/source_raw/ff_sza0.csv,239884,38cd110b5bdec36a2712882818744857a08b3c8910b73834e62701b99b845587
validation/stage2_underwater_handoff_2026-07-26/source_raw/ff_sza0_v3.csv,79887,bdfce4ba7218eb8b591de83db70bdb3fb2b584e9fba45e964e2837c739193b28
validation/stage2_underwater_handoff_2026-07-26/source_raw/ff_sza20.csv,244533,549bf94d4788b3a5fe505532a95da2040ac9c010718c7340d29b68a9dd74f799
validation/stage2_underwater_handoff_2026-07-26/source_raw/ff_sza60.csv,243683,f7783796d8ec2aef4f82607b2b3c71659b37171fdadfcb13de63306b5385ff2b
validation/stage2_underwater_handoff_2026-07-26/source_raw/ff_tsm05.csv,279095,26553a46ea5eff1747102a8c42bea9794b01b42f0f99fd9b708b89ee9747b317
validation/stage2_underwater_handoff_2026-07-26/source_raw/ff_tsm2.csv,275476,f237165de0862064dc13539f47755d79b857fb93f62cf1cc565f0028ab440300
validation/stage2_underwater_handoff_2026-07-26/source_raw/ff_wind10.csv,244428,f32cb4485db60eaec63f7f74b700206dcfccddf1a31e304c2e61525baf6b7fe2
validation/stage2_underwater_handoff_2026-07-26/source_raw/ff_wind5.csv,242142,877bb15c25b3b4edf7fc58800eb6a96c040545325a02bd6dbad1d06fefe9bb18
validation/stage2_underwater_handoff_2026-07-26/source_raw/ff_wind7.csv,240637,31ea714c886b6d07455904f108ecf4170615d8c3e5e32a580d48276faddbdc5a
validation/stage2_underwater_handoff_2026-07-26/source_raw/gate_fullgrid.csv,11018,776a5c0024f400f0bcdbdb1b0daecfc82a5c4130612530b1d0be970dc9a154b9
validation/stage2_water_raa_output_fix_2026-07-23/ATTACHED_OSOAA_METHOD_VS_APPROVED_TWA_40CELLS.csv,12988,f82646d85a4b070aef285a42442f242b73ebd73c7f140e8c09b733e1815004c5
validation/stage2_water_raa_output_fix_2026-07-23/ATTACHED_REPORT_METRICS_REPRODUCED.csv,1323,da2890e05df9fa26fcb1052fe99e8135b33c48abf48dc2d9bb13e52ddf154530
validation/stage2_water_raa_output_fix_2026-07-23/COMPONENT_METRICS.csv,739,88c18d5ff5c95790d8bca795bd6a7c836301548abf5e270087d54e740e9a2c73
validation/stage2_water_raa_output_fix_2026-07-23/INTERNAL_RAA_CONSISTENCY_B443_SZA40_VZA60.csv,618,fc0ecae34ded51703ae3e1bc14952e84f760073aba5bdfb8b07e515cfab00563
validation/stage2_water_raa_output_fix_2026-07-23/MATCHED_OCRT_OSOAA_600CELLS_CORRECTED_RAA.csv,699165,997f9332112818ddb94d0b49d5ba4286cb6ca75582bad36d7fc07157b429ee4f
validation/stage2_water_raa_output_fix_2026-07-23/MIRROR_IDENTITY_AND_TOA_INVARIANCE_600CELLS.csv,192830,e281588c3d06e01f6eac628d6916de4f5fc33970d42e229c6a42a96803cb1a3f
validation/stage2_water_raa_output_fix_2026-07-23/README_KO.md,2262,946f009c87cd12035cd030f1e3f214074c3b5fde8587b9db9f6d8987c92cceef
validation/stage2_water_raa_output_fix_2026-07-23/RUNTIME_BENCHMARK_RAW.csv,309,ebb662eced3f2c827e6b6e2497e7528962d59e148583903153319d23898c0a6f
validation/stage2_water_raa_output_fix_2026-07-23/RUNTIME_BENCHMARK_SUMMARY.csv,433,5746b36ef4a6823876e99359f29c0f76997757043f5f1d48e54d8a3b7a460b40
validation/stage2_water_raa_output_fix_2026-07-23/RUN_MANIFEST_72CASES.csv,43321,2cf65913e6426928fc83a4f44ed7dfbc822f3ad0c5b2d2b3f6bbc92ca10c7080
validation/stage2_water_raa_output_fix_2026-07-23/TEST_RESULTS.txt,1307,5d2cda4d617d63c1ec08c1d4c14dff782cbd3be8dcb3fa881d3186bc3253499f
validation/stage2_water_raa_output_fix_2026-07-23/figures/all600_Rrs0plus_I_scatter.png,126989,0079ca4948df6be5e7e48afa11f46cb965a122c0b20c8f9b5772c41394dfd40b
validation/stage2_water_raa_output_fix_2026-07-23/figures/all600_Rrs0plus_Q_scatter.png,137630,cfd3b3c625a3213fd0824f8408b47ef078efcf2c77aa11649c406999093c16e5
validation/stage2_water_raa_output_fix_2026-07-23/figures/all600_Rrs0plus_U_scatter.png,107189,c0e3e7faebf236849658cf786be097226f07b71a5701ce38cd5a40460fc1db54
validation/stage2_water_raa_output_fix_2026-07-23/figures/all600_rrs0minus_I_scatter.png,122098,c82880e6779512822d8397ba6fca2596e1dbb6c0ff7f9daa2abb4788240d1af3
validation/stage2_water_raa_output_fix_2026-07-23/figures/all600_rrs0minus_Q_scatter.png,128726,6784f484f6f7d85e34d8c1ac00d986b25757d835f7ece17cf43b77981a8e1274
validation/stage2_water_raa_output_fix_2026-07-23/figures/all600_rrs0minus_U_scatter.png,111126,927f675d1cd810ef7f8d5322ce80cb932e9672edc26b1f26755c574e97b6c8eb
validation/stage2_water_raa_output_fix_2026-07-23/figures/internal_raa_consistency_before_after.png,104080,505247c4ba407a7fec46df8eb10c5f7a1a76254b3b5e5b99d240d4f70118e236
validation/stage2_water_raa_output_fix_2026-07-23/figures/purewater150_Rrs0plus_I_scatter.png,113955,09c044d308915969c61139b4db085677d1ba8829444174ee94c19e1fa3227f75
validation/stage2_water_raa_output_fix_2026-07-23/figures/purewater150_Rrs0plus_Q_scatter.png,128779,87997bf4792bbe65ea1f3eb37df6980dc4c90fc0a741195c924ce0af099bf27f
validation/stage2_water_raa_output_fix_2026-07-23/figures/purewater150_Rrs0plus_U_scatter.png,99764,5c373a97abff6a6261c2c762db20effc5f43cc9654adff8a051dc42da0abbb54
validation/stage2_water_raa_output_fix_2026-07-23/figures/purewater150_rrs0minus_I_scatter.png,106931,386c0374b1c24a71e8e85318f4ea2d4b676b3e4898ffe33e66bef366314dbb73
validation/stage2_water_raa_output_fix_2026-07-23/figures/purewater150_rrs0minus_Q_scatter.png,119410,6428f31e9df5bbf156c67741b7782d7175d909a1b6a6f55d8245b0a3a21ab90d
validation/stage2_water_raa_output_fix_2026-07-23/figures/purewater150_rrs0minus_U_scatter.png,101483,9b6cbca7250aa79896fb681a2f7a572bb8a6132d134941572b31e6b97161a248
validation/stage2_water_raa_output_fix_2026-07-23/figures/purewater84_sza_le40_Rrs0plus_I_scatter.png,102752,cdea66acb08ed5f786145f929569b891b5a595f012bfafb559d1b70c92650906
validation/stage2_water_raa_output_fix_2026-07-23/figures/purewater84_sza_le40_Rrs0plus_Q_scatter.png,115765,d2ae278102560219152fa8c584d39a749ee833ccf134bb12ed8086d9cd814359
validation/stage2_water_raa_output_fix_2026-07-23/figures/purewater84_sza_le40_Rrs0plus_U_scatter.png,86441,158f5b5227ef422ba5a98cf45c0b253590809010ed753542e319cf2d685642a2
validation/stage2_water_raa_output_fix_2026-07-23/figures/purewater84_sza_le40_rrs0minus_I_scatter.png,95854,91193237c65b65a81893b8a6b54508282092f0097bcbd5727394f71415618749
validation/stage2_water_raa_output_fix_2026-07-23/figures/purewater84_sza_le40_rrs0minus_Q_scatter.png,107234,0d7910bf58d7a3b5822e3fb4ff2889c5418c74a2b7d660bc10fb38878c88b775
validation/stage2_water_raa_output_fix_2026-07-23/figures/purewater84_sza_le40_rrs0minus_U_scatter.png,89690,3bb97f5ae12d8055e88a5b6d40cbc8f23f4951e21f16feb3ef3a42ccc4787193
validation/water_intrefl_msign_fix/VALIDATION_REPORT.md,5938,19f33ca5a5ed8fc9a3dff52d65b1fe26084ed18d54595bc7a0037359c7133a81
validation/water_intrefl_msign_fix/c_invariants.csv,1591,30fd4e9575d56f6d635d8d7512151f28f90fdc6cfcbe082591e0721831887107
validation/water_intrefl_msign_fix/c_vza_sweep.csv,1189,6f98608fdb308785131d0d5f0c4cdfe0d3a68f91836afec20cb8f85b5595e829
validation/water_intrefl_msign_fix/validation_summary.json,3354,6ebd97968616b7e192a3d5ad257e64ee3718e3379048205217a45333ed57c32b
validation/water_mmax_mode_bound_fix_2026-07-20/OCRT_WATER_MMAX_MODE_BOUND_FIX_PRODUCTION_MATRIX_2026-07-20.csv,3832,cf21a0ae02d5e3a110daf92a61fa11b4d33ca04a3593eb4ba5f2025d06db01c0
validation/water_mmax_mode_bound_fix_2026-07-20/OCRT_WATER_MMAX_MODE_BOUND_FIX_STABILITY_2026-07-20.png,78927,7e0859dea7f03f14755fcfd372bfe7618281ba03662d3a9030e387988e2ee6b0
validation/water_mmax_mode_bound_fix_2026-07-20/VALIDATION_SUMMARY.txt,1337,18c3a3322f6b165ed7674dd4d457e48156923d71e5c467950d2d4f33ca845785
validation/water_mmax_mode_bound_fix_2026-07-20/baseline_asan_heap_overflow.txt,4501,5e7c4ddd0f7319a5a5a907154bca4032df8b83971b7085a10d3a0e92a7dd9376
validation/water_mmax_mode_bound_fix_2026-07-20/diagnostic_order7_matrix.csv,3681,b7d15b0d96167e0a8e5035ac88fd36db519c0e993899b571cc4180a748b6df3d
verify_package.sh,85,352333e7f77b270208c5fd8363763b4868d9debc71a9eb70fc03ce3258dab832
